WELD FEEDBACK LOG
result=completed
started=2026-09-16 13:47:02
ended=2026-09-16 13:48:04
elapsed_seconds=62.306

================ OPERATOR OVERVIEW ================
REQUESTED : 190 A / 23.5 V · FE-SOLID 1.2 mm · LSM · CO2 100%
RX ECHO   : 190 A / 23.5 V · MATCH=YES
CURRENT FB: avg 199.06 · min 8.00 · max 216.00 A
VOLTAGE FB: avg 23.45 · min 3.00 · max 38.60 V
WIRE FEED : avg 8.40 · min 8.40 · max 8.40 m/min
ARC ON    : 59.800 s
NET WELD  : 59.070 s
WIRE USED : 8270.580 mm (base 8270.580 + alpha 0.000)
WCR       : DETECTED
SAMPLES   : RX 1558 / welding 1480 / TCP 1102
===================================================

[commanded]
current_a=190
voltage_tenths=235
voltage=23.5
material=FE-SOLID
diameter_mm=1.2
mode=LSM
gas=CO2 100%
synergic=False
correction=0.0
hot_start_enabled=True
hot_start_percent=10.0
hot_start_hold_adjustment=-1
crater_enabled=False
crater_percent=31.57894736842105
crater_current_a=60.0
crater_voltage_v=25.0
crater_seconds=1.0
wire_consumable_alpha_mm=0.0
hot_start_current_a=209

[rx_setting_echo]
current_a=190
voltage_v=23.5
hot_start_current_a=0
hot_start_hold_adjustment=-15

[rx_welding_setting_echo]
current_a=190
voltage_v=23.5
hot_start_current_a=0
hot_start_hold_adjustment=-15

[execution_conditions]
mode=sequence_execute
run_all=True
touch_io_backend=fastech_ethernet
touch_input_port=4
touch_sensing_output_port=0
fastech_ip=192.168.0.3
fastech_poll_target_hz=100.0
hicomm_source_ip=192.168.1.2
hicomm_welder_ip=192.168.1.10
hicomm_port=60000
gui_velocity_percent=36.95263157894737
gui_speed_mode=scale
gui_tcp_speed_mm_s=10.0
gui_interpolation_step_mm=5.0
seam_orientation_mode=Wait poses + fixed World-XYZ tilt
weld_fixed_tilt_x_deg=0.0
weld_fixed_tilt_y_deg=0.0
weld_fixed_tilt_z_deg=-0.0
weld_weave_enabled=True
weld_weave_pattern=sine
capping_width_mm=2.0
capping_pitch_mm=5.0
capping_left_dwell_s=0.2
capping_right_dwell_s=0.2
weld_weave_amplitude_mm=3.0
weld_weave_cycles=16
weld_weave_samples_per_cycle=8
weld_weave_axis=tool_x
weld_lead_in_mm=1.0
weld_lead_out_mm=5.0
weld_safe_approach_mm=31.0
weld_approach_mode=taught_wait
weld_pre_start_lead_mm=0.0
weld_tcp_speed_mm_s=3.5
weld_arc_off_delay_ms=500.0
tcp_tracking.parent_frame=World
tcp_tracking.child_frame=right_manipulator_ee_point
tcp_tracking.timestamp_source=TF_header_stamp
initial_fastech_di0=False
initial_fastech_do0=True
robot_connected.left=True
robot_connected.right=True
robot_connected.head=True
hicomm_connected=True
execution_allowed=True
steps[0].sequence_number=1
steps[0].type=named_pose
steps[0].parallel_slot=1
steps[0].duration=0.0
steps[0].planning_group=right_manipulator
steps[0].velocity_scale=0.3695263157894737
steps[0].tcp_speed_m_s=0.0
steps[0].pose_name=weld_start_wait
steps[0].pose_label=3 · Weld start wait pose
steps[0].touch_guard=False
steps[0].continue_after_touch=False
steps[0].weld_scenario_id=weld-17067946006793
steps[0].weld_scenario_stage=start_wait
steps[0].target_tcp.position_m.x=-0.024740301507944762
steps[0].target_tcp.position_m.y=-1.682247065120809
steps[0].target_tcp.position_m.z=0.6773054077838514
steps[0].target_tcp.orientation_xyzw.x=-0.43643611430659196
steps[0].target_tcp.orientation_xyzw.y=0.6336079466692703
steps[0].target_tcp.orientation_xyzw.z=-0.5281306269627797
steps[0].target_tcp.orientation_xyzw.w=-0.359364061795856
steps[0].joint_names[0]=right_manipulator_joint1
steps[0].joint_names[1]=right_manipulator_joint2
steps[0].joint_names[2]=right_manipulator_joint3
steps[0].joint_names[3]=right_manipulator_joint4
steps[0].joint_names[4]=right_manipulator_joint5
steps[0].joint_names[5]=right_manipulator_joint6
steps[0].joint_positions_rad[0]=5.101412367146887
steps[0].joint_positions_rad[1]=1.3258150675957066
steps[0].joint_positions_rad[2]=1.8917590366326469
steps[0].joint_positions_rad[3]=3.520641703121316
steps[0].joint_positions_rad[4]=1.4564009079608153
steps[0].joint_positions_rad[5]=1.4459136459041924
steps[1].sequence_number=2
steps[1].type=motion
steps[1].parallel_slot=2
steps[1].duration=0.0
steps[1].planning_group=right_manipulator
steps[1].velocity_scale=0.3695263157894737
steps[1].tcp_speed_m_s=0.0
steps[1].interpolation_step=0.005
steps[1].path_kind=taught_wait_align_weld_attitude
steps[1].touch_guard=False
steps[1].continue_after_touch=False
steps[1].accept_initial_touch=False
steps[1].weld_scenario_id=weld-17067946006793
steps[1].weld_scenario_stage=start_safe
steps[1].waypoint_count=1
steps[1].waypoints[0].position_m.x=-0.024740301507944762
steps[1].waypoints[0].position_m.y=-1.682247065120809
steps[1].waypoints[0].position_m.z=0.6773054077838514
steps[1].waypoints[0].orientation_xyzw.x=-0.4271692987484002
steps[1].waypoints[0].orientation_xyzw.y=0.639892101967422
steps[1].waypoints[0].orientation_xyzw.z=-0.5228450443600099
steps[1].waypoints[0].orientation_xyzw.w=-0.36701164509412215
steps[2].sequence_number=3
steps[2].type=motion
steps[2].parallel_slot=3
steps[2].duration=0.0
steps[2].planning_group=right_manipulator
steps[2].velocity_scale=0.3695263157894737
steps[2].tcp_speed_m_s=0.0
steps[2].interpolation_step=0.005
steps[2].path_kind=taught_wait_to_weld_start
steps[2].touch_guard=False
steps[2].continue_after_touch=True
steps[2].accept_initial_touch=False
steps[2].weld_scenario_id=weld-17067946006793
steps[2].weld_scenario_stage=start_contact
steps[2].waypoint_count=1
steps[2].waypoints[0].position_m.x=-0.025683132079617674
steps[2].waypoints[0].position_m.y=-1.6833379265752793
steps[2].waypoints[0].position_m.z=0.6753435986944701
steps[2].waypoints[0].orientation_xyzw.x=-0.4271692987484002
steps[2].waypoints[0].orientation_xyzw.y=0.639892101967422
steps[2].waypoints[0].orientation_xyzw.z=-0.5228450443600099
steps[2].waypoints[0].orientation_xyzw.w=-0.36701164509412215
steps[3].sequence_number=4
steps[3].type=digital_output
steps[3].parallel_slot=4
steps[3].duration=0.0
steps[3].port=0
steps[3].value=False
steps[3].weld_scenario_id=weld-17067946006793
steps[3].weld_scenario_stage=touch_output_off
steps[4].sequence_number=5
steps[4].type=digital_weld
steps[4].parallel_slot=5
steps[4].duration=0.0
steps[4].command=on
steps[4].weld_scenario_id=weld-17067946006793
steps[4].weld_scenario_stage=arc_on
steps[4].settings.current_a=190
steps[4].settings.voltage_tenths=235
steps[4].settings.voltage=23.5
steps[4].settings.material=FE-SOLID
steps[4].settings.diameter_mm=1.2
steps[4].settings.mode=LSM
steps[4].settings.gas=CO2 100%
steps[4].settings.synergic=False
steps[4].settings.correction=0.0
steps[4].settings.hot_start_enabled=True
steps[4].settings.hot_start_percent=10.0
steps[4].settings.hot_start_hold_adjustment=-1
steps[4].settings.crater_enabled=False
steps[4].settings.crater_percent=31.57894736842105
steps[4].settings.crater_current_a=60.0
steps[4].settings.crater_voltage_v=25.0
steps[4].settings.crater_seconds=1.0
steps[4].settings.wire_consumable_alpha_mm=0.0
steps[4].settings.hot_start_current_a=209
steps[5].sequence_number=6
steps[5].type=motion
steps[5].parallel_slot=5
steps[5].duration=0.0
steps[5].planning_group=right_manipulator
steps[5].velocity_scale=0.3695263157894737
steps[5].tcp_speed_m_s=0.0035
steps[5].interpolation_step=0.005
steps[5].path_kind=continuous_sine_weave_over_sensed_goal_fastech_di0_ignored
steps[5].touch_guard=False
steps[5].weld_scenario_id=weld-17067946006793
steps[5].weld_scenario_stage=weld_motion
steps[5].lead_in_mm=1.0
steps[5].lead_out_mm=5.0
steps[5].linear_motion_profile=True
steps[5].capping_width_mm=2.0
steps[5].capping_pitch_mm=5.0
steps[5].capping_left_dwell_s=0.2
steps[5].capping_right_dwell_s=0.2
steps[5].waypoint_count=131
steps[5].waypoints[0].position_m.x=-0.025683132079617674
steps[5].waypoints[0].position_m.y=-1.6833379265752793
steps[5].waypoints[0].position_m.z=0.6753435986944701
steps[5].waypoints[0].orientation_xyzw.x=-0.4271692987484002
steps[5].waypoints[0].orientation_xyzw.y=0.639892101967422
steps[5].waypoints[0].orientation_xyzw.z=-0.5228450443600099
steps[5].waypoints[0].orientation_xyzw.w=-0.36701164509412215
steps[5].waypoints[1].position_m.x=-0.024683553645399738
steps[5].waypoints[1].position_m.y=-1.683313568059191
steps[5].waypoints[1].position_m.z=0.6753593979520601
steps[5].waypoints[1].orientation_xyzw.x=-0.4271692987484002
steps[5].waypoints[1].orientation_xyzw.y=0.639892101967422
steps[5].waypoints[1].orientation_xyzw.z=-0.5228450443600099
steps[5].waypoints[1].orientation_xyzw.w=-0.36701164509412215
steps[5].waypoints[2].position_m.x=-0.02420291020408768
steps[5].waypoints[2].position_m.y=-1.6848037109747782
steps[5].waypoints[2].position_m.z=0.6768651926975787
steps[5].waypoints[2].orientation_xyzw.x=-0.4271691154944719
steps[5].waypoints[2].orientation_xyzw.y=0.6398919788577418
steps[5].waypoints[2].orientation_xyzw.z=-0.5228452404777884
steps[5].waypoints[2].orientation_xyzw.w=-0.36701179364009207
steps[5].waypoints[3].position_m.x=-0.023729827577881165
steps[5].waypoints[3].position_m.y=-1.6854142714881681
steps[5].waypoints[3].position_m.z=0.6774932440243785
steps[5].waypoints[3].orientation_xyzw.x=-0.42716893224049696
steps[5].waypoints[3].orientation_xyzw.y=0.6398918557479917
steps[5].waypoints[3].orientation_xyzw.z=-0.5228454365955097
steps[5].waypoints[3].orientation_xyzw.w=-0.36701194218602196
steps[5].waypoints[4].position_m.x=-0.02326743755893951
steps[5].waypoints[4].position_m.y=-1.6847809146391461
steps[5].waypoints[4].position_m.z=0.6768799787041423
steps[5].waypoints[4].orientation_xyzw.x=-0.4271687489864753
steps[5].waypoints[4].orientation_xyzw.y=0.6398917326381718
steps[5].waypoints[4].orientation_xyzw.z=-0.522845632713174
steps[5].waypoints[4].orientation_xyzw.w=-0.36701209073191166
steps[5].waypoints[5].position_m.x=-0.022812608355103407
steps[5].waypoints[5].position_m.y=-1.683267975387927
steps[5].waypoints[5].position_m.z=0.6753889699651872
steps[5].waypoints[5].orientation_xyzw.x=-0.42716856573240697
steps[5].waypoints[5].orientation_xyzw.y=0.639891609528282
steps[5].waypoints[5].orientation_xyzw.z=-0.522845828830781
steps[5].waypoints[5].orientation_xyzw.w=-0.36701223927776133
steps[5].waypoints[6].position_m.x=-0.022357779151267302
steps[5].waypoints[6].position_m.y=-1.6817550361367077
steps[5].waypoints[6].position_m.z=0.6738979612262321
steps[5].waypoints[6].orientation_xyzw.x=-0.427168382478292
steps[5].waypoints[6].orientation_xyzw.y=0.6398914864183222
steps[5].waypoints[6].orientation_xyzw.z=-0.522846024948331
steps[5].waypoints[6].orientation_xyzw.w=-0.3670123878235709
steps[5].waypoints[7].position_m.x=-0.02189538913232565
steps[5].waypoints[7].position_m.y=-1.6811216792876857
steps[5].waypoints[7].position_m.z=0.6732846959059959
steps[5].waypoints[7].orientation_xyzw.x=-0.4271681992241303
steps[5].waypoints[7].orientation_xyzw.y=0.6398913633082923
steps[5].waypoints[7].orientation_xyzw.z=-0.5228462210658239
steps[5].waypoints[7].orientation_xyzw.w=-0.36701253636934034
steps[5].waypoints[8].position_m.x=-0.021422306506119135
steps[5].waypoints[8].position_m.y=-1.6817322398010757
steps[5].waypoints[8].position_m.z=0.6739127472327957
steps[5].waypoints[8].orientation_xyzw.x=-0.42716801596992193
steps[5].waypoints[8].orientation_xyzw.y=0.6398912401981928
steps[5].waypoints[8].orientation_xyzw.z=-0.5228464171832595
steps[5].waypoints[8].orientation_xyzw.w=-0.3670126849150696
steps[5].waypoints[9].position_m.x=-0.020941663064807076
steps[5].waypoints[9].position_m.y=-1.6832223827166628
steps[5].waypoints[9].position_m.z=0.6754185419783143
steps[5].waypoints[9].orientation_xyzw.x=-0.42716783271566694
steps[5].waypoints[9].orientation_xyzw.y=0.6398911170880232
steps[5].waypoints[9].orientation_xyzw.z=-0.5228466133006382
steps[5].waypoints[9].orientation_xyzw.w=-0.3670128334607589
steps[5].waypoints[10].position_m.x=-0.020461019623495016
steps[5].waypoints[10].position_m.y=-1.68471252563225
steps[5].waypoints[10].position_m.z=0.6769243367238329
steps[5].waypoints[10].orientation_xyzw.x=-0.42716764946136526
steps[5].waypoints[10].orientation_xyzw.y=0.6398909939777837
steps[5].waypoints[10].orientation_xyzw.z=-0.5228468094179597
steps[5].waypoints[10].orientation_xyzw.w=-0.3670129820064081
steps[5].waypoints[11].position_m.x=-0.019987936997288503
steps[5].waypoints[11].position_m.y=-1.6853230861456399
steps[5].waypoints[11].position_m.z=0.6775523880506326
steps[5].waypoints[11].orientation_xyzw.x=-0.4271674662070169
steps[5].waypoints[11].orientation_xyzw.y=0.6398908708674743
steps[5].waypoints[11].orientation_xyzw.z=-0.522847005535224
steps[5].waypoints[11].orientation_xyzw.w=-0.3670131305520171
steps[5].waypoints[12].position_m.x=-0.01952554697834685
steps[5].waypoints[12].position_m.y=-1.6846897292966179
steps[5].waypoints[12].position_m.z=0.6769391227303964
steps[5].waypoints[12].orientation_xyzw.x=-0.4271672829526218
steps[5].waypoints[12].orientation_xyzw.y=0.639890747757095
steps[5].waypoints[12].orientation_xyzw.z=-0.5228472016524311
steps[5].waypoints[12].orientation_xyzw.w=-0.367013279097586
steps[5].waypoints[13].position_m.x=-0.019070717774510745
steps[5].waypoints[13].position_m.y=-1.6831767900453987
steps[5].waypoints[13].position_m.z=0.6754481139914413
steps[5].waypoints[13].orientation_xyzw.x=-0.4271670996981801
steps[5].waypoints[13].orientation_xyzw.y=0.6398906246466458
steps[5].waypoints[13].orientation_xyzw.z=-0.5228473977695812
steps[5].waypoints[13].orientation_xyzw.w=-0.3670134276431149
steps[5].waypoints[14].position_m.x=-0.018615888570674585
steps[5].waypoints[14].position_m.y=-1.6816638507941795
steps[5].waypoints[14].position_m.z=0.6739571052524863
steps[5].waypoints[14].orientation_xyzw.x=-0.4271669164436917
steps[5].waypoints[14].orientation_xyzw.y=0.6398905015361266
steps[5].waypoints[14].orientation_xyzw.z=-0.5228475938866741
steps[5].waypoints[14].orientation_xyzw.w=-0.3670135761886036
steps[5].waypoints[15].position_m.x=-0.018153498551732906
steps[5].waypoints[15].position_m.y=-1.6810304939451575
steps[5].waypoints[15].position_m.z=0.6733438399322501
steps[5].waypoints[15].orientation_xyzw.x=-0.4271667331891566
steps[5].waypoints[15].orientation_xyzw.y=0.6398903784255375
steps[5].waypoints[15].orientation_xyzw.z=-0.5228477900037101
steps[5].waypoints[15].orientation_xyzw.w=-0.36701372473405225
steps[5].waypoints[16].position_m.x=-0.017680415925526417
steps[5].waypoints[16].position_m.y=-1.6816410544585474
steps[5].waypoints[16].position_m.z=0.6739718912590499
steps[5].waypoints[16].orientation_xyzw.x=-0.4271665499345748
steps[5].waypoints[16].orientation_xyzw.y=0.6398902553148785
steps[5].waypoints[16].orientation_xyzw.z=-0.5228479861206887
steps[5].waypoints[16].orientation_xyzw.w=-0.3670138732794608
steps[5].waypoints[17].position_m.x=-0.017199772484214414
steps[5].waypoints[17].position_m.y=-1.6831311973741347
steps[5].waypoints[17].position_m.z=0.6754776860045684
steps[5].waypoints[17].orientation_xyzw.x=-0.4271663666799464
steps[5].waypoints[17].orientation_xyzw.y=0.6398901322041496
steps[5].waypoints[17].orientation_xyzw.z=-0.5228481822376103
steps[5].waypoints[17].orientation_xyzw.w=-0.36701402182482923
steps[5].waypoints[18].position_m.x=-0.01671912904290241
steps[5].waypoints[18].position_m.y=-1.6846213402897219
steps[5].waypoints[18].position_m.z=0.676983480750087
steps[5].waypoints[18].orientation_xyzw.x=-0.4271661834252713
steps[5].waypoints[18].orientation_xyzw.y=0.6398900090933507
steps[5].waypoints[18].orientation_xyzw.z=-0.5228483783544747
steps[5].waypoints[18].orientation_xyzw.w=-0.3670141703701576
steps[5].waypoints[19].position_m.x=-0.016246046416695917
steps[5].waypoints[19].position_m.y=-1.6852319008031118
steps[5].waypoints[19].position_m.z=0.6776115320768867
steps[5].waypoints[19].orientation_xyzw.x=-0.4271660001705495
steps[5].waypoints[19].orientation_xyzw.y=0.6398898859824821
steps[5].waypoints[19].orientation_xyzw.z=-0.5228485744712821
steps[5].waypoints[19].orientation_xyzw.w=-0.3670143189154458
steps[5].waypoints[20].position_m.x=-0.015783656397754243
steps[5].waypoints[20].position_m.y=-1.6845985439540898
steps[5].waypoints[20].position_m.z=0.6769982667566505
steps[5].waypoints[20].orientation_xyzw.x=-0.42716581691578104
steps[5].waypoints[20].orientation_xyzw.y=0.6398897628715433
steps[5].waypoints[20].orientation_xyzw.z=-0.5228487705880323
steps[5].waypoints[20].orientation_xyzw.w=-0.3670144674606939
steps[5].waypoints[21].position_m.x=-0.015328827193918081
steps[5].waypoints[21].position_m.y=-1.6830856047028706
steps[5].waypoints[21].position_m.z=0.6755072580176955
steps[5].waypoints[21].orientation_xyzw.x=-0.4271656336609659
steps[5].waypoints[21].orientation_xyzw.y=0.6398896397605347
steps[5].waypoints[21].orientation_xyzw.z=-0.5228489667047254
steps[5].waypoints[21].orientation_xyzw.w=-0.36701461600590196
steps[5].waypoints[22].position_m.x=-0.014873997990081921
steps[5].waypoints[22].position_m.y=-1.6815726654516514
steps[5].waypoints[22].position_m.z=0.6740162492787405
steps[5].waypoints[22].orientation_xyzw.x=-0.4271654504061041
steps[5].waypoints[22].orientation_xyzw.y=0.6398895166494563
steps[5].waypoints[22].orientation_xyzw.z=-0.5228491628213613
steps[5].waypoints[22].orientation_xyzw.w=-0.3670147645510699
steps[5].waypoints[23].position_m.x=-0.014411607971140246
steps[5].waypoints[23].position_m.y=-1.6809393086026294
steps[5].waypoints[23].position_m.z=0.6734029839585043
steps[5].waypoints[23].orientation_xyzw.x=-0.42716526715119557
steps[5].waypoints[23].orientation_xyzw.y=0.6398893935383078
steps[5].waypoints[23].orientation_xyzw.z=-0.52284935893794
steps[5].waypoints[23].orientation_xyzw.w=-0.3670149130961977
steps[5].waypoints[24].position_m.x=-0.013938525344933754
steps[5].waypoints[24].position_m.y=-1.6815498691160193
steps[5].waypoints[24].position_m.z=0.674031035285304
steps[5].waypoints[24].orientation_xyzw.x=-0.4271650838962404
steps[5].waypoints[24].orientation_xyzw.y=0.6398892704270894
steps[5].waypoints[24].orientation_xyzw.z=-0.5228495550544617
steps[5].waypoints[24].orientation_xyzw.w=-0.36701506164128544
steps[5].waypoints[25].position_m.x=-0.013457881903621748
steps[5].waypoints[25].position_m.y=-1.6830400120316065
steps[5].waypoints[25].position_m.z=0.6755368300308225
steps[5].waypoints[25].orientation_xyzw.x=-0.4271649006412385
steps[5].waypoints[25].orientation_xyzw.y=0.6398891473158013
steps[5].waypoints[25].orientation_xyzw.z=-0.5228497511709262
steps[5].waypoints[25].orientation_xyzw.w=-0.3670152101863331
steps[5].waypoints[26].position_m.x=-0.012977238462309741
steps[5].waypoints[26].position_m.y=-1.6845301549471936
steps[5].waypoints[26].position_m.z=0.6770426247763411
steps[5].waypoints[26].orientation_xyzw.x=-0.42716471738619
steps[5].waypoints[26].orientation_xyzw.y=0.6398890242044429
steps[5].waypoints[26].orientation_xyzw.z=-0.5228499472873337
steps[5].waypoints[26].orientation_xyzw.w=-0.3670153587313405
steps[5].waypoints[27].position_m.x=-0.012504155836103252
steps[5].waypoints[27].position_m.y=-1.6851407154605835
steps[5].waypoints[27].position_m.z=0.6776706761031409
steps[5].waypoints[27].orientation_xyzw.x=-0.42716453413109484
steps[5].waypoints[27].orientation_xyzw.y=0.6398889010930148
steps[5].waypoints[27].orientation_xyzw.z=-0.5228501434036841
steps[5].waypoints[27].orientation_xyzw.w=-0.367015507276308
steps[5].waypoints[28].position_m.x=-0.012041765817161576
steps[5].waypoints[28].position_m.y=-1.6845073586115618
steps[5].waypoints[28].position_m.z=0.6770574107829047
steps[5].waypoints[28].orientation_xyzw.x=-0.42716435087595295
steps[5].waypoints[28].orientation_xyzw.y=0.6398887779815168
steps[5].waypoints[28].orientation_xyzw.z=-0.5228503395199772
steps[5].waypoints[28].orientation_xyzw.w=-0.3670156558212353
steps[5].waypoints[29].position_m.x=-0.011586936613325416
steps[5].waypoints[29].position_m.y=-1.6829944193603426
steps[5].waypoints[29].position_m.z=0.6755664020439497
steps[5].waypoints[29].orientation_xyzw.x=-0.42716416762076437
steps[5].waypoints[29].orientation_xyzw.y=0.6398886548699488
steps[5].waypoints[29].orientation_xyzw.z=-0.5228505356362133
steps[5].waypoints[29].orientation_xyzw.w=-0.3670158043661225
steps[5].waypoints[30].position_m.x=-0.011132107409489257
steps[5].waypoints[30].position_m.y=-1.6814814801091233
steps[5].waypoints[30].position_m.z=0.6740753933049946
steps[5].waypoints[30].orientation_xyzw.x=-0.42716398436552916
steps[5].waypoints[30].orientation_xyzw.y=0.6398885317583111
steps[5].waypoints[30].orientation_xyzw.z=-0.5228507317523922
steps[5].waypoints[30].orientation_xyzw.w=-0.36701595291096967
steps[5].waypoints[31].position_m.x=-0.01066971739054758
steps[5].waypoints[31].position_m.y=-1.6808481232601014
steps[5].waypoints[31].position_m.z=0.6734621279847584
steps[5].waypoints[31].orientation_xyzw.x=-0.4271638011102472
steps[5].waypoints[31].orientation_xyzw.y=0.6398884086466032
steps[5].waypoints[31].orientation_xyzw.z=-0.522850927868514
steps[5].waypoints[31].orientation_xyzw.w=-0.3670161014557767
steps[5].waypoints[32].position_m.x=-0.010196634764341092
steps[5].waypoints[32].position_m.y=-1.6814586837734913
steps[5].waypoints[32].position_m.z=0.6740901793115581
steps[5].waypoints[32].orientation_xyzw.x=-0.42716361785491863
steps[5].waypoints[32].orientation_xyzw.y=0.6398882855348256
steps[5].waypoints[32].orientation_xyzw.z=-0.5228511239845786
steps[5].waypoints[32].orientation_xyzw.w=-0.3670162500005436
steps[5].waypoints[33].position_m.x=-0.009715991323029083
steps[5].waypoints[33].position_m.y=-1.6829488266890784
steps[5].waypoints[33].position_m.z=0.6755959740570767
steps[5].waypoints[33].orientation_xyzw.x=-0.4271634345995434
steps[5].waypoints[33].orientation_xyzw.y=0.639888162422978
steps[5].waypoints[33].orientation_xyzw.z=-0.5228513201005861
steps[5].waypoints[33].orientation_xyzw.w=-0.3670163985452704
steps[5].waypoints[34].position_m.x=-0.009235347881717077
steps[5].waypoints[34].position_m.y=-1.6844389696046655
steps[5].waypoints[34].position_m.z=0.6771017688025953
steps[5].waypoints[34].orientation_xyzw.x=-0.4271632513441214
steps[5].waypoints[34].orientation_xyzw.y=0.6398880393110604
steps[5].waypoints[34].orientation_xyzw.z=-0.5228515162165365
steps[5].waypoints[34].orientation_xyzw.w=-0.3670165470899572
steps[5].waypoints[35].position_m.x=-0.008762265255510588
steps[5].waypoints[35].position_m.y=-1.6850495301180555
steps[5].waypoints[35].position_m.z=0.6777298201293951
steps[5].waypoints[35].orientation_xyzw.x=-0.42716306808865284
steps[5].waypoints[35].orientation_xyzw.y=0.6398879161990729
steps[5].waypoints[35].orientation_xyzw.z=-0.5228517123324297
steps[5].waypoints[35].orientation_xyzw.w=-0.36701669563460376
steps[5].waypoints[36].position_m.x=-0.00829987523656891
steps[5].waypoints[36].position_m.y=-1.6844161732690335
steps[5].waypoints[36].position_m.z=0.6771165548091589
steps[5].waypoints[36].orientation_xyzw.x=-0.4271628848331375
steps[5].waypoints[36].orientation_xyzw.y=0.6398877930870156
steps[5].waypoints[36].orientation_xyzw.z=-0.5228519084482659
steps[5].waypoints[36].orientation_xyzw.w=-0.36701684417921027
steps[5].waypoints[37].position_m.x=-0.00784504603273275
steps[5].waypoints[37].position_m.y=-1.6829032340178143
steps[5].waypoints[37].position_m.z=0.6756255460702038
steps[5].waypoints[37].orientation_xyzw.x=-0.42716270157757563
steps[5].waypoints[37].orientation_xyzw.y=0.6398876699748883
steps[5].waypoints[37].orientation_xyzw.z=-0.5228521045640449
steps[5].waypoints[37].orientation_xyzw.w=-0.3670169927237767
steps[5].waypoints[38].position_m.x=-0.007390216828896593
steps[5].waypoints[38].position_m.y=-1.681390294766595
steps[5].waypoints[38].position_m.z=0.6741345373312487
steps[5].waypoints[38].orientation_xyzw.x=-0.4271625183219669
steps[5].waypoints[38].orientation_xyzw.y=0.639887546862691
steps[5].waypoints[38].orientation_xyzw.z=-0.5228523006797667
steps[5].waypoints[38].orientation_xyzw.w=-0.3670171412683029
steps[5].waypoints[39].position_m.x=-0.006927826809954917
steps[5].waypoints[39].position_m.y=-1.6807569379175733
steps[5].waypoints[39].position_m.z=0.6735212720110125
steps[5].waypoints[39].orientation_xyzw.x=-0.4271623350663116
steps[5].waypoints[39].orientation_xyzw.y=0.639887423750424
steps[5].waypoints[39].orientation_xyzw.z=-0.5228524967954314
steps[5].waypoints[39].orientation_xyzw.w=-0.3670172898127892
steps[5].waypoints[40].position_m.x=-0.006454744183748482
steps[5].waypoints[40].position_m.y=-1.6813674984309632
steps[5].waypoints[40].position_m.z=0.6741493233378123
steps[5].waypoints[40].orientation_xyzw.x=-0.4271621518106096
steps[5].waypoints[40].orientation_xyzw.y=0.6398873006380869
steps[5].waypoints[40].orientation_xyzw.z=-0.5228526929110391
steps[5].waypoints[40].orientation_xyzw.w=-0.3670174383572353
steps[5].waypoints[41].position_m.x=-0.005974100742436419
steps[5].waypoints[41].position_m.y=-1.6828576413465504
steps[5].waypoints[41].position_m.z=0.6756551180833309
steps[5].waypoints[41].orientation_xyzw.x=-0.42716196855486094
steps[5].waypoints[41].orientation_xyzw.y=0.6398871775256799
steps[5].waypoints[41].orientation_xyzw.z=-0.5228528890265897
steps[5].waypoints[41].orientation_xyzw.w=-0.3670175869016413
steps[5].waypoints[42].position_m.x=-0.005493457301124357
steps[5].waypoints[42].position_m.y=-1.6843477842621375
steps[5].waypoints[42].position_m.z=0.6771609128288495
steps[5].waypoints[42].orientation_xyzw.x=-0.4271617852990656
steps[5].waypoints[42].orientation_xyzw.y=0.639887054413203
steps[5].waypoints[42].orientation_xyzw.z=-0.522853085142083
steps[5].waypoints[42].orientation_xyzw.w=-0.36701773544600724
steps[5].waypoints[43].position_m.x=-0.005020374674917846
steps[5].waypoints[43].position_m.y=-1.6849583447755274
steps[5].waypoints[43].position_m.z=0.6777889641556492
steps[5].waypoints[43].orientation_xyzw.x=-0.4271616020432236
steps[5].waypoints[43].orientation_xyzw.y=0.6398869313006561
steps[5].waypoints[43].orientation_xyzw.z=-0.5228532812575192
steps[5].waypoints[43].orientation_xyzw.w=-0.367017883990333
steps[5].waypoints[44].position_m.x=-0.004557984655976194
steps[5].waypoints[44].position_m.y=-1.6843249879265054
steps[5].waypoints[44].position_m.z=0.677175698835413
steps[5].waypoints[44].orientation_xyzw.x=-0.42716141878733493
steps[5].waypoints[44].orientation_xyzw.y=0.6398868081880394
steps[5].waypoints[44].orientation_xyzw.z=-0.5228534773728983
steps[5].waypoints[44].orientation_xyzw.w=-0.36701803253461873
steps[5].waypoints[45].position_m.x=-0.004103155452140089
steps[5].waypoints[45].position_m.y=-1.6828120486752862
steps[5].waypoints[45].position_m.z=0.6756846900964579
steps[5].waypoints[45].orientation_xyzw.x=-0.4271612355313996
steps[5].waypoints[45].orientation_xyzw.y=0.6398866850753527
steps[5].waypoints[45].orientation_xyzw.z=-0.5228536734882203
steps[5].waypoints[45].orientation_xyzw.w=-0.36701818107886436
steps[5].waypoints[46].position_m.x=-0.003648326248303984
steps[5].waypoints[46].position_m.y=-1.681299109424067
steps[5].waypoints[46].position_m.z=0.6741936813575029
steps[5].waypoints[46].orientation_xyzw.x=-0.42716105227541756
steps[5].waypoints[46].orientation_xyzw.y=0.6398865619625962
steps[5].waypoints[46].orientation_xyzw.z=-0.5228538696034851
steps[5].waypoints[46].orientation_xyzw.w=-0.36701832962306985
steps[5].waypoints[47].position_m.x=-0.0031859362293623315
steps[5].waypoints[47].position_m.y=-1.680665752575045
steps[5].waypoints[47].position_m.z=0.6735804160372667
steps[5].waypoints[47].orientation_xyzw.x=-0.4271608690193888
steps[5].waypoints[47].orientation_xyzw.y=0.6398864388497697
steps[5].waypoints[47].orientation_xyzw.z=-0.5228540657186929
steps[5].waypoints[47].orientation_xyzw.w=-0.36701847816723526
steps[5].waypoints[48].position_m.x=-0.002712853603155821
steps[5].waypoints[48].position_m.y=-1.681276313088435
steps[5].waypoints[48].position_m.z=0.6742084673640665
steps[5].waypoints[48].orientation_xyzw.x=-0.4271606857633135
steps[5].waypoints[48].orientation_xyzw.y=0.6398863157368733
steps[5].waypoints[48].orientation_xyzw.z=-0.5228542618338435
steps[5].waypoints[48].orientation_xyzw.w=-0.3670186267113606
steps[5].waypoints[49].position_m.x=-0.002232210161843759
steps[5].waypoints[49].position_m.y=-1.682766456004022
steps[5].waypoints[49].position_m.z=0.675714262109585
steps[5].waypoints[49].orientation_xyzw.x=-0.42716050250719145
steps[5].waypoints[49].orientation_xyzw.y=0.639886192623907
steps[5].waypoints[49].orientation_xyzw.z=-0.522854457948937
steps[5].waypoints[49].orientation_xyzw.w=-0.3670187752554458
steps[5].waypoints[50].position_m.x=-0.0017515667205316976
steps[5].waypoints[50].position_m.y=-1.6842565989196092
steps[5].waypoints[50].position_m.z=0.6772200568551036
steps[5].waypoints[50].orientation_xyzw.x=-0.42716031925102266
steps[5].waypoints[50].orientation_xyzw.y=0.6398860695108707
steps[5].waypoints[50].orientation_xyzw.z=-0.5228546540639732
steps[5].waypoints[50].orientation_xyzw.w=-0.36701892379949086
steps[5].waypoints[51].position_m.x=-0.0012784840943251834
steps[5].waypoints[51].position_m.y=-1.6848671594329991
steps[5].waypoints[51].position_m.z=0.6778481081819033
steps[5].waypoints[51].orientation_xyzw.x=-0.42716013599480723
steps[5].waypoints[51].orientation_xyzw.y=0.6398859463977645
steps[5].waypoints[51].orientation_xyzw.z=-0.5228548501789525
steps[5].waypoints[51].orientation_xyzw.w=-0.36701907234349584
steps[5].waypoints[52].position_m.x=-0.0008160940753835295
steps[5].waypoints[52].position_m.y=-1.6842338025839771
steps[5].waypoints[52].position_m.z=0.6772348428616671
steps[5].waypoints[52].orientation_xyzw.x=-0.4271599527385451
steps[5].waypoints[52].orientation_xyzw.y=0.6398858232845884
steps[5].waypoints[52].orientation_xyzw.z=-0.5228550462938745
steps[5].waypoints[52].orientation_xyzw.w=-0.3670192208874607
steps[5].waypoints[53].position_m.x=-0.0003612648715474288
steps[5].waypoints[53].position_m.y=-1.682720863332758
steps[5].waypoints[53].position_m.z=0.6757438341227121
steps[5].waypoints[53].orientation_xyzw.x=-0.42715976948223633
steps[5].waypoints[53].orientation_xyzw.y=0.6398857001713424
steps[5].waypoints[53].orientation_xyzw.z=-0.5228552424087394
steps[5].waypoints[53].orientation_xyzw.w=-0.36701936943138547
steps[5].waypoints[54].position_m.x=9.356433228864835e-05
steps[5].waypoints[54].position_m.y=-1.6812079240815387
steps[5].waypoints[54].position_m.z=0.6742528253837571
steps[5].waypoints[54].orientation_xyzw.x=-0.42715958622588096
steps[5].waypoints[54].orientation_xyzw.y=0.6398855770580265
steps[5].waypoints[54].orientation_xyzw.z=-0.5228554385235472
steps[5].waypoints[54].orientation_xyzw.w=-0.3670195179752702
steps[5].waypoints[55].position_m.x=0.0005559543512302897
steps[5].waypoints[55].position_m.y=-1.6805745672325167
steps[5].waypoints[55].position_m.z=0.6736395600635208
steps[5].waypoints[55].orientation_xyzw.x=-0.42715940296947885
steps[5].waypoints[55].orientation_xyzw.y=0.6398854539446406
steps[5].waypoints[55].orientation_xyzw.z=-0.522855634638298
steps[5].waypoints[55].orientation_xyzw.w=-0.3670196665191148
steps[5].waypoints[56].position_m.x=0.0010290369774368154
steps[5].waypoints[56].position_m.y=-1.6811851277459067
steps[5].waypoints[56].position_m.z=0.6742676113903205
steps[5].waypoints[56].orientation_xyzw.x=-0.42715921971303006
steps[5].waypoints[56].orientation_xyzw.y=0.6398853308311849
steps[5].waypoints[56].orientation_xyzw.z=-0.5228558307529916
steps[5].waypoints[56].orientation_xyzw.w=-0.36701981506291925
steps[5].waypoints[57].position_m.x=0.0015096804187489051
steps[5].waypoints[57].position_m.y=-1.6826752706614938
steps[5].waypoints[57].position_m.z=0.6757734061358391
steps[5].waypoints[57].orientation_xyzw.x=-0.4271590364565346
steps[5].waypoints[57].orientation_xyzw.y=0.6398852077176592
steps[5].waypoints[57].orientation_xyzw.z=-0.5228560268676279
steps[5].waypoints[57].orientation_xyzw.w=-0.3670199636066836
steps[5].waypoints[58].position_m.x=0.0019903238600609916
steps[5].waypoints[58].position_m.y=-1.684165413577081
steps[5].waypoints[58].position_m.z=0.6772792008813577
steps[5].waypoints[58].orientation_xyzw.x=-0.4271588531999924
steps[5].waypoints[58].orientation_xyzw.y=0.6398850846040637
steps[5].waypoints[58].orientation_xyzw.z=-0.5228562229822072
steps[5].waypoints[58].orientation_xyzw.w=-0.36702011215040786
steps[5].waypoints[59].position_m.x=0.0024634064862675176
steps[5].waypoints[59].position_m.y=-1.6847759740904709
steps[5].waypoints[59].position_m.z=0.6779072522081574
steps[5].waypoints[59].orientation_xyzw.x=-0.4271586699434036
steps[5].waypoints[59].orientation_xyzw.y=0.6398849614903982
steps[5].waypoints[59].orientation_xyzw.z=-0.5228564190967293
steps[5].waypoints[59].orientation_xyzw.w=-0.36702026069409205
steps[5].waypoints[60].position_m.x=0.0029257965052091584
steps[5].waypoints[60].position_m.y=-1.6841426172414489
steps[5].waypoints[60].position_m.z=0.6772939868879213
steps[5].waypoints[60].orientation_xyzw.x=-0.42715848668676815
steps[5].waypoints[60].orientation_xyzw.y=0.6398848383766629
steps[5].waypoints[60].orientation_xyzw.z=-0.5228566152111944
steps[5].waypoints[60].orientation_xyzw.w=-0.36702040923773616
steps[5].waypoints[61].position_m.x=0.0033806257090452365
steps[5].waypoints[61].position_m.y=-1.6826296779902297
steps[5].waypoints[61].position_m.z=0.6758029781489662
steps[5].waypoints[61].orientation_xyzw.x=-0.427158303430086
steps[5].waypoints[61].orientation_xyzw.y=0.6398847152628574
steps[5].waypoints[61].orientation_xyzw.z=-0.5228568113256022
steps[5].waypoints[61].orientation_xyzw.w=-0.36702055778134
steps[5].waypoints[62].position_m.x=0.003835454912881313
steps[5].waypoints[62].position_m.y=-1.6811167387390105
steps[5].waypoints[62].position_m.z=0.6743119694100111
steps[5].waypoints[62].orientation_xyzw.x=-0.42715812017335714
steps[5].waypoints[62].orientation_xyzw.y=0.6398845921489822
steps[5].waypoints[62].orientation_xyzw.z=-0.5228570074399531
steps[5].waypoints[62].orientation_xyzw.w=-0.36702070632490397
steps[5].waypoints[63].position_m.x=0.004297844931822951
steps[5].waypoints[63].position_m.y=-1.6804833818899885
steps[5].waypoints[63].position_m.z=0.6736987040897748
steps[5].waypoints[63].orientation_xyzw.x=-0.42715793691658166
steps[5].waypoints[63].orientation_xyzw.y=0.639884469035037
steps[5].waypoints[63].orientation_xyzw.z=-0.5228572035542467
steps[5].waypoints[63].orientation_xyzw.w=-0.3670208548684277
steps[5].waypoints[64].position_m.x=0.004770927558029476
steps[5].waypoints[64].position_m.y=-1.6810939424033784
steps[5].waypoints[64].position_m.z=0.6743267554165746
steps[5].waypoints[64].orientation_xyzw.x=-0.42715775365975944
steps[5].waypoints[64].orientation_xyzw.y=0.639884345921022
steps[5].waypoints[64].orientation_xyzw.z=-0.5228573996684832
steps[5].waypoints[64].orientation_xyzw.w=-0.3670210034119114
steps[5].waypoints[65].position_m.x=0.005251570999341567
steps[5].waypoints[65].position_m.y=-1.6825840853189655
steps[5].waypoints[65].position_m.z=0.6758325501620932
steps[5].waypoints[65].orientation_xyzw.x=-0.4271575704028906
steps[5].waypoints[65].orientation_xyzw.y=0.6398842228069369
steps[5].waypoints[65].orientation_xyzw.z=-0.5228575957826626
steps[5].waypoints[65].orientation_xyzw.w=-0.3670211519553549
steps[5].waypoints[66].position_m.x=0.005732214440653575
steps[5].waypoints[66].position_m.y=-1.6840742282345527
steps[5].waypoints[66].position_m.z=0.6773383449076118
steps[5].waypoints[66].orientation_xyzw.x=-0.42715738714597506
steps[5].waypoints[66].orientation_xyzw.y=0.639884099692782
steps[5].waypoints[66].orientation_xyzw.z=-0.5228577918967848
steps[5].waypoints[66].orientation_xyzw.w=-0.36702130049875836
steps[5].waypoints[67].position_m.x=0.006205297066860066
steps[5].waypoints[67].position_m.y=-1.6846847887479426
steps[5].waypoints[67].position_m.z=0.6779663962344116
steps[5].waypoints[67].orientation_xyzw.x=-0.42715720388901285
steps[5].waypoints[67].orientation_xyzw.y=0.6398839765785571
steps[5].waypoints[67].orientation_xyzw.z=-0.5228579880108499
steps[5].waypoints[67].orientation_xyzw.w=-0.36702144904212164
steps[5].waypoints[68].position_m.x=0.006667687085801738
steps[5].waypoints[68].position_m.y=-1.6840514318989206
steps[5].waypoints[68].position_m.z=0.6773531309141754
steps[5].waypoints[68].orientation_xyzw.x=-0.42715702063200395
steps[5].waypoints[68].orientation_xyzw.y=0.6398838534642624
steps[5].waypoints[68].orientation_xyzw.z=-0.5228581841248578
steps[5].waypoints[68].orientation_xyzw.w=-0.3670215975854449
steps[5].waypoints[69].position_m.x=0.0071225162896379
steps[5].waypoints[69].position_m.y=-1.6825384926477014
steps[5].waypoints[69].position_m.z=0.6758621221752202
steps[5].waypoints[69].orientation_xyzw.x=-0.4271568373749484
steps[5].waypoints[69].orientation_xyzw.y=0.6398837303498977
steps[5].waypoints[69].orientation_xyzw.z=-0.5228583802388088
steps[5].waypoints[69].orientation_xyzw.w=-0.36702174612872807
steps[5].waypoints[70].position_m.x=0.007577345493474061
steps[5].waypoints[70].position_m.y=-1.6810255533964822
steps[5].waypoints[70].position_m.z=0.6743711134362652
steps[5].waypoints[70].orientation_xyzw.x=-0.42715665411784626
steps[5].waypoints[70].orientation_xyzw.y=0.6398836072354631
steps[5].waypoints[70].orientation_xyzw.z=-0.5228585763527026
steps[5].waypoints[70].orientation_xyzw.w=-0.3670218946719711
steps[5].waypoints[71].position_m.x=0.008039735512415736
steps[5].waypoints[71].position_m.y=-1.6803921965474604
steps[5].waypoints[71].position_m.z=0.673757848116029
steps[5].waypoints[71].orientation_xyzw.x=-0.4271564708606973
steps[5].waypoints[71].orientation_xyzw.y=0.6398834841209585
steps[5].waypoints[71].orientation_xyzw.z=-0.5228587724665391
steps[5].waypoints[71].orientation_xyzw.w=-0.367022043215174
steps[5].waypoints[72].position_m.x=0.008512818138622228
steps[5].waypoints[72].position_m.y=-1.6810027570608503
steps[5].waypoints[72].position_m.z=0.6743858994428288
steps[5].waypoints[72].orientation_xyzw.x=-0.42715628760350177
steps[5].waypoints[72].orientation_xyzw.y=0.6398833610063841
steps[5].waypoints[72].orientation_xyzw.z=-0.5228589685803186
steps[5].waypoints[72].orientation_xyzw.w=-0.36702219175833684
steps[5].waypoints[73].position_m.x=0.008993461579934236
steps[5].waypoints[73].position_m.y=-1.6824928999764375
steps[5].waypoints[73].position_m.z=0.6758916941883474
steps[5].waypoints[73].orientation_xyzw.x=-0.4271561043462595
steps[5].waypoints[73].orientation_xyzw.y=0.6398832378917397
steps[5].waypoints[73].orientation_xyzw.z=-0.5228591646940409
steps[5].waypoints[73].orientation_xyzw.w=-0.3670223403014596
steps[5].waypoints[74].position_m.x=0.009474105021246243
steps[5].waypoints[74].position_m.y=-1.6839830428920246
steps[5].waypoints[74].position_m.z=0.677397488933866
steps[5].waypoints[74].orientation_xyzw.x=-0.4271559210889706
steps[5].waypoints[74].orientation_xyzw.y=0.6398831147770255
steps[5].waypoints[74].orientation_xyzw.z=-0.5228593608077062
steps[5].waypoints[74].orientation_xyzw.w=-0.36702248884454225
steps[5].waypoints[75].position_m.x=0.009947187647452727
steps[5].waypoints[75].position_m.y=-1.6845936034054145
steps[5].waypoints[75].position_m.z=0.6780255402606656
steps[5].waypoints[75].orientation_xyzw.x=-0.4271557378316351
steps[5].waypoints[75].orientation_xyzw.y=0.6398829916622413
steps[5].waypoints[75].orientation_xyzw.z=-0.5228595569213143
steps[5].waypoints[75].orientation_xyzw.w=-0.3670226373875847
steps[5].waypoints[76].position_m.x=0.010409577666394403
steps[5].waypoints[76].position_m.y=-1.6839602465563925
steps[5].waypoints[76].position_m.z=0.6774122749404294
steps[5].waypoints[76].orientation_xyzw.x=-0.42715555457425275
steps[5].waypoints[76].orientation_xyzw.y=0.6398828685473872
steps[5].waypoints[76].orientation_xyzw.z=-0.5228597530348652
steps[5].waypoints[76].orientation_xyzw.w=-0.3670227859305872
steps[5].waypoints[77].position_m.x=0.010864406870230563
steps[5].waypoints[77].position_m.y=-1.6824473073051733
steps[5].waypoints[77].position_m.z=0.6759212662014744
steps[5].waypoints[77].orientation_xyzw.x=-0.42715537131682385
steps[5].waypoints[77].orientation_xyzw.y=0.6398827454324632
steps[5].waypoints[77].orientation_xyzw.z=-0.5228599491483591
steps[5].waypoints[77].orientation_xyzw.w=-0.36702293447354944
steps[5].waypoints[78].position_m.x=0.011319236074066725
steps[5].waypoints[78].position_m.y=-1.6809343680539541
steps[5].waypoints[78].position_m.z=0.6744302574625194
steps[5].waypoints[78].orientation_xyzw.x=-0.42715518805934816
steps[5].waypoints[78].orientation_xyzw.y=0.6398826223174692
steps[5].waypoints[78].orientation_xyzw.z=-0.5228601452617957
steps[5].waypoints[78].orientation_xyzw.w=-0.36702308301647163
steps[5].waypoints[79].position_m.x=0.011781626093008403
steps[5].waypoints[79].position_m.y=-1.6803010112049321
steps[5].waypoints[79].position_m.z=0.6738169921422832
steps[5].waypoints[79].orientation_xyzw.x=-0.42715500480182594
steps[5].waypoints[79].orientation_xyzw.y=0.6398824992024055
steps[5].waypoints[79].orientation_xyzw.z=-0.5228603413751752
steps[5].waypoints[79].orientation_xyzw.w=-0.3670232315593538
steps[5].waypoints[80].position_m.x=0.012254708719214894
steps[5].waypoints[80].position_m.y=-1.680911571718322
steps[5].waypoints[80].position_m.z=0.674445043469083
steps[5].waypoints[80].orientation_xyzw.x=-0.427154821544257
steps[5].waypoints[80].orientation_xyzw.y=0.6398823760872716
steps[5].waypoints[80].orientation_xyzw.z=-0.5228605374884976
steps[5].waypoints[80].orientation_xyzw.w=-0.36702338010219576
steps[5].waypoints[81].position_m.x=0.012735352160526901
steps[5].waypoints[81].position_m.y=-1.6824017146339092
steps[5].waypoints[81].position_m.z=0.6759508382146016
steps[5].waypoints[81].orientation_xyzw.x=-0.42715463828664135
steps[5].waypoints[81].orientation_xyzw.y=0.639882252972068
steps[5].waypoints[81].orientation_xyzw.z=-0.522860733601763
steps[5].waypoints[81].orientation_xyzw.w=-0.36702352864499765
steps[5].waypoints[82].position_m.x=0.013215995601838908
steps[5].waypoints[82].position_m.y=-1.6838918575494966
steps[5].waypoints[82].position_m.z=0.67745663296012
steps[5].waypoints[82].orientation_xyzw.x=-0.42715445502897903
steps[5].waypoints[82].orientation_xyzw.y=0.6398821298567944
steps[5].waypoints[82].orientation_xyzw.z=-0.5228609297149711
steps[5].waypoints[82].orientation_xyzw.w=-0.36702367718775947
steps[5].waypoints[83].position_m.x=0.013689078228045399
steps[5].waypoints[83].position_m.y=-1.6845024180628865
steps[5].waypoints[83].position_m.z=0.6780846842869198
steps[5].waypoints[83].orientation_xyzw.x=-0.4271542717712701
steps[5].waypoints[83].orientation_xyzw.y=0.6398820067414508
steps[5].waypoints[83].orientation_xyzw.z=-0.5228611258281222
steps[5].waypoints[83].orientation_xyzw.w=-0.36702382573048115
steps[5].waypoints[84].position_m.x=0.014151468246987075
steps[5].waypoints[84].position_m.y=-1.6838690612138645
steps[5].waypoints[84].position_m.z=0.6774714189666836
steps[5].waypoints[84].orientation_xyzw.x=-0.4271540885135144
steps[5].waypoints[84].orientation_xyzw.y=0.6398818836260374
steps[5].waypoints[84].orientation_xyzw.z=-0.5228613219412159
steps[5].waypoints[84].orientation_xyzw.w=-0.3670239742731627
steps[5].waypoints[85].position_m.x=0.014606297450823228
steps[5].waypoints[85].position_m.y=-1.6823561219626453
steps[5].waypoints[85].position_m.z=0.6759804102277286
steps[5].waypoints[85].orientation_xyzw.x=-0.42715390525571206
steps[5].waypoints[85].orientation_xyzw.y=0.639881760510554
steps[5].waypoints[85].orientation_xyzw.z=-0.5228615180542527
steps[5].waypoints[85].orientation_xyzw.w=-0.36702412281580415
steps[5].waypoints[86].position_m.x=0.015061126654659389
steps[5].waypoints[86].position_m.y=-1.680843182711426
steps[5].waypoints[86].position_m.z=0.6744894014887736
steps[5].waypoints[86].orientation_xyzw.x=-0.4271537219978631
steps[5].waypoints[86].orientation_xyzw.y=0.6398816373950007
steps[5].waypoints[86].orientation_xyzw.z=-0.5228617141672324
steps[5].waypoints[86].orientation_xyzw.w=-0.36702427135840554
steps[5].waypoints[87].position_m.x=0.015523516673601067
steps[5].waypoints[87].position_m.y=-1.680209825862404
steps[5].waypoints[87].position_m.z=0.6738761361685374
steps[5].waypoints[87].orientation_xyzw.x=-0.42715353873996736
steps[5].waypoints[87].orientation_xyzw.y=0.6398815142793776
steps[5].waypoints[87].orientation_xyzw.z=-0.5228619102801549
steps[5].waypoints[87].orientation_xyzw.w=-0.36702441990096685
steps[5].waypoints[88].position_m.x=0.015996599299807557
steps[5].waypoints[88].position_m.y=-1.680820386375794
steps[5].waypoints[88].position_m.z=0.6745041874953369
steps[5].waypoints[88].orientation_xyzw.x=-0.42715335548202515
steps[5].waypoints[88].orientation_xyzw.y=0.6398813911636845
steps[5].waypoints[88].orientation_xyzw.z=-0.5228621063930202
steps[5].waypoints[88].orientation_xyzw.w=-0.367024568443488
steps[5].waypoints[89].position_m.x=0.016477242741119565
steps[5].waypoints[89].position_m.y=-1.6823105292913811
steps[5].waypoints[89].position_m.z=0.6760099822408556
steps[5].waypoints[89].orientation_xyzw.x=-0.4271531722240361
steps[5].waypoints[89].orientation_xyzw.y=0.6398812680479214
steps[5].waypoints[89].orientation_xyzw.z=-0.5228623025058284
steps[5].waypoints[89].orientation_xyzw.w=-0.3670247169859691
steps[5].waypoints[90].position_m.x=0.016957886182431568
steps[5].waypoints[90].position_m.y=-1.6838006722069683
steps[5].waypoints[90].position_m.z=0.6775157769863742
steps[5].waypoints[90].orientation_xyzw.x=-0.42715298896600035
steps[5].waypoints[90].orientation_xyzw.y=0.6398811449320885
steps[5].waypoints[90].orientation_xyzw.z=-0.5228624986185795
steps[5].waypoints[90].orientation_xyzw.w=-0.36702486552841
steps[5].waypoints[91].position_m.x=0.01743096880863814
steps[5].waypoints[91].position_m.y=-1.6844112327203582
steps[5].waypoints[91].position_m.z=0.678143828313174
steps[5].waypoints[91].orientation_xyzw.x=-0.427152805707918
steps[5].waypoints[91].orientation_xyzw.y=0.6398810218161856
steps[5].waypoints[91].orientation_xyzw.z=-0.5228626947312734
steps[5].waypoints[91].orientation_xyzw.w=-0.3670250140708109
steps[5].waypoints[92].position_m.x=0.017893358827579794
steps[5].waypoints[92].position_m.y=-1.6837778758713362
steps[5].waypoints[92].position_m.z=0.6775305629929379
steps[5].waypoints[92].orientation_xyzw.x=-0.4271526224497891
steps[5].waypoints[92].orientation_xyzw.y=0.6398808987002128
steps[5].waypoints[92].orientation_xyzw.z=-0.5228628908439104
steps[5].waypoints[92].orientation_xyzw.w=-0.3670251626131717
steps[5].waypoints[93].position_m.x=0.0183481880314159
steps[5].waypoints[93].position_m.y=-1.682264936620117
steps[5].waypoints[93].position_m.z=0.6760395542539828
steps[5].waypoints[93].orientation_xyzw.x=-0.4271524391916133
steps[5].waypoints[93].orientation_xyzw.y=0.6398807755841702
steps[5].waypoints[93].orientation_xyzw.z=-0.52286308695649
steps[5].waypoints[93].orientation_xyzw.w=-0.3670253111554923
steps[5].waypoints[94].position_m.x=0.018803017235252007
steps[5].waypoints[94].position_m.y=-1.6807519973688978
steps[5].waypoints[94].position_m.z=0.6745485455150276
steps[5].waypoints[94].orientation_xyzw.x=-0.42715225593339096
steps[5].waypoints[94].orientation_xyzw.y=0.6398806524680575
steps[5].waypoints[94].orientation_xyzw.z=-0.5228632830690125
steps[5].waypoints[94].orientation_xyzw.w=-0.3670254596977728
steps[5].waypoints[95].position_m.x=0.01926540725419365
steps[5].waypoints[95].position_m.y=-1.6801186405198758
steps[5].waypoints[95].position_m.z=0.6739352801947914
steps[5].waypoints[95].orientation_xyzw.x=-0.4271520726751219
steps[5].waypoints[95].orientation_xyzw.y=0.639880529351875
steps[5].waypoints[95].orientation_xyzw.z=-0.522863479181478
steps[5].waypoints[95].orientation_xyzw.w=-0.3670256082400133
steps[5].waypoints[96].position_m.x=0.019738489880400167
steps[5].waypoints[96].position_m.y=-1.6807292010332657
steps[5].waypoints[96].position_m.z=0.6745633315215912
steps[5].waypoints[96].orientation_xyzw.x=-0.4271518894168062
steps[5].waypoints[96].orientation_xyzw.y=0.6398804062356226
steps[5].waypoints[96].orientation_xyzw.z=-0.5228636752938863
steps[5].waypoints[96].orientation_xyzw.w=-0.3670257567822136
steps[5].waypoints[97].position_m.x=0.020219133321712227
steps[5].waypoints[97].position_m.y=-1.6822193439488529
steps[5].waypoints[97].position_m.z=0.6760691262671098
steps[5].waypoints[97].orientation_xyzw.x=-0.4271517061584438
steps[5].waypoints[97].orientation_xyzw.y=0.6398802831193001
steps[5].waypoints[97].orientation_xyzw.z=-0.5228638714062376
steps[5].waypoints[97].orientation_xyzw.w=-0.36702590532437385
steps[5].waypoints[98].position_m.x=0.020699776763024286
steps[5].waypoints[98].position_m.y=-1.6837094868644402
steps[5].waypoints[98].position_m.z=0.6775749210126284
steps[5].waypoints[98].orientation_xyzw.x=-0.42715152290003466
steps[5].waypoints[98].orientation_xyzw.y=0.6398801600029079
steps[5].waypoints[98].orientation_xyzw.z=-0.5228640675185315
steps[5].waypoints[98].orientation_xyzw.w=-0.36702605386649395
steps[5].waypoints[99].position_m.x=0.021172859389230803
steps[5].waypoints[99].position_m.y=-1.6843200473778301
steps[5].waypoints[99].position_m.z=0.6782029723394282
steps[5].waypoints[99].orientation_xyzw.x=-0.427151339641579
steps[5].waypoints[99].orientation_xyzw.y=0.6398800368864457
steps[5].waypoints[99].orientation_xyzw.z=-0.5228642636307684
steps[5].waypoints[99].orientation_xyzw.w=-0.367026202408574
steps[5].waypoints[100].position_m.x=0.021635249408172453
steps[5].waypoints[100].position_m.y=-1.6836866905288081
steps[5].waypoints[100].position_m.z=0.677589707019192
steps[5].waypoints[100].orientation_xyzw.x=-0.4271511563830766
steps[5].waypoints[100].orientation_xyzw.y=0.6398799137699136
steps[5].waypoints[100].orientation_xyzw.z=-0.5228644597429483
steps[5].waypoints[100].orientation_xyzw.w=-0.3670263509506139
steps[5].waypoints[101].position_m.x=0.02209007861200856
steps[5].waypoints[101].position_m.y=-1.682173751277589
steps[5].waypoints[101].position_m.z=0.6760986982802368
steps[5].waypoints[101].orientation_xyzw.x=-0.42715097312452754
steps[5].waypoints[101].orientation_xyzw.y=0.6398797906533116
steps[5].waypoints[101].orientation_xyzw.z=-0.5228646558550709
steps[5].waypoints[101].orientation_xyzw.w=-0.36702649949261373
steps[5].waypoints[102].position_m.x=0.022544907815844666
steps[5].waypoints[102].position_m.y=-1.6806608120263697
steps[5].waypoints[102].position_m.z=0.6746076895412818
steps[5].waypoints[102].orientation_xyzw.x=-0.42715078986593175
steps[5].waypoints[102].orientation_xyzw.y=0.6398796675366397
steps[5].waypoints[102].orientation_xyzw.z=-0.5228648519671364
steps[5].waypoints[102].orientation_xyzw.w=-0.36702664803457347
steps[5].waypoints[103].position_m.x=0.023007297834786316
steps[5].waypoints[103].position_m.y=-1.6800274551773478
steps[5].waypoints[103].position_m.z=0.6739944242210456
steps[5].waypoints[103].orientation_xyzw.x=-0.42715060660728926
steps[5].waypoints[103].orientation_xyzw.y=0.6398795444198978
steps[5].waypoints[103].orientation_xyzw.z=-0.5228650480791448
steps[5].waypoints[103].orientation_xyzw.w=-0.36702679657649306
steps[5].waypoints[104].position_m.x=0.023480380460992833
steps[5].waypoints[104].position_m.y=-1.6806380156907377
steps[5].waypoints[104].position_m.z=0.6746224755478453
steps[5].waypoints[104].orientation_xyzw.x=-0.42715042334860026
steps[5].waypoints[104].orientation_xyzw.y=0.6398794213030861
steps[5].waypoints[104].orientation_xyzw.z=-0.5228652441910959
steps[5].waypoints[104].orientation_xyzw.w=-0.3670269451183726
steps[5].waypoints[105].position_m.x=0.02396102390230489
steps[5].waypoints[105].position_m.y=-1.6821281586063248
steps[5].waypoints[105].position_m.z=0.676128270293364
steps[5].waypoints[105].orientation_xyzw.x=-0.4271502400898645
steps[5].waypoints[105].orientation_xyzw.y=0.6398792981862044
steps[5].waypoints[105].orientation_xyzw.z=-0.5228654403029901
steps[5].waypoints[105].orientation_xyzw.w=-0.36702709366021197
steps[5].waypoints[106].position_m.x=0.024441667343616948
steps[5].waypoints[106].position_m.y=-1.683618301521912
steps[5].waypoints[106].position_m.z=0.6776340650388826
steps[5].waypoints[106].orientation_xyzw.x=-0.4271500568310821
steps[5].waypoints[106].orientation_xyzw.y=0.6398791750692527
steps[5].waypoints[106].orientation_xyzw.z=-0.522865636414827
steps[5].waypoints[106].orientation_xyzw.w=-0.3670272422020112
steps[5].waypoints[107].position_m.x=0.02491474996982346
steps[5].waypoints[107].position_m.y=-1.6842288620353019
steps[5].waypoints[107].position_m.z=0.6782621163656822
steps[5].waypoints[107].orientation_xyzw.x=-0.42714987357225304
steps[5].waypoints[107].orientation_xyzw.y=0.6398790519522313
steps[5].waypoints[107].orientation_xyzw.z=-0.5228658325266069
steps[5].waypoints[107].orientation_xyzw.w=-0.36702739074377044
steps[5].waypoints[108].position_m.x=0.025377139988765115
steps[5].waypoints[108].position_m.y=-1.6835955051862799
steps[5].waypoints[108].position_m.z=0.6776488510454461
steps[5].waypoints[108].orientation_xyzw.x=-0.42714969031337724
steps[5].waypoints[108].orientation_xyzw.y=0.6398789288351399
steps[5].waypoints[108].orientation_xyzw.z=-0.5228660286383295
steps[5].waypoints[108].orientation_xyzw.w=-0.3670275392854895
steps[5].waypoints[109].position_m.x=0.02583196919260122
steps[5].waypoints[109].position_m.y=-1.6820825659350607
steps[5].waypoints[109].position_m.z=0.676157842306491
steps[5].waypoints[109].orientation_xyzw.x=-0.42714950705445476
steps[5].waypoints[109].orientation_xyzw.y=0.6398788057179784
steps[5].waypoints[109].orientation_xyzw.z=-0.5228662247499951
steps[5].waypoints[109].orientation_xyzw.w=-0.3670276878271685
steps[5].waypoints[110].position_m.x=0.026286798396437328
steps[5].waypoints[110].position_m.y=-1.6805696266838415
steps[5].waypoints[110].position_m.z=0.674666833567536
steps[5].waypoints[110].orientation_xyzw.x=-0.4271493237954857
steps[5].waypoints[110].orientation_xyzw.y=0.6398786826007472
steps[5].waypoints[110].orientation_xyzw.z=-0.5228664208616035
steps[5].waypoints[110].orientation_xyzw.w=-0.36702783636880737
steps[5].waypoints[111].position_m.x=0.026749188415378978
steps[5].waypoints[111].position_m.y=-1.6799362698348195
steps[5].waypoints[111].position_m.z=0.6740535682472998
steps[5].waypoints[111].orientation_xyzw.x=-0.4271491405364699
steps[5].waypoints[111].orientation_xyzw.y=0.6398785594834461
steps[5].waypoints[111].orientation_xyzw.z=-0.5228666169731548
steps[5].waypoints[111].orientation_xyzw.w=-0.3670279849104061
steps[5].waypoints[112].position_m.x=0.02722227104158549
steps[5].waypoints[112].position_m.y=-1.6805468303482094
steps[5].waypoints[112].position_m.z=0.6746816195740996
steps[5].waypoints[112].orientation_xyzw.x=-0.4271489572774074
steps[5].waypoints[112].orientation_xyzw.y=0.6398784363660749
steps[5].waypoints[112].orientation_xyzw.z=-0.522866813084649
steps[5].waypoints[112].orientation_xyzw.w=-0.3670281334519648
steps[5].waypoints[113].position_m.x=0.027702914482897554
steps[5].waypoints[113].position_m.y=-1.6820369732637965
steps[5].waypoints[113].position_m.z=0.676187414319618
steps[5].waypoints[113].orientation_xyzw.x=-0.4271487740182983
steps[5].waypoints[113].orientation_xyzw.y=0.639878313248634
steps[5].waypoints[113].orientation_xyzw.z=-0.5228670091960861
steps[5].waypoints[113].orientation_xyzw.w=-0.36702828199348336
steps[5].waypoints[114].position_m.x=0.028183557924209617
steps[5].waypoints[114].position_m.y=-1.6835271161793837
steps[5].waypoints[114].position_m.z=0.6776932090651366
steps[5].waypoints[114].orientation_xyzw.x=-0.4271485907591425
steps[5].waypoints[114].orientation_xyzw.y=0.639878190131123
steps[5].waypoints[114].orientation_xyzw.z=-0.522867205307466
steps[5].waypoints[114].orientation_xyzw.w=-0.36702843053496176
steps[5].waypoints[115].position_m.x=0.028656640550416123
steps[5].waypoints[115].position_m.y=-1.6841376766927736
steps[5].waypoints[115].position_m.z=0.6783212603919364
steps[5].waypoints[115].orientation_xyzw.x=-0.42714840749994004
steps[5].waypoints[115].orientation_xyzw.y=0.6398780670135421
steps[5].waypoints[115].orientation_xyzw.z=-0.5228674014187887
steps[5].waypoints[115].orientation_xyzw.w=-0.3670285790764002
steps[5].waypoints[116].position_m.x=0.029119030569357773
steps[5].waypoints[116].position_m.y=-1.6835043198437516
steps[5].waypoints[116].position_m.z=0.6777079950717002
steps[5].waypoints[116].orientation_xyzw.x=-0.4271482242406908
steps[5].waypoints[116].orientation_xyzw.y=0.6398779438958914
steps[5].waypoints[116].orientation_xyzw.z=-0.5228675975300544
steps[5].waypoints[116].orientation_xyzw.w=-0.36702872761779837
steps[5].waypoints[117].position_m.x=0.02957385977319388
steps[5].waypoints[117].position_m.y=-1.6819913805925324
steps[5].waypoints[117].position_m.z=0.6762169863327452
steps[5].waypoints[117].orientation_xyzw.x=-0.42714804098139514
steps[5].waypoints[117].orientation_xyzw.y=0.6398778207781707
steps[5].waypoints[117].orientation_xyzw.z=-0.5228677936412629
steps[5].waypoints[117].orientation_xyzw.w=-0.3670288761591566
steps[5].waypoints[118].position_m.x=0.03002868897703004
steps[5].waypoints[118].position_m.y=-1.6804784413413132
steps[5].waypoints[118].position_m.z=0.6747259775937902
steps[5].waypoints[118].orientation_xyzw.x=-0.42714785772205266
steps[5].waypoints[118].orientation_xyzw.y=0.6398776976603802
steps[5].waypoints[118].orientation_xyzw.z=-0.5228679897524143
steps[5].waypoints[118].orientation_xyzw.w=-0.3670290247004746
steps[5].waypoints[119].position_m.x=0.03049107899597172
steps[5].waypoints[119].position_m.y=-1.6798450844922912
steps[5].waypoints[119].position_m.z=0.674112712273554
steps[5].waypoints[119].orientation_xyzw.x=-0.42714767446266344
steps[5].waypoints[119].orientation_xyzw.y=0.6398775745425196
steps[5].waypoints[119].orientation_xyzw.z=-0.5228681858635085
steps[5].waypoints[119].orientation_xyzw.w=-0.36702917324175244
steps[5].waypoints[120].position_m.x=0.03096416162217821
steps[5].waypoints[120].position_m.y=-1.6804556450056811
steps[5].waypoints[120].position_m.z=0.6747407636003535
steps[5].waypoints[120].orientation_xyzw.x=-0.42714749120322765
steps[5].waypoints[120].orientation_xyzw.y=0.6398774514245891
steps[5].waypoints[120].orientation_xyzw.z=-0.5228683819745455
steps[5].waypoints[120].orientation_xyzw.w=-0.36702932178299025
steps[5].waypoints[121].position_m.x=0.03144480506349022
steps[5].waypoints[121].position_m.y=-1.6819457879212683
steps[5].waypoints[121].position_m.z=0.6762465583458722
steps[5].waypoints[121].orientation_xyzw.x=-0.42714730794374517
steps[5].waypoints[121].orientation_xyzw.y=0.6398773283065888
steps[5].waypoints[121].orientation_xyzw.z=-0.5228685780855256
steps[5].waypoints[121].orientation_xyzw.w=-0.367029470324188
steps[5].waypoints[122].position_m.x=0.03192544850480222
steps[5].waypoints[122].position_m.y=-1.6834359308368554
steps[5].waypoints[122].position_m.z=0.6777523530913908
steps[5].waypoints[122].orientation_xyzw.x=-0.427147124684216
steps[5].waypoints[122].orientation_xyzw.y=0.6398772051885186
steps[5].waypoints[122].orientation_xyzw.z=-0.5228687741964484
steps[5].waypoints[122].orientation_xyzw.w=-0.3670296188653456
steps[5].waypoints[123].position_m.x=0.03239853113100871
steps[5].waypoints[123].position_m.y=-1.6840464913502453
steps[5].waypoints[123].position_m.z=0.6783804044181906
steps[5].waypoints[123].orientation_xyzw.x=-0.42714694142464016
steps[5].waypoints[123].orientation_xyzw.y=0.6398770820703784
steps[5].waypoints[123].orientation_xyzw.z=-0.5228689703073142
steps[5].waypoints[123].orientation_xyzw.w=-0.3670297674064631
steps[5].waypoints[124].position_m.x=0.03286092114995039
steps[5].waypoints[124].position_m.y=-1.6834131345012235
steps[5].waypoints[124].position_m.z=0.6777671390979545
steps[5].waypoints[124].orientation_xyzw.x=-0.4271467581650176
steps[5].waypoints[124].orientation_xyzw.y=0.6398769589521683
steps[5].waypoints[124].orientation_xyzw.z=-0.5228691664181226
steps[5].waypoints[124].orientation_xyzw.w=-0.3670299159475404
steps[5].waypoints[125].position_m.x=0.03331575035378655
steps[5].waypoints[125].position_m.y=-1.6819001952500043
steps[5].waypoints[125].position_m.z=0.6762761303589994
steps[5].waypoints[125].orientation_xyzw.x=-0.42714657490534846
steps[5].waypoints[125].orientation_xyzw.y=0.6398768358338883
steps[5].waypoints[125].orientation_xyzw.z=-0.5228693625288741
steps[5].waypoints[125].orientation_xyzw.w=-0.3670300644885778
steps[5].waypoints[126].position_m.x=0.03377057955762271
steps[5].waypoints[126].position_m.y=-1.6803872559987851
steps[5].waypoints[126].position_m.z=0.6747851216200442
steps[5].waypoints[126].orientation_xyzw.x=-0.4271463916456326
steps[5].waypoints[126].orientation_xyzw.y=0.6398767127155385
steps[5].waypoints[126].orientation_xyzw.z=-0.5228695586395684
steps[5].waypoints[126].orientation_xyzw.w=-0.36703021302957495
steps[5].waypoints[127].position_m.x=0.03423296957656438
steps[5].waypoints[127].position_m.y=-1.6797538991497631
steps[5].waypoints[127].position_m.z=0.674171856299808
steps[5].waypoints[127].orientation_xyzw.x=-0.42714620838587003
steps[5].waypoints[127].orientation_xyzw.y=0.6398765895971186
steps[5].waypoints[127].orientation_xyzw.z=-0.5228697547502056
steps[5].waypoints[127].orientation_xyzw.w=-0.367030361570532
steps[5].waypoints[128].position_m.x=0.03470605220277088
steps[5].waypoints[128].position_m.y=-1.680364459663153
steps[5].waypoints[128].position_m.z=0.6747999076266078
steps[5].waypoints[128].orientation_xyzw.x=-0.42714602512606087
steps[5].waypoints[128].orientation_xyzw.y=0.6398764664786288
steps[5].waypoints[128].orientation_xyzw.z=-0.5228699508607856
steps[5].waypoints[128].orientation_xyzw.w=-0.36703051011144905
steps[5].waypoints[129].position_m.x=0.03518669564408288
steps[5].waypoints[129].position_m.y=-1.6818546025787402
steps[5].waypoints[129].position_m.z=0.6763057023721264
steps[5].waypoints[129].orientation_xyzw.x=-0.42714584186620497
steps[5].waypoints[129].orientation_xyzw.y=0.6398763433600692
steps[5].waypoints[129].orientation_xyzw.z=-0.5228701469713085
steps[5].waypoints[129].orientation_xyzw.w=-0.36703065865232587
steps[5].waypoints[130].position_m.x=0.04018458781517256
steps[5].waypoints[130].position_m.y=-1.6817328099982989
steps[5].waypoints[130].position_m.z=0.6763846986600766
steps[5].waypoints[130].orientation_xyzw.x=-0.42714584186620497
steps[5].waypoints[130].orientation_xyzw.y=0.6398763433600692
steps[5].waypoints[130].orientation_xyzw.z=-0.5228701469713085
steps[5].waypoints[130].orientation_xyzw.w=-0.36703065865232587
steps[5].lead_start.position_m.x=-0.025683132079617674
steps[5].lead_start.position_m.y=-1.6833379265752793
steps[5].lead_start.position_m.z=0.6753435986944701
steps[5].lead_start.orientation_xyzw.x=-0.4271692987484002
steps[5].lead_start.orientation_xyzw.y=0.639892101967422
steps[5].lead_start.orientation_xyzw.z=-0.5228450443600099
steps[5].lead_start.orientation_xyzw.w=-0.36701164509412215
steps[5].usable_seam_start.position_m.x=-0.024683553645399738
steps[5].usable_seam_start.position_m.y=-1.683313568059191
steps[5].usable_seam_start.position_m.z=0.6753593979520601
steps[5].usable_seam_start.orientation_xyzw.x=-0.4271692987484002
steps[5].usable_seam_start.orientation_xyzw.y=0.639892101967422
steps[5].usable_seam_start.orientation_xyzw.z=-0.5228450443600099
steps[5].usable_seam_start.orientation_xyzw.w=-0.36701164509412215
steps[5].usable_seam_goal.position_m.x=0.03518669564408288
steps[5].usable_seam_goal.position_m.y=-1.6818546025787402
steps[5].usable_seam_goal.position_m.z=0.6763057023721264
steps[5].usable_seam_goal.orientation_xyzw.x=-0.42714584186620497
steps[5].usable_seam_goal.orientation_xyzw.y=0.6398763433600692
steps[5].usable_seam_goal.orientation_xyzw.z=-0.5228701469713085
steps[5].usable_seam_goal.orientation_xyzw.w=-0.36703065865232587
steps[5].lead_end.position_m.x=0.04018458781517256
steps[5].lead_end.position_m.y=-1.6817328099982989
steps[5].lead_end.position_m.z=0.6763846986600766
steps[5].lead_end.orientation_xyzw.x=-0.42714584186620497
steps[5].lead_end.orientation_xyzw.y=0.6398763433600692
steps[5].lead_end.orientation_xyzw.z=-0.5228701469713085
steps[5].lead_end.orientation_xyzw.w=-0.36703065865232587
steps[6].sequence_number=7
steps[6].type=digital_weld
steps[6].parallel_slot=5
steps[6].duration=0.0
steps[6].velocity_scale=0.3695263157894737
steps[6].tcp_speed_m_s=0.0035
steps[6].command=off
steps[6].weld_scenario_id=weld-17067946006793
steps[6].weld_scenario_stage=arc_off
steps[6].path_to_seam_speed_factor=0.2954287541057711
steps[6].trigger_before_goal=True
steps[6].arc_off_delay_s=0.5
steps[6].settings.current_a=190
steps[6].settings.voltage_tenths=235
steps[6].settings.voltage=23.5
steps[6].settings.material=FE-SOLID
steps[6].settings.diameter_mm=1.2
steps[6].settings.mode=LSM
steps[6].settings.gas=CO2 100%
steps[6].settings.synergic=False
steps[6].settings.correction=0.0
steps[6].settings.hot_start_enabled=True
steps[6].settings.hot_start_percent=10.0
steps[6].settings.hot_start_hold_adjustment=-1
steps[6].settings.crater_enabled=False
steps[6].settings.crater_percent=31.57894736842105
steps[6].settings.crater_current_a=60.0
steps[6].settings.crater_voltage_v=25.0
steps[6].settings.crater_seconds=1.0
steps[6].settings.wire_consumable_alpha_mm=0.0
steps[6].settings.hot_start_current_a=209
steps[7].sequence_number=8
steps[7].type=motion
steps[7].parallel_slot=6
steps[7].duration=0.0
steps[7].planning_group=right_manipulator
steps[7].velocity_scale=0.3695263157894737
steps[7].tcp_speed_m_s=0.0
steps[7].interpolation_step=0.005
steps[7].path_kind=weld_end_to_taught_wait_fixed_attitude
steps[7].pose_name=weld_goal_wait
steps[7].pose_label=5 · Weld goal wait pose
steps[7].touch_guard=False
steps[7].continue_after_touch=False
steps[7].weld_scenario_id=weld-17067946006793
steps[7].weld_scenario_stage=goal_wait
steps[7].waypoint_count=1
steps[7].waypoints[0].position_m.x=0.03506658828002235
steps[7].waypoints[0].position_m.y=-1.6790461361421911
steps[7].waypoints[0].position_m.z=0.6795746316704381
steps[7].waypoints[0].orientation_xyzw.x=-0.42714584186620497
steps[7].waypoints[0].orientation_xyzw.y=0.6398763433600692
steps[7].waypoints[0].orientation_xyzw.z=-0.5228701469713085
steps[7].waypoints[0].orientation_xyzw.w=-0.36703065865232587
steps[8].sequence_number=9
steps[8].type=named_pose
steps[8].parallel_slot=7
steps[8].duration=0.0
steps[8].planning_group=right_manipulator
steps[8].velocity_scale=0.3695263157894737
steps[8].tcp_speed_m_s=0.0
steps[8].pose_name=weld_finish
steps[8].pose_label=7 · Weld end pose
steps[8].touch_guard=False
steps[8].continue_after_touch=False
steps[8].weld_scenario_id=weld-17067946006793
steps[8].weld_scenario_stage=finish
steps[8].target_tcp.position_m.x=-0.03082980908374966
steps[8].target_tcp.position_m.y=-1.6588655217724355
steps[8].target_tcp.position_m.z=0.8216515035570973
steps[8].target_tcp.orientation_xyzw.x=-0.43644510208753745
steps[8].target_tcp.orientation_xyzw.y=0.6335944675781663
steps[8].target_tcp.orientation_xyzw.z=-0.5281262038790212
steps[8].target_tcp.orientation_xyzw.w=-0.35938341126779
steps[8].joint_names[0]=right_manipulator_joint1
steps[8].joint_names[1]=right_manipulator_joint2
steps[8].joint_names[2]=right_manipulator_joint3
steps[8].joint_names[3]=right_manipulator_joint4
steps[8].joint_names[4]=right_manipulator_joint5
steps[8].joint_names[5]=right_manipulator_joint6
steps[8].joint_positions_rad[0]=5.105642532222369
steps[8].joint_positions_rad[1]=1.1511463211806796
steps[8].joint_positions_rad[2]=2.0368264812153343
steps[8].joint_positions_rad[3]=3.5262649677630185
steps[8].joint_positions_rad[4]=1.4288537022772538
steps[8].joint_positions_rad[5]=1.4349858970032703
steps[9].sequence_number=10
steps[9].type=digital_output
steps[9].parallel_slot=8
steps[9].duration=0.0
steps[9].port=0
steps[9].value=True
steps[9].weld_scenario_id=weld-17067946006793
steps[9].weld_scenario_stage=touch_output_on
hicomm_cyclic_period_ms=40.0
arc_wait_recognition=True
arc_wait_main_welding=True
arc_wait_established=True
arc_establishment_timeout_s=5.0

[summary]
rx_samples=1558
welding_samples=1480
wcr_seen=1
current_a.min=8.0
current_a.average=199.05914343983684
current_a.max=216.0
voltage_v.min=3.0
voltage_v.average=23.45290933694183
voltage_v.max=38.6
wire_feed_m_min.min=8.4
wire_feed_m_min.average=8.399999999999778
wire_feed_m_min.max=8.4

[production_metrics]
arc_started_elapsed_s=0.13404105399968103
arc_completed_elapsed_s=59.9337136030008
arc_on_time_s=59.799672549001116
main_weld_arc_time_s=58.919193724999786
crater_arc_time_s=0.0
weld_motion_start_elapsed_s=0.8638931220011727
weld_motion_complete_elapsed_s=61.8791810900002
weld_motion_duration_s=61.01528796799903
net_weld_arc_time_s=59.069820480999624
wire_feed_average_m_min=8.298286370905986
wire_consumable_base_mm=8270.58012830028
wire_consumable_alpha_mm=0.0
wire_consumable_mm=8270.58012830028
wire_consumable_formula=integral(WFS*1000/60*dt)+alpha
weld_motion_start_unix_time=1789534023.04886
weld_motion_start_wall_time=2026-09-16 13:47:03.048
weld_motion_complete_unix_time=1789534084.0641477
weld_motion_complete_wall_time=2026-09-16 13:48:04.064

[arc_off_control]
arc_established_elapsed_s=0.8565981950014248
delay_s=0.5
speed_source=tcp_setpoint_projected_along_seam
trigger_speed_m_s=0.0010340006393701987
calculated_pre_off_distance_m=0.0005170003196850993
crater_source=disabled
seam_length_m=0.05989549918243756
trigger_along_m=0.05937849886275246
actual_along_m=0.0594985601907217
actual_remaining_to_goal_m=0.00039693899171586167
tcp_x_m=0.03478245123581547
tcp_y_m=-1.6808671064543246
tcp_z_m=0.6752348331116029
command_elapsed_s=58.97277507299805
sequence_clear_elapsed_s=62.29486820799866
extinction_current_threshold_a=10.0
feedback_current_extinguished_elapsed_s=59.53512257699913
feedback_extinction_delay_s=0.5623475040010817
feedback_recommended_pre_off_distance_m=0.0005814676786853538
wcr_clear_elapsed_s=59.9337136030008
wcr_clear_delay_s=0.9609385300027498

[teaching_snapshot_yaml]
robot_start:
  planning_group: right_manipulator
  joint_state:
    names:
    - right_manipulator_joint1
    - right_manipulator_joint2
    - right_manipulator_joint3
    - right_manipulator_joint4
    - right_manipulator_joint5
    - right_manipulator_joint6
    positions_rad:
    - 5.272090632984539
    - 1.1319069796756747
    - 2.106417676818249
    - 3.6901007738119302
    - 1.4686233526256796
    - 1.4680081624138712
  tcp_pose_world:
    position_m:
      x: 0.0593687026100857
      y: -1.566580876666292
      z: 0.8404797210507349
    orientation_xyzw:
      x: -0.435964943840794
      y: 0.633785310019272
      z: -0.5278153609885844
      w: -0.36008567487496485
weld_wait:
  planning_group: right_manipulator
  joint_state:
    names:
    - right_manipulator_joint1
    - right_manipulator_joint2
    - right_manipulator_joint3
    - right_manipulator_joint4
    - right_manipulator_joint5
    - right_manipulator_joint6
    positions_rad:
    - 5.118722914232402
    - 1.2932938759442039
    - 1.9395175044610378
    - 3.5371471766093
    - 1.4698649183258745
    - 1.4529607696227056
  tcp_pose_world:
    position_m:
      x: -0.019936919112639673
      y: -1.658809061671447
      z: 0.7061947308686929
    orientation_xyzw:
      x: -0.4364742576435338
      y: 0.6336195580550754
      z: -0.5280789794221256
      w: -0.3593731619877914
weld_start_wait:
  planning_group: right_manipulator
  joint_state:
    names:
    - right_manipulator_joint1
    - right_manipulator_joint2
    - right_manipulator_joint3
    - right_manipulator_joint4
    - right_manipulator_joint5
    - right_manipulator_joint6
    positions_rad:
    - 5.101412367146887
    - 1.3258150675957066
    - 1.8917590366326469
    - 3.520641703121316
    - 1.4564009079608153
    - 1.4459136459041924
  tcp_pose_world:
    position_m:
      x: -0.024740301507944762
      y: -1.682247065120809
      z: 0.6773054077838514
    orientation_xyzw:
      x: -0.43643611430659196
      y: 0.6336079466692703
      z: -0.5281306269627797
      w: -0.359364061795856
weld_start:
  planning_group: right_manipulator
  joint_state:
    names:
    - right_manipulator_joint1
    - right_manipulator_joint2
    - right_manipulator_joint3
    - right_manipulator_joint4
    - right_manipulator_joint5
    - right_manipulator_joint6
    positions_rad:
    - 5.115040344607005
    - 1.327654855799028
    - 1.884259420118214
    - 3.563182454346898
    - 1.449973075741027
    - 1.446589064228428
  tcp_pose_world:
    position_m:
      x: -0.024683553645399738
      y: -1.683313568059191
      z: 0.6753593979520601
    orientation_xyzw:
      x: -0.4271692987484002
      y: 0.639892101967422
      z: -0.5228450443600099
      w: -0.36701164509412215
weld_goal_wait:
  planning_group: right_manipulator
  joint_state:
    names:
    - right_manipulator_joint1
    - right_manipulator_joint2
    - right_manipulator_joint3
    - right_manipulator_joint4
    - right_manipulator_joint5
    - right_manipulator_joint6
    positions_rad:
    - 5.171235124606584
    - 1.3218357722949101
    - 1.8754699449832317
    - 3.5908287810181365
    - 1.4360908425395442
    - 1.4419495306216095
  tcp_pose_world:
    position_m:
      x: 0.03506658828002235
      y: -1.6790461361421911
      z: 0.6795746316704381
    orientation_xyzw:
      x: -0.43641243058069973
      y: 0.6335925310876762
      z: -0.5281560036112785
      w: -0.3593827080340973
weld_end:
  planning_group: right_manipulator
  joint_state:
    names:
    - right_manipulator_joint1
    - right_manipulator_joint2
    - right_manipulator_joint3
    - right_manipulator_joint4
    - right_manipulator_joint5
    - right_manipulator_joint6
    positions_rad:
    - 5.183100459481887
    - 1.3252178292207406
    - 1.864065740950544
    - 3.6319893014387428
    - 1.4279812769682918
    - 1.4401892550393827
  tcp_pose_world:
    position_m:
      x: 0.03518669564408288
      y: -1.6818546025787402
      z: 0.6763057023721264
    orientation_xyzw:
      x: -0.42714584186620497
      y: 0.6398763433600692
      z: -0.5228701469713085
      w: -0.36703065865232587
weld_finish:
  planning_group: right_manipulator
  joint_state:
    names:
    - right_manipulator_joint1
    - right_manipulator_joint2
    - right_manipulator_joint3
    - right_manipulator_joint4
    - right_manipulator_joint5
    - right_manipulator_joint6
    positions_rad:
    - 5.105642532222369
    - 1.1511463211806796
    - 2.0368264812153343
    - 3.5262649677630185
    - 1.4288537022772538
    - 1.4349858970032703
  tcp_pose_world:
    position_m:
      x: -0.03082980908374966
      y: -1.6588655217724355
      z: 0.8216515035570973
    orientation_xyzw:
      x: -0.43644510208753745
      y: 0.6335944675781663
      z: -0.5281262038790212
      w: -0.35938341126779

[touch_snapshot_yaml]
start_floor:
  position_m:
    x: -0.024902690565265312
    y: -1.6818352452558827
    z: 0.6753570077496385
  orientation_xyzw:
    x: -0.43655542740862996
    y: 0.6337919924913297
    z: -0.5278942288171498
    w: -0.35924191324995114
start_wall:
  position_m:
    x: -0.02488922370296781
    y: -1.6833199900788347
    z: 0.6762703875103466
  orientation_xyzw:
    x: -0.43658540119927686
    y: 0.6338601742089791
    z: -0.5278194485450027
    w: -0.3591950678239867
goal_floor:
  position_m:
    x: 0.035013620029272
    y: -1.679089501814549
    z: 0.6763049704073008
  orientation_xyzw:
    x: -0.43640110584972513
    y: 0.633590241821813
    z: -0.528163963857015
    w: -0.35938879721571626
goal_wall:
  position_m:
    x: 0.035164637026536216
    y: -1.6818599971781458
    z: 0.6794544577190935
  orientation_xyzw:
    x: -0.43645513962882415
    y: 0.6336024168150393
    z: -0.5281160069792726
    w: -0.3593721910081436

[samples]
elapsed_s raw0 state arc gas fwd wcr current_a voltage_v wire_feed_m_min set_current_a set_voltage_v error db collision
0.019 0x00 idle 0 0 0 0 0 0.0 0.0 190 23.5 0 0 0
0.053 0x00 idle 0 0 0 0 0 0.0 0.0 190 23.5 0 0 0
0.093 0x01 idle 1 0 0 0 0 0.0 0.0 190 23.5 0 0 0
0.134 0x09 main_weld 1 1 0 0 0 0.0 0.0 190 23.5 0 0 0
0.177 0x09 main_weld 1 1 0 0 0 0.0 0.0 190 23.5 0 0 0
0.217 0x09 main_weld 1 1 0 0 0 0.0 0.0 190 23.5 0 0 0
0.255 0x09 main_weld 1 1 0 0 0 0.0 0.0 190 23.5 0 0 0
0.295 0x09 main_weld 1 1 0 0 0 0.0 0.0 190 23.5 0 0 0
0.339 0x09 main_weld 1 1 0 0 0 0.0 0.0 190 23.5 0 0 0
0.378 0x09 main_weld 1 1 0 0 0 0.0 0.0 190 23.5 0 0 0
0.416 0x09 main_weld 1 1 0 0 0 0.0 0.0 190 23.5 0 0 0
0.458 0x09 main_weld 1 1 0 0 0 0.0 0.0 190 23.5 0 0 0
0.492 0x09 main_weld 1 1 0 0 0 0.0 0.0 190 23.5 0 0 0
0.536 0x09 main_weld 1 1 0 0 0 0.0 0.0 190 23.5 0 0 0
0.574 0x09 main_weld 1 1 0 0 0 0.0 0.0 190 23.5 0 0 0
0.614 0x09 main_weld 1 1 0 0 0 0.0 0.0 190 23.5 0 0 0
0.657 0x09 main_weld 1 1 0 0 0 0.0 0.0 190 23.5 0 0 0
0.693 0x09 main_weld 1 1 0 0 0 0.0 0.0 190 23.5 0 0 0
0.737 0x09 main_weld 1 1 0 0 0 0.0 0.0 190 23.5 0 0 0
0.781 0x09 main_weld 1 1 0 0 0 0.0 0.0 190 23.5 0 0 0
0.816 0x2B main_weld 1 1 1 1 0 3.1 0.0 190 23.5 0 0 0
0.858 0x2B main_weld 1 1 1 1 30 3.1 8.4 190 23.5 0 0 0
0.900 0x2B main_weld 1 1 1 1 30 7.1 8.4 190 23.5 0 0 0
0.939 0x2B main_weld 1 1 1 1 30 7.1 8.4 190 23.5 0 0 0
0.977 0x2B main_weld 1 1 1 1 30 7.1 8.4 190 23.5 0 0 0
1.015 0x2B main_weld 1 1 1 1 78 7.1 8.4 190 23.5 0 0 0
1.060 0x2B main_weld 1 1 1 1 78 38.6 8.4 190 23.5 0 0 0
1.098 0x2B main_weld 1 1 1 1 78 38.6 8.4 190 23.5 0 0 0
1.135 0x2B main_weld 1 1 1 1 78 38.6 8.4 190 23.5 0 0 0
1.173 0x2B main_weld 1 1 1 1 78 38.6 8.4 190 23.5 0 0 0
1.213 0x2B main_weld 1 1 1 1 189 38.6 8.4 190 23.5 0 0 0
1.253 0x2B main_weld 1 1 1 1 189 23.8 8.4 190 23.5 0 0 0
1.294 0x2B main_weld 1 1 1 1 189 23.8 8.4 190 23.5 0 0 0
1.332 0x2B main_weld 1 1 1 1 189 23.8 8.4 190 23.5 0 0 0
1.374 0x2B main_weld 1 1 1 1 204 23.8 8.4 190 23.5 0 0 0
1.415 0x2B main_weld 1 1 1 1 204 23.8 8.4 190 23.5 0 0 0
1.458 0x2B main_weld 1 1 1 1 204 23.2 8.4 190 23.5 0 0 0
1.496 0x2B main_weld 1 1 1 1 204 23.2 8.4 190 23.5 0 0 0
1.533 0x2B main_weld 1 1 1 1 204 23.2 8.4 190 23.5 0 0 0
1.575 0x2B main_weld 1 1 1 1 171 23.2 8.4 190 23.5 0 0 0
1.618 0x2B main_weld 1 1 1 1 171 23.5 8.4 190 23.5 0 0 0
1.654 0x2B main_weld 1 1 1 1 171 23.5 8.4 190 23.5 0 0 0
1.694 0x2B main_weld 1 1 1 1 171 23.6 8.4 190 23.5 0 0 0
1.734 0x2B main_weld 1 1 1 1 178 23.6 8.4 190 23.5 0 0 0
1.779 0x2B main_weld 1 1 1 1 178 23.6 8.4 190 23.5 0 0 0
1.816 0x2B main_weld 1 1 1 1 178 23.6 8.4 190 23.5 0 0 0
1.858 0x2B main_weld 1 1 1 1 178 23.6 8.4 190 23.5 0 0 0
1.899 0x2B main_weld 1 1 1 1 178 23.8 8.4 190 23.5 0 0 0
1.937 0x2B main_weld 1 1 1 1 193 23.8 8.4 190 23.5 0 0 0
1.978 0x2B main_weld 1 1 1 1 193 23.8 8.4 190 23.5 0 0 0
2.014 0x2B main_weld 1 1 1 1 193 23.8 8.4 190 23.5 0 0 0
2.057 0x2B main_weld 1 1 1 1 193 23.7 8.4 190 23.5 0 0 0
2.102 0x2B main_weld 1 1 1 1 201 23.7 8.4 190 23.5 0 0 0
2.135 0x2B main_weld 1 1 1 1 201 23.7 8.4 190 23.5 0 0 0
2.173 0x2B main_weld 1 1 1 1 201 23.7 8.4 190 23.5 0 0 0
2.217 0x2B main_weld 1 1 1 1 201 23.7 8.4 190 23.5 0 0 0
2.255 0x2B main_weld 1 1 1 1 195 23.4 8.4 190 23.5 0 0 0
2.296 0x2B main_weld 1 1 1 1 195 23.4 8.4 190 23.5 0 0 0
2.341 0x2B main_weld 1 1 1 1 195 23.4 8.4 190 23.5 0 0 0
2.378 0x2B main_weld 1 1 1 1 188 23.4 8.4 190 23.5 0 0 0
2.417 0x2B main_weld 1 1 1 1 188 23.6 8.4 190 23.5 0 0 0
2.465 0x2B main_weld 1 1 1 1 188 23.6 8.4 190 23.5 0 0 0
2.494 0x2B main_weld 1 1 1 1 188 23.6 8.4 190 23.5 0 0 0
2.538 0x2B main_weld 1 1 1 1 193 23.6 8.4 190 23.5 0 0 0
2.577 0x2B main_weld 1 1 1 1 193 23.6 8.4 190 23.5 0 0 0
2.617 0x2B main_weld 1 1 1 1 193 23.4 8.4 190 23.5 0 0 0
2.653 0x2B main_weld 1 1 1 1 193 23.4 8.4 190 23.5 0 0 0
2.693 0x2B main_weld 1 1 1 1 193 23.4 8.4 190 23.5 0 0 0
2.737 0x2B main_weld 1 1 1 1 196 23.4 8.4 190 23.5 0 0 0
2.778 0x2B main_weld 1 1 1 1 196 23.6 8.4 190 23.5 0 0 0
2.814 0x2B main_weld 1 1 1 1 196 23.6 8.4 190 23.5 0 0 0
2.861 0x2B main_weld 1 1 1 1 196 23.5 8.4 190 23.5 0 0 0
2.898 0x2B main_weld 1 1 1 1 198 23.5 8.4 190 23.5 0 0 0
2.936 0x2B main_weld 1 1 1 1 198 23.5 8.4 190 23.5 0 0 0
2.979 0x2B main_weld 1 1 1 1 198 23.5 8.4 190 23.5 0 0 0
3.011 0x2B main_weld 1 1 1 1 198 23.5 8.4 190 23.5 0 0 0
3.054 0x2B main_weld 1 1 1 1 198 23.8 8.4 190 23.5 0 0 0
3.094 0x2B main_weld 1 1 1 1 200 23.8 8.4 190 23.5 0 0 0
3.135 0x2B main_weld 1 1 1 1 200 23.8 8.4 190 23.5 0 0 0
3.178 0x2B main_weld 1 1 1 1 200 23.8 8.4 190 23.5 0 0 0
3.216 0x2B main_weld 1 1 1 1 200 23.8 8.4 190 23.5 0 0 0
3.253 0x2B main_weld 1 1 1 1 194 23.4 8.4 190 23.5 0 0 0
3.295 0x2B main_weld 1 1 1 1 194 23.4 8.4 190 23.5 0 0 0
3.335 0x2B main_weld 1 1 1 1 194 23.4 8.4 190 23.5 0 0 0
3.373 0x2B main_weld 1 1 1 1 194 23.4 8.4 190 23.5 0 0 0
3.412 0x2B main_weld 1 1 1 1 194 23.8 8.4 190 23.5 0 0 0
3.452 0x2B main_weld 1 1 1 1 195 23.8 8.4 190 23.5 0 0 0
3.492 0x2B main_weld 1 1 1 1 195 23.8 8.4 190 23.5 0 0 0
3.538 0x2B main_weld 1 1 1 1 195 23.8 8.4 190 23.5 0 0 0
3.580 0x2B main_weld 1 1 1 1 195 23.8 8.4 190 23.5 0 0 0
3.614 0x2B main_weld 1 1 1 1 201 23.4 8.4 190 23.5 0 0 0
3.655 0x2B main_weld 1 1 1 1 201 23.4 8.4 190 23.5 0 0 0
3.701 0x2B main_weld 1 1 1 1 201 23.4 8.4 190 23.5 0 0 0
3.735 0x2B main_weld 1 1 1 1 201 23.4 8.4 190 23.5 0 0 0
3.775 0x2B main_weld 1 1 1 1 201 23.6 8.4 190 23.5 0 0 0
3.815 0x2B main_weld 1 1 1 1 195 23.6 8.4 190 23.5 0 0 0
3.864 0x2B main_weld 1 1 1 1 195 23.6 8.4 190 23.5 0 0 0
3.896 0x2B main_weld 1 1 1 1 195 23.6 8.4 190 23.5 0 0 0
3.935 0x2B main_weld 1 1 1 1 195 23.6 8.4 190 23.5 0 0 0
3.974 0x2B main_weld 1 1 1 1 199 23.5 8.4 190 23.5 0 0 0
4.013 0x2B main_weld 1 1 1 1 199 23.5 8.4 190 23.5 0 0 0
4.055 0x2B main_weld 1 1 1 1 199 23.5 8.4 190 23.5 0 0 0
4.093 0x2B main_weld 1 1 1 1 199 23.5 8.4 190 23.5 0 0 0
4.138 0x2B main_weld 1 1 1 1 199 23.7 8.4 190 23.5 0 0 0
4.173 0x2B main_weld 1 1 1 1 199 23.7 8.4 190 23.5 0 0 0
4.213 0x2B main_weld 1 1 1 1 199 23.7 8.4 190 23.5 0 0 0
4.255 0x2B main_weld 1 1 1 1 201 23.7 8.4 190 23.5 0 0 0
4.295 0x2B main_weld 1 1 1 1 201 23.7 8.4 190 23.5 0 0 0
4.337 0x2B main_weld 1 1 1 1 201 23.6 8.4 190 23.5 0 0 0
4.375 0x2B main_weld 1 1 1 1 201 23.6 8.4 190 23.5 0 0 0
4.416 0x2B main_weld 1 1 1 1 201 23.8 8.4 190 23.5 0 0 0
4.455 0x2B main_weld 1 1 1 1 195 23.8 8.4 190 23.5 0 0 0
4.494 0x2B main_weld 1 1 1 1 195 23.8 8.4 190 23.5 0 0 0
4.535 0x2B main_weld 1 1 1 1 195 23.8 8.4 190 23.5 0 0 0
4.574 0x2B main_weld 1 1 1 1 195 23.7 8.4 190 23.5 0 0 0
4.615 0x2B main_weld 1 1 1 1 205 23.7 8.4 190 23.5 0 0 0
4.655 0x2B main_weld 1 1 1 1 205 23.7 8.4 190 23.5 0 0 0
4.696 0x2B main_weld 1 1 1 1 205 23.7 8.4 190 23.5 0 0 0
4.734 0x2B main_weld 1 1 1 1 205 23.7 8.4 190 23.5 0 0 0
4.775 0x2B main_weld 1 1 1 1 205 23.6 8.4 190 23.5 0 0 0
4.814 0x2B main_weld 1 1 1 1 205 23.6 8.4 190 23.5 0 0 0
4.855 0x2B main_weld 1 1 1 1 205 23.6 8.4 190 23.5 0 0 0
4.894 0x2B main_weld 1 1 1 1 201 23.6 8.4 190 23.5 0 0 0
4.935 0x2B main_weld 1 1 1 1 201 23.2 8.4 190 23.5 0 0 0
4.975 0x2B main_weld 1 1 1 1 198 23.2 8.4 190 23.5 0 0 0
5.015 0x2B main_weld 1 1 1 1 198 23.2 8.4 190 23.5 0 0 0
5.053 0x2B main_weld 1 1 1 1 198 23.2 8.4 190 23.5 0 0 0
5.094 0x2B main_weld 1 1 1 1 198 23.2 8.4 190 23.5 0 0 0
5.133 0x2B main_weld 1 1 1 1 198 23.6 8.4 190 23.5 0 0 0
5.173 0x2B main_weld 1 1 1 1 198 23.6 8.4 190 23.5 0 0 0
5.213 0x2B main_weld 1 1 1 1 198 23.6 8.4 190 23.5 0 0 0
5.255 0x2B main_weld 1 1 1 1 208 23.6 8.4 190 23.5 0 0 0
5.296 0x2B main_weld 1 1 1 1 208 23.6 8.4 190 23.5 0 0 0
5.332 0x2B main_weld 1 1 1 1 208 23.6 8.4 190 23.5 0 0 0
5.377 0x2B main_weld 1 1 1 1 208 23.6 8.4 190 23.5 0 0 0
5.416 0x2B main_weld 1 1 1 1 200 23.6 8.4 190 23.5 0 0 0
5.454 0x2B main_weld 1 1 1 1 200 23.6 8.4 190 23.5 0 0 0
5.498 0x2B main_weld 1 1 1 1 200 23.6 8.4 190 23.5 0 0 0
5.535 0x2B main_weld 1 1 1 1 200 23.6 8.4 190 23.5 0 0 0
5.577 0x2B main_weld 1 1 1 1 200 23.6 8.4 190 23.5 0 0 0
5.613 0x2B main_weld 1 1 1 1 201 23.6 8.4 190 23.5 0 0 0
5.656 0x2B main_weld 1 1 1 1 201 23.7 8.4 190 23.5 0 0 0
5.697 0x2B main_weld 1 1 1 1 201 23.7 8.4 190 23.5 0 0 0
5.737 0x2B main_weld 1 1 1 1 201 23.7 8.4 190 23.5 0 0 0
5.774 0x2B main_weld 1 1 1 1 208 23.4 8.4 190 23.5 0 0 0
5.816 0x2B main_weld 1 1 1 1 208 23.4 8.4 190 23.5 0 0 0
5.855 0x2B main_weld 1 1 1 1 208 23.4 8.4 190 23.5 0 0 0
5.895 0x2B main_weld 1 1 1 1 208 23.4 8.4 190 23.5 0 0 0
5.937 0x2B main_weld 1 1 1 1 208 23.6 8.4 190 23.5 0 0 0
5.975 0x2B main_weld 1 1 1 1 194 23.6 8.4 190 23.5 0 0 0
6.017 0x2B main_weld 1 1 1 1 194 23.6 8.4 190 23.5 0 0 0
6.055 0x2B main_weld 1 1 1 1 194 23.6 8.4 190 23.5 0 0 0
6.094 0x2B main_weld 1 1 1 1 194 23.6 8.4 190 23.5 0 0 0
6.133 0x2B main_weld 1 1 1 1 202 23.3 8.4 190 23.5 0 0 0
6.173 0x2B main_weld 1 1 1 1 202 23.3 8.4 190 23.5 0 0 0
6.216 0x2B main_weld 1 1 1 1 202 23.3 8.4 190 23.5 0 0 0
6.254 0x2B main_weld 1 1 1 1 202 23.3 8.4 190 23.5 0 0 0
6.293 0x2B main_weld 1 1 1 1 202 23.3 8.4 190 23.5 0 0 0
6.339 0x2B main_weld 1 1 1 1 205 23.3 8.4 190 23.5 0 0 0
6.379 0x2B main_weld 1 1 1 1 205 23.2 8.4 190 23.5 0 0 0
6.416 0x2B main_weld 1 1 1 1 205 23.2 8.4 190 23.5 0 0 0
6.459 0x2B main_weld 1 1 1 1 205 23.2 8.4 190 23.5 0 0 0
6.500 0x2B main_weld 1 1 1 1 199 23.6 8.4 190 23.5 0 0 0
6.534 0x2B main_weld 1 1 1 1 199 23.6 8.4 190 23.5 0 0 0
6.576 0x2B main_weld 1 1 1 1 199 23.6 8.4 190 23.5 0 0 0
6.616 0x2B main_weld 1 1 1 1 199 23.6 8.4 190 23.5 0 0 0
6.658 0x2B main_weld 1 1 1 1 199 23.3 8.4 190 23.5 0 0 0
6.693 0x2B main_weld 1 1 1 1 199 23.3 8.4 190 23.5 0 0 0
6.736 0x2B main_weld 1 1 1 1 199 23.3 8.4 190 23.5 0 0 0
6.779 0x2B main_weld 1 1 1 1 205 23.3 8.4 190 23.5 0 0 0
6.816 0x2B main_weld 1 1 1 1 205 23.3 8.4 190 23.5 0 0 0
6.857 0x2B main_weld 1 1 1 1 205 23.4 8.4 190 23.5 0 0 0
6.899 0x2B main_weld 1 1 1 1 205 23.4 8.4 190 23.5 0 0 0
6.941 0x2B main_weld 1 1 1 1 205 23.4 8.4 190 23.5 0 0 0
6.977 0x2B main_weld 1 1 1 1 202 23.4 8.4 190 23.5 0 0 0
7.016 0x2B main_weld 1 1 1 1 202 23.5 8.4 190 23.5 0 0 0
7.060 0x2B main_weld 1 1 1 1 202 23.5 8.4 190 23.5 0 0 0
7.106 0x2B main_weld 1 1 1 1 202 23.8 8.4 190 23.5 0 0 0
7.140 0x2B main_weld 1 1 1 1 204 23.8 8.4 190 23.5 0 0 0
7.186 0x2B main_weld 1 1 1 1 204 23.8 8.4 190 23.5 0 0 0
7.224 0x2B main_weld 1 1 1 1 204 23.8 8.4 190 23.5 0 0 0
7.256 0x2B main_weld 1 1 1 1 204 23.8 8.4 190 23.5 0 0 0
7.296 0x2B main_weld 1 1 1 1 204 23.2 8.4 190 23.5 0 0 0
7.339 0x2B main_weld 1 1 1 1 205 23.2 8.4 190 23.5 0 0 0
7.374 0x2B main_weld 1 1 1 1 205 23.2 8.4 190 23.5 0 0 0
7.414 0x2B main_weld 1 1 1 1 205 23.2 8.4 190 23.5 0 0 0
7.454 0x2B main_weld 1 1 1 1 205 23.3 8.4 190 23.5 0 0 0
7.496 0x2B main_weld 1 1 1 1 202 23.3 8.4 190 23.5 0 0 0
7.537 0x2B main_weld 1 1 1 1 202 23.3 8.4 190 23.5 0 0 0
7.580 0x2B main_weld 1 1 1 1 202 23.3 8.4 190 23.5 0 0 0
7.611 0x2B main_weld 1 1 1 1 202 23.3 8.4 190 23.5 0 0 0
7.656 0x2B main_weld 1 1 1 1 202 23.7 8.4 190 23.5 0 0 0
7.696 0x2B main_weld 1 1 1 1 205 23.7 8.4 190 23.5 0 0 0
7.736 0x2B main_weld 1 1 1 1 205 23.7 8.4 190 23.5 0 0 0
7.776 0x2B main_weld 1 1 1 1 205 23.7 8.4 190 23.5 0 0 0
7.814 0x2B main_weld 1 1 1 1 205 23.6 8.4 190 23.5 0 0 0
7.854 0x2B main_weld 1 1 1 1 208 23.6 8.4 190 23.5 0 0 0
7.895 0x2B main_weld 1 1 1 1 208 23.6 8.4 190 23.5 0 0 0
7.942 0x2B main_weld 1 1 1 1 208 23.6 8.4 190 23.5 0 0 0
7.979 0x2B main_weld 1 1 1 1 208 23.6 8.4 190 23.5 0 0 0
8.017 0x2B main_weld 1 1 1 1 208 23.6 8.4 190 23.5 0 0 0
8.058 0x2B main_weld 1 1 1 1 204 23.6 8.4 190 23.5 0 0 0
8.095 0x2B main_weld 1 1 1 1 204 23.6 8.4 190 23.5 0 0 0
8.137 0x2B main_weld 1 1 1 1 206 23.6 8.4 190 23.5 0 0 0
8.173 0x2B main_weld 1 1 1 1 206 23.9 8.4 190 23.5 0 0 0
8.217 0x2B main_weld 1 1 1 1 206 23.9 8.4 190 23.5 0 0 0
8.256 0x2B main_weld 1 1 1 1 206 23.9 8.4 190 23.5 0 0 0
8.300 0x2B main_weld 1 1 1 1 212 23.9 8.4 190 23.5 0 0 0
8.338 0x2B main_weld 1 1 1 1 212 23.9 8.4 190 23.5 0 0 0
8.373 0x2B main_weld 1 1 1 1 212 23.6 8.4 190 23.5 0 0 0
8.417 0x2B main_weld 1 1 1 1 212 23.6 8.4 190 23.5 0 0 0
8.455 0x2B main_weld 1 1 1 1 212 23.6 8.4 190 23.5 0 0 0
8.496 0x2B main_weld 1 1 1 1 211 23.6 8.4 190 23.5 0 0 0
8.536 0x2B main_weld 1 1 1 1 211 23.5 8.4 190 23.5 0 0 0
8.585 0x2B main_weld 1 1 1 1 211 23.5 8.4 190 23.5 0 0 0
8.617 0x2B main_weld 1 1 1 1 211 23.5 8.4 190 23.5 0 0 0
8.657 0x2B main_weld 1 1 1 1 206 23.5 8.4 190 23.5 0 0 0
8.698 0x2B main_weld 1 1 1 1 206 23.5 8.4 190 23.5 0 0 0
8.738 0x2B main_weld 1 1 1 1 206 23.5 8.4 190 23.5 0 0 0
8.777 0x2B main_weld 1 1 1 1 206 23.5 8.4 190 23.5 0 0 0
8.815 0x2B main_weld 1 1 1 1 206 23.6 8.4 190 23.5 0 0 0
8.860 0x2B main_weld 1 1 1 1 207 23.6 8.4 190 23.5 0 0 0
8.902 0x2B main_weld 1 1 1 1 207 23.6 8.4 190 23.5 0 0 0
8.936 0x2B main_weld 1 1 1 1 207 23.6 8.4 190 23.5 0 0 0
8.975 0x2B main_weld 1 1 1 1 207 23.6 8.4 190 23.5 0 0 0
9.018 0x2B main_weld 1 1 1 1 212 23.8 8.4 190 23.5 0 0 0
9.054 0x2B main_weld 1 1 1 1 212 23.8 8.4 190 23.5 0 0 0
9.093 0x2B main_weld 1 1 1 1 212 23.8 8.4 190 23.5 0 0 0
9.140 0x2B main_weld 1 1 1 1 212 23.8 8.4 190 23.5 0 0 0
9.175 0x2B main_weld 1 1 1 1 212 23.4 8.4 190 23.5 0 0 0
9.214 0x2B main_weld 1 1 1 1 210 23.4 8.4 190 23.5 0 0 0
9.256 0x2B main_weld 1 1 1 1 210 23.4 8.4 190 23.5 0 0 0
9.300 0x2B main_weld 1 1 1 1 210 23.4 8.4 190 23.5 0 0 0
9.340 0x2B main_weld 1 1 1 1 210 23.4 8.4 190 23.5 0 0 0
9.377 0x2B main_weld 1 1 1 1 206 23.2 8.4 190 23.5 0 0 0
9.418 0x2B main_weld 1 1 1 1 206 23.2 8.4 190 23.5 0 0 0
9.459 0x2B main_weld 1 1 1 1 206 23.2 8.4 190 23.5 0 0 0
9.495 0x2B main_weld 1 1 1 1 211 23.2 8.4 190 23.5 0 0 0
9.534 0x2B main_weld 1 1 1 1 211 23.5 8.4 190 23.5 0 0 0
9.574 0x2B main_weld 1 1 1 1 211 23.5 8.4 190 23.5 0 0 0
9.615 0x2B main_weld 1 1 1 1 211 23.5 8.4 190 23.5 0 0 0
9.655 0x2B main_weld 1 1 1 1 210 23.5 8.4 190 23.5 0 0 0
9.702 0x2B main_weld 1 1 1 1 210 23.6 8.4 190 23.5 0 0 0
9.739 0x2B main_weld 1 1 1 1 210 23.6 8.4 190 23.5 0 0 0
9.779 0x2B main_weld 1 1 1 1 210 23.6 8.4 190 23.5 0 0 0
9.815 0x2B main_weld 1 1 1 1 210 23.3 8.4 190 23.5 0 0 0
9.860 0x2B main_weld 1 1 1 1 199 23.3 8.4 190 23.5 0 0 0
9.894 0x2B main_weld 1 1 1 1 199 23.3 8.4 190 23.5 0 0 0
9.936 0x2B main_weld 1 1 1 1 199 23.3 8.4 190 23.5 0 0 0
9.981 0x2B main_weld 1 1 1 1 199 23.3 8.4 190 23.5 0 0 0
10.016 0x2B main_weld 1 1 1 1 202 23.3 8.4 190 23.5 0 0 0
10.056 0x2B main_weld 1 1 1 1 202 23.3 8.4 190 23.5 0 0 0
10.098 0x2B main_weld 1 1 1 1 202 23.3 8.4 190 23.5 0 0 0
10.137 0x2B main_weld 1 1 1 1 202 23.3 8.4 190 23.5 0 0 0
10.177 0x2B main_weld 1 1 1 1 202 23.6 8.4 190 23.5 0 0 0
10.215 0x2B main_weld 1 1 1 1 211 23.6 8.4 190 23.5 0 0 0
10.258 0x2B main_weld 1 1 1 1 211 23.6 8.4 190 23.5 0 0 0
10.302 0x2B main_weld 1 1 1 1 211 23.6 8.4 190 23.5 0 0 0
10.339 0x2B main_weld 1 1 1 1 211 23.8 8.4 190 23.5 0 0 0
10.379 0x2B main_weld 1 1 1 1 206 23.8 8.4 190 23.5 0 0 0
10.416 0x2B main_weld 1 1 1 1 206 23.8 8.4 190 23.5 0 0 0
10.456 0x2B main_weld 1 1 1 1 206 23.8 8.4 190 23.5 0 0 0
10.496 0x2B main_weld 1 1 1 1 206 23.8 8.4 190 23.5 0 0 0
10.536 0x2B main_weld 1 1 1 1 204 23.4 8.4 190 23.5 0 0 0
10.583 0x2B main_weld 1 1 1 1 204 23.4 8.4 190 23.5 0 0 0
10.616 0x2B main_weld 1 1 1 1 204 23.4 8.4 190 23.5 0 0 0
10.658 0x2B main_weld 1 1 1 1 204 23.4 8.4 190 23.5 0 0 0
10.697 0x2B main_weld 1 1 1 1 204 23.5 8.4 190 23.5 0 0 0
10.739 0x2B main_weld 1 1 1 1 207 23.5 8.4 190 23.5 0 0 0
10.776 0x2B main_weld 1 1 1 1 207 23.5 8.4 190 23.5 0 0 0
10.816 0x2B main_weld 1 1 1 1 212 23.5 8.4 190 23.5 0 0 0
10.856 0x2B main_weld 1 1 1 1 212 23.5 8.4 190 23.5 0 0 0
10.895 0x2B main_weld 1 1 1 1 212 23.6 8.4 190 23.5 0 0 0
10.933 0x2B main_weld 1 1 1 1 212 23.6 8.4 190 23.5 0 0 0
10.977 0x2B main_weld 1 1 1 1 212 23.6 8.4 190 23.5 0 0 0
11.016 0x2B main_weld 1 1 1 1 207 23.6 8.4 190 23.5 0 0 0
11.054 0x2B main_weld 1 1 1 1 207 23.5 8.4 190 23.5 0 0 0
11.094 0x2B main_weld 1 1 1 1 207 23.5 8.4 190 23.5 0 0 0
11.137 0x2B main_weld 1 1 1 1 207 23.5 8.4 190 23.5 0 0 0
11.178 0x2B main_weld 1 1 1 1 213 23.5 8.4 190 23.5 0 0 0
11.215 0x2B main_weld 1 1 1 1 213 23.5 8.4 190 23.5 0 0 0
11.253 0x2B main_weld 1 1 1 1 213 23.6 8.4 190 23.5 0 0 0
11.296 0x2B main_weld 1 1 1 1 213 23.6 8.4 190 23.5 0 0 0
11.338 0x2B main_weld 1 1 1 1 213 23.7 8.4 190 23.5 0 0 0
11.381 0x2B main_weld 1 1 1 1 212 23.7 8.4 190 23.5 0 0 0
11.421 0x2B main_weld 1 1 1 1 212 23.7 8.4 190 23.5 0 0 0
11.453 0x2B main_weld 1 1 1 1 212 23.7 8.4 190 23.5 0 0 0
11.493 0x2B main_weld 1 1 1 1 212 23.7 8.4 190 23.5 0 0 0
11.533 0x2B main_weld 1 1 1 1 204 23.3 8.4 190 23.5 0 0 0
11.573 0x2B main_weld 1 1 1 1 204 23.3 8.4 190 23.5 0 0 0
11.613 0x2B main_weld 1 1 1 1 204 23.3 8.4 190 23.5 0 0 0
11.655 0x2B main_weld 1 1 1 1 204 23.3 8.4 190 23.5 0 0 0
11.693 0x2B main_weld 1 1 1 1 204 23.3 8.4 190 23.5 0 0 0
11.736 0x2B main_weld 1 1 1 1 207 23.3 8.4 190 23.5 0 0 0
11.775 0x2B main_weld 1 1 1 1 207 23.3 8.4 190 23.5 0 0 0
11.816 0x2B main_weld 1 1 1 1 207 23.3 8.4 190 23.5 0 0 0
11.854 0x2B main_weld 1 1 1 1 207 23.3 8.4 190 23.5 0 0 0
11.892 0x2B main_weld 1 1 1 1 207 23.8 8.4 190 23.5 0 0 0
11.932 0x2B main_weld 1 1 1 1 207 23.8 8.4 190 23.5 0 0 0
11.972 0x2B main_weld 1 1 1 1 207 23.8 8.4 190 23.5 0 0 0
12.013 0x2B main_weld 1 1 1 1 207 23.8 8.4 190 23.5 0 0 0
12.054 0x2B main_weld 1 1 1 1 207 23.6 8.4 190 23.5 0 0 0
12.092 0x2B main_weld 1 1 1 1 212 23.6 8.4 190 23.5 0 0 0
12.138 0x2B main_weld 1 1 1 1 212 23.6 8.4 190 23.5 0 0 0
12.175 0x2B main_weld 1 1 1 1 212 23.6 8.4 190 23.5 0 0 0
12.217 0x2B main_weld 1 1 1 1 212 23.6 8.4 190 23.5 0 0 0
12.255 0x2B main_weld 1 1 1 1 207 23.6 8.4 190 23.5 0 0 0
12.296 0x2B main_weld 1 1 1 1 207 23.6 8.4 190 23.5 0 0 0
12.334 0x2B main_weld 1 1 1 1 207 23.6 8.4 190 23.5 0 0 0
12.375 0x2B main_weld 1 1 1 1 211 23.6 8.4 190 23.5 0 0 0
12.412 0x2B main_weld 1 1 1 1 211 23.6 8.4 190 23.5 0 0 0
12.454 0x2B main_weld 1 1 1 1 211 23.6 8.4 190 23.5 0 0 0
12.493 0x2B main_weld 1 1 1 1 211 23.6 8.4 190 23.5 0 0 0
12.534 0x2B main_weld 1 1 1 1 206 23.6 8.4 190 23.5 0 0 0
12.573 0x2B main_weld 1 1 1 1 206 23.6 8.4 190 23.5 0 0 0
12.614 0x2B main_weld 1 1 1 1 206 23.4 8.4 190 23.5 0 0 0
12.654 0x2B main_weld 1 1 1 1 206 23.4 8.4 190 23.5 0 0 0
12.692 0x2B main_weld 1 1 1 1 206 23.4 8.4 190 23.5 0 0 0
12.733 0x2B main_weld 1 1 1 1 212 23.4 8.4 190 23.5 0 0 0
12.778 0x2B main_weld 1 1 1 1 212 23.3 8.4 190 23.5 0 0 0
12.817 0x2B main_weld 1 1 1 1 212 23.3 8.4 190 23.5 0 0 0
12.855 0x2B main_weld 1 1 1 1 212 23.0 8.4 190 23.5 0 0 0
12.896 0x2B main_weld 1 1 1 1 208 23.0 8.4 190 23.5 0 0 0
12.935 0x2B main_weld 1 1 1 1 208 23.0 8.4 190 23.5 0 0 0
12.975 0x2B main_weld 1 1 1 1 208 23.0 8.4 190 23.5 0 0 0
13.017 0x2B main_weld 1 1 1 1 208 23.0 8.4 190 23.5 0 0 0
13.058 0x2B main_weld 1 1 1 1 208 23.3 8.4 190 23.5 0 0 0
13.096 0x2B main_weld 1 1 1 1 200 23.3 8.4 190 23.5 0 0 0
13.135 0x2B main_weld 1 1 1 1 200 23.3 8.4 190 23.5 0 0 0
13.176 0x2B main_weld 1 1 1 1 200 23.3 8.4 190 23.5 0 0 0
13.217 0x2B main_weld 1 1 1 1 200 23.6 8.4 190 23.5 0 0 0
13.259 0x2B main_weld 1 1 1 1 207 23.6 8.4 190 23.5 0 0 0
13.293 0x2B main_weld 1 1 1 1 207 23.6 8.4 190 23.5 0 0 0
13.335 0x2B main_weld 1 1 1 1 207 23.6 8.4 190 23.5 0 0 0
13.376 0x2B main_weld 1 1 1 1 207 23.6 8.4 190 23.5 0 0 0
13.413 0x2B main_weld 1 1 1 1 207 23.4 8.4 190 23.5 0 0 0
13.453 0x2B main_weld 1 1 1 1 208 23.4 8.4 190 23.5 0 0 0
13.493 0x2B main_weld 1 1 1 1 208 23.4 8.4 190 23.5 0 0 0
13.535 0x2B main_weld 1 1 1 1 202 23.4 8.4 190 23.5 0 0 0
13.574 0x2B main_weld 1 1 1 1 202 23.7 8.4 190 23.5 0 0 0
13.616 0x2B main_weld 1 1 1 1 202 23.7 8.4 190 23.5 0 0 0
13.653 0x2B main_weld 1 1 1 1 202 23.7 8.4 190 23.5 0 0 0
13.696 0x2B main_weld 1 1 1 1 207 23.7 8.4 190 23.5 0 0 0
13.733 0x2B main_weld 1 1 1 1 207 23.7 8.4 190 23.5 0 0 0
13.774 0x2B main_weld 1 1 1 1 207 23.4 8.4 190 23.5 0 0 0
13.813 0x2B main_weld 1 1 1 1 207 23.4 8.4 190 23.5 0 0 0
13.852 0x2B main_weld 1 1 1 1 207 23.4 8.4 190 23.5 0 0 0
13.893 0x2B main_weld 1 1 1 1 204 23.4 8.4 190 23.5 0 0 0
13.934 0x2B main_weld 1 1 1 1 204 23.1 8.4 190 23.5 0 0 0
13.975 0x2B main_weld 1 1 1 1 204 23.1 8.4 190 23.5 0 0 0
14.014 0x2B main_weld 1 1 1 1 204 23.1 8.4 190 23.5 0 0 0
14.054 0x2B main_weld 1 1 1 1 206 23.6 8.4 190 23.5 0 0 0
14.093 0x2B main_weld 1 1 1 1 206 23.6 8.4 190 23.5 0 0 0
14.133 0x2B main_weld 1 1 1 1 206 23.6 8.4 190 23.5 0 0 0
14.175 0x2B main_weld 1 1 1 1 206 23.6 8.4 190 23.5 0 0 0
14.216 0x2B main_weld 1 1 1 1 206 23.4 8.4 190 23.5 0 0 0
14.253 0x2B main_weld 1 1 1 1 216 23.4 8.4 190 23.5 0 0 0
14.293 0x2B main_weld 1 1 1 1 216 23.4 8.4 190 23.5 0 0 0
14.336 0x2B main_weld 1 1 1 1 216 23.4 8.4 190 23.5 0 0 0
14.374 0x2B main_weld 1 1 1 1 216 23.4 8.4 190 23.5 0 0 0
14.417 0x2B main_weld 1 1 1 1 199 23.3 8.4 190 23.5 0 0 0
14.455 0x2B main_weld 1 1 1 1 199 23.3 8.4 190 23.5 0 0 0
14.497 0x2B main_weld 1 1 1 1 199 23.3 8.4 190 23.5 0 0 0
14.535 0x2B main_weld 1 1 1 1 199 23.3 8.4 190 23.5 0 0 0
14.575 0x2B main_weld 1 1 1 1 199 23.3 8.4 190 23.5 0 0 0
14.612 0x2B main_weld 1 1 1 1 205 23.3 8.4 190 23.5 0 0 0
14.654 0x2B main_weld 1 1 1 1 205 23.3 8.4 190 23.5 0 0 0
14.697 0x2B main_weld 1 1 1 1 205 23.3 8.4 190 23.5 0 0 0
14.736 0x2B main_weld 1 1 1 1 205 23.3 8.4 190 23.5 0 0 0
14.776 0x2B main_weld 1 1 1 1 208 23.6 8.4 190 23.5 0 0 0
14.814 0x2B main_weld 1 1 1 1 208 23.6 8.4 190 23.5 0 0 0
14.855 0x2B main_weld 1 1 1 1 208 23.6 8.4 190 23.5 0 0 0
14.893 0x2B main_weld 1 1 1 1 208 23.6 8.4 190 23.5 0 0 0
14.934 0x2B main_weld 1 1 1 1 208 23.4 8.4 190 23.5 0 0 0
14.975 0x2B main_weld 1 1 1 1 206 23.4 8.4 190 23.5 0 0 0
15.015 0x2B main_weld 1 1 1 1 206 23.4 8.4 190 23.5 0 0 0
15.055 0x2B main_weld 1 1 1 1 207 23.4 8.4 190 23.5 0 0 0
15.093 0x2B main_weld 1 1 1 1 207 23.4 8.4 190 23.5 0 0 0
15.132 0x2B main_weld 1 1 1 1 207 23.7 8.4 190 23.5 0 0 0
15.180 0x2B main_weld 1 1 1 1 207 23.7 8.4 190 23.5 0 0 0
15.212 0x2B main_weld 1 1 1 1 207 23.7 8.4 190 23.5 0 0 0
15.254 0x2B main_weld 1 1 1 1 208 23.7 8.4 190 23.5 0 0 0
15.297 0x2B main_weld 1 1 1 1 208 23.7 8.4 190 23.5 0 0 0
15.333 0x2B main_weld 1 1 1 1 208 23.7 8.4 190 23.5 0 0 0
15.374 0x2B main_weld 1 1 1 1 208 23.5 8.4 190 23.5 0 0 0
15.413 0x2B main_weld 1 1 1 1 207 23.5 8.4 190 23.5 0 0 0
15.455 0x2B main_weld 1 1 1 1 207 23.5 8.4 190 23.5 0 0 0
15.495 0x2B main_weld 1 1 1 1 207 23.4 8.4 190 23.5 0 0 0
15.532 0x2B main_weld 1 1 1 1 207 23.4 8.4 190 23.5 0 0 0
15.576 0x2B main_weld 1 1 1 1 207 23.9 8.4 190 23.5 0 0 0
15.614 0x2B main_weld 1 1 1 1 211 23.9 8.4 190 23.5 0 0 0
15.652 0x2B main_weld 1 1 1 1 211 23.9 8.4 190 23.5 0 0 0
15.693 0x2B main_weld 1 1 1 1 211 23.9 8.4 190 23.5 0 0 0
15.732 0x2B main_weld 1 1 1 1 211 23.5 8.4 190 23.5 0 0 0
15.772 0x2B main_weld 1 1 1 1 205 23.5 8.4 190 23.5 0 0 0
15.813 0x2B main_weld 1 1 1 1 205 23.5 8.4 190 23.5 0 0 0
15.854 0x2B main_weld 1 1 1 1 205 23.5 8.4 190 23.5 0 0 0
15.893 0x2B main_weld 1 1 1 1 205 23.5 8.4 190 23.5 0 0 0
15.933 0x2B main_weld 1 1 1 1 205 23.4 8.4 190 23.5 0 0 0
15.973 0x2B main_weld 1 1 1 1 210 23.4 8.4 190 23.5 0 0 0
16.015 0x2B main_weld 1 1 1 1 210 23.4 8.4 190 23.5 0 0 0
16.056 0x2B main_weld 1 1 1 1 210 23.4 8.4 190 23.5 0 0 0
16.095 0x2B main_weld 1 1 1 1 210 23.6 8.4 190 23.5 0 0 0
16.137 0x2B main_weld 1 1 1 1 204 23.6 8.4 190 23.5 0 0 0
16.178 0x2B main_weld 1 1 1 1 204 23.6 8.4 190 23.5 0 0 0
16.214 0x2B main_weld 1 1 1 1 204 23.6 8.4 190 23.5 0 0 0
16.255 0x2B main_weld 1 1 1 1 204 23.6 8.4 190 23.5 0 0 0
16.297 0x2B main_weld 1 1 1 1 204 23.4 8.4 190 23.5 0 0 0
16.334 0x2B main_weld 1 1 1 1 206 23.4 8.4 190 23.5 0 0 0
16.376 0x2B main_weld 1 1 1 1 206 23.4 8.4 190 23.5 0 0 0
16.417 0x2B main_weld 1 1 1 1 206 23.4 8.4 190 23.5 0 0 0
16.461 0x2B main_weld 1 1 1 1 206 23.6 8.4 190 23.5 0 0 0
16.497 0x2B main_weld 1 1 1 1 207 23.6 8.4 190 23.5 0 0 0
16.534 0x2B main_weld 1 1 1 1 207 23.6 8.4 190 23.5 0 0 0
16.579 0x2B main_weld 1 1 1 1 208 23.6 8.4 190 23.5 0 0 0
16.616 0x2B main_weld 1 1 1 1 208 23.6 8.4 190 23.5 0 0 0
16.655 0x2B main_weld 1 1 1 1 208 23.6 8.4 190 23.5 0 0 0
16.694 0x2B main_weld 1 1 1 1 208 23.6 8.4 190 23.5 0 0 0
16.738 0x2B main_weld 1 1 1 1 208 23.6 8.4 190 23.5 0 0 0
16.774 0x2B main_weld 1 1 1 1 211 23.6 8.4 190 23.5 0 0 0
16.817 0x2B main_weld 1 1 1 1 211 23.6 8.4 190 23.5 0 0 0
16.857 0x2B main_weld 1 1 1 1 211 23.6 8.4 190 23.5 0 0 0
16.896 0x2B main_weld 1 1 1 1 211 23.6 8.4 190 23.5 0 0 0
16.934 0x2B main_weld 1 1 1 1 200 23.6 8.4 190 23.5 0 0 0
16.977 0x2B main_weld 1 1 1 1 200 23.6 8.4 190 23.5 0 0 0
17.015 0x2B main_weld 1 1 1 1 200 23.9 8.4 190 23.5 0 0 0
17.054 0x2B main_weld 1 1 1 1 200 23.9 8.4 190 23.5 0 0 0
17.092 0x2B main_weld 1 1 1 1 200 23.3 8.4 190 23.5 0 0 0
17.136 0x2B main_weld 1 1 1 1 205 23.3 8.4 190 23.5 0 0 0
17.175 0x2B main_weld 1 1 1 1 205 23.3 8.4 190 23.5 0 0 0
17.215 0x2B main_weld 1 1 1 1 205 23.3 8.4 190 23.5 0 0 0
17.254 0x2B main_weld 1 1 1 1 205 23.3 8.4 190 23.5 0 0 0
17.298 0x2B main_weld 1 1 1 1 202 23.4 8.4 190 23.5 0 0 0
17.339 0x2B main_weld 1 1 1 1 202 23.4 8.4 190 23.5 0 0 0
17.377 0x2B main_weld 1 1 1 1 202 23.4 8.4 190 23.5 0 0 0
17.415 0x2B main_weld 1 1 1 1 202 23.4 8.4 190 23.5 0 0 0
17.454 0x2B main_weld 1 1 1 1 202 23.6 8.4 190 23.5 0 0 0
17.496 0x2B main_weld 1 1 1 1 204 23.6 8.4 190 23.5 0 0 0
17.535 0x2B main_weld 1 1 1 1 204 23.6 8.4 190 23.5 0 0 0
17.575 0x2B main_weld 1 1 1 1 204 23.6 8.4 190 23.5 0 0 0
17.615 0x2B main_weld 1 1 1 1 204 23.6 8.4 190 23.5 0 0 0
17.655 0x2B main_weld 1 1 1 1 199 23.2 8.4 190 23.5 0 0 0
17.694 0x2B main_weld 1 1 1 1 199 23.2 8.4 190 23.5 0 0 0
17.733 0x2B main_weld 1 1 1 1 199 23.2 8.4 190 23.5 0 0 0
17.774 0x2B main_weld 1 1 1 1 202 23.2 8.4 190 23.5 0 0 0
17.819 0x2B main_weld 1 1 1 1 202 23.7 8.4 190 23.5 0 0 0
17.858 0x2B main_weld 1 1 1 1 202 23.7 8.4 190 23.5 0 0 0
17.896 0x2B main_weld 1 1 1 1 202 23.7 8.4 190 23.5 0 0 0
17.935 0x2B main_weld 1 1 1 1 206 23.7 8.4 190 23.5 0 0 0
17.975 0x2B main_weld 1 1 1 1 206 23.7 8.4 190 23.5 0 0 0
18.013 0x2B main_weld 1 1 1 1 206 23.6 8.4 190 23.5 0 0 0
18.055 0x2B main_weld 1 1 1 1 206 23.6 8.4 190 23.5 0 0 0
18.097 0x2B main_weld 1 1 1 1 204 23.6 8.4 190 23.5 0 0 0
18.136 0x2B main_weld 1 1 1 1 204 23.6 8.4 190 23.5 0 0 0
18.177 0x2B main_weld 1 1 1 1 204 23.7 8.4 190 23.5 0 0 0
18.219 0x2B main_weld 1 1 1 1 204 23.7 8.4 190 23.5 0 0 0
18.256 0x2B main_weld 1 1 1 1 204 23.5 8.4 190 23.5 0 0 0
18.295 0x2B main_weld 1 1 1 1 204 23.5 8.4 190 23.5 0 0 0
18.335 0x2B main_weld 1 1 1 1 204 23.5 8.4 190 23.5 0 0 0
18.376 0x2B main_weld 1 1 1 1 207 23.5 8.4 190 23.5 0 0 0
18.416 0x2B main_weld 1 1 1 1 207 23.5 8.4 190 23.5 0 0 0
18.452 0x2B main_weld 1 1 1 1 207 23.5 8.4 190 23.5 0 0 0
18.494 0x2B main_weld 1 1 1 1 202 23.5 8.4 190 23.5 0 0 0
18.537 0x2B main_weld 1 1 1 1 202 23.5 8.4 190 23.5 0 0 0
18.573 0x2B main_weld 1 1 1 1 202 23.5 8.4 190 23.5 0 0 0
18.616 0x2B main_weld 1 1 1 1 202 23.5 8.4 190 23.5 0 0 0
18.658 0x2B main_weld 1 1 1 1 206 23.5 8.4 190 23.5 0 0 0
18.702 0x2B main_weld 1 1 1 1 206 23.5 8.4 190 23.5 0 0 0
18.735 0x2B main_weld 1 1 1 1 206 23.5 8.4 190 23.5 0 0 0
18.779 0x2B main_weld 1 1 1 1 206 23.5 8.4 190 23.5 0 0 0
18.819 0x2B main_weld 1 1 1 1 206 23.5 8.4 190 23.5 0 0 0
18.860 0x2B main_weld 1 1 1 1 211 23.5 8.4 190 23.5 0 0 0
18.898 0x2B main_weld 1 1 1 1 211 23.5 8.4 190 23.5 0 0 0
18.935 0x2B main_weld 1 1 1 1 211 23.5 8.4 190 23.5 0 0 0
18.986 0x2B main_weld 1 1 1 1 211 23.4 8.4 190 23.5 0 0 0
19.016 0x2B main_weld 1 1 1 1 207 23.4 8.4 190 23.5 0 0 0
19.062 0x2B main_weld 1 1 1 1 207 23.4 8.4 190 23.5 0 0 0
19.097 0x2B main_weld 1 1 1 1 207 23.4 8.4 190 23.5 0 0 0
19.139 0x2B main_weld 1 1 1 1 207 23.4 8.4 190 23.5 0 0 0
19.179 0x2B main_weld 1 1 1 1 207 23.5 8.4 190 23.5 0 0 0
19.214 0x2B main_weld 1 1 1 1 206 23.5 8.4 190 23.5 0 0 0
19.255 0x2B main_weld 1 1 1 1 206 23.5 8.4 190 23.5 0 0 0
19.295 0x2B main_weld 1 1 1 1 207 23.5 8.4 190 23.5 0 0 0
19.336 0x2B main_weld 1 1 1 1 207 23.6 8.4 190 23.5 0 0 0
19.377 0x2B main_weld 1 1 1 1 207 23.6 8.4 190 23.5 0 0 0
19.414 0x2B main_weld 1 1 1 1 207 23.6 8.4 190 23.5 0 0 0
19.453 0x2B main_weld 1 1 1 1 199 23.6 8.4 190 23.5 0 0 0
19.493 0x2B main_weld 1 1 1 1 199 23.6 8.4 190 23.5 0 0 0
19.537 0x2B main_weld 1 1 1 1 199 23.4 8.4 190 23.5 0 0 0
19.575 0x2B main_weld 1 1 1 1 199 23.4 8.4 190 23.5 0 0 0
19.617 0x2B main_weld 1 1 1 1 199 23.4 8.4 190 23.5 0 0 0
19.653 0x2B main_weld 1 1 1 1 211 23.4 8.4 190 23.5 0 0 0
19.694 0x2B main_weld 1 1 1 1 211 23.6 8.4 190 23.5 0 0 0
19.736 0x2B main_weld 1 1 1 1 211 23.6 8.4 190 23.5 0 0 0
19.774 0x2B main_weld 1 1 1 1 211 23.6 8.4 190 23.5 0 0 0
19.814 0x2B main_weld 1 1 1 1 205 23.6 8.4 190 23.5 0 0 0
19.853 0x2B main_weld 1 1 1 1 205 23.6 8.4 190 23.5 0 0 0
19.893 0x2B main_weld 1 1 1 1 205 23.7 8.4 190 23.5 0 0 0
19.939 0x2B main_weld 1 1 1 1 205 23.7 8.4 190 23.5 0 0 0
19.975 0x2B main_weld 1 1 1 1 205 23.7 8.4 190 23.5 0 0 0
20.014 0x2B main_weld 1 1 1 1 206 23.7 8.4 190 23.5 0 0 0
20.054 0x2B main_weld 1 1 1 1 206 23.7 8.4 190 23.5 0 0 0
20.099 0x2B main_weld 1 1 1 1 206 23.7 8.4 190 23.5 0 0 0
20.135 0x2B main_weld 1 1 1 1 206 23.7 8.4 190 23.5 0 0 0
20.175 0x2B main_weld 1 1 1 1 200 23.5 8.4 190 23.5 0 0 0
20.212 0x2B main_weld 1 1 1 1 200 23.5 8.4 190 23.5 0 0 0
20.256 0x2B main_weld 1 1 1 1 200 23.5 8.4 190 23.5 0 0 0
20.295 0x2B main_weld 1 1 1 1 200 23.5 8.4 190 23.5 0 0 0
20.336 0x2B main_weld 1 1 1 1 200 23.5 8.4 190 23.5 0 0 0
20.372 0x2B main_weld 1 1 1 1 206 23.5 8.4 190 23.5 0 0 0
20.413 0x2B main_weld 1 1 1 1 206 23.5 8.4 190 23.5 0 0 0
20.453 0x2B main_weld 1 1 1 1 206 23.5 8.4 190 23.5 0 0 0
20.495 0x2B main_weld 1 1 1 1 206 23.5 8.4 190 23.5 0 0 0
20.534 0x2B main_weld 1 1 1 1 202 23.6 8.4 190 23.5 0 0 0
20.576 0x2B main_weld 1 1 1 1 202 23.6 8.4 190 23.5 0 0 0
20.616 0x2B main_weld 1 1 1 1 202 23.6 8.4 190 23.5 0 0 0
20.664 0x2B main_weld 1 1 1 1 200 23.6 8.4 190 23.5 0 0 0
20.698 0x2B main_weld 1 1 1 1 200 23.7 8.4 190 23.5 0 0 0
20.736 0x2B main_weld 1 1 1 1 200 23.7 8.4 190 23.5 0 0 0
20.776 0x2B main_weld 1 1 1 1 200 23.7 8.4 190 23.5 0 0 0
20.815 0x2B main_weld 1 1 1 1 205 23.7 8.4 190 23.5 0 0 0
20.857 0x2B main_weld 1 1 1 1 205 23.5 8.4 190 23.5 0 0 0
20.894 0x2B main_weld 1 1 1 1 205 23.5 8.4 190 23.5 0 0 0
20.936 0x2B main_weld 1 1 1 1 205 23.5 8.4 190 23.5 0 0 0
20.978 0x2B main_weld 1 1 1 1 205 23.5 8.4 190 23.5 0 0 0
21.015 0x2B main_weld 1 1 1 1 207 23.5 8.4 190 23.5 0 0 0
21.055 0x2B main_weld 1 1 1 1 207 23.6 8.4 190 23.5 0 0 0
21.098 0x2B main_weld 1 1 1 1 207 23.6 8.4 190 23.5 0 0 0
21.135 0x2B main_weld 1 1 1 1 207 23.6 8.4 190 23.5 0 0 0
21.178 0x2B main_weld 1 1 1 1 204 23.6 8.4 190 23.5 0 0 0
21.217 0x2B main_weld 1 1 1 1 204 23.6 8.4 190 23.5 0 0 0
21.256 0x2B main_weld 1 1 1 1 204 23.8 8.4 190 23.5 0 0 0
21.293 0x2B main_weld 1 1 1 1 204 23.8 8.4 190 23.5 0 0 0
21.334 0x2B main_weld 1 1 1 1 204 23.2 8.4 190 23.5 0 0 0
21.377 0x2B main_weld 1 1 1 1 210 23.2 8.4 190 23.5 0 0 0
21.416 0x2B main_weld 1 1 1 1 210 23.2 8.4 190 23.5 0 0 0
21.459 0x2B main_weld 1 1 1 1 210 23.2 8.4 190 23.5 0 0 0
21.492 0x2B main_weld 1 1 1 1 210 23.5 8.4 190 23.5 0 0 0
21.537 0x2B main_weld 1 1 1 1 196 23.5 8.4 190 23.5 0 0 0
21.575 0x2B main_weld 1 1 1 1 196 23.5 8.4 190 23.5 0 0 0
21.613 0x2B main_weld 1 1 1 1 196 23.5 8.4 190 23.5 0 0 0
21.656 0x2B main_weld 1 1 1 1 196 23.5 8.4 190 23.5 0 0 0
21.694 0x2B main_weld 1 1 1 1 196 23.6 8.4 190 23.5 0 0 0
21.738 0x2B main_weld 1 1 1 1 211 23.6 8.4 190 23.5 0 0 0
21.775 0x2B main_weld 1 1 1 1 211 23.6 8.4 190 23.5 0 0 0
21.815 0x2B main_weld 1 1 1 1 211 23.6 8.4 190 23.5 0 0 0
21.856 0x2B main_weld 1 1 1 1 211 23.6 8.4 190 23.5 0 0 0
21.895 0x2B main_weld 1 1 1 1 205 23.6 8.4 190 23.5 0 0 0
21.933 0x2B main_weld 1 1 1 1 205 23.6 8.4 190 23.5 0 0 0
21.974 0x2B main_weld 1 1 1 1 207 23.6 8.4 190 23.5 0 0 0
22.014 0x2B main_weld 1 1 1 1 207 23.6 8.4 190 23.5 0 0 0
22.056 0x2B main_weld 1 1 1 1 207 23.6 8.4 190 23.5 0 0 0
22.095 0x2B main_weld 1 1 1 1 207 23.6 8.4 190 23.5 0 0 0
22.134 0x2B main_weld 1 1 1 1 207 23.6 8.4 190 23.5 0 0 0
22.173 0x2B main_weld 1 1 1 1 211 23.6 8.4 190 23.5 0 0 0
22.212 0x2B main_weld 1 1 1 1 211 23.7 8.4 190 23.5 0 0 0
22.254 0x2B main_weld 1 1 1 1 211 23.7 8.4 190 23.5 0 0 0
22.294 0x2B main_weld 1 1 1 1 211 23.7 8.4 190 23.5 0 0 0
22.335 0x2B main_weld 1 1 1 1 211 23.7 8.4 190 23.5 0 0 0
22.372 0x2B main_weld 1 1 1 1 211 23.7 8.4 190 23.5 0 0 0
22.413 0x2B main_weld 1 1 1 1 211 23.1 8.4 190 23.5 0 0 0
22.455 0x2B main_weld 1 1 1 1 211 23.1 8.4 190 23.5 0 0 0
22.492 0x2B main_weld 1 1 1 1 211 23.6 8.4 190 23.5 0 0 0
22.535 0x2B main_weld 1 1 1 1 183 23.6 8.4 190 23.5 0 0 0
22.575 0x2B main_weld 1 1 1 1 183 23.6 8.4 190 23.5 0 0 0
22.616 0x2B main_weld 1 1 1 1 183 23.6 8.4 190 23.5 0 0 0
22.655 0x2B main_weld 1 1 1 1 183 23.6 8.4 190 23.5 0 0 0
22.693 0x2B main_weld 1 1 1 1 207 23.4 8.4 190 23.5 0 0 0
22.734 0x2B main_weld 1 1 1 1 207 23.4 8.4 190 23.5 0 0 0
22.774 0x2B main_weld 1 1 1 1 207 23.4 8.4 190 23.5 0 0 0
22.814 0x2B main_weld 1 1 1 1 207 23.4 8.4 190 23.5 0 0 0
22.855 0x2B main_weld 1 1 1 1 207 23.5 8.4 190 23.5 0 0 0
22.894 0x2B main_weld 1 1 1 1 205 23.5 8.4 190 23.5 0 0 0
22.934 0x2B main_weld 1 1 1 1 205 23.5 8.4 190 23.5 0 0 0
22.974 0x2B main_weld 1 1 1 1 205 23.5 8.4 190 23.5 0 0 0
23.015 0x2B main_weld 1 1 1 1 205 23.5 8.4 190 23.5 0 0 0
23.054 0x2B main_weld 1 1 1 1 210 23.4 8.4 190 23.5 0 0 0
23.094 0x2B main_weld 1 1 1 1 210 23.4 8.4 190 23.5 0 0 0
23.133 0x2B main_weld 1 1 1 1 210 23.4 8.4 190 23.5 0 0 0
23.183 0x2B main_weld 1 1 1 1 210 23.4 8.4 190 23.5 0 0 0
23.217 0x2B main_weld 1 1 1 1 210 23.6 8.4 190 23.5 0 0 0
23.255 0x2B main_weld 1 1 1 1 201 23.6 8.4 190 23.5 0 0 0
23.294 0x2B main_weld 1 1 1 1 201 23.6 8.4 190 23.5 0 0 0
23.333 0x2B main_weld 1 1 1 1 201 23.6 8.4 190 23.5 0 0 0
23.377 0x2B main_weld 1 1 1 1 201 23.6 8.4 190 23.5 0 0 0
23.414 0x2B main_weld 1 1 1 1 211 23.8 8.4 190 23.5 0 0 0
23.457 0x2B main_weld 1 1 1 1 211 23.8 8.4 190 23.5 0 0 0
23.495 0x2B main_weld 1 1 1 1 211 23.8 8.4 190 23.5 0 0 0
23.534 0x2B main_weld 1 1 1 1 202 23.8 8.4 190 23.5 0 0 0
23.574 0x2B main_weld 1 1 1 1 202 23.4 8.4 190 23.5 0 0 0
23.617 0x2B main_weld 1 1 1 1 202 23.4 8.4 190 23.5 0 0 0
23.655 0x2B main_weld 1 1 1 1 202 23.4 8.4 190 23.5 0 0 0
23.699 0x2B main_weld 1 1 1 1 208 23.4 8.4 190 23.5 0 0 0
23.735 0x2B main_weld 1 1 1 1 208 23.4 8.4 190 23.5 0 0 0
23.773 0x2B main_weld 1 1 1 1 208 23.1 8.4 190 23.5 0 0 0
23.814 0x2B main_weld 1 1 1 1 208 23.1 8.4 190 23.5 0 0 0
23.854 0x2B main_weld 1 1 1 1 208 23.1 8.4 190 23.5 0 0 0
23.893 0x2B main_weld 1 1 1 1 201 23.1 8.4 190 23.5 0 0 0
23.936 0x2B main_weld 1 1 1 1 201 23.4 8.4 190 23.5 0 0 0
23.978 0x2B main_weld 1 1 1 1 201 23.4 8.4 190 23.5 0 0 0
24.015 0x2B main_weld 1 1 1 1 201 23.6 8.4 190 23.5 0 0 0
24.055 0x2B main_weld 1 1 1 1 195 23.6 8.4 190 23.5 0 0 0
24.095 0x2B main_weld 1 1 1 1 195 23.6 8.4 190 23.5 0 0 0
24.137 0x2B main_weld 1 1 1 1 195 23.6 8.4 190 23.5 0 0 0
24.181 0x2B main_weld 1 1 1 1 195 23.6 8.4 190 23.5 0 0 0
24.222 0x2B main_weld 1 1 1 1 202 23.4 8.4 190 23.5 0 0 0
24.257 0x2B main_weld 1 1 1 1 202 23.4 8.4 190 23.5 0 0 0
24.299 0x2B main_weld 1 1 1 1 202 23.4 8.4 190 23.5 0 0 0
24.334 0x2B main_weld 1 1 1 1 202 23.4 8.4 190 23.5 0 0 0
24.376 0x2B main_weld 1 1 1 1 202 23.6 8.4 190 23.5 0 0 0
24.414 0x2B main_weld 1 1 1 1 201 23.6 8.4 190 23.5 0 0 0
24.452 0x2B main_weld 1 1 1 1 201 23.6 8.4 190 23.5 0 0 0
24.495 0x2B main_weld 1 1 1 1 201 23.6 8.4 190 23.5 0 0 0
24.535 0x2B main_weld 1 1 1 1 201 23.6 8.4 190 23.5 0 0 0
24.576 0x2B main_weld 1 1 1 1 201 23.4 8.4 190 23.5 0 0 0
24.614 0x2B main_weld 1 1 1 1 199 23.4 8.4 190 23.5 0 0 0
24.655 0x2B main_weld 1 1 1 1 199 23.4 8.4 190 23.5 0 0 0
24.696 0x2B main_weld 1 1 1 1 200 23.4 8.4 190 23.5 0 0 0
24.736 0x2B main_weld 1 1 1 1 200 23.7 8.4 190 23.5 0 0 0
24.776 0x2B main_weld 1 1 1 1 200 23.7 8.4 190 23.5 0 0 0
24.823 0x2B main_weld 1 1 1 1 200 23.7 8.4 190 23.5 0 0 0
24.860 0x2B main_weld 1 1 1 1 204 23.7 8.4 190 23.5 0 0 0
24.897 0x2B main_weld 1 1 1 1 204 23.7 8.4 190 23.5 0 0 0
24.934 0x2B main_weld 1 1 1 1 204 23.6 8.4 190 23.5 0 0 0
24.976 0x2B main_weld 1 1 1 1 204 23.6 8.4 190 23.5 0 0 0
25.014 0x2B main_weld 1 1 1 1 204 23.6 8.4 190 23.5 0 0 0
25.054 0x2B main_weld 1 1 1 1 202 23.6 8.4 190 23.5 0 0 0
25.097 0x2B main_weld 1 1 1 1 202 23.7 8.4 190 23.5 0 0 0
25.137 0x2B main_weld 1 1 1 1 202 23.7 8.4 190 23.5 0 0 0
25.177 0x2B main_weld 1 1 1 1 202 23.7 8.4 190 23.5 0 0 0
25.214 0x2B main_weld 1 1 1 1 200 23.7 8.4 190 23.5 0 0 0
25.254 0x2B main_weld 1 1 1 1 200 23.7 8.4 190 23.5 0 0 0
25.295 0x2B main_weld 1 1 1 1 200 23.3 8.4 190 23.5 0 0 0
25.334 0x2B main_weld 1 1 1 1 200 23.3 8.4 190 23.5 0 0 0
25.378 0x2B main_weld 1 1 1 1 200 23.3 8.4 190 23.5 0 0 0
25.419 0x2B main_weld 1 1 1 1 206 23.3 8.4 190 23.5 0 0 0
25.453 0x2B main_weld 1 1 1 1 206 23.5 8.4 190 23.5 0 0 0
25.493 0x2B main_weld 1 1 1 1 206 23.5 8.4 190 23.5 0 0 0
25.537 0x2B main_weld 1 1 1 1 206 23.5 8.4 190 23.5 0 0 0
25.574 0x2B main_weld 1 1 1 1 201 23.1 8.4 190 23.5 0 0 0
25.614 0x2B main_weld 1 1 1 1 201 23.1 8.4 190 23.5 0 0 0
25.653 0x2B main_weld 1 1 1 1 201 23.1 8.4 190 23.5 0 0 0
25.698 0x2B main_weld 1 1 1 1 201 23.1 8.4 190 23.5 0 0 0
25.734 0x2B main_weld 1 1 1 1 201 23.7 8.4 190 23.5 0 0 0
25.776 0x2B main_weld 1 1 1 1 201 23.7 8.4 190 23.5 0 0 0
25.815 0x2B main_weld 1 1 1 1 201 23.7 8.4 190 23.5 0 0 0
25.854 0x2B main_weld 1 1 1 1 201 23.7 8.4 190 23.5 0 0 0
25.900 0x2B main_weld 1 1 1 1 201 23.7 8.4 190 23.5 0 0 0
25.940 0x2B main_weld 1 1 1 1 210 23.7 8.4 190 23.5 0 0 0
25.974 0x2B main_weld 1 1 1 1 210 23.7 8.4 190 23.5 0 0 0
26.016 0x2B main_weld 1 1 1 1 210 23.7 8.4 190 23.5 0 0 0
26.054 0x2B main_weld 1 1 1 1 210 23.7 8.4 190 23.5 0 0 0
26.094 0x2B main_weld 1 1 1 1 210 23.6 8.4 190 23.5 0 0 0
26.135 0x2B main_weld 1 1 1 1 206 23.6 8.4 190 23.5 0 0 0
26.175 0x2B main_weld 1 1 1 1 206 23.6 8.4 190 23.5 0 0 0
26.215 0x2B main_weld 1 1 1 1 204 23.6 8.4 190 23.5 0 0 0
26.255 0x2B main_weld 1 1 1 1 204 23.6 8.4 190 23.5 0 0 0
26.297 0x2B main_weld 1 1 1 1 204 23.6 8.4 190 23.5 0 0 0
26.336 0x2B main_weld 1 1 1 1 204 23.6 8.4 190 23.5 0 0 0
26.378 0x2B main_weld 1 1 1 1 204 23.6 8.4 190 23.5 0 0 0
26.417 0x2B main_weld 1 1 1 1 208 23.6 8.4 190 23.5 0 0 0
26.455 0x2B main_weld 1 1 1 1 208 23.4 8.4 190 23.5 0 0 0
26.498 0x2B main_weld 1 1 1 1 208 23.4 8.4 190 23.5 0 0 0
26.536 0x2B main_weld 1 1 1 1 208 23.4 8.4 190 23.5 0 0 0
26.573 0x2B main_weld 1 1 1 1 202 23.4 8.4 190 23.5 0 0 0
26.615 0x2B main_weld 1 1 1 1 202 23.4 8.4 190 23.5 0 0 0
26.653 0x2B main_weld 1 1 1 1 202 23.5 8.4 190 23.5 0 0 0
26.696 0x2B main_weld 1 1 1 1 202 23.5 8.4 190 23.5 0 0 0
26.736 0x2B main_weld 1 1 1 1 202 23.2 8.4 190 23.5 0 0 0
26.777 0x2B main_weld 1 1 1 1 211 23.2 8.4 190 23.5 0 0 0
26.820 0x2B main_weld 1 1 1 1 211 23.2 8.4 190 23.5 0 0 0
26.854 0x2B main_weld 1 1 1 1 211 23.2 8.4 190 23.5 0 0 0
26.898 0x2B main_weld 1 1 1 1 211 23.3 8.4 190 23.5 0 0 0
26.938 0x2B main_weld 1 1 1 1 201 23.3 8.4 190 23.5 0 0 0
26.976 0x2B main_weld 1 1 1 1 201 23.3 8.4 190 23.5 0 0 0
27.019 0x2B main_weld 1 1 1 1 201 23.3 8.4 190 23.5 0 0 0
27.056 0x2B main_weld 1 1 1 1 201 23.3 8.4 190 23.5 0 0 0
27.097 0x2B main_weld 1 1 1 1 201 23.4 8.4 190 23.5 0 0 0
27.133 0x2B main_weld 1 1 1 1 201 23.4 8.4 190 23.5 0 0 0
27.175 0x2B main_weld 1 1 1 1 201 23.4 8.4 190 23.5 0 0 0
27.216 0x2B main_weld 1 1 1 1 201 23.4 8.4 190 23.5 0 0 0
27.261 0x2B main_weld 1 1 1 1 201 23.6 8.4 190 23.5 0 0 0
27.293 0x2B main_weld 1 1 1 1 201 23.6 8.4 190 23.5 0 0 0
27.334 0x2B main_weld 1 1 1 1 201 23.6 8.4 190 23.5 0 0 0
27.376 0x2B main_weld 1 1 1 1 200 23.6 8.4 190 23.5 0 0 0
27.416 0x2B main_weld 1 1 1 1 200 23.6 8.4 190 23.5 0 0 0
27.455 0x2B main_weld 1 1 1 1 200 23.5 8.4 190 23.5 0 0 0
27.504 0x2B main_weld 1 1 1 1 212 23.5 8.4 190 23.5 0 0 0
27.536 0x2B main_weld 1 1 1 1 212 23.5 8.4 190 23.5 0 0 0
27.577 0x2B main_weld 1 1 1 1 212 23.5 8.4 190 23.5 0 0 0
27.617 0x2B main_weld 1 1 1 1 212 23.6 8.4 190 23.5 0 0 0
27.654 0x2B main_weld 1 1 1 1 196 23.6 8.4 190 23.5 0 0 0
27.695 0x2B main_weld 1 1 1 1 196 23.6 8.4 190 23.5 0 0 0
27.737 0x2B main_weld 1 1 1 1 202 23.6 8.4 190 23.5 0 0 0
27.777 0x2B main_weld 1 1 1 1 202 23.6 8.4 190 23.5 0 0 0
27.812 0x2B main_weld 1 1 1 1 202 23.4 8.4 190 23.5 0 0 0
27.854 0x2B main_weld 1 1 1 1 202 23.4 8.4 190 23.5 0 0 0
27.896 0x2B main_weld 1 1 1 1 202 23.4 8.4 190 23.5 0 0 0
27.945 0x2B main_weld 1 1 1 1 196 23.4 8.4 190 23.5 0 0 0
27.973 0x2B main_weld 1 1 1 1 196 23.5 8.4 190 23.5 0 0 0
28.015 0x2B main_weld 1 1 1 1 196 23.5 8.4 190 23.5 0 0 0
28.055 0x2B main_weld 1 1 1 1 196 23.5 8.4 190 23.5 0 0 0
28.097 0x2B main_weld 1 1 1 1 202 23.5 8.4 190 23.5 0 0 0
28.138 0x2B main_weld 1 1 1 1 202 23.5 8.4 190 23.5 0 0 0
28.183 0x2B main_weld 1 1 1 1 202 23.7 8.4 190 23.5 0 0 0
28.221 0x2B main_weld 1 1 1 1 202 23.7 8.4 190 23.5 0 0 0
28.259 0x2B main_weld 1 1 1 1 202 23.6 8.4 190 23.5 0 0 0
28.299 0x2B main_weld 1 1 1 1 204 23.6 8.4 190 23.5 0 0 0
28.338 0x2B main_weld 1 1 1 1 204 23.6 8.4 190 23.5 0 0 0
28.375 0x2B main_weld 1 1 1 1 204 23.6 8.4 190 23.5 0 0 0
28.415 0x2B main_weld 1 1 1 1 204 23.6 8.4 190 23.5 0 0 0
28.457 0x2B main_weld 1 1 1 1 201 23.4 8.4 190 23.5 0 0 0
28.503 0x2B main_weld 1 1 1 1 201 23.4 8.4 190 23.5 0 0 0
28.540 0x2B main_weld 1 1 1 1 201 23.4 8.4 190 23.5 0 0 0
28.577 0x2B main_weld 1 1 1 1 201 23.4 8.4 190 23.5 0 0 0
28.617 0x2B main_weld 1 1 1 1 201 23.6 8.4 190 23.5 0 0 0
28.654 0x2B main_weld 1 1 1 1 200 23.6 8.4 190 23.5 0 0 0
28.695 0x2B main_weld 1 1 1 1 200 23.6 8.4 190 23.5 0 0 0
28.744 0x2B main_weld 1 1 1 1 200 23.6 8.4 190 23.5 0 0 0
28.778 0x2B main_weld 1 1 1 1 200 23.6 8.4 190 23.5 0 0 0
28.817 0x2B main_weld 1 1 1 1 198 23.6 8.4 190 23.5 0 0 0
28.854 0x2B main_weld 1 1 1 1 198 23.6 8.4 190 23.5 0 0 0
28.899 0x2B main_weld 1 1 1 1 198 23.5 8.4 190 23.5 0 0 0
28.934 0x2B main_weld 1 1 1 1 200 23.5 8.4 190 23.5 0 0 0
28.975 0x2B main_weld 1 1 1 1 200 23.6 8.4 190 23.5 0 0 0
29.015 0x2B main_weld 1 1 1 1 200 23.6 8.4 190 23.5 0 0 0
29.058 0x2B main_weld 1 1 1 1 200 23.6 8.4 190 23.5 0 0 0
29.095 0x2B main_weld 1 1 1 1 205 23.6 8.4 190 23.5 0 0 0
29.135 0x2B main_weld 1 1 1 1 205 23.6 8.4 190 23.5 0 0 0
29.181 0x2B main_weld 1 1 1 1 205 23.4 8.4 190 23.5 0 0 0
29.212 0x2B main_weld 1 1 1 1 205 23.4 8.4 190 23.5 0 0 0
29.257 0x2B main_weld 1 1 1 1 205 23.4 8.4 190 23.5 0 0 0
29.295 0x2B main_weld 1 1 1 1 201 23.4 8.4 190 23.5 0 0 0
29.336 0x2B main_weld 1 1 1 1 201 23.2 8.4 190 23.5 0 0 0
29.376 0x2B main_weld 1 1 1 1 201 23.2 8.4 190 23.5 0 0 0
29.414 0x2B main_weld 1 1 1 1 201 23.2 8.4 190 23.5 0 0 0
29.454 0x2B main_weld 1 1 1 1 202 23.2 8.4 190 23.5 0 0 0
29.494 0x2B main_weld 1 1 1 1 202 23.2 8.4 190 23.5 0 0 0
29.533 0x2B main_weld 1 1 1 1 202 23.5 8.4 190 23.5 0 0 0
29.577 0x2B main_weld 1 1 1 1 202 23.5 8.4 190 23.5 0 0 0
29.616 0x2B main_weld 1 1 1 1 202 23.5 8.4 190 23.5 0 0 0
29.656 0x2B main_weld 1 1 1 1 202 23.5 8.4 190 23.5 0 0 0
29.695 0x2B main_weld 1 1 1 1 202 23.3 8.4 190 23.5 0 0 0
29.738 0x2B main_weld 1 1 1 1 202 23.3 8.4 190 23.5 0 0 0
29.781 0x2B main_weld 1 1 1 1 202 23.1 8.4 190 23.5 0 0 0
29.816 0x2B main_weld 1 1 1 1 207 23.1 8.4 190 23.5 0 0 0
29.859 0x2B main_weld 1 1 1 1 207 23.1 8.4 190 23.5 0 0 0
29.895 0x2B main_weld 1 1 1 1 207 23.1 8.4 190 23.5 0 0 0
29.940 0x2B main_weld 1 1 1 1 207 23.1 8.4 190 23.5 0 0 0
29.978 0x2B main_weld 1 1 1 1 207 23.2 8.4 190 23.5 0 0 0
30.015 0x2B main_weld 1 1 1 1 200 23.2 8.4 190 23.5 0 0 0
30.053 0x2B main_weld 1 1 1 1 200 23.2 8.4 190 23.5 0 0 0
30.093 0x2B main_weld 1 1 1 1 200 23.2 8.4 190 23.5 0 0 0
30.135 0x2B main_weld 1 1 1 1 200 23.6 8.4 190 23.5 0 0 0
30.179 0x2B main_weld 1 1 1 1 204 23.6 8.4 190 23.5 0 0 0
30.216 0x2B main_weld 1 1 1 1 204 23.6 8.4 190 23.5 0 0 0
30.258 0x2B main_weld 1 1 1 1 204 23.6 8.4 190 23.5 0 0 0
30.299 0x2B main_weld 1 1 1 1 204 23.6 8.4 190 23.5 0 0 0
30.334 0x2B main_weld 1 1 1 1 204 23.7 8.4 190 23.5 0 0 0
30.377 0x2B main_weld 1 1 1 1 200 23.7 8.4 190 23.5 0 0 0
30.417 0x2B main_weld 1 1 1 1 200 23.7 8.4 190 23.5 0 0 0
30.458 0x2B main_weld 1 1 1 1 204 23.7 8.4 190 23.5 0 0 0
30.494 0x2B main_weld 1 1 1 1 204 23.4 8.4 190 23.5 0 0 0
30.532 0x2B main_weld 1 1 1 1 204 23.4 8.4 190 23.5 0 0 0
30.574 0x2B main_weld 1 1 1 1 204 23.4 8.4 190 23.5 0 0 0
30.614 0x2B main_weld 1 1 1 1 204 23.4 8.4 190 23.5 0 0 0
30.654 0x2B main_weld 1 1 1 1 204 23.4 8.4 190 23.5 0 0 0
30.694 0x2B main_weld 1 1 1 1 204 23.7 8.4 190 23.5 0 0 0
30.736 0x2B main_weld 1 1 1 1 204 23.7 8.4 190 23.5 0 0 0
30.779 0x2B main_weld 1 1 1 1 204 23.7 8.4 190 23.5 0 0 0
30.815 0x2B main_weld 1 1 1 1 193 23.7 8.4 190 23.5 0 0 0
30.853 0x2B main_weld 1 1 1 1 193 23.7 8.4 190 23.5 0 0 0
30.894 0x2B main_weld 1 1 1 1 193 23.7 8.4 190 23.5 0 0 0
30.935 0x2B main_weld 1 1 1 1 193 23.7 8.4 190 23.5 0 0 0
30.978 0x2B main_weld 1 1 1 1 207 23.5 8.4 190 23.5 0 0 0
31.025 0x2B main_weld 1 1 1 1 207 23.5 8.4 190 23.5 0 0 0
31.055 0x2B main_weld 1 1 1 1 207 23.5 8.4 190 23.5 0 0 0
31.097 0x2B main_weld 1 1 1 1 207 23.5 8.4 190 23.5 0 0 0
31.134 0x2B main_weld 1 1 1 1 207 23.3 8.4 190 23.5 0 0 0
31.177 0x2B main_weld 1 1 1 1 198 23.3 8.4 190 23.5 0 0 0
31.213 0x2B main_weld 1 1 1 1 198 23.3 8.4 190 23.5 0 0 0
31.257 0x2B main_weld 1 1 1 1 198 23.3 8.4 190 23.5 0 0 0
31.296 0x2B main_weld 1 1 1 1 198 23.3 8.4 190 23.5 0 0 0
31.336 0x2B main_weld 1 1 1 1 198 23.5 8.4 190 23.5 0 0 0
31.379 0x2B main_weld 1 1 1 1 198 23.5 8.4 190 23.5 0 0 0
31.415 0x2B main_weld 1 1 1 1 198 23.5 8.4 190 23.5 0 0 0
31.454 0x2B main_weld 1 1 1 1 198 23.5 8.4 190 23.5 0 0 0
31.494 0x2B main_weld 1 1 1 1 198 23.4 8.4 190 23.5 0 0 0
31.534 0x2B main_weld 1 1 1 1 192 23.4 8.4 190 23.5 0 0 0
31.576 0x2B main_weld 1 1 1 1 192 23.4 8.4 190 23.5 0 0 0
31.614 0x2B main_weld 1 1 1 1 192 23.4 8.4 190 23.5 0 0 0
31.653 0x2B main_weld 1 1 1 1 192 23.4 8.4 190 23.5 0 0 0
31.696 0x2B main_weld 1 1 1 1 200 23.6 8.4 190 23.5 0 0 0
31.733 0x2B main_weld 1 1 1 1 200 23.6 8.4 190 23.5 0 0 0
31.777 0x2B main_weld 1 1 1 1 200 23.6 8.4 190 23.5 0 0 0
31.814 0x2B main_weld 1 1 1 1 200 23.6 8.4 190 23.5 0 0 0
31.855 0x2B main_weld 1 1 1 1 200 23.7 8.4 190 23.5 0 0 0
31.894 0x2B main_weld 1 1 1 1 195 23.7 8.4 190 23.5 0 0 0
31.933 0x2B main_weld 1 1 1 1 195 23.7 8.4 190 23.5 0 0 0
31.974 0x2B main_weld 1 1 1 1 205 23.7 8.4 190 23.5 0 0 0
32.013 0x2B main_weld 1 1 1 1 205 23.7 8.4 190 23.5 0 0 0
32.053 0x2B main_weld 1 1 1 1 205 23.5 8.4 190 23.5 0 0 0
32.093 0x2B main_weld 1 1 1 1 205 23.5 8.4 190 23.5 0 0 0
32.138 0x2B main_weld 1 1 1 1 205 23.5 8.4 190 23.5 0 0 0
32.177 0x2B main_weld 1 1 1 1 196 23.5 8.4 190 23.5 0 0 0
32.217 0x2B main_weld 1 1 1 1 196 23.8 8.4 190 23.5 0 0 0
32.255 0x2B main_weld 1 1 1 1 196 23.8 8.4 190 23.5 0 0 0
32.295 0x2B main_weld 1 1 1 1 196 23.8 8.4 190 23.5 0 0 0
32.334 0x2B main_weld 1 1 1 1 205 23.8 8.4 190 23.5 0 0 0
32.377 0x2B main_weld 1 1 1 1 205 23.8 8.4 190 23.5 0 0 0
32.417 0x2B main_weld 1 1 1 1 205 23.8 8.4 190 23.5 0 0 0
32.455 0x2B main_weld 1 1 1 1 205 23.8 8.4 190 23.5 0 0 0
32.495 0x2B main_weld 1 1 1 1 205 23.6 8.4 190 23.5 0 0 0
32.538 0x2B main_weld 1 1 1 1 199 23.6 8.4 190 23.5 0 0 0
32.577 0x2B main_weld 1 1 1 1 199 23.6 8.4 190 23.5 0 0 0
32.619 0x2B main_weld 1 1 1 1 199 23.6 8.4 190 23.5 0 0 0
32.657 0x2B main_weld 1 1 1 1 199 23.7 8.4 190 23.5 0 0 0
32.698 0x2B main_weld 1 1 1 1 205 23.7 8.4 190 23.5 0 0 0
32.736 0x2B main_weld 1 1 1 1 205 23.7 8.4 190 23.5 0 0 0
32.779 0x2B main_weld 1 1 1 1 205 23.7 8.4 190 23.5 0 0 0
32.814 0x2B main_weld 1 1 1 1 205 23.7 8.4 190 23.5 0 0 0
32.854 0x2B main_weld 1 1 1 1 205 23.8 8.4 190 23.5 0 0 0
32.896 0x2B main_weld 1 1 1 1 199 23.8 8.4 190 23.5 0 0 0
32.935 0x2B main_weld 1 1 1 1 199 23.8 8.4 190 23.5 0 0 0
32.975 0x2B main_weld 1 1 1 1 199 23.8 8.4 190 23.5 0 0 0
33.015 0x2B main_weld 1 1 1 1 199 23.5 8.4 190 23.5 0 0 0
33.055 0x2B main_weld 1 1 1 1 202 23.5 8.4 190 23.5 0 0 0
33.095 0x2B main_weld 1 1 1 1 202 23.5 8.4 190 23.5 0 0 0
33.138 0x2B main_weld 1 1 1 1 202 23.5 8.4 190 23.5 0 0 0
33.179 0x2B main_weld 1 1 1 1 202 23.5 8.4 190 23.5 0 0 0
33.217 0x2B main_weld 1 1 1 1 202 23.2 8.4 190 23.5 0 0 0
33.261 0x2B main_weld 1 1 1 1 202 23.2 8.4 190 23.5 0 0 0
33.298 0x2B main_weld 1 1 1 1 202 23.2 8.4 190 23.5 0 0 0
33.335 0x2B main_weld 1 1 1 1 202 23.2 8.4 190 23.5 0 0 0
33.377 0x2B main_weld 1 1 1 1 202 23.5 8.4 190 23.5 0 0 0
33.417 0x2B main_weld 1 1 1 1 202 23.5 8.4 190 23.5 0 0 0
33.454 0x2B main_weld 1 1 1 1 202 23.5 8.4 190 23.5 0 0 0
33.495 0x2B main_weld 1 1 1 1 205 23.5 8.4 190 23.5 0 0 0
33.540 0x2B main_weld 1 1 1 1 205 23.5 8.4 190 23.5 0 0 0
33.579 0x2B main_weld 1 1 1 1 205 23.7 8.4 190 23.5 0 0 0
33.624 0x2B main_weld 1 1 1 1 205 23.7 8.4 190 23.5 0 0 0
33.652 0x2B main_weld 1 1 1 1 205 23.7 8.4 190 23.5 0 0 0
33.696 0x2B main_weld 1 1 1 1 202 23.7 8.4 190 23.5 0 0 0
33.738 0x2B main_weld 1 1 1 1 202 23.7 8.4 190 23.5 0 0 0
33.779 0x2B main_weld 1 1 1 1 202 23.7 8.4 190 23.5 0 0 0
33.814 0x2B main_weld 1 1 1 1 202 23.7 8.4 190 23.5 0 0 0
33.859 0x2B main_weld 1 1 1 1 202 23.7 8.4 190 23.5 0 0 0
33.898 0x2B main_weld 1 1 1 1 202 23.7 8.4 190 23.5 0 0 0
33.939 0x2B main_weld 1 1 1 1 202 23.7 8.4 190 23.5 0 0 0
33.984 0x2B main_weld 1 1 1 1 202 23.7 8.4 190 23.5 0 0 0
34.015 0x2B main_weld 1 1 1 1 202 23.8 8.4 190 23.5 0 0 0
34.054 0x2B main_weld 1 1 1 1 200 23.8 8.4 190 23.5 0 0 0
34.095 0x2B main_weld 1 1 1 1 200 23.8 8.4 190 23.5 0 0 0
34.132 0x2B main_weld 1 1 1 1 200 23.8 8.4 190 23.5 0 0 0
34.172 0x2B main_weld 1 1 1 1 200 23.8 8.4 190 23.5 0 0 0
34.219 0x2B main_weld 1 1 1 1 201 23.6 8.4 190 23.5 0 0 0
34.254 0x2B main_weld 1 1 1 1 201 23.6 8.4 190 23.5 0 0 0
34.298 0x2B main_weld 1 1 1 1 201 23.6 8.4 190 23.5 0 0 0
34.339 0x2B main_weld 1 1 1 1 201 23.6 8.4 190 23.5 0 0 0
34.381 0x2B main_weld 1 1 1 1 201 23.8 8.4 190 23.5 0 0 0
34.415 0x2B main_weld 1 1 1 1 201 23.8 8.4 190 23.5 0 0 0
34.457 0x2B main_weld 1 1 1 1 201 23.8 8.4 190 23.5 0 0 0
34.494 0x2B main_weld 1 1 1 1 201 23.8 8.4 190 23.5 0 0 0
34.536 0x2B main_weld 1 1 1 1 201 23.8 8.4 190 23.5 0 0 0
34.578 0x2B main_weld 1 1 1 1 195 23.9 8.4 190 23.5 0 0 0
34.613 0x2B main_weld 1 1 1 1 195 23.9 8.4 190 23.5 0 0 0
34.652 0x2B main_weld 1 1 1 1 195 23.9 8.4 190 23.5 0 0 0
34.693 0x2B main_weld 1 1 1 1 199 23.9 8.4 190 23.5 0 0 0
34.736 0x2B main_weld 1 1 1 1 199 23.6 8.4 190 23.5 0 0 0
34.777 0x2B main_weld 1 1 1 1 199 23.6 8.4 190 23.5 0 0 0
34.815 0x2B main_weld 1 1 1 1 199 23.6 8.4 190 23.5 0 0 0
34.856 0x2B main_weld 1 1 1 1 204 23.6 8.4 190 23.5 0 0 0
34.896 0x2B main_weld 1 1 1 1 204 23.6 8.4 190 23.5 0 0 0
34.933 0x2B main_weld 1 1 1 1 204 23.2 8.4 190 23.5 0 0 0
34.977 0x2B main_weld 1 1 1 1 204 23.2 8.4 190 23.5 0 0 0
35.013 0x2B main_weld 1 1 1 1 204 23.7 8.4 190 23.5 0 0 0
35.055 0x2B main_weld 1 1 1 1 192 23.7 8.4 190 23.5 0 0 0
35.094 0x2B main_weld 1 1 1 1 192 23.7 8.4 190 23.5 0 0 0
35.134 0x2B main_weld 1 1 1 1 192 23.7 8.4 190 23.5 0 0 0
35.178 0x2B main_weld 1 1 1 1 192 23.6 8.4 190 23.5 0 0 0
35.217 0x2B main_weld 1 1 1 1 198 23.6 8.4 190 23.5 0 0 0
35.254 0x2B main_weld 1 1 1 1 198 23.6 8.4 190 23.5 0 0 0
35.299 0x2B main_weld 1 1 1 1 198 23.6 8.4 190 23.5 0 0 0
35.341 0x2B main_weld 1 1 1 1 198 23.6 8.4 190 23.5 0 0 0
35.379 0x2B main_weld 1 1 1 1 198 23.5 8.4 190 23.5 0 0 0
35.416 0x2B main_weld 1 1 1 1 194 23.5 8.4 190 23.5 0 0 0
35.453 0x2B main_weld 1 1 1 1 194 23.5 8.4 190 23.5 0 0 0
35.505 0x2B main_weld 1 1 1 1 194 23.5 8.4 190 23.5 0 0 0
35.534 0x2B main_weld 1 1 1 1 194 23.4 8.4 190 23.5 0 0 0
35.578 0x2B main_weld 1 1 1 1 198 23.4 8.4 190 23.5 0 0 0
35.616 0x2B main_weld 1 1 1 1 198 23.4 8.4 190 23.5 0 0 0
35.654 0x2B main_weld 1 1 1 1 198 23.4 8.4 190 23.5 0 0 0
35.695 0x2B main_weld 1 1 1 1 198 23.4 8.4 190 23.5 0 0 0
35.735 0x2B main_weld 1 1 1 1 198 23.6 8.4 190 23.5 0 0 0
35.777 0x2B main_weld 1 1 1 1 198 23.6 8.4 190 23.5 0 0 0
35.817 0x2B main_weld 1 1 1 1 198 23.6 8.4 190 23.5 0 0 0
35.857 0x2B main_weld 1 1 1 1 198 23.6 8.4 190 23.5 0 0 0
35.904 0x2B main_weld 1 1 1 1 198 23.3 8.4 190 23.5 0 0 0
35.937 0x2B main_weld 1 1 1 1 194 23.3 8.4 190 23.5 0 0 0
35.976 0x2B main_weld 1 1 1 1 194 23.3 8.4 190 23.5 0 0 0
36.016 0x2B main_weld 1 1 1 1 194 23.3 8.4 190 23.5 0 0 0
36.056 0x2B main_weld 1 1 1 1 194 23.3 8.4 190 23.5 0 0 0
36.095 0x2B main_weld 1 1 1 1 194 23.7 8.4 190 23.5 0 0 0
36.135 0x2B main_weld 1 1 1 1 206 23.7 8.4 190 23.5 0 0 0
36.178 0x2B main_weld 1 1 1 1 206 23.7 8.4 190 23.5 0 0 0
36.217 0x2B main_weld 1 1 1 1 195 23.7 8.4 190 23.5 0 0 0
36.256 0x2B main_weld 1 1 1 1 195 23.5 8.4 190 23.5 0 0 0
36.298 0x2B main_weld 1 1 1 1 195 23.5 8.4 190 23.5 0 0 0
36.337 0x2B main_weld 1 1 1 1 195 23.5 8.4 190 23.5 0 0 0
36.375 0x2B main_weld 1 1 1 1 199 23.5 8.4 190 23.5 0 0 0
36.413 0x2B main_weld 1 1 1 1 199 23.5 8.4 190 23.5 0 0 0
36.459 0x2B main_weld 1 1 1 1 199 23.4 8.4 190 23.5 0 0 0
36.495 0x2B main_weld 1 1 1 1 199 23.4 8.4 190 23.5 0 0 0
36.536 0x2B main_weld 1 1 1 1 199 23.3 8.4 190 23.5 0 0 0
36.574 0x2B main_weld 1 1 1 1 201 23.3 8.4 190 23.5 0 0 0
36.615 0x2B main_weld 1 1 1 1 201 23.3 8.4 190 23.5 0 0 0
36.653 0x2B main_weld 1 1 1 1 201 23.3 8.4 190 23.5 0 0 0
36.694 0x2B main_weld 1 1 1 1 201 23.3 8.4 190 23.5 0 0 0
36.734 0x2B main_weld 1 1 1 1 201 23.5 8.4 190 23.5 0 0 0
36.775 0x2B main_weld 1 1 1 1 201 23.5 8.4 190 23.5 0 0 0
36.813 0x2B main_weld 1 1 1 1 201 23.5 8.4 190 23.5 0 0 0
36.855 0x2B main_weld 1 1 1 1 201 23.5 8.4 190 23.5 0 0 0
36.899 0x2B main_weld 1 1 1 1 201 23.4 8.4 190 23.5 0 0 0
36.934 0x2B main_weld 1 1 1 1 200 23.4 8.4 190 23.5 0 0 0
36.975 0x2B main_weld 1 1 1 1 200 23.4 8.4 190 23.5 0 0 0
37.019 0x2B main_weld 1 1 1 1 200 23.4 8.4 190 23.5 0 0 0
37.052 0x2B main_weld 1 1 1 1 200 23.4 8.4 190 23.5 0 0 0
37.096 0x2B main_weld 1 1 1 1 199 23.3 8.4 190 23.5 0 0 0
37.134 0x2B main_weld 1 1 1 1 199 23.3 8.4 190 23.5 0 0 0
37.181 0x2B main_weld 1 1 1 1 199 23.3 8.4 190 23.5 0 0 0
37.220 0x2B main_weld 1 1 1 1 199 23.3 8.4 190 23.5 0 0 0
37.257 0x2B main_weld 1 1 1 1 199 23.5 8.4 190 23.5 0 0 0
37.299 0x2B main_weld 1 1 1 1 200 23.5 8.4 190 23.5 0 0 0
37.340 0x2B main_weld 1 1 1 1 200 23.5 8.4 190 23.5 0 0 0
37.379 0x2B main_weld 1 1 1 1 201 23.5 8.4 190 23.5 0 0 0
37.416 0x2B main_weld 1 1 1 1 201 23.5 8.4 190 23.5 0 0 0
37.463 0x2B main_weld 1 1 1 1 201 23.7 8.4 190 23.5 0 0 0
37.494 0x2B main_weld 1 1 1 1 201 23.7 8.4 190 23.5 0 0 0
37.536 0x2B main_weld 1 1 1 1 201 23.7 8.4 190 23.5 0 0 0
37.572 0x2B main_weld 1 1 1 1 205 23.7 8.4 190 23.5 0 0 0
37.614 0x2B main_weld 1 1 1 1 205 23.3 8.4 190 23.5 0 0 0
37.655 0x2B main_weld 1 1 1 1 205 23.3 8.4 190 23.5 0 0 0
37.697 0x2B main_weld 1 1 1 1 205 23.3 8.4 190 23.5 0 0 0
37.737 0x2B main_weld 1 1 1 1 199 23.3 8.4 190 23.5 0 0 0
37.773 0x2B main_weld 1 1 1 1 199 23.3 8.4 190 23.5 0 0 0
37.813 0x2B main_weld 1 1 1 1 199 23.3 8.4 190 23.5 0 0 0
37.857 0x2B main_weld 1 1 1 1 199 23.3 8.4 190 23.5 0 0 0
37.893 0x2B main_weld 1 1 1 1 199 23.4 8.4 190 23.5 0 0 0
37.935 0x2B main_weld 1 1 1 1 196 23.4 8.4 190 23.5 0 0 0
37.978 0x2B main_weld 1 1 1 1 196 23.4 8.4 190 23.5 0 0 0
38.019 0x2B main_weld 1 1 1 1 196 23.4 8.4 190 23.5 0 0 0
38.056 0x2B main_weld 1 1 1 1 196 23.5 8.4 190 23.5 0 0 0
38.099 0x2B main_weld 1 1 1 1 200 23.5 8.4 190 23.5 0 0 0
38.139 0x2B main_weld 1 1 1 1 200 23.5 8.4 190 23.5 0 0 0
38.179 0x2B main_weld 1 1 1 1 200 23.5 8.4 190 23.5 0 0 0
38.217 0x2B main_weld 1 1 1 1 200 23.5 8.4 190 23.5 0 0 0
38.262 0x2B main_weld 1 1 1 1 200 23.6 8.4 190 23.5 0 0 0
38.294 0x2B main_weld 1 1 1 1 200 23.6 8.4 190 23.5 0 0 0
38.339 0x2B main_weld 1 1 1 1 200 23.6 8.4 190 23.5 0 0 0
38.381 0x2B main_weld 1 1 1 1 200 23.6 8.4 190 23.5 0 0 0
38.416 0x2B main_weld 1 1 1 1 200 23.6 8.4 190 23.5 0 0 0
38.458 0x2B main_weld 1 1 1 1 198 23.6 8.4 190 23.5 0 0 0
38.498 0x2B main_weld 1 1 1 1 198 23.6 8.4 190 23.5 0 0 0
38.544 0x2B main_weld 1 1 1 1 198 23.6 8.4 190 23.5 0 0 0
38.582 0x2B main_weld 1 1 1 1 198 23.6 8.4 190 23.5 0 0 0
38.615 0x2B main_weld 1 1 1 1 198 23.5 8.4 190 23.5 0 0 0
38.653 0x2B main_weld 1 1 1 1 195 23.5 8.4 190 23.5 0 0 0
38.696 0x2B main_weld 1 1 1 1 195 23.5 8.4 190 23.5 0 0 0
38.741 0x2B main_weld 1 1 1 1 195 23.5 8.4 190 23.5 0 0 0
38.778 0x2B main_weld 1 1 1 1 195 23.5 8.4 190 23.5 0 0 0
38.817 0x2B main_weld 1 1 1 1 201 23.5 8.4 190 23.5 0 0 0
38.858 0x2B main_weld 1 1 1 1 201 23.5 8.4 190 23.5 0 0 0
38.894 0x2B main_weld 1 1 1 1 194 23.5 8.4 190 23.5 0 0 0
38.933 0x2B main_weld 1 1 1 1 194 23.5 8.4 190 23.5 0 0 0
38.975 0x2B main_weld 1 1 1 1 194 23.9 8.4 190 23.5 0 0 0
39.016 0x2B main_weld 1 1 1 1 194 23.9 8.4 190 23.5 0 0 0
39.056 0x2B main_weld 1 1 1 1 194 23.9 8.4 190 23.5 0 0 0
39.101 0x2B main_weld 1 1 1 1 198 23.9 8.4 190 23.5 0 0 0
39.141 0x2B main_weld 1 1 1 1 198 23.3 8.4 190 23.5 0 0 0
39.176 0x2B main_weld 1 1 1 1 198 23.3 8.4 190 23.5 0 0 0
39.212 0x2B main_weld 1 1 1 1 198 23.3 8.4 190 23.5 0 0 0
39.255 0x2B main_weld 1 1 1 1 192 23.5 8.4 190 23.5 0 0 0
39.296 0x2B main_weld 1 1 1 1 192 23.5 8.4 190 23.5 0 0 0
39.335 0x2B main_weld 1 1 1 1 192 23.5 8.4 190 23.5 0 0 0
39.373 0x2B main_weld 1 1 1 1 192 23.5 8.4 190 23.5 0 0 0
39.420 0x2B main_weld 1 1 1 1 192 23.6 8.4 190 23.5 0 0 0
39.456 0x2B main_weld 1 1 1 1 199 23.6 8.4 190 23.5 0 0 0
39.493 0x2B main_weld 1 1 1 1 199 23.6 8.4 190 23.5 0 0 0
39.534 0x2B main_weld 1 1 1 1 199 23.6 8.4 190 23.5 0 0 0
39.575 0x2B main_weld 1 1 1 1 199 23.6 8.4 190 23.5 0 0 0
39.614 0x2B main_weld 1 1 1 1 194 23.7 8.4 190 23.5 0 0 0
39.654 0x2B main_weld 1 1 1 1 194 23.7 8.4 190 23.5 0 0 0
39.703 0x2B main_weld 1 1 1 1 194 23.7 8.4 190 23.5 0 0 0
39.734 0x2B main_weld 1 1 1 1 194 23.7 8.4 190 23.5 0 0 0
39.775 0x2B main_weld 1 1 1 1 194 23.7 8.4 190 23.5 0 0 0
39.814 0x2B main_weld 1 1 1 1 199 23.7 8.4 190 23.5 0 0 0
39.870 0x2B main_weld 1 1 1 1 199 23.7 8.4 190 23.5 0 0 0
39.896 0x2B main_weld 1 1 1 1 199 23.7 8.4 190 23.5 0 0 0
39.938 0x2B main_weld 1 1 1 1 199 23.7 8.4 190 23.5 0 0 0
39.980 0x2B main_weld 1 1 1 1 192 23.4 8.4 190 23.5 0 0 0
40.019 0x2B main_weld 1 1 1 1 192 23.4 8.4 190 23.5 0 0 0
40.057 0x2B main_weld 1 1 1 1 192 23.4 8.4 190 23.5 0 0 0
40.097 0x2B main_weld 1 1 1 1 192 23.4 8.4 190 23.5 0 0 0
40.141 0x2B main_weld 1 1 1 1 192 23.7 8.4 190 23.5 0 0 0
40.176 0x2B main_weld 1 1 1 1 199 23.7 8.4 190 23.5 0 0 0
40.216 0x2B main_weld 1 1 1 1 199 23.7 8.4 190 23.5 0 0 0
40.261 0x2B main_weld 1 1 1 1 199 23.7 8.4 190 23.5 0 0 0
40.297 0x2B main_weld 1 1 1 1 199 23.7 8.4 190 23.5 0 0 0
40.338 0x2B main_weld 1 1 1 1 204 23.4 8.4 190 23.5 0 0 0
40.375 0x2B main_weld 1 1 1 1 204 23.4 8.4 190 23.5 0 0 0
40.415 0x2B main_weld 1 1 1 1 204 23.4 8.4 190 23.5 0 0 0
40.455 0x2B main_weld 1 1 1 1 194 23.4 8.4 190 23.5 0 0 0
40.497 0x2B main_weld 1 1 1 1 194 23.7 8.4 190 23.5 0 0 0
40.538 0x2B main_weld 1 1 1 1 194 23.7 8.4 190 23.5 0 0 0
40.574 0x2B main_weld 1 1 1 1 194 23.7 8.4 190 23.5 0 0 0
40.616 0x2B main_weld 1 1 1 1 199 23.7 8.4 190 23.5 0 0 0
40.656 0x2B main_weld 1 1 1 1 199 23.7 8.4 190 23.5 0 0 0
40.694 0x2B main_weld 1 1 1 1 199 23.6 8.4 190 23.5 0 0 0
40.734 0x2B main_weld 1 1 1 1 199 23.6 8.4 190 23.5 0 0 0
40.776 0x2B main_weld 1 1 1 1 199 23.6 8.4 190 23.5 0 0 0
40.817 0x2B main_weld 1 1 1 1 199 23.6 8.4 190 23.5 0 0 0
40.854 0x2B main_weld 1 1 1 1 199 23.6 8.4 190 23.5 0 0 0
40.895 0x2B main_weld 1 1 1 1 204 23.6 8.4 190 23.5 0 0 0
40.939 0x2B main_weld 1 1 1 1 204 23.7 8.4 190 23.5 0 0 0
40.974 0x2B main_weld 1 1 1 1 196 23.7 8.4 190 23.5 0 0 0
41.015 0x2B main_weld 1 1 1 1 196 23.7 8.4 190 23.5 0 0 0
41.057 0x2B main_weld 1 1 1 1 196 23.7 8.4 190 23.5 0 0 0
41.094 0x2B main_weld 1 1 1 1 196 23.7 8.4 190 23.5 0 0 0
41.137 0x2B main_weld 1 1 1 1 196 23.5 8.4 190 23.5 0 0 0
41.174 0x2B main_weld 1 1 1 1 198 23.5 8.4 190 23.5 0 0 0
41.216 0x2B main_weld 1 1 1 1 198 23.5 8.4 190 23.5 0 0 0
41.254 0x2B main_weld 1 1 1 1 198 23.5 8.4 190 23.5 0 0 0
41.293 0x2B main_weld 1 1 1 1 198 23.2 8.4 190 23.5 0 0 0
41.336 0x2B main_weld 1 1 1 1 202 23.2 8.4 190 23.5 0 0 0
41.385 0x2B main_weld 1 1 1 1 202 23.2 8.4 190 23.5 0 0 0
41.414 0x2B main_weld 1 1 1 1 202 23.2 8.4 190 23.5 0 0 0
41.454 0x2B main_weld 1 1 1 1 202 23.2 8.4 190 23.5 0 0 0
41.493 0x2B main_weld 1 1 1 1 202 23.4 8.4 190 23.5 0 0 0
41.533 0x2B main_weld 1 1 1 1 189 23.4 8.4 190 23.5 0 0 0
41.573 0x2B main_weld 1 1 1 1 189 23.4 8.4 190 23.5 0 0 0
41.614 0x2B main_weld 1 1 1 1 200 23.4 8.4 190 23.5 0 0 0
41.656 0x2B main_weld 1 1 1 1 200 23.8 8.4 190 23.5 0 0 0
41.694 0x2B main_weld 1 1 1 1 200 23.8 8.4 190 23.5 0 0 0
41.733 0x2B main_weld 1 1 1 1 200 23.8 8.4 190 23.5 0 0 0
41.775 0x2B main_weld 1 1 1 1 195 23.8 8.4 190 23.5 0 0 0
41.815 0x2B main_weld 1 1 1 1 195 23.8 8.4 190 23.5 0 0 0
41.858 0x2B main_weld 1 1 1 1 195 23.6 8.4 190 23.5 0 0 0
41.901 0x2B main_weld 1 1 1 1 195 23.6 8.4 190 23.5 0 0 0
41.934 0x2B main_weld 1 1 1 1 195 23.6 8.4 190 23.5 0 0 0
41.975 0x2B main_weld 1 1 1 1 193 23.6 8.4 190 23.5 0 0 0
42.013 0x2B main_weld 1 1 1 1 193 23.4 8.4 190 23.5 0 0 0
42.053 0x2B main_weld 1 1 1 1 193 23.4 8.4 190 23.5 0 0 0
42.093 0x2B main_weld 1 1 1 1 193 23.4 8.4 190 23.5 0 0 0
42.134 0x2B main_weld 1 1 1 1 199 23.5 8.4 190 23.5 0 0 0
42.176 0x2B main_weld 1 1 1 1 199 23.5 8.4 190 23.5 0 0 0
42.220 0x2B main_weld 1 1 1 1 199 23.5 8.4 190 23.5 0 0 0
42.256 0x2B main_weld 1 1 1 1 199 23.5 8.4 190 23.5 0 0 0
42.296 0x2B main_weld 1 1 1 1 199 23.5 8.4 190 23.5 0 0 0
42.336 0x2B main_weld 1 1 1 1 192 23.5 8.4 190 23.5 0 0 0
42.375 0x2B main_weld 1 1 1 1 192 23.4 8.4 190 23.5 0 0 0
42.415 0x2B main_weld 1 1 1 1 192 23.4 8.4 190 23.5 0 0 0
42.456 0x2B main_weld 1 1 1 1 192 23.4 8.4 190 23.5 0 0 0
42.499 0x2B main_weld 1 1 1 1 194 24.0 8.4 190 23.5 0 0 0
42.536 0x2B main_weld 1 1 1 1 194 24.0 8.4 190 23.5 0 0 0
42.576 0x2B main_weld 1 1 1 1 194 24.0 8.4 190 23.5 0 0 0
42.614 0x2B main_weld 1 1 1 1 194 24.0 8.4 190 23.5 0 0 0
42.655 0x2B main_weld 1 1 1 1 194 23.7 8.4 190 23.5 0 0 0
42.694 0x2B main_weld 1 1 1 1 200 23.7 8.4 190 23.5 0 0 0
42.735 0x2B main_weld 1 1 1 1 200 23.7 8.4 190 23.5 0 0 0
42.779 0x2B main_weld 1 1 1 1 200 23.7 8.4 190 23.5 0 0 0
42.816 0x2B main_weld 1 1 1 1 200 23.7 8.4 190 23.5 0 0 0
42.856 0x2B main_weld 1 1 1 1 194 23.7 8.4 190 23.5 0 0 0
42.899 0x2B main_weld 1 1 1 1 194 23.7 8.4 190 23.5 0 0 0
42.936 0x2B main_weld 1 1 1 1 194 23.7 8.4 190 23.5 0 0 0
42.977 0x2B main_weld 1 1 1 1 194 23.7 8.4 190 23.5 0 0 0
43.020 0x2B main_weld 1 1 1 1 194 23.7 8.4 190 23.5 0 0 0
43.060 0x2B main_weld 1 1 1 1 195 23.7 8.4 190 23.5 0 0 0
43.094 0x2B main_weld 1 1 1 1 195 23.7 8.4 190 23.5 0 0 0
43.133 0x2B main_weld 1 1 1 1 193 23.7 8.4 190 23.5 0 0 0
43.183 0x2B main_weld 1 1 1 1 193 23.7 8.4 190 23.5 0 0 0
43.219 0x2B main_weld 1 1 1 1 193 23.7 8.4 190 23.5 0 0 0
43.254 0x2B main_weld 1 1 1 1 193 23.7 8.4 190 23.5 0 0 0
43.295 0x2B main_weld 1 1 1 1 193 23.7 8.4 190 23.5 0 0 0
43.337 0x2B main_weld 1 1 1 1 200 23.7 8.4 190 23.5 0 0 0
43.375 0x2B main_weld 1 1 1 1 200 23.5 8.4 190 23.5 0 0 0
43.414 0x2B main_weld 1 1 1 1 200 23.5 8.4 190 23.5 0 0 0
43.453 0x2B main_weld 1 1 1 1 200 23.7 8.4 190 23.5 0 0 0
43.494 0x2B main_weld 1 1 1 1 193 23.7 8.4 190 23.5 0 0 0
43.536 0x2B main_weld 1 1 1 1 193 23.7 8.4 190 23.5 0 0 0
43.574 0x2B main_weld 1 1 1 1 193 23.7 8.4 190 23.5 0 0 0
43.617 0x2B main_weld 1 1 1 1 193 23.7 8.4 190 23.5 0 0 0
43.653 0x2B main_weld 1 1 1 1 193 23.3 8.4 190 23.5 0 0 0
43.693 0x2B main_weld 1 1 1 1 196 23.3 8.4 190 23.5 0 0 0
43.735 0x2B main_weld 1 1 1 1 196 23.3 8.4 190 23.5 0 0 0
43.773 0x2B main_weld 1 1 1 1 196 23.3 8.4 190 23.5 0 0 0
43.814 0x2B main_weld 1 1 1 1 196 23.6 8.4 190 23.5 0 0 0
43.854 0x2B main_weld 1 1 1 1 206 23.6 8.4 190 23.5 0 0 0
43.894 0x2B main_weld 1 1 1 1 206 23.6 8.4 190 23.5 0 0 0
43.934 0x2B main_weld 1 1 1 1 206 23.6 8.4 190 23.5 0 0 0
43.976 0x2B main_weld 1 1 1 1 206 23.6 8.4 190 23.5 0 0 0
44.016 0x2B main_weld 1 1 1 1 206 23.7 8.4 190 23.5 0 0 0
44.054 0x2B main_weld 1 1 1 1 198 23.7 8.4 190 23.5 0 0 0
44.093 0x2B main_weld 1 1 1 1 198 23.7 8.4 190 23.5 0 0 0
44.136 0x2B main_weld 1 1 1 1 198 23.7 8.4 190 23.5 0 0 0
44.176 0x2B main_weld 1 1 1 1 198 23.4 8.4 190 23.5 0 0 0
44.214 0x2B main_weld 1 1 1 1 199 23.4 8.4 190 23.5 0 0 0
44.257 0x2B main_weld 1 1 1 1 199 23.4 8.4 190 23.5 0 0 0
44.294 0x2B main_weld 1 1 1 1 199 23.4 8.4 190 23.5 0 0 0
44.332 0x2B main_weld 1 1 1 1 199 23.4 8.4 190 23.5 0 0 0
44.374 0x2B main_weld 1 1 1 1 199 23.3 8.4 190 23.5 0 0 0
44.414 0x2B main_weld 1 1 1 1 193 23.3 8.4 190 23.5 0 0 0
44.454 0x2B main_weld 1 1 1 1 193 23.3 8.4 190 23.5 0 0 0
44.493 0x2B main_weld 1 1 1 1 193 23.3 8.4 190 23.5 0 0 0
44.535 0x2B main_weld 1 1 1 1 193 23.5 8.4 190 23.5 0 0 0
44.579 0x2B main_weld 1 1 1 1 200 23.5 8.4 190 23.5 0 0 0
44.615 0x2B main_weld 1 1 1 1 200 23.5 8.4 190 23.5 0 0 0
44.654 0x2B main_weld 1 1 1 1 200 23.5 8.4 190 23.5 0 0 0
44.704 0x2B main_weld 1 1 1 1 200 23.5 8.4 190 23.5 0 0 0
44.741 0x2B main_weld 1 1 1 1 200 23.5 8.4 190 23.5 0 0 0
44.775 0x2B main_weld 1 1 1 1 200 23.5 8.4 190 23.5 0 0 0
44.816 0x2B main_weld 1 1 1 1 200 23.5 8.4 190 23.5 0 0 0
44.856 0x2B main_weld 1 1 1 1 199 23.5 8.4 190 23.5 0 0 0
44.895 0x2B main_weld 1 1 1 1 199 23.7 8.4 190 23.5 0 0 0
44.934 0x2B main_weld 1 1 1 1 199 23.7 8.4 190 23.5 0 0 0
44.977 0x2B main_weld 1 1 1 1 199 23.7 8.4 190 23.5 0 0 0
45.020 0x2B main_weld 1 1 1 1 196 23.7 8.4 190 23.5 0 0 0
45.059 0x2B main_weld 1 1 1 1 196 23.7 8.4 190 23.5 0 0 0
45.095 0x2B main_weld 1 1 1 1 196 23.7 8.4 190 23.5 0 0 0
45.137 0x2B main_weld 1 1 1 1 196 23.7 8.4 190 23.5 0 0 0
45.175 0x2B main_weld 1 1 1 1 196 23.7 8.4 190 23.5 0 0 0
45.216 0x2B main_weld 1 1 1 1 196 23.7 8.4 190 23.5 0 0 0
45.257 0x2B main_weld 1 1 1 1 196 23.7 8.4 190 23.5 0 0 0
45.294 0x2B main_weld 1 1 1 1 196 23.7 8.4 190 23.5 0 0 0
45.339 0x2B main_weld 1 1 1 1 196 23.7 8.4 190 23.5 0 0 0
45.376 0x2B main_weld 1 1 1 1 196 23.6 8.4 190 23.5 0 0 0
45.418 0x2B main_weld 1 1 1 1 196 23.6 8.4 190 23.5 0 0 0
45.455 0x2B main_weld 1 1 1 1 196 23.6 8.4 190 23.5 0 0 0
45.492 0x2B main_weld 1 1 1 1 196 23.6 8.4 190 23.5 0 0 0
45.535 0x2B main_weld 1 1 1 1 196 23.4 8.4 190 23.5 0 0 0
45.575 0x2B main_weld 1 1 1 1 198 23.4 8.4 190 23.5 0 0 0
45.615 0x2B main_weld 1 1 1 1 198 23.4 8.4 190 23.5 0 0 0
45.652 0x2B main_weld 1 1 1 1 198 23.4 8.4 190 23.5 0 0 0
45.694 0x2B main_weld 1 1 1 1 198 23.4 8.4 190 23.5 0 0 0
45.732 0x2B main_weld 1 1 1 1 193 23.7 8.4 190 23.5 0 0 0
45.773 0x2B main_weld 1 1 1 1 193 23.7 8.4 190 23.5 0 0 0
45.814 0x2B main_weld 1 1 1 1 193 23.7 8.4 190 23.5 0 0 0
45.859 0x2B main_weld 1 1 1 1 194 23.7 8.4 190 23.5 0 0 0
45.894 0x2B main_weld 1 1 1 1 194 23.7 8.4 190 23.5 0 0 0
45.933 0x2B main_weld 1 1 1 1 194 23.7 8.4 190 23.5 0 0 0
45.974 0x2B main_weld 1 1 1 1 194 23.7 8.4 190 23.5 0 0 0
46.013 0x2B main_weld 1 1 1 1 195 23.7 8.4 190 23.5 0 0 0
46.052 0x2B main_weld 1 1 1 1 195 23.7 8.4 190 23.5 0 0 0
46.096 0x2B main_weld 1 1 1 1 195 23.4 8.4 190 23.5 0 0 0
46.137 0x2B main_weld 1 1 1 1 195 23.4 8.4 190 23.5 0 0 0
46.176 0x2B main_weld 1 1 1 1 195 23.4 8.4 190 23.5 0 0 0
46.214 0x2B main_weld 1 1 1 1 199 23.4 8.4 190 23.5 0 0 0
46.255 0x2B main_weld 1 1 1 1 199 23.4 8.4 190 23.5 0 0 0
46.294 0x2B main_weld 1 1 1 1 199 23.4 8.4 190 23.5 0 0 0
46.333 0x2B main_weld 1 1 1 1 199 23.4 8.4 190 23.5 0 0 0
46.377 0x2B main_weld 1 1 1 1 200 23.4 8.4 190 23.5 0 0 0
46.417 0x2B main_weld 1 1 1 1 200 23.4 8.4 190 23.5 0 0 0
46.455 0x2B main_weld 1 1 1 1 200 23.4 8.4 190 23.5 0 0 0
46.495 0x2B main_weld 1 1 1 1 200 23.4 8.4 190 23.5 0 0 0
46.535 0x2B main_weld 1 1 1 1 200 23.8 8.4 190 23.5 0 0 0
46.572 0x2B main_weld 1 1 1 1 187 23.8 8.4 190 23.5 0 0 0
46.616 0x2B main_weld 1 1 1 1 187 23.8 8.4 190 23.5 0 0 0
46.655 0x2B main_weld 1 1 1 1 187 23.8 8.4 190 23.5 0 0 0
46.693 0x2B main_weld 1 1 1 1 187 23.6 8.4 190 23.5 0 0 0
46.734 0x2B main_weld 1 1 1 1 201 23.6 8.4 190 23.5 0 0 0
46.776 0x2B main_weld 1 1 1 1 201 23.6 8.4 190 23.5 0 0 0
46.812 0x2B main_weld 1 1 1 1 201 23.6 8.4 190 23.5 0 0 0
46.853 0x2B main_weld 1 1 1 1 201 23.6 8.4 190 23.5 0 0 0
46.894 0x2B main_weld 1 1 1 1 201 23.7 8.4 190 23.5 0 0 0
46.938 0x2B main_weld 1 1 1 1 195 23.7 8.4 190 23.5 0 0 0
46.985 0x2B main_weld 1 1 1 1 195 23.7 8.4 190 23.5 0 0 0
47.014 0x2B main_weld 1 1 1 1 195 23.7 8.4 190 23.5 0 0 0
47.055 0x2B main_weld 1 1 1 1 195 23.4 8.4 190 23.5 0 0 0
47.094 0x2B main_weld 1 1 1 1 196 23.4 8.4 190 23.5 0 0 0
47.135 0x2B main_weld 1 1 1 1 196 23.4 8.4 190 23.5 0 0 0
47.175 0x2B main_weld 1 1 1 1 196 23.4 8.4 190 23.5 0 0 0
47.219 0x2B main_weld 1 1 1 1 196 23.4 8.4 190 23.5 0 0 0
47.256 0x2B main_weld 1 1 1 1 196 23.4 8.4 190 23.5 0 0 0
47.294 0x2B main_weld 1 1 1 1 200 23.4 8.4 190 23.5 0 0 0
47.335 0x2B main_weld 1 1 1 1 200 23.4 8.4 190 23.5 0 0 0
47.374 0x2B main_weld 1 1 1 1 199 23.4 8.4 190 23.5 0 0 0
47.413 0x2B main_weld 1 1 1 1 199 23.9 8.4 190 23.5 0 0 0
47.453 0x2B main_weld 1 1 1 1 199 23.9 8.4 190 23.5 0 0 0
47.493 0x2B main_weld 1 1 1 1 199 23.9 8.4 190 23.5 0 0 0
47.535 0x2B main_weld 1 1 1 1 202 23.9 8.4 190 23.5 0 0 0
47.574 0x2B main_weld 1 1 1 1 202 23.9 8.4 190 23.5 0 0 0
47.614 0x2B main_weld 1 1 1 1 202 23.6 8.4 190 23.5 0 0 0
47.652 0x2B main_weld 1 1 1 1 202 23.6 8.4 190 23.5 0 0 0
47.694 0x2B main_weld 1 1 1 1 202 23.7 8.4 190 23.5 0 0 0
47.734 0x2B main_weld 1 1 1 1 202 23.7 8.4 190 23.5 0 0 0
47.776 0x2B main_weld 1 1 1 1 202 23.7 8.4 190 23.5 0 0 0
47.814 0x2B main_weld 1 1 1 1 202 23.7 8.4 190 23.5 0 0 0
47.853 0x2B main_weld 1 1 1 1 202 23.7 8.4 190 23.5 0 0 0
47.893 0x2B main_weld 1 1 1 1 196 23.7 8.4 190 23.5 0 0 0
47.934 0x2B main_weld 1 1 1 1 196 23.7 8.4 190 23.5 0 0 0
47.974 0x2B main_weld 1 1 1 1 196 23.7 8.4 190 23.5 0 0 0
48.014 0x2B main_weld 1 1 1 1 196 23.7 8.4 190 23.5 0 0 0
48.054 0x2B main_weld 1 1 1 1 196 23.4 8.4 190 23.5 0 0 0
48.096 0x2B main_weld 1 1 1 1 199 23.4 8.4 190 23.5 0 0 0
48.136 0x2B main_weld 1 1 1 1 199 23.4 8.4 190 23.5 0 0 0
48.174 0x2B main_weld 1 1 1 1 199 23.4 8.4 190 23.5 0 0 0
48.212 0x2B main_weld 1 1 1 1 199 23.4 8.4 190 23.5 0 0 0
48.252 0x2B main_weld 1 1 1 1 196 23.3 8.4 190 23.5 0 0 0
48.292 0x2B main_weld 1 1 1 1 196 23.3 8.4 190 23.5 0 0 0
48.338 0x2B main_weld 1 1 1 1 196 23.3 8.4 190 23.5 0 0 0
48.373 0x2B main_weld 1 1 1 1 196 23.3 8.4 190 23.5 0 0 0
48.414 0x2B main_weld 1 1 1 1 196 23.6 8.4 190 23.5 0 0 0
48.454 0x2B main_weld 1 1 1 1 195 23.6 8.4 190 23.5 0 0 0
48.493 0x2B main_weld 1 1 1 1 195 23.6 8.4 190 23.5 0 0 0
48.535 0x2B main_weld 1 1 1 1 195 23.6 8.4 190 23.5 0 0 0
48.574 0x2B main_weld 1 1 1 1 195 23.6 8.4 190 23.5 0 0 0
48.614 0x2B main_weld 1 1 1 1 202 23.7 8.4 190 23.5 0 0 0
48.656 0x2B main_weld 1 1 1 1 202 23.7 8.4 190 23.5 0 0 0
48.697 0x2B main_weld 1 1 1 1 202 23.7 8.4 190 23.5 0 0 0
48.737 0x2B main_weld 1 1 1 1 202 23.7 8.4 190 23.5 0 0 0
48.772 0x2B main_weld 1 1 1 1 202 23.4 8.4 190 23.5 0 0 0
48.813 0x2B main_weld 1 1 1 1 200 23.4 8.4 190 23.5 0 0 0
48.857 0x2B main_weld 1 1 1 1 200 23.4 8.4 190 23.5 0 0 0
48.897 0x2B main_weld 1 1 1 1 196 23.4 8.4 190 23.5 0 0 0
48.937 0x2B main_weld 1 1 1 1 196 23.4 8.4 190 23.5 0 0 0
48.974 0x2B main_weld 1 1 1 1 196 23.5 8.4 190 23.5 0 0 0
49.013 0x2B main_weld 1 1 1 1 196 23.5 8.4 190 23.5 0 0 0
49.056 0x2B main_weld 1 1 1 1 196 23.5 8.4 190 23.5 0 0 0
49.094 0x2B main_weld 1 1 1 1 202 23.5 8.4 190 23.5 0 0 0
49.134 0x2B main_weld 1 1 1 1 202 23.8 8.4 190 23.5 0 0 0
49.175 0x2B main_weld 1 1 1 1 202 23.8 8.4 190 23.5 0 0 0
49.215 0x2B main_weld 1 1 1 1 202 23.7 8.4 190 23.5 0 0 0
49.254 0x2B main_weld 1 1 1 1 199 23.7 8.4 190 23.5 0 0 0
49.293 0x2B main_weld 1 1 1 1 199 23.7 8.4 190 23.5 0 0 0
49.340 0x2B main_weld 1 1 1 1 199 23.7 8.4 190 23.5 0 0 0
49.374 0x2B main_weld 1 1 1 1 199 23.7 8.4 190 23.5 0 0 0
49.418 0x2B main_weld 1 1 1 1 199 23.6 8.4 190 23.5 0 0 0
49.455 0x2B main_weld 1 1 1 1 202 23.6 8.4 190 23.5 0 0 0
49.500 0x2B main_weld 1 1 1 1 202 23.6 8.4 190 23.5 0 0 0
49.534 0x2B main_weld 1 1 1 1 202 23.6 8.4 190 23.5 0 0 0
49.575 0x2B main_weld 1 1 1 1 202 23.5 8.4 190 23.5 0 0 0
49.612 0x2B main_weld 1 1 1 1 198 23.5 8.4 190 23.5 0 0 0
49.654 0x2B main_weld 1 1 1 1 198 23.5 8.4 190 23.5 0 0 0
49.693 0x2B main_weld 1 1 1 1 198 23.5 8.4 190 23.5 0 0 0
49.737 0x2B main_weld 1 1 1 1 198 23.5 8.4 190 23.5 0 0 0
49.776 0x2B main_weld 1 1 1 1 198 23.6 8.4 190 23.5 0 0 0
49.813 0x2B main_weld 1 1 1 1 198 23.6 8.4 190 23.5 0 0 0
49.855 0x2B main_weld 1 1 1 1 198 23.6 8.4 190 23.5 0 0 0
49.893 0x2B main_weld 1 1 1 1 200 23.6 8.4 190 23.5 0 0 0
49.932 0x2B main_weld 1 1 1 1 200 23.6 8.4 190 23.5 0 0 0
49.974 0x2B main_weld 1 1 1 1 194 23.6 8.4 190 23.5 0 0 0
50.015 0x2B main_weld 1 1 1 1 194 23.6 8.4 190 23.5 0 0 0
50.059 0x2B main_weld 1 1 1 1 198 23.6 8.4 190 23.5 0 0 0
50.095 0x2B main_weld 1 1 1 1 198 23.6 8.4 190 23.5 0 0 0
50.132 0x2B main_weld 1 1 1 1 198 23.6 8.4 190 23.5 0 0 0
50.174 0x2B main_weld 1 1 1 1 198 23.6 8.4 190 23.5 0 0 0
50.214 0x2B main_weld 1 1 1 1 198 23.6 8.4 190 23.5 0 0 0
50.253 0x2B main_weld 1 1 1 1 204 23.6 8.4 190 23.5 0 0 0
50.294 0x2B main_weld 1 1 1 1 204 23.9 8.4 190 23.5 0 0 0
50.338 0x2B main_weld 1 1 1 1 204 23.9 8.4 190 23.5 0 0 0
50.373 0x2B main_weld 1 1 1 1 204 23.9 8.4 190 23.5 0 0 0
50.413 0x2B main_weld 1 1 1 1 199 23.8 8.4 190 23.5 0 0 0
50.453 0x2B main_weld 1 1 1 1 199 23.8 8.4 190 23.5 0 0 0
50.497 0x2B main_weld 1 1 1 1 199 23.8 8.4 190 23.5 0 0 0
50.535 0x2B main_weld 1 1 1 1 199 23.8 8.4 190 23.5 0 0 0
50.575 0x2B main_weld 1 1 1 1 199 23.4 8.4 190 23.5 0 0 0
50.616 0x2B main_weld 1 1 1 1 200 23.4 8.4 190 23.5 0 0 0
50.653 0x2B main_weld 1 1 1 1 200 23.4 8.4 190 23.5 0 0 0
50.692 0x2B main_weld 1 1 1 1 200 23.4 8.4 190 23.5 0 0 0
50.734 0x2B main_weld 1 1 1 1 200 23.4 8.4 190 23.5 0 0 0
50.776 0x2B main_weld 1 1 1 1 196 23.4 8.4 190 23.5 0 0 0
50.813 0x2B main_weld 1 1 1 1 196 23.4 8.4 190 23.5 0 0 0
50.856 0x2B main_weld 1 1 1 1 196 23.4 8.4 190 23.5 0 0 0
50.894 0x2B main_weld 1 1 1 1 196 23.4 8.4 190 23.5 0 0 0
50.936 0x2B main_weld 1 1 1 1 196 23.4 8.4 190 23.5 0 0 0
50.977 0x2B main_weld 1 1 1 1 200 23.4 8.4 190 23.5 0 0 0
51.013 0x2B main_weld 1 1 1 1 200 23.4 8.4 190 23.5 0 0 0
51.058 0x2B main_weld 1 1 1 1 200 23.4 8.4 190 23.5 0 0 0
51.095 0x2B main_weld 1 1 1 1 200 23.4 8.4 190 23.5 0 0 0
51.134 0x2B main_weld 1 1 1 1 204 23.3 8.4 190 23.5 0 0 0
51.175 0x2B main_weld 1 1 1 1 204 23.3 8.4 190 23.5 0 0 0
51.212 0x2B main_weld 1 1 1 1 204 23.3 8.4 190 23.5 0 0 0
51.256 0x2B main_weld 1 1 1 1 204 23.3 8.4 190 23.5 0 0 0
51.295 0x2B main_weld 1 1 1 1 204 23.3 8.4 190 23.5 0 0 0
51.335 0x2B main_weld 1 1 1 1 204 23.3 8.4 190 23.5 0 0 0
51.376 0x2B main_weld 1 1 1 1 204 23.6 8.4 190 23.5 0 0 0
51.419 0x2B main_weld 1 1 1 1 204 23.6 8.4 190 23.5 0 0 0
51.457 0x2B main_weld 1 1 1 1 204 23.6 8.4 190 23.5 0 0 0
51.495 0x2B main_weld 1 1 1 1 205 23.6 8.4 190 23.5 0 0 0
51.535 0x2B main_weld 1 1 1 1 205 23.6 8.4 190 23.5 0 0 0
51.577 0x2B main_weld 1 1 1 1 205 23.6 8.4 190 23.5 0 0 0
51.613 0x2B main_weld 1 1 1 1 205 23.6 8.4 190 23.5 0 0 0
51.653 0x2B main_weld 1 1 1 1 205 23.4 8.4 190 23.5 0 0 0
51.696 0x2B main_weld 1 1 1 1 205 23.4 8.4 190 23.5 0 0 0
51.735 0x2B main_weld 1 1 1 1 205 23.4 8.4 190 23.5 0 0 0
51.777 0x2B main_weld 1 1 1 1 202 23.4 8.4 190 23.5 0 0 0
51.813 0x2B main_weld 1 1 1 1 202 23.4 8.4 190 23.5 0 0 0
51.853 0x2B main_weld 1 1 1 1 202 23.7 8.4 190 23.5 0 0 0
51.895 0x2B main_weld 1 1 1 1 202 23.7 8.4 190 23.5 0 0 0
51.934 0x2B main_weld 1 1 1 1 202 23.5 8.4 190 23.5 0 0 0
51.979 0x2B main_weld 1 1 1 1 202 23.5 8.4 190 23.5 0 0 0
52.015 0x2B main_weld 1 1 1 1 202 23.5 8.4 190 23.5 0 0 0
52.054 0x2B main_weld 1 1 1 1 202 23.5 8.4 190 23.5 0 0 0
52.093 0x2B main_weld 1 1 1 1 202 23.7 8.4 190 23.5 0 0 0
52.134 0x2B main_weld 1 1 1 1 200 23.7 8.4 190 23.5 0 0 0
52.175 0x2B main_weld 1 1 1 1 200 23.7 8.4 190 23.5 0 0 0
52.214 0x2B main_weld 1 1 1 1 200 23.7 8.4 190 23.5 0 0 0
52.256 0x2B main_weld 1 1 1 1 200 23.7 8.4 190 23.5 0 0 0
52.299 0x2B main_weld 1 1 1 1 200 23.8 8.4 190 23.5 0 0 0
52.336 0x2B main_weld 1 1 1 1 198 23.8 8.4 190 23.5 0 0 0
52.375 0x2B main_weld 1 1 1 1 198 23.8 8.4 190 23.5 0 0 0
52.413 0x2B main_weld 1 1 1 1 198 23.8 8.4 190 23.5 0 0 0
52.455 0x2B main_weld 1 1 1 1 198 23.5 8.4 190 23.5 0 0 0
52.495 0x2B main_weld 1 1 1 1 200 23.5 8.4 190 23.5 0 0 0
52.534 0x2B main_weld 1 1 1 1 200 23.5 8.4 190 23.5 0 0 0
52.581 0x2B main_weld 1 1 1 1 200 23.5 8.4 190 23.5 0 0 0
52.615 0x2B main_weld 1 1 1 1 200 23.5 8.4 190 23.5 0 0 0
52.653 0x2B main_weld 1 1 1 1 200 23.9 8.4 190 23.5 0 0 0
52.695 0x2B main_weld 1 1 1 1 202 23.9 8.4 190 23.5 0 0 0
52.732 0x2B main_weld 1 1 1 1 202 23.9 8.4 190 23.5 0 0 0
52.776 0x2B main_weld 1 1 1 1 199 23.9 8.4 190 23.5 0 0 0
52.814 0x2B main_weld 1 1 1 1 199 23.8 8.4 190 23.5 0 0 0
52.854 0x2B main_weld 1 1 1 1 199 23.8 8.4 190 23.5 0 0 0
52.892 0x2B main_weld 1 1 1 1 199 23.8 8.4 190 23.5 0 0 0
52.933 0x2B main_weld 1 1 1 1 206 23.8 8.4 190 23.5 0 0 0
52.974 0x2B main_weld 1 1 1 1 206 23.8 8.4 190 23.5 0 0 0
53.016 0x2B main_weld 1 1 1 1 206 23.6 8.4 190 23.5 0 0 0
53.053 0x2B main_weld 1 1 1 1 206 23.6 8.4 190 23.5 0 0 0
53.095 0x2B main_weld 1 1 1 1 206 23.6 8.4 190 23.5 0 0 0
53.136 0x2B main_weld 1 1 1 1 196 23.6 8.4 190 23.5 0 0 0
53.175 0x2B main_weld 1 1 1 1 196 23.9 8.4 190 23.5 0 0 0
53.214 0x2B main_weld 1 1 1 1 196 23.9 8.4 190 23.5 0 0 0
53.253 0x2B main_weld 1 1 1 1 196 23.9 8.4 190 23.5 0 0 0
53.294 0x2B main_weld 1 1 1 1 196 23.9 8.4 190 23.5 0 0 0
53.333 0x2B main_weld 1 1 1 1 196 23.9 8.4 190 23.5 0 0 0
53.374 0x2B main_weld 1 1 1 1 196 23.1 8.4 190 23.5 0 0 0
53.414 0x2B main_weld 1 1 1 1 196 23.1 8.4 190 23.5 0 0 0
53.453 0x2B main_weld 1 1 1 1 196 23.6 8.4 190 23.5 0 0 0
53.493 0x2B main_weld 1 1 1 1 193 23.6 8.4 190 23.5 0 0 0
53.535 0x2B main_weld 1 1 1 1 193 23.6 8.4 190 23.5 0 0 0
53.573 0x2B main_weld 1 1 1 1 193 23.6 8.4 190 23.5 0 0 0
53.614 0x2B main_weld 1 1 1 1 193 23.6 8.4 190 23.5 0 0 0
53.655 0x2B main_weld 1 1 1 1 202 23.9 8.4 190 23.5 0 0 0
53.697 0x2B main_weld 1 1 1 1 202 23.9 8.4 190 23.5 0 0 0
53.734 0x2B main_weld 1 1 1 1 202 23.9 8.4 190 23.5 0 0 0
53.774 0x2B main_weld 1 1 1 1 202 23.9 8.4 190 23.5 0 0 0
53.817 0x2B main_weld 1 1 1 1 202 23.7 8.4 190 23.5 0 0 0
53.855 0x2B main_weld 1 1 1 1 199 23.7 8.4 190 23.5 0 0 0
53.895 0x2B main_weld 1 1 1 1 199 23.7 8.4 190 23.5 0 0 0
53.938 0x2B main_weld 1 1 1 1 199 23.7 8.4 190 23.5 0 0 0
53.979 0x2B main_weld 1 1 1 1 199 23.7 8.4 190 23.5 0 0 0
54.016 0x2B main_weld 1 1 1 1 198 23.3 8.4 190 23.5 0 0 0
54.060 0x2B main_weld 1 1 1 1 198 23.3 8.4 190 23.5 0 0 0
54.099 0x2B main_weld 1 1 1 1 198 23.3 8.4 190 23.5 0 0 0
54.137 0x2B main_weld 1 1 1 1 198 23.3 8.4 190 23.5 0 0 0
54.186 0x2B main_weld 1 1 1 1 198 24.3 8.4 190 23.5 0 0 0
54.219 0x2B main_weld 1 1 1 1 201 24.3 8.4 190 23.5 0 0 0
54.260 0x2B main_weld 1 1 1 1 201 24.3 8.4 190 23.5 0 0 0
54.295 0x2B main_weld 1 1 1 1 201 24.3 8.4 190 23.5 0 0 0
54.334 0x2B main_weld 1 1 1 1 201 24.3 8.4 190 23.5 0 0 0
54.382 0x2B main_weld 1 1 1 1 200 24.3 8.4 190 23.5 0 0 0
54.414 0x2B main_weld 1 1 1 1 200 24.3 8.4 190 23.5 0 0 0
54.456 0x2B main_weld 1 1 1 1 200 24.3 8.4 190 23.5 0 0 0
54.494 0x2B main_weld 1 1 1 1 196 24.3 8.4 190 23.5 0 0 0
54.540 0x2B main_weld 1 1 1 1 196 23.6 8.4 190 23.5 0 0 0
54.572 0x2B main_weld 1 1 1 1 196 23.6 8.4 190 23.5 0 0 0
54.617 0x2B main_weld 1 1 1 1 196 23.5 8.4 190 23.5 0 0 0
54.657 0x2B main_weld 1 1 1 1 204 23.5 8.4 190 23.5 0 0 0
54.695 0x2B main_weld 1 1 1 1 204 23.5 8.4 190 23.5 0 0 0
54.733 0x2B main_weld 1 1 1 1 204 23.5 8.4 190 23.5 0 0 0
54.778 0x2B main_weld 1 1 1 1 204 23.5 8.4 190 23.5 0 0 0
54.814 0x2B main_weld 1 1 1 1 204 23.8 8.4 190 23.5 0 0 0
54.862 0x2B main_weld 1 1 1 1 199 23.8 8.4 190 23.5 0 0 0
54.897 0x2B main_weld 1 1 1 1 199 23.8 8.4 190 23.5 0 0 0
54.936 0x2B main_weld 1 1 1 1 199 23.8 8.4 190 23.5 0 0 0
54.972 0x2B main_weld 1 1 1 1 199 23.8 8.4 190 23.5 0 0 0
55.015 0x2B main_weld 1 1 1 1 198 23.8 8.4 190 23.5 0 0 0
55.056 0x2B main_weld 1 1 1 1 198 23.8 8.4 190 23.5 0 0 0
55.094 0x2B main_weld 1 1 1 1 198 23.8 8.4 190 23.5 0 0 0
55.135 0x2B main_weld 1 1 1 1 198 23.8 8.4 190 23.5 0 0 0
55.176 0x2B main_weld 1 1 1 1 198 23.5 8.4 190 23.5 0 0 0
55.213 0x2B main_weld 1 1 1 1 205 23.5 8.4 190 23.5 0 0 0
55.253 0x2B main_weld 1 1 1 1 205 23.5 8.4 190 23.5 0 0 0
55.294 0x2B main_weld 1 1 1 1 205 23.5 8.4 190 23.5 0 0 0
55.337 0x2B main_weld 1 1 1 1 205 23.7 8.4 190 23.5 0 0 0
55.380 0x2B main_weld 1 1 1 1 200 23.7 8.4 190 23.5 0 0 0
55.418 0x2B main_weld 1 1 1 1 200 23.7 8.4 190 23.5 0 0 0
55.458 0x2B main_weld 1 1 1 1 200 23.7 8.4 190 23.5 0 0 0
55.497 0x2B main_weld 1 1 1 1 200 23.7 8.4 190 23.5 0 0 0
55.534 0x2B main_weld 1 1 1 1 200 23.5 8.4 190 23.5 0 0 0
55.579 0x2B main_weld 1 1 1 1 201 23.5 8.4 190 23.5 0 0 0
55.615 0x2B main_weld 1 1 1 1 201 23.5 8.4 190 23.5 0 0 0
55.653 0x2B main_weld 1 1 1 1 201 23.5 8.4 190 23.5 0 0 0
55.696 0x2B main_weld 1 1 1 1 201 23.6 8.4 190 23.5 0 0 0
55.736 0x2B main_weld 1 1 1 1 192 23.6 8.4 190 23.5 0 0 0
55.775 0x2B main_weld 1 1 1 1 192 23.6 8.4 190 23.5 0 0 0
55.814 0x2B main_weld 1 1 1 1 196 23.6 8.4 190 23.5 0 0 0
55.855 0x2B main_weld 1 1 1 1 196 23.6 8.4 190 23.5 0 0 0
55.894 0x2B main_weld 1 1 1 1 196 23.7 8.4 190 23.5 0 0 0
55.932 0x2B main_weld 1 1 1 1 196 23.7 8.4 190 23.5 0 0 0
55.975 0x2B main_weld 1 1 1 1 196 23.7 8.4 190 23.5 0 0 0
56.017 0x2B main_weld 1 1 1 1 200 23.7 8.4 190 23.5 0 0 0
56.055 0x2B main_weld 1 1 1 1 200 23.8 8.4 190 23.5 0 0 0
56.095 0x2B main_weld 1 1 1 1 200 23.8 8.4 190 23.5 0 0 0
56.134 0x2B main_weld 1 1 1 1 200 23.8 8.4 190 23.5 0 0 0
56.178 0x2B main_weld 1 1 1 1 193 23.6 8.4 190 23.5 0 0 0
56.219 0x2B main_weld 1 1 1 1 193 23.6 8.4 190 23.5 0 0 0
56.255 0x2B main_weld 1 1 1 1 193 23.6 8.4 190 23.5 0 0 0
56.294 0x2B main_weld 1 1 1 1 193 23.6 8.4 190 23.5 0 0 0
56.339 0x2B main_weld 1 1 1 1 193 23.1 8.4 190 23.5 0 0 0
56.379 0x2B main_weld 1 1 1 1 184 23.1 8.4 190 23.5 0 0 0
56.414 0x2B main_weld 1 1 1 1 184 23.1 8.4 190 23.5 0 0 0
56.456 0x2B main_weld 1 1 1 1 184 23.1 8.4 190 23.5 0 0 0
56.495 0x2B main_weld 1 1 1 1 184 23.1 8.4 190 23.5 0 0 0
56.533 0x2B main_weld 1 1 1 1 194 23.5 8.4 190 23.5 0 0 0
56.576 0x2B main_weld 1 1 1 1 194 23.5 8.4 190 23.5 0 0 0
56.614 0x2B main_weld 1 1 1 1 194 23.5 8.4 190 23.5 0 0 0
56.654 0x2B main_weld 1 1 1 1 194 23.5 8.4 190 23.5 0 0 0
56.695 0x2B main_weld 1 1 1 1 194 23.9 8.4 190 23.5 0 0 0
56.735 0x2B main_weld 1 1 1 1 204 23.9 8.4 190 23.5 0 0 0
56.779 0x2B main_weld 1 1 1 1 204 23.9 8.4 190 23.5 0 0 0
56.815 0x2B main_weld 1 1 1 1 193 23.9 8.4 190 23.5 0 0 0
56.855 0x2B main_weld 1 1 1 1 193 23.9 8.4 190 23.5 0 0 0
56.901 0x2B main_weld 1 1 1 1 193 23.5 8.4 190 23.5 0 0 0
56.933 0x2B main_weld 1 1 1 1 193 23.5 8.4 190 23.5 0 0 0
56.980 0x2B main_weld 1 1 1 1 193 23.5 8.4 190 23.5 0 0 0
57.015 0x2B main_weld 1 1 1 1 194 23.5 8.4 190 23.5 0 0 0
57.060 0x2B main_weld 1 1 1 1 194 23.9 8.4 190 23.5 0 0 0
57.096 0x2B main_weld 1 1 1 1 194 23.9 8.4 190 23.5 0 0 0
57.134 0x2B main_weld 1 1 1 1 194 23.9 8.4 190 23.5 0 0 0
57.174 0x2B main_weld 1 1 1 1 196 23.9 8.4 190 23.5 0 0 0
57.214 0x2B main_weld 1 1 1 1 196 23.9 8.4 190 23.5 0 0 0
57.254 0x2B main_weld 1 1 1 1 196 23.7 8.4 190 23.5 0 0 0
57.295 0x2B main_weld 1 1 1 1 196 23.7 8.4 190 23.5 0 0 0
57.343 0x2B main_weld 1 1 1 1 196 23.7 8.4 190 23.5 0 0 0
57.376 0x2B main_weld 1 1 1 1 198 23.7 8.4 190 23.5 0 0 0
57.414 0x2B main_weld 1 1 1 1 198 23.7 8.4 190 23.5 0 0 0
57.459 0x2B main_weld 1 1 1 1 198 23.7 8.4 190 23.5 0 0 0
57.497 0x2B main_weld 1 1 1 1 198 23.7 8.4 190 23.5 0 0 0
57.537 0x2B main_weld 1 1 1 1 205 23.7 8.4 190 23.5 0 0 0
57.575 0x2B main_weld 1 1 1 1 205 23.7 8.4 190 23.5 0 0 0
57.619 0x2B main_weld 1 1 1 1 205 23.6 8.4 190 23.5 0 0 0
57.654 0x2B main_weld 1 1 1 1 205 23.6 8.4 190 23.5 0 0 0
57.696 0x2B main_weld 1 1 1 1 205 23.7 8.4 190 23.5 0 0 0
57.735 0x2B main_weld 1 1 1 1 198 23.7 8.4 190 23.5 0 0 0
57.774 0x2B main_weld 1 1 1 1 198 23.7 8.4 190 23.5 0 0 0
57.813 0x2B main_weld 1 1 1 1 198 23.7 8.4 190 23.5 0 0 0
57.854 0x2B main_weld 1 1 1 1 198 23.7 8.4 190 23.5 0 0 0
57.893 0x2B main_weld 1 1 1 1 192 23.7 8.4 190 23.5 0 0 0
57.935 0x2B main_weld 1 1 1 1 192 23.7 8.4 190 23.5 0 0 0
57.975 0x2B main_weld 1 1 1 1 192 23.7 8.4 190 23.5 0 0 0
58.017 0x2B main_weld 1 1 1 1 192 23.7 8.4 190 23.5 0 0 0
58.054 0x2B main_weld 1 1 1 1 192 23.6 8.4 190 23.5 0 0 0
58.096 0x2B main_weld 1 1 1 1 200 23.6 8.4 190 23.5 0 0 0
58.138 0x2B main_weld 1 1 1 1 200 23.6 8.4 190 23.5 0 0 0
58.176 0x2B main_weld 1 1 1 1 200 23.6 8.4 190 23.5 0 0 0
58.212 0x2B main_weld 1 1 1 1 200 23.5 8.4 190 23.5 0 0 0
58.257 0x2B main_weld 1 1 1 1 200 23.5 8.4 190 23.5 0 0 0
58.298 0x2B main_weld 1 1 1 1 200 23.5 8.4 190 23.5 0 0 0
58.343 0x2B main_weld 1 1 1 1 200 23.5 8.4 190 23.5 0 0 0
58.377 0x2B main_weld 1 1 1 1 200 23.5 8.4 190 23.5 0 0 0
58.416 0x2B main_weld 1 1 1 1 200 23.6 8.4 190 23.5 0 0 0
58.456 0x2B main_weld 1 1 1 1 199 23.6 8.4 190 23.5 0 0 0
58.496 0x2B main_weld 1 1 1 1 199 23.6 8.4 190 23.5 0 0 0
58.535 0x2B main_weld 1 1 1 1 195 23.6 8.4 190 23.5 0 0 0
58.580 0x2B main_weld 1 1 1 1 195 23.6 8.4 190 23.5 0 0 0
58.616 0x2B main_weld 1 1 1 1 195 23.6 8.4 190 23.5 0 0 0
58.653 0x2B main_weld 1 1 1 1 195 23.6 8.4 190 23.5 0 0 0
58.697 0x2B main_weld 1 1 1 1 198 23.6 8.4 190 23.5 0 0 0
58.737 0x2B main_weld 1 1 1 1 198 23.6 8.4 190 23.5 0 0 0
58.776 0x2B main_weld 1 1 1 1 198 23.7 8.4 190 23.5 0 0 0
58.815 0x2B main_weld 1 1 1 1 198 23.7 8.4 190 23.5 0 0 0
58.855 0x2B main_weld 1 1 1 1 198 23.4 8.4 190 23.5 0 0 0
58.897 0x2B main_weld 1 1 1 1 198 23.4 8.4 190 23.5 0 0 0
58.936 0x2B main_weld 1 1 1 1 198 23.4 8.4 190 23.5 0 0 0
58.984 0x2B main_weld 1 1 1 1 198 23.4 8.4 190 23.5 0 0 0
59.027 0x2B main_weld 1 1 1 1 198 23.4 8.4 190 23.5 0 0 0
59.053 0x28 idle 0 1 0 1 198 23.6 8.4 190 23.5 0 0 0
59.107 0x28 idle 0 1 0 1 198 23.6 8.4 190 23.5 0 0 0
59.131 0x28 idle 0 1 0 1 198 23.6 8.4 190 23.5 0 0 0
59.172 0x28 idle 0 1 0 1 198 23.6 8.4 190 23.5 0 0 0
59.212 0x28 idle 0 1 0 1 198 22.8 8.4 190 23.5 0 0 0
59.259 0x28 idle 0 1 0 1 124 22.8 8.4 190 23.5 0 0 0
59.297 0x28 idle 0 1 0 1 124 22.8 8.4 190 23.5 0 0 0
59.336 0x28 idle 0 1 0 1 124 22.8 8.4 190 23.5 0 0 0
59.376 0x28 idle 0 1 0 1 124 22.8 8.4 190 23.5 0 0 0
59.414 0x28 idle 0 1 0 1 18 23.2 8.4 190 23.5 0 0 0
59.455 0x28 idle 0 1 0 1 18 23.2 8.4 190 23.5 0 0 0
59.495 0x28 idle 0 1 0 1 18 23.2 8.4 190 23.5 0 0 0
59.535 0x28 idle 0 1 0 1 8 23.2 8.4 190 23.5 0 0 0
59.577 0x28 idle 0 1 0 1 8 18.2 8.4 190 23.5 0 0 0
59.613 0x28 idle 0 1 0 1 8 18.2 8.4 190 23.5 0 0 0
59.653 0x28 idle 0 1 0 1 8 18.2 8.4 190 23.5 0 0 0
59.695 0x28 idle 0 1 0 1 0 18.2 8.4 190 23.5 0 0 0
59.734 0x28 idle 0 1 0 1 0 18.2 8.4 190 23.5 0 0 0
59.774 0x28 idle 0 1 0 1 0 3.0 8.4 190 23.5 0 0 0
59.815 0x28 idle 0 1 0 1 0 3.0 8.4 190 23.5 0 0 0
59.853 0x28 idle 0 1 0 1 0 3.0 8.4 190 23.5 0 0 0
59.893 0x28 idle 0 1 0 1 0 3.0 8.4 190 23.5 0 0 0
59.934 0x08 idle 0 1 0 0 0 0.0 8.4 190 23.5 0 0 0
59.973 0x08 idle 0 1 0 0 0 0.0 8.4 190 23.5 0 0 0
60.012 0x08 idle 0 1 0 0 0 0.0 0.0 190 23.5 0 0 0
60.054 0x08 idle 0 1 0 0 0 0.0 0.0 190 23.5 0 0 0
60.097 0x08 idle 0 1 0 0 0 0.0 0.0 190 23.5 0 0 0
60.141 0x08 idle 0 1 0 0 0 0.0 0.0 190 23.5 0 0 0
60.181 0x08 idle 0 1 0 0 0 0.0 0.0 190 23.5 0 0 0
60.216 0x08 idle 0 1 0 0 0 0.0 0.0 190 23.5 0 0 0
60.256 0x08 idle 0 1 0 0 0 0.0 0.0 190 23.5 0 0 0
60.296 0x08 idle 0 1 0 0 0 0.0 0.0 190 23.5 0 0 0
60.335 0x08 idle 0 1 0 0 0 0.0 0.0 190 23.5 0 0 0
60.380 0x08 idle 0 1 0 0 0 0.0 0.0 190 23.5 0 0 0
60.419 0x08 idle 0 1 0 0 0 0.0 0.0 190 23.5 0 0 0
60.455 0x08 idle 0 1 0 0 0 0.0 0.0 190 23.5 0 0 0
60.494 0x08 idle 0 1 0 0 0 0.0 0.0 190 23.5 0 0 0
60.536 0x08 idle 0 1 0 0 0 0.0 0.0 190 23.5 0 0 0
60.578 0x08 idle 0 1 0 0 0 0.0 0.0 190 23.5 0 0 0
60.618 0x08 idle 0 1 0 0 0 0.0 0.0 190 23.5 0 0 0
60.655 0x08 idle 0 1 0 0 0 0.0 0.0 190 23.5 0 0 0
60.695 0x08 idle 0 1 0 0 0 0.0 0.0 190 23.5 0 0 0
60.735 0x08 idle 0 1 0 0 0 0.0 0.0 190 23.5 0 0 0
60.774 0x08 idle 0 1 0 0 0 0.0 0.0 190 23.5 0 0 0
60.815 0x08 idle 0 1 0 0 0 0.0 0.0 190 23.5 0 0 0
60.854 0x08 idle 0 1 0 0 0 0.0 0.0 190 23.5 0 0 0
60.896 0x08 idle 0 1 0 0 0 0.0 0.0 190 23.5 0 0 0
60.935 0x08 idle 0 1 0 0 0 0.0 0.0 190 23.5 0 0 0
60.975 0x08 idle 0 1 0 0 0 0.0 0.0 190 23.5 0 0 0
61.012 0x08 idle 0 1 0 0 0 0.0 0.0 190 23.5 0 0 0
61.054 0x08 idle 0 1 0 0 0 0.0 0.0 190 23.5 0 0 0
61.096 0x08 idle 0 1 0 0 0 0.0 0.0 190 23.5 0 0 0
61.134 0x08 idle 0 1 0 0 0 0.0 0.0 190 23.5 0 0 0
61.173 0x08 idle 0 1 0 0 0 0.0 0.0 190 23.5 0 0 0
61.213 0x08 idle 0 1 0 0 0 0.0 0.0 190 23.5 0 0 0
61.252 0x08 idle 0 1 0 0 0 0.0 0.0 190 23.5 0 0 0
61.293 0x08 idle 0 1 0 0 0 0.0 0.0 190 23.5 0 0 0
61.338 0x08 idle 0 1 0 0 0 0.0 0.0 190 23.5 0 0 0
61.375 0x08 idle 0 1 0 0 0 0.0 0.0 190 23.5 0 0 0
61.413 0x08 idle 0 1 0 0 0 0.0 0.0 190 23.5 0 0 0
61.453 0x08 idle 0 1 0 0 0 0.0 0.0 190 23.5 0 0 0
61.499 0x08 idle 0 1 0 0 0 0.0 0.0 190 23.5 0 0 0
61.537 0x08 idle 0 1 0 0 0 0.0 0.0 190 23.5 0 0 0
61.575 0x08 idle 0 1 0 0 0 0.0 0.0 190 23.5 0 0 0
61.613 0x08 idle 0 1 0 0 0 0.0 0.0 190 23.5 0 0 0
61.655 0x08 idle 0 1 0 0 0 0.0 0.0 190 23.5 0 0 0
61.696 0x08 idle 0 1 0 0 0 0.0 0.0 190 23.5 0 0 0
61.734 0x08 idle 0 1 0 0 0 0.0 0.0 190 23.5 0 0 0
61.779 0x08 idle 0 1 0 0 0 0.0 0.0 190 23.5 0 0 0
61.813 0x08 idle 0 1 0 0 0 0.0 0.0 190 23.5 0 0 0
61.856 0x08 idle 0 1 0 0 0 0.0 0.0 190 23.5 0 0 0
61.893 0x08 idle 0 1 0 0 0 0.0 0.0 190 23.5 0 0 0
61.936 0x08 idle 0 1 0 0 0 0.0 0.0 190 23.5 0 0 0
61.977 0x08 idle 0 1 0 0 0 0.0 0.0 190 23.5 0 0 0
62.018 0x08 idle 0 1 0 0 0 0.0 0.0 190 23.5 0 0 0
62.056 0x08 idle 0 1 0 0 0 0.0 0.0 190 23.5 0 0 0
62.099 0x08 idle 0 1 0 0 0 0.0 0.0 190 23.5 0 0 0
62.134 0x08 idle 0 1 0 0 0 0.0 0.0 190 23.5 0 0 0
62.172 0x08 idle 0 1 0 0 0 0.0 0.0 190 23.5 0 0 0
62.214 0x08 idle 0 1 0 0 0 0.0 0.0 190 23.5 0 0 0
62.254 0x08 idle 0 1 0 0 0 0.0 0.0 190 23.5 0 0 0
62.295 0x00 idle 0 0 0 0 0 0.0 0.0 190 23.5 0 0 0

[tcp_trajectory]
elapsed_s x_m y_m z_m qx qy qz qw speed_m_s tf_stamp_s along_mm remaining_mm cross_track_mm progress waypoint phase
0.0011 -0.0254047 -1.6831627 0.6756606 -0.42713020 0.63988299 -0.52294104 -0.36693627 0.000000 1789534022.170415640 -0.712 60.608 0.355 0.00000 -1 ACTUAL_TF
0.0544 -0.0254807 -1.6832128 0.6755176 -0.42712146 0.63989985 -0.52292604 -0.36693842 0.003014 1789534022.226640701 -0.792 60.687 0.209 0.00000 -1 ACTUAL_TF
0.1115 -0.0255068 -1.6832687 0.6754711 -0.42710881 0.63990100 -0.52293125 -0.36694370 0.002525 1789534022.282480717 -0.820 60.716 0.141 0.00000 -1 ACTUAL_TF
0.1603 -0.0255309 -1.6833048 0.6754391 -0.42710011 0.63990488 -0.52293091 -0.36694754 0.002056 1789534022.338514328 -0.845 60.741 0.098 0.00000 -1 ACTUAL_TF
0.2190 -0.0255439 -1.6833200 0.6754187 -0.42709793 0.63990668 -0.52292932 -0.36694922 0.001593 1789534022.394472837 -0.859 60.755 0.074 0.00000 -1 ACTUAL_TF
0.2785 -0.0255571 -1.6833333 0.6754046 -0.42709594 0.63990844 -0.52292775 -0.36695070 0.001240 1789534022.450593948 -0.873 60.768 0.059 0.00000 -1 ACTUAL_TF
0.3371 -0.0255636 -1.6833356 0.6753964 -0.42709535 0.63991035 -0.52292585 -0.36695076 0.000926 1789534022.506503105 -0.880 60.775 0.051 0.00000 -1 ACTUAL_TF
0.3867 -0.0255745 -1.6833459 0.6753941 -0.42709141 0.63991176 -0.52292466 -0.36695459 0.000729 1789534022.562418699 -0.891 60.786 0.050 0.00000 -1 ACTUAL_TF
0.4468 -0.0255819 -1.6833475 0.6753892 -0.42709202 0.63991288 -0.52292207 -0.36695563 0.000559 1789534022.618489265 -0.898 60.794 0.046 0.00000 -1 ACTUAL_TF
0.4955 -0.0255865 -1.6833445 0.6753832 -0.42709493 0.63991371 -0.52291882 -0.36695541 0.000435 1789534022.674415350 -0.903 60.798 0.039 0.00000 -1 ACTUAL_TF
0.5541 -0.0255893 -1.6833492 0.6753844 -0.42709273 0.63991388 -0.52291954 -0.36695665 0.000334 1789534022.730531931 -0.906 60.801 0.042 0.00000 -1 ACTUAL_TF
0.6130 -0.0255943 -1.6833491 0.6753828 -0.42709338 0.63991492 -0.52291693 -0.36695778 0.000262 1789534022.786421299 -0.911 60.806 0.040 0.00000 -1 ACTUAL_TF
0.6752 -0.0255948 -1.6833491 0.6753829 -0.42709462 0.63991410 -0.52291623 -0.36695879 0.000186 1789534022.842496395 -0.911 60.807 0.040 0.00000 -1 ACTUAL_TF
0.7264 -0.0256004 -1.6833492 0.6753813 -0.42709510 0.63991526 -0.52291352 -0.36696006 0.000162 1789534022.898569345 -0.917 60.813 0.039 0.00000 -1 ACTUAL_TF
0.7877 -0.0256054 -1.6833500 0.6753813 -0.42709514 0.63991523 -0.52291213 -0.36696205 0.000140 1789534022.954412937 -0.922 60.818 0.039 0.00000 -1 ACTUAL_TF
0.8370 -0.0256101 -1.6833469 0.6753752 -0.42709797 0.63991617 -0.52290880 -0.36696186 0.000143 1789534023.010344267 -0.927 60.822 0.032 0.00000 -1 ACTUAL_TF
0.9005 -0.0256107 -1.6833460 0.6753736 -0.42709986 0.63991639 -0.52290685 -0.36696205 0.000110 1789534023.066404104 -0.927 60.823 0.031 0.00000 -1 ACTUAL_TF
0.9495 -0.0256140 -1.6833508 0.6753749 -0.42709881 0.63991574 -0.52290695 -0.36696428 0.000109 1789534023.122507811 -0.931 60.826 0.034 0.00000 -1 ACTUAL_TF
1.0002 -0.0256140 -1.6833500 0.6753733 -0.42709944 0.63991675 -0.52290575 -0.36696349 0.000086 1789534023.178499699 -0.931 60.826 0.032 0.00000 -1 ACTUAL_TF
1.0714 -0.0256196 -1.6833499 0.6753718 -0.42710133 0.63991697 -0.52290243 -0.36696563 0.000091 1789534023.234403372 -0.936 60.832 0.030 0.00000 -1 ACTUAL_TF
1.1232 -0.0256246 -1.6833499 0.6753703 -0.42710201 0.63991795 -0.52289984 -0.36696682 0.000092 1789534023.290410519 -0.941 60.837 0.029 0.00000 -1 ACTUAL_TF
1.1670 -0.0256295 -1.6833507 0.6753703 -0.42710201 0.63991795 -0.52289847 -0.36696877 0.000091 1789534023.346503735 -0.946 60.842 0.030 0.00000 -1 ACTUAL_TF
1.4524 -0.0256329 -1.6833543 0.6753717 -0.42709748 0.63991954 -0.52289773 -0.36697233 0.000069 1789534023.626368284 -0.950 60.845 0.032 0.00000 -1 ACTUAL_TF
1.5086 -0.0256396 -1.6833616 0.6753744 -0.42708838 0.63992270 -0.52289629 -0.36697946 0.000104 1789534023.682422161 -0.957 60.852 0.039 0.00000 -1 ACTUAL_TF
1.5645 -0.0256513 -1.6833678 0.6753756 -0.42707651 0.63992907 -0.52289151 -0.36698898 0.000144 1789534023.738460779 -0.968 60.864 0.044 0.00000 -1 ACTUAL_TF
1.6191 -0.0256471 -1.6833737 0.6753766 -0.42706661 0.63993411 -0.52288827 -0.36699632 0.000139 1789534023.794408083 -0.964 60.860 0.049 0.00000 -1 ACTUAL_TF
1.6770 -0.0256009 -1.6833795 0.6753766 -0.42706203 0.63993579 -0.52288915 -0.36699747 0.000347 1789534023.850380182 -0.918 60.814 0.054 0.00000 -1 ACTUAL_TF
1.7373 -0.0255510 -1.6833617 0.6753399 -0.42707497 0.63995921 -0.52286316 -0.36697861 0.000588 1789534023.906331062 -0.869 60.764 0.028 0.00000 -1 ACTUAL_TF
1.7955 -0.0254761 -1.6833504 0.6753156 -0.42708359 0.63997391 -0.52284792 -0.36696465 0.000837 1789534023.962528706 -0.794 60.689 0.036 0.00000 -1 ACTUAL_TF
1.8447 -0.0254081 -1.6833478 0.6753059 -0.42708502 0.63998019 -0.52284149 -0.36696120 0.000954 1789534024.018403530 -0.726 60.621 0.045 0.00000 -1 ACTUAL_TF
1.8977 -0.0253296 -1.6833473 0.6752977 -0.42709885 0.63997697 -0.52283452 -0.36696065 0.001091 1789534024.074410677 -0.648 60.543 0.055 0.00000 -1 ACTUAL_TF
1.9561 -0.0252886 -1.6833390 0.6752810 -0.42715550 0.63995515 -0.52278873 -0.36699800 0.001005 1789534024.130483150 -0.607 60.502 0.070 0.00000 -1 ACTUAL_TF
2.0210 -0.0252157 -1.6833339 0.6752664 -0.42716373 0.63996136 -0.52278023 -0.36698970 0.001103 1789534024.186447859 -0.534 60.429 0.085 0.00000 -1 ACTUAL_TF
2.0683 -0.0251414 -1.6833277 0.6752419 -0.42718131 0.63997021 -0.52275843 -0.36698485 0.001191 1789534024.242690086 -0.460 60.355 0.110 0.00000 -1 ACTUAL_TF
2.1236 -0.0250776 -1.6833165 0.6752147 -0.42720186 0.63997995 -0.52273444 -0.36697812 0.001212 1789534024.298411131 -0.396 60.292 0.139 0.00000 -1 ACTUAL_TF
2.1871 -0.0250080 -1.6833216 0.6752135 -0.42721631 0.63998401 -0.52271740 -0.36697848 0.001222 1789534024.354484081 -0.327 60.222 0.141 0.00000 -1 ACTUAL_TF
2.2350 -0.0249447 -1.6833512 0.6752375 -0.42722024 0.63998287 -0.52271377 -0.36698108 0.001251 1789534024.410454273 -0.264 60.159 0.122 0.00000 -1 ACTUAL_TF
2.2895 -0.0248546 -1.6833939 0.6752860 -0.42723035 0.63998008 -0.52271147 -0.36697745 0.001470 1789534024.466447830 -0.174 60.070 0.104 0.00000 -1 ACTUAL_TF
2.3508 -0.0247718 -1.6834665 0.6753706 -0.42722724 0.63997249 -0.52271810 -0.36698485 0.001766 1789534024.522938251 -0.092 59.987 0.151 0.00000 -1 ACTUAL_TF
2.4004 -0.0246864 -1.6835261 0.6754401 -0.42723412 0.63996386 -0.52272245 -0.36698570 0.001913 1789534024.578423738 -0.007 59.902 0.227 0.00000 -1 ACTUAL_TF
2.4608 -0.0245927 -1.6836285 0.6755527 -0.42723247 0.63995686 -0.52272830 -0.36699150 0.002297 1789534024.634435177 0.086 59.809 0.371 0.00000 -1 ACTUAL_TF
2.5144 -0.0244947 -1.6837384 0.6756807 -0.42722760 0.63994366 -0.52274509 -0.36699626 0.002654 1789534024.690372467 0.183 59.712 0.535 0.00000 -1 ACTUAL_TF
2.5780 -0.0244027 -1.6838573 0.6758054 -0.42723113 0.63993869 -0.52274531 -0.36700051 0.002902 1789534024.746475697 0.274 59.621 0.706 0.00000 -1 ACTUAL_TF
2.6256 -0.0242996 -1.6839956 0.6759587 -0.42722551 0.63992742 -0.52276104 -0.36700430 0.003268 1789534024.802465916 0.377 59.519 0.911 0.00000 -1 ACTUAL_TF
2.6812 -0.0241913 -1.6841555 0.6761246 -0.42722339 0.63992383 -0.52276418 -0.36700857 0.003653 1789534024.858420849 0.484 59.412 1.141 0.00000 -1 ACTUAL_TF
2.7376 -0.0240945 -1.6842780 0.6762603 -0.42722248 0.63991465 -0.52277400 -0.36701163 0.003664 1789534024.914453983 0.580 59.316 1.324 0.00000 -1 ACTUAL_TF
2.7969 -0.0239982 -1.6843915 0.6763717 -0.42723062 0.63992127 -0.52276030 -0.36701013 0.003562 1789534024.970413685 0.675 59.221 1.484 0.00000 -1 ACTUAL_TF
2.8572 -0.0239081 -1.6844683 0.6764529 -0.42723015 0.63992569 -0.52275777 -0.36700657 0.003262 1789534025.026425123 0.764 59.131 1.596 0.00000 -1 ACTUAL_TF
2.9078 -0.0238306 -1.6845186 0.6765092 -0.42722957 0.63992293 -0.52276288 -0.36700479 0.002864 1789534025.082365990 0.841 59.054 1.671 0.00000 -1 ACTUAL_TF
2.9663 -0.0237547 -1.6845407 0.6765368 -0.42723153 0.63992288 -0.52276178 -0.36700415 0.002453 1789534025.138349533 0.917 58.978 1.707 0.00000 -1 ACTUAL_TF
3.0203 -0.0236958 -1.6845442 0.6765433 -0.42723161 0.63992148 -0.52276149 -0.36700693 0.002035 1789534025.194337606 0.976 58.919 1.714 0.00000 -1 ACTUAL_TF
3.0844 -0.0236246 -1.6845428 0.6765533 -0.42722967 0.63991830 -0.52276542 -0.36700912 0.001810 1789534025.250383139 1.047 58.848 1.721 0.00000 -1 ACTUAL_TF
3.1344 -0.0235615 -1.6845359 0.6765579 -0.42722855 0.63991427 -0.52277006 -0.36701084 0.001608 1789534025.306337595 1.111 58.785 1.719 0.00000 -1 ACTUAL_TF
3.1848 -0.0234941 -1.6845269 0.6765626 -0.42722650 0.63991077 -0.52277398 -0.36701375 0.001491 1789534025.362358332 1.178 58.717 1.716 0.00000 -1 ACTUAL_TF
3.2433 -0.0234244 -1.6845153 0.6765659 -0.42723017 0.63990497 -0.52277940 -0.36701187 0.001422 1789534025.418406248 1.248 58.647 1.711 0.00000 -1 ACTUAL_TF
3.2988 -0.0233653 -1.6845033 0.6765695 -0.42722662 0.63990374 -0.52278042 -0.36701669 0.001320 1789534025.474344254 1.308 58.588 1.705 0.00000 -1 ACTUAL_TF
3.3544 -0.0232809 -1.6844867 0.6765782 -0.42723019 0.63989332 -0.52278997 -0.36701710 0.001386 1789534025.530383825 1.393 58.503 1.700 0.00000 -1 ACTUAL_TF
3.4085 -0.0232310 -1.6844700 0.6765851 -0.42722633 0.63988160 -0.52279994 -0.36702784 0.001255 1789534025.586339235 1.443 58.452 1.693 0.00000 -1 ACTUAL_TF
3.4645 -0.0231641 -1.6844202 0.6765613 -0.42723123 0.63985641 -0.52281687 -0.36704194 0.001343 1789534025.642382860 1.511 58.385 1.642 0.00000 -1 ACTUAL_TF
3.5214 -0.0231370 -1.6843467 0.6764937 -0.42723793 0.63984497 -0.52281630 -0.36705488 0.001494 1789534025.698391914 1.539 58.357 1.542 0.00000 -1 ACTUAL_TF
3.5812 -0.0231057 -1.6842475 0.6763969 -0.42724485 0.63983500 -0.52281554 -0.36706527 0.001808 1789534025.754332542 1.571 58.325 1.404 0.00000 -1 ACTUAL_TF
3.6388 -0.0230540 -1.6841605 0.6763111 -0.42720348 0.63985352 -0.52284770 -0.36703533 0.001976 1789534025.810360193 1.623 58.272 1.282 0.00000 -1 ACTUAL_TF
3.6913 -0.0230392 -1.6840272 0.6761673 -0.42721652 0.63984947 -0.52283529 -0.36704491 0.002436 1789534025.866365194 1.639 58.256 1.086 0.00000 -1 ACTUAL_TF
3.7502 -0.0230214 -1.6839230 0.6760582 -0.42721248 0.63984941 -0.52283640 -0.36704813 0.002519 1789534025.922386169 1.658 58.238 0.935 0.00000 -1 ACTUAL_TF
3.8083 -0.0229936 -1.6837745 0.6759004 -0.42721572 0.63985581 -0.52282977 -0.36704266 0.002934 1789534025.978382111 1.687 58.209 0.719 0.00000 -1 ACTUAL_TF
3.8615 -0.0229631 -1.6836354 0.6757611 -0.42721421 0.63985984 -0.52282811 -0.36703973 0.003122 1789534026.034333706 1.718 58.177 0.522 0.00000 -1 ACTUAL_TF
3.9105 -0.0229424 -1.6835263 0.6756537 -0.42720829 0.63986534 -0.52282749 -0.36703793 0.003013 1789534026.090339661 1.740 58.156 0.369 0.00000 -1 ACTUAL_TF
3.9684 -0.0229028 -1.6833889 0.6755072 -0.42721094 0.63987272 -0.52282278 -0.36702869 0.003206 1789534026.146329880 1.781 58.115 0.169 0.00000 -1 ACTUAL_TF
4.0385 -0.0228707 -1.6832739 0.6753906 -0.42721414 0.63987489 -0.52281964 -0.36702564 0.003137 1789534026.202391148 1.814 58.082 0.005 0.00000 -1 ACTUAL_TF
4.0835 -0.0228315 -1.6831450 0.6752610 -0.42721257 0.63988100 -0.52281709 -0.36702046 0.003199 1789534026.258323669 1.854 58.042 0.178 0.00000 -1 ACTUAL_TF
4.1386 -0.0227868 -1.6830543 0.6751752 -0.42720916 0.63988141 -0.52282049 -0.36701886 0.002949 1789534026.314363241 1.899 57.996 0.302 0.00000 -1 ACTUAL_TF
4.1946 -0.0227445 -1.6829472 0.6750724 -0.42720461 0.63988159 -0.52282180 -0.36702198 0.002891 1789534026.370371819 1.943 57.953 0.450 0.00000 -1 ACTUAL_TF
4.2511 -0.0226807 -1.6828397 0.6749717 -0.42720904 0.63988203 -0.52282038 -0.36701808 0.002884 1789534026.426345348 2.007 57.888 0.597 0.00000 -1 ACTUAL_TF
4.3102 -0.0226412 -1.6827524 0.6748904 -0.42720810 0.63988241 -0.52281733 -0.36702287 0.002692 1789534026.482336998 2.048 57.848 0.716 0.00000 -1 ACTUAL_TF
4.3693 -0.0225798 -1.6826442 0.6747905 -0.42722199 0.63987638 -0.52281026 -0.36702727 0.002739 1789534026.538378716 2.110 57.785 0.863 0.00000 -1 ACTUAL_TF
4.4146 -0.0225088 -1.6825557 0.6747053 -0.42723586 0.63987299 -0.52280375 -0.36702632 0.002676 1789534026.594473600 2.182 57.714 0.985 0.00000 -1 ACTUAL_TF
4.4727 -0.0224111 -1.6824583 0.6746144 -0.42719134 0.63990037 -0.52282541 -0.36699953 0.002761 1789534026.650314331 2.281 57.615 1.118 0.00000 -1 ACTUAL_TF
4.5286 -0.0223195 -1.6823670 0.6745261 -0.42721241 0.63989204 -0.52281619 -0.36700267 0.002771 1789534026.706357479 2.373 57.523 1.244 0.00000 -1 ACTUAL_TF
4.5854 -0.0222022 -1.6822716 0.6744360 -0.42722212 0.63988947 -0.52281034 -0.36700418 0.002882 1789534026.762374878 2.491 57.404 1.375 0.00000 -1 ACTUAL_TF
4.6410 -0.0221056 -1.6822077 0.6743876 -0.42720961 0.63987469 -0.52282650 -0.36702150 0.002690 1789534026.818378687 2.588 57.307 1.454 0.00000 -1 ACTUAL_TF
4.7020 -0.0219733 -1.6821240 0.6743000 -0.42721191 0.63987920 -0.52282527 -0.36701272 0.002844 1789534026.874348164 2.721 57.174 1.574 0.00000 -1 ACTUAL_TF
4.7601 -0.0218635 -1.6820644 0.6742427 -0.42720079 0.63988450 -0.52282175 -0.36702143 0.002728 1789534026.930325031 2.832 57.064 1.656 0.00000 -1 ACTUAL_TF
4.8087 -0.0217661 -1.6820274 0.6742069 -0.42719677 0.63988502 -0.52282156 -0.36702548 0.002500 1789534026.986305475 2.929 56.966 1.707 0.00000 -1 ACTUAL_TF
4.8667 -0.0216513 -1.6820016 0.6741887 -0.42719448 0.63988217 -0.52282643 -0.36702617 0.002387 1789534027.042365551 3.044 56.851 1.737 0.00000 -1 ACTUAL_TF
4.9245 -0.0215664 -1.6819942 0.6741882 -0.42719274 0.63987699 -0.52283389 -0.36702659 0.002128 1789534027.098366499 3.130 56.766 1.742 0.00000 -1 ACTUAL_TF
4.9892 -0.0214852 -1.6820027 0.6741990 -0.42718560 0.63987008 -0.52284502 -0.36703109 0.001931 1789534027.154335260 3.211 56.685 1.728 0.00000 -1 ACTUAL_TF
5.0337 -0.0214360 -1.6820116 0.6742071 -0.42717784 0.63986659 -0.52285198 -0.36703631 0.001622 1789534027.210386038 3.260 56.636 1.716 0.00000 -1 ACTUAL_TF
5.0887 -0.0213776 -1.6820257 0.6742143 -0.42717164 0.63986236 -0.52286075 -0.36703840 0.001460 1789534027.266384602 3.318 56.578 1.700 0.00000 -1 ACTUAL_TF
5.1437 -0.0213458 -1.6820343 0.6742109 -0.42716799 0.63986655 -0.52285925 -0.36703749 0.001199 1789534027.322351933 3.349 56.546 1.696 0.00000 -1 ACTUAL_TF
5.1989 -0.0213052 -1.6820296 0.6741778 -0.42717914 0.63988740 -0.52283806 -0.36701834 0.001121 1789534027.378322363 3.390 56.506 1.723 0.00000 -1 ACTUAL_TF
5.2564 -0.0212809 -1.6820267 0.6741427 -0.42719051 0.63991552 -0.52280980 -0.36699634 0.001014 1789534027.434409142 3.413 56.482 1.750 0.00000 -1 ACTUAL_TF
5.3137 -0.0212573 -1.6820651 0.6741653 -0.42718416 0.63992776 -0.52280709 -0.36698626 0.000979 1789534027.490417480 3.436 56.459 1.707 0.00000 -1 ACTUAL_TF
5.3750 -0.0212046 -1.6821551 0.6742612 -0.42716845 0.63993728 -0.52281926 -0.36697060 0.001445 1789534027.546370506 3.488 56.407 1.576 0.00000 -1 ACTUAL_TF
5.4300 -0.0211487 -1.6822633 0.6743777 -0.42714934 0.63994107 -0.52283841 -0.36695893 0.001914 1789534027.602359295 3.543 56.352 1.416 0.00000 -1 ACTUAL_TF
5.4882 -0.0210875 -1.6823748 0.6744995 -0.42714083 0.63994706 -0.52284914 -0.36694312 0.002283 1789534027.658421993 3.604 56.292 1.251 0.00000 -1 ACTUAL_TF
5.5429 -0.0210432 -1.6824805 0.6746162 -0.42717658 0.63992185 -0.52283958 -0.36695909 0.002475 1789534027.714378834 3.647 56.248 1.093 0.00000 -1 ACTUAL_TF
5.5896 -0.0209636 -1.6826175 0.6747670 -0.42716325 0.63992357 -0.52286513 -0.36693519 0.002905 1789534027.770345688 3.726 56.170 0.889 0.00000 -1 ACTUAL_TF
5.6480 -0.0209334 -1.6827599 0.6749224 -0.42718375 0.63990595 -0.52285969 -0.36694981 0.003173 1789534027.826397657 3.755 56.140 0.678 0.00000 -1 ACTUAL_TF
5.7060 -0.0209064 -1.6828897 0.6750600 -0.42716713 0.63990608 -0.52287635 -0.36694520 0.003245 1789534027.882389545 3.781 56.114 0.489 0.00000 -1 ACTUAL_TF
5.7640 -0.0208848 -1.6830353 0.6752149 -0.42716223 0.63990230 -0.52288294 -0.36694809 0.003416 1789534027.938387394 3.802 56.094 0.276 0.00000 -1 ACTUAL_TF
5.8183 -0.0208653 -1.6831540 0.6753329 -0.42716318 0.63990062 -0.52288219 -0.36695098 0.003295 1789534027.994342804 3.820 56.075 0.109 0.00000 -1 ACTUAL_TF
5.8757 -0.0208373 -1.6833156 0.6755041 -0.42715338 0.63989335 -0.52289324 -0.36695934 0.003574 1789534028.050459862 3.847 56.049 0.127 0.00000 -1 ACTUAL_TF
5.9348 -0.0208192 -1.6834234 0.6756188 -0.42715616 0.63989130 -0.52288923 -0.36696539 0.003352 1789534028.106371880 3.864 56.031 0.285 0.00000 -1 ACTUAL_TF
5.9920 -0.0207893 -1.6835474 0.6757421 -0.42715942 0.63989134 -0.52288402 -0.36696893 0.003296 1789534028.162431002 3.893 56.002 0.460 0.00000 -1 ACTUAL_TF
6.0493 -0.0207582 -1.6836345 0.6758199 -0.42716952 0.63989532 -0.52287190 -0.36696751 0.002956 1789534028.218304157 3.923 55.972 0.576 0.00000 -1 ACTUAL_TF
6.0972 -0.0207081 -1.6837590 0.6759482 -0.42717068 0.63988938 -0.52287620 -0.36697041 0.003062 1789534028.274379492 3.972 55.923 0.755 0.00000 -1 ACTUAL_TF
6.1553 -0.0206723 -1.6838567 0.6760423 -0.42717502 0.63989326 -0.52286709 -0.36697156 0.002896 1789534028.330279112 4.007 55.888 0.891 0.00000 -1 ACTUAL_TF
6.2138 -0.0206422 -1.6839468 0.6761300 -0.42717174 0.63989709 -0.52286080 -0.36697765 0.002719 1789534028.386356831 4.036 55.859 1.017 0.00000 -1 ACTUAL_TF
6.2703 -0.0206168 -1.6840450 0.6762196 -0.42716259 0.63990814 -0.52284786 -0.36698748 0.002627 1789534028.442452669 4.061 55.835 1.150 0.00000 -1 ACTUAL_TF
6.3248 -0.0205970 -1.6841203 0.6762867 -0.42714610 0.63992264 -0.52283654 -0.36699753 0.002391 1789534028.498354435 4.080 55.816 1.251 0.00000 -1 ACTUAL_TF
6.3780 -0.0205139 -1.6842167 0.6763758 -0.42713499 0.63992890 -0.52283102 -0.36700739 0.002506 1789534028.554312706 4.162 55.734 1.383 0.00000 -1 ACTUAL_TF
6.4408 -0.0204222 -1.6842689 0.6764315 -0.42715561 0.63992397 -0.52280890 -0.36702350 0.002392 1789534028.610439062 4.253 55.642 1.460 0.00000 -1 ACTUAL_TF
6.4909 -0.0202601 -1.6843471 0.6765201 -0.42714148 0.63992112 -0.52282102 -0.36702764 0.002747 1789534028.666543245 4.415 55.481 1.579 0.00000 -1 ACTUAL_TF
6.5509 -0.0201118 -1.6843681 0.6765458 -0.42715349 0.63992057 -0.52281372 -0.36702503 0.002738 1789534028.722470999 4.563 55.333 1.613 0.00000 -1 ACTUAL_TF
6.6094 -0.0199465 -1.6843735 0.6765572 -0.42716056 0.63991942 -0.52281127 -0.36702231 0.002806 1789534028.778402805 4.728 55.167 1.626 0.00000 -1 ACTUAL_TF
6.6575 -0.0197947 -1.6843669 0.6765610 -0.42716839 0.63991423 -0.52281530 -0.36701649 0.002780 1789534028.834312916 4.880 55.015 1.624 0.00000 -1 ACTUAL_TF
6.7131 -0.0197009 -1.6843661 0.6765691 -0.42716292 0.63991185 -0.52282085 -0.36701910 0.002450 1789534028.890393496 4.974 54.921 1.630 0.00000 -1 ACTUAL_TF
6.7749 -0.0195953 -1.6843544 0.6765750 -0.42716445 0.63990452 -0.52282910 -0.36701835 0.002284 1789534028.946415186 5.080 54.816 1.626 0.00000 -1 ACTUAL_TF
6.8339 -0.0195083 -1.6843443 0.6765810 -0.42716400 0.63989851 -0.52283591 -0.36701966 0.002069 1789534029.002457142 5.167 54.728 1.624 0.00000 -1 ACTUAL_TF
6.8844 -0.0194292 -1.6843293 0.6765862 -0.42715853 0.63989690 -0.52283760 -0.36702642 0.001881 1789534029.058429241 5.247 54.649 1.617 0.00000 -1 ACTUAL_TF
6.9447 -0.0193501 -1.6843135 0.6765897 -0.42716104 0.63989168 -0.52284217 -0.36702609 0.001749 1789534029.114418030 5.326 54.569 1.609 0.00000 -1 ACTUAL_TF
6.9962 -0.0192691 -1.6842928 0.6765909 -0.42716215 0.63988409 -0.52284811 -0.36702956 0.001672 1789534029.170493364 5.408 54.488 1.596 0.00000 -1 ACTUAL_TF
7.0572 -0.0192168 -1.6842625 0.6765762 -0.42716362 0.63987715 -0.52285010 -0.36703711 0.001504 1789534029.226436377 5.461 54.435 1.565 0.00000 -1 ACTUAL_TF
7.1142 -0.0191760 -1.6841953 0.6765240 -0.42717053 0.63985988 -0.52285297 -0.36705511 0.001558 1789534029.282456636 5.502 54.393 1.481 0.00000 -1 ACTUAL_TF
7.1652 -0.0191466 -1.6840916 0.6764194 -0.42718791 0.63985018 -0.52284322 -0.36706565 0.001895 1789534029.338427305 5.532 54.363 1.334 0.00000 -1 ACTUAL_TF
7.2176 -0.0191187 -1.6840031 0.6763306 -0.42720132 0.63984245 -0.52283657 -0.36707300 0.002014 1789534029.394493341 5.561 54.334 1.209 0.00000 -1 ACTUAL_TF
7.2752 -0.0190940 -1.6838881 0.6762096 -0.42719273 0.63984480 -0.52284295 -0.36706981 0.002313 1789534029.450528383 5.587 54.309 1.042 0.00000 -1 ACTUAL_TF
7.3335 -0.0190542 -1.6837816 0.6760940 -0.42716982 0.63986189 -0.52286068 -0.36704144 0.002489 1789534029.506464005 5.627 54.268 0.885 0.00000 -1 ACTUAL_TF
7.3880 -0.0190373 -1.6836590 0.6759633 -0.42717645 0.63985520 -0.52285895 -0.36704786 0.002706 1789534029.562486887 5.645 54.251 0.706 0.00000 -1 ACTUAL_TF
7.4460 -0.0190253 -1.6835479 0.6758505 -0.42718113 0.63985049 -0.52285956 -0.36704973 0.002745 1789534029.618516684 5.658 54.238 0.548 0.00000 -1 ACTUAL_TF
7.5062 -0.0190145 -1.6834135 0.6757164 -0.42717447 0.63985047 -0.52286502 -0.36704976 0.002942 1789534029.674428463 5.670 54.226 0.358 0.00000 -1 ACTUAL_TF
7.5556 -0.0189989 -1.6832734 0.6755747 -0.42717742 0.63984842 -0.52286657 -0.36704770 0.003129 1789534029.730453253 5.687 54.209 0.159 0.00000 -1 ACTUAL_TF
7.6161 -0.0189958 -1.6831637 0.6754615 -0.42717019 0.63985162 -0.52286855 -0.36704771 0.003037 1789534029.786350489 5.691 54.205 0.017 0.00000 -1 ACTUAL_TF
7.6648 -0.0189865 -1.6830238 0.6753183 -0.42716994 0.63985308 -0.52286809 -0.36704610 0.003197 1789534029.842462540 5.701 54.194 0.200 0.00000 -1 ACTUAL_TF
7.7283 -0.0189686 -1.6829122 0.6752099 -0.42717153 0.63985200 -0.52286984 -0.36704363 0.003079 1789534029.898370981 5.720 54.176 0.355 0.00000 -1 ACTUAL_TF
7.7761 -0.0189502 -1.6827993 0.6750916 -0.42716475 0.63985925 -0.52287044 -0.36703803 0.003035 1789534029.954482079 5.739 54.156 0.518 0.00000 -1 ACTUAL_TF
7.8366 -0.0189311 -1.6827019 0.6749944 -0.42716202 0.63985867 -0.52287217 -0.36703975 0.002869 1789534030.010408640 5.759 54.136 0.656 0.00000 -1 ACTUAL_TF
7.8968 -0.0188977 -1.6825714 0.6748584 -0.42717012 0.63986424 -0.52286327 -0.36703330 0.003034 1789534030.066398621 5.794 54.102 0.844 0.00000 -1 ACTUAL_TF
7.9515 -0.0188739 -1.6824860 0.6747724 -0.42716549 0.63986555 -0.52286471 -0.36703435 0.002785 1789534030.122499228 5.818 54.077 0.965 0.00000 -1 ACTUAL_TF
8.0011 -0.0188320 -1.6823783 0.6746624 -0.42717248 0.63987005 -0.52285676 -0.36702969 0.002805 1789534030.178458929 5.861 54.035 1.119 0.00000 -1 ACTUAL_TF
8.0623 -0.0187909 -1.6822753 0.6745633 -0.42718051 0.63987261 -0.52284772 -0.36702877 0.002762 1789534030.234322309 5.903 53.993 1.261 0.00000 -1 ACTUAL_TF
8.1139 -0.0187478 -1.6822045 0.6744990 -0.42718668 0.63986921 -0.52284619 -0.36702970 0.002493 1789534030.290545702 5.947 53.949 1.357 0.00000 -1 ACTUAL_TF
8.1738 -0.0186860 -1.6821140 0.6744129 -0.42716870 0.63988692 -0.52285388 -0.36700879 0.002494 1789534030.346369743 6.009 53.886 1.481 0.00000 -1 ACTUAL_TF
8.2258 -0.0186367 -1.6820400 0.6743471 -0.42717897 0.63988509 -0.52284603 -0.36701121 0.002337 1789534030.402445793 6.059 53.836 1.580 0.00000 -1 ACTUAL_TF
8.2905 -0.0185575 -1.6819806 0.6742934 -0.42718614 0.63988167 -0.52284250 -0.36701386 0.002240 1789534030.458420277 6.139 53.756 1.659 0.00000 -1 ACTUAL_TF
8.3423 -0.0184788 -1.6819488 0.6742701 -0.42718286 0.63988205 -0.52284065 -0.36701965 0.002039 1789534030.514507294 6.218 53.677 1.698 0.00000 -1 ACTUAL_TF
8.4003 -0.0183470 -1.6819314 0.6742701 -0.42718009 0.63987408 -0.52285049 -0.36702275 0.002140 1789534030.570402861 6.350 53.545 1.709 0.00000 -1 ACTUAL_TF
8.4502 -0.0182104 -1.6819328 0.6742806 -0.42717624 0.63986192 -0.52286696 -0.36702496 0.002232 1789534030.626414537 6.487 53.409 1.700 0.00000 -1 ACTUAL_TF
8.5091 -0.0180755 -1.6819476 0.6742997 -0.42716029 0.63985213 -0.52288440 -0.36703574 0.002297 1789534030.682389021 6.622 53.274 1.675 0.00000 -1 ACTUAL_TF
8.5688 -0.0179373 -1.6819539 0.6742991 -0.42715152 0.63985522 -0.52288718 -0.36703661 0.002347 1789534030.738554239 6.760 53.136 1.670 0.00000 -1 ACTUAL_TF
8.6162 -0.0178325 -1.6819489 0.6742646 -0.42716122 0.63987696 -0.52286715 -0.36701596 0.002236 1789534030.794337273 6.864 53.031 1.698 0.00000 -1 ACTUAL_TF
8.6786 -0.0177360 -1.6819558 0.6742523 -0.42716156 0.63989056 -0.52285802 -0.36700485 0.002087 1789534030.850448370 6.960 52.935 1.701 0.00000 -1 ACTUAL_TF
8.7297 -0.0176763 -1.6819746 0.6742520 -0.42715837 0.63991004 -0.52284503 -0.36699310 0.001797 1789534030.906402349 7.019 52.876 1.688 0.00000 -1 ACTUAL_TF
8.7945 -0.0175911 -1.6820478 0.6743287 -0.42714021 0.63991873 -0.52285544 -0.36698427 0.001986 1789534030.962417603 7.104 52.792 1.581 0.00000 -1 ACTUAL_TF
8.8460 -0.0175164 -1.6821268 0.6744097 -0.42712562 0.63992686 -0.52286574 -0.36697240 0.002117 1789534031.018412590 7.178 52.717 1.468 0.00000 -1 ACTUAL_TF
8.9082 -0.0174429 -1.6822198 0.6745013 -0.42710880 0.63994028 -0.52287269 -0.36695865 0.002284 1789534031.074437618 7.251 52.645 1.337 0.00000 -1 ACTUAL_TF
8.9559 -0.0173775 -1.6823188 0.6746045 -0.42709372 0.63994241 -0.52288740 -0.36695153 0.002442 1789534031.130408764 7.315 52.580 1.194 0.00000 -1 ACTUAL_TF
9.0144 -0.0173443 -1.6824345 0.6747260 -0.42714899 0.63990602 -0.52285600 -0.36699541 0.002625 1789534031.186466694 7.348 52.548 1.026 0.00000 -1 ACTUAL_TF
9.0656 -0.0172774 -1.6825548 0.6748512 -0.42713696 0.63991932 -0.52286212 -0.36697750 0.002833 1789534031.242501974 7.414 52.482 0.852 0.00000 -1 ACTUAL_TF
9.1248 -0.0172276 -1.6826583 0.6749605 -0.42713550 0.63991871 -0.52286692 -0.36697341 0.002834 1789534031.298403502 7.462 52.433 0.701 0.00000 -1 ACTUAL_TF
9.1865 -0.0171673 -1.6827849 0.6750937 -0.42714139 0.63991903 -0.52286492 -0.36696886 0.003021 1789534031.354381084 7.522 52.374 0.517 0.00000 -1 ACTUAL_TF
9.2327 -0.0171119 -1.6828888 0.6752042 -0.42716244 0.63991418 -0.52285775 -0.36696302 0.002978 1789534031.410462618 7.576 52.319 0.365 0.00000 -1 ACTUAL_TF
9.2969 -0.0170373 -1.6830243 0.6753538 -0.42717589 0.63990580 -0.52286364 -0.36695360 0.003237 1789534031.466456890 7.650 52.246 0.163 0.00000 -1 ACTUAL_TF
9.3497 -0.0169981 -1.6831542 0.6754960 -0.42717827 0.63989807 -0.52286967 -0.36695570 0.003318 1789534031.522511721 7.688 52.207 0.032 0.00000 -1 ACTUAL_TF
9.4127 -0.0169672 -1.6832910 0.6756335 -0.42718758 0.63989814 -0.52286466 -0.36695189 0.003376 1789534031.578441620 7.718 52.178 0.225 0.00000 -1 ACTUAL_TF
9.4575 -0.0169571 -1.6833987 0.6757456 -0.42718961 0.63989368 -0.52286421 -0.36695793 0.003197 1789534031.634465694 7.727 52.168 0.380 0.00000 -1 ACTUAL_TF
9.5153 -0.0169410 -1.6835349 0.6758823 -0.42719440 0.63989206 -0.52285899 -0.36696263 0.003276 1789534031.690470934 7.742 52.153 0.573 0.00000 -1 ACTUAL_TF
9.5785 -0.0169211 -1.6836713 0.6760207 -0.42719476 0.63989182 -0.52285703 -0.36696543 0.003340 1789534031.746444941 7.761 52.135 0.768 0.00000 -1 ACTUAL_TF
9.6267 -0.0169031 -1.6837672 0.6761140 -0.42719668 0.63989583 -0.52285148 -0.36696410 0.003061 1789534031.802468777 7.778 52.117 0.901 0.00000 -1 ACTUAL_TF
9.6849 -0.0168927 -1.6838656 0.6762080 -0.42722346 0.63988630 -0.52282856 -0.36698220 0.002874 1789534031.858446598 7.788 52.108 1.038 0.00000 -1 ACTUAL_TF
9.7440 -0.0168613 -1.6839511 0.6762941 -0.42721435 0.63989266 -0.52283340 -0.36697482 0.002683 1789534031.914471626 7.818 52.077 1.159 0.00000 -1 ACTUAL_TF
9.7954 -0.0168230 -1.6840396 0.6763834 -0.42720960 0.63989330 -0.52283880 -0.36697154 0.002582 1789534031.970471859 7.856 52.040 1.285 0.00000 -1 ACTUAL_TF
9.8540 -0.0167898 -1.6841221 0.6764677 -0.42720367 0.63989118 -0.52284395 -0.36697479 0.002464 1789534032.026451588 7.888 52.007 1.403 0.00000 -1 ACTUAL_TF
9.9047 -0.0167733 -1.6841857 0.6765202 -0.42720324 0.63989775 -0.52283118 -0.36698204 0.002176 1789534032.082399607 7.904 51.992 1.485 0.00000 -1 ACTUAL_TF
9.9671 -0.0167600 -1.6842521 0.6765794 -0.42718983 0.63990394 -0.52282700 -0.36699281 0.002005 1789534032.138465166 7.917 51.979 1.575 0.00000 -1 ACTUAL_TF
10.0214 -0.0167590 -1.6842986 0.6766203 -0.42717620 0.63991360 -0.52281754 -0.36700531 0.001735 1789534032.194392920 7.917 51.978 1.636 0.00000 -1 ACTUAL_TF
10.0867 -0.0167205 -1.6843395 0.6766565 -0.42716346 0.63991800 -0.52281438 -0.36701697 0.001572 1789534032.250494480 7.955 51.940 1.691 0.00000 -1 ACTUAL_TF
10.1366 -0.0166480 -1.6843383 0.6766611 -0.42716749 0.63991846 -0.52281052 -0.36701698 0.001490 1789534032.306440115 8.028 51.868 1.694 0.00000 -1 ACTUAL_TF
10.1891 -0.0165608 -1.6843378 0.6766676 -0.42715764 0.63992036 -0.52280937 -0.36702676 0.001512 1789534032.362449169 8.115 51.780 1.699 0.00000 -1 ACTUAL_TF
10.2429 -0.0164633 -1.6843367 0.6766775 -0.42714664 0.63991710 -0.52281628 -0.36703539 0.001583 1789534032.418490648 8.213 51.683 1.705 0.00000 -1 ACTUAL_TF
10.3067 -0.0163191 -1.6843235 0.6766895 -0.42714044 0.63990877 -0.52282717 -0.36704163 0.001889 1789534032.474316597 8.357 51.538 1.705 0.00000 -1 ACTUAL_TF
10.3578 -0.0161956 -1.6843081 0.6766987 -0.42713590 0.63990225 -0.52283513 -0.36704693 0.001982 1789534032.531002045 8.481 51.414 1.702 0.00000 -1 ACTUAL_TF
10.4202 -0.0160349 -1.6842910 0.6767107 -0.42713344 0.63989143 -0.52284806 -0.36705026 0.002266 1789534032.586375237 8.643 51.253 1.699 0.00000 -1 ACTUAL_TF
10.4703 -0.0158908 -1.6842593 0.6767036 -0.42713361 0.63988548 -0.52285231 -0.36705438 0.002377 1789534032.642431736 8.787 51.108 1.673 0.00000 -1 ACTUAL_TF
10.5322 -0.0157755 -1.6842130 0.6766761 -0.42714500 0.63987734 -0.52285367 -0.36705337 0.002345 1789534032.698467970 8.903 50.992 1.622 0.00000 -1 ACTUAL_TF
10.5786 -0.0156770 -1.6841301 0.6765972 -0.42716245 0.63987337 -0.52284145 -0.36705740 0.002452 1789534032.754369974 9.002 50.893 1.508 0.00000 -1 ACTUAL_TF
10.6426 -0.0156077 -1.6840491 0.6765230 -0.42717513 0.63986051 -0.52283872 -0.36706893 0.002406 1789534032.810847759 9.072 50.823 1.399 0.00000 -1 ACTUAL_TF
10.6909 -0.0155321 -1.6839464 0.6764146 -0.42719616 0.63985904 -0.52282258 -0.36707002 0.002579 1789534032.866956711 9.149 50.747 1.250 0.00000 -1 ACTUAL_TF
10.7499 -0.0154763 -1.6838689 0.6763415 -0.42720665 0.63985233 -0.52281724 -0.36707711 0.002455 1789534032.922498226 9.205 50.690 1.144 0.00000 -1 ACTUAL_TF
10.8065 -0.0154197 -1.6837678 0.6762421 -0.42722051 0.63984508 -0.52280823 -0.36708646 0.002536 1789534032.978489399 9.263 50.633 1.002 0.00000 -1 ACTUAL_TF
10.8640 -0.0153654 -1.6836833 0.6761585 -0.42722571 0.63984004 -0.52280949 -0.36708739 0.002477 1789534033.034329414 9.318 50.578 0.884 0.00000 -1 ACTUAL_TF
10.9183 -0.0152942 -1.6835570 0.6760191 -0.42718195 0.63988024 -0.52282765 -0.36704237 0.002809 1789534033.090506554 9.390 50.506 0.696 0.00000 -1 ACTUAL_TF
10.9734 -0.0152509 -1.6834414 0.6759064 -0.42719033 0.63986971 -0.52282386 -0.36705637 0.002862 1789534033.146447420 9.434 50.461 0.535 0.00000 -1 ACTUAL_TF
11.0391 -0.0152081 -1.6833241 0.6757823 -0.42717562 0.63988659 -0.52282929 -0.36703634 0.002946 1789534033.202469349 9.478 50.418 0.365 0.00000 -1 ACTUAL_TF
11.0817 -0.0151673 -1.6831998 0.6756609 -0.42717698 0.63988027 -0.52283091 -0.36704346 0.003019 1789534033.258434296 9.520 50.376 0.192 0.00000 -1 ACTUAL_TF
11.1379 -0.0151424 -1.6830983 0.6755615 -0.42717391 0.63987350 -0.52283494 -0.36705311 0.002886 1789534033.314420462 9.546 50.350 0.054 0.00000 -1 ACTUAL_TF
11.1962 -0.0150945 -1.6829675 0.6754311 -0.42717136 0.63986949 -0.52284439 -0.36704959 0.003041 1789534033.370481014 9.595 50.301 0.138 0.00000 -1 ACTUAL_TF
11.2558 -0.0150757 -1.6828417 0.6752932 -0.42717319 0.63987475 -0.52283896 -0.36704604 0.003132 1789534033.426591396 9.614 50.281 0.323 0.00000 -1 ACTUAL_TF
11.3131 -0.0150389 -1.6827091 0.6751565 -0.42717102 0.63987627 -0.52284082 -0.36704327 0.003234 1789534033.482445955 9.652 50.243 0.513 0.00000 -1 ACTUAL_TF
11.3657 -0.0150016 -1.6826000 0.6750461 -0.42717159 0.63987137 -0.52284838 -0.36704036 0.003118 1789534033.538499594 9.690 50.205 0.668 0.00000 -1 ACTUAL_TF
11.4227 -0.0149609 -1.6824748 0.6749246 -0.42716584 0.63986981 -0.52285682 -0.36703776 0.003144 1789534033.594429731 9.732 50.163 0.842 0.00000 -1 ACTUAL_TF
11.4767 -0.0149170 -1.6823453 0.6747951 -0.42717193 0.63986776 -0.52285857 -0.36703174 0.003212 1789534033.650306702 9.777 50.118 1.025 0.00000 -1 ACTUAL_TF
11.5310 -0.0148907 -1.6822397 0.6746907 -0.42717066 0.63986719 -0.52285996 -0.36703225 0.003051 1789534033.706658840 9.804 50.091 1.173 0.00000 -1 ACTUAL_TF
11.5852 -0.0148562 -1.6821375 0.6745936 -0.42716338 0.63986934 -0.52286437 -0.36703069 0.002917 1789534033.762405396 9.840 50.056 1.314 0.00000 -1 ACTUAL_TF
11.6387 -0.0148188 -1.6820516 0.6745105 -0.42716322 0.63986772 -0.52286736 -0.36702944 0.002713 1789534033.818348646 9.878 50.018 1.433 0.00000 -1 ACTUAL_TF
11.7041 -0.0147801 -1.6819606 0.6744233 -0.42716535 0.63986574 -0.52286677 -0.36703125 0.002605 1789534033.874383211 9.917 49.978 1.559 0.00000 -1 ACTUAL_TF
11.7516 -0.0147383 -1.6818912 0.6743585 -0.42716987 0.63986653 -0.52286425 -0.36702820 0.002378 1789534033.930475235 9.960 49.936 1.653 0.00000 -1 ACTUAL_TF
11.8075 -0.0146963 -1.6818151 0.6742883 -0.42717308 0.63986770 -0.52286003 -0.36702844 0.002263 1789534033.986474276 10.003 49.893 1.757 0.00000 -1 ACTUAL_TF
11.8675 -0.0146562 -1.6817562 0.6742366 -0.42717686 0.63986805 -0.52285622 -0.36702887 0.002057 1789534034.042329788 10.043 49.852 1.835 0.00000 -1 ACTUAL_TF
11.9242 -0.0146028 -1.6817148 0.6742041 -0.42717745 0.63986391 -0.52285841 -0.36703228 0.001842 1789534034.098275661 10.097 49.798 1.887 0.00000 -1 ACTUAL_TF
11.9784 -0.0145510 -1.6816771 0.6741691 -0.42718149 0.63986218 -0.52285593 -0.36703412 0.001679 1789534034.154471397 10.149 49.746 1.938 0.00000 -1 ACTUAL_TF
12.0331 -0.0145030 -1.6816582 0.6741544 -0.42718080 0.63986164 -0.52285672 -0.36703474 0.001463 1789534034.210504293 10.198 49.698 1.961 0.00000 -1 ACTUAL_TF
12.0879 -0.0144480 -1.6816545 0.6741491 -0.42717730 0.63985923 -0.52285998 -0.36703836 0.001321 1789534034.266530275 10.253 49.643 1.967 0.00000 -1 ACTUAL_TF
12.1473 -0.0143937 -1.6816631 0.6741570 -0.42717291 0.63985365 -0.52286907 -0.36704025 0.001222 1789534034.322477102 10.307 49.589 1.955 0.00000 -1 ACTUAL_TF
12.2051 -0.0143382 -1.6816821 0.6741688 -0.42716076 0.63984905 -0.52287964 -0.36704735 0.001177 1789534034.378321171 10.362 49.534 1.933 0.00000 -1 ACTUAL_TF
12.2613 -0.0142930 -1.6816927 0.6741630 -0.42715821 0.63985422 -0.52287802 -0.36704362 0.001075 1789534034.434302807 10.407 49.489 1.929 0.00000 -1 ACTUAL_TF
12.3101 -0.0142351 -1.6817038 0.6741297 -0.42716603 0.63989002 -0.52284651 -0.36701699 0.001114 1789534034.490375519 10.464 49.432 1.945 0.00000 -1 ACTUAL_TF
12.3663 -0.0141731 -1.6817600 0.6741709 -0.42715661 0.63991144 -0.52284083 -0.36699870 0.001279 1789534034.546413898 10.525 49.370 1.876 0.00000 -1 ACTUAL_TF
12.4305 -0.0140625 -1.6819072 0.6743208 -0.42712587 0.63992681 -0.52286181 -0.36697778 0.002168 1789534034.602379799 10.634 49.261 1.665 0.00000 -1 ACTUAL_TF
12.4865 -0.0139643 -1.6820260 0.6744366 -0.42711326 0.63994811 -0.52286246 -0.36695439 0.002551 1789534034.658359766 10.731 49.164 1.499 0.00000 -1 ACTUAL_TF
12.5342 -0.0138905 -1.6821530 0.6745675 -0.42713474 0.63993205 -0.52285225 -0.36697195 0.002841 1789534034.714312792 10.804 49.091 1.316 0.00000 -1 ACTUAL_TF
12.5922 -0.0138044 -1.6822780 0.6746967 -0.42712802 0.63994073 -0.52285334 -0.36696308 0.003054 1789534034.770455837 10.889 49.006 1.136 0.00000 -1 ACTUAL_TF
12.6484 -0.0137371 -1.6823892 0.6748133 -0.42712823 0.63993494 -0.52285707 -0.36696762 0.003073 1789534034.826442719 10.956 48.940 0.974 0.00000 -1 ACTUAL_TF
12.7047 -0.0136511 -1.6825208 0.6749539 -0.42712636 0.63993326 -0.52286101 -0.36696712 0.003282 1789534034.882381916 11.041 48.855 0.781 0.00000 -1 ACTUAL_TF
12.7605 -0.0135977 -1.6825976 0.6750291 -0.42713700 0.63993661 -0.52284863 -0.36696653 0.002940 1789534034.938487768 11.093 48.802 0.674 0.00000 -1 ACTUAL_TF
12.8245 -0.0135249 -1.6827196 0.6751535 -0.42714210 0.63993421 -0.52284592 -0.36696863 0.003070 1789534034.994454384 11.165 48.730 0.500 0.00000 -1 ACTUAL_TF
12.8722 -0.0134509 -1.6828486 0.6752946 -0.42714551 0.63993191 -0.52284523 -0.36696966 0.003247 1789534035.050474167 11.238 48.657 0.309 0.00000 -1 ACTUAL_TF
12.9292 -0.0133941 -1.6829688 0.6754185 -0.42714285 0.63992700 -0.52284994 -0.36697460 0.003248 1789534035.106345415 11.294 48.601 0.138 0.00000 -1 ACTUAL_TF
12.9890 -0.0133263 -1.6831086 0.6755670 -0.42714933 0.63991876 -0.52285124 -0.36697958 0.003423 1789534035.162452698 11.361 48.535 0.077 0.00000 -1 ACTUAL_TF
13.0494 -0.0132742 -1.6832272 0.6756874 -0.42715498 0.63991726 -0.52284756 -0.36698085 0.003345 1789534035.218406916 11.412 48.484 0.242 0.00000 -1 ACTUAL_TF
13.1013 -0.0132093 -1.6833870 0.6758565 -0.42716833 0.63990252 -0.52284522 -0.36699437 0.003633 1789534035.274480820 11.475 48.420 0.474 0.00000 -1 ACTUAL_TF
13.1555 -0.0131507 -1.6835010 0.6759736 -0.42716701 0.63990853 -0.52284657 -0.36698349 0.003474 1789534035.330456972 11.533 48.362 0.637 0.00000 -1 ACTUAL_TF
13.2144 -0.0130718 -1.6836593 0.6761430 -0.42715909 0.63990955 -0.52285839 -0.36697409 0.003744 1789534035.386432409 11.611 48.285 0.869 0.00000 -1 ACTUAL_TF
13.2669 -0.0130304 -1.6837749 0.6762605 -0.42719602 0.63988855 -0.52283868 -0.36699581 0.003531 1789534035.442420959 11.651 48.244 1.034 0.00000 -1 ACTUAL_TF
13.3258 -0.0129601 -1.6839151 0.6764069 -0.42718640 0.63988959 -0.52285152 -0.36698688 0.003622 1789534035.498398066 11.720 48.175 1.237 0.00000 -1 ACTUAL_TF
13.3820 -0.0129040 -1.6840324 0.6765236 -0.42719300 0.63989352 -0.52284527 -0.36698127 0.003473 1789534035.554327965 11.775 48.120 1.403 0.00000 -1 ACTUAL_TF
13.4387 -0.0128618 -1.6841310 0.6766249 -0.42718661 0.63989282 -0.52285052 -0.36698246 0.003219 1789534035.610454798 11.817 48.079 1.545 0.00000 -1 ACTUAL_TF
13.4869 -0.0128322 -1.6842113 0.6767038 -0.42718452 0.63989870 -0.52284327 -0.36698494 0.002878 1789534035.666344643 11.846 48.050 1.657 0.00000 -1 ACTUAL_TF
13.5443 -0.0128192 -1.6842713 0.6767572 -0.42718117 0.63990403 -0.52283265 -0.36699469 0.002450 1789534035.722424746 11.858 48.037 1.738 0.00000 -1 ACTUAL_TF
13.6002 -0.0128077 -1.6843206 0.6767970 -0.42717258 0.63991666 -0.52281981 -0.36700095 0.002060 1789534035.778358936 11.869 48.026 1.801 0.00000 -1 ACTUAL_TF
13.6577 -0.0127780 -1.6843536 0.6768293 -0.42716634 0.63991807 -0.52281884 -0.36700715 0.001736 1789534035.834367514 11.898 47.997 1.847 0.00000 -1 ACTUAL_TF
13.7144 -0.0127094 -1.6843735 0.6768580 -0.42716788 0.63991231 -0.52282442 -0.36700744 0.001628 1789534035.890354156 11.967 47.929 1.882 0.00000 -1 ACTUAL_TF
13.7731 -0.0126471 -1.6843758 0.6768657 -0.42717308 0.63990930 -0.52282572 -0.36700480 0.001476 1789534035.946323395 12.029 47.866 1.889 0.00000 -1 ACTUAL_TF
13.8290 -0.0125863 -1.6843794 0.6768737 -0.42717216 0.63990725 -0.52282799 -0.36700621 0.001363 1789534036.002301931 12.090 47.805 1.898 0.00000 -1 ACTUAL_TF
13.8847 -0.0125241 -1.6843734 0.6768763 -0.42716909 0.63990610 -0.52283036 -0.36700840 0.001289 1789534036.058358431 12.152 47.743 1.896 0.00000 -1 ACTUAL_TF
13.9412 -0.0124548 -1.6843648 0.6768809 -0.42717022 0.63990065 -0.52283644 -0.36700793 0.001277 1789534036.114321947 12.222 47.674 1.893 0.00000 -1 ACTUAL_TF
13.9983 -0.0123861 -1.6843538 0.6768856 -0.42716695 0.63989794 -0.52283969 -0.36701182 0.001267 1789534036.170432091 12.291 47.604 1.889 0.00000 -1 ACTUAL_TF
14.0492 -0.0123201 -1.6843399 0.6768891 -0.42716581 0.63989519 -0.52284225 -0.36701431 0.001249 1789534036.226404667 12.357 47.538 1.882 0.00000 -1 ACTUAL_TF
14.1045 -0.0122265 -1.6843185 0.6768928 -0.42716855 0.63988965 -0.52284683 -0.36701425 0.001389 1789534036.282388210 12.452 47.444 1.870 0.00000 -1 ACTUAL_TF
14.1601 -0.0121543 -1.6842947 0.6768881 -0.42717013 0.63988158 -0.52285229 -0.36701871 0.001380 1789534036.338462830 12.524 47.371 1.851 0.00000 -1 ACTUAL_TF
14.2159 -0.0120872 -1.6842344 0.6768501 -0.42717395 0.63986683 -0.52285566 -0.36703515 0.001491 1789534036.394375801 12.592 47.303 1.782 0.00000 -1 ACTUAL_TF
14.2715 -0.0120502 -1.6841363 0.6767574 -0.42718897 0.63985884 -0.52284333 -0.36704917 0.001793 1789534036.450398445 12.630 47.265 1.647 0.00000 -1 ACTUAL_TF
14.3307 -0.0120008 -1.6840191 0.6766444 -0.42720438 0.63984663 -0.52283514 -0.36706420 0.002167 1789534036.506333113 12.680 47.215 1.485 0.00000 -1 ACTUAL_TF
14.3909 -0.0119760 -1.6838613 0.6764769 -0.42722750 0.63984324 -0.52281049 -0.36707831 0.002756 1789534036.562384605 12.706 47.189 1.255 0.00000 -1 ACTUAL_TF
14.4391 -0.0119164 -1.6837506 0.6763674 -0.42718171 0.63987204 -0.52283479 -0.36704678 0.002824 1789534036.618326664 12.767 47.128 1.100 0.00000 -1 ACTUAL_TF
14.4980 -0.0118614 -1.6836220 0.6762381 -0.42718872 0.63986316 -0.52283372 -0.36705562 0.002996 1789534036.674381971 12.823 47.072 0.918 0.00000 -1 ACTUAL_TF
14.5585 -0.0118201 -1.6835084 0.6761274 -0.42719041 0.63986317 -0.52282898 -0.36706039 0.002975 1789534036.730391264 12.865 47.030 0.760 0.00000 -1 ACTUAL_TF
14.6156 -0.0117588 -1.6833854 0.6760032 -0.42719604 0.63986159 -0.52282531 -0.36706184 0.003076 1789534036.786311388 12.928 46.968 0.585 0.00000 -1 ACTUAL_TF
14.6735 -0.0117074 -1.6832907 0.6759081 -0.42719936 0.63985705 -0.52282646 -0.36706424 0.002922 1789534036.842405558 12.980 46.916 0.452 0.00000 -1 ACTUAL_TF
14.7206 -0.0116440 -1.6831835 0.6758021 -0.42716504 0.63987529 -0.52284302 -0.36704880 0.002923 1789534036.898339748 13.044 46.851 0.302 0.00000 -1 ACTUAL_TF
14.7780 -0.0115726 -1.6830684 0.6756847 -0.42718192 0.63986829 -0.52283629 -0.36705094 0.003006 1789534036.954322577 13.117 46.779 0.140 0.00000 -1 ACTUAL_TF
14.8369 -0.0115211 -1.6829833 0.6756040 -0.42718571 0.63986709 -0.52283386 -0.36705208 0.002791 1789534037.010306358 13.169 46.727 0.038 0.00000 -1 ACTUAL_TF
14.8960 -0.0114423 -1.6828712 0.6754925 -0.42719367 0.63986322 -0.52283397 -0.36704942 0.002901 1789534037.066265106 13.249 46.647 0.142 0.00000 -1 ACTUAL_TF
14.9439 -0.0113847 -1.6827868 0.6754094 -0.42716707 0.63987769 -0.52284754 -0.36703582 0.002735 1789534037.122384787 13.307 46.589 0.258 0.00000 -1 ACTUAL_TF
15.0025 -0.0113173 -1.6826653 0.6752848 -0.42717806 0.63987560 -0.52283902 -0.36703881 0.002914 1789534037.178356647 13.375 46.520 0.431 0.00000 -1 ACTUAL_TF
15.0614 -0.0112525 -1.6825506 0.6751671 -0.42718650 0.63987715 -0.52283419 -0.36703314 0.002987 1789534037.234322548 13.441 46.455 0.595 0.00000 -1 ACTUAL_TF
15.1215 -0.0111760 -1.6824289 0.6750473 -0.42718522 0.63987575 -0.52283709 -0.36703296 0.003092 1789534037.290389538 13.518 46.377 0.765 0.00000 -1 ACTUAL_TF
15.1704 -0.0111179 -1.6823235 0.6749451 -0.42717454 0.63988131 -0.52283841 -0.36703381 0.003011 1789534037.346341133 13.578 46.318 0.911 0.00000 -1 ACTUAL_TF
15.2273 -0.0110168 -1.6821881 0.6748100 -0.42718047 0.63988051 -0.52283950 -0.36702676 0.003267 1789534037.402336836 13.680 46.216 1.102 0.00000 -1 ACTUAL_TF
15.2817 -0.0109439 -1.6820529 0.6746790 -0.42717983 0.63988085 -0.52283767 -0.36702952 0.003366 1789534037.458425522 13.754 46.142 1.289 0.00000 -1 ACTUAL_TF
15.3402 -0.0108818 -1.6819574 0.6745834 -0.42717549 0.63988433 -0.52283729 -0.36702905 0.003154 1789534037.514420986 13.817 46.079 1.424 0.00000 -1 ACTUAL_TF
15.3943 -0.0107817 -1.6818533 0.6744852 -0.42717538 0.63987882 -0.52284895 -0.36702216 0.003143 1789534037.570408106 13.918 45.978 1.567 0.00000 -1 ACTUAL_TF
15.4494 -0.0107043 -1.6817717 0.6744105 -0.42717503 0.63987458 -0.52285542 -0.36702075 0.002924 1789534037.626416206 13.996 45.900 1.677 0.00000 -1 ACTUAL_TF
15.5055 -0.0106222 -1.6817048 0.6743464 -0.42717454 0.63987131 -0.52286021 -0.36702019 0.002711 1789534037.682325840 14.079 45.817 1.769 0.00000 -1 ACTUAL_TF
15.5606 -0.0105584 -1.6816580 0.6743060 -0.42717381 0.63986924 -0.52286372 -0.36701964 0.002373 1789534037.738343716 14.143 45.753 1.830 0.00000 -1 ACTUAL_TF
15.6171 -0.0104958 -1.6816238 0.6742768 -0.42716882 0.63987068 -0.52286552 -0.36702037 0.002074 1789534037.794373512 14.206 45.690 1.875 0.00000 -1 ACTUAL_TF
15.6732 -0.0104492 -1.6816163 0.6742689 -0.42716118 0.63987082 -0.52286979 -0.36702295 0.001708 1789534037.850381136 14.252 45.643 1.885 0.00000 -1 ACTUAL_TF
15.7275 -0.0103854 -1.6816145 0.6742680 -0.42715799 0.63986693 -0.52287674 -0.36702354 0.001538 1789534037.906340599 14.316 45.579 1.887 0.00000 -1 ACTUAL_TF
15.7828 -0.0103349 -1.6816179 0.6742749 -0.42715110 0.63986417 -0.52288228 -0.36702849 0.001350 1789534037.962383747 14.367 45.529 1.879 0.00000 -1 ACTUAL_TF
15.8393 -0.0102927 -1.6816255 0.6742816 -0.42714633 0.63986024 -0.52288927 -0.36703092 0.001178 1789534038.018328428 14.409 45.487 1.869 0.00000 -1 ACTUAL_TF
15.8943 -0.0102570 -1.6816384 0.6742894 -0.42713832 0.63985719 -0.52289641 -0.36703540 0.001032 1789534038.074308395 14.444 45.451 1.854 0.00000 -1 ACTUAL_TF
15.9500 -0.0102321 -1.6816434 0.6742882 -0.42713590 0.63985903 -0.52289648 -0.36703489 0.000859 1789534038.130300522 14.469 45.426 1.851 0.00000 -1 ACTUAL_TF
16.0062 -0.0102102 -1.6816514 0.6742711 -0.42713670 0.63987237 -0.52288542 -0.36702647 0.000756 1789534038.186385870 14.491 45.405 1.857 0.00000 -1 ACTUAL_TF
16.0639 -0.0101933 -1.6816510 0.6742388 -0.42714871 0.63990337 -0.52285495 -0.36700186 0.000723 1789534038.242746592 14.507 45.389 1.880 0.00000 -1 ACTUAL_TF
16.1231 -0.0101553 -1.6817147 0.6742880 -0.42714087 0.63991980 -0.52285362 -0.36698422 0.000985 1789534038.298465967 14.544 45.351 1.801 0.00000 -1 ACTUAL_TF
16.1789 -0.0101017 -1.6818120 0.6743897 -0.42712515 0.63992699 -0.52286749 -0.36697023 0.001498 1789534038.354429722 14.597 45.299 1.660 0.00000 -1 ACTUAL_TF
16.2360 -0.0100389 -1.6819251 0.6745093 -0.42711518 0.63993895 -0.52287370 -0.36695212 0.001992 1789534038.410418510 14.659 45.237 1.495 0.00000 -1 ACTUAL_TF
16.2933 -0.0099836 -1.6820530 0.6746470 -0.42715334 0.63991526 -0.52286038 -0.36696799 0.002443 1789534038.466466665 14.713 45.182 1.306 0.00000 -1 ACTUAL_TF
16.3501 -0.0099183 -1.6821717 0.6747767 -0.42715388 0.63991158 -0.52287124 -0.36695830 0.002716 1789534038.522403717 14.778 45.118 1.130 0.00000 -1 ACTUAL_TF
16.4067 -0.0098480 -1.6823111 0.6749228 -0.42716308 0.63990639 -0.52287534 -0.36695081 0.003047 1789534038.578374147 14.847 45.049 0.928 0.00000 -1 ACTUAL_TF
16.4566 -0.0098136 -1.6824386 0.6750572 -0.42716737 0.63990193 -0.52287361 -0.36695605 0.003136 1789534038.634716749 14.880 45.015 0.743 0.00000 -1 ACTUAL_TF
16.5165 -0.0097674 -1.6825897 0.6752144 -0.42717257 0.63989521 -0.52287419 -0.36696089 0.003397 1789534038.690368414 14.925 44.970 0.524 0.00000 -1 ACTUAL_TF
16.5710 -0.0097314 -1.6827205 0.6753479 -0.42716876 0.63989931 -0.52287238 -0.36696076 0.003396 1789534038.746432781 14.960 44.935 0.337 0.00000 -1 ACTUAL_TF
16.6300 -0.0096896 -1.6828605 0.6754941 -0.42718054 0.63988755 -0.52286776 -0.36697412 0.003485 1789534038.802416801 15.001 44.895 0.135 0.00000 -1 ACTUAL_TF
16.6892 -0.0096372 -1.6829806 0.6756122 -0.42717894 0.63989554 -0.52286570 -0.36696499 0.003385 1789534038.858399868 15.052 44.843 0.037 0.00000 -1 ACTUAL_TF
16.7402 -0.0095961 -1.6830765 0.6757066 -0.42717746 0.63989767 -0.52286610 -0.36696244 0.003122 1789534038.914478779 15.092 44.803 0.170 0.00000 -1 ACTUAL_TF
16.8019 -0.0095524 -1.6832072 0.6758433 -0.42719382 0.63988071 -0.52285718 -0.36698568 0.003226 1789534038.970438957 15.135 44.761 0.359 0.00000 -1 ACTUAL_TF
16.8522 -0.0095146 -1.6832971 0.6759301 -0.42718511 0.63989166 -0.52285358 -0.36698184 0.002957 1789534039.026473045 15.172 44.723 0.484 0.00000 -1 ACTUAL_TF
16.9095 -0.0094662 -1.6834259 0.6760548 -0.42717106 0.63989614 -0.52285575 -0.36698730 0.003065 1789534039.082436562 15.219 44.676 0.664 0.00000 -1 ACTUAL_TF
16.9650 -0.0094363 -1.6835285 0.6761523 -0.42716151 0.63990354 -0.52284696 -0.36699804 0.002918 1789534039.138591528 15.248 44.647 0.805 0.00000 -1 ACTUAL_TF
17.0239 -0.0093833 -1.6836646 0.6762852 -0.42713642 0.63991572 -0.52284846 -0.36700388 0.003105 1789534039.194377899 15.300 44.596 0.996 0.00000 -1 ACTUAL_TF
17.0803 -0.0093201 -1.6837886 0.6764126 -0.42713905 0.63990445 -0.52284364 -0.36702732 0.003184 1789534039.250413179 15.362 44.533 1.174 0.00000 -1 ACTUAL_TF
17.1353 -0.0092035 -1.6839274 0.6765551 -0.42713413 0.63990534 -0.52284547 -0.36702888 0.003463 1789534039.306453466 15.478 44.418 1.374 0.00000 -1 ACTUAL_TF
17.1894 -0.0090779 -1.6840581 0.6766889 -0.42712415 0.63990618 -0.52285163 -0.36703026 0.003631 1789534039.362475395 15.602 44.294 1.561 0.00000 -1 ACTUAL_TF
17.2381 -0.0089733 -1.6841272 0.6767577 -0.42713572 0.63990875 -0.52284175 -0.36702638 0.003307 1789534039.418485165 15.706 44.190 1.659 0.00000 -1 ACTUAL_TF
17.2984 -0.0088506 -1.6841991 0.6768339 -0.42713737 0.63991365 -0.52283858 -0.36702045 0.003179 1789534039.474464893 15.828 44.068 1.765 0.00000 -1 ACTUAL_TF
17.3615 -0.0087769 -1.6842223 0.6768523 -0.42714027 0.63992379 -0.52282696 -0.36701594 0.002651 1789534039.530445337 15.901 43.994 1.795 0.00000 -1 ACTUAL_TF
17.4092 -0.0086836 -1.6842361 0.6768708 -0.42714261 0.63992332 -0.52282570 -0.36701583 0.002371 1789534039.586405754 15.995 43.901 1.818 0.00000 -1 ACTUAL_TF
17.4726 -0.0086213 -1.6842374 0.6768774 -0.42714252 0.63992210 -0.52282551 -0.36701834 0.001995 1789534039.642428637 16.057 43.839 1.824 0.00000 -1 ACTUAL_TF
17.5198 -0.0085302 -1.6842323 0.6768826 -0.42714337 0.63991560 -0.52283272 -0.36701840 0.001886 1789534039.698419809 16.148 43.747 1.825 0.00000 -1 ACTUAL_TF
17.5898 -0.0084592 -1.6842220 0.6768872 -0.42714357 0.63991076 -0.52283815 -0.36701888 0.001706 1789534039.754378319 16.220 43.676 1.821 0.00000 -1 ACTUAL_TF
17.6376 -0.0083799 -1.6842090 0.6768920 -0.42714377 0.63990575 -0.52284354 -0.36701970 0.001626 1789534039.810403585 16.299 43.596 1.816 0.00000 -1 ACTUAL_TF
17.6962 -0.0083006 -1.6841958 0.6768967 -0.42714400 0.63990077 -0.52284888 -0.36702051 0.001569 1789534039.866414785 16.379 43.517 1.810 0.00000 -1 ACTUAL_TF
17.7475 -0.0082401 -1.6841799 0.6768988 -0.42714501 0.63989801 -0.52285081 -0.36702140 0.001433 1789534039.922428370 16.440 43.456 1.801 0.00000 -1 ACTUAL_TF
17.8073 -0.0081544 -1.6841616 0.6769025 -0.42715010 0.63988813 -0.52285978 -0.36701992 0.001473 1789534039.978468895 16.526 43.370 1.791 0.00000 -1 ACTUAL_TF
17.8606 -0.0081019 -1.6841200 0.6768760 -0.42715870 0.63988185 -0.52285844 -0.36702278 0.001417 1789534040.034455061 16.579 43.317 1.743 0.00000 -1 ACTUAL_TF
17.9210 -0.0080631 -1.6840534 0.6768272 -0.42716359 0.63985986 -0.52286591 -0.36704477 0.001481 1789534040.090439081 16.619 43.277 1.662 0.00000 -1 ACTUAL_TF
17.9701 -0.0080417 -1.6839588 0.6767276 -0.42718441 0.63985414 -0.52285088 -0.36705193 0.001782 1789534040.146409273 16.641 43.255 1.525 0.00000 -1 ACTUAL_TF
18.0290 -0.0080211 -1.6838502 0.6766177 -0.42719977 0.63983920 -0.52284580 -0.36706733 0.002082 1789534040.202444553 16.662 43.233 1.371 0.00000 -1 ACTUAL_TF
18.0881 -0.0080131 -1.6837550 0.6765173 -0.42721124 0.63983199 -0.52283608 -0.36708039 0.002200 1789534040.258424997 16.671 43.225 1.232 0.00000 -1 ACTUAL_TF
18.1344 -0.0079923 -1.6836283 0.6763794 -0.42719921 0.63984017 -0.52284201 -0.36707169 0.002550 1789534040.314365625 16.693 43.203 1.045 0.00000 -1 ACTUAL_TF
18.1919 -0.0079686 -1.6834898 0.6762344 -0.42718416 0.63985428 -0.52284852 -0.36705533 0.002866 1789534040.370438814 16.717 43.178 0.845 0.00000 -1 ACTUAL_TF
18.2517 -0.0079653 -1.6833774 0.6761219 -0.42719172 0.63984716 -0.52284197 -0.36706827 0.002859 1789534040.426379919 16.722 43.174 0.686 0.00000 -1 ACTUAL_TF
18.3136 -0.0079428 -1.6832442 0.6759824 -0.42716874 0.63986680 -0.52285031 -0.36704890 0.003040 1789534040.482431650 16.745 43.150 0.493 0.00000 -1 ACTUAL_TF
18.3616 -0.0079323 -1.6831234 0.6758573 -0.42718307 0.63986387 -0.52283906 -0.36705336 0.003062 1789534040.538444519 16.757 43.139 0.319 0.00000 -1 ACTUAL_TF
18.4181 -0.0079254 -1.6829847 0.6757136 -0.42718864 0.63986408 -0.52282940 -0.36706027 0.003213 1789534040.594475508 16.765 43.131 0.120 0.00000 -1 ACTUAL_TF
18.4769 -0.0079041 -1.6828768 0.6756056 -0.42718647 0.63986987 -0.52282805 -0.36705462 0.003075 1789534040.650475264 16.787 43.109 0.034 0.00000 -1 ACTUAL_TF
18.5379 -0.0078768 -1.6827530 0.6754794 -0.42718274 0.63986817 -0.52283028 -0.36705876 0.003111 1789534040.706447601 16.815 43.080 0.210 0.00000 -1 ACTUAL_TF
18.5855 -0.0078296 -1.6826275 0.6753547 -0.42716524 0.63988180 -0.52284001 -0.36704149 0.003159 1789534040.762445688 16.864 43.032 0.386 0.00000 -1 ACTUAL_TF
18.6434 -0.0078002 -1.6825343 0.6752649 -0.42716942 0.63987520 -0.52283855 -0.36705023 0.002917 1789534040.818876743 16.894 43.002 0.516 0.00000 -1 ACTUAL_TF
18.6992 -0.0077598 -1.6824177 0.6751483 -0.42717888 0.63987278 -0.52283199 -0.36705277 0.002959 1789534040.874404907 16.935 42.960 0.680 0.00000 -1 ACTUAL_TF
18.7639 -0.0077105 -1.6823269 0.6750637 -0.42718068 0.63987110 -0.52283428 -0.36705035 0.002786 1789534040.930446625 16.985 42.910 0.804 0.00000 -1 ACTUAL_TF
18.8139 -0.0076520 -1.6822304 0.6749756 -0.42716025 0.63988378 -0.52284406 -0.36703810 0.002717 1789534040.986439466 17.045 42.851 0.934 0.00000 -1 ACTUAL_TF
18.8688 -0.0076159 -1.6821444 0.6748936 -0.42716481 0.63988637 -0.52283444 -0.36704196 0.002568 1789534041.042448759 17.082 42.814 1.053 0.00000 -1 ACTUAL_TF
18.9244 -0.0075290 -1.6820499 0.6748050 -0.42717312 0.63988330 -0.52283412 -0.36703810 0.002632 1789534041.098493338 17.169 42.726 1.182 0.00000 -1 ACTUAL_TF
18.9902 -0.0074637 -1.6819731 0.6747375 -0.42716982 0.63988569 -0.52283259 -0.36703996 0.002493 1789534041.154485226 17.235 42.660 1.283 0.00000 -1 ACTUAL_TF
19.0412 -0.0073285 -1.6818872 0.6746647 -0.42717779 0.63987903 -0.52283821 -0.36703429 0.002687 1789534041.210494280 17.372 42.524 1.395 0.00000 -1 ACTUAL_TF
19.0906 -0.0071888 -1.6818095 0.6745922 -0.42717986 0.63987805 -0.52284046 -0.36703038 0.002822 1789534041.266464710 17.512 42.384 1.500 0.00000 -1 ACTUAL_TF
19.1562 -0.0070537 -1.6817603 0.6745502 -0.42718244 0.63987396 -0.52284647 -0.36702594 0.002779 1789534041.322347641 17.648 42.248 1.564 0.00000 -1 ACTUAL_TF
19.2034 -0.0069084 -1.6817207 0.6745164 -0.42717508 0.63987386 -0.52285027 -0.36702928 0.002771 1789534041.378429174 17.793 42.102 1.615 0.00000 -1 ACTUAL_TF
19.2616 -0.0067824 -1.6816955 0.6744992 -0.42716885 0.63987228 -0.52285537 -0.36703202 0.002635 1789534041.434359312 17.919 41.976 1.644 0.00000 -1 ACTUAL_TF
19.3186 -0.0066364 -1.6816917 0.6745069 -0.42716267 0.63986148 -0.52287064 -0.36703628 0.002628 1789534041.490370035 18.066 41.830 1.641 0.00000 -1 ACTUAL_TF
19.3777 -0.0065564 -1.6817009 0.6745191 -0.42714837 0.63985802 -0.52288104 -0.36704414 0.002276 1789534041.546349049 18.146 41.750 1.625 0.00000 -1 ACTUAL_TF
19.4236 -0.0064673 -1.6817096 0.6745313 -0.42714008 0.63985063 -0.52289366 -0.36704869 0.002077 1789534041.602348089 18.235 41.661 1.610 0.00000 -1 ACTUAL_TF
19.4795 -0.0064084 -1.6817171 0.6745340 -0.42713718 0.63984856 -0.52289936 -0.36704755 0.001772 1789534041.658399582 18.293 41.602 1.602 0.00000 -1 ACTUAL_TF
19.5358 -0.0063585 -1.6817242 0.6745267 -0.42713423 0.63985541 -0.52289587 -0.36704402 0.001514 1789534041.714347363 18.343 41.553 1.602 0.00000 -1 ACTUAL_TF
19.5915 -0.0063100 -1.6817078 0.6744656 -0.42715445 0.63989520 -0.52285384 -0.36701100 0.001486 1789534041.770465851 18.391 41.505 1.656 0.00000 -1 ACTUAL_TF
19.6498 -0.0062676 -1.6817370 0.6744859 -0.42715008 0.63990294 -0.52285459 -0.36700153 0.001337 1789534041.826397181 18.433 41.463 1.621 0.00000 -1 ACTUAL_TF
19.7069 -0.0062173 -1.6817999 0.6745401 -0.42714240 0.63991780 -0.52285401 -0.36698538 0.001455 1789534041.882400990 18.482 41.413 1.538 0.00000 -1 ACTUAL_TF
19.7659 -0.0061708 -1.6818873 0.6746284 -0.42712738 0.63992855 -0.52286208 -0.36697261 0.001730 1789534041.938397884 18.528 41.367 1.414 0.00000 -1 ACTUAL_TF
19.8225 -0.0061090 -1.6819932 0.6747435 -0.42711543 0.63993251 -0.52287594 -0.36695986 0.002111 1789534041.994423866 18.589 41.306 1.257 0.00000 -1 ACTUAL_TF
19.8773 -0.0060848 -1.6820766 0.6748314 -0.42716120 0.63990855 -0.52284861 -0.36698730 0.002140 1789534042.050470114 18.613 41.283 1.136 0.00000 -1 ACTUAL_TF
19.9362 -0.0060101 -1.6822014 0.6749676 -0.42715949 0.63991147 -0.52285956 -0.36696860 0.002565 1789534042.106441736 18.686 41.209 0.951 0.00000 -1 ACTUAL_TF
19.9857 -0.0059499 -1.6823117 0.6750927 -0.42716993 0.63989796 -0.52286925 -0.36696621 0.002746 1789534042.162446022 18.746 41.150 0.784 0.00000 -1 ACTUAL_TF
20.0449 -0.0059082 -1.6824547 0.6752444 -0.42716700 0.63989349 -0.52288033 -0.36696162 0.003059 1789534042.218547106 18.787 41.109 0.575 0.00000 -1 ACTUAL_TF
20.1021 -0.0058878 -1.6826008 0.6753997 -0.42716530 0.63988819 -0.52288514 -0.36696598 0.003290 1789534042.274473429 18.806 41.090 0.362 0.00000 -1 ACTUAL_TF
20.1533 -0.0058835 -1.6827123 0.6755148 -0.42717394 0.63987992 -0.52288083 -0.36697650 0.003163 1789534042.330416918 18.809 41.086 0.201 0.00000 -1 ACTUAL_TF
20.2091 -0.0058710 -1.6828534 0.6756542 -0.42716929 0.63988519 -0.52287953 -0.36697459 0.003279 1789534042.386397839 18.821 41.075 0.003 0.00000 -1 ACTUAL_TF
20.2700 -0.0058609 -1.6829740 0.6757759 -0.42717076 0.63988361 -0.52287695 -0.36697930 0.003214 1789534042.442453623 18.830 41.066 0.168 0.00000 -1 ACTUAL_TF
20.3284 -0.0058347 -1.6831041 0.6759046 -0.42716775 0.63989180 -0.52287502 -0.36697126 0.003240 1789534042.498443127 18.855 41.041 0.352 0.00000 -1 ACTUAL_TF
20.3838 -0.0058221 -1.6832105 0.6760089 -0.42718090 0.63988470 -0.52286416 -0.36698380 0.003070 1789534042.554361820 18.866 41.029 0.501 0.00000 -1 ACTUAL_TF
20.4297 -0.0057943 -1.6833205 0.6761158 -0.42717996 0.63989481 -0.52285716 -0.36697727 0.002983 1789534042.610452175 18.893 41.002 0.654 0.00000 -1 ACTUAL_TF
20.4956 -0.0057621 -1.6834107 0.6762048 -0.42717351 0.63989991 -0.52285908 -0.36697313 0.002789 1789534042.666457891 18.924 40.971 0.781 0.00000 -1 ACTUAL_TF
20.5521 -0.0057156 -1.6835187 0.6763089 -0.42716791 0.63990704 -0.52286082 -0.36696475 0.002794 1789534042.722383261 18.970 40.926 0.931 0.00000 -1 ACTUAL_TF
20.5991 -0.0056698 -1.6836231 0.6764122 -0.42716964 0.63990752 -0.52285798 -0.36696594 0.002780 1789534042.778403044 19.015 40.881 1.079 0.00000 -1 ACTUAL_TF
20.6606 -0.0056527 -1.6836932 0.6764742 -0.42718841 0.63990196 -0.52283712 -0.36698351 0.002455 1789534042.834449530 19.031 40.864 1.172 0.00000 -1 ACTUAL_TF
20.7193 -0.0056248 -1.6837851 0.6765584 -0.42716550 0.63991620 -0.52283540 -0.36698777 0.002403 1789534042.890435219 19.058 40.837 1.297 0.00000 -1 ACTUAL_TF
20.7701 -0.0056108 -1.6838501 0.6766091 -0.42715319 0.63993227 -0.52282184 -0.36699341 0.002130 1789534042.946469784 19.071 40.824 1.379 0.00000 -1 ACTUAL_TF
20.8337 -0.0055413 -1.6839115 0.6766693 -0.42714418 0.63993425 -0.52281756 -0.36700653 0.002083 1789534043.002424002 19.140 40.755 1.465 0.00000 -1 ACTUAL_TF
20.8905 -0.0054373 -1.6839517 0.6767135 -0.42713641 0.63993593 -0.52281995 -0.36700924 0.002101 1789534043.058418751 19.244 40.651 1.526 0.00000 -1 ACTUAL_TF
20.9432 -0.0052777 -1.6839764 0.6767368 -0.42713349 0.63994129 -0.52281835 -0.36700558 0.002344 1789534043.114454985 19.403 40.492 1.561 0.00000 -1 ACTUAL_TF
20.9954 -0.0051159 -1.6839773 0.6767505 -0.42712803 0.63994099 -0.52282162 -0.36700780 0.002511 1789534043.170465231 19.565 40.330 1.572 0.00000 -1 ACTUAL_TF
21.0533 -0.0049778 -1.6839718 0.6767543 -0.42712603 0.63993955 -0.52282468 -0.36700828 0.002498 1789534043.226485968 19.703 40.192 1.572 0.00000 -1 ACTUAL_TF
21.1048 -0.0048264 -1.6839562 0.6767607 -0.42712435 0.63993591 -0.52282998 -0.36700904 0.002565 1789534043.282466650 19.855 40.040 1.566 0.00000 -1 ACTUAL_TF
21.1684 -0.0046991 -1.6839454 0.6767691 -0.42712626 0.63992570 -0.52284263 -0.36700659 0.002482 1789534043.338392019 19.983 39.913 1.565 0.00000 -1 ACTUAL_TF
21.2179 -0.0045763 -1.6839329 0.6767794 -0.42712055 0.63991882 -0.52285217 -0.36701164 0.002402 1789534043.394386530 20.106 39.789 1.564 0.00000 -1 ACTUAL_TF
21.2756 -0.0044905 -1.6839211 0.6767855 -0.42711875 0.63991372 -0.52285842 -0.36701374 0.002145 1789534043.450457573 20.192 39.703 1.560 0.00000 -1 ACTUAL_TF
21.3332 -0.0043763 -1.6839017 0.6767918 -0.42712174 0.63990529 -0.52286721 -0.36701242 0.002125 1789534043.506332397 20.307 39.588 1.552 0.00000 -1 ACTUAL_TF
21.3918 -0.0043131 -1.6838675 0.6767701 -0.42712623 0.63990513 -0.52286236 -0.36701438 0.001889 1789534043.562383413 20.371 39.525 1.513 0.00000 -1 ACTUAL_TF
21.4427 -0.0042404 -1.6838202 0.6767357 -0.42713221 0.63989885 -0.52286057 -0.36702094 0.001822 1789534043.618432045 20.444 39.452 1.456 0.00000 -1 ACTUAL_TF
21.5012 -0.0041928 -1.6837360 0.6766557 -0.42714580 0.63988798 -0.52285297 -0.36703490 0.001947 1789534043.674442291 20.492 39.403 1.340 0.00000 -1 ACTUAL_TF
21.5504 -0.0041513 -1.6836415 0.6765650 -0.42716725 0.63987898 -0.52284065 -0.36704315 0.002099 1789534043.730425358 20.535 39.361 1.209 0.00000 -1 ACTUAL_TF
21.6076 -0.0041136 -1.6835332 0.6764544 -0.42718882 0.63986588 -0.52283134 -0.36705416 0.002324 1789534043.786383629 20.573 39.322 1.055 0.00000 -1 ACTUAL_TF
21.6646 -0.0040895 -1.6834169 0.6763315 -0.42721176 0.63986045 -0.52281365 -0.36706212 0.002542 1789534043.842421055 20.598 39.297 0.886 0.00000 -1 ACTUAL_TF
21.7229 -0.0040645 -1.6833052 0.6762223 -0.42722534 0.63984043 -0.52281429 -0.36708031 0.002625 1789534043.898505449 20.624 39.271 0.730 0.00000 -1 ACTUAL_TF
21.7789 -0.0040366 -1.6832055 0.6761158 -0.42719703 0.63985791 -0.52282975 -0.36706076 0.002636 1789534043.954316378 20.653 39.243 0.584 0.00000 -1 ACTUAL_TF
21.8398 -0.0040070 -1.6830873 0.6759951 -0.42718213 0.63985790 -0.52284456 -0.36705703 0.002764 1789534044.010322571 20.683 39.212 0.415 0.00000 -1 ACTUAL_TF
21.8882 -0.0039897 -1.6829737 0.6758770 -0.42718084 0.63985818 -0.52284658 -0.36705516 0.002817 1789534044.066406965 20.702 39.194 0.252 0.00000 -1 ACTUAL_TF
21.9450 -0.0039800 -1.6828396 0.6757396 -0.42719121 0.63984943 -0.52284328 -0.36706305 0.003000 1789534044.122476578 20.712 39.183 0.061 0.00000 -1 ACTUAL_TF
22.0039 -0.0039729 -1.6827105 0.6756117 -0.42718804 0.63984084 -0.52284857 -0.36707417 0.003044 1789534044.180250168 20.721 39.175 0.124 0.00000 -1 ACTUAL_TF
22.0588 -0.0039549 -1.6825936 0.6754954 -0.42718517 0.63984353 -0.52285343 -0.36706591 0.003051 1789534044.234343529 20.740 39.156 0.288 0.00000 -1 ACTUAL_TF
22.1133 -0.0039331 -1.6824674 0.6753690 -0.42718071 0.63984516 -0.52285728 -0.36706277 0.003094 1789534044.290692329 20.762 39.133 0.466 0.00000 -1 ACTUAL_TF
22.1696 -0.0039289 -1.6823666 0.6752695 -0.42718254 0.63984096 -0.52285494 -0.36707129 0.002928 1789534044.346422195 20.768 39.128 0.608 0.00000 -1 ACTUAL_TF
22.2251 -0.0039082 -1.6822304 0.6751258 -0.42718304 0.63985222 -0.52284835 -0.36706048 0.003116 1789534044.402455091 20.789 39.106 0.805 0.00000 -1 ACTUAL_TF
22.2844 -0.0039003 -1.6821299 0.6750206 -0.42718153 0.63985482 -0.52284524 -0.36706212 0.002963 1789534044.458368540 20.798 39.098 0.951 0.00000 -1 ACTUAL_TF
22.3410 -0.0038729 -1.6820193 0.6749094 -0.42717350 0.63986425 -0.52284438 -0.36705626 0.002926 1789534044.514410496 20.826 39.069 1.107 0.00000 -1 ACTUAL_TF
22.3987 -0.0038385 -1.6819346 0.6748238 -0.42717011 0.63986922 -0.52284673 -0.36704820 0.002719 1789534044.570407152 20.861 39.034 1.228 0.00000 -1 ACTUAL_TF
22.4538 -0.0038065 -1.6818423 0.6747333 -0.42717492 0.63986816 -0.52284154 -0.36705183 0.002618 1789534044.626306295 20.894 39.001 1.357 0.00000 -1 ACTUAL_TF
22.5115 -0.0037665 -1.6817558 0.6746514 -0.42717614 0.63986990 -0.52283840 -0.36705185 0.002504 1789534044.682479620 20.935 38.961 1.476 0.00000 -1 ACTUAL_TF
22.5693 -0.0037312 -1.6816771 0.6745746 -0.42717863 0.63987430 -0.52283286 -0.36704917 0.002371 1789534044.738490582 20.971 38.925 1.585 0.00000 -1 ACTUAL_TF
22.6163 -0.0036764 -1.6815986 0.6745036 -0.42716854 0.63988417 -0.52283755 -0.36703704 0.002300 1789534044.794354677 21.027 38.869 1.691 0.00000 -1 ACTUAL_TF
22.6745 -0.0036269 -1.6815448 0.6744495 -0.42716974 0.63988487 -0.52283609 -0.36703650 0.002097 1789534044.850412607 21.076 38.819 1.767 0.00000 -1 ACTUAL_TF
22.7299 -0.0035572 -1.6815002 0.6744146 -0.42717158 0.63988432 -0.52283494 -0.36703695 0.001949 1789534044.906372070 21.147 38.749 1.822 0.00000 -1 ACTUAL_TF
22.7886 -0.0034776 -1.6814822 0.6744087 -0.42717202 0.63988031 -0.52284084 -0.36703503 0.001802 1789534044.962452173 21.227 38.669 1.839 0.00000 -1 ACTUAL_TF
22.8417 -0.0033785 -1.6814831 0.6744165 -0.42716496 0.63987334 -0.52285191 -0.36703962 0.001795 1789534045.018413782 21.326 38.570 1.832 0.00000 -1 ACTUAL_TF
22.8980 -0.0032787 -1.6814959 0.6744313 -0.42715352 0.63986530 -0.52286669 -0.36704589 0.001799 1789534045.074586630 21.425 38.470 1.812 0.00000 -1 ACTUAL_TF
22.9576 -0.0031514 -1.6815061 0.6744422 -0.42714622 0.63985754 -0.52288143 -0.36704692 0.001940 1789534045.131073952 21.553 38.343 1.796 0.00000 -1 ACTUAL_TF
23.0139 -0.0030286 -1.6815135 0.6744192 -0.42714807 0.63987352 -0.52287141 -0.36703118 0.002037 1789534045.186374664 21.675 38.221 1.807 0.00000 -1 ACTUAL_TF
23.0704 -0.0029359 -1.6815300 0.6744176 -0.42714826 0.63989712 -0.52285587 -0.36701196 0.001928 1789534045.242695332 21.767 38.128 1.796 0.00000 -1 ACTUAL_TF
23.1240 -0.0027974 -1.6816230 0.6745096 -0.42713003 0.63990767 -0.52287052 -0.36699392 0.002373 1789534045.298503399 21.905 37.991 1.664 0.00000 -1 ACTUAL_TF
23.1828 -0.0026931 -1.6817185 0.6746122 -0.42711259 0.63991179 -0.52288664 -0.36698404 0.002600 1789534045.354387522 22.008 37.887 1.523 0.00000 -1 ACTUAL_TF
23.2412 -0.0026160 -1.6818131 0.6747103 -0.42713982 0.63989495 -0.52286925 -0.36700650 0.002656 1789534045.410496712 22.085 37.811 1.387 0.00000 -1 ACTUAL_TF
23.2874 -0.0025382 -1.6818942 0.6747959 -0.42713794 0.63989689 -0.52287407 -0.36699844 0.002617 1789534045.466437340 22.162 37.734 1.268 0.00000 -1 ACTUAL_TF
23.3470 -0.0024608 -1.6819982 0.6748992 -0.42713534 0.63990504 -0.52287115 -0.36699141 0.002720 1789534045.522452831 22.238 37.657 1.121 0.00000 -1 ACTUAL_TF
23.4045 -0.0024068 -1.6820907 0.6749944 -0.42714442 0.63990010 -0.52286421 -0.36699934 0.002671 1789534045.578450680 22.291 37.604 0.988 0.00000 -1 ACTUAL_TF
23.4630 -0.0023377 -1.6822088 0.6751089 -0.42713865 0.63991111 -0.52286298 -0.36698863 0.002827 1789534045.634407759 22.359 37.536 0.824 0.00000 -1 ACTUAL_TF
23.5223 -0.0022638 -1.6823515 0.6752633 -0.42714308 0.63990201 -0.52286853 -0.36699142 0.003161 1789534045.690970182 22.432 37.463 0.613 0.00000 -1 ACTUAL_TF
23.5702 -0.0022109 -1.6824522 0.6753626 -0.42714562 0.63991105 -0.52286290 -0.36698073 0.003029 1789534045.746456623 22.484 37.411 0.471 0.00000 -1 ACTUAL_TF
23.6313 -0.0021516 -1.6825712 0.6754874 -0.42715555 0.63991187 -0.52285689 -0.36697631 0.003095 1789534045.802564383 22.543 37.353 0.299 0.00000 -1 ACTUAL_TF
23.6829 -0.0020973 -1.6826886 0.6756132 -0.42716523 0.63990367 -0.52285613 -0.36698042 0.003133 1789534045.858569860 22.596 37.300 0.127 0.00000 -1 ACTUAL_TF
23.7383 -0.0020149 -1.6828291 0.6757618 -0.42716855 0.63990591 -0.52286329 -0.36696244 0.003377 1789534045.914422750 22.677 37.218 0.081 0.00000 -1 ACTUAL_TF
23.7932 -0.0019562 -1.6829594 0.6759022 -0.42718005 0.63989437 -0.52286732 -0.36696344 0.003438 1789534045.970422983 22.735 37.160 0.271 0.00000 -1 ACTUAL_TF
23.8503 -0.0019099 -1.6830912 0.6760335 -0.42718790 0.63989880 -0.52286293 -0.36695283 0.003433 1789534046.026446104 22.780 37.115 0.457 0.00000 -1 ACTUAL_TF
23.9106 -0.0018826 -1.6832062 0.6761469 -0.42717599 0.63990753 -0.52286877 -0.36694315 0.003281 1789534046.082429647 22.806 37.089 0.619 0.00000 -1 ACTUAL_TF
23.9590 -0.0018657 -1.6833510 0.6762990 -0.42719927 0.63988410 -0.52285880 -0.36697112 0.003425 1789534046.138442516 22.822 37.073 0.829 0.00000 -1 ACTUAL_TF
24.0175 -0.0018310 -1.6834753 0.6764232 -0.42718068 0.63990094 -0.52286537 -0.36695403 0.003358 1789534046.194389105 22.856 37.040 1.005 0.00000 -1 ACTUAL_TF
24.0823 -0.0018077 -1.6835791 0.6765277 -0.42718427 0.63989718 -0.52286302 -0.36695975 0.003148 1789534046.250493050 22.878 37.017 1.152 0.00000 -1 ACTUAL_TF
24.1329 -0.0017796 -1.6836832 0.6766331 -0.42718228 0.63989870 -0.52286175 -0.36696122 0.003011 1789534046.306495428 22.905 36.990 1.301 0.00000 -1 ACTUAL_TF
24.1934 -0.0017483 -1.6837778 0.6767275 -0.42717281 0.63989556 -0.52287137 -0.36696402 0.002843 1789534046.362492800 22.936 36.960 1.434 0.00000 -1 ACTUAL_TF
24.2445 -0.0017181 -1.6838435 0.6767906 -0.42717895 0.63989992 -0.52286240 -0.36696207 0.002505 1789534046.418490410 22.966 36.930 1.526 0.00000 -1 ACTUAL_TF
24.3040 -0.0016980 -1.6839070 0.6768522 -0.42717475 0.63989585 -0.52286370 -0.36697218 0.002240 1789534046.474388361 22.985 36.910 1.614 0.00000 -1 ACTUAL_TF
24.3601 -0.0016792 -1.6839807 0.6769238 -0.42716484 0.63989455 -0.52286360 -0.36698613 0.002127 1789534046.530431747 23.003 36.892 1.717 0.00000 -1 ACTUAL_TF
24.4161 -0.0016717 -1.6840230 0.6769632 -0.42715555 0.63990308 -0.52285629 -0.36699249 0.001802 1789534046.586272240 23.010 36.885 1.775 0.00000 -1 ACTUAL_TF
24.4655 -0.0016623 -1.6840613 0.6769886 -0.42714144 0.63991579 -0.52284544 -0.36700219 0.001512 1789534046.642411947 23.019 36.876 1.820 0.00000 -1 ACTUAL_TF
24.5206 -0.0016186 -1.6840804 0.6770078 -0.42713371 0.63991906 -0.52284339 -0.36700842 0.001334 1789534046.698349476 23.063 36.833 1.848 0.00000 -1 ACTUAL_TF
24.5775 -0.0015603 -1.6840801 0.6770114 -0.42713254 0.63991851 -0.52284361 -0.36701042 0.001247 1789534046.754330158 23.121 36.775 1.850 0.00000 -1 ACTUAL_TF
24.6371 -0.0014861 -1.6840764 0.6770185 -0.42712441 0.63991639 -0.52284720 -0.36701846 0.001273 1789534046.810373306 23.195 36.700 1.853 0.00000 -1 ACTUAL_TF
24.6971 -0.0014075 -1.6840698 0.6770258 -0.42711911 0.63991240 -0.52285342 -0.36702274 0.001315 1789534046.866357803 23.274 36.621 1.854 0.00000 -1 ACTUAL_TF
24.7462 -0.0012941 -1.6840463 0.6770325 -0.42711525 0.63990824 -0.52285800 -0.36702795 0.001541 1789534046.922411442 23.388 36.507 1.843 0.00000 -1 ACTUAL_TF
24.8077 -0.0011802 -1.6840290 0.6770402 -0.42711364 0.63990143 -0.52286612 -0.36703013 0.001695 1789534046.978622198 23.503 36.393 1.837 0.00000 -1 ACTUAL_TF
24.8604 -0.0010482 -1.6839968 0.6770378 -0.42711560 0.63989310 -0.52287303 -0.36703253 0.001918 1789534047.034376860 23.635 36.260 1.813 0.00000 -1 ACTUAL_TF
24.9179 -0.0009326 -1.6839297 0.6769934 -0.42712584 0.63988456 -0.52287085 -0.36703860 0.002058 1789534047.093431711 23.752 36.144 1.735 0.00000 -1 ACTUAL_TF
24.9764 -0.0008343 -1.6838461 0.6769236 -0.42714372 0.63986373 -0.52287484 -0.36704842 0.002261 1789534047.147089243 23.851 36.045 1.628 0.00000 -1 ACTUAL_TF
25.0245 -0.0007576 -1.6837122 0.6767849 -0.42717061 0.63986080 -0.52285003 -0.36705759 0.002709 1789534047.202367783 23.929 35.967 1.435 0.00000 -1 ACTUAL_TF
25.0817 -0.0006922 -1.6836017 0.6766698 -0.42718905 0.63985577 -0.52283515 -0.36706610 0.002819 1789534047.258449316 23.995 35.901 1.276 0.00000 -1 ACTUAL_TF
25.1420 -0.0006068 -1.6834722 0.6765419 -0.42721586 0.63984878 -0.52281847 -0.36707084 0.003051 1789534047.314398050 24.081 35.814 1.095 0.00000 -1 ACTUAL_TF
25.2037 -0.0005590 -1.6833914 0.6764628 -0.42722121 0.63984198 -0.52281361 -0.36708336 0.002793 1789534047.370433092 24.130 35.766 0.982 0.00000 -1 ACTUAL_TF
25.2494 -0.0004903 -1.6832901 0.6763577 -0.42722696 0.63984142 -0.52280981 -0.36708308 0.002819 1789534047.426441431 24.199 35.696 0.837 0.00000 -1 ACTUAL_TF
25.3077 -0.0004140 -1.6831930 0.6762542 -0.42717705 0.63988275 -0.52283405 -0.36703458 0.002837 1789534047.482403994 24.276 35.619 0.695 0.00000 -1 ACTUAL_TF
25.3662 -0.0003501 -1.6830934 0.6761576 -0.42719061 0.63987262 -0.52282830 -0.36704467 0.002805 1789534047.538341284 24.341 35.554 0.557 0.00000 -1 ACTUAL_TF
25.4264 -0.0002907 -1.6829799 0.6760398 -0.42719333 0.63987178 -0.52282719 -0.36704453 0.002895 1789534047.594386816 24.401 35.494 0.394 0.00000 -1 ACTUAL_TF
25.4716 -0.0002496 -1.6828795 0.6759403 -0.42719436 0.63987273 -0.52282293 -0.36704775 0.002814 1789534047.650511026 24.443 35.452 0.253 0.00000 -1 ACTUAL_TF
25.5303 -0.0002021 -1.6827601 0.6758222 -0.42720573 0.63986725 -0.52281458 -0.36705597 0.002907 1789534047.706358433 24.492 35.404 0.087 0.00000 -1 ACTUAL_TF
25.5861 -0.0001710 -1.6826607 0.6757252 -0.42720790 0.63985988 -0.52281234 -0.36706949 0.002797 1789534047.762401104 24.524 35.372 0.060 0.00000 -1 ACTUAL_TF
25.6432 -0.0000997 -1.6825307 0.6755872 -0.42718225 0.63987843 -0.52282684 -0.36704633 0.003043 1789534047.818361759 24.596 35.299 0.244 0.00000 -1 ACTUAL_TF
25.7014 -0.0000481 -1.6824143 0.6754769 -0.42719037 0.63987092 -0.52282706 -0.36704967 0.003030 1789534047.874530554 24.649 35.247 0.404 0.00000 -1 ACTUAL_TF
25.7544 -0.0000022 -1.6822828 0.6753445 -0.42718379 0.63987049 -0.52283249 -0.36705034 0.003152 1789534047.930472851 24.696 35.200 0.590 0.00000 -1 ACTUAL_TF
25.8079 0.0000548 -1.6821558 0.6752173 -0.42719147 0.63986717 -0.52283182 -0.36704815 0.003217 1789534047.986430407 24.754 35.142 0.770 0.00000 -1 ACTUAL_TF
25.8698 0.0000895 -1.6820134 0.6750719 -0.42719792 0.63986493 -0.52282564 -0.36705334 0.003358 1789534048.042446613 24.790 35.106 0.973 0.00000 -1 ACTUAL_TF
25.9237 0.0001386 -1.6818816 0.6749423 -0.42719229 0.63986700 -0.52283027 -0.36704969 0.003374 1789534048.098490477 24.840 35.056 1.157 0.00000 -1 ACTUAL_TF
25.9861 0.0001794 -1.6817846 0.6748505 -0.42718438 0.63986667 -0.52283817 -0.36704822 0.003111 1789534048.154394388 24.882 35.014 1.290 0.00000 -1 ACTUAL_TF
26.0367 0.0002302 -1.6816725 0.6747462 -0.42718938 0.63986137 -0.52283741 -0.36705272 0.003041 1789534048.210484982 24.934 34.962 1.443 0.00000 -1 ACTUAL_TF
26.0929 0.0002676 -1.6815982 0.6746761 -0.42718456 0.63985871 -0.52284270 -0.36705544 0.002712 1789534048.266359568 24.972 34.924 1.545 0.00000 -1 ACTUAL_TF
26.1521 0.0003224 -1.6815058 0.6745900 -0.42717794 0.63985783 -0.52285127 -0.36705248 0.002636 1789534048.322415590 25.027 34.868 1.671 0.00000 -1 ACTUAL_TF
26.2019 0.0003620 -1.6814350 0.6745152 -0.42717924 0.63986345 -0.52284626 -0.36704829 0.002436 1789534048.378386736 25.067 34.828 1.774 0.00000 -1 ACTUAL_TF
26.2611 0.0004095 -1.6813708 0.6744528 -0.42718294 0.63986479 -0.52284176 -0.36704807 0.002250 1789534048.434232712 25.115 34.780 1.863 0.00000 -1 ACTUAL_TF
26.3139 0.0004446 -1.6813412 0.6744254 -0.42717523 0.63986367 -0.52284613 -0.36705276 0.001860 1789534048.490361929 25.151 34.745 1.903 0.00000 -1 ACTUAL_TF
26.3716 0.0004926 -1.6813041 0.6743870 -0.42717204 0.63986668 -0.52284507 -0.36705274 0.001687 1789534048.546417236 25.199 34.696 1.956 0.00000 -1 ACTUAL_TF
26.4356 0.0005574 -1.6812868 0.6743714 -0.42716466 0.63986781 -0.52285404 -0.36704659 0.001549 1789534048.602453709 25.264 34.631 1.979 0.00000 -1 ACTUAL_TF
26.4839 0.0006055 -1.6812834 0.6743723 -0.42715733 0.63986815 -0.52285955 -0.36704667 0.001343 1789534048.658510923 25.312 34.583 1.980 0.00000 -1 ACTUAL_TF
26.5424 0.0006582 -1.6812832 0.6743748 -0.42715375 0.63986461 -0.52286516 -0.36704901 0.001223 1789534048.714392662 25.365 34.531 1.979 0.00000 -1 ACTUAL_TF
26.5996 0.0007028 -1.6812902 0.6743813 -0.42714886 0.63986087 -0.52287357 -0.36704925 0.001101 1789534048.770363808 25.410 34.486 1.969 0.00000 -1 ACTUAL_TF
26.6491 0.0007466 -1.6813055 0.6743903 -0.42714207 0.63985581 -0.52288355 -0.36705175 0.001024 1789534048.826396227 25.453 34.442 1.951 0.00000 -1 ACTUAL_TF
26.7055 0.0007753 -1.6813168 0.6743898 -0.42713815 0.63985757 -0.52288530 -0.36705075 0.000882 1789534048.882372141 25.481 34.414 1.943 0.00000 -1 ACTUAL_TF
26.7632 0.0008093 -1.6813251 0.6743596 -0.42714641 0.63988560 -0.52286033 -0.36702784 0.000865 1789534048.938405275 25.515 34.381 1.959 0.00000 -1 ACTUAL_TF
26.8268 0.0008517 -1.6813753 0.6743960 -0.42714085 0.63990151 -0.52285699 -0.36701134 0.001008 1789534048.994395018 25.557 34.339 1.898 0.00000 -1 ACTUAL_TF
26.8781 0.0009270 -1.6814992 0.6745176 -0.42712284 0.63991665 -0.52286674 -0.36699200 0.001719 1789534049.050420046 25.631 34.265 1.724 0.00000 -1 ACTUAL_TF
26.9422 0.0009875 -1.6816311 0.6746519 -0.42713129 0.63991778 -0.52285816 -0.36699244 0.002261 1789534049.106477737 25.690 34.205 1.535 0.00000 -1 ACTUAL_TF
26.9911 0.0010430 -1.6817477 0.6747706 -0.42713586 0.63991901 -0.52285417 -0.36699064 0.002523 1789534049.162472963 25.745 34.151 1.368 0.00000 -1 ACTUAL_TF
27.0407 0.0011237 -1.6819083 0.6749366 -0.42712570 0.63992224 -0.52286439 -0.36698228 0.003077 1789534049.218444347 25.824 34.072 1.137 0.00000 -1 ACTUAL_TF
27.1002 0.0011783 -1.6820221 0.6750457 -0.42713531 0.63992599 -0.52285411 -0.36697920 0.003048 1789534049.274417877 25.877 34.018 0.979 0.00000 -1 ACTUAL_TF
27.1584 0.0012608 -1.6821912 0.6752276 -0.42712905 0.63991812 -0.52286718 -0.36698158 0.003538 1789534049.330321789 25.959 33.937 0.731 0.00000 -1 ACTUAL_TF
27.2104 0.0013089 -1.6822929 0.6753207 -0.42713038 0.63992796 -0.52285808 -0.36697585 0.003258 1789534049.386381865 26.006 33.890 0.593 0.00000 -1 ACTUAL_TF
27.2673 0.0013607 -1.6824121 0.6754413 -0.42713771 0.63992592 -0.52284921 -0.36698351 0.003230 1789534049.442399979 26.056 33.839 0.424 0.00000 -1 ACTUAL_TF
27.3244 0.0014188 -1.6825283 0.6755677 -0.42712628 0.63992261 -0.52286026 -0.36698683 0.003232 1789534049.498428345 26.114 33.782 0.253 0.00000 -1 ACTUAL_TF
27.3829 0.0014854 -1.6826420 0.6756800 -0.42711769 0.63993236 -0.52285963 -0.36698072 0.003190 1789534049.554399252 26.179 33.716 0.099 0.00000 -1 ACTUAL_TF
27.4341 0.0015501 -1.6827730 0.6758183 -0.42713633 0.63990996 -0.52285480 -0.36700499 0.003311 1789534049.610394239 26.243 33.653 0.108 0.00000 -1 ACTUAL_TF
27.4917 0.0016097 -1.6828694 0.6759152 -0.42712285 0.63992047 -0.52286057 -0.36699412 0.003115 1789534049.666515112 26.302 33.594 0.241 0.00000 -1 ACTUAL_TF
27.5533 0.0016996 -1.6830242 0.6760793 -0.42711735 0.63991432 -0.52287169 -0.36699541 0.003481 1789534049.722528696 26.390 33.505 0.466 0.00000 -1 ACTUAL_TF
27.6049 0.0017585 -1.6831282 0.6761850 -0.42712157 0.63991959 -0.52286400 -0.36699226 0.003293 1789534049.778409719 26.449 33.447 0.614 0.00000 -1 ACTUAL_TF
27.6662 0.0018503 -1.6832905 0.6763529 -0.42711061 0.63991892 -0.52287608 -0.36698898 0.003648 1789534049.834478855 26.539 33.357 0.848 0.00000 -1 ACTUAL_TF
27.7159 0.0019135 -1.6834233 0.6764915 -0.42712995 0.63990685 -0.52286466 -0.36700380 0.003639 1789534049.890360832 26.601 33.294 1.040 0.00000 -1 ACTUAL_TF
27.7777 0.0019949 -1.6835646 0.6766376 -0.42712360 0.63991239 -0.52286683 -0.36699842 0.003717 1789534049.946497679 26.681 33.214 1.243 0.00000 -1 ACTUAL_TF
27.8214 0.0020599 -1.6836754 0.6767507 -0.42712511 0.63991534 -0.52286328 -0.36699658 0.003520 1789534050.002417564 26.745 33.150 1.402 0.00000 -1 ACTUAL_TF
27.8810 0.0021475 -1.6838144 0.6769008 -0.42711931 0.63991141 -0.52287153 -0.36699843 0.003657 1789534050.058396101 26.832 33.064 1.607 0.00000 -1 ACTUAL_TF
27.9396 0.0022264 -1.6839227 0.6770163 -0.42712175 0.63990618 -0.52287308 -0.36700250 0.003506 1789534050.114449739 26.910 32.986 1.765 0.00000 -1 ACTUAL_TF
27.9977 0.0022774 -1.6839743 0.6770662 -0.42712283 0.63991175 -0.52286519 -0.36700277 0.002927 1789534050.170409203 26.960 32.935 1.837 0.00000 -1 ACTUAL_TF
28.0495 0.0023545 -1.6840181 0.6771168 -0.42713183 0.63990592 -0.52286445 -0.36700351 0.002595 1789534050.226413012 27.037 32.858 1.905 0.00000 -1 ACTUAL_TF
28.1102 0.0024021 -1.6840388 0.6771357 -0.42713328 0.63990631 -0.52286108 -0.36700594 0.002113 1789534050.282433748 27.085 32.811 1.933 0.00000 -1 ACTUAL_TF
28.1689 0.0024632 -1.6840481 0.6771509 -0.42713524 0.63990437 -0.52286084 -0.36700739 0.001821 1789534050.338356256 27.146 32.750 1.951 0.00000 -1 ACTUAL_TF
28.2192 0.0025212 -1.6840454 0.6771497 -0.42713622 0.63990385 -0.52286177 -0.36700582 0.001586 1789534050.394350767 27.204 32.692 1.948 0.00000 -1 ACTUAL_TF
28.2751 0.0025906 -1.6840402 0.6771567 -0.42713558 0.63989998 -0.52286627 -0.36700693 0.001484 1789534050.450410604 27.273 32.622 1.950 0.00000 -1 ACTUAL_TF
28.3368 0.0026463 -1.6840293 0.6771599 -0.42713651 0.63989610 -0.52286895 -0.36700878 0.001344 1789534050.506338596 27.329 32.566 1.945 0.00000 -1 ACTUAL_TF
28.3852 0.0027264 -1.6840200 0.6771658 -0.42713669 0.63988996 -0.52287651 -0.36700851 0.001373 1789534050.562476635 27.410 32.486 1.943 0.00000 -1 ACTUAL_TF
28.4422 0.0028082 -1.6840020 0.6771692 -0.42714041 0.63988407 -0.52288203 -0.36700659 0.001410 1789534050.618410826 27.492 32.404 1.933 0.00000 -1 ACTUAL_TF
28.5014 0.0028655 -1.6839901 0.6771725 -0.42713891 0.63988169 -0.52288469 -0.36700869 0.001301 1789534050.674445391 27.550 32.346 1.927 0.00000 -1 ACTUAL_TF
28.5614 0.0029427 -1.6839621 0.6771724 -0.42714307 0.63987637 -0.52288752 -0.36700909 0.001347 1789534050.730917454 27.627 32.268 1.908 0.00000 -1 ACTUAL_TF
28.6110 0.0030012 -1.6839263 0.6771482 -0.42714964 0.63986878 -0.52288901 -0.36701255 0.001336 1789534050.786435127 27.686 32.209 1.866 0.00000 -1 ACTUAL_TF
28.6719 0.0030481 -1.6838495 0.6770885 -0.42715955 0.63985033 -0.52289085 -0.36703056 0.001513 1789534050.842481613 27.734 32.161 1.770 0.00000 -1 ACTUAL_TF
28.7228 0.0030698 -1.6837399 0.6769723 -0.42718179 0.63984714 -0.52287103 -0.36703848 0.001923 1789534050.898480177 27.757 32.139 1.611 0.00000 -1 ACTUAL_TF
28.7820 0.0030906 -1.6836034 0.6768297 -0.42720550 0.63983674 -0.52285302 -0.36705467 0.002408 1789534050.954544544 27.779 32.117 1.413 0.00000 -1 ACTUAL_TF
28.8363 0.0030978 -1.6834822 0.6766979 -0.42722234 0.63983469 -0.52283310 -0.36706701 0.002648 1789534051.010412455 27.787 32.109 1.234 0.00000 -1 ACTUAL_TF
28.8961 0.0031580 -1.6833348 0.6765421 -0.42718142 0.63986534 -0.52285726 -0.36702678 0.003046 1789534051.066452265 27.848 32.048 1.020 0.00000 -1 ACTUAL_TF
28.9511 0.0031858 -1.6832038 0.6764103 -0.42719675 0.63985327 -0.52284845 -0.36704254 0.003140 1789534051.122382164 27.877 32.019 0.835 0.00000 -1 ACTUAL_TF
28.9998 0.0032142 -1.6830862 0.6762889 -0.42720383 0.63985065 -0.52284382 -0.36704546 0.003117 1789534051.178350210 27.906 31.989 0.666 0.00000 -1 ACTUAL_TF
29.0568 0.0032479 -1.6829496 0.6761507 -0.42720182 0.63984976 -0.52284363 -0.36704962 0.003238 1789534051.234327555 27.941 31.954 0.472 0.00000 -1 ACTUAL_TF
29.1129 0.0032866 -1.6828368 0.6760381 -0.42721135 0.63984591 -0.52283897 -0.36705189 0.003145 1789534051.290374756 27.981 31.915 0.313 0.00000 -1 ACTUAL_TF
29.1750 0.0033437 -1.6827207 0.6759267 -0.42718709 0.63985680 -0.52285675 -0.36703582 0.003116 1789534051.346388340 28.039 31.857 0.154 0.00000 -1 ACTUAL_TF
29.2226 0.0033864 -1.6826156 0.6758239 -0.42719105 0.63985861 -0.52285191 -0.36703494 0.003002 1789534051.402347803 28.082 31.813 0.025 0.00000 -1 ACTUAL_TF
29.2824 0.0034281 -1.6824960 0.6757090 -0.42719775 0.63985612 -0.52284353 -0.36704343 0.003017 1789534051.458363295 28.125 31.770 0.163 0.00000 -1 ACTUAL_TF
29.3377 0.0034808 -1.6823877 0.6756071 -0.42720087 0.63985227 -0.52284106 -0.36705001 0.002957 1789534051.514380455 28.179 31.717 0.310 0.00000 -1 ACTUAL_TF
29.3975 0.0035266 -1.6822971 0.6755139 -0.42719951 0.63985688 -0.52283845 -0.36704727 0.002808 1789534051.570383072 28.225 31.670 0.439 0.00000 -1 ACTUAL_TF
29.4507 0.0035870 -1.6822007 0.6754161 -0.42719094 0.63986445 -0.52283965 -0.36704237 0.002770 1789534051.626363277 28.287 31.609 0.576 0.00000 -1 ACTUAL_TF
29.5079 0.0036442 -1.6821119 0.6753287 -0.42720324 0.63986330 -0.52283040 -0.36704320 0.002668 1789534051.682745934 28.345 31.551 0.700 0.00000 -1 ACTUAL_TF
29.5641 0.0037226 -1.6820064 0.6752261 -0.42721267 0.63985551 -0.52282868 -0.36704827 0.002767 1789534051.738348246 28.424 31.472 0.847 0.00000 -1 ACTUAL_TF
29.6146 0.0037959 -1.6819200 0.6751389 -0.42718189 0.63987550 -0.52284145 -0.36703105 0.002703 1789534051.794337988 28.498 31.398 0.969 0.00000 -1 ACTUAL_TF
29.6738 0.0038871 -1.6818030 0.6750192 -0.42719282 0.63987353 -0.52283188 -0.36703540 0.002912 1789534051.850409031 28.590 31.306 1.136 0.00000 -1 ACTUAL_TF
29.7360 0.0039606 -1.6816987 0.6749127 -0.42719687 0.63987529 -0.52282283 -0.36704051 0.002930 1789534051.906322718 28.664 31.231 1.284 0.00000 -1 ACTUAL_TF
29.7901 0.0040820 -1.6815957 0.6748132 -0.42719669 0.63987264 -0.52282603 -0.36704077 0.003047 1789534051.962857485 28.787 31.109 1.427 0.00000 -1 ACTUAL_TF
29.8546 0.0042074 -1.6814957 0.6747192 -0.42719698 0.63987311 -0.52283000 -0.36703397 0.003134 1789534052.018610716 28.913 30.983 1.563 0.00000 -1 ACTUAL_TF
29.9050 0.0043022 -1.6814286 0.6746593 -0.42719384 0.63987301 -0.52283146 -0.36703572 0.002897 1789534052.074314833 29.008 30.887 1.652 0.00000 -1 ACTUAL_TF
29.9582 0.0044292 -1.6813612 0.6746002 -0.42719914 0.63986616 -0.52283729 -0.36703320 0.002860 1789534052.130392790 29.136 30.759 1.741 0.00000 -1 ACTUAL_TF
30.0101 0.0045196 -1.6813293 0.6745732 -0.42719532 0.63986409 -0.52284290 -0.36703324 0.002536 1789534052.186329365 29.227 30.669 1.782 0.00000 -1 ACTUAL_TF
30.0698 0.0046085 -1.6813091 0.6745593 -0.42719292 0.63986034 -0.52284859 -0.36703448 0.002269 1789534052.242371321 29.316 30.580 1.806 0.00000 -1 ACTUAL_TF
30.1289 0.0046652 -1.6813101 0.6745631 -0.42718596 0.63985763 -0.52285417 -0.36703934 0.001893 1789534052.298384905 29.373 30.523 1.802 0.00000 -1 ACTUAL_TF
30.1787 0.0047317 -1.6813170 0.6745724 -0.42717810 0.63985301 -0.52286465 -0.36704163 0.001687 1789534052.354309797 29.439 30.456 1.790 0.00000 -1 ACTUAL_TF
30.2385 0.0047689 -1.6813245 0.6745791 -0.42717103 0.63985066 -0.52287041 -0.36704574 0.001387 1789534052.410367489 29.476 30.419 1.780 0.00000 -1 ACTUAL_TF
30.2920 0.0048200 -1.6813405 0.6745878 -0.42716380 0.63984601 -0.52288056 -0.36704781 0.001262 1789534052.466327190 29.527 30.369 1.762 0.00000 -1 ACTUAL_TF
30.3516 0.0048482 -1.6813497 0.6745859 -0.42715813 0.63985026 -0.52287968 -0.36704825 0.001042 1789534052.522288561 29.555 30.341 1.757 0.00000 -1 ACTUAL_TF
30.4016 0.0048743 -1.6813644 0.6745817 -0.42715602 0.63985397 -0.52287995 -0.36704385 0.000891 1789534052.578389883 29.581 30.315 1.749 0.00000 -1 ACTUAL_TF
30.4601 0.0049002 -1.6813746 0.6745565 -0.42716788 0.63989499 -0.52284310 -0.36701104 0.000825 1789534052.634371758 29.606 30.290 1.760 0.00000 -1 ACTUAL_TF
30.5146 0.0049426 -1.6814390 0.6746178 -0.42715495 0.63990169 -0.52285392 -0.36699898 0.001106 1789534052.690373898 29.648 30.248 1.671 0.00000 -1 ACTUAL_TF
30.5710 0.0050030 -1.6815460 0.6747315 -0.42713507 0.63990675 -0.52287350 -0.36698540 0.001672 1789534052.746302843 29.707 30.188 1.515 0.00000 -1 ACTUAL_TF
30.6287 0.0050532 -1.6816309 0.6748251 -0.42712397 0.63991666 -0.52288134 -0.36696988 0.001897 1789534052.802419901 29.757 30.139 1.388 0.00000 -1 ACTUAL_TF
30.6853 0.0051165 -1.6817667 0.6749787 -0.42716334 0.63988140 -0.52287823 -0.36698996 0.002478 1789534052.858392239 29.819 30.076 1.183 0.00000 -1 ACTUAL_TF
30.7370 0.0051768 -1.6818735 0.6750952 -0.42715256 0.63988660 -0.52289452 -0.36697023 0.002642 1789534052.914305687 29.879 30.017 1.024 0.00000 -1 ACTUAL_TF
30.8000 0.0052247 -1.6820186 0.6752494 -0.42714249 0.63989045 -0.52290663 -0.36695797 0.003011 1789534052.970390320 29.925 29.970 0.812 0.00000 -1 ACTUAL_TF
30.8499 0.0052427 -1.6821558 0.6753902 -0.42715620 0.63988079 -0.52289942 -0.36696915 0.003167 1789534053.026322365 29.942 29.953 0.616 0.00000 -1 ACTUAL_TF
30.9131 0.0052664 -1.6822732 0.6755030 -0.42714474 0.63989265 -0.52290301 -0.36695668 0.003098 1789534053.082342148 29.965 29.931 0.453 0.00000 -1 ACTUAL_TF
30.9626 0.0052917 -1.6824237 0.6756610 -0.42715360 0.63988709 -0.52289710 -0.36696450 0.003344 1789534053.138365030 29.989 29.906 0.235 0.00000 -1 ACTUAL_TF
31.0241 0.0053128 -1.6825437 0.6757756 -0.42714725 0.63989408 -0.52289583 -0.36696150 0.003237 1789534053.194361687 30.009 29.886 0.070 0.00000 -1 ACTUAL_TF
31.0725 0.0053393 -1.6826734 0.6759049 -0.42714529 0.63989893 -0.52289080 -0.36696249 0.003259 1789534053.250276089 30.034 29.861 0.116 0.00000 -1 ACTUAL_TF
31.1285 0.0053613 -1.6827874 0.6760248 -0.42715919 0.63988616 -0.52288282 -0.36697995 0.003173 1789534053.306398392 30.056 29.840 0.281 0.00000 -1 ACTUAL_TF
31.1883 0.0054020 -1.6828947 0.6761255 -0.42715118 0.63989816 -0.52288169 -0.36696995 0.003039 1789534053.362437963 30.095 29.800 0.428 0.00000 -1 ACTUAL_TF
31.2483 0.0054502 -1.6830017 0.6762387 -0.42714781 0.63989364 -0.52288965 -0.36697044 0.003002 1789534053.418395758 30.143 29.753 0.584 0.00000 -1 ACTUAL_TF
31.2976 0.0055067 -1.6831208 0.6763598 -0.42714703 0.63989113 -0.52289305 -0.36697087 0.003059 1789534053.474453211 30.198 29.698 0.754 0.00000 -1 ACTUAL_TF
31.3591 0.0055481 -1.6832281 0.6764664 -0.42713637 0.63989427 -0.52289377 -0.36697678 0.002983 1789534053.530349731 30.238 29.657 0.905 0.00000 -1 ACTUAL_TF
31.4091 0.0055790 -1.6833195 0.6765558 -0.42712337 0.63990091 -0.52289136 -0.36698376 0.002793 1789534053.586359501 30.269 29.627 1.034 0.00000 -1 ACTUAL_TF
31.4691 0.0055904 -1.6834262 0.6766495 -0.42713409 0.63989673 -0.52286040 -0.36702268 0.002717 1789534053.642457247 30.279 29.617 1.176 0.00000 -1 ACTUAL_TF
31.5249 0.0056733 -1.6835310 0.6767598 -0.42710985 0.63990756 -0.52286984 -0.36701856 0.002831 1789534053.698414087 30.361 29.535 1.328 0.00000 -1 ACTUAL_TF
31.5790 0.0058082 -1.6836234 0.6768542 -0.42710456 0.63991427 -0.52286636 -0.36701797 0.002993 1789534053.754386902 30.495 29.401 1.461 0.00000 -1 ACTUAL_TF
31.6381 0.0059367 -1.6837110 0.6769461 -0.42709544 0.63992031 -0.52286653 -0.36701780 0.003061 1789534053.810507059 30.623 29.273 1.589 0.00000 -1 ACTUAL_TF
31.6974 0.0060842 -1.6837805 0.6770159 -0.42709873 0.63992155 -0.52286020 -0.36702084 0.003095 1789534053.866370440 30.770 29.126 1.688 0.00000 -1 ACTUAL_TF
31.7457 0.0061939 -1.6838124 0.6770523 -0.42709782 0.63992615 -0.52285461 -0.36702184 0.002810 1789534053.922310591 30.879 29.016 1.737 0.00000 -1 ACTUAL_TF
31.8016 0.0063226 -1.6838240 0.6770715 -0.42710044 0.63992738 -0.52285233 -0.36701989 0.002666 1789534053.978383303 31.008 28.888 1.760 0.00000 -1 ACTUAL_TF
31.8589 0.0064271 -1.6838153 0.6770665 -0.42710411 0.63992802 -0.52284880 -0.36701953 0.002427 1789534054.034494877 31.112 28.783 1.750 0.00000 -1 ACTUAL_TF
31.9138 0.0065207 -1.6838113 0.6770761 -0.42710388 0.63992108 -0.52285764 -0.36701931 0.002204 1789534054.090469122 31.206 28.689 1.755 0.00000 -1 ACTUAL_TF
31.9733 0.0066071 -1.6837972 0.6770822 -0.42710062 0.63991700 -0.52286304 -0.36702252 0.002012 1789534054.146495819 31.293 28.603 1.750 0.00000 -1 ACTUAL_TF
32.0283 0.0066918 -1.6837852 0.6770882 -0.42709984 0.63991141 -0.52287001 -0.36702325 0.001869 1789534054.202473879 31.378 28.517 1.746 0.00000 -1 ACTUAL_TF
32.0815 0.0067709 -1.6837694 0.6770930 -0.42709754 0.63990804 -0.52287402 -0.36702609 0.001741 1789534054.258458853 31.457 28.438 1.739 0.00000 -1 ACTUAL_TF
32.1375 0.0068404 -1.6837541 0.6770964 -0.42709863 0.63990396 -0.52287809 -0.36702613 0.001600 1789534054.314480782 31.527 28.368 1.731 0.00000 -1 ACTUAL_TF
32.2001 0.0069156 -1.6837134 0.6770720 -0.42710734 0.63989786 -0.52287797 -0.36702681 0.001596 1789534054.370574236 31.603 28.292 1.685 0.00000 -1 ACTUAL_TF
32.2492 0.0069722 -1.6836508 0.6770272 -0.42711838 0.63988714 -0.52287626 -0.36703507 0.001630 1789534054.426447153 31.661 28.235 1.610 0.00000 -1 ACTUAL_TF
32.3086 0.0070110 -1.6835693 0.6769483 -0.42713754 0.63987124 -0.52287312 -0.36704499 0.001782 1789534054.482487679 31.700 28.195 1.497 0.00000 -1 ACTUAL_TF
32.3649 0.0070306 -1.6834465 0.6768202 -0.42716305 0.63985740 -0.52285844 -0.36706034 0.002205 1789534054.538417101 31.721 28.175 1.320 0.00000 -1 ACTUAL_TF
32.4221 0.0070565 -1.6833314 0.6766968 -0.42719062 0.63984880 -0.52284343 -0.36706461 0.002458 1789534054.594431162 31.747 28.148 1.151 0.00000 -1 ACTUAL_TF
32.4793 0.0070717 -1.6832044 0.6765634 -0.42721150 0.63983163 -0.52283630 -0.36708041 0.002709 1789534054.650516748 31.764 28.132 0.967 0.00000 -1 ACTUAL_TF
32.5384 0.0070859 -1.6831084 0.6764643 -0.42721679 0.63982375 -0.52283549 -0.36708914 0.002641 1789534054.706429720 31.779 28.117 0.829 0.00000 -1 ACTUAL_TF
32.5880 0.0071163 -1.6829780 0.6763265 -0.42717326 0.63985385 -0.52286002 -0.36705239 0.002878 1789534054.762411118 31.810 28.086 0.639 0.00000 -1 ACTUAL_TF
32.6415 0.0071203 -1.6828590 0.6762029 -0.42719090 0.63984686 -0.52284783 -0.36706140 0.002933 1789534054.818463087 31.815 28.081 0.468 0.00000 -1 ACTUAL_TF
32.6957 0.0071266 -1.6827235 0.6760648 -0.42718813 0.63984940 -0.52284745 -0.36706074 0.003092 1789534054.874370098 31.822 28.073 0.274 0.00000 -1 ACTUAL_TF
32.7543 0.0071407 -1.6825872 0.6759212 -0.42718101 0.63985930 -0.52284724 -0.36705207 0.003225 1789534054.930499077 31.837 28.058 0.077 0.00000 -1 ACTUAL_TF
32.8115 0.0071568 -1.6824735 0.6758062 -0.42719163 0.63985442 -0.52284350 -0.36705356 0.003129 1789534054.986450672 31.854 28.041 0.085 0.00000 -1 ACTUAL_TF
32.8710 0.0071669 -1.6823387 0.6756693 -0.42719369 0.63985838 -0.52283781 -0.36705236 0.003220 1789534055.042501450 31.866 28.030 0.277 0.00000 -1 ACTUAL_TF
32.9270 0.0071843 -1.6822439 0.6755760 -0.42718548 0.63985956 -0.52284215 -0.36705366 0.002975 1789534055.098361969 31.884 28.012 0.410 0.00000 -1 ACTUAL_TF
32.9871 0.0072004 -1.6821158 0.6754468 -0.42719102 0.63985706 -0.52283861 -0.36705663 0.003060 1789534055.154406071 31.901 27.994 0.592 0.00000 -1 ACTUAL_TF
33.0358 0.0072269 -1.6820175 0.6753481 -0.42717367 0.63986873 -0.52284682 -0.36704478 0.002901 1789534055.210455418 31.928 27.967 0.731 0.00000 -1 ACTUAL_TF
33.0958 0.0072642 -1.6819123 0.6752461 -0.42717466 0.63986628 -0.52284713 -0.36704746 0.002841 1789534055.266406059 31.967 27.929 0.877 0.00000 -1 ACTUAL_TF
33.1486 0.0072952 -1.6818168 0.6751491 -0.42718600 0.63986363 -0.52284063 -0.36704812 0.002736 1789534055.322445393 31.998 27.897 1.013 0.00000 -1 ACTUAL_TF
33.2099 0.0073406 -1.6817226 0.6750632 -0.42718668 0.63986068 -0.52284174 -0.36705091 0.002640 1789534055.378451824 32.045 27.851 1.141 0.00000 -1 ACTUAL_TF
33.2595 0.0073879 -1.6816185 0.6749635 -0.42719265 0.63986119 -0.52283704 -0.36704977 0.002661 1789534055.434463024 32.093 27.803 1.284 0.00000 -1 ACTUAL_TF
33.3194 0.0074406 -1.6815364 0.6748881 -0.42718851 0.63986826 -0.52283895 -0.36703953 0.002524 1789534055.490389585 32.146 27.749 1.395 0.00000 -1 ACTUAL_TF
33.3673 0.0075099 -1.6814570 0.6748140 -0.42719157 0.63986630 -0.52283927 -0.36703893 0.002458 1789534055.546315193 32.217 27.679 1.504 0.00000 -1 ACTUAL_TF
33.4277 0.0075631 -1.6813979 0.6747603 -0.42719290 0.63986655 -0.52283341 -0.36704529 0.002235 1789534055.602262497 32.270 27.625 1.583 0.00000 -1 ACTUAL_TF
33.4856 0.0076719 -1.6813549 0.6747310 -0.42719108 0.63986267 -0.52283661 -0.36704963 0.002210 1789534055.658342838 32.380 27.516 1.634 0.00000 -1 ACTUAL_TF
33.5446 0.0077882 -1.6813327 0.6747182 -0.42718988 0.63985677 -0.52284383 -0.36705102 0.002185 1789534055.714315891 32.496 27.399 1.658 0.00000 -1 ACTUAL_TF
33.5971 0.0079502 -1.6813332 0.6747296 -0.42717797 0.63984591 -0.52286344 -0.36705587 0.002399 1789534055.770342827 32.658 27.237 1.648 0.00000 -1 ACTUAL_TF
33.6492 0.0080896 -1.6813395 0.6747473 -0.42716583 0.63983545 -0.52288176 -0.36706215 0.002433 1789534055.826332331 32.798 27.098 1.631 0.00000 -1 ACTUAL_TF
33.7134 0.0082359 -1.6813543 0.6747655 -0.42715080 0.63982586 -0.52290129 -0.36706853 0.002497 1789534055.882341146 32.944 26.952 1.606 0.00000 -1 ACTUAL_TF
33.7652 0.0083649 -1.6813684 0.6747705 -0.42714062 0.63982493 -0.52291111 -0.36706801 0.002443 1789534055.938360929 33.073 26.823 1.592 0.00000 -1 ACTUAL_TF
33.8303 0.0084324 -1.6813442 0.6747149 -0.42715426 0.63986434 -0.52286984 -0.36704222 0.002197 1789534055.994337082 33.140 26.756 1.648 0.00000 -1 ACTUAL_TF
33.8767 0.0085112 -1.6813524 0.6747011 -0.42715262 0.63987819 -0.52286142 -0.36703199 0.001969 1789534056.050312281 33.218 26.677 1.651 0.00000 -1 ACTUAL_TF
33.9361 0.0085807 -1.6813756 0.6747126 -0.42715279 0.63989348 -0.52285506 -0.36701419 0.001776 1789534056.106318951 33.287 26.608 1.627 0.00000 -1 ACTUAL_TF
33.9848 0.0086566 -1.6814397 0.6747723 -0.42714022 0.63990922 -0.52285765 -0.36699770 0.001864 1789534056.162324905 33.362 26.533 1.539 0.00000 -1 ACTUAL_TF
34.0439 0.0087198 -1.6815162 0.6748522 -0.42712600 0.63991929 -0.52286544 -0.36698558 0.001984 1789534056.218555689 33.425 26.470 1.428 0.00000 -1 ACTUAL_TF
34.0977 0.0087991 -1.6816254 0.6749618 -0.42710837 0.63992909 -0.52287906 -0.36696961 0.002322 1789534056.274456978 33.503 26.392 1.273 0.00000 -1 ACTUAL_TF
34.1568 0.0088341 -1.6817192 0.6750645 -0.42713681 0.63990875 -0.52286400 -0.36699343 0.002395 1789534056.330346584 33.538 26.358 1.133 0.00000 -1 ACTUAL_TF
34.2135 0.0088933 -1.6818295 0.6751760 -0.42713675 0.63991154 -0.52286625 -0.36698542 0.002574 1789534056.386358261 33.596 26.300 0.976 0.00000 -1 ACTUAL_TF
34.2656 0.0089585 -1.6819537 0.6753165 -0.42713268 0.63991047 -0.52287502 -0.36697953 0.002866 1789534056.442364454 33.660 26.235 0.789 0.00000 -1 ACTUAL_TF
34.3264 0.0090087 -1.6820590 0.6754334 -0.42714603 0.63989498 -0.52287745 -0.36698756 0.002891 1789534056.498345852 33.710 26.186 0.631 0.00000 -1 ACTUAL_TF
34.3841 0.0090869 -1.6821857 0.6755763 -0.42714502 0.63989229 -0.52289277 -0.36697156 0.003129 1789534056.554357529 33.787 26.108 0.440 0.00000 -1 ACTUAL_TF
34.4355 0.0091355 -1.6823128 0.6757145 -0.42714855 0.63988315 -0.52290151 -0.36697096 0.003229 1789534056.610380173 33.835 26.061 0.252 0.00000 -1 ACTUAL_TF
34.4879 0.0091540 -1.6824407 0.6758425 -0.42715203 0.63988892 -0.52289490 -0.36696626 0.003235 1789534056.666367292 33.852 26.043 0.071 0.00000 -1 ACTUAL_TF
34.5446 0.0091671 -1.6825480 0.6759442 -0.42715907 0.63989398 -0.52288618 -0.36696165 0.003059 1789534056.722407103 33.864 26.031 0.077 0.00000 -1 ACTUAL_TF
34.6024 0.0091743 -1.6827023 0.6761027 -0.42717368 0.63988481 -0.52287404 -0.36697795 0.003329 1789534056.778331757 33.870 26.025 0.298 0.00000 -1 ACTUAL_TF
34.6583 0.0091904 -1.6828244 0.6762166 -0.42716459 0.63989998 -0.52287245 -0.36696433 0.003228 1789534056.834371567 33.885 26.010 0.465 0.00000 -1 ACTUAL_TF
34.7145 0.0092120 -1.6829408 0.6763369 -0.42715589 0.63990400 -0.52287667 -0.36696144 0.003164 1789534056.890374184 33.906 25.990 0.633 0.00000 -1 ACTUAL_TF
34.7711 0.0092300 -1.6830446 0.6764301 -0.42715485 0.63992174 -0.52286402 -0.36694976 0.002969 1789534056.946318865 33.923 25.973 0.772 0.00000 -1 ACTUAL_TF
34.8310 0.0092395 -1.6831562 0.6765485 -0.42718066 0.63989489 -0.52285261 -0.36698279 0.002950 1789534057.002389908 33.931 25.964 0.935 0.00000 -1 ACTUAL_TF
34.8892 0.0092814 -1.6832534 0.6766436 -0.42716786 0.63991275 -0.52285400 -0.36696456 0.002828 1789534057.058346033 33.972 25.923 1.071 0.00000 -1 ACTUAL_TF
34.9384 0.0093258 -1.6833491 0.6767423 -0.42716035 0.63991032 -0.52286437 -0.36696276 0.002754 1789534057.114331722 34.016 25.879 1.209 0.00000 -1 ACTUAL_TF
34.9942 0.0093654 -1.6834382 0.6768302 -0.42715892 0.63991096 -0.52286556 -0.36696161 0.002630 1789534057.170374155 34.055 25.841 1.334 0.00000 -1 ACTUAL_TF
35.0533 0.0093944 -1.6835085 0.6769000 -0.42714930 0.63991416 -0.52286832 -0.36696331 0.002395 1789534057.226344824 34.083 25.812 1.434 0.00000 -1 ACTUAL_TF
35.1112 0.0094142 -1.6835873 0.6769769 -0.42714716 0.63991740 -0.52285580 -0.36697798 0.002275 1789534057.282341480 34.102 25.793 1.544 0.00000 -1 ACTUAL_TF
35.1654 0.0094196 -1.6836459 0.6770179 -0.42713550 0.63992833 -0.52284160 -0.36699273 0.001977 1789534057.338390350 34.107 25.789 1.614 0.00000 -1 ACTUAL_TF
35.2259 0.0094539 -1.6836756 0.6770374 -0.42712453 0.63993591 -0.52283767 -0.36699788 0.001648 1789534057.394373417 34.141 25.755 1.650 0.00000 -1 ACTUAL_TF
35.2859 0.0095520 -1.6836844 0.6770516 -0.42712397 0.63993589 -0.52283759 -0.36699866 0.001687 1789534057.450379372 34.239 25.657 1.666 0.00000 -1 ACTUAL_TF
35.3412 0.0096459 -1.6836836 0.6770556 -0.42711855 0.63993700 -0.52283841 -0.36700186 0.001683 1789534057.506465673 34.333 25.563 1.669 0.00000 -1 ACTUAL_TF
35.3905 0.0097825 -1.6836723 0.6770634 -0.42711114 0.63993310 -0.52284547 -0.36700723 0.001916 1789534057.562297344 34.470 25.426 1.667 0.00000 -1 ACTUAL_TF
35.4404 0.0099252 -1.6836642 0.6770760 -0.42710616 0.63992329 -0.52285896 -0.36701094 0.002109 1789534057.618358850 34.613 25.283 1.671 0.00000 -1 ACTUAL_TF
35.4996 0.0100989 -1.6836461 0.6770904 -0.42710106 0.63991183 -0.52287496 -0.36701405 0.002416 1789534057.674311876 34.787 25.108 1.670 0.00000 -1 ACTUAL_TF
35.5598 0.0102452 -1.6836299 0.6771020 -0.42709899 0.63990133 -0.52288891 -0.36701490 0.002481 1789534057.730421305 34.934 24.962 1.667 0.00000 -1 ACTUAL_TF
35.6153 0.0103916 -1.6836102 0.6771138 -0.42709107 0.63989444 -0.52289926 -0.36702138 0.002531 1789534057.786392689 35.081 24.815 1.663 0.00000 -1 ACTUAL_TF
35.6725 0.0105110 -1.6835731 0.6770928 -0.42709476 0.63989053 -0.52290027 -0.36702246 0.002451 1789534057.842413664 35.201 24.695 1.623 0.00000 -1 ACTUAL_TF
35.7242 0.0105878 -1.6835238 0.6770532 -0.42710219 0.63988766 -0.52289514 -0.36702611 0.002249 1789534057.898367882 35.278 24.617 1.561 0.00000 -1 ACTUAL_TF
35.7825 0.0106587 -1.6834305 0.6769542 -0.42712199 0.63988875 -0.52287459 -0.36703045 0.002396 1789534057.954364538 35.350 24.546 1.425 0.00000 -1 ACTUAL_TF
35.8432 0.0107035 -1.6833523 0.6768828 -0.42713241 0.63987723 -0.52286909 -0.36704625 0.002292 1789534058.010418415 35.395 24.500 1.320 0.00000 -1 ACTUAL_TF
35.8937 0.0107564 -1.6832409 0.6767594 -0.42715752 0.63987498 -0.52284740 -0.36705184 0.002540 1789534058.066410303 35.449 24.447 1.154 0.00000 -1 ACTUAL_TF
35.9479 0.0107977 -1.6831420 0.6766596 -0.42717528 0.63986487 -0.52283629 -0.36706464 0.002562 1789534058.122470856 35.491 24.404 1.013 0.00000 -1 ACTUAL_TF
36.0074 0.0108441 -1.6830176 0.6765286 -0.42720028 0.63985887 -0.52281775 -0.36707240 0.002794 1789534058.178367615 35.538 24.357 0.833 0.00000 -1 ACTUAL_TF
36.0645 0.0108868 -1.6828985 0.6764056 -0.42721971 0.63984928 -0.52280538 -0.36708412 0.002887 1789534058.235218763 35.582 24.313 0.662 0.00000 -1 ACTUAL_TF
36.1135 0.0109261 -1.6827937 0.6763003 -0.42723469 0.63984055 -0.52279846 -0.36709177 0.002857 1789534058.290359735 35.622 24.273 0.514 0.00000 -1 ACTUAL_TF
36.1709 0.0109877 -1.6826652 0.6761654 -0.42717361 0.63988405 -0.52283099 -0.36704069 0.003048 1789534058.346514940 35.685 24.211 0.328 0.00000 -1 ACTUAL_TF
36.2281 0.0110084 -1.6825649 0.6760707 -0.42718554 0.63986538 -0.52282849 -0.36706291 0.002883 1789534058.402359724 35.706 24.189 0.191 0.00000 -1 ACTUAL_TF
36.2856 0.0110373 -1.6824173 0.6759161 -0.42720497 0.63985697 -0.52281720 -0.36707103 0.003173 1789534058.458374739 35.736 24.159 0.027 0.00000 -1 ACTUAL_TF
36.3358 0.0110778 -1.6823199 0.6758224 -0.42717069 0.63986630 -0.52284436 -0.36705598 0.002978 1789534058.514317513 35.778 24.118 0.159 0.00000 -1 ACTUAL_TF
36.3931 0.0111123 -1.6821906 0.6756933 -0.42718460 0.63985221 -0.52284340 -0.36706573 0.003079 1789534058.570393324 35.813 24.082 0.341 0.00000 -1 ACTUAL_TF
36.4531 0.0111482 -1.6820889 0.6755945 -0.42718798 0.63984238 -0.52285099 -0.36706811 0.002939 1789534058.626379967 35.850 24.045 0.483 0.00000 -1 ACTUAL_TF
36.5111 0.0111674 -1.6819470 0.6754474 -0.42719220 0.63983983 -0.52284831 -0.36707146 0.003157 1789534058.682402134 35.870 24.025 0.687 0.00000 -1 ACTUAL_TF
36.5685 0.0111876 -1.6818456 0.6753467 -0.42717232 0.63984668 -0.52286009 -0.36706589 0.002983 1789534058.738389492 35.892 24.004 0.830 0.00000 -1 ACTUAL_TF
36.6141 0.0112189 -1.6817173 0.6752184 -0.42718042 0.63984406 -0.52285569 -0.36706730 0.003076 1789534058.794339895 35.924 23.972 1.011 0.00000 -1 ACTUAL_TF
36.6793 0.0112414 -1.6816015 0.6751036 -0.42718031 0.63984294 -0.52285426 -0.36707141 0.003034 1789534058.850392818 35.947 23.948 1.174 0.00000 -1 ACTUAL_TF
36.7340 0.0112707 -1.6815183 0.6750209 -0.42717800 0.63984700 -0.52285317 -0.36706857 0.002771 1789534058.906422615 35.977 23.918 1.291 0.00000 -1 ACTUAL_TF
36.7878 0.0113045 -1.6814117 0.6749121 -0.42717900 0.63985044 -0.52285131 -0.36706406 0.002775 1789534058.962449074 36.012 23.883 1.443 0.00000 -1 ACTUAL_TF
36.8457 0.0113389 -1.6813272 0.6748296 -0.42718466 0.63985216 -0.52284518 -0.36706322 0.002602 1789534059.018392086 36.047 23.848 1.561 0.00000 -1 ACTUAL_TF
36.9049 0.0113796 -1.6812401 0.6747469 -0.42718227 0.63985914 -0.52284123 -0.36705946 0.002501 1789534059.074346304 36.089 23.807 1.681 0.00000 -1 ACTUAL_TF
36.9503 0.0114236 -1.6811694 0.6746777 -0.42718182 0.63986898 -0.52283962 -0.36704510 0.002329 1789534059.130533934 36.133 23.762 1.780 0.00000 -1 ACTUAL_TF
37.0114 0.0114732 -1.6811109 0.6746338 -0.42718090 0.63986784 -0.52284102 -0.36704618 0.002105 1789534059.186351061 36.184 23.712 1.852 0.00000 -1 ACTUAL_TF
37.0776 0.0115126 -1.6810792 0.6746044 -0.42717835 0.63986779 -0.52284122 -0.36704895 0.001787 1789534059.242385149 36.223 23.672 1.895 0.00000 -1 ACTUAL_TF
37.1265 0.0115721 -1.6810406 0.6745738 -0.42718028 0.63986599 -0.52284103 -0.36705012 0.001664 1789534059.298507214 36.283 23.612 1.943 0.00000 -1 ACTUAL_TF
37.1806 0.0116339 -1.6810254 0.6745583 -0.42717854 0.63986349 -0.52284538 -0.36705029 0.001516 1789534059.354460001 36.345 23.550 1.965 0.00000 -1 ACTUAL_TF
37.2443 0.0116902 -1.6810269 0.6745619 -0.42717145 0.63986100 -0.52285238 -0.36705292 0.001363 1789534059.410465956 36.401 23.494 1.961 0.00000 -1 ACTUAL_TF
37.2928 0.0117582 -1.6810371 0.6745725 -0.42716362 0.63985509 -0.52286368 -0.36705624 0.001328 1789534059.466273785 36.469 23.426 1.946 0.00000 -1 ACTUAL_TF
37.3568 0.0118187 -1.6810554 0.6745841 -0.42715590 0.63984798 -0.52287728 -0.36705824 0.001274 1789534059.522343874 36.530 23.366 1.924 0.00000 -1 ACTUAL_TF
37.4079 0.0118837 -1.6810692 0.6745805 -0.42714982 0.63985307 -0.52287821 -0.36705511 0.001248 1789534059.578383446 36.594 23.301 1.916 0.00000 -1 ACTUAL_TF
37.4676 0.0119432 -1.6810889 0.6745638 -0.42715504 0.63988718 -0.52285196 -0.36702697 0.001222 1789534059.634281158 36.653 23.243 1.914 0.00000 -1 ACTUAL_TF
37.5159 0.0120464 -1.6811963 0.6746711 -0.42712910 0.63990115 -0.52286713 -0.36701119 0.001837 1789534059.690361738 36.755 23.140 1.762 0.00000 -1 ACTUAL_TF
37.5668 0.0121493 -1.6813209 0.6748023 -0.42710432 0.63990954 -0.52288755 -0.36699631 0.002402 1789534059.746326685 36.857 23.038 1.580 0.00000 -1 ACTUAL_TF
37.6270 0.0122310 -1.6814464 0.6749334 -0.42713837 0.63989229 -0.52286527 -0.36701849 0.002746 1789534059.802433252 36.938 22.958 1.398 0.00000 -1 ACTUAL_TF
37.6846 0.0123409 -1.6815866 0.6750761 -0.42711676 0.63991016 -0.52287645 -0.36699657 0.003146 1789534059.858355999 37.046 22.849 1.198 0.00000 -1 ACTUAL_TF
37.7424 0.0124046 -1.6816745 0.6751659 -0.42712108 0.63991628 -0.52286799 -0.36699292 0.002956 1789534059.914421320 37.109 22.786 1.072 0.00000 -1 ACTUAL_TF
37.7965 0.0124874 -1.6817891 0.6752762 -0.42712300 0.63992123 -0.52286473 -0.36698669 0.003030 1789534059.970389843 37.191 22.704 0.912 0.00000 -1 ACTUAL_TF
37.8527 0.0125471 -1.6818772 0.6753644 -0.42713033 0.63992687 -0.52285368 -0.36698407 0.002861 1789534060.026456118 37.250 22.645 0.788 0.00000 -1 ACTUAL_TF
37.9093 0.0126347 -1.6820113 0.6755087 -0.42713787 0.63991730 -0.52285537 -0.36698958 0.003159 1789534060.082425594 37.337 22.559 0.590 0.00000 -1 ACTUAL_TF
37.9609 0.0126942 -1.6821018 0.6755964 -0.42713645 0.63992889 -0.52285049 -0.36697798 0.002959 1789534060.138310909 37.395 22.500 0.464 0.00000 -1 ACTUAL_TF
38.0192 0.0127597 -1.6822191 0.6757168 -0.42713840 0.63993090 -0.52284882 -0.36697458 0.003035 1789534060.194434881 37.460 22.436 0.297 0.00000 -1 ACTUAL_TF
38.0778 0.0128294 -1.6823618 0.6758665 -0.42713332 0.63993020 -0.52285490 -0.36697306 0.003293 1789534060.250486374 37.528 22.367 0.094 0.00000 -1 ACTUAL_TF
38.1376 0.0128792 -1.6824682 0.6759727 -0.42715279 0.63992587 -0.52284115 -0.36697754 0.003154 1789534060.306488276 37.577 22.318 0.073 0.00000 -1 ACTUAL_TF
38.1859 0.0129705 -1.6826392 0.6761574 -0.42713952 0.63992352 -0.52286106 -0.36696870 0.003643 1789534060.362430573 37.667 22.228 0.317 0.00000 -1 ACTUAL_TF
38.2507 0.0130402 -1.6827635 0.6762829 -0.42713905 0.63993072 -0.52286186 -0.36695554 0.003568 1789534060.418373346 37.736 22.160 0.493 0.00000 -1 ACTUAL_TF
38.3023 0.0131105 -1.6829156 0.6764470 -0.42715371 0.63991303 -0.52286326 -0.36696734 0.003755 1789534060.474354029 37.805 22.091 0.717 0.00000 -1 ACTUAL_TF
38.3554 0.0131686 -1.6830193 0.6765556 -0.42716326 0.63992135 -0.52285330 -0.36695592 0.003492 1789534060.530301571 37.862 22.033 0.867 0.00000 -1 ACTUAL_TF
38.4138 0.0132546 -1.6831860 0.6767420 -0.42715139 0.63990869 -0.52287901 -0.36695517 0.003858 1789534060.586431265 37.947 21.948 1.117 0.00000 -1 ACTUAL_TF
38.4691 0.0133024 -1.6832978 0.6768612 -0.42715070 0.63990301 -0.52288539 -0.36695679 0.003611 1789534060.642533541 37.994 21.901 1.281 0.00000 -1 ACTUAL_TF
38.5278 0.0133654 -1.6834369 0.6770110 -0.42715322 0.63989243 -0.52289246 -0.36696223 0.003675 1789534060.698485136 38.056 21.839 1.485 0.00000 -1 ACTUAL_TF
38.5809 0.0133999 -1.6835241 0.6770945 -0.42715977 0.63989227 -0.52288662 -0.36696320 0.003247 1789534060.754306793 38.090 21.806 1.606 0.00000 -1 ACTUAL_TF
38.6312 0.0134340 -1.6835918 0.6771546 -0.42716231 0.63989346 -0.52288453 -0.36696115 0.002790 1789534060.810408354 38.123 21.772 1.697 0.00000 -1 ACTUAL_TF
38.6922 0.0134601 -1.6836684 0.6772302 -0.42715067 0.63989548 -0.52288589 -0.36696924 0.002547 1789534060.866380215 38.148 21.747 1.805 0.00000 -1 ACTUAL_TF
38.7446 0.0134599 -1.6837011 0.6772567 -0.42714920 0.63990280 -0.52287027 -0.36698045 0.002008 1789534060.922384262 38.148 21.748 1.847 0.00000 -1 ACTUAL_TF
38.8054 0.0134568 -1.6837429 0.6772859 -0.42713636 0.63990903 -0.52286066 -0.36699821 0.001680 1789534060.978344202 38.144 21.751 1.897 0.00000 -1 ACTUAL_TF
38.8638 0.0134631 -1.6837647 0.6772992 -0.42712898 0.63991510 -0.52285235 -0.36700807 0.001316 1789534061.034687519 38.150 21.745 1.922 0.00000 -1 ACTUAL_TF
38.9129 0.0135049 -1.6837727 0.6773086 -0.42712568 0.63991642 -0.52284978 -0.36701327 0.001155 1789534061.090452194 38.192 21.703 1.934 0.00000 -1 ACTUAL_TF
38.9742 0.0135668 -1.6837682 0.6773122 -0.42712839 0.63991344 -0.52285188 -0.36701231 0.001142 1789534061.146391630 38.254 21.642 1.934 0.00000 -1 ACTUAL_TF
39.0317 0.0136351 -1.6837599 0.6773164 -0.42712796 0.63990924 -0.52285631 -0.36701382 0.001169 1789534061.202376366 38.323 21.573 1.932 0.00000 -1 ACTUAL_TF
39.0832 0.0137210 -1.6837474 0.6773223 -0.42712810 0.63990312 -0.52286391 -0.36701350 0.001283 1789534061.258529663 38.409 21.487 1.927 0.00000 -1 ACTUAL_TF
39.1423 0.0137891 -1.6837350 0.6773269 -0.42712570 0.63990006 -0.52286799 -0.36701582 0.001270 1789534061.314419985 38.477 21.418 1.922 0.00000 -1 ACTUAL_TF
39.1998 0.0138937 -1.6837123 0.6773318 -0.42712949 0.63989264 -0.52287555 -0.36701358 0.001463 1789534061.370465755 38.582 21.313 1.910 0.00000 -1 ACTUAL_TF
39.2562 0.0139623 -1.6836956 0.6773385 -0.42712450 0.63988952 -0.52287918 -0.36701964 0.001405 1789534061.426322699 38.651 21.244 1.904 0.00000 -1 ACTUAL_TF
39.3066 0.0140535 -1.6836535 0.6773209 -0.42712839 0.63987760 -0.52288570 -0.36702663 0.001528 1789534061.482515097 38.743 21.152 1.862 0.00000 -1 ACTUAL_TF
39.3671 0.0141199 -1.6835814 0.6772694 -0.42713909 0.63985902 -0.52288971 -0.36704084 0.001664 1789534061.538413763 38.811 21.085 1.776 0.00000 -1 ACTUAL_TF
39.4275 0.0141682 -1.6834490 0.6771327 -0.42716402 0.63985258 -0.52286859 -0.36705315 0.002216 1789534061.594465256 38.860 21.035 1.586 0.00000 -1 ACTUAL_TF
39.4741 0.0142272 -1.6833381 0.6770308 -0.42718292 0.63983810 -0.52286258 -0.36706496 0.002406 1789534061.651192904 38.920 20.975 1.436 0.00000 -1 ACTUAL_TF
39.5276 0.0142532 -1.6831735 0.6768516 -0.42721124 0.63983757 -0.52283099 -0.36707791 0.003015 1789534061.706351042 38.947 20.948 1.193 0.00000 -1 ACTUAL_TF
39.5840 0.0143453 -1.6830156 0.6766853 -0.42717396 0.63987421 -0.52284941 -0.36703119 0.003434 1789534061.762370825 39.041 20.855 0.964 0.00000 -1 ACTUAL_TF
39.6396 0.0143784 -1.6829008 0.6765670 -0.42718551 0.63986542 -0.52283998 -0.36704650 0.003305 1789534061.818352938 39.075 20.821 0.799 0.00000 -1 ACTUAL_TF
39.6967 0.0144349 -1.6827662 0.6764286 -0.42719785 0.63986566 -0.52282817 -0.36704855 0.003391 1789534061.874329805 39.132 20.763 0.607 0.00000 -1 ACTUAL_TF
39.7531 0.0144936 -1.6826562 0.6763157 -0.42720075 0.63987080 -0.52282490 -0.36704086 0.003275 1789534061.930342674 39.192 20.704 0.449 0.00000 -1 ACTUAL_TF
39.8125 0.0145534 -1.6825477 0.6762083 -0.42719948 0.63987112 -0.52282289 -0.36704466 0.003171 1789534061.986348152 39.252 20.643 0.298 0.00000 -1 ACTUAL_TF
39.8764 0.0146140 -1.6824671 0.6761366 -0.42720029 0.63986294 -0.52282996 -0.36704789 0.002882 1789534062.042345762 39.314 20.582 0.192 0.00000 -1 ACTUAL_TF
39.9249 0.0146670 -1.6823576 0.6760196 -0.42719942 0.63986586 -0.52282590 -0.36704961 0.002922 1789534062.098348379 39.368 20.528 0.038 0.00000 -1 ACTUAL_TF
39.9779 0.0147103 -1.6822753 0.6759399 -0.42720012 0.63986498 -0.52282208 -0.36705577 0.002703 1789534062.154241323 39.412 20.484 0.089 0.00000 -1 ACTUAL_TF
40.0391 0.0147610 -1.6821688 0.6758327 -0.42720478 0.63986148 -0.52281640 -0.36706452 0.002744 1789534062.210375071 39.463 20.432 0.237 0.00000 -1 ACTUAL_TF
40.0912 0.0148388 -1.6820636 0.6757270 -0.42717175 0.63987720 -0.52283725 -0.36704587 0.002822 1789534062.266347647 39.542 20.354 0.385 0.00000 -1 ACTUAL_TF
40.1525 0.0148907 -1.6819605 0.6756293 -0.42717955 0.63986883 -0.52283295 -0.36705751 0.002785 1789534062.322408438 39.595 20.301 0.527 0.00000 -1 ACTUAL_TF
40.2036 0.0149601 -1.6818330 0.6755029 -0.42718614 0.63986734 -0.52282680 -0.36706119 0.002980 1789534062.378443003 39.665 20.230 0.706 0.00000 -1 ACTUAL_TF
40.2619 0.0150205 -1.6817219 0.6753929 -0.42718913 0.63986175 -0.52282800 -0.36706577 0.002985 1789534062.434396029 39.727 20.169 0.862 0.00000 -1 ACTUAL_TF
40.3130 0.0150927 -1.6815867 0.6752595 -0.42719131 0.63986116 -0.52282509 -0.36706839 0.003179 1789534062.490310192 39.800 20.096 1.051 0.00000 -1 ACTUAL_TF
40.3710 0.0151536 -1.6814825 0.6751541 -0.42717141 0.63987410 -0.52283230 -0.36705874 0.003083 1789534062.546419144 39.862 20.034 1.199 0.00000 -1 ACTUAL_TF
40.4299 0.0152348 -1.6813565 0.6750356 -0.42718057 0.63986669 -0.52282992 -0.36706437 0.003182 1789534062.602385521 39.944 19.951 1.371 0.00000 -1 ACTUAL_TF
40.4827 0.0153209 -1.6812562 0.6749377 -0.42719093 0.63986164 -0.52283119 -0.36705931 0.003109 1789534062.658373594 40.031 19.864 1.511 0.00000 -1 ACTUAL_TF
40.5462 0.0153997 -1.6811591 0.6748434 -0.42718979 0.63985522 -0.52283751 -0.36706282 0.003015 1789534062.714343071 40.111 19.785 1.646 0.00000 -1 ACTUAL_TF
40.5948 0.0154771 -1.6810730 0.6747582 -0.42719029 0.63985897 -0.52283811 -0.36705487 0.002881 1789534062.770335436 40.189 19.707 1.766 0.00000 -1 ACTUAL_TF
40.6528 0.0155402 -1.6810175 0.6747033 -0.42718283 0.63986535 -0.52284173 -0.36704725 0.002554 1789534062.826334000 40.252 19.643 1.844 0.00000 -1 ACTUAL_TF
40.7080 0.0156079 -1.6809793 0.6746710 -0.42717919 0.63986276 -0.52284573 -0.36705031 0.002239 1789534062.882373571 40.320 19.575 1.893 0.00000 -1 ACTUAL_TF
40.7640 0.0156512 -1.6809609 0.6746562 -0.42717215 0.63986346 -0.52284747 -0.36705479 0.001831 1789534062.938382626 40.364 19.532 1.917 0.00000 -1 ACTUAL_TF
40.8197 0.0157180 -1.6809450 0.6746452 -0.42717299 0.63986086 -0.52285087 -0.36705352 0.001655 1789534062.994330406 40.431 19.465 1.935 0.00000 -1 ACTUAL_TF
40.8766 0.0157670 -1.6809524 0.6746532 -0.42716599 0.63985718 -0.52285870 -0.36705693 0.001427 1789534063.050411940 40.480 19.416 1.924 0.00000 -1 ACTUAL_TF
40.9323 0.0158223 -1.6809590 0.6746611 -0.42716142 0.63985192 -0.52286796 -0.36705823 0.001300 1789534063.106383562 40.535 19.360 1.914 0.00000 -1 ACTUAL_TF
40.9885 0.0158607 -1.6809660 0.6746677 -0.42715526 0.63984906 -0.52287436 -0.36706126 0.001122 1789534063.162385464 40.573 19.322 1.904 0.00000 -1 ACTUAL_TF
41.0498 0.0158972 -1.6809818 0.6746750 -0.42714760 0.63984621 -0.52288238 -0.36706371 0.001003 1789534063.218257904 40.610 19.286 1.887 0.00000 -1 ACTUAL_TF
41.0965 0.0159190 -1.6809929 0.6746713 -0.42714365 0.63985102 -0.52288108 -0.36706177 0.000834 1789534063.274361610 40.631 19.264 1.882 0.00000 -1 ACTUAL_TF
41.1533 0.0159390 -1.6809962 0.6746459 -0.42715081 0.63987355 -0.52286029 -0.36704378 0.000758 1789534063.330272675 40.651 19.245 1.897 0.00000 -1 ACTUAL_TF
41.2119 0.0159725 -1.6810290 0.6746563 -0.42715360 0.63989964 -0.52284416 -0.36701802 0.000788 1789534063.386369228 40.683 19.212 1.867 0.00000 -1 ACTUAL_TF
41.2698 0.0160281 -1.6811218 0.6747557 -0.42713440 0.63990672 -0.52286168 -0.36700308 0.001337 1789534063.442480803 40.738 19.157 1.731 0.00000 -1 ACTUAL_TF
41.3298 0.0161011 -1.6812422 0.6748813 -0.42711658 0.63991930 -0.52287579 -0.36698178 0.001949 1789534063.498368263 40.810 19.085 1.556 0.00000 -1 ACTUAL_TF
41.3790 0.0161634 -1.6813594 0.6750104 -0.42711993 0.63991012 -0.52288479 -0.36698106 0.002355 1789534063.554444790 40.872 19.024 1.381 0.00000 -1 ACTUAL_TF
41.4371 0.0162326 -1.6814783 0.6751350 -0.42714779 0.63990597 -0.52287199 -0.36697412 0.002642 1789534063.610454321 40.940 18.955 1.209 0.00000 -1 ACTUAL_TF
41.4946 0.0162957 -1.6815989 0.6752679 -0.42714365 0.63990654 -0.52288273 -0.36696263 0.002870 1789534063.666382790 41.002 18.893 1.029 0.00000 -1 ACTUAL_TF
41.5481 0.0163381 -1.6817414 0.6754085 -0.42716024 0.63990340 -0.52286946 -0.36696770 0.003104 1789534063.722451210 41.043 18.852 0.829 0.00000 -1 ACTUAL_TF
41.6048 0.0163933 -1.6818909 0.6755609 -0.42714855 0.63990757 -0.52288050 -0.36695831 0.003353 1789534063.778498650 41.097 18.798 0.615 0.00000 -1 ACTUAL_TF
41.6603 0.0164299 -1.6820167 0.6756842 -0.42714417 0.63991416 -0.52287830 -0.36695505 0.003311 1789534063.834461689 41.133 18.763 0.439 0.00000 -1 ACTUAL_TF
41.7187 0.0164736 -1.6821569 0.6758322 -0.42713795 0.63991093 -0.52288399 -0.36695982 0.003436 1789534063.890427589 41.175 18.720 0.235 0.00000 -1 ACTUAL_TF
41.7766 0.0165169 -1.6822765 0.6759506 -0.42715129 0.63990246 -0.52287733 -0.36696855 0.003337 1789534063.946342468 41.218 18.678 0.069 0.00000 -1 ACTUAL_TF
41.8252 0.0165754 -1.6824028 0.6760802 -0.42714192 0.63990357 -0.52288729 -0.36696333 0.003354 1789534064.002404213 41.275 18.620 0.117 0.00000 -1 ACTUAL_TF
41.8849 0.0166318 -1.6825170 0.6761974 -0.42713524 0.63990053 -0.52289662 -0.36696312 0.003274 1789534064.058438778 41.331 18.565 0.280 0.00000 -1 ACTUAL_TF
41.9455 0.0166683 -1.6826127 0.6762891 -0.42714102 0.63990452 -0.52288385 -0.36696762 0.003029 1789534064.114430189 41.366 18.529 0.413 0.00000 -1 ACTUAL_TF
41.9921 0.0167294 -1.6827568 0.6764318 -0.42713114 0.63989946 -0.52289139 -0.36697720 0.003254 1789534064.170485258 41.426 18.469 0.616 0.00000 -1 ACTUAL_TF
42.0485 0.0167699 -1.6828607 0.6765339 -0.42712328 0.63990542 -0.52288652 -0.36698289 0.003088 1789534064.226425886 41.466 18.430 0.762 0.00000 -1 ACTUAL_TF
42.1074 0.0168337 -1.6830243 0.6766997 -0.42709071 0.63991348 -0.52289762 -0.36699092 0.003457 1789534064.282379866 41.528 18.368 0.995 0.00000 -1 ACTUAL_TF
42.1653 0.0168753 -1.6831477 0.6768198 -0.42710611 0.63990519 -0.52287532 -0.36701925 0.003370 1789534064.338276148 41.568 18.327 1.167 0.00000 -1 ACTUAL_TF
42.2247 0.0169752 -1.6832924 0.6769705 -0.42708574 0.63991046 -0.52288313 -0.36702263 0.003598 1789534064.394350767 41.667 18.228 1.377 0.00000 -1 ACTUAL_TF
42.2734 0.0170761 -1.6833885 0.6770671 -0.42709560 0.63990927 -0.52287553 -0.36702405 0.003427 1789534064.450344324 41.767 18.128 1.514 0.00000 -1 ACTUAL_TF
42.3335 0.0171972 -1.6835128 0.6771972 -0.42708462 0.63991031 -0.52288169 -0.36702625 0.003561 1789534064.506359339 41.887 18.008 1.694 0.00000 -1 ACTUAL_TF
42.3891 0.0173048 -1.6835794 0.6772736 -0.42709354 0.63990346 -0.52288011 -0.36703006 0.003285 1789534064.562291622 41.994 17.901 1.796 0.00000 -1 ACTUAL_TF
42.4433 0.0174116 -1.6836287 0.6773243 -0.42709710 0.63990353 -0.52287755 -0.36702945 0.002985 1789534064.618383408 42.101 17.795 1.867 0.00000 -1 ACTUAL_TF
42.5031 0.0175047 -1.6836423 0.6773409 -0.42710172 0.63990360 -0.52287419 -0.36702871 0.002602 1789534064.674335003 42.194 17.702 1.889 0.00000 -1 ACTUAL_TF
42.5524 0.0175690 -1.6836337 0.6773365 -0.42710502 0.63990745 -0.52286773 -0.36702738 0.002169 1789534064.730333567 42.258 17.637 1.880 0.00000 -1 ACTUAL_TF
42.6133 0.0176653 -1.6836315 0.6773457 -0.42710654 0.63989965 -0.52287680 -0.36702628 0.002038 1789534064.786255598 42.355 17.541 1.886 0.00000 -1 ACTUAL_TF
42.6727 0.0177278 -1.6836201 0.6773487 -0.42710468 0.63989775 -0.52287973 -0.36702759 0.001767 1789534064.842309475 42.417 17.478 1.880 0.00000 -1 ACTUAL_TF
42.7208 0.0178205 -1.6836050 0.6773546 -0.42710724 0.63989001 -0.52288731 -0.36702731 0.001741 1789534064.898328066 42.511 17.385 1.874 0.00000 -1 ACTUAL_TF
42.7780 0.0178954 -1.6835926 0.6773591 -0.42710958 0.63988390 -0.52289433 -0.36702522 0.001626 1789534064.954345703 42.586 17.310 1.869 0.00000 -1 ACTUAL_TF
42.8378 0.0179750 -1.6835731 0.6773625 -0.42711177 0.63987907 -0.52289906 -0.36702436 0.001578 1789534065.010276079 42.666 17.230 1.858 0.00000 -1 ACTUAL_TF
42.8884 0.0180346 -1.6835599 0.6773657 -0.42711152 0.63987601 -0.52290252 -0.36702507 0.001432 1789534065.066355467 42.726 17.170 1.852 0.00000 -1 ACTUAL_TF
42.9461 0.0180993 -1.6835252 0.6773522 -0.42711548 0.63986888 -0.52290499 -0.36702937 0.001402 1789534065.122356653 42.791 17.104 1.818 0.00000 -1 ACTUAL_TF
43.0052 0.0181497 -1.6834653 0.6773058 -0.42712593 0.63985407 -0.52290728 -0.36703976 0.001469 1789534065.178366423 42.842 17.053 1.744 0.00000 -1 ACTUAL_TF
43.0657 0.0181718 -1.6833788 0.6772208 -0.42714223 0.63984545 -0.52289548 -0.36705262 0.001689 1789534065.234333038 42.865 17.030 1.623 0.00000 -1 ACTUAL_TF
43.1113 0.0181888 -1.6832643 0.6771008 -0.42716189 0.63983574 -0.52288286 -0.36706466 0.002075 1789534065.290362835 42.883 17.012 1.457 0.00000 -1 ACTUAL_TF
43.1722 0.0182007 -1.6831463 0.6769697 -0.42718824 0.63983178 -0.52286179 -0.36707090 0.002400 1789534065.346336365 42.896 17.000 1.281 0.00000 -1 ACTUAL_TF
43.2280 0.0182114 -1.6830114 0.6768233 -0.42720776 0.63982374 -0.52284772 -0.36708224 0.002746 1789534065.402423143 42.907 16.988 1.082 0.00000 -1 ACTUAL_TF
43.2882 0.0182404 -1.6828974 0.6766941 -0.42716342 0.63985956 -0.52286729 -0.36704352 0.002859 1789534065.458389044 42.937 16.958 0.910 0.00000 -1 ACTUAL_TF
43.3366 0.0182432 -1.6827428 0.6765273 -0.42718915 0.63985518 -0.52284590 -0.36705169 0.003221 1789534065.514313936 42.941 16.955 0.682 0.00000 -1 ACTUAL_TF
43.3934 0.0182494 -1.6826175 0.6763991 -0.42718574 0.63985689 -0.52284409 -0.36705526 0.003214 1789534065.570406675 42.948 16.947 0.503 0.00000 -1 ACTUAL_TF
43.4495 0.0182692 -1.6824852 0.6762637 -0.42719096 0.63985106 -0.52284375 -0.36705983 0.003264 1789534065.626744509 42.969 16.926 0.314 0.00000 -1 ACTUAL_TF
43.5085 0.0182901 -1.6823493 0.6761282 -0.42719515 0.63984881 -0.52284084 -0.36706302 0.003322 1789534065.682566643 42.991 16.904 0.122 0.00000 -1 ACTUAL_TF
43.5573 0.0183344 -1.6822275 0.6760069 -0.42718371 0.63986260 -0.52285009 -0.36703912 0.003280 1789534065.738350630 43.036 16.859 0.050 0.00000 -1 ACTUAL_TF
43.6150 0.0183628 -1.6820976 0.6758789 -0.42719213 0.63985644 -0.52284563 -0.36704641 0.003274 1789534065.794971228 43.066 16.829 0.232 0.00000 -1 ACTUAL_TF
43.6718 0.0183886 -1.6819923 0.6757747 -0.42719587 0.63985947 -0.52283851 -0.36704691 0.003106 1789534065.850368023 43.093 16.803 0.380 0.00000 -1 ACTUAL_TF
43.7279 0.0184440 -1.6818719 0.6756588 -0.42719320 0.63986004 -0.52284555 -0.36703901 0.003112 1789534065.906684399 43.149 16.746 0.547 0.00000 -1 ACTUAL_TF
43.7847 0.0184845 -1.6817847 0.6755781 -0.42718931 0.63986038 -0.52284921 -0.36703773 0.002854 1789534065.962418556 43.191 16.705 0.665 0.00000 -1 ACTUAL_TF
43.8400 0.0185229 -1.6816754 0.6754725 -0.42719277 0.63986193 -0.52284188 -0.36704143 0.002837 1789534066.018443346 43.230 16.666 0.817 0.00000 -1 ACTUAL_TF
43.8972 0.0185654 -1.6815811 0.6753808 -0.42719953 0.63986538 -0.52283488 -0.36703752 0.002728 1789534066.074354887 43.273 16.622 0.948 0.00000 -1 ACTUAL_TF
43.9523 0.0186215 -1.6814909 0.6752971 -0.42719920 0.63986319 -0.52283533 -0.36704108 0.002633 1789534066.130436897 43.330 16.565 1.071 0.00000 -1 ACTUAL_TF
44.0100 0.0186702 -1.6813999 0.6752103 -0.42720024 0.63986302 -0.52283045 -0.36704712 0.002565 1789534066.186434031 43.380 16.516 1.196 0.00000 -1 ACTUAL_TF
44.0648 0.0187542 -1.6813168 0.6751283 -0.42718252 0.63988068 -0.52283787 -0.36702640 0.002568 1789534066.242340326 43.464 16.431 1.312 0.00000 -1 ACTUAL_TF
44.1183 0.0188416 -1.6812373 0.6750502 -0.42718562 0.63988160 -0.52282956 -0.36703301 0.002555 1789534066.298439741 43.553 16.343 1.423 0.00000 -1 ACTUAL_TF
44.1866 0.0189235 -1.6811846 0.6749998 -0.42718100 0.63988179 -0.52282560 -0.36704370 0.002376 1789534066.354426384 43.635 16.261 1.496 0.00000 -1 ACTUAL_TF
44.2310 0.0190620 -1.6811352 0.6749541 -0.42717552 0.63988010 -0.52282835 -0.36704911 0.002487 1789534066.410476208 43.774 16.122 1.562 0.00000 -1 ACTUAL_TF
44.2888 0.0192053 -1.6810932 0.6749249 -0.42717990 0.63987416 -0.52283405 -0.36704624 0.002556 1789534066.466514587 43.918 15.978 1.612 0.00000 -1 ACTUAL_TF
44.3433 0.0193525 -1.6810689 0.6749082 -0.42717164 0.63987005 -0.52284157 -0.36705231 0.002595 1789534066.522347212 44.065 15.831 1.640 0.00000 -1 ACTUAL_TF
44.4093 0.0194865 -1.6810662 0.6749138 -0.42715544 0.63986493 -0.52285486 -0.36706116 0.002534 1789534066.578461170 44.199 15.696 1.637 0.00000 -1 ACTUAL_TF
44.4539 0.0195915 -1.6810811 0.6749296 -0.42714604 0.63985466 -0.52287343 -0.36706355 0.002350 1789534066.634363651 44.304 15.591 1.615 0.00000 -1 ACTUAL_TF
44.5119 0.0196834 -1.6810904 0.6749429 -0.42713624 0.63984729 -0.52288759 -0.36706763 0.002143 1789534066.690548420 44.396 15.500 1.598 0.00000 -1 ACTUAL_TF
44.5722 0.0197418 -1.6810995 0.6749469 -0.42712975 0.63984651 -0.52289341 -0.36706825 0.001818 1789534066.746379375 44.454 15.441 1.588 0.00000 -1 ACTUAL_TF
44.6336 0.0198051 -1.6811082 0.6749440 -0.42712774 0.63984876 -0.52289602 -0.36706296 0.001615 1789534066.802424192 44.517 15.378 1.584 0.00000 -1 ACTUAL_TF
44.6828 0.0198475 -1.6810867 0.6748836 -0.42714979 0.63988730 -0.52285455 -0.36702918 0.001542 1789534066.858463526 44.559 15.336 1.642 0.00000 -1 ACTUAL_TF
44.7430 0.0198950 -1.6811289 0.6749075 -0.42713903 0.63989581 -0.52285858 -0.36702113 0.001440 1789534066.914914131 44.606 15.290 1.595 0.00000 -1 ACTUAL_TF
44.7930 0.0199431 -1.6811818 0.6749566 -0.42713015 0.63990853 -0.52286049 -0.36700656 0.001477 1789534066.970395565 44.653 15.242 1.523 0.00000 -1 ACTUAL_TF
44.8511 0.0200041 -1.6812798 0.6750601 -0.42711156 0.63991715 -0.52287546 -0.36699183 0.001864 1789534067.026441336 44.714 15.182 1.380 0.00000 -1 ACTUAL_TF
44.9132 0.0200675 -1.6813852 0.6751673 -0.42709592 0.63992585 -0.52288921 -0.36697528 0.002179 1789534067.082429886 44.776 15.119 1.229 0.00000 -1 ACTUAL_TF
44.9606 0.0201003 -1.6814670 0.6752550 -0.42713027 0.63991027 -0.52286842 -0.36699210 0.002191 1789534067.138430834 44.808 15.087 1.109 0.00000 -1 ACTUAL_TF
45.0209 0.0201739 -1.6815894 0.6753946 -0.42713747 0.63990068 -0.52287982 -0.36698418 0.002604 1789534067.194403887 44.881 15.014 0.923 0.00000 -1 ACTUAL_TF
45.0808 0.0202418 -1.6816956 0.6755167 -0.42713676 0.63989523 -0.52289592 -0.36697158 0.002763 1789534067.250441074 44.948 14.947 0.761 0.00000 -1 ACTUAL_TF
45.1386 0.0202790 -1.6818285 0.6756538 -0.42714149 0.63989512 -0.52289613 -0.36696596 0.002976 1789534067.306434155 44.984 14.911 0.570 0.00000 -1 ACTUAL_TF
45.1884 0.0202941 -1.6819492 0.6757775 -0.42714535 0.63989140 -0.52289445 -0.36697036 0.003013 1789534067.362431765 44.999 14.897 0.397 0.00000 -1 ACTUAL_TF
45.2484 0.0203126 -1.6820984 0.6759296 -0.42714011 0.63989262 -0.52289819 -0.36696900 0.003254 1789534067.418442011 45.016 14.880 0.184 0.00000 -1 ACTUAL_TF
45.3026 0.0203220 -1.6822151 0.6760486 -0.42713326 0.63989729 -0.52290031 -0.36696582 0.003172 1789534067.474482059 45.024 14.871 0.022 0.00000 -1 ACTUAL_TF
45.3530 0.0203144 -1.6823507 0.6761812 -0.42714865 0.63988959 -0.52288347 -0.36698532 0.003238 1789534067.530412436 45.015 14.880 0.173 0.00000 -1 ACTUAL_TF
45.4162 0.0203463 -1.6824866 0.6763234 -0.42714335 0.63988865 -0.52289098 -0.36698243 0.003334 1789534067.586436987 45.046 14.849 0.370 0.00000 -1 ACTUAL_TF
45.4732 0.0203599 -1.6825943 0.6764325 -0.42714428 0.63988900 -0.52288664 -0.36698692 0.003156 1789534067.642611265 45.059 14.837 0.523 0.00000 -1 ACTUAL_TF
45.5273 0.0204044 -1.6827375 0.6765855 -0.42712896 0.63988463 -0.52290303 -0.36698900 0.003361 1789534067.698429823 45.102 14.793 0.733 0.00000 -1 ACTUAL_TF
45.5818 0.0204339 -1.6828341 0.6766872 -0.42712079 0.63988898 -0.52290607 -0.36698659 0.003120 1789534067.754423618 45.131 14.764 0.873 0.00000 -1 ACTUAL_TF
45.6377 0.0204738 -1.6829507 0.6768051 -0.42714742 0.63987015 -0.52289285 -0.36700728 0.003097 1789534067.810447693 45.170 14.726 1.039 0.00000 -1 ACTUAL_TF
45.6932 0.0205221 -1.6830393 0.6768926 -0.42713481 0.63987859 -0.52290190 -0.36699434 0.002883 1789534067.866440296 45.217 14.678 1.164 0.00000 -1 ACTUAL_TF
45.7481 0.0205555 -1.6831098 0.6769548 -0.42713597 0.63989015 -0.52288995 -0.36698986 0.002553 1789534067.922461271 45.250 14.645 1.258 0.00000 -1 ACTUAL_TF
45.8051 0.0205865 -1.6831899 0.6770296 -0.42712675 0.63989700 -0.52288656 -0.36699350 0.002397 1789534067.978492975 45.280 14.615 1.368 0.00000 -1 ACTUAL_TF
45.8663 0.0206029 -1.6832675 0.6770919 -0.42711067 0.63991393 -0.52287129 -0.36700442 0.002214 1789534068.034879923 45.296 14.600 1.467 0.00000 -1 ACTUAL_TF
45.9136 0.0206540 -1.6833301 0.6771421 -0.42709676 0.63992881 -0.52285888 -0.36701235 0.002062 1789534068.090692520 45.346 14.549 1.547 0.00000 -1 ACTUAL_TF
45.9719 0.0207639 -1.6833622 0.6771788 -0.42710754 0.63992322 -0.52285092 -0.36702089 0.002090 1789534068.146483183 45.456 14.440 1.597 0.00000 -1 ACTUAL_TF
46.0297 0.0208943 -1.6833701 0.6771884 -0.42711116 0.63992688 -0.52283971 -0.36702628 0.002163 1789534068.202600718 45.586 14.309 1.610 0.00000 -1 ACTUAL_TF
46.0879 0.0210375 -1.6833752 0.6771968 -0.42711014 0.63992606 -0.52284362 -0.36702332 0.002284 1789534068.258577585 45.729 14.166 1.620 0.00000 -1 ACTUAL_TF
46.1383 0.0212288 -1.6833610 0.6772047 -0.42711078 0.63991896 -0.52285336 -0.36702107 0.002622 1789534068.314815044 45.921 13.975 1.617 0.00000 -1 ACTUAL_TF
46.1948 0.0213632 -1.6833501 0.6772123 -0.42710527 0.63991411 -0.52286191 -0.36702377 0.002564 1789534068.370439529 46.056 13.840 1.615 0.00000 -1 ACTUAL_TF
46.2558 0.0215147 -1.6833373 0.6772247 -0.42710031 0.63990450 -0.52287686 -0.36702499 0.002612 1789534068.426431417 46.208 13.688 1.615 0.00000 -1 ACTUAL_TF
46.3130 0.0216325 -1.6833251 0.6772346 -0.42709767 0.63989612 -0.52288882 -0.36702563 0.002464 1789534068.482508421 46.326 13.570 1.615 0.00000 -1 ACTUAL_TF
46.3630 0.0217539 -1.6833085 0.6772433 -0.42709822 0.63988688 -0.52290069 -0.36702420 0.002384 1789534068.538419724 46.448 13.448 1.610 0.00000 -1 ACTUAL_TF
46.4241 0.0218575 -1.6832840 0.6772451 -0.42709855 0.63988167 -0.52290624 -0.36702497 0.002238 1789534068.594507456 46.552 13.344 1.595 0.00000 -1 ACTUAL_TF
46.4732 0.0219360 -1.6832498 0.6772227 -0.42710480 0.63987766 -0.52290614 -0.36702484 0.002041 1789534068.650477648 46.631 13.265 1.555 0.00000 -1 ACTUAL_TF
46.5312 0.0220074 -1.6831812 0.6771675 -0.42711779 0.63987444 -0.52289670 -0.36702879 0.002037 1789534068.706367970 46.703 13.192 1.468 0.00000 -1 ACTUAL_TF
46.5890 0.0220513 -1.6831037 0.6770957 -0.42713046 0.63986138 -0.52289251 -0.36704279 0.002038 1789534068.762447834 46.748 13.148 1.363 0.00000 -1 ACTUAL_TF
46.6491 0.0220904 -1.6829933 0.6769858 -0.42715379 0.63985115 -0.52287699 -0.36705557 0.002283 1789534068.818728924 46.788 13.108 1.208 0.00000 -1 ACTUAL_TF
46.6987 0.0221132 -1.6828981 0.6768893 -0.42716813 0.63984013 -0.52286805 -0.36707084 0.002339 1789534068.874390602 46.811 13.084 1.072 0.00000 -1 ACTUAL_TF
46.7568 0.0221394 -1.6827665 0.6767483 -0.42719467 0.63983074 -0.52284955 -0.36708267 0.002679 1789534068.930447340 46.839 13.057 0.880 0.00000 -1 ACTUAL_TF
46.8179 0.0221582 -1.6826639 0.6766450 -0.42720873 0.63981787 -0.52284446 -0.36709600 0.002662 1789534068.986416817 46.858 13.037 0.734 0.00000 -1 ACTUAL_TF
46.8673 0.0222032 -1.6825094 0.6764714 -0.42716278 0.63985821 -0.52286717 -0.36704680 0.003129 1789534069.042521000 46.904 12.991 0.502 0.00000 -1 ACTUAL_TF
46.9270 0.0222134 -1.6823795 0.6763366 -0.42717776 0.63984272 -0.52286013 -0.36706641 0.003196 1789534069.098447561 46.915 12.980 0.315 0.00000 -1 ACTUAL_TF
46.9816 0.0222322 -1.6822618 0.6762104 -0.42719459 0.63983457 -0.52285334 -0.36707069 0.003167 1789534069.154443979 46.935 12.960 0.143 0.00000 -1 ACTUAL_TF
47.0346 0.0222511 -1.6821302 0.6760775 -0.42719222 0.63983676 -0.52285420 -0.36706840 0.003225 1789534069.210418463 46.955 12.940 0.046 0.00000 -1 ACTUAL_TF
47.0916 0.0222668 -1.6820222 0.6759639 -0.42718060 0.63984654 -0.52285776 -0.36705980 0.003101 1789534069.266395807 46.972 12.924 0.202 0.00000 -1 ACTUAL_TF
47.1496 0.0222738 -1.6818763 0.6758119 -0.42719539 0.63984686 -0.52284437 -0.36706111 0.003299 1789534069.322447538 46.980 12.916 0.412 0.00000 -1 ACTUAL_TF
47.2072 0.0222885 -1.6817684 0.6757054 -0.42719313 0.63984746 -0.52284533 -0.36706132 0.003125 1789534069.378499031 46.995 12.900 0.564 0.00000 -1 ACTUAL_TF
47.2639 0.0223062 -1.6816476 0.6755828 -0.42718535 0.63984931 -0.52284922 -0.36706161 0.003116 1789534069.434360266 47.014 12.881 0.735 0.00000 -1 ACTUAL_TF
47.3197 0.0223249 -1.6815397 0.6754742 -0.42719420 0.63985021 -0.52284258 -0.36705920 0.003005 1789534069.490528584 47.034 12.862 0.888 0.00000 -1 ACTUAL_TF
47.3770 0.0223511 -1.6814273 0.6753639 -0.42717055 0.63986482 -0.52285439 -0.36704444 0.002960 1789534069.546453953 47.061 12.835 1.046 0.00000 -1 ACTUAL_TF
47.4252 0.0223781 -1.6813193 0.6752538 -0.42718099 0.63986311 -0.52284502 -0.36704862 0.002910 1789534069.602525711 47.089 12.807 1.200 0.00000 -1 ACTUAL_TF
47.4856 0.0224020 -1.6812384 0.6751761 -0.42718033 0.63986151 -0.52284395 -0.36705371 0.002653 1789534069.658382893 47.113 12.782 1.312 0.00000 -1 ACTUAL_TF
47.5346 0.0224395 -1.6811369 0.6750760 -0.42718513 0.63986257 -0.52283992 -0.36705200 0.002647 1789534069.714356661 47.152 12.744 1.454 0.00000 -1 ACTUAL_TF
47.6000 0.0224822 -1.6810670 0.6750156 -0.42718331 0.63986268 -0.52284245 -0.36705034 0.002398 1789534069.770339489 47.195 12.700 1.546 0.00000 -1 ACTUAL_TF
47.6470 0.0225290 -1.6809851 0.6749437 -0.42717950 0.63986334 -0.52284607 -0.36704845 0.002314 1789534069.826319933 47.243 12.653 1.655 0.00000 -1 ACTUAL_TF
47.7056 0.0225809 -1.6809221 0.6748817 -0.42718218 0.63986699 -0.52284533 -0.36704003 0.002169 1789534069.882354259 47.295 12.600 1.743 0.00000 -1 ACTUAL_TF
47.7610 0.0226351 -1.6808697 0.6748398 -0.42718130 0.63986620 -0.52284529 -0.36704248 0.001980 1789534069.938339710 47.350 12.545 1.809 0.00000 -1 ACTUAL_TF
47.8154 0.0226906 -1.6808362 0.6748103 -0.42718213 0.63986393 -0.52284653 -0.36704373 0.001768 1789534069.994363546 47.406 12.490 1.853 0.00000 -1 ACTUAL_TF
47.8709 0.0227644 -1.6808232 0.6748036 -0.42717306 0.63986361 -0.52285106 -0.36704837 0.001640 1789534070.050356388 47.480 12.416 1.867 0.00000 -1 ACTUAL_TF
47.9265 0.0228693 -1.6808333 0.6748149 -0.42716356 0.63985468 -0.52286748 -0.36705160 0.001716 1789534070.106373549 47.585 12.311 1.851 0.00000 -1 ACTUAL_TF
47.9860 0.0229500 -1.6808490 0.6748294 -0.42714918 0.63984915 -0.52288108 -0.36705862 0.001649 1789534070.162384748 47.665 12.230 1.829 0.00000 -1 ACTUAL_TF
48.0407 0.0230427 -1.6808658 0.6748349 -0.42713553 0.63985072 -0.52288850 -0.36706118 0.001660 1789534070.218358517 47.757 12.138 1.813 0.00000 -1 ACTUAL_TF
48.0959 0.0231328 -1.6808623 0.6747999 -0.42714404 0.63987709 -0.52286603 -0.36703733 0.001680 1789534070.274333000 47.847 12.048 1.839 0.00000 -1 ACTUAL_TF
48.1543 0.0232372 -1.6809142 0.6748293 -0.42713009 0.63990096 -0.52286120 -0.36701882 0.001819 1789534070.330401659 47.951 11.945 1.782 0.00000 -1 ACTUAL_TF
48.2112 0.0233573 -1.6810155 0.6749339 -0.42710743 0.63991304 -0.52287578 -0.36700335 0.002285 1789534070.386355162 48.070 11.826 1.635 0.00000 -1 ACTUAL_TF
48.2686 0.0234666 -1.6811203 0.6750382 -0.42708927 0.63992526 -0.52288471 -0.36699045 0.002584 1789534070.442382812 48.178 11.717 1.487 0.00000 -1 ACTUAL_TF
48.3247 0.0235186 -1.6811972 0.6751132 -0.42712604 0.63990790 -0.52285705 -0.36701735 0.002449 1789534070.498337507 48.229 11.666 1.379 0.00000 -1 ACTUAL_TF
48.3804 0.0236170 -1.6813149 0.6752379 -0.42710729 0.63991376 -0.52287195 -0.36700771 0.002773 1789534070.554346085 48.327 11.569 1.208 0.00000 -1 ACTUAL_TF
48.4375 0.0236958 -1.6814153 0.6753406 -0.42710276 0.63991952 -0.52287416 -0.36699982 0.002818 1789534070.610374451 48.405 11.491 1.064 0.00000 -1 ACTUAL_TF
48.4948 0.0237551 -1.6815160 0.6754533 -0.42711776 0.63990171 -0.52287218 -0.36701620 0.002843 1789534070.666365623 48.463 11.432 0.912 0.00000 -1 ACTUAL_TF
48.5503 0.0238258 -1.6816249 0.6755646 -0.42711561 0.63990944 -0.52287138 -0.36700638 0.002906 1789534070.722370386 48.533 11.362 0.756 0.00000 -1 ACTUAL_TF
48.6041 0.0238869 -1.6817392 0.6756830 -0.42711465 0.63990753 -0.52287475 -0.36700602 0.002974 1789534070.778366804 48.593 11.302 0.592 0.00000 -1 ACTUAL_TF
48.6543 0.0239624 -1.6818763 0.6758251 -0.42711502 0.63990798 -0.52287926 -0.36699839 0.003215 1789534070.834352970 48.668 11.228 0.394 0.00000 -1 ACTUAL_TF
48.7144 0.0240167 -1.6819713 0.6759239 -0.42712525 0.63991409 -0.52286976 -0.36698936 0.003041 1789534070.890325785 48.721 11.174 0.258 0.00000 -1 ACTUAL_TF
48.7743 0.0240886 -1.6821181 0.6760851 -0.42714331 0.63990052 -0.52286577 -0.36699768 0.003357 1789534070.946370840 48.792 11.103 0.046 0.00000 -1 ACTUAL_TF
48.8350 0.0241522 -1.6822117 0.6761801 -0.42714868 0.63991286 -0.52286159 -0.36697587 0.003143 1789534071.002297163 48.855 11.041 0.101 0.00000 -1 ACTUAL_TF
48.8815 0.0242378 -1.6823685 0.6763504 -0.42715000 0.63990969 -0.52287347 -0.36696294 0.003521 1789534071.058321714 48.939 10.956 0.329 0.00000 -1 ACTUAL_TF
48.9386 0.0243063 -1.6825201 0.6765148 -0.42714639 0.63991529 -0.52288084 -0.36694687 0.003716 1789534071.114399672 49.007 10.889 0.553 0.00000 -1 ACTUAL_TF
48.9934 0.0243297 -1.6826510 0.6766530 -0.42717798 0.63988960 -0.52286724 -0.36697428 0.003629 1789534071.170375347 49.029 10.866 0.743 0.00000 -1 ACTUAL_TF
49.0507 0.0243728 -1.6827981 0.6768079 -0.42715878 0.63989727 -0.52288060 -0.36696422 0.003707 1789534071.226417780 49.071 10.824 0.957 0.00000 -1 ACTUAL_TF
49.1119 0.0243980 -1.6828936 0.6768983 -0.42716205 0.63990459 -0.52287271 -0.36695889 0.003311 1789534071.282537937 49.095 10.800 1.088 0.00000 -1 ACTUAL_TF
49.1594 0.0244370 -1.6830154 0.6770215 -0.42716045 0.63990188 -0.52287600 -0.36696079 0.003271 1789534071.338398933 49.133 10.762 1.262 0.00000 -1 ACTUAL_TF
49.2201 0.0244709 -1.6831105 0.6771253 -0.42716013 0.63989964 -0.52287676 -0.36696399 0.003065 1789534071.394440413 49.167 10.729 1.403 0.00000 -1 ACTUAL_TF
49.2783 0.0244950 -1.6831859 0.6771913 -0.42717806 0.63989739 -0.52286114 -0.36696930 0.002698 1789534071.450457335 49.190 10.706 1.503 0.00000 -1 ACTUAL_TF
49.3427 0.0245190 -1.6832414 0.6772316 -0.42718499 0.63990557 -0.52284781 -0.36696595 0.002278 1789534071.506371260 49.213 10.682 1.571 0.00000 -1 ACTUAL_TF
49.3885 0.0245438 -1.6833000 0.6772871 -0.42717841 0.63990632 -0.52285017 -0.36696894 0.002047 1789534071.562407017 49.237 10.658 1.652 0.00000 -1 ACTUAL_TF
49.4496 0.0245542 -1.6833490 0.6773293 -0.42716786 0.63991342 -0.52284394 -0.36697773 0.001783 1789534071.618458033 49.247 10.648 1.716 0.00000 -1 ACTUAL_TF
49.4994 0.0245540 -1.6833879 0.6773589 -0.42716136 0.63991552 -0.52283496 -0.36699442 0.001510 1789534071.674424410 49.247 10.649 1.765 0.00000 -1 ACTUAL_TF
49.5565 0.0245536 -1.6834244 0.6773843 -0.42716388 0.63991288 -0.52281848 -0.36701956 0.001295 1789534071.730389833 49.246 10.650 1.809 0.00000 -1 ACTUAL_TF
49.6102 0.0245739 -1.6834329 0.6773920 -0.42715422 0.63992000 -0.52281296 -0.36702626 0.001032 1789534071.786397457 49.266 10.630 1.820 0.00000 -1 ACTUAL_TF
49.6686 0.0246413 -1.6834356 0.6774029 -0.42714779 0.63991904 -0.52281744 -0.36702904 0.001089 1789534071.842379332 49.333 10.562 1.830 0.00000 -1 ACTUAL_TF
49.7241 0.0247012 -1.6834323 0.6774083 -0.42714126 0.63991764 -0.52282191 -0.36703271 0.001085 1789534071.898373127 49.393 10.502 1.832 0.00000 -1 ACTUAL_TF
49.7791 0.0247978 -1.6834213 0.6774169 -0.42713580 0.63991252 -0.52283034 -0.36703598 0.001283 1789534071.954344511 49.490 10.405 1.831 0.00000 -1 ACTUAL_TF
49.8348 0.0249023 -1.6834057 0.6774258 -0.42712805 0.63990872 -0.52283730 -0.36704170 0.001465 1789534072.010355711 49.595 10.300 1.827 0.00000 -1 ACTUAL_TF
49.8897 0.0250072 -1.6833801 0.6774307 -0.42712955 0.63990286 -0.52284351 -0.36704134 0.001605 1789534072.066368818 49.701 10.195 1.812 0.00000 -1 ACTUAL_TF
49.9452 0.0251516 -1.6833476 0.6774345 -0.42713174 0.63988587 -0.52286058 -0.36704409 0.001916 1789534072.122376442 49.846 10.049 1.793 0.00000 -1 ACTUAL_TF
50.0043 0.0252387 -1.6833077 0.6774240 -0.42712652 0.63986500 -0.52287675 -0.36706352 0.001858 1789534072.178391695 49.934 9.962 1.759 0.00000 -1 ACTUAL_TF
50.0631 0.0253476 -1.6832038 0.6773370 -0.42714756 0.63985143 -0.52287158 -0.36707005 0.002231 1789534072.234440565 50.044 9.852 1.625 0.00000 -1 ACTUAL_TF
50.1125 0.0254303 -1.6830879 0.6772278 -0.42717321 0.63983833 -0.52286241 -0.36707609 0.002524 1789534072.290384769 50.128 9.768 1.466 0.00000 -1 ACTUAL_TF
50.1730 0.0255175 -1.6829561 0.6771048 -0.42718938 0.63982429 -0.52285675 -0.36708980 0.002837 1789534072.346498728 50.216 9.679 1.287 0.00000 -1 ACTUAL_TF
50.2281 0.0256019 -1.6828480 0.6769925 -0.42714334 0.63985903 -0.52288192 -0.36704699 0.002936 1789534072.402500868 50.301 9.594 1.131 0.00000 -1 ACTUAL_TF
50.2844 0.0256765 -1.6827258 0.6768666 -0.42716620 0.63984866 -0.52286944 -0.36705624 0.003078 1789534072.458411932 50.377 9.519 0.956 0.00000 -1 ACTUAL_TF
50.3408 0.0257417 -1.6826094 0.6767463 -0.42717287 0.63984919 -0.52286218 -0.36705787 0.003115 1789534072.514495850 50.443 9.452 0.789 0.00000 -1 ACTUAL_TF
50.4004 0.0257869 -1.6825191 0.6766576 -0.42716856 0.63985099 -0.52286244 -0.36705941 0.002901 1789534072.570519924 50.489 9.406 0.663 0.00000 -1 ACTUAL_TF
50.4506 0.0258498 -1.6824069 0.6765420 -0.42717660 0.63984932 -0.52285535 -0.36706305 0.002958 1789534072.626473665 50.553 9.343 0.503 0.00000 -1 ACTUAL_TF
50.5072 0.0258963 -1.6823033 0.6764303 -0.42718200 0.63985139 -0.52284989 -0.36706094 0.002924 1789534072.682445526 50.600 9.295 0.351 0.00000 -1 ACTUAL_TF
50.5615 0.0259655 -1.6821844 0.6763083 -0.42718480 0.63985593 -0.52284819 -0.36705218 0.003032 1789534072.738426685 50.670 9.225 0.182 0.00000 -1 ACTUAL_TF
50.6166 0.0260002 -1.6820878 0.6762095 -0.42717999 0.63985889 -0.52284523 -0.36705683 0.002886 1789534072.794435501 50.706 9.190 0.050 0.00000 -1 ACTUAL_TF
50.6716 0.0260748 -1.6819521 0.6760739 -0.42719254 0.63985291 -0.52284243 -0.36705665 0.003106 1789534072.851288795 50.781 9.114 0.152 0.00000 -1 ACTUAL_TF
50.7284 0.0261215 -1.6818544 0.6759798 -0.42718843 0.63985110 -0.52284438 -0.36706182 0.002954 1789534072.906476736 50.829 9.067 0.287 0.00000 -1 ACTUAL_TF
50.7845 0.0261869 -1.6817130 0.6758417 -0.42717015 0.63985897 -0.52285860 -0.36704911 0.003183 1789534072.962474823 50.896 9.000 0.483 0.00000 -1 ACTUAL_TF
50.8473 0.0262642 -1.6815720 0.6757040 -0.42718252 0.63984671 -0.52286059 -0.36705325 0.003362 1789534073.018462181 50.974 8.921 0.680 0.00000 -1 ACTUAL_TF
50.9049 0.0262946 -1.6814526 0.6755852 -0.42718596 0.63984885 -0.52285110 -0.36705902 0.003272 1789534073.074399471 51.006 8.890 0.848 0.00000 -1 ACTUAL_TF
50.9629 0.0263559 -1.6813334 0.6754733 -0.42718583 0.63983555 -0.52286329 -0.36706501 0.003225 1789534073.130465031 51.068 8.827 1.011 0.00000 -1 ACTUAL_TF
51.0097 0.0264025 -1.6812187 0.6753581 -0.42717107 0.63984564 -0.52286952 -0.36705572 0.003165 1789534073.186386824 51.116 8.780 1.173 0.00000 -1 ACTUAL_TF
51.0679 0.0264543 -1.6810969 0.6752412 -0.42717637 0.63983909 -0.52286994 -0.36706037 0.003161 1789534073.242405653 51.168 8.727 1.342 0.00000 -1 ACTUAL_TF
51.1271 0.0264954 -1.6810073 0.6751527 -0.42717604 0.63983825 -0.52286821 -0.36706469 0.002923 1789534073.298363686 51.210 8.685 1.467 0.00000 -1 ACTUAL_TF
51.1839 0.0265438 -1.6808970 0.6750405 -0.42717818 0.63984045 -0.52286433 -0.36706389 0.002915 1789534073.355234146 51.260 8.636 1.624 0.00000 -1 ACTUAL_TF
51.2299 0.0265921 -1.6808412 0.6749895 -0.42717006 0.63984106 -0.52286878 -0.36706593 0.002528 1789534073.410424709 51.308 8.587 1.700 0.00000 -1 ACTUAL_TF
51.2902 0.0266343 -1.6807677 0.6749166 -0.42716864 0.63984347 -0.52286788 -0.36706467 0.002368 1789534073.466409445 51.351 8.544 1.803 0.00000 -1 ACTUAL_TF
51.3485 0.0266874 -1.6807241 0.6748737 -0.42716081 0.63984473 -0.52287065 -0.36706763 0.002091 1789534073.522459507 51.405 8.491 1.864 0.00000 -1 ACTUAL_TF
51.4003 0.0267323 -1.6806959 0.6748452 -0.42715943 0.63984568 -0.52287098 -0.36706711 0.001787 1789534073.578370571 51.450 8.446 1.903 0.00000 -1 ACTUAL_TF
51.4610 0.0267858 -1.6806696 0.6748194 -0.42715701 0.63984747 -0.52287020 -0.36706792 0.001599 1789534073.634345531 51.504 8.392 1.940 0.00000 -1 ACTUAL_TF
51.5216 0.0268380 -1.6806577 0.6748114 -0.42715761 0.63984525 -0.52287368 -0.36706613 0.001409 1789534073.690366745 51.556 8.340 1.954 0.00000 -1 ACTUAL_TF
51.5711 0.0268947 -1.6806515 0.6748092 -0.42715491 0.63984259 -0.52287928 -0.36706594 0.001292 1789534073.746425390 51.613 8.283 1.959 0.00000 -1 ACTUAL_TF
51.6255 0.0269340 -1.6806577 0.6748158 -0.42714888 0.63983976 -0.52288575 -0.36706867 0.001120 1789534073.802386284 51.652 8.244 1.950 0.00000 -1 ACTUAL_TF
51.6815 0.0269764 -1.6806717 0.6748249 -0.42714051 0.63983587 -0.52289508 -0.36707190 0.001029 1789534073.858396053 51.694 8.201 1.933 0.00000 -1 ACTUAL_TF
51.7385 0.0270083 -1.6806806 0.6748297 -0.42713601 0.63983360 -0.52290098 -0.36707270 0.000899 1789534073.914307833 51.726 8.170 1.923 0.00000 -1 ACTUAL_TF
51.7962 0.0270343 -1.6806964 0.6748237 -0.42713184 0.63984034 -0.52289908 -0.36706849 0.000795 1789534073.970531464 51.751 8.144 1.916 0.00000 -1 ACTUAL_TF
51.8516 0.0270670 -1.6807071 0.6747937 -0.42714411 0.63987994 -0.52286430 -0.36703473 0.000802 1789534074.026390314 51.783 8.112 1.930 0.00000 -1 ACTUAL_TF
51.9053 0.0271159 -1.6807742 0.6748491 -0.42713260 0.63989395 -0.52286975 -0.36701594 0.001095 1789534074.082478762 51.831 8.064 1.843 0.00000 -1 ACTUAL_TF
51.9613 0.0271878 -1.6808888 0.6749674 -0.42711566 0.63991051 -0.52287949 -0.36699291 0.001731 1789534074.138364792 51.902 7.993 1.678 0.00000 -1 ACTUAL_TF
52.0228 0.0272546 -1.6809959 0.6750754 -0.42710674 0.63992276 -0.52288512 -0.36697389 0.002102 1789534074.194362640 51.968 7.927 1.526 0.00000 -1 ACTUAL_TF
52.0692 0.0273214 -1.6811295 0.6752149 -0.42713802 0.63991473 -0.52286511 -0.36698001 0.002567 1789534074.250333548 52.034 7.862 1.332 0.00000 -1 ACTUAL_TF
52.1339 0.0273961 -1.6812565 0.6753465 -0.42713419 0.63992203 -0.52286947 -0.36696553 0.002855 1789534074.306352139 52.108 7.788 1.149 0.00000 -1 ACTUAL_TF
52.1904 0.0274734 -1.6813964 0.6754865 -0.42714971 0.63992032 -0.52286241 -0.36696051 0.003136 1789534074.362363338 52.184 7.712 0.951 0.00000 -1 ACTUAL_TF
52.2497 0.0275560 -1.6815432 0.6756436 -0.42714244 0.63992070 -0.52287464 -0.36695088 0.003429 1789534074.418387890 52.265 7.630 0.735 0.00000 -1 ACTUAL_TF
52.2976 0.0276147 -1.6816599 0.6757616 -0.42714470 0.63991996 -0.52287592 -0.36694772 0.003344 1789534074.474328995 52.323 7.573 0.569 0.00000 -1 ACTUAL_TF
52.3564 0.0276881 -1.6817999 0.6759067 -0.42714330 0.63992191 -0.52288007 -0.36694003 0.003490 1789534074.530389786 52.395 7.500 0.367 0.00000 -1 ACTUAL_TF
52.4110 0.0277234 -1.6818968 0.6760023 -0.42716462 0.63991304 -0.52286298 -0.36695502 0.003196 1789534074.586393356 52.429 7.466 0.232 0.00000 -1 ACTUAL_TF
52.4694 0.0277891 -1.6820269 0.6761329 -0.42715200 0.63991855 -0.52286968 -0.36695056 0.003285 1789534074.642416954 52.494 7.401 0.056 0.00000 -1 ACTUAL_TF
52.5245 0.0278305 -1.6821178 0.6762202 -0.42715500 0.63992594 -0.52285783 -0.36695107 0.003011 1789534074.698373795 52.535 7.361 0.089 0.00000 -1 ACTUAL_TF
52.5803 0.0278905 -1.6822595 0.6763668 -0.42714261 0.63991993 -0.52286702 -0.36696287 0.003248 1789534074.754303694 52.593 7.302 0.288 0.00000 -1 ACTUAL_TF
52.6346 0.0279390 -1.6823758 0.6764891 -0.42713918 0.63991670 -0.52286665 -0.36697302 0.003213 1789534074.810353756 52.641 7.254 0.456 0.00000 -1 ACTUAL_TF
52.6899 0.0280160 -1.6825498 0.6766716 -0.42712193 0.63991170 -0.52287976 -0.36698316 0.003658 1789534074.866503954 52.717 7.179 0.707 0.00000 -1 ACTUAL_TF
52.7492 0.0280864 -1.6827074 0.6768331 -0.42710660 0.63991636 -0.52288358 -0.36698741 0.003828 1789534074.922447920 52.786 7.110 0.933 0.00000 -1 ACTUAL_TF
52.8046 0.0281312 -1.6828392 0.6769685 -0.42711922 0.63990498 -0.52286896 -0.36701340 0.003720 1789534074.978431940 52.829 7.066 1.122 0.00000 -1 ACTUAL_TF
52.8585 0.0282085 -1.6829974 0.6771297 -0.42710475 0.63990918 -0.52287233 -0.36701813 0.003885 1789534075.034368515 52.905 6.990 1.349 0.00000 -1 ACTUAL_TF
52.9115 0.0282642 -1.6830987 0.6772227 -0.42710986 0.63990986 -0.52286143 -0.36702653 0.003513 1789534075.090441465 52.960 6.935 1.487 0.00000 -1 ACTUAL_TF
52.9655 0.0283498 -1.6831996 0.6773305 -0.42711236 0.63990982 -0.52285758 -0.36702917 0.003374 1789534075.146413326 53.045 6.851 1.635 0.00000 -1 ACTUAL_TF
53.0245 0.0284240 -1.6832625 0.6773901 -0.42713017 0.63990743 -0.52284491 -0.36703064 0.002972 1789534075.202469349 53.118 6.777 1.722 0.00000 -1 ACTUAL_TF
53.0790 0.0285144 -1.6833213 0.6774499 -0.42713393 0.63990524 -0.52284518 -0.36702971 0.002742 1789534075.258376360 53.208 6.687 1.806 0.00000 -1 ACTUAL_TF
53.1352 0.0285786 -1.6833463 0.6774772 -0.42713708 0.63990548 -0.52284208 -0.36703005 0.002317 1789534075.314350128 53.272 6.623 1.844 0.00000 -1 ACTUAL_TF
53.1898 0.0286531 -1.6833534 0.6774918 -0.42714291 0.63990441 -0.52283930 -0.36702909 0.002030 1789534075.370431185 53.347 6.549 1.859 0.00000 -1 ACTUAL_TF
53.2470 0.0287190 -1.6833543 0.6774978 -0.42714085 0.63990504 -0.52284018 -0.36702913 0.001776 1789534075.426366568 53.413 6.483 1.864 0.00000 -1 ACTUAL_TF
53.3027 0.0287769 -1.6833463 0.6774987 -0.42714016 0.63990410 -0.52284147 -0.36702974 0.001555 1789534075.482506275 53.471 6.425 1.860 0.00000 -1 ACTUAL_TF
53.3581 0.0288474 -1.6833413 0.6775057 -0.42713795 0.63989849 -0.52284855 -0.36703199 0.001470 1789534075.538356781 53.542 6.354 1.861 0.00000 -1 ACTUAL_TF
53.4153 0.0289180 -1.6833289 0.6775101 -0.42713901 0.63989331 -0.52285493 -0.36703072 0.001414 1789534075.594340086 53.613 6.283 1.856 0.00000 -1 ACTUAL_TF
53.4738 0.0289875 -1.6833141 0.6775147 -0.42713522 0.63989115 -0.52285837 -0.36703398 0.001371 1789534075.650359869 53.682 6.213 1.849 0.00000 -1 ACTUAL_TF
53.5319 0.0290591 -1.6833018 0.6775191 -0.42713731 0.63988536 -0.52286529 -0.36703179 0.001349 1789534075.706366777 53.754 6.141 1.844 0.00000 -1 ACTUAL_TF
53.5865 0.0291299 -1.6832805 0.6775227 -0.42713867 0.63988101 -0.52286921 -0.36703221 0.001341 1789534075.762403011 53.826 6.070 1.832 0.00000 -1 ACTUAL_TF
53.6439 0.0291837 -1.6832641 0.6775254 -0.42713516 0.63987234 -0.52287739 -0.36703976 0.001240 1789534075.818413496 53.880 6.016 1.823 0.00000 -1 ACTUAL_TF
53.7029 0.0292404 -1.6832196 0.6775114 -0.42713571 0.63984864 -0.52289320 -0.36705790 0.001262 1789534075.874339342 53.938 5.958 1.783 0.00000 -1 ACTUAL_TF
53.7504 0.0292735 -1.6831181 0.6774129 -0.42715408 0.63984217 -0.52287902 -0.36706800 0.001661 1789534075.930360794 53.972 5.924 1.642 0.00000 -1 ACTUAL_TF
53.8154 0.0292967 -1.6830270 0.6773254 -0.42716547 0.63983031 -0.52287478 -0.36708146 0.001852 1789534075.986300945 53.996 5.900 1.516 0.00000 -1 ACTUAL_TF
53.8647 0.0293172 -1.6829033 0.6771981 -0.42717862 0.63982254 -0.52286533 -0.36709317 0.002253 1789534076.042348146 54.017 5.878 1.338 0.00000 -1 ACTUAL_TF
53.9255 0.0293625 -1.6827837 0.6770692 -0.42714800 0.63984883 -0.52288283 -0.36705804 0.002552 1789534076.098248959 54.063 5.832 1.163 0.00000 -1 ACTUAL_TF
53.9769 0.0293873 -1.6826465 0.6769254 -0.42716356 0.63984316 -0.52287223 -0.36706492 0.002857 1789534076.154343367 54.089 5.806 0.964 0.00000 -1 ACTUAL_TF
54.0405 0.0294043 -1.6825232 0.6767946 -0.42717312 0.63984075 -0.52286316 -0.36707092 0.002967 1789534076.210346699 54.107 5.789 0.784 0.00000 -1 ACTUAL_TF
54.0908 0.0294379 -1.6823607 0.6766169 -0.42716354 0.63985606 -0.52286517 -0.36705251 0.003381 1789534076.266281843 54.142 5.754 0.544 0.00000 -1 ACTUAL_TF
54.1477 0.0294585 -1.6822449 0.6765013 -0.42717191 0.63985208 -0.52285852 -0.36705918 0.003249 1789534076.322357893 54.163 5.732 0.380 0.00000 -1 ACTUAL_TF
54.2035 0.0294821 -1.6820920 0.6763364 -0.42718498 0.63985299 -0.52284614 -0.36706003 0.003483 1789534076.378453732 54.188 5.707 0.156 0.00000 -1 ACTUAL_TF
54.2594 0.0295333 -1.6819588 0.6762018 -0.42716967 0.63986677 -0.52285426 -0.36704225 0.003490 1789534076.434433699 54.240 5.655 0.037 0.00000 -1 ACTUAL_TF
54.3136 0.0295831 -1.6818525 0.6761002 -0.42718166 0.63986141 -0.52285255 -0.36704008 0.003274 1789534076.490517616 54.291 5.604 0.181 0.00000 -1 ACTUAL_TF
54.3768 0.0296316 -1.6817250 0.6759786 -0.42718690 0.63985900 -0.52284910 -0.36704310 0.003273 1789534076.546349049 54.341 5.555 0.357 0.00000 -1 ACTUAL_TF
54.4264 0.0296918 -1.6816203 0.6758806 -0.42718874 0.63986512 -0.52284789 -0.36703201 0.003124 1789534076.602400303 54.402 5.494 0.500 0.00000 -1 ACTUAL_TF
54.4858 0.0297285 -1.6815042 0.6757675 -0.42719226 0.63986748 -0.52283941 -0.36703588 0.003077 1789534076.658407927 54.440 5.456 0.662 0.00000 -1 ACTUAL_TF
54.5368 0.0297747 -1.6814312 0.6757009 -0.42718507 0.63986781 -0.52284273 -0.36703894 0.002739 1789534076.714326382 54.487 5.409 0.760 0.00000 -1 ACTUAL_TF
54.5946 0.0298403 -1.6813381 0.6756156 -0.42718081 0.63986350 -0.52284922 -0.36704215 0.002676 1789534076.770595312 54.553 5.342 0.886 0.00000 -1 ACTUAL_TF
54.6587 0.0299018 -1.6812479 0.6755259 -0.42718536 0.63986567 -0.52284531 -0.36703866 0.002635 1789534076.826222420 54.615 5.280 1.013 0.00000 -1 ACTUAL_TF
54.7061 0.0300010 -1.6811592 0.6754404 -0.42718437 0.63986430 -0.52284882 -0.36703721 0.002689 1789534076.882419586 54.715 5.180 1.135 0.00000 -1 ACTUAL_TF
54.7621 0.0300891 -1.6810732 0.6753578 -0.42718801 0.63986308 -0.52284663 -0.36703821 0.002676 1789534076.938493013 54.804 5.091 1.254 0.00000 -1 ACTUAL_TF
54.8209 0.0302073 -1.6809826 0.6752687 -0.42718779 0.63986126 -0.52284701 -0.36704110 0.002805 1789534076.994348526 54.923 4.972 1.380 0.00000 -1 ACTUAL_TF
54.8716 0.0303472 -1.6808929 0.6751845 -0.42716505 0.63987470 -0.52286042 -0.36702503 0.002961 1789534077.050360680 55.064 4.832 1.502 0.00000 -1 ACTUAL_TF
54.9302 0.0304471 -1.6808259 0.6751203 -0.42716435 0.63987610 -0.52285450 -0.36703184 0.002804 1789534077.106298685 55.164 4.731 1.594 0.00000 -1 ACTUAL_TF
54.9874 0.0306036 -1.6807686 0.6750747 -0.42716746 0.63986878 -0.52286191 -0.36703043 0.002888 1789534077.162360430 55.321 4.574 1.666 0.00000 -1 ACTUAL_TF
55.0425 0.0306891 -1.6807409 0.6750451 -0.42716181 0.63986989 -0.52286074 -0.36703673 0.002528 1789534077.218397141 55.407 4.488 1.706 0.00000 -1 ACTUAL_TF
55.1012 0.0307983 -1.6807245 0.6750362 -0.42715870 0.63986440 -0.52286837 -0.36703905 0.002363 1789534077.274344921 55.516 4.379 1.723 0.00000 -1 ACTUAL_TF
55.1607 0.0308749 -1.6807265 0.6750424 -0.42715069 0.63985995 -0.52287904 -0.36704092 0.002066 1789534077.330352783 55.593 4.302 1.717 0.00000 -1 ACTUAL_TF
55.2089 0.0309467 -1.6807375 0.6750543 -0.42714043 0.63985447 -0.52289120 -0.36704509 0.001841 1789534077.386353731 55.665 4.231 1.701 0.00000 -1 ACTUAL_TF
55.2688 0.0310058 -1.6807521 0.6750645 -0.42712952 0.63985096 -0.52290151 -0.36704923 0.001618 1789534077.442569256 55.724 4.172 1.683 0.00000 -1 ACTUAL_TF
55.3239 0.0310433 -1.6807636 0.6750654 -0.42712451 0.63985228 -0.52290482 -0.36704804 0.001343 1789534077.498398781 55.761 4.135 1.674 0.00000 -1 ACTUAL_TF
55.3805 0.0310778 -1.6807726 0.6750478 -0.42712331 0.63986733 -0.52289387 -0.36703879 0.001154 1789534077.554314613 55.795 4.101 1.679 0.00000 -1 ACTUAL_TF
55.4411 0.0311006 -1.6807660 0.6750059 -0.42713664 0.63990352 -0.52285798 -0.36701132 0.001065 1789534077.610362053 55.817 4.078 1.714 0.00000 -1 ACTUAL_TF
55.4911 0.0311430 -1.6808208 0.6750473 -0.42712722 0.63991530 -0.52286092 -0.36699756 0.001178 1789534077.666350842 55.859 4.037 1.646 0.00000 -1 ACTUAL_TF
55.5434 0.0311908 -1.6808949 0.6751199 -0.42711501 0.63992885 -0.52286638 -0.36698036 0.001436 1789534077.722395897 55.906 3.990 1.542 0.00000 -1 ACTUAL_TF
55.6055 0.0312578 -1.6810010 0.6752334 -0.42709748 0.63993934 -0.52288120 -0.36696134 0.001912 1789534077.778337955 55.972 3.923 1.386 0.00000 -1 ACTUAL_TF
55.6618 0.0312935 -1.6811004 0.6753494 -0.42715675 0.63989982 -0.52285532 -0.36699816 0.002178 1789534077.834388494 56.007 3.888 1.233 0.00000 -1 ACTUAL_TF
55.7172 0.0313650 -1.6811950 0.6754496 -0.42715235 0.63990546 -0.52286984 -0.36697276 0.002357 1789534077.890339851 56.078 3.818 1.095 0.00000 -1 ACTUAL_TF
55.7765 0.0314272 -1.6813249 0.6755936 -0.42715581 0.63989766 -0.52288291 -0.36696371 0.002741 1789534077.946374655 56.139 3.756 0.901 0.00000 -1 ACTUAL_TF
55.8255 0.0314567 -1.6814453 0.6757202 -0.42715657 0.63989659 -0.52288570 -0.36696070 0.002868 1789534078.002348423 56.168 3.728 0.726 0.00000 -1 ACTUAL_TF
55.8835 0.0314770 -1.6815972 0.6758810 -0.42715638 0.63988754 -0.52289087 -0.36696933 0.003195 1789534078.058496714 56.187 3.709 0.505 0.00000 -1 ACTUAL_TF
55.9382 0.0314879 -1.6817230 0.6760110 -0.42714902 0.63988590 -0.52289623 -0.36697314 0.003209 1789534078.114368916 56.197 3.699 0.324 0.00000 -1 ACTUAL_TF
55.9972 0.0315025 -1.6818650 0.6761501 -0.42716420 0.63988103 -0.52288406 -0.36698129 0.003314 1789534078.170384884 56.210 3.685 0.126 0.00000 -1 ACTUAL_TF
56.0475 0.0315211 -1.6819853 0.6762776 -0.42715952 0.63987730 -0.52288912 -0.36698603 0.003264 1789534078.226391792 56.228 3.668 0.051 0.00000 -1 ACTUAL_TF
56.1053 0.0315578 -1.6821308 0.6764300 -0.42715048 0.63987841 -0.52289689 -0.36698355 0.003432 1789534078.282322407 56.263 3.632 0.261 0.00000 -1 ACTUAL_TF
56.1622 0.0315952 -1.6822808 0.6765892 -0.42715271 0.63986933 -0.52289843 -0.36699460 0.003591 1789534078.338304043 56.300 3.596 0.480 0.00000 -1 ACTUAL_TF
56.2233 0.0316211 -1.6823802 0.6766911 -0.42714434 0.63987127 -0.52290187 -0.36699605 0.003288 1789534078.394418478 56.325 3.571 0.623 0.00000 -1 ACTUAL_TF
56.2795 0.0316738 -1.6824994 0.6768108 -0.42714354 0.63987131 -0.52290449 -0.36699319 0.003248 1789534078.450474262 56.376 3.519 0.792 0.00000 -1 ACTUAL_TF
56.3374 0.0317138 -1.6825873 0.6768994 -0.42715261 0.63986558 -0.52290110 -0.36699744 0.002976 1789534078.506492138 56.416 3.480 0.917 0.00000 -1 ACTUAL_TF
56.3864 0.0317599 -1.6826990 0.6770146 -0.42715310 0.63985806 -0.52290331 -0.36700683 0.002977 1789534078.562515020 56.461 3.435 1.078 0.00000 -1 ACTUAL_TF
56.4419 0.0317925 -1.6827755 0.6770848 -0.42714588 0.63986526 -0.52289924 -0.36700849 0.002669 1789534078.618356466 56.493 3.403 1.182 0.00000 -1 ACTUAL_TF
56.4962 0.0318158 -1.6828745 0.6771731 -0.42713577 0.63986650 -0.52288944 -0.36703205 0.002589 1789534078.674434900 56.515 3.381 1.314 0.00000 -1 ACTUAL_TF
56.5522 0.0318373 -1.6829471 0.6772346 -0.42711729 0.63988055 -0.52287822 -0.36704505 0.002336 1789534078.730348825 56.536 3.360 1.409 0.00000 -1 ACTUAL_TF
56.6074 0.0319325 -1.6830183 0.6772976 -0.42711298 0.63988601 -0.52286840 -0.36705454 0.002355 1789534078.786396027 56.630 3.266 1.505 0.00000 -1 ACTUAL_TF
56.6762 0.0320780 -1.6830672 0.6773524 -0.42712008 0.63988010 -0.52286242 -0.36706510 0.002522 1789534078.842355013 56.775 3.120 1.579 0.00000 -1 ACTUAL_TF
56.7229 0.0321952 -1.6830948 0.6773795 -0.42711490 0.63988503 -0.52285525 -0.36707274 0.002427 1789534078.898394108 56.892 3.003 1.618 0.00000 -1 ACTUAL_TF
56.7791 0.0323551 -1.6831124 0.6774065 -0.42710996 0.63988674 -0.52285679 -0.36707332 0.002574 1789534078.954309225 57.052 2.844 1.651 0.00000 -1 ACTUAL_TF
56.8386 0.0324889 -1.6831091 0.6774093 -0.42711359 0.63988562 -0.52285914 -0.36706769 0.002519 1789534079.010275602 57.186 2.710 1.651 0.00000 -1 ACTUAL_TF
56.9010 0.0326295 -1.6831035 0.6774155 -0.42711028 0.63988305 -0.52286739 -0.36706429 0.002517 1789534079.066312075 57.326 2.569 1.653 0.00000 -1 ACTUAL_TF
56.9494 0.0327137 -1.6830925 0.6774194 -0.42710531 0.63988202 -0.52287019 -0.36706787 0.002217 1789534079.122334003 57.411 2.485 1.648 0.00000 -1 ACTUAL_TF
57.0039 0.0328423 -1.6830765 0.6774292 -0.42710605 0.63987154 -0.52288428 -0.36706520 0.002248 1789534079.178388596 57.540 2.355 1.644 0.00000 -1 ACTUAL_TF
57.0650 0.0329331 -1.6830594 0.6774351 -0.42710498 0.63986627 -0.52289130 -0.36706563 0.002070 1789534079.234303951 57.631 2.264 1.637 0.00000 -1 ACTUAL_TF
57.1140 0.0330428 -1.6830368 0.6774411 -0.42710755 0.63985852 -0.52290035 -0.36706327 0.002049 1789534079.290363550 57.742 2.154 1.626 0.00000 -1 ACTUAL_TF
57.1728 0.0331421 -1.6830111 0.6774397 -0.42711039 0.63985174 -0.52290703 -0.36706226 0.001984 1789534079.346351147 57.842 2.054 1.608 0.00000 -1 ACTUAL_TF
57.2270 0.0332099 -1.6829689 0.6774138 -0.42711878 0.63984426 -0.52290800 -0.36706416 0.001839 1789534079.402383089 57.910 1.986 1.560 0.00000 -1 ACTUAL_TF
57.2852 0.0332728 -1.6829015 0.6773628 -0.42712928 0.63982751 -0.52291121 -0.36707657 0.001852 1789534079.458330154 57.974 1.922 1.477 0.00000 -1 ACTUAL_TF
57.3461 0.0333024 -1.6828047 0.6772669 -0.42714939 0.63982307 -0.52289445 -0.36708478 0.002044 1789534079.514289856 58.004 1.891 1.341 0.00000 -1 ACTUAL_TF
57.3939 0.0333381 -1.6826877 0.6771508 -0.42717165 0.63981296 -0.52288233 -0.36709375 0.002333 1789534079.570347548 58.041 1.855 1.177 0.00000 -1 ACTUAL_TF
57.4526 0.0333515 -1.6825834 0.6770402 -0.42718750 0.63981061 -0.52286634 -0.36710219 0.002451 1789534079.626361132 58.055 1.841 1.025 0.00000 -1 ACTUAL_TF
57.5071 0.0333923 -1.6824457 0.6768875 -0.42715269 0.63984127 -0.52288462 -0.36706322 0.002838 1789534079.682385445 58.097 1.799 0.820 0.00000 -1 ACTUAL_TF
57.5653 0.0334031 -1.6823158 0.6767480 -0.42716615 0.63983567 -0.52287339 -0.36707330 0.002999 1789534079.738951921 58.108 1.787 0.629 0.00000 -1 ACTUAL_TF
57.6242 0.0334039 -1.6821870 0.6765981 -0.42717673 0.63984394 -0.52285688 -0.36707010 0.003169 1789534079.794371128 58.110 1.785 0.432 0.00000 -1 ACTUAL_TF
57.6732 0.0334168 -1.6820410 0.6764438 -0.42717686 0.63984913 -0.52285441 -0.36706442 0.003359 1789534079.850346088 58.124 1.771 0.219 0.00000 -1 ACTUAL_TF
57.7362 0.0334109 -1.6819077 0.6762963 -0.42718099 0.63985683 -0.52284305 -0.36706236 0.003417 1789534079.906339645 58.119 1.776 0.021 0.00000 -1 ACTUAL_TF
57.7858 0.0334224 -1.6817717 0.6761568 -0.42716750 0.63986867 -0.52284717 -0.36705157 0.003435 1789534079.962461233 58.132 1.764 0.175 0.00000 -1 ACTUAL_TF
57.8448 0.0334222 -1.6816573 0.6760384 -0.42717176 0.63986708 -0.52284152 -0.36705742 0.003287 1789534080.018418074 58.132 1.763 0.339 0.00000 -1 ACTUAL_TF
57.8993 0.0334343 -1.6815271 0.6759051 -0.42717425 0.63986877 -0.52283664 -0.36705854 0.003303 1789534080.074313641 58.146 1.750 0.525 0.00000 -1 ACTUAL_TF
57.9592 0.0334675 -1.6814200 0.6757973 -0.42716316 0.63987524 -0.52284820 -0.36704370 0.003145 1789534080.130368710 58.180 1.716 0.677 0.00000 -1 ACTUAL_TF
58.0097 0.0334770 -1.6812942 0.6756684 -0.42717156 0.63987482 -0.52283906 -0.36704766 0.003168 1789534080.186366320 58.190 1.705 0.857 0.00000 -1 ACTUAL_TF
58.0683 0.0335055 -1.6811858 0.6755664 -0.42716974 0.63987046 -0.52284244 -0.36705256 0.003029 1789534080.242323160 58.220 1.676 1.006 0.00000 -1 ACTUAL_TF
58.1204 0.0335471 -1.6810980 0.6754780 -0.42715392 0.63988456 -0.52285233 -0.36703230 0.002823 1789534080.298445940 58.262 1.634 1.130 0.00000 -1 ACTUAL_TF
58.1786 0.0335795 -1.6810029 0.6753873 -0.42716187 0.63987770 -0.52284985 -0.36703856 0.002703 1789534080.354322672 58.295 1.600 1.261 0.00000 -1 ACTUAL_TF
58.2410 0.0336055 -1.6809241 0.6753120 -0.42716312 0.63987785 -0.52284620 -0.36704204 0.002492 1789534080.410366535 58.322 1.574 1.370 0.00000 -1 ACTUAL_TF
58.2905 0.0336541 -1.6808357 0.6752323 -0.42716772 0.63987700 -0.52284517 -0.36703963 0.002433 1789534080.466360569 58.371 1.524 1.489 0.00000 -1 ACTUAL_TF
58.3568 0.0337044 -1.6807577 0.6751625 -0.42717372 0.63987740 -0.52284397 -0.36703367 0.002324 1789534080.522431374 58.422 1.473 1.593 0.00000 -1 ACTUAL_TF
58.4045 0.0337690 -1.6806880 0.6750993 -0.42717156 0.63987944 -0.52284582 -0.36702998 0.002240 1789534080.578339338 58.488 1.408 1.687 0.00000 -1 ACTUAL_TF
58.4615 0.0338338 -1.6806275 0.6750463 -0.42717424 0.63988037 -0.52284397 -0.36702787 0.002121 1789534080.634323835 58.553 1.342 1.766 0.00000 -1 ACTUAL_TF
58.5191 0.0339028 -1.6806112 0.6750351 -0.42717136 0.63987739 -0.52284979 -0.36702812 0.001869 1789534080.690326929 58.622 1.273 1.785 0.00000 -1 ACTUAL_TF
58.5799 0.0339970 -1.6806138 0.6750408 -0.42716026 0.63987224 -0.52286121 -0.36703376 0.001814 1789534080.746375084 58.717 1.179 1.779 0.00000 -1 ACTUAL_TF
58.6274 0.0340759 -1.6806332 0.6750566 -0.42714330 0.63986722 -0.52287567 -0.36704165 0.001713 1789534080.802404881 58.795 1.100 1.754 0.00000 -1 ACTUAL_TF
58.6919 0.0341785 -1.6806527 0.6750682 -0.42712767 0.63986462 -0.52288895 -0.36704546 0.001762 1789534080.858338356 58.897 0.998 1.731 0.00000 -1 ACTUAL_TF
58.7358 0.0342714 -1.6806613 0.6750505 -0.42712492 0.63987983 -0.52288119 -0.36703320 0.001743 1789534080.914360046 58.990 0.906 1.737 0.00000 -1 ACTUAL_TF
58.7941 0.0343961 -1.6806835 0.6750469 -0.42712220 0.63990693 -0.52286751 -0.36700859 0.001898 1789534080.970369816 59.114 0.782 1.723 0.00000 -1 ACTUAL_TF
58.8538 0.0345026 -1.6807334 0.6750884 -0.42711000 0.63992249 -0.52286729 -0.36699598 0.001997 1789534081.026409626 59.220 0.676 1.658 0.00000 -1 ACTUAL_TF
58.9126 0.0346571 -1.6808118 0.6751729 -0.42709323 0.63992395 -0.52288756 -0.36698408 0.002431 1789534081.082378864 59.374 0.522 1.542 0.00000 -1 ACTUAL_TF
58.9654 0.0347825 -1.6808671 0.6752348 -0.42710012 0.63992309 -0.52288019 -0.36698805 0.002506 1789534081.138416290 59.499 0.397 1.459 0.00000 -1 ACTUAL_TF
59.0208 0.0348729 -1.6809119 0.6752868 -0.42711959 0.63991274 -0.52286438 -0.36700596 0.002362 1789534081.194441319 59.589 0.307 1.390 0.00000 -1 ACTUAL_TF
59.0848 0.0350139 -1.6809737 0.6753554 -0.42711409 0.63991620 -0.52286955 -0.36699896 0.002549 1789534081.250948668 59.729 0.166 1.297 0.00000 -1 ACTUAL_TF
59.1472 0.0351190 -1.6810343 0.6754200 -0.42711761 0.63990696 -0.52286878 -0.36701209 0.002528 1789534081.306386232 59.834 0.062 1.208 0.00000 -1 ACTUAL_TF
59.1913 0.0352535 -1.6810862 0.6754786 -0.42711411 0.63991284 -0.52286898 -0.36700562 0.002603 1789534081.362413883 59.968 -0.072 1.129 0.00000 -1 ACTUAL_TF
59.2480 0.0353772 -1.6811384 0.6755413 -0.42711644 0.63990879 -0.52287480 -0.36700168 0.002616 1789534081.418374777 60.091 -0.196 1.047 0.00000 -1 ACTUAL_TF
59.2989 0.0355150 -1.6812084 0.6756224 -0.42711906 0.63990438 -0.52287536 -0.36700552 0.002766 1789534081.474427938 60.229 -0.333 0.939 0.00000 -1 ACTUAL_TF
59.3588 0.0356199 -1.6812566 0.6756767 -0.42712725 0.63989889 -0.52287072 -0.36701218 0.002619 1789534081.530455589 60.333 -0.438 0.866 0.00000 -1 ACTUAL_TF
59.4073 0.0357650 -1.6813285 0.6757606 -0.42712245 0.63989659 -0.52288003 -0.36700849 0.002812 1789534081.586394072 60.478 -0.582 0.755 0.00000 -1 ACTUAL_TF
59.4659 0.0358916 -1.6813934 0.6758332 -0.42711726 0.63989384 -0.52288431 -0.36701323 0.002821 1789534081.642511368 60.604 -0.708 0.657 0.00000 -1 ACTUAL_TF
59.5244 0.0359939 -1.6814490 0.6758933 -0.42711014 0.63989281 -0.52288746 -0.36701882 0.002678 1789534081.698447227 60.706 -0.810 0.574 0.00000 -1 ACTUAL_TF
59.5814 0.0361214 -1.6815021 0.6759564 -0.42713101 0.63987660 -0.52288112 -0.36703184 0.002688 1789534081.754465580 60.833 -0.937 0.491 0.00000 -1 ACTUAL_TF
59.6378 0.0362294 -1.6815467 0.6760024 -0.42712563 0.63988140 -0.52288041 -0.36703075 0.002555 1789534081.810410023 60.940 -1.045 0.427 0.00000 -1 ACTUAL_TF
59.6864 0.0363597 -1.6815937 0.6760592 -0.42711746 0.63988098 -0.52288690 -0.36703174 0.002589 1789534081.866482973 61.070 -1.175 0.352 0.00000 -1 ACTUAL_TF
59.7471 0.0364772 -1.6816269 0.6760969 -0.42712091 0.63987927 -0.52288955 -0.36702694 0.002498 1789534081.922390223 61.188 -1.292 0.302 0.00000 -1 ACTUAL_TF
59.8047 0.0365927 -1.6816504 0.6761277 -0.42713305 0.63987572 -0.52287918 -0.36703376 0.002402 1789534081.978354216 61.303 -1.408 0.263 0.00000 -1 ACTUAL_TF
59.8619 0.0366974 -1.6816789 0.6761582 -0.42712863 0.63987726 -0.52288152 -0.36703289 0.002285 1789534082.034373045 61.408 -1.512 0.221 0.00000 -1 ACTUAL_TF
59.9185 0.0368283 -1.6817049 0.6761946 -0.42712951 0.63987555 -0.52288640 -0.36702790 0.002340 1789534082.090378284 61.538 -1.643 0.176 0.00000 -1 ACTUAL_TF
59.9739 0.0369522 -1.6817225 0.6762159 -0.42713031 0.63987916 -0.52288246 -0.36702627 0.002319 1789534082.146342993 61.662 -1.767 0.148 0.00000 -1 ACTUAL_TF
60.0321 0.0370709 -1.6817389 0.6762424 -0.42713395 0.63987638 -0.52288782 -0.36701925 0.002280 1789534082.202347517 61.781 -1.885 0.116 0.00000 -1 ACTUAL_TF
60.0811 0.0371931 -1.6817541 0.6762606 -0.42713031 0.63988281 -0.52288496 -0.36701637 0.002262 1789534082.258403540 61.903 -2.007 0.093 0.00000 -1 ACTUAL_TF
60.1420 0.0373044 -1.6817661 0.6762816 -0.42712994 0.63988217 -0.52288850 -0.36701286 0.002195 1789534082.314339876 62.014 -2.119 0.068 0.00000 -1 ACTUAL_TF
60.2025 0.0374067 -1.6817718 0.6762925 -0.42715122 0.63987427 -0.52287122 -0.36702648 0.002088 1789534082.370395660 62.116 -2.221 0.056 0.00000 -1 ACTUAL_TF
60.2501 0.0374981 -1.6817832 0.6763081 -0.42716815 0.63986493 -0.52286156 -0.36703682 0.001962 1789534082.426388502 62.208 -2.312 0.037 0.00000 -1 ACTUAL_TF
60.3057 0.0376125 -1.6817937 0.6763243 -0.42715635 0.63987019 -0.52286555 -0.36703570 0.001996 1789534082.482322454 62.322 -2.427 0.020 0.00000 -1 ACTUAL_TF
60.3680 0.0377446 -1.6818027 0.6763383 -0.42715336 0.63987144 -0.52287056 -0.36702988 0.002110 1789534082.538347721 62.454 -2.559 0.013 0.00000 -1 ACTUAL_TF
60.4189 0.0378296 -1.6818040 0.6763416 -0.42714785 0.63987916 -0.52286659 -0.36702848 0.001932 1789534082.594402790 62.539 -2.644 0.015 0.00000 -1 ACTUAL_TF
60.4765 0.0379375 -1.6817995 0.6763314 -0.42714693 0.63989279 -0.52285652 -0.36702013 0.001934 1789534082.650347710 62.647 -2.751 0.021 0.00000 -1 ACTUAL_TF
60.5356 0.0380318 -1.6817952 0.6763352 -0.42714601 0.63989430 -0.52285733 -0.36701743 0.001860 1789534082.706336498 62.741 -2.846 0.018 0.00000 -1 ACTUAL_TF
60.5869 0.0381270 -1.6817971 0.6763421 -0.42713665 0.63989562 -0.52285774 -0.36702543 0.001812 1789534082.762463808 62.837 -2.941 0.017 0.00000 -1 ACTUAL_TF
60.6435 0.0382284 -1.6817995 0.6763469 -0.42713422 0.63989404 -0.52286057 -0.36702697 0.001814 1789534082.818361044 62.938 -3.042 0.020 0.00000 -1 ACTUAL_TF
60.7010 0.0383555 -1.6817935 0.6763402 -0.42714044 0.63989706 -0.52285534 -0.36702192 0.001953 1789534082.874297380 63.065 -3.170 0.022 0.00000 -1 ACTUAL_TF
60.7569 0.0384384 -1.6817819 0.6763359 -0.42715482 0.63989082 -0.52284270 -0.36703407 0.001816 1789534082.930370569 63.148 -3.253 0.022 0.00000 -1 ACTUAL_TF
60.8132 0.0385579 -1.6817787 0.6763395 -0.42715554 0.63988555 -0.52284596 -0.36703777 0.001912 1789534082.986331463 63.268 -3.372 0.020 0.00000 -1 ACTUAL_TF
60.8726 0.0386729 -1.6817748 0.6763411 -0.42715306 0.63988678 -0.52284837 -0.36703509 0.001954 1789534083.042407751 63.383 -3.487 0.020 0.00000 -1 ACTUAL_TF
60.9182 0.0387725 -1.6817707 0.6763385 -0.42715337 0.63988748 -0.52284994 -0.36703127 0.001902 1789534083.098354578 63.482 -3.587 0.024 0.00000 -1 ACTUAL_TF
60.9771 0.0389072 -1.6817618 0.6763370 -0.42715462 0.63988620 -0.52285439 -0.36702569 0.002056 1789534083.154283524 63.617 -3.722 0.028 0.00000 -1 ACTUAL_TF
61.0329 0.0389978 -1.6817564 0.6763381 -0.42714912 0.63988757 -0.52285525 -0.36702850 0.001924 1789534083.210404158 63.708 -3.812 0.028 0.00000 -1 ACTUAL_TF
61.0886 0.0391343 -1.6817483 0.6763382 -0.42715096 0.63988445 -0.52286168 -0.36702262 0.002080 1789534083.266369820 63.845 -3.949 0.032 0.00000 -1 ACTUAL_TF
61.1478 0.0392225 -1.6817423 0.6763361 -0.42714679 0.63988782 -0.52286021 -0.36702370 0.001930 1789534083.322336912 63.933 -4.037 0.036 0.00000 -1 ACTUAL_TF
61.2038 0.0393323 -1.6817351 0.6763334 -0.42714424 0.63989035 -0.52285909 -0.36702385 0.001941 1789534083.378335953 64.043 -4.147 0.042 0.00000 -1 ACTUAL_TF
61.2590 0.0394309 -1.6817291 0.6763327 -0.42714524 0.63988901 -0.52286216 -0.36702065 0.001887 1789534083.434361219 64.141 -4.246 0.046 0.00000 -1 ACTUAL_TF
61.3123 0.0395373 -1.6817290 0.6763377 -0.42713912 0.63988978 -0.52286569 -0.36702140 0.001893 1789534083.490315914 64.248 -4.352 0.042 0.00000 -1 ACTUAL_TF
61.3714 0.0396466 -1.6817229 0.6763350 -0.42713789 0.63989144 -0.52286539 -0.36702036 0.001911 1789534083.546331644 64.357 -4.462 0.047 0.00000 -1 ACTUAL_TF
61.4270 0.0397419 -1.6817154 0.6763294 -0.42714210 0.63989239 -0.52286417 -0.36701554 0.001850 1789534083.602345705 64.453 -4.557 0.056 0.00000 -1 ACTUAL_TF
61.4818 0.0398425 -1.6817070 0.6763238 -0.42714367 0.63989504 -0.52286044 -0.36701441 0.001837 1789534083.658360958 64.553 -4.658 0.065 0.00000 -1 ACTUAL_TF
61.5394 0.0399175 -1.6817048 0.6763248 -0.42714184 0.63989709 -0.52285744 -0.36701726 0.001688 1789534083.714384794 64.628 -4.733 0.066 0.00000 -1 ACTUAL_TF
61.5969 0.0400014 -1.6816990 0.6763234 -0.42716052 0.63988535 -0.52284682 -0.36703110 0.001632 1789534083.770377636 64.712 -4.817 0.070 0.00000 -1 ACTUAL_TF
61.6556 0.0400661 -1.6816970 0.6763270 -0.42717324 0.63987609 -0.52284342 -0.36703730 0.001490 1789534083.826341391 64.777 -4.882 0.068 0.00000 -1 ACTUAL_TF
61.7058 0.0401184 -1.6817007 0.6763298 -0.42717126 0.63987677 -0.52284547 -0.36703549 0.001324 1789534083.882372141 64.829 -4.934 0.064 0.00000 -1 ACTUAL_TF
61.7666 0.0401423 -1.6816982 0.6763293 -0.42717068 0.63987729 -0.52284594 -0.36703458 0.001056 1789534083.938319445 64.853 -4.958 0.065 0.00000 -1 ACTUAL_TF
61.8194 0.0401568 -1.6816987 0.6763320 -0.42716974 0.63987810 -0.52284635 -0.36703369 0.000818 1789534083.994359970 64.868 -4.972 0.063 0.00000 -1 ACTUAL_TF
61.8800 0.0401646 -1.6816944 0.6763306 -0.42717165 0.63987816 -0.52284445 -0.36703406 0.000621 1789534084.050390244 64.876 -4.980 0.066 0.00000 -1 ACTUAL_TF
