WELD FEEDBACK LOG
result=completed
started=2026-09-14 11:00:01
ended=2026-09-14 11:00:26
elapsed_seconds=24.869

================ OPERATOR OVERVIEW ================
REQUESTED : 190 A / 24.5 V · FE-SOLID 1.2 mm · LSM · CO2 100%
RX ECHO   : 190 A / 24.5 V · MATCH=YES
CURRENT FB: no positive feedback A
VOLTAGE FB: no positive feedback V
WIRE FEED : no positive feedback m/min
WCR       : NOT DETECTED
SAMPLES   : RX 621 / welding 0 / TCP 445
===================================================

[commanded]
current_a=190
voltage_tenths=245
voltage=24.5
material=FE-SOLID
diameter_mm=1.2
mode=LSM
gas=CO2 100%
synergic=False
correction=0.0
pre_gas_s=0.0
post_gas_s=0.0
preflow_seconds=0.0

[rx_setting_echo]
current_a=190
voltage_v=24.5

[rx_welding_setting_echo]

[execution_conditions]
mode=sequence_execute
run_all=True
touch_io_backend=fastech_ethernet
touch_input_port=4
touch_sensing_output_port=0
fastech_ip=192.168.0.3
fastech_poll_target_hz=100.0
hicomm_source_ip=192.168.1.2
hicomm_welder_ip=192.168.1.10
hicomm_port=60000
gui_velocity_percent=36.95263157894737
gui_speed_mode=scale
gui_tcp_speed_mm_s=10.0
gui_interpolation_step_mm=5.0
seam_wall_offset_mm=0.0
seam_floor_offset_mm=0.0
seam_orientation_mode=Wait poses + fixed World-XYZ tilt
weld_fixed_tilt_x_deg=0.0
weld_fixed_tilt_y_deg=0.0
weld_fixed_tilt_z_deg=-0.0
weld_weave_enabled=False
weld_weave_pattern=circle
weld_weave_amplitude_mm=2.8
weld_weave_cycles=4
weld_weave_samples_per_cycle=8
weld_weave_axis=tool_x
weld_lead_in_mm=0.0
weld_lead_out_mm=5.0
weld_safe_approach_mm=30.0
weld_approach_mode=taught_wait
weld_pre_start_lead_mm=0.0
weld_tcp_speed_mm_s=7.0
weld_adaptive_line_energy=False
weld_adaptive_min_percent=85.0
weld_adaptive_max_percent=100.0
weld_adaptive_filter_tau_s=0.7
weld_adaptive_baseline_mm=6.0
weld_arc_off_delay_ms=500.0
weld_arc_stabilize_s=0.0
tcp_tracking.parent_frame=World
tcp_tracking.child_frame=right_manipulator_ee_point
tcp_tracking.timestamp_source=TF_header_stamp
initial_fastech_di0=False
initial_fastech_do0=True
robot_connected.left=True
robot_connected.right=True
robot_connected.head=True
hicomm_connected=True
execution_allowed=True
steps[0].sequence_number=1
steps[0].type=named_pose
steps[0].parallel_slot=1
steps[0].duration=0.0
steps[0].planning_group=right_manipulator
steps[0].velocity_scale=0.3695263157894737
steps[0].tcp_speed_m_s=0.0
steps[0].pose_name=weld_start_wait
steps[0].pose_label=3 · Weld start wait pose
steps[0].touch_guard=False
steps[0].continue_after_touch=False
steps[0].weld_scenario_id=weld-5639035077054
steps[0].weld_scenario_stage=start_wait
steps[0].target_tcp.position_m.x=0.032096829913591085
steps[0].target_tcp.position_m.y=-1.75511170919137
steps[0].target_tcp.position_m.z=0.666469532835309
steps[0].target_tcp.orientation_xyzw.x=-0.45070947643195025
steps[0].target_tcp.orientation_xyzw.y=0.7443445721713379
steps[0].target_tcp.orientation_xyzw.z=-0.43183569776980846
steps[0].target_tcp.orientation_xyzw.w=-0.23733953708804617
steps[0].joint_names[0]=right_manipulator_joint1
steps[0].joint_names[1]=right_manipulator_joint2
steps[0].joint_names[2]=right_manipulator_joint3
steps[0].joint_names[3]=right_manipulator_joint4
steps[0].joint_names[4]=right_manipulator_joint5
steps[0].joint_names[5]=right_manipulator_joint6
steps[0].joint_positions_rad[0]=5.053790785798526
steps[0].joint_positions_rad[1]=1.1910601817021331
steps[0].joint_positions_rad[2]=1.7820072386332824
steps[0].joint_positions_rad[3]=3.4788367319097975
steps[0].joint_positions_rad[4]=0.8703898203730464
steps[0].joint_positions_rad[5]=1.506228651956198
steps[1].sequence_number=2
steps[1].type=motion
steps[1].parallel_slot=2
steps[1].duration=0.0
steps[1].planning_group=right_manipulator
steps[1].velocity_scale=0.3695263157894737
steps[1].tcp_speed_m_s=0.0
steps[1].interpolation_step=0.005
steps[1].path_kind=taught_wait_align_weld_attitude
steps[1].touch_guard=False
steps[1].continue_after_touch=False
steps[1].accept_initial_touch=False
steps[1].weld_scenario_id=weld-5639035077054
steps[1].weld_scenario_stage=start_safe
steps[1].waypoint_count=1
steps[1].waypoints[0].position_m.x=0.032096829913591085
steps[1].waypoints[0].position_m.y=-1.75511170919137
steps[1].waypoints[0].position_m.z=0.666469532835309
steps[1].waypoints[0].orientation_xyzw.x=-0.450677630287808
steps[1].waypoints[0].orientation_xyzw.y=0.7443446637249622
steps[1].waypoints[0].orientation_xyzw.z=-0.4318620309828818
steps[1].waypoints[0].orientation_xyzw.w=-0.2373518092150962
steps[2].sequence_number=3
steps[2].type=motion
steps[2].parallel_slot=3
steps[2].duration=0.0
steps[2].planning_group=right_manipulator
steps[2].velocity_scale=0.3695263157894737
steps[2].tcp_speed_m_s=0.0
steps[2].interpolation_step=0.005
steps[2].path_kind=taught_wait_to_weld_start
steps[2].touch_guard=False
steps[2].continue_after_touch=True
steps[2].accept_initial_touch=False
steps[2].weld_scenario_id=weld-5639035077054
steps[2].weld_scenario_stage=start_contact
steps[2].waypoint_count=1
steps[2].waypoints[0].position_m.x=0.028895292918917015
steps[2].waypoints[0].position_m.y=-1.7552362373191528
steps[2].waypoints[0].position_m.z=0.6659650727341753
steps[2].waypoints[0].orientation_xyzw.x=-0.450677630287808
steps[2].waypoints[0].orientation_xyzw.y=0.7443446637249622
steps[2].waypoints[0].orientation_xyzw.z=-0.4318620309828818
steps[2].waypoints[0].orientation_xyzw.w=-0.2373518092150962
steps[3].sequence_number=4
steps[3].type=digital_output
steps[3].parallel_slot=4
steps[3].duration=0.0
steps[3].port=0
steps[3].value=False
steps[3].weld_scenario_id=weld-5639035077054
steps[3].weld_scenario_stage=touch_output_off
steps[4].sequence_number=5
steps[4].type=digital_weld
steps[4].parallel_slot=5
steps[4].duration=0.0
steps[4].command=on
steps[4].weld_scenario_id=weld-5639035077054
steps[4].weld_scenario_stage=arc_on
steps[4].arc_stabilize_s=0.0
steps[4].settings.current_a=190
steps[4].settings.voltage_tenths=245
steps[4].settings.voltage=24.5
steps[4].settings.material=FE-SOLID
steps[4].settings.diameter_mm=1.2
steps[4].settings.mode=LSM
steps[4].settings.gas=CO2 100%
steps[4].settings.synergic=False
steps[4].settings.correction=0.0
steps[4].settings.pre_gas_s=0.0
steps[4].settings.post_gas_s=0.0
steps[4].settings.preflow_seconds=0.0
steps[5].sequence_number=6
steps[5].type=motion
steps[5].parallel_slot=5
steps[5].duration=0.0
steps[5].planning_group=right_manipulator
steps[5].velocity_scale=0.3695263157894737
steps[5].tcp_speed_m_s=0.007
steps[5].interpolation_step=0.005
steps[5].path_kind=continuous_lead_to_lead_over_taught_goal_fastech_di0_ignored
steps[5].touch_guard=False
steps[5].weld_scenario_id=weld-5639035077054
steps[5].weld_scenario_stage=weld_motion
steps[5].lead_in_mm=0.0
steps[5].lead_out_mm=5.0
steps[5].linear_motion_profile=True
steps[5].adaptive_line_energy=False
steps[5].adaptive_min_factor=0.85
steps[5].adaptive_max_factor=1.0
steps[5].adaptive_filter_tau_s=0.7
steps[5].adaptive_baseline_mm=6.0
steps[5].adaptive_end_freeze_mm=10.0
steps[5].adaptive_current_deadband_a=8.0
steps[5].adaptive_power_deadband_ratio=0.05
steps[5].adaptive_slew_m_s2=0.00025
steps[5].adaptive_update_period_s=0.5
steps[5].arc_stabilize_s=0.0
steps[5].waypoint_count=2
steps[5].waypoints[0].position_m.x=0.028895292918917015
steps[5].waypoints[0].position_m.y=-1.7552362373191528
steps[5].waypoints[0].position_m.z=0.6659650727341753
steps[5].waypoints[0].orientation_xyzw.x=-0.450677630287808
steps[5].waypoints[0].orientation_xyzw.y=0.7443446637249622
steps[5].waypoints[0].orientation_xyzw.z=-0.4318620309828818
steps[5].waypoints[0].orientation_xyzw.w=-0.2373518092150962
steps[5].waypoints[1].position_m.x=0.025298305596208256
steps[5].waypoints[1].position_m.y=-1.5897989203857923
steps[5].waypoints[1].position_m.z=0.6679761986569503
steps[5].waypoints[1].orientation_xyzw.x=-0.4506872350642114
steps[5].waypoints[1].orientation_xyzw.y=0.7443586260675319
steps[5].waypoints[1].orientation_xyzw.z=-0.43184122032347166
steps[5].waypoints[1].orientation_xyzw.w=-0.23732764773318607
steps[5].lead_start.position_m.x=0.028895292918917015
steps[5].lead_start.position_m.y=-1.7552362373191528
steps[5].lead_start.position_m.z=0.6659650727341753
steps[5].lead_start.orientation_xyzw.x=-0.450677630287808
steps[5].lead_start.orientation_xyzw.y=0.7443446637249622
steps[5].lead_start.orientation_xyzw.z=-0.4318620309828818
steps[5].lead_start.orientation_xyzw.w=-0.2373518092150962
steps[5].usable_seam_start.position_m.x=0.028895292918917015
steps[5].usable_seam_start.position_m.y=-1.7552362373191528
steps[5].usable_seam_start.position_m.z=0.6659650727341753
steps[5].usable_seam_start.orientation_xyzw.x=-0.450677630287808
steps[5].usable_seam_start.orientation_xyzw.y=0.7443446637249622
steps[5].usable_seam_start.orientation_xyzw.z=-0.4318620309828818
steps[5].usable_seam_start.orientation_xyzw.w=-0.2373518092150962
steps[5].usable_seam_goal.position_m.x=0.02540698337012781
steps[5].usable_seam_goal.position_m.y=-1.5947973698421007
steps[5].usable_seam_goal.position_m.z=0.6679154353934884
steps[5].usable_seam_goal.orientation_xyzw.x=-0.4506872350642114
steps[5].usable_seam_goal.orientation_xyzw.y=0.7443586260675319
steps[5].usable_seam_goal.orientation_xyzw.z=-0.43184122032347166
steps[5].usable_seam_goal.orientation_xyzw.w=-0.23732764773318607
steps[5].lead_end.position_m.x=0.025298305596208256
steps[5].lead_end.position_m.y=-1.5897989203857923
steps[5].lead_end.position_m.z=0.6679761986569503
steps[5].lead_end.orientation_xyzw.x=-0.4506872350642114
steps[5].lead_end.orientation_xyzw.y=0.7443586260675319
steps[5].lead_end.orientation_xyzw.z=-0.43184122032347166
steps[5].lead_end.orientation_xyzw.w=-0.23732764773318607
steps[6].sequence_number=7
steps[6].type=digital_weld
steps[6].parallel_slot=5
steps[6].duration=0.0
steps[6].velocity_scale=0.3695263157894737
steps[6].tcp_speed_m_s=0.007
steps[6].command=off
steps[6].weld_scenario_id=weld-5639035077054
steps[6].weld_scenario_stage=arc_off
steps[6].adaptive_line_energy=False
steps[6].trigger_before_goal=True
steps[6].arc_off_delay_s=0.5
steps[6].settings.current_a=190
steps[6].settings.voltage_tenths=245
steps[6].settings.voltage=24.5
steps[6].settings.material=FE-SOLID
steps[6].settings.diameter_mm=1.2
steps[6].settings.mode=LSM
steps[6].settings.gas=CO2 100%
steps[6].settings.synergic=False
steps[6].settings.correction=0.0
steps[6].settings.pre_gas_s=0.0
steps[6].settings.post_gas_s=0.0
steps[6].settings.preflow_seconds=0.0
steps[7].sequence_number=8
steps[7].type=motion
steps[7].parallel_slot=6
steps[7].duration=0.0
steps[7].planning_group=right_manipulator
steps[7].velocity_scale=0.3695263157894737
steps[7].tcp_speed_m_s=0.0
steps[7].interpolation_step=0.005
steps[7].path_kind=weld_end_to_taught_wait_fixed_attitude
steps[7].pose_name=weld_goal_wait
steps[7].pose_label=5 · Weld goal wait pose
steps[7].touch_guard=False
steps[7].continue_after_touch=False
steps[7].weld_scenario_id=weld-5639035077054
steps[7].weld_scenario_stage=goal_wait
steps[7].waypoint_count=1
steps[7].waypoints[0].position_m.x=0.028908024458089487
steps[7].waypoints[0].position_m.y=-1.594830978750877
steps[7].waypoints[0].position_m.z=0.6684406069147257
steps[7].waypoints[0].orientation_xyzw.x=-0.4506872350642114
steps[7].waypoints[0].orientation_xyzw.y=0.7443586260675319
steps[7].waypoints[0].orientation_xyzw.z=-0.43184122032347166
steps[7].waypoints[0].orientation_xyzw.w=-0.23732764773318607
steps[8].sequence_number=9
steps[8].type=named_pose
steps[8].parallel_slot=7
steps[8].duration=0.0
steps[8].planning_group=right_manipulator
steps[8].velocity_scale=0.3695263157894737
steps[8].tcp_speed_m_s=0.0
steps[8].pose_name=weld_finish
steps[8].pose_label=7 · Weld end pose
steps[8].touch_guard=False
steps[8].continue_after_touch=False
steps[8].weld_scenario_id=weld-5639035077054
steps[8].weld_scenario_stage=finish
steps[8].target_tcp.position_m.x=0.025379055693462993
steps[8].target_tcp.position_m.y=-1.5947772920704835
steps[8].target_tcp.position_m.z=0.7127266826876155
steps[8].target_tcp.orientation_xyzw.x=-0.45071790551432755
steps[8].target_tcp.orientation_xyzw.y=0.7443335558909772
steps[8].target_tcp.orientation_xyzw.z=-0.4318392803110648
steps[8].target_tcp.orientation_xyzw.w=-0.23735156035697988
steps[8].joint_names[0]=right_manipulator_joint1
steps[8].joint_names[1]=right_manipulator_joint2
steps[8].joint_names[2]=right_manipulator_joint3
steps[8].joint_names[3]=right_manipulator_joint4
steps[8].joint_names[4]=right_manipulator_joint5
steps[8].joint_names[5]=right_manipulator_joint6
steps[8].joint_positions_rad[0]=5.111823729112443
steps[8].joint_positions_rad[1]=1.1186630795747106
steps[8].joint_positions_rad[2]=2.002023359983797
steps[8].joint_positions_rad[3]=3.503608391105278
steps[8].joint_positions_rad[4]=1.0109655108821787
steps[8].joint_positions_rad[5]=1.562325210841518
steps[9].sequence_number=10
steps[9].type=digital_output
steps[9].parallel_slot=8
steps[9].duration=0.0
steps[9].port=0
steps[9].value=True
steps[9].weld_scenario_id=weld-5639035077054
steps[9].weld_scenario_stage=touch_output_on
hicomm_cyclic_period_ms=40.0
arc_wait_recognition=True
arc_wait_main_welding=True
arc_wait_established=True
arc_establishment_timeout_s=5.0

[summary]
rx_samples=621
welding_samples=0
wcr_seen=0
current_a.min=None
current_a.average=None
current_a.max=None
voltage_v.min=None
voltage_v.average=None
voltage_v.max=None
wire_feed_m_min.min=None
wire_feed_m_min.average=None
wire_feed_m_min.max=None

[arc_off_control]

[adaptive_speed_control]
enabled=False

[adaptive_speed_samples]
elapsed_s event along_mm remaining_mm filtered_current_a filtered_voltage_v power_w line_energy_j_mm governed_speed_mm_s commanded_speed_mm_s

[teaching_snapshot_yaml]
robot_start:
  planning_group: right_manipulator
  joint_state:
    names:
    - right_manipulator_joint1
    - right_manipulator_joint2
    - right_manipulator_joint3
    - right_manipulator_joint4
    - right_manipulator_joint5
    - right_manipulator_joint6
    positions_rad:
    - 5.035029881183354
    - 1.2636964356954448
    - 1.9258673391357821
    - 3.3830883675542873
    - 1.500601525730915
    - 1.8136513181797673
  tcp_pose_world:
    position_m:
      x: 0.01556545751256777
      y: -1.7159808817302935
      z: 0.7627047053950697
    orientation_xyzw:
      x: -0.32362288768645114
      y: 0.6734378245853714
      z: -0.6201634640919881
      w: -0.2390543887667213
weld_wait:
  planning_group: right_manipulator
  joint_state:
    names:
    - right_manipulator_joint1
    - right_manipulator_joint2
    - right_manipulator_joint3
    - right_manipulator_joint4
    - right_manipulator_joint5
    - right_manipulator_joint6
    positions_rad:
    - 5.050642929390052
    - 1.1230903185708583
    - 1.823098216356551
    - 3.483036270632743
    - 0.8447677472624757
    - 1.4950730696240195
  tcp_pose_world:
    position_m:
      x: 0.02887820655716189
      y: -1.7551621945478832
      z: 0.7258140410556086
    orientation_xyzw:
      x: -0.45072719756456925
      y: 0.7443588665273202
      z: -0.43179807025271794
      w: -0.23732951296411042
weld_start_wait:
  planning_group: right_manipulator
  joint_state:
    names:
    - right_manipulator_joint1
    - right_manipulator_joint2
    - right_manipulator_joint3
    - right_manipulator_joint4
    - right_manipulator_joint5
    - right_manipulator_joint6
    positions_rad:
    - 5.053790785798526
    - 1.1910601817021331
    - 1.7820072386332824
    - 3.4788367319097975
    - 0.8703898203730464
    - 1.506228651956198
  tcp_pose_world:
    position_m:
      x: 0.032096829913591085
      y: -1.75511170919137
      z: 0.666469532835309
    orientation_xyzw:
      x: -0.45070947643195025
      y: 0.7443445721713379
      z: -0.43183569776980846
      w: -0.23733953708804617
weld_start:
  planning_group: right_manipulator
  joint_state:
    names:
    - right_manipulator_joint1
    - right_manipulator_joint2
    - right_manipulator_joint3
    - right_manipulator_joint4
    - right_manipulator_joint5
    - right_manipulator_joint6
    positions_rad:
    - 5.050647190447796
    - 1.191511986981065
    - 1.782599525659716
    - 3.475055043161885
    - 0.8712707274826172
    - 1.5073600959453182
  tcp_pose_world:
    position_m:
      x: 0.028895292918917015
      y: -1.7552362373191528
      z: 0.6659650727341753
    orientation_xyzw:
      x: -0.450677630287808
      y: 0.7443446637249622
      z: -0.4318620309828818
      w: -0.2373518092150962
weld_goal_wait:
  planning_group: right_manipulator
  joint_state:
    names:
    - right_manipulator_joint1
    - right_manipulator_joint2
    - right_manipulator_joint3
    - right_manipulator_joint4
    - right_manipulator_joint5
    - right_manipulator_joint6
    positions_rad:
    - 5.115776392802338
    - 1.173377591012334
    - 1.9685681977380036
    - 3.502978020875257
    - 1.0309148511337987
    - 1.571202592019188
  tcp_pose_world:
    position_m:
      x: 0.028908024458089487
      y: -1.594830978750877
      z: 0.6684406069147257
    orientation_xyzw:
      x: -0.45067217576029595
      y: 0.7443455474409403
      z: -0.43187143563321523
      w: -0.23734228254660755
weld_end:
  planning_group: right_manipulator
  joint_state:
    names:
    - right_manipulator_joint1
    - right_manipulator_joint2
    - right_manipulator_joint3
    - right_manipulator_joint4
    - right_manipulator_joint5
    - right_manipulator_joint6
    positions_rad:
    - 5.111827457537968
    - 1.1739889196405617
    - 1.9694453098430214
    - 3.498714033653931
    - 1.0322361785086416
    - 1.5717987406292024
  tcp_pose_world:
    position_m:
      x: 0.02540698337012781
      y: -1.5947973698421007
      z: 0.6679154353934884
    orientation_xyzw:
      x: -0.4506872350642114
      y: 0.7443586260675319
      z: -0.43184122032347166
      w: -0.23732764773318607
weld_finish:
  planning_group: right_manipulator
  joint_state:
    names:
    - right_manipulator_joint1
    - right_manipulator_joint2
    - right_manipulator_joint3
    - right_manipulator_joint4
    - right_manipulator_joint5
    - right_manipulator_joint6
    positions_rad:
    - 5.111823729112443
    - 1.1186630795747106
    - 2.002023359983797
    - 3.503608391105278
    - 1.0109655108821787
    - 1.562325210841518
  tcp_pose_world:
    position_m:
      x: 0.025379055693462993
      y: -1.5947772920704835
      z: 0.7127266826876155
    orientation_xyzw:
      x: -0.45071790551432755
      y: 0.7443335558909772
      z: -0.4318392803110648
      w: -0.23735156035697988

[touch_snapshot_yaml]
{}

[samples]
elapsed_s raw0 state arc gas fwd wcr current_a voltage_v wire_feed_m_min set_current_a set_voltage_v error db collision
0.030 0x00 idle 0 0 0 0 0 0.0 0.0 190 24.5 0 0 0
0.066 0x00 idle 0 0 0 0 0 0.0 0.0 190 24.5 0 0 0
0.113 0x00 idle 0 0 0 0 0 0.0 0.0 190 24.5 0 0 0
0.148 0x00 idle 0 0 0 0 0 0.0 0.0 190 24.5 0 0 0
0.189 0x00 idle 0 0 0 0 0 0.0 0.0 190 24.5 0 0 0
0.228 0x00 idle 0 0 0 0 0 0.0 0.0 190 24.5 0 0 0
0.269 0x00 idle 0 0 0 0 0 0.0 0.0 190 24.5 0 0 0
0.304 0x00 idle 0 0 0 0 0 0.0 0.0 190 24.5 0 0 0
0.350 0x00 idle 0 0 0 0 0 0.0 0.0 190 24.5 0 0 0
0.382 0x00 idle 0 0 0 0 0 0.0 0.0 190 24.5 0 0 0
0.430 0x00 idle 0 0 0 0 0 0.0 0.0 190 24.5 0 0 0
0.464 0x00 idle 0 0 0 0 0 0.0 0.0 190 24.5 0 0 0
0.509 0x00 idle 0 0 0 0 0 0.0 0.0 190 24.5 0 0 0
0.548 0x00 idle 0 0 0 0 0 0.0 0.0 190 24.5 0 0 0
0.583 0x00 idle 0 0 0 0 0 0.0 0.0 190 24.5 0 0 0
0.625 0x00 idle 0 0 0 0 0 0.0 0.0 190 24.5 0 0 0
0.668 0x00 idle 0 0 0 0 0 0.0 0.0 190 24.5 0 0 0
0.705 0x00 idle 0 0 0 0 0 0.0 0.0 190 24.5 0 0 0
0.744 0x00 idle 0 0 0 0 0 0.0 0.0 190 24.5 0 0 0
0.787 0x00 idle 0 0 0 0 0 0.0 0.0 190 24.5 0 0 0
0.830 0x00 idle 0 0 0 0 0 0.0 0.0 190 24.5 0 0 0
0.864 0x00 idle 0 0 0 0 0 0.0 0.0 190 24.5 0 0 0
0.909 0x00 idle 0 0 0 0 0 0.0 0.0 190 24.5 0 0 0
0.949 0x00 idle 0 0 0 0 0 0.0 0.0 190 24.5 0 0 0
0.992 0x00 idle 0 0 0 0 0 0.0 0.0 190 24.5 0 0 0
1.025 0x00 idle 0 0 0 0 0 0.0 0.0 190 24.5 0 0 0
1.065 0x00 idle 0 0 0 0 0 0.0 0.0 190 24.5 0 0 0
1.110 0x00 idle 0 0 0 0 0 0.0 0.0 190 24.5 0 0 0
1.148 0x00 idle 0 0 0 0 0 0.0 0.0 190 24.5 0 0 0
1.185 0x00 idle 0 0 0 0 0 0.0 0.0 190 24.5 0 0 0
1.230 0x00 idle 0 0 0 0 0 0.0 0.0 190 24.5 0 0 0
1.265 0x00 idle 0 0 0 0 0 0.0 0.0 190 24.5 0 0 0
1.305 0x00 idle 0 0 0 0 0 0.0 0.0 190 24.5 0 0 0
1.344 0x00 idle 0 0 0 0 0 0.0 0.0 190 24.5 0 0 0
1.386 0x00 idle 0 0 0 0 0 0.0 0.0 190 24.5 0 0 0
1.429 0x00 idle 0 0 0 0 0 0.0 0.0 190 24.5 0 0 0
1.465 0x00 idle 0 0 0 0 0 0.0 0.0 190 24.5 0 0 0
1.506 0x00 idle 0 0 0 0 0 0.0 0.0 190 24.5 0 0 0
1.547 0x00 idle 0 0 0 0 0 0.0 0.0 190 24.5 0 0 0
1.590 0x00 idle 0 0 0 0 0 0.0 0.0 190 24.5 0 0 0
1.628 0x00 idle 0 0 0 0 0 0.0 0.0 190 24.5 0 0 0
1.671 0x00 idle 0 0 0 0 0 0.0 0.0 190 24.5 0 0 0
1.705 0x00 idle 0 0 0 0 0 0.0 0.0 190 24.5 0 0 0
1.751 0x00 idle 0 0 0 0 0 0.0 0.0 190 24.5 0 0 0
1.788 0x00 idle 0 0 0 0 0 0.0 0.0 190 24.5 0 0 0
1.826 0x00 idle 0 0 0 0 0 0.0 0.0 190 24.5 0 0 0
1.866 0x00 idle 0 0 0 0 0 0.0 0.0 190 24.5 0 0 0
1.905 0x00 idle 0 0 0 0 0 0.0 0.0 190 24.5 0 0 0
1.952 0x00 idle 0 0 0 0 0 0.0 0.0 190 24.5 0 0 0
1.987 0x00 idle 0 0 0 0 0 0.0 0.0 190 24.5 0 0 0
2.024 0x00 idle 0 0 0 0 0 0.0 0.0 190 24.5 0 0 0
2.066 0x00 idle 0 0 0 0 0 0.0 0.0 190 24.5 0 0 0
2.108 0x00 idle 0 0 0 0 0 0.0 0.0 190 24.5 0 0 0
2.145 0x00 idle 0 0 0 0 0 0.0 0.0 190 24.5 0 0 0
2.184 0x00 idle 0 0 0 0 0 0.0 0.0 190 24.5 0 0 0
2.228 0x00 idle 0 0 0 0 0 0.0 0.0 190 24.5 0 0 0
2.266 0x00 idle 0 0 0 0 0 0.0 0.0 190 24.5 0 0 0
2.303 0x00 idle 0 0 0 0 0 0.0 0.0 190 24.5 0 0 0
2.344 0x00 idle 0 0 0 0 0 0.0 0.0 190 24.5 0 0 0
2.388 0x00 idle 0 0 0 0 0 0.0 0.0 190 24.5 0 0 0
2.427 0x00 idle 0 0 0 0 0 0.0 0.0 190 24.5 0 0 0
2.468 0x00 idle 0 0 0 0 0 0.0 0.0 190 24.5 0 0 0
2.510 0x00 idle 0 0 0 0 0 0.0 0.0 190 24.5 0 0 0
2.547 0x00 idle 0 0 0 0 0 0.0 0.0 190 24.5 0 0 0
2.589 0x00 idle 0 0 0 0 0 0.0 0.0 190 24.5 0 0 0
2.630 0x00 idle 0 0 0 0 0 0.0 0.0 190 24.5 0 0 0
2.665 0x00 idle 0 0 0 0 0 0.0 0.0 190 24.5 0 0 0
2.709 0x00 idle 0 0 0 0 0 0.0 0.0 190 24.5 0 0 0
2.747 0x00 idle 0 0 0 0 0 0.0 0.0 190 24.5 0 0 0
2.783 0x00 idle 0 0 0 0 0 0.0 0.0 190 24.5 0 0 0
2.828 0x00 idle 0 0 0 0 0 0.0 0.0 190 24.5 0 0 0
2.868 0x00 idle 0 0 0 0 0 0.0 0.0 190 24.5 0 0 0
2.907 0x00 idle 0 0 0 0 0 0.0 0.0 190 24.5 0 0 0
2.945 0x00 idle 0 0 0 0 0 0.0 0.0 190 24.5 0 0 0
2.984 0x00 idle 0 0 0 0 0 0.0 0.0 190 24.5 0 0 0
3.025 0x00 idle 0 0 0 0 0 0.0 0.0 190 24.5 0 0 0
3.064 0x00 idle 0 0 0 0 0 0.0 0.0 190 24.5 0 0 0
3.108 0x00 idle 0 0 0 0 0 0.0 0.0 190 24.5 0 0 0
3.146 0x00 idle 0 0 0 0 0 0.0 0.0 190 24.5 0 0 0
3.189 0x00 idle 0 0 0 0 0 0.0 0.0 190 24.5 0 0 0
3.226 0x00 idle 0 0 0 0 0 0.0 0.0 190 24.5 0 0 0
3.263 0x00 idle 0 0 0 0 0 0.0 0.0 190 24.5 0 0 0
3.310 0x00 idle 0 0 0 0 0 0.0 0.0 190 24.5 0 0 0
3.349 0x00 idle 0 0 0 0 0 0.0 0.0 190 24.5 0 0 0
3.388 0x00 idle 0 0 0 0 0 0.0 0.0 190 24.5 0 0 0
3.429 0x00 idle 0 0 0 0 0 0.0 0.0 190 24.5 0 0 0
3.471 0x00 idle 0 0 0 0 0 0.0 0.0 190 24.5 0 0 0
3.507 0x00 idle 0 0 0 0 0 0.0 0.0 190 24.5 0 0 0
3.547 0x00 idle 0 0 0 0 0 0.0 0.0 190 24.5 0 0 0
3.583 0x00 idle 0 0 0 0 0 0.0 0.0 190 24.5 0 0 0
3.628 0x00 idle 0 0 0 0 0 0.0 0.0 190 24.5 0 0 0
3.664 0x00 idle 0 0 0 0 0 0.0 0.0 190 24.5 0 0 0
3.705 0x00 idle 0 0 0 0 0 0.0 0.0 190 24.5 0 0 0
3.746 0x00 idle 0 0 0 0 0 0.0 0.0 190 24.5 0 0 0
3.783 0x00 idle 0 0 0 0 0 0.0 0.0 190 24.5 0 0 0
3.830 0x00 idle 0 0 0 0 0 0.0 0.0 190 24.5 0 0 0
3.870 0x00 idle 0 0 0 0 0 0.0 0.0 190 24.5 0 0 0
3.915 0x00 idle 0 0 0 0 0 0.0 0.0 190 24.5 0 0 0
3.946 0x00 idle 0 0 0 0 0 0.0 0.0 190 24.5 0 0 0
3.990 0x00 idle 0 0 0 0 0 0.0 0.0 190 24.5 0 0 0
4.025 0x00 idle 0 0 0 0 0 0.0 0.0 190 24.5 0 0 0
4.067 0x00 idle 0 0 0 0 0 0.0 0.0 190 24.5 0 0 0
4.105 0x00 idle 0 0 0 0 0 0.0 0.0 190 24.5 0 0 0
4.150 0x00 idle 0 0 0 0 0 0.0 0.0 190 24.5 0 0 0
4.193 0x00 idle 0 0 0 0 0 0.0 0.0 190 24.5 0 0 0
4.234 0x00 idle 0 0 0 0 0 0.0 0.0 190 24.5 0 0 0
4.271 0x00 idle 0 0 0 0 0 0.0 0.0 190 24.5 0 0 0
4.304 0x00 idle 0 0 0 0 0 0.0 0.0 190 24.5 0 0 0
4.348 0x00 idle 0 0 0 0 0 0.0 0.0 190 24.5 0 0 0
4.388 0x00 idle 0 0 0 0 0 0.0 0.0 190 24.5 0 0 0
4.427 0x00 idle 0 0 0 0 0 0.0 0.0 190 24.5 0 0 0
4.465 0x00 idle 0 0 0 0 0 0.0 0.0 190 24.5 0 0 0
4.507 0x00 idle 0 0 0 0 0 0.0 0.0 190 24.5 0 0 0
4.549 0x00 idle 0 0 0 0 0 0.0 0.0 190 24.5 0 0 0
4.586 0x00 idle 0 0 0 0 0 0.0 0.0 190 24.5 0 0 0
4.623 0x00 idle 0 0 0 0 0 0.0 0.0 190 24.5 0 0 0
4.667 0x00 idle 0 0 0 0 0 0.0 0.0 190 24.5 0 0 0
4.709 0x00 idle 0 0 0 0 0 0.0 0.0 190 24.5 0 0 0
4.747 0x00 idle 0 0 0 0 0 0.0 0.0 190 24.5 0 0 0
4.783 0x00 idle 0 0 0 0 0 0.0 0.0 190 24.5 0 0 0
4.824 0x00 idle 0 0 0 0 0 0.0 0.0 190 24.5 0 0 0
4.865 0x00 idle 0 0 0 0 0 0.0 0.0 190 24.5 0 0 0
4.913 0x00 idle 0 0 0 0 0 0.0 0.0 190 24.5 0 0 0
4.943 0x00 idle 0 0 0 0 0 0.0 0.0 190 24.5 0 0 0
4.986 0x00 idle 0 0 0 0 0 0.0 0.0 190 24.5 0 0 0
5.025 0x00 idle 0 0 0 0 0 0.0 0.0 190 24.5 0 0 0
5.067 0x00 idle 0 0 0 0 0 0.0 0.0 190 24.5 0 0 0
5.105 0x00 idle 0 0 0 0 0 0.0 0.0 190 24.5 0 0 0
5.146 0x00 idle 0 0 0 0 0 0.0 0.0 190 24.5 0 0 0
5.187 0x00 idle 0 0 0 0 0 0.0 0.0 190 24.5 0 0 0
5.225 0x00 idle 0 0 0 0 0 0.0 0.0 190 24.5 0 0 0
5.265 0x00 idle 0 0 0 0 0 0.0 0.0 190 24.5 0 0 0
5.312 0x00 idle 0 0 0 0 0 0.0 0.0 190 24.5 0 0 0
5.342 0x00 idle 0 0 0 0 0 0.0 0.0 190 24.5 0 0 0
5.387 0x00 idle 0 0 0 0 0 0.0 0.0 190 24.5 0 0 0
5.424 0x00 idle 0 0 0 0 0 0.0 0.0 190 24.5 0 0 0
5.469 0x00 idle 0 0 0 0 0 0.0 0.0 190 24.5 0 0 0
5.504 0x00 idle 0 0 0 0 0 0.0 0.0 190 24.5 0 0 0
5.548 0x00 idle 0 0 0 0 0 0.0 0.0 190 24.5 0 0 0
5.585 0x00 idle 0 0 0 0 0 0.0 0.0 190 24.5 0 0 0
5.627 0x00 idle 0 0 0 0 0 0.0 0.0 190 24.5 0 0 0
5.669 0x00 idle 0 0 0 0 0 0.0 0.0 190 24.5 0 0 0
5.708 0x00 idle 0 0 0 0 0 0.0 0.0 190 24.5 0 0 0
5.748 0x00 idle 0 0 0 0 0 0.0 0.0 190 24.5 0 0 0
5.787 0x00 idle 0 0 0 0 0 0.0 0.0 190 24.5 0 0 0
5.829 0x00 idle 0 0 0 0 0 0.0 0.0 190 24.5 0 0 0
5.865 0x00 idle 0 0 0 0 0 0.0 0.0 190 24.5 0 0 0
5.907 0x00 idle 0 0 0 0 0 0.0 0.0 190 24.5 0 0 0
5.952 0x00 idle 0 0 0 0 0 0.0 0.0 190 24.5 0 0 0
5.988 0x00 idle 0 0 0 0 0 0.0 0.0 190 24.5 0 0 0
6.026 0x00 idle 0 0 0 0 0 0.0 0.0 190 24.5 0 0 0
6.069 0x00 idle 0 0 0 0 0 0.0 0.0 190 24.5 0 0 0
6.111 0x00 idle 0 0 0 0 0 0.0 0.0 190 24.5 0 0 0
6.145 0x00 idle 0 0 0 0 0 0.0 0.0 190 24.5 0 0 0
6.185 0x00 idle 0 0 0 0 0 0.0 0.0 190 24.5 0 0 0
6.228 0x00 idle 0 0 0 0 0 0.0 0.0 190 24.5 0 0 0
6.265 0x00 idle 0 0 0 0 0 0.0 0.0 190 24.5 0 0 0
6.306 0x00 idle 0 0 0 0 0 0.0 0.0 190 24.5 0 0 0
6.351 0x00 idle 0 0 0 0 0 0.0 0.0 190 24.5 0 0 0
6.387 0x00 idle 0 0 0 0 0 0.0 0.0 190 24.5 0 0 0
6.428 0x00 idle 0 0 0 0 0 0.0 0.0 190 24.5 0 0 0
6.468 0x00 idle 0 0 0 0 0 0.0 0.0 190 24.5 0 0 0
6.511 0x00 idle 0 0 0 0 0 0.0 0.0 190 24.5 0 0 0
6.548 0x00 idle 0 0 0 0 0 0.0 0.0 190 24.5 0 0 0
6.585 0x00 idle 0 0 0 0 0 0.0 0.0 190 24.5 0 0 0
6.627 0x00 idle 0 0 0 0 0 0.0 0.0 190 24.5 0 0 0
6.668 0x00 idle 0 0 0 0 0 0.0 0.0 190 24.5 0 0 0
6.706 0x00 idle 0 0 0 0 0 0.0 0.0 190 24.5 0 0 0
6.748 0x00 idle 0 0 0 0 0 0.0 0.0 190 24.5 0 0 0
6.785 0x00 idle 0 0 0 0 0 0.0 0.0 190 24.5 0 0 0
6.822 0x00 idle 0 0 0 0 0 0.0 0.0 190 24.5 0 0 0
6.872 0x00 idle 0 0 0 0 0 0.0 0.0 190 24.5 0 0 0
6.912 0x00 idle 0 0 0 0 0 0.0 0.0 190 24.5 0 0 0
6.948 0x00 idle 0 0 0 0 0 0.0 0.0 190 24.5 0 0 0
6.987 0x00 idle 0 0 0 0 0 0.0 0.0 190 24.5 0 0 0
7.026 0x00 idle 0 0 0 0 0 0.0 0.0 190 24.5 0 0 0
7.066 0x00 idle 0 0 0 0 0 0.0 0.0 190 24.5 0 0 0
7.105 0x00 idle 0 0 0 0 0 0.0 0.0 190 24.5 0 0 0
7.148 0x00 idle 0 0 0 0 0 0.0 0.0 190 24.5 0 0 0
7.190 0x00 idle 0 0 0 0 0 0.0 0.0 190 24.5 0 0 0
7.231 0x00 idle 0 0 0 0 0 0.0 0.0 190 24.5 0 0 0
7.270 0x00 idle 0 0 0 0 0 0.0 0.0 190 24.5 0 0 0
7.304 0x00 idle 0 0 0 0 0 0.0 0.0 190 24.5 0 0 0
7.343 0x00 idle 0 0 0 0 0 0.0 0.0 190 24.5 0 0 0
7.391 0x00 idle 0 0 0 0 0 0.0 0.0 190 24.5 0 0 0
7.425 0x00 idle 0 0 0 0 0 0.0 0.0 190 24.5 0 0 0
7.467 0x00 idle 0 0 0 0 0 0.0 0.0 190 24.5 0 0 0
7.507 0x00 idle 0 0 0 0 0 0.0 0.0 190 24.5 0 0 0
7.547 0x00 idle 0 0 0 0 0 0.0 0.0 190 24.5 0 0 0
7.586 0x00 idle 0 0 0 0 0 0.0 0.0 190 24.5 0 0 0
7.627 0x00 idle 0 0 0 0 0 0.0 0.0 190 24.5 0 0 0
7.663 0x00 idle 0 0 0 0 0 0.0 0.0 190 24.5 0 0 0
7.710 0x00 idle 0 0 0 0 0 0.0 0.0 190 24.5 0 0 0
7.748 0x00 idle 0 0 0 0 0 0.0 0.0 190 24.5 0 0 0
7.787 0x00 idle 0 0 0 0 0 0.0 0.0 190 24.5 0 0 0
7.828 0x00 idle 0 0 0 0 0 0.0 0.0 190 24.5 0 0 0
7.867 0x00 idle 0 0 0 0 0 0.0 0.0 190 24.5 0 0 0
7.909 0x00 idle 0 0 0 0 0 0.0 0.0 190 24.5 0 0 0
7.948 0x00 idle 0 0 0 0 0 0.0 0.0 190 24.5 0 0 0
7.991 0x00 idle 0 0 0 0 0 0.0 0.0 190 24.5 0 0 0
8.024 0x00 idle 0 0 0 0 0 0.0 0.0 190 24.5 0 0 0
8.066 0x00 idle 0 0 0 0 0 0.0 0.0 190 24.5 0 0 0
8.115 0x00 idle 0 0 0 0 0 0.0 0.0 190 24.5 0 0 0
8.146 0x00 idle 0 0 0 0 0 0.0 0.0 190 24.5 0 0 0
8.185 0x00 idle 0 0 0 0 0 0.0 0.0 190 24.5 0 0 0
8.224 0x00 idle 0 0 0 0 0 0.0 0.0 190 24.5 0 0 0
8.280 0x00 idle 0 0 0 0 0 0.0 0.0 190 24.5 0 0 0
8.307 0x00 idle 0 0 0 0 0 0.0 0.0 190 24.5 0 0 0
8.345 0x00 idle 0 0 0 0 0 0.0 0.0 190 24.5 0 0 0
8.388 0x00 idle 0 0 0 0 0 0.0 0.0 190 24.5 0 0 0
8.424 0x00 idle 0 0 0 0 0 0.0 0.0 190 24.5 0 0 0
8.465 0x00 idle 0 0 0 0 0 0.0 0.0 190 24.5 0 0 0
8.503 0x00 idle 0 0 0 0 0 0.0 0.0 190 24.5 0 0 0
8.544 0x00 idle 0 0 0 0 0 0.0 0.0 190 24.5 0 0 0
8.584 0x00 idle 0 0 0 0 0 0.0 0.0 190 24.5 0 0 0
8.628 0x00 idle 0 0 0 0 0 0.0 0.0 190 24.5 0 0 0
8.665 0x00 idle 0 0 0 0 0 0.0 0.0 190 24.5 0 0 0
8.708 0x00 idle 0 0 0 0 0 0.0 0.0 190 24.5 0 0 0
8.752 0x00 idle 0 0 0 0 0 0.0 0.0 190 24.5 0 0 0
8.786 0x00 idle 0 0 0 0 0 0.0 0.0 190 24.5 0 0 0
8.833 0x00 idle 0 0 0 0 0 0.0 0.0 190 24.5 0 0 0
8.869 0x00 idle 0 0 0 0 0 0.0 0.0 190 24.5 0 0 0
8.908 0x00 idle 0 0 0 0 0 0.0 0.0 190 24.5 0 0 0
8.944 0x00 idle 0 0 0 0 0 0.0 0.0 190 24.5 0 0 0
8.983 0x00 idle 0 0 0 0 0 0.0 0.0 190 24.5 0 0 0
9.027 0x00 idle 0 0 0 0 0 0.0 0.0 190 24.5 0 0 0
9.066 0x00 idle 0 0 0 0 0 0.0 0.0 190 24.5 0 0 0
9.103 0x00 idle 0 0 0 0 0 0.0 0.0 190 24.5 0 0 0
9.142 0x00 idle 0 0 0 0 0 0.0 0.0 190 24.5 0 0 0
9.185 0x00 idle 0 0 0 0 0 0.0 0.0 190 24.5 0 0 0
9.228 0x00 idle 0 0 0 0 0 0.0 0.0 190 24.5 0 0 0
9.276 0x00 idle 0 0 0 0 0 0.0 0.0 190 24.5 0 0 0
9.307 0x00 idle 0 0 0 0 0 0.0 0.0 190 24.5 0 0 0
9.345 0x00 idle 0 0 0 0 0 0.0 0.0 190 24.5 0 0 0
9.389 0x00 idle 0 0 0 0 0 0.0 0.0 190 24.5 0 0 0
9.423 0x00 idle 0 0 0 0 0 0.0 0.0 190 24.5 0 0 0
9.466 0x00 idle 0 0 0 0 0 0.0 0.0 190 24.5 0 0 0
9.504 0x00 idle 0 0 0 0 0 0.0 0.0 190 24.5 0 0 0
9.545 0x00 idle 0 0 0 0 0 0.0 0.0 190 24.5 0 0 0
9.584 0x00 idle 0 0 0 0 0 0.0 0.0 190 24.5 0 0 0
9.628 0x00 idle 0 0 0 0 0 0.0 0.0 190 24.5 0 0 0
9.667 0x00 idle 0 0 0 0 0 0.0 0.0 190 24.5 0 0 0
9.704 0x00 idle 0 0 0 0 0 0.0 0.0 190 24.5 0 0 0
9.745 0x00 idle 0 0 0 0 0 0.0 0.0 190 24.5 0 0 0
9.785 0x00 idle 0 0 0 0 0 0.0 0.0 190 24.5 0 0 0
9.828 0x00 idle 0 0 0 0 0 0.0 0.0 190 24.5 0 0 0
9.866 0x00 idle 0 0 0 0 0 0.0 0.0 190 24.5 0 0 0
9.906 0x00 idle 0 0 0 0 0 0.0 0.0 190 24.5 0 0 0
9.944 0x00 idle 0 0 0 0 0 0.0 0.0 190 24.5 0 0 0
9.983 0x00 idle 0 0 0 0 0 0.0 0.0 190 24.5 0 0 0
10.031 0x00 idle 0 0 0 0 0 0.0 0.0 190 24.5 0 0 0
10.064 0x00 idle 0 0 0 0 0 0.0 0.0 190 24.5 0 0 0
10.108 0x00 idle 0 0 0 0 0 0.0 0.0 190 24.5 0 0 0
10.143 0x00 idle 0 0 0 0 0 0.0 0.0 190 24.5 0 0 0
10.185 0x00 idle 0 0 0 0 0 0.0 0.0 190 24.5 0 0 0
10.236 0x00 idle 0 0 0 0 0 0.0 0.0 190 24.5 0 0 0
10.268 0x00 idle 0 0 0 0 0 0.0 0.0 190 24.5 0 0 0
10.306 0x00 idle 0 0 0 0 0 0.0 0.0 190 24.5 0 0 0
10.349 0x00 idle 0 0 0 0 0 0.0 0.0 190 24.5 0 0 0
10.388 0x00 idle 0 0 0 0 0 0.0 0.0 190 24.5 0 0 0
10.429 0x00 idle 0 0 0 0 0 0.0 0.0 190 24.5 0 0 0
10.468 0x00 idle 0 0 0 0 0 0.0 0.0 190 24.5 0 0 0
10.504 0x00 idle 0 0 0 0 0 0.0 0.0 190 24.5 0 0 0
10.545 0x00 idle 0 0 0 0 0 0.0 0.0 190 24.5 0 0 0
10.586 0x00 idle 0 0 0 0 0 0.0 0.0 190 24.5 0 0 0
10.629 0x00 idle 0 0 0 0 0 0.0 0.0 190 24.5 0 0 0
10.666 0x00 idle 0 0 0 0 0 0.0 0.0 190 24.5 0 0 0
10.707 0x00 idle 0 0 0 0 0 0.0 0.0 190 24.5 0 0 0
10.743 0x00 idle 0 0 0 0 0 0.0 0.0 190 24.5 0 0 0
10.790 0x00 idle 0 0 0 0 0 0.0 0.0 190 24.5 0 0 0
10.825 0x00 idle 0 0 0 0 0 0.0 0.0 190 24.5 0 0 0
10.865 0x00 idle 0 0 0 0 0 0.0 0.0 190 24.5 0 0 0
10.905 0x00 idle 0 0 0 0 0 0.0 0.0 190 24.5 0 0 0
10.945 0x00 idle 0 0 0 0 0 0.0 0.0 190 24.5 0 0 0
10.989 0x00 idle 0 0 0 0 0 0.0 0.0 190 24.5 0 0 0
11.025 0x00 idle 0 0 0 0 0 0.0 0.0 190 24.5 0 0 0
11.068 0x00 idle 0 0 0 0 0 0.0 0.0 190 24.5 0 0 0
11.104 0x00 idle 0 0 0 0 0 0.0 0.0 190 24.5 0 0 0
11.144 0x00 idle 0 0 0 0 0 0.0 0.0 190 24.5 0 0 0
11.185 0x00 idle 0 0 0 0 0 0.0 0.0 190 24.5 0 0 0
11.230 0x00 idle 0 0 0 0 0 0.0 0.0 190 24.5 0 0 0
11.265 0x00 idle 0 0 0 0 0 0.0 0.0 190 24.5 0 0 0
11.304 0x00 idle 0 0 0 0 0 0.0 0.0 190 24.5 0 0 0
11.348 0x00 idle 0 0 0 0 0 0.0 0.0 190 24.5 0 0 0
11.384 0x00 idle 0 0 0 0 0 0.0 0.0 190 24.5 0 0 0
11.428 0x00 idle 0 0 0 0 0 0.0 0.0 190 24.5 0 0 0
11.467 0x00 idle 0 0 0 0 0 0.0 0.0 190 24.5 0 0 0
11.505 0x00 idle 0 0 0 0 0 0.0 0.0 190 24.5 0 0 0
11.544 0x00 idle 0 0 0 0 0 0.0 0.0 190 24.5 0 0 0
11.584 0x00 idle 0 0 0 0 0 0.0 0.0 190 24.5 0 0 0
11.631 0x00 idle 0 0 0 0 0 0.0 0.0 190 24.5 0 0 0
11.665 0x00 idle 0 0 0 0 0 0.0 0.0 190 24.5 0 0 0
11.712 0x00 idle 0 0 0 0 0 0.0 0.0 190 24.5 0 0 0
11.747 0x00 idle 0 0 0 0 0 0.0 0.0 190 24.5 0 0 0
11.793 0x00 idle 0 0 0 0 0 0.0 0.0 190 24.5 0 0 0
11.823 0x00 idle 0 0 0 0 0 0.0 0.0 190 24.5 0 0 0
11.866 0x00 idle 0 0 0 0 0 0.0 0.0 190 24.5 0 0 0
11.906 0x00 idle 0 0 0 0 0 0.0 0.0 190 24.5 0 0 0
11.943 0x00 idle 0 0 0 0 0 0.0 0.0 190 24.5 0 0 0
11.987 0x00 idle 0 0 0 0 0 0.0 0.0 190 24.5 0 0 0
12.030 0x00 idle 0 0 0 0 0 0.0 0.0 190 24.5 0 0 0
12.065 0x00 idle 0 0 0 0 0 0.0 0.0 190 24.5 0 0 0
12.107 0x00 idle 0 0 0 0 0 0.0 0.0 190 24.5 0 0 0
12.144 0x00 idle 0 0 0 0 0 0.0 0.0 190 24.5 0 0 0
12.184 0x00 idle 0 0 0 0 0 0.0 0.0 190 24.5 0 0 0
12.225 0x00 idle 0 0 0 0 0 0.0 0.0 190 24.5 0 0 0
12.269 0x00 idle 0 0 0 0 0 0.0 0.0 190 24.5 0 0 0
12.307 0x00 idle 0 0 0 0 0 0.0 0.0 190 24.5 0 0 0
12.348 0x00 idle 0 0 0 0 0 0.0 0.0 190 24.5 0 0 0
12.388 0x00 idle 0 0 0 0 0 0.0 0.0 190 24.5 0 0 0
12.425 0x00 idle 0 0 0 0 0 0.0 0.0 190 24.5 0 0 0
12.465 0x00 idle 0 0 0 0 0 0.0 0.0 190 24.5 0 0 0
12.509 0x00 idle 0 0 0 0 0 0.0 0.0 190 24.5 0 0 0
12.547 0x00 idle 0 0 0 0 0 0.0 0.0 190 24.5 0 0 0
12.588 0x00 idle 0 0 0 0 0 0.0 0.0 190 24.5 0 0 0
12.626 0x00 idle 0 0 0 0 0 0.0 0.0 190 24.5 0 0 0
12.667 0x00 idle 0 0 0 0 0 0.0 0.0 190 24.5 0 0 0
12.703 0x00 idle 0 0 0 0 0 0.0 0.0 190 24.5 0 0 0
12.749 0x00 idle 0 0 0 0 0 0.0 0.0 190 24.5 0 0 0
12.787 0x00 idle 0 0 0 0 0 0.0 0.0 190 24.5 0 0 0
12.831 0x00 idle 0 0 0 0 0 0.0 0.0 190 24.5 0 0 0
12.865 0x00 idle 0 0 0 0 0 0.0 0.0 190 24.5 0 0 0
12.905 0x00 idle 0 0 0 0 0 0.0 0.0 190 24.5 0 0 0
12.944 0x00 idle 0 0 0 0 0 0.0 0.0 190 24.5 0 0 0
12.984 0x00 idle 0 0 0 0 0 0.0 0.0 190 24.5 0 0 0
13.027 0x00 idle 0 0 0 0 0 0.0 0.0 190 24.5 0 0 0
13.071 0x00 idle 0 0 0 0 0 0.0 0.0 190 24.5 0 0 0
13.104 0x00 idle 0 0 0 0 0 0.0 0.0 190 24.5 0 0 0
13.145 0x00 idle 0 0 0 0 0 0.0 0.0 190 24.5 0 0 0
13.189 0x00 idle 0 0 0 0 0 0.0 0.0 190 24.5 0 0 0
13.223 0x00 idle 0 0 0 0 0 0.0 0.0 190 24.5 0 0 0
13.265 0x00 idle 0 0 0 0 0 0.0 0.0 190 24.5 0 0 0
13.305 0x00 idle 0 0 0 0 0 0.0 0.0 190 24.5 0 0 0
13.345 0x00 idle 0 0 0 0 0 0.0 0.0 190 24.5 0 0 0
13.388 0x00 idle 0 0 0 0 0 0.0 0.0 190 24.5 0 0 0
13.428 0x00 idle 0 0 0 0 0 0.0 0.0 190 24.5 0 0 0
13.470 0x00 idle 0 0 0 0 0 0.0 0.0 190 24.5 0 0 0
13.507 0x00 idle 0 0 0 0 0 0.0 0.0 190 24.5 0 0 0
13.549 0x00 idle 0 0 0 0 0 0.0 0.0 190 24.5 0 0 0
13.589 0x00 idle 0 0 0 0 0 0.0 0.0 190 24.5 0 0 0
13.624 0x00 idle 0 0 0 0 0 0.0 0.0 190 24.5 0 0 0
13.667 0x00 idle 0 0 0 0 0 0.0 0.0 190 24.5 0 0 0
13.705 0x00 idle 0 0 0 0 0 0.0 0.0 190 24.5 0 0 0
13.748 0x00 idle 0 0 0 0 0 0.0 0.0 190 24.5 0 0 0
13.785 0x00 idle 0 0 0 0 0 0.0 0.0 190 24.5 0 0 0
13.826 0x00 idle 0 0 0 0 0 0.0 0.0 190 24.5 0 0 0
13.873 0x00 idle 0 0 0 0 0 0.0 0.0 190 24.5 0 0 0
13.907 0x00 idle 0 0 0 0 0 0.0 0.0 190 24.5 0 0 0
13.950 0x00 idle 0 0 0 0 0 0.0 0.0 190 24.5 0 0 0
13.985 0x00 idle 0 0 0 0 0 0.0 0.0 190 24.5 0 0 0
14.023 0x00 idle 0 0 0 0 0 0.0 0.0 190 24.5 0 0 0
14.064 0x00 idle 0 0 0 0 0 0.0 0.0 190 24.5 0 0 0
14.107 0x00 idle 0 0 0 0 0 0.0 0.0 190 24.5 0 0 0
14.144 0x00 idle 0 0 0 0 0 0.0 0.0 190 24.5 0 0 0
14.183 0x00 idle 0 0 0 0 0 0.0 0.0 190 24.5 0 0 0
14.224 0x00 idle 0 0 0 0 0 0.0 0.0 190 24.5 0 0 0
14.268 0x00 idle 0 0 0 0 0 0.0 0.0 190 24.5 0 0 0
14.308 0x00 idle 0 0 0 0 0 0.0 0.0 190 24.5 0 0 0
14.350 0x00 idle 0 0 0 0 0 0.0 0.0 190 24.5 0 0 0
14.387 0x00 idle 0 0 0 0 0 0.0 0.0 190 24.5 0 0 0
14.426 0x00 idle 0 0 0 0 0 0.0 0.0 190 24.5 0 0 0
14.466 0x00 idle 0 0 0 0 0 0.0 0.0 190 24.5 0 0 0
14.503 0x00 idle 0 0 0 0 0 0.0 0.0 190 24.5 0 0 0
14.546 0x00 idle 0 0 0 0 0 0.0 0.0 190 24.5 0 0 0
14.590 0x00 idle 0 0 0 0 0 0.0 0.0 190 24.5 0 0 0
14.623 0x00 idle 0 0 0 0 0 0.0 0.0 190 24.5 0 0 0
14.665 0x00 idle 0 0 0 0 0 0.0 0.0 190 24.5 0 0 0
14.704 0x00 idle 0 0 0 0 0 0.0 0.0 190 24.5 0 0 0
14.743 0x00 idle 0 0 0 0 0 0.0 0.0 190 24.5 0 0 0
14.789 0x00 idle 0 0 0 0 0 0.0 0.0 190 24.5 0 0 0
14.824 0x00 idle 0 0 0 0 0 0.0 0.0 190 24.5 0 0 0
14.865 0x00 idle 0 0 0 0 0 0.0 0.0 190 24.5 0 0 0
14.908 0x00 idle 0 0 0 0 0 0.0 0.0 190 24.5 0 0 0
14.943 0x00 idle 0 0 0 0 0 0.0 0.0 190 24.5 0 0 0
14.990 0x00 idle 0 0 0 0 0 0.0 0.0 190 24.5 0 0 0
15.025 0x00 idle 0 0 0 0 0 0.0 0.0 190 24.5 0 0 0
15.066 0x00 idle 0 0 0 0 0 0.0 0.0 190 24.5 0 0 0
15.104 0x00 idle 0 0 0 0 0 0.0 0.0 190 24.5 0 0 0
15.146 0x00 idle 0 0 0 0 0 0.0 0.0 190 24.5 0 0 0
15.183 0x00 idle 0 0 0 0 0 0.0 0.0 190 24.5 0 0 0
15.227 0x00 idle 0 0 0 0 0 0.0 0.0 190 24.5 0 0 0
15.264 0x00 idle 0 0 0 0 0 0.0 0.0 190 24.5 0 0 0
15.305 0x00 idle 0 0 0 0 0 0.0 0.0 190 24.5 0 0 0
15.343 0x00 idle 0 0 0 0 0 0.0 0.0 190 24.5 0 0 0
15.389 0x00 idle 0 0 0 0 0 0.0 0.0 190 24.5 0 0 0
15.423 0x00 idle 0 0 0 0 0 0.0 0.0 190 24.5 0 0 0
15.467 0x00 idle 0 0 0 0 0 0.0 0.0 190 24.5 0 0 0
15.511 0x00 idle 0 0 0 0 0 0.0 0.0 190 24.5 0 0 0
15.544 0x00 idle 0 0 0 0 0 0.0 0.0 190 24.5 0 0 0
15.589 0x00 idle 0 0 0 0 0 0.0 0.0 190 24.5 0 0 0
15.627 0x00 idle 0 0 0 0 0 0.0 0.0 190 24.5 0 0 0
15.673 0x00 idle 0 0 0 0 0 0.0 0.0 190 24.5 0 0 0
15.706 0x00 idle 0 0 0 0 0 0.0 0.0 190 24.5 0 0 0
15.747 0x00 idle 0 0 0 0 0 0.0 0.0 190 24.5 0 0 0
15.786 0x00 idle 0 0 0 0 0 0.0 0.0 190 24.5 0 0 0
15.827 0x00 idle 0 0 0 0 0 0.0 0.0 190 24.5 0 0 0
15.863 0x00 idle 0 0 0 0 0 0.0 0.0 190 24.5 0 0 0
15.902 0x00 idle 0 0 0 0 0 0.0 0.0 190 24.5 0 0 0
15.944 0x00 idle 0 0 0 0 0 0.0 0.0 190 24.5 0 0 0
15.984 0x00 idle 0 0 0 0 0 0.0 0.0 190 24.5 0 0 0
16.023 0x00 idle 0 0 0 0 0 0.0 0.0 190 24.5 0 0 0
16.066 0x00 idle 0 0 0 0 0 0.0 0.0 190 24.5 0 0 0
16.104 0x00 idle 0 0 0 0 0 0.0 0.0 190 24.5 0 0 0
16.151 0x00 idle 0 0 0 0 0 0.0 0.0 190 24.5 0 0 0
16.186 0x00 idle 0 0 0 0 0 0.0 0.0 190 24.5 0 0 0
16.229 0x00 idle 0 0 0 0 0 0.0 0.0 190 24.5 0 0 0
16.264 0x00 idle 0 0 0 0 0 0.0 0.0 190 24.5 0 0 0
16.305 0x00 idle 0 0 0 0 0 0.0 0.0 190 24.5 0 0 0
16.348 0x00 idle 0 0 0 0 0 0.0 0.0 190 24.5 0 0 0
16.384 0x00 idle 0 0 0 0 0 0.0 0.0 190 24.5 0 0 0
16.428 0x00 idle 0 0 0 0 0 0.0 0.0 190 24.5 0 0 0
16.464 0x00 idle 0 0 0 0 0 0.0 0.0 190 24.5 0 0 0
16.504 0x00 idle 0 0 0 0 0 0.0 0.0 190 24.5 0 0 0
16.547 0x00 idle 0 0 0 0 0 0.0 0.0 190 24.5 0 0 0
16.584 0x00 idle 0 0 0 0 0 0.0 0.0 190 24.5 0 0 0
16.627 0x00 idle 0 0 0 0 0 0.0 0.0 190 24.5 0 0 0
16.664 0x00 idle 0 0 0 0 0 0.0 0.0 190 24.5 0 0 0
16.705 0x00 idle 0 0 0 0 0 0.0 0.0 190 24.5 0 0 0
16.749 0x00 idle 0 0 0 0 0 0.0 0.0 190 24.5 0 0 0
16.788 0x00 idle 0 0 0 0 0 0.0 0.0 190 24.5 0 0 0
16.827 0x00 idle 0 0 0 0 0 0.0 0.0 190 24.5 0 0 0
16.868 0x00 idle 0 0 0 0 0 0.0 0.0 190 24.5 0 0 0
16.907 0x00 idle 0 0 0 0 0 0.0 0.0 190 24.5 0 0 0
16.950 0x00 idle 0 0 0 0 0 0.0 0.0 190 24.5 0 0 0
16.985 0x00 idle 0 0 0 0 0 0.0 0.0 190 24.5 0 0 0
17.024 0x00 idle 0 0 0 0 0 0.0 0.0 190 24.5 0 0 0
17.072 0x00 idle 0 0 0 0 0 0.0 0.0 190 24.5 0 0 0
17.108 0x00 idle 0 0 0 0 0 0.0 0.0 190 24.5 0 0 0
17.144 0x00 idle 0 0 0 0 0 0.0 0.0 190 24.5 0 0 0
17.184 0x00 idle 0 0 0 0 0 0.0 0.0 190 24.5 0 0 0
17.222 0x00 idle 0 0 0 0 0 0.0 0.0 190 24.5 0 0 0
17.265 0x00 idle 0 0 0 0 0 0.0 0.0 190 24.5 0 0 0
17.306 0x00 idle 0 0 0 0 0 0.0 0.0 190 24.5 0 0 0
17.344 0x00 idle 0 0 0 0 0 0.0 0.0 190 24.5 0 0 0
17.389 0x00 idle 0 0 0 0 0 0.0 0.0 190 24.5 0 0 0
17.422 0x00 idle 0 0 0 0 0 0.0 0.0 190 24.5 0 0 0
17.466 0x00 idle 0 0 0 0 0 0.0 0.0 190 24.5 0 0 0
17.504 0x00 idle 0 0 0 0 0 0.0 0.0 190 24.5 0 0 0
17.547 0x00 idle 0 0 0 0 0 0.0 0.0 190 24.5 0 0 0
17.587 0x00 idle 0 0 0 0 0 0.0 0.0 190 24.5 0 0 0
17.626 0x00 idle 0 0 0 0 0 0.0 0.0 190 24.5 0 0 0
17.667 0x00 idle 0 0 0 0 0 0.0 0.0 190 24.5 0 0 0
17.708 0x00 idle 0 0 0 0 0 0.0 0.0 190 24.5 0 0 0
17.746 0x00 idle 0 0 0 0 0 0.0 0.0 190 24.5 0 0 0
17.786 0x00 idle 0 0 0 0 0 0.0 0.0 190 24.5 0 0 0
17.823 0x00 idle 0 0 0 0 0 0.0 0.0 190 24.5 0 0 0
17.864 0x00 idle 0 0 0 0 0 0.0 0.0 190 24.5 0 0 0
17.909 0x00 idle 0 0 0 0 0 0.0 0.0 190 24.5 0 0 0
17.943 0x00 idle 0 0 0 0 0 0.0 0.0 190 24.5 0 0 0
17.991 0x00 idle 0 0 0 0 0 0.0 0.0 190 24.5 0 0 0
18.026 0x00 idle 0 0 0 0 0 0.0 0.0 190 24.5 0 0 0
18.068 0x00 idle 0 0 0 0 0 0.0 0.0 190 24.5 0 0 0
18.108 0x00 idle 0 0 0 0 0 0.0 0.0 190 24.5 0 0 0
18.147 0x00 idle 0 0 0 0 0 0.0 0.0 190 24.5 0 0 0
18.184 0x00 idle 0 0 0 0 0 0.0 0.0 190 24.5 0 0 0
18.232 0x00 idle 0 0 0 0 0 0.0 0.0 190 24.5 0 0 0
18.268 0x00 idle 0 0 0 0 0 0.0 0.0 190 24.5 0 0 0
18.311 0x00 idle 0 0 0 0 0 0.0 0.0 190 24.5 0 0 0
18.344 0x00 idle 0 0 0 0 0 0.0 0.0 190 24.5 0 0 0
18.384 0x00 idle 0 0 0 0 0 0.0 0.0 190 24.5 0 0 0
18.424 0x00 idle 0 0 0 0 0 0.0 0.0 190 24.5 0 0 0
18.464 0x00 idle 0 0 0 0 0 0.0 0.0 190 24.5 0 0 0
18.509 0x00 idle 0 0 0 0 0 0.0 0.0 190 24.5 0 0 0
18.547 0x00 idle 0 0 0 0 0 0.0 0.0 190 24.5 0 0 0
18.585 0x00 idle 0 0 0 0 0 0.0 0.0 190 24.5 0 0 0
18.631 0x00 idle 0 0 0 0 0 0.0 0.0 190 24.5 0 0 0
18.668 0x00 idle 0 0 0 0 0 0.0 0.0 190 24.5 0 0 0
18.709 0x00 idle 0 0 0 0 0 0.0 0.0 190 24.5 0 0 0
18.750 0x00 idle 0 0 0 0 0 0.0 0.0 190 24.5 0 0 0
18.789 0x00 idle 0 0 0 0 0 0.0 0.0 190 24.5 0 0 0
18.823 0x00 idle 0 0 0 0 0 0.0 0.0 190 24.5 0 0 0
18.868 0x00 idle 0 0 0 0 0 0.0 0.0 190 24.5 0 0 0
18.908 0x00 idle 0 0 0 0 0 0.0 0.0 190 24.5 0 0 0
18.943 0x00 idle 0 0 0 0 0 0.0 0.0 190 24.5 0 0 0
18.984 0x00 idle 0 0 0 0 0 0.0 0.0 190 24.5 0 0 0
19.023 0x00 idle 0 0 0 0 0 0.0 0.0 190 24.5 0 0 0
19.066 0x00 idle 0 0 0 0 0 0.0 0.0 190 24.5 0 0 0
19.105 0x00 idle 0 0 0 0 0 0.0 0.0 190 24.5 0 0 0
19.144 0x00 idle 0 0 0 0 0 0.0 0.0 190 24.5 0 0 0
19.185 0x00 idle 0 0 0 0 0 0.0 0.0 190 24.5 0 0 0
19.232 0x00 idle 0 0 0 0 0 0.0 0.0 190 24.5 0 0 0
19.271 0x00 idle 0 0 0 0 0 0.0 0.0 190 24.5 0 0 0
19.304 0x00 idle 0 0 0 0 0 0.0 0.0 190 24.5 0 0 0
19.344 0x00 idle 0 0 0 0 0 0.0 0.0 190 24.5 0 0 0
19.388 0x00 idle 0 0 0 0 0 0.0 0.0 190 24.5 0 0 0
19.430 0x00 idle 0 0 0 0 0 0.0 0.0 190 24.5 0 0 0
19.469 0x00 idle 0 0 0 0 0 0.0 0.0 190 24.5 0 0 0
19.511 0x00 idle 0 0 0 0 0 0.0 0.0 190 24.5 0 0 0
19.543 0x00 idle 0 0 0 0 0 0.0 0.0 190 24.5 0 0 0
19.585 0x00 idle 0 0 0 0 0 0.0 0.0 190 24.5 0 0 0
19.628 0x00 idle 0 0 0 0 0 0.0 0.0 190 24.5 0 0 0
19.671 0x00 idle 0 0 0 0 0 0.0 0.0 190 24.5 0 0 0
19.706 0x00 idle 0 0 0 0 0 0.0 0.0 190 24.5 0 0 0
19.752 0x00 idle 0 0 0 0 0 0.0 0.0 190 24.5 0 0 0
19.784 0x00 idle 0 0 0 0 0 0.0 0.0 190 24.5 0 0 0
19.831 0x00 idle 0 0 0 0 0 0.0 0.0 190 24.5 0 0 0
19.871 0x00 idle 0 0 0 0 0 0.0 0.0 190 24.5 0 0 0
19.902 0x00 idle 0 0 0 0 0 0.0 0.0 190 24.5 0 0 0
19.946 0x00 idle 0 0 0 0 0 0.0 0.0 190 24.5 0 0 0
19.986 0x00 idle 0 0 0 0 0 0.0 0.0 190 24.5 0 0 0
20.027 0x00 idle 0 0 0 0 0 0.0 0.0 190 24.5 0 0 0
20.069 0x00 idle 0 0 0 0 0 0.0 0.0 190 24.5 0 0 0
20.110 0x00 idle 0 0 0 0 0 0.0 0.0 190 24.5 0 0 0
20.144 0x00 idle 0 0 0 0 0 0.0 0.0 190 24.5 0 0 0
20.184 0x00 idle 0 0 0 0 0 0.0 0.0 190 24.5 0 0 0
20.229 0x00 idle 0 0 0 0 0 0.0 0.0 190 24.5 0 0 0
20.265 0x00 idle 0 0 0 0 0 0.0 0.0 190 24.5 0 0 0
20.305 0x00 idle 0 0 0 0 0 0.0 0.0 190 24.5 0 0 0
20.345 0x00 idle 0 0 0 0 0 0.0 0.0 190 24.5 0 0 0
20.383 0x00 idle 0 0 0 0 0 0.0 0.0 190 24.5 0 0 0
20.427 0x00 idle 0 0 0 0 0 0.0 0.0 190 24.5 0 0 0
20.465 0x00 idle 0 0 0 0 0 0.0 0.0 190 24.5 0 0 0
20.503 0x00 idle 0 0 0 0 0 0.0 0.0 190 24.5 0 0 0
20.548 0x00 idle 0 0 0 0 0 0.0 0.0 190 24.5 0 0 0
20.586 0x00 idle 0 0 0 0 0 0.0 0.0 190 24.5 0 0 0
20.627 0x00 idle 0 0 0 0 0 0.0 0.0 190 24.5 0 0 0
20.664 0x00 idle 0 0 0 0 0 0.0 0.0 190 24.5 0 0 0
20.708 0x00 idle 0 0 0 0 0 0.0 0.0 190 24.5 0 0 0
20.743 0x00 idle 0 0 0 0 0 0.0 0.0 190 24.5 0 0 0
20.784 0x00 idle 0 0 0 0 0 0.0 0.0 190 24.5 0 0 0
20.832 0x00 idle 0 0 0 0 0 0.0 0.0 190 24.5 0 0 0
20.870 0x00 idle 0 0 0 0 0 0.0 0.0 190 24.5 0 0 0
20.903 0x00 idle 0 0 0 0 0 0.0 0.0 190 24.5 0 0 0
20.950 0x00 idle 0 0 0 0 0 0.0 0.0 190 24.5 0 0 0
20.988 0x00 idle 0 0 0 0 0 0.0 0.0 190 24.5 0 0 0
21.023 0x00 idle 0 0 0 0 0 0.0 0.0 190 24.5 0 0 0
21.063 0x00 idle 0 0 0 0 0 0.0 0.0 190 24.5 0 0 0
21.105 0x00 idle 0 0 0 0 0 0.0 0.0 190 24.5 0 0 0
21.144 0x00 idle 0 0 0 0 0 0.0 0.0 190 24.5 0 0 0
21.186 0x00 idle 0 0 0 0 0 0.0 0.0 190 24.5 0 0 0
21.224 0x00 idle 0 0 0 0 0 0.0 0.0 190 24.5 0 0 0
21.270 0x00 idle 0 0 0 0 0 0.0 0.0 190 24.5 0 0 0
21.305 0x00 idle 0 0 0 0 0 0.0 0.0 190 24.5 0 0 0
21.347 0x00 idle 0 0 0 0 0 0.0 0.0 190 24.5 0 0 0
21.387 0x00 idle 0 0 0 0 0 0.0 0.0 190 24.5 0 0 0
21.435 0x00 idle 0 0 0 0 0 0.0 0.0 190 24.5 0 0 0
21.468 0x00 idle 0 0 0 0 0 0.0 0.0 190 24.5 0 0 0
21.507 0x00 idle 0 0 0 0 0 0.0 0.0 190 24.5 0 0 0
21.548 0x00 idle 0 0 0 0 0 0.0 0.0 190 24.5 0 0 0
21.588 0x00 idle 0 0 0 0 0 0.0 0.0 190 24.5 0 0 0
21.624 0x00 idle 0 0 0 0 0 0.0 0.0 190 24.5 0 0 0
21.671 0x00 idle 0 0 0 0 0 0.0 0.0 190 24.5 0 0 0
21.712 0x00 idle 0 0 0 0 0 0.0 0.0 190 24.5 0 0 0
21.747 0x00 idle 0 0 0 0 0 0.0 0.0 190 24.5 0 0 0
21.786 0x00 idle 0 0 0 0 0 0.0 0.0 190 24.5 0 0 0
21.825 0x00 idle 0 0 0 0 0 0.0 0.0 190 24.5 0 0 0
21.866 0x00 idle 0 0 0 0 0 0.0 0.0 190 24.5 0 0 0
21.904 0x00 idle 0 0 0 0 0 0.0 0.0 190 24.5 0 0 0
21.947 0x00 idle 0 0 0 0 0 0.0 0.0 190 24.5 0 0 0
21.984 0x00 idle 0 0 0 0 0 0.0 0.0 190 24.5 0 0 0
22.030 0x00 idle 0 0 0 0 0 0.0 0.0 190 24.5 0 0 0
22.071 0x00 idle 0 0 0 0 0 0.0 0.0 190 24.5 0 0 0
22.105 0x00 idle 0 0 0 0 0 0.0 0.0 190 24.5 0 0 0
22.146 0x00 idle 0 0 0 0 0 0.0 0.0 190 24.5 0 0 0
22.187 0x00 idle 0 0 0 0 0 0.0 0.0 190 24.5 0 0 0
22.224 0x00 idle 0 0 0 0 0 0.0 0.0 190 24.5 0 0 0
22.264 0x00 idle 0 0 0 0 0 0.0 0.0 190 24.5 0 0 0
22.304 0x00 idle 0 0 0 0 0 0.0 0.0 190 24.5 0 0 0
22.343 0x00 idle 0 0 0 0 0 0.0 0.0 190 24.5 0 0 0
22.385 0x00 idle 0 0 0 0 0 0.0 0.0 190 24.5 0 0 0
22.425 0x00 idle 0 0 0 0 0 0.0 0.0 190 24.5 0 0 0
22.470 0x00 idle 0 0 0 0 0 0.0 0.0 190 24.5 0 0 0
22.505 0x00 idle 0 0 0 0 0 0.0 0.0 190 24.5 0 0 0
22.547 0x00 idle 0 0 0 0 0 0.0 0.0 190 24.5 0 0 0
22.584 0x00 idle 0 0 0 0 0 0.0 0.0 190 24.5 0 0 0
22.623 0x00 idle 0 0 0 0 0 0.0 0.0 190 24.5 0 0 0
22.669 0x00 idle 0 0 0 0 0 0.0 0.0 190 24.5 0 0 0
22.707 0x00 idle 0 0 0 0 0 0.0 0.0 190 24.5 0 0 0
22.756 0x00 idle 0 0 0 0 0 0.0 0.0 190 24.5 0 0 0
22.786 0x00 idle 0 0 0 0 0 0.0 0.0 190 24.5 0 0 0
22.823 0x00 idle 0 0 0 0 0 0.0 0.0 190 24.5 0 0 0
22.866 0x00 idle 0 0 0 0 0 0.0 0.0 190 24.5 0 0 0
22.904 0x00 idle 0 0 0 0 0 0.0 0.0 190 24.5 0 0 0
22.947 0x00 idle 0 0 0 0 0 0.0 0.0 190 24.5 0 0 0
22.984 0x00 idle 0 0 0 0 0 0.0 0.0 190 24.5 0 0 0
23.029 0x00 idle 0 0 0 0 0 0.0 0.0 190 24.5 0 0 0
23.076 0x00 idle 0 0 0 0 0 0.0 0.0 190 24.5 0 0 0
23.104 0x00 idle 0 0 0 0 0 0.0 0.0 190 24.5 0 0 0
23.147 0x00 idle 0 0 0 0 0 0.0 0.0 190 24.5 0 0 0
23.188 0x00 idle 0 0 0 0 0 0.0 0.0 190 24.5 0 0 0
23.230 0x00 idle 0 0 0 0 0 0.0 0.0 190 24.5 0 0 0
23.274 0x00 idle 0 0 0 0 0 0.0 0.0 190 24.5 0 0 0
23.307 0x00 idle 0 0 0 0 0 0.0 0.0 190 24.5 0 0 0
23.346 0x00 idle 0 0 0 0 0 0.0 0.0 190 24.5 0 0 0
23.393 0x00 idle 0 0 0 0 0 0.0 0.0 190 24.5 0 0 0
23.425 0x00 idle 0 0 0 0 0 0.0 0.0 190 24.5 0 0 0
23.469 0x00 idle 0 0 0 0 0 0.0 0.0 190 24.5 0 0 0
23.504 0x00 idle 0 0 0 0 0 0.0 0.0 190 24.5 0 0 0
23.549 0x00 idle 0 0 0 0 0 0.0 0.0 190 24.5 0 0 0
23.588 0x00 idle 0 0 0 0 0 0.0 0.0 190 24.5 0 0 0
23.625 0x00 idle 0 0 0 0 0 0.0 0.0 190 24.5 0 0 0
23.664 0x00 idle 0 0 0 0 0 0.0 0.0 190 24.5 0 0 0
23.709 0x00 idle 0 0 0 0 0 0.0 0.0 190 24.5 0 0 0
23.746 0x00 idle 0 0 0 0 0 0.0 0.0 190 24.5 0 0 0
23.787 0x00 idle 0 0 0 0 0 0.0 0.0 190 24.5 0 0 0
23.827 0x00 idle 0 0 0 0 0 0.0 0.0 190 24.5 0 0 0
23.867 0x00 idle 0 0 0 0 0 0.0 0.0 190 24.5 0 0 0
23.909 0x00 idle 0 0 0 0 0 0.0 0.0 190 24.5 0 0 0
23.946 0x00 idle 0 0 0 0 0 0.0 0.0 190 24.5 0 0 0
23.984 0x00 idle 0 0 0 0 0 0.0 0.0 190 24.5 0 0 0
24.029 0x00 idle 0 0 0 0 0 0.0 0.0 190 24.5 0 0 0
24.072 0x00 idle 0 0 0 0 0 0.0 0.0 190 24.5 0 0 0
24.106 0x00 idle 0 0 0 0 0 0.0 0.0 190 24.5 0 0 0
24.144 0x00 idle 0 0 0 0 0 0.0 0.0 190 24.5 0 0 0
24.185 0x00 idle 0 0 0 0 0 0.0 0.0 190 24.5 0 0 0
24.228 0x00 idle 0 0 0 0 0 0.0 0.0 190 24.5 0 0 0
24.272 0x00 idle 0 0 0 0 0 0.0 0.0 190 24.5 0 0 0
24.306 0x00 idle 0 0 0 0 0 0.0 0.0 190 24.5 0 0 0
24.346 0x00 idle 0 0 0 0 0 0.0 0.0 190 24.5 0 0 0
24.383 0x00 idle 0 0 0 0 0 0.0 0.0 190 24.5 0 0 0
24.427 0x00 idle 0 0 0 0 0 0.0 0.0 190 24.5 0 0 0
24.475 0x00 idle 0 0 0 0 0 0.0 0.0 190 24.5 0 0 0
24.506 0x00 idle 0 0 0 0 0 0.0 0.0 190 24.5 0 0 0
24.545 0x00 idle 0 0 0 0 0 0.0 0.0 190 24.5 0 0 0
24.587 0x00 idle 0 0 0 0 0 0.0 0.0 190 24.5 0 0 0
24.626 0x00 idle 0 0 0 0 0 0.0 0.0 190 24.5 0 0 0
24.667 0x00 idle 0 0 0 0 0 0.0 0.0 190 24.5 0 0 0
24.704 0x00 idle 0 0 0 0 0 0.0 0.0 190 24.5 0 0 0
24.747 0x00 idle 0 0 0 0 0 0.0 0.0 190 24.5 0 0 0
24.785 0x00 idle 0 0 0 0 0 0.0 0.0 190 24.5 0 0 0
24.835 0x00 idle 0 0 0 0 0 0.0 0.0 190 24.5 0 0 0

[tcp_trajectory]
elapsed_s x_m y_m z_m qx qy qz qw speed_m_s tf_stamp_s along_mm remaining_mm cross_track_mm progress waypoint phase
0.0012 0.0295700 -1.7553088 0.6659253 -0.45082216 0.74425007 -0.43186738 -0.23736422 0.000000 1789351201.307551861 -0.088 160.576 0.674 0.00000 -1 ACTUAL_TF
0.0428 0.0293879 -1.7552733 0.6659101 -0.45079959 0.74426512 -0.43187119 -0.23735296 0.003333 1789351201.363427877 -0.048 160.537 0.495 0.00000 -1 ACTUAL_TF
0.1021 0.0292541 -1.7552494 0.6658978 -0.45077703 0.74428152 -0.43187162 -0.23734362 0.003063 1789351201.419454336 -0.022 160.510 0.365 0.00000 -1 ACTUAL_TF
0.1512 0.0291908 -1.7552406 0.6658938 -0.45076639 0.74428766 -0.43187448 -0.23733937 0.002487 1789351201.475450039 -0.012 160.500 0.304 0.00000 -1 ACTUAL_TF
0.2130 0.0291873 -1.7552531 0.6658995 -0.45075520 0.74429032 -0.43187979 -0.23734261 0.001818 1789351201.531402588 -0.024 160.513 0.299 0.00000 -1 ACTUAL_TF
0.2662 0.0291941 -1.7552831 0.6659112 -0.45073825 0.74429373 -0.43188809 -0.23734901 0.001447 1789351201.587952375 -0.054 160.543 0.302 0.00000 -1 ACTUAL_TF
0.3242 0.0292499 -1.7553068 0.6659245 -0.45073469 0.74428800 -0.43190247 -0.23734758 0.001349 1789351201.643330574 -0.079 160.567 0.355 0.00000 -1 ACTUAL_TF
0.3800 0.0292880 -1.7553014 0.6659258 -0.45073639 0.74428632 -0.43190544 -0.23734421 0.001150 1789351201.699461460 -0.074 160.563 0.393 0.00000 -1 ACTUAL_TF
0.4390 0.0293054 -1.7552746 0.6659182 -0.45074314 0.74428651 -0.43190027 -0.23734021 0.000981 1789351201.755454302 -0.048 160.536 0.412 0.00000 -1 ACTUAL_TF
0.4886 0.0293149 -1.7552275 0.6659113 -0.45075066 0.74428154 -0.43189934 -0.23734320 0.000947 1789351201.811422110 -0.001 160.490 0.423 0.00000 -1 ACTUAL_TF
0.5475 0.0292995 -1.7551320 0.6658912 -0.45076478 0.74427727 -0.43188869 -0.23734916 0.001192 1789351201.867409229 0.095 160.394 0.413 0.00000 -1 ACTUAL_TF
0.5962 0.0292686 -1.7549847 0.6658598 -0.45078424 0.74427238 -0.43187105 -0.23735962 0.001658 1789351201.923420191 0.242 160.247 0.394 0.00000 -1 ACTUAL_TF
0.6589 0.0292313 -1.7548236 0.6658220 -0.45080509 0.74427083 -0.43184830 -0.23736626 0.002061 1789351201.979922533 0.403 160.085 0.375 0.00000 -1 ACTUAL_TF
0.7173 0.0291983 -1.7546196 0.6657830 -0.45080576 0.74427531 -0.43183916 -0.23736757 0.002577 1789351202.035552502 0.608 159.881 0.369 0.00000 -1 ACTUAL_TF
0.7750 0.0291685 -1.7544199 0.6657409 -0.45080132 0.74428742 -0.43182647 -0.23736114 0.002909 1789351202.091548920 0.807 159.681 0.373 0.00000 -1 ACTUAL_TF
0.8314 0.0291326 -1.7541897 0.6656959 -0.45080547 0.74429173 -0.43181342 -0.23736349 0.003308 1789351202.147537231 1.038 159.451 0.383 0.00000 -1 ACTUAL_TF
0.8789 0.0290908 -1.7539171 0.6656465 -0.45079693 0.74430089 -0.43180644 -0.23736369 0.003820 1789351202.203394175 1.311 159.178 0.403 0.00000 -1 ACTUAL_TF
0.9412 0.0290506 -1.7536495 0.6655840 -0.45080317 0.74432011 -0.43177364 -0.23735123 0.004150 1789351202.259854794 1.578 158.910 0.443 0.00000 -1 ACTUAL_TF
0.9988 0.0290131 -1.7533598 0.6655476 -0.45079395 0.74432740 -0.43176957 -0.23735327 0.004493 1789351202.315458536 1.868 158.620 0.468 0.00000 -1 ACTUAL_TF
1.0491 0.0289877 -1.7530917 0.6655158 -0.45079488 0.74433889 -0.43175328 -0.23734510 0.004599 1789351202.371407270 2.136 158.352 0.495 0.00000 -1 ACTUAL_TF
1.1175 0.0289540 -1.7527674 0.6654909 -0.45079452 0.74435155 -0.43173637 -0.23733684 0.004949 1789351202.428116560 2.461 158.028 0.517 0.00000 -1 ACTUAL_TF
1.1677 0.0289441 -1.7525268 0.6655054 -0.45078340 0.74435426 -0.43174423 -0.23733516 0.004769 1789351202.483592987 2.702 157.787 0.504 0.00000 -1 ACTUAL_TF
1.2197 0.0289216 -1.7521752 0.6655038 -0.45077217 0.74436562 -0.43174083 -0.23732705 0.005234 1789351202.539340496 3.054 157.435 0.507 0.00000 -1 ACTUAL_TF
1.2736 0.0288897 -1.7518549 0.6655017 -0.45077855 0.74437221 -0.43172464 -0.23732371 0.005390 1789351202.595294952 3.375 157.114 0.509 0.00000 -1 ACTUAL_TF
1.3273 0.0288726 -1.7515038 0.6655446 -0.45075746 0.74437408 -0.43174396 -0.23732279 0.005671 1789351202.651277304 3.727 156.762 0.469 0.00000 -1 ACTUAL_TF
1.3907 0.0288517 -1.7511172 0.6655711 -0.45075154 0.74437856 -0.43174476 -0.23731850 0.006042 1789351202.707460642 4.114 156.375 0.446 0.00000 -1 ACTUAL_TF
1.4402 0.0288289 -1.7507539 0.6655831 -0.45075683 0.74438534 -0.43173181 -0.23731075 0.006183 1789351202.763383865 4.478 156.011 0.437 0.00000 -1 ACTUAL_TF
1.5023 0.0287909 -1.7503348 0.6656064 -0.45075033 0.74438413 -0.43173683 -0.23731776 0.006585 1789351202.819398165 4.898 155.591 0.418 0.00000 -1 ACTUAL_TF
1.5532 0.0287857 -1.7500283 0.6656541 -0.45073899 0.74437631 -0.43175899 -0.23732351 0.006271 1789351202.875437498 5.205 155.284 0.374 0.00000 -1 ACTUAL_TF
1.6127 0.0287529 -1.7495847 0.6656679 -0.45073939 0.74437393 -0.43175986 -0.23732865 0.006771 1789351202.931497097 5.649 154.839 0.366 0.00000 -1 ACTUAL_TF
1.6679 0.0287289 -1.7492144 0.6656808 -0.45074278 0.74437287 -0.43175729 -0.23733020 0.006705 1789351202.988183975 6.020 154.469 0.359 0.00000 -1 ACTUAL_TF
1.7217 0.0287190 -1.7488170 0.6657304 -0.45072350 0.74436331 -0.43178807 -0.23734081 0.006871 1789351203.043367624 6.418 154.070 0.315 0.00000 -1 ACTUAL_TF
1.7799 0.0287025 -1.7484217 0.6657733 -0.45071315 0.74435596 -0.43180709 -0.23734891 0.006941 1789351203.099389791 6.814 153.674 0.278 0.00000 -1 ACTUAL_TF
1.8430 0.0286913 -1.7480559 0.6657943 -0.45071323 0.74435717 -0.43180621 -0.23734656 0.006810 1789351203.155745268 7.180 153.308 0.262 0.00000 -1 ACTUAL_TF
1.8942 0.0286806 -1.7476639 0.6658126 -0.45071548 0.74435562 -0.43180642 -0.23734674 0.006884 1789351203.211370468 7.573 152.916 0.250 0.00000 -1 ACTUAL_TF
1.9496 0.0286815 -1.7473379 0.6658355 -0.45071553 0.74435509 -0.43180909 -0.23734345 0.006570 1789351203.267366886 7.899 152.590 0.229 0.00000 -1 ACTUAL_TF
1.9990 0.0286624 -1.7469566 0.6658689 -0.45070970 0.74434751 -0.43182223 -0.23735439 0.006651 1789351203.323410034 8.281 152.208 0.204 0.00000 -1 ACTUAL_TF
2.0640 0.0286515 -1.7466000 0.6658795 -0.45071193 0.74434637 -0.43182131 -0.23735542 0.006568 1789351203.379390001 8.638 151.851 0.199 0.00000 -1 ACTUAL_TF
2.1150 0.0286459 -1.7461960 0.6659009 -0.45070007 0.74434882 -0.43183098 -0.23735266 0.006765 1789351203.435388327 9.042 151.447 0.182 0.00000 -1 ACTUAL_TF
2.1742 0.0286383 -1.7458389 0.6659126 -0.45071613 0.74434933 -0.43181548 -0.23734876 0.006649 1789351203.491434574 9.399 151.089 0.175 0.00000 -1 ACTUAL_TF
2.2272 0.0286219 -1.7454310 0.6659323 -0.45070229 0.74435064 -0.43182610 -0.23735161 0.006849 1789351203.547306776 9.808 150.681 0.164 0.00000 -1 ACTUAL_TF
2.2814 0.0286067 -1.7450162 0.6659333 -0.45070407 0.74435462 -0.43181866 -0.23734929 0.006997 1789351203.603823900 10.223 150.266 0.170 0.00000 -1 ACTUAL_TF
2.3395 0.0286126 -1.7446857 0.6659524 -0.45070037 0.74434632 -0.43183441 -0.23735371 0.006687 1789351203.659356356 10.553 149.935 0.151 0.00000 -1 ACTUAL_TF
2.3945 0.0286008 -1.7442462 0.6659646 -0.45070401 0.74434778 -0.43182929 -0.23735151 0.007031 1789351203.715508699 10.993 149.496 0.145 0.00000 -1 ACTUAL_TF
2.4499 0.0285840 -1.7439138 0.6659787 -0.45069243 0.74434525 -0.43184148 -0.23735925 0.006706 1789351203.771505594 11.326 149.163 0.140 0.00000 -1 ACTUAL_TF
2.5079 0.0285747 -1.7435123 0.6659899 -0.45068999 0.74433640 -0.43185405 -0.23736876 0.006846 1789351203.827521563 11.728 148.761 0.135 0.00000 -1 ACTUAL_TF
2.5716 0.0285616 -1.7431482 0.6659984 -0.45069367 0.74433313 -0.43185357 -0.23737291 0.006749 1789351203.883406878 12.092 148.397 0.134 0.00000 -1 ACTUAL_TF
2.6206 0.0285501 -1.7427288 0.6659948 -0.45069922 0.74434032 -0.43183897 -0.23736638 0.006972 1789351203.939412594 12.511 147.977 0.143 0.00000 -1 ACTUAL_TF
2.6721 0.0285472 -1.7422967 0.6659888 -0.45070740 0.74434675 -0.43182538 -0.23735541 0.007194 1789351203.995441675 12.943 147.545 0.149 0.00000 -1 ACTUAL_TF
2.7344 0.0285409 -1.7419400 0.6659872 -0.45071025 0.74434972 -0.43181880 -0.23735269 0.006947 1789351204.051442623 13.300 147.189 0.154 0.00000 -1 ACTUAL_TF
2.7829 0.0285290 -1.7415271 0.6659964 -0.45070778 0.74435298 -0.43181656 -0.23735121 0.007072 1789351204.107557774 13.713 146.775 0.152 0.00000 -1 ACTUAL_TF
2.8504 0.0285239 -1.7412075 0.6660125 -0.45069892 0.74435011 -0.43182850 -0.23735533 0.006666 1789351204.163502216 14.033 146.456 0.140 0.00000 -1 ACTUAL_TF
2.8989 0.0285226 -1.7408110 0.6660306 -0.45069411 0.74434831 -0.43183661 -0.23735534 0.006793 1789351204.219507933 14.430 146.059 0.125 0.00000 -1 ACTUAL_TF
2.9549 0.0285244 -1.7404458 0.6660385 -0.45069859 0.74435013 -0.43183205 -0.23734942 0.006713 1789351204.275482655 14.795 145.694 0.117 0.00000 -1 ACTUAL_TF
3.0077 0.0285325 -1.7400326 0.6660476 -0.45069644 0.74435099 -0.43183576 -0.23734404 0.006918 1789351204.331361055 15.208 145.281 0.107 0.00000 -1 ACTUAL_TF
3.0664 0.0285349 -1.7396671 0.6660531 -0.45070104 0.74434485 -0.43184101 -0.23734502 0.006800 1789351204.387401819 15.573 144.915 0.104 0.00000 -1 ACTUAL_TF
3.1271 0.0285445 -1.7392589 0.6660665 -0.45070127 0.74434436 -0.43184426 -0.23734020 0.006946 1789351204.443475485 15.981 144.507 0.093 0.00000 -1 ACTUAL_TF
3.1782 0.0285371 -1.7388422 0.6660796 -0.45070026 0.74434328 -0.43184673 -0.23734103 0.007091 1789351204.499598980 16.398 144.091 0.085 0.00000 -1 ACTUAL_TF
3.2349 0.0285328 -1.7385335 0.6660998 -0.45068735 0.74433747 -0.43186555 -0.23734950 0.006626 1789351204.555442333 16.707 143.782 0.068 0.00000 -1 ACTUAL_TF
3.2910 0.0285515 -1.7381235 0.6661288 -0.45068391 0.74433361 -0.43187872 -0.23734418 0.006841 1789351204.611477613 17.117 143.372 0.053 0.00000 -1 ACTUAL_TF
3.3448 0.0285343 -1.7377770 0.6661406 -0.45068464 0.74433678 -0.43187288 -0.23734348 0.006646 1789351204.667537451 17.464 143.025 0.041 0.00000 -1 ACTUAL_TF
3.4014 0.0285242 -1.7373737 0.6661492 -0.45067482 0.74434121 -0.43187613 -0.23734231 0.006814 1789351204.723526001 17.867 142.621 0.037 0.00000 -1 ACTUAL_TF
3.4561 0.0285047 -1.7369910 0.6661342 -0.45068855 0.74434928 -0.43185188 -0.23733508 0.006827 1789351204.779473305 18.250 142.238 0.053 0.00000 -1 ACTUAL_TF
3.5179 0.0284914 -1.7365966 0.6661539 -0.45068114 0.74434903 -0.43185835 -0.23733814 0.006896 1789351204.835456610 18.645 141.844 0.038 0.00000 -1 ACTUAL_TF
3.5730 0.0284933 -1.7362204 0.6661786 -0.45067314 0.74434385 -0.43187357 -0.23734190 0.006849 1789351204.891377687 19.021 141.467 0.021 0.00000 -1 ACTUAL_TF
3.6270 0.0284870 -1.7358562 0.6661802 -0.45067449 0.74434528 -0.43187065 -0.23734015 0.006740 1789351204.947544575 19.385 141.103 0.024 0.00000 -1 ACTUAL_TF
3.6790 0.0284807 -1.7354227 0.6661688 -0.45067510 0.74435060 -0.43186429 -0.23733388 0.007042 1789351205.003550768 19.819 140.670 0.040 0.00000 -1 ACTUAL_TF
3.7409 0.0284615 -1.7350760 0.6661756 -0.45066445 0.74435618 -0.43186572 -0.23733402 0.006781 1789351205.059813023 20.166 140.323 0.035 0.00000 -1 ACTUAL_TF
3.7964 0.0284538 -1.7346627 0.6661947 -0.45066462 0.74434660 -0.43187717 -0.23734287 0.006979 1789351205.115431786 20.580 139.909 0.021 0.00000 -1 ACTUAL_TF
3.8619 0.0284451 -1.7343017 0.6661942 -0.45067005 0.74434887 -0.43186949 -0.23733946 0.006817 1789351205.171518326 20.941 139.548 0.026 0.00000 -1 ACTUAL_TF
3.9115 0.0284567 -1.7339164 0.6662219 -0.45067233 0.74433403 -0.43188750 -0.23734888 0.006841 1789351205.227538109 21.326 139.163 0.025 0.00000 -1 ACTUAL_TF
3.9586 0.0284381 -1.7335736 0.6662303 -0.45067529 0.74432358 -0.43189473 -0.23736286 0.006632 1789351205.283441782 21.669 138.820 0.014 0.00000 -1 ACTUAL_TF
4.0186 0.0284553 -1.7331587 0.6662433 -0.45067984 0.74431923 -0.43189954 -0.23735912 0.006870 1789351205.339390039 22.084 138.405 0.041 0.00000 -1 ACTUAL_TF
4.0740 0.0284366 -1.7327521 0.6662523 -0.45067672 0.74432052 -0.43189941 -0.23736123 0.006983 1789351205.395554304 22.491 137.998 0.033 0.00000 -1 ACTUAL_TF
4.1296 0.0284270 -1.7323871 0.6662486 -0.45068092 0.74432680 -0.43188764 -0.23735498 0.006848 1789351205.451465368 22.856 137.633 0.029 0.00000 -1 ACTUAL_TF
4.1818 0.0284088 -1.7319480 0.6662380 -0.45068917 0.74433407 -0.43186998 -0.23734867 0.007152 1789351205.507376671 23.295 137.194 0.022 0.00000 -1 ACTUAL_TF
4.2485 0.0284070 -1.7315909 0.6662467 -0.45069539 0.74433481 -0.43186469 -0.23734414 0.006913 1789351205.563581467 23.652 136.837 0.026 0.00000 -1 ACTUAL_TF
4.3063 0.0284054 -1.7312042 0.6662601 -0.45069052 0.74433302 -0.43187255 -0.23734472 0.006914 1789351205.619520664 24.039 136.450 0.033 0.00000 -1 ACTUAL_TF
4.3555 0.0283850 -1.7308438 0.6662551 -0.45069576 0.74433757 -0.43185993 -0.23734345 0.006759 1789351205.675952673 24.399 136.089 0.021 0.00000 -1 ACTUAL_TF
4.4178 0.0283730 -1.7304285 0.6662618 -0.45068845 0.74434012 -0.43186373 -0.23734242 0.006973 1789351205.731572390 24.815 135.674 0.018 0.00000 -1 ACTUAL_TF
4.4664 0.0283542 -1.7299873 0.6662656 -0.45069611 0.74434336 -0.43185105 -0.23734081 0.007253 1789351205.787440538 25.257 135.232 0.010 0.00000 -1 ACTUAL_TF
4.5233 0.0283426 -1.7296483 0.6662764 -0.45069185 0.74434062 -0.43185753 -0.23734567 0.006894 1789351205.843444586 25.596 134.893 0.004 0.00000 -1 ACTUAL_TF
4.5769 0.0283483 -1.7292477 0.6662945 -0.45068972 0.74433477 -0.43186917 -0.23734688 0.006972 1789351205.899503231 25.996 134.492 0.023 0.00000 -1 ACTUAL_TF
4.6397 0.0283569 -1.7289110 0.6663012 -0.45069589 0.74433134 -0.43187032 -0.23734384 0.006686 1789351205.955495119 26.333 134.156 0.038 0.00000 -1 ACTUAL_TF
4.7054 0.0283377 -1.7284915 0.6663087 -0.45069291 0.74432338 -0.43188071 -0.23735558 0.006935 1789351206.011379480 26.753 133.736 0.030 0.00000 -1 ACTUAL_TF
4.7436 0.0283210 -1.7281630 0.6663348 -0.45067662 0.74431695 -0.43190235 -0.23736725 0.006615 1789351206.067587614 27.082 133.407 0.043 0.00000 -1 ACTUAL_TF
4.8065 0.0283066 -1.7277170 0.6663401 -0.45069021 0.74431200 -0.43189514 -0.23737012 0.007029 1789351206.123402119 27.528 132.961 0.042 0.00000 -1 ACTUAL_TF
4.8544 0.0282985 -1.7273762 0.6663281 -0.45068103 0.74432325 -0.43189027 -0.23736113 0.006748 1789351206.179388523 27.869 132.620 0.026 0.00000 -1 ACTUAL_TF
4.9150 0.0282890 -1.7269314 0.6663064 -0.45068847 0.74433417 -0.43187019 -0.23734931 0.007103 1789351206.235567570 28.313 132.175 0.010 0.00000 -1 ACTUAL_TF
4.9727 0.0282818 -1.7265175 0.6663096 -0.45068901 0.74433758 -0.43186586 -0.23734547 0.007198 1789351206.291350842 28.727 131.761 0.012 0.00000 -1 ACTUAL_TF
5.0302 0.0282830 -1.7261742 0.6663110 -0.45068950 0.74433966 -0.43186432 -0.23734080 0.006874 1789351206.347469568 29.071 131.418 0.021 0.00000 -1 ACTUAL_TF
5.0820 0.0282659 -1.7257136 0.6662973 -0.45069632 0.74435073 -0.43184383 -0.23733041 0.007281 1789351206.403495789 29.531 130.957 0.029 0.00000 -1 ACTUAL_TF
5.1436 0.0282587 -1.7253375 0.6662916 -0.45069462 0.74435702 -0.43183806 -0.23732442 0.007117 1789351206.459363222 29.907 130.581 0.039 0.00000 -1 ACTUAL_TF
5.1948 0.0282600 -1.7249222 0.6662901 -0.45069781 0.74435764 -0.43183588 -0.23732039 0.007204 1789351206.515429974 30.322 130.166 0.050 0.00000 -1 ACTUAL_TF
5.2464 0.0282610 -1.7245983 0.6663068 -0.45069045 0.74435146 -0.43185100 -0.23732622 0.006780 1789351206.571431875 30.646 129.842 0.044 0.00000 -1 ACTUAL_TF
5.3088 0.0282567 -1.7241768 0.6663143 -0.45069540 0.74434430 -0.43185509 -0.23733184 0.007007 1789351206.627369165 31.068 129.421 0.046 0.00000 -1 ACTUAL_TF
5.3604 0.0282595 -1.7238423 0.6663197 -0.45069752 0.74434327 -0.43185596 -0.23732946 0.006700 1789351206.683269739 31.402 129.086 0.054 0.00000 -1 ACTUAL_TF
5.4220 0.0282340 -1.7234187 0.6663224 -0.45069785 0.74433988 -0.43185646 -0.23733854 0.006962 1789351206.739305019 31.826 128.662 0.042 0.00000 -1 ACTUAL_TF
5.4787 0.0282176 -1.7229898 0.6663302 -0.45069887 0.74433043 -0.43186517 -0.23735042 0.007170 1789351206.795391321 32.256 128.233 0.036 0.00000 -1 ACTUAL_TF
5.5298 0.0282039 -1.7226199 0.6663293 -0.45070813 0.74433009 -0.43185616 -0.23735029 0.007003 1789351206.851357222 32.626 127.863 0.037 0.00000 -1 ACTUAL_TF
5.5894 0.0281918 -1.7222197 0.6663433 -0.45070063 0.74433073 -0.43186153 -0.23735277 0.007047 1789351206.907392979 33.026 127.462 0.027 0.00000 -1 ACTUAL_TF
5.6414 0.0281766 -1.7218806 0.6663449 -0.45069354 0.74433512 -0.43186143 -0.23735264 0.006750 1789351206.963457346 33.366 127.123 0.026 0.00000 -1 ACTUAL_TF
5.6928 0.0281601 -1.7214718 0.6663549 -0.45068818 0.74434103 -0.43185797 -0.23735056 0.006918 1789351207.019439697 33.775 126.714 0.021 0.00000 -1 ACTUAL_TF
5.7560 0.0281684 -1.7211452 0.6663720 -0.45067852 0.74434390 -0.43186667 -0.23734406 0.006596 1789351207.075412750 34.101 126.387 0.016 0.00000 -1 ACTUAL_TF
5.8175 0.0281425 -1.7207282 0.6663725 -0.45067319 0.74435180 -0.43185929 -0.23734284 0.006845 1789351207.131681442 34.519 125.970 0.012 0.00000 -1 ACTUAL_TF
5.8687 0.0281293 -1.7202794 0.6663667 -0.45068482 0.74435239 -0.43184627 -0.23734260 0.007211 1789351207.187347412 34.968 125.521 0.024 0.00000 -1 ACTUAL_TF
5.9298 0.0281203 -1.7198900 0.6663509 -0.45069704 0.74436097 -0.43182548 -0.23733031 0.007131 1789351207.243481398 35.357 125.132 0.044 0.00000 -1 ACTUAL_TF
5.9846 0.0281196 -1.7194927 0.6663742 -0.45069185 0.74435916 -0.43183372 -0.23733084 0.007125 1789351207.299446344 35.754 124.734 0.025 0.00000 -1 ACTUAL_TF
6.0459 0.0281063 -1.7191721 0.6663959 -0.45068630 0.74434846 -0.43185027 -0.23734483 0.006711 1789351207.355409861 36.075 124.413 0.009 0.00000 -1 ACTUAL_TF
6.0954 0.0281038 -1.7187321 0.6663835 -0.45069297 0.74435427 -0.43183861 -0.23733515 0.007053 1789351207.411498785 36.515 123.974 0.025 0.00000 -1 ACTUAL_TF
6.1483 0.0280996 -1.7183989 0.6663968 -0.45068734 0.74434787 -0.43185190 -0.23734174 0.006723 1789351207.467518806 36.848 123.640 0.017 0.00000 -1 ACTUAL_TF
6.2065 0.0280998 -1.7179744 0.6664196 -0.45068017 0.74433788 -0.43187243 -0.23734934 0.006983 1789351207.523536205 37.273 123.215 0.015 0.00000 -1 ACTUAL_TF
6.2546 0.0280872 -1.7175594 0.6664315 -0.45067920 0.74433313 -0.43187830 -0.23735539 0.007104 1789351207.579756975 37.688 122.800 0.014 0.00000 -1 ACTUAL_TF
6.3182 0.0280893 -1.7172378 0.6664413 -0.45068192 0.74432744 -0.43188351 -0.23735860 0.006705 1789351207.635477543 38.010 122.479 0.025 0.00000 -1 ACTUAL_TF
6.3711 0.0280716 -1.7168089 0.6664373 -0.45068401 0.74433608 -0.43187039 -0.23735141 0.006989 1789351207.691587687 38.439 122.050 0.013 0.00000 -1 ACTUAL_TF
6.4327 0.0280530 -1.7164373 0.6664254 -0.45069078 0.74434386 -0.43185240 -0.23734691 0.006889 1789351207.747526884 38.811 121.678 0.011 0.00000 -1 ACTUAL_TF
6.4831 0.0280449 -1.7160275 0.6664355 -0.45069377 0.74434006 -0.43185462 -0.23734908 0.007022 1789351207.803425789 39.221 121.268 0.007 0.00000 -1 ACTUAL_TF
6.5377 0.0280343 -1.7156812 0.6664588 -0.45068691 0.74432980 -0.43187252 -0.23736171 0.006770 1789351207.859612465 39.568 120.921 0.013 0.00000 -1 ACTUAL_TF
6.5985 0.0280234 -1.7152704 0.6664615 -0.45067780 0.74433440 -0.43187542 -0.23735929 0.006948 1789351207.915421486 39.978 120.510 0.011 0.00000 -1 ACTUAL_TF
6.6494 0.0280104 -1.7148925 0.6664530 -0.45069631 0.74433492 -0.43185639 -0.23735717 0.006890 1789351207.971413851 40.356 120.132 0.008 0.00000 -1 ACTUAL_TF
6.7121 0.0280136 -1.7145024 0.6664597 -0.45068440 0.74433709 -0.43186697 -0.23735372 0.006915 1789351208.027372360 40.746 119.742 0.004 0.00000 -1 ACTUAL_TF
6.7598 0.0280103 -1.7140595 0.6664479 -0.45069058 0.74434081 -0.43185790 -0.23734683 0.007214 1789351208.083364725 41.189 119.300 0.020 0.00000 -1 ACTUAL_TF
6.8215 0.0280000 -1.7136882 0.6664416 -0.45069414 0.74434606 -0.43184759 -0.23734235 0.007012 1789351208.140147448 41.560 118.928 0.030 0.00000 -1 ACTUAL_TF
6.8786 0.0279961 -1.7132659 0.6664494 -0.45068355 0.74434579 -0.43185928 -0.23734205 0.007196 1789351208.195566893 41.983 118.506 0.029 0.00000 -1 ACTUAL_TF
6.9287 0.0279930 -1.7129230 0.6664658 -0.45067614 0.74434137 -0.43187261 -0.23734572 0.006880 1789351208.251420021 42.326 118.163 0.022 0.00000 -1 ACTUAL_TF
6.9906 0.0279796 -1.7125102 0.6664834 -0.45067088 0.74433921 -0.43187922 -0.23735044 0.007027 1789351208.307528734 42.739 117.750 0.013 0.00000 -1 ACTUAL_TF
7.0421 0.0279941 -1.7121865 0.6664993 -0.45066940 0.74433487 -0.43188996 -0.23734733 0.006655 1789351208.363602161 43.062 117.426 0.036 0.00000 -1 ACTUAL_TF
7.1080 0.0279837 -1.7117547 0.6664895 -0.45067369 0.74433991 -0.43187931 -0.23734274 0.006979 1789351208.419441462 43.494 116.994 0.034 0.00000 -1 ACTUAL_TF
7.1588 0.0279595 -1.7113758 0.6664743 -0.45068174 0.74435107 -0.43185602 -0.23733484 0.006918 1789351208.475533724 43.873 116.615 0.030 0.00000 -1 ACTUAL_TF
7.2119 0.0279472 -1.7109717 0.6664925 -0.45067229 0.74435266 -0.43186237 -0.23733624 0.007007 1789351208.531614065 44.278 116.211 0.018 0.00000 -1 ACTUAL_TF
7.2687 0.0279352 -1.7105138 0.6664945 -0.45068305 0.74435572 -0.43184831 -0.23733181 0.007347 1789351208.587877512 44.736 115.753 0.019 0.00000 -1 ACTUAL_TF
7.3332 0.0279303 -1.7101953 0.6665047 -0.45067887 0.74434956 -0.43185984 -0.23733806 0.006861 1789351208.643530369 45.055 115.434 0.016 0.00000 -1 ACTUAL_TF
7.3757 0.0279229 -1.7097714 0.6665094 -0.45069002 0.74434390 -0.43185647 -0.23734080 0.007082 1789351208.699331284 45.478 115.010 0.018 0.00000 -1 ACTUAL_TF
7.4331 0.0279359 -1.7094372 0.6665198 -0.45069243 0.74434259 -0.43185872 -0.23733621 0.006741 1789351208.755620003 45.812 114.676 0.036 0.00000 -1 ACTUAL_TF
7.4890 0.0279133 -1.7090124 0.6665244 -0.45069000 0.74434172 -0.43186030 -0.23734070 0.007009 1789351208.811335564 46.238 114.251 0.023 0.00000 -1 ACTUAL_TF
7.5451 0.0279003 -1.7086505 0.6665261 -0.45068978 0.74434036 -0.43186118 -0.23734379 0.006845 1789351208.867375135 46.600 113.889 0.019 0.00000 -1 ACTUAL_TF
7.6008 0.0278903 -1.7081733 0.6665155 -0.45069994 0.74434556 -0.43184582 -0.23733613 0.007353 1789351208.923297644 47.077 113.412 0.028 0.00000 -1 ACTUAL_TF
7.6553 0.0278882 -1.7077698 0.6665308 -0.45069547 0.74434526 -0.43185146 -0.23733529 0.007305 1789351208.979419470 47.480 113.008 0.027 0.00000 -1 ACTUAL_TF
7.7163 0.0278779 -1.7074645 0.6665603 -0.45068731 0.74433398 -0.43187156 -0.23734961 0.006755 1789351209.035531044 47.786 112.702 0.026 0.00000 -1 ACTUAL_TF
7.7697 0.0278520 -1.7070562 0.6665737 -0.45068669 0.74432892 -0.43187512 -0.23736017 0.006928 1789351209.091346025 48.195 112.293 0.023 0.00000 -1 ACTUAL_TF
7.8323 0.0278572 -1.7067348 0.6665807 -0.45068446 0.74432938 -0.43187881 -0.23735627 0.006558 1789351209.147805214 48.516 111.972 0.031 0.00000 -1 ACTUAL_TF
7.8842 0.0278183 -1.7062749 0.6665719 -0.45069388 0.74433857 -0.43185432 -0.23735408 0.007062 1789351209.203836918 48.977 111.512 0.017 0.00000 -1 ACTUAL_TF
7.9379 0.0278105 -1.7059466 0.6665814 -0.45068351 0.74434052 -0.43186103 -0.23735547 0.006714 1789351209.259514570 49.305 111.183 0.022 0.00000 -1 ACTUAL_TF
7.9927 0.0277996 -1.7054841 0.6665787 -0.45069065 0.74434559 -0.43184803 -0.23734965 0.007183 1789351209.315396309 49.768 110.721 0.017 0.00000 -1 ACTUAL_TF
8.0467 0.0277968 -1.7051713 0.6665934 -0.45067689 0.74434309 -0.43186448 -0.23735369 0.006708 1789351209.371335268 50.081 110.408 0.022 0.00000 -1 ACTUAL_TF
8.1063 0.0277828 -1.7047474 0.6665959 -0.45067595 0.74434908 -0.43185759 -0.23734922 0.006967 1789351209.427366972 50.505 109.984 0.023 0.00000 -1 ACTUAL_TF
8.1590 0.0277748 -1.7043309 0.6665973 -0.45067849 0.74435199 -0.43185132 -0.23734668 0.007111 1789351209.483301878 50.922 109.567 0.019 0.00000 -1 ACTUAL_TF
8.2236 0.0277685 -1.7039883 0.6666072 -0.45067006 0.74435476 -0.43185635 -0.23734485 0.006791 1789351209.539993763 51.264 109.224 0.023 0.00000 -1 ACTUAL_TF
8.2777 0.0277676 -1.7035370 0.6666143 -0.45067352 0.74434770 -0.43186304 -0.23734826 0.007191 1789351209.595558167 51.716 108.773 0.021 0.00000 -1 ACTUAL_TF
8.3280 0.0277684 -1.7031820 0.6666244 -0.45067235 0.74434143 -0.43187273 -0.23735252 0.006940 1789351209.651445389 52.071 108.418 0.027 0.00000 -1 ACTUAL_TF
8.3884 0.0277622 -1.7027641 0.6666393 -0.45066792 0.74434193 -0.43187667 -0.23735221 0.007092 1789351209.707621813 52.489 108.000 0.037 0.00000 -1 ACTUAL_TF
8.4465 0.0277503 -1.7024562 0.6666593 -0.45066528 0.74432489 -0.43189814 -0.23737155 0.006624 1789351209.763414621 52.797 107.692 0.053 0.00000 -1 ACTUAL_TF
8.4954 0.0277370 -1.7020173 0.6666454 -0.45066964 0.74433403 -0.43188267 -0.23736276 0.006993 1789351209.819356918 53.236 107.253 0.033 0.00000 -1 ACTUAL_TF
8.5596 0.0277275 -1.7016019 0.6666512 -0.45067245 0.74433338 -0.43188084 -0.23736280 0.007118 1789351209.875443935 53.651 106.837 0.034 0.00000 -1 ACTUAL_TF
8.6069 0.0277293 -1.7012284 0.6666559 -0.45067940 0.74433640 -0.43187279 -0.23735477 0.006989 1789351209.931280375 54.025 106.464 0.035 0.00000 -1 ACTUAL_TF
8.6697 0.0277298 -1.7008028 0.6666550 -0.45068092 0.74434309 -0.43186480 -0.23734547 0.007160 1789351209.987590551 54.450 106.038 0.033 0.00000 -1 ACTUAL_TF
8.7207 0.0277203 -1.7004239 0.6666452 -0.45068794 0.74434361 -0.43185766 -0.23734349 0.007049 1789351210.043433905 54.829 105.659 0.022 0.00000 -1 ACTUAL_TF
8.7765 0.0277305 -1.7000394 0.6666540 -0.45068394 0.74433864 -0.43186981 -0.23734456 0.006998 1789351210.099356651 55.213 105.275 0.040 0.00000 -1 ACTUAL_TF
8.8400 0.0277247 -1.6996716 0.6666458 -0.45068708 0.74434502 -0.43185990 -0.23733662 0.006867 1789351210.155429125 55.581 104.907 0.038 0.00000 -1 ACTUAL_TF
8.8876 0.0277253 -1.6992328 0.6666419 -0.45069491 0.74434989 -0.43184887 -0.23732655 0.007160 1789351210.211375713 56.020 104.469 0.048 0.00000 -1 ACTUAL_TF
8.9481 0.0277220 -1.6988650 0.6666372 -0.45069386 0.74435552 -0.43184390 -0.23731993 0.006980 1789351210.267449617 56.387 104.101 0.054 0.00000 -1 ACTUAL_TF
8.9974 0.0277047 -1.6984398 0.6666392 -0.45069094 0.74435583 -0.43184488 -0.23732272 0.007158 1789351210.323642969 56.813 103.676 0.047 0.00000 -1 ACTUAL_TF
9.0597 0.0276899 -1.6980325 0.6666548 -0.45067515 0.74435203 -0.43186294 -0.23733177 0.007205 1789351210.379394293 57.221 103.268 0.039 0.00000 -1 ACTUAL_TF
9.1130 0.0276948 -1.6976975 0.6666655 -0.45067719 0.74435074 -0.43186472 -0.23732868 0.006841 1789351210.435354948 57.556 102.933 0.051 0.00000 -1 ACTUAL_TF
9.1760 0.0276773 -1.6972882 0.6666736 -0.45067077 0.74434227 -0.43187934 -0.23734084 0.006984 1789351210.491351843 57.965 102.523 0.042 0.00000 -1 ACTUAL_TF
9.2274 0.0276484 -1.6969283 0.6666774 -0.45067092 0.74433935 -0.43187900 -0.23735034 0.006820 1789351210.547446966 58.326 102.163 0.021 0.00000 -1 ACTUAL_TF
9.2902 0.0276345 -1.6965265 0.6666996 -0.45066217 0.74433249 -0.43189412 -0.23736098 0.006931 1789351210.603439808 58.728 101.761 0.026 0.00000 -1 ACTUAL_TF
9.3382 0.0276230 -1.6961452 0.6666803 -0.45067919 0.74434138 -0.43186651 -0.23735100 0.006901 1789351210.659355402 59.109 101.380 0.013 0.00000 -1 ACTUAL_TF
9.3992 0.0276107 -1.6957140 0.6666808 -0.45067599 0.74434736 -0.43186161 -0.23734724 0.007140 1789351210.715391397 59.540 100.948 0.012 0.00000 -1 ACTUAL_TF
9.4489 0.0276261 -1.6953702 0.6666797 -0.45068487 0.74435069 -0.43185320 -0.23733524 0.006822 1789351210.771995544 59.884 100.605 0.035 0.00000 -1 ACTUAL_TF
9.5071 0.0276166 -1.6949217 0.6666616 -0.45069874 0.74435382 -0.43183631 -0.23732980 0.007204 1789351210.827454805 60.332 100.157 0.049 0.00000 -1 ACTUAL_TF
9.5663 0.0276113 -1.6945060 0.6666609 -0.45069355 0.74435785 -0.43183711 -0.23732556 0.007270 1789351210.883453608 60.748 99.741 0.056 0.00000 -1 ACTUAL_TF
9.6239 0.0275892 -1.6941375 0.6666608 -0.45069445 0.74436211 -0.43182894 -0.23732537 0.007058 1789351210.939695358 61.117 99.372 0.052 0.00000 -1 ACTUAL_TF
9.6735 0.0275718 -1.6937177 0.6666704 -0.45069459 0.74436180 -0.43182739 -0.23732889 0.007202 1789351210.995446920 61.537 98.952 0.045 0.00000 -1 ACTUAL_TF
9.7326 0.0275623 -1.6933430 0.6666680 -0.45070805 0.74436062 -0.43181635 -0.23732712 0.007049 1789351211.051458359 61.912 98.577 0.051 0.00000 -1 ACTUAL_TF
9.7895 0.0275381 -1.6929255 0.6666770 -0.45070780 0.74435162 -0.43182432 -0.23734132 0.007174 1789351211.107483387 62.330 98.159 0.046 0.00000 -1 ACTUAL_TF
9.8396 0.0275327 -1.6926110 0.6666999 -0.45069693 0.74434938 -0.43183795 -0.23734418 0.006714 1789351211.163411379 62.644 97.844 0.026 0.00000 -1 ACTUAL_TF
9.8923 0.0275084 -1.6922009 0.6667111 -0.45069596 0.74434297 -0.43184511 -0.23735309 0.006902 1789351211.219386578 63.055 97.434 0.026 0.00000 -1 ACTUAL_TF
9.9505 0.0274748 -1.6917606 0.6667218 -0.45068978 0.74434383 -0.43184611 -0.23736031 0.007200 1789351211.275338173 63.496 96.993 0.043 0.00000 -1 ACTUAL_TF
10.0108 0.0274622 -1.6914288 0.6667349 -0.45067979 0.74433963 -0.43185972 -0.23736770 0.006817 1789351211.331438065 63.828 96.660 0.046 0.00000 -1 ACTUAL_TF
10.0614 0.0274572 -1.6910155 0.6667442 -0.45068079 0.74433780 -0.43186134 -0.23736861 0.006992 1789351211.387308598 64.242 96.247 0.042 0.00000 -1 ACTUAL_TF
10.1180 0.0274435 -1.6906377 0.6667373 -0.45068255 0.74434577 -0.43184960 -0.23736164 0.006917 1789351211.443379879 64.619 95.869 0.049 0.00000 -1 ACTUAL_TF
10.1765 0.0274406 -1.6902331 0.6667468 -0.45067944 0.74434764 -0.43185101 -0.23735910 0.007011 1789351211.499353409 65.024 95.465 0.042 0.00000 -1 ACTUAL_TF
10.2351 0.0274473 -1.6899116 0.6667635 -0.45069002 0.74433569 -0.43185763 -0.23736444 0.006632 1789351211.555365086 65.346 95.143 0.028 0.00000 -1 ACTUAL_TF
10.2957 0.0274352 -1.6894361 0.6667478 -0.45069195 0.74434998 -0.43183901 -0.23734985 0.007193 1789351211.611357450 65.821 94.668 0.034 0.00000 -1 ACTUAL_TF
10.3442 0.0274466 -1.6891087 0.6667612 -0.45068734 0.74434717 -0.43184935 -0.23734860 0.006790 1789351211.667395353 66.148 94.340 0.013 0.00000 -1 ACTUAL_TF
10.4032 0.0274508 -1.6886762 0.6667606 -0.45069495 0.74434762 -0.43184380 -0.23734283 0.007072 1789351211.723343849 66.580 93.908 0.014 0.00000 -1 ACTUAL_TF
10.4579 0.0274476 -1.6882374 0.6667551 -0.45069622 0.74435620 -0.43183407 -0.23733119 0.007297 1789351211.779454231 67.019 93.470 0.026 0.00000 -1 ACTUAL_TF
10.5144 0.0274363 -1.6878643 0.6667541 -0.45069371 0.74435574 -0.43183594 -0.23733400 0.007109 1789351211.835421801 67.392 93.096 0.031 0.00000 -1 ACTUAL_TF
10.5744 0.0274274 -1.6874368 0.6667529 -0.45069886 0.74435882 -0.43182737 -0.23733017 0.007267 1789351211.891425133 67.820 92.669 0.037 0.00000 -1 ACTUAL_TF
10.6325 0.0274292 -1.6871087 0.6667704 -0.45068387 0.74435539 -0.43184817 -0.23733155 0.006847 1789351211.947408676 68.148 92.341 0.027 0.00000 -1 ACTUAL_TF
10.6833 0.0274182 -1.6866672 0.6667784 -0.45068160 0.74435266 -0.43185383 -0.23733411 0.007161 1789351212.003387690 68.590 91.899 0.024 0.00000 -1 ACTUAL_TF
10.7329 0.0274077 -1.6863501 0.6668031 -0.45066739 0.74434571 -0.43187472 -0.23734488 0.006716 1789351212.059437037 68.907 91.581 0.010 0.00000 -1 ACTUAL_TF
10.7907 0.0273989 -1.6859265 0.6668086 -0.45066612 0.74434708 -0.43187451 -0.23734339 0.006970 1789351212.115453959 69.331 91.158 0.011 0.00000 -1 ACTUAL_TF
10.8495 0.0274070 -1.6855001 0.6668055 -0.45066536 0.74435380 -0.43186974 -0.23733243 0.007163 1789351212.171463728 69.757 90.732 0.029 0.00000 -1 ACTUAL_TF
10.9077 0.0273917 -1.6851152 0.6667902 -0.45067355 0.74436437 -0.43184868 -0.23732206 0.007083 1789351212.227369308 70.142 90.347 0.034 0.00000 -1 ACTUAL_TF
10.9671 0.0273953 -1.6847241 0.6668153 -0.45067197 0.74435311 -0.43186615 -0.23732854 0.007057 1789351212.283400059 70.533 89.955 0.034 0.00000 -1 ACTUAL_TF
11.0290 0.0273874 -1.6843662 0.6668316 -0.45067160 0.74435275 -0.43186712 -0.23732862 0.006861 1789351212.339372873 70.891 89.597 0.033 0.00000 -1 ACTUAL_TF
11.0760 0.0273783 -1.6839548 0.6668379 -0.45067338 0.74434688 -0.43187235 -0.23733415 0.007001 1789351212.395522594 71.303 89.186 0.033 0.00000 -1 ACTUAL_TF
11.1361 0.0273671 -1.6836071 0.6668404 -0.45066939 0.74435095 -0.43187050 -0.23733232 0.006767 1789351212.451433182 71.651 88.838 0.030 0.00000 -1 ACTUAL_TF
11.1853 0.0273735 -1.6831883 0.6668508 -0.45067611 0.74434764 -0.43187086 -0.23732930 0.006983 1789351212.507399321 72.069 88.419 0.046 0.00000 -1 ACTUAL_TF
11.2447 0.0273434 -1.6828155 0.6668489 -0.45068024 0.74435195 -0.43185761 -0.23733205 0.006891 1789351212.563411236 72.443 88.046 0.023 0.00000 -1 ACTUAL_TF
11.2941 0.0273301 -1.6824016 0.6668608 -0.45067540 0.74435113 -0.43186275 -0.23733443 0.007044 1789351212.619391441 72.857 87.632 0.021 0.00000 -1 ACTUAL_TF
11.3517 0.0273172 -1.6820000 0.6668839 -0.45066028 0.74434672 -0.43188163 -0.23734263 0.007085 1789351212.675452232 73.259 87.230 0.032 0.00000 -1 ACTUAL_TF
11.4081 0.0273109 -1.6816241 0.6668829 -0.45066751 0.74434578 -0.43187646 -0.23734127 0.006976 1789351212.731378078 73.635 86.854 0.028 0.00000 -1 ACTUAL_TF
11.4698 0.0273041 -1.6812117 0.6668925 -0.45066261 0.74434167 -0.43188615 -0.23734584 0.007095 1789351212.787337065 74.047 86.441 0.033 0.00000 -1 ACTUAL_TF
11.5178 0.0272995 -1.6808913 0.6669136 -0.45065548 0.74433251 -0.43190356 -0.23735641 0.006686 1789351212.843377113 74.368 86.121 0.049 0.00000 -1 ACTUAL_TF
11.5767 0.0273021 -1.6804640 0.6669114 -0.45066544 0.74433367 -0.43189437 -0.23735058 0.006971 1789351212.899326563 74.795 85.693 0.050 0.00000 -1 ACTUAL_TF
11.6361 0.0272768 -1.6800853 0.6668980 -0.45067329 0.74434789 -0.43186654 -0.23734171 0.006912 1789351212.955379963 75.174 85.314 0.025 0.00000 -1 ACTUAL_TF
11.6934 0.0272630 -1.6796708 0.6669080 -0.45067049 0.74434243 -0.43187477 -0.23734919 0.007062 1789351213.011368752 75.589 84.900 0.027 0.00000 -1 ACTUAL_TF
11.7524 0.0272534 -1.6792403 0.6669049 -0.45067736 0.74434308 -0.43186777 -0.23734686 0.007248 1789351213.067410469 76.019 84.469 0.019 0.00000 -1 ACTUAL_TF
11.8025 0.0272435 -1.6788781 0.6669110 -0.45068143 0.74434540 -0.43186051 -0.23734507 0.007014 1789351213.123437643 76.382 84.107 0.020 0.00000 -1 ACTUAL_TF
11.8630 0.0272392 -1.6784969 0.6669305 -0.45067351 0.74434357 -0.43187097 -0.23734678 0.006957 1789351213.179378986 76.763 83.725 0.035 0.00000 -1 ACTUAL_TF
11.9124 0.0272157 -1.6781225 0.6669273 -0.45067526 0.74434587 -0.43186378 -0.23734932 0.006877 1789351213.235441685 77.138 83.351 0.025 0.00000 -1 ACTUAL_TF
11.9722 0.0271858 -1.6777253 0.6669405 -0.45066720 0.74433924 -0.43187548 -0.23736414 0.006952 1789351213.291367769 77.536 82.953 0.041 0.00000 -1 ACTUAL_TF
12.0254 0.0271750 -1.6773505 0.6669434 -0.45066375 0.74434243 -0.43187525 -0.23736113 0.006875 1789351213.347363710 77.911 82.578 0.041 0.00000 -1 ACTUAL_TF
12.0851 0.0271708 -1.6769335 0.6669467 -0.45066676 0.74434128 -0.43187331 -0.23736255 0.007047 1789351213.403351068 78.328 82.161 0.037 0.00000 -1 ACTUAL_TF
12.1367 0.0271601 -1.6765442 0.6669346 -0.45067886 0.74434258 -0.43186090 -0.23735808 0.006999 1789351213.459918737 78.717 81.772 0.027 0.00000 -1 ACTUAL_TF
12.1887 0.0271535 -1.6761258 0.6669459 -0.45068303 0.74433613 -0.43186509 -0.23736275 0.007162 1789351213.515428305 79.136 81.353 0.029 0.00000 -1 ACTUAL_TF
12.2484 0.0271764 -1.6757481 0.6669684 -0.45068018 0.74432688 -0.43188381 -0.23736312 0.007038 1789351213.571604013 79.513 80.976 0.038 0.00000 -1 ACTUAL_TF
12.3079 0.0271801 -1.6753633 0.6669584 -0.45068698 0.74433047 -0.43187464 -0.23735563 0.006995 1789351213.627431154 79.898 80.591 0.031 0.00000 -1 ACTUAL_TF
12.3582 0.0271677 -1.6748930 0.6669368 -0.45069947 0.74434145 -0.43184972 -0.23734283 0.007425 1789351213.683312893 80.368 80.121 0.020 0.00000 -1 ACTUAL_TF
12.4205 0.0271670 -1.6745502 0.6669367 -0.45069434 0.74434286 -0.43185314 -0.23734189 0.007031 1789351213.739404202 80.710 79.778 0.028 0.00000 -1 ACTUAL_TF
12.4694 0.0271552 -1.6741305 0.6669336 -0.45068862 0.74434785 -0.43185171 -0.23733972 0.007174 1789351213.795326948 81.130 79.358 0.029 0.00000 -1 ACTUAL_TF
12.5272 0.0271455 -1.6737537 0.6669310 -0.45069091 0.74435416 -0.43184250 -0.23733235 0.007036 1789351213.851469994 81.507 78.982 0.033 0.00000 -1 ACTUAL_TF
12.5906 0.0271535 -1.6733748 0.6669573 -0.45067716 0.74435149 -0.43186103 -0.23733312 0.006963 1789351213.907395363 81.886 78.603 0.038 0.00000 -1 ACTUAL_TF
12.6406 0.0271271 -1.6729020 0.6669398 -0.45067449 0.74436819 -0.43184069 -0.23732282 0.007413 1789351213.963390589 82.359 78.130 0.034 0.00000 -1 ACTUAL_TF
12.6971 0.0271158 -1.6725875 0.6669611 -0.45065362 0.74436380 -0.43186544 -0.23733116 0.006878 1789351214.019428730 82.674 77.815 0.019 0.00000 -1 ACTUAL_TF
12.7578 0.0271069 -1.6721388 0.6669623 -0.45065838 0.74436312 -0.43186202 -0.23733049 0.007219 1789351214.075433016 83.123 77.366 0.022 0.00000 -1 ACTUAL_TF
12.8180 0.0270986 -1.6718093 0.6669772 -0.45064477 0.74435976 -0.43187875 -0.23733646 0.006822 1789351214.131397486 83.452 77.036 0.017 0.00000 -1 ACTUAL_TF
12.8677 0.0271035 -1.6714056 0.6669963 -0.45064394 0.74434874 -0.43189476 -0.23734344 0.006923 1789351214.187860966 83.856 76.633 0.033 0.00000 -1 ACTUAL_TF
12.9189 0.0271112 -1.6710619 0.6670126 -0.45064936 0.74434148 -0.43190136 -0.23734390 0.006701 1789351214.243517637 84.200 76.289 0.052 0.00000 -1 ACTUAL_TF
12.9805 0.0270831 -1.6706021 0.6670067 -0.45065492 0.74434672 -0.43188642 -0.23734410 0.007161 1789351214.299466133 84.660 75.829 0.031 0.00000 -1 ACTUAL_TF
13.0374 0.0270860 -1.6702594 0.6670089 -0.45065915 0.74434797 -0.43188294 -0.23733849 0.006848 1789351214.355501413 85.003 75.486 0.040 0.00000 -1 ACTUAL_TF
13.0958 0.0270656 -1.6697981 0.6669965 -0.45066867 0.74436085 -0.43185689 -0.23732742 0.007271 1789351214.411414146 85.464 75.025 0.029 0.00000 -1 ACTUAL_TF
13.1445 0.0270466 -1.6693634 0.6669941 -0.45067649 0.74436065 -0.43184786 -0.23732961 0.007418 1789351214.467497826 85.899 74.590 0.024 0.00000 -1 ACTUAL_TF
13.2036 0.0270332 -1.6690394 0.6670038 -0.45065992 0.74436238 -0.43186041 -0.23733282 0.006932 1789351214.523448229 86.223 74.265 0.015 0.00000 -1 ACTUAL_TF
13.2555 0.0270131 -1.6686150 0.6670068 -0.45066814 0.74436098 -0.43185212 -0.23733671 0.007126 1789351214.579493523 86.648 73.841 0.011 0.00000 -1 ACTUAL_TF
13.3126 0.0270176 -1.6682730 0.6670088 -0.45066483 0.74436452 -0.43185359 -0.23732919 0.006822 1789351214.635462284 86.990 73.499 0.019 0.00000 -1 ACTUAL_TF
13.3726 0.0270005 -1.6678309 0.6670140 -0.45066969 0.74436833 -0.43184230 -0.23732857 0.007150 1789351214.691354752 87.432 73.056 0.015 0.00000 -1 ACTUAL_TF
13.4246 0.0269885 -1.6674626 0.6670201 -0.45067973 0.74436101 -0.43184169 -0.23733359 0.006978 1789351214.747395754 87.801 72.688 0.012 0.00000 -1 ACTUAL_TF
13.4799 0.0269897 -1.6670465 0.6670280 -0.45068204 0.74435668 -0.43184581 -0.23733526 0.007109 1789351214.803516388 88.217 72.272 0.015 0.00000 -1 ACTUAL_TF
13.5405 0.0269759 -1.6666193 0.6670319 -0.45068658 0.74435411 -0.43184328 -0.23733932 0.007264 1789351214.859561443 88.644 71.845 0.013 0.00000 -1 ACTUAL_TF
13.5883 0.0269652 -1.6663001 0.6670551 -0.45067333 0.74434502 -0.43186568 -0.23735221 0.006803 1789351214.915487051 88.964 71.525 0.010 0.00000 -1 ACTUAL_TF
13.6457 0.0269524 -1.6658745 0.6670649 -0.45067270 0.74434336 -0.43186738 -0.23735554 0.007048 1789351214.971385241 89.390 71.099 0.014 0.00000 -1 ACTUAL_TF
13.7044 0.0269491 -1.6655122 0.6670756 -0.45067408 0.74433807 -0.43187433 -0.23735685 0.006877 1789351215.027348518 89.752 70.737 0.020 0.00000 -1 ACTUAL_TF
13.7627 0.0269395 -1.6650928 0.6670906 -0.45066685 0.74433945 -0.43187880 -0.23735812 0.007060 1789351215.083397627 90.172 70.317 0.030 0.00000 -1 ACTUAL_TF
13.8206 0.0269269 -1.6647130 0.6670841 -0.45067353 0.74435297 -0.43185655 -0.23734353 0.006981 1789351215.139327526 90.552 69.937 0.019 0.00000 -1 ACTUAL_TF
13.8777 0.0269166 -1.6642994 0.6670918 -0.45067929 0.74435097 -0.43185317 -0.23734500 0.007101 1789351215.195370913 90.965 69.523 0.021 0.00000 -1 ACTUAL_TF
13.9348 0.0269094 -1.6639587 0.6670977 -0.45067508 0.74435276 -0.43185467 -0.23734465 0.006797 1789351215.251371384 91.306 69.182 0.023 0.00000 -1 ACTUAL_TF
13.9840 0.0269033 -1.6635333 0.6670945 -0.45068219 0.74435079 -0.43185086 -0.23734427 0.007038 1789351215.307355881 91.732 68.757 0.015 0.00000 -1 ACTUAL_TF
14.0428 0.0268922 -1.6630971 0.6670894 -0.45068561 0.74435866 -0.43183765 -0.23733712 0.007261 1789351215.363431692 92.168 68.321 0.004 0.00000 -1 ACTUAL_TF
14.0988 0.0268880 -1.6627378 0.6670970 -0.45068450 0.74435603 -0.43184255 -0.23733855 0.007008 1789351215.419413567 92.527 67.962 0.008 0.00000 -1 ACTUAL_TF
14.1553 0.0268752 -1.6623178 0.6670989 -0.45068536 0.74435675 -0.43184045 -0.23733849 0.007157 1789351215.475422144 92.947 67.541 0.004 0.00000 -1 ACTUAL_TF
14.2167 0.0268731 -1.6619481 0.6671068 -0.45069690 0.74435190 -0.43183690 -0.23733825 0.006992 1789351215.531398773 93.317 67.172 0.010 0.00000 -1 ACTUAL_TF
14.2666 0.0268767 -1.6615234 0.6671138 -0.45069466 0.74434997 -0.43184417 -0.23733532 0.007170 1789351215.587381124 93.742 66.747 0.021 0.00000 -1 ACTUAL_TF
14.3257 0.0268698 -1.6611992 0.6671341 -0.45068654 0.74433876 -0.43186455 -0.23734882 0.006760 1789351215.643375635 94.066 66.422 0.032 0.00000 -1 ACTUAL_TF
14.3841 0.0268616 -1.6607739 0.6671389 -0.45068111 0.74434101 -0.43186672 -0.23734813 0.007011 1789351215.699387312 94.492 65.997 0.032 0.00000 -1 ACTUAL_TF
14.4311 0.0268497 -1.6603892 0.6671359 -0.45068327 0.74434256 -0.43186326 -0.23734548 0.006972 1789351215.755315304 94.876 65.612 0.024 0.00000 -1 ACTUAL_TF
14.5001 0.0268432 -1.6599850 0.6671470 -0.45066657 0.74434412 -0.43187658 -0.23734803 0.007034 1789351215.811649799 95.281 65.208 0.031 0.00000 -1 ACTUAL_TF
14.5481 0.0268379 -1.6595447 0.6671433 -0.45066341 0.74435589 -0.43186707 -0.23733444 0.007293 1789351215.867392778 95.721 64.768 0.028 0.00000 -1 ACTUAL_TF
14.5989 0.0268301 -1.6591747 0.6671392 -0.45066806 0.74436174 -0.43185579 -0.23732778 0.007091 1789351215.923311472 96.091 64.398 0.024 0.00000 -1 ACTUAL_TF
14.6601 0.0268368 -1.6587905 0.6671527 -0.45065791 0.74436198 -0.43186730 -0.23732537 0.007020 1789351215.979396582 96.475 64.014 0.041 0.00000 -1 ACTUAL_TF
14.7200 0.0268133 -1.6584082 0.6671434 -0.45066515 0.74437045 -0.43184785 -0.23732044 0.006966 1789351216.035417557 96.858 63.631 0.023 0.00000 -1 ACTUAL_TF
14.7676 0.0268085 -1.6579520 0.6671399 -0.45066895 0.74437433 -0.43184110 -0.23731333 0.007324 1789351216.091323853 97.314 63.175 0.029 0.00000 -1 ACTUAL_TF
14.8277 0.0268012 -1.6576208 0.6671478 -0.45065859 0.74437428 -0.43185035 -0.23731633 0.006899 1789351216.147434235 97.645 62.844 0.029 0.00000 -1 ACTUAL_TF
14.8775 0.0267867 -1.6572098 0.6671571 -0.45066005 0.74437020 -0.43185328 -0.23732103 0.007035 1789351216.203388453 98.056 62.432 0.023 0.00000 -1 ACTUAL_TF
14.9346 0.0267715 -1.6567873 0.6671733 -0.45065777 0.74436718 -0.43185840 -0.23732550 0.007190 1789351216.259418011 98.479 62.009 0.020 0.00000 -1 ACTUAL_TF
14.9910 0.0267749 -1.6564495 0.6671808 -0.45065972 0.74436628 -0.43185984 -0.23732200 0.006831 1789351216.315777540 98.817 61.672 0.031 0.00000 -1 ACTUAL_TF
15.0502 0.0267601 -1.6560264 0.6671868 -0.45065528 0.74436557 -0.43186425 -0.23732463 0.007069 1789351216.371326208 99.240 61.248 0.027 0.00000 -1 ACTUAL_TF
15.1063 0.0267376 -1.6556672 0.6671949 -0.45065610 0.74436036 -0.43186814 -0.23733236 0.006871 1789351216.427482843 99.600 60.889 0.021 0.00000 -1 ACTUAL_TF
15.1671 0.0267202 -1.6552115 0.6671995 -0.45065345 0.74436139 -0.43186806 -0.23733429 0.007263 1789351216.483260393 100.056 60.433 0.018 0.00000 -1 ACTUAL_TF
15.2274 0.0267024 -1.6548732 0.6672076 -0.45065206 0.74435905 -0.43186976 -0.23734116 0.006894 1789351216.539420843 100.395 60.094 0.025 0.00000 -1 ACTUAL_TF
15.2772 0.0266943 -1.6544491 0.6672039 -0.45066103 0.74436026 -0.43185986 -0.23733838 0.007099 1789351216.595406055 100.819 59.670 0.017 0.00000 -1 ACTUAL_TF
15.3288 0.0267055 -1.6541012 0.6672085 -0.45067341 0.74435622 -0.43185604 -0.23733447 0.006836 1789351216.651354551 101.166 59.322 0.017 0.00000 -1 ACTUAL_TF
15.3835 0.0267061 -1.6536730 0.6672119 -0.45068310 0.74435025 -0.43185590 -0.23733504 0.007077 1789351216.707398415 101.594 58.894 0.023 0.00000 -1 ACTUAL_TF
15.4422 0.0266909 -1.6532674 0.6672234 -0.45067659 0.74434767 -0.43186377 -0.23734119 0.007126 1789351216.763476133 102.000 58.488 0.023 0.00000 -1 ACTUAL_TF
15.5007 0.0266826 -1.6528829 0.6672179 -0.45068688 0.74434640 -0.43185557 -0.23734055 0.007051 1789351216.819409132 102.385 58.104 0.015 0.00000 -1 ACTUAL_TF
15.5522 0.0266746 -1.6524244 0.6672103 -0.45069250 0.74435231 -0.43184378 -0.23733280 0.007390 1789351216.875481129 102.843 57.645 0.015 0.00000 -1 ACTUAL_TF
15.6191 0.0266702 -1.6520951 0.6672227 -0.45068722 0.74434688 -0.43185595 -0.23733770 0.006940 1789351216.931436777 103.173 57.316 0.018 0.00000 -1 ACTUAL_TF
15.6688 0.0266516 -1.6516844 0.6672342 -0.45068627 0.74434420 -0.43185809 -0.23734404 0.007062 1789351216.987423897 103.584 56.905 0.013 0.00000 -1 ACTUAL_TF
15.7298 0.0266473 -1.6513355 0.6672320 -0.45068579 0.74434890 -0.43185421 -0.23733727 0.006812 1789351217.043437243 103.933 56.556 0.012 0.00000 -1 ACTUAL_TF
15.7789 0.0266298 -1.6509346 0.6672525 -0.45067853 0.74434233 -0.43186733 -0.23734780 0.006922 1789351217.099411011 104.334 56.154 0.020 0.00000 -1 ACTUAL_TF
15.8386 0.0265963 -1.6504707 0.6672534 -0.45068221 0.74434138 -0.43186163 -0.23735413 0.007330 1789351217.155579805 104.799 55.690 0.026 0.00000 -1 ACTUAL_TF
15.8961 0.0265867 -1.6501030 0.6672545 -0.45068028 0.74434323 -0.43186123 -0.23735274 0.007103 1789351217.211519718 105.166 55.322 0.025 0.00000 -1 ACTUAL_TF
15.9427 0.0265763 -1.6496787 0.6672509 -0.45068802 0.74434390 -0.43185310 -0.23735071 0.007248 1789351217.267459869 105.591 54.898 0.024 0.00000 -1 ACTUAL_TF
16.0050 0.0265647 -1.6493273 0.6672536 -0.45068584 0.74434849 -0.43184829 -0.23734923 0.006961 1789351217.323359966 105.942 54.546 0.028 0.00000 -1 ACTUAL_TF
16.0549 0.0265636 -1.6489000 0.6672478 -0.45069301 0.74435506 -0.43183532 -0.23733860 0.007162 1789351217.379371643 106.370 54.119 0.022 0.00000 -1 ACTUAL_TF
16.1170 0.0265717 -1.6485670 0.6672622 -0.45068982 0.74435053 -0.43184624 -0.23733899 0.006795 1789351217.435495138 106.702 53.786 0.004 0.00000 -1 ACTUAL_TF
16.1693 0.0265739 -1.6480913 0.6672525 -0.45069933 0.74435716 -0.43183175 -0.23732649 0.007308 1789351217.491448879 107.178 53.311 0.017 0.00000 -1 ACTUAL_TF
16.2298 0.0265719 -1.6477250 0.6672633 -0.45069928 0.74435571 -0.43183452 -0.23732610 0.007074 1789351217.547570467 107.544 52.944 0.017 0.00000 -1 ACTUAL_TF
16.2809 0.0265598 -1.6473131 0.6672681 -0.45069401 0.74435774 -0.43183655 -0.23732607 0.007160 1789351217.603569031 107.956 52.532 0.014 0.00000 -1 ACTUAL_TF
16.3387 0.0265639 -1.6469327 0.6672924 -0.45068379 0.74435221 -0.43185483 -0.23732956 0.007055 1789351217.659535885 108.337 52.152 0.026 0.00000 -1 ACTUAL_TF
16.3922 0.0265346 -1.6465718 0.6672944 -0.45067845 0.74435045 -0.43185810 -0.23733924 0.006879 1789351217.715509176 108.698 51.790 0.009 0.00000 -1 ACTUAL_TF
16.4510 0.0265252 -1.6461379 0.6672907 -0.45067890 0.74435977 -0.43184729 -0.23732883 0.007144 1789351217.771428347 109.132 51.356 0.002 0.00000 -1 ACTUAL_TF
16.5065 0.0265080 -1.6457671 0.6672955 -0.45067529 0.74436033 -0.43184803 -0.23733260 0.006991 1789351217.827385902 109.503 50.985 0.007 0.00000 -1 ACTUAL_TF
16.5606 0.0265024 -1.6453616 0.6673085 -0.45067576 0.74435223 -0.43185789 -0.23733917 0.007066 1789351217.883410454 109.909 50.580 0.009 0.00000 -1 ACTUAL_TF
16.6171 0.0264953 -1.6449947 0.6673163 -0.45067785 0.74434710 -0.43186219 -0.23734346 0.006914 1789351217.939365387 110.276 50.213 0.011 0.00000 -1 ACTUAL_TF
16.6783 0.0264897 -1.6445572 0.6673133 -0.45068716 0.74434765 -0.43185307 -0.23734064 0.007183 1789351217.995387554 110.713 49.775 0.003 0.00000 -1 ACTUAL_TF
16.7350 0.0265028 -1.6441707 0.6673241 -0.45068605 0.74434429 -0.43186153 -0.23733792 0.007102 1789351218.051364183 111.100 49.389 0.024 0.00000 -1 ACTUAL_TF
16.7857 0.0264709 -1.6437883 0.6673164 -0.45068937 0.74435257 -0.43184430 -0.23733700 0.007028 1789351218.107359171 111.483 49.006 0.004 0.00000 -1 ACTUAL_TF
16.8441 0.0264674 -1.6433620 0.6673180 -0.45069120 0.74435444 -0.43184167 -0.23733242 0.007202 1789351218.163383007 111.909 48.580 0.008 0.00000 -1 ACTUAL_TF
16.9013 0.0264582 -1.6429951 0.6673229 -0.45069061 0.74435427 -0.43184235 -0.23733286 0.007006 1789351218.219443321 112.276 48.213 0.007 0.00000 -1 ACTUAL_TF
16.9489 0.0264569 -1.6425831 0.6673391 -0.45067636 0.74435610 -0.43185466 -0.23733176 0.007114 1789351218.275425434 112.688 47.801 0.012 0.00000 -1 ACTUAL_TF
17.0068 0.0264469 -1.6421908 0.6673264 -0.45068813 0.74436135 -0.43183753 -0.23732411 0.007083 1789351218.331425428 113.080 47.408 0.016 0.00000 -1 ACTUAL_TF
17.0704 0.0264558 -1.6418135 0.6673403 -0.45068675 0.74435039 -0.43185408 -0.23733101 0.006981 1789351218.387437344 113.457 47.031 0.027 0.00000 -1 ACTUAL_TF
17.1186 0.0264352 -1.6414473 0.6673403 -0.45068723 0.74435173 -0.43184922 -0.23733473 0.006852 1789351218.443426847 113.824 46.665 0.016 0.00000 -1 ACTUAL_TF
17.1750 0.0264368 -1.6410270 0.6673524 -0.45069107 0.74434352 -0.43185787 -0.23733743 0.007048 1789351218.499454260 114.244 46.245 0.025 0.00000 -1 ACTUAL_TF
17.2330 0.0264360 -1.6406305 0.6673753 -0.45068046 0.74433215 -0.43188195 -0.23734942 0.007062 1789351218.555428267 114.641 45.848 0.037 0.00000 -1 ACTUAL_TF
17.2902 0.0264267 -1.6402549 0.6673823 -0.45068166 0.74432955 -0.43188481 -0.23735010 0.006953 1789351218.611513615 115.017 45.472 0.037 0.00000 -1 ACTUAL_TF
17.3493 0.0264163 -1.6398455 0.6673965 -0.45067330 0.74432775 -0.43189362 -0.23735559 0.007065 1789351218.667452574 115.426 45.062 0.041 0.00000 -1 ACTUAL_TF
17.4010 0.0264209 -1.6394933 0.6673951 -0.45068036 0.74433099 -0.43188583 -0.23734620 0.006834 1789351218.723402739 115.778 44.710 0.048 0.00000 -1 ACTUAL_TF
17.4607 0.0264008 -1.6390523 0.6673801 -0.45068655 0.74434092 -0.43186554 -0.23734024 0.007147 1789351218.779481888 116.219 44.269 0.032 0.00000 -1 ACTUAL_TF
17.5142 0.0263689 -1.6386777 0.6673766 -0.45069006 0.74435025 -0.43184749 -0.23733715 0.007016 1789351218.835509300 116.595 43.894 0.010 0.00000 -1 ACTUAL_TF
17.5745 0.0263458 -1.6382427 0.6673750 -0.45068575 0.74435433 -0.43184412 -0.23733869 0.007249 1789351218.891407967 117.030 43.459 0.014 0.00000 -1 ACTUAL_TF
17.6250 0.0263316 -1.6378176 0.6673813 -0.45068441 0.74435576 -0.43184251 -0.23733965 0.007354 1789351218.947375298 117.455 43.033 0.015 0.00000 -1 ACTUAL_TF
17.6852 0.0263237 -1.6374341 0.6673747 -0.45068918 0.74435864 -0.43183445 -0.23733624 0.007204 1789351219.003346205 117.839 42.650 0.025 0.00000 -1 ACTUAL_TF
17.7341 0.0263072 -1.6370065 0.6673687 -0.45069853 0.74436242 -0.43181954 -0.23733376 0.007328 1789351219.059528112 118.266 42.222 0.038 0.00000 -1 ACTUAL_TF
17.7968 0.0263123 -1.6366708 0.6673787 -0.45069460 0.74436023 -0.43182849 -0.23733178 0.006935 1789351219.115352154 118.602 41.887 0.028 0.00000 -1 ACTUAL_TF
17.8546 0.0262999 -1.6362676 0.6673977 -0.45068584 0.74435868 -0.43183771 -0.23733650 0.007011 1789351219.171540499 119.006 41.483 0.016 0.00000 -1 ACTUAL_TF
17.9029 0.0263016 -1.6359061 0.6674092 -0.45067552 0.74436105 -0.43184657 -0.23733254 0.006853 1789351219.227294922 119.367 41.122 0.007 0.00000 -1 ACTUAL_TF
17.9626 0.0262934 -1.6354798 0.6674183 -0.45067429 0.74435785 -0.43185173 -0.23733552 0.007064 1789351219.283737421 119.794 40.695 0.003 0.00000 -1 ACTUAL_TF
18.0163 0.0262915 -1.6351347 0.6674368 -0.45066264 0.74435231 -0.43187052 -0.23734084 0.006807 1789351219.339417219 120.139 40.350 0.014 0.00000 -1 ACTUAL_TF
18.0757 0.0262745 -1.6347177 0.6674455 -0.45066424 0.74434523 -0.43187641 -0.23734928 0.007004 1789351219.395362616 120.556 39.933 0.015 0.00000 -1 ACTUAL_TF
18.1360 0.0262621 -1.6342822 0.6674372 -0.45066552 0.74435704 -0.43186021 -0.23733931 0.007238 1789351219.451334238 120.992 39.497 0.004 0.00000 -1 ACTUAL_TF
18.1831 0.0262705 -1.6339226 0.6674351 -0.45066960 0.74435845 -0.43185877 -0.23732978 0.006991 1789351219.507419109 121.351 39.138 0.014 0.00000 -1 ACTUAL_TF
18.2413 0.0262446 -1.6334621 0.6674272 -0.45067339 0.74437049 -0.43183826 -0.23732211 0.007363 1789351219.563447714 121.812 38.677 0.018 0.00000 -1 ACTUAL_TF
18.2996 0.0262345 -1.6331314 0.6674440 -0.45066310 0.74436989 -0.43184841 -0.23732505 0.006931 1789351219.619400024 122.143 38.346 0.008 0.00000 -1 ACTUAL_TF
18.3529 0.0262190 -1.6326901 0.6674398 -0.45067352 0.74437265 -0.43183457 -0.23732182 0.007216 1789351219.675421953 122.584 37.904 0.019 0.00000 -1 ACTUAL_TF
18.4073 0.0262153 -1.6323166 0.6674451 -0.45068501 0.74436826 -0.43182967 -0.23732266 0.007054 1789351219.731371164 122.958 37.531 0.016 0.00000 -1 ACTUAL_TF
18.4697 0.0262098 -1.6318843 0.6674441 -0.45069272 0.74436727 -0.43182409 -0.23732131 0.007253 1789351219.787403345 123.390 37.099 0.021 0.00000 -1 ACTUAL_TF
18.5211 0.0262300 -1.6315478 0.6674457 -0.45070141 0.74436408 -0.43182470 -0.23731369 0.006881 1789351219.843448877 123.726 36.763 0.033 0.00000 -1 ACTUAL_TF
18.5798 0.0262038 -1.6310982 0.6674504 -0.45070147 0.74436505 -0.43182072 -0.23731774 0.007229 1789351219.899465799 124.176 36.313 0.025 0.00000 -1 ACTUAL_TF
18.6298 0.0261942 -1.6306764 0.6674541 -0.45070069 0.74436264 -0.43182378 -0.23732125 0.007323 1789351219.955400229 124.598 35.891 0.026 0.00000 -1 ACTUAL_TF
18.6893 0.0261976 -1.6303579 0.6674743 -0.45068530 0.74435751 -0.43184555 -0.23732695 0.006837 1789351220.011379480 124.917 35.572 0.020 0.00000 -1 ACTUAL_TF
18.7493 0.0261830 -1.6299061 0.6674829 -0.45068982 0.74435245 -0.43184739 -0.23733089 0.007210 1789351220.067341089 125.369 35.120 0.014 0.00000 -1 ACTUAL_TF
18.7984 0.0261742 -1.6295956 0.6675098 -0.45068275 0.74433907 -0.43186870 -0.23734751 0.006716 1789351220.123379946 125.680 34.809 0.020 0.00000 -1 ACTUAL_TF
18.8594 0.0261614 -1.6291603 0.6675098 -0.45068228 0.74434620 -0.43186027 -0.23734134 0.007029 1789351220.179502249 126.115 34.374 0.014 0.00000 -1 ACTUAL_TF
18.9128 0.0261597 -1.6288336 0.6675196 -0.45068405 0.74434051 -0.43186623 -0.23734502 0.006671 1789351220.235511303 126.442 34.047 0.022 0.00000 -1 ACTUAL_TF
18.9711 0.0261415 -1.6283401 0.6674991 -0.45070188 0.74435112 -0.43183621 -0.23733250 0.007324 1789351220.291369200 126.935 33.553 0.010 0.00000 -1 ACTUAL_TF
19.0268 0.0261434 -1.6279311 0.6675099 -0.45069659 0.74434943 -0.43184475 -0.23733231 0.007322 1789351220.347296238 127.344 33.144 0.016 0.00000 -1 ACTUAL_TF
19.0866 0.0261281 -1.6275774 0.6675172 -0.45069416 0.74434801 -0.43184752 -0.23733634 0.007019 1789351220.403389931 127.698 32.790 0.008 0.00000 -1 ACTUAL_TF
19.1352 0.0261379 -1.6271534 0.6675223 -0.45069207 0.74434966 -0.43185131 -0.23732824 0.007182 1789351220.459490061 128.122 32.367 0.027 0.00000 -1 ACTUAL_TF
19.1943 0.0261155 -1.6267793 0.6675107 -0.45069596 0.74436184 -0.43182981 -0.23732176 0.007038 1789351220.515416622 128.496 31.992 0.021 0.00000 -1 ACTUAL_TF
19.2456 0.0261013 -1.6263552 0.6675155 -0.45070101 0.74436242 -0.43182471 -0.23731962 0.007206 1789351220.571264267 128.921 31.568 0.018 0.00000 -1 ACTUAL_TF
19.3030 0.0260856 -1.6260042 0.6675283 -0.45068848 0.74436264 -0.43183489 -0.23732420 0.006924 1789351220.627386570 129.272 31.217 0.008 0.00000 -1 ACTUAL_TF
19.3619 0.0260642 -1.6255839 0.6675375 -0.45068393 0.74436236 -0.43183676 -0.23733035 0.007100 1789351220.683443546 129.693 30.796 0.013 0.00000 -1 ACTUAL_TF
19.4277 0.0260597 -1.6252612 0.6675546 -0.45067513 0.74435749 -0.43185063 -0.23733706 0.006694 1789351220.739670515 130.016 30.473 0.014 0.00000 -1 ACTUAL_TF
19.4813 0.0260615 -1.6248529 0.6675747 -0.45067264 0.74434957 -0.43186439 -0.23734162 0.006885 1789351220.795431376 130.424 30.065 0.025 0.00000 -1 ACTUAL_TF
19.5301 0.0260460 -1.6244472 0.6675929 -0.45066991 0.74434062 -0.43187581 -0.23735407 0.006998 1789351220.851394653 130.830 29.658 0.038 0.00000 -1 ACTUAL_TF
19.5862 0.0260205 -1.6240691 0.6675852 -0.45067262 0.74434771 -0.43186259 -0.23735074 0.006927 1789351220.907451391 131.209 29.280 0.034 0.00000 -1 ACTUAL_TF
19.6459 0.0260141 -1.6236348 0.6675850 -0.45067137 0.74435190 -0.43185833 -0.23734775 0.007180 1789351220.963361502 131.643 28.846 0.028 0.00000 -1 ACTUAL_TF
19.6980 0.0260251 -1.6232575 0.6675819 -0.45068577 0.74435101 -0.43184941 -0.23733940 0.007046 1789351221.019425392 132.020 28.469 0.012 0.00000 -1 ACTUAL_TF
19.7517 0.0260202 -1.6228241 0.6675856 -0.45068756 0.74434998 -0.43185055 -0.23733716 0.007256 1789351221.075379848 132.453 28.035 0.012 0.00000 -1 ACTUAL_TF
19.8105 0.0260309 -1.6225030 0.6676050 -0.45067389 0.74434697 -0.43186928 -0.23733848 0.006799 1789351221.131524801 132.774 27.714 0.034 0.00000 -1 ACTUAL_TF
19.8754 0.0260254 -1.6220769 0.6676135 -0.45067368 0.74434614 -0.43187195 -0.23733663 0.007042 1789351221.187553644 133.201 27.288 0.039 0.00000 -1 ACTUAL_TF
19.9224 0.0259997 -1.6216492 0.6676154 -0.45066634 0.74435287 -0.43186818 -0.23733634 0.007231 1789351221.243398666 133.629 26.860 0.028 0.00000 -1 ACTUAL_TF
19.9822 0.0259967 -1.6212790 0.6676150 -0.45066501 0.74435701 -0.43186492 -0.23733180 0.007040 1789351221.299518108 133.999 26.490 0.026 0.00000 -1 ACTUAL_TF
20.0366 0.0259893 -1.6208531 0.6676197 -0.45066367 0.74435791 -0.43186567 -0.23733014 0.007214 1789351221.355446339 134.425 26.064 0.026 0.00000 -1 ACTUAL_TF
20.0900 0.0259855 -1.6204831 0.6676169 -0.45067144 0.74435885 -0.43185775 -0.23732688 0.007034 1789351221.411365032 134.795 25.694 0.024 0.00000 -1 ACTUAL_TF
20.1436 0.0260004 -1.6200888 0.6676343 -0.45067653 0.74434535 -0.43187299 -0.23733182 0.007040 1789351221.467368603 135.189 25.300 0.051 0.00000 -1 ACTUAL_TF
20.2028 0.0259999 -1.6197342 0.6676488 -0.45067766 0.74433487 -0.43188598 -0.23733889 0.006825 1789351221.523499012 135.543 24.945 0.062 0.00000 -1 ACTUAL_TF
20.2630 0.0259932 -1.6193295 0.6676719 -0.45067309 0.74432471 -0.43190269 -0.23734901 0.006954 1789351221.579367399 135.948 24.540 0.076 0.00000 -1 ACTUAL_TF
20.3116 0.0259707 -1.6189578 0.6676654 -0.45067058 0.74433279 -0.43189293 -0.23734621 0.006863 1789351221.635371447 136.320 24.168 0.058 0.00000 -1 ACTUAL_TF
20.3671 0.0259542 -1.6185295 0.6676659 -0.45067243 0.74433947 -0.43188140 -0.23734271 0.007093 1789351221.691542625 136.749 23.740 0.050 0.00000 -1 ACTUAL_TF
20.4252 0.0259432 -1.6180893 0.6676604 -0.45067541 0.74434517 -0.43187186 -0.23733654 0.007324 1789351221.747552395 137.189 23.299 0.041 0.00000 -1 ACTUAL_TF
20.4840 0.0259362 -1.6177180 0.6676606 -0.45068537 0.74434579 -0.43186301 -0.23733182 0.007122 1789351221.803395510 137.561 22.928 0.039 0.00000 -1 ACTUAL_TF
20.5417 0.0259103 -1.6172785 0.6676558 -0.45069003 0.74434710 -0.43185281 -0.23733741 0.007347 1789351221.859319210 138.000 22.488 0.020 0.00000 -1 ACTUAL_TF
20.5921 0.0259186 -1.6169393 0.6676655 -0.45069089 0.74434263 -0.43186046 -0.23733585 0.006960 1789351221.915377140 138.339 22.149 0.036 0.00000 -1 ACTUAL_TF
20.6537 0.0258996 -1.6164808 0.6676598 -0.45070772 0.74434299 -0.43184305 -0.23733446 0.007318 1789351221.971673489 138.798 21.690 0.023 0.00000 -1 ACTUAL_TF
20.7166 0.0258963 -1.6161406 0.6676698 -0.45070456 0.74434091 -0.43184915 -0.23733588 0.006946 1789351222.027638674 139.138 21.350 0.029 0.00000 -1 ACTUAL_TF
20.7656 0.0258817 -1.6157289 0.6676854 -0.45070282 0.74433432 -0.43185762 -0.23734446 0.007071 1789351222.083652735 139.550 20.938 0.031 0.00000 -1 ACTUAL_TF
20.8221 0.0258624 -1.6152913 0.6676883 -0.45070764 0.74433220 -0.43185400 -0.23734854 0.007300 1789351222.139551163 139.988 20.500 0.024 0.00000 -1 ACTUAL_TF
20.8709 0.0258709 -1.6149551 0.6676909 -0.45070583 0.74433376 -0.43185686 -0.23734188 0.006912 1789351222.195545912 140.324 20.164 0.033 0.00000 -1 ACTUAL_TF
20.9312 0.0258318 -1.6145022 0.6676960 -0.45070534 0.74433560 -0.43184951 -0.23735038 0.007281 1789351222.251388550 140.778 19.711 0.020 0.00000 -1 ACTUAL_TF
20.9941 0.0258161 -1.6141869 0.6677077 -0.45069040 0.74433424 -0.43186403 -0.23735664 0.006792 1789351222.307292223 141.094 19.395 0.031 0.00000 -1 ACTUAL_TF
21.0419 0.0257878 -1.6137366 0.6677086 -0.45069264 0.74433893 -0.43185293 -0.23735783 0.007163 1789351222.363483191 141.544 18.944 0.039 0.00000 -1 ACTUAL_TF
21.0989 0.0257820 -1.6134003 0.6677116 -0.45068136 0.74434622 -0.43185503 -0.23735258 0.006820 1789351222.419361115 141.881 18.608 0.037 0.00000 -1 ACTUAL_TF
21.1585 0.0257793 -1.6129789 0.6677120 -0.45068473 0.74434863 -0.43184984 -0.23734806 0.007031 1789351222.475368738 142.302 18.187 0.029 0.00000 -1 ACTUAL_TF
21.2077 0.0257817 -1.6126230 0.6677093 -0.45068922 0.74435158 -0.43184376 -0.23734134 0.006827 1789351222.531431675 142.658 17.831 0.017 0.00000 -1 ACTUAL_TF
21.2686 0.0257561 -1.6121640 0.6677054 -0.45069040 0.74435895 -0.43183126 -0.23733874 0.007239 1789351222.587486982 143.117 17.371 0.029 0.00000 -1 ACTUAL_TF
21.3292 0.0257564 -1.6117366 0.6677101 -0.45069166 0.74435914 -0.43183294 -0.23733273 0.007359 1789351222.643453360 143.545 16.944 0.019 0.00000 -1 ACTUAL_TF
21.3777 0.0257572 -1.6113536 0.6677081 -0.45069406 0.74436279 -0.43182769 -0.23732626 0.007199 1789351222.699564934 143.927 16.561 0.011 0.00000 -1 ACTUAL_TF
21.4426 0.0257645 -1.6109298 0.6677180 -0.45069058 0.74436146 -0.43183605 -0.23732182 0.007317 1789351222.755414248 144.351 16.138 0.007 0.00000 -1 ACTUAL_TF
21.4953 0.0257598 -1.6106019 0.6677348 -0.45067537 0.74435661 -0.43185608 -0.23732947 0.006881 1789351222.811425447 144.679 15.809 0.015 0.00000 -1 ACTUAL_TF
21.5435 0.0257534 -1.6101881 0.6677442 -0.45067506 0.74435121 -0.43186351 -0.23733346 0.007032 1789351222.867455006 145.093 15.396 0.020 0.00000 -1 ACTUAL_TF
21.6046 0.0257646 -1.6098407 0.6677504 -0.45067434 0.74434735 -0.43187255 -0.23733050 0.006782 1789351222.923568010 145.440 15.048 0.035 0.00000 -1 ACTUAL_TF
21.6567 0.0257488 -1.6094024 0.6677581 -0.45066677 0.74434807 -0.43187714 -0.23733428 0.007101 1789351222.979459763 145.879 14.610 0.032 0.00000 -1 ACTUAL_TF
21.7203 0.0257378 -1.6089910 0.6677719 -0.45065550 0.74434591 -0.43189012 -0.23733880 0.007176 1789351223.035470247 146.290 14.198 0.037 0.00000 -1 ACTUAL_TF
21.7674 0.0257299 -1.6086122 0.6677636 -0.45066598 0.74435135 -0.43187414 -0.23733092 0.007059 1789351223.091346741 146.669 13.819 0.028 0.00000 -1 ACTUAL_TF
21.8287 0.0257267 -1.6081773 0.6677533 -0.45067391 0.74435960 -0.43185722 -0.23732078 0.007272 1789351223.147337675 147.104 13.385 0.029 0.00000 -1 ACTUAL_TF
21.8790 0.0257226 -1.6078328 0.6677584 -0.45067749 0.74435756 -0.43185642 -0.23732183 0.006937 1789351223.203311443 147.448 13.040 0.032 0.00000 -1 ACTUAL_TF
21.9349 0.0257157 -1.6073962 0.6677523 -0.45068597 0.74436201 -0.43184311 -0.23731602 0.007193 1789351223.259369373 147.885 12.604 0.036 0.00000 -1 ACTUAL_TF
21.9943 0.0257016 -1.6070222 0.6677524 -0.45068573 0.74436386 -0.43183995 -0.23731639 0.007036 1789351223.315485954 148.259 12.229 0.032 0.00000 -1 ACTUAL_TF
22.0567 0.0256937 -1.6066014 0.6677625 -0.45067822 0.74436369 -0.43184833 -0.23731596 0.007183 1789351223.371413469 148.680 11.808 0.031 0.00000 -1 ACTUAL_TF
22.1076 0.0256812 -1.6062165 0.6677508 -0.45068706 0.74437105 -0.43183050 -0.23730850 0.007088 1789351223.427544355 149.065 11.424 0.037 0.00000 -1 ACTUAL_TF
22.1585 0.0256641 -1.6057889 0.6677539 -0.45068821 0.74437214 -0.43182671 -0.23730983 0.007255 1789351223.483531713 149.493 10.996 0.033 0.00000 -1 ACTUAL_TF
22.2223 0.0256632 -1.6054001 0.6677702 -0.45067786 0.74436874 -0.43184159 -0.23731306 0.007166 1789351223.539436340 149.882 10.607 0.030 0.00000 -1 ACTUAL_TF
22.2802 0.0256313 -1.6050131 0.6677671 -0.45068538 0.74437227 -0.43182536 -0.23731722 0.007093 1789351223.595543146 150.269 10.219 0.024 0.00000 -1 ACTUAL_TF
22.3281 0.0256464 -1.6046128 0.6677924 -0.45068280 0.74435612 -0.43185176 -0.23732475 0.007122 1789351223.651361704 150.670 9.819 0.026 0.00000 -1 ACTUAL_TF
22.3946 0.0256199 -1.6042463 0.6678009 -0.45068144 0.74435198 -0.43185484 -0.23733473 0.006953 1789351223.707412958 151.037 9.452 0.008 0.00000 -1 ACTUAL_TF
22.4407 0.0256086 -1.6038431 0.6678199 -0.45067997 0.74434398 -0.43186536 -0.23734345 0.007025 1789351223.763561010 151.440 9.048 0.015 0.00000 -1 ACTUAL_TF
22.4994 0.0255959 -1.6034788 0.6678196 -0.45068776 0.74434557 -0.43185522 -0.23734214 0.006867 1789351223.819656610 151.805 8.684 0.010 0.00000 -1 ACTUAL_TF
22.5587 0.0256002 -1.6030703 0.6678280 -0.45068831 0.74434635 -0.43185641 -0.23733648 0.006996 1789351223.875638723 152.213 8.276 0.019 0.00000 -1 ACTUAL_TF
22.6059 0.0255865 -1.6026447 0.6678290 -0.45068946 0.74435076 -0.43184922 -0.23733352 0.007183 1789351223.931528330 152.639 7.850 0.013 0.00000 -1 ACTUAL_TF
22.6672 0.0255473 -1.6022573 0.6678141 -0.45069347 0.74436523 -0.43182229 -0.23732954 0.007119 1789351223.987432957 153.027 7.462 0.024 0.00000 -1 ACTUAL_TF
22.7303 0.0255337 -1.6018101 0.6678206 -0.45069315 0.74436563 -0.43182243 -0.23732863 0.007378 1789351224.043498278 153.474 7.015 0.027 0.00000 -1 ACTUAL_TF
22.7799 0.0255230 -1.6014775 0.6678323 -0.45068447 0.74436434 -0.43183170 -0.23733230 0.006951 1789351224.099424124 153.807 6.682 0.029 0.00000 -1 ACTUAL_TF
22.8383 0.0255157 -1.6010386 0.6678321 -0.45069043 0.74436447 -0.43182562 -0.23733163 0.007215 1789351224.155469179 154.246 6.243 0.028 0.00000 -1 ACTUAL_TF
22.8901 0.0255301 -1.6006836 0.6678333 -0.45069885 0.74436255 -0.43182390 -0.23732478 0.006954 1789351224.211483717 154.601 5.888 0.012 0.00000 -1 ACTUAL_TF
22.9473 0.0255147 -1.6002284 0.6678388 -0.45070033 0.74436049 -0.43182367 -0.23732887 0.007306 1789351224.267512560 155.056 5.433 0.015 0.00000 -1 ACTUAL_TF
23.0113 0.0255020 -1.5998427 0.6678342 -0.45070182 0.74436535 -0.43181500 -0.23732658 0.007174 1789351224.323735237 155.442 5.047 0.025 0.00000 -1 ACTUAL_TF
23.0610 0.0255138 -1.5993680 0.6678467 -0.45070666 0.74435537 -0.43182761 -0.23732575 0.007554 1789351224.379997969 155.916 4.572 0.015 0.00000 -1 ACTUAL_TF
23.1129 0.0255126 -1.5989529 0.6678659 -0.45069392 0.74435040 -0.43184705 -0.23733016 0.007536 1789351224.435458183 156.332 4.157 0.015 0.00000 -1 ACTUAL_TF
23.1797 0.0255039 -1.5986106 0.6678826 -0.45067928 0.74434909 -0.43186267 -0.23733365 0.007109 1789351224.491532087 156.674 3.815 0.019 0.00000 -1 ACTUAL_TF
23.2283 0.0254967 -1.5981687 0.6678823 -0.45067252 0.74435558 -0.43186169 -0.23732790 0.007345 1789351224.547513723 157.116 3.373 0.018 0.00000 -1 ACTUAL_TF
23.2881 0.0255104 -1.5978150 0.6678779 -0.45067277 0.74436188 -0.43185734 -0.23731556 0.007038 1789351224.603508711 157.469 3.019 0.038 0.00000 -1 ACTUAL_TF
23.3380 0.0255019 -1.5973800 0.6678777 -0.45067143 0.74436521 -0.43185501 -0.23731191 0.007253 1789351224.659612656 157.904 2.584 0.039 0.00000 -1 ACTUAL_TF
23.3961 0.0254856 -1.5970110 0.6678794 -0.45067102 0.74436929 -0.43184988 -0.23730925 0.007063 1789351224.715416193 158.274 2.215 0.032 0.00000 -1 ACTUAL_TF
23.4463 0.0254757 -1.5965364 0.6678710 -0.45068330 0.74437477 -0.43183136 -0.23730243 0.007482 1789351224.771528006 158.748 1.741 0.039 0.00000 -1 ACTUAL_TF
23.5083 0.0254770 -1.5962282 0.6678836 -0.45067362 0.74437225 -0.43184355 -0.23730654 0.006888 1789351224.827588081 159.056 1.432 0.042 0.00000 -1 ACTUAL_TF
23.5606 0.0254635 -1.5957994 0.6678765 -0.45068432 0.74437505 -0.43182933 -0.23730330 0.007125 1789351224.883474588 159.485 1.003 0.044 0.00000 -1 ACTUAL_TF
23.6134 0.0254458 -1.5954023 0.6678814 -0.45068604 0.74437269 -0.43182867 -0.23730863 0.007122 1789351224.939340591 159.883 0.606 0.037 0.00000 -1 ACTUAL_TF
23.6689 0.0254484 -1.5950933 0.6678947 -0.45068988 0.74436419 -0.43183687 -0.23731309 0.006645 1789351224.995277882 160.192 0.297 0.039 0.00000 -1 ACTUAL_TF
23.7308 0.0254187 -1.5946980 0.6678987 -0.45068913 0.74436442 -0.43183382 -0.23731934 0.006767 1789351225.051468849 160.587 -0.099 0.023 0.00000 -1 ACTUAL_TF
23.7914 0.0254053 -1.5943438 0.6679025 -0.45068462 0.74437004 -0.43183100 -0.23731542 0.006638 1789351225.107430696 160.942 -0.453 0.020 0.00000 -1 ACTUAL_TF
23.8390 0.0253915 -1.5939885 0.6679169 -0.45067763 0.74436482 -0.43184363 -0.23732206 0.006552 1789351225.163451195 161.298 -0.809 0.009 0.00000 -1 ACTUAL_TF
23.8998 0.0253790 -1.5937093 0.6679352 -0.45067099 0.74435867 -0.43185562 -0.23733218 0.006084 1789351225.219553947 161.577 -1.089 0.008 0.00000 -1 ACTUAL_TF
23.9584 0.0253710 -1.5933668 0.6679445 -0.45067571 0.74435110 -0.43185998 -0.23733900 0.006100 1789351225.275417328 161.920 -1.431 0.013 0.00000 -1 ACTUAL_TF
24.0163 0.0253679 -1.5930100 0.6679330 -0.45068918 0.74435706 -0.43184067 -0.23732988 0.006166 1789351225.331904888 162.277 -1.788 0.004 0.00000 -1 ACTUAL_TF
24.0653 0.0253783 -1.5927395 0.6679382 -0.45069621 0.74435187 -0.43184329 -0.23732804 0.005780 1789351225.387392044 162.547 -2.058 0.016 0.00000 -1 ACTUAL_TF
24.1240 0.0253564 -1.5923977 0.6679391 -0.45069818 0.74435373 -0.43183612 -0.23733149 0.005884 1789351225.443293095 162.889 -2.400 0.006 0.00000 -1 ACTUAL_TF
24.1776 0.0253456 -1.5921311 0.6679396 -0.45069952 0.74435640 -0.43183173 -0.23732855 0.005548 1789351225.499300480 163.156 -2.667 0.009 0.00000 -1 ACTUAL_TF
24.2462 0.0253407 -1.5918325 0.6679446 -0.45069812 0.74435679 -0.43183302 -0.23732766 0.005479 1789351225.555474043 163.454 -2.966 0.007 0.00000 -1 ACTUAL_TF
24.2884 0.0253369 -1.5916043 0.6679521 -0.45069475 0.74435305 -0.43184001 -0.23733307 0.005058 1789351225.611475229 163.683 -3.194 0.002 0.00000 -1 ACTUAL_TF
24.3432 0.0253367 -1.5913236 0.6679556 -0.45069352 0.74435479 -0.43183964 -0.23733062 0.005047 1789351225.667399883 163.963 -3.475 0.006 0.00000 -1 ACTUAL_TF
24.4012 0.0253320 -1.5910894 0.6679573 -0.45069124 0.74435585 -0.43184076 -0.23732956 0.004789 1789351225.723338604 164.198 -3.709 0.006 0.00000 -1 ACTUAL_TF
24.4676 0.0253117 -1.5907996 0.6679575 -0.45069091 0.74436013 -0.43183413 -0.23732884 0.004906 1789351225.779429197 164.488 -3.999 0.011 0.00000 -1 ACTUAL_TF
24.5182 0.0253087 -1.5905573 0.6679683 -0.45068233 0.74435696 -0.43184587 -0.23733374 0.004732 1789351225.835483551 164.730 -4.242 0.006 0.00000 -1 ACTUAL_TF
24.5691 0.0253059 -1.5903548 0.6679748 -0.45068383 0.74435417 -0.43184839 -0.23733504 0.004399 1789351225.891455412 164.933 -4.444 0.007 0.00000 -1 ACTUAL_TF
24.6334 0.0253044 -1.5901649 0.6679791 -0.45068403 0.74435125 -0.43185205 -0.23733718 0.004098 1789351225.947397947 165.123 -4.634 0.008 0.00000 -1 ACTUAL_TF
24.6818 0.0252982 -1.5900296 0.6679786 -0.45068934 0.74435202 -0.43184593 -0.23733581 0.003593 1789351226.003464222 165.258 -4.769 0.007 0.00000 -1 ACTUAL_TF
24.7379 0.0252966 -1.5899266 0.6679779 -0.45069111 0.74435218 -0.43184477 -0.23733404 0.003067 1789351226.059431553 165.361 -4.872 0.006 0.00000 -1 ACTUAL_TF
24.7949 0.0253023 -1.5898854 0.6679848 -0.45068896 0.74435041 -0.43184956 -0.23733497 0.002373 1789351226.115490198 165.402 -4.914 0.010 0.00000 -1 ACTUAL_TF
24.8545 0.0253064 -1.5898548 0.6679869 -0.45068929 0.74434850 -0.43185244 -0.23733509 0.001827 1789351226.171394825 165.433 -4.944 0.013 0.00000 -1 ACTUAL_TF
