WELD FEEDBACK LOG
result=completed
started=2026-09-15 11:58:26
ended=2026-09-15 11:59:19
elapsed_seconds=53.646

================ OPERATOR OVERVIEW ================
REQUESTED : 150 A / 20.0 V · FE-SOLID 1.2 mm · LSM · CO2 100%
RX ECHO   : 100 A / 10.0 V · MATCH=NO
CURRENT FB: no positive feedback A
VOLTAGE FB: no positive feedback V
WIRE FEED : no positive feedback m/min
ARC ON    : 0.000 s
NET WELD  : 0.000 s
WIRE USED : 0.000 mm (base 0.000 + alpha 0.000)
WCR       : NOT DETECTED
SAMPLES   : RX 1341 / welding 0 / TCP 959
===================================================

[commanded]
current_a=150
voltage_tenths=200
voltage=20.0
material=FE-SOLID
diameter_mm=1.2
mode=LSM
gas=CO2 100%
synergic=False
correction=0.0
hot_start_enabled=True
hot_start_percent=20.0
hot_start_hold_adjustment=0
crater_enabled=True
crater_percent=40.0
crater_current_a=60.0
crater_voltage_v=25.0
crater_seconds=1.0
wire_consumable_alpha_mm=0.0
hot_start_current_a=180

[rx_setting_echo]
current_a=100
voltage_v=10.0
hot_start_current_a=0
hot_start_hold_adjustment=-15

[rx_welding_setting_echo]

[execution_conditions]
mode=sequence_execute
run_all=True
touch_io_backend=fastech_ethernet
touch_input_port=4
touch_sensing_output_port=0
fastech_ip=192.168.0.3
fastech_poll_target_hz=100.0
hicomm_source_ip=192.168.1.2
hicomm_welder_ip=192.168.1.10
hicomm_port=60000
gui_velocity_percent=36.95263157894737
gui_speed_mode=scale
gui_tcp_speed_mm_s=10.0
gui_interpolation_step_mm=5.0
seam_orientation_mode=Wait poses + fixed World-XYZ tilt
weld_fixed_tilt_x_deg=0.0
weld_fixed_tilt_y_deg=0.0
weld_fixed_tilt_z_deg=-0.0
weld_weave_enabled=False
weld_weave_pattern=circle
weld_weave_amplitude_mm=2.8
weld_weave_cycles=4
weld_weave_samples_per_cycle=8
weld_weave_axis=tool_x
weld_lead_in_mm=0.0
weld_lead_out_mm=5.0
weld_safe_approach_mm=30.0
weld_approach_mode=taught_wait
weld_pre_start_lead_mm=0.0
weld_tcp_speed_mm_s=3.5
weld_arc_off_delay_ms=500.0
tcp_tracking.parent_frame=World
tcp_tracking.child_frame=right_manipulator_ee_point
tcp_tracking.timestamp_source=TF_header_stamp
initial_fastech_di0=False
initial_fastech_do0=True
robot_connected.left=True
robot_connected.right=True
robot_connected.head=True
hicomm_connected=True
execution_allowed=True
steps[0].sequence_number=1
steps[0].type=named_pose
steps[0].parallel_slot=1
steps[0].duration=0.0
steps[0].planning_group=right_manipulator
steps[0].velocity_scale=0.3695263157894737
steps[0].tcp_speed_m_s=0.0
steps[0].pose_name=weld_start_wait
steps[0].pose_label=3 · Weld start wait pose
steps[0].touch_guard=False
steps[0].continue_after_touch=False
steps[0].weld_scenario_id=weld-10071871994970
steps[0].weld_scenario_stage=start_wait
steps[0].target_tcp.position_m.x=0.04679661342158309
steps[0].target_tcp.position_m.y=-1.7157272494256113
steps[0].target_tcp.position_m.z=0.6808993470560196
steps[0].target_tcp.orientation_xyzw.x=-0.4356040005965647
steps[0].target_tcp.orientation_xyzw.y=0.6337302693138561
steps[0].target_tcp.orientation_xyzw.z=-0.528315255502808
steps[0].target_tcp.orientation_xyzw.w=-0.35988621982879293
steps[0].joint_names[0]=right_manipulator_joint1
steps[0].joint_names[1]=right_manipulator_joint2
steps[0].joint_names[2]=right_manipulator_joint3
steps[0].joint_names[3]=right_manipulator_joint4
steps[0].joint_names[4]=right_manipulator_joint5
steps[0].joint_names[5]=right_manipulator_joint6
steps[0].joint_positions_rad[0]=5.165179096287744
steps[0].joint_positions_rad[1]=1.3192841976545053
steps[0].joint_positions_rad[2]=1.833801860251743
steps[0].joint_positions_rad[3]=3.58926816861935
steps[0].joint_positions_rad[4]=1.3973881876818586
steps[0].joint_positions_rad[5]=1.4228621224567934
steps[1].sequence_number=2
steps[1].type=motion
steps[1].parallel_slot=2
steps[1].duration=0.0
steps[1].planning_group=right_manipulator
steps[1].velocity_scale=0.3695263157894737
steps[1].tcp_speed_m_s=0.0
steps[1].interpolation_step=0.005
steps[1].path_kind=taught_wait_align_weld_attitude
steps[1].touch_guard=False
steps[1].continue_after_touch=False
steps[1].accept_initial_touch=False
steps[1].weld_scenario_id=weld-10071871994970
steps[1].weld_scenario_stage=start_safe
steps[1].waypoint_count=1
steps[1].waypoints[0].position_m.x=0.04679661342158309
steps[1].waypoints[0].position_m.y=-1.7157272494256113
steps[1].waypoints[0].position_m.z=0.6808993470560196
steps[1].waypoints[0].orientation_xyzw.x=-0.44007459353504075
steps[1].waypoints[0].orientation_xyzw.y=0.6306340077297714
steps[1].waypoints[0].orientation_xyzw.z=-0.5308470156412199
steps[1].waypoints[0].orientation_xyzw.w=-0.3561411888625999
steps[2].sequence_number=3
steps[2].type=motion
steps[2].parallel_slot=3
steps[2].duration=0.0
steps[2].planning_group=right_manipulator
steps[2].velocity_scale=0.3695263157894737
steps[2].tcp_speed_m_s=0.0
steps[2].interpolation_step=0.005
steps[2].path_kind=taught_wait_to_weld_start
steps[2].touch_guard=False
steps[2].continue_after_touch=True
steps[2].accept_initial_touch=False
steps[2].weld_scenario_id=weld-10071871994970
steps[2].weld_scenario_stage=start_contact
steps[2].waypoint_count=1
steps[2].waypoints[0].position_m.x=0.044801885452144766
steps[2].waypoints[0].position_m.y=-1.7157573362961422
steps[2].waypoints[0].position_m.z=0.6758485318442375
steps[2].waypoints[0].orientation_xyzw.x=-0.44007459353504075
steps[2].waypoints[0].orientation_xyzw.y=0.6306340077297714
steps[2].waypoints[0].orientation_xyzw.z=-0.5308470156412199
steps[2].waypoints[0].orientation_xyzw.w=-0.3561411888625999
steps[3].sequence_number=4
steps[3].type=digital_weld
steps[3].parallel_slot=5
steps[3].duration=0.0
steps[3].command=on
steps[3].weld_scenario_id=weld-10071871994970
steps[3].weld_scenario_stage=arc_on
steps[3].settings.current_a=150
steps[3].settings.voltage_tenths=200
steps[3].settings.voltage=20.0
steps[3].settings.material=FE-SOLID
steps[3].settings.diameter_mm=1.2
steps[3].settings.mode=LSM
steps[3].settings.gas=CO2 100%
steps[3].settings.synergic=False
steps[3].settings.correction=0.0
steps[3].settings.hot_start_enabled=True
steps[3].settings.hot_start_percent=20.0
steps[3].settings.hot_start_hold_adjustment=0
steps[3].settings.crater_enabled=True
steps[3].settings.crater_percent=40.0
steps[3].settings.crater_current_a=60.0
steps[3].settings.crater_voltage_v=25.0
steps[3].settings.crater_seconds=1.0
steps[3].settings.wire_consumable_alpha_mm=0.0
steps[3].settings.hot_start_current_a=180
steps[4].sequence_number=5
steps[4].type=motion
steps[4].parallel_slot=5
steps[4].duration=0.0
steps[4].planning_group=right_manipulator
steps[4].velocity_scale=0.3695263157894737
steps[4].tcp_speed_m_s=0.0035
steps[4].interpolation_step=0.005
steps[4].path_kind=continuous_lead_to_lead_over_sensed_goal_fastech_di0_ignored
steps[4].touch_guard=False
steps[4].weld_scenario_id=weld-10071871994970
steps[4].weld_scenario_stage=weld_motion
steps[4].lead_in_mm=0.0
steps[4].lead_out_mm=5.0
steps[4].linear_motion_profile=True
steps[4].waypoint_count=2
steps[4].waypoints[0].position_m.x=0.044801885452144766
steps[4].waypoints[0].position_m.y=-1.7157573362961422
steps[4].waypoints[0].position_m.z=0.6758485318442375
steps[4].waypoints[0].orientation_xyzw.x=-0.44007459353504075
steps[4].waypoints[0].orientation_xyzw.y=0.6306340077297714
steps[4].waypoints[0].orientation_xyzw.z=-0.5308470156412199
steps[4].waypoints[0].orientation_xyzw.w=-0.3561411888625999
steps[4].waypoints[1].position_m.x=0.03767980889882411
steps[4].waypoints[1].position_m.y=-1.532234981916726
steps[4].waypoints[1].position_m.z=0.677568054658184
steps[4].waypoints[1].orientation_xyzw.x=-0.4401030072875901
steps[4].waypoints[1].orientation_xyzw.y=0.6306768700231863
steps[4].waypoints[1].orientation_xyzw.z=-0.5307919227324748
steps[4].waypoints[1].orientation_xyzw.w=-0.356112290375015
steps[4].lead_start.position_m.x=0.044801885452144766
steps[4].lead_start.position_m.y=-1.7157573362961422
steps[4].lead_start.position_m.z=0.6758485318442375
steps[4].lead_start.orientation_xyzw.x=-0.44007459353504075
steps[4].lead_start.orientation_xyzw.y=0.6306340077297714
steps[4].lead_start.orientation_xyzw.z=-0.5308470156412199
steps[4].lead_start.orientation_xyzw.w=-0.3561411888625999
steps[4].usable_seam_start.position_m.x=0.044801885452144766
steps[4].usable_seam_start.position_m.y=-1.7157573362961422
steps[4].usable_seam_start.position_m.z=0.6758485318442375
steps[4].usable_seam_start.orientation_xyzw.x=-0.44007459353504075
steps[4].usable_seam_start.orientation_xyzw.y=0.6306340077297714
steps[4].usable_seam_start.orientation_xyzw.z=-0.5308470156412199
steps[4].usable_seam_start.orientation_xyzw.w=-0.3561411888625999
steps[4].usable_seam_goal.position_m.x=0.03787369284508518
steps[4].usable_seam_goal.position_m.y=-1.5372310021122146
steps[4].usable_seam_goal.position_m.z=0.6775212441716134
steps[4].usable_seam_goal.orientation_xyzw.x=-0.4401030072875901
steps[4].usable_seam_goal.orientation_xyzw.y=0.6306768700231863
steps[4].usable_seam_goal.orientation_xyzw.z=-0.5307919227324748
steps[4].usable_seam_goal.orientation_xyzw.w=-0.356112290375015
steps[4].lead_end.position_m.x=0.03767980889882411
steps[4].lead_end.position_m.y=-1.532234981916726
steps[4].lead_end.position_m.z=0.677568054658184
steps[4].lead_end.orientation_xyzw.x=-0.4401030072875901
steps[4].lead_end.orientation_xyzw.y=0.6306768700231863
steps[4].lead_end.orientation_xyzw.z=-0.5307919227324748
steps[4].lead_end.orientation_xyzw.w=-0.356112290375015
steps[5].sequence_number=6
steps[5].type=digital_weld
steps[5].parallel_slot=5
steps[5].duration=0.0
steps[5].velocity_scale=0.3695263157894737
steps[5].tcp_speed_m_s=0.0035
steps[5].command=off
steps[5].weld_scenario_id=weld-10071871994970
steps[5].weld_scenario_stage=arc_off
steps[5].trigger_before_goal=True
steps[5].arc_off_delay_s=0.5
steps[5].settings.current_a=150
steps[5].settings.voltage_tenths=200
steps[5].settings.voltage=20.0
steps[5].settings.material=FE-SOLID
steps[5].settings.diameter_mm=1.2
steps[5].settings.mode=LSM
steps[5].settings.gas=CO2 100%
steps[5].settings.synergic=False
steps[5].settings.correction=0.0
steps[5].settings.hot_start_enabled=True
steps[5].settings.hot_start_percent=20.0
steps[5].settings.hot_start_hold_adjustment=0
steps[5].settings.crater_enabled=True
steps[5].settings.crater_percent=40.0
steps[5].settings.crater_current_a=60.0
steps[5].settings.crater_voltage_v=25.0
steps[5].settings.crater_seconds=1.0
steps[5].settings.wire_consumable_alpha_mm=0.0
steps[5].settings.hot_start_current_a=180
steps[6].sequence_number=7
steps[6].type=motion
steps[6].parallel_slot=6
steps[6].duration=0.0
steps[6].planning_group=right_manipulator
steps[6].velocity_scale=0.3695263157894737
steps[6].tcp_speed_m_s=0.0
steps[6].interpolation_step=0.005
steps[6].path_kind=weld_end_to_taught_wait_fixed_attitude
steps[6].pose_name=weld_goal_wait
steps[6].pose_label=5 · Weld goal wait pose
steps[6].touch_guard=False
steps[6].continue_after_touch=False
steps[6].weld_scenario_id=weld-10071871994970
steps[6].weld_scenario_stage=goal_wait
steps[6].waypoint_count=1
steps[6].waypoints[0].position_m.x=0.0423937317465059
steps[6].waypoints[0].position_m.y=-1.5371105920713002
steps[6].waypoints[0].position_m.z=0.6833915523748588
steps[6].waypoints[0].orientation_xyzw.x=-0.4401030072875901
steps[6].waypoints[0].orientation_xyzw.y=0.6306768700231863
steps[6].waypoints[0].orientation_xyzw.z=-0.5307919227324748
steps[6].waypoints[0].orientation_xyzw.w=-0.356112290375015
steps[7].sequence_number=8
steps[7].type=named_pose
steps[7].parallel_slot=7
steps[7].duration=0.0
steps[7].planning_group=right_manipulator
steps[7].velocity_scale=0.3695263157894737
steps[7].tcp_speed_m_s=0.0
steps[7].pose_name=weld_finish
steps[7].pose_label=7 · Weld end pose
steps[7].touch_guard=False
steps[7].continue_after_touch=False
steps[7].weld_scenario_id=weld-10071871994970
steps[7].weld_scenario_stage=finish
steps[7].target_tcp.position_m.x=0.040986944407158665
steps[7].target_tcp.position_m.y=-1.5364893594106015
steps[7].target_tcp.position_m.z=0.8167834972443337
steps[7].target_tcp.orientation_xyzw.x=-0.43559961213469944
steps[7].target_tcp.orientation_xyzw.y=0.6337765362069385
steps[7].target_tcp.orientation_xyzw.z=-0.5282946458701413
steps[7].target_tcp.orientation_xyzw.w=-0.35984030792363536
steps[7].joint_names[0]=right_manipulator_joint1
steps[7].joint_names[1]=right_manipulator_joint2
steps[7].joint_names[2]=right_manipulator_joint3
steps[7].joint_names[3]=right_manipulator_joint4
steps[7].joint_names[4]=right_manipulator_joint5
steps[7].joint_names[5]=right_manipulator_joint6
steps[7].joint_positions_rad[0]=5.272405951257604
steps[7].joint_positions_rad[1]=1.1691705954383358
steps[7].joint_positions_rad[2]=2.1249962880568054
steps[7].joint_positions_rad[3]=3.687834157408164
steps[7].joint_positions_rad[4]=1.5169816974896109
steps[7].joint_positions_rad[5]=1.4982739229381858
steps[8].sequence_number=9
steps[8].type=digital_output
steps[8].parallel_slot=8
steps[8].duration=0.0
steps[8].port=0
steps[8].value=True
steps[8].weld_scenario_id=weld-10071871994970
steps[8].weld_scenario_stage=touch_output_on
hicomm_cyclic_period_ms=40.0
arc_wait_recognition=True
arc_wait_main_welding=True
arc_wait_established=True
arc_establishment_timeout_s=5.0

[summary]
rx_samples=1341
welding_samples=0
wcr_seen=0
current_a.min=None
current_a.average=None
current_a.max=None
voltage_v.min=None
voltage_v.average=None
voltage_v.max=None
wire_feed_m_min.min=None
wire_feed_m_min.average=None
wire_feed_m_min.max=None

[production_metrics]
arc_started_elapsed_s=None
arc_completed_elapsed_s=None
arc_on_time_s=0.0
main_weld_arc_time_s=0.0
crater_arc_time_s=0.0
weld_motion_start_elapsed_s=0.019339899999977206
weld_motion_complete_elapsed_s=53.64154368100026
weld_motion_duration_s=53.62220378100028
net_weld_arc_time_s=0.0
wire_feed_average_m_min=0.0
wire_consumable_base_mm=0.0
wire_consumable_alpha_mm=0.0
wire_consumable_mm=0.0
wire_consumable_formula=integral(WFS*1000/60*dt)+alpha
weld_motion_start_unix_time=1789441106.0241904
weld_motion_start_wall_time=2026-09-15 11:58:26.024
weld_motion_complete_unix_time=1789441159.646394
weld_motion_complete_wall_time=2026-09-15 11:59:19.646

[arc_off_control]

[teaching_snapshot_yaml]
robot_start:
  planning_group: right_manipulator
  joint_state:
    names:
    - right_manipulator_joint1
    - right_manipulator_joint2
    - right_manipulator_joint3
    - right_manipulator_joint4
    - right_manipulator_joint5
    - right_manipulator_joint6
    positions_rad:
    - 5.27240967968313
    - 1.0710261184710546
    - 2.180025851451385
    - 3.6894743983235436
    - 1.4802383302458966
    - 1.475784459638848
  tcp_pose_world:
    position_m:
      x: 0.0409882833240674
      y: -1.5365128539727777
      z: 0.8899872668309907
    orientation_xyzw:
      x: -0.4355837586611503
      y: 0.6337556876271521
      z: -0.5283180348228105
      w: -0.3598618786031996
weld_wait:
  planning_group: right_manipulator
  joint_state:
    names:
    - right_manipulator_joint1
    - right_manipulator_joint2
    - right_manipulator_joint3
    - right_manipulator_joint4
    - right_manipulator_joint5
    - right_manipulator_joint6
    positions_rad:
    - 5.1648525927381
    - 1.2922420604716771
    - 1.8539296322963983
    - 3.589461780430599
    - 1.391100331190127
    - 1.4199194626103104
  tcp_pose_world:
    position_m:
      x: 0.046493459423684325
      y: -1.7156812209764052
      z: 0.7039206836462237
    orientation_xyzw:
      x: -0.435586797430743
      y: 0.6337639392821951
      z: -0.528318038619688
      w: -0.35984366221817626
weld_start_wait:
  planning_group: right_manipulator
  joint_state:
    names:
    - right_manipulator_joint1
    - right_manipulator_joint2
    - right_manipulator_joint3
    - right_manipulator_joint4
    - right_manipulator_joint5
    - right_manipulator_joint6
    positions_rad:
    - 5.165179096287744
    - 1.3192841976545053
    - 1.833801860251743
    - 3.58926816861935
    - 1.3973881876818586
    - 1.4228621224567934
  tcp_pose_world:
    position_m:
      x: 0.04679661342158309
      y: -1.7157272494256113
      z: 0.6808993470560196
    orientation_xyzw:
      x: -0.4356040005965647
      y: 0.6337302693138561
      z: -0.528315255502808
      w: -0.35988621982879293
weld_start:
  planning_group: right_manipulator
  joint_state:
    names:
    - right_manipulator_joint1
    - right_manipulator_joint2
    - right_manipulator_joint3
    - right_manipulator_joint4
    - right_manipulator_joint5
    - right_manipulator_joint6
    positions_rad:
    - 5.1567094894666505
    - 1.3252422894645395
    - 1.832723851551002
    - 3.5663504341679886
    - 1.4019439530347766
    - 1.424664599543696
  tcp_pose_world:
    position_m:
      x: 0.044801885452144766
      y: -1.7157573362961422
      z: 0.6758485318442375
    orientation_xyzw:
      x: -0.44007459353504075
      y: 0.6306340077297714
      z: -0.5308470156412199
      w: -0.3561411888625999
weld_goal_wait:
  planning_group: right_manipulator
  joint_state:
    names:
    - right_manipulator_joint1
    - right_manipulator_joint2
    - right_manipulator_joint3
    - right_manipulator_joint4
    - right_manipulator_joint5
    - right_manipulator_joint6
    positions_rad:
    - 5.273689062270805
    - 1.337714737136453
    - 2.0084516982230305
    - 3.688240289474401
    - 1.561243168490619
    - 1.5254147302394014
  tcp_pose_world:
    position_m:
      x: 0.0423937317465059
      y: -1.5371105920713002
      z: 0.6833915523748588
    orientation_xyzw:
      x: -0.43563211053380774
      y: 0.6337733314661355
      z: -0.5282603683300546
      w: -0.35985693246896244
weld_end:
  planning_group: right_manipulator
  joint_state:
    names:
    - right_manipulator_joint1
    - right_manipulator_joint2
    - right_manipulator_joint3
    - right_manipulator_joint4
    - right_manipulator_joint5
    - right_manipulator_joint6
    positions_rad:
    - 5.260525968946351
    - 1.3460904746210545
    - 2.0074478369006328
    - 3.661532786413586
    - 1.5704602131902585
    - 1.524301086124145
  tcp_pose_world:
    position_m:
      x: 0.03787369284508518
      y: -1.5372310021122146
      z: 0.6775212441716134
    orientation_xyzw:
      x: -0.4401030072875901
      y: 0.6306768700231863
      z: -0.5307919227324748
      w: -0.356112290375015
weld_finish:
  planning_group: right_manipulator
  joint_state:
    names:
    - right_manipulator_joint1
    - right_manipulator_joint2
    - right_manipulator_joint3
    - right_manipulator_joint4
    - right_manipulator_joint5
    - right_manipulator_joint6
    positions_rad:
    - 5.272405951257604
    - 1.1691705954383358
    - 2.1249962880568054
    - 3.687834157408164
    - 1.5169816974896109
    - 1.4982739229381858
  tcp_pose_world:
    position_m:
      x: 0.040986944407158665
      y: -1.5364893594106015
      z: 0.8167834972443337
    orientation_xyzw:
      x: -0.43559961213469944
      y: 0.6337765362069385
      z: -0.5282946458701413
      w: -0.35984030792363536

[touch_snapshot_yaml]
start_floor:
  position_m:
    x: 0.046226291484676885
    y: -1.7147270979538978
    z: 0.6758578942485487
  orientation_xyzw:
    x: -0.43593558296169693
    y: 0.6339955815641842
    z: -0.5277914184823508
    w: -0.3597860317484897
start_wall:
  position_m:
    x: 0.0447522152683385
    y: -1.7145051758890328
    z: 0.6785334508322465
  orientation_xyzw:
    x: -0.4360427973884709
    y: 0.6340767369635787
    z: -0.5276320724095732
    w: -0.3597468090922233
goal_floor:
  position_m:
    x: 0.04247366308650857
    y: -1.5376137488757757
    z: 0.6775167485173281
  orientation_xyzw:
    x: -0.43566352531361363
    y: 0.6337130044309239
    z: -0.5282752415206649
    w: -0.35990330635148293
goal_wall:
  position_m:
    x: 0.037893577839647585
    y: -1.5378062043988923
    z: 0.6835667580309801
  orientation_xyzw:
    x: -0.4355623659812806
    y: 0.633750180719559
    z: -0.5283416156778293
    w: -0.35986285015496694

[samples]
elapsed_s raw0 state arc gas fwd wcr current_a voltage_v wire_feed_m_min set_current_a set_voltage_v error db collision
0.010 0x00 idle 0 0 0 0 0 0.0 0.0 100 10.0 0 0 0
0.046 0x00 idle 0 0 0 0 0 0.0 0.0 100 10.0 0 0 0
0.094 0x00 idle 0 0 0 0 0 0.0 0.0 100 10.0 0 0 0
0.134 0x00 idle 0 0 0 0 0 0.0 0.0 100 10.0 0 0 0
0.172 0x00 idle 0 0 0 0 0 0.0 0.0 100 10.0 0 0 0
0.209 0x00 idle 0 0 0 0 0 0.0 0.0 100 10.0 0 0 0
0.254 0x00 idle 0 0 0 0 0 0.0 0.0 100 10.0 0 0 0
0.290 0x00 idle 0 0 0 0 0 0.0 0.0 100 10.0 0 0 0
0.332 0x00 idle 0 0 0 0 0 0.0 0.0 100 10.0 0 0 0
0.367 0x00 idle 0 0 0 0 0 0.0 0.0 100 10.0 0 0 0
0.407 0x00 idle 0 0 0 0 0 0.0 0.0 100 10.0 0 0 0
0.447 0x00 idle 0 0 0 0 0 0.0 0.0 100 10.0 0 0 0
0.488 0x00 idle 0 0 0 0 0 0.0 0.0 100 10.0 0 0 0
0.534 0x00 idle 0 0 0 0 0 0.0 0.0 100 10.0 0 0 0
0.567 0x00 idle 0 0 0 0 0 0.0 0.0 100 10.0 0 0 0
0.611 0x00 idle 0 0 0 0 0 0.0 0.0 100 10.0 0 0 0
0.651 0x00 idle 0 0 0 0 0 0.0 0.0 100 10.0 0 0 0
0.693 0x00 idle 0 0 0 0 0 0.0 0.0 100 10.0 0 0 0
0.734 0x00 idle 0 0 0 0 0 0.0 0.0 100 10.0 0 0 0
0.768 0x00 idle 0 0 0 0 0 0.0 0.0 100 10.0 0 0 0
0.810 0x00 idle 0 0 0 0 0 0.0 0.0 100 10.0 0 0 0
0.857 0x00 idle 0 0 0 0 0 0.0 0.0 100 10.0 0 0 0
0.888 0x00 idle 0 0 0 0 0 0.0 0.0 100 10.0 0 0 0
0.935 0x00 idle 0 0 0 0 0 0.0 0.0 100 10.0 0 0 0
0.970 0x00 idle 0 0 0 0 0 0.0 0.0 100 10.0 0 0 0
1.011 0x00 idle 0 0 0 0 0 0.0 0.0 100 10.0 0 0 0
1.048 0x00 idle 0 0 0 0 0 0.0 0.0 100 10.0 0 0 0
1.091 0x00 idle 0 0 0 0 0 0.0 0.0 100 10.0 0 0 0
1.129 0x00 idle 0 0 0 0 0 0.0 0.0 100 10.0 0 0 0
1.173 0x00 idle 0 0 0 0 0 0.0 0.0 100 10.0 0 0 0
1.207 0x00 idle 0 0 0 0 0 0.0 0.0 100 10.0 0 0 0
1.251 0x00 idle 0 0 0 0 0 0.0 0.0 100 10.0 0 0 0
1.296 0x00 idle 0 0 0 0 0 0.0 0.0 100 10.0 0 0 0
1.329 0x00 idle 0 0 0 0 0 0.0 0.0 100 10.0 0 0 0
1.375 0x00 idle 0 0 0 0 0 0.0 0.0 100 10.0 0 0 0
1.413 0x00 idle 0 0 0 0 0 0.0 0.0 100 10.0 0 0 0
1.450 0x00 idle 0 0 0 0 0 0.0 0.0 100 10.0 0 0 0
1.487 0x00 idle 0 0 0 0 0 0.0 0.0 100 10.0 0 0 0
1.529 0x00 idle 0 0 0 0 0 0.0 0.0 100 10.0 0 0 0
1.569 0x00 idle 0 0 0 0 0 0.0 0.0 100 10.0 0 0 0
1.611 0x00 idle 0 0 0 0 0 0.0 0.0 100 10.0 0 0 0
1.649 0x00 idle 0 0 0 0 0 0.0 0.0 100 10.0 0 0 0
1.690 0x00 idle 0 0 0 0 0 0.0 0.0 100 10.0 0 0 0
1.729 0x00 idle 0 0 0 0 0 0.0 0.0 100 10.0 0 0 0
1.767 0x00 idle 0 0 0 0 0 0.0 0.0 100 10.0 0 0 0
1.812 0x00 idle 0 0 0 0 0 0.0 0.0 100 10.0 0 0 0
1.848 0x00 idle 0 0 0 0 0 0.0 0.0 100 10.0 0 0 0
1.891 0x00 idle 0 0 0 0 0 0.0 0.0 100 10.0 0 0 0
1.932 0x00 idle 0 0 0 0 0 0.0 0.0 100 10.0 0 0 0
1.971 0x00 idle 0 0 0 0 0 0.0 0.0 100 10.0 0 0 0
2.006 0x00 idle 0 0 0 0 0 0.0 0.0 100 10.0 0 0 0
2.049 0x00 idle 0 0 0 0 0 0.0 0.0 100 10.0 0 0 0
2.089 0x00 idle 0 0 0 0 0 0.0 0.0 100 10.0 0 0 0
2.128 0x00 idle 0 0 0 0 0 0.0 0.0 100 10.0 0 0 0
2.171 0x00 idle 0 0 0 0 0 0.0 0.0 100 10.0 0 0 0
2.213 0x00 idle 0 0 0 0 0 0.0 0.0 100 10.0 0 0 0
2.255 0x00 idle 0 0 0 0 0 0.0 0.0 100 10.0 0 0 0
2.290 0x00 idle 0 0 0 0 0 0.0 0.0 100 10.0 0 0 0
2.328 0x00 idle 0 0 0 0 0 0.0 0.0 100 10.0 0 0 0
2.370 0x00 idle 0 0 0 0 0 0.0 0.0 100 10.0 0 0 0
2.412 0x00 idle 0 0 0 0 0 0.0 0.0 100 10.0 0 0 0
2.452 0x00 idle 0 0 0 0 0 0.0 0.0 100 10.0 0 0 0
2.494 0x00 idle 0 0 0 0 0 0.0 0.0 100 10.0 0 0 0
2.531 0x00 idle 0 0 0 0 0 0.0 0.0 100 10.0 0 0 0
2.568 0x00 idle 0 0 0 0 0 0.0 0.0 100 10.0 0 0 0
2.608 0x00 idle 0 0 0 0 0 0.0 0.0 100 10.0 0 0 0
2.651 0x00 idle 0 0 0 0 0 0.0 0.0 100 10.0 0 0 0
2.690 0x00 idle 0 0 0 0 0 0.0 0.0 100 10.0 0 0 0
2.730 0x00 idle 0 0 0 0 0 0.0 0.0 100 10.0 0 0 0
2.772 0x00 idle 0 0 0 0 0 0.0 0.0 100 10.0 0 0 0
2.810 0x00 idle 0 0 0 0 0 0.0 0.0 100 10.0 0 0 0
2.849 0x00 idle 0 0 0 0 0 0.0 0.0 100 10.0 0 0 0
2.888 0x00 idle 0 0 0 0 0 0.0 0.0 100 10.0 0 0 0
2.932 0x00 idle 0 0 0 0 0 0.0 0.0 100 10.0 0 0 0
2.968 0x00 idle 0 0 0 0 0 0.0 0.0 100 10.0 0 0 0
3.007 0x00 idle 0 0 0 0 0 0.0 0.0 100 10.0 0 0 0
3.048 0x00 idle 0 0 0 0 0 0.0 0.0 100 10.0 0 0 0
3.091 0x00 idle 0 0 0 0 0 0.0 0.0 100 10.0 0 0 0
3.127 0x00 idle 0 0 0 0 0 0.0 0.0 100 10.0 0 0 0
3.172 0x00 idle 0 0 0 0 0 0.0 0.0 100 10.0 0 0 0
3.211 0x00 idle 0 0 0 0 0 0.0 0.0 100 10.0 0 0 0
3.250 0x00 idle 0 0 0 0 0 0.0 0.0 100 10.0 0 0 0
3.290 0x00 idle 0 0 0 0 0 0.0 0.0 100 10.0 0 0 0
3.334 0x00 idle 0 0 0 0 0 0.0 0.0 100 10.0 0 0 0
3.374 0x00 idle 0 0 0 0 0 0.0 0.0 100 10.0 0 0 0
3.407 0x00 idle 0 0 0 0 0 0.0 0.0 100 10.0 0 0 0
3.448 0x00 idle 0 0 0 0 0 0.0 0.0 100 10.0 0 0 0
3.487 0x00 idle 0 0 0 0 0 0.0 0.0 100 10.0 0 0 0
3.528 0x00 idle 0 0 0 0 0 0.0 0.0 100 10.0 0 0 0
3.567 0x00 idle 0 0 0 0 0 0.0 0.0 100 10.0 0 0 0
3.607 0x00 idle 0 0 0 0 0 0.0 0.0 100 10.0 0 0 0
3.650 0x00 idle 0 0 0 0 0 0.0 0.0 100 10.0 0 0 0
3.690 0x00 idle 0 0 0 0 0 0.0 0.0 100 10.0 0 0 0
3.729 0x00 idle 0 0 0 0 0 0.0 0.0 100 10.0 0 0 0
3.774 0x00 idle 0 0 0 0 0 0.0 0.0 100 10.0 0 0 0
3.808 0x00 idle 0 0 0 0 0 0.0 0.0 100 10.0 0 0 0
3.847 0x00 idle 0 0 0 0 0 0.0 0.0 100 10.0 0 0 0
3.890 0x00 idle 0 0 0 0 0 0.0 0.0 100 10.0 0 0 0
3.928 0x00 idle 0 0 0 0 0 0.0 0.0 100 10.0 0 0 0
3.967 0x00 idle 0 0 0 0 0 0.0 0.0 100 10.0 0 0 0
4.007 0x00 idle 0 0 0 0 0 0.0 0.0 100 10.0 0 0 0
4.047 0x00 idle 0 0 0 0 0 0.0 0.0 100 10.0 0 0 0
4.091 0x00 idle 0 0 0 0 0 0.0 0.0 100 10.0 0 0 0
4.131 0x00 idle 0 0 0 0 0 0.0 0.0 100 10.0 0 0 0
4.171 0x00 idle 0 0 0 0 0 0.0 0.0 100 10.0 0 0 0
4.208 0x00 idle 0 0 0 0 0 0.0 0.0 100 10.0 0 0 0
4.251 0x00 idle 0 0 0 0 0 0.0 0.0 100 10.0 0 0 0
4.295 0x00 idle 0 0 0 0 0 0.0 0.0 100 10.0 0 0 0
4.332 0x00 idle 0 0 0 0 0 0.0 0.0 100 10.0 0 0 0
4.370 0x00 idle 0 0 0 0 0 0.0 0.0 100 10.0 0 0 0
4.413 0x00 idle 0 0 0 0 0 0.0 0.0 100 10.0 0 0 0
4.454 0x00 idle 0 0 0 0 0 0.0 0.0 100 10.0 0 0 0
4.492 0x00 idle 0 0 0 0 0 0.0 0.0 100 10.0 0 0 0
4.531 0x00 idle 0 0 0 0 0 0.0 0.0 100 10.0 0 0 0
4.572 0x00 idle 0 0 0 0 0 0.0 0.0 100 10.0 0 0 0
4.613 0x00 idle 0 0 0 0 0 0.0 0.0 100 10.0 0 0 0
4.649 0x00 idle 0 0 0 0 0 0.0 0.0 100 10.0 0 0 0
4.694 0x00 idle 0 0 0 0 0 0.0 0.0 100 10.0 0 0 0
4.730 0x00 idle 0 0 0 0 0 0.0 0.0 100 10.0 0 0 0
4.772 0x00 idle 0 0 0 0 0 0.0 0.0 100 10.0 0 0 0
4.810 0x00 idle 0 0 0 0 0 0.0 0.0 100 10.0 0 0 0
4.854 0x00 idle 0 0 0 0 0 0.0 0.0 100 10.0 0 0 0
4.891 0x00 idle 0 0 0 0 0 0.0 0.0 100 10.0 0 0 0
4.929 0x00 idle 0 0 0 0 0 0.0 0.0 100 10.0 0 0 0
4.970 0x00 idle 0 0 0 0 0 0.0 0.0 100 10.0 0 0 0
5.008 0x00 idle 0 0 0 0 0 0.0 0.0 100 10.0 0 0 0
5.053 0x00 idle 0 0 0 0 0 0.0 0.0 100 10.0 0 0 0
5.089 0x00 idle 0 0 0 0 0 0.0 0.0 100 10.0 0 0 0
5.132 0x00 idle 0 0 0 0 0 0.0 0.0 100 10.0 0 0 0
5.177 0x00 idle 0 0 0 0 0 0.0 0.0 100 10.0 0 0 0
5.210 0x00 idle 0 0 0 0 0 0.0 0.0 100 10.0 0 0 0
5.249 0x00 idle 0 0 0 0 0 0.0 0.0 100 10.0 0 0 0
5.291 0x00 idle 0 0 0 0 0 0.0 0.0 100 10.0 0 0 0
5.329 0x00 idle 0 0 0 0 0 0.0 0.0 100 10.0 0 0 0
5.368 0x00 idle 0 0 0 0 0 0.0 0.0 100 10.0 0 0 0
5.409 0x00 idle 0 0 0 0 0 0.0 0.0 100 10.0 0 0 0
5.450 0x00 idle 0 0 0 0 0 0.0 0.0 100 10.0 0 0 0
5.493 0x00 idle 0 0 0 0 0 0.0 0.0 100 10.0 0 0 0
5.536 0x00 idle 0 0 0 0 0 0.0 0.0 100 10.0 0 0 0
5.572 0x00 idle 0 0 0 0 0 0.0 0.0 100 10.0 0 0 0
5.612 0x00 idle 0 0 0 0 0 0.0 0.0 100 10.0 0 0 0
5.649 0x00 idle 0 0 0 0 0 0.0 0.0 100 10.0 0 0 0
5.688 0x00 idle 0 0 0 0 0 0.0 0.0 100 10.0 0 0 0
5.727 0x00 idle 0 0 0 0 0 0.0 0.0 100 10.0 0 0 0
5.768 0x00 idle 0 0 0 0 0 0.0 0.0 100 10.0 0 0 0
5.809 0x00 idle 0 0 0 0 0 0.0 0.0 100 10.0 0 0 0
5.852 0x00 idle 0 0 0 0 0 0.0 0.0 100 10.0 0 0 0
5.894 0x00 idle 0 0 0 0 0 0.0 0.0 100 10.0 0 0 0
5.928 0x00 idle 0 0 0 0 0 0.0 0.0 100 10.0 0 0 0
5.970 0x00 idle 0 0 0 0 0 0.0 0.0 100 10.0 0 0 0
6.016 0x00 idle 0 0 0 0 0 0.0 0.0 100 10.0 0 0 0
6.053 0x00 idle 0 0 0 0 0 0.0 0.0 100 10.0 0 0 0
6.104 0x00 idle 0 0 0 0 0 0.0 0.0 100 10.0 0 0 0
6.132 0x00 idle 0 0 0 0 0 0.0 0.0 100 10.0 0 0 0
6.176 0x00 idle 0 0 0 0 0 0.0 0.0 100 10.0 0 0 0
6.207 0x00 idle 0 0 0 0 0 0.0 0.0 100 10.0 0 0 0
6.249 0x00 idle 0 0 0 0 0 0.0 0.0 100 10.0 0 0 0
6.289 0x00 idle 0 0 0 0 0 0.0 0.0 100 10.0 0 0 0
6.332 0x00 idle 0 0 0 0 0 0.0 0.0 100 10.0 0 0 0
6.368 0x00 idle 0 0 0 0 0 0.0 0.0 100 10.0 0 0 0
6.410 0x00 idle 0 0 0 0 0 0.0 0.0 100 10.0 0 0 0
6.447 0x00 idle 0 0 0 0 0 0.0 0.0 100 10.0 0 0 0
6.490 0x00 idle 0 0 0 0 0 0.0 0.0 100 10.0 0 0 0
6.530 0x00 idle 0 0 0 0 0 0.0 0.0 100 10.0 0 0 0
6.568 0x00 idle 0 0 0 0 0 0.0 0.0 100 10.0 0 0 0
6.618 0x00 idle 0 0 0 0 0 0.0 0.0 100 10.0 0 0 0
6.652 0x00 idle 0 0 0 0 0 0.0 0.0 100 10.0 0 0 0
6.693 0x00 idle 0 0 0 0 0 0.0 0.0 100 10.0 0 0 0
6.735 0x00 idle 0 0 0 0 0 0.0 0.0 100 10.0 0 0 0
6.771 0x00 idle 0 0 0 0 0 0.0 0.0 100 10.0 0 0 0
6.808 0x00 idle 0 0 0 0 0 0.0 0.0 100 10.0 0 0 0
6.851 0x00 idle 0 0 0 0 0 0.0 0.0 100 10.0 0 0 0
6.893 0x00 idle 0 0 0 0 0 0.0 0.0 100 10.0 0 0 0
6.928 0x00 idle 0 0 0 0 0 0.0 0.0 100 10.0 0 0 0
6.970 0x00 idle 0 0 0 0 0 0.0 0.0 100 10.0 0 0 0
7.012 0x00 idle 0 0 0 0 0 0.0 0.0 100 10.0 0 0 0
7.050 0x00 idle 0 0 0 0 0 0.0 0.0 100 10.0 0 0 0
7.097 0x00 idle 0 0 0 0 0 0.0 0.0 100 10.0 0 0 0
7.127 0x00 idle 0 0 0 0 0 0.0 0.0 100 10.0 0 0 0
7.170 0x00 idle 0 0 0 0 0 0.0 0.0 100 10.0 0 0 0
7.207 0x00 idle 0 0 0 0 0 0.0 0.0 100 10.0 0 0 0
7.250 0x00 idle 0 0 0 0 0 0.0 0.0 100 10.0 0 0 0
7.287 0x00 idle 0 0 0 0 0 0.0 0.0 100 10.0 0 0 0
7.333 0x00 idle 0 0 0 0 0 0.0 0.0 100 10.0 0 0 0
7.372 0x00 idle 0 0 0 0 0 0.0 0.0 100 10.0 0 0 0
7.410 0x00 idle 0 0 0 0 0 0.0 0.0 100 10.0 0 0 0
7.450 0x00 idle 0 0 0 0 0 0.0 0.0 100 10.0 0 0 0
7.490 0x00 idle 0 0 0 0 0 0.0 0.0 100 10.0 0 0 0
7.539 0x00 idle 0 0 0 0 0 0.0 0.0 100 10.0 0 0 0
7.577 0x00 idle 0 0 0 0 0 0.0 0.0 100 10.0 0 0 0
7.611 0x00 idle 0 0 0 0 0 0.0 0.0 100 10.0 0 0 0
7.658 0x00 idle 0 0 0 0 0 0.0 0.0 100 10.0 0 0 0
7.689 0x00 idle 0 0 0 0 0 0.0 0.0 100 10.0 0 0 0
7.729 0x00 idle 0 0 0 0 0 0.0 0.0 100 10.0 0 0 0
7.767 0x00 idle 0 0 0 0 0 0.0 0.0 100 10.0 0 0 0
7.809 0x00 idle 0 0 0 0 0 0.0 0.0 100 10.0 0 0 0
7.853 0x00 idle 0 0 0 0 0 0.0 0.0 100 10.0 0 0 0
7.893 0x00 idle 0 0 0 0 0 0.0 0.0 100 10.0 0 0 0
7.933 0x00 idle 0 0 0 0 0 0.0 0.0 100 10.0 0 0 0
7.969 0x00 idle 0 0 0 0 0 0.0 0.0 100 10.0 0 0 0
8.009 0x00 idle 0 0 0 0 0 0.0 0.0 100 10.0 0 0 0
8.053 0x00 idle 0 0 0 0 0 0.0 0.0 100 10.0 0 0 0
8.097 0x00 idle 0 0 0 0 0 0.0 0.0 100 10.0 0 0 0
8.134 0x00 idle 0 0 0 0 0 0.0 0.0 100 10.0 0 0 0
8.173 0x00 idle 0 0 0 0 0 0.0 0.0 100 10.0 0 0 0
8.214 0x00 idle 0 0 0 0 0 0.0 0.0 100 10.0 0 0 0
8.250 0x00 idle 0 0 0 0 0 0.0 0.0 100 10.0 0 0 0
8.288 0x00 idle 0 0 0 0 0 0.0 0.0 100 10.0 0 0 0
8.328 0x00 idle 0 0 0 0 0 0.0 0.0 100 10.0 0 0 0
8.368 0x00 idle 0 0 0 0 0 0.0 0.0 100 10.0 0 0 0
8.409 0x00 idle 0 0 0 0 0 0.0 0.0 100 10.0 0 0 0
8.450 0x00 idle 0 0 0 0 0 0.0 0.0 100 10.0 0 0 0
8.491 0x00 idle 0 0 0 0 0 0.0 0.0 100 10.0 0 0 0
8.528 0x00 idle 0 0 0 0 0 0.0 0.0 100 10.0 0 0 0
8.569 0x00 idle 0 0 0 0 0 0.0 0.0 100 10.0 0 0 0
8.609 0x00 idle 0 0 0 0 0 0.0 0.0 100 10.0 0 0 0
8.648 0x00 idle 0 0 0 0 0 0.0 0.0 100 10.0 0 0 0
8.697 0x00 idle 0 0 0 0 0 0.0 0.0 100 10.0 0 0 0
8.731 0x00 idle 0 0 0 0 0 0.0 0.0 100 10.0 0 0 0
8.770 0x00 idle 0 0 0 0 0 0.0 0.0 100 10.0 0 0 0
8.809 0x00 idle 0 0 0 0 0 0.0 0.0 100 10.0 0 0 0
8.848 0x00 idle 0 0 0 0 0 0.0 0.0 100 10.0 0 0 0
8.895 0x00 idle 0 0 0 0 0 0.0 0.0 100 10.0 0 0 0
8.931 0x00 idle 0 0 0 0 0 0.0 0.0 100 10.0 0 0 0
8.974 0x00 idle 0 0 0 0 0 0.0 0.0 100 10.0 0 0 0
9.014 0x00 idle 0 0 0 0 0 0.0 0.0 100 10.0 0 0 0
9.048 0x00 idle 0 0 0 0 0 0.0 0.0 100 10.0 0 0 0
9.088 0x00 idle 0 0 0 0 0 0.0 0.0 100 10.0 0 0 0
9.129 0x00 idle 0 0 0 0 0 0.0 0.0 100 10.0 0 0 0
9.169 0x00 idle 0 0 0 0 0 0.0 0.0 100 10.0 0 0 0
9.209 0x00 idle 0 0 0 0 0 0.0 0.0 100 10.0 0 0 0
9.254 0x00 idle 0 0 0 0 0 0.0 0.0 100 10.0 0 0 0
9.289 0x00 idle 0 0 0 0 0 0.0 0.0 100 10.0 0 0 0
9.329 0x00 idle 0 0 0 0 0 0.0 0.0 100 10.0 0 0 0
9.368 0x00 idle 0 0 0 0 0 0.0 0.0 100 10.0 0 0 0
9.410 0x00 idle 0 0 0 0 0 0.0 0.0 100 10.0 0 0 0
9.449 0x00 idle 0 0 0 0 0 0.0 0.0 100 10.0 0 0 0
9.493 0x00 idle 0 0 0 0 0 0.0 0.0 100 10.0 0 0 0
9.530 0x00 idle 0 0 0 0 0 0.0 0.0 100 10.0 0 0 0
9.571 0x00 idle 0 0 0 0 0 0.0 0.0 100 10.0 0 0 0
9.607 0x00 idle 0 0 0 0 0 0.0 0.0 100 10.0 0 0 0
9.653 0x00 idle 0 0 0 0 0 0.0 0.0 100 10.0 0 0 0
9.692 0x00 idle 0 0 0 0 0 0.0 0.0 100 10.0 0 0 0
9.727 0x00 idle 0 0 0 0 0 0.0 0.0 100 10.0 0 0 0
9.768 0x00 idle 0 0 0 0 0 0.0 0.0 100 10.0 0 0 0
9.811 0x00 idle 0 0 0 0 0 0.0 0.0 100 10.0 0 0 0
9.853 0x00 idle 0 0 0 0 0 0.0 0.0 100 10.0 0 0 0
9.891 0x00 idle 0 0 0 0 0 0.0 0.0 100 10.0 0 0 0
9.935 0x00 idle 0 0 0 0 0 0.0 0.0 100 10.0 0 0 0
9.969 0x00 idle 0 0 0 0 0 0.0 0.0 100 10.0 0 0 0
10.012 0x00 idle 0 0 0 0 0 0.0 0.0 100 10.0 0 0 0
10.058 0x00 idle 0 0 0 0 0 0.0 0.0 100 10.0 0 0 0
10.098 0x00 idle 0 0 0 0 0 0.0 0.0 100 10.0 0 0 0
10.128 0x00 idle 0 0 0 0 0 0.0 0.0 100 10.0 0 0 0
10.176 0x00 idle 0 0 0 0 0 0.0 0.0 100 10.0 0 0 0
10.209 0x00 idle 0 0 0 0 0 0.0 0.0 100 10.0 0 0 0
10.253 0x00 idle 0 0 0 0 0 0.0 0.0 100 10.0 0 0 0
10.291 0x00 idle 0 0 0 0 0 0.0 0.0 100 10.0 0 0 0
10.328 0x00 idle 0 0 0 0 0 0.0 0.0 100 10.0 0 0 0
10.371 0x00 idle 0 0 0 0 0 0.0 0.0 100 10.0 0 0 0
10.412 0x00 idle 0 0 0 0 0 0.0 0.0 100 10.0 0 0 0
10.448 0x00 idle 0 0 0 0 0 0.0 0.0 100 10.0 0 0 0
10.496 0x00 idle 0 0 0 0 0 0.0 0.0 100 10.0 0 0 0
10.530 0x00 idle 0 0 0 0 0 0.0 0.0 100 10.0 0 0 0
10.574 0x00 idle 0 0 0 0 0 0.0 0.0 100 10.0 0 0 0
10.617 0x00 idle 0 0 0 0 0 0.0 0.0 100 10.0 0 0 0
10.653 0x00 idle 0 0 0 0 0 0.0 0.0 100 10.0 0 0 0
10.693 0x00 idle 0 0 0 0 0 0.0 0.0 100 10.0 0 0 0
10.728 0x00 idle 0 0 0 0 0 0.0 0.0 100 10.0 0 0 0
10.772 0x00 idle 0 0 0 0 0 0.0 0.0 100 10.0 0 0 0
10.810 0x00 idle 0 0 0 0 0 0.0 0.0 100 10.0 0 0 0
10.848 0x00 idle 0 0 0 0 0 0.0 0.0 100 10.0 0 0 0
10.889 0x00 idle 0 0 0 0 0 0.0 0.0 100 10.0 0 0 0
10.931 0x00 idle 0 0 0 0 0 0.0 0.0 100 10.0 0 0 0
10.976 0x00 idle 0 0 0 0 0 0.0 0.0 100 10.0 0 0 0
11.015 0x00 idle 0 0 0 0 0 0.0 0.0 100 10.0 0 0 0
11.049 0x00 idle 0 0 0 0 0 0.0 0.0 100 10.0 0 0 0
11.092 0x00 idle 0 0 0 0 0 0.0 0.0 100 10.0 0 0 0
11.131 0x00 idle 0 0 0 0 0 0.0 0.0 100 10.0 0 0 0
11.172 0x00 idle 0 0 0 0 0 0.0 0.0 100 10.0 0 0 0
11.211 0x00 idle 0 0 0 0 0 0.0 0.0 100 10.0 0 0 0
11.251 0x00 idle 0 0 0 0 0 0.0 0.0 100 10.0 0 0 0
11.294 0x00 idle 0 0 0 0 0 0.0 0.0 100 10.0 0 0 0
11.332 0x00 idle 0 0 0 0 0 0.0 0.0 100 10.0 0 0 0
11.368 0x00 idle 0 0 0 0 0 0.0 0.0 100 10.0 0 0 0
11.410 0x00 idle 0 0 0 0 0 0.0 0.0 100 10.0 0 0 0
11.450 0x00 idle 0 0 0 0 0 0.0 0.0 100 10.0 0 0 0
11.493 0x00 idle 0 0 0 0 0 0.0 0.0 100 10.0 0 0 0
11.530 0x00 idle 0 0 0 0 0 0.0 0.0 100 10.0 0 0 0
11.574 0x00 idle 0 0 0 0 0 0.0 0.0 100 10.0 0 0 0
11.610 0x00 idle 0 0 0 0 0 0.0 0.0 100 10.0 0 0 0
11.650 0x00 idle 0 0 0 0 0 0.0 0.0 100 10.0 0 0 0
11.693 0x00 idle 0 0 0 0 0 0.0 0.0 100 10.0 0 0 0
11.727 0x00 idle 0 0 0 0 0 0.0 0.0 100 10.0 0 0 0
11.771 0x00 idle 0 0 0 0 0 0.0 0.0 100 10.0 0 0 0
11.808 0x00 idle 0 0 0 0 0 0.0 0.0 100 10.0 0 0 0
11.850 0x00 idle 0 0 0 0 0 0.0 0.0 100 10.0 0 0 0
11.889 0x00 idle 0 0 0 0 0 0.0 0.0 100 10.0 0 0 0
11.927 0x00 idle 0 0 0 0 0 0.0 0.0 100 10.0 0 0 0
11.967 0x00 idle 0 0 0 0 0 0.0 0.0 100 10.0 0 0 0
12.010 0x00 idle 0 0 0 0 0 0.0 0.0 100 10.0 0 0 0
12.049 0x00 idle 0 0 0 0 0 0.0 0.0 100 10.0 0 0 0
12.087 0x00 idle 0 0 0 0 0 0.0 0.0 100 10.0 0 0 0
12.129 0x00 idle 0 0 0 0 0 0.0 0.0 100 10.0 0 0 0
12.170 0x00 idle 0 0 0 0 0 0.0 0.0 100 10.0 0 0 0
12.209 0x00 idle 0 0 0 0 0 0.0 0.0 100 10.0 0 0 0
12.251 0x00 idle 0 0 0 0 0 0.0 0.0 100 10.0 0 0 0
12.290 0x00 idle 0 0 0 0 0 0.0 0.0 100 10.0 0 0 0
12.330 0x00 idle 0 0 0 0 0 0.0 0.0 100 10.0 0 0 0
12.368 0x00 idle 0 0 0 0 0 0.0 0.0 100 10.0 0 0 0
12.415 0x00 idle 0 0 0 0 0 0.0 0.0 100 10.0 0 0 0
12.456 0x00 idle 0 0 0 0 0 0.0 0.0 100 10.0 0 0 0
12.492 0x00 idle 0 0 0 0 0 0.0 0.0 100 10.0 0 0 0
12.530 0x00 idle 0 0 0 0 0 0.0 0.0 100 10.0 0 0 0
12.568 0x00 idle 0 0 0 0 0 0.0 0.0 100 10.0 0 0 0
12.613 0x00 idle 0 0 0 0 0 0.0 0.0 100 10.0 0 0 0
12.649 0x00 idle 0 0 0 0 0 0.0 0.0 100 10.0 0 0 0
12.692 0x00 idle 0 0 0 0 0 0.0 0.0 100 10.0 0 0 0
12.729 0x00 idle 0 0 0 0 0 0.0 0.0 100 10.0 0 0 0
12.768 0x00 idle 0 0 0 0 0 0.0 0.0 100 10.0 0 0 0
12.811 0x00 idle 0 0 0 0 0 0.0 0.0 100 10.0 0 0 0
12.851 0x00 idle 0 0 0 0 0 0.0 0.0 100 10.0 0 0 0
12.895 0x00 idle 0 0 0 0 0 0.0 0.0 100 10.0 0 0 0
12.929 0x00 idle 0 0 0 0 0 0.0 0.0 100 10.0 0 0 0
12.969 0x00 idle 0 0 0 0 0 0.0 0.0 100 10.0 0 0 0
13.017 0x00 idle 0 0 0 0 0 0.0 0.0 100 10.0 0 0 0
13.050 0x00 idle 0 0 0 0 0 0.0 0.0 100 10.0 0 0 0
13.093 0x00 idle 0 0 0 0 0 0.0 0.0 100 10.0 0 0 0
13.130 0x00 idle 0 0 0 0 0 0.0 0.0 100 10.0 0 0 0
13.174 0x00 idle 0 0 0 0 0 0.0 0.0 100 10.0 0 0 0
13.212 0x00 idle 0 0 0 0 0 0.0 0.0 100 10.0 0 0 0
13.247 0x00 idle 0 0 0 0 0 0.0 0.0 100 10.0 0 0 0
13.288 0x00 idle 0 0 0 0 0 0.0 0.0 100 10.0 0 0 0
13.327 0x00 idle 0 0 0 0 0 0.0 0.0 100 10.0 0 0 0
13.368 0x00 idle 0 0 0 0 0 0.0 0.0 100 10.0 0 0 0
13.410 0x00 idle 0 0 0 0 0 0.0 0.0 100 10.0 0 0 0
13.453 0x00 idle 0 0 0 0 0 0.0 0.0 100 10.0 0 0 0
13.489 0x00 idle 0 0 0 0 0 0.0 0.0 100 10.0 0 0 0
13.527 0x00 idle 0 0 0 0 0 0.0 0.0 100 10.0 0 0 0
13.570 0x00 idle 0 0 0 0 0 0.0 0.0 100 10.0 0 0 0
13.610 0x00 idle 0 0 0 0 0 0.0 0.0 100 10.0 0 0 0
13.651 0x00 idle 0 0 0 0 0 0.0 0.0 100 10.0 0 0 0
13.692 0x00 idle 0 0 0 0 0 0.0 0.0 100 10.0 0 0 0
13.735 0x00 idle 0 0 0 0 0 0.0 0.0 100 10.0 0 0 0
13.771 0x00 idle 0 0 0 0 0 0.0 0.0 100 10.0 0 0 0
13.807 0x00 idle 0 0 0 0 0 0.0 0.0 100 10.0 0 0 0
13.850 0x00 idle 0 0 0 0 0 0.0 0.0 100 10.0 0 0 0
13.891 0x00 idle 0 0 0 0 0 0.0 0.0 100 10.0 0 0 0
13.929 0x00 idle 0 0 0 0 0 0.0 0.0 100 10.0 0 0 0
13.970 0x00 idle 0 0 0 0 0 0.0 0.0 100 10.0 0 0 0
14.013 0x00 idle 0 0 0 0 0 0.0 0.0 100 10.0 0 0 0
14.055 0x00 idle 0 0 0 0 0 0.0 0.0 100 10.0 0 0 0
14.090 0x00 idle 0 0 0 0 0 0.0 0.0 100 10.0 0 0 0
14.129 0x00 idle 0 0 0 0 0 0.0 0.0 100 10.0 0 0 0
14.172 0x00 idle 0 0 0 0 0 0.0 0.0 100 10.0 0 0 0
14.209 0x00 idle 0 0 0 0 0 0.0 0.0 100 10.0 0 0 0
14.248 0x00 idle 0 0 0 0 0 0.0 0.0 100 10.0 0 0 0
14.290 0x00 idle 0 0 0 0 0 0.0 0.0 100 10.0 0 0 0
14.331 0x00 idle 0 0 0 0 0 0.0 0.0 100 10.0 0 0 0
14.368 0x00 idle 0 0 0 0 0 0.0 0.0 100 10.0 0 0 0
14.408 0x00 idle 0 0 0 0 0 0.0 0.0 100 10.0 0 0 0
14.460 0x00 idle 0 0 0 0 0 0.0 0.0 100 10.0 0 0 0
14.488 0x00 idle 0 0 0 0 0 0.0 0.0 100 10.0 0 0 0
14.533 0x00 idle 0 0 0 0 0 0.0 0.0 100 10.0 0 0 0
14.574 0x00 idle 0 0 0 0 0 0.0 0.0 100 10.0 0 0 0
14.611 0x00 idle 0 0 0 0 0 0.0 0.0 100 10.0 0 0 0
14.651 0x00 idle 0 0 0 0 0 0.0 0.0 100 10.0 0 0 0
14.692 0x00 idle 0 0 0 0 0 0.0 0.0 100 10.0 0 0 0
14.731 0x00 idle 0 0 0 0 0 0.0 0.0 100 10.0 0 0 0
14.769 0x00 idle 0 0 0 0 0 0.0 0.0 100 10.0 0 0 0
14.816 0x00 idle 0 0 0 0 0 0.0 0.0 100 10.0 0 0 0
14.853 0x00 idle 0 0 0 0 0 0.0 0.0 100 10.0 0 0 0
14.889 0x00 idle 0 0 0 0 0 0.0 0.0 100 10.0 0 0 0
14.927 0x00 idle 0 0 0 0 0 0.0 0.0 100 10.0 0 0 0
14.967 0x00 idle 0 0 0 0 0 0.0 0.0 100 10.0 0 0 0
15.016 0x00 idle 0 0 0 0 0 0.0 0.0 100 10.0 0 0 0
15.049 0x00 idle 0 0 0 0 0 0.0 0.0 100 10.0 0 0 0
15.093 0x00 idle 0 0 0 0 0 0.0 0.0 100 10.0 0 0 0
15.135 0x00 idle 0 0 0 0 0 0.0 0.0 100 10.0 0 0 0
15.171 0x00 idle 0 0 0 0 0 0.0 0.0 100 10.0 0 0 0
15.209 0x00 idle 0 0 0 0 0 0.0 0.0 100 10.0 0 0 0
15.251 0x00 idle 0 0 0 0 0 0.0 0.0 100 10.0 0 0 0
15.288 0x00 idle 0 0 0 0 0 0.0 0.0 100 10.0 0 0 0
15.327 0x00 idle 0 0 0 0 0 0.0 0.0 100 10.0 0 0 0
15.369 0x00 idle 0 0 0 0 0 0.0 0.0 100 10.0 0 0 0
15.411 0x00 idle 0 0 0 0 0 0.0 0.0 100 10.0 0 0 0
15.448 0x00 idle 0 0 0 0 0 0.0 0.0 100 10.0 0 0 0
15.493 0x00 idle 0 0 0 0 0 0.0 0.0 100 10.0 0 0 0
15.528 0x00 idle 0 0 0 0 0 0.0 0.0 100 10.0 0 0 0
15.573 0x00 idle 0 0 0 0 0 0.0 0.0 100 10.0 0 0 0
15.608 0x00 idle 0 0 0 0 0 0.0 0.0 100 10.0 0 0 0
15.649 0x00 idle 0 0 0 0 0 0.0 0.0 100 10.0 0 0 0
15.697 0x00 idle 0 0 0 0 0 0.0 0.0 100 10.0 0 0 0
15.728 0x00 idle 0 0 0 0 0 0.0 0.0 100 10.0 0 0 0
15.772 0x00 idle 0 0 0 0 0 0.0 0.0 100 10.0 0 0 0
15.811 0x00 idle 0 0 0 0 0 0.0 0.0 100 10.0 0 0 0
15.850 0x00 idle 0 0 0 0 0 0.0 0.0 100 10.0 0 0 0
15.888 0x00 idle 0 0 0 0 0 0.0 0.0 100 10.0 0 0 0
15.930 0x00 idle 0 0 0 0 0 0.0 0.0 100 10.0 0 0 0
15.974 0x00 idle 0 0 0 0 0 0.0 0.0 100 10.0 0 0 0
16.013 0x00 idle 0 0 0 0 0 0.0 0.0 100 10.0 0 0 0
16.058 0x00 idle 0 0 0 0 0 0.0 0.0 100 10.0 0 0 0
16.092 0x00 idle 0 0 0 0 0 0.0 0.0 100 10.0 0 0 0
16.127 0x00 idle 0 0 0 0 0 0.0 0.0 100 10.0 0 0 0
16.171 0x00 idle 0 0 0 0 0 0.0 0.0 100 10.0 0 0 0
16.209 0x00 idle 0 0 0 0 0 0.0 0.0 100 10.0 0 0 0
16.251 0x00 idle 0 0 0 0 0 0.0 0.0 100 10.0 0 0 0
16.291 0x00 idle 0 0 0 0 0 0.0 0.0 100 10.0 0 0 0
16.328 0x00 idle 0 0 0 0 0 0.0 0.0 100 10.0 0 0 0
16.368 0x00 idle 0 0 0 0 0 0.0 0.0 100 10.0 0 0 0
16.409 0x00 idle 0 0 0 0 0 0.0 0.0 100 10.0 0 0 0
16.451 0x00 idle 0 0 0 0 0 0.0 0.0 100 10.0 0 0 0
16.492 0x00 idle 0 0 0 0 0 0.0 0.0 100 10.0 0 0 0
16.532 0x00 idle 0 0 0 0 0 0.0 0.0 100 10.0 0 0 0
16.567 0x00 idle 0 0 0 0 0 0.0 0.0 100 10.0 0 0 0
16.607 0x00 idle 0 0 0 0 0 0.0 0.0 100 10.0 0 0 0
16.651 0x00 idle 0 0 0 0 0 0.0 0.0 100 10.0 0 0 0
16.688 0x00 idle 0 0 0 0 0 0.0 0.0 100 10.0 0 0 0
16.728 0x00 idle 0 0 0 0 0 0.0 0.0 100 10.0 0 0 0
16.768 0x00 idle 0 0 0 0 0 0.0 0.0 100 10.0 0 0 0
16.817 0x00 idle 0 0 0 0 0 0.0 0.0 100 10.0 0 0 0
16.847 0x00 idle 0 0 0 0 0 0.0 0.0 100 10.0 0 0 0
16.892 0x00 idle 0 0 0 0 0 0.0 0.0 100 10.0 0 0 0
16.932 0x00 idle 0 0 0 0 0 0.0 0.0 100 10.0 0 0 0
16.969 0x00 idle 0 0 0 0 0 0.0 0.0 100 10.0 0 0 0
17.014 0x00 idle 0 0 0 0 0 0.0 0.0 100 10.0 0 0 0
17.049 0x00 idle 0 0 0 0 0 0.0 0.0 100 10.0 0 0 0
17.093 0x00 idle 0 0 0 0 0 0.0 0.0 100 10.0 0 0 0
17.128 0x00 idle 0 0 0 0 0 0.0 0.0 100 10.0 0 0 0
17.176 0x00 idle 0 0 0 0 0 0.0 0.0 100 10.0 0 0 0
17.215 0x00 idle 0 0 0 0 0 0.0 0.0 100 10.0 0 0 0
17.250 0x00 idle 0 0 0 0 0 0.0 0.0 100 10.0 0 0 0
17.290 0x00 idle 0 0 0 0 0 0.0 0.0 100 10.0 0 0 0
17.328 0x00 idle 0 0 0 0 0 0.0 0.0 100 10.0 0 0 0
17.369 0x00 idle 0 0 0 0 0 0.0 0.0 100 10.0 0 0 0
17.410 0x00 idle 0 0 0 0 0 0.0 0.0 100 10.0 0 0 0
17.447 0x00 idle 0 0 0 0 0 0.0 0.0 100 10.0 0 0 0
17.489 0x00 idle 0 0 0 0 0 0.0 0.0 100 10.0 0 0 0
17.539 0x00 idle 0 0 0 0 0 0.0 0.0 100 10.0 0 0 0
17.572 0x00 idle 0 0 0 0 0 0.0 0.0 100 10.0 0 0 0
17.612 0x00 idle 0 0 0 0 0 0.0 0.0 100 10.0 0 0 0
17.655 0x00 idle 0 0 0 0 0 0.0 0.0 100 10.0 0 0 0
17.691 0x00 idle 0 0 0 0 0 0.0 0.0 100 10.0 0 0 0
17.730 0x00 idle 0 0 0 0 0 0.0 0.0 100 10.0 0 0 0
17.771 0x00 idle 0 0 0 0 0 0.0 0.0 100 10.0 0 0 0
17.809 0x00 idle 0 0 0 0 0 0.0 0.0 100 10.0 0 0 0
17.851 0x00 idle 0 0 0 0 0 0.0 0.0 100 10.0 0 0 0
17.891 0x00 idle 0 0 0 0 0 0.0 0.0 100 10.0 0 0 0
17.928 0x00 idle 0 0 0 0 0 0.0 0.0 100 10.0 0 0 0
17.974 0x00 idle 0 0 0 0 0 0.0 0.0 100 10.0 0 0 0
18.007 0x00 idle 0 0 0 0 0 0.0 0.0 100 10.0 0 0 0
18.049 0x00 idle 0 0 0 0 0 0.0 0.0 100 10.0 0 0 0
18.088 0x00 idle 0 0 0 0 0 0.0 0.0 100 10.0 0 0 0
18.128 0x00 idle 0 0 0 0 0 0.0 0.0 100 10.0 0 0 0
18.172 0x00 idle 0 0 0 0 0 0.0 0.0 100 10.0 0 0 0
18.216 0x00 idle 0 0 0 0 0 0.0 0.0 100 10.0 0 0 0
18.250 0x00 idle 0 0 0 0 0 0.0 0.0 100 10.0 0 0 0
18.290 0x00 idle 0 0 0 0 0 0.0 0.0 100 10.0 0 0 0
18.334 0x00 idle 0 0 0 0 0 0.0 0.0 100 10.0 0 0 0
18.373 0x00 idle 0 0 0 0 0 0.0 0.0 100 10.0 0 0 0
18.410 0x00 idle 0 0 0 0 0 0.0 0.0 100 10.0 0 0 0
18.452 0x00 idle 0 0 0 0 0 0.0 0.0 100 10.0 0 0 0
18.496 0x00 idle 0 0 0 0 0 0.0 0.0 100 10.0 0 0 0
18.532 0x00 idle 0 0 0 0 0 0.0 0.0 100 10.0 0 0 0
18.568 0x00 idle 0 0 0 0 0 0.0 0.0 100 10.0 0 0 0
18.607 0x00 idle 0 0 0 0 0 0.0 0.0 100 10.0 0 0 0
18.648 0x00 idle 0 0 0 0 0 0.0 0.0 100 10.0 0 0 0
18.690 0x00 idle 0 0 0 0 0 0.0 0.0 100 10.0 0 0 0
18.729 0x00 idle 0 0 0 0 0 0.0 0.0 100 10.0 0 0 0
18.773 0x00 idle 0 0 0 0 0 0.0 0.0 100 10.0 0 0 0
18.809 0x00 idle 0 0 0 0 0 0.0 0.0 100 10.0 0 0 0
18.848 0x00 idle 0 0 0 0 0 0.0 0.0 100 10.0 0 0 0
18.896 0x00 idle 0 0 0 0 0 0.0 0.0 100 10.0 0 0 0
18.930 0x00 idle 0 0 0 0 0 0.0 0.0 100 10.0 0 0 0
18.968 0x00 idle 0 0 0 0 0 0.0 0.0 100 10.0 0 0 0
19.013 0x00 idle 0 0 0 0 0 0.0 0.0 100 10.0 0 0 0
19.052 0x00 idle 0 0 0 0 0 0.0 0.0 100 10.0 0 0 0
19.090 0x00 idle 0 0 0 0 0 0.0 0.0 100 10.0 0 0 0
19.130 0x00 idle 0 0 0 0 0 0.0 0.0 100 10.0 0 0 0
19.172 0x00 idle 0 0 0 0 0 0.0 0.0 100 10.0 0 0 0
19.215 0x00 idle 0 0 0 0 0 0.0 0.0 100 10.0 0 0 0
19.247 0x00 idle 0 0 0 0 0 0.0 0.0 100 10.0 0 0 0
19.300 0x00 idle 0 0 0 0 0 0.0 0.0 100 10.0 0 0 0
19.331 0x00 idle 0 0 0 0 0 0.0 0.0 100 10.0 0 0 0
19.371 0x00 idle 0 0 0 0 0 0.0 0.0 100 10.0 0 0 0
19.412 0x00 idle 0 0 0 0 0 0.0 0.0 100 10.0 0 0 0
19.456 0x00 idle 0 0 0 0 0 0.0 0.0 100 10.0 0 0 0
19.497 0x00 idle 0 0 0 0 0 0.0 0.0 100 10.0 0 0 0
19.531 0x00 idle 0 0 0 0 0 0.0 0.0 100 10.0 0 0 0
19.571 0x00 idle 0 0 0 0 0 0.0 0.0 100 10.0 0 0 0
19.613 0x00 idle 0 0 0 0 0 0.0 0.0 100 10.0 0 0 0
19.649 0x00 idle 0 0 0 0 0 0.0 0.0 100 10.0 0 0 0
19.687 0x00 idle 0 0 0 0 0 0.0 0.0 100 10.0 0 0 0
19.729 0x00 idle 0 0 0 0 0 0.0 0.0 100 10.0 0 0 0
19.770 0x00 idle 0 0 0 0 0 0.0 0.0 100 10.0 0 0 0
19.816 0x00 idle 0 0 0 0 0 0.0 0.0 100 10.0 0 0 0
19.853 0x00 idle 0 0 0 0 0 0.0 0.0 100 10.0 0 0 0
19.897 0x00 idle 0 0 0 0 0 0.0 0.0 100 10.0 0 0 0
19.929 0x00 idle 0 0 0 0 0 0.0 0.0 100 10.0 0 0 0
19.968 0x00 idle 0 0 0 0 0 0.0 0.0 100 10.0 0 0 0
20.016 0x00 idle 0 0 0 0 0 0.0 0.0 100 10.0 0 0 0
20.058 0x00 idle 0 0 0 0 0 0.0 0.0 100 10.0 0 0 0
20.089 0x00 idle 0 0 0 0 0 0.0 0.0 100 10.0 0 0 0
20.130 0x00 idle 0 0 0 0 0 0.0 0.0 100 10.0 0 0 0
20.175 0x00 idle 0 0 0 0 0 0.0 0.0 100 10.0 0 0 0
20.208 0x00 idle 0 0 0 0 0 0.0 0.0 100 10.0 0 0 0
20.249 0x00 idle 0 0 0 0 0 0.0 0.0 100 10.0 0 0 0
20.292 0x00 idle 0 0 0 0 0 0.0 0.0 100 10.0 0 0 0
20.331 0x00 idle 0 0 0 0 0 0.0 0.0 100 10.0 0 0 0
20.368 0x00 idle 0 0 0 0 0 0.0 0.0 100 10.0 0 0 0
20.413 0x00 idle 0 0 0 0 0 0.0 0.0 100 10.0 0 0 0
20.448 0x00 idle 0 0 0 0 0 0.0 0.0 100 10.0 0 0 0
20.496 0x00 idle 0 0 0 0 0 0.0 0.0 100 10.0 0 0 0
20.529 0x00 idle 0 0 0 0 0 0.0 0.0 100 10.0 0 0 0
20.574 0x00 idle 0 0 0 0 0 0.0 0.0 100 10.0 0 0 0
20.617 0x00 idle 0 0 0 0 0 0.0 0.0 100 10.0 0 0 0
20.657 0x00 idle 0 0 0 0 0 0.0 0.0 100 10.0 0 0 0
20.692 0x00 idle 0 0 0 0 0 0.0 0.0 100 10.0 0 0 0
20.735 0x00 idle 0 0 0 0 0 0.0 0.0 100 10.0 0 0 0
20.768 0x00 idle 0 0 0 0 0 0.0 0.0 100 10.0 0 0 0
20.808 0x00 idle 0 0 0 0 0 0.0 0.0 100 10.0 0 0 0
20.854 0x00 idle 0 0 0 0 0 0.0 0.0 100 10.0 0 0 0
20.893 0x00 idle 0 0 0 0 0 0.0 0.0 100 10.0 0 0 0
20.929 0x00 idle 0 0 0 0 0 0.0 0.0 100 10.0 0 0 0
20.971 0x00 idle 0 0 0 0 0 0.0 0.0 100 10.0 0 0 0
21.012 0x00 idle 0 0 0 0 0 0.0 0.0 100 10.0 0 0 0
21.048 0x00 idle 0 0 0 0 0 0.0 0.0 100 10.0 0 0 0
21.089 0x00 idle 0 0 0 0 0 0.0 0.0 100 10.0 0 0 0
21.127 0x00 idle 0 0 0 0 0 0.0 0.0 100 10.0 0 0 0
21.172 0x00 idle 0 0 0 0 0 0.0 0.0 100 10.0 0 0 0
21.216 0x00 idle 0 0 0 0 0 0.0 0.0 100 10.0 0 0 0
21.247 0x00 idle 0 0 0 0 0 0.0 0.0 100 10.0 0 0 0
21.294 0x00 idle 0 0 0 0 0 0.0 0.0 100 10.0 0 0 0
21.327 0x00 idle 0 0 0 0 0 0.0 0.0 100 10.0 0 0 0
21.367 0x00 idle 0 0 0 0 0 0.0 0.0 100 10.0 0 0 0
21.408 0x00 idle 0 0 0 0 0 0.0 0.0 100 10.0 0 0 0
21.448 0x00 idle 0 0 0 0 0 0.0 0.0 100 10.0 0 0 0
21.488 0x00 idle 0 0 0 0 0 0.0 0.0 100 10.0 0 0 0
21.538 0x00 idle 0 0 0 0 0 0.0 0.0 100 10.0 0 0 0
21.570 0x00 idle 0 0 0 0 0 0.0 0.0 100 10.0 0 0 0
21.611 0x00 idle 0 0 0 0 0 0.0 0.0 100 10.0 0 0 0
21.648 0x00 idle 0 0 0 0 0 0.0 0.0 100 10.0 0 0 0
21.690 0x00 idle 0 0 0 0 0 0.0 0.0 100 10.0 0 0 0
21.730 0x00 idle 0 0 0 0 0 0.0 0.0 100 10.0 0 0 0
21.775 0x00 idle 0 0 0 0 0 0.0 0.0 100 10.0 0 0 0
21.815 0x00 idle 0 0 0 0 0 0.0 0.0 100 10.0 0 0 0
21.855 0x00 idle 0 0 0 0 0 0.0 0.0 100 10.0 0 0 0
21.891 0x00 idle 0 0 0 0 0 0.0 0.0 100 10.0 0 0 0
21.936 0x00 idle 0 0 0 0 0 0.0 0.0 100 10.0 0 0 0
21.969 0x00 idle 0 0 0 0 0 0.0 0.0 100 10.0 0 0 0
22.013 0x00 idle 0 0 0 0 0 0.0 0.0 100 10.0 0 0 0
22.049 0x00 idle 0 0 0 0 0 0.0 0.0 100 10.0 0 0 0
22.090 0x00 idle 0 0 0 0 0 0.0 0.0 100 10.0 0 0 0
22.130 0x00 idle 0 0 0 0 0 0.0 0.0 100 10.0 0 0 0
22.169 0x00 idle 0 0 0 0 0 0.0 0.0 100 10.0 0 0 0
22.208 0x00 idle 0 0 0 0 0 0.0 0.0 100 10.0 0 0 0
22.247 0x00 idle 0 0 0 0 0 0.0 0.0 100 10.0 0 0 0
22.290 0x00 idle 0 0 0 0 0 0.0 0.0 100 10.0 0 0 0
22.328 0x00 idle 0 0 0 0 0 0.0 0.0 100 10.0 0 0 0
22.369 0x00 idle 0 0 0 0 0 0.0 0.0 100 10.0 0 0 0
22.408 0x00 idle 0 0 0 0 0 0.0 0.0 100 10.0 0 0 0
22.450 0x00 idle 0 0 0 0 0 0.0 0.0 100 10.0 0 0 0
22.493 0x00 idle 0 0 0 0 0 0.0 0.0 100 10.0 0 0 0
22.530 0x00 idle 0 0 0 0 0 0.0 0.0 100 10.0 0 0 0
22.567 0x00 idle 0 0 0 0 0 0.0 0.0 100 10.0 0 0 0
22.610 0x00 idle 0 0 0 0 0 0.0 0.0 100 10.0 0 0 0
22.653 0x00 idle 0 0 0 0 0 0.0 0.0 100 10.0 0 0 0
22.702 0x00 idle 0 0 0 0 0 0.0 0.0 100 10.0 0 0 0
22.729 0x00 idle 0 0 0 0 0 0.0 0.0 100 10.0 0 0 0
22.774 0x00 idle 0 0 0 0 0 0.0 0.0 100 10.0 0 0 0
22.812 0x00 idle 0 0 0 0 0 0.0 0.0 100 10.0 0 0 0
22.848 0x00 idle 0 0 0 0 0 0.0 0.0 100 10.0 0 0 0
22.892 0x00 idle 0 0 0 0 0 0.0 0.0 100 10.0 0 0 0
22.935 0x00 idle 0 0 0 0 0 0.0 0.0 100 10.0 0 0 0
22.968 0x00 idle 0 0 0 0 0 0.0 0.0 100 10.0 0 0 0
23.010 0x00 idle 0 0 0 0 0 0.0 0.0 100 10.0 0 0 0
23.052 0x00 idle 0 0 0 0 0 0.0 0.0 100 10.0 0 0 0
23.088 0x00 idle 0 0 0 0 0 0.0 0.0 100 10.0 0 0 0
23.127 0x00 idle 0 0 0 0 0 0.0 0.0 100 10.0 0 0 0
23.172 0x00 idle 0 0 0 0 0 0.0 0.0 100 10.0 0 0 0
23.211 0x00 idle 0 0 0 0 0 0.0 0.0 100 10.0 0 0 0
23.252 0x00 idle 0 0 0 0 0 0.0 0.0 100 10.0 0 0 0
23.290 0x00 idle 0 0 0 0 0 0.0 0.0 100 10.0 0 0 0
23.327 0x00 idle 0 0 0 0 0 0.0 0.0 100 10.0 0 0 0
23.370 0x00 idle 0 0 0 0 0 0.0 0.0 100 10.0 0 0 0
23.408 0x00 idle 0 0 0 0 0 0.0 0.0 100 10.0 0 0 0
23.449 0x00 idle 0 0 0 0 0 0.0 0.0 100 10.0 0 0 0
23.493 0x00 idle 0 0 0 0 0 0.0 0.0 100 10.0 0 0 0
23.531 0x00 idle 0 0 0 0 0 0.0 0.0 100 10.0 0 0 0
23.569 0x00 idle 0 0 0 0 0 0.0 0.0 100 10.0 0 0 0
23.609 0x00 idle 0 0 0 0 0 0.0 0.0 100 10.0 0 0 0
23.651 0x00 idle 0 0 0 0 0 0.0 0.0 100 10.0 0 0 0
23.690 0x00 idle 0 0 0 0 0 0.0 0.0 100 10.0 0 0 0
23.728 0x00 idle 0 0 0 0 0 0.0 0.0 100 10.0 0 0 0
23.774 0x00 idle 0 0 0 0 0 0.0 0.0 100 10.0 0 0 0
23.810 0x00 idle 0 0 0 0 0 0.0 0.0 100 10.0 0 0 0
23.848 0x00 idle 0 0 0 0 0 0.0 0.0 100 10.0 0 0 0
23.896 0x00 idle 0 0 0 0 0 0.0 0.0 100 10.0 0 0 0
23.929 0x00 idle 0 0 0 0 0 0.0 0.0 100 10.0 0 0 0
23.968 0x00 idle 0 0 0 0 0 0.0 0.0 100 10.0 0 0 0
24.009 0x00 idle 0 0 0 0 0 0.0 0.0 100 10.0 0 0 0
24.052 0x00 idle 0 0 0 0 0 0.0 0.0 100 10.0 0 0 0
24.090 0x00 idle 0 0 0 0 0 0.0 0.0 100 10.0 0 0 0
24.128 0x00 idle 0 0 0 0 0 0.0 0.0 100 10.0 0 0 0
24.169 0x00 idle 0 0 0 0 0 0.0 0.0 100 10.0 0 0 0
24.209 0x00 idle 0 0 0 0 0 0.0 0.0 100 10.0 0 0 0
24.248 0x00 idle 0 0 0 0 0 0.0 0.0 100 10.0 0 0 0
24.289 0x00 idle 0 0 0 0 0 0.0 0.0 100 10.0 0 0 0
24.328 0x00 idle 0 0 0 0 0 0.0 0.0 100 10.0 0 0 0
24.376 0x00 idle 0 0 0 0 0 0.0 0.0 100 10.0 0 0 0
24.409 0x00 idle 0 0 0 0 0 0.0 0.0 100 10.0 0 0 0
24.449 0x00 idle 0 0 0 0 0 0.0 0.0 100 10.0 0 0 0
24.489 0x00 idle 0 0 0 0 0 0.0 0.0 100 10.0 0 0 0
24.532 0x00 idle 0 0 0 0 0 0.0 0.0 100 10.0 0 0 0
24.567 0x00 idle 0 0 0 0 0 0.0 0.0 100 10.0 0 0 0
24.614 0x00 idle 0 0 0 0 0 0.0 0.0 100 10.0 0 0 0
24.653 0x00 idle 0 0 0 0 0 0.0 0.0 100 10.0 0 0 0
24.692 0x00 idle 0 0 0 0 0 0.0 0.0 100 10.0 0 0 0
24.729 0x00 idle 0 0 0 0 0 0.0 0.0 100 10.0 0 0 0
24.771 0x00 idle 0 0 0 0 0 0.0 0.0 100 10.0 0 0 0
24.808 0x00 idle 0 0 0 0 0 0.0 0.0 100 10.0 0 0 0
24.849 0x00 idle 0 0 0 0 0 0.0 0.0 100 10.0 0 0 0
24.895 0x00 idle 0 0 0 0 0 0.0 0.0 100 10.0 0 0 0
24.935 0x00 idle 0 0 0 0 0 0.0 0.0 100 10.0 0 0 0
24.968 0x00 idle 0 0 0 0 0 0.0 0.0 100 10.0 0 0 0
25.010 0x00 idle 0 0 0 0 0 0.0 0.0 100 10.0 0 0 0
25.048 0x00 idle 0 0 0 0 0 0.0 0.0 100 10.0 0 0 0
25.094 0x00 idle 0 0 0 0 0 0.0 0.0 100 10.0 0 0 0
25.130 0x00 idle 0 0 0 0 0 0.0 0.0 100 10.0 0 0 0
25.173 0x00 idle 0 0 0 0 0 0.0 0.0 100 10.0 0 0 0
25.214 0x00 idle 0 0 0 0 0 0.0 0.0 100 10.0 0 0 0
25.251 0x00 idle 0 0 0 0 0 0.0 0.0 100 10.0 0 0 0
25.287 0x00 idle 0 0 0 0 0 0.0 0.0 100 10.0 0 0 0
25.335 0x00 idle 0 0 0 0 0 0.0 0.0 100 10.0 0 0 0
25.367 0x00 idle 0 0 0 0 0 0.0 0.0 100 10.0 0 0 0
25.408 0x00 idle 0 0 0 0 0 0.0 0.0 100 10.0 0 0 0
25.447 0x00 idle 0 0 0 0 0 0.0 0.0 100 10.0 0 0 0
25.493 0x00 idle 0 0 0 0 0 0.0 0.0 100 10.0 0 0 0
25.528 0x00 idle 0 0 0 0 0 0.0 0.0 100 10.0 0 0 0
25.567 0x00 idle 0 0 0 0 0 0.0 0.0 100 10.0 0 0 0
25.608 0x00 idle 0 0 0 0 0 0.0 0.0 100 10.0 0 0 0
25.649 0x00 idle 0 0 0 0 0 0.0 0.0 100 10.0 0 0 0
25.687 0x00 idle 0 0 0 0 0 0.0 0.0 100 10.0 0 0 0
25.731 0x00 idle 0 0 0 0 0 0.0 0.0 100 10.0 0 0 0
25.769 0x00 idle 0 0 0 0 0 0.0 0.0 100 10.0 0 0 0
25.809 0x00 idle 0 0 0 0 0 0.0 0.0 100 10.0 0 0 0
25.854 0x00 idle 0 0 0 0 0 0.0 0.0 100 10.0 0 0 0
25.892 0x00 idle 0 0 0 0 0 0.0 0.0 100 10.0 0 0 0
25.933 0x00 idle 0 0 0 0 0 0.0 0.0 100 10.0 0 0 0
25.970 0x00 idle 0 0 0 0 0 0.0 0.0 100 10.0 0 0 0
26.014 0x00 idle 0 0 0 0 0 0.0 0.0 100 10.0 0 0 0
26.049 0x00 idle 0 0 0 0 0 0.0 0.0 100 10.0 0 0 0
26.089 0x00 idle 0 0 0 0 0 0.0 0.0 100 10.0 0 0 0
26.129 0x00 idle 0 0 0 0 0 0.0 0.0 100 10.0 0 0 0
26.169 0x00 idle 0 0 0 0 0 0.0 0.0 100 10.0 0 0 0
26.207 0x00 idle 0 0 0 0 0 0.0 0.0 100 10.0 0 0 0
26.246 0x00 idle 0 0 0 0 0 0.0 0.0 100 10.0 0 0 0
26.289 0x00 idle 0 0 0 0 0 0.0 0.0 100 10.0 0 0 0
26.328 0x00 idle 0 0 0 0 0 0.0 0.0 100 10.0 0 0 0
26.369 0x00 idle 0 0 0 0 0 0.0 0.0 100 10.0 0 0 0
26.409 0x00 idle 0 0 0 0 0 0.0 0.0 100 10.0 0 0 0
26.453 0x00 idle 0 0 0 0 0 0.0 0.0 100 10.0 0 0 0
26.492 0x00 idle 0 0 0 0 0 0.0 0.0 100 10.0 0 0 0
26.528 0x00 idle 0 0 0 0 0 0.0 0.0 100 10.0 0 0 0
26.569 0x00 idle 0 0 0 0 0 0.0 0.0 100 10.0 0 0 0
26.611 0x00 idle 0 0 0 0 0 0.0 0.0 100 10.0 0 0 0
26.648 0x00 idle 0 0 0 0 0 0.0 0.0 100 10.0 0 0 0
26.694 0x00 idle 0 0 0 0 0 0.0 0.0 100 10.0 0 0 0
26.732 0x00 idle 0 0 0 0 0 0.0 0.0 100 10.0 0 0 0
26.768 0x00 idle 0 0 0 0 0 0.0 0.0 100 10.0 0 0 0
26.813 0x00 idle 0 0 0 0 0 0.0 0.0 100 10.0 0 0 0
26.848 0x00 idle 0 0 0 0 0 0.0 0.0 100 10.0 0 0 0
26.891 0x00 idle 0 0 0 0 0 0.0 0.0 100 10.0 0 0 0
26.928 0x00 idle 0 0 0 0 0 0.0 0.0 100 10.0 0 0 0
26.971 0x00 idle 0 0 0 0 0 0.0 0.0 100 10.0 0 0 0
27.011 0x00 idle 0 0 0 0 0 0.0 0.0 100 10.0 0 0 0
27.049 0x00 idle 0 0 0 0 0 0.0 0.0 100 10.0 0 0 0
27.088 0x00 idle 0 0 0 0 0 0.0 0.0 100 10.0 0 0 0
27.128 0x00 idle 0 0 0 0 0 0.0 0.0 100 10.0 0 0 0
27.175 0x00 idle 0 0 0 0 0 0.0 0.0 100 10.0 0 0 0
27.208 0x00 idle 0 0 0 0 0 0.0 0.0 100 10.0 0 0 0
27.249 0x00 idle 0 0 0 0 0 0.0 0.0 100 10.0 0 0 0
27.292 0x00 idle 0 0 0 0 0 0.0 0.0 100 10.0 0 0 0
27.327 0x00 idle 0 0 0 0 0 0.0 0.0 100 10.0 0 0 0
27.367 0x00 idle 0 0 0 0 0 0.0 0.0 100 10.0 0 0 0
27.411 0x00 idle 0 0 0 0 0 0.0 0.0 100 10.0 0 0 0
27.450 0x00 idle 0 0 0 0 0 0.0 0.0 100 10.0 0 0 0
27.492 0x00 idle 0 0 0 0 0 0.0 0.0 100 10.0 0 0 0
27.529 0x00 idle 0 0 0 0 0 0.0 0.0 100 10.0 0 0 0
27.573 0x00 idle 0 0 0 0 0 0.0 0.0 100 10.0 0 0 0
27.609 0x00 idle 0 0 0 0 0 0.0 0.0 100 10.0 0 0 0
27.649 0x00 idle 0 0 0 0 0 0.0 0.0 100 10.0 0 0 0
27.696 0x00 idle 0 0 0 0 0 0.0 0.0 100 10.0 0 0 0
27.729 0x00 idle 0 0 0 0 0 0.0 0.0 100 10.0 0 0 0
27.767 0x00 idle 0 0 0 0 0 0.0 0.0 100 10.0 0 0 0
27.809 0x00 idle 0 0 0 0 0 0.0 0.0 100 10.0 0 0 0
27.849 0x00 idle 0 0 0 0 0 0.0 0.0 100 10.0 0 0 0
27.892 0x00 idle 0 0 0 0 0 0.0 0.0 100 10.0 0 0 0
27.927 0x00 idle 0 0 0 0 0 0.0 0.0 100 10.0 0 0 0
27.969 0x00 idle 0 0 0 0 0 0.0 0.0 100 10.0 0 0 0
28.010 0x00 idle 0 0 0 0 0 0.0 0.0 100 10.0 0 0 0
28.053 0x00 idle 0 0 0 0 0 0.0 0.0 100 10.0 0 0 0
28.089 0x00 idle 0 0 0 0 0 0.0 0.0 100 10.0 0 0 0
28.131 0x00 idle 0 0 0 0 0 0.0 0.0 100 10.0 0 0 0
28.171 0x00 idle 0 0 0 0 0 0.0 0.0 100 10.0 0 0 0
28.214 0x00 idle 0 0 0 0 0 0.0 0.0 100 10.0 0 0 0
28.249 0x00 idle 0 0 0 0 0 0.0 0.0 100 10.0 0 0 0
28.291 0x00 idle 0 0 0 0 0 0.0 0.0 100 10.0 0 0 0
28.331 0x00 idle 0 0 0 0 0 0.0 0.0 100 10.0 0 0 0
28.368 0x00 idle 0 0 0 0 0 0.0 0.0 100 10.0 0 0 0
28.413 0x00 idle 0 0 0 0 0 0.0 0.0 100 10.0 0 0 0
28.450 0x00 idle 0 0 0 0 0 0.0 0.0 100 10.0 0 0 0
28.489 0x00 idle 0 0 0 0 0 0.0 0.0 100 10.0 0 0 0
28.530 0x00 idle 0 0 0 0 0 0.0 0.0 100 10.0 0 0 0
28.574 0x00 idle 0 0 0 0 0 0.0 0.0 100 10.0 0 0 0
28.609 0x00 idle 0 0 0 0 0 0.0 0.0 100 10.0 0 0 0
28.650 0x00 idle 0 0 0 0 0 0.0 0.0 100 10.0 0 0 0
28.697 0x00 idle 0 0 0 0 0 0.0 0.0 100 10.0 0 0 0
28.729 0x00 idle 0 0 0 0 0 0.0 0.0 100 10.0 0 0 0
28.771 0x00 idle 0 0 0 0 0 0.0 0.0 100 10.0 0 0 0
28.814 0x00 idle 0 0 0 0 0 0.0 0.0 100 10.0 0 0 0
28.850 0x00 idle 0 0 0 0 0 0.0 0.0 100 10.0 0 0 0
28.890 0x00 idle 0 0 0 0 0 0.0 0.0 100 10.0 0 0 0
28.929 0x00 idle 0 0 0 0 0 0.0 0.0 100 10.0 0 0 0
28.970 0x00 idle 0 0 0 0 0 0.0 0.0 100 10.0 0 0 0
29.009 0x00 idle 0 0 0 0 0 0.0 0.0 100 10.0 0 0 0
29.046 0x00 idle 0 0 0 0 0 0.0 0.0 100 10.0 0 0 0
29.090 0x00 idle 0 0 0 0 0 0.0 0.0 100 10.0 0 0 0
29.133 0x00 idle 0 0 0 0 0 0.0 0.0 100 10.0 0 0 0
29.175 0x00 idle 0 0 0 0 0 0.0 0.0 100 10.0 0 0 0
29.210 0x00 idle 0 0 0 0 0 0.0 0.0 100 10.0 0 0 0
29.250 0x00 idle 0 0 0 0 0 0.0 0.0 100 10.0 0 0 0
29.290 0x00 idle 0 0 0 0 0 0.0 0.0 100 10.0 0 0 0
29.329 0x00 idle 0 0 0 0 0 0.0 0.0 100 10.0 0 0 0
29.371 0x00 idle 0 0 0 0 0 0.0 0.0 100 10.0 0 0 0
29.415 0x00 idle 0 0 0 0 0 0.0 0.0 100 10.0 0 0 0
29.450 0x00 idle 0 0 0 0 0 0.0 0.0 100 10.0 0 0 0
29.490 0x00 idle 0 0 0 0 0 0.0 0.0 100 10.0 0 0 0
29.528 0x00 idle 0 0 0 0 0 0.0 0.0 100 10.0 0 0 0
29.569 0x00 idle 0 0 0 0 0 0.0 0.0 100 10.0 0 0 0
29.608 0x00 idle 0 0 0 0 0 0.0 0.0 100 10.0 0 0 0
29.652 0x00 idle 0 0 0 0 0 0.0 0.0 100 10.0 0 0 0
29.693 0x00 idle 0 0 0 0 0 0.0 0.0 100 10.0 0 0 0
29.728 0x00 idle 0 0 0 0 0 0.0 0.0 100 10.0 0 0 0
29.768 0x00 idle 0 0 0 0 0 0.0 0.0 100 10.0 0 0 0
29.810 0x00 idle 0 0 0 0 0 0.0 0.0 100 10.0 0 0 0
29.851 0x00 idle 0 0 0 0 0 0.0 0.0 100 10.0 0 0 0
29.889 0x00 idle 0 0 0 0 0 0.0 0.0 100 10.0 0 0 0
29.934 0x00 idle 0 0 0 0 0 0.0 0.0 100 10.0 0 0 0
29.973 0x00 idle 0 0 0 0 0 0.0 0.0 100 10.0 0 0 0
30.008 0x00 idle 0 0 0 0 0 0.0 0.0 100 10.0 0 0 0
30.050 0x00 idle 0 0 0 0 0 0.0 0.0 100 10.0 0 0 0
30.095 0x00 idle 0 0 0 0 0 0.0 0.0 100 10.0 0 0 0
30.129 0x00 idle 0 0 0 0 0 0.0 0.0 100 10.0 0 0 0
30.173 0x00 idle 0 0 0 0 0 0.0 0.0 100 10.0 0 0 0
30.210 0x00 idle 0 0 0 0 0 0.0 0.0 100 10.0 0 0 0
30.254 0x00 idle 0 0 0 0 0 0.0 0.0 100 10.0 0 0 0
30.289 0x00 idle 0 0 0 0 0 0.0 0.0 100 10.0 0 0 0
30.328 0x00 idle 0 0 0 0 0 0.0 0.0 100 10.0 0 0 0
30.367 0x00 idle 0 0 0 0 0 0.0 0.0 100 10.0 0 0 0
30.407 0x00 idle 0 0 0 0 0 0.0 0.0 100 10.0 0 0 0
30.449 0x00 idle 0 0 0 0 0 0.0 0.0 100 10.0 0 0 0
30.488 0x00 idle 0 0 0 0 0 0.0 0.0 100 10.0 0 0 0
30.533 0x00 idle 0 0 0 0 0 0.0 0.0 100 10.0 0 0 0
30.569 0x00 idle 0 0 0 0 0 0.0 0.0 100 10.0 0 0 0
30.611 0x00 idle 0 0 0 0 0 0.0 0.0 100 10.0 0 0 0
30.650 0x00 idle 0 0 0 0 0 0.0 0.0 100 10.0 0 0 0
30.695 0x00 idle 0 0 0 0 0 0.0 0.0 100 10.0 0 0 0
30.728 0x00 idle 0 0 0 0 0 0.0 0.0 100 10.0 0 0 0
30.778 0x00 idle 0 0 0 0 0 0.0 0.0 100 10.0 0 0 0
30.810 0x00 idle 0 0 0 0 0 0.0 0.0 100 10.0 0 0 0
30.853 0x00 idle 0 0 0 0 0 0.0 0.0 100 10.0 0 0 0
30.890 0x00 idle 0 0 0 0 0 0.0 0.0 100 10.0 0 0 0
30.928 0x00 idle 0 0 0 0 0 0.0 0.0 100 10.0 0 0 0
30.968 0x00 idle 0 0 0 0 0 0.0 0.0 100 10.0 0 0 0
31.009 0x00 idle 0 0 0 0 0 0.0 0.0 100 10.0 0 0 0
31.056 0x00 idle 0 0 0 0 0 0.0 0.0 100 10.0 0 0 0
31.092 0x00 idle 0 0 0 0 0 0.0 0.0 100 10.0 0 0 0
31.128 0x00 idle 0 0 0 0 0 0.0 0.0 100 10.0 0 0 0
31.169 0x00 idle 0 0 0 0 0 0.0 0.0 100 10.0 0 0 0
31.209 0x00 idle 0 0 0 0 0 0.0 0.0 100 10.0 0 0 0
31.248 0x00 idle 0 0 0 0 0 0.0 0.0 100 10.0 0 0 0
31.291 0x00 idle 0 0 0 0 0 0.0 0.0 100 10.0 0 0 0
31.335 0x00 idle 0 0 0 0 0 0.0 0.0 100 10.0 0 0 0
31.373 0x00 idle 0 0 0 0 0 0.0 0.0 100 10.0 0 0 0
31.408 0x00 idle 0 0 0 0 0 0.0 0.0 100 10.0 0 0 0
31.450 0x00 idle 0 0 0 0 0 0.0 0.0 100 10.0 0 0 0
31.490 0x00 idle 0 0 0 0 0 0.0 0.0 100 10.0 0 0 0
31.529 0x00 idle 0 0 0 0 0 0.0 0.0 100 10.0 0 0 0
31.572 0x00 idle 0 0 0 0 0 0.0 0.0 100 10.0 0 0 0
31.617 0x00 idle 0 0 0 0 0 0.0 0.0 100 10.0 0 0 0
31.650 0x00 idle 0 0 0 0 0 0.0 0.0 100 10.0 0 0 0
31.693 0x00 idle 0 0 0 0 0 0.0 0.0 100 10.0 0 0 0
31.727 0x00 idle 0 0 0 0 0 0.0 0.0 100 10.0 0 0 0
31.769 0x00 idle 0 0 0 0 0 0.0 0.0 100 10.0 0 0 0
31.808 0x00 idle 0 0 0 0 0 0.0 0.0 100 10.0 0 0 0
31.855 0x00 idle 0 0 0 0 0 0.0 0.0 100 10.0 0 0 0
31.890 0x00 idle 0 0 0 0 0 0.0 0.0 100 10.0 0 0 0
31.933 0x00 idle 0 0 0 0 0 0.0 0.0 100 10.0 0 0 0
31.967 0x00 idle 0 0 0 0 0 0.0 0.0 100 10.0 0 0 0
32.010 0x00 idle 0 0 0 0 0 0.0 0.0 100 10.0 0 0 0
32.053 0x00 idle 0 0 0 0 0 0.0 0.0 100 10.0 0 0 0
32.093 0x00 idle 0 0 0 0 0 0.0 0.0 100 10.0 0 0 0
32.128 0x00 idle 0 0 0 0 0 0.0 0.0 100 10.0 0 0 0
32.175 0x00 idle 0 0 0 0 0 0.0 0.0 100 10.0 0 0 0
32.213 0x00 idle 0 0 0 0 0 0.0 0.0 100 10.0 0 0 0
32.254 0x00 idle 0 0 0 0 0 0.0 0.0 100 10.0 0 0 0
32.293 0x00 idle 0 0 0 0 0 0.0 0.0 100 10.0 0 0 0
32.327 0x00 idle 0 0 0 0 0 0.0 0.0 100 10.0 0 0 0
32.367 0x00 idle 0 0 0 0 0 0.0 0.0 100 10.0 0 0 0
32.407 0x00 idle 0 0 0 0 0 0.0 0.0 100 10.0 0 0 0
32.448 0x00 idle 0 0 0 0 0 0.0 0.0 100 10.0 0 0 0
32.488 0x00 idle 0 0 0 0 0 0.0 0.0 100 10.0 0 0 0
32.528 0x00 idle 0 0 0 0 0 0.0 0.0 100 10.0 0 0 0
32.568 0x00 idle 0 0 0 0 0 0.0 0.0 100 10.0 0 0 0
32.609 0x00 idle 0 0 0 0 0 0.0 0.0 100 10.0 0 0 0
32.652 0x00 idle 0 0 0 0 0 0.0 0.0 100 10.0 0 0 0
32.696 0x00 idle 0 0 0 0 0 0.0 0.0 100 10.0 0 0 0
32.729 0x00 idle 0 0 0 0 0 0.0 0.0 100 10.0 0 0 0
32.772 0x00 idle 0 0 0 0 0 0.0 0.0 100 10.0 0 0 0
32.810 0x00 idle 0 0 0 0 0 0.0 0.0 100 10.0 0 0 0
32.850 0x00 idle 0 0 0 0 0 0.0 0.0 100 10.0 0 0 0
32.888 0x00 idle 0 0 0 0 0 0.0 0.0 100 10.0 0 0 0
32.929 0x00 idle 0 0 0 0 0 0.0 0.0 100 10.0 0 0 0
32.971 0x00 idle 0 0 0 0 0 0.0 0.0 100 10.0 0 0 0
33.011 0x00 idle 0 0 0 0 0 0.0 0.0 100 10.0 0 0 0
33.051 0x00 idle 0 0 0 0 0 0.0 0.0 100 10.0 0 0 0
33.090 0x00 idle 0 0 0 0 0 0.0 0.0 100 10.0 0 0 0
33.127 0x00 idle 0 0 0 0 0 0.0 0.0 100 10.0 0 0 0
33.172 0x00 idle 0 0 0 0 0 0.0 0.0 100 10.0 0 0 0
33.207 0x00 idle 0 0 0 0 0 0.0 0.0 100 10.0 0 0 0
33.248 0x00 idle 0 0 0 0 0 0.0 0.0 100 10.0 0 0 0
33.289 0x00 idle 0 0 0 0 0 0.0 0.0 100 10.0 0 0 0
33.332 0x00 idle 0 0 0 0 0 0.0 0.0 100 10.0 0 0 0
33.369 0x00 idle 0 0 0 0 0 0.0 0.0 100 10.0 0 0 0
33.410 0x00 idle 0 0 0 0 0 0.0 0.0 100 10.0 0 0 0
33.453 0x00 idle 0 0 0 0 0 0.0 0.0 100 10.0 0 0 0
33.489 0x00 idle 0 0 0 0 0 0.0 0.0 100 10.0 0 0 0
33.529 0x00 idle 0 0 0 0 0 0.0 0.0 100 10.0 0 0 0
33.570 0x00 idle 0 0 0 0 0 0.0 0.0 100 10.0 0 0 0
33.609 0x00 idle 0 0 0 0 0 0.0 0.0 100 10.0 0 0 0
33.654 0x00 idle 0 0 0 0 0 0.0 0.0 100 10.0 0 0 0
33.694 0x00 idle 0 0 0 0 0 0.0 0.0 100 10.0 0 0 0
33.730 0x00 idle 0 0 0 0 0 0.0 0.0 100 10.0 0 0 0
33.767 0x00 idle 0 0 0 0 0 0.0 0.0 100 10.0 0 0 0
33.808 0x00 idle 0 0 0 0 0 0.0 0.0 100 10.0 0 0 0
33.854 0x00 idle 0 0 0 0 0 0.0 0.0 100 10.0 0 0 0
33.896 0x00 idle 0 0 0 0 0 0.0 0.0 100 10.0 0 0 0
33.929 0x00 idle 0 0 0 0 0 0.0 0.0 100 10.0 0 0 0
33.968 0x00 idle 0 0 0 0 0 0.0 0.0 100 10.0 0 0 0
34.008 0x00 idle 0 0 0 0 0 0.0 0.0 100 10.0 0 0 0
34.061 0x00 idle 0 0 0 0 0 0.0 0.0 100 10.0 0 0 0
34.089 0x00 idle 0 0 0 0 0 0.0 0.0 100 10.0 0 0 0
34.129 0x00 idle 0 0 0 0 0 0.0 0.0 100 10.0 0 0 0
34.171 0x00 idle 0 0 0 0 0 0.0 0.0 100 10.0 0 0 0
34.208 0x00 idle 0 0 0 0 0 0.0 0.0 100 10.0 0 0 0
34.248 0x00 idle 0 0 0 0 0 0.0 0.0 100 10.0 0 0 0
34.287 0x00 idle 0 0 0 0 0 0.0 0.0 100 10.0 0 0 0
34.333 0x00 idle 0 0 0 0 0 0.0 0.0 100 10.0 0 0 0
34.371 0x00 idle 0 0 0 0 0 0.0 0.0 100 10.0 0 0 0
34.414 0x00 idle 0 0 0 0 0 0.0 0.0 100 10.0 0 0 0
34.450 0x00 idle 0 0 0 0 0 0.0 0.0 100 10.0 0 0 0
34.488 0x00 idle 0 0 0 0 0 0.0 0.0 100 10.0 0 0 0
34.526 0x00 idle 0 0 0 0 0 0.0 0.0 100 10.0 0 0 0
34.567 0x00 idle 0 0 0 0 0 0.0 0.0 100 10.0 0 0 0
34.609 0x00 idle 0 0 0 0 0 0.0 0.0 100 10.0 0 0 0
34.649 0x00 idle 0 0 0 0 0 0.0 0.0 100 10.0 0 0 0
34.690 0x00 idle 0 0 0 0 0 0.0 0.0 100 10.0 0 0 0
34.729 0x00 idle 0 0 0 0 0 0.0 0.0 100 10.0 0 0 0
34.771 0x00 idle 0 0 0 0 0 0.0 0.0 100 10.0 0 0 0
34.809 0x00 idle 0 0 0 0 0 0.0 0.0 100 10.0 0 0 0
34.849 0x00 idle 0 0 0 0 0 0.0 0.0 100 10.0 0 0 0
34.888 0x00 idle 0 0 0 0 0 0.0 0.0 100 10.0 0 0 0
34.927 0x00 idle 0 0 0 0 0 0.0 0.0 100 10.0 0 0 0
34.976 0x00 idle 0 0 0 0 0 0.0 0.0 100 10.0 0 0 0
35.010 0x00 idle 0 0 0 0 0 0.0 0.0 100 10.0 0 0 0
35.052 0x00 idle 0 0 0 0 0 0.0 0.0 100 10.0 0 0 0
35.089 0x00 idle 0 0 0 0 0 0.0 0.0 100 10.0 0 0 0
35.128 0x00 idle 0 0 0 0 0 0.0 0.0 100 10.0 0 0 0
35.182 0x00 idle 0 0 0 0 0 0.0 0.0 100 10.0 0 0 0
35.208 0x00 idle 0 0 0 0 0 0.0 0.0 100 10.0 0 0 0
35.248 0x00 idle 0 0 0 0 0 0.0 0.0 100 10.0 0 0 0
35.289 0x00 idle 0 0 0 0 0 0.0 0.0 100 10.0 0 0 0
35.328 0x00 idle 0 0 0 0 0 0.0 0.0 100 10.0 0 0 0
35.369 0x00 idle 0 0 0 0 0 0.0 0.0 100 10.0 0 0 0
35.413 0x00 idle 0 0 0 0 0 0.0 0.0 100 10.0 0 0 0
35.447 0x00 idle 0 0 0 0 0 0.0 0.0 100 10.0 0 0 0
35.492 0x00 idle 0 0 0 0 0 0.0 0.0 100 10.0 0 0 0
35.535 0x00 idle 0 0 0 0 0 0.0 0.0 100 10.0 0 0 0
35.569 0x00 idle 0 0 0 0 0 0.0 0.0 100 10.0 0 0 0
35.608 0x00 idle 0 0 0 0 0 0.0 0.0 100 10.0 0 0 0
35.649 0x00 idle 0 0 0 0 0 0.0 0.0 100 10.0 0 0 0
35.688 0x00 idle 0 0 0 0 0 0.0 0.0 100 10.0 0 0 0
35.727 0x00 idle 0 0 0 0 0 0.0 0.0 100 10.0 0 0 0
35.769 0x00 idle 0 0 0 0 0 0.0 0.0 100 10.0 0 0 0
35.810 0x00 idle 0 0 0 0 0 0.0 0.0 100 10.0 0 0 0
35.850 0x00 idle 0 0 0 0 0 0.0 0.0 100 10.0 0 0 0
35.889 0x00 idle 0 0 0 0 0 0.0 0.0 100 10.0 0 0 0
35.928 0x00 idle 0 0 0 0 0 0.0 0.0 100 10.0 0 0 0
35.969 0x00 idle 0 0 0 0 0 0.0 0.0 100 10.0 0 0 0
36.007 0x00 idle 0 0 0 0 0 0.0 0.0 100 10.0 0 0 0
36.050 0x00 idle 0 0 0 0 0 0.0 0.0 100 10.0 0 0 0
36.096 0x00 idle 0 0 0 0 0 0.0 0.0 100 10.0 0 0 0
36.134 0x00 idle 0 0 0 0 0 0.0 0.0 100 10.0 0 0 0
36.171 0x00 idle 0 0 0 0 0 0.0 0.0 100 10.0 0 0 0
36.209 0x00 idle 0 0 0 0 0 0.0 0.0 100 10.0 0 0 0
36.253 0x00 idle 0 0 0 0 0 0.0 0.0 100 10.0 0 0 0
36.292 0x00 idle 0 0 0 0 0 0.0 0.0 100 10.0 0 0 0
36.331 0x00 idle 0 0 0 0 0 0.0 0.0 100 10.0 0 0 0
36.374 0x00 idle 0 0 0 0 0 0.0 0.0 100 10.0 0 0 0
36.418 0x00 idle 0 0 0 0 0 0.0 0.0 100 10.0 0 0 0
36.452 0x00 idle 0 0 0 0 0 0.0 0.0 100 10.0 0 0 0
36.491 0x00 idle 0 0 0 0 0 0.0 0.0 100 10.0 0 0 0
36.530 0x00 idle 0 0 0 0 0 0.0 0.0 100 10.0 0 0 0
36.574 0x00 idle 0 0 0 0 0 0.0 0.0 100 10.0 0 0 0
36.608 0x00 idle 0 0 0 0 0 0.0 0.0 100 10.0 0 0 0
36.650 0x00 idle 0 0 0 0 0 0.0 0.0 100 10.0 0 0 0
36.690 0x00 idle 0 0 0 0 0 0.0 0.0 100 10.0 0 0 0
36.728 0x00 idle 0 0 0 0 0 0.0 0.0 100 10.0 0 0 0
36.769 0x00 idle 0 0 0 0 0 0.0 0.0 100 10.0 0 0 0
36.812 0x00 idle 0 0 0 0 0 0.0 0.0 100 10.0 0 0 0
36.849 0x00 idle 0 0 0 0 0 0.0 0.0 100 10.0 0 0 0
36.894 0x00 idle 0 0 0 0 0 0.0 0.0 100 10.0 0 0 0
36.934 0x00 idle 0 0 0 0 0 0.0 0.0 100 10.0 0 0 0
36.974 0x00 idle 0 0 0 0 0 0.0 0.0 100 10.0 0 0 0
37.008 0x00 idle 0 0 0 0 0 0.0 0.0 100 10.0 0 0 0
37.049 0x00 idle 0 0 0 0 0 0.0 0.0 100 10.0 0 0 0
37.088 0x00 idle 0 0 0 0 0 0.0 0.0 100 10.0 0 0 0
37.127 0x00 idle 0 0 0 0 0 0.0 0.0 100 10.0 0 0 0
37.171 0x00 idle 0 0 0 0 0 0.0 0.0 100 10.0 0 0 0
37.216 0x00 idle 0 0 0 0 0 0.0 0.0 100 10.0 0 0 0
37.252 0x00 idle 0 0 0 0 0 0.0 0.0 100 10.0 0 0 0
37.288 0x00 idle 0 0 0 0 0 0.0 0.0 100 10.0 0 0 0
37.329 0x00 idle 0 0 0 0 0 0.0 0.0 100 10.0 0 0 0
37.369 0x00 idle 0 0 0 0 0 0.0 0.0 100 10.0 0 0 0
37.409 0x00 idle 0 0 0 0 0 0.0 0.0 100 10.0 0 0 0
37.447 0x00 idle 0 0 0 0 0 0.0 0.0 100 10.0 0 0 0
37.488 0x00 idle 0 0 0 0 0 0.0 0.0 100 10.0 0 0 0
37.531 0x00 idle 0 0 0 0 0 0.0 0.0 100 10.0 0 0 0
37.567 0x00 idle 0 0 0 0 0 0.0 0.0 100 10.0 0 0 0
37.609 0x00 idle 0 0 0 0 0 0.0 0.0 100 10.0 0 0 0
37.649 0x00 idle 0 0 0 0 0 0.0 0.0 100 10.0 0 0 0
37.695 0x00 idle 0 0 0 0 0 0.0 0.0 100 10.0 0 0 0
37.734 0x00 idle 0 0 0 0 0 0.0 0.0 100 10.0 0 0 0
37.770 0x00 idle 0 0 0 0 0 0.0 0.0 100 10.0 0 0 0
37.812 0x00 idle 0 0 0 0 0 0.0 0.0 100 10.0 0 0 0
37.853 0x00 idle 0 0 0 0 0 0.0 0.0 100 10.0 0 0 0
37.889 0x00 idle 0 0 0 0 0 0.0 0.0 100 10.0 0 0 0
37.930 0x00 idle 0 0 0 0 0 0.0 0.0 100 10.0 0 0 0
37.969 0x00 idle 0 0 0 0 0 0.0 0.0 100 10.0 0 0 0
38.010 0x00 idle 0 0 0 0 0 0.0 0.0 100 10.0 0 0 0
38.049 0x00 idle 0 0 0 0 0 0.0 0.0 100 10.0 0 0 0
38.093 0x00 idle 0 0 0 0 0 0.0 0.0 100 10.0 0 0 0
38.131 0x00 idle 0 0 0 0 0 0.0 0.0 100 10.0 0 0 0
38.172 0x00 idle 0 0 0 0 0 0.0 0.0 100 10.0 0 0 0
38.208 0x00 idle 0 0 0 0 0 0.0 0.0 100 10.0 0 0 0
38.255 0x00 idle 0 0 0 0 0 0.0 0.0 100 10.0 0 0 0
38.289 0x00 idle 0 0 0 0 0 0.0 0.0 100 10.0 0 0 0
38.328 0x00 idle 0 0 0 0 0 0.0 0.0 100 10.0 0 0 0
38.370 0x00 idle 0 0 0 0 0 0.0 0.0 100 10.0 0 0 0
38.409 0x00 idle 0 0 0 0 0 0.0 0.0 100 10.0 0 0 0
38.450 0x00 idle 0 0 0 0 0 0.0 0.0 100 10.0 0 0 0
38.491 0x00 idle 0 0 0 0 0 0.0 0.0 100 10.0 0 0 0
38.527 0x00 idle 0 0 0 0 0 0.0 0.0 100 10.0 0 0 0
38.572 0x00 idle 0 0 0 0 0 0.0 0.0 100 10.0 0 0 0
38.613 0x00 idle 0 0 0 0 0 0.0 0.0 100 10.0 0 0 0
38.650 0x00 idle 0 0 0 0 0 0.0 0.0 100 10.0 0 0 0
38.689 0x00 idle 0 0 0 0 0 0.0 0.0 100 10.0 0 0 0
38.729 0x00 idle 0 0 0 0 0 0.0 0.0 100 10.0 0 0 0
38.769 0x00 idle 0 0 0 0 0 0.0 0.0 100 10.0 0 0 0
38.808 0x00 idle 0 0 0 0 0 0.0 0.0 100 10.0 0 0 0
38.848 0x00 idle 0 0 0 0 0 0.0 0.0 100 10.0 0 0 0
38.893 0x00 idle 0 0 0 0 0 0.0 0.0 100 10.0 0 0 0
38.928 0x00 idle 0 0 0 0 0 0.0 0.0 100 10.0 0 0 0
38.968 0x00 idle 0 0 0 0 0 0.0 0.0 100 10.0 0 0 0
39.008 0x00 idle 0 0 0 0 0 0.0 0.0 100 10.0 0 0 0
39.050 0x00 idle 0 0 0 0 0 0.0 0.0 100 10.0 0 0 0
39.090 0x00 idle 0 0 0 0 0 0.0 0.0 100 10.0 0 0 0
39.134 0x00 idle 0 0 0 0 0 0.0 0.0 100 10.0 0 0 0
39.171 0x00 idle 0 0 0 0 0 0.0 0.0 100 10.0 0 0 0
39.211 0x00 idle 0 0 0 0 0 0.0 0.0 100 10.0 0 0 0
39.249 0x00 idle 0 0 0 0 0 0.0 0.0 100 10.0 0 0 0
39.289 0x00 idle 0 0 0 0 0 0.0 0.0 100 10.0 0 0 0
39.328 0x00 idle 0 0 0 0 0 0.0 0.0 100 10.0 0 0 0
39.367 0x00 idle 0 0 0 0 0 0.0 0.0 100 10.0 0 0 0
39.407 0x00 idle 0 0 0 0 0 0.0 0.0 100 10.0 0 0 0
39.452 0x00 idle 0 0 0 0 0 0.0 0.0 100 10.0 0 0 0
39.491 0x00 idle 0 0 0 0 0 0.0 0.0 100 10.0 0 0 0
39.529 0x00 idle 0 0 0 0 0 0.0 0.0 100 10.0 0 0 0
39.575 0x00 idle 0 0 0 0 0 0.0 0.0 100 10.0 0 0 0
39.611 0x00 idle 0 0 0 0 0 0.0 0.0 100 10.0 0 0 0
39.651 0x00 idle 0 0 0 0 0 0.0 0.0 100 10.0 0 0 0
39.693 0x00 idle 0 0 0 0 0 0.0 0.0 100 10.0 0 0 0
39.729 0x00 idle 0 0 0 0 0 0.0 0.0 100 10.0 0 0 0
39.772 0x00 idle 0 0 0 0 0 0.0 0.0 100 10.0 0 0 0
39.807 0x00 idle 0 0 0 0 0 0.0 0.0 100 10.0 0 0 0
39.850 0x00 idle 0 0 0 0 0 0.0 0.0 100 10.0 0 0 0
39.890 0x00 idle 0 0 0 0 0 0.0 0.0 100 10.0 0 0 0
39.930 0x00 idle 0 0 0 0 0 0.0 0.0 100 10.0 0 0 0
39.969 0x00 idle 0 0 0 0 0 0.0 0.0 100 10.0 0 0 0
40.018 0x00 idle 0 0 0 0 0 0.0 0.0 100 10.0 0 0 0
40.052 0x00 idle 0 0 0 0 0 0.0 0.0 100 10.0 0 0 0
40.090 0x00 idle 0 0 0 0 0 0.0 0.0 100 10.0 0 0 0
40.129 0x00 idle 0 0 0 0 0 0.0 0.0 100 10.0 0 0 0
40.174 0x00 idle 0 0 0 0 0 0.0 0.0 100 10.0 0 0 0
40.209 0x00 idle 0 0 0 0 0 0.0 0.0 100 10.0 0 0 0
40.251 0x00 idle 0 0 0 0 0 0.0 0.0 100 10.0 0 0 0
40.289 0x00 idle 0 0 0 0 0 0.0 0.0 100 10.0 0 0 0
40.332 0x00 idle 0 0 0 0 0 0.0 0.0 100 10.0 0 0 0
40.371 0x00 idle 0 0 0 0 0 0.0 0.0 100 10.0 0 0 0
40.408 0x00 idle 0 0 0 0 0 0.0 0.0 100 10.0 0 0 0
40.452 0x00 idle 0 0 0 0 0 0.0 0.0 100 10.0 0 0 0
40.488 0x00 idle 0 0 0 0 0 0.0 0.0 100 10.0 0 0 0
40.529 0x00 idle 0 0 0 0 0 0.0 0.0 100 10.0 0 0 0
40.572 0x00 idle 0 0 0 0 0 0.0 0.0 100 10.0 0 0 0
40.611 0x00 idle 0 0 0 0 0 0.0 0.0 100 10.0 0 0 0
40.650 0x00 idle 0 0 0 0 0 0.0 0.0 100 10.0 0 0 0
40.693 0x00 idle 0 0 0 0 0 0.0 0.0 100 10.0 0 0 0
40.727 0x00 idle 0 0 0 0 0 0.0 0.0 100 10.0 0 0 0
40.768 0x00 idle 0 0 0 0 0 0.0 0.0 100 10.0 0 0 0
40.808 0x00 idle 0 0 0 0 0 0.0 0.0 100 10.0 0 0 0
40.848 0x00 idle 0 0 0 0 0 0.0 0.0 100 10.0 0 0 0
40.893 0x00 idle 0 0 0 0 0 0.0 0.0 100 10.0 0 0 0
40.931 0x00 idle 0 0 0 0 0 0.0 0.0 100 10.0 0 0 0
40.971 0x00 idle 0 0 0 0 0 0.0 0.0 100 10.0 0 0 0
41.007 0x00 idle 0 0 0 0 0 0.0 0.0 100 10.0 0 0 0
41.049 0x00 idle 0 0 0 0 0 0.0 0.0 100 10.0 0 0 0
41.089 0x00 idle 0 0 0 0 0 0.0 0.0 100 10.0 0 0 0
41.129 0x00 idle 0 0 0 0 0 0.0 0.0 100 10.0 0 0 0
41.171 0x00 idle 0 0 0 0 0 0.0 0.0 100 10.0 0 0 0
41.213 0x00 idle 0 0 0 0 0 0.0 0.0 100 10.0 0 0 0
41.251 0x00 idle 0 0 0 0 0 0.0 0.0 100 10.0 0 0 0
41.297 0x00 idle 0 0 0 0 0 0.0 0.0 100 10.0 0 0 0
41.330 0x00 idle 0 0 0 0 0 0.0 0.0 100 10.0 0 0 0
41.371 0x00 idle 0 0 0 0 0 0.0 0.0 100 10.0 0 0 0
41.413 0x00 idle 0 0 0 0 0 0.0 0.0 100 10.0 0 0 0
41.453 0x00 idle 0 0 0 0 0 0.0 0.0 100 10.0 0 0 0
41.495 0x00 idle 0 0 0 0 0 0.0 0.0 100 10.0 0 0 0
41.531 0x00 idle 0 0 0 0 0 0.0 0.0 100 10.0 0 0 0
41.575 0x00 idle 0 0 0 0 0 0.0 0.0 100 10.0 0 0 0
41.610 0x00 idle 0 0 0 0 0 0.0 0.0 100 10.0 0 0 0
41.649 0x00 idle 0 0 0 0 0 0.0 0.0 100 10.0 0 0 0
41.692 0x00 idle 0 0 0 0 0 0.0 0.0 100 10.0 0 0 0
41.734 0x00 idle 0 0 0 0 0 0.0 0.0 100 10.0 0 0 0
41.769 0x00 idle 0 0 0 0 0 0.0 0.0 100 10.0 0 0 0
41.811 0x00 idle 0 0 0 0 0 0.0 0.0 100 10.0 0 0 0
41.849 0x00 idle 0 0 0 0 0 0.0 0.0 100 10.0 0 0 0
41.889 0x00 idle 0 0 0 0 0 0.0 0.0 100 10.0 0 0 0
41.929 0x00 idle 0 0 0 0 0 0.0 0.0 100 10.0 0 0 0
41.975 0x00 idle 0 0 0 0 0 0.0 0.0 100 10.0 0 0 0
42.007 0x00 idle 0 0 0 0 0 0.0 0.0 100 10.0 0 0 0
42.048 0x00 idle 0 0 0 0 0 0.0 0.0 100 10.0 0 0 0
42.091 0x00 idle 0 0 0 0 0 0.0 0.0 100 10.0 0 0 0
42.130 0x00 idle 0 0 0 0 0 0.0 0.0 100 10.0 0 0 0
42.169 0x00 idle 0 0 0 0 0 0.0 0.0 100 10.0 0 0 0
42.215 0x00 idle 0 0 0 0 0 0.0 0.0 100 10.0 0 0 0
42.249 0x00 idle 0 0 0 0 0 0.0 0.0 100 10.0 0 0 0
42.290 0x00 idle 0 0 0 0 0 0.0 0.0 100 10.0 0 0 0
42.331 0x00 idle 0 0 0 0 0 0.0 0.0 100 10.0 0 0 0
42.373 0x00 idle 0 0 0 0 0 0.0 0.0 100 10.0 0 0 0
42.410 0x00 idle 0 0 0 0 0 0.0 0.0 100 10.0 0 0 0
42.448 0x00 idle 0 0 0 0 0 0.0 0.0 100 10.0 0 0 0
42.492 0x00 idle 0 0 0 0 0 0.0 0.0 100 10.0 0 0 0
42.538 0x00 idle 0 0 0 0 0 0.0 0.0 100 10.0 0 0 0
42.574 0x00 idle 0 0 0 0 0 0.0 0.0 100 10.0 0 0 0
42.610 0x00 idle 0 0 0 0 0 0.0 0.0 100 10.0 0 0 0
42.653 0x00 idle 0 0 0 0 0 0.0 0.0 100 10.0 0 0 0
42.696 0x00 idle 0 0 0 0 0 0.0 0.0 100 10.0 0 0 0
42.727 0x00 idle 0 0 0 0 0 0.0 0.0 100 10.0 0 0 0
42.769 0x00 idle 0 0 0 0 0 0.0 0.0 100 10.0 0 0 0
42.812 0x00 idle 0 0 0 0 0 0.0 0.0 100 10.0 0 0 0
42.853 0x00 idle 0 0 0 0 0 0.0 0.0 100 10.0 0 0 0
42.893 0x00 idle 0 0 0 0 0 0.0 0.0 100 10.0 0 0 0
42.928 0x00 idle 0 0 0 0 0 0.0 0.0 100 10.0 0 0 0
42.970 0x00 idle 0 0 0 0 0 0.0 0.0 100 10.0 0 0 0
43.008 0x00 idle 0 0 0 0 0 0.0 0.0 100 10.0 0 0 0
43.048 0x00 idle 0 0 0 0 0 0.0 0.0 100 10.0 0 0 0
43.095 0x00 idle 0 0 0 0 0 0.0 0.0 100 10.0 0 0 0
43.133 0x00 idle 0 0 0 0 0 0.0 0.0 100 10.0 0 0 0
43.173 0x00 idle 0 0 0 0 0 0.0 0.0 100 10.0 0 0 0
43.221 0x00 idle 0 0 0 0 0 0.0 0.0 100 10.0 0 0 0
43.253 0x00 idle 0 0 0 0 0 0.0 0.0 100 10.0 0 0 0
43.289 0x00 idle 0 0 0 0 0 0.0 0.0 100 10.0 0 0 0
43.329 0x00 idle 0 0 0 0 0 0.0 0.0 100 10.0 0 0 0
43.373 0x00 idle 0 0 0 0 0 0.0 0.0 100 10.0 0 0 0
43.411 0x00 idle 0 0 0 0 0 0.0 0.0 100 10.0 0 0 0
43.450 0x00 idle 0 0 0 0 0 0.0 0.0 100 10.0 0 0 0
43.490 0x00 idle 0 0 0 0 0 0.0 0.0 100 10.0 0 0 0
43.530 0x00 idle 0 0 0 0 0 0.0 0.0 100 10.0 0 0 0
43.574 0x00 idle 0 0 0 0 0 0.0 0.0 100 10.0 0 0 0
43.611 0x00 idle 0 0 0 0 0 0.0 0.0 100 10.0 0 0 0
43.656 0x00 idle 0 0 0 0 0 0.0 0.0 100 10.0 0 0 0
43.698 0x00 idle 0 0 0 0 0 0.0 0.0 100 10.0 0 0 0
43.730 0x00 idle 0 0 0 0 0 0.0 0.0 100 10.0 0 0 0
43.774 0x00 idle 0 0 0 0 0 0.0 0.0 100 10.0 0 0 0
43.809 0x00 idle 0 0 0 0 0 0.0 0.0 100 10.0 0 0 0
43.859 0x00 idle 0 0 0 0 0 0.0 0.0 100 10.0 0 0 0
43.892 0x00 idle 0 0 0 0 0 0.0 0.0 100 10.0 0 0 0
43.929 0x00 idle 0 0 0 0 0 0.0 0.0 100 10.0 0 0 0
43.974 0x00 idle 0 0 0 0 0 0.0 0.0 100 10.0 0 0 0
44.013 0x00 idle 0 0 0 0 0 0.0 0.0 100 10.0 0 0 0
44.050 0x00 idle 0 0 0 0 0 0.0 0.0 100 10.0 0 0 0
44.092 0x00 idle 0 0 0 0 0 0.0 0.0 100 10.0 0 0 0
44.128 0x00 idle 0 0 0 0 0 0.0 0.0 100 10.0 0 0 0
44.169 0x00 idle 0 0 0 0 0 0.0 0.0 100 10.0 0 0 0
44.210 0x00 idle 0 0 0 0 0 0.0 0.0 100 10.0 0 0 0
44.253 0x00 idle 0 0 0 0 0 0.0 0.0 100 10.0 0 0 0
44.290 0x00 idle 0 0 0 0 0 0.0 0.0 100 10.0 0 0 0
44.328 0x00 idle 0 0 0 0 0 0.0 0.0 100 10.0 0 0 0
44.367 0x00 idle 0 0 0 0 0 0.0 0.0 100 10.0 0 0 0
44.408 0x00 idle 0 0 0 0 0 0.0 0.0 100 10.0 0 0 0
44.447 0x00 idle 0 0 0 0 0 0.0 0.0 100 10.0 0 0 0
44.492 0x00 idle 0 0 0 0 0 0.0 0.0 100 10.0 0 0 0
44.536 0x00 idle 0 0 0 0 0 0.0 0.0 100 10.0 0 0 0
44.568 0x00 idle 0 0 0 0 0 0.0 0.0 100 10.0 0 0 0
44.607 0x00 idle 0 0 0 0 0 0.0 0.0 100 10.0 0 0 0
44.648 0x00 idle 0 0 0 0 0 0.0 0.0 100 10.0 0 0 0
44.688 0x00 idle 0 0 0 0 0 0.0 0.0 100 10.0 0 0 0
44.728 0x00 idle 0 0 0 0 0 0.0 0.0 100 10.0 0 0 0
44.774 0x00 idle 0 0 0 0 0 0.0 0.0 100 10.0 0 0 0
44.819 0x00 idle 0 0 0 0 0 0.0 0.0 100 10.0 0 0 0
44.849 0x00 idle 0 0 0 0 0 0.0 0.0 100 10.0 0 0 0
44.895 0x00 idle 0 0 0 0 0 0.0 0.0 100 10.0 0 0 0
44.931 0x00 idle 0 0 0 0 0 0.0 0.0 100 10.0 0 0 0
44.971 0x00 idle 0 0 0 0 0 0.0 0.0 100 10.0 0 0 0
45.010 0x00 idle 0 0 0 0 0 0.0 0.0 100 10.0 0 0 0
45.047 0x00 idle 0 0 0 0 0 0.0 0.0 100 10.0 0 0 0
45.092 0x00 idle 0 0 0 0 0 0.0 0.0 100 10.0 0 0 0
45.127 0x00 idle 0 0 0 0 0 0.0 0.0 100 10.0 0 0 0
45.170 0x00 idle 0 0 0 0 0 0.0 0.0 100 10.0 0 0 0
45.211 0x00 idle 0 0 0 0 0 0.0 0.0 100 10.0 0 0 0
45.252 0x00 idle 0 0 0 0 0 0.0 0.0 100 10.0 0 0 0
45.290 0x00 idle 0 0 0 0 0 0.0 0.0 100 10.0 0 0 0
45.333 0x00 idle 0 0 0 0 0 0.0 0.0 100 10.0 0 0 0
45.369 0x00 idle 0 0 0 0 0 0.0 0.0 100 10.0 0 0 0
45.412 0x00 idle 0 0 0 0 0 0.0 0.0 100 10.0 0 0 0
45.452 0x00 idle 0 0 0 0 0 0.0 0.0 100 10.0 0 0 0
45.496 0x00 idle 0 0 0 0 0 0.0 0.0 100 10.0 0 0 0
45.541 0x00 idle 0 0 0 0 0 0.0 0.0 100 10.0 0 0 0
45.569 0x00 idle 0 0 0 0 0 0.0 0.0 100 10.0 0 0 0
45.610 0x00 idle 0 0 0 0 0 0.0 0.0 100 10.0 0 0 0
45.657 0x00 idle 0 0 0 0 0 0.0 0.0 100 10.0 0 0 0
45.688 0x00 idle 0 0 0 0 0 0.0 0.0 100 10.0 0 0 0
45.727 0x00 idle 0 0 0 0 0 0.0 0.0 100 10.0 0 0 0
45.768 0x00 idle 0 0 0 0 0 0.0 0.0 100 10.0 0 0 0
45.812 0x00 idle 0 0 0 0 0 0.0 0.0 100 10.0 0 0 0
45.847 0x00 idle 0 0 0 0 0 0.0 0.0 100 10.0 0 0 0
45.888 0x00 idle 0 0 0 0 0 0.0 0.0 100 10.0 0 0 0
45.931 0x00 idle 0 0 0 0 0 0.0 0.0 100 10.0 0 0 0
45.968 0x00 idle 0 0 0 0 0 0.0 0.0 100 10.0 0 0 0
46.008 0x00 idle 0 0 0 0 0 0.0 0.0 100 10.0 0 0 0
46.053 0x00 idle 0 0 0 0 0 0.0 0.0 100 10.0 0 0 0
46.092 0x00 idle 0 0 0 0 0 0.0 0.0 100 10.0 0 0 0
46.130 0x00 idle 0 0 0 0 0 0.0 0.0 100 10.0 0 0 0
46.172 0x00 idle 0 0 0 0 0 0.0 0.0 100 10.0 0 0 0
46.209 0x00 idle 0 0 0 0 0 0.0 0.0 100 10.0 0 0 0
46.249 0x00 idle 0 0 0 0 0 0.0 0.0 100 10.0 0 0 0
46.292 0x00 idle 0 0 0 0 0 0.0 0.0 100 10.0 0 0 0
46.331 0x00 idle 0 0 0 0 0 0.0 0.0 100 10.0 0 0 0
46.369 0x00 idle 0 0 0 0 0 0.0 0.0 100 10.0 0 0 0
46.413 0x00 idle 0 0 0 0 0 0.0 0.0 100 10.0 0 0 0
46.449 0x00 idle 0 0 0 0 0 0.0 0.0 100 10.0 0 0 0
46.490 0x00 idle 0 0 0 0 0 0.0 0.0 100 10.0 0 0 0
46.527 0x00 idle 0 0 0 0 0 0.0 0.0 100 10.0 0 0 0
46.568 0x00 idle 0 0 0 0 0 0.0 0.0 100 10.0 0 0 0
46.612 0x00 idle 0 0 0 0 0 0.0 0.0 100 10.0 0 0 0
46.649 0x00 idle 0 0 0 0 0 0.0 0.0 100 10.0 0 0 0
46.694 0x00 idle 0 0 0 0 0 0.0 0.0 100 10.0 0 0 0
46.730 0x00 idle 0 0 0 0 0 0.0 0.0 100 10.0 0 0 0
46.768 0x00 idle 0 0 0 0 0 0.0 0.0 100 10.0 0 0 0
46.812 0x00 idle 0 0 0 0 0 0.0 0.0 100 10.0 0 0 0
46.850 0x00 idle 0 0 0 0 0 0.0 0.0 100 10.0 0 0 0
46.896 0x00 idle 0 0 0 0 0 0.0 0.0 100 10.0 0 0 0
46.927 0x00 idle 0 0 0 0 0 0.0 0.0 100 10.0 0 0 0
46.970 0x00 idle 0 0 0 0 0 0.0 0.0 100 10.0 0 0 0
47.017 0x00 idle 0 0 0 0 0 0.0 0.0 100 10.0 0 0 0
47.054 0x00 idle 0 0 0 0 0 0.0 0.0 100 10.0 0 0 0
47.089 0x00 idle 0 0 0 0 0 0.0 0.0 100 10.0 0 0 0
47.130 0x00 idle 0 0 0 0 0 0.0 0.0 100 10.0 0 0 0
47.170 0x00 idle 0 0 0 0 0 0.0 0.0 100 10.0 0 0 0
47.215 0x00 idle 0 0 0 0 0 0.0 0.0 100 10.0 0 0 0
47.252 0x00 idle 0 0 0 0 0 0.0 0.0 100 10.0 0 0 0
47.291 0x00 idle 0 0 0 0 0 0.0 0.0 100 10.0 0 0 0
47.337 0x00 idle 0 0 0 0 0 0.0 0.0 100 10.0 0 0 0
47.368 0x00 idle 0 0 0 0 0 0.0 0.0 100 10.0 0 0 0
47.410 0x00 idle 0 0 0 0 0 0.0 0.0 100 10.0 0 0 0
47.450 0x00 idle 0 0 0 0 0 0.0 0.0 100 10.0 0 0 0
47.492 0x00 idle 0 0 0 0 0 0.0 0.0 100 10.0 0 0 0
47.529 0x00 idle 0 0 0 0 0 0.0 0.0 100 10.0 0 0 0
47.572 0x00 idle 0 0 0 0 0 0.0 0.0 100 10.0 0 0 0
47.615 0x00 idle 0 0 0 0 0 0.0 0.0 100 10.0 0 0 0
47.647 0x00 idle 0 0 0 0 0 0.0 0.0 100 10.0 0 0 0
47.693 0x00 idle 0 0 0 0 0 0.0 0.0 100 10.0 0 0 0
47.731 0x00 idle 0 0 0 0 0 0.0 0.0 100 10.0 0 0 0
47.768 0x00 idle 0 0 0 0 0 0.0 0.0 100 10.0 0 0 0
47.808 0x00 idle 0 0 0 0 0 0.0 0.0 100 10.0 0 0 0
47.853 0x00 idle 0 0 0 0 0 0.0 0.0 100 10.0 0 0 0
47.893 0x00 idle 0 0 0 0 0 0.0 0.0 100 10.0 0 0 0
47.929 0x00 idle 0 0 0 0 0 0.0 0.0 100 10.0 0 0 0
47.969 0x00 idle 0 0 0 0 0 0.0 0.0 100 10.0 0 0 0
48.014 0x00 idle 0 0 0 0 0 0.0 0.0 100 10.0 0 0 0
48.050 0x00 idle 0 0 0 0 0 0.0 0.0 100 10.0 0 0 0
48.090 0x00 idle 0 0 0 0 0 0.0 0.0 100 10.0 0 0 0
48.128 0x00 idle 0 0 0 0 0 0.0 0.0 100 10.0 0 0 0
48.175 0x00 idle 0 0 0 0 0 0.0 0.0 100 10.0 0 0 0
48.209 0x00 idle 0 0 0 0 0 0.0 0.0 100 10.0 0 0 0
48.247 0x00 idle 0 0 0 0 0 0.0 0.0 100 10.0 0 0 0
48.297 0x00 idle 0 0 0 0 0 0.0 0.0 100 10.0 0 0 0
48.331 0x00 idle 0 0 0 0 0 0.0 0.0 100 10.0 0 0 0
48.369 0x00 idle 0 0 0 0 0 0.0 0.0 100 10.0 0 0 0
48.407 0x00 idle 0 0 0 0 0 0.0 0.0 100 10.0 0 0 0
48.449 0x00 idle 0 0 0 0 0 0.0 0.0 100 10.0 0 0 0
48.487 0x00 idle 0 0 0 0 0 0.0 0.0 100 10.0 0 0 0
48.529 0x00 idle 0 0 0 0 0 0.0 0.0 100 10.0 0 0 0
48.570 0x00 idle 0 0 0 0 0 0.0 0.0 100 10.0 0 0 0
48.610 0x00 idle 0 0 0 0 0 0.0 0.0 100 10.0 0 0 0
48.652 0x00 idle 0 0 0 0 0 0.0 0.0 100 10.0 0 0 0
48.697 0x00 idle 0 0 0 0 0 0.0 0.0 100 10.0 0 0 0
48.730 0x00 idle 0 0 0 0 0 0.0 0.0 100 10.0 0 0 0
48.780 0x00 idle 0 0 0 0 0 0.0 0.0 100 10.0 0 0 0
48.808 0x00 idle 0 0 0 0 0 0.0 0.0 100 10.0 0 0 0
48.851 0x00 idle 0 0 0 0 0 0.0 0.0 100 10.0 0 0 0
48.888 0x00 idle 0 0 0 0 0 0.0 0.0 100 10.0 0 0 0
48.930 0x00 idle 0 0 0 0 0 0.0 0.0 100 10.0 0 0 0
48.968 0x00 idle 0 0 0 0 0 0.0 0.0 100 10.0 0 0 0
49.011 0x00 idle 0 0 0 0 0 0.0 0.0 100 10.0 0 0 0
49.048 0x00 idle 0 0 0 0 0 0.0 0.0 100 10.0 0 0 0
49.090 0x00 idle 0 0 0 0 0 0.0 0.0 100 10.0 0 0 0
49.128 0x00 idle 0 0 0 0 0 0.0 0.0 100 10.0 0 0 0
49.170 0x00 idle 0 0 0 0 0 0.0 0.0 100 10.0 0 0 0
49.211 0x00 idle 0 0 0 0 0 0.0 0.0 100 10.0 0 0 0
49.253 0x00 idle 0 0 0 0 0 0.0 0.0 100 10.0 0 0 0
49.290 0x00 idle 0 0 0 0 0 0.0 0.0 100 10.0 0 0 0
49.327 0x00 idle 0 0 0 0 0 0.0 0.0 100 10.0 0 0 0
49.373 0x00 idle 0 0 0 0 0 0.0 0.0 100 10.0 0 0 0
49.413 0x00 idle 0 0 0 0 0 0.0 0.0 100 10.0 0 0 0
49.448 0x00 idle 0 0 0 0 0 0.0 0.0 100 10.0 0 0 0
49.489 0x00 idle 0 0 0 0 0 0.0 0.0 100 10.0 0 0 0
49.532 0x00 idle 0 0 0 0 0 0.0 0.0 100 10.0 0 0 0
49.569 0x00 idle 0 0 0 0 0 0.0 0.0 100 10.0 0 0 0
49.608 0x00 idle 0 0 0 0 0 0.0 0.0 100 10.0 0 0 0
49.647 0x00 idle 0 0 0 0 0 0.0 0.0 100 10.0 0 0 0
49.689 0x00 idle 0 0 0 0 0 0.0 0.0 100 10.0 0 0 0
49.727 0x00 idle 0 0 0 0 0 0.0 0.0 100 10.0 0 0 0
49.770 0x00 idle 0 0 0 0 0 0.0 0.0 100 10.0 0 0 0
49.813 0x00 idle 0 0 0 0 0 0.0 0.0 100 10.0 0 0 0
49.853 0x00 idle 0 0 0 0 0 0.0 0.0 100 10.0 0 0 0
49.891 0x00 idle 0 0 0 0 0 0.0 0.0 100 10.0 0 0 0
49.931 0x00 idle 0 0 0 0 0 0.0 0.0 100 10.0 0 0 0
49.971 0x00 idle 0 0 0 0 0 0.0 0.0 100 10.0 0 0 0
50.014 0x00 idle 0 0 0 0 0 0.0 0.0 100 10.0 0 0 0
50.051 0x00 idle 0 0 0 0 0 0.0 0.0 100 10.0 0 0 0
50.094 0x00 idle 0 0 0 0 0 0.0 0.0 100 10.0 0 0 0
50.136 0x00 idle 0 0 0 0 0 0.0 0.0 100 10.0 0 0 0
50.171 0x00 idle 0 0 0 0 0 0.0 0.0 100 10.0 0 0 0
50.209 0x00 idle 0 0 0 0 0 0.0 0.0 100 10.0 0 0 0
50.247 0x00 idle 0 0 0 0 0 0.0 0.0 100 10.0 0 0 0
50.290 0x00 idle 0 0 0 0 0 0.0 0.0 100 10.0 0 0 0
50.332 0x00 idle 0 0 0 0 0 0.0 0.0 100 10.0 0 0 0
50.370 0x00 idle 0 0 0 0 0 0.0 0.0 100 10.0 0 0 0
50.415 0x00 idle 0 0 0 0 0 0.0 0.0 100 10.0 0 0 0
50.451 0x00 idle 0 0 0 0 0 0.0 0.0 100 10.0 0 0 0
50.489 0x00 idle 0 0 0 0 0 0.0 0.0 100 10.0 0 0 0
50.532 0x00 idle 0 0 0 0 0 0.0 0.0 100 10.0 0 0 0
50.568 0x00 idle 0 0 0 0 0 0.0 0.0 100 10.0 0 0 0
50.614 0x00 idle 0 0 0 0 0 0.0 0.0 100 10.0 0 0 0
50.651 0x00 idle 0 0 0 0 0 0.0 0.0 100 10.0 0 0 0
50.693 0x00 idle 0 0 0 0 0 0.0 0.0 100 10.0 0 0 0
50.727 0x00 idle 0 0 0 0 0 0.0 0.0 100 10.0 0 0 0
50.769 0x00 idle 0 0 0 0 0 0.0 0.0 100 10.0 0 0 0
50.809 0x00 idle 0 0 0 0 0 0.0 0.0 100 10.0 0 0 0
50.848 0x00 idle 0 0 0 0 0 0.0 0.0 100 10.0 0 0 0
50.890 0x00 idle 0 0 0 0 0 0.0 0.0 100 10.0 0 0 0
50.929 0x00 idle 0 0 0 0 0 0.0 0.0 100 10.0 0 0 0
50.979 0x00 idle 0 0 0 0 0 0.0 0.0 100 10.0 0 0 0
51.012 0x00 idle 0 0 0 0 0 0.0 0.0 100 10.0 0 0 0
51.052 0x00 idle 0 0 0 0 0 0.0 0.0 100 10.0 0 0 0
51.088 0x00 idle 0 0 0 0 0 0.0 0.0 100 10.0 0 0 0
51.131 0x00 idle 0 0 0 0 0 0.0 0.0 100 10.0 0 0 0
51.169 0x00 idle 0 0 0 0 0 0.0 0.0 100 10.0 0 0 0
51.211 0x00 idle 0 0 0 0 0 0.0 0.0 100 10.0 0 0 0
51.254 0x00 idle 0 0 0 0 0 0.0 0.0 100 10.0 0 0 0
51.287 0x00 idle 0 0 0 0 0 0.0 0.0 100 10.0 0 0 0
51.332 0x00 idle 0 0 0 0 0 0.0 0.0 100 10.0 0 0 0
51.375 0x00 idle 0 0 0 0 0 0.0 0.0 100 10.0 0 0 0
51.410 0x00 idle 0 0 0 0 0 0.0 0.0 100 10.0 0 0 0
51.460 0x00 idle 0 0 0 0 0 0.0 0.0 100 10.0 0 0 0
51.497 0x00 idle 0 0 0 0 0 0.0 0.0 100 10.0 0 0 0
51.540 0x00 idle 0 0 0 0 0 0.0 0.0 100 10.0 0 0 0
51.569 0x00 idle 0 0 0 0 0 0.0 0.0 100 10.0 0 0 0
51.610 0x00 idle 0 0 0 0 0 0.0 0.0 100 10.0 0 0 0
51.649 0x00 idle 0 0 0 0 0 0.0 0.0 100 10.0 0 0 0
51.691 0x00 idle 0 0 0 0 0 0.0 0.0 100 10.0 0 0 0
51.729 0x00 idle 0 0 0 0 0 0.0 0.0 100 10.0 0 0 0
51.771 0x00 idle 0 0 0 0 0 0.0 0.0 100 10.0 0 0 0
51.811 0x00 idle 0 0 0 0 0 0.0 0.0 100 10.0 0 0 0
51.850 0x00 idle 0 0 0 0 0 0.0 0.0 100 10.0 0 0 0
51.897 0x00 idle 0 0 0 0 0 0.0 0.0 100 10.0 0 0 0
51.930 0x00 idle 0 0 0 0 0 0.0 0.0 100 10.0 0 0 0
51.968 0x00 idle 0 0 0 0 0 0.0 0.0 100 10.0 0 0 0
52.009 0x00 idle 0 0 0 0 0 0.0 0.0 100 10.0 0 0 0
52.051 0x00 idle 0 0 0 0 0 0.0 0.0 100 10.0 0 0 0
52.096 0x00 idle 0 0 0 0 0 0.0 0.0 100 10.0 0 0 0
52.128 0x00 idle 0 0 0 0 0 0.0 0.0 100 10.0 0 0 0
52.172 0x00 idle 0 0 0 0 0 0.0 0.0 100 10.0 0 0 0
52.213 0x00 idle 0 0 0 0 0 0.0 0.0 100 10.0 0 0 0
52.249 0x00 idle 0 0 0 0 0 0.0 0.0 100 10.0 0 0 0
52.292 0x00 idle 0 0 0 0 0 0.0 0.0 100 10.0 0 0 0
52.334 0x00 idle 0 0 0 0 0 0.0 0.0 100 10.0 0 0 0
52.374 0x00 idle 0 0 0 0 0 0.0 0.0 100 10.0 0 0 0
52.409 0x00 idle 0 0 0 0 0 0.0 0.0 100 10.0 0 0 0
52.450 0x00 idle 0 0 0 0 0 0.0 0.0 100 10.0 0 0 0
52.490 0x00 idle 0 0 0 0 0 0.0 0.0 100 10.0 0 0 0
52.528 0x00 idle 0 0 0 0 0 0.0 0.0 100 10.0 0 0 0
52.567 0x00 idle 0 0 0 0 0 0.0 0.0 100 10.0 0 0 0
52.608 0x00 idle 0 0 0 0 0 0.0 0.0 100 10.0 0 0 0
52.654 0x00 idle 0 0 0 0 0 0.0 0.0 100 10.0 0 0 0
52.689 0x00 idle 0 0 0 0 0 0.0 0.0 100 10.0 0 0 0
52.727 0x00 idle 0 0 0 0 0 0.0 0.0 100 10.0 0 0 0
52.768 0x00 idle 0 0 0 0 0 0.0 0.0 100 10.0 0 0 0
52.809 0x00 idle 0 0 0 0 0 0.0 0.0 100 10.0 0 0 0
52.853 0x00 idle 0 0 0 0 0 0.0 0.0 100 10.0 0 0 0
52.888 0x00 idle 0 0 0 0 0 0.0 0.0 100 10.0 0 0 0
52.930 0x00 idle 0 0 0 0 0 0.0 0.0 100 10.0 0 0 0
52.975 0x00 idle 0 0 0 0 0 0.0 0.0 100 10.0 0 0 0
53.013 0x00 idle 0 0 0 0 0 0.0 0.0 100 10.0 0 0 0
53.060 0x00 idle 0 0 0 0 0 0.0 0.0 100 10.0 0 0 0
53.089 0x00 idle 0 0 0 0 0 0.0 0.0 100 10.0 0 0 0
53.128 0x00 idle 0 0 0 0 0 0.0 0.0 100 10.0 0 0 0
53.169 0x00 idle 0 0 0 0 0 0.0 0.0 100 10.0 0 0 0
53.209 0x00 idle 0 0 0 0 0 0.0 0.0 100 10.0 0 0 0
53.249 0x00 idle 0 0 0 0 0 0.0 0.0 100 10.0 0 0 0
53.290 0x00 idle 0 0 0 0 0 0.0 0.0 100 10.0 0 0 0
53.330 0x00 idle 0 0 0 0 0 0.0 0.0 100 10.0 0 0 0
53.368 0x00 idle 0 0 0 0 0 0.0 0.0 100 10.0 0 0 0
53.408 0x00 idle 0 0 0 0 0 0.0 0.0 100 10.0 0 0 0
53.456 0x00 idle 0 0 0 0 0 0.0 0.0 100 10.0 0 0 0
53.492 0x00 idle 0 0 0 0 0 0.0 0.0 100 10.0 0 0 0
53.534 0x00 idle 0 0 0 0 0 0.0 0.0 100 10.0 0 0 0
53.567 0x00 idle 0 0 0 0 0 0.0 0.0 100 10.0 0 0 0
53.611 0x00 idle 0 0 0 0 0 0.0 0.0 100 10.0 0 0 0

[tcp_trajectory]
elapsed_s x_m y_m z_m qx qy qz qw speed_m_s tf_stamp_s along_mm remaining_mm cross_track_mm progress waypoint phase
0.0010 0.0451189 -1.7158113 0.6767482 -0.44012066 0.63061985 -0.53077781 -0.35621247 0.000000 1789441105.949987173 -0.058 178.726 0.954 0.00000 -1 ACTUAL_TF
0.0123 0.0450265 -1.7158405 0.6765111 -0.44010847 0.63060446 -0.53081304 -0.35620229 0.004571 1789441106.006031990 -0.086 178.754 0.699 0.00000 -1 ACTUAL_TF
0.0675 0.0449215 -1.7158440 0.6762767 -0.44010257 0.63060346 -0.53082333 -0.35619600 0.004574 1789441106.062069654 -0.087 178.756 0.444 0.00000 -1 ACTUAL_TF
0.1293 0.0448873 -1.7158480 0.6761809 -0.44010179 0.63059965 -0.53083339 -0.35618872 0.003742 1789441106.118661880 -0.091 178.759 0.343 0.00000 -1 ACTUAL_TF
0.1809 0.0448787 -1.7158531 0.6761711 -0.44009827 0.63059904 -0.53083691 -0.35618890 0.002695 1789441106.174190760 -0.096 178.764 0.332 0.00000 -1 ACTUAL_TF
0.2396 0.0448451 -1.7157997 0.6761517 -0.44010688 0.63061184 -0.53081333 -0.35619075 0.002241 1789441106.230105877 -0.041 178.710 0.306 0.00000 -1 ACTUAL_TF
0.3017 0.0448072 -1.7157538 0.6761352 -0.44010758 0.63062742 -0.53078928 -0.35619814 0.001894 1789441106.286996603 0.006 178.663 0.287 0.00000 -1 ACTUAL_TF
0.3509 0.0447845 -1.7157232 0.6761241 -0.44010993 0.63063650 -0.53077433 -0.35620143 0.001542 1789441106.342025757 0.037 178.631 0.276 0.00000 -1 ACTUAL_TF
0.4061 0.0447562 -1.7156842 0.6761135 -0.44011332 0.63064759 -0.53075583 -0.35620517 0.001344 1789441106.398071527 0.077 178.591 0.268 0.00000 -1 ACTUAL_TF
0.4559 0.0447487 -1.7156518 0.6761136 -0.44011839 0.63065341 -0.53074448 -0.35620552 0.001118 1789441106.454180479 0.110 178.559 0.269 0.00000 -1 ACTUAL_TF
0.5152 0.0447372 -1.7156095 0.6761030 -0.44012764 0.63066043 -0.53072931 -0.35620427 0.001025 1789441106.510038137 0.153 178.516 0.260 0.00000 -1 ACTUAL_TF
0.5732 0.0447278 -1.7155448 0.6760855 -0.44014333 0.63066959 -0.53070772 -0.35620083 0.001077 1789441106.566516399 0.217 178.451 0.244 0.00000 -1 ACTUAL_TF
0.6312 0.0447203 -1.7154706 0.6760719 -0.44015995 0.63067479 -0.53068850 -0.35619972 0.001163 1789441106.622090816 0.292 178.377 0.232 0.00000 -1 ACTUAL_TF
0.6922 0.0447115 -1.7153824 0.6760794 -0.44017214 0.63066131 -0.53068588 -0.35621243 0.001290 1789441106.678197384 0.380 178.288 0.240 0.00000 -1 ACTUAL_TF
0.7392 0.0447065 -1.7153008 0.6760931 -0.44018239 0.63064643 -0.53068628 -0.35622551 0.001347 1789441106.734202862 0.462 178.206 0.252 0.00000 -1 ACTUAL_TF
0.7985 0.0447075 -1.7151771 0.6761021 -0.44018509 0.63063818 -0.53069302 -0.35622675 0.001608 1789441106.790160894 0.586 178.083 0.258 0.00000 -1 ACTUAL_TF
0.8493 0.0447141 -1.7150433 0.6761058 -0.44016656 0.63064890 -0.53070637 -0.35621078 0.001845 1789441106.846035719 0.719 177.949 0.258 0.00000 -1 ACTUAL_TF
0.9093 0.0447123 -1.7149363 0.6761272 -0.44016029 0.63063544 -0.53072081 -0.35622084 0.001876 1789441106.902048826 0.826 177.842 0.277 0.00000 -1 ACTUAL_TF
0.9714 0.0447238 -1.7147826 0.6761305 -0.44014901 0.63064191 -0.53073178 -0.35620696 0.002138 1789441106.958112478 0.980 177.689 0.276 0.00000 -1 ACTUAL_TF
1.0215 0.0447196 -1.7146513 0.6761431 -0.44013841 0.63063955 -0.53074377 -0.35620640 0.002204 1789441107.014050245 1.111 177.557 0.287 0.00000 -1 ACTUAL_TF
1.0706 0.0447255 -1.7144924 0.6761621 -0.44012596 0.63063296 -0.53076282 -0.35620506 0.002397 1789441107.070338488 1.270 177.399 0.303 0.00000 -1 ACTUAL_TF
1.1288 0.0447251 -1.7143432 0.6761624 -0.44012309 0.63063667 -0.53076627 -0.35619689 0.002480 1789441107.126114130 1.419 177.250 0.301 0.00000 -1 ACTUAL_TF
1.1909 0.0447258 -1.7141716 0.6761775 -0.44011639 0.63063010 -0.53077839 -0.35619874 0.002660 1789441107.182057381 1.591 177.078 0.314 0.00000 -1 ACTUAL_TF
1.2430 0.0447282 -1.7140373 0.6761884 -0.44010271 0.63063135 -0.53079101 -0.35619463 0.002583 1789441107.238139868 1.725 176.944 0.324 0.00000 -1 ACTUAL_TF
1.3068 0.0447378 -1.7138643 0.6761968 -0.44009837 0.63062913 -0.53080119 -0.35618874 0.002732 1789441107.294507742 1.897 176.771 0.331 0.00000 -1 ACTUAL_TF
1.3569 0.0447511 -1.7137034 0.6762111 -0.44009374 0.63062165 -0.53081479 -0.35618744 0.002788 1789441107.350023985 2.058 176.611 0.345 0.00000 -1 ACTUAL_TF
1.4174 0.0447495 -1.7135485 0.6762088 -0.44009263 0.63062687 -0.53081431 -0.35618029 0.002778 1789441107.406229496 2.212 176.456 0.341 0.00000 -1 ACTUAL_TF
1.4685 0.0447540 -1.7133750 0.6762223 -0.44008418 0.63062294 -0.53082654 -0.35617946 0.002880 1789441107.462098598 2.386 176.283 0.354 0.00000 -1 ACTUAL_TF
1.5208 0.0447569 -1.7132156 0.6762269 -0.44008456 0.63062098 -0.53083103 -0.35617576 0.002871 1789441107.518037319 2.545 176.124 0.359 0.00000 -1 ACTUAL_TF
1.5852 0.0447579 -1.7130383 0.6762392 -0.44007591 0.63061850 -0.53084113 -0.35617579 0.002961 1789441107.574115992 2.722 175.946 0.370 0.00000 -1 ACTUAL_TF
1.6353 0.0447639 -1.7128864 0.6762468 -0.44007671 0.63061349 -0.53084732 -0.35617444 0.002888 1789441107.630129576 2.874 175.795 0.379 0.00000 -1 ACTUAL_TF
1.6911 0.0447699 -1.7127084 0.6762658 -0.44006697 0.63060577 -0.53086408 -0.35617518 0.002977 1789441107.686332226 3.052 175.617 0.398 0.00000 -1 ACTUAL_TF
1.7486 0.0447712 -1.7125515 0.6762754 -0.44006540 0.63060068 -0.53087097 -0.35617585 0.002932 1789441107.741936684 3.208 175.460 0.408 0.00000 -1 ACTUAL_TF
1.8068 0.0447638 -1.7123579 0.6762941 -0.44005337 0.63059525 -0.53088409 -0.35618079 0.003093 1789441107.798052788 3.402 175.266 0.424 0.00000 -1 ACTUAL_TF
1.8554 0.0447653 -1.7121610 0.6763029 -0.44005126 0.63059202 -0.53089084 -0.35617904 0.003219 1789441107.854155779 3.599 175.069 0.433 0.00000 -1 ACTUAL_TF
1.9167 0.0447634 -1.7119895 0.6763186 -0.44004466 0.63058526 -0.53090159 -0.35618314 0.003178 1789441107.910019159 3.771 174.898 0.448 0.00000 -1 ACTUAL_TF
1.9700 0.0447548 -1.7117895 0.6763262 -0.44004000 0.63058201 -0.53090767 -0.35618558 0.003298 1789441107.966029882 3.971 174.698 0.453 0.00000 -1 ACTUAL_TF
2.0296 0.0447576 -1.7116274 0.6763364 -0.44002966 0.63057669 -0.53092283 -0.35618518 0.003175 1789441108.022257805 4.133 174.536 0.464 0.00000 -1 ACTUAL_TF
2.0801 0.0447446 -1.7114107 0.6763437 -0.44002393 0.63057496 -0.53092863 -0.35618668 0.003392 1789441108.077971697 4.350 174.319 0.468 0.00000 -1 ACTUAL_TF
2.1420 0.0447373 -1.7112322 0.6763520 -0.44001437 0.63057131 -0.53094032 -0.35618753 0.003331 1789441108.134065628 4.529 174.140 0.474 0.00000 -1 ACTUAL_TF
2.1953 0.0447314 -1.7110006 0.6763389 -0.44001568 0.63057464 -0.53094025 -0.35618012 0.003571 1789441108.190214396 4.760 173.908 0.460 0.00000 -1 ACTUAL_TF
2.2613 0.0447309 -1.7107623 0.6763245 -0.44001728 0.63057602 -0.53094242 -0.35617246 0.003780 1789441108.246172190 4.998 173.670 0.446 0.00000 -1 ACTUAL_TF
2.3121 0.0447175 -1.7105751 0.6763142 -0.44001494 0.63057592 -0.53094361 -0.35617376 0.003656 1789441108.302008390 5.186 173.483 0.433 0.00000 -1 ACTUAL_TF
2.3624 0.0447013 -1.7103197 0.6762670 -0.44002908 0.63059030 -0.53092345 -0.35616089 0.003954 1789441108.357969284 5.441 173.227 0.384 0.00000 -1 ACTUAL_TF
2.4193 0.0446939 -1.7101169 0.6762443 -0.44003436 0.63059340 -0.53091934 -0.35615500 0.003860 1789441108.414060354 5.644 173.025 0.360 0.00000 -1 ACTUAL_TF
2.4805 0.0446688 -1.7098541 0.6762015 -0.44004589 0.63060313 -0.53090241 -0.35614876 0.004134 1789441108.470075607 5.907 172.762 0.313 0.00000 -1 ACTUAL_TF
2.5292 0.0446526 -1.7096630 0.6761852 -0.44004775 0.63060293 -0.53089955 -0.35615107 0.003923 1789441108.526198864 6.098 172.570 0.293 0.00000 -1 ACTUAL_TF
2.5877 0.0446356 -1.7094016 0.6761636 -0.44005825 0.63060298 -0.53089191 -0.35614941 0.004158 1789441108.582036257 6.360 172.308 0.268 0.00000 -1 ACTUAL_TF
2.6424 0.0446230 -1.7092183 0.6761596 -0.44005067 0.63060370 -0.53089643 -0.35615075 0.003893 1789441108.638184071 6.544 172.125 0.261 0.00000 -1 ACTUAL_TF
2.7043 0.0446125 -1.7089778 0.6761396 -0.44005507 0.63060896 -0.53088960 -0.35614619 0.004021 1789441108.694123030 6.784 171.884 0.239 0.00000 -1 ACTUAL_TF
2.7552 0.0445975 -1.7087559 0.6761352 -0.44005402 0.63060653 -0.53089261 -0.35614729 0.004005 1789441108.750148535 7.006 171.662 0.231 0.00000 -1 ACTUAL_TF
2.8187 0.0445866 -1.7085572 0.6761240 -0.44005227 0.63061022 -0.53089094 -0.35614541 0.003867 1789441108.806395054 7.205 171.463 0.218 0.00000 -1 ACTUAL_TF
2.8664 0.0445593 -1.7083278 0.6761105 -0.44005352 0.63061184 -0.53088521 -0.35614955 0.003952 1789441108.862172127 7.436 171.233 0.198 0.00000 -1 ACTUAL_TF
2.9315 0.0445472 -1.7081265 0.6760933 -0.44005576 0.63061550 -0.53088232 -0.35614460 0.003851 1789441108.918124437 7.637 171.032 0.178 0.00000 -1 ACTUAL_TF
2.9762 0.0445248 -1.7078924 0.6760734 -0.44006114 0.63062019 -0.53087243 -0.35614439 0.003962 1789441108.974029779 7.872 170.797 0.154 0.00000 -1 ACTUAL_TF
3.0313 0.0445098 -1.7077165 0.6760696 -0.44005754 0.63061833 -0.53087464 -0.35614886 0.003720 1789441109.029997587 8.048 170.621 0.147 0.00000 -1 ACTUAL_TF
3.0918 0.0445005 -1.7074899 0.6760541 -0.44006013 0.63062074 -0.53087299 -0.35614384 0.003818 1789441109.086172104 8.274 170.394 0.130 0.00000 -1 ACTUAL_TF
3.1472 0.0444885 -1.7073016 0.6760492 -0.44005855 0.63061863 -0.53087463 -0.35614708 0.003686 1789441109.142035007 8.463 170.206 0.122 0.00000 -1 ACTUAL_TF
3.2083 0.0444735 -1.7070745 0.6760420 -0.44005559 0.63062340 -0.53087270 -0.35614517 0.003800 1789441109.198050022 8.690 169.978 0.112 0.00000 -1 ACTUAL_TF
3.2586 0.0444664 -1.7068552 0.6760413 -0.44005777 0.63061582 -0.53087709 -0.35614935 0.003835 1789441109.254061460 8.910 169.759 0.110 0.00000 -1 ACTUAL_TF
3.3247 0.0444600 -1.7066756 0.6760307 -0.44006271 0.63062019 -0.53087064 -0.35614512 0.003649 1789441109.310085773 9.090 169.579 0.098 0.00000 -1 ACTUAL_TF
3.3731 0.0444448 -1.7064677 0.6760359 -0.44005426 0.63061438 -0.53087890 -0.35615354 0.003671 1789441109.366058826 9.298 169.371 0.100 0.00000 -1 ACTUAL_TF
3.4280 0.0444268 -1.7062760 0.6760315 -0.44005544 0.63061614 -0.53087442 -0.35615565 0.003603 1789441109.421991348 9.490 169.178 0.094 0.00000 -1 ACTUAL_TF
3.4841 0.0444203 -1.7060589 0.6760339 -0.44005721 0.63060905 -0.53087885 -0.35615942 0.003684 1789441109.478051186 9.707 168.961 0.095 0.00000 -1 ACTUAL_TF
3.5391 0.0444230 -1.7058706 0.6760389 -0.44005406 0.63060506 -0.53088603 -0.35615967 0.003588 1789441109.534080505 9.895 168.773 0.098 0.00000 -1 ACTUAL_TF
3.5920 0.0444256 -1.7056556 0.6760359 -0.44005253 0.63060487 -0.53089010 -0.35615581 0.003663 1789441109.590088606 10.110 168.559 0.094 0.00000 -1 ACTUAL_TF
3.6526 0.0444229 -1.7054605 0.6760269 -0.44006390 0.63060109 -0.53088565 -0.35615511 0.003608 1789441109.646240711 10.305 168.364 0.084 0.00000 -1 ACTUAL_TF
3.7111 0.0444230 -1.7052446 0.6760140 -0.44006242 0.63060987 -0.53088319 -0.35614506 0.003687 1789441109.702082157 10.521 168.148 0.073 0.00000 -1 ACTUAL_TF
3.7595 0.0444120 -1.7050227 0.6760102 -0.44006254 0.63061270 -0.53088115 -0.35614293 0.003772 1789441109.758049965 10.743 167.926 0.067 0.00000 -1 ACTUAL_TF
3.8208 0.0443970 -1.7048307 0.6759941 -0.44006793 0.63062223 -0.53086844 -0.35613834 0.003676 1789441109.814026833 10.935 167.734 0.047 0.00000 -1 ACTUAL_TF
3.8704 0.0443863 -1.7045940 0.6759850 -0.44007071 0.63062554 -0.53086436 -0.35613513 0.003842 1789441109.870092392 11.172 167.497 0.036 0.00000 -1 ACTUAL_TF
3.9276 0.0443839 -1.7044202 0.6759876 -0.44006311 0.63062669 -0.53087047 -0.35613339 0.003623 1789441109.925951958 11.346 167.323 0.040 0.00000 -1 ACTUAL_TF
3.9829 0.0443687 -1.7041954 0.6759843 -0.44006374 0.63062898 -0.53086683 -0.35613397 0.003742 1789441109.981993675 11.571 167.098 0.032 0.00000 -1 ACTUAL_TF
4.0399 0.0443689 -1.7040151 0.6759825 -0.44006451 0.63062856 -0.53086837 -0.35613146 0.003585 1789441110.038045645 11.751 166.918 0.033 0.00000 -1 ACTUAL_TF
4.0999 0.0443629 -1.7037985 0.6759852 -0.44006045 0.63062847 -0.53087210 -0.35613107 0.003670 1789441110.094078541 11.968 166.701 0.035 0.00000 -1 ACTUAL_TF
4.1623 0.0443489 -1.7036093 0.6759743 -0.44006478 0.63063426 -0.53086369 -0.35612801 0.003585 1789441110.150155544 12.157 166.511 0.022 0.00000 -1 ACTUAL_TF
4.2102 0.0443426 -1.7033781 0.6759814 -0.44006336 0.63063175 -0.53086714 -0.35612907 0.003750 1789441110.206128836 12.388 166.280 0.027 0.00000 -1 ACTUAL_TF
4.2664 0.0443297 -1.7031580 0.6759813 -0.44006104 0.63063320 -0.53086693 -0.35612968 0.003806 1789441110.262119770 12.609 166.060 0.022 0.00000 -1 ACTUAL_TF
4.3272 0.0443324 -1.7029789 0.6759761 -0.44006049 0.63063682 -0.53086756 -0.35612302 0.003615 1789441110.318660021 12.788 165.881 0.028 0.00000 -1 ACTUAL_TF
4.3797 0.0443234 -1.7027521 0.6759784 -0.44006764 0.63063306 -0.53086378 -0.35612646 0.003757 1789441110.374166489 13.015 165.654 0.027 0.00000 -1 ACTUAL_TF
4.4478 0.0443344 -1.7025813 0.6759792 -0.44006484 0.63063255 -0.53087043 -0.35612093 0.003547 1789441110.430146217 13.185 165.484 0.044 0.00000 -1 ACTUAL_TF
4.5001 0.0443187 -1.7023664 0.6759854 -0.44006194 0.63063167 -0.53087202 -0.35612370 0.003640 1789441110.486082554 13.400 165.268 0.038 0.00000 -1 ACTUAL_TF
4.5514 0.0443129 -1.7021669 0.6759926 -0.44006497 0.63062268 -0.53087697 -0.35612848 0.003614 1789441110.542255640 13.600 165.069 0.042 0.00000 -1 ACTUAL_TF
4.6046 0.0443059 -1.7019429 0.6759862 -0.44007127 0.63062720 -0.53086953 -0.35612378 0.003736 1789441110.598006010 13.824 164.845 0.041 0.00000 -1 ACTUAL_TF
4.6720 0.0442931 -1.7017310 0.6759961 -0.44006823 0.63062041 -0.53087480 -0.35613170 0.003751 1789441110.654152632 14.036 164.632 0.039 0.00000 -1 ACTUAL_TF
4.7204 0.0442874 -1.7015651 0.6759987 -0.44006570 0.63062130 -0.53087499 -0.35613297 0.003513 1789441110.710305929 14.202 164.466 0.040 0.00000 -1 ACTUAL_TF
4.7728 0.0442687 -1.7013473 0.6760059 -0.44006695 0.63061726 -0.53087453 -0.35613928 0.003630 1789441110.766294003 14.421 164.248 0.034 0.00000 -1 ACTUAL_TF
4.8342 0.0442610 -1.7011735 0.6760057 -0.44006434 0.63062092 -0.53087323 -0.35613795 0.003475 1789441110.822201729 14.595 164.074 0.032 0.00000 -1 ACTUAL_TF
4.8817 0.0442448 -1.7009454 0.6760171 -0.44006519 0.63061377 -0.53087435 -0.35614790 0.003662 1789441110.878074646 14.823 163.845 0.035 0.00000 -1 ACTUAL_TF
4.9394 0.0442427 -1.7007594 0.6760097 -0.44007262 0.63061754 -0.53086718 -0.35614273 0.003561 1789441110.934068918 15.009 163.659 0.031 0.00000 -1 ACTUAL_TF
4.9948 0.0442302 -1.7005516 0.6760193 -0.44006566 0.63061359 -0.53087473 -0.35614705 0.003611 1789441110.989981174 15.217 163.451 0.034 0.00000 -1 ACTUAL_TF
5.0573 0.0442151 -1.7003862 0.6760373 -0.44005565 0.63060900 -0.53088240 -0.35615613 0.003423 1789441111.045937300 15.383 163.285 0.046 0.00000 -1 ACTUAL_TF
5.1057 0.0442117 -1.7001612 0.6760314 -0.44006440 0.63061175 -0.53087498 -0.35615152 0.003600 1789441111.102034092 15.608 163.060 0.040 0.00000 -1 ACTUAL_TF
5.1694 0.0442018 -1.6999423 0.6760268 -0.44006379 0.63061959 -0.53086977 -0.35614617 0.003687 1789441111.158412933 15.827 162.841 0.033 0.00000 -1 ACTUAL_TF
5.2246 0.0442053 -1.6997599 0.6760341 -0.44006072 0.63061718 -0.53087744 -0.35614278 0.003561 1789441111.214279413 16.010 162.659 0.043 0.00000 -1 ACTUAL_TF
5.2752 0.0442025 -1.6995388 0.6760298 -0.44006609 0.63062083 -0.53087152 -0.35613851 0.003685 1789441111.269920111 16.231 162.438 0.042 0.00000 -1 ACTUAL_TF
5.3360 0.0441946 -1.6993358 0.6760093 -0.44008099 0.63062919 -0.53085557 -0.35612907 0.003670 1789441111.326080799 16.434 162.235 0.031 0.00000 -1 ACTUAL_TF
5.3849 0.0441977 -1.6991334 0.6760166 -0.44007695 0.63062813 -0.53086019 -0.35612904 0.003655 1789441111.382056475 16.636 162.033 0.043 0.00000 -1 ACTUAL_TF
5.4512 0.0441789 -1.6989465 0.6760153 -0.44007960 0.63063036 -0.53085292 -0.35613266 0.003563 1789441111.438161850 16.823 161.845 0.031 0.00000 -1 ACTUAL_TF
5.5008 0.0441700 -1.6987330 0.6760155 -0.44008267 0.63063143 -0.53084945 -0.35613214 0.003642 1789441111.493984938 17.037 161.632 0.030 0.00000 -1 ACTUAL_TF
5.5683 0.0441617 -1.6985518 0.6760152 -0.44008509 0.63063260 -0.53084595 -0.35613231 0.003522 1789441111.549965858 17.218 161.450 0.028 0.00000 -1 ACTUAL_TF
5.6162 0.0441482 -1.6983364 0.6760175 -0.44008296 0.63063555 -0.53084347 -0.35613340 0.003618 1789441111.606114626 17.434 161.235 0.023 0.00000 -1 ACTUAL_TF
5.6660 0.0441340 -1.6981160 0.6760220 -0.44008102 0.63063661 -0.53084325 -0.35613426 0.003719 1789441111.661983252 17.655 161.014 0.019 0.00000 -1 ACTUAL_TF
5.7265 0.0441204 -1.6979225 0.6760162 -0.44009091 0.63063817 -0.53083342 -0.35613393 0.003644 1789441111.717932940 17.849 160.820 0.011 0.00000 -1 ACTUAL_TF
5.7785 0.0441136 -1.6977244 0.6760256 -0.44008380 0.63063769 -0.53083938 -0.35613467 0.003611 1789441111.774089336 18.047 160.622 0.014 0.00000 -1 ACTUAL_TF
5.8408 0.0440900 -1.6975426 0.6760191 -0.44008320 0.63064386 -0.53083170 -0.35613595 0.003511 1789441111.830074072 18.229 160.439 0.005 0.00000 -1 ACTUAL_TF
5.8891 0.0440778 -1.6973267 0.6760219 -0.44008027 0.63064425 -0.53083289 -0.35613707 0.003617 1789441111.886031866 18.446 160.223 0.009 0.00000 -1 ACTUAL_TF
5.9465 0.0440596 -1.6971354 0.6760242 -0.44007761 0.63064702 -0.53083162 -0.35613737 0.003563 1789441111.941901207 18.637 160.031 0.020 0.00000 -1 ACTUAL_TF
6.0117 0.0440447 -1.6969256 0.6760301 -0.44007511 0.63064426 -0.53083412 -0.35614162 0.003619 1789441111.998026848 18.848 159.821 0.027 0.00000 -1 ACTUAL_TF
6.0623 0.0440382 -1.6967343 0.6760260 -0.44007949 0.63064517 -0.53083141 -0.35613863 0.003559 1789441112.054033518 19.039 159.629 0.025 0.00000 -1 ACTUAL_TF
6.1232 0.0440343 -1.6965455 0.6760451 -0.44006808 0.63063597 -0.53084534 -0.35614826 0.003509 1789441112.109983444 19.228 159.440 0.028 0.00000 -1 ACTUAL_TF
6.1773 0.0440148 -1.6963065 0.6760351 -0.44007301 0.63064342 -0.53083437 -0.35614532 0.003740 1789441112.166094780 19.468 159.201 0.033 0.00000 -1 ACTUAL_TF
6.2239 0.0440135 -1.6961338 0.6760429 -0.44007045 0.63063785 -0.53084094 -0.35614855 0.003543 1789441112.222166061 19.640 159.028 0.029 0.00000 -1 ACTUAL_TF
6.2816 0.0440017 -1.6959102 0.6760451 -0.44007012 0.63063757 -0.53084114 -0.35614918 0.003680 1789441112.278112173 19.864 158.804 0.032 0.00000 -1 ACTUAL_TF
6.3425 0.0439922 -1.6957418 0.6760510 -0.44006321 0.63063664 -0.53084535 -0.35615307 0.003477 1789441112.334311008 20.033 158.636 0.036 0.00000 -1 ACTUAL_TF
6.4009 0.0439856 -1.6955345 0.6760603 -0.44006151 0.63063043 -0.53085050 -0.35615850 0.003553 1789441112.389972210 20.240 158.428 0.039 0.00000 -1 ACTUAL_TF
6.4468 0.0439951 -1.6953558 0.6760669 -0.44006488 0.63062206 -0.53085841 -0.35615736 0.003445 1789441112.446028948 20.419 158.250 0.031 0.00000 -1 ACTUAL_TF
6.5097 0.0439884 -1.6951264 0.6760728 -0.44006624 0.63062045 -0.53085908 -0.35615753 0.003641 1789441112.502069712 20.648 158.020 0.033 0.00000 -1 ACTUAL_TF
6.5602 0.0439896 -1.6949525 0.6760725 -0.44006916 0.63061856 -0.53085975 -0.35615628 0.003482 1789441112.557971001 20.822 157.847 0.029 0.00000 -1 ACTUAL_TF
6.6273 0.0439920 -1.6947223 0.6760685 -0.44007757 0.63061812 -0.53085706 -0.35615067 0.003664 1789441112.614269972 21.052 157.617 0.024 0.00000 -1 ACTUAL_TF
6.6780 0.0439897 -1.6945033 0.6760636 -0.44007877 0.63062301 -0.53085436 -0.35614456 0.003744 1789441112.670017719 21.271 157.398 0.020 0.00000 -1 ACTUAL_TF
6.7336 0.0439792 -1.6943212 0.6760578 -0.44008646 0.63062347 -0.53084625 -0.35614631 0.003596 1789441112.726184368 21.453 157.216 0.012 0.00000 -1 ACTUAL_TF
6.7987 0.0439714 -1.6941049 0.6760563 -0.44008408 0.63062785 -0.53084473 -0.35614377 0.003679 1789441112.782056332 21.669 156.999 0.011 0.00000 -1 ACTUAL_TF
6.8497 0.0439704 -1.6939164 0.6760472 -0.44008967 0.63063562 -0.53083582 -0.35613639 0.003585 1789441112.838115692 21.858 156.811 0.017 0.00000 -1 ACTUAL_TF
6.9029 0.0439715 -1.6937019 0.6760454 -0.44009171 0.63063714 -0.53083585 -0.35613113 0.003657 1789441112.894212008 22.072 156.597 0.027 0.00000 -1 ACTUAL_TF
6.9604 0.0439659 -1.6935161 0.6760482 -0.44009076 0.63063582 -0.53083682 -0.35613320 0.003559 1789441112.950018644 22.258 156.411 0.028 0.00000 -1 ACTUAL_TF
7.0182 0.0439610 -1.6932960 0.6760455 -0.44009305 0.63063840 -0.53083585 -0.35612724 0.003669 1789441113.006111622 22.478 156.191 0.034 0.00000 -1 ACTUAL_TF
7.0699 0.0439475 -1.6931236 0.6760559 -0.44008565 0.63063446 -0.53084215 -0.35613397 0.003496 1789441113.062101603 22.651 156.018 0.024 0.00000 -1 ACTUAL_TF
7.1218 0.0439394 -1.6929123 0.6760625 -0.44008327 0.63063453 -0.53084310 -0.35613538 0.003582 1789441113.118055820 22.862 155.806 0.024 0.00000 -1 ACTUAL_TF
7.1832 0.0439447 -1.6926890 0.6760532 -0.44008215 0.63064240 -0.53084374 -0.35612188 0.003701 1789441113.174244165 23.085 155.583 0.040 0.00000 -1 ACTUAL_TF
7.2391 0.0439301 -1.6925042 0.6760529 -0.44008838 0.63064217 -0.53083595 -0.35612619 0.003586 1789441113.230112076 23.270 155.398 0.033 0.00000 -1 ACTUAL_TF
7.2936 0.0439240 -1.6922847 0.6760571 -0.44008243 0.63064434 -0.53084176 -0.35612104 0.003681 1789441113.286403656 23.490 155.179 0.035 0.00000 -1 ACTUAL_TF
7.3542 0.0439191 -1.6920874 0.6760443 -0.44009105 0.63065100 -0.53083167 -0.35611364 0.003641 1789441113.342110157 23.687 154.981 0.044 0.00000 -1 ACTUAL_TF
7.4033 0.0439191 -1.6918782 0.6760527 -0.44008681 0.63064794 -0.53083907 -0.35611326 0.003674 1789441113.397932768 23.896 154.772 0.048 0.00000 -1 ACTUAL_TF
7.4628 0.0439089 -1.6917068 0.6760577 -0.44007960 0.63065156 -0.53084088 -0.35611307 0.003490 1789441113.454066515 24.068 154.601 0.043 0.00000 -1 ACTUAL_TF
7.5230 0.0439131 -1.6914942 0.6760698 -0.44007796 0.63064356 -0.53084975 -0.35611604 0.003581 1789441113.510184765 24.280 154.388 0.053 0.00000 -1 ACTUAL_TF
7.5753 0.0438947 -1.6912703 0.6760653 -0.44007765 0.63064747 -0.53084507 -0.35611646 0.003693 1789441113.567060471 24.505 154.164 0.045 0.00000 -1 ACTUAL_TF
7.6265 0.0438749 -1.6910859 0.6760753 -0.44007347 0.63064531 -0.53084695 -0.35612265 0.003597 1789441113.622081280 24.690 153.979 0.031 0.00000 -1 ACTUAL_TF
7.6857 0.0438674 -1.6908772 0.6760826 -0.44007340 0.63064076 -0.53084970 -0.35612671 0.003627 1789441113.678598166 24.899 153.770 0.031 0.00000 -1 ACTUAL_TF
7.7363 0.0438607 -1.6906930 0.6760810 -0.44007788 0.63064022 -0.53084658 -0.35612678 0.003533 1789441113.734209299 25.083 153.586 0.032 0.00000 -1 ACTUAL_TF
7.7967 0.0438549 -1.6904843 0.6760882 -0.44007559 0.63063720 -0.53085078 -0.35612868 0.003596 1789441113.790061712 25.292 153.377 0.034 0.00000 -1 ACTUAL_TF
7.8586 0.0438462 -1.6903049 0.6761014 -0.44007072 0.63062967 -0.53085916 -0.35613555 0.003483 1789441113.845998764 25.472 153.197 0.035 0.00000 -1 ACTUAL_TF
7.9166 0.0438345 -1.6900920 0.6761128 -0.44007268 0.63062049 -0.53086264 -0.35614420 0.003580 1789441113.902088404 25.685 152.984 0.037 0.00000 -1 ACTUAL_TF
7.9625 0.0438155 -1.6899123 0.6761130 -0.44007389 0.63062068 -0.53085943 -0.35614714 0.003476 1789441113.957986116 25.865 152.803 0.028 0.00000 -1 ACTUAL_TF
8.0243 0.0438013 -1.6897041 0.6761255 -0.44006420 0.63061825 -0.53086638 -0.35615308 0.003549 1789441114.014165640 26.074 152.595 0.034 0.00000 -1 ACTUAL_TF
8.0758 0.0437997 -1.6894942 0.6761330 -0.44006320 0.63061435 -0.53087121 -0.35615402 0.003608 1789441114.070237398 26.284 152.385 0.042 0.00000 -1 ACTUAL_TF
8.1364 0.0437864 -1.6892954 0.6761213 -0.44006993 0.63062202 -0.53085956 -0.35614947 0.003595 1789441114.126226664 26.483 152.186 0.027 0.00000 -1 ACTUAL_TF
8.1861 0.0437761 -1.6890822 0.6761260 -0.44006818 0.63062142 -0.53086030 -0.35615160 0.003663 1789441114.182118654 26.696 151.972 0.029 0.00000 -1 ACTUAL_TF
8.2456 0.0437769 -1.6889097 0.6761233 -0.44006519 0.63062657 -0.53086006 -0.35614654 0.003489 1789441114.238081694 26.869 151.800 0.029 0.00000 -1 ACTUAL_TF
8.3084 0.0437695 -1.6887003 0.6761158 -0.44006719 0.63063411 -0.53085297 -0.35614127 0.003566 1789441114.294085026 27.078 151.590 0.022 0.00000 -1 ACTUAL_TF
8.3565 0.0437662 -1.6885113 0.6761131 -0.44006679 0.63063820 -0.53085186 -0.35613619 0.003508 1789441114.350121260 27.267 151.402 0.024 0.00000 -1 ACTUAL_TF
8.4167 0.0437516 -1.6882949 0.6761101 -0.44006738 0.63064326 -0.53084589 -0.35613541 0.003616 1789441114.406213999 27.484 151.185 0.016 0.00000 -1 ACTUAL_TF
8.4696 0.0437415 -1.6880946 0.6761039 -0.44007732 0.63064418 -0.53083771 -0.35613369 0.003609 1789441114.462038040 27.684 150.984 0.014 0.00000 -1 ACTUAL_TF
8.5210 0.0437277 -1.6878912 0.6761134 -0.44007764 0.63063791 -0.53083855 -0.35614313 0.003619 1789441114.518105507 27.888 150.780 0.008 0.00000 -1 ACTUAL_TF
8.5784 0.0437177 -1.6876710 0.6761057 -0.44008505 0.63064272 -0.53082882 -0.35613996 0.003713 1789441114.574145794 28.108 150.560 0.008 0.00000 -1 ACTUAL_TF
8.6441 0.0437122 -1.6875077 0.6761161 -0.44007923 0.63063803 -0.53083717 -0.35614300 0.003478 1789441114.630071163 28.272 150.397 0.007 0.00000 -1 ACTUAL_TF
8.6981 0.0436966 -1.6872749 0.6761151 -0.44008861 0.63063624 -0.53083005 -0.35614518 0.003682 1789441114.686201096 28.505 150.163 0.000 0.00000 -1 ACTUAL_TF
8.7497 0.0436822 -1.6870942 0.6761106 -0.44008714 0.63064281 -0.53082475 -0.35614327 0.003551 1789441114.742076635 28.686 149.982 0.010 0.00000 -1 ACTUAL_TF
8.8023 0.0436643 -1.6868855 0.6761157 -0.44008086 0.63064239 -0.53082735 -0.35614792 0.003608 1789441114.798065901 28.895 149.773 0.017 0.00000 -1 ACTUAL_TF
8.8633 0.0436474 -1.6866886 0.6761081 -0.44008876 0.63064618 -0.53081551 -0.35614910 0.003583 1789441114.854158640 29.093 149.576 0.029 0.00000 -1 ACTUAL_TF
8.9150 0.0436314 -1.6864733 0.6761071 -0.44008982 0.63064944 -0.53080995 -0.35615029 0.003665 1789441114.910135031 29.308 149.360 0.038 0.00000 -1 ACTUAL_TF
8.9804 0.0436255 -1.6862972 0.6761071 -0.44008707 0.63065258 -0.53081061 -0.35614714 0.003510 1789441114.966142893 29.485 149.184 0.037 0.00000 -1 ACTUAL_TF
9.0274 0.0436089 -1.6860599 0.6761054 -0.44009331 0.63065121 -0.53080644 -0.35614807 0.003734 1789441115.022016048 29.722 148.946 0.046 0.00000 -1 ACTUAL_TF
9.0883 0.0436088 -1.6858523 0.6761118 -0.44009164 0.63064924 -0.53081097 -0.35614686 0.003723 1789441115.078201771 29.930 148.739 0.037 0.00000 -1 ACTUAL_TF
9.1363 0.0436028 -1.6856843 0.6761214 -0.44008453 0.63064666 -0.53081788 -0.35614993 0.003511 1789441115.133994102 30.098 148.570 0.033 0.00000 -1 ACTUAL_TF
9.1966 0.0436066 -1.6854650 0.6761273 -0.44008576 0.63064374 -0.53082250 -0.35614670 0.003633 1789441115.190003872 30.317 148.351 0.020 0.00000 -1 ACTUAL_TF
9.2596 0.0435881 -1.6852743 0.6761293 -0.44008746 0.63064307 -0.53081933 -0.35615051 0.003568 1789441115.246119499 30.508 148.160 0.031 0.00000 -1 ACTUAL_TF
9.3069 0.0435825 -1.6850547 0.6761258 -0.44009369 0.63064253 -0.53081634 -0.35614821 0.003674 1789441115.302111387 30.728 147.940 0.030 0.00000 -1 ACTUAL_TF
9.3685 0.0435897 -1.6848737 0.6761348 -0.44009083 0.63063805 -0.53082687 -0.35614400 0.003543 1789441115.358124256 30.909 147.760 0.014 0.00000 -1 ACTUAL_TF
9.4168 0.0435920 -1.6846579 0.6761473 -0.44008835 0.63063174 -0.53083578 -0.35614494 0.003640 1789441115.414060116 31.124 147.544 0.008 0.00000 -1 ACTUAL_TF
9.4767 0.0435920 -1.6844921 0.6761655 -0.44008150 0.63062149 -0.53084811 -0.35615320 0.003441 1789441115.470103979 31.290 147.378 0.024 0.00000 -1 ACTUAL_TF
9.5373 0.0435970 -1.6842662 0.6761671 -0.44008411 0.63062185 -0.53084954 -0.35614720 0.003619 1789441115.526111364 31.516 147.153 0.029 0.00000 -1 ACTUAL_TF
9.5861 0.0435873 -1.6840556 0.6761730 -0.44008025 0.63061957 -0.53085349 -0.35615011 0.003665 1789441115.582043171 31.727 146.942 0.032 0.00000 -1 ACTUAL_TF
9.6485 0.0435718 -1.6838733 0.6761731 -0.44008488 0.63061859 -0.53084775 -0.35615467 0.003544 1789441115.638113022 31.909 146.759 0.027 0.00000 -1 ACTUAL_TF
9.7032 0.0435720 -1.6836679 0.6761758 -0.44006639 0.63063138 -0.53085610 -0.35614244 0.003581 1789441115.694130182 32.115 146.554 0.031 0.00000 -1 ACTUAL_TF
9.7607 0.0435641 -1.6834739 0.6761703 -0.44008179 0.63062866 -0.53084633 -0.35614279 0.003548 1789441115.750062227 32.309 146.360 0.024 0.00000 -1 ACTUAL_TF
9.8102 0.0435505 -1.6832533 0.6761689 -0.44007255 0.63063709 -0.53084652 -0.35613900 0.003670 1789441115.805968523 32.530 146.139 0.019 0.00000 -1 ACTUAL_TF
9.8684 0.0435434 -1.6830663 0.6761606 -0.44007715 0.63064372 -0.53084075 -0.35613017 0.003571 1789441115.862050533 32.717 145.952 0.012 0.00000 -1 ACTUAL_TF
9.9221 0.0435465 -1.6828587 0.6761645 -0.44007436 0.63064235 -0.53084599 -0.35612823 0.003611 1789441115.918081522 32.924 145.744 0.023 0.00000 -1 ACTUAL_TF
9.9845 0.0435451 -1.6826592 0.6761725 -0.44006893 0.63064177 -0.53085208 -0.35612688 0.003600 1789441115.973971128 33.124 145.545 0.031 0.00000 -1 ACTUAL_TF
10.0398 0.0435257 -1.6824720 0.6761733 -0.44006983 0.63064315 -0.53084867 -0.35612842 0.003526 1789441116.030127525 33.311 145.357 0.020 0.00000 -1 ACTUAL_TF
10.0918 0.0435164 -1.6822551 0.6761733 -0.44006314 0.63064856 -0.53085090 -0.35612378 0.003632 1789441116.086076736 33.528 145.140 0.018 0.00000 -1 ACTUAL_TF
10.1538 0.0435099 -1.6820658 0.6761706 -0.44006382 0.63065312 -0.53084727 -0.35612029 0.003557 1789441116.142121315 33.718 144.951 0.017 0.00000 -1 ACTUAL_TF
10.2034 0.0435087 -1.6818523 0.6761802 -0.44006126 0.63064991 -0.53085321 -0.35612027 0.003636 1789441116.198024035 33.931 144.737 0.027 0.00000 -1 ACTUAL_TF
10.2598 0.0435179 -1.6816795 0.6761757 -0.44006908 0.63065038 -0.53084950 -0.35611530 0.003472 1789441116.254038095 34.104 144.565 0.039 0.00000 -1 ACTUAL_TF
10.3213 0.0435093 -1.6814563 0.6761717 -0.44006969 0.63065494 -0.53084654 -0.35611088 0.003626 1789441116.310136795 34.327 144.342 0.039 0.00000 -1 ACTUAL_TF
10.3748 0.0434917 -1.6812638 0.6761649 -0.44007510 0.63066047 -0.53083629 -0.35610969 0.003575 1789441116.366062880 34.520 144.149 0.029 0.00000 -1 ACTUAL_TF
10.4295 0.0434851 -1.6810468 0.6761669 -0.44007267 0.63066141 -0.53083843 -0.35610783 0.003667 1789441116.421997547 34.737 143.932 0.031 0.00000 -1 ACTUAL_TF
10.4924 0.0434767 -1.6808637 0.6761693 -0.44006882 0.63066171 -0.53084166 -0.35610726 0.003547 1789441116.478095531 34.920 143.748 0.030 0.00000 -1 ACTUAL_TF
10.5420 0.0434668 -1.6806575 0.6761823 -0.44006446 0.63065685 -0.53084756 -0.35611245 0.003588 1789441116.534259796 35.127 143.542 0.027 0.00000 -1 ACTUAL_TF
10.6085 0.0434488 -1.6804393 0.6761783 -0.44006723 0.63066006 -0.53084074 -0.35611353 0.003692 1789441116.589887142 35.345 143.323 0.018 0.00000 -1 ACTUAL_TF
10.6551 0.0434384 -1.6802521 0.6761867 -0.44006921 0.63065151 -0.53084451 -0.35612059 0.003588 1789441116.646033287 35.533 143.136 0.015 0.00000 -1 ACTUAL_TF
10.7057 0.0434283 -1.6800334 0.6761825 -0.44007405 0.63065639 -0.53083746 -0.35611646 0.003686 1789441116.701970339 35.752 142.917 0.013 0.00000 -1 ACTUAL_TF
10.7704 0.0434275 -1.6798560 0.6761908 -0.44007407 0.63065136 -0.53084286 -0.35611730 0.003527 1789441116.758190155 35.929 142.739 0.020 0.00000 -1 ACTUAL_TF
10.8198 0.0434077 -1.6796488 0.6762013 -0.44006792 0.63064750 -0.53084586 -0.35612726 0.003586 1789441116.814188480 36.137 142.531 0.016 0.00000 -1 ACTUAL_TF
10.8807 0.0433900 -1.6794709 0.6762037 -0.44006620 0.63064645 -0.53084526 -0.35613214 0.003460 1789441116.870688438 36.316 142.353 0.016 0.00000 -1 ACTUAL_TF
10.9283 0.0433756 -1.6792617 0.6762129 -0.44006561 0.63064019 -0.53084715 -0.35614115 0.003560 1789441116.926011324 36.525 142.143 0.024 0.00000 -1 ACTUAL_TF
10.9958 0.0433810 -1.6790870 0.6762227 -0.44006579 0.63063366 -0.53085468 -0.35614126 0.003428 1789441116.982072353 36.700 141.969 0.031 0.00000 -1 ACTUAL_TF
11.0441 0.0433668 -1.6788627 0.6762229 -0.44006327 0.63063718 -0.53085255 -0.35614131 0.003607 1789441117.037920713 36.924 141.744 0.029 0.00000 -1 ACTUAL_TF
11.1056 0.0433649 -1.6786496 0.6762288 -0.44006270 0.63063383 -0.53085675 -0.35614170 0.003663 1789441117.094105959 37.137 141.531 0.033 0.00000 -1 ACTUAL_TF
11.1561 0.0433643 -1.6784639 0.6762249 -0.44006848 0.63063348 -0.53085382 -0.35613954 0.003561 1789441117.150039434 37.323 141.346 0.029 0.00000 -1 ACTUAL_TF
11.2103 0.0433604 -1.6782381 0.6762186 -0.44006926 0.63064070 -0.53085046 -0.35613079 0.003705 1789441117.205935717 37.549 141.120 0.024 0.00000 -1 ACTUAL_TF
11.2712 0.0433521 -1.6780661 0.6762169 -0.44006905 0.63064199 -0.53084863 -0.35613149 0.003516 1789441117.261953831 37.721 140.948 0.020 0.00000 -1 ACTUAL_TF
11.3304 0.0433341 -1.6778402 0.6762061 -0.44007423 0.63065056 -0.53083607 -0.35612864 0.003672 1789441117.318163395 37.947 140.721 0.004 0.00000 -1 ACTUAL_TF
11.3858 0.0433344 -1.6776619 0.6762083 -0.44007470 0.63064811 -0.53083978 -0.35612687 0.003524 1789441117.374248266 38.125 140.543 0.011 0.00000 -1 ACTUAL_TF
11.4355 0.0433258 -1.6774510 0.6762162 -0.44007114 0.63064531 -0.53084383 -0.35613020 0.003600 1789441117.430174589 38.337 140.332 0.014 0.00000 -1 ACTUAL_TF
11.5002 0.0433166 -1.6772407 0.6762256 -0.44006949 0.63063975 -0.53084770 -0.35613630 0.003650 1789441117.486132145 38.547 140.121 0.019 0.00000 -1 ACTUAL_TF
11.5548 0.0433002 -1.6770340 0.6762048 -0.44008625 0.63064572 -0.53082873 -0.35613332 0.003672 1789441117.542085409 38.754 139.914 0.007 0.00000 -1 ACTUAL_TF
11.6038 0.0433053 -1.6768500 0.6762229 -0.44007495 0.63063756 -0.53084409 -0.35613882 0.003563 1789441117.597971201 38.938 139.731 0.016 0.00000 -1 ACTUAL_TF
11.6577 0.0432827 -1.6766652 0.6762185 -0.44007705 0.63064089 -0.53083580 -0.35614267 0.003490 1789441117.654081345 39.123 139.545 0.004 0.00000 -1 ACTUAL_TF
11.7159 0.0432766 -1.6764447 0.6762223 -0.44007891 0.63063853 -0.53083708 -0.35614266 0.003625 1789441117.710085154 39.344 139.325 0.005 0.00000 -1 ACTUAL_TF
11.7749 0.0432596 -1.6762615 0.6762175 -0.44007834 0.63064387 -0.53083029 -0.35614402 0.003521 1789441117.766215324 39.528 139.141 0.010 0.00000 -1 ACTUAL_TF
11.8247 0.0432500 -1.6760418 0.6762146 -0.44008103 0.63064697 -0.53082607 -0.35614150 0.003647 1789441117.822008371 39.748 138.921 0.012 0.00000 -1 ACTUAL_TF
11.8830 0.0432556 -1.6758621 0.6762154 -0.44008439 0.63064700 -0.53082700 -0.35613592 0.003514 1789441117.878154039 39.927 138.742 0.007 0.00000 -1 ACTUAL_TF
11.9455 0.0432480 -1.6756411 0.6762079 -0.44008683 0.63065158 -0.53082101 -0.35613370 0.003646 1789441117.934087992 40.148 138.521 0.017 0.00000 -1 ACTUAL_TF
11.9993 0.0432339 -1.6754211 0.6762107 -0.44008916 0.63065021 -0.53081833 -0.35613725 0.003733 1789441117.990112543 40.368 138.300 0.016 0.00000 -1 ACTUAL_TF
12.0515 0.0432372 -1.6752538 0.6762223 -0.44008148 0.63064480 -0.53083051 -0.35613816 0.003509 1789441118.046300888 40.535 138.133 0.009 0.00000 -1 ACTUAL_TF
12.1057 0.0432230 -1.6750240 0.6762124 -0.44008964 0.63065113 -0.53081910 -0.35613389 0.003698 1789441118.101958036 40.766 137.903 0.018 0.00000 -1 ACTUAL_TF
12.1653 0.0432201 -1.6748580 0.6762241 -0.44007342 0.63065154 -0.53083190 -0.35613412 0.003480 1789441118.158026934 40.932 137.737 0.009 0.00000 -1 ACTUAL_TF
12.2172 0.0432116 -1.6746414 0.6762299 -0.44007790 0.63064587 -0.53083123 -0.35613962 0.003599 1789441118.213929892 41.148 137.520 0.007 0.00000 -1 ACTUAL_TF
12.2773 0.0432102 -1.6744418 0.6762202 -0.44008846 0.63064895 -0.53082306 -0.35613330 0.003591 1789441118.269887209 41.348 137.321 0.019 0.00000 -1 ACTUAL_TF
12.3363 0.0432058 -1.6742300 0.6762372 -0.44008113 0.63064111 -0.53083366 -0.35614045 0.003650 1789441118.325984716 41.560 137.109 0.015 0.00000 -1 ACTUAL_TF
12.3865 0.0432103 -1.6740581 0.6762395 -0.44008202 0.63063853 -0.53083851 -0.35613667 0.003476 1789441118.382024288 41.731 136.937 0.027 0.00000 -1 ACTUAL_TF
12.4571 0.0432001 -1.6738537 0.6762526 -0.44007763 0.63063199 -0.53084580 -0.35614282 0.003532 1789441118.437979698 41.936 136.732 0.027 0.00000 -1 ACTUAL_TF
12.5031 0.0431939 -1.6736248 0.6762500 -0.44008476 0.63062992 -0.53084306 -0.35614177 0.003697 1789441118.494103193 42.165 136.503 0.028 0.00000 -1 ACTUAL_TF
12.5583 0.0431853 -1.6734581 0.6762643 -0.44007542 0.63062391 -0.53085423 -0.35614730 0.003488 1789441118.549962044 42.332 136.336 0.032 0.00000 -1 ACTUAL_TF
12.6085 0.0431695 -1.6732365 0.6762643 -0.44007695 0.63062598 -0.53084904 -0.35614948 0.003630 1789441118.606023073 42.554 136.114 0.025 0.00000 -1 ACTUAL_TF
12.6717 0.0431655 -1.6730461 0.6762640 -0.44008211 0.63062410 -0.53084775 -0.35614836 0.003561 1789441118.662043571 42.745 135.924 0.026 0.00000 -1 ACTUAL_TF
12.7241 0.0431522 -1.6728278 0.6762519 -0.44008256 0.63063460 -0.53083889 -0.35614240 0.003666 1789441118.718025446 42.963 135.705 0.016 0.00000 -1 ACTUAL_TF
12.7805 0.0431596 -1.6726568 0.6762574 -0.44008217 0.63063300 -0.53084328 -0.35613919 0.003482 1789441118.774142742 43.134 135.535 0.031 0.00000 -1 ACTUAL_TF
12.8320 0.0431361 -1.6724240 0.6762474 -0.44008227 0.63064297 -0.53083337 -0.35613618 0.003682 1789441118.830588341 43.367 135.301 0.017 0.00000 -1 ACTUAL_TF
12.8965 0.0431274 -1.6722605 0.6762563 -0.44007197 0.63064226 -0.53083989 -0.35614044 0.003462 1789441118.886238813 43.531 135.138 0.013 0.00000 -1 ACTUAL_TF
12.9543 0.0431158 -1.6720333 0.6762471 -0.44007425 0.63064957 -0.53083377 -0.35613381 0.003646 1789441118.942102671 43.758 134.910 0.015 0.00000 -1 ACTUAL_TF
13.0047 0.0431175 -1.6718228 0.6762561 -0.44006872 0.63064502 -0.53084374 -0.35613385 0.003679 1789441118.998202562 43.969 134.700 0.021 0.00000 -1 ACTUAL_TF
13.0591 0.0431140 -1.6716398 0.6762500 -0.44007215 0.63064918 -0.53083924 -0.35612892 0.003557 1789441119.054168463 44.152 134.517 0.027 0.00000 -1 ACTUAL_TF
13.1139 0.0431040 -1.6714199 0.6762487 -0.44007202 0.63065093 -0.53083887 -0.35612655 0.003672 1789441119.110050917 44.372 134.297 0.027 0.00000 -1 ACTUAL_TF
13.1762 0.0430975 -1.6712341 0.6762502 -0.44006910 0.63065017 -0.53084328 -0.35612493 0.003565 1789441119.166112185 44.558 134.111 0.028 0.00000 -1 ACTUAL_TF
13.2261 0.0430873 -1.6710141 0.6762490 -0.44006895 0.63065190 -0.53084284 -0.35612269 0.003676 1789441119.222073793 44.778 133.891 0.029 0.00000 -1 ACTUAL_TF
13.2828 0.0430827 -1.6708546 0.6762641 -0.44005572 0.63065038 -0.53085413 -0.35612492 0.003432 1789441119.278088331 44.938 133.731 0.024 0.00000 -1 ACTUAL_TF
13.3386 0.0430769 -1.6706339 0.6762578 -0.44005731 0.63065545 -0.53085024 -0.35611977 0.003586 1789441119.334053040 45.158 133.510 0.029 0.00000 -1 ACTUAL_TF
13.3974 0.0430564 -1.6704559 0.6762605 -0.44005302 0.63065737 -0.53084897 -0.35612355 0.003471 1789441119.390036821 45.337 133.332 0.018 0.00000 -1 ACTUAL_TF
13.4586 0.0430500 -1.6702345 0.6762578 -0.44005938 0.63065915 -0.53084372 -0.35612038 0.003614 1789441119.446114779 45.558 133.110 0.023 0.00000 -1 ACTUAL_TF
13.5073 0.0430328 -1.6700192 0.6762633 -0.44005195 0.63065988 -0.53084695 -0.35612346 0.003691 1789441119.501931429 45.774 132.894 0.015 0.00000 -1 ACTUAL_TF
13.5685 0.0430298 -1.6698437 0.6762704 -0.44005349 0.63065659 -0.53084873 -0.35612472 0.003523 1789441119.558029175 45.950 132.719 0.013 0.00000 -1 ACTUAL_TF
13.6221 0.0430219 -1.6696264 0.6762763 -0.44005680 0.63064990 -0.53085130 -0.35612865 0.003631 1789441119.614076853 46.167 132.501 0.011 0.00000 -1 ACTUAL_TF
13.6750 0.0430079 -1.6694445 0.6762810 -0.44005580 0.63065095 -0.53084887 -0.35613164 0.003519 1789441119.670063496 46.350 132.319 0.004 0.00000 -1 ACTUAL_TF
13.7398 0.0430000 -1.6692440 0.6762898 -0.44005414 0.63064699 -0.53085240 -0.35613545 0.003539 1789441119.726102591 46.550 132.118 0.006 0.00000 -1 ACTUAL_TF
13.7869 0.0429780 -1.6690532 0.6762827 -0.44006147 0.63065079 -0.53084017 -0.35613789 0.003505 1789441119.782195091 46.742 131.927 0.012 0.00000 -1 ACTUAL_TF
13.8464 0.0429756 -1.6688440 0.6762993 -0.44006191 0.63063900 -0.53084855 -0.35614574 0.003580 1789441119.838087320 46.951 131.718 0.013 0.00000 -1 ACTUAL_TF
13.8961 0.0429841 -1.6686395 0.6763112 -0.44006020 0.63063509 -0.53085743 -0.35614154 0.003603 1789441119.894148588 47.155 131.513 0.024 0.00000 -1 ACTUAL_TF
13.9562 0.0429883 -1.6684519 0.6763149 -0.44006845 0.63062814 -0.53085872 -0.35614173 0.003528 1789441119.950110912 47.342 131.326 0.032 0.00000 -1 ACTUAL_TF
14.0214 0.0429750 -1.6682331 0.6763229 -0.44006775 0.63062556 -0.53085861 -0.35614732 0.003641 1789441120.006288528 47.562 131.107 0.034 0.00000 -1 ACTUAL_TF
14.0704 0.0429801 -1.6680603 0.6763265 -0.44006660 0.63062419 -0.53086343 -0.35614398 0.003478 1789441120.062099218 47.734 130.934 0.043 0.00000 -1 ACTUAL_TF
14.1210 0.0429754 -1.6678464 0.6763320 -0.44006457 0.63062436 -0.53086594 -0.35614244 0.003582 1789441120.118094921 47.948 130.720 0.048 0.00000 -1 ACTUAL_TF
14.1844 0.0429644 -1.6676601 0.6763240 -0.44007005 0.63062984 -0.53085747 -0.35613859 0.003497 1789441120.174701214 48.135 130.534 0.038 0.00000 -1 ACTUAL_TF
14.2331 0.0429604 -1.6674421 0.6763250 -0.44006556 0.63063294 -0.53085926 -0.35613599 0.003626 1789441120.230225086 48.353 130.316 0.041 0.00000 -1 ACTUAL_TF
14.2959 0.0429460 -1.6672468 0.6763118 -0.44007803 0.63063914 -0.53084478 -0.35613118 0.003593 1789441120.286041975 48.548 130.120 0.028 0.00000 -1 ACTUAL_TF
14.3548 0.0429339 -1.6670244 0.6763134 -0.44007649 0.63064306 -0.53084174 -0.35613068 0.003698 1789441120.342520952 48.771 129.898 0.025 0.00000 -1 ACTUAL_TF
14.4018 0.0429157 -1.6668080 0.6763067 -0.44008251 0.63064339 -0.53083373 -0.35613459 0.003763 1789441120.398039818 48.988 129.681 0.013 0.00000 -1 ACTUAL_TF
14.4617 0.0429059 -1.6666332 0.6763064 -0.44008372 0.63064464 -0.53083195 -0.35613353 0.003569 1789441120.454215288 49.163 129.506 0.011 0.00000 -1 ACTUAL_TF
14.5237 0.0428780 -1.6664198 0.6762978 -0.44008639 0.63065190 -0.53082042 -0.35613457 0.003656 1789441120.510032892 49.377 129.291 0.016 0.00000 -1 ACTUAL_TF
14.5738 0.0428591 -1.6662327 0.6763059 -0.44008357 0.63064927 -0.53082177 -0.35614072 0.003565 1789441120.566158295 49.565 129.104 0.022 0.00000 -1 ACTUAL_TF
14.6273 0.0428561 -1.6659955 0.6762909 -0.44009597 0.63065654 -0.53080997 -0.35613009 0.003768 1789441120.622198820 49.802 128.867 0.028 0.00000 -1 ACTUAL_TF
14.6834 0.0428437 -1.6658306 0.6763033 -0.44008812 0.63065228 -0.53081627 -0.35613795 0.003527 1789441120.678166389 49.967 128.701 0.024 0.00000 -1 ACTUAL_TF
14.7445 0.0428405 -1.6656226 0.6763086 -0.44008908 0.63065061 -0.53081714 -0.35613841 0.003587 1789441120.734004498 50.175 128.493 0.018 0.00000 -1 ACTUAL_TF
14.7984 0.0428432 -1.6654514 0.6763122 -0.44008546 0.63065404 -0.53082036 -0.35613202 0.003425 1789441120.790174723 50.346 128.322 0.010 0.00000 -1 ACTUAL_TF
14.8522 0.0428268 -1.6652304 0.6763098 -0.44009300 0.63065305 -0.53081285 -0.35613565 0.003583 1789441120.846257448 50.568 128.101 0.019 0.00000 -1 ACTUAL_TF
14.9065 0.0428201 -1.6649958 0.6763079 -0.44008994 0.63066207 -0.53081225 -0.35612436 0.003772 1789441120.901967525 50.802 127.866 0.020 0.00000 -1 ACTUAL_TF
14.9610 0.0428135 -1.6648147 0.6763092 -0.44009921 0.63065425 -0.53080922 -0.35613127 0.003610 1789441120.958041668 50.984 127.685 0.020 0.00000 -1 ACTUAL_TF
15.0187 0.0428170 -1.6646094 0.6763275 -0.44008817 0.63064905 -0.53082510 -0.35613045 0.003631 1789441121.014079094 51.189 127.480 0.000 0.00000 -1 ACTUAL_TF
15.0807 0.0428134 -1.6644393 0.6763407 -0.44008920 0.63063848 -0.53083193 -0.35613771 0.003454 1789441121.070213318 51.359 127.310 0.012 0.00000 -1 ACTUAL_TF
15.1316 0.0428089 -1.6642161 0.6763381 -0.44009208 0.63064075 -0.53082982 -0.35613326 0.003617 1789441121.126055479 51.582 127.086 0.010 0.00000 -1 ACTUAL_TF
15.1858 0.0428104 -1.6640511 0.6763488 -0.44008803 0.63063547 -0.53083848 -0.35613473 0.003418 1789441121.182025194 51.747 126.922 0.022 0.00000 -1 ACTUAL_TF
15.2431 0.0428034 -1.6638252 0.6763554 -0.44008728 0.63063250 -0.53084137 -0.35613659 0.003602 1789441121.238121033 51.973 126.696 0.026 0.00000 -1 ACTUAL_TF
15.3016 0.0427979 -1.6636471 0.6763592 -0.44009031 0.63062934 -0.53084180 -0.35613781 0.003477 1789441121.294091702 52.151 126.517 0.029 0.00000 -1 ACTUAL_TF
15.3601 0.0427875 -1.6634380 0.6763675 -0.44008780 0.63062526 -0.53084604 -0.35614180 0.003552 1789441121.350280046 52.361 126.308 0.033 0.00000 -1 ACTUAL_TF
15.4097 0.0427817 -1.6632401 0.6763793 -0.44007981 0.63062099 -0.53085461 -0.35614647 0.003553 1789441121.406059265 52.559 126.110 0.043 0.00000 -1 ACTUAL_TF
15.4686 0.0427588 -1.6630514 0.6763768 -0.44008138 0.63062556 -0.53084632 -0.35614881 0.003498 1789441121.462458611 52.748 125.920 0.035 0.00000 -1 ACTUAL_TF
15.5269 0.0427440 -1.6628369 0.6763807 -0.44008486 0.63062169 -0.53084447 -0.35615411 0.003609 1789441121.518058062 52.963 125.705 0.037 0.00000 -1 ACTUAL_TF
15.5779 0.0427403 -1.6626552 0.6763872 -0.44007850 0.63062009 -0.53085173 -0.35615397 0.003499 1789441121.574139833 53.145 125.524 0.041 0.00000 -1 ACTUAL_TF
15.6379 0.0427303 -1.6624472 0.6763882 -0.44007192 0.63062804 -0.53085157 -0.35614828 0.003566 1789441121.630093575 53.353 125.315 0.040 0.00000 -1 ACTUAL_TF
15.6964 0.0427176 -1.6622500 0.6763749 -0.44008664 0.63063081 -0.53083825 -0.35614504 0.003555 1789441121.686238766 53.551 125.118 0.026 0.00000 -1 ACTUAL_TF
15.7450 0.0427207 -1.6620441 0.6763737 -0.44007797 0.63063884 -0.53084299 -0.35613446 0.003596 1789441121.742033958 53.756 124.912 0.022 0.00000 -1 ACTUAL_TF
15.8061 0.0427031 -1.6618555 0.6763678 -0.44008769 0.63064093 -0.53083097 -0.35613667 0.003530 1789441121.798131704 53.945 124.723 0.016 0.00000 -1 ACTUAL_TF
15.8559 0.0426952 -1.6616337 0.6763625 -0.44009176 0.63064527 -0.53082384 -0.35613457 0.003662 1789441121.854040623 54.167 124.501 0.009 0.00000 -1 ACTUAL_TF
15.9171 0.0426912 -1.6613961 0.6763542 -0.44009254 0.63065272 -0.53082206 -0.35612306 0.003835 1789441121.910150528 54.405 124.264 0.004 0.00000 -1 ACTUAL_TF
15.9775 0.0426789 -1.6612202 0.6763572 -0.44008580 0.63065159 -0.53082668 -0.35612653 0.003630 1789441121.966111660 54.581 124.088 0.007 0.00000 -1 ACTUAL_TF
16.0296 0.0426686 -1.6610013 0.6763503 -0.44008784 0.63065592 -0.53082137 -0.35612423 0.003716 1789441122.022104740 54.800 123.869 0.014 0.00000 -1 ACTUAL_TF
16.0816 0.0426665 -1.6608308 0.6763573 -0.44008536 0.63065371 -0.53082556 -0.35612499 0.003514 1789441122.078146458 54.970 123.698 0.007 0.00000 -1 ACTUAL_TF
16.1451 0.0426578 -1.6606180 0.6763565 -0.44008225 0.63065580 -0.53082550 -0.35612521 0.003601 1789441122.134135485 55.183 123.485 0.010 0.00000 -1 ACTUAL_TF
16.1967 0.0426381 -1.6604334 0.6763557 -0.44008401 0.63065884 -0.53081937 -0.35612679 0.003516 1789441122.190119505 55.369 123.300 0.020 0.00000 -1 ACTUAL_TF
16.2550 0.0426299 -1.6602189 0.6763618 -0.44007735 0.63066035 -0.53082421 -0.35612514 0.003611 1789441122.246171236 55.583 123.085 0.018 0.00000 -1 ACTUAL_TF
16.3023 0.0426300 -1.6600282 0.6763596 -0.44008144 0.63066024 -0.53082453 -0.35611979 0.003550 1789441122.302121878 55.774 122.895 0.014 0.00000 -1 ACTUAL_TF
16.3616 0.0426217 -1.6598140 0.6763607 -0.44008132 0.63066172 -0.53082328 -0.35611917 0.003635 1789441122.358051062 55.988 122.680 0.015 0.00000 -1 ACTUAL_TF
16.4206 0.0426166 -1.6596052 0.6763662 -0.44008115 0.63065902 -0.53082595 -0.35612020 0.003664 1789441122.414008379 56.197 122.472 0.010 0.00000 -1 ACTUAL_TF
16.4824 0.0426186 -1.6594290 0.6763655 -0.44008223 0.63065868 -0.53082811 -0.35611624 0.003507 1789441122.470120907 56.373 122.296 0.011 0.00000 -1 ACTUAL_TF
16.5329 0.0425984 -1.6592043 0.6763705 -0.44008318 0.63065719 -0.53082452 -0.35612305 0.003665 1789441122.526091099 56.598 122.070 0.012 0.00000 -1 ACTUAL_TF
16.5915 0.0425997 -1.6590324 0.6763780 -0.44007860 0.63065333 -0.53083292 -0.35612303 0.003488 1789441122.582020760 56.770 121.898 0.002 0.00000 -1 ACTUAL_TF
16.6440 0.0425987 -1.6588077 0.6763773 -0.44008781 0.63065092 -0.53082875 -0.35612214 0.003640 1789441122.638291359 56.995 121.674 0.008 0.00000 -1 ACTUAL_TF
16.7023 0.0426021 -1.6586441 0.6763890 -0.44008064 0.63064463 -0.53083999 -0.35612538 0.003431 1789441122.694031000 57.158 121.510 0.017 0.00000 -1 ACTUAL_TF
16.7622 0.0425983 -1.6584352 0.6763966 -0.44007755 0.63064232 -0.53084385 -0.35612754 0.003521 1789441122.750044346 57.367 121.301 0.024 0.00000 -1 ACTUAL_TF
16.8117 0.0426090 -1.6582597 0.6764011 -0.44007900 0.63063718 -0.53085115 -0.35612397 0.003406 1789441122.806100130 57.542 121.126 0.041 0.00000 -1 ACTUAL_TF
16.8724 0.0425871 -1.6580351 0.6764045 -0.44007834 0.63063837 -0.53084771 -0.35612781 0.003594 1789441122.862084150 57.767 120.901 0.029 0.00000 -1 ACTUAL_TF
16.9302 0.0425843 -1.6578266 0.6764175 -0.44007271 0.63063029 -0.53086155 -0.35612844 0.003632 1789441122.918225765 57.976 120.693 0.040 0.00000 -1 ACTUAL_TF
16.9798 0.0425809 -1.6576522 0.6764309 -0.44006795 0.63062480 -0.53086961 -0.35613203 0.003481 1789441122.974172354 58.150 120.518 0.051 0.00000 -1 ACTUAL_TF
17.0323 0.0425680 -1.6574401 0.6764342 -0.44006141 0.63062911 -0.53087035 -0.35613136 0.003576 1789441123.030111074 58.363 120.306 0.049 0.00000 -1 ACTUAL_TF
17.0944 0.0425607 -1.6572781 0.6764447 -0.44005491 0.63062382 -0.53087755 -0.35613804 0.003374 1789441123.086070776 58.525 120.143 0.056 0.00000 -1 ACTUAL_TF
17.1573 0.0425353 -1.6570629 0.6764440 -0.44005674 0.63062663 -0.53086964 -0.35614258 0.003526 1789441123.141921043 58.741 119.927 0.047 0.00000 -1 ACTUAL_TF
17.2012 0.0425174 -1.6568707 0.6764348 -0.44005949 0.63063451 -0.53085825 -0.35614221 0.003501 1789441123.198058605 58.934 119.735 0.035 0.00000 -1 ACTUAL_TF
17.2564 0.0425056 -1.6566544 0.6764304 -0.44006698 0.63063662 -0.53085076 -0.35614039 0.003612 1789441123.254044771 59.150 119.518 0.028 0.00000 -1 ACTUAL_TF
17.3155 0.0424865 -1.6564353 0.6764216 -0.44006712 0.63064495 -0.53084096 -0.35614008 0.003699 1789441123.310451984 59.370 119.299 0.022 0.00000 -1 ACTUAL_TF
17.3730 0.0424715 -1.6562448 0.6764159 -0.44007692 0.63064508 -0.53083147 -0.35614187 0.003624 1789441123.365886211 59.561 119.108 0.023 0.00000 -1 ACTUAL_TF
17.4288 0.0424721 -1.6560260 0.6764131 -0.44008039 0.63064838 -0.53082861 -0.35613602 0.003708 1789441123.421935558 59.779 118.889 0.013 0.00000 -1 ACTUAL_TF
17.4818 0.0424587 -1.6558516 0.6764121 -0.44008356 0.63064781 -0.53082350 -0.35614072 0.003531 1789441123.478059292 59.954 118.714 0.019 0.00000 -1 ACTUAL_TF
17.5393 0.0424577 -1.6556388 0.6764159 -0.44008182 0.63064579 -0.53082731 -0.35614077 0.003606 1789441123.534315586 60.167 118.502 0.012 0.00000 -1 ACTUAL_TF
17.5931 0.0424483 -1.6554524 0.6764059 -0.44008256 0.63065543 -0.53081978 -0.35613401 0.003529 1789441123.590157986 60.353 118.315 0.015 0.00000 -1 ACTUAL_TF
17.6519 0.0424301 -1.6552373 0.6764110 -0.44008400 0.63065088 -0.53081922 -0.35614113 0.003631 1789441123.645934343 60.569 118.099 0.024 0.00000 -1 ACTUAL_TF
17.7121 0.0424353 -1.6550437 0.6763997 -0.44009043 0.63065803 -0.53081420 -0.35612798 0.003580 1789441123.702009916 60.762 117.906 0.021 0.00000 -1 ACTUAL_TF
17.7662 0.0424264 -1.6548261 0.6764028 -0.44009228 0.63065769 -0.53081216 -0.35612935 0.003666 1789441123.758334160 60.980 117.689 0.020 0.00000 -1 ACTUAL_TF
17.8193 0.0424375 -1.6546224 0.6764085 -0.44009054 0.63065323 -0.53082049 -0.35612699 0.003662 1789441123.814207315 61.183 117.485 0.015 0.00000 -1 ACTUAL_TF
17.8708 0.0424323 -1.6544366 0.6764038 -0.44009188 0.63065785 -0.53081531 -0.35612487 0.003564 1789441123.869977474 61.369 117.299 0.022 0.00000 -1 ACTUAL_TF
17.9286 0.0424175 -1.6542199 0.6764003 -0.44009150 0.63066214 -0.53081141 -0.35612356 0.003657 1789441123.926044464 61.586 117.082 0.025 0.00000 -1 ACTUAL_TF
17.9881 0.0424051 -1.6540342 0.6763976 -0.44009249 0.63066549 -0.53080730 -0.35612254 0.003555 1789441123.982161283 61.772 116.896 0.029 0.00000 -1 ACTUAL_TF
18.0451 0.0423902 -1.6538259 0.6764085 -0.44008719 0.63066293 -0.53081096 -0.35612816 0.003609 1789441124.038122892 61.981 116.688 0.022 0.00000 -1 ACTUAL_TF
18.1048 0.0423858 -1.6536341 0.6764001 -0.44009935 0.63066138 -0.53080411 -0.35612608 0.003558 1789441124.093962669 62.173 116.496 0.031 0.00000 -1 ACTUAL_TF
18.1538 0.0423813 -1.6534313 0.6764066 -0.44009435 0.63065895 -0.53081023 -0.35612745 0.003578 1789441124.149977446 62.376 116.293 0.026 0.00000 -1 ACTUAL_TF
18.2113 0.0423709 -1.6532654 0.6764100 -0.44009140 0.63065835 -0.53080994 -0.35613257 0.003397 1789441124.205897570 62.542 116.127 0.025 0.00000 -1 ACTUAL_TF
18.2678 0.0423726 -1.6530547 0.6764224 -0.44008535 0.63065483 -0.53082026 -0.35613091 0.003506 1789441124.261982918 62.752 115.916 0.014 0.00000 -1 ACTUAL_TF
18.3320 0.0423559 -1.6528190 0.6764122 -0.44009443 0.63065757 -0.53081041 -0.35612952 0.003720 1789441124.318036556 62.988 115.680 0.026 0.00000 -1 ACTUAL_TF
18.3835 0.0423461 -1.6526592 0.6764316 -0.44008038 0.63065287 -0.53082205 -0.35613785 0.003468 1789441124.374064684 63.149 115.520 0.011 0.00000 -1 ACTUAL_TF
18.4505 0.0423357 -1.6524525 0.6764429 -0.44007502 0.63064729 -0.53082892 -0.35614411 0.003534 1789441124.430258036 63.356 115.313 0.010 0.00000 -1 ACTUAL_TF
18.4985 0.0423438 -1.6522753 0.6764407 -0.44007897 0.63064460 -0.53083122 -0.35614056 0.003426 1789441124.486124277 63.532 115.136 0.006 0.00000 -1 ACTUAL_TF
18.5483 0.0423348 -1.6520647 0.6764573 -0.44007099 0.63063917 -0.53084040 -0.35614636 0.003532 1789441124.542100430 63.743 114.925 0.013 0.00000 -1 ACTUAL_TF
18.6048 0.0423470 -1.6518859 0.6764585 -0.44007615 0.63063559 -0.53084349 -0.35614173 0.003428 1789441124.598367929 63.922 114.747 0.026 0.00000 -1 ACTUAL_TF
18.6551 0.0423366 -1.6516768 0.6764630 -0.44006964 0.63063689 -0.53084862 -0.35613981 0.003521 1789441124.654403448 64.131 114.538 0.026 0.00000 -1 ACTUAL_TF
18.7154 0.0423352 -1.6514894 0.6764643 -0.44007329 0.63063533 -0.53084768 -0.35613946 0.003477 1789441124.709943533 64.318 114.350 0.031 0.00000 -1 ACTUAL_TF
18.7756 0.0423331 -1.6512712 0.6764513 -0.44007640 0.63064314 -0.53084245 -0.35612960 0.003603 1789441124.766027689 64.536 114.132 0.034 0.00000 -1 ACTUAL_TF
18.8262 0.0423221 -1.6510579 0.6764549 -0.44007923 0.63064216 -0.53084000 -0.35613149 0.003667 1789441124.822016716 64.750 113.919 0.031 0.00000 -1 ACTUAL_TF
18.8872 0.0423292 -1.6508729 0.6764436 -0.44007791 0.63065177 -0.53083862 -0.35611815 0.003558 1789441124.878127098 64.934 113.734 0.047 0.00000 -1 ACTUAL_TF
18.9394 0.0423092 -1.6506405 0.6764385 -0.44008623 0.63065354 -0.53082752 -0.35612129 0.003740 1789441124.934140682 65.167 113.501 0.040 0.00000 -1 ACTUAL_TF
18.9976 0.0423098 -1.6504734 0.6764421 -0.44007984 0.63065536 -0.53083344 -0.35611713 0.003514 1789441124.990075350 65.334 113.334 0.045 0.00000 -1 ACTUAL_TF
19.0576 0.0423006 -1.6502436 0.6764331 -0.44008411 0.63066014 -0.53082726 -0.35611260 0.003696 1789441125.045964003 65.564 113.104 0.050 0.00000 -1 ACTUAL_TF
19.1088 0.0422833 -1.6500732 0.6764380 -0.44007736 0.63066178 -0.53082798 -0.35611695 0.003505 1789441125.101940393 65.735 112.933 0.040 0.00000 -1 ACTUAL_TF
19.1701 0.0422689 -1.6498578 0.6764392 -0.44007959 0.63066101 -0.53082462 -0.35612058 0.003608 1789441125.158070803 65.951 112.718 0.036 0.00000 -1 ACTUAL_TF
19.2254 0.0422582 -1.6496635 0.6764369 -0.44008471 0.63066251 -0.53081874 -0.35612036 0.003567 1789441125.214105844 66.145 112.523 0.037 0.00000 -1 ACTUAL_TF
19.2761 0.0422502 -1.6494531 0.6764356 -0.44008558 0.63066449 -0.53081665 -0.35611888 0.003627 1789441125.270019770 66.356 112.313 0.040 0.00000 -1 ACTUAL_TF
19.3357 0.0422509 -1.6492387 0.6764309 -0.44009360 0.63066453 -0.53081264 -0.35611488 0.003684 1789441125.326177597 66.570 112.098 0.051 0.00000 -1 ACTUAL_TF
19.4032 0.0422493 -1.6490470 0.6764299 -0.44009898 0.63066449 -0.53081045 -0.35611157 0.003607 1789441125.382131815 66.762 111.907 0.057 0.00000 -1 ACTUAL_TF
19.4450 0.0422427 -1.6488232 0.6764255 -0.44010776 0.63066492 -0.53080394 -0.35610967 0.003724 1789441125.438159704 66.985 111.683 0.063 0.00000 -1 ACTUAL_TF
19.5041 0.0422333 -1.6486515 0.6764322 -0.44010406 0.63066298 -0.53080648 -0.35611388 0.003529 1789441125.494148731 67.157 111.511 0.057 0.00000 -1 ACTUAL_TF
19.5548 0.0422283 -1.6484311 0.6764293 -0.44010851 0.63066197 -0.53080507 -0.35611229 0.003651 1789441125.550144434 67.378 111.291 0.064 0.00000 -1 ACTUAL_TF
19.6154 0.0422147 -1.6482623 0.6764394 -0.44010231 0.63065876 -0.53080949 -0.35611904 0.003467 1789441125.605976343 67.547 111.121 0.052 0.00000 -1 ACTUAL_TF
19.6651 0.0422097 -1.6480516 0.6764454 -0.44010091 0.63065615 -0.53081355 -0.35611935 0.003555 1789441125.662058830 67.758 110.911 0.052 0.00000 -1 ACTUAL_TF
19.7266 0.0421981 -1.6478433 0.6764543 -0.44008772 0.63065872 -0.53082061 -0.35612057 0.003608 1789441125.718019724 67.967 110.702 0.044 0.00000 -1 ACTUAL_TF
19.7813 0.0421894 -1.6476557 0.6764567 -0.44008932 0.63065842 -0.53082080 -0.35611885 0.003531 1789441125.774043083 68.154 110.514 0.043 0.00000 -1 ACTUAL_TF
19.8359 0.0421803 -1.6474443 0.6764594 -0.44008696 0.63065945 -0.53082232 -0.35611765 0.003605 1789441125.830110550 68.366 110.302 0.041 0.00000 -1 ACTUAL_TF
19.8976 0.0421727 -1.6472800 0.6764674 -0.44007603 0.63065822 -0.53083163 -0.35611946 0.003407 1789441125.885998726 68.531 110.138 0.036 0.00000 -1 ACTUAL_TF
19.9511 0.0421594 -1.6470824 0.6764873 -0.44007427 0.63064590 -0.53083928 -0.35613205 0.003450 1789441125.942060232 68.729 109.940 0.023 0.00000 -1 ACTUAL_TF
20.0055 0.0421453 -1.6468982 0.6764811 -0.44007276 0.63065226 -0.53083610 -0.35612740 0.003404 1789441125.998164177 68.913 109.755 0.020 0.00000 -1 ACTUAL_TF
20.0692 0.0421279 -1.6466939 0.6764956 -0.44006479 0.63064674 -0.53084290 -0.35613689 0.003487 1789441126.053963900 69.118 109.550 0.006 0.00000 -1 ACTUAL_TF
20.1167 0.0421207 -1.6465083 0.6764982 -0.44007207 0.63064252 -0.53083993 -0.35613979 0.003430 1789441126.110330582 69.304 109.365 0.006 0.00000 -1 ACTUAL_TF
20.1810 0.0421139 -1.6462949 0.6764995 -0.44006579 0.63064764 -0.53084155 -0.35613608 0.003552 1789441126.165978193 69.517 109.151 0.008 0.00000 -1 ACTUAL_TF
20.2276 0.0420921 -1.6460801 0.6765003 -0.44006778 0.63064831 -0.53083489 -0.35614235 0.003643 1789441126.221986532 69.733 108.936 0.006 0.00000 -1 ACTUAL_TF
20.2915 0.0420990 -1.6459071 0.6764967 -0.44006836 0.63065254 -0.53083523 -0.35613363 0.003476 1789441126.278120756 69.905 108.763 0.010 0.00000 -1 ACTUAL_TF
20.3427 0.0420864 -1.6456932 0.6764952 -0.44006458 0.63065878 -0.53083233 -0.35613158 0.003577 1789441126.334275723 70.120 108.549 0.010 0.00000 -1 ACTUAL_TF
20.4031 0.0420664 -1.6455058 0.6764881 -0.44006638 0.63066716 -0.53082194 -0.35612999 0.003517 1789441126.390159369 70.308 108.361 0.021 0.00000 -1 ACTUAL_TF
20.4558 0.0420683 -1.6452898 0.6764903 -0.44006882 0.63066316 -0.53082593 -0.35612813 0.003619 1789441126.446177959 70.523 108.145 0.018 0.00000 -1 ACTUAL_TF
20.5068 0.0420751 -1.6451053 0.6764871 -0.44007485 0.63066448 -0.53082371 -0.35612165 0.003526 1789441126.501970530 70.707 107.961 0.028 0.00000 -1 ACTUAL_TF
20.5727 0.0420712 -1.6448905 0.6764943 -0.44007797 0.63065858 -0.53082684 -0.35612358 0.003617 1789441126.558114529 70.922 107.746 0.027 0.00000 -1 ACTUAL_TF
20.6246 0.0420704 -1.6447153 0.6764940 -0.44007751 0.63065856 -0.53082784 -0.35612270 0.003471 1789441126.614055872 71.097 107.571 0.033 0.00000 -1 ACTUAL_TF
20.6781 0.0420602 -1.6445049 0.6764991 -0.44007596 0.63065750 -0.53082988 -0.35612343 0.003561 1789441126.669973373 71.308 107.360 0.029 0.00000 -1 ACTUAL_TF
20.7373 0.0420429 -1.6442748 0.6764988 -0.44007973 0.63065921 -0.53082478 -0.35612336 0.003726 1789441126.726086855 71.539 107.130 0.025 0.00000 -1 ACTUAL_TF
20.7864 0.0420267 -1.6441067 0.6765001 -0.44007964 0.63065760 -0.53082110 -0.35613181 0.003514 1789441126.782038450 71.707 106.961 0.021 0.00000 -1 ACTUAL_TF
20.8438 0.0420203 -1.6438875 0.6765000 -0.44008014 0.63065757 -0.53082164 -0.35613043 0.003635 1789441126.837992430 71.927 106.742 0.023 0.00000 -1 ACTUAL_TF
20.9006 0.0420108 -1.6436995 0.6764984 -0.44008506 0.63065919 -0.53081509 -0.35613125 0.003549 1789441126.894249678 72.115 106.554 0.026 0.00000 -1 ACTUAL_TF
20.9615 0.0420027 -1.6434803 0.6764985 -0.44008934 0.63065661 -0.53081355 -0.35613282 0.003661 1789441126.950166941 72.334 106.334 0.028 0.00000 -1 ACTUAL_TF
21.0104 0.0419979 -1.6433030 0.6764969 -0.44009204 0.63065886 -0.53081016 -0.35613057 0.003514 1789441127.006094933 72.511 106.157 0.031 0.00000 -1 ACTUAL_TF
21.0696 0.0419907 -1.6430971 0.6765000 -0.44008712 0.63065874 -0.53081504 -0.35612957 0.003560 1789441127.062283993 72.718 105.951 0.031 0.00000 -1 ACTUAL_TF
21.1261 0.0419865 -1.6429159 0.6765063 -0.44008599 0.63065436 -0.53082049 -0.35613060 0.003466 1789441127.118161440 72.899 105.770 0.027 0.00000 -1 ACTUAL_TF
21.1860 0.0419883 -1.6427019 0.6765099 -0.44008505 0.63065719 -0.53082113 -0.35612580 0.003571 1789441127.174271345 73.113 105.556 0.032 0.00000 -1 ACTUAL_TF
21.2343 0.0419854 -1.6424638 0.6765043 -0.44009660 0.63065625 -0.53081528 -0.35612191 0.003781 1789441127.229997635 73.351 105.318 0.042 0.00000 -1 ACTUAL_TF
21.2939 0.0419784 -1.6422903 0.6765114 -0.44009295 0.63065234 -0.53082037 -0.35612576 0.003577 1789441127.286051035 73.524 105.144 0.038 0.00000 -1 ACTUAL_TF
21.3506 0.0419766 -1.6420765 0.6765087 -0.44009103 0.63065879 -0.53081861 -0.35611933 0.003649 1789441127.342080832 73.738 104.931 0.046 0.00000 -1 ACTUAL_TF
21.4077 0.0419835 -1.6419158 0.6765286 -0.44008384 0.63064761 -0.53083569 -0.35612254 0.003422 1789441127.398084164 73.898 104.770 0.049 0.00000 -1 ACTUAL_TF
21.4660 0.0419644 -1.6416907 0.6765300 -0.44008320 0.63065104 -0.53083269 -0.35612175 0.003606 1789441127.454083681 74.124 104.545 0.039 0.00000 -1 ACTUAL_TF
21.5185 0.0419567 -1.6415277 0.6765475 -0.44006955 0.63064691 -0.53084507 -0.35612746 0.003403 1789441127.510091066 74.287 104.381 0.036 0.00000 -1 ACTUAL_TF
21.5815 0.0419442 -1.6413002 0.6765497 -0.44007160 0.63064529 -0.53084505 -0.35612784 0.003586 1789441127.566884279 74.515 104.153 0.032 0.00000 -1 ACTUAL_TF
21.6314 0.0419425 -1.6411024 0.6765552 -0.44006903 0.63064398 -0.53084993 -0.35612606 0.003584 1789441127.622173309 74.713 103.956 0.038 0.00000 -1 ACTUAL_TF
21.6809 0.0419313 -1.6409303 0.6765675 -0.44006244 0.63064058 -0.53085631 -0.35613072 0.003436 1789441127.678088427 74.885 103.783 0.038 0.00000 -1 ACTUAL_TF
21.7418 0.0419219 -1.6407084 0.6765511 -0.44007371 0.63065120 -0.53084176 -0.35611968 0.003597 1789441127.734149933 75.107 103.561 0.033 0.00000 -1 ACTUAL_TF
21.8047 0.0419097 -1.6405211 0.6765503 -0.44007432 0.63065271 -0.53083951 -0.35611960 0.003516 1789441127.790550947 75.295 103.374 0.028 0.00000 -1 ACTUAL_TF
21.8600 0.0418967 -1.6403025 0.6765457 -0.44007538 0.63065977 -0.53083404 -0.35611394 0.003645 1789441127.846107960 75.514 103.155 0.025 0.00000 -1 ACTUAL_TF
21.9103 0.0418846 -1.6401135 0.6765439 -0.44007666 0.63066207 -0.53082922 -0.35611547 0.003567 1789441127.902032375 75.703 102.965 0.023 0.00000 -1 ACTUAL_TF
21.9629 0.0418895 -1.6399160 0.6765424 -0.44007974 0.63066293 -0.53082738 -0.35611288 0.003555 1789441127.958054066 75.900 102.768 0.035 0.00000 -1 ACTUAL_TF
22.0293 0.0418788 -1.6397366 0.6765444 -0.44008161 0.63066079 -0.53082602 -0.35611639 0.003451 1789441128.014060974 76.080 102.588 0.032 0.00000 -1 ACTUAL_TF
22.0776 0.0418721 -1.6395194 0.6765413 -0.44008430 0.63066530 -0.53082061 -0.35611315 0.003581 1789441128.070022345 76.297 102.371 0.036 0.00000 -1 ACTUAL_TF
22.1393 0.0418687 -1.6393138 0.6765663 -0.44008004 0.63064944 -0.53083707 -0.35612196 0.003614 1789441128.126143694 76.503 102.165 0.033 0.00000 -1 ACTUAL_TF
22.1847 0.0418597 -1.6391202 0.6765495 -0.44009486 0.63065593 -0.53082050 -0.35611686 0.003572 1789441128.182160854 76.697 101.972 0.036 0.00000 -1 ACTUAL_TF
22.2421 0.0418469 -1.6389182 0.6765653 -0.44008366 0.63065247 -0.53082962 -0.35612322 0.003590 1789441128.238041878 76.899 101.769 0.027 0.00000 -1 ACTUAL_TF
22.3051 0.0418533 -1.6387539 0.6765728 -0.44008850 0.63064483 -0.53083430 -0.35612379 0.003394 1789441128.294078350 77.063 101.605 0.040 0.00000 -1 ACTUAL_TF
22.3530 0.0418373 -1.6385387 0.6765706 -0.44009163 0.63064591 -0.53082926 -0.35612553 0.003530 1789441128.350191355 77.279 101.390 0.032 0.00000 -1 ACTUAL_TF
22.4156 0.0418106 -1.6383479 0.6765648 -0.44009395 0.63065173 -0.53081847 -0.35612844 0.003506 1789441128.406059504 77.471 101.198 0.016 0.00000 -1 ACTUAL_TF
22.4669 0.0418029 -1.6381414 0.6765778 -0.44008313 0.63065093 -0.53082974 -0.35612643 0.003562 1789441128.462100744 77.677 100.991 0.013 0.00000 -1 ACTUAL_TF
22.5272 0.0417900 -1.6379586 0.6765772 -0.44008550 0.63065135 -0.53082771 -0.35612578 0.003478 1789441128.517984152 77.860 100.808 0.007 0.00000 -1 ACTUAL_TF
22.5782 0.0417690 -1.6377577 0.6765886 -0.44007274 0.63065030 -0.53083285 -0.35613575 0.003513 1789441128.574229479 78.062 100.606 0.011 0.00000 -1 ACTUAL_TF
22.6412 0.0417571 -1.6375463 0.6765876 -0.44007475 0.63065083 -0.53083066 -0.35613558 0.003596 1789441128.630098104 78.274 100.395 0.011 0.00000 -1 ACTUAL_TF
22.6942 0.0417481 -1.6373725 0.6765945 -0.44007441 0.63064589 -0.53083325 -0.35614089 0.003450 1789441128.686144352 78.448 100.221 0.017 0.00000 -1 ACTUAL_TF
22.7492 0.0417343 -1.6371617 0.6766054 -0.44007364 0.63064083 -0.53083708 -0.35614510 0.003549 1789441128.742084742 78.659 100.009 0.027 0.00000 -1 ACTUAL_TF
22.8087 0.0417174 -1.6369755 0.6765987 -0.44007636 0.63064674 -0.53082866 -0.35614381 0.003487 1789441128.798053503 78.846 99.823 0.030 0.00000 -1 ACTUAL_TF
22.8592 0.0417072 -1.6367616 0.6766037 -0.44008204 0.63063999 -0.53082735 -0.35615072 0.003590 1789441128.853998423 79.060 99.609 0.033 0.00000 -1 ACTUAL_TF
22.9248 0.0417018 -1.6365859 0.6766137 -0.44007818 0.63063750 -0.53083183 -0.35615321 0.003455 1789441128.910055637 79.236 99.433 0.036 0.00000 -1 ACTUAL_TF
22.9708 0.0416923 -1.6363739 0.6766199 -0.44007460 0.63063575 -0.53083645 -0.35615385 0.003555 1789441128.966063261 79.448 99.221 0.040 0.00000 -1 ACTUAL_TF
23.0309 0.0416932 -1.6361962 0.6766237 -0.44007574 0.63063269 -0.53083934 -0.35615354 0.003441 1789441129.022051334 79.626 99.043 0.036 0.00000 -1 ACTUAL_TF
23.0828 0.0417011 -1.6359855 0.6766252 -0.44008175 0.63063073 -0.53084018 -0.35614834 0.003539 1789441129.078017235 79.836 98.833 0.030 0.00000 -1 ACTUAL_TF
23.1399 0.0416927 -1.6357751 0.6766366 -0.44007511 0.63062654 -0.53084782 -0.35615258 0.003606 1789441129.134092093 80.047 98.622 0.039 0.00000 -1 ACTUAL_TF
23.1947 0.0416930 -1.6355817 0.6766307 -0.44007969 0.63063091 -0.53084407 -0.35614477 0.003561 1789441129.190072298 80.240 98.429 0.031 0.00000 -1 ACTUAL_TF
23.2569 0.0416920 -1.6353440 0.6766239 -0.44009067 0.63063002 -0.53083893 -0.35614045 0.003765 1789441129.246130943 80.477 98.191 0.024 0.00000 -1 ACTUAL_TF
23.3069 0.0416847 -1.6351736 0.6766281 -0.44007978 0.63063701 -0.53084233 -0.35613645 0.003549 1789441129.302154779 80.648 98.021 0.027 0.00000 -1 ACTUAL_TF
23.3650 0.0416754 -1.6349577 0.6766233 -0.44008761 0.63063769 -0.53083437 -0.35613743 0.003644 1789441129.358092785 80.864 97.805 0.020 0.00000 -1 ACTUAL_TF
23.4276 0.0416800 -1.6347908 0.6766216 -0.44008360 0.63064186 -0.53083673 -0.35613149 0.003445 1789441129.414103508 81.030 97.638 0.025 0.00000 -1 ACTUAL_TF
23.4758 0.0416750 -1.6345757 0.6766116 -0.44008707 0.63064723 -0.53083297 -0.35612330 0.003565 1789441129.470111609 81.245 97.423 0.024 0.00000 -1 ACTUAL_TF
23.5335 0.0416667 -1.6343415 0.6766063 -0.44009729 0.63064838 -0.53082496 -0.35612057 0.003753 1789441129.526027203 81.480 97.189 0.025 0.00000 -1 ACTUAL_TF
23.5927 0.0416543 -1.6341526 0.6766060 -0.44009670 0.63064875 -0.53082436 -0.35612153 0.003641 1789441129.582052469 81.669 97.000 0.021 0.00000 -1 ACTUAL_TF
23.6547 0.0416452 -1.6339359 0.6765997 -0.44009928 0.63065449 -0.53081712 -0.35611898 0.003709 1789441129.638170004 81.886 96.783 0.024 0.00000 -1 ACTUAL_TF
23.7046 0.0416336 -1.6337807 0.6766128 -0.44009406 0.63064914 -0.53082111 -0.35612896 0.003433 1789441129.694149971 82.041 96.627 0.014 0.00000 -1 ACTUAL_TF
23.7551 0.0416228 -1.6335642 0.6766048 -0.44009487 0.63065760 -0.53081399 -0.35612358 0.003564 1789441129.750215292 82.258 96.410 0.017 0.00000 -1 ACTUAL_TF
23.8123 0.0416229 -1.6333889 0.6766053 -0.44009585 0.63065774 -0.53081536 -0.35612008 0.003434 1789441129.806178570 82.433 96.235 0.023 0.00000 -1 ACTUAL_TF
23.8709 0.0416179 -1.6331538 0.6766003 -0.44010241 0.63066132 -0.53080922 -0.35611478 0.003668 1789441129.861991167 82.668 96.000 0.031 0.00000 -1 ACTUAL_TF
23.9233 0.0416043 -1.6329656 0.6766020 -0.44010503 0.63065801 -0.53080789 -0.35611940 0.003575 1789441129.918168545 82.857 95.812 0.027 0.00000 -1 ACTUAL_TF
23.9808 0.0416041 -1.6327558 0.6766013 -0.44010772 0.63066109 -0.53080640 -0.35611284 0.003624 1789441129.974289894 83.066 95.602 0.034 0.00000 -1 ACTUAL_TF
24.0351 0.0416033 -1.6325629 0.6766036 -0.44010133 0.63066060 -0.53081211 -0.35611309 0.003571 1789441130.030257225 83.259 95.409 0.039 0.00000 -1 ACTUAL_TF
24.0891 0.0415859 -1.6323862 0.6766137 -0.44009886 0.63065824 -0.53081264 -0.35611952 0.003452 1789441130.086267948 83.437 95.232 0.025 0.00000 -1 ACTUAL_TF
24.1499 0.0415757 -1.6321745 0.6766163 -0.44009615 0.63065720 -0.53081601 -0.35611970 0.003556 1789441130.142061710 83.649 95.020 0.023 0.00000 -1 ACTUAL_TF
24.2024 0.0415723 -1.6319940 0.6766269 -0.44009645 0.63064980 -0.53082231 -0.35612303 0.003458 1789441130.198055506 83.829 94.839 0.022 0.00000 -1 ACTUAL_TF
24.2580 0.0415653 -1.6317847 0.6766406 -0.44008001 0.63065075 -0.53083529 -0.35612234 0.003545 1789441130.254042387 84.039 94.630 0.023 0.00000 -1 ACTUAL_TF
24.3131 0.0415509 -1.6316013 0.6766369 -0.44008595 0.63064976 -0.53082937 -0.35612556 0.003466 1789441130.310111523 84.223 94.446 0.015 0.00000 -1 ACTUAL_TF
24.3839 0.0415468 -1.6314083 0.6766499 -0.44007508 0.63064621 -0.53083986 -0.35612964 0.003465 1789441130.365963936 84.416 94.253 0.021 0.00000 -1 ACTUAL_TF
24.4302 0.0415326 -1.6312306 0.6766535 -0.44007153 0.63064759 -0.53084060 -0.35613049 0.003381 1789441130.421992064 84.594 94.075 0.017 0.00000 -1 ACTUAL_TF
24.4838 0.0415181 -1.6310141 0.6766518 -0.44007468 0.63064975 -0.53083507 -0.35613102 0.003525 1789441130.478198767 84.811 93.858 0.010 0.00000 -1 ACTUAL_TF
24.5462 0.0415102 -1.6307856 0.6766645 -0.44007098 0.63064236 -0.53084577 -0.35613273 0.003696 1789441130.534121275 85.039 93.629 0.021 0.00000 -1 ACTUAL_TF
24.5955 0.0415020 -1.6306160 0.6766634 -0.44006632 0.63064486 -0.53084563 -0.35613426 0.003495 1789441130.590215683 85.209 93.459 0.018 0.00000 -1 ACTUAL_TF
24.6583 0.0414990 -1.6304033 0.6766614 -0.44006912 0.63064155 -0.53084921 -0.35613133 0.003588 1789441130.646111727 85.422 93.247 0.016 0.00000 -1 ACTUAL_TF
24.7084 0.0415011 -1.6302292 0.6766607 -0.44007411 0.63064036 -0.53084744 -0.35612991 0.003444 1789441130.702164412 85.596 93.073 0.021 0.00000 -1 ACTUAL_TF
24.7702 0.0414856 -1.6300068 0.6766572 -0.44007815 0.63064141 -0.53084151 -0.35613190 0.003606 1789441130.758117914 85.818 92.850 0.013 0.00000 -1 ACTUAL_TF
24.8197 0.0414621 -1.6298179 0.6766462 -0.44008525 0.63064977 -0.53082476 -0.35613329 0.003544 1789441130.814187527 86.008 92.661 0.009 0.00000 -1 ACTUAL_TF
24.8799 0.0414501 -1.6296078 0.6766505 -0.44008428 0.63064898 -0.53082514 -0.35613531 0.003611 1789441130.870097399 86.218 92.450 0.010 0.00000 -1 ACTUAL_TF
24.9326 0.0414435 -1.6294224 0.6766420 -0.44008973 0.63065277 -0.53081699 -0.35613401 0.003523 1789441130.926078796 86.404 92.265 0.017 0.00000 -1 ACTUAL_TF
24.9918 0.0414259 -1.6292110 0.6766419 -0.44009196 0.63065416 -0.53081160 -0.35613683 0.003606 1789441130.981911659 86.616 92.053 0.025 0.00000 -1 ACTUAL_TF
25.0453 0.0414178 -1.6289931 0.6766337 -0.44009607 0.63066157 -0.53080331 -0.35613099 0.003688 1789441131.038128376 86.834 91.835 0.033 0.00000 -1 ACTUAL_TF
25.1018 0.0414105 -1.6288162 0.6766307 -0.44009700 0.63066296 -0.53080240 -0.35612872 0.003531 1789441131.094073296 87.011 91.658 0.037 0.00000 -1 ACTUAL_TF
25.1563 0.0413976 -1.6286094 0.6766333 -0.44009624 0.63066363 -0.53080180 -0.35612937 0.003580 1789441131.150187492 87.218 91.451 0.039 0.00000 -1 ACTUAL_TF
25.2085 0.0413696 -1.6284190 0.6766200 -0.44009584 0.63067394 -0.53078985 -0.35612942 0.003542 1789441131.206064224 87.409 91.259 0.064 0.00000 -1 ACTUAL_TF
25.2672 0.0413624 -1.6282000 0.6766250 -0.44009901 0.63066826 -0.53079299 -0.35613089 0.003655 1789441131.261948347 87.628 91.040 0.060 0.00000 -1 ACTUAL_TF
25.3254 0.0413582 -1.6280276 0.6766247 -0.44008785 0.63067507 -0.53079830 -0.35612471 0.003455 1789441131.319674730 87.801 90.868 0.060 0.00000 -1 ACTUAL_TF
25.3824 0.0413428 -1.6278117 0.6766279 -0.44009742 0.63066658 -0.53079411 -0.35613416 0.003612 1789441131.374087572 88.017 90.652 0.064 0.00000 -1 ACTUAL_TF
25.4376 0.0413477 -1.6276391 0.6766237 -0.44009843 0.63067114 -0.53079271 -0.35612692 0.003454 1789441131.430060625 88.189 90.479 0.061 0.00000 -1 ACTUAL_TF
25.4960 0.0413447 -1.6274302 0.6766278 -0.44010177 0.63067045 -0.53079036 -0.35612753 0.003535 1789441131.486159325 88.398 90.270 0.057 0.00000 -1 ACTUAL_TF
25.5436 0.0413338 -1.6272250 0.6766357 -0.44010047 0.63066700 -0.53079278 -0.35613163 0.003577 1789441131.542161226 88.604 90.065 0.053 0.00000 -1 ACTUAL_TF
25.6022 0.0413416 -1.6270365 0.6766377 -0.44010848 0.63066295 -0.53079360 -0.35612768 0.003514 1789441131.598185778 88.792 89.877 0.045 0.00000 -1 ACTUAL_TF
25.6602 0.0413415 -1.6268178 0.6766405 -0.44011417 0.63066006 -0.53079258 -0.35612728 0.003632 1789441131.654128313 89.010 89.658 0.042 0.00000 -1 ACTUAL_TF
25.7173 0.0413399 -1.6266510 0.6766517 -0.44010773 0.63065632 -0.53080090 -0.35612946 0.003436 1789441131.710266590 89.177 89.491 0.032 0.00000 -1 ACTUAL_TF
25.7697 0.0413413 -1.6264405 0.6766638 -0.44011159 0.63064600 -0.53080632 -0.35613489 0.003539 1789441131.766065598 89.388 89.281 0.022 0.00000 -1 ACTUAL_TF
25.8301 0.0413537 -1.6262726 0.6766708 -0.44010946 0.63064251 -0.53081576 -0.35612964 0.003380 1789441131.822095871 89.555 89.114 0.029 0.00000 -1 ACTUAL_TF
25.8885 0.0413495 -1.6260671 0.6766824 -0.44010810 0.63063596 -0.53082136 -0.35613457 0.003469 1789441131.878089905 89.761 88.908 0.029 0.00000 -1 ACTUAL_TF
25.9397 0.0413309 -1.6258479 0.6766878 -0.44009991 0.63064092 -0.53082255 -0.35613412 0.003610 1789441131.933938742 89.980 88.688 0.018 0.00000 -1 ACTUAL_TF
26.0032 0.0413212 -1.6256673 0.6766919 -0.44010242 0.63063620 -0.53082373 -0.35613763 0.003493 1789441131.990107059 90.161 88.507 0.015 0.00000 -1 ACTUAL_TF
26.0476 0.0413078 -1.6254578 0.6766975 -0.44009814 0.63063742 -0.53082485 -0.35613910 0.003573 1789441132.046014309 90.371 88.297 0.011 0.00000 -1 ACTUAL_TF
26.1090 0.0412999 -1.6252962 0.6767123 -0.44008943 0.63062923 -0.53083555 -0.35614841 0.003368 1789441132.102208853 90.533 88.136 0.018 0.00000 -1 ACTUAL_TF
26.1675 0.0412938 -1.6250897 0.6767257 -0.44008194 0.63062543 -0.53084553 -0.35614952 0.003453 1789441132.158905268 90.740 87.929 0.030 0.00000 -1 ACTUAL_TF
26.2237 0.0412840 -1.6249008 0.6767226 -0.44008478 0.63062754 -0.53084097 -0.35614908 0.003446 1789441132.214092493 90.929 87.740 0.024 0.00000 -1 ACTUAL_TF
26.2716 0.0412729 -1.6246921 0.6767299 -0.44007993 0.63062775 -0.53084472 -0.35614912 0.003531 1789441132.270176649 91.138 87.531 0.029 0.00000 -1 ACTUAL_TF
26.3283 0.0412669 -1.6245076 0.6767274 -0.44008949 0.63062708 -0.53083791 -0.35614862 0.003463 1789441132.326035738 91.322 87.346 0.025 0.00000 -1 ACTUAL_TF
26.3878 0.0412661 -1.6242896 0.6767167 -0.44008672 0.63063912 -0.53083503 -0.35613500 0.003594 1789441132.381990194 91.540 87.128 0.018 0.00000 -1 ACTUAL_TF
26.4464 0.0412669 -1.6240901 0.6767222 -0.44008761 0.63063587 -0.53083693 -0.35613684 0.003584 1789441132.438025951 91.740 86.929 0.027 0.00000 -1 ACTUAL_TF
26.4986 0.0412544 -1.6239028 0.6767185 -0.44008769 0.63064302 -0.53083059 -0.35613353 0.003514 1789441132.494053602 91.927 86.741 0.020 0.00000 -1 ACTUAL_TF
26.5532 0.0412466 -1.6236845 0.6767098 -0.44008452 0.63065670 -0.53082446 -0.35612235 0.003634 1789441132.549917221 92.146 86.523 0.018 0.00000 -1 ACTUAL_TF
26.6129 0.0412376 -1.6234987 0.6767113 -0.44008285 0.63066048 -0.53082206 -0.35612130 0.003537 1789441132.606116295 92.332 86.337 0.016 0.00000 -1 ACTUAL_TF
26.6765 0.0412241 -1.6232856 0.6767061 -0.44008080 0.63066750 -0.53081753 -0.35611816 0.003621 1789441132.662063360 92.545 86.124 0.014 0.00000 -1 ACTUAL_TF
26.7286 0.0412274 -1.6230997 0.6766986 -0.44008758 0.63067026 -0.53081438 -0.35610959 0.003527 1789441132.718305826 92.730 85.938 0.028 0.00000 -1 ACTUAL_TF
26.7870 0.0412204 -1.6228975 0.6767018 -0.44008077 0.63067211 -0.53081911 -0.35610766 0.003557 1789441132.774118662 92.933 85.736 0.028 0.00000 -1 ACTUAL_TF
26.8409 0.0412016 -1.6227234 0.6767073 -0.44007857 0.63067223 -0.53081674 -0.35611371 0.003428 1789441132.830102921 93.107 85.561 0.016 0.00000 -1 ACTUAL_TF
26.8924 0.0411950 -1.6225034 0.6767048 -0.44007443 0.63067885 -0.53081719 -0.35610644 0.003582 1789441132.885983229 93.328 85.341 0.021 0.00000 -1 ACTUAL_TF
26.9544 0.0411740 -1.6222758 0.6766960 -0.44008018 0.63068567 -0.53080625 -0.35610355 0.003730 1789441132.942085505 93.556 85.113 0.028 0.00000 -1 ACTUAL_TF
27.0060 0.0411659 -1.6221198 0.6767069 -0.44006706 0.63068366 -0.53081615 -0.35610857 0.003449 1789441132.998174429 93.712 84.957 0.019 0.00000 -1 ACTUAL_TF
27.0586 0.0411542 -1.6219171 0.6767140 -0.44006051 0.63068510 -0.53081831 -0.35611090 0.003504 1789441133.054088593 93.915 84.753 0.015 0.00000 -1 ACTUAL_TF
27.1189 0.0411539 -1.6217295 0.6767037 -0.44006990 0.63068894 -0.53081042 -0.35610426 0.003460 1789441133.110077620 94.102 84.566 0.026 0.00000 -1 ACTUAL_TF
27.1754 0.0411556 -1.6215264 0.6767056 -0.44006941 0.63068774 -0.53081215 -0.35610442 0.003511 1789441133.166040421 94.305 84.363 0.028 0.00000 -1 ACTUAL_TF
27.2332 0.0411535 -1.6213392 0.6767079 -0.44007283 0.63068505 -0.53081410 -0.35610204 0.003460 1789441133.222071409 94.492 84.176 0.030 0.00000 -1 ACTUAL_TF
27.2838 0.0411362 -1.6211367 0.6767191 -0.44006775 0.63068234 -0.53081723 -0.35610846 0.003512 1789441133.278082848 94.696 83.973 0.017 0.00000 -1 ACTUAL_TF
27.3449 0.0411338 -1.6209579 0.6767254 -0.44006859 0.63067714 -0.53082065 -0.35611151 0.003417 1789441133.334070921 94.874 83.794 0.016 0.00000 -1 ACTUAL_TF
27.3938 0.0411301 -1.6207501 0.6767285 -0.44007130 0.63067355 -0.53082196 -0.35611258 0.003503 1789441133.390173674 95.082 83.586 0.018 0.00000 -1 ACTUAL_TF
27.4486 0.0411266 -1.6205519 0.6767401 -0.44006831 0.63066830 -0.53082877 -0.35611542 0.003517 1789441133.446148396 95.281 83.388 0.019 0.00000 -1 ACTUAL_TF
27.5124 0.0411278 -1.6203726 0.6767395 -0.44007590 0.63066461 -0.53082739 -0.35611464 0.003423 1789441133.502115965 95.460 83.209 0.028 0.00000 -1 ACTUAL_TF
27.5713 0.0411077 -1.6201465 0.6767380 -0.44007834 0.63066745 -0.53081935 -0.35611856 0.003609 1789441133.558273792 95.686 82.982 0.017 0.00000 -1 ACTUAL_TF
27.6206 0.0410962 -1.6199842 0.6767490 -0.44007511 0.63065981 -0.53082566 -0.35612670 0.003401 1789441133.614156008 95.849 82.820 0.011 0.00000 -1 ACTUAL_TF
27.6776 0.0410886 -1.6197621 0.6767515 -0.44007410 0.63066090 -0.53082645 -0.35612482 0.003573 1789441133.670093536 96.071 82.597 0.013 0.00000 -1 ACTUAL_TF
27.7345 0.0410778 -1.6196067 0.6767681 -0.44006526 0.63065432 -0.53083497 -0.35613471 0.003341 1789441133.726055145 96.227 82.441 0.020 0.00000 -1 ACTUAL_TF
27.7932 0.0410676 -1.6193916 0.6767778 -0.44005455 0.63065802 -0.53084243 -0.35613028 0.003494 1789441133.782041550 96.443 82.226 0.027 0.00000 -1 ACTUAL_TF
27.8465 0.0410645 -1.6192219 0.6767814 -0.44006189 0.63065024 -0.53084113 -0.35613693 0.003355 1789441133.838077784 96.612 82.056 0.030 0.00000 -1 ACTUAL_TF
27.8967 0.0410500 -1.6190009 0.6767894 -0.44005459 0.63065104 -0.53084542 -0.35613812 0.003538 1789441133.893968105 96.834 81.835 0.034 0.00000 -1 ACTUAL_TF
27.9573 0.0410474 -1.6187874 0.6767818 -0.44006186 0.63065453 -0.53083944 -0.35613187 0.003617 1789441133.950150490 97.047 81.622 0.026 0.00000 -1 ACTUAL_TF
28.0153 0.0410411 -1.6186038 0.6767771 -0.44006721 0.63065658 -0.53083401 -0.35612972 0.003518 1789441134.006060123 97.231 81.438 0.021 0.00000 -1 ACTUAL_TF
28.0775 0.0410276 -1.6183807 0.6767705 -0.44007460 0.63065770 -0.53082647 -0.35612984 0.003661 1789441134.062027454 97.454 81.214 0.011 0.00000 -1 ACTUAL_TF
28.1287 0.0410138 -1.6182052 0.6767650 -0.44007667 0.63066223 -0.53081869 -0.35613087 0.003504 1789441134.118173838 97.630 81.039 0.003 0.00000 -1 ACTUAL_TF
28.1815 0.0410181 -1.6179851 0.6767588 -0.44008383 0.63066236 -0.53081616 -0.35612557 0.003634 1789441134.174094200 97.850 80.819 0.012 0.00000 -1 ACTUAL_TF
28.2348 0.0410058 -1.6178059 0.6767591 -0.44008804 0.63066371 -0.53080947 -0.35612794 0.003504 1789441134.230181694 98.029 80.639 0.009 0.00000 -1 ACTUAL_TF
28.2945 0.0410111 -1.6175931 0.6767585 -0.44009455 0.63065875 -0.53081219 -0.35612462 0.003592 1789441134.286228895 98.242 80.427 0.021 0.00000 -1 ACTUAL_TF
28.3519 0.0410014 -1.6173811 0.6767655 -0.44009192 0.63065669 -0.53081515 -0.35612710 0.003651 1789441134.342326880 98.454 80.215 0.018 0.00000 -1 ACTUAL_TF
28.4044 0.0409934 -1.6171853 0.6767534 -0.44010244 0.63066046 -0.53080489 -0.35612273 0.003612 1789441134.398076534 98.650 80.019 0.025 0.00000 -1 ACTUAL_TF
28.4615 0.0409846 -1.6169704 0.6767507 -0.44010470 0.63066101 -0.53080279 -0.35612209 0.003679 1789441134.454158545 98.865 79.804 0.029 0.00000 -1 ACTUAL_TF
28.5189 0.0409850 -1.6168015 0.6767559 -0.44009844 0.63066109 -0.53080886 -0.35612064 0.003481 1789441134.510106802 99.034 79.635 0.031 0.00000 -1 ACTUAL_TF
28.5804 0.0409862 -1.6165934 0.6767546 -0.44010419 0.63065981 -0.53080734 -0.35611805 0.003553 1789441134.566057920 99.241 79.427 0.040 0.00000 -1 ACTUAL_TF
28.6297 0.0409714 -1.6164152 0.6767501 -0.44010437 0.63066537 -0.53080079 -0.35611775 0.003445 1789441134.622030973 99.420 79.249 0.038 0.00000 -1 ACTUAL_TF
28.6951 0.0409627 -1.6161997 0.6767508 -0.44010213 0.63066895 -0.53080017 -0.35611511 0.003567 1789441134.678075790 99.636 79.033 0.039 0.00000 -1 ACTUAL_TF
28.7455 0.0409516 -1.6160116 0.6767448 -0.44010959 0.63066905 -0.53079370 -0.35611534 0.003506 1789441134.734104156 99.824 78.844 0.043 0.00000 -1 ACTUAL_TF
28.7942 0.0409372 -1.6158005 0.6767520 -0.44010127 0.63067090 -0.53079728 -0.35611701 0.003588 1789441134.790140152 100.036 78.633 0.036 0.00000 -1 ACTUAL_TF
28.8536 0.0409326 -1.6156208 0.6767546 -0.44010528 0.63066786 -0.53079769 -0.35611684 0.003474 1789441134.846162558 100.215 78.453 0.036 0.00000 -1 ACTUAL_TF
28.9108 0.0409345 -1.6154301 0.6767665 -0.44010175 0.63066005 -0.53080681 -0.35612144 0.003459 1789441134.901986361 100.406 78.263 0.034 0.00000 -1 ACTUAL_TF
28.9688 0.0409289 -1.6152264 0.6767776 -0.44010004 0.63065330 -0.53081322 -0.35612595 0.003513 1789441134.958051443 100.610 78.059 0.031 0.00000 -1 ACTUAL_TF
29.0185 0.0409161 -1.6150454 0.6767737 -0.44010313 0.63065679 -0.53080802 -0.35612371 0.003419 1789441135.014737844 100.791 77.877 0.029 0.00000 -1 ACTUAL_TF
29.0771 0.0409097 -1.6148341 0.6767846 -0.44009715 0.63065396 -0.53081483 -0.35612597 0.003542 1789441135.070057869 101.003 77.666 0.026 0.00000 -1 ACTUAL_TF
29.1372 0.0408922 -1.6146575 0.6767891 -0.44009374 0.63065434 -0.53081380 -0.35613103 0.003431 1789441135.126037121 101.180 77.489 0.015 0.00000 -1 ACTUAL_TF
29.1880 0.0408840 -1.6144548 0.6768003 -0.44008730 0.63065086 -0.53082160 -0.35613353 0.003489 1789441135.182072878 101.383 77.286 0.014 0.00000 -1 ACTUAL_TF
29.2491 0.0408882 -1.6142779 0.6767936 -0.44008996 0.63065349 -0.53082125 -0.35612611 0.003389 1789441135.238178968 101.559 77.109 0.025 0.00000 -1 ACTUAL_TF
29.2986 0.0408774 -1.6140771 0.6768084 -0.44008014 0.63064917 -0.53083032 -0.35613238 0.003452 1789441135.294218779 101.760 76.908 0.023 0.00000 -1 ACTUAL_TF
29.3526 0.0408579 -1.6138522 0.6768087 -0.44007971 0.63065083 -0.53082888 -0.35613210 0.003628 1789441135.350112200 101.986 76.683 0.012 0.00000 -1 ACTUAL_TF
29.4104 0.0408514 -1.6136879 0.6768191 -0.44006902 0.63065238 -0.53083435 -0.35613442 0.003423 1789441135.406053782 102.150 76.518 0.018 0.00000 -1 ACTUAL_TF
29.4725 0.0408458 -1.6134672 0.6768151 -0.44007116 0.63065265 -0.53083524 -0.35612998 0.003556 1789441135.463182688 102.371 76.297 0.016 0.00000 -1 ACTUAL_TF
29.5319 0.0408335 -1.6133071 0.6768214 -0.44005773 0.63065933 -0.53083925 -0.35612876 0.003359 1789441135.518613338 102.532 76.137 0.015 0.00000 -1 ACTUAL_TF
29.5772 0.0408254 -1.6130836 0.6768107 -0.44006102 0.63066758 -0.53083149 -0.35612164 0.003561 1789441135.574116945 102.755 75.913 0.008 0.00000 -1 ACTUAL_TF
29.6416 0.0408314 -1.6129086 0.6768068 -0.44006351 0.63067054 -0.53083137 -0.35611352 0.003431 1789441135.630110025 102.930 75.739 0.022 0.00000 -1 ACTUAL_TF
29.6901 0.0408193 -1.6126950 0.6768031 -0.44006043 0.63067905 -0.53082720 -0.35610846 0.003547 1789441135.686194181 103.144 75.525 0.020 0.00000 -1 ACTUAL_TF
29.7525 0.0408198 -1.6125149 0.6768096 -0.44005767 0.63067744 -0.53083212 -0.35610740 0.003449 1789441135.742113590 103.324 75.345 0.025 0.00000 -1 ACTUAL_TF
29.8028 0.0408252 -1.6122885 0.6768079 -0.44006326 0.63067644 -0.53083185 -0.35610266 0.003620 1789441135.798453808 103.550 75.119 0.040 0.00000 -1 ACTUAL_TF
29.8602 0.0408200 -1.6120722 0.6768049 -0.44006652 0.63067756 -0.53082988 -0.35609958 0.003697 1789441135.854297400 103.766 74.903 0.044 0.00000 -1 ACTUAL_TF
29.9148 0.0408070 -1.6119059 0.6768168 -0.44006145 0.63067200 -0.53083554 -0.35610725 0.003486 1789441135.910124063 103.933 74.736 0.036 0.00000 -1 ACTUAL_TF
29.9754 0.0407988 -1.6116883 0.6768105 -0.44006707 0.63067735 -0.53082611 -0.35610490 0.003608 1789441135.966081619 104.150 74.518 0.038 0.00000 -1 ACTUAL_TF
30.0233 0.0408064 -1.6115244 0.6768210 -0.44006919 0.63066740 -0.53083546 -0.35610596 0.003408 1789441136.022010803 104.314 74.354 0.050 0.00000 -1 ACTUAL_TF
30.0854 0.0407935 -1.6113018 0.6768163 -0.44007370 0.63067018 -0.53083013 -0.35610340 0.003579 1789441136.078094244 104.537 74.132 0.047 0.00000 -1 ACTUAL_TF
30.1361 0.0407769 -1.6111216 0.6768175 -0.44007383 0.63066930 -0.53082757 -0.35610863 0.003476 1789441136.134020329 104.718 73.951 0.037 0.00000 -1 ACTUAL_TF
30.1971 0.0407666 -1.6109243 0.6768205 -0.44007453 0.63066548 -0.53082872 -0.35611280 0.003489 1789441136.190125465 104.915 73.753 0.035 0.00000 -1 ACTUAL_TF
30.2553 0.0407345 -1.6107338 0.6768104 -0.44007842 0.63067334 -0.53081301 -0.35611750 0.003481 1789441136.246035099 105.107 73.562 0.024 0.00000 -1 ACTUAL_TF
30.3064 0.0407213 -1.6105219 0.6768056 -0.44008196 0.63067581 -0.53080738 -0.35611716 0.003574 1789441136.302049637 105.319 73.350 0.029 0.00000 -1 ACTUAL_TF
30.3661 0.0407116 -1.6103059 0.6768016 -0.44008621 0.63067760 -0.53080302 -0.35611521 0.003659 1789441136.358118773 105.535 73.134 0.035 0.00000 -1 ACTUAL_TF
30.4259 0.0407054 -1.6101290 0.6768120 -0.44007516 0.63067855 -0.53081034 -0.35611628 0.003512 1789441136.414024591 105.712 72.956 0.026 0.00000 -1 ACTUAL_TF
30.4719 0.0406901 -1.6099235 0.6768136 -0.44007733 0.63067597 -0.53080669 -0.35612360 0.003562 1789441136.470087767 105.918 72.750 0.027 0.00000 -1 ACTUAL_TF
30.5323 0.0406851 -1.6097398 0.6768146 -0.44007616 0.63067915 -0.53080844 -0.35611681 0.003479 1789441136.526051044 106.102 72.567 0.027 0.00000 -1 ACTUAL_TF
30.5888 0.0406839 -1.6095443 0.6768237 -0.44007417 0.63067428 -0.53081429 -0.35611918 0.003482 1789441136.582126141 106.297 72.371 0.020 0.00000 -1 ACTUAL_TF
30.6471 0.0406693 -1.6093644 0.6768248 -0.44007889 0.63067331 -0.53080885 -0.35612316 0.003405 1789441136.638078928 106.478 72.191 0.021 0.00000 -1 ACTUAL_TF
30.7047 0.0406703 -1.6091542 0.6768280 -0.44008377 0.63067050 -0.53080927 -0.35612149 0.003504 1789441136.694339275 106.688 71.981 0.020 0.00000 -1 ACTUAL_TF
30.7551 0.0406765 -1.6089733 0.6768351 -0.44008707 0.63066474 -0.53081484 -0.35611931 0.003426 1789441136.750197887 106.868 71.800 0.023 0.00000 -1 ACTUAL_TF
30.8127 0.0406735 -1.6087575 0.6768390 -0.44009172 0.63065693 -0.53081716 -0.35612395 0.003557 1789441136.806087971 107.084 71.584 0.027 0.00000 -1 ACTUAL_TF
30.8700 0.0406622 -1.6085559 0.6768559 -0.44008145 0.63064949 -0.53082850 -0.35613289 0.003575 1789441136.862094879 107.286 71.382 0.021 0.00000 -1 ACTUAL_TF
30.9293 0.0406666 -1.6083856 0.6768564 -0.44008522 0.63064538 -0.53083153 -0.35613100 0.003417 1789441136.917967558 107.456 71.212 0.032 0.00000 -1 ACTUAL_TF
30.9785 0.0406573 -1.6081814 0.6768590 -0.44008027 0.63064949 -0.53083210 -0.35612898 0.003487 1789441136.973988533 107.660 71.008 0.030 0.00000 -1 ACTUAL_TF
31.0383 0.0406426 -1.6080080 0.6768663 -0.44008224 0.63064456 -0.53083054 -0.35613761 0.003374 1789441137.029976845 107.834 70.834 0.024 0.00000 -1 ACTUAL_TF
31.1008 0.0406308 -1.6077927 0.6768611 -0.44008341 0.63064993 -0.53082696 -0.35613199 0.003517 1789441137.085973740 108.050 70.619 0.019 0.00000 -1 ACTUAL_TF
31.1477 0.0406221 -1.6076089 0.6768600 -0.44008148 0.63065314 -0.53082533 -0.35613112 0.003447 1789441137.142011881 108.234 70.435 0.017 0.00000 -1 ACTUAL_TF
31.2073 0.0406081 -1.6073947 0.6768560 -0.44008205 0.63066044 -0.53081861 -0.35612752 0.003563 1789441137.198016167 108.448 70.220 0.014 0.00000 -1 ACTUAL_TF
31.2638 0.0405928 -1.6071860 0.6768519 -0.44008795 0.63066117 -0.53081048 -0.35613106 0.003609 1789441137.254346609 108.657 70.011 0.015 0.00000 -1 ACTUAL_TF
31.3228 0.0405926 -1.6070155 0.6768495 -0.44009048 0.63066082 -0.53081094 -0.35612785 0.003443 1789441137.310138464 108.828 69.841 0.021 0.00000 -1 ACTUAL_TF
31.3711 0.0405864 -1.6068083 0.6768547 -0.44008426 0.63066408 -0.53081461 -0.35612428 0.003521 1789441137.366122007 109.035 69.633 0.019 0.00000 -1 ACTUAL_TF
31.4311 0.0405691 -1.6066182 0.6768472 -0.44009593 0.63066206 -0.53080420 -0.35612897 0.003492 1789441137.421947479 109.226 69.443 0.024 0.00000 -1 ACTUAL_TF
31.4817 0.0405695 -1.6063820 0.6768408 -0.44009565 0.63066871 -0.53080367 -0.35611833 0.003706 1789441137.478119612 109.462 69.207 0.035 0.00000 -1 ACTUAL_TF
31.5431 0.0405537 -1.6062161 0.6768494 -0.44009637 0.63066039 -0.53080544 -0.35612954 0.003490 1789441137.533976078 109.628 69.040 0.026 0.00000 -1 ACTUAL_TF
31.5992 0.0405505 -1.6060173 0.6768585 -0.44009114 0.63065881 -0.53081139 -0.35612992 0.003507 1789441137.590143919 109.827 68.842 0.020 0.00000 -1 ACTUAL_TF
31.6535 0.0405528 -1.6058494 0.6768575 -0.44009164 0.63065836 -0.53081254 -0.35612839 0.003355 1789441137.646093369 109.995 68.674 0.026 0.00000 -1 ACTUAL_TF
31.7072 0.0405443 -1.6056433 0.6768650 -0.44009096 0.63065615 -0.53081429 -0.35613052 0.003454 1789441137.702086210 110.201 68.468 0.022 0.00000 -1 ACTUAL_TF
31.7661 0.0405279 -1.6054316 0.6768670 -0.44009004 0.63065687 -0.53081290 -0.35613246 0.003555 1789441137.758130550 110.413 68.255 0.017 0.00000 -1 ACTUAL_TF
31.8181 0.0405200 -1.6052261 0.6768604 -0.44009694 0.63065889 -0.53080860 -0.35612677 0.003590 1789441137.814177752 110.619 68.050 0.025 0.00000 -1 ACTUAL_TF
31.8798 0.0405119 -1.6050225 0.6768678 -0.44009377 0.63065554 -0.53081336 -0.35612953 0.003602 1789441137.870353222 110.823 67.846 0.020 0.00000 -1 ACTUAL_TF
31.9317 0.0405022 -1.6048563 0.6768686 -0.44008434 0.63066339 -0.53081395 -0.35612639 0.003417 1789441137.926104069 110.989 67.680 0.020 0.00000 -1 ACTUAL_TF
31.9854 0.0404990 -1.6046521 0.6768851 -0.44008224 0.63065156 -0.53082432 -0.35613448 0.003491 1789441137.982024670 111.193 67.475 0.010 0.00000 -1 ACTUAL_TF
32.0446 0.0405074 -1.6044833 0.6768872 -0.44007924 0.63065369 -0.53083038 -0.35612540 0.003350 1789441138.037965775 111.362 67.307 0.024 0.00000 -1 ACTUAL_TF
32.1064 0.0404951 -1.6042539 0.6768859 -0.44008621 0.63065403 -0.53082525 -0.35612383 0.003574 1789441138.094061852 111.591 67.077 0.022 0.00000 -1 ACTUAL_TF
32.1580 0.0404929 -1.6040710 0.6768886 -0.44008445 0.63065410 -0.53082833 -0.35612128 0.003480 1789441138.150182009 111.774 66.894 0.026 0.00000 -1 ACTUAL_TF
32.2191 0.0404939 -1.6038595 0.6768898 -0.44008736 0.63065540 -0.53082823 -0.35611552 0.003571 1789441138.206064463 111.986 66.683 0.035 0.00000 -1 ACTUAL_TF
32.2698 0.0404965 -1.6036528 0.6768957 -0.44008265 0.63065451 -0.53083591 -0.35611149 0.003608 1789441138.262041330 112.192 66.476 0.045 0.00000 -1 ACTUAL_TF
32.3276 0.0404864 -1.6034852 0.6769031 -0.44007576 0.63065274 -0.53084117 -0.35611528 0.003425 1789441138.318106890 112.360 66.309 0.042 0.00000 -1 ACTUAL_TF
32.3776 0.0404736 -1.6032718 0.6769043 -0.44007343 0.63065564 -0.53084007 -0.35611467 0.003543 1789441138.374108315 112.574 66.095 0.037 0.00000 -1 ACTUAL_TF
32.4366 0.0404685 -1.6030917 0.6769104 -0.44007505 0.63065061 -0.53084424 -0.35611537 0.003444 1789441138.430216789 112.754 65.915 0.039 0.00000 -1 ACTUAL_TF
32.4946 0.0404521 -1.6028878 0.6769153 -0.44006516 0.63065450 -0.53084581 -0.35611834 0.003508 1789441138.486146212 112.958 65.710 0.032 0.00000 -1 ACTUAL_TF
32.5523 0.0404429 -1.6027076 0.6769178 -0.44007142 0.63065224 -0.53084258 -0.35611944 0.003425 1789441138.542011023 113.139 65.530 0.030 0.00000 -1 ACTUAL_TF
32.6038 0.0404274 -1.6024989 0.6769152 -0.44006727 0.63065658 -0.53084085 -0.35611945 0.003516 1789441138.598108768 113.348 65.321 0.021 0.00000 -1 ACTUAL_TF
32.6625 0.0404092 -1.6023314 0.6769175 -0.44006681 0.63065795 -0.53083666 -0.35612384 0.003365 1789441138.654064178 113.516 65.153 0.011 0.00000 -1 ACTUAL_TF
32.7137 0.0403929 -1.6021132 0.6769078 -0.44007352 0.63066498 -0.53082544 -0.35611982 0.003530 1789441138.710026741 113.735 64.934 0.006 0.00000 -1 ACTUAL_TF
32.7758 0.0403929 -1.6018997 0.6769088 -0.44007538 0.63066506 -0.53082579 -0.35611686 0.003615 1789441138.766011000 113.948 64.721 0.012 0.00000 -1 ACTUAL_TF
32.8276 0.0403777 -1.6017203 0.6769066 -0.44007537 0.63066853 -0.53082115 -0.35611764 0.003493 1789441138.822112799 114.128 64.541 0.011 0.00000 -1 ACTUAL_TF
32.8952 0.0403746 -1.6015110 0.6769051 -0.44007251 0.63067355 -0.53082189 -0.35611119 0.003571 1789441138.877925634 114.337 64.332 0.015 0.00000 -1 ACTUAL_TF
32.9459 0.0403688 -1.6013300 0.6769026 -0.44008504 0.63067151 -0.53081358 -0.35611170 0.003467 1789441138.934053421 114.518 64.151 0.020 0.00000 -1 ACTUAL_TF
32.9963 0.0403609 -1.6011282 0.6769017 -0.44007510 0.63068011 -0.53081387 -0.35610834 0.003510 1789441138.990013838 114.720 63.949 0.022 0.00000 -1 ACTUAL_TF
33.0537 0.0403376 -1.6009500 0.6769054 -0.44007116 0.63068151 -0.53081142 -0.35611436 0.003419 1789441139.046051741 114.899 63.770 0.021 0.00000 -1 ACTUAL_TF
33.1059 0.0403460 -1.6007369 0.6769049 -0.44007605 0.63067811 -0.53081524 -0.35610865 0.003537 1789441139.101990223 115.112 63.557 0.023 0.00000 -1 ACTUAL_TF
33.1655 0.0403371 -1.6005622 0.6769073 -0.44007488 0.63067796 -0.53081538 -0.35611015 0.003411 1789441139.158128977 115.287 63.382 0.021 0.00000 -1 ACTUAL_TF
33.2230 0.0403333 -1.6003556 0.6769056 -0.44008123 0.63067691 -0.53081212 -0.35610902 0.003496 1789441139.214038610 115.493 63.176 0.026 0.00000 -1 ACTUAL_TF
33.2790 0.0403220 -1.6001446 0.6769074 -0.44008680 0.63067426 -0.53080785 -0.35611320 0.003582 1789441139.269931555 115.704 62.964 0.025 0.00000 -1 ACTUAL_TF
33.3390 0.0403148 -1.5999579 0.6769015 -0.44010090 0.63067234 -0.53079931 -0.35611191 0.003508 1789441139.325983047 115.891 62.777 0.033 0.00000 -1 ACTUAL_TF
33.3858 0.0403163 -1.5997607 0.6769100 -0.44009746 0.63067083 -0.53080500 -0.35611035 0.003512 1789441139.382030964 116.088 62.580 0.030 0.00000 -1 ACTUAL_TF
33.4440 0.0403044 -1.5995782 0.6769104 -0.44010276 0.63067175 -0.53079771 -0.35611303 0.003438 1789441139.438037157 116.271 62.398 0.029 0.00000 -1 ACTUAL_TF
33.5029 0.0402885 -1.5993795 0.6769218 -0.44009720 0.63067002 -0.53080142 -0.35611746 0.003475 1789441139.494116306 116.470 62.198 0.017 0.00000 -1 ACTUAL_TF
33.5528 0.0402779 -1.5992066 0.6769278 -0.44009377 0.63066834 -0.53080343 -0.35612167 0.003361 1789441139.550130606 116.643 62.025 0.013 0.00000 -1 ACTUAL_TF
33.6109 0.0402693 -1.5990007 0.6769393 -0.44009099 0.63066270 -0.53080935 -0.35612627 0.003455 1789441139.606331587 116.850 61.819 0.004 0.00000 -1 ACTUAL_TF
33.6697 0.0402607 -1.5988157 0.6769425 -0.44009771 0.63065811 -0.53080843 -0.35612745 0.003416 1789441139.661988020 117.035 61.634 0.003 0.00000 -1 ACTUAL_TF
33.7216 0.0402535 -1.5986194 0.6769520 -0.44009231 0.63065474 -0.53081426 -0.35613142 0.003445 1789441139.717986107 117.231 61.437 0.006 0.00000 -1 ACTUAL_TF
33.7792 0.0402413 -1.5984026 0.6769552 -0.44009319 0.63065503 -0.53081301 -0.35613168 0.003574 1789441139.774031401 117.449 61.220 0.010 0.00000 -1 ACTUAL_TF
33.8442 0.0402507 -1.5982329 0.6769614 -0.44009278 0.63065029 -0.53082069 -0.35612913 0.003413 1789441139.830029964 117.618 61.051 0.015 0.00000 -1 ACTUAL_TF
33.8924 0.0402369 -1.5980146 0.6769720 -0.44009499 0.63064655 -0.53082174 -0.35613145 0.003562 1789441139.886049747 117.837 60.832 0.021 0.00000 -1 ACTUAL_TF
33.9480 0.0402312 -1.5978472 0.6769823 -0.44008800 0.63064312 -0.53082981 -0.35613414 0.003393 1789441139.942008018 118.004 60.664 0.029 0.00000 -1 ACTUAL_TF
33.9986 0.0402263 -1.5976391 0.6769903 -0.44008621 0.63064265 -0.53083161 -0.35613450 0.003493 1789441139.997926712 118.212 60.456 0.036 0.00000 -1 ACTUAL_TF
34.0596 0.0402252 -1.5974690 0.6769919 -0.44008904 0.63064011 -0.53083207 -0.35613481 0.003355 1789441140.054004669 118.382 60.286 0.038 0.00000 -1 ACTUAL_TF
34.1114 0.0402114 -1.5972431 0.6769893 -0.44009159 0.63064289 -0.53082590 -0.35613593 0.003561 1789441140.109989166 118.609 60.060 0.032 0.00000 -1 ACTUAL_TF
34.1742 0.0402067 -1.5970397 0.6769916 -0.44009463 0.63064104 -0.53082684 -0.35613406 0.003582 1789441140.166062117 118.812 59.856 0.033 0.00000 -1 ACTUAL_TF
34.2216 0.0402013 -1.5968493 0.6769890 -0.44010066 0.63064255 -0.53082140 -0.35613204 0.003529 1789441140.221983910 119.002 59.666 0.030 0.00000 -1 ACTUAL_TF
34.2836 0.0401968 -1.5966387 0.6769857 -0.44010414 0.63064600 -0.53081828 -0.35612627 0.003596 1789441140.278144836 119.213 59.456 0.027 0.00000 -1 ACTUAL_TF
34.3499 0.0401785 -1.5964713 0.6769861 -0.44009821 0.63065068 -0.53081470 -0.35613065 0.003420 1789441140.334056139 119.381 59.288 0.021 0.00000 -1 ACTUAL_TF
34.4045 0.0401670 -1.5962610 0.6769816 -0.44010385 0.63065401 -0.53080703 -0.35612922 0.003521 1789441140.390163183 119.592 59.077 0.014 0.00000 -1 ACTUAL_TF
34.4550 0.0401518 -1.5960767 0.6769735 -0.44010401 0.63066120 -0.53079981 -0.35612706 0.003455 1789441140.446221113 119.776 58.892 0.007 0.00000 -1 ACTUAL_TF
34.5045 0.0401497 -1.5958689 0.6769697 -0.44010724 0.63066495 -0.53079699 -0.35612061 0.003532 1789441140.502248049 119.984 58.685 0.002 0.00000 -1 ACTUAL_TF
34.5615 0.0401468 -1.5956857 0.6769726 -0.44010430 0.63066703 -0.53080021 -0.35611575 0.003456 1789441140.558118820 120.167 58.501 0.005 0.00000 -1 ACTUAL_TF
34.6177 0.0401396 -1.5954749 0.6769724 -0.44010555 0.63066707 -0.53079870 -0.35611640 0.003552 1789441140.613973856 120.378 58.291 0.006 0.00000 -1 ACTUAL_TF
34.6755 0.0401376 -1.5952681 0.6769743 -0.44010401 0.63066645 -0.53080195 -0.35611456 0.003593 1789441140.670050621 120.585 58.084 0.012 0.00000 -1 ACTUAL_TF
34.7317 0.0401282 -1.5951070 0.6769824 -0.44009570 0.63066556 -0.53080704 -0.35611882 0.003381 1789441140.726008654 120.746 57.922 0.009 0.00000 -1 ACTUAL_TF
34.7884 0.0401383 -1.5949011 0.6769884 -0.44009535 0.63066286 -0.53081444 -0.35611300 0.003471 1789441140.782072783 120.952 57.717 0.028 0.00000 -1 ACTUAL_TF
34.8471 0.0401248 -1.5947132 0.6769795 -0.44010232 0.63066687 -0.53080645 -0.35610919 0.003434 1789441140.838396311 121.140 57.529 0.021 0.00000 -1 ACTUAL_TF
34.9078 0.0401156 -1.5945085 0.6769891 -0.44009171 0.63066612 -0.53081469 -0.35611136 0.003506 1789441140.894205809 121.345 57.324 0.020 0.00000 -1 ACTUAL_TF
34.9560 0.0401079 -1.5943245 0.6769821 -0.44010268 0.63066771 -0.53080570 -0.35610837 0.003445 1789441140.950066328 121.529 57.140 0.019 0.00000 -1 ACTUAL_TF
35.0155 0.0400856 -1.5941189 0.6769836 -0.44009505 0.63067241 -0.53080479 -0.35611085 0.003519 1789441141.006044388 121.735 56.933 0.006 0.00000 -1 ACTUAL_TF
35.0681 0.0400683 -1.5939551 0.6769913 -0.44009165 0.63066938 -0.53080516 -0.35611986 0.003347 1789441141.062012434 121.900 56.769 0.007 0.00000 -1 ACTUAL_TF
35.1233 0.0400631 -1.5937514 0.6769920 -0.44009051 0.63066695 -0.53080902 -0.35611982 0.003433 1789441141.118086100 122.103 56.565 0.004 0.00000 -1 ACTUAL_TF
35.1803 0.0400443 -1.5935478 0.6769980 -0.44008791 0.63066688 -0.53080751 -0.35612541 0.003501 1789441141.174005032 122.308 56.361 0.016 0.00000 -1 ACTUAL_TF
35.2324 0.0400238 -1.5933679 0.6770026 -0.44008919 0.63066275 -0.53080643 -0.35613275 0.003419 1789441141.230091572 122.488 56.180 0.029 0.00000 -1 ACTUAL_TF
35.2904 0.0400101 -1.5931603 0.6770045 -0.44008753 0.63066333 -0.53080624 -0.35613405 0.003509 1789441141.286037445 122.696 55.972 0.035 0.00000 -1 ACTUAL_TF
35.3494 0.0400081 -1.5929795 0.6770060 -0.44010017 0.63065636 -0.53080371 -0.35613455 0.003425 1789441141.342033625 122.877 55.792 0.030 0.00000 -1 ACTUAL_TF
35.4020 0.0400045 -1.5927882 0.6770145 -0.44008940 0.63065512 -0.53081389 -0.35613489 0.003422 1789441141.398120642 123.068 55.600 0.029 0.00000 -1 ACTUAL_TF
35.4657 0.0399966 -1.5926059 0.6770207 -0.44008781 0.63065144 -0.53081804 -0.35613717 0.003374 1789441141.454114676 123.251 55.418 0.032 0.00000 -1 ACTUAL_TF
35.5151 0.0399879 -1.5924002 0.6770269 -0.44008274 0.63065294 -0.53082063 -0.35613693 0.003465 1789441141.510097742 123.457 55.212 0.035 0.00000 -1 ACTUAL_TF
35.5722 0.0399724 -1.5922194 0.6770317 -0.44008297 0.63064954 -0.53082160 -0.35614122 0.003400 1789441141.566009283 123.638 55.031 0.044 0.00000 -1 ACTUAL_TF
35.6285 0.0399807 -1.5920130 0.6770417 -0.44007367 0.63064483 -0.53083639 -0.35613901 0.003487 1789441141.622066975 123.844 54.825 0.039 0.00000 -1 ACTUAL_TF
35.6842 0.0399789 -1.5918045 0.6770438 -0.44007089 0.63064312 -0.53084132 -0.35613812 0.003557 1789441141.678096056 124.052 54.616 0.036 0.00000 -1 ACTUAL_TF
35.7391 0.0399760 -1.5916254 0.6770508 -0.44007500 0.63063722 -0.53084259 -0.35614160 0.003451 1789441141.734010458 124.231 54.437 0.040 0.00000 -1 ACTUAL_TF
35.7976 0.0399617 -1.5914071 0.6770467 -0.44007998 0.63064004 -0.53083590 -0.35614042 0.003586 1789441141.790115118 124.450 54.218 0.036 0.00000 -1 ACTUAL_TF
35.8571 0.0399702 -1.5912420 0.6770480 -0.44008212 0.63063817 -0.53083953 -0.35613567 0.003398 1789441141.845988750 124.615 54.054 0.033 0.00000 -1 ACTUAL_TF
35.9049 0.0399497 -1.5910279 0.6770359 -0.44008749 0.63064710 -0.53082589 -0.35613357 0.003530 1789441141.902124405 124.829 53.839 0.022 0.00000 -1 ACTUAL_TF
35.9625 0.0399424 -1.5908427 0.6770307 -0.44008984 0.63065102 -0.53082146 -0.35613030 0.003463 1789441141.958184004 125.015 53.654 0.017 0.00000 -1 ACTUAL_TF
36.0217 0.0399366 -1.5906278 0.6770206 -0.44009339 0.63065648 -0.53081431 -0.35612692 0.003582 1789441142.013974905 125.230 53.439 0.009 0.00000 -1 ACTUAL_TF
36.0846 0.0399301 -1.5904424 0.6770106 -0.44009521 0.63066221 -0.53080931 -0.35612197 0.003499 1789441142.070146799 125.415 53.254 0.015 0.00000 -1 ACTUAL_TF
36.1372 0.0399186 -1.5902286 0.6770055 -0.44010081 0.63066481 -0.53080075 -0.35612321 0.003599 1789441142.126065493 125.629 53.039 0.022 0.00000 -1 ACTUAL_TF
36.1944 0.0399148 -1.5900190 0.6770051 -0.44010393 0.63066965 -0.53079596 -0.35611793 0.003643 1789441142.182008266 125.839 52.830 0.023 0.00000 -1 ACTUAL_TF
36.2500 0.0399147 -1.5898493 0.6770089 -0.44010395 0.63066569 -0.53080170 -0.35611634 0.003457 1789441142.238174677 126.008 52.660 0.019 0.00000 -1 ACTUAL_TF
36.3012 0.0399211 -1.5896271 0.6770034 -0.44010846 0.63066723 -0.53080151 -0.35610833 0.003613 1789441142.294066668 126.230 52.439 0.030 0.00000 -1 ACTUAL_TF
36.3578 0.0399176 -1.5894670 0.6770102 -0.44010085 0.63066733 -0.53080698 -0.35610940 0.003389 1789441142.349992752 126.390 52.278 0.027 0.00000 -1 ACTUAL_TF
36.4204 0.0399147 -1.5892473 0.6770098 -0.44010816 0.63066556 -0.53080466 -0.35610696 0.003544 1789441142.406246424 126.610 52.059 0.033 0.00000 -1 ACTUAL_TF
36.4667 0.0399063 -1.5890824 0.6770179 -0.44010692 0.63066388 -0.53080476 -0.35611132 0.003369 1789441142.462065220 126.775 51.894 0.027 0.00000 -1 ACTUAL_TF
36.5274 0.0398876 -1.5888701 0.6770114 -0.44010718 0.63067158 -0.53079564 -0.35611094 0.003503 1789441142.517976522 126.988 51.681 0.028 0.00000 -1 ACTUAL_TF
36.5802 0.0398772 -1.5886630 0.6770155 -0.44011094 0.63066988 -0.53079306 -0.35611318 0.003562 1789441142.574030638 127.195 51.473 0.025 0.00000 -1 ACTUAL_TF
36.6390 0.0398708 -1.5884855 0.6770128 -0.44011124 0.63067241 -0.53079012 -0.35611269 0.003444 1789441142.630073547 127.373 51.296 0.029 0.00000 -1 ACTUAL_TF
36.6893 0.0398593 -1.5882835 0.6770219 -0.44010262 0.63067155 -0.53079533 -0.35611711 0.003496 1789441142.686087132 127.575 51.094 0.021 0.00000 -1 ACTUAL_TF
36.7510 0.0398563 -1.5881021 0.6770180 -0.44010745 0.63067255 -0.53079305 -0.35611277 0.003421 1789441142.741984367 127.756 50.912 0.028 0.00000 -1 ACTUAL_TF
36.8005 0.0398487 -1.5879142 0.6770275 -0.44010272 0.63066698 -0.53079873 -0.35612003 0.003405 1789441142.797918081 127.944 50.724 0.021 0.00000 -1 ACTUAL_TF
36.8613 0.0398359 -1.5877363 0.6770304 -0.44010283 0.63066815 -0.53079705 -0.35612030 0.003337 1789441142.854069948 128.123 50.546 0.018 0.00000 -1 ACTUAL_TF
36.9201 0.0398387 -1.5875299 0.6770338 -0.44010474 0.63066791 -0.53079938 -0.35611491 0.003439 1789441142.910203934 128.329 50.340 0.021 0.00000 -1 ACTUAL_TF
36.9736 0.0398383 -1.5873497 0.6770327 -0.44010219 0.63067388 -0.53079860 -0.35610864 0.003368 1789441142.966426373 128.509 50.160 0.027 0.00000 -1 ACTUAL_TF
37.0336 0.0398364 -1.5871415 0.6770416 -0.44009968 0.63066722 -0.53080810 -0.35610937 0.003483 1789441143.022017479 128.717 49.951 0.028 0.00000 -1 ACTUAL_TF
37.0860 0.0398214 -1.5869351 0.6770437 -0.44008989 0.63067127 -0.53080990 -0.35611163 0.003546 1789441143.078034878 128.924 49.745 0.022 0.00000 -1 ACTUAL_TF
37.1353 0.0398214 -1.5867522 0.6770434 -0.44009252 0.63067365 -0.53080897 -0.35610556 0.003463 1789441143.133982897 129.107 49.562 0.029 0.00000 -1 ACTUAL_TF
37.2008 0.0398224 -1.5865631 0.6770597 -0.44008785 0.63066494 -0.53081933 -0.35611130 0.003438 1789441143.190137863 129.296 49.373 0.034 0.00000 -1 ACTUAL_TF
37.2530 0.0398080 -1.5863907 0.6770623 -0.44008406 0.63066584 -0.53081890 -0.35611503 0.003332 1789441143.246287584 129.469 49.200 0.027 0.00000 -1 ACTUAL_TF
37.3117 0.0398024 -1.5861911 0.6770716 -0.44007654 0.63066148 -0.53082942 -0.35611637 0.003409 1789441143.301954746 129.668 49.000 0.030 0.00000 -1 ACTUAL_TF
37.3624 0.0397856 -1.5860058 0.6770633 -0.44008351 0.63066350 -0.53082151 -0.35611596 0.003382 1789441143.358081579 129.854 48.814 0.019 0.00000 -1 ACTUAL_TF
37.4222 0.0397662 -1.5858016 0.6770723 -0.44007140 0.63066615 -0.53082521 -0.35612072 0.003467 1789441143.414051533 130.059 48.610 0.010 0.00000 -1 ACTUAL_TF
37.4762 0.0397571 -1.5856360 0.6770726 -0.44007216 0.63066764 -0.53082289 -0.35612061 0.003315 1789441143.470090628 130.225 48.444 0.007 0.00000 -1 ACTUAL_TF
37.5336 0.0397401 -1.5854361 0.6770799 -0.44006136 0.63067287 -0.53082511 -0.35612137 0.003398 1789441143.526004553 130.425 48.243 0.011 0.00000 -1 ACTUAL_TF
37.5938 0.0397240 -1.5852179 0.6770698 -0.44007482 0.63067093 -0.53081305 -0.35612616 0.003552 1789441143.581990957 130.644 48.025 0.012 0.00000 -1 ACTUAL_TF
37.6505 0.0397068 -1.5850431 0.6770661 -0.44006752 0.63068005 -0.53080961 -0.35612415 0.003427 1789441143.638052464 130.819 47.849 0.023 0.00000 -1 ACTUAL_TF
37.7017 0.0396997 -1.5848138 0.6770622 -0.44008249 0.63067818 -0.53079993 -0.35612339 0.003625 1789441143.694161415 131.048 47.620 0.024 0.00000 -1 ACTUAL_TF
37.7554 0.0396901 -1.5846532 0.6770702 -0.44007504 0.63068087 -0.53080223 -0.35612441 0.003402 1789441143.750121355 131.209 47.459 0.025 0.00000 -1 ACTUAL_TF
37.8102 0.0396767 -1.5844467 0.6770758 -0.44007919 0.63067850 -0.53079844 -0.35612913 0.003490 1789441143.806118727 131.416 47.252 0.029 0.00000 -1 ACTUAL_TF
37.8626 0.0396804 -1.5842719 0.6770699 -0.44008626 0.63067663 -0.53079719 -0.35612556 0.003380 1789441143.862107038 131.591 47.078 0.022 0.00000 -1 ACTUAL_TF
37.9247 0.0396896 -1.5840661 0.6770743 -0.44008981 0.63067200 -0.53080221 -0.35612189 0.003469 1789441143.918140888 131.796 46.872 0.008 0.00000 -1 ACTUAL_TF
37.9768 0.0396846 -1.5838856 0.6770661 -0.44009759 0.63067523 -0.53079436 -0.35611826 0.003398 1789441143.974113464 131.977 46.692 0.018 0.00000 -1 ACTUAL_TF
38.0403 0.0396928 -1.5836624 0.6770724 -0.44009918 0.63067519 -0.53079684 -0.35611266 0.003576 1789441144.030065060 132.199 46.469 0.022 0.00000 -1 ACTUAL_TF
38.0925 0.0396881 -1.5834519 0.6770698 -0.44009923 0.63068002 -0.53079379 -0.35610860 0.003630 1789441144.086125135 132.410 46.259 0.028 0.00000 -1 ACTUAL_TF
38.1459 0.0396785 -1.5832832 0.6770738 -0.44009343 0.63068097 -0.53079699 -0.35610931 0.003448 1789441144.142039537 132.579 46.090 0.024 0.00000 -1 ACTUAL_TF
38.2052 0.0396673 -1.5830742 0.6770690 -0.44009649 0.63068050 -0.53079309 -0.35611218 0.003534 1789441144.198091745 132.788 45.880 0.027 0.00000 -1 ACTUAL_TF
38.2694 0.0396741 -1.5829084 0.6770690 -0.44009903 0.63068088 -0.53079502 -0.35610550 0.003364 1789441144.254032612 132.953 45.715 0.037 0.00000 -1 ACTUAL_TF
38.3176 0.0396641 -1.5827113 0.6770780 -0.44009686 0.63067886 -0.53079756 -0.35610797 0.003413 1789441144.310006380 133.151 45.518 0.031 0.00000 -1 ACTUAL_TF
38.3826 0.0396616 -1.5825174 0.6770748 -0.44010838 0.63067713 -0.53079151 -0.35610580 0.003426 1789441144.366122007 133.345 45.324 0.038 0.00000 -1 ACTUAL_TF
38.4350 0.0396494 -1.5823069 0.6770774 -0.44010703 0.63067658 -0.53079198 -0.35610775 0.003529 1789441144.422102213 133.556 45.113 0.034 0.00000 -1 ACTUAL_TF
38.4846 0.0396409 -1.5821460 0.6770859 -0.44010124 0.63067023 -0.53079970 -0.35611463 0.003335 1789441144.478028536 133.717 44.952 0.028 0.00000 -1 ACTUAL_TF
38.5402 0.0396366 -1.5819388 0.6770909 -0.44010185 0.63066564 -0.53080365 -0.35611613 0.003446 1789441144.534002066 133.924 44.745 0.030 0.00000 -1 ACTUAL_TF
38.5975 0.0396306 -1.5817388 0.6770986 -0.44009922 0.63066520 -0.53080536 -0.35611761 0.003484 1789441144.590062618 134.124 44.544 0.030 0.00000 -1 ACTUAL_TF
38.6573 0.0396430 -1.5815699 0.6771029 -0.44009657 0.63066578 -0.53081240 -0.35610936 0.003343 1789441144.646274090 134.292 44.376 0.049 0.00000 -1 ACTUAL_TF
38.7057 0.0396282 -1.5813504 0.6771103 -0.44009195 0.63066219 -0.53081804 -0.35611302 0.003525 1789441144.701989412 134.512 44.156 0.042 0.00000 -1 ACTUAL_TF
38.7652 0.0396177 -1.5811697 0.6771074 -0.44009831 0.63066015 -0.53081504 -0.35611323 0.003437 1789441144.757983208 134.693 43.975 0.039 0.00000 -1 ACTUAL_TF
38.8234 0.0396153 -1.5809814 0.6771184 -0.44008918 0.63065723 -0.53082493 -0.35611496 0.003414 1789441144.814108133 134.882 43.787 0.044 0.00000 -1 ACTUAL_TF
38.8697 0.0396037 -1.5808193 0.6771337 -0.44008377 0.63065055 -0.53083127 -0.35612403 0.003266 1789441144.869991779 135.044 43.624 0.044 0.00000 -1 ACTUAL_TF
38.9262 0.0395921 -1.5806115 0.6771320 -0.44008268 0.63065604 -0.53082773 -0.35612093 0.003400 1789441144.926075935 135.252 43.416 0.039 0.00000 -1 ACTUAL_TF
38.9851 0.0395811 -1.5804011 0.6771348 -0.44008261 0.63065459 -0.53082889 -0.35612185 0.003507 1789441144.982179403 135.463 43.206 0.037 0.00000 -1 ACTUAL_TF
39.0485 0.0395729 -1.5802221 0.6771437 -0.44007685 0.63065305 -0.53083346 -0.35612490 0.003419 1789441145.037993193 135.642 43.026 0.040 0.00000 -1 ACTUAL_TF
39.0981 0.0395576 -1.5800127 0.6771393 -0.44008089 0.63065770 -0.53082415 -0.35612554 0.003516 1789441145.094105244 135.852 42.816 0.030 0.00000 -1 ACTUAL_TF
39.1557 0.0395488 -1.5798327 0.6771304 -0.44009061 0.63066100 -0.53081442 -0.35612218 0.003421 1789441145.150502920 136.032 42.636 0.023 0.00000 -1 ACTUAL_TF
39.2150 0.0395467 -1.5796422 0.6771314 -0.44008607 0.63066388 -0.53081622 -0.35612000 0.003423 1789441145.206073046 136.223 42.446 0.028 0.00000 -1 ACTUAL_TF
39.2713 0.0395280 -1.5794586 0.6771279 -0.44009463 0.63066433 -0.53080525 -0.35612499 0.003387 1789441145.261966705 136.407 42.262 0.016 0.00000 -1 ACTUAL_TF
39.3176 0.0395169 -1.5792440 0.6771182 -0.44009708 0.63066986 -0.53079954 -0.35612067 0.003523 1789441145.318002462 136.622 42.047 0.016 0.00000 -1 ACTUAL_TF
39.3766 0.0395123 -1.5790619 0.6771229 -0.44009454 0.63066767 -0.53080534 -0.35611903 0.003437 1789441145.374273539 136.804 41.865 0.017 0.00000 -1 ACTUAL_TF
39.4366 0.0394974 -1.5788529 0.6771208 -0.44009382 0.63067106 -0.53080170 -0.35611935 0.003534 1789441145.430027485 137.013 41.655 0.013 0.00000 -1 ACTUAL_TF
39.4897 0.0394910 -1.5786548 0.6771334 -0.44009169 0.63066410 -0.53080843 -0.35612428 0.003538 1789441145.486011267 137.211 41.457 0.010 0.00000 -1 ACTUAL_TF
39.5492 0.0394824 -1.5784690 0.6771229 -0.44009429 0.63067173 -0.53080172 -0.35611756 0.003473 1789441145.542084455 137.397 41.271 0.015 0.00000 -1 ACTUAL_TF
39.6041 0.0394826 -1.5782726 0.6771246 -0.44009390 0.63066962 -0.53080389 -0.35611856 0.003480 1789441145.598274946 137.594 41.075 0.020 0.00000 -1 ACTUAL_TF
39.6585 0.0394621 -1.5780997 0.6771265 -0.44008765 0.63067172 -0.53080404 -0.35612233 0.003369 1789441145.654233456 137.767 40.901 0.012 0.00000 -1 ACTUAL_TF
39.7131 0.0394457 -1.5778707 0.6771205 -0.44009232 0.63067774 -0.53079579 -0.35611818 0.003593 1789441145.710029840 137.996 40.672 0.021 0.00000 -1 ACTUAL_TF
39.7744 0.0394274 -1.5777084 0.6771266 -0.44008102 0.63068088 -0.53079912 -0.35612163 0.003390 1789441145.766083717 138.159 40.509 0.023 0.00000 -1 ACTUAL_TF
39.8233 0.0394087 -1.5774986 0.6771221 -0.44007815 0.63068568 -0.53079650 -0.35612058 0.003504 1789441145.821971893 138.370 40.299 0.035 0.00000 -1 ACTUAL_TF
39.8836 0.0393983 -1.5773142 0.6771120 -0.44008413 0.63069104 -0.53078924 -0.35611453 0.003443 1789441145.878044367 138.554 40.114 0.046 0.00000 -1 ACTUAL_TF
39.9488 0.0394009 -1.5771235 0.6771152 -0.44007469 0.63069563 -0.53079511 -0.35610930 0.003432 1789441145.934033155 138.745 39.924 0.038 0.00000 -1 ACTUAL_TF
39.9956 0.0393951 -1.5769192 0.6771264 -0.44008278 0.63068405 -0.53079583 -0.35611875 0.003502 1789441145.989892960 138.949 39.719 0.030 0.00000 -1 ACTUAL_TF
40.0554 0.0393788 -1.5767344 0.6771221 -0.44007720 0.63069248 -0.53079271 -0.35611537 0.003442 1789441146.046051502 139.135 39.534 0.040 0.00000 -1 ACTUAL_TF
40.1177 0.0393740 -1.5765164 0.6771246 -0.44008682 0.63068371 -0.53079300 -0.35611857 0.003575 1789441146.102190018 139.353 39.316 0.037 0.00000 -1 ACTUAL_TF
40.1681 0.0393633 -1.5763534 0.6771324 -0.44008292 0.63068320 -0.53079401 -0.35612280 0.003381 1789441146.158061504 139.516 39.153 0.036 0.00000 -1 ACTUAL_TF
40.2189 0.0393620 -1.5761542 0.6771378 -0.44008734 0.63068074 -0.53079288 -0.35612337 0.003433 1789441146.214121819 139.715 38.954 0.029 0.00000 -1 ACTUAL_TF
40.2819 0.0393726 -1.5759836 0.6771426 -0.44009328 0.63067351 -0.53079766 -0.35612171 0.003320 1789441146.270099163 139.885 38.783 0.016 0.00000 -1 ACTUAL_TF
40.3311 0.0393767 -1.5757724 0.6771513 -0.44010204 0.63066433 -0.53080041 -0.35612305 0.003457 1789441146.326060772 140.096 38.572 0.011 0.00000 -1 ACTUAL_TF
40.3902 0.0393724 -1.5755966 0.6771604 -0.44009956 0.63066068 -0.53080596 -0.35612429 0.003363 1789441146.382056713 140.272 38.397 0.010 0.00000 -1 ACTUAL_TF
40.4455 0.0393668 -1.5753836 0.6771689 -0.44010272 0.63065353 -0.53081037 -0.35612648 0.003496 1789441146.438093901 140.485 38.183 0.013 0.00000 -1 ACTUAL_TF
40.5044 0.0393620 -1.5751841 0.6771734 -0.44009780 0.63065579 -0.53081316 -0.35612440 0.003518 1789441146.494000196 140.685 37.984 0.017 0.00000 -1 ACTUAL_TF
40.5547 0.0393477 -1.5750282 0.6771877 -0.44008438 0.63065295 -0.53082237 -0.35613230 0.003303 1789441146.550110579 140.841 37.827 0.022 0.00000 -1 ACTUAL_TF
40.6065 0.0393379 -1.5748204 0.6771899 -0.44008490 0.63065241 -0.53082266 -0.35613217 0.003428 1789441146.606037378 141.049 37.619 0.022 0.00000 -1 ACTUAL_TF
40.6728 0.0393420 -1.5746455 0.6771863 -0.44009268 0.63064950 -0.53082156 -0.35612935 0.003335 1789441146.662155390 141.224 37.445 0.023 0.00000 -1 ACTUAL_TF
40.7244 0.0393243 -1.5744270 0.6771862 -0.44009882 0.63064894 -0.53081607 -0.35613093 0.003510 1789441146.718099117 141.443 37.226 0.015 0.00000 -1 ACTUAL_TF
40.7848 0.0393165 -1.5742484 0.6771821 -0.44010428 0.63065173 -0.53080968 -0.35612876 0.003412 1789441146.774275780 141.622 37.047 0.010 0.00000 -1 ACTUAL_TF
40.8328 0.0393089 -1.5740464 0.6771775 -0.44010664 0.63065474 -0.53080463 -0.35612806 0.003474 1789441146.830141068 141.824 36.845 0.007 0.00000 -1 ACTUAL_TF
40.8930 0.0392968 -1.5738286 0.6771703 -0.44011467 0.63065594 -0.53079740 -0.35612678 0.003600 1789441146.886200905 142.042 36.627 0.009 0.00000 -1 ACTUAL_TF
40.9550 0.0392929 -1.5736635 0.6771738 -0.44011638 0.63065290 -0.53079718 -0.35613037 0.003408 1789441146.941978455 142.207 36.462 0.008 0.00000 -1 ACTUAL_TF
41.0013 0.0392871 -1.5734509 0.6771676 -0.44012203 0.63065923 -0.53078937 -0.35612382 0.003525 1789441146.998022795 142.419 36.249 0.016 0.00000 -1 ACTUAL_TF
41.0629 0.0392783 -1.5732696 0.6771741 -0.44012245 0.63065454 -0.53079270 -0.35612664 0.003441 1789441147.053999186 142.601 36.068 0.011 0.00000 -1 ACTUAL_TF
41.1132 0.0392696 -1.5730650 0.6771702 -0.44012161 0.63065960 -0.53078938 -0.35612368 0.003505 1789441147.110051394 142.806 35.863 0.016 0.00000 -1 ACTUAL_TF
41.1758 0.0392672 -1.5728962 0.6771783 -0.44012637 0.63065140 -0.53079349 -0.35612618 0.003358 1789441147.166090727 142.975 35.694 0.013 0.00000 -1 ACTUAL_TF
41.2318 0.0392529 -1.5726888 0.6771746 -0.44012112 0.63065761 -0.53079252 -0.35612312 0.003467 1789441147.221988916 143.182 35.486 0.015 0.00000 -1 ACTUAL_TF
41.2841 0.0392447 -1.5725302 0.6771824 -0.44011951 0.63065253 -0.53079420 -0.35613160 0.003274 1789441147.278295279 143.341 35.327 0.008 0.00000 -1 ACTUAL_TF
41.3403 0.0392380 -1.5723212 0.6771811 -0.44011630 0.63066054 -0.53079304 -0.35612311 0.003416 1789441147.334102631 143.550 35.118 0.012 0.00000 -1 ACTUAL_TF
41.4081 0.0392219 -1.5721123 0.6771896 -0.44011323 0.63066074 -0.53079503 -0.35612360 0.003515 1789441147.390073061 143.760 34.909 0.007 0.00000 -1 ACTUAL_TF
41.4585 0.0392089 -1.5719457 0.6771980 -0.44010643 0.63066024 -0.53079910 -0.35612680 0.003358 1789441147.446007967 143.927 34.742 0.012 0.00000 -1 ACTUAL_TF
41.5105 0.0391971 -1.5717455 0.6772085 -0.44010143 0.63065599 -0.53080452 -0.35613244 0.003424 1789441147.502121449 144.127 34.541 0.019 0.00000 -1 ACTUAL_TF
41.5644 0.0391909 -1.5715576 0.6771967 -0.44011151 0.63066113 -0.53079470 -0.35612552 0.003404 1789441147.558206558 144.315 34.353 0.015 0.00000 -1 ACTUAL_TF
41.6288 0.0391883 -1.5713534 0.6772040 -0.44010788 0.63065884 -0.53080035 -0.35612563 0.003481 1789441147.614042044 144.519 34.149 0.010 0.00000 -1 ACTUAL_TF
41.6754 0.0391922 -1.5711887 0.6772136 -0.44010237 0.63065302 -0.53081040 -0.35612777 0.003319 1789441147.670132160 144.684 33.985 0.011 0.00000 -1 ACTUAL_TF
41.7368 0.0391874 -1.5709844 0.6772218 -0.44010118 0.63065370 -0.53081179 -0.35612597 0.003422 1789441147.725999117 144.888 33.780 0.017 0.00000 -1 ACTUAL_TF
41.7887 0.0391753 -1.5708069 0.6772190 -0.44010469 0.63065473 -0.53080836 -0.35612491 0.003348 1789441147.782036304 145.066 33.602 0.012 0.00000 -1 ACTUAL_TF
41.8437 0.0391684 -1.5706057 0.6772298 -0.44009055 0.63065650 -0.53081802 -0.35612486 0.003422 1789441147.838111162 145.268 33.401 0.021 0.00000 -1 ACTUAL_TF
41.9027 0.0391563 -1.5703964 0.6772252 -0.44008635 0.63066321 -0.53081590 -0.35612131 0.003519 1789441147.894080162 145.477 33.192 0.015 0.00000 -1 ACTUAL_TF
41.9639 0.0391592 -1.5702256 0.6772235 -0.44008875 0.63066238 -0.53081622 -0.35611935 0.003379 1789441147.950077534 145.648 33.021 0.012 0.00000 -1 ACTUAL_TF
42.0099 0.0391430 -1.5700130 0.6772307 -0.44008317 0.63066349 -0.53081745 -0.35612246 0.003508 1789441148.006082773 145.861 32.808 0.017 0.00000 -1 ACTUAL_TF
42.0660 0.0391441 -1.5698509 0.6772442 -0.44007537 0.63066113 -0.53082783 -0.35612080 0.003328 1789441148.062042236 146.023 32.646 0.029 0.00000 -1 ACTUAL_TF
42.1255 0.0391213 -1.5696410 0.6772412 -0.44007074 0.63066492 -0.53082650 -0.35612181 0.003461 1789441148.118022680 146.233 32.435 0.026 0.00000 -1 ACTUAL_TF
42.1748 0.0391192 -1.5694843 0.6772525 -0.44006433 0.63066030 -0.53083561 -0.35612431 0.003264 1789441148.174065113 146.390 32.278 0.034 0.00000 -1 ACTUAL_TF
42.2379 0.0391131 -1.5692786 0.6772507 -0.44006436 0.63066136 -0.53083556 -0.35612248 0.003387 1789441148.230051279 146.596 32.073 0.030 0.00000 -1 ACTUAL_TF
42.2967 0.0391095 -1.5690954 0.6772474 -0.44007140 0.63066119 -0.53083357 -0.35611705 0.003353 1789441148.286016703 146.779 31.890 0.025 0.00000 -1 ACTUAL_TF
42.3597 0.0391000 -1.5688808 0.6772495 -0.44007106 0.63066311 -0.53083045 -0.35611870 0.003496 1789441148.342107534 146.994 31.675 0.025 0.00000 -1 ACTUAL_TF
42.4119 0.0390965 -1.5686789 0.6772455 -0.44007442 0.63066826 -0.53082443 -0.35611441 0.003531 1789441148.398051739 147.196 31.473 0.019 0.00000 -1 ACTUAL_TF
42.4605 0.0391004 -1.5685168 0.6772507 -0.44007516 0.63066449 -0.53082839 -0.35611426 0.003340 1789441148.454068661 147.358 31.311 0.026 0.00000 -1 ACTUAL_TF
42.5183 0.0390828 -1.5683023 0.6772455 -0.44007671 0.63067435 -0.53081720 -0.35611158 0.003492 1789441148.510024786 147.572 31.096 0.016 0.00000 -1 ACTUAL_TF
42.5702 0.0390849 -1.5681365 0.6772452 -0.44007922 0.63067206 -0.53081852 -0.35611055 0.003332 1789441148.566051722 147.738 30.930 0.018 0.00000 -1 ACTUAL_TF
42.6298 0.0390833 -1.5679314 0.6772514 -0.44008086 0.63067035 -0.53081861 -0.35611143 0.003431 1789441148.622117519 147.943 30.725 0.025 0.00000 -1 ACTUAL_TF
42.6954 0.0390751 -1.5677483 0.6772509 -0.44009252 0.63066507 -0.53081241 -0.35611562 0.003382 1789441148.678183794 148.126 30.542 0.023 0.00000 -1 ACTUAL_TF
42.7444 0.0390776 -1.5675412 0.6772466 -0.44009156 0.63067147 -0.53081281 -0.35610487 0.003479 1789441148.734123707 148.333 30.335 0.029 0.00000 -1 ACTUAL_TF
42.7963 0.0390724 -1.5673878 0.6772559 -0.44008871 0.63066609 -0.53081874 -0.35610909 0.003260 1789441148.790037394 148.487 30.182 0.033 0.00000 -1 ACTUAL_TF
42.8550 0.0390661 -1.5671716 0.6772551 -0.44009065 0.63066946 -0.53081516 -0.35610605 0.003441 1789441148.846026421 148.703 29.966 0.034 0.00000 -1 ACTUAL_TF
42.9157 0.0390572 -1.5669660 0.6772518 -0.44009004 0.63067516 -0.53081018 -0.35610413 0.003511 1789441148.902032375 148.909 29.760 0.031 0.00000 -1 ACTUAL_TF
42.9622 0.0390437 -1.5667996 0.6772536 -0.44007836 0.63067889 -0.53081362 -0.35610683 0.003354 1789441148.957933903 149.076 29.593 0.024 0.00000 -1 ACTUAL_TF
43.0238 0.0390367 -1.5665815 0.6772447 -0.44008346 0.63068453 -0.53080553 -0.35610260 0.003517 1789441149.013958693 149.294 29.375 0.024 0.00000 -1 ACTUAL_TF
43.0854 0.0390191 -1.5664174 0.6772581 -0.44008415 0.63067559 -0.53080749 -0.35611466 0.003345 1789441149.070214748 149.458 29.210 0.016 0.00000 -1 ACTUAL_TF
43.1373 0.0390137 -1.5662038 0.6772401 -0.44009699 0.63068570 -0.53079168 -0.35610445 0.003493 1789441149.126090527 149.672 28.997 0.018 0.00000 -1 ACTUAL_TF
43.2172 0.0390001 -1.5660245 0.6772400 -0.44010064 0.63068272 -0.53078810 -0.35611056 0.003408 1789441149.182089090 149.852 28.817 0.015 0.00000 -1 ACTUAL_TF
43.2474 0.0389983 -1.5658136 0.6772336 -0.44010596 0.63068261 -0.53078600 -0.35610731 0.003517 1789441149.238023996 150.062 28.606 0.025 0.00000 -1 ACTUAL_TF
43.3054 0.0389913 -1.5656562 0.6772450 -0.44010106 0.63067500 -0.53079422 -0.35611457 0.003307 1789441149.294114828 150.220 28.448 0.018 0.00000 -1 ACTUAL_TF
43.3565 0.0389902 -1.5654509 0.6772526 -0.44010203 0.63067062 -0.53079811 -0.35611536 0.003413 1789441149.350281239 150.425 28.243 0.022 0.00000 -1 ACTUAL_TF
43.4098 0.0389828 -1.5652561 0.6772664 -0.44009777 0.63066596 -0.53080484 -0.35611883 0.003438 1789441149.406114578 150.620 28.048 0.023 0.00000 -1 ACTUAL_TF
43.4709 0.0389618 -1.5650802 0.6772661 -0.44010105 0.63066358 -0.53080126 -0.35612432 0.003358 1789441149.462017298 150.797 27.872 0.009 0.00000 -1 ACTUAL_TF
43.5282 0.0389501 -1.5648767 0.6772745 -0.44009208 0.63066275 -0.53080745 -0.35612766 0.003442 1789441149.518085241 151.001 27.668 0.013 0.00000 -1 ACTUAL_TF
43.5818 0.0389436 -1.5646938 0.6772676 -0.44010012 0.63066304 -0.53080290 -0.35612398 0.003390 1789441149.574105263 151.184 27.485 0.006 0.00000 -1 ACTUAL_TF
43.6370 0.0389319 -1.5644961 0.6772853 -0.44009175 0.63065608 -0.53081233 -0.35613261 0.003439 1789441149.630082369 151.382 27.287 0.019 0.00000 -1 ACTUAL_TF
43.6933 0.0389330 -1.5643319 0.6772903 -0.44008898 0.63065592 -0.53081774 -0.35612823 0.003288 1789441149.686003447 151.546 27.123 0.024 0.00000 -1 ACTUAL_TF
43.7556 0.0389276 -1.5641333 0.6773004 -0.44008714 0.63065083 -0.53082367 -0.35613070 0.003366 1789441149.742079496 151.745 26.924 0.033 0.00000 -1 ACTUAL_TF
43.8042 0.0389068 -1.5639643 0.6773049 -0.44008590 0.63065171 -0.53081869 -0.35613809 0.003267 1789441149.798202991 151.914 26.754 0.034 0.00000 -1 ACTUAL_TF
43.8635 0.0389085 -1.5637618 0.6773069 -0.44008340 0.63065132 -0.53082341 -0.35613484 0.003374 1789441149.854063988 152.117 26.552 0.035 0.00000 -1 ACTUAL_TF
43.9134 0.0388996 -1.5635526 0.6773056 -0.44008642 0.63064626 -0.53082297 -0.35614072 0.003484 1789441149.910065413 152.326 26.342 0.031 0.00000 -1 ACTUAL_TF
43.9768 0.0388963 -1.5633604 0.6772940 -0.44009568 0.63065087 -0.53081311 -0.35613579 0.003468 1789441149.966185570 152.518 26.150 0.020 0.00000 -1 ACTUAL_TF
44.0272 0.0388933 -1.5631568 0.6772964 -0.44009322 0.63065332 -0.53081467 -0.35613217 0.003521 1789441150.022052288 152.722 25.947 0.023 0.00000 -1 ACTUAL_TF
44.0957 0.0389040 -1.5629862 0.6772899 -0.44010519 0.63065340 -0.53080929 -0.35612527 0.003381 1789441150.078089476 152.892 25.777 0.032 0.00000 -1 ACTUAL_TF
44.1384 0.0388970 -1.5627789 0.6772848 -0.44010376 0.63065955 -0.53080747 -0.35611886 0.003477 1789441150.134150505 153.099 25.569 0.032 0.00000 -1 ACTUAL_TF
44.2048 0.0388836 -1.5626010 0.6772796 -0.44010526 0.63066265 -0.53080233 -0.35611919 0.003391 1789441150.190090179 153.277 25.391 0.026 0.00000 -1 ACTUAL_TF
44.2551 0.0388737 -1.5623852 0.6772617 -0.44010683 0.63067365 -0.53079455 -0.35610936 0.003536 1789441150.246047735 153.493 25.175 0.034 0.00000 -1 ACTUAL_TF
44.3188 0.0388619 -1.5621603 0.6772534 -0.44011010 0.63067965 -0.53078815 -0.35610423 0.003683 1789441150.302028418 153.718 24.950 0.040 0.00000 -1 ACTUAL_TF
44.3680 0.0388467 -1.5620024 0.6772584 -0.44010013 0.63068435 -0.53078948 -0.35610624 0.003423 1789441150.358361721 153.877 24.792 0.033 0.00000 -1 ACTUAL_TF
44.4172 0.0388279 -1.5618050 0.6772644 -0.44009186 0.63068783 -0.53079097 -0.35610807 0.003458 1789441150.414434195 154.075 24.594 0.027 0.00000 -1 ACTUAL_TF
44.4751 0.0388339 -1.5616425 0.6772642 -0.44008713 0.63069052 -0.53079660 -0.35610075 0.003297 1789441150.470120192 154.237 24.432 0.031 0.00000 -1 ACTUAL_TF
44.5350 0.0388072 -1.5614382 0.6772563 -0.44008857 0.63069260 -0.53078800 -0.35610811 0.003413 1789441150.526093006 154.442 24.227 0.039 0.00000 -1 ACTUAL_TF
44.5862 0.0388047 -1.5612616 0.6772574 -0.44007951 0.63069702 -0.53079401 -0.35610252 0.003336 1789441150.582045794 154.619 24.050 0.039 0.00000 -1 ACTUAL_TF
44.6422 0.0388070 -1.5610421 0.6772557 -0.44008688 0.63069628 -0.53079321 -0.35609593 0.003509 1789441150.638138771 154.838 23.831 0.043 0.00000 -1 ACTUAL_TF
44.7011 0.0387937 -1.5608823 0.6772596 -0.44007907 0.63070074 -0.53079270 -0.35609845 0.003317 1789441150.694085598 154.998 23.671 0.040 0.00000 -1 ACTUAL_TF
44.7618 0.0387900 -1.5606811 0.6772652 -0.44007990 0.63070098 -0.53079243 -0.35609740 0.003399 1789441150.750129700 155.199 23.469 0.037 0.00000 -1 ACTUAL_TF
44.8164 0.0387894 -1.5604795 0.6772678 -0.44008103 0.63070082 -0.53079227 -0.35609650 0.003462 1789441150.806022406 155.401 23.268 0.038 0.00000 -1 ACTUAL_TF
44.8692 0.0387901 -1.5603151 0.6772707 -0.44008352 0.63069683 -0.53079491 -0.35609658 0.003298 1789441150.862388372 155.565 23.104 0.040 0.00000 -1 ACTUAL_TF
44.9295 0.0387930 -1.5600974 0.6772744 -0.44008351 0.63069634 -0.53079860 -0.35609196 0.003483 1789441150.918014526 155.782 22.886 0.046 0.00000 -1 ACTUAL_TF
44.9765 0.0387908 -1.5599213 0.6772753 -0.44009765 0.63068817 -0.53079496 -0.35609437 0.003380 1789441150.974110842 155.958 22.710 0.049 0.00000 -1 ACTUAL_TF
45.0354 0.0387753 -1.5597163 0.6772787 -0.44009943 0.63068578 -0.53079420 -0.35609754 0.003467 1789441151.030140162 156.164 22.505 0.043 0.00000 -1 ACTUAL_TF
45.0947 0.0387671 -1.5595587 0.6772901 -0.44009545 0.63067869 -0.53080126 -0.35610448 0.003275 1789441151.086076021 156.322 22.347 0.035 0.00000 -1 ACTUAL_TF
45.1429 0.0387576 -1.5593623 0.6773027 -0.44009295 0.63067511 -0.53080416 -0.35610959 0.003350 1789441151.142015696 156.519 22.150 0.027 0.00000 -1 ACTUAL_TF
45.2077 0.0387572 -1.5591984 0.6773108 -0.44009136 0.63067228 -0.53080876 -0.35610972 0.003225 1789441151.197955847 156.682 21.986 0.031 0.00000 -1 ACTUAL_TF
45.2591 0.0387358 -1.5589868 0.6773175 -0.44008686 0.63067014 -0.53081017 -0.35611697 0.003393 1789441151.254173994 156.895 21.774 0.018 0.00000 -1 ACTUAL_TF
45.3228 0.0387174 -1.5587835 0.6773247 -0.44008081 0.63066985 -0.53081194 -0.35612232 0.003469 1789441151.310168743 157.099 21.570 0.009 0.00000 -1 ACTUAL_TF
45.3785 0.0387131 -1.5586124 0.6773370 -0.44008124 0.63066362 -0.53081810 -0.35612364 0.003346 1789441151.366250515 157.270 21.399 0.019 0.00000 -1 ACTUAL_TF
45.4288 0.0387140 -1.5584300 0.6773535 -0.44007584 0.63065399 -0.53083059 -0.35612875 0.003326 1789441151.422129869 157.452 21.216 0.036 0.00000 -1 ACTUAL_TF
45.4855 0.0386957 -1.5582564 0.6773589 -0.44008004 0.63064933 -0.53082792 -0.35613579 0.003264 1789441151.478115320 157.627 21.042 0.035 0.00000 -1 ACTUAL_TF
45.5391 0.0387021 -1.5580544 0.6773642 -0.44008559 0.63064172 -0.53083353 -0.35613405 0.003369 1789441151.534051657 157.828 20.840 0.043 0.00000 -1 ACTUAL_TF
45.6013 0.0386980 -1.5578786 0.6773713 -0.44008787 0.63063679 -0.53083697 -0.35613483 0.003289 1789441151.590794563 158.004 20.665 0.049 0.00000 -1 ACTUAL_TF
45.6524 0.0386805 -1.5576694 0.6773693 -0.44008559 0.63064250 -0.53083110 -0.35613629 0.003443 1789441151.646029234 158.214 20.455 0.042 0.00000 -1 ACTUAL_TF
45.7050 0.0386705 -1.5574943 0.6773724 -0.44008972 0.63064246 -0.53082824 -0.35613550 0.003347 1789441151.702165127 158.389 20.279 0.042 0.00000 -1 ACTUAL_TF
45.7680 0.0386664 -1.5573010 0.6773684 -0.44008763 0.63064936 -0.53082403 -0.35613215 0.003379 1789441151.758171797 158.582 20.086 0.038 0.00000 -1 ACTUAL_TF
45.8193 0.0386585 -1.5570946 0.6773663 -0.44009077 0.63065340 -0.53081792 -0.35613022 0.003474 1789441151.814035177 158.789 19.880 0.034 0.00000 -1 ACTUAL_TF
45.8781 0.0386441 -1.5569207 0.6773590 -0.44008989 0.63066268 -0.53081006 -0.35612660 0.003367 1789441151.870121956 158.963 19.705 0.023 0.00000 -1 ACTUAL_TF
45.9333 0.0386403 -1.5566956 0.6773531 -0.44010071 0.63066489 -0.53080264 -0.35612037 0.003566 1789441151.925977707 159.188 19.480 0.018 0.00000 -1 ACTUAL_TF
45.9860 0.0386305 -1.5565316 0.6773571 -0.44010001 0.63066571 -0.53080150 -0.35612149 0.003377 1789441151.981926441 159.352 19.316 0.018 0.00000 -1 ACTUAL_TF
46.0510 0.0386226 -1.5563245 0.6773524 -0.44009845 0.63067298 -0.53079929 -0.35611385 0.003470 1789441152.038154364 159.560 19.109 0.013 0.00000 -1 ACTUAL_TF
46.1023 0.0386177 -1.5561435 0.6773521 -0.44010751 0.63067046 -0.53079422 -0.35611464 0.003402 1789441152.093984842 159.741 18.928 0.013 0.00000 -1 ACTUAL_TF
46.1519 0.0386308 -1.5559544 0.6773522 -0.44010354 0.63067145 -0.53080020 -0.35610889 0.003392 1789441152.150262594 159.929 18.739 0.031 0.00000 -1 ACTUAL_TF
46.2163 0.0386207 -1.5557822 0.6773570 -0.44011048 0.63066782 -0.53079538 -0.35611392 0.003302 1789441152.206093788 160.102 18.567 0.029 0.00000 -1 ACTUAL_TF
46.2698 0.0386200 -1.5555846 0.6773625 -0.44010883 0.63066493 -0.53079976 -0.35611455 0.003368 1789441152.262206316 160.299 18.369 0.036 0.00000 -1 ACTUAL_TF
46.3287 0.0386105 -1.5553650 0.6773583 -0.44011207 0.63066795 -0.53079688 -0.35610949 0.003541 1789441152.317964077 160.519 18.150 0.034 0.00000 -1 ACTUAL_TF
46.3795 0.0386047 -1.5552010 0.6773642 -0.44011196 0.63066680 -0.53079777 -0.35611034 0.003359 1789441152.373866081 160.683 17.986 0.035 0.00000 -1 ACTUAL_TF
46.4345 0.0385867 -1.5549963 0.6773596 -0.44011079 0.63066880 -0.53079462 -0.35611295 0.003450 1789441152.430023909 160.888 17.780 0.024 0.00000 -1 ACTUAL_TF
46.4946 0.0385926 -1.5548308 0.6773563 -0.44011430 0.63066992 -0.53079442 -0.35610692 0.003302 1789441152.486055374 161.053 17.615 0.036 0.00000 -1 ACTUAL_TF
46.5459 0.0385775 -1.5546352 0.6773619 -0.44010907 0.63067249 -0.53079499 -0.35610798 0.003363 1789441152.542034864 161.249 17.419 0.029 0.00000 -1 ACTUAL_TF
46.6061 0.0385542 -1.5544660 0.6773609 -0.44010349 0.63067736 -0.53079211 -0.35611055 0.003256 1789441152.598844051 161.419 17.249 0.012 0.00000 -1 ACTUAL_TF
46.6609 0.0385377 -1.5542519 0.6773605 -0.44010561 0.63067511 -0.53079090 -0.35611371 0.003448 1789441152.653944731 161.634 17.035 0.004 0.00000 -1 ACTUAL_TF
46.7144 0.0385246 -1.5540897 0.6773672 -0.44009306 0.63067931 -0.53079687 -0.35611288 0.003283 1789441152.710132599 161.797 16.872 0.005 0.00000 -1 ACTUAL_TF
46.7649 0.0385142 -1.5538851 0.6773654 -0.44009288 0.63068066 -0.53079458 -0.35611414 0.003398 1789441152.766057730 162.001 16.667 0.006 0.00000 -1 ACTUAL_TF
46.8362 0.0385030 -1.5536888 0.6773756 -0.44008952 0.63067571 -0.53079941 -0.35611985 0.003432 1789441152.822099447 162.198 16.471 0.013 0.00000 -1 ACTUAL_TF
46.8846 0.0385176 -1.5535240 0.6773755 -0.44008947 0.63067634 -0.53080604 -0.35610891 0.003289 1789441152.878061533 162.362 16.306 0.013 0.00000 -1 ACTUAL_TF
46.9380 0.0384897 -1.5533061 0.6773700 -0.44009332 0.63067847 -0.53079754 -0.35611305 0.003479 1789441152.934083939 162.581 16.088 0.008 0.00000 -1 ACTUAL_TF
47.0050 0.0384914 -1.5531297 0.6773780 -0.44009109 0.63067645 -0.53080513 -0.35610806 0.003381 1789441152.990117788 162.757 15.911 0.006 0.00000 -1 ACTUAL_TF
47.0534 0.0384895 -1.5529305 0.6773809 -0.44008753 0.63067758 -0.53080770 -0.35610666 0.003434 1789441153.046133280 162.956 15.712 0.009 0.00000 -1 ACTUAL_TF
47.1075 0.0384818 -1.5527725 0.6773940 -0.44008078 0.63067187 -0.53081560 -0.35611332 0.003253 1789441153.102211475 163.115 15.554 0.019 0.00000 -1 ACTUAL_TF
47.1614 0.0384809 -1.5525778 0.6774052 -0.44007889 0.63066451 -0.53082330 -0.35611721 0.003324 1789441153.158108950 163.309 15.359 0.030 0.00000 -1 ACTUAL_TF
47.2257 0.0384742 -1.5523715 0.6774001 -0.44007974 0.63066827 -0.53082117 -0.35611268 0.003434 1789441153.214036942 163.516 15.153 0.024 0.00000 -1 ACTUAL_TF
47.2765 0.0384650 -1.5521954 0.6774004 -0.44008305 0.63066677 -0.53082019 -0.35611269 0.003347 1789441153.270096779 163.692 14.977 0.022 0.00000 -1 ACTUAL_TF
47.3332 0.0384509 -1.5520013 0.6774146 -0.44007528 0.63066156 -0.53082692 -0.35612149 0.003386 1789441153.326268911 163.887 14.782 0.032 0.00000 -1 ACTUAL_TF
47.3871 0.0384412 -1.5518155 0.6773979 -0.44008774 0.63066699 -0.53081492 -0.35611439 0.003375 1789441153.382038355 164.073 14.596 0.013 0.00000 -1 ACTUAL_TF
47.4456 0.0384341 -1.5516070 0.6773925 -0.44009111 0.63066721 -0.53081249 -0.35611343 0.003479 1789441153.438092232 164.281 14.387 0.006 0.00000 -1 ACTUAL_TF
47.5048 0.0384210 -1.5514489 0.6773973 -0.44008578 0.63066778 -0.53081219 -0.35611947 0.003286 1789441153.494046211 164.440 14.229 0.010 0.00000 -1 ACTUAL_TF
47.5585 0.0384153 -1.5512440 0.6773933 -0.44008205 0.63067615 -0.53081032 -0.35611204 0.003399 1789441153.550054073 164.644 14.024 0.004 0.00000 -1 ACTUAL_TF
47.6132 0.0384030 -1.5510676 0.6773870 -0.44008167 0.63068282 -0.53080369 -0.35611058 0.003327 1789441153.606090069 164.821 13.847 0.009 0.00000 -1 ACTUAL_TF
47.6758 0.0383976 -1.5508643 0.6773863 -0.44007696 0.63068902 -0.53080432 -0.35610448 0.003419 1789441153.662031174 165.025 13.644 0.009 0.00000 -1 ACTUAL_TF
47.7286 0.0383925 -1.5506535 0.6773830 -0.44008445 0.63068770 -0.53079997 -0.35610404 0.003522 1789441153.718058586 165.235 13.433 0.013 0.00000 -1 ACTUAL_TF
47.7788 0.0384005 -1.5504737 0.6773772 -0.44009576 0.63068835 -0.53079486 -0.35609654 0.003430 1789441153.774082661 165.415 13.254 0.024 0.00000 -1 ACTUAL_TF
47.8387 0.0384012 -1.5502726 0.6773859 -0.44010257 0.63067614 -0.53080106 -0.35610050 0.003480 1789441153.830048561 165.616 13.053 0.025 0.00000 -1 ACTUAL_TF
47.8965 0.0384008 -1.5501108 0.6773837 -0.44010272 0.63067890 -0.53079780 -0.35610029 0.003304 1789441153.886018038 165.777 12.891 0.032 0.00000 -1 ACTUAL_TF
47.9522 0.0383987 -1.5499186 0.6773905 -0.44010477 0.63067509 -0.53079945 -0.35610206 0.003344 1789441153.941955328 165.969 12.699 0.035 0.00000 -1 ACTUAL_TF
48.0118 0.0383861 -1.5497424 0.6773825 -0.44010953 0.63068003 -0.53079158 -0.35609915 0.003288 1789441153.997987270 166.146 12.523 0.034 0.00000 -1 ACTUAL_TF
48.0745 0.0383737 -1.5495377 0.6773873 -0.44010577 0.63068167 -0.53078993 -0.35610335 0.003396 1789441154.054177284 166.351 12.318 0.029 0.00000 -1 ACTUAL_TF
48.1162 0.0383671 -1.5493594 0.6773795 -0.44011649 0.63068243 -0.53078137 -0.35610151 0.003337 1789441154.110047340 166.529 12.139 0.036 0.00000 -1 ACTUAL_TF
48.1839 0.0383560 -1.5491619 0.6773771 -0.44011189 0.63068699 -0.53078004 -0.35610111 0.003393 1789441154.166152000 166.727 11.941 0.038 0.00000 -1 ACTUAL_TF
48.2323 0.0383362 -1.5489549 0.6773795 -0.44011087 0.63068972 -0.53077506 -0.35610495 0.003486 1789441154.222308159 166.935 11.734 0.033 0.00000 -1 ACTUAL_TF
48.2909 0.0383502 -1.5487934 0.6773797 -0.44011294 0.63068891 -0.53078050 -0.35609572 0.003313 1789441154.278021097 167.096 11.573 0.043 0.00000 -1 ACTUAL_TF
48.3422 0.0383311 -1.5485793 0.6773797 -0.44011512 0.63068751 -0.53077762 -0.35609980 0.003468 1789441154.334164619 167.310 11.358 0.039 0.00000 -1 ACTUAL_TF
48.3989 0.0383288 -1.5484201 0.6773864 -0.44010921 0.63068702 -0.53078268 -0.35610043 0.003283 1789441154.390033245 167.469 11.199 0.037 0.00000 -1 ACTUAL_TF
48.4572 0.0383273 -1.5482175 0.6773924 -0.44011052 0.63068124 -0.53078767 -0.35610161 0.003384 1789441154.446028709 167.672 10.997 0.038 0.00000 -1 ACTUAL_TF
48.5052 0.0383249 -1.5480358 0.6773902 -0.44012018 0.63067620 -0.53078534 -0.35610205 0.003343 1789441154.501993418 167.854 10.815 0.044 0.00000 -1 ACTUAL_TF
48.5644 0.0383105 -1.5478380 0.6773967 -0.44010995 0.63067497 -0.53079077 -0.35610881 0.003401 1789441154.558081150 168.052 10.617 0.036 0.00000 -1 ACTUAL_TF
48.6261 0.0383131 -1.5476751 0.6773985 -0.44011278 0.63067307 -0.53079192 -0.35610695 0.003253 1789441154.614124060 168.215 10.454 0.042 0.00000 -1 ACTUAL_TF
48.6769 0.0383031 -1.5474631 0.6773969 -0.44011632 0.63067413 -0.53078890 -0.35610520 0.003414 1789441154.670125246 168.427 10.242 0.043 0.00000 -1 ACTUAL_TF
48.7373 0.0382846 -1.5472642 0.6774018 -0.44011596 0.63067090 -0.53078866 -0.35611173 0.003458 1789441154.726249695 168.626 10.042 0.033 0.00000 -1 ACTUAL_TF
48.7920 0.0382715 -1.5471034 0.6774089 -0.44010235 0.63067369 -0.53079543 -0.35611350 0.003288 1789441154.782094479 168.788 9.881 0.025 0.00000 -1 ACTUAL_TF
48.8497 0.0382505 -1.5469064 0.6774116 -0.44010449 0.63067027 -0.53079115 -0.35612330 0.003361 1789441154.838176966 168.985 9.683 0.019 0.00000 -1 ACTUAL_TF
48.9017 0.0382405 -1.5467437 0.6774276 -0.44009309 0.63066712 -0.53080222 -0.35612647 0.003232 1789441154.894098282 169.148 9.520 0.005 0.00000 -1 ACTUAL_TF
48.9523 0.0382317 -1.5465466 0.6774326 -0.44009245 0.63066576 -0.53080230 -0.35612956 0.003321 1789441154.950028419 169.346 9.323 0.004 0.00000 -1 ACTUAL_TF
49.0169 0.0382223 -1.5463861 0.6774339 -0.44008799 0.63066716 -0.53080468 -0.35612904 0.003185 1789441155.006102562 169.506 9.162 0.007 0.00000 -1 ACTUAL_TF
49.0655 0.0382123 -1.5461678 0.6774344 -0.44008792 0.63067012 -0.53080401 -0.35612488 0.003402 1789441155.062031746 169.725 8.944 0.009 0.00000 -1 ACTUAL_TF
49.1240 0.0382024 -1.5460086 0.6774436 -0.44008293 0.63067021 -0.53080513 -0.35612920 0.003235 1789441155.118185043 169.885 8.784 0.013 0.00000 -1 ACTUAL_TF
49.1862 0.0381921 -1.5458054 0.6774411 -0.44007739 0.63067957 -0.53080339 -0.35612207 0.003356 1789441155.174106121 170.088 8.581 0.014 0.00000 -1 ACTUAL_TF
49.2347 0.0381995 -1.5455983 0.6774325 -0.44008368 0.63068067 -0.53080161 -0.35611501 0.003461 1789441155.230049610 170.294 8.374 0.010 0.00000 -1 ACTUAL_TF
49.2948 0.0381861 -1.5454236 0.6774340 -0.44008715 0.63068154 -0.53079631 -0.35611707 0.003360 1789441155.286151648 170.470 8.199 0.012 0.00000 -1 ACTUAL_TF
49.3578 0.0381897 -1.5452182 0.6774295 -0.44008886 0.63068729 -0.53079341 -0.35610910 0.003453 1789441155.342156649 170.675 7.994 0.018 0.00000 -1 ACTUAL_TF
49.4057 0.0381874 -1.5450318 0.6774230 -0.44009695 0.63069062 -0.53078735 -0.35610225 0.003416 1789441155.398152590 170.861 7.808 0.027 0.00000 -1 ACTUAL_TF
49.4571 0.0381741 -1.5448310 0.6774342 -0.44009307 0.63068496 -0.53079344 -0.35610797 0.003472 1789441155.454124928 171.062 7.606 0.017 0.00000 -1 ACTUAL_TF
49.5155 0.0381653 -1.5446717 0.6774388 -0.44009100 0.63068450 -0.53079336 -0.35611148 0.003282 1789441155.510314703 171.222 7.447 0.013 0.00000 -1 ACTUAL_TF
49.5760 0.0381676 -1.5444686 0.6774402 -0.44009628 0.63068039 -0.53079470 -0.35611024 0.003385 1789441155.566350222 171.425 7.244 0.019 0.00000 -1 ACTUAL_TF
49.6254 0.0381560 -1.5442993 0.6774461 -0.44009870 0.63067769 -0.53079281 -0.35611483 0.003283 1789441155.622111082 171.594 7.074 0.012 0.00000 -1 ACTUAL_TF
49.6831 0.0381483 -1.5441017 0.6774500 -0.44010458 0.63067338 -0.53079106 -0.35611782 0.003358 1789441155.678103447 171.792 6.877 0.011 0.00000 -1 ACTUAL_TF
49.7444 0.0381412 -1.5438963 0.6774548 -0.44010311 0.63067201 -0.53079474 -0.35611657 0.003453 1789441155.734041214 171.998 6.671 0.010 0.00000 -1 ACTUAL_TF
49.7982 0.0381368 -1.5437157 0.6774509 -0.44011289 0.63067150 -0.53078942 -0.35611332 0.003379 1789441155.790402889 172.178 6.490 0.015 0.00000 -1 ACTUAL_TF
49.8530 0.0381270 -1.5435086 0.6774548 -0.44010784 0.63067351 -0.53079047 -0.35611445 0.003484 1789441155.846002817 172.386 6.283 0.012 0.00000 -1 ACTUAL_TF
49.9136 0.0381408 -1.5433394 0.6774513 -0.44011112 0.63067677 -0.53079073 -0.35610422 0.003349 1789441155.901967525 172.554 6.115 0.033 0.00000 -1 ACTUAL_TF
49.9643 0.0381466 -1.5431386 0.6774552 -0.44011117 0.63067637 -0.53079502 -0.35609847 0.003418 1789441155.958127260 172.754 5.914 0.045 0.00000 -1 ACTUAL_TF
50.0242 0.0381343 -1.5429698 0.6774538 -0.44010956 0.63068250 -0.53079022 -0.35609676 0.003300 1789441156.014094591 172.924 5.745 0.040 0.00000 -1 ACTUAL_TF
50.0794 0.0381273 -1.5427740 0.6774659 -0.44010673 0.63067968 -0.53079495 -0.35609821 0.003347 1789441156.070855618 173.120 5.549 0.039 0.00000 -1 ACTUAL_TF
50.1329 0.0381120 -1.5425690 0.6774707 -0.44010875 0.63067411 -0.53079642 -0.35610337 0.003459 1789441156.126104593 173.325 5.343 0.031 0.00000 -1 ACTUAL_TF
50.1921 0.0381010 -1.5423923 0.6774724 -0.44010903 0.63067522 -0.53079446 -0.35610400 0.003373 1789441156.181936026 173.502 5.166 0.027 0.00000 -1 ACTUAL_TF
50.2416 0.0380879 -1.5421965 0.6774791 -0.44010666 0.63067186 -0.53079766 -0.35610809 0.003412 1789441156.237993240 173.698 4.970 0.022 0.00000 -1 ACTUAL_TF
50.3018 0.0380886 -1.5420342 0.6774775 -0.44010815 0.63067192 -0.53079769 -0.35610610 0.003256 1789441156.294137955 173.860 4.808 0.029 0.00000 -1 ACTUAL_TF
50.3600 0.0380767 -1.5418426 0.6774894 -0.44010035 0.63067237 -0.53080135 -0.35610949 0.003303 1789441156.350507021 174.052 4.616 0.027 0.00000 -1 ACTUAL_TF
50.4253 0.0380564 -1.5416669 0.6774903 -0.44009696 0.63067440 -0.53079970 -0.35611255 0.003267 1789441156.406039715 174.229 4.440 0.015 0.00000 -1 ACTUAL_TF
50.4674 0.0380497 -1.5414701 0.6775041 -0.44009483 0.63066768 -0.53080626 -0.35611729 0.003344 1789441156.462060928 174.426 4.243 0.025 0.00000 -1 ACTUAL_TF
50.5263 0.0380436 -1.5412905 0.6775033 -0.44009414 0.63066936 -0.53080743 -0.35611343 0.003303 1789441156.518125772 174.606 4.063 0.024 0.00000 -1 ACTUAL_TF
50.5778 0.0380448 -1.5410909 0.6775129 -0.44009673 0.63065790 -0.53081640 -0.35611715 0.003383 1789441156.574070215 174.805 3.864 0.035 0.00000 -1 ACTUAL_TF
50.6427 0.0380431 -1.5408868 0.6775125 -0.44010006 0.63065746 -0.53081464 -0.35611644 0.003462 1789441156.630069017 175.009 3.660 0.037 0.00000 -1 ACTUAL_TF
50.6950 0.0380547 -1.5407304 0.6775248 -0.44009485 0.63065185 -0.53082672 -0.35611482 0.003265 1789441156.686149359 175.165 3.504 0.058 0.00000 -1 ACTUAL_TF
50.7593 0.0380288 -1.5405067 0.6775222 -0.44010231 0.63064996 -0.53081894 -0.35612054 0.003493 1789441156.742088318 175.389 3.279 0.042 0.00000 -1 ACTUAL_TF
50.8072 0.0380183 -1.5403404 0.6775232 -0.44009575 0.63065469 -0.53081867 -0.35612067 0.003336 1789441156.798244238 175.556 3.112 0.039 0.00000 -1 ACTUAL_TF
50.8571 0.0380029 -1.5401155 0.6775110 -0.44010547 0.63065876 -0.53080630 -0.35611989 0.003545 1789441156.854187727 175.781 2.887 0.024 0.00000 -1 ACTUAL_TF
50.9122 0.0379909 -1.5399493 0.6775123 -0.44010258 0.63066092 -0.53080407 -0.35612295 0.003375 1789441156.910135746 175.948 2.721 0.020 0.00000 -1 ACTUAL_TF
50.9780 0.0379717 -1.5397536 0.6775159 -0.44009652 0.63066575 -0.53080165 -0.35612549 0.003416 1789441156.966144562 176.144 2.524 0.018 0.00000 -1 ACTUAL_TF
51.0264 0.0379634 -1.5395834 0.6775132 -0.44010162 0.63066388 -0.53079796 -0.35612801 0.003305 1789441157.022078276 176.314 2.354 0.014 0.00000 -1 ACTUAL_TF
51.0868 0.0379356 -1.5393750 0.6775059 -0.44009358 0.63067663 -0.53079126 -0.35612535 0.003442 1789441157.078047276 176.524 2.145 0.022 0.00000 -1 ACTUAL_TF
51.1361 0.0379253 -1.5391994 0.6775118 -0.44008939 0.63067747 -0.53079244 -0.35612728 0.003348 1789441157.134278774 176.700 1.969 0.026 0.00000 -1 ACTUAL_TF
51.1944 0.0379184 -1.5389712 0.6775014 -0.44009251 0.63068735 -0.53078414 -0.35611829 0.003575 1789441157.189960957 176.928 1.741 0.023 0.00000 -1 ACTUAL_TF
51.2524 0.0379114 -1.5387661 0.6775047 -0.44008937 0.63068656 -0.53078794 -0.35611792 0.003599 1789441157.246102571 177.133 1.536 0.022 0.00000 -1 ACTUAL_TF
51.3128 0.0379050 -1.5386051 0.6775118 -0.44008139 0.63068634 -0.53079237 -0.35612156 0.003384 1789441157.302054644 177.294 1.374 0.022 0.00000 -1 ACTUAL_TF
51.3661 0.0378995 -1.5383910 0.6775017 -0.44007957 0.63069449 -0.53078916 -0.35611417 0.003517 1789441157.358091354 177.508 1.160 0.021 0.00000 -1 ACTUAL_TF
51.4181 0.0378956 -1.5382234 0.6775036 -0.44007937 0.63069201 -0.53079276 -0.35611343 0.003361 1789441157.414027452 177.676 0.993 0.019 0.00000 -1 ACTUAL_TF
51.4806 0.0379043 -1.5379910 0.6775016 -0.44008949 0.63068808 -0.53079459 -0.35610517 0.003596 1789441157.470149994 177.908 0.761 0.013 0.00000 -1 ACTUAL_TF
51.5351 0.0379088 -1.5378068 0.6775004 -0.44009339 0.63068755 -0.53079511 -0.35610051 0.003505 1789441157.526108503 178.092 0.577 0.020 0.00000 -1 ACTUAL_TF
51.5851 0.0379063 -1.5376086 0.6775100 -0.44008968 0.63068586 -0.53079874 -0.35610269 0.003517 1789441157.582066536 178.290 0.379 0.019 0.00000 -1 ACTUAL_TF
51.6458 0.0379084 -1.5374183 0.6775157 -0.44008539 0.63068372 -0.53080482 -0.35610270 0.003481 1789441157.638122320 178.480 0.189 0.028 0.00000 -1 ACTUAL_TF
51.6992 0.0378968 -1.5372459 0.6775192 -0.44008720 0.63068226 -0.53080292 -0.35610588 0.003361 1789441157.694226027 178.653 0.016 0.023 0.00000 -1 ACTUAL_TF
51.7585 0.0378918 -1.5370390 0.6775147 -0.44009519 0.63067851 -0.53080153 -0.35610473 0.003464 1789441157.750101089 178.860 -0.191 0.027 0.00000 -1 ACTUAL_TF
51.8173 0.0378897 -1.5368621 0.6775166 -0.44009887 0.63067260 -0.53080600 -0.35610396 0.003372 1789441157.806175232 179.037 -0.368 0.031 0.00000 -1 ACTUAL_TF
51.8694 0.0378728 -1.5366709 0.6775310 -0.44009223 0.63066867 -0.53081017 -0.35611293 0.003393 1789441157.862053633 179.228 -0.560 0.021 0.00000 -1 ACTUAL_TF
51.9340 0.0378698 -1.5364998 0.6775293 -0.44010196 0.63066846 -0.53080492 -0.35610911 0.003292 1789441157.918032885 179.399 -0.731 0.024 0.00000 -1 ACTUAL_TF
51.9818 0.0378658 -1.5363260 0.6775445 -0.44009662 0.63066210 -0.53081198 -0.35611646 0.003239 1789441157.974076509 179.573 -0.905 0.031 0.00000 -1 ACTUAL_TF
52.0332 0.0378650 -1.5361351 0.6775470 -0.44009682 0.63066008 -0.53081465 -0.35611580 0.003285 1789441158.030346155 179.764 -1.096 0.037 0.00000 -1 ACTUAL_TF
52.0948 0.0378504 -1.5359635 0.6775486 -0.44009872 0.63066303 -0.53080848 -0.35611742 0.003227 1789441158.086090088 179.936 -1.268 0.030 0.00000 -1 ACTUAL_TF
52.1569 0.0378483 -1.5357802 0.6775595 -0.44009003 0.63066164 -0.53081863 -0.35611549 0.003241 1789441158.142182350 180.120 -1.451 0.040 0.00000 -1 ACTUAL_TF
52.2046 0.0378416 -1.5356135 0.6775539 -0.44009244 0.63066640 -0.53081348 -0.35611175 0.003164 1789441158.198074341 180.286 -1.618 0.035 0.00000 -1 ACTUAL_TF
52.2611 0.0378329 -1.5354389 0.6775753 -0.44008958 0.63065411 -0.53082480 -0.35612019 0.003159 1789441158.254078865 180.461 -1.793 0.047 0.00000 -1 ACTUAL_TF
52.3168 0.0378320 -1.5352821 0.6775681 -0.44010012 0.63065297 -0.53081942 -0.35611721 0.003040 1789441158.310901880 180.618 -1.949 0.044 0.00000 -1 ACTUAL_TF
52.3711 0.0378345 -1.5351155 0.6775749 -0.44009819 0.63064996 -0.53082526 -0.35611622 0.003033 1789441158.366189718 180.784 -2.116 0.055 0.00000 -1 ACTUAL_TF
52.4295 0.0378135 -1.5349633 0.6775739 -0.44010398 0.63064733 -0.53081885 -0.35612327 0.002947 1789441158.422112942 180.937 -2.269 0.042 0.00000 -1 ACTUAL_TF
52.4893 0.0378034 -1.5347763 0.6775758 -0.44010691 0.63064670 -0.53081651 -0.35612425 0.003066 1789441158.478088856 181.124 -2.456 0.040 0.00000 -1 ACTUAL_TF
52.5368 0.0377915 -1.5346447 0.6775908 -0.44009566 0.63064355 -0.53082536 -0.35613054 0.002860 1789441158.534047604 181.257 -2.588 0.049 0.00000 -1 ACTUAL_TF
52.5946 0.0377776 -1.5344675 0.6775855 -0.44009773 0.63065043 -0.53081646 -0.35612907 0.002952 1789441158.590161800 181.434 -2.766 0.040 0.00000 -1 ACTUAL_TF
52.6554 0.0377606 -1.5342894 0.6775799 -0.44010322 0.63065316 -0.53080668 -0.35613202 0.003028 1789441158.646047115 181.613 -2.944 0.031 0.00000 -1 ACTUAL_TF
52.7047 0.0377700 -1.5341425 0.6775777 -0.44010090 0.63065708 -0.53081114 -0.35612130 0.002909 1789441158.701970816 181.759 -3.091 0.032 0.00000 -1 ACTUAL_TF
52.7634 0.0377662 -1.5339581 0.6775678 -0.44010857 0.63065974 -0.53080463 -0.35611681 0.003024 1789441158.758071423 181.943 -3.275 0.025 0.00000 -1 ACTUAL_TF
52.8214 0.0377690 -1.5338059 0.6775699 -0.44010840 0.63065984 -0.53080666 -0.35611381 0.002930 1789441158.814251661 182.095 -3.427 0.033 0.00000 -1 ACTUAL_TF
52.8793 0.0377593 -1.5336155 0.6775635 -0.44010724 0.63066958 -0.53080195 -0.35610503 0.003074 1789441158.870157003 182.286 -3.617 0.027 0.00000 -1 ACTUAL_TF
52.9435 0.0377440 -1.5334382 0.6775595 -0.44010870 0.63067364 -0.53079554 -0.35610559 0.003072 1789441158.928204775 182.464 -3.795 0.018 0.00000 -1 ACTUAL_TF
52.9954 0.0377358 -1.5333070 0.6775630 -0.44010082 0.63067745 -0.53079758 -0.35610553 0.002877 1789441158.982527256 182.595 -3.927 0.015 0.00000 -1 ACTUAL_TF
53.0462 0.0377263 -1.5331424 0.6775740 -0.44009782 0.63067491 -0.53079996 -0.35611019 0.002904 1789441159.038218975 182.760 -4.092 0.018 0.00000 -1 ACTUAL_TF
53.0973 0.0377337 -1.5330155 0.6775692 -0.44010144 0.63067648 -0.53080003 -0.35610283 0.002716 1789441159.094092131 182.887 -4.218 0.025 0.00000 -1 ACTUAL_TF
53.1531 0.0377158 -1.5328642 0.6775711 -0.44010367 0.63067614 -0.53079451 -0.35610891 0.002718 1789441159.150028467 183.038 -4.370 0.015 0.00000 -1 ACTUAL_TF
53.2164 0.0377117 -1.5327534 0.6775731 -0.44009386 0.63068172 -0.53079895 -0.35610454 0.002496 1789441159.206129789 183.149 -4.481 0.015 0.00000 -1 ACTUAL_TF
53.2669 0.0377006 -1.5326430 0.6775756 -0.44009835 0.63067737 -0.53079518 -0.35611231 0.002343 1789441159.262020111 183.260 -4.592 0.012 0.00000 -1 ACTUAL_TF
53.3283 0.0376924 -1.5325618 0.6775775 -0.44009150 0.63067886 -0.53079798 -0.35611395 0.002076 1789441159.318102360 183.342 -4.673 0.013 0.00000 -1 ACTUAL_TF
53.3803 0.0376849 -1.5324721 0.6775757 -0.44009395 0.63068121 -0.53079350 -0.35611344 0.001935 1789441159.374210358 183.432 -4.763 0.011 0.00000 -1 ACTUAL_TF
53.4392 0.0376828 -1.5324150 0.6775756 -0.44009304 0.63068116 -0.53079426 -0.35611353 0.001661 1789441159.430108309 183.489 -4.820 0.010 0.00000 -1 ACTUAL_TF
53.5030 0.0376792 -1.5323567 0.6775773 -0.44009378 0.63068140 -0.53079304 -0.35611400 0.001476 1789441159.486163378 183.547 -4.879 0.012 0.00000 -1 ACTUAL_TF
53.5514 0.0376764 -1.5323183 0.6775782 -0.44009203 0.63068062 -0.53079516 -0.35611439 0.001239 1789441159.542068720 183.585 -4.917 0.013 0.00000 -1 ACTUAL_TF
53.6191 0.0376817 -1.5322930 0.6775807 -0.44009444 0.63067840 -0.53079679 -0.35611290 0.001007 1789441159.598176479 183.611 -4.942 0.013 0.00000 -1 ACTUAL_TF
