WELD FEEDBACK LOG
result=completed
started=2026-09-15 16:55:02
ended=2026-09-15 16:55:40
elapsed_seconds=38.278

================ OPERATOR OVERVIEW ================
REQUESTED : 190 A / 24.5 V · FE-SOLID 1.2 mm · LSM · CO2 100%
RX ECHO   : 190 A / 24.5 V · MATCH=YES
CURRENT FB: no positive feedback A
VOLTAGE FB: no positive feedback V
WIRE FEED : no positive feedback m/min
ARC ON    : 0.000 s
NET WELD  : 0.000 s
WIRE USED : 0.000 mm (base 0.000 + alpha 0.000)
WCR       : NOT DETECTED
SAMPLES   : RX 957 / welding 0 / TCP 685
===================================================

[commanded]
current_a=190
voltage_tenths=245
voltage=24.5
material=FE-SOLID
diameter_mm=1.2
mode=LSM
gas=CO2 100%
synergic=False
correction=0.0
hot_start_enabled=True
hot_start_percent=20.0
hot_start_hold_adjustment=0
crater_enabled=False
crater_percent=31.57894736842105
crater_current_a=60.0
crater_voltage_v=25.0
crater_seconds=1.0
wire_consumable_alpha_mm=0.0
hot_start_current_a=228

[rx_setting_echo]
current_a=190
voltage_v=24.5
hot_start_current_a=0
hot_start_hold_adjustment=-15

[rx_welding_setting_echo]

[execution_conditions]
mode=sequence_execute
run_all=True
touch_io_backend=fastech_ethernet
touch_input_port=4
touch_sensing_output_port=0
fastech_ip=192.168.0.3
fastech_poll_target_hz=100.0
hicomm_source_ip=192.168.1.2
hicomm_welder_ip=192.168.1.10
hicomm_port=60000
gui_velocity_percent=36.95263157894737
gui_speed_mode=scale
gui_tcp_speed_mm_s=10.0
gui_interpolation_step_mm=5.0
seam_orientation_mode=Keep reference orientation
weld_fixed_tilt_x_deg=0.0
weld_fixed_tilt_y_deg=0.0
weld_fixed_tilt_z_deg=-0.0
weld_weave_enabled=False
weld_weave_pattern=circle
weld_weave_amplitude_mm=2.7
weld_weave_cycles=4
weld_weave_samples_per_cycle=8
weld_weave_axis=tool_y
weld_lead_in_mm=1.0
weld_lead_out_mm=6.0
weld_safe_approach_mm=30.0
weld_approach_mode=taught_wait
weld_pre_start_lead_mm=0.0
weld_tcp_speed_mm_s=5.0
weld_arc_off_delay_ms=500.0
tcp_tracking.parent_frame=World
tcp_tracking.child_frame=right_manipulator_ee_point
tcp_tracking.timestamp_source=TF_header_stamp
initial_fastech_di0=False
initial_fastech_do0=True
robot_connected.left=True
robot_connected.right=True
robot_connected.head=True
hicomm_connected=True
execution_allowed=True
steps[0].sequence_number=1
steps[0].type=named_pose
steps[0].parallel_slot=1
steps[0].duration=0.0
steps[0].planning_group=right_manipulator
steps[0].velocity_scale=0.3695263157894737
steps[0].tcp_speed_m_s=0.0
steps[0].pose_name=weld_start_wait
steps[0].pose_label=3 · Weld start wait pose
steps[0].touch_guard=False
steps[0].continue_after_touch=False
steps[0].weld_scenario_id=weld-27853749828408
steps[0].weld_scenario_stage=start_wait
steps[0].target_tcp.position_m.x=-0.019383096840801473
steps[0].target_tcp.position_m.y=-1.7417227579293326
steps[0].target_tcp.position_m.z=0.6752595089557485
steps[0].target_tcp.orientation_xyzw.x=-0.29609660605260957
steps[0].target_tcp.orientation_xyzw.y=0.7363699731226344
steps[0].target_tcp.orientation_xyzw.z=-0.5924385990796176
steps[0].target_tcp.orientation_xyzw.w=-0.1382120432092536
steps[0].joint_names[0]=right_manipulator_joint1
steps[0].joint_names[1]=right_manipulator_joint2
steps[0].joint_names[2]=right_manipulator_joint3
steps[0].joint_names[3]=right_manipulator_joint4
steps[0].joint_names[4]=right_manipulator_joint5
steps[0].joint_names[5]=right_manipulator_joint6
steps[0].joint_positions_rad[0]=4.910006718545148
steps[0].joint_positions_rad[1]=1.3049962052481756
steps[0].joint_positions_rad[2]=1.8405339320132996
steps[0].joint_positions_rad[3]=3.1860248332166754
steps[0].joint_positions_rad[4]=1.3118800771918668
steps[0].joint_positions_rad[5]=2.0066632523929875
steps[1].sequence_number=2
steps[1].type=motion
steps[1].parallel_slot=2
steps[1].duration=0.0
steps[1].planning_group=right_manipulator
steps[1].velocity_scale=0.3695263157894737
steps[1].tcp_speed_m_s=0.0
steps[1].interpolation_step=0.005
steps[1].path_kind=taught_wait_align_weld_attitude
steps[1].touch_guard=False
steps[1].continue_after_touch=False
steps[1].accept_initial_touch=False
steps[1].weld_scenario_id=weld-27853749828408
steps[1].weld_scenario_stage=start_safe
steps[1].waypoint_count=1
steps[1].waypoints[0].position_m.x=-0.019383096840801473
steps[1].waypoints[0].position_m.y=-1.7417227579293326
steps[1].waypoints[0].position_m.z=0.6752595089557485
steps[1].waypoints[0].orientation_xyzw.x=-0.296099740466735
steps[1].waypoints[0].orientation_xyzw.y=0.7364054777357055
steps[1].waypoints[0].orientation_xyzw.z=-0.5923955264742314
steps[1].waypoints[0].orientation_xyzw.w=-0.1382007824496581
steps[2].sequence_number=3
steps[2].type=motion
steps[2].parallel_slot=3
steps[2].duration=0.0
steps[2].planning_group=right_manipulator
steps[2].velocity_scale=0.3695263157894737
steps[2].tcp_speed_m_s=0.0
steps[2].interpolation_step=0.005
steps[2].path_kind=taught_wait_to_weld_start
steps[2].touch_guard=False
steps[2].continue_after_touch=True
steps[2].accept_initial_touch=False
steps[2].weld_scenario_id=weld-27853749828408
steps[2].weld_scenario_stage=start_contact
steps[2].waypoint_count=1
steps[2].waypoints[0].position_m.x=-0.017406298951282626
steps[2].waypoints[0].position_m.y=-1.7418227228594811
steps[2].waypoints[0].position_m.z=0.6733416739056457
steps[2].waypoints[0].orientation_xyzw.x=-0.296099740466735
steps[2].waypoints[0].orientation_xyzw.y=0.7364054777357055
steps[2].waypoints[0].orientation_xyzw.z=-0.5923955264742314
steps[2].waypoints[0].orientation_xyzw.w=-0.1382007824496581
steps[3].sequence_number=4
steps[3].type=digital_weld
steps[3].parallel_slot=5
steps[3].duration=0.0
steps[3].command=on
steps[3].weld_scenario_id=weld-27853749828408
steps[3].weld_scenario_stage=arc_on
steps[3].settings.current_a=190
steps[3].settings.voltage_tenths=245
steps[3].settings.voltage=24.5
steps[3].settings.material=FE-SOLID
steps[3].settings.diameter_mm=1.2
steps[3].settings.mode=LSM
steps[3].settings.gas=CO2 100%
steps[3].settings.synergic=False
steps[3].settings.correction=0.0
steps[3].settings.hot_start_enabled=True
steps[3].settings.hot_start_percent=20.0
steps[3].settings.hot_start_hold_adjustment=0
steps[3].settings.crater_enabled=False
steps[3].settings.crater_percent=31.57894736842105
steps[3].settings.crater_current_a=60.0
steps[3].settings.crater_voltage_v=25.0
steps[3].settings.crater_seconds=1.0
steps[3].settings.wire_consumable_alpha_mm=0.0
steps[3].settings.hot_start_current_a=228
steps[4].sequence_number=5
steps[4].type=motion
steps[4].parallel_slot=5
steps[4].duration=0.0
steps[4].planning_group=right_manipulator
steps[4].velocity_scale=0.3695263157894737
steps[4].tcp_speed_m_s=0.005
steps[4].interpolation_step=0.005
steps[4].path_kind=continuous_lead_to_lead_over_taught_goal_fastech_di0_ignored
steps[4].touch_guard=False
steps[4].weld_scenario_id=weld-27853749828408
steps[4].weld_scenario_stage=weld_motion
steps[4].lead_in_mm=1.0
steps[4].lead_out_mm=6.0
steps[4].linear_motion_profile=True
steps[4].waypoint_count=2
steps[4].waypoints[0].position_m.x=-0.017406298951282626
steps[4].waypoints[0].position_m.y=-1.7418227228594811
steps[4].waypoints[0].position_m.z=0.6733416739056457
steps[4].waypoints[0].orientation_xyzw.x=-0.296099740466735
steps[4].waypoints[0].orientation_xyzw.y=0.7364054777357055
steps[4].waypoints[0].orientation_xyzw.z=-0.5923955264742314
steps[4].waypoints[0].orientation_xyzw.w=-0.1382007824496581
steps[4].waypoints[1].position_m.x=-0.02400901802081587
steps[4].waypoints[1].position_m.y=-1.5563967363474152
steps[4].waypoints[1].position_m.z=0.6763773674500098
steps[4].waypoints[1].orientation_xyzw.x=-0.29608091818106996
steps[4].waypoints[1].orientation_xyzw.y=0.7364212669520126
steps[4].waypoints[1].orientation_xyzw.z=-0.5923920811232232
steps[4].waypoints[1].orientation_xyzw.w=-0.13817173984698802
steps[4].lead_start.position_m.x=-0.017406298951282626
steps[4].lead_start.position_m.y=-1.7418227228594811
steps[4].lead_start.position_m.z=0.6733416739056457
steps[4].lead_start.orientation_xyzw.x=-0.296099740466735
steps[4].lead_start.orientation_xyzw.y=0.7364054777357055
steps[4].lead_start.orientation_xyzw.z=-0.5923955264742314
steps[4].lead_start.orientation_xyzw.w=-0.1382007824496581
steps[4].usable_seam_start.position_m.x=-0.01744188001627245
steps[4].usable_seam_start.position_m.y=-1.7408234899665764
steps[4].usable_seam_start.position_m.z=0.6733580328038744
steps[4].usable_seam_start.orientation_xyzw.x=-0.296099740466735
steps[4].usable_seam_start.orientation_xyzw.y=0.7364054777357055
steps[4].usable_seam_start.orientation_xyzw.z=-0.5923955264742314
steps[4].usable_seam_start.orientation_xyzw.w=-0.1382007824496581
steps[4].usable_seam_goal.position_m.x=-0.023795531630876943
steps[4].usable_seam_goal.position_m.y=-1.562392133704844
steps[4].usable_seam_goal.position_m.z=0.6762792140606375
steps[4].usable_seam_goal.orientation_xyzw.x=-0.29608091818106996
steps[4].usable_seam_goal.orientation_xyzw.y=0.7364212669520126
steps[4].usable_seam_goal.orientation_xyzw.z=-0.5923920811232232
steps[4].usable_seam_goal.orientation_xyzw.w=-0.13817173984698802
steps[4].lead_end.position_m.x=-0.02400901802081587
steps[4].lead_end.position_m.y=-1.5563967363474152
steps[4].lead_end.position_m.z=0.6763773674500098
steps[4].lead_end.orientation_xyzw.x=-0.29608091818106996
steps[4].lead_end.orientation_xyzw.y=0.7364212669520126
steps[4].lead_end.orientation_xyzw.z=-0.5923920811232232
steps[4].lead_end.orientation_xyzw.w=-0.13817173984698802
steps[5].sequence_number=6
steps[5].type=digital_weld
steps[5].parallel_slot=5
steps[5].duration=0.0
steps[5].velocity_scale=0.3695263157894737
steps[5].tcp_speed_m_s=0.005
steps[5].command=off
steps[5].weld_scenario_id=weld-27853749828408
steps[5].weld_scenario_stage=arc_off
steps[5].trigger_before_goal=True
steps[5].arc_off_delay_s=0.5
steps[5].settings.current_a=190
steps[5].settings.voltage_tenths=245
steps[5].settings.voltage=24.5
steps[5].settings.material=FE-SOLID
steps[5].settings.diameter_mm=1.2
steps[5].settings.mode=LSM
steps[5].settings.gas=CO2 100%
steps[5].settings.synergic=False
steps[5].settings.correction=0.0
steps[5].settings.hot_start_enabled=True
steps[5].settings.hot_start_percent=20.0
steps[5].settings.hot_start_hold_adjustment=0
steps[5].settings.crater_enabled=False
steps[5].settings.crater_percent=31.57894736842105
steps[5].settings.crater_current_a=60.0
steps[5].settings.crater_voltage_v=25.0
steps[5].settings.crater_seconds=1.0
steps[5].settings.wire_consumable_alpha_mm=0.0
steps[5].settings.hot_start_current_a=228
steps[6].sequence_number=7
steps[6].type=motion
steps[6].parallel_slot=6
steps[6].duration=0.0
steps[6].planning_group=right_manipulator
steps[6].velocity_scale=0.3695263157894737
steps[6].tcp_speed_m_s=0.0
steps[6].interpolation_step=0.005
steps[6].path_kind=weld_end_to_taught_wait_fixed_attitude
steps[6].pose_name=weld_goal_wait
steps[6].pose_label=5 · Weld goal wait pose
steps[6].touch_guard=False
steps[6].continue_after_touch=False
steps[6].weld_scenario_id=weld-27853749828408
steps[6].weld_scenario_stage=goal_wait
steps[6].waypoint_count=1
steps[6].waypoints[0].position_m.x=-0.024393472761968488
steps[6].waypoints[0].position_m.y=-1.5623800604005869
steps[6].waypoints[0].position_m.z=0.6781644953726658
steps[6].waypoints[0].orientation_xyzw.x=-0.29608091818106996
steps[6].waypoints[0].orientation_xyzw.y=0.7364212669520126
steps[6].waypoints[0].orientation_xyzw.z=-0.5923920811232232
steps[6].waypoints[0].orientation_xyzw.w=-0.13817173984698802
steps[7].sequence_number=8
steps[7].type=named_pose
steps[7].parallel_slot=7
steps[7].duration=0.0
steps[7].planning_group=right_manipulator
steps[7].velocity_scale=0.3695263157894737
steps[7].tcp_speed_m_s=0.0
steps[7].pose_name=weld_finish
steps[7].pose_label=7 · Weld end pose
steps[7].touch_guard=False
steps[7].continue_after_touch=False
steps[7].weld_scenario_id=weld-27853749828408
steps[7].weld_scenario_stage=finish
steps[7].target_tcp.position_m.x=-0.02379571009684625
steps[7].target_tcp.position_m.y=-1.5623878040648893
steps[7].target_tcp.position_m.z=0.7064305233154275
steps[7].target_tcp.orientation_xyzw.x=-0.29604742218715546
steps[7].target_tcp.orientation_xyzw.y=0.7364073513012283
steps[7].target_tcp.orientation_xyzw.z=-0.592430035210753
steps[7].target_tcp.orientation_xyzw.w=-0.13815494977030515
steps[7].joint_names[0]=right_manipulator_joint1
steps[7].joint_names[1]=right_manipulator_joint2
steps[7].joint_names[2]=right_manipulator_joint3
steps[7].joint_names[3]=right_manipulator_joint4
steps[7].joint_names[4]=right_manipulator_joint5
steps[7].joint_names[5]=right_manipulator_joint6
steps[7].joint_positions_rad[0]=4.955874341999582
steps[7].joint_positions_rad[1]=1.2898311007368284
steps[7].joint_positions_rad[2]=2.05531401234461
steps[7].joint_positions_rad[3]=3.228972566851947
steps[7].joint_positions_rad[4]=1.510648300943239
steps[7].joint_positions_rad[5]=2.0249153600819003
steps[8].sequence_number=9
steps[8].type=digital_output
steps[8].parallel_slot=8
steps[8].duration=0.0
steps[8].port=0
steps[8].value=True
steps[8].weld_scenario_id=weld-27853749828408
steps[8].weld_scenario_stage=touch_output_on
hicomm_cyclic_period_ms=40.0
arc_wait_recognition=True
arc_wait_main_welding=True
arc_wait_established=True
arc_establishment_timeout_s=5.0

[summary]
rx_samples=957
welding_samples=0
wcr_seen=0
current_a.min=None
current_a.average=None
current_a.max=None
voltage_v.min=None
voltage_v.average=None
voltage_v.max=None
wire_feed_m_min.min=None
wire_feed_m_min.average=None
wire_feed_m_min.max=None

[production_metrics]
arc_started_elapsed_s=None
arc_completed_elapsed_s=None
arc_on_time_s=0.0
main_weld_arc_time_s=0.0
crater_arc_time_s=0.0
weld_motion_start_elapsed_s=0.014343848000862636
weld_motion_complete_elapsed_s=38.265374688999145
weld_motion_duration_s=38.25103084099828
net_weld_arc_time_s=0.0
wire_feed_average_m_min=0.0
wire_consumable_base_mm=0.0
wire_consumable_alpha_mm=0.0
wire_consumable_mm=0.0
wire_consumable_formula=integral(WFS*1000/60*dt)+alpha
weld_motion_start_unix_time=1789458902.6890457
weld_motion_start_wall_time=2026-09-15 16:55:02.689
weld_motion_complete_unix_time=1789458940.940076
weld_motion_complete_wall_time=2026-09-15 16:55:40.940

[arc_off_control]

[teaching_snapshot_yaml]
robot_start:
  planning_group: right_manipulator
  joint_state:
    names:
    - right_manipulator_joint1
    - right_manipulator_joint2
    - right_manipulator_joint3
    - right_manipulator_joint4
    - right_manipulator_joint5
    - right_manipulator_joint6
    positions_rad:
    - 5.27240967968313
    - 1.0710261184710546
    - 2.180025851451385
    - 3.6894743983235436
    - 1.4802383302458966
    - 1.475784459638848
  tcp_pose_world:
    position_m:
      x: 0.0409882833240674
      y: -1.5365128539727777
      z: 0.8899872668309907
    orientation_xyzw:
      x: -0.4355837586611503
      y: 0.6337556876271521
      z: -0.5283180348228105
      w: -0.3598618786031996
weld_wait:
  planning_group: right_manipulator
  joint_state:
    names:
    - right_manipulator_joint1
    - right_manipulator_joint2
    - right_manipulator_joint3
    - right_manipulator_joint4
    - right_manipulator_joint5
    - right_manipulator_joint6
    positions_rad:
    - 4.909999261694096
    - 1.2850733634494018
    - 1.8551371095346403
    - 3.1860703732713156
    - 1.3063669342612394
    - 2.0064430089708383
  tcp_pose_world:
    position_m:
      x: -0.01940850046095377
      y: -1.7415798875438466
      z: 0.6921340741830926
    orientation_xyzw:
      x: -0.2961144134536744
      y: 0.7364292269660572
      z: -0.5923626931040612
      w: -0.13818352880740048
weld_start_wait:
  planning_group: right_manipulator
  joint_state:
    names:
    - right_manipulator_joint1
    - right_manipulator_joint2
    - right_manipulator_joint3
    - right_manipulator_joint4
    - right_manipulator_joint5
    - right_manipulator_joint6
    positions_rad:
    - 4.910006718545148
    - 1.3049962052481756
    - 1.8405339320132996
    - 3.1860248332166754
    - 1.3118800771918668
    - 2.0066632523929875
  tcp_pose_world:
    position_m:
      x: -0.019383096840801473
      y: -1.7417227579293326
      z: 0.6752595089557485
    orientation_xyzw:
      x: -0.29609660605260957
      y: 0.7363699731226344
      z: -0.5924385990796176
      w: -0.1382120432092536
weld_start:
  planning_group: right_manipulator
  joint_state:
    names:
    - right_manipulator_joint1
    - right_manipulator_joint2
    - right_manipulator_joint3
    - right_manipulator_joint4
    - right_manipulator_joint5
    - right_manipulator_joint6
    positions_rad:
    - 4.912459489909111
    - 1.307171874700716
    - 1.8396416398900686
    - 3.18846641930406
    - 1.3130533328101013
    - 2.006750604076742
  tcp_pose_world:
    position_m:
      x: -0.01744188001627245
      y: -1.7408234899665764
      z: 0.6733580328038744
    orientation_xyzw:
      x: -0.296099740466735
      y: 0.7364054777357055
      z: -0.5923955264742314
      w: -0.1382007824496581
weld_goal_wait:
  planning_group: right_manipulator
  joint_state:
    names:
    - right_manipulator_joint1
    - right_manipulator_joint2
    - right_manipulator_joint3
    - right_manipulator_joint4
    - right_manipulator_joint5
    - right_manipulator_joint6
    positions_rad:
    - 4.955019999921885
    - 1.3248430137978275
    - 2.0296844158039598
    - 3.2281182247742497
    - 1.5198484572450268
    - 2.0255609103301353
  tcp_pose_world:
    position_m:
      x: -0.024393472761968488
      y: -1.5623800604005869
      z: 0.6781644953726658
    orientation_xyzw:
      x: -0.29605806471311125
      y: 0.7364573448739692
      z: -0.592364694412823
      w: -0.1381458298781174
weld_end:
  planning_group: right_manipulator
  joint_state:
    names:
    - right_manipulator_joint1
    - right_manipulator_joint2
    - right_manipulator_joint3
    - right_manipulator_joint4
    - right_manipulator_joint5
    - right_manipulator_joint6
    positions_rad:
    - 4.9558892557016865
    - 1.3271782065996636
    - 2.027835249901063
    - 3.2289459352410463
    - 1.5203989326423462
    - 2.0257089820867438
  tcp_pose_world:
    position_m:
      x: -0.023795531630876943
      y: -1.562392133704844
      z: 0.6762792140606375
    orientation_xyzw:
      x: -0.29608091818106996
      y: 0.7364212669520126
      z: -0.5923920811232232
      w: -0.13817173984698802
weld_finish:
  planning_group: right_manipulator
  joint_state:
    names:
    - right_manipulator_joint1
    - right_manipulator_joint2
    - right_manipulator_joint3
    - right_manipulator_joint4
    - right_manipulator_joint5
    - right_manipulator_joint6
    positions_rad:
    - 4.955874341999582
    - 1.2898311007368284
    - 2.05531401234461
    - 3.228972566851947
    - 1.510648300943239
    - 2.0249153600819003
  tcp_pose_world:
    position_m:
      x: -0.02379571009684625
      y: -1.5623878040648893
      z: 0.7064305233154275
    orientation_xyzw:
      x: -0.29604742218715546
      y: 0.7364073513012283
      z: -0.592430035210753
      w: -0.13815494977030515

[touch_snapshot_yaml]
{}

[samples]
elapsed_s raw0 state arc gas fwd wcr current_a voltage_v wire_feed_m_min set_current_a set_voltage_v error db collision
0.032 0x00 idle 0 0 0 0 0 0.0 0.0 190 24.5 0 0 0
0.082 0x00 idle 0 0 0 0 0 0.0 0.0 190 24.5 0 0 0
0.111 0x00 idle 0 0 0 0 0 0.0 0.0 190 24.5 0 0 0
0.150 0x00 idle 0 0 0 0 0 0.0 0.0 190 24.5 0 0 0
0.190 0x00 idle 0 0 0 0 0 0.0 0.0 190 24.5 0 0 0
0.229 0x00 idle 0 0 0 0 0 0.0 0.0 190 24.5 0 0 0
0.273 0x00 idle 0 0 0 0 0 0.0 0.0 190 24.5 0 0 0
0.311 0x00 idle 0 0 0 0 0 0.0 0.0 190 24.5 0 0 0
0.351 0x00 idle 0 0 0 0 0 0.0 0.0 190 24.5 0 0 0
0.391 0x00 idle 0 0 0 0 0 0.0 0.0 190 24.5 0 0 0
0.431 0x00 idle 0 0 0 0 0 0.0 0.0 190 24.5 0 0 0
0.470 0x00 idle 0 0 0 0 0 0.0 0.0 190 24.5 0 0 0
0.518 0x00 idle 0 0 0 0 0 0.0 0.0 190 24.5 0 0 0
0.552 0x00 idle 0 0 0 0 0 0.0 0.0 190 24.5 0 0 0
0.594 0x00 idle 0 0 0 0 0 0.0 0.0 190 24.5 0 0 0
0.638 0x00 idle 0 0 0 0 0 0.0 0.0 190 24.5 0 0 0
0.671 0x00 idle 0 0 0 0 0 0.0 0.0 190 24.5 0 0 0
0.709 0x00 idle 0 0 0 0 0 0.0 0.0 190 24.5 0 0 0
0.750 0x00 idle 0 0 0 0 0 0.0 0.0 190 24.5 0 0 0
0.798 0x00 idle 0 0 0 0 0 0.0 0.0 190 24.5 0 0 0
0.833 0x00 idle 0 0 0 0 0 0.0 0.0 190 24.5 0 0 0
0.869 0x00 idle 0 0 0 0 0 0.0 0.0 190 24.5 0 0 0
0.910 0x00 idle 0 0 0 0 0 0.0 0.0 190 24.5 0 0 0
0.949 0x00 idle 0 0 0 0 0 0.0 0.0 190 24.5 0 0 0
0.994 0x00 idle 0 0 0 0 0 0.0 0.0 190 24.5 0 0 0
1.034 0x00 idle 0 0 0 0 0 0.0 0.0 190 24.5 0 0 0
1.079 0x00 idle 0 0 0 0 0 0.0 0.0 190 24.5 0 0 0
1.110 0x00 idle 0 0 0 0 0 0.0 0.0 190 24.5 0 0 0
1.153 0x00 idle 0 0 0 0 0 0.0 0.0 190 24.5 0 0 0
1.193 0x00 idle 0 0 0 0 0 0.0 0.0 190 24.5 0 0 0
1.231 0x00 idle 0 0 0 0 0 0.0 0.0 190 24.5 0 0 0
1.270 0x00 idle 0 0 0 0 0 0.0 0.0 190 24.5 0 0 0
1.310 0x00 idle 0 0 0 0 0 0.0 0.0 190 24.5 0 0 0
1.351 0x00 idle 0 0 0 0 0 0.0 0.0 190 24.5 0 0 0
1.395 0x00 idle 0 0 0 0 0 0.0 0.0 190 24.5 0 0 0
1.429 0x00 idle 0 0 0 0 0 0.0 0.0 190 24.5 0 0 0
1.470 0x00 idle 0 0 0 0 0 0.0 0.0 190 24.5 0 0 0
1.506 0x00 idle 0 0 0 0 0 0.0 0.0 190 24.5 0 0 0
1.552 0x00 idle 0 0 0 0 0 0.0 0.0 190 24.5 0 0 0
1.598 0x00 idle 0 0 0 0 0 0.0 0.0 190 24.5 0 0 0
1.636 0x00 idle 0 0 0 0 0 0.0 0.0 190 24.5 0 0 0
1.673 0x00 idle 0 0 0 0 0 0.0 0.0 190 24.5 0 0 0
1.712 0x00 idle 0 0 0 0 0 0.0 0.0 190 24.5 0 0 0
1.753 0x00 idle 0 0 0 0 0 0.0 0.0 190 24.5 0 0 0
1.791 0x00 idle 0 0 0 0 0 0.0 0.0 190 24.5 0 0 0
1.832 0x00 idle 0 0 0 0 0 0.0 0.0 190 24.5 0 0 0
1.871 0x00 idle 0 0 0 0 0 0.0 0.0 190 24.5 0 0 0
1.913 0x00 idle 0 0 0 0 0 0.0 0.0 190 24.5 0 0 0
1.953 0x00 idle 0 0 0 0 0 0.0 0.0 190 24.5 0 0 0
1.993 0x00 idle 0 0 0 0 0 0.0 0.0 190 24.5 0 0 0
2.031 0x00 idle 0 0 0 0 0 0.0 0.0 190 24.5 0 0 0
2.071 0x00 idle 0 0 0 0 0 0.0 0.0 190 24.5 0 0 0
2.112 0x00 idle 0 0 0 0 0 0.0 0.0 190 24.5 0 0 0
2.153 0x00 idle 0 0 0 0 0 0.0 0.0 190 24.5 0 0 0
2.199 0x00 idle 0 0 0 0 0 0.0 0.0 190 24.5 0 0 0
2.235 0x00 idle 0 0 0 0 0 0.0 0.0 190 24.5 0 0 0
2.268 0x00 idle 0 0 0 0 0 0.0 0.0 190 24.5 0 0 0
2.311 0x00 idle 0 0 0 0 0 0.0 0.0 190 24.5 0 0 0
2.356 0x00 idle 0 0 0 0 0 0.0 0.0 190 24.5 0 0 0
2.394 0x00 idle 0 0 0 0 0 0.0 0.0 190 24.5 0 0 0
2.433 0x00 idle 0 0 0 0 0 0.0 0.0 190 24.5 0 0 0
2.480 0x00 idle 0 0 0 0 0 0.0 0.0 190 24.5 0 0 0
2.510 0x00 idle 0 0 0 0 0 0.0 0.0 190 24.5 0 0 0
2.552 0x00 idle 0 0 0 0 0 0.0 0.0 190 24.5 0 0 0
2.588 0x00 idle 0 0 0 0 0 0.0 0.0 190 24.5 0 0 0
2.631 0x00 idle 0 0 0 0 0 0.0 0.0 190 24.5 0 0 0
2.674 0x00 idle 0 0 0 0 0 0.0 0.0 190 24.5 0 0 0
2.713 0x00 idle 0 0 0 0 0 0.0 0.0 190 24.5 0 0 0
2.756 0x00 idle 0 0 0 0 0 0.0 0.0 190 24.5 0 0 0
2.796 0x00 idle 0 0 0 0 0 0.0 0.0 190 24.5 0 0 0
2.832 0x00 idle 0 0 0 0 0 0.0 0.0 190 24.5 0 0 0
2.877 0x00 idle 0 0 0 0 0 0.0 0.0 190 24.5 0 0 0
2.911 0x00 idle 0 0 0 0 0 0.0 0.0 190 24.5 0 0 0
2.960 0x00 idle 0 0 0 0 0 0.0 0.0 190 24.5 0 0 0
2.988 0x00 idle 0 0 0 0 0 0.0 0.0 190 24.5 0 0 0
3.033 0x00 idle 0 0 0 0 0 0.0 0.0 190 24.5 0 0 0
3.071 0x00 idle 0 0 0 0 0 0.0 0.0 190 24.5 0 0 0
3.111 0x00 idle 0 0 0 0 0 0.0 0.0 190 24.5 0 0 0
3.149 0x00 idle 0 0 0 0 0 0.0 0.0 190 24.5 0 0 0
3.190 0x00 idle 0 0 0 0 0 0.0 0.0 190 24.5 0 0 0
3.229 0x00 idle 0 0 0 0 0 0.0 0.0 190 24.5 0 0 0
3.276 0x00 idle 0 0 0 0 0 0.0 0.0 190 24.5 0 0 0
3.313 0x00 idle 0 0 0 0 0 0.0 0.0 190 24.5 0 0 0
3.351 0x00 idle 0 0 0 0 0 0.0 0.0 190 24.5 0 0 0
3.395 0x00 idle 0 0 0 0 0 0.0 0.0 190 24.5 0 0 0
3.436 0x00 idle 0 0 0 0 0 0.0 0.0 190 24.5 0 0 0
3.471 0x00 idle 0 0 0 0 0 0.0 0.0 190 24.5 0 0 0
3.515 0x00 idle 0 0 0 0 0 0.0 0.0 190 24.5 0 0 0
3.554 0x00 idle 0 0 0 0 0 0.0 0.0 190 24.5 0 0 0
3.589 0x00 idle 0 0 0 0 0 0.0 0.0 190 24.5 0 0 0
3.632 0x00 idle 0 0 0 0 0 0.0 0.0 190 24.5 0 0 0
3.673 0x00 idle 0 0 0 0 0 0.0 0.0 190 24.5 0 0 0
3.711 0x00 idle 0 0 0 0 0 0.0 0.0 190 24.5 0 0 0
3.750 0x00 idle 0 0 0 0 0 0.0 0.0 190 24.5 0 0 0
3.792 0x00 idle 0 0 0 0 0 0.0 0.0 190 24.5 0 0 0
3.831 0x00 idle 0 0 0 0 0 0.0 0.0 190 24.5 0 0 0
3.871 0x00 idle 0 0 0 0 0 0.0 0.0 190 24.5 0 0 0
3.913 0x00 idle 0 0 0 0 0 0.0 0.0 190 24.5 0 0 0
3.952 0x00 idle 0 0 0 0 0 0.0 0.0 190 24.5 0 0 0
3.996 0x00 idle 0 0 0 0 0 0.0 0.0 190 24.5 0 0 0
4.032 0x00 idle 0 0 0 0 0 0.0 0.0 190 24.5 0 0 0
4.070 0x00 idle 0 0 0 0 0 0.0 0.0 190 24.5 0 0 0
4.111 0x00 idle 0 0 0 0 0 0.0 0.0 190 24.5 0 0 0
4.152 0x00 idle 0 0 0 0 0 0.0 0.0 190 24.5 0 0 0
4.191 0x00 idle 0 0 0 0 0 0.0 0.0 190 24.5 0 0 0
4.232 0x00 idle 0 0 0 0 0 0.0 0.0 190 24.5 0 0 0
4.276 0x00 idle 0 0 0 0 0 0.0 0.0 190 24.5 0 0 0
4.311 0x00 idle 0 0 0 0 0 0.0 0.0 190 24.5 0 0 0
4.351 0x00 idle 0 0 0 0 0 0.0 0.0 190 24.5 0 0 0
4.391 0x00 idle 0 0 0 0 0 0.0 0.0 190 24.5 0 0 0
4.432 0x00 idle 0 0 0 0 0 0.0 0.0 190 24.5 0 0 0
4.471 0x00 idle 0 0 0 0 0 0.0 0.0 190 24.5 0 0 0
4.512 0x00 idle 0 0 0 0 0 0.0 0.0 190 24.5 0 0 0
4.554 0x00 idle 0 0 0 0 0 0.0 0.0 190 24.5 0 0 0
4.592 0x00 idle 0 0 0 0 0 0.0 0.0 190 24.5 0 0 0
4.631 0x00 idle 0 0 0 0 0 0.0 0.0 190 24.5 0 0 0
4.673 0x00 idle 0 0 0 0 0 0.0 0.0 190 24.5 0 0 0
4.710 0x00 idle 0 0 0 0 0 0.0 0.0 190 24.5 0 0 0
4.752 0x00 idle 0 0 0 0 0 0.0 0.0 190 24.5 0 0 0
4.792 0x00 idle 0 0 0 0 0 0.0 0.0 190 24.5 0 0 0
4.828 0x00 idle 0 0 0 0 0 0.0 0.0 190 24.5 0 0 0
4.868 0x00 idle 0 0 0 0 0 0.0 0.0 190 24.5 0 0 0
4.910 0x00 idle 0 0 0 0 0 0.0 0.0 190 24.5 0 0 0
4.958 0x00 idle 0 0 0 0 0 0.0 0.0 190 24.5 0 0 0
4.997 0x00 idle 0 0 0 0 0 0.0 0.0 190 24.5 0 0 0
5.032 0x00 idle 0 0 0 0 0 0.0 0.0 190 24.5 0 0 0
5.070 0x00 idle 0 0 0 0 0 0.0 0.0 190 24.5 0 0 0
5.114 0x00 idle 0 0 0 0 0 0.0 0.0 190 24.5 0 0 0
5.157 0x00 idle 0 0 0 0 0 0.0 0.0 190 24.5 0 0 0
5.192 0x00 idle 0 0 0 0 0 0.0 0.0 190 24.5 0 0 0
5.231 0x00 idle 0 0 0 0 0 0.0 0.0 190 24.5 0 0 0
5.268 0x00 idle 0 0 0 0 0 0.0 0.0 190 24.5 0 0 0
5.309 0x00 idle 0 0 0 0 0 0.0 0.0 190 24.5 0 0 0
5.358 0x00 idle 0 0 0 0 0 0.0 0.0 190 24.5 0 0 0
5.394 0x00 idle 0 0 0 0 0 0.0 0.0 190 24.5 0 0 0
5.431 0x00 idle 0 0 0 0 0 0.0 0.0 190 24.5 0 0 0
5.472 0x00 idle 0 0 0 0 0 0.0 0.0 190 24.5 0 0 0
5.510 0x00 idle 0 0 0 0 0 0.0 0.0 190 24.5 0 0 0
5.551 0x00 idle 0 0 0 0 0 0.0 0.0 190 24.5 0 0 0
5.591 0x00 idle 0 0 0 0 0 0.0 0.0 190 24.5 0 0 0
5.633 0x00 idle 0 0 0 0 0 0.0 0.0 190 24.5 0 0 0
5.682 0x00 idle 0 0 0 0 0 0.0 0.0 190 24.5 0 0 0
5.711 0x00 idle 0 0 0 0 0 0.0 0.0 190 24.5 0 0 0
5.752 0x00 idle 0 0 0 0 0 0.0 0.0 190 24.5 0 0 0
5.789 0x00 idle 0 0 0 0 0 0.0 0.0 190 24.5 0 0 0
5.832 0x00 idle 0 0 0 0 0 0.0 0.0 190 24.5 0 0 0
5.872 0x00 idle 0 0 0 0 0 0.0 0.0 190 24.5 0 0 0
5.912 0x00 idle 0 0 0 0 0 0.0 0.0 190 24.5 0 0 0
5.952 0x00 idle 0 0 0 0 0 0.0 0.0 190 24.5 0 0 0
5.994 0x00 idle 0 0 0 0 0 0.0 0.0 190 24.5 0 0 0
6.039 0x00 idle 0 0 0 0 0 0.0 0.0 190 24.5 0 0 0
6.069 0x00 idle 0 0 0 0 0 0.0 0.0 190 24.5 0 0 0
6.111 0x00 idle 0 0 0 0 0 0.0 0.0 190 24.5 0 0 0
6.152 0x00 idle 0 0 0 0 0 0.0 0.0 190 24.5 0 0 0
6.192 0x00 idle 0 0 0 0 0 0.0 0.0 190 24.5 0 0 0
6.230 0x00 idle 0 0 0 0 0 0.0 0.0 190 24.5 0 0 0
6.272 0x00 idle 0 0 0 0 0 0.0 0.0 190 24.5 0 0 0
6.310 0x00 idle 0 0 0 0 0 0.0 0.0 190 24.5 0 0 0
6.347 0x00 idle 0 0 0 0 0 0.0 0.0 190 24.5 0 0 0
6.393 0x00 idle 0 0 0 0 0 0.0 0.0 190 24.5 0 0 0
6.431 0x00 idle 0 0 0 0 0 0.0 0.0 190 24.5 0 0 0
6.476 0x00 idle 0 0 0 0 0 0.0 0.0 190 24.5 0 0 0
6.513 0x00 idle 0 0 0 0 0 0.0 0.0 190 24.5 0 0 0
6.551 0x00 idle 0 0 0 0 0 0.0 0.0 190 24.5 0 0 0
6.596 0x00 idle 0 0 0 0 0 0.0 0.0 190 24.5 0 0 0
6.631 0x00 idle 0 0 0 0 0 0.0 0.0 190 24.5 0 0 0
6.670 0x00 idle 0 0 0 0 0 0.0 0.0 190 24.5 0 0 0
6.713 0x00 idle 0 0 0 0 0 0.0 0.0 190 24.5 0 0 0
6.752 0x00 idle 0 0 0 0 0 0.0 0.0 190 24.5 0 0 0
6.792 0x00 idle 0 0 0 0 0 0.0 0.0 190 24.5 0 0 0
6.833 0x00 idle 0 0 0 0 0 0.0 0.0 190 24.5 0 0 0
6.875 0x00 idle 0 0 0 0 0 0.0 0.0 190 24.5 0 0 0
6.916 0x00 idle 0 0 0 0 0 0.0 0.0 190 24.5 0 0 0
6.960 0x00 idle 0 0 0 0 0 0.0 0.0 190 24.5 0 0 0
6.992 0x00 idle 0 0 0 0 0 0.0 0.0 190 24.5 0 0 0
7.029 0x00 idle 0 0 0 0 0 0.0 0.0 190 24.5 0 0 0
7.074 0x00 idle 0 0 0 0 0 0.0 0.0 190 24.5 0 0 0
7.109 0x00 idle 0 0 0 0 0 0.0 0.0 190 24.5 0 0 0
7.152 0x00 idle 0 0 0 0 0 0.0 0.0 190 24.5 0 0 0
7.194 0x00 idle 0 0 0 0 0 0.0 0.0 190 24.5 0 0 0
7.232 0x00 idle 0 0 0 0 0 0.0 0.0 190 24.5 0 0 0
7.272 0x00 idle 0 0 0 0 0 0.0 0.0 190 24.5 0 0 0
7.313 0x00 idle 0 0 0 0 0 0.0 0.0 190 24.5 0 0 0
7.352 0x00 idle 0 0 0 0 0 0.0 0.0 190 24.5 0 0 0
7.394 0x00 idle 0 0 0 0 0 0.0 0.0 190 24.5 0 0 0
7.431 0x00 idle 0 0 0 0 0 0.0 0.0 190 24.5 0 0 0
7.477 0x00 idle 0 0 0 0 0 0.0 0.0 190 24.5 0 0 0
7.517 0x00 idle 0 0 0 0 0 0.0 0.0 190 24.5 0 0 0
7.553 0x00 idle 0 0 0 0 0 0.0 0.0 190 24.5 0 0 0
7.591 0x00 idle 0 0 0 0 0 0.0 0.0 190 24.5 0 0 0
7.630 0x00 idle 0 0 0 0 0 0.0 0.0 190 24.5 0 0 0
7.671 0x00 idle 0 0 0 0 0 0.0 0.0 190 24.5 0 0 0
7.712 0x00 idle 0 0 0 0 0 0.0 0.0 190 24.5 0 0 0
7.750 0x00 idle 0 0 0 0 0 0.0 0.0 190 24.5 0 0 0
7.795 0x00 idle 0 0 0 0 0 0.0 0.0 190 24.5 0 0 0
7.830 0x00 idle 0 0 0 0 0 0.0 0.0 190 24.5 0 0 0
7.878 0x00 idle 0 0 0 0 0 0.0 0.0 190 24.5 0 0 0
7.911 0x00 idle 0 0 0 0 0 0.0 0.0 190 24.5 0 0 0
7.954 0x00 idle 0 0 0 0 0 0.0 0.0 190 24.5 0 0 0
7.991 0x00 idle 0 0 0 0 0 0.0 0.0 190 24.5 0 0 0
8.039 0x00 idle 0 0 0 0 0 0.0 0.0 190 24.5 0 0 0
8.084 0x00 idle 0 0 0 0 0 0.0 0.0 190 24.5 0 0 0
8.110 0x00 idle 0 0 0 0 0 0.0 0.0 190 24.5 0 0 0
8.152 0x00 idle 0 0 0 0 0 0.0 0.0 190 24.5 0 0 0
8.195 0x00 idle 0 0 0 0 0 0.0 0.0 190 24.5 0 0 0
8.231 0x00 idle 0 0 0 0 0 0.0 0.0 190 24.5 0 0 0
8.272 0x00 idle 0 0 0 0 0 0.0 0.0 190 24.5 0 0 0
8.311 0x00 idle 0 0 0 0 0 0.0 0.0 190 24.5 0 0 0
8.352 0x00 idle 0 0 0 0 0 0.0 0.0 190 24.5 0 0 0
8.389 0x00 idle 0 0 0 0 0 0.0 0.0 190 24.5 0 0 0
8.431 0x00 idle 0 0 0 0 0 0.0 0.0 190 24.5 0 0 0
8.469 0x00 idle 0 0 0 0 0 0.0 0.0 190 24.5 0 0 0
8.513 0x00 idle 0 0 0 0 0 0.0 0.0 190 24.5 0 0 0
8.550 0x00 idle 0 0 0 0 0 0.0 0.0 190 24.5 0 0 0
8.604 0x00 idle 0 0 0 0 0 0.0 0.0 190 24.5 0 0 0
8.637 0x00 idle 0 0 0 0 0 0.0 0.0 190 24.5 0 0 0
8.671 0x00 idle 0 0 0 0 0 0.0 0.0 190 24.5 0 0 0
8.710 0x00 idle 0 0 0 0 0 0.0 0.0 190 24.5 0 0 0
8.753 0x00 idle 0 0 0 0 0 0.0 0.0 190 24.5 0 0 0
8.792 0x00 idle 0 0 0 0 0 0.0 0.0 190 24.5 0 0 0
8.834 0x00 idle 0 0 0 0 0 0.0 0.0 190 24.5 0 0 0
8.877 0x00 idle 0 0 0 0 0 0.0 0.0 190 24.5 0 0 0
8.918 0x00 idle 0 0 0 0 0 0.0 0.0 190 24.5 0 0 0
8.950 0x00 idle 0 0 0 0 0 0.0 0.0 190 24.5 0 0 0
8.988 0x00 idle 0 0 0 0 0 0.0 0.0 190 24.5 0 0 0
9.032 0x00 idle 0 0 0 0 0 0.0 0.0 190 24.5 0 0 0
9.073 0x00 idle 0 0 0 0 0 0.0 0.0 190 24.5 0 0 0
9.111 0x00 idle 0 0 0 0 0 0.0 0.0 190 24.5 0 0 0
9.151 0x00 idle 0 0 0 0 0 0.0 0.0 190 24.5 0 0 0
9.191 0x00 idle 0 0 0 0 0 0.0 0.0 190 24.5 0 0 0
9.231 0x00 idle 0 0 0 0 0 0.0 0.0 190 24.5 0 0 0
9.278 0x00 idle 0 0 0 0 0 0.0 0.0 190 24.5 0 0 0
9.315 0x00 idle 0 0 0 0 0 0.0 0.0 190 24.5 0 0 0
9.352 0x00 idle 0 0 0 0 0 0.0 0.0 190 24.5 0 0 0
9.392 0x00 idle 0 0 0 0 0 0.0 0.0 190 24.5 0 0 0
9.431 0x00 idle 0 0 0 0 0 0.0 0.0 190 24.5 0 0 0
9.476 0x00 idle 0 0 0 0 0 0.0 0.0 190 24.5 0 0 0
9.512 0x00 idle 0 0 0 0 0 0.0 0.0 190 24.5 0 0 0
9.549 0x00 idle 0 0 0 0 0 0.0 0.0 190 24.5 0 0 0
9.598 0x00 idle 0 0 0 0 0 0.0 0.0 190 24.5 0 0 0
9.632 0x00 idle 0 0 0 0 0 0.0 0.0 190 24.5 0 0 0
9.682 0x00 idle 0 0 0 0 0 0.0 0.0 190 24.5 0 0 0
9.713 0x00 idle 0 0 0 0 0 0.0 0.0 190 24.5 0 0 0
9.757 0x00 idle 0 0 0 0 0 0.0 0.0 190 24.5 0 0 0
9.792 0x00 idle 0 0 0 0 0 0.0 0.0 190 24.5 0 0 0
9.828 0x00 idle 0 0 0 0 0 0.0 0.0 190 24.5 0 0 0
9.880 0x00 idle 0 0 0 0 0 0.0 0.0 190 24.5 0 0 0
9.913 0x00 idle 0 0 0 0 0 0.0 0.0 190 24.5 0 0 0
9.957 0x00 idle 0 0 0 0 0 0.0 0.0 190 24.5 0 0 0
9.992 0x00 idle 0 0 0 0 0 0.0 0.0 190 24.5 0 0 0
10.037 0x00 idle 0 0 0 0 0 0.0 0.0 190 24.5 0 0 0
10.072 0x00 idle 0 0 0 0 0 0.0 0.0 190 24.5 0 0 0
10.113 0x00 idle 0 0 0 0 0 0.0 0.0 190 24.5 0 0 0
10.155 0x00 idle 0 0 0 0 0 0.0 0.0 190 24.5 0 0 0
10.193 0x00 idle 0 0 0 0 0 0.0 0.0 190 24.5 0 0 0
10.233 0x00 idle 0 0 0 0 0 0.0 0.0 190 24.5 0 0 0
10.274 0x00 idle 0 0 0 0 0 0.0 0.0 190 24.5 0 0 0
10.311 0x00 idle 0 0 0 0 0 0.0 0.0 190 24.5 0 0 0
10.352 0x00 idle 0 0 0 0 0 0.0 0.0 190 24.5 0 0 0
10.391 0x00 idle 0 0 0 0 0 0.0 0.0 190 24.5 0 0 0
10.436 0x00 idle 0 0 0 0 0 0.0 0.0 190 24.5 0 0 0
10.474 0x00 idle 0 0 0 0 0 0.0 0.0 190 24.5 0 0 0
10.512 0x00 idle 0 0 0 0 0 0.0 0.0 190 24.5 0 0 0
10.555 0x00 idle 0 0 0 0 0 0.0 0.0 190 24.5 0 0 0
10.589 0x00 idle 0 0 0 0 0 0.0 0.0 190 24.5 0 0 0
10.631 0x00 idle 0 0 0 0 0 0.0 0.0 190 24.5 0 0 0
10.674 0x00 idle 0 0 0 0 0 0.0 0.0 190 24.5 0 0 0
10.712 0x00 idle 0 0 0 0 0 0.0 0.0 190 24.5 0 0 0
10.749 0x00 idle 0 0 0 0 0 0.0 0.0 190 24.5 0 0 0
10.794 0x00 idle 0 0 0 0 0 0.0 0.0 190 24.5 0 0 0
10.829 0x00 idle 0 0 0 0 0 0.0 0.0 190 24.5 0 0 0
10.876 0x00 idle 0 0 0 0 0 0.0 0.0 190 24.5 0 0 0
10.910 0x00 idle 0 0 0 0 0 0.0 0.0 190 24.5 0 0 0
10.956 0x00 idle 0 0 0 0 0 0.0 0.0 190 24.5 0 0 0
10.992 0x00 idle 0 0 0 0 0 0.0 0.0 190 24.5 0 0 0
11.037 0x00 idle 0 0 0 0 0 0.0 0.0 190 24.5 0 0 0
11.070 0x00 idle 0 0 0 0 0 0.0 0.0 190 24.5 0 0 0
11.115 0x00 idle 0 0 0 0 0 0.0 0.0 190 24.5 0 0 0
11.156 0x00 idle 0 0 0 0 0 0.0 0.0 190 24.5 0 0 0
11.192 0x00 idle 0 0 0 0 0 0.0 0.0 190 24.5 0 0 0
11.231 0x00 idle 0 0 0 0 0 0.0 0.0 190 24.5 0 0 0
11.269 0x00 idle 0 0 0 0 0 0.0 0.0 190 24.5 0 0 0
11.311 0x00 idle 0 0 0 0 0 0.0 0.0 190 24.5 0 0 0
11.351 0x00 idle 0 0 0 0 0 0.0 0.0 190 24.5 0 0 0
11.390 0x00 idle 0 0 0 0 0 0.0 0.0 190 24.5 0 0 0
11.431 0x00 idle 0 0 0 0 0 0.0 0.0 190 24.5 0 0 0
11.475 0x00 idle 0 0 0 0 0 0.0 0.0 190 24.5 0 0 0
11.513 0x00 idle 0 0 0 0 0 0.0 0.0 190 24.5 0 0 0
11.555 0x00 idle 0 0 0 0 0 0.0 0.0 190 24.5 0 0 0
11.594 0x00 idle 0 0 0 0 0 0.0 0.0 190 24.5 0 0 0
11.633 0x00 idle 0 0 0 0 0 0.0 0.0 190 24.5 0 0 0
11.671 0x00 idle 0 0 0 0 0 0.0 0.0 190 24.5 0 0 0
11.711 0x00 idle 0 0 0 0 0 0.0 0.0 190 24.5 0 0 0
11.754 0x00 idle 0 0 0 0 0 0.0 0.0 190 24.5 0 0 0
11.792 0x00 idle 0 0 0 0 0 0.0 0.0 190 24.5 0 0 0
11.833 0x00 idle 0 0 0 0 0 0.0 0.0 190 24.5 0 0 0
11.877 0x00 idle 0 0 0 0 0 0.0 0.0 190 24.5 0 0 0
11.909 0x00 idle 0 0 0 0 0 0.0 0.0 190 24.5 0 0 0
11.950 0x00 idle 0 0 0 0 0 0.0 0.0 190 24.5 0 0 0
11.997 0x00 idle 0 0 0 0 0 0.0 0.0 190 24.5 0 0 0
12.034 0x00 idle 0 0 0 0 0 0.0 0.0 190 24.5 0 0 0
12.075 0x00 idle 0 0 0 0 0 0.0 0.0 190 24.5 0 0 0
12.112 0x00 idle 0 0 0 0 0 0.0 0.0 190 24.5 0 0 0
12.150 0x00 idle 0 0 0 0 0 0.0 0.0 190 24.5 0 0 0
12.191 0x00 idle 0 0 0 0 0 0.0 0.0 190 24.5 0 0 0
12.231 0x00 idle 0 0 0 0 0 0.0 0.0 190 24.5 0 0 0
12.277 0x00 idle 0 0 0 0 0 0.0 0.0 190 24.5 0 0 0
12.313 0x00 idle 0 0 0 0 0 0.0 0.0 190 24.5 0 0 0
12.354 0x00 idle 0 0 0 0 0 0.0 0.0 190 24.5 0 0 0
12.395 0x00 idle 0 0 0 0 0 0.0 0.0 190 24.5 0 0 0
12.432 0x00 idle 0 0 0 0 0 0.0 0.0 190 24.5 0 0 0
12.473 0x00 idle 0 0 0 0 0 0.0 0.0 190 24.5 0 0 0
12.510 0x00 idle 0 0 0 0 0 0.0 0.0 190 24.5 0 0 0
12.552 0x00 idle 0 0 0 0 0 0.0 0.0 190 24.5 0 0 0
12.592 0x00 idle 0 0 0 0 0 0.0 0.0 190 24.5 0 0 0
12.630 0x00 idle 0 0 0 0 0 0.0 0.0 190 24.5 0 0 0
12.675 0x00 idle 0 0 0 0 0 0.0 0.0 190 24.5 0 0 0
12.710 0x00 idle 0 0 0 0 0 0.0 0.0 190 24.5 0 0 0
12.757 0x00 idle 0 0 0 0 0 0.0 0.0 190 24.5 0 0 0
12.801 0x00 idle 0 0 0 0 0 0.0 0.0 190 24.5 0 0 0
12.830 0x00 idle 0 0 0 0 0 0.0 0.0 190 24.5 0 0 0
12.871 0x00 idle 0 0 0 0 0 0.0 0.0 190 24.5 0 0 0
12.912 0x00 idle 0 0 0 0 0 0.0 0.0 190 24.5 0 0 0
12.953 0x00 idle 0 0 0 0 0 0.0 0.0 190 24.5 0 0 0
12.990 0x00 idle 0 0 0 0 0 0.0 0.0 190 24.5 0 0 0
13.028 0x00 idle 0 0 0 0 0 0.0 0.0 190 24.5 0 0 0
13.071 0x00 idle 0 0 0 0 0 0.0 0.0 190 24.5 0 0 0
13.117 0x00 idle 0 0 0 0 0 0.0 0.0 190 24.5 0 0 0
13.154 0x00 idle 0 0 0 0 0 0.0 0.0 190 24.5 0 0 0
13.197 0x00 idle 0 0 0 0 0 0.0 0.0 190 24.5 0 0 0
13.234 0x00 idle 0 0 0 0 0 0.0 0.0 190 24.5 0 0 0
13.271 0x00 idle 0 0 0 0 0 0.0 0.0 190 24.5 0 0 0
13.316 0x00 idle 0 0 0 0 0 0.0 0.0 190 24.5 0 0 0
13.350 0x00 idle 0 0 0 0 0 0.0 0.0 190 24.5 0 0 0
13.396 0x00 idle 0 0 0 0 0 0.0 0.0 190 24.5 0 0 0
13.442 0x00 idle 0 0 0 0 0 0.0 0.0 190 24.5 0 0 0
13.471 0x00 idle 0 0 0 0 0 0.0 0.0 190 24.5 0 0 0
13.517 0x00 idle 0 0 0 0 0 0.0 0.0 190 24.5 0 0 0
13.552 0x00 idle 0 0 0 0 0 0.0 0.0 190 24.5 0 0 0
13.595 0x00 idle 0 0 0 0 0 0.0 0.0 190 24.5 0 0 0
13.631 0x00 idle 0 0 0 0 0 0.0 0.0 190 24.5 0 0 0
13.669 0x00 idle 0 0 0 0 0 0.0 0.0 190 24.5 0 0 0
13.711 0x00 idle 0 0 0 0 0 0.0 0.0 190 24.5 0 0 0
13.751 0x00 idle 0 0 0 0 0 0.0 0.0 190 24.5 0 0 0
13.793 0x00 idle 0 0 0 0 0 0.0 0.0 190 24.5 0 0 0
13.833 0x00 idle 0 0 0 0 0 0.0 0.0 190 24.5 0 0 0
13.873 0x00 idle 0 0 0 0 0 0.0 0.0 190 24.5 0 0 0
13.911 0x00 idle 0 0 0 0 0 0.0 0.0 190 24.5 0 0 0
13.954 0x00 idle 0 0 0 0 0 0.0 0.0 190 24.5 0 0 0
13.995 0x00 idle 0 0 0 0 0 0.0 0.0 190 24.5 0 0 0
14.031 0x00 idle 0 0 0 0 0 0.0 0.0 190 24.5 0 0 0
14.070 0x00 idle 0 0 0 0 0 0.0 0.0 190 24.5 0 0 0
14.113 0x00 idle 0 0 0 0 0 0.0 0.0 190 24.5 0 0 0
14.159 0x00 idle 0 0 0 0 0 0.0 0.0 190 24.5 0 0 0
14.189 0x00 idle 0 0 0 0 0 0.0 0.0 190 24.5 0 0 0
14.229 0x00 idle 0 0 0 0 0 0.0 0.0 190 24.5 0 0 0
14.272 0x00 idle 0 0 0 0 0 0.0 0.0 190 24.5 0 0 0
14.311 0x00 idle 0 0 0 0 0 0.0 0.0 190 24.5 0 0 0
14.350 0x00 idle 0 0 0 0 0 0.0 0.0 190 24.5 0 0 0
14.388 0x00 idle 0 0 0 0 0 0.0 0.0 190 24.5 0 0 0
14.429 0x00 idle 0 0 0 0 0 0.0 0.0 190 24.5 0 0 0
14.475 0x00 idle 0 0 0 0 0 0.0 0.0 190 24.5 0 0 0
14.512 0x00 idle 0 0 0 0 0 0.0 0.0 190 24.5 0 0 0
14.553 0x00 idle 0 0 0 0 0 0.0 0.0 190 24.5 0 0 0
14.594 0x00 idle 0 0 0 0 0 0.0 0.0 190 24.5 0 0 0
14.633 0x00 idle 0 0 0 0 0 0.0 0.0 190 24.5 0 0 0
14.670 0x00 idle 0 0 0 0 0 0.0 0.0 190 24.5 0 0 0
14.708 0x00 idle 0 0 0 0 0 0.0 0.0 190 24.5 0 0 0
14.758 0x00 idle 0 0 0 0 0 0.0 0.0 190 24.5 0 0 0
14.791 0x00 idle 0 0 0 0 0 0.0 0.0 190 24.5 0 0 0
14.840 0x00 idle 0 0 0 0 0 0.0 0.0 190 24.5 0 0 0
14.875 0x00 idle 0 0 0 0 0 0.0 0.0 190 24.5 0 0 0
14.911 0x00 idle 0 0 0 0 0 0.0 0.0 190 24.5 0 0 0
14.950 0x00 idle 0 0 0 0 0 0.0 0.0 190 24.5 0 0 0
14.992 0x00 idle 0 0 0 0 0 0.0 0.0 190 24.5 0 0 0
15.030 0x00 idle 0 0 0 0 0 0.0 0.0 190 24.5 0 0 0
15.072 0x00 idle 0 0 0 0 0 0.0 0.0 190 24.5 0 0 0
15.117 0x00 idle 0 0 0 0 0 0.0 0.0 190 24.5 0 0 0
15.153 0x00 idle 0 0 0 0 0 0.0 0.0 190 24.5 0 0 0
15.191 0x00 idle 0 0 0 0 0 0.0 0.0 190 24.5 0 0 0
15.230 0x00 idle 0 0 0 0 0 0.0 0.0 190 24.5 0 0 0
15.274 0x00 idle 0 0 0 0 0 0.0 0.0 190 24.5 0 0 0
15.312 0x00 idle 0 0 0 0 0 0.0 0.0 190 24.5 0 0 0
15.350 0x00 idle 0 0 0 0 0 0.0 0.0 190 24.5 0 0 0
15.399 0x00 idle 0 0 0 0 0 0.0 0.0 190 24.5 0 0 0
15.431 0x00 idle 0 0 0 0 0 0.0 0.0 190 24.5 0 0 0
15.472 0x00 idle 0 0 0 0 0 0.0 0.0 190 24.5 0 0 0
15.516 0x00 idle 0 0 0 0 0 0.0 0.0 190 24.5 0 0 0
15.552 0x00 idle 0 0 0 0 0 0.0 0.0 190 24.5 0 0 0
15.593 0x00 idle 0 0 0 0 0 0.0 0.0 190 24.5 0 0 0
15.636 0x00 idle 0 0 0 0 0 0.0 0.0 190 24.5 0 0 0
15.673 0x00 idle 0 0 0 0 0 0.0 0.0 190 24.5 0 0 0
15.713 0x00 idle 0 0 0 0 0 0.0 0.0 190 24.5 0 0 0
15.750 0x00 idle 0 0 0 0 0 0.0 0.0 190 24.5 0 0 0
15.789 0x00 idle 0 0 0 0 0 0.0 0.0 190 24.5 0 0 0
15.832 0x00 idle 0 0 0 0 0 0.0 0.0 190 24.5 0 0 0
15.874 0x00 idle 0 0 0 0 0 0.0 0.0 190 24.5 0 0 0
15.912 0x00 idle 0 0 0 0 0 0.0 0.0 190 24.5 0 0 0
15.953 0x00 idle 0 0 0 0 0 0.0 0.0 190 24.5 0 0 0
15.992 0x00 idle 0 0 0 0 0 0.0 0.0 190 24.5 0 0 0
16.031 0x00 idle 0 0 0 0 0 0.0 0.0 190 24.5 0 0 0
16.074 0x00 idle 0 0 0 0 0 0.0 0.0 190 24.5 0 0 0
16.111 0x00 idle 0 0 0 0 0 0.0 0.0 190 24.5 0 0 0
16.150 0x00 idle 0 0 0 0 0 0.0 0.0 190 24.5 0 0 0
16.198 0x00 idle 0 0 0 0 0 0.0 0.0 190 24.5 0 0 0
16.231 0x00 idle 0 0 0 0 0 0.0 0.0 190 24.5 0 0 0
16.273 0x00 idle 0 0 0 0 0 0.0 0.0 190 24.5 0 0 0
16.309 0x00 idle 0 0 0 0 0 0.0 0.0 190 24.5 0 0 0
16.353 0x00 idle 0 0 0 0 0 0.0 0.0 190 24.5 0 0 0
16.392 0x00 idle 0 0 0 0 0 0.0 0.0 190 24.5 0 0 0
16.430 0x00 idle 0 0 0 0 0 0.0 0.0 190 24.5 0 0 0
16.470 0x00 idle 0 0 0 0 0 0.0 0.0 190 24.5 0 0 0
16.512 0x00 idle 0 0 0 0 0 0.0 0.0 190 24.5 0 0 0
16.554 0x00 idle 0 0 0 0 0 0.0 0.0 190 24.5 0 0 0
16.592 0x00 idle 0 0 0 0 0 0.0 0.0 190 24.5 0 0 0
16.631 0x00 idle 0 0 0 0 0 0.0 0.0 190 24.5 0 0 0
16.675 0x00 idle 0 0 0 0 0 0.0 0.0 190 24.5 0 0 0
16.715 0x00 idle 0 0 0 0 0 0.0 0.0 190 24.5 0 0 0
16.750 0x00 idle 0 0 0 0 0 0.0 0.0 190 24.5 0 0 0
16.789 0x00 idle 0 0 0 0 0 0.0 0.0 190 24.5 0 0 0
16.833 0x00 idle 0 0 0 0 0 0.0 0.0 190 24.5 0 0 0
16.871 0x00 idle 0 0 0 0 0 0.0 0.0 190 24.5 0 0 0
16.910 0x00 idle 0 0 0 0 0 0.0 0.0 190 24.5 0 0 0
16.957 0x00 idle 0 0 0 0 0 0.0 0.0 190 24.5 0 0 0
16.998 0x00 idle 0 0 0 0 0 0.0 0.0 190 24.5 0 0 0
17.039 0x00 idle 0 0 0 0 0 0.0 0.0 190 24.5 0 0 0
17.074 0x00 idle 0 0 0 0 0 0.0 0.0 190 24.5 0 0 0
17.112 0x00 idle 0 0 0 0 0 0.0 0.0 190 24.5 0 0 0
17.155 0x00 idle 0 0 0 0 0 0.0 0.0 190 24.5 0 0 0
17.190 0x00 idle 0 0 0 0 0 0.0 0.0 190 24.5 0 0 0
17.235 0x00 idle 0 0 0 0 0 0.0 0.0 190 24.5 0 0 0
17.273 0x00 idle 0 0 0 0 0 0.0 0.0 190 24.5 0 0 0
17.314 0x00 idle 0 0 0 0 0 0.0 0.0 190 24.5 0 0 0
17.353 0x00 idle 0 0 0 0 0 0.0 0.0 190 24.5 0 0 0
17.393 0x00 idle 0 0 0 0 0 0.0 0.0 190 24.5 0 0 0
17.433 0x00 idle 0 0 0 0 0 0.0 0.0 190 24.5 0 0 0
17.469 0x00 idle 0 0 0 0 0 0.0 0.0 190 24.5 0 0 0
17.510 0x00 idle 0 0 0 0 0 0.0 0.0 190 24.5 0 0 0
17.552 0x00 idle 0 0 0 0 0 0.0 0.0 190 24.5 0 0 0
17.596 0x00 idle 0 0 0 0 0 0.0 0.0 190 24.5 0 0 0
17.636 0x00 idle 0 0 0 0 0 0.0 0.0 190 24.5 0 0 0
17.671 0x00 idle 0 0 0 0 0 0.0 0.0 190 24.5 0 0 0
17.712 0x00 idle 0 0 0 0 0 0.0 0.0 190 24.5 0 0 0
17.750 0x00 idle 0 0 0 0 0 0.0 0.0 190 24.5 0 0 0
17.791 0x00 idle 0 0 0 0 0 0.0 0.0 190 24.5 0 0 0
17.832 0x00 idle 0 0 0 0 0 0.0 0.0 190 24.5 0 0 0
17.874 0x00 idle 0 0 0 0 0 0.0 0.0 190 24.5 0 0 0
17.911 0x00 idle 0 0 0 0 0 0.0 0.0 190 24.5 0 0 0
17.952 0x00 idle 0 0 0 0 0 0.0 0.0 190 24.5 0 0 0
17.990 0x00 idle 0 0 0 0 0 0.0 0.0 190 24.5 0 0 0
18.036 0x00 idle 0 0 0 0 0 0.0 0.0 190 24.5 0 0 0
18.068 0x00 idle 0 0 0 0 0 0.0 0.0 190 24.5 0 0 0
18.115 0x00 idle 0 0 0 0 0 0.0 0.0 190 24.5 0 0 0
18.149 0x00 idle 0 0 0 0 0 0.0 0.0 190 24.5 0 0 0
18.190 0x00 idle 0 0 0 0 0 0.0 0.0 190 24.5 0 0 0
18.231 0x00 idle 0 0 0 0 0 0.0 0.0 190 24.5 0 0 0
18.271 0x00 idle 0 0 0 0 0 0.0 0.0 190 24.5 0 0 0
18.311 0x00 idle 0 0 0 0 0 0.0 0.0 190 24.5 0 0 0
18.351 0x00 idle 0 0 0 0 0 0.0 0.0 190 24.5 0 0 0
18.394 0x00 idle 0 0 0 0 0 0.0 0.0 190 24.5 0 0 0
18.433 0x00 idle 0 0 0 0 0 0.0 0.0 190 24.5 0 0 0
18.471 0x00 idle 0 0 0 0 0 0.0 0.0 190 24.5 0 0 0
18.514 0x00 idle 0 0 0 0 0 0.0 0.0 190 24.5 0 0 0
18.551 0x00 idle 0 0 0 0 0 0.0 0.0 190 24.5 0 0 0
18.595 0x00 idle 0 0 0 0 0 0.0 0.0 190 24.5 0 0 0
18.633 0x00 idle 0 0 0 0 0 0.0 0.0 190 24.5 0 0 0
18.670 0x00 idle 0 0 0 0 0 0.0 0.0 190 24.5 0 0 0
18.713 0x00 idle 0 0 0 0 0 0.0 0.0 190 24.5 0 0 0
18.750 0x00 idle 0 0 0 0 0 0.0 0.0 190 24.5 0 0 0
18.791 0x00 idle 0 0 0 0 0 0.0 0.0 190 24.5 0 0 0
18.829 0x00 idle 0 0 0 0 0 0.0 0.0 190 24.5 0 0 0
18.873 0x00 idle 0 0 0 0 0 0.0 0.0 190 24.5 0 0 0
18.910 0x00 idle 0 0 0 0 0 0.0 0.0 190 24.5 0 0 0
18.954 0x00 idle 0 0 0 0 0 0.0 0.0 190 24.5 0 0 0
18.992 0x00 idle 0 0 0 0 0 0.0 0.0 190 24.5 0 0 0
19.032 0x00 idle 0 0 0 0 0 0.0 0.0 190 24.5 0 0 0
19.077 0x00 idle 0 0 0 0 0 0.0 0.0 190 24.5 0 0 0
19.115 0x00 idle 0 0 0 0 0 0.0 0.0 190 24.5 0 0 0
19.150 0x00 idle 0 0 0 0 0 0.0 0.0 190 24.5 0 0 0
19.193 0x00 idle 0 0 0 0 0 0.0 0.0 190 24.5 0 0 0
19.231 0x00 idle 0 0 0 0 0 0.0 0.0 190 24.5 0 0 0
19.279 0x00 idle 0 0 0 0 0 0.0 0.0 190 24.5 0 0 0
19.311 0x00 idle 0 0 0 0 0 0.0 0.0 190 24.5 0 0 0
19.350 0x00 idle 0 0 0 0 0 0.0 0.0 190 24.5 0 0 0
19.390 0x00 idle 0 0 0 0 0 0.0 0.0 190 24.5 0 0 0
19.429 0x00 idle 0 0 0 0 0 0.0 0.0 190 24.5 0 0 0
19.479 0x00 idle 0 0 0 0 0 0.0 0.0 190 24.5 0 0 0
19.516 0x00 idle 0 0 0 0 0 0.0 0.0 190 24.5 0 0 0
19.559 0x00 idle 0 0 0 0 0 0.0 0.0 190 24.5 0 0 0
19.592 0x00 idle 0 0 0 0 0 0.0 0.0 190 24.5 0 0 0
19.633 0x00 idle 0 0 0 0 0 0.0 0.0 190 24.5 0 0 0
19.678 0x00 idle 0 0 0 0 0 0.0 0.0 190 24.5 0 0 0
19.711 0x00 idle 0 0 0 0 0 0.0 0.0 190 24.5 0 0 0
19.754 0x00 idle 0 0 0 0 0 0.0 0.0 190 24.5 0 0 0
19.800 0x00 idle 0 0 0 0 0 0.0 0.0 190 24.5 0 0 0
19.828 0x00 idle 0 0 0 0 0 0.0 0.0 190 24.5 0 0 0
19.870 0x00 idle 0 0 0 0 0 0.0 0.0 190 24.5 0 0 0
19.917 0x00 idle 0 0 0 0 0 0.0 0.0 190 24.5 0 0 0
19.953 0x00 idle 0 0 0 0 0 0.0 0.0 190 24.5 0 0 0
19.990 0x00 idle 0 0 0 0 0 0.0 0.0 190 24.5 0 0 0
20.034 0x00 idle 0 0 0 0 0 0.0 0.0 190 24.5 0 0 0
20.076 0x00 idle 0 0 0 0 0 0.0 0.0 190 24.5 0 0 0
20.114 0x00 idle 0 0 0 0 0 0.0 0.0 190 24.5 0 0 0
20.155 0x00 idle 0 0 0 0 0 0.0 0.0 190 24.5 0 0 0
20.191 0x00 idle 0 0 0 0 0 0.0 0.0 190 24.5 0 0 0
20.236 0x00 idle 0 0 0 0 0 0.0 0.0 190 24.5 0 0 0
20.271 0x00 idle 0 0 0 0 0 0.0 0.0 190 24.5 0 0 0
20.311 0x00 idle 0 0 0 0 0 0.0 0.0 190 24.5 0 0 0
20.354 0x00 idle 0 0 0 0 0 0.0 0.0 190 24.5 0 0 0
20.393 0x00 idle 0 0 0 0 0 0.0 0.0 190 24.5 0 0 0
20.433 0x00 idle 0 0 0 0 0 0.0 0.0 190 24.5 0 0 0
20.471 0x00 idle 0 0 0 0 0 0.0 0.0 190 24.5 0 0 0
20.515 0x00 idle 0 0 0 0 0 0.0 0.0 190 24.5 0 0 0
20.550 0x00 idle 0 0 0 0 0 0.0 0.0 190 24.5 0 0 0
20.593 0x00 idle 0 0 0 0 0 0.0 0.0 190 24.5 0 0 0
20.633 0x00 idle 0 0 0 0 0 0.0 0.0 190 24.5 0 0 0
20.676 0x00 idle 0 0 0 0 0 0.0 0.0 190 24.5 0 0 0
20.713 0x00 idle 0 0 0 0 0 0.0 0.0 190 24.5 0 0 0
20.748 0x00 idle 0 0 0 0 0 0.0 0.0 190 24.5 0 0 0
20.789 0x00 idle 0 0 0 0 0 0.0 0.0 190 24.5 0 0 0
20.830 0x00 idle 0 0 0 0 0 0.0 0.0 190 24.5 0 0 0
20.871 0x00 idle 0 0 0 0 0 0.0 0.0 190 24.5 0 0 0
20.910 0x00 idle 0 0 0 0 0 0.0 0.0 190 24.5 0 0 0
20.955 0x00 idle 0 0 0 0 0 0.0 0.0 190 24.5 0 0 0
20.992 0x00 idle 0 0 0 0 0 0.0 0.0 190 24.5 0 0 0
21.034 0x00 idle 0 0 0 0 0 0.0 0.0 190 24.5 0 0 0
21.074 0x00 idle 0 0 0 0 0 0.0 0.0 190 24.5 0 0 0
21.112 0x00 idle 0 0 0 0 0 0.0 0.0 190 24.5 0 0 0
21.151 0x00 idle 0 0 0 0 0 0.0 0.0 190 24.5 0 0 0
21.191 0x00 idle 0 0 0 0 0 0.0 0.0 190 24.5 0 0 0
21.232 0x00 idle 0 0 0 0 0 0.0 0.0 190 24.5 0 0 0
21.268 0x00 idle 0 0 0 0 0 0.0 0.0 190 24.5 0 0 0
21.309 0x00 idle 0 0 0 0 0 0.0 0.0 190 24.5 0 0 0
21.351 0x00 idle 0 0 0 0 0 0.0 0.0 190 24.5 0 0 0
21.391 0x00 idle 0 0 0 0 0 0.0 0.0 190 24.5 0 0 0
21.431 0x00 idle 0 0 0 0 0 0.0 0.0 190 24.5 0 0 0
21.476 0x00 idle 0 0 0 0 0 0.0 0.0 190 24.5 0 0 0
21.510 0x00 idle 0 0 0 0 0 0.0 0.0 190 24.5 0 0 0
21.552 0x00 idle 0 0 0 0 0 0.0 0.0 190 24.5 0 0 0
21.592 0x00 idle 0 0 0 0 0 0.0 0.0 190 24.5 0 0 0
21.630 0x00 idle 0 0 0 0 0 0.0 0.0 190 24.5 0 0 0
21.677 0x00 idle 0 0 0 0 0 0.0 0.0 190 24.5 0 0 0
21.710 0x00 idle 0 0 0 0 0 0.0 0.0 190 24.5 0 0 0
21.752 0x00 idle 0 0 0 0 0 0.0 0.0 190 24.5 0 0 0
21.794 0x00 idle 0 0 0 0 0 0.0 0.0 190 24.5 0 0 0
21.833 0x00 idle 0 0 0 0 0 0.0 0.0 190 24.5 0 0 0
21.872 0x00 idle 0 0 0 0 0 0.0 0.0 190 24.5 0 0 0
21.910 0x00 idle 0 0 0 0 0 0.0 0.0 190 24.5 0 0 0
21.951 0x00 idle 0 0 0 0 0 0.0 0.0 190 24.5 0 0 0
21.991 0x00 idle 0 0 0 0 0 0.0 0.0 190 24.5 0 0 0
22.030 0x00 idle 0 0 0 0 0 0.0 0.0 190 24.5 0 0 0
22.078 0x00 idle 0 0 0 0 0 0.0 0.0 190 24.5 0 0 0
22.110 0x00 idle 0 0 0 0 0 0.0 0.0 190 24.5 0 0 0
22.149 0x00 idle 0 0 0 0 0 0.0 0.0 190 24.5 0 0 0
22.193 0x00 idle 0 0 0 0 0 0.0 0.0 190 24.5 0 0 0
22.231 0x00 idle 0 0 0 0 0 0.0 0.0 190 24.5 0 0 0
22.275 0x00 idle 0 0 0 0 0 0.0 0.0 190 24.5 0 0 0
22.314 0x00 idle 0 0 0 0 0 0.0 0.0 190 24.5 0 0 0
22.352 0x00 idle 0 0 0 0 0 0.0 0.0 190 24.5 0 0 0
22.390 0x00 idle 0 0 0 0 0 0.0 0.0 190 24.5 0 0 0
22.428 0x00 idle 0 0 0 0 0 0.0 0.0 190 24.5 0 0 0
22.471 0x00 idle 0 0 0 0 0 0.0 0.0 190 24.5 0 0 0
22.513 0x00 idle 0 0 0 0 0 0.0 0.0 190 24.5 0 0 0
22.554 0x00 idle 0 0 0 0 0 0.0 0.0 190 24.5 0 0 0
22.592 0x00 idle 0 0 0 0 0 0.0 0.0 190 24.5 0 0 0
22.634 0x00 idle 0 0 0 0 0 0.0 0.0 190 24.5 0 0 0
22.670 0x00 idle 0 0 0 0 0 0.0 0.0 190 24.5 0 0 0
22.711 0x00 idle 0 0 0 0 0 0.0 0.0 190 24.5 0 0 0
22.755 0x00 idle 0 0 0 0 0 0.0 0.0 190 24.5 0 0 0
22.789 0x00 idle 0 0 0 0 0 0.0 0.0 190 24.5 0 0 0
22.831 0x00 idle 0 0 0 0 0 0.0 0.0 190 24.5 0 0 0
22.873 0x00 idle 0 0 0 0 0 0.0 0.0 190 24.5 0 0 0
22.908 0x00 idle 0 0 0 0 0 0.0 0.0 190 24.5 0 0 0
22.951 0x00 idle 0 0 0 0 0 0.0 0.0 190 24.5 0 0 0
22.991 0x00 idle 0 0 0 0 0 0.0 0.0 190 24.5 0 0 0
23.031 0x00 idle 0 0 0 0 0 0.0 0.0 190 24.5 0 0 0
23.070 0x00 idle 0 0 0 0 0 0.0 0.0 190 24.5 0 0 0
23.110 0x00 idle 0 0 0 0 0 0.0 0.0 190 24.5 0 0 0
23.152 0x00 idle 0 0 0 0 0 0.0 0.0 190 24.5 0 0 0
23.194 0x00 idle 0 0 0 0 0 0.0 0.0 190 24.5 0 0 0
23.233 0x00 idle 0 0 0 0 0 0.0 0.0 190 24.5 0 0 0
23.275 0x00 idle 0 0 0 0 0 0.0 0.0 190 24.5 0 0 0
23.310 0x00 idle 0 0 0 0 0 0.0 0.0 190 24.5 0 0 0
23.352 0x00 idle 0 0 0 0 0 0.0 0.0 190 24.5 0 0 0
23.391 0x00 idle 0 0 0 0 0 0.0 0.0 190 24.5 0 0 0
23.432 0x00 idle 0 0 0 0 0 0.0 0.0 190 24.5 0 0 0
23.479 0x00 idle 0 0 0 0 0 0.0 0.0 190 24.5 0 0 0
23.510 0x00 idle 0 0 0 0 0 0.0 0.0 190 24.5 0 0 0
23.555 0x00 idle 0 0 0 0 0 0.0 0.0 190 24.5 0 0 0
23.593 0x00 idle 0 0 0 0 0 0.0 0.0 190 24.5 0 0 0
23.633 0x00 idle 0 0 0 0 0 0.0 0.0 190 24.5 0 0 0
23.675 0x00 idle 0 0 0 0 0 0.0 0.0 190 24.5 0 0 0
23.713 0x00 idle 0 0 0 0 0 0.0 0.0 190 24.5 0 0 0
23.757 0x00 idle 0 0 0 0 0 0.0 0.0 190 24.5 0 0 0
23.792 0x00 idle 0 0 0 0 0 0.0 0.0 190 24.5 0 0 0
23.829 0x00 idle 0 0 0 0 0 0.0 0.0 190 24.5 0 0 0
23.875 0x00 idle 0 0 0 0 0 0.0 0.0 190 24.5 0 0 0
23.911 0x00 idle 0 0 0 0 0 0.0 0.0 190 24.5 0 0 0
23.952 0x00 idle 0 0 0 0 0 0.0 0.0 190 24.5 0 0 0
23.991 0x00 idle 0 0 0 0 0 0.0 0.0 190 24.5 0 0 0
24.036 0x00 idle 0 0 0 0 0 0.0 0.0 190 24.5 0 0 0
24.071 0x00 idle 0 0 0 0 0 0.0 0.0 190 24.5 0 0 0
24.110 0x00 idle 0 0 0 0 0 0.0 0.0 190 24.5 0 0 0
24.151 0x00 idle 0 0 0 0 0 0.0 0.0 190 24.5 0 0 0
24.191 0x00 idle 0 0 0 0 0 0.0 0.0 190 24.5 0 0 0
24.231 0x00 idle 0 0 0 0 0 0.0 0.0 190 24.5 0 0 0
24.275 0x00 idle 0 0 0 0 0 0.0 0.0 190 24.5 0 0 0
24.312 0x00 idle 0 0 0 0 0 0.0 0.0 190 24.5 0 0 0
24.352 0x00 idle 0 0 0 0 0 0.0 0.0 190 24.5 0 0 0
24.393 0x00 idle 0 0 0 0 0 0.0 0.0 190 24.5 0 0 0
24.430 0x00 idle 0 0 0 0 0 0.0 0.0 190 24.5 0 0 0
24.472 0x00 idle 0 0 0 0 0 0.0 0.0 190 24.5 0 0 0
24.512 0x00 idle 0 0 0 0 0 0.0 0.0 190 24.5 0 0 0
24.560 0x00 idle 0 0 0 0 0 0.0 0.0 190 24.5 0 0 0
24.596 0x00 idle 0 0 0 0 0 0.0 0.0 190 24.5 0 0 0
24.629 0x00 idle 0 0 0 0 0 0.0 0.0 190 24.5 0 0 0
24.669 0x00 idle 0 0 0 0 0 0.0 0.0 190 24.5 0 0 0
24.713 0x00 idle 0 0 0 0 0 0.0 0.0 190 24.5 0 0 0
24.751 0x00 idle 0 0 0 0 0 0.0 0.0 190 24.5 0 0 0
24.792 0x00 idle 0 0 0 0 0 0.0 0.0 190 24.5 0 0 0
24.833 0x00 idle 0 0 0 0 0 0.0 0.0 190 24.5 0 0 0
24.874 0x00 idle 0 0 0 0 0 0.0 0.0 190 24.5 0 0 0
24.911 0x00 idle 0 0 0 0 0 0.0 0.0 190 24.5 0 0 0
24.955 0x00 idle 0 0 0 0 0 0.0 0.0 190 24.5 0 0 0
24.990 0x00 idle 0 0 0 0 0 0.0 0.0 190 24.5 0 0 0
25.031 0x00 idle 0 0 0 0 0 0.0 0.0 190 24.5 0 0 0
25.077 0x00 idle 0 0 0 0 0 0.0 0.0 190 24.5 0 0 0
25.111 0x00 idle 0 0 0 0 0 0.0 0.0 190 24.5 0 0 0
25.160 0x00 idle 0 0 0 0 0 0.0 0.0 190 24.5 0 0 0
25.193 0x00 idle 0 0 0 0 0 0.0 0.0 190 24.5 0 0 0
25.230 0x00 idle 0 0 0 0 0 0.0 0.0 190 24.5 0 0 0
25.274 0x00 idle 0 0 0 0 0 0.0 0.0 190 24.5 0 0 0
25.315 0x00 idle 0 0 0 0 0 0.0 0.0 190 24.5 0 0 0
25.351 0x00 idle 0 0 0 0 0 0.0 0.0 190 24.5 0 0 0
25.395 0x00 idle 0 0 0 0 0 0.0 0.0 190 24.5 0 0 0
25.433 0x00 idle 0 0 0 0 0 0.0 0.0 190 24.5 0 0 0
25.470 0x00 idle 0 0 0 0 0 0.0 0.0 190 24.5 0 0 0
25.515 0x00 idle 0 0 0 0 0 0.0 0.0 190 24.5 0 0 0
25.553 0x00 idle 0 0 0 0 0 0.0 0.0 190 24.5 0 0 0
25.592 0x00 idle 0 0 0 0 0 0.0 0.0 190 24.5 0 0 0
25.630 0x00 idle 0 0 0 0 0 0.0 0.0 190 24.5 0 0 0
25.675 0x00 idle 0 0 0 0 0 0.0 0.0 190 24.5 0 0 0
25.715 0x00 idle 0 0 0 0 0 0.0 0.0 190 24.5 0 0 0
25.752 0x00 idle 0 0 0 0 0 0.0 0.0 190 24.5 0 0 0
25.791 0x00 idle 0 0 0 0 0 0.0 0.0 190 24.5 0 0 0
25.829 0x00 idle 0 0 0 0 0 0.0 0.0 190 24.5 0 0 0
25.869 0x00 idle 0 0 0 0 0 0.0 0.0 190 24.5 0 0 0
25.913 0x00 idle 0 0 0 0 0 0.0 0.0 190 24.5 0 0 0
25.952 0x00 idle 0 0 0 0 0 0.0 0.0 190 24.5 0 0 0
25.997 0x00 idle 0 0 0 0 0 0.0 0.0 190 24.5 0 0 0
26.032 0x00 idle 0 0 0 0 0 0.0 0.0 190 24.5 0 0 0
26.074 0x00 idle 0 0 0 0 0 0.0 0.0 190 24.5 0 0 0
26.110 0x00 idle 0 0 0 0 0 0.0 0.0 190 24.5 0 0 0
26.151 0x00 idle 0 0 0 0 0 0.0 0.0 190 24.5 0 0 0
26.194 0x00 idle 0 0 0 0 0 0.0 0.0 190 24.5 0 0 0
26.229 0x00 idle 0 0 0 0 0 0.0 0.0 190 24.5 0 0 0
26.270 0x00 idle 0 0 0 0 0 0.0 0.0 190 24.5 0 0 0
26.311 0x00 idle 0 0 0 0 0 0.0 0.0 190 24.5 0 0 0
26.352 0x00 idle 0 0 0 0 0 0.0 0.0 190 24.5 0 0 0
26.388 0x00 idle 0 0 0 0 0 0.0 0.0 190 24.5 0 0 0
26.432 0x00 idle 0 0 0 0 0 0.0 0.0 190 24.5 0 0 0
26.468 0x00 idle 0 0 0 0 0 0.0 0.0 190 24.5 0 0 0
26.514 0x00 idle 0 0 0 0 0 0.0 0.0 190 24.5 0 0 0
26.557 0x00 idle 0 0 0 0 0 0.0 0.0 190 24.5 0 0 0
26.588 0x00 idle 0 0 0 0 0 0.0 0.0 190 24.5 0 0 0
26.630 0x00 idle 0 0 0 0 0 0.0 0.0 190 24.5 0 0 0
26.668 0x00 idle 0 0 0 0 0 0.0 0.0 190 24.5 0 0 0
26.712 0x00 idle 0 0 0 0 0 0.0 0.0 190 24.5 0 0 0
26.749 0x00 idle 0 0 0 0 0 0.0 0.0 190 24.5 0 0 0
26.794 0x00 idle 0 0 0 0 0 0.0 0.0 190 24.5 0 0 0
26.829 0x00 idle 0 0 0 0 0 0.0 0.0 190 24.5 0 0 0
26.870 0x00 idle 0 0 0 0 0 0.0 0.0 190 24.5 0 0 0
26.911 0x00 idle 0 0 0 0 0 0.0 0.0 190 24.5 0 0 0
26.950 0x00 idle 0 0 0 0 0 0.0 0.0 190 24.5 0 0 0
26.992 0x00 idle 0 0 0 0 0 0.0 0.0 190 24.5 0 0 0
27.032 0x00 idle 0 0 0 0 0 0.0 0.0 190 24.5 0 0 0
27.072 0x00 idle 0 0 0 0 0 0.0 0.0 190 24.5 0 0 0
27.112 0x00 idle 0 0 0 0 0 0.0 0.0 190 24.5 0 0 0
27.149 0x00 idle 0 0 0 0 0 0.0 0.0 190 24.5 0 0 0
27.191 0x00 idle 0 0 0 0 0 0.0 0.0 190 24.5 0 0 0
27.230 0x00 idle 0 0 0 0 0 0.0 0.0 190 24.5 0 0 0
27.269 0x00 idle 0 0 0 0 0 0.0 0.0 190 24.5 0 0 0
27.308 0x00 idle 0 0 0 0 0 0.0 0.0 190 24.5 0 0 0
27.354 0x00 idle 0 0 0 0 0 0.0 0.0 190 24.5 0 0 0
27.392 0x00 idle 0 0 0 0 0 0.0 0.0 190 24.5 0 0 0
27.430 0x00 idle 0 0 0 0 0 0.0 0.0 190 24.5 0 0 0
27.473 0x00 idle 0 0 0 0 0 0.0 0.0 190 24.5 0 0 0
27.511 0x00 idle 0 0 0 0 0 0.0 0.0 190 24.5 0 0 0
27.550 0x00 idle 0 0 0 0 0 0.0 0.0 190 24.5 0 0 0
27.593 0x00 idle 0 0 0 0 0 0.0 0.0 190 24.5 0 0 0
27.630 0x00 idle 0 0 0 0 0 0.0 0.0 190 24.5 0 0 0
27.675 0x00 idle 0 0 0 0 0 0.0 0.0 190 24.5 0 0 0
27.713 0x00 idle 0 0 0 0 0 0.0 0.0 190 24.5 0 0 0
27.751 0x00 idle 0 0 0 0 0 0.0 0.0 190 24.5 0 0 0
27.795 0x00 idle 0 0 0 0 0 0.0 0.0 190 24.5 0 0 0
27.833 0x00 idle 0 0 0 0 0 0.0 0.0 190 24.5 0 0 0
27.873 0x00 idle 0 0 0 0 0 0.0 0.0 190 24.5 0 0 0
27.911 0x00 idle 0 0 0 0 0 0.0 0.0 190 24.5 0 0 0
27.950 0x00 idle 0 0 0 0 0 0.0 0.0 190 24.5 0 0 0
27.991 0x00 idle 0 0 0 0 0 0.0 0.0 190 24.5 0 0 0
28.032 0x00 idle 0 0 0 0 0 0.0 0.0 190 24.5 0 0 0
28.074 0x00 idle 0 0 0 0 0 0.0 0.0 190 24.5 0 0 0
28.108 0x00 idle 0 0 0 0 0 0.0 0.0 190 24.5 0 0 0
28.150 0x00 idle 0 0 0 0 0 0.0 0.0 190 24.5 0 0 0
28.191 0x00 idle 0 0 0 0 0 0.0 0.0 190 24.5 0 0 0
28.236 0x00 idle 0 0 0 0 0 0.0 0.0 190 24.5 0 0 0
28.272 0x00 idle 0 0 0 0 0 0.0 0.0 190 24.5 0 0 0
28.316 0x00 idle 0 0 0 0 0 0.0 0.0 190 24.5 0 0 0
28.354 0x00 idle 0 0 0 0 0 0.0 0.0 190 24.5 0 0 0
28.390 0x00 idle 0 0 0 0 0 0.0 0.0 190 24.5 0 0 0
28.433 0x00 idle 0 0 0 0 0 0.0 0.0 190 24.5 0 0 0
28.473 0x00 idle 0 0 0 0 0 0.0 0.0 190 24.5 0 0 0
28.518 0x00 idle 0 0 0 0 0 0.0 0.0 190 24.5 0 0 0
28.552 0x00 idle 0 0 0 0 0 0.0 0.0 190 24.5 0 0 0
28.593 0x00 idle 0 0 0 0 0 0.0 0.0 190 24.5 0 0 0
28.634 0x00 idle 0 0 0 0 0 0.0 0.0 190 24.5 0 0 0
28.672 0x00 idle 0 0 0 0 0 0.0 0.0 190 24.5 0 0 0
28.709 0x00 idle 0 0 0 0 0 0.0 0.0 190 24.5 0 0 0
28.752 0x00 idle 0 0 0 0 0 0.0 0.0 190 24.5 0 0 0
28.797 0x00 idle 0 0 0 0 0 0.0 0.0 190 24.5 0 0 0
28.832 0x00 idle 0 0 0 0 0 0.0 0.0 190 24.5 0 0 0
28.874 0x00 idle 0 0 0 0 0 0.0 0.0 190 24.5 0 0 0
28.911 0x00 idle 0 0 0 0 0 0.0 0.0 190 24.5 0 0 0
28.951 0x00 idle 0 0 0 0 0 0.0 0.0 190 24.5 0 0 0
28.990 0x00 idle 0 0 0 0 0 0.0 0.0 190 24.5 0 0 0
29.030 0x00 idle 0 0 0 0 0 0.0 0.0 190 24.5 0 0 0
29.069 0x00 idle 0 0 0 0 0 0.0 0.0 190 24.5 0 0 0
29.110 0x00 idle 0 0 0 0 0 0.0 0.0 190 24.5 0 0 0
29.151 0x00 idle 0 0 0 0 0 0.0 0.0 190 24.5 0 0 0
29.193 0x00 idle 0 0 0 0 0 0.0 0.0 190 24.5 0 0 0
29.229 0x00 idle 0 0 0 0 0 0.0 0.0 190 24.5 0 0 0
29.271 0x00 idle 0 0 0 0 0 0.0 0.0 190 24.5 0 0 0
29.311 0x00 idle 0 0 0 0 0 0.0 0.0 190 24.5 0 0 0
29.354 0x00 idle 0 0 0 0 0 0.0 0.0 190 24.5 0 0 0
29.391 0x00 idle 0 0 0 0 0 0.0 0.0 190 24.5 0 0 0
29.432 0x00 idle 0 0 0 0 0 0.0 0.0 190 24.5 0 0 0
29.474 0x00 idle 0 0 0 0 0 0.0 0.0 190 24.5 0 0 0
29.510 0x00 idle 0 0 0 0 0 0.0 0.0 190 24.5 0 0 0
29.552 0x00 idle 0 0 0 0 0 0.0 0.0 190 24.5 0 0 0
29.592 0x00 idle 0 0 0 0 0 0.0 0.0 190 24.5 0 0 0
29.630 0x00 idle 0 0 0 0 0 0.0 0.0 190 24.5 0 0 0
29.670 0x00 idle 0 0 0 0 0 0.0 0.0 190 24.5 0 0 0
29.711 0x00 idle 0 0 0 0 0 0.0 0.0 190 24.5 0 0 0
29.751 0x00 idle 0 0 0 0 0 0.0 0.0 190 24.5 0 0 0
29.791 0x00 idle 0 0 0 0 0 0.0 0.0 190 24.5 0 0 0
29.832 0x00 idle 0 0 0 0 0 0.0 0.0 190 24.5 0 0 0
29.872 0x00 idle 0 0 0 0 0 0.0 0.0 190 24.5 0 0 0
29.914 0x00 idle 0 0 0 0 0 0.0 0.0 190 24.5 0 0 0
29.952 0x00 idle 0 0 0 0 0 0.0 0.0 190 24.5 0 0 0
29.999 0x00 idle 0 0 0 0 0 0.0 0.0 190 24.5 0 0 0
30.035 0x00 idle 0 0 0 0 0 0.0 0.0 190 24.5 0 0 0
30.072 0x00 idle 0 0 0 0 0 0.0 0.0 190 24.5 0 0 0
30.112 0x00 idle 0 0 0 0 0 0.0 0.0 190 24.5 0 0 0
30.153 0x00 idle 0 0 0 0 0 0.0 0.0 190 24.5 0 0 0
30.195 0x00 idle 0 0 0 0 0 0.0 0.0 190 24.5 0 0 0
30.231 0x00 idle 0 0 0 0 0 0.0 0.0 190 24.5 0 0 0
30.277 0x00 idle 0 0 0 0 0 0.0 0.0 190 24.5 0 0 0
30.312 0x00 idle 0 0 0 0 0 0.0 0.0 190 24.5 0 0 0
30.352 0x00 idle 0 0 0 0 0 0.0 0.0 190 24.5 0 0 0
30.391 0x00 idle 0 0 0 0 0 0.0 0.0 190 24.5 0 0 0
30.437 0x00 idle 0 0 0 0 0 0.0 0.0 190 24.5 0 0 0
30.472 0x00 idle 0 0 0 0 0 0.0 0.0 190 24.5 0 0 0
30.513 0x00 idle 0 0 0 0 0 0.0 0.0 190 24.5 0 0 0
30.548 0x00 idle 0 0 0 0 0 0.0 0.0 190 24.5 0 0 0
30.592 0x00 idle 0 0 0 0 0 0.0 0.0 190 24.5 0 0 0
30.629 0x00 idle 0 0 0 0 0 0.0 0.0 190 24.5 0 0 0
30.674 0x00 idle 0 0 0 0 0 0.0 0.0 190 24.5 0 0 0
30.727 0x00 idle 0 0 0 0 0 0.0 0.0 190 24.5 0 0 0
30.750 0x00 idle 0 0 0 0 0 0.0 0.0 190 24.5 0 0 0
30.791 0x00 idle 0 0 0 0 0 0.0 0.0 190 24.5 0 0 0
30.835 0x00 idle 0 0 0 0 0 0.0 0.0 190 24.5 0 0 0
30.877 0x00 idle 0 0 0 0 0 0.0 0.0 190 24.5 0 0 0
30.913 0x00 idle 0 0 0 0 0 0.0 0.0 190 24.5 0 0 0
30.951 0x00 idle 0 0 0 0 0 0.0 0.0 190 24.5 0 0 0
30.991 0x00 idle 0 0 0 0 0 0.0 0.0 190 24.5 0 0 0
31.031 0x00 idle 0 0 0 0 0 0.0 0.0 190 24.5 0 0 0
31.069 0x00 idle 0 0 0 0 0 0.0 0.0 190 24.5 0 0 0
31.109 0x00 idle 0 0 0 0 0 0.0 0.0 190 24.5 0 0 0
31.155 0x00 idle 0 0 0 0 0 0.0 0.0 190 24.5 0 0 0
31.193 0x00 idle 0 0 0 0 0 0.0 0.0 190 24.5 0 0 0
31.230 0x00 idle 0 0 0 0 0 0.0 0.0 190 24.5 0 0 0
31.269 0x00 idle 0 0 0 0 0 0.0 0.0 190 24.5 0 0 0
31.312 0x00 idle 0 0 0 0 0 0.0 0.0 190 24.5 0 0 0
31.352 0x00 idle 0 0 0 0 0 0.0 0.0 190 24.5 0 0 0
31.393 0x00 idle 0 0 0 0 0 0.0 0.0 190 24.5 0 0 0
31.432 0x00 idle 0 0 0 0 0 0.0 0.0 190 24.5 0 0 0
31.473 0x00 idle 0 0 0 0 0 0.0 0.0 190 24.5 0 0 0
31.514 0x00 idle 0 0 0 0 0 0.0 0.0 190 24.5 0 0 0
31.550 0x00 idle 0 0 0 0 0 0.0 0.0 190 24.5 0 0 0
31.595 0x00 idle 0 0 0 0 0 0.0 0.0 190 24.5 0 0 0
31.633 0x00 idle 0 0 0 0 0 0.0 0.0 190 24.5 0 0 0
31.671 0x00 idle 0 0 0 0 0 0.0 0.0 190 24.5 0 0 0
31.714 0x00 idle 0 0 0 0 0 0.0 0.0 190 24.5 0 0 0
31.752 0x00 idle 0 0 0 0 0 0.0 0.0 190 24.5 0 0 0
31.801 0x00 idle 0 0 0 0 0 0.0 0.0 190 24.5 0 0 0
31.838 0x00 idle 0 0 0 0 0 0.0 0.0 190 24.5 0 0 0
31.872 0x00 idle 0 0 0 0 0 0.0 0.0 190 24.5 0 0 0
31.911 0x00 idle 0 0 0 0 0 0.0 0.0 190 24.5 0 0 0
31.950 0x00 idle 0 0 0 0 0 0.0 0.0 190 24.5 0 0 0
31.988 0x00 idle 0 0 0 0 0 0.0 0.0 190 24.5 0 0 0
32.032 0x00 idle 0 0 0 0 0 0.0 0.0 190 24.5 0 0 0
32.082 0x00 idle 0 0 0 0 0 0.0 0.0 190 24.5 0 0 0
32.107 0x00 idle 0 0 0 0 0 0.0 0.0 190 24.5 0 0 0
32.154 0x00 idle 0 0 0 0 0 0.0 0.0 190 24.5 0 0 0
32.190 0x00 idle 0 0 0 0 0 0.0 0.0 190 24.5 0 0 0
32.232 0x00 idle 0 0 0 0 0 0.0 0.0 190 24.5 0 0 0
32.273 0x00 idle 0 0 0 0 0 0.0 0.0 190 24.5 0 0 0
32.313 0x00 idle 0 0 0 0 0 0.0 0.0 190 24.5 0 0 0
32.351 0x00 idle 0 0 0 0 0 0.0 0.0 190 24.5 0 0 0
32.391 0x00 idle 0 0 0 0 0 0.0 0.0 190 24.5 0 0 0
32.447 0x00 idle 0 0 0 0 0 0.0 0.0 190 24.5 0 0 0
32.475 0x00 idle 0 0 0 0 0 0.0 0.0 190 24.5 0 0 0
32.514 0x00 idle 0 0 0 0 0 0.0 0.0 190 24.5 0 0 0
32.553 0x00 idle 0 0 0 0 0 0.0 0.0 190 24.5 0 0 0
32.598 0x00 idle 0 0 0 0 0 0.0 0.0 190 24.5 0 0 0
32.633 0x00 idle 0 0 0 0 0 0.0 0.0 190 24.5 0 0 0
32.677 0x00 idle 0 0 0 0 0 0.0 0.0 190 24.5 0 0 0
32.713 0x00 idle 0 0 0 0 0 0.0 0.0 190 24.5 0 0 0
32.748 0x00 idle 0 0 0 0 0 0.0 0.0 190 24.5 0 0 0
32.793 0x00 idle 0 0 0 0 0 0.0 0.0 190 24.5 0 0 0
32.840 0x00 idle 0 0 0 0 0 0.0 0.0 190 24.5 0 0 0
32.871 0x00 idle 0 0 0 0 0 0.0 0.0 190 24.5 0 0 0
32.912 0x00 idle 0 0 0 0 0 0.0 0.0 190 24.5 0 0 0
32.951 0x00 idle 0 0 0 0 0 0.0 0.0 190 24.5 0 0 0
32.989 0x00 idle 0 0 0 0 0 0.0 0.0 190 24.5 0 0 0
33.036 0x00 idle 0 0 0 0 0 0.0 0.0 190 24.5 0 0 0
33.076 0x00 idle 0 0 0 0 0 0.0 0.0 190 24.5 0 0 0
33.109 0x00 idle 0 0 0 0 0 0.0 0.0 190 24.5 0 0 0
33.152 0x00 idle 0 0 0 0 0 0.0 0.0 190 24.5 0 0 0
33.202 0x00 idle 0 0 0 0 0 0.0 0.0 190 24.5 0 0 0
33.233 0x00 idle 0 0 0 0 0 0.0 0.0 190 24.5 0 0 0
33.273 0x00 idle 0 0 0 0 0 0.0 0.0 190 24.5 0 0 0
33.309 0x00 idle 0 0 0 0 0 0.0 0.0 190 24.5 0 0 0
33.349 0x00 idle 0 0 0 0 0 0.0 0.0 190 24.5 0 0 0
33.389 0x00 idle 0 0 0 0 0 0.0 0.0 190 24.5 0 0 0
33.432 0x00 idle 0 0 0 0 0 0.0 0.0 190 24.5 0 0 0
33.472 0x00 idle 0 0 0 0 0 0.0 0.0 190 24.5 0 0 0
33.510 0x00 idle 0 0 0 0 0 0.0 0.0 190 24.5 0 0 0
33.551 0x00 idle 0 0 0 0 0 0.0 0.0 190 24.5 0 0 0
33.592 0x00 idle 0 0 0 0 0 0.0 0.0 190 24.5 0 0 0
33.630 0x00 idle 0 0 0 0 0 0.0 0.0 190 24.5 0 0 0
33.675 0x00 idle 0 0 0 0 0 0.0 0.0 190 24.5 0 0 0
33.711 0x00 idle 0 0 0 0 0 0.0 0.0 190 24.5 0 0 0
33.750 0x00 idle 0 0 0 0 0 0.0 0.0 190 24.5 0 0 0
33.789 0x00 idle 0 0 0 0 0 0.0 0.0 190 24.5 0 0 0
33.839 0x00 idle 0 0 0 0 0 0.0 0.0 190 24.5 0 0 0
33.873 0x00 idle 0 0 0 0 0 0.0 0.0 190 24.5 0 0 0
33.912 0x00 idle 0 0 0 0 0 0.0 0.0 190 24.5 0 0 0
33.949 0x00 idle 0 0 0 0 0 0.0 0.0 190 24.5 0 0 0
33.991 0x00 idle 0 0 0 0 0 0.0 0.0 190 24.5 0 0 0
34.032 0x00 idle 0 0 0 0 0 0.0 0.0 190 24.5 0 0 0
34.073 0x00 idle 0 0 0 0 0 0.0 0.0 190 24.5 0 0 0
34.109 0x00 idle 0 0 0 0 0 0.0 0.0 190 24.5 0 0 0
34.151 0x00 idle 0 0 0 0 0 0.0 0.0 190 24.5 0 0 0
34.197 0x00 idle 0 0 0 0 0 0.0 0.0 190 24.5 0 0 0
34.233 0x00 idle 0 0 0 0 0 0.0 0.0 190 24.5 0 0 0
34.269 0x00 idle 0 0 0 0 0 0.0 0.0 190 24.5 0 0 0
34.313 0x00 idle 0 0 0 0 0 0.0 0.0 190 24.5 0 0 0
34.351 0x00 idle 0 0 0 0 0 0.0 0.0 190 24.5 0 0 0
34.392 0x00 idle 0 0 0 0 0 0.0 0.0 190 24.5 0 0 0
34.431 0x00 idle 0 0 0 0 0 0.0 0.0 190 24.5 0 0 0
34.473 0x00 idle 0 0 0 0 0 0.0 0.0 190 24.5 0 0 0
34.511 0x00 idle 0 0 0 0 0 0.0 0.0 190 24.5 0 0 0
34.550 0x00 idle 0 0 0 0 0 0.0 0.0 190 24.5 0 0 0
34.591 0x00 idle 0 0 0 0 0 0.0 0.0 190 24.5 0 0 0
34.631 0x00 idle 0 0 0 0 0 0.0 0.0 190 24.5 0 0 0
34.673 0x00 idle 0 0 0 0 0 0.0 0.0 190 24.5 0 0 0
34.714 0x00 idle 0 0 0 0 0 0.0 0.0 190 24.5 0 0 0
34.751 0x00 idle 0 0 0 0 0 0.0 0.0 190 24.5 0 0 0
34.793 0x00 idle 0 0 0 0 0 0.0 0.0 190 24.5 0 0 0
34.832 0x00 idle 0 0 0 0 0 0.0 0.0 190 24.5 0 0 0
34.874 0x00 idle 0 0 0 0 0 0.0 0.0 190 24.5 0 0 0
34.911 0x00 idle 0 0 0 0 0 0.0 0.0 190 24.5 0 0 0
34.957 0x00 idle 0 0 0 0 0 0.0 0.0 190 24.5 0 0 0
34.991 0x00 idle 0 0 0 0 0 0.0 0.0 190 24.5 0 0 0
35.029 0x00 idle 0 0 0 0 0 0.0 0.0 190 24.5 0 0 0
35.073 0x00 idle 0 0 0 0 0 0.0 0.0 190 24.5 0 0 0
35.112 0x00 idle 0 0 0 0 0 0.0 0.0 190 24.5 0 0 0
35.150 0x00 idle 0 0 0 0 0 0.0 0.0 190 24.5 0 0 0
35.191 0x00 idle 0 0 0 0 0 0.0 0.0 190 24.5 0 0 0
35.231 0x00 idle 0 0 0 0 0 0.0 0.0 190 24.5 0 0 0
35.269 0x00 idle 0 0 0 0 0 0.0 0.0 190 24.5 0 0 0
35.315 0x00 idle 0 0 0 0 0 0.0 0.0 190 24.5 0 0 0
35.352 0x00 idle 0 0 0 0 0 0.0 0.0 190 24.5 0 0 0
35.391 0x00 idle 0 0 0 0 0 0.0 0.0 190 24.5 0 0 0
35.436 0x00 idle 0 0 0 0 0 0.0 0.0 190 24.5 0 0 0
35.474 0x00 idle 0 0 0 0 0 0.0 0.0 190 24.5 0 0 0
35.520 0x00 idle 0 0 0 0 0 0.0 0.0 190 24.5 0 0 0
35.551 0x00 idle 0 0 0 0 0 0.0 0.0 190 24.5 0 0 0
35.589 0x00 idle 0 0 0 0 0 0.0 0.0 190 24.5 0 0 0
35.638 0x00 idle 0 0 0 0 0 0.0 0.0 190 24.5 0 0 0
35.671 0x00 idle 0 0 0 0 0 0.0 0.0 190 24.5 0 0 0
35.711 0x00 idle 0 0 0 0 0 0.0 0.0 190 24.5 0 0 0
35.753 0x00 idle 0 0 0 0 0 0.0 0.0 190 24.5 0 0 0
35.792 0x00 idle 0 0 0 0 0 0.0 0.0 190 24.5 0 0 0
35.827 0x00 idle 0 0 0 0 0 0.0 0.0 190 24.5 0 0 0
35.870 0x00 idle 0 0 0 0 0 0.0 0.0 190 24.5 0 0 0
35.910 0x00 idle 0 0 0 0 0 0.0 0.0 190 24.5 0 0 0
35.956 0x00 idle 0 0 0 0 0 0.0 0.0 190 24.5 0 0 0
35.991 0x00 idle 0 0 0 0 0 0.0 0.0 190 24.5 0 0 0
36.034 0x00 idle 0 0 0 0 0 0.0 0.0 190 24.5 0 0 0
36.076 0x00 idle 0 0 0 0 0 0.0 0.0 190 24.5 0 0 0
36.110 0x00 idle 0 0 0 0 0 0.0 0.0 190 24.5 0 0 0
36.154 0x00 idle 0 0 0 0 0 0.0 0.0 190 24.5 0 0 0
36.191 0x00 idle 0 0 0 0 0 0.0 0.0 190 24.5 0 0 0
36.234 0x00 idle 0 0 0 0 0 0.0 0.0 190 24.5 0 0 0
36.271 0x00 idle 0 0 0 0 0 0.0 0.0 190 24.5 0 0 0
36.313 0x00 idle 0 0 0 0 0 0.0 0.0 190 24.5 0 0 0
36.351 0x00 idle 0 0 0 0 0 0.0 0.0 190 24.5 0 0 0
36.391 0x00 idle 0 0 0 0 0 0.0 0.0 190 24.5 0 0 0
36.435 0x00 idle 0 0 0 0 0 0.0 0.0 190 24.5 0 0 0
36.475 0x00 idle 0 0 0 0 0 0.0 0.0 190 24.5 0 0 0
36.516 0x00 idle 0 0 0 0 0 0.0 0.0 190 24.5 0 0 0
36.551 0x00 idle 0 0 0 0 0 0.0 0.0 190 24.5 0 0 0
36.591 0x00 idle 0 0 0 0 0 0.0 0.0 190 24.5 0 0 0
36.632 0x00 idle 0 0 0 0 0 0.0 0.0 190 24.5 0 0 0
36.673 0x00 idle 0 0 0 0 0 0.0 0.0 190 24.5 0 0 0
36.713 0x00 idle 0 0 0 0 0 0.0 0.0 190 24.5 0 0 0
36.752 0x00 idle 0 0 0 0 0 0.0 0.0 190 24.5 0 0 0
36.790 0x00 idle 0 0 0 0 0 0.0 0.0 190 24.5 0 0 0
36.832 0x00 idle 0 0 0 0 0 0.0 0.0 190 24.5 0 0 0
36.874 0x00 idle 0 0 0 0 0 0.0 0.0 190 24.5 0 0 0
36.914 0x00 idle 0 0 0 0 0 0.0 0.0 190 24.5 0 0 0
36.954 0x00 idle 0 0 0 0 0 0.0 0.0 190 24.5 0 0 0
36.992 0x00 idle 0 0 0 0 0 0.0 0.0 190 24.5 0 0 0
37.039 0x00 idle 0 0 0 0 0 0.0 0.0 190 24.5 0 0 0
37.077 0x00 idle 0 0 0 0 0 0.0 0.0 190 24.5 0 0 0
37.113 0x00 idle 0 0 0 0 0 0.0 0.0 190 24.5 0 0 0
37.153 0x00 idle 0 0 0 0 0 0.0 0.0 190 24.5 0 0 0
37.198 0x00 idle 0 0 0 0 0 0.0 0.0 190 24.5 0 0 0
37.235 0x00 idle 0 0 0 0 0 0.0 0.0 190 24.5 0 0 0
37.276 0x00 idle 0 0 0 0 0 0.0 0.0 190 24.5 0 0 0
37.309 0x00 idle 0 0 0 0 0 0.0 0.0 190 24.5 0 0 0
37.354 0x00 idle 0 0 0 0 0 0.0 0.0 190 24.5 0 0 0
37.394 0x00 idle 0 0 0 0 0 0.0 0.0 190 24.5 0 0 0
37.435 0x00 idle 0 0 0 0 0 0.0 0.0 190 24.5 0 0 0
37.479 0x00 idle 0 0 0 0 0 0.0 0.0 190 24.5 0 0 0
37.514 0x00 idle 0 0 0 0 0 0.0 0.0 190 24.5 0 0 0
37.552 0x00 idle 0 0 0 0 0 0.0 0.0 190 24.5 0 0 0
37.591 0x00 idle 0 0 0 0 0 0.0 0.0 190 24.5 0 0 0
37.631 0x00 idle 0 0 0 0 0 0.0 0.0 190 24.5 0 0 0
37.671 0x00 idle 0 0 0 0 0 0.0 0.0 190 24.5 0 0 0
37.711 0x00 idle 0 0 0 0 0 0.0 0.0 190 24.5 0 0 0
37.749 0x00 idle 0 0 0 0 0 0.0 0.0 190 24.5 0 0 0
37.792 0x00 idle 0 0 0 0 0 0.0 0.0 190 24.5 0 0 0
37.830 0x00 idle 0 0 0 0 0 0.0 0.0 190 24.5 0 0 0
37.872 0x00 idle 0 0 0 0 0 0.0 0.0 190 24.5 0 0 0
37.911 0x00 idle 0 0 0 0 0 0.0 0.0 190 24.5 0 0 0
37.950 0x00 idle 0 0 0 0 0 0.0 0.0 190 24.5 0 0 0
37.997 0x00 idle 0 0 0 0 0 0.0 0.0 190 24.5 0 0 0
38.032 0x00 idle 0 0 0 0 0 0.0 0.0 190 24.5 0 0 0
38.074 0x00 idle 0 0 0 0 0 0.0 0.0 190 24.5 0 0 0
38.112 0x00 idle 0 0 0 0 0 0.0 0.0 190 24.5 0 0 0
38.157 0x00 idle 0 0 0 0 0 0.0 0.0 190 24.5 0 0 0
38.192 0x00 idle 0 0 0 0 0 0.0 0.0 190 24.5 0 0 0
38.234 0x00 idle 0 0 0 0 0 0.0 0.0 190 24.5 0 0 0
38.271 0x00 idle 0 0 0 0 0 0.0 0.0 190 24.5 0 0 0

[tcp_trajectory]
elapsed_s x_m y_m z_m qx qy qz qw speed_m_s tf_stamp_s along_mm remaining_mm cross_track_mm progress waypoint phase
0.0017 -0.0179589 -1.7419543 0.6741506 -0.29606526 0.73637505 -0.59244388 -0.13822950 0.000000 1789458902.621136665 -1.099 179.667 0.984 0.00000 -1 ACTUAL_TF
0.0132 -0.0177783 -1.7419462 0.6739052 -0.29607719 0.73637394 -0.59243952 -0.13822857 0.005448 1789458902.677084208 -1.101 179.669 0.679 0.00000 -1 ACTUAL_TF
0.0750 -0.0176501 -1.7419440 0.6737248 -0.29608245 0.73637307 -0.59243758 -0.13823027 0.004993 1789458902.733381033 -1.106 179.675 0.458 0.00000 -1 ACTUAL_TF
0.1255 -0.0175927 -1.7419315 0.6736338 -0.29608657 0.73637388 -0.59243450 -0.13823027 0.004078 1789458902.789132357 -1.097 179.666 0.350 0.00000 -1 ACTUAL_TF
0.1849 -0.0175795 -1.7419285 0.6736302 -0.29609764 0.73636948 -0.59243602 -0.13822352 0.002930 1789458902.845033407 -1.095 179.663 0.340 0.00000 -1 ACTUAL_TF
0.2339 -0.0175756 -1.7418732 0.6736111 -0.29612018 0.73637533 -0.59242037 -0.13821114 0.002365 1789458902.901064873 -1.040 179.608 0.320 0.00000 -1 ACTUAL_TF
0.2932 -0.0175930 -1.7418218 0.6735922 -0.29613575 0.73638399 -0.59240392 -0.13820216 0.001963 1789458902.957038164 -0.988 179.557 0.312 0.00000 -1 ACTUAL_TF
0.3502 -0.0176175 -1.7417907 0.6735798 -0.29613820 0.73639294 -0.59239182 -0.13820105 0.001596 1789458903.013143301 -0.957 179.525 0.317 0.00000 -1 ACTUAL_TF
0.4098 -0.0176399 -1.7417363 0.6735628 -0.29614223 0.73640496 -0.59237526 -0.13819934 0.001445 1789458903.069173098 -0.902 179.470 0.318 0.00000 -1 ACTUAL_TF
0.4587 -0.0176567 -1.7416852 0.6735579 -0.29614408 0.73640796 -0.59237007 -0.13820170 0.001301 1789458903.125181198 -0.850 179.418 0.325 0.00000 -1 ACTUAL_TF
0.5172 -0.0176688 -1.7416307 0.6735658 -0.29614281 0.73640220 -0.59237717 -0.13820464 0.001213 1789458903.181170225 -0.795 179.363 0.338 0.00000 -1 ACTUAL_TF
0.5785 -0.0176920 -1.7415461 0.6735706 -0.29613866 0.73640012 -0.59238037 -0.13821091 0.001317 1789458903.237489700 -0.710 179.278 0.355 0.00000 -1 ACTUAL_TF
0.6403 -0.0177229 -1.7414552 0.6735723 -0.29612989 0.73640234 -0.59237960 -0.13822117 0.001440 1789458903.293133259 -0.618 179.186 0.377 0.00000 -1 ACTUAL_TF
0.6857 -0.0177622 -1.7413420 0.6735849 -0.29611582 0.73639799 -0.59238842 -0.13823666 0.001653 1789458903.349165201 -0.503 179.071 0.412 0.00000 -1 ACTUAL_TF
0.7444 -0.0177827 -1.7412142 0.6735851 -0.29611230 0.73639935 -0.59238682 -0.13824379 0.001852 1789458903.405069828 -0.375 178.943 0.424 0.00000 -1 ACTUAL_TF
0.7958 -0.0177882 -1.7410700 0.6736072 -0.29610582 0.73638447 -0.59240614 -0.13825416 0.002078 1789458903.461095572 -0.230 178.798 0.436 0.00000 -1 ACTUAL_TF
0.8557 -0.0177935 -1.7409098 0.6736137 -0.29610376 0.73638026 -0.59241076 -0.13826125 0.002313 1789458903.517149448 -0.070 178.638 0.438 0.00000 -1 ACTUAL_TF
0.9056 -0.0177714 -1.7407228 0.6736297 -0.29610815 0.73636597 -0.59242568 -0.13826402 0.002634 1789458903.573027134 0.117 178.452 0.423 0.00000 -1 ACTUAL_TF
0.9659 -0.0177659 -1.7405131 0.6736364 -0.29611102 0.73635975 -0.59243088 -0.13826872 0.002965 1789458903.629152298 0.326 178.242 0.415 0.00000 -1 ACTUAL_TF
1.0191 -0.0177595 -1.7403558 0.6736461 -0.29611218 0.73635175 -0.59243921 -0.13827313 0.002920 1789458903.685214281 0.483 178.085 0.411 0.00000 -1 ACTUAL_TF
1.0806 -0.0177520 -1.7401387 0.6736467 -0.29611694 0.73634974 -0.59243855 -0.13827647 0.003211 1789458903.741076946 0.700 177.868 0.398 0.00000 -1 ACTUAL_TF
1.1335 -0.0177443 -1.7399362 0.6736333 -0.29612794 0.73635641 -0.59242533 -0.13827402 0.003335 1789458903.797105312 0.902 177.666 0.376 0.00000 -1 ACTUAL_TF
1.1960 -0.0177351 -1.7397214 0.6736387 -0.29613271 0.73635069 -0.59242928 -0.13827736 0.003486 1789458903.853096485 1.116 177.452 0.365 0.00000 -1 ACTUAL_TF
1.2445 -0.0177284 -1.7395248 0.6736456 -0.29613686 0.73634392 -0.59243486 -0.13828063 0.003495 1789458903.909121275 1.313 177.256 0.358 0.00000 -1 ACTUAL_TF
1.3053 -0.0177229 -1.7392935 0.6736511 -0.29614189 0.73633808 -0.59243873 -0.13828433 0.003688 1789458903.965045214 1.544 177.025 0.351 0.00000 -1 ACTUAL_TF
1.3573 -0.0177167 -1.7390260 0.6736475 -0.29615144 0.73633788 -0.59243395 -0.13828544 0.004013 1789458904.021128893 1.811 176.758 0.335 0.00000 -1 ACTUAL_TF
1.4199 -0.0177086 -1.7388200 0.6736564 -0.29615388 0.73633057 -0.59244116 -0.13828826 0.003915 1789458904.077098608 2.016 176.552 0.330 0.00000 -1 ACTUAL_TF
1.4664 -0.0177029 -1.7385576 0.6736609 -0.29615841 0.73632614 -0.59244372 -0.13829116 0.004145 1789458904.133191109 2.278 176.290 0.321 0.00000 -1 ACTUAL_TF
1.5285 -0.0176939 -1.7383321 0.6736606 -0.29616514 0.73632460 -0.59244230 -0.13829103 0.004104 1789458904.189509392 2.503 176.065 0.308 0.00000 -1 ACTUAL_TF
1.5789 -0.0176968 -1.7380169 0.6736485 -0.29617382 0.73633215 -0.59242832 -0.13829215 0.004572 1789458904.245193243 2.818 175.750 0.289 0.00000 -1 ACTUAL_TF
1.6421 -0.0176875 -1.7377875 0.6736593 -0.29617906 0.73632248 -0.59243740 -0.13829353 0.004433 1789458904.301149845 3.047 175.521 0.287 0.00000 -1 ACTUAL_TF
1.6903 -0.0176885 -1.7374754 0.6736649 -0.29618161 0.73631882 -0.59244026 -0.13829528 0.004775 1789458904.357140303 3.359 175.209 0.282 0.00000 -1 ACTUAL_TF
1.7487 -0.0176914 -1.7372328 0.6736778 -0.29617970 0.73631075 -0.59244997 -0.13830077 0.004646 1789458904.413066387 3.602 174.966 0.288 0.00000 -1 ACTUAL_TF
1.8010 -0.0176896 -1.7369299 0.6736884 -0.29617962 0.73630444 -0.59245750 -0.13830225 0.004875 1789458904.469091415 3.905 174.663 0.288 0.00000 -1 ACTUAL_TF
1.8555 -0.0176886 -1.7366255 0.6737080 -0.29617045 0.73629555 -0.59247313 -0.13830230 0.005047 1789458904.525087118 4.209 174.359 0.297 0.00000 -1 ACTUAL_TF
1.9183 -0.0176762 -1.7363431 0.6737142 -0.29613650 0.73631156 -0.59247735 -0.13827164 0.005047 1789458904.581089020 4.491 174.077 0.292 0.00000 -1 ACTUAL_TF
1.9734 -0.0176759 -1.7360245 0.6737264 -0.29613907 0.73630287 -0.59248581 -0.13827614 0.005245 1789458904.636964560 4.810 173.759 0.297 0.00000 -1 ACTUAL_TF
2.0255 -0.0176733 -1.7357543 0.6737305 -0.29614435 0.73629945 -0.59248732 -0.13827663 0.005118 1789458904.693007708 5.080 173.489 0.294 0.00000 -1 ACTUAL_TF
2.0894 -0.0176781 -1.7354289 0.6737244 -0.29614932 0.73630473 -0.59247819 -0.13827699 0.005325 1789458904.749064207 5.405 173.163 0.282 0.00000 -1 ACTUAL_TF
2.1415 -0.0176793 -1.7351691 0.6737273 -0.29615062 0.73630408 -0.59247808 -0.13827813 0.005119 1789458904.805047512 5.664 172.904 0.279 0.00000 -1 ACTUAL_TF
2.2039 -0.0176833 -1.7348443 0.6737196 -0.29615566 0.73630566 -0.59247350 -0.13827855 0.005322 1789458904.861119509 5.989 172.579 0.265 0.00000 -1 ACTUAL_TF
2.2536 -0.0176861 -1.7345776 0.6737228 -0.29615627 0.73630276 -0.59247632 -0.13828062 0.005152 1789458904.917197704 6.256 172.313 0.263 0.00000 -1 ACTUAL_TF
2.3105 -0.0176971 -1.7342517 0.6737015 -0.29616013 0.73631354 -0.59246172 -0.13827745 0.005362 1789458904.973049402 6.581 171.987 0.237 0.00000 -1 ACTUAL_TF
2.3655 -0.0176976 -1.7339514 0.6737135 -0.29615579 0.73630392 -0.59247568 -0.13827818 0.005362 1789458905.029088497 6.882 171.687 0.243 0.00000 -1 ACTUAL_TF
2.4196 -0.0176967 -1.7336771 0.6737021 -0.29615702 0.73631076 -0.59246828 -0.13827080 0.005222 1789458905.085164309 7.156 171.413 0.227 0.00000 -1 ACTUAL_TF
2.4790 -0.0176952 -1.7333619 0.6736935 -0.29613480 0.73632575 -0.59246611 -0.13824785 0.005345 1789458905.141156673 7.470 171.098 0.214 0.00000 -1 ACTUAL_TF
2.5428 -0.0176958 -1.7331223 0.6736995 -0.29613274 0.73631655 -0.59247772 -0.13825153 0.005027 1789458905.197097540 7.710 170.858 0.216 0.00000 -1 ACTUAL_TF
2.5922 -0.0176964 -1.7328220 0.6737018 -0.29613408 0.73630962 -0.59248552 -0.13825215 0.005127 1789458905.253108025 8.010 170.558 0.215 0.00000 -1 ACTUAL_TF
2.6492 -0.0177084 -1.7325426 0.6736786 -0.29614191 0.73632001 -0.59246897 -0.13825096 0.005094 1789458905.309033632 8.289 170.279 0.187 0.00000 -1 ACTUAL_TF
2.7097 -0.0177140 -1.7322417 0.6736842 -0.29614107 0.73631151 -0.59247938 -0.13825342 0.005175 1789458905.365154982 8.590 169.978 0.189 0.00000 -1 ACTUAL_TF
2.7572 -0.0177201 -1.7319405 0.6736835 -0.29614337 0.73630673 -0.59248366 -0.13825563 0.005238 1789458905.421118736 8.891 169.677 0.184 0.00000 -1 ACTUAL_TF
2.8189 -0.0177311 -1.7316616 0.6736666 -0.29615310 0.73631386 -0.59247005 -0.13825514 0.005165 1789458905.477081060 9.170 169.398 0.163 0.00000 -1 ACTUAL_TF
2.8713 -0.0177391 -1.7313760 0.6736673 -0.29615559 0.73631023 -0.59247244 -0.13825890 0.005143 1789458905.533203363 9.456 169.112 0.160 0.00000 -1 ACTUAL_TF
2.9274 -0.0177469 -1.7311104 0.6736521 -0.29616253 0.73631478 -0.59246350 -0.13825812 0.005026 1789458905.589190245 9.721 168.847 0.141 0.00000 -1 ACTUAL_TF
2.9810 -0.0177606 -1.7307969 0.6736392 -0.29616924 0.73632066 -0.59245257 -0.13825926 0.005191 1789458905.645526886 10.035 168.533 0.123 0.00000 -1 ACTUAL_TF
3.0409 -0.0177788 -1.7305113 0.6736151 -0.29617713 0.73633481 -0.59243126 -0.13825828 0.005183 1789458905.701139927 10.321 168.248 0.093 0.00000 -1 ACTUAL_TF
3.0891 -0.0177951 -1.7302091 0.6736135 -0.29618019 0.73633583 -0.59242756 -0.13826214 0.005252 1789458905.757057428 10.623 167.945 0.085 0.00000 -1 ACTUAL_TF
3.1475 -0.0178053 -1.7299351 0.6736001 -0.29618915 0.73634087 -0.59241677 -0.13826234 0.005144 1789458905.813147068 10.897 167.671 0.068 0.00000 -1 ACTUAL_TF
3.2046 -0.0178190 -1.7296226 0.6735940 -0.29619503 0.73634455 -0.59240882 -0.13826422 0.005280 1789458905.869040966 11.210 167.359 0.057 0.00000 -1 ACTUAL_TF
3.2576 -0.0178356 -1.7293216 0.6736007 -0.29619446 0.73634092 -0.59241254 -0.13826888 0.005308 1789458905.925162554 11.511 167.057 0.057 0.00000 -1 ACTUAL_TF
3.3231 -0.0178377 -1.7290777 0.6735991 -0.29619526 0.73634296 -0.59241032 -0.13826576 0.005025 1789458905.981059551 11.755 166.814 0.054 0.00000 -1 ACTUAL_TF
3.3720 -0.0178167 -1.7287717 0.6736187 -0.29607032 0.73639676 -0.59242816 -0.13817038 0.005162 1789458906.037128687 12.060 166.508 0.083 0.00000 -1 ACTUAL_TF
3.4357 -0.0178258 -1.7285073 0.6736148 -0.29607886 0.73639695 -0.59242305 -0.13817296 0.005033 1789458906.093032122 12.325 166.244 0.078 0.00000 -1 ACTUAL_TF
3.4808 -0.0178405 -1.7282206 0.6736334 -0.29608001 0.73638516 -0.59243485 -0.13818273 0.005064 1789458906.149050236 12.612 165.956 0.085 0.00000 -1 ACTUAL_TF
3.5435 -0.0178538 -1.7279514 0.6736267 -0.29608946 0.73638747 -0.59242680 -0.13818470 0.004989 1789458906.205062866 12.881 165.687 0.074 0.00000 -1 ACTUAL_TF
3.6037 -0.0178724 -1.7276571 0.6736426 -0.29609004 0.73637835 -0.59243538 -0.13819526 0.005073 1789458906.261092663 13.176 165.392 0.079 0.00000 -1 ACTUAL_TF
3.6508 -0.0178783 -1.7274253 0.6736543 -0.29609391 0.73636794 -0.59244510 -0.13820077 0.004796 1789458906.317050457 13.408 165.160 0.087 0.00000 -1 ACTUAL_TF
3.7127 -0.0178907 -1.7271397 0.6736705 -0.29609588 0.73635827 -0.59245454 -0.13820761 0.004887 1789458906.373192549 13.694 164.874 0.096 0.00000 -1 ACTUAL_TF
3.7678 -0.0179113 -1.7268107 0.6736594 -0.29610390 0.73636610 -0.59244062 -0.13820841 0.005189 1789458906.429150343 14.024 164.545 0.078 0.00000 -1 ACTUAL_TF
3.8254 -0.0179233 -1.7265751 0.6736735 -0.29610278 0.73635896 -0.59244883 -0.13821367 0.004903 1789458906.484979868 14.260 164.309 0.086 0.00000 -1 ACTUAL_TF
3.8823 -0.0179362 -1.7262838 0.6736748 -0.29610598 0.73636123 -0.59244411 -0.13821493 0.004992 1789458906.541025877 14.551 164.017 0.082 0.00000 -1 ACTUAL_TF
3.9327 -0.0179489 -1.7260028 0.6736603 -0.29611268 0.73637206 -0.59242778 -0.13821289 0.005002 1789458906.597082138 14.832 163.736 0.063 0.00000 -1 ACTUAL_TF
3.9934 -0.0179588 -1.7256979 0.6736575 -0.29611752 0.73637746 -0.59241909 -0.13821095 0.005137 1789458906.653041124 15.137 163.431 0.056 0.00000 -1 ACTUAL_TF
4.0507 -0.0179654 -1.7254665 0.6736645 -0.29611843 0.73637575 -0.59242105 -0.13820971 0.004837 1789458906.709043026 15.369 163.199 0.060 0.00000 -1 ACTUAL_TF
4.1011 -0.0179777 -1.7251340 0.6736563 -0.29612327 0.73638359 -0.59240960 -0.13820667 0.005168 1789458906.765065908 15.701 162.867 0.047 0.00000 -1 ACTUAL_TF
4.1628 -0.0179841 -1.7248980 0.6736666 -0.29612202 0.73638025 -0.59241417 -0.13820753 0.004883 1789458906.821078539 15.938 162.631 0.054 0.00000 -1 ACTUAL_TF
4.2099 -0.0179946 -1.7245986 0.6736738 -0.29612078 0.73637806 -0.59241730 -0.13820848 0.005025 1789458906.877019167 16.237 162.331 0.056 0.00000 -1 ACTUAL_TF
4.2742 -0.0179998 -1.7242896 0.6736721 -0.29612435 0.73638393 -0.59240941 -0.13820336 0.005164 1789458906.933349133 16.546 162.022 0.053 0.00000 -1 ACTUAL_TF
4.3222 -0.0180165 -1.7240215 0.6736617 -0.29612450 0.73639495 -0.59239654 -0.13819953 0.005060 1789458906.989162683 16.815 161.754 0.037 0.00000 -1 ACTUAL_TF
4.3796 -0.0180214 -1.7237319 0.6736755 -0.29612012 0.73638904 -0.59240581 -0.13820067 0.005100 1789458907.045002937 17.104 161.464 0.048 0.00000 -1 ACTUAL_TF
4.4367 -0.0180326 -1.7234727 0.6736809 -0.29611797 0.73639103 -0.59240490 -0.13819856 0.004957 1789458907.101113796 17.364 161.205 0.047 0.00000 -1 ACTUAL_TF
4.4957 -0.0180476 -1.7231667 0.6736823 -0.29611855 0.73639312 -0.59240209 -0.13819824 0.005106 1789458907.157292128 17.670 160.898 0.042 0.00000 -1 ACTUAL_TF
4.5494 -0.0180546 -1.7229389 0.6737072 -0.29611135 0.73637846 -0.59242253 -0.13820412 0.004808 1789458907.213048697 17.898 160.670 0.061 0.00000 -1 ACTUAL_TF
4.6119 -0.0180626 -1.7226541 0.6737288 -0.29610629 0.73636667 -0.59243879 -0.13820810 0.004894 1789458907.269104004 18.184 160.385 0.078 0.00000 -1 ACTUAL_TF
4.6617 -0.0180739 -1.7223561 0.6737395 -0.29610491 0.73635955 -0.59244748 -0.13821173 0.005026 1789458907.325068712 18.482 160.086 0.083 0.00000 -1 ACTUAL_TF
4.7216 -0.0180883 -1.7220980 0.6737416 -0.29610578 0.73636032 -0.59244609 -0.13821172 0.004900 1789458907.381196260 18.740 159.828 0.080 0.00000 -1 ACTUAL_TF
4.7708 -0.0181005 -1.7218070 0.6737463 -0.29610187 0.73635923 -0.59244864 -0.13821492 0.004996 1789458907.436998844 19.032 159.537 0.079 0.00000 -1 ACTUAL_TF
4.8290 -0.0181149 -1.7215378 0.6737296 -0.29610912 0.73637237 -0.59242934 -0.13821216 0.004943 1789458907.493035078 19.301 159.267 0.057 0.00000 -1 ACTUAL_TF
4.8895 -0.0181290 -1.7212128 0.6737084 -0.29611608 0.73638555 -0.59241060 -0.13820734 0.005197 1789458907.549320936 19.626 158.943 0.031 0.00000 -1 ACTUAL_TF
4.9504 -0.0181408 -1.7209582 0.6737062 -0.29611462 0.73638848 -0.59240777 -0.13820700 0.005004 1789458907.605312347 19.881 158.688 0.024 0.00000 -1 ACTUAL_TF
4.9982 -0.0181523 -1.7206751 0.6737082 -0.29611140 0.73638961 -0.59240795 -0.13820707 0.005025 1789458907.661145210 20.164 158.404 0.021 0.00000 -1 ACTUAL_TF
5.0586 -0.0181699 -1.7204070 0.6736938 -0.29611352 0.73640106 -0.59239335 -0.13820417 0.004959 1789458907.717143536 20.432 158.136 0.002 0.00000 -1 ACTUAL_TF
5.1097 -0.0181791 -1.7201092 0.6736966 -0.29610828 0.73640054 -0.59239713 -0.13820191 0.005070 1789458907.773058176 20.730 157.838 0.001 0.00000 -1 ACTUAL_TF
5.1701 -0.0181970 -1.7197959 0.6736871 -0.29610891 0.73641003 -0.59238552 -0.13819981 0.005227 1789458907.829194307 21.044 157.525 0.016 0.00000 -1 ACTUAL_TF
5.2192 -0.0182173 -1.7195205 0.6736713 -0.29611278 0.73642202 -0.59236909 -0.13819802 0.005137 1789458907.885343790 21.319 157.249 0.039 0.00000 -1 ACTUAL_TF
5.2766 -0.0182299 -1.7192253 0.6736815 -0.29611057 0.73641649 -0.59237602 -0.13820251 0.005187 1789458907.941060305 21.615 156.953 0.036 0.00000 -1 ACTUAL_TF
5.3314 -0.0182401 -1.7189828 0.6736887 -0.29610792 0.73641244 -0.59238174 -0.13820528 0.004929 1789458907.997210979 21.858 156.711 0.034 0.00000 -1 ACTUAL_TF
5.3919 -0.0182532 -1.7186922 0.6737005 -0.29610737 0.73640751 -0.59238748 -0.13820811 0.005011 1789458908.053153992 22.149 156.420 0.031 0.00000 -1 ACTUAL_TF
5.4513 -0.0182707 -1.7184205 0.6737022 -0.29610893 0.73640921 -0.59238398 -0.13821068 0.004958 1789458908.109482765 22.421 156.147 0.038 0.00000 -1 ACTUAL_TF
5.4992 -0.0182850 -1.7181345 0.6737154 -0.29610796 0.73640323 -0.59239065 -0.13821605 0.005017 1789458908.165098667 22.707 155.861 0.038 0.00000 -1 ACTUAL_TF
5.5583 -0.0182908 -1.7178676 0.6737173 -0.29611095 0.73640436 -0.59238800 -0.13821498 0.004939 1789458908.221206188 22.974 155.594 0.036 0.00000 -1 ACTUAL_TF
5.6162 -0.0183048 -1.7175677 0.6737313 -0.29610807 0.73639661 -0.59239782 -0.13822037 0.005070 1789458908.277117491 23.275 155.294 0.036 0.00000 -1 ACTUAL_TF
5.6683 -0.0183136 -1.7172820 0.6737517 -0.29610485 0.73638900 -0.59240825 -0.13822311 0.005082 1789458908.333202839 23.561 155.007 0.034 0.00000 -1 ACTUAL_TF
5.7296 -0.0183085 -1.7170529 0.6737516 -0.29610617 0.73639208 -0.59240507 -0.13821745 0.004789 1789458908.389008999 23.790 154.779 0.021 0.00000 -1 ACTUAL_TF
5.7786 -0.0183233 -1.7167442 0.6737465 -0.29610459 0.73640005 -0.59239707 -0.13821268 0.005004 1789458908.445164204 24.099 154.470 0.025 0.00000 -1 ACTUAL_TF
5.8415 -0.0183363 -1.7164786 0.6737493 -0.29609270 0.73640838 -0.59239427 -0.13820578 0.004928 1789458908.501143694 24.364 154.204 0.028 0.00000 -1 ACTUAL_TF
5.8928 -0.0183427 -1.7161836 0.6737564 -0.29608982 0.73640936 -0.59239490 -0.13820406 0.005029 1789458908.557216883 24.660 153.909 0.024 0.00000 -1 ACTUAL_TF
5.9516 -0.0183503 -1.7159246 0.6737604 -0.29609230 0.73640943 -0.59239377 -0.13820322 0.004916 1789458908.612917900 24.919 153.650 0.022 0.00000 -1 ACTUAL_TF
6.0031 -0.0183647 -1.7156157 0.6737592 -0.29609738 0.73641344 -0.59238593 -0.13820453 0.005093 1789458908.669074535 25.228 153.340 0.028 0.00000 -1 ACTUAL_TF
6.0673 -0.0183755 -1.7153152 0.6737564 -0.29610410 0.73641803 -0.59237699 -0.13820402 0.005174 1789458908.725152254 25.528 153.040 0.032 0.00000 -1 ACTUAL_TF
6.1146 -0.0183867 -1.7150751 0.6737625 -0.29610468 0.73641393 -0.59238067 -0.13820884 0.004909 1789458908.781167746 25.769 152.799 0.033 0.00000 -1 ACTUAL_TF
6.1805 -0.0183956 -1.7147464 0.6737593 -0.29611224 0.73641938 -0.59237065 -0.13820654 0.005200 1789458908.837119341 26.098 152.471 0.036 0.00000 -1 ACTUAL_TF
6.2333 -0.0184009 -1.7145097 0.6737722 -0.29611200 0.73641309 -0.59237786 -0.13820971 0.004893 1789458908.893857718 26.335 152.234 0.028 0.00000 -1 ACTUAL_TF
6.2823 -0.0184055 -1.7141979 0.6737827 -0.29611757 0.73640568 -0.59238401 -0.13821088 0.005119 1789458908.949119806 26.646 151.922 0.019 0.00000 -1 ACTUAL_TF
6.3398 -0.0184129 -1.7139496 0.6737931 -0.29611686 0.73640205 -0.59238848 -0.13821255 0.004916 1789458909.005105495 26.895 151.673 0.015 0.00000 -1 ACTUAL_TF
6.4010 -0.0184145 -1.7136527 0.6738008 -0.29611745 0.73639919 -0.59239221 -0.13821057 0.005033 1789458909.061069012 27.192 151.377 0.005 0.00000 -1 ACTUAL_TF
6.4502 -0.0184106 -1.7134220 0.6738226 -0.29611131 0.73638653 -0.59241129 -0.13820936 0.004764 1789458909.117107153 27.423 151.146 0.017 0.00000 -1 ACTUAL_TF
6.5066 -0.0184226 -1.7131004 0.6738321 -0.29609829 0.73639279 -0.59241243 -0.13819903 0.005060 1789458909.173101187 27.745 150.824 0.021 0.00000 -1 ACTUAL_TF
6.5665 -0.0184289 -1.7127983 0.6738360 -0.29609605 0.73639481 -0.59241199 -0.13819495 0.005163 1789458909.229033470 28.047 150.522 0.022 0.00000 -1 ACTUAL_TF
6.6255 -0.0184352 -1.7125320 0.6738347 -0.29610046 0.73639907 -0.59240495 -0.13819300 0.005041 1789458909.285031080 28.313 150.255 0.020 0.00000 -1 ACTUAL_TF
6.6744 -0.0184387 -1.7122595 0.6738414 -0.29610240 0.73639562 -0.59240755 -0.13819606 0.004985 1789458909.341160297 28.585 149.983 0.026 0.00000 -1 ACTUAL_TF
6.7385 -0.0184576 -1.7119829 0.6738261 -0.29610840 0.73640801 -0.59238931 -0.13819536 0.004978 1789458909.397129536 28.862 149.706 0.012 0.00000 -1 ACTUAL_TF
6.7871 -0.0184698 -1.7116796 0.6738261 -0.29611406 0.73640926 -0.59238472 -0.13819630 0.005108 1789458909.453216076 29.166 149.403 0.013 0.00000 -1 ACTUAL_TF
6.8511 -0.0184795 -1.7114275 0.6738416 -0.29611517 0.73640118 -0.59239301 -0.13820139 0.004930 1789458909.509224415 29.418 149.150 0.009 0.00000 -1 ACTUAL_TF
6.9028 -0.0184896 -1.7111354 0.6738543 -0.29611324 0.73639556 -0.59239982 -0.13820629 0.005023 1789458909.565063953 29.711 148.858 0.014 0.00000 -1 ACTUAL_TF
6.9597 -0.0185015 -1.7108578 0.6738412 -0.29611957 0.73640402 -0.59238686 -0.13820321 0.005004 1789458909.621122122 29.988 148.580 0.010 0.00000 -1 ACTUAL_TF
7.0206 -0.0185075 -1.7105900 0.6738500 -0.29611944 0.73640018 -0.59239115 -0.13820556 0.004940 1789458909.677066088 30.256 148.312 0.011 0.00000 -1 ACTUAL_TF
7.0705 -0.0185160 -1.7102832 0.6738514 -0.29612106 0.73640300 -0.59238739 -0.13820318 0.005102 1789458909.733076572 30.563 148.005 0.015 0.00000 -1 ACTUAL_TF
7.1329 -0.0185314 -1.7100194 0.6738534 -0.29611461 0.73640795 -0.59238489 -0.13820136 0.004984 1789458909.789194584 30.827 147.741 0.012 0.00000 -1 ACTUAL_TF
7.1849 -0.0185346 -1.7097409 0.6738769 -0.29609424 0.73640102 -0.59240546 -0.13819376 0.004970 1789458909.845816374 31.106 147.462 0.017 0.00000 -1 ACTUAL_TF
7.2334 -0.0185417 -1.7094624 0.6738692 -0.29610020 0.73640840 -0.59239444 -0.13818886 0.004991 1789458909.901113272 31.385 147.184 0.017 0.00000 -1 ACTUAL_TF
7.2953 -0.0185553 -1.7091679 0.6738846 -0.29609580 0.73639997 -0.59240598 -0.13819375 0.005073 1789458909.957178593 31.680 146.889 0.016 0.00000 -1 ACTUAL_TF
7.3538 -0.0185634 -1.7089159 0.6738913 -0.29610000 0.73639563 -0.59240868 -0.13819634 0.004902 1789458910.013196945 31.932 146.637 0.018 0.00000 -1 ACTUAL_TF
7.4141 -0.0185714 -1.7086421 0.6739088 -0.29609720 0.73638416 -0.59242314 -0.13820144 0.004901 1789458910.069223881 32.206 146.362 0.029 0.00000 -1 ACTUAL_TF
7.4647 -0.0185851 -1.7083431 0.6739162 -0.29609991 0.73638161 -0.59242413 -0.13820500 0.005037 1789458910.125142574 32.505 146.063 0.030 0.00000 -1 ACTUAL_TF
7.5261 -0.0186049 -1.7080617 0.6739006 -0.29610601 0.73639272 -0.59240731 -0.13820481 0.005039 1789458910.181154251 32.787 145.781 0.007 0.00000 -1 ACTUAL_TF
7.5746 -0.0186151 -1.7077675 0.6739052 -0.29610531 0.73639402 -0.59240562 -0.13820663 0.005105 1789458910.237115145 33.081 145.487 0.007 0.00000 -1 ACTUAL_TF
7.6273 -0.0186195 -1.7075092 0.6739088 -0.29610536 0.73639505 -0.59240495 -0.13820390 0.004956 1789458910.293202639 33.340 145.229 0.010 0.00000 -1 ACTUAL_TF
7.6853 -0.0186290 -1.7071995 0.6739123 -0.29610025 0.73640065 -0.59240181 -0.13819850 0.005133 1789458910.349082232 33.650 144.919 0.011 0.00000 -1 ACTUAL_TF
7.7388 -0.0186324 -1.7069555 0.6739128 -0.29609724 0.73640292 -0.59240173 -0.13819318 0.004902 1789458910.405027390 33.893 144.675 0.015 0.00000 -1 ACTUAL_TF
7.8008 -0.0186397 -1.7066636 0.6739230 -0.29609393 0.73640151 -0.59240528 -0.13819257 0.004993 1789458910.461127996 34.186 144.383 0.019 0.00000 -1 ACTUAL_TF
7.8481 -0.0186527 -1.7063913 0.6739126 -0.29609934 0.73641164 -0.59239049 -0.13819040 0.004961 1789458910.516975403 34.458 144.110 0.018 0.00000 -1 ACTUAL_TF
7.9091 -0.0186608 -1.7060726 0.6739202 -0.29610209 0.73640783 -0.59239385 -0.13819043 0.005173 1789458910.573216915 34.777 143.792 0.020 0.00000 -1 ACTUAL_TF
7.9696 -0.0186742 -1.7057845 0.6739297 -0.29610218 0.73640257 -0.59239901 -0.13819613 0.005169 1789458910.629184484 35.065 143.503 0.015 0.00000 -1 ACTUAL_TF
8.0190 -0.0186852 -1.7055468 0.6739485 -0.29609789 0.73639290 -0.59241202 -0.13820109 0.004897 1789458910.685152054 35.303 143.265 0.018 0.00000 -1 ACTUAL_TF
8.0835 -0.0186944 -1.7052551 0.6739598 -0.29609767 0.73638662 -0.59241902 -0.13820500 0.004989 1789458910.741298676 35.595 142.973 0.024 0.00000 -1 ACTUAL_TF
8.1348 -0.0186966 -1.7050201 0.6739690 -0.29609981 0.73638184 -0.59242406 -0.13820427 0.004757 1789458910.797084808 35.831 142.738 0.032 0.00000 -1 ACTUAL_TF
8.1964 -0.0187118 -1.7047109 0.6739674 -0.29610216 0.73638566 -0.59241816 -0.13820419 0.004980 1789458910.853348732 36.140 142.428 0.024 0.00000 -1 ACTUAL_TF
8.2430 -0.0187271 -1.7044263 0.6739666 -0.29610229 0.73638912 -0.59241416 -0.13820261 0.005019 1789458910.909143209 36.425 142.143 0.017 0.00000 -1 ACTUAL_TF
8.3017 -0.0187323 -1.7041406 0.6739843 -0.29609240 0.73638298 -0.59242717 -0.13820076 0.005049 1789458910.965070963 36.711 141.857 0.030 0.00000 -1 ACTUAL_TF
8.3586 -0.0187397 -1.7039072 0.6740017 -0.29607963 0.73637672 -0.59244173 -0.13819904 0.004789 1789458911.021075964 36.945 141.624 0.043 0.00000 -1 ACTUAL_TF
8.4157 -0.0187507 -1.7035897 0.6739884 -0.29608413 0.73638962 -0.59242488 -0.13819287 0.005058 1789458911.076981783 37.262 141.306 0.027 0.00000 -1 ACTUAL_TF
8.4654 -0.0187610 -1.7032808 0.6739777 -0.29609041 0.73639933 -0.59241045 -0.13818960 0.005180 1789458911.133585453 37.571 140.997 0.018 0.00000 -1 ACTUAL_TF
8.5248 -0.0187651 -1.7030452 0.6739809 -0.29609217 0.73639723 -0.59241222 -0.13818942 0.004899 1789458911.189115047 37.807 140.762 0.022 0.00000 -1 ACTUAL_TF
8.5940 -0.0187857 -1.7027186 0.6739772 -0.29609586 0.73640293 -0.59240225 -0.13819389 0.005181 1789458911.245157480 38.134 140.435 0.014 0.00000 -1 ACTUAL_TF
8.6355 -0.0187977 -1.7024477 0.6739660 -0.29610382 0.73641076 -0.59238895 -0.13819211 0.005083 1789458911.301051378 38.405 140.164 0.023 0.00000 -1 ACTUAL_TF
8.6910 -0.0188096 -1.7021442 0.6739695 -0.29610643 0.73641075 -0.59238714 -0.13819429 0.005188 1789458911.356964588 38.708 139.860 0.024 0.00000 -1 ACTUAL_TF
8.7546 -0.0188270 -1.7018886 0.6739754 -0.29610548 0.73640845 -0.59238922 -0.13819967 0.004998 1789458911.413241625 38.964 139.604 0.020 0.00000 -1 ACTUAL_TF
8.8066 -0.0188378 -1.7016020 0.6739834 -0.29610590 0.73640807 -0.59238926 -0.13820062 0.005035 1789458911.469270229 39.251 139.317 0.017 0.00000 -1 ACTUAL_TF
8.8669 -0.0188568 -1.7013444 0.6739739 -0.29610624 0.73641770 -0.59237664 -0.13820272 0.004915 1789458911.525023222 39.509 139.059 0.032 0.00000 -1 ACTUAL_TF
8.9158 -0.0188603 -1.7010449 0.6739876 -0.29610650 0.73641113 -0.59238479 -0.13820222 0.005044 1789458911.581119537 39.809 138.759 0.022 0.00000 -1 ACTUAL_TF
8.9734 -0.0188736 -1.7007463 0.6740055 -0.29609597 0.73640645 -0.59239600 -0.13820168 0.005133 1789458911.637188911 40.108 138.460 0.010 0.00000 -1 ACTUAL_TF
9.0305 -0.0188716 -1.7004917 0.6740150 -0.29608315 0.73641142 -0.59239964 -0.13818705 0.004954 1789458911.693370819 40.362 138.206 0.007 0.00000 -1 ACTUAL_TF
9.0919 -0.0188808 -1.7001958 0.6740341 -0.29607561 0.73640178 -0.59241502 -0.13818862 0.005066 1789458911.749039173 40.659 137.910 0.013 0.00000 -1 ACTUAL_TF
9.1412 -0.0188825 -1.6999619 0.6740459 -0.29607762 0.73639581 -0.59242094 -0.13819074 0.004802 1789458911.804982901 40.893 137.676 0.024 0.00000 -1 ACTUAL_TF
9.1951 -0.0188916 -1.6996705 0.6740655 -0.29607873 0.73638393 -0.59243386 -0.13819631 0.004928 1789458911.860957146 41.185 137.384 0.037 0.00000 -1 ACTUAL_TF
9.2599 -0.0189033 -1.6994058 0.6740644 -0.29608640 0.73638685 -0.59242623 -0.13819703 0.004865 1789458911.917089224 41.449 137.119 0.031 0.00000 -1 ACTUAL_TF
9.3091 -0.0189142 -1.6991130 0.6740762 -0.29608746 0.73637873 -0.59243446 -0.13820274 0.004979 1789458911.973019838 41.743 136.826 0.038 0.00000 -1 ACTUAL_TF
9.3616 -0.0189282 -1.6988359 0.6740598 -0.29609950 0.73639238 -0.59241207 -0.13820017 0.004975 1789458912.029000759 42.020 136.549 0.017 0.00000 -1 ACTUAL_TF
9.4274 -0.0189420 -1.6985364 0.6740593 -0.29610265 0.73639337 -0.59240826 -0.13820451 0.005084 1789458912.085163593 42.320 136.249 0.011 0.00000 -1 ACTUAL_TF
9.4770 -0.0189548 -1.6982474 0.6740647 -0.29610607 0.73639177 -0.59240774 -0.13820792 0.005105 1789458912.141305923 42.609 135.960 0.010 0.00000 -1 ACTUAL_TF
9.5338 -0.0189583 -1.6979977 0.6740635 -0.29611264 0.73639265 -0.59240362 -0.13820681 0.004909 1789458912.197377682 42.858 135.710 0.010 0.00000 -1 ACTUAL_TF
9.5943 -0.0189795 -1.6976979 0.6740715 -0.29611185 0.73639151 -0.59240420 -0.13821207 0.005055 1789458912.253123045 43.159 135.409 0.008 0.00000 -1 ACTUAL_TF
9.6421 -0.0189860 -1.6974379 0.6740697 -0.29611501 0.73639502 -0.59239878 -0.13820984 0.004931 1789458912.309159040 43.419 135.149 0.002 0.00000 -1 ACTUAL_TF
9.7072 -0.0189921 -1.6971306 0.6740788 -0.29608891 0.73640777 -0.59240101 -0.13818828 0.005100 1789458912.365120173 43.726 134.842 0.008 0.00000 -1 ACTUAL_TF
9.7552 -0.0190019 -1.6968645 0.6740782 -0.29607726 0.73641849 -0.59239587 -0.13817812 0.004999 1789458912.421047688 43.993 134.576 0.005 0.00000 -1 ACTUAL_TF
9.8143 -0.0190146 -1.6965597 0.6740765 -0.29608656 0.73641827 -0.59239060 -0.13818196 0.005130 1789458912.477154016 44.298 134.271 0.007 0.00000 -1 ACTUAL_TF
9.8779 -0.0190187 -1.6963202 0.6740909 -0.29608973 0.73641056 -0.59239767 -0.13818594 0.004878 1789458912.533066273 44.537 134.031 0.009 0.00000 -1 ACTUAL_TF
9.9306 -0.0190364 -1.6960191 0.6740994 -0.29609102 0.73640609 -0.59240116 -0.13819206 0.005026 1789458912.589244127 44.839 133.729 0.008 0.00000 -1 ACTUAL_TF
9.9837 -0.0190530 -1.6957009 0.6740976 -0.29609683 0.73640848 -0.59239461 -0.13819494 0.005197 1789458912.646203756 45.157 133.411 0.004 0.00000 -1 ACTUAL_TF
10.0369 -0.0190709 -1.6954720 0.6741248 -0.29609117 0.73639432 -0.59241242 -0.13820615 0.004900 1789458912.701139212 45.387 133.181 0.028 0.00000 -1 ACTUAL_TF
10.0961 -0.0190872 -1.6951475 0.6741367 -0.29609387 0.73638801 -0.59241810 -0.13820969 0.005170 1789458912.757214308 45.712 132.856 0.036 0.00000 -1 ACTUAL_TF
10.1485 -0.0190997 -1.6949215 0.6741544 -0.29608959 0.73637832 -0.59243051 -0.13821732 0.004840 1789458912.812987089 45.939 132.630 0.051 0.00000 -1 ACTUAL_TF
10.2148 -0.0191166 -1.6946213 0.6741538 -0.29609199 0.73638091 -0.59242542 -0.13822018 0.004983 1789458912.869543314 46.239 132.329 0.049 0.00000 -1 ACTUAL_TF
10.2670 -0.0191224 -1.6943828 0.6741597 -0.29609411 0.73637860 -0.59242718 -0.13822038 0.004773 1789458912.925238371 46.478 132.090 0.049 0.00000 -1 ACTUAL_TF
10.3167 -0.0191422 -1.6940411 0.6741364 -0.29610244 0.73639865 -0.59239931 -0.13821515 0.005181 1789458912.981187582 46.820 131.749 0.037 0.00000 -1 ACTUAL_TF
10.3776 -0.0191461 -1.6937461 0.6741384 -0.29609363 0.73640567 -0.59239754 -0.13820422 0.005211 1789458913.037037134 47.115 131.454 0.029 0.00000 -1 ACTUAL_TF
10.4369 -0.0191522 -1.6934802 0.6741354 -0.29608485 0.73641518 -0.59239244 -0.13819420 0.005072 1789458913.093058348 47.381 131.188 0.025 0.00000 -1 ACTUAL_TF
10.4870 -0.0191541 -1.6931970 0.6741393 -0.29608839 0.73641357 -0.59239290 -0.13819324 0.005066 1789458913.149106503 47.664 130.905 0.016 0.00000 -1 ACTUAL_TF
10.5378 -0.0191735 -1.6929367 0.6741335 -0.29609311 0.73642015 -0.59238150 -0.13819693 0.004946 1789458913.205097914 47.924 130.644 0.028 0.00000 -1 ACTUAL_TF
10.5959 -0.0191836 -1.6926406 0.6741415 -0.29609692 0.73641838 -0.59238143 -0.13819852 0.005048 1789458913.261165380 48.221 130.348 0.027 0.00000 -1 ACTUAL_TF
10.6585 -0.0191972 -1.6923654 0.6741318 -0.29610500 0.73642486 -0.59236897 -0.13820007 0.005011 1789458913.317138672 48.496 130.072 0.036 0.00000 -1 ACTUAL_TF
10.7087 -0.0192101 -1.6920648 0.6741384 -0.29610725 0.73642252 -0.59236998 -0.13820337 0.005099 1789458913.373883724 48.797 129.771 0.037 0.00000 -1 ACTUAL_TF
10.7657 -0.0192176 -1.6918307 0.6741510 -0.29610781 0.73641581 -0.59237712 -0.13820731 0.004845 1789458913.429051876 49.031 129.537 0.032 0.00000 -1 ACTUAL_TF
10.8251 -0.0192219 -1.6915288 0.6741644 -0.29611117 0.73640801 -0.59238455 -0.13820986 0.005009 1789458913.485083103 49.333 129.235 0.025 0.00000 -1 ACTUAL_TF
10.8755 -0.0192365 -1.6912346 0.6741747 -0.29610838 0.73640511 -0.59238831 -0.13821513 0.005084 1789458913.541134119 49.628 128.940 0.029 0.00000 -1 ACTUAL_TF
10.9385 -0.0192514 -1.6909696 0.6741751 -0.29610917 0.73640960 -0.59238222 -0.13821567 0.004979 1789458913.597203732 49.893 128.675 0.034 0.00000 -1 ACTUAL_TF
10.9963 -0.0192471 -1.6906810 0.6741990 -0.29608474 0.73640547 -0.59240329 -0.13819972 0.005038 1789458913.653160334 50.182 128.386 0.028 0.00000 -1 ACTUAL_TF
11.0481 -0.0192529 -1.6903950 0.6741992 -0.29608154 0.73641150 -0.59239952 -0.13819058 0.005058 1789458913.709196568 50.468 128.100 0.022 0.00000 -1 ACTUAL_TF
11.1022 -0.0192524 -1.6901133 0.6742184 -0.29608311 0.73639936 -0.59241303 -0.13819400 0.005053 1789458913.765182734 50.750 127.819 0.031 0.00000 -1 ACTUAL_TF
11.1552 -0.0192555 -1.6898443 0.6742172 -0.29609045 0.73639998 -0.59240861 -0.13819389 0.004986 1789458913.820925474 51.019 127.550 0.025 0.00000 -1 ACTUAL_TF
11.2155 -0.0192601 -1.6895645 0.6742265 -0.29609436 0.73639445 -0.59241268 -0.13819754 0.004989 1789458913.876947403 51.299 127.270 0.030 0.00000 -1 ACTUAL_TF
11.2650 -0.0192730 -1.6892895 0.6742067 -0.29610411 0.73640899 -0.59239022 -0.13819547 0.004967 1789458913.933099508 51.573 126.995 0.006 0.00000 -1 ACTUAL_TF
11.3280 -0.0192783 -1.6890027 0.6742217 -0.29610571 0.73640058 -0.59239902 -0.13819911 0.005016 1789458913.989107132 51.861 126.708 0.018 0.00000 -1 ACTUAL_TF
11.3884 -0.0192818 -1.6887058 0.6742279 -0.29611026 0.73639600 -0.59240206 -0.13820070 0.005103 1789458914.045070648 52.157 126.411 0.023 0.00000 -1 ACTUAL_TF
11.4383 -0.0192911 -1.6884307 0.6742217 -0.29611656 0.73640194 -0.59239243 -0.13819688 0.005042 1789458914.101245880 52.432 126.136 0.017 0.00000 -1 ACTUAL_TF
11.4935 -0.0192974 -1.6881346 0.6742288 -0.29610372 0.73640561 -0.59239581 -0.13819033 0.005122 1789458914.157053947 52.729 125.840 0.022 0.00000 -1 ACTUAL_TF
11.5508 -0.0192977 -1.6878915 0.6742273 -0.29608909 0.73641749 -0.59239240 -0.13817300 0.004890 1789458914.212987185 52.972 125.597 0.029 0.00000 -1 ACTUAL_TF
11.6040 -0.0193080 -1.6875946 0.6742302 -0.29609405 0.73641776 -0.59238874 -0.13817661 0.005016 1789458914.268897295 53.269 125.300 0.029 0.00000 -1 ACTUAL_TF
11.6631 -0.0193259 -1.6873281 0.6742251 -0.29609916 0.73642046 -0.59238245 -0.13817826 0.004936 1789458914.325159073 53.536 125.033 0.023 0.00000 -1 ACTUAL_TF
11.7126 -0.0193393 -1.6870478 0.6742483 -0.29609593 0.73640778 -0.59239745 -0.13818842 0.004963 1789458914.381178617 53.816 124.752 0.020 0.00000 -1 ACTUAL_TF
11.7770 -0.0193516 -1.6867530 0.6742662 -0.29609597 0.73639881 -0.59240730 -0.13819391 0.005059 1789458914.437159300 54.112 124.456 0.028 0.00000 -1 ACTUAL_TF
11.8415 -0.0193649 -1.6864845 0.6742648 -0.29610026 0.73639930 -0.59240391 -0.13819669 0.004987 1789458914.492934942 54.381 124.188 0.021 0.00000 -1 ACTUAL_TF
11.8918 -0.0193780 -1.6861933 0.6742778 -0.29609939 0.73639195 -0.59241200 -0.13820298 0.005053 1789458914.548968792 54.672 123.896 0.027 0.00000 -1 ACTUAL_TF
11.9408 -0.0193816 -1.6859578 0.6742923 -0.29609942 0.73638299 -0.59242250 -0.13820567 0.004800 1789458914.605008602 54.908 123.660 0.039 0.00000 -1 ACTUAL_TF
11.9958 -0.0193939 -1.6856233 0.6742881 -0.29610234 0.73638772 -0.59241565 -0.13820357 0.005149 1789458914.661149740 55.243 123.326 0.030 0.00000 -1 ACTUAL_TF
12.0535 -0.0194080 -1.6853876 0.6742990 -0.29609265 0.73638642 -0.59242167 -0.13820547 0.004872 1789458914.717097759 55.479 123.090 0.034 0.00000 -1 ACTUAL_TF
12.1079 -0.0194104 -1.6850806 0.6742964 -0.29607843 0.73640304 -0.59241253 -0.13818656 0.005052 1789458914.773198366 55.785 122.783 0.031 0.00000 -1 ACTUAL_TF
12.1691 -0.0194221 -1.6848127 0.6742958 -0.29608085 0.73640680 -0.59240670 -0.13818629 0.004977 1789458914.829051495 56.054 122.515 0.025 0.00000 -1 ACTUAL_TF
12.2174 -0.0194378 -1.6845119 0.6742987 -0.29608303 0.73640696 -0.59240445 -0.13819045 0.005084 1789458914.885518074 56.355 122.214 0.021 0.00000 -1 ACTUAL_TF
12.2810 -0.0194497 -1.6842180 0.6743016 -0.29608572 0.73640932 -0.59239995 -0.13819139 0.005146 1789458914.941128254 56.649 121.919 0.019 0.00000 -1 ACTUAL_TF
12.3337 -0.0194571 -1.6839876 0.6743179 -0.29608388 0.73639989 -0.59241162 -0.13819559 0.004842 1789458914.997074366 56.880 121.689 0.031 0.00000 -1 ACTUAL_TF
12.3884 -0.0194632 -1.6836530 0.6743109 -0.29609199 0.73640506 -0.59240208 -0.13819150 0.005182 1789458915.053088903 57.214 121.354 0.022 0.00000 -1 ACTUAL_TF
12.4441 -0.0194714 -1.6833823 0.6743025 -0.29609863 0.73641084 -0.59239188 -0.13819024 0.005078 1789458915.109090328 57.485 121.084 0.016 0.00000 -1 ACTUAL_TF
12.5079 -0.0194792 -1.6830851 0.6742982 -0.29610179 0.73641427 -0.59238636 -0.13818884 0.005148 1789458915.165088892 57.782 120.786 0.019 0.00000 -1 ACTUAL_TF
12.5594 -0.0194892 -1.6828472 0.6743075 -0.29609962 0.73641120 -0.59239064 -0.13819149 0.004880 1789458915.221083879 58.020 120.548 0.017 0.00000 -1 ACTUAL_TF
12.6085 -0.0194987 -1.6825459 0.6743122 -0.29609760 0.73641295 -0.59238979 -0.13819012 0.005031 1789458915.277099371 58.322 120.247 0.018 0.00000 -1 ACTUAL_TF
12.6668 -0.0194992 -1.6823192 0.6743378 -0.29608948 0.73639980 -0.59241012 -0.13819046 0.004745 1789458915.333035469 58.549 120.020 0.034 0.00000 -1 ACTUAL_TF
12.7259 -0.0195073 -1.6819957 0.6743433 -0.29608499 0.73640130 -0.59241167 -0.13818544 0.005053 1789458915.389095068 58.872 119.696 0.037 0.00000 -1 ACTUAL_TF
12.7844 -0.0195194 -1.6817043 0.6743593 -0.29607635 0.73639454 -0.59242398 -0.13818722 0.005100 1789458915.445169926 59.164 119.404 0.043 0.00000 -1 ACTUAL_TF
12.8490 -0.0195240 -1.6814428 0.6743624 -0.29607991 0.73639287 -0.59242458 -0.13818595 0.004972 1789458915.501142740 59.426 119.143 0.046 0.00000 -1 ACTUAL_TF
12.8980 -0.0195383 -1.6811737 0.6743791 -0.29607578 0.73638181 -0.59243837 -0.13819459 0.004929 1789458915.557061434 59.695 118.873 0.052 0.00000 -1 ACTUAL_TF
12.9491 -0.0195585 -1.6809008 0.6743682 -0.29608154 0.73639295 -0.59242115 -0.13819672 0.004919 1789458915.612986088 59.969 118.600 0.034 0.00000 -1 ACTUAL_TF
13.0110 -0.0195693 -1.6805967 0.6743697 -0.29608662 0.73639184 -0.59241949 -0.13819885 0.005065 1789458915.669294119 60.273 118.295 0.031 0.00000 -1 ACTUAL_TF
13.0605 -0.0195848 -1.6803357 0.6743700 -0.29608695 0.73639394 -0.59241633 -0.13820046 0.004950 1789458915.725149155 60.534 118.034 0.024 0.00000 -1 ACTUAL_TF
13.1241 -0.0195968 -1.6800321 0.6743767 -0.29608897 0.73639283 -0.59241610 -0.13820305 0.005100 1789458915.780892611 60.838 117.730 0.025 0.00000 -1 ACTUAL_TF
13.1839 -0.0196097 -1.6797507 0.6743625 -0.29609510 0.73640509 -0.59239894 -0.13819814 0.005073 1789458915.837182522 61.120 117.449 0.008 0.00000 -1 ACTUAL_TF
13.2325 -0.0196119 -1.6794832 0.6743758 -0.29607987 0.73640344 -0.59241036 -0.13819066 0.004980 1789458915.893421173 61.387 117.181 0.020 0.00000 -1 ACTUAL_TF
13.2880 -0.0196127 -1.6791913 0.6743897 -0.29606378 0.73640595 -0.59241821 -0.13817804 0.005059 1789458915.949148655 61.679 116.889 0.033 0.00000 -1 ACTUAL_TF
13.3391 -0.0196323 -1.6789199 0.6743894 -0.29606747 0.73640788 -0.59241307 -0.13818194 0.005001 1789458916.005098820 61.951 116.617 0.023 0.00000 -1 ACTUAL_TF
13.4027 -0.0196487 -1.6785914 0.6743849 -0.29607667 0.73641133 -0.59240369 -0.13818400 0.005257 1789458916.061259031 62.280 116.289 0.012 0.00000 -1 ACTUAL_TF
13.4553 -0.0196656 -1.6783546 0.6743967 -0.29607392 0.73640224 -0.59241446 -0.13819217 0.004955 1789458916.117198229 62.517 116.051 0.016 0.00000 -1 ACTUAL_TF
13.5113 -0.0196758 -1.6780622 0.6744126 -0.29607407 0.73639197 -0.59242568 -0.13819848 0.005036 1789458916.173271656 62.810 115.759 0.027 0.00000 -1 ACTUAL_TF
13.5672 -0.0196861 -1.6778165 0.6744056 -0.29608106 0.73639635 -0.59241680 -0.13819826 0.004847 1789458916.229134560 63.056 115.513 0.016 0.00000 -1 ACTUAL_TF
13.6248 -0.0196976 -1.6775137 0.6744099 -0.29608341 0.73639510 -0.59241658 -0.13820081 0.005018 1789458916.285058498 63.359 115.210 0.015 0.00000 -1 ACTUAL_TF
13.6802 -0.0197080 -1.6772608 0.6744249 -0.29608361 0.73638853 -0.59242371 -0.13820484 0.004868 1789458916.341189384 63.612 114.956 0.026 0.00000 -1 ACTUAL_TF
13.7406 -0.0197250 -1.6769310 0.6744256 -0.29608300 0.73639098 -0.59242113 -0.13820416 0.005177 1789458916.397191286 63.942 114.626 0.023 0.00000 -1 ACTUAL_TF
13.7913 -0.0197285 -1.6766419 0.6744435 -0.29606603 0.73639122 -0.59243149 -0.13819482 0.005175 1789458916.453214407 64.231 114.337 0.035 0.00000 -1 ACTUAL_TF
13.8443 -0.0197321 -1.6764086 0.6744600 -0.29605768 0.73638446 -0.59244429 -0.13819382 0.004877 1789458916.509126186 64.465 114.103 0.047 0.00000 -1 ACTUAL_TF
13.9047 -0.0197419 -1.6760906 0.6744399 -0.29606828 0.73639976 -0.59242088 -0.13818998 0.005115 1789458916.565357208 64.783 113.786 0.023 0.00000 -1 ACTUAL_TF
13.9610 -0.0197438 -1.6758477 0.6744346 -0.29607643 0.73640248 -0.59241365 -0.13818900 0.004884 1789458916.621281862 65.025 113.543 0.017 0.00000 -1 ACTUAL_TF
14.0127 -0.0197654 -1.6755197 0.6744234 -0.29608243 0.73641344 -0.59239629 -0.13819214 0.005184 1789458916.677154779 65.354 113.215 0.004 0.00000 -1 ACTUAL_TF
14.0790 -0.0197722 -1.6752740 0.6744286 -0.29608637 0.73641283 -0.59239497 -0.13819261 0.004948 1789458916.733090401 65.600 112.969 0.005 0.00000 -1 ACTUAL_TF
14.1320 -0.0197849 -1.6749426 0.6744231 -0.29609431 0.73641678 -0.59238632 -0.13819164 0.005241 1789458916.789077044 65.931 112.637 0.014 0.00000 -1 ACTUAL_TF
14.1822 -0.0197934 -1.6746531 0.6744323 -0.29609469 0.73641506 -0.59238791 -0.13819319 0.005220 1789458916.845096827 66.221 112.347 0.010 0.00000 -1 ACTUAL_TF
14.2398 -0.0198013 -1.6744144 0.6744449 -0.29608772 0.73641146 -0.59239632 -0.13819127 0.004938 1789458916.901000738 66.460 112.108 0.005 0.00000 -1 ACTUAL_TF
14.2921 -0.0198081 -1.6741077 0.6744467 -0.29607900 0.73641959 -0.59239312 -0.13818031 0.005102 1789458916.956937313 66.767 111.802 0.010 0.00000 -1 ACTUAL_TF
14.3482 -0.0198165 -1.6738567 0.6744454 -0.29607798 0.73642223 -0.59239076 -0.13817856 0.004913 1789458917.013099194 67.018 111.551 0.013 0.00000 -1 ACTUAL_TF
14.4088 -0.0198313 -1.6735393 0.6744555 -0.29608113 0.73641815 -0.59239361 -0.13818132 0.005143 1789458917.069063187 67.336 111.233 0.008 0.00000 -1 ACTUAL_TF
14.4624 -0.0198316 -1.6732851 0.6744684 -0.29608565 0.73640988 -0.59240149 -0.13818197 0.004966 1789458917.124974251 67.590 110.979 0.016 0.00000 -1 ACTUAL_TF
14.5313 -0.0198461 -1.6729726 0.6744702 -0.29608882 0.73640950 -0.59239976 -0.13818461 0.005146 1789458917.181165695 67.903 110.666 0.012 0.00000 -1 ACTUAL_TF
14.5745 -0.0198596 -1.6727563 0.6744997 -0.29608212 0.73639081 -0.59242373 -0.13819575 0.004774 1789458917.237171412 68.120 110.449 0.028 0.00000 -1 ACTUAL_TF
14.6384 -0.0198700 -1.6724551 0.6745089 -0.29608513 0.73638680 -0.59242671 -0.13819794 0.004958 1789458917.293124437 68.421 110.147 0.032 0.00000 -1 ACTUAL_TF
14.6851 -0.0198885 -1.6721379 0.6745021 -0.29608922 0.73639348 -0.59241645 -0.13819756 0.005175 1789458917.349071741 68.739 109.830 0.020 0.00000 -1 ACTUAL_TF
14.7400 -0.0198995 -1.6718842 0.6745064 -0.29608666 0.73639550 -0.59241523 -0.13819753 0.004981 1789458917.405146122 68.993 109.576 0.020 0.00000 -1 ACTUAL_TF
14.8013 -0.0199066 -1.6715785 0.6745058 -0.29607814 0.73640359 -0.59241196 -0.13818671 0.005125 1789458917.461138725 69.298 109.270 0.014 0.00000 -1 ACTUAL_TF
14.8541 -0.0199218 -1.6712882 0.6744751 -0.29608159 0.73642806 -0.59238233 -0.13817589 0.005158 1789458917.516996861 69.588 108.980 0.022 0.00000 -1 ACTUAL_TF
14.9131 -0.0199376 -1.6709950 0.6744841 -0.29608174 0.73642523 -0.59238470 -0.13818049 0.005170 1789458917.573509932 69.882 108.686 0.019 0.00000 -1 ACTUAL_TF
14.9736 -0.0199486 -1.6707631 0.6744963 -0.29607964 0.73641704 -0.59239461 -0.13818614 0.004869 1789458917.629284382 70.114 108.454 0.015 0.00000 -1 ACTUAL_TF
15.0201 -0.0199636 -1.6704533 0.6744854 -0.29608739 0.73642486 -0.59238076 -0.13818725 0.005075 1789458917.685161591 70.424 108.144 0.029 0.00000 -1 ACTUAL_TF
15.0864 -0.0199717 -1.6701547 0.6744998 -0.29609065 0.73641698 -0.59238784 -0.13819191 0.005153 1789458917.741230249 70.723 107.845 0.020 0.00000 -1 ACTUAL_TF
15.1388 -0.0199805 -1.6698909 0.6745017 -0.29609534 0.73641604 -0.59238637 -0.13819319 0.005022 1789458917.797196627 70.987 107.581 0.022 0.00000 -1 ACTUAL_TF
15.1898 -0.0199881 -1.6695941 0.6745081 -0.29609911 0.73641424 -0.59238631 -0.13819494 0.005107 1789458917.853158236 71.284 107.284 0.019 0.00000 -1 ACTUAL_TF
15.2437 -0.0199995 -1.6693286 0.6745008 -0.29610469 0.73642041 -0.59237631 -0.13819297 0.005000 1789458917.909117460 71.550 107.019 0.030 0.00000 -1 ACTUAL_TF
15.3032 -0.0199999 -1.6690469 0.6745186 -0.29610045 0.73641062 -0.59239088 -0.13819175 0.005012 1789458917.965154171 71.832 106.737 0.015 0.00000 -1 ACTUAL_TF
15.3534 -0.0200030 -1.6687939 0.6745341 -0.29608613 0.73641103 -0.59239945 -0.13818353 0.004869 1789458918.021020412 72.085 106.484 0.005 0.00000 -1 ACTUAL_TF
15.4158 -0.0200217 -1.6684912 0.6745412 -0.29607996 0.73641201 -0.59240159 -0.13818239 0.005030 1789458918.077130318 72.388 106.180 0.004 0.00000 -1 ACTUAL_TF
15.4653 -0.0200324 -1.6682278 0.6745552 -0.29607910 0.73640459 -0.59241030 -0.13818641 0.004936 1789458918.133112907 72.652 105.917 0.010 0.00000 -1 ACTUAL_TF
15.5294 -0.0200349 -1.6679454 0.6745820 -0.29608133 0.73638718 -0.59242971 -0.13819120 0.004972 1789458918.189218044 72.934 105.634 0.031 0.00000 -1 ACTUAL_TF
15.5791 -0.0200472 -1.6676492 0.6745939 -0.29608422 0.73638193 -0.59243362 -0.13819623 0.005072 1789458918.245131493 73.231 105.337 0.038 0.00000 -1 ACTUAL_TF
15.6400 -0.0200580 -1.6673791 0.6745854 -0.29609333 0.73638793 -0.59242154 -0.13819649 0.004999 1789458918.301136494 73.501 105.067 0.025 0.00000 -1 ACTUAL_TF
15.6933 -0.0200641 -1.6670897 0.6745872 -0.29609827 0.73638933 -0.59241719 -0.13819712 0.005048 1789458918.357222319 73.791 104.778 0.022 0.00000 -1 ACTUAL_TF
15.7531 -0.0200681 -1.6668309 0.6745866 -0.29610181 0.73639386 -0.59241031 -0.13819489 0.004924 1789458918.413066864 74.049 104.519 0.019 0.00000 -1 ACTUAL_TF
15.8033 -0.0200837 -1.6664952 0.6745756 -0.29610474 0.73640733 -0.59239319 -0.13819018 0.005248 1789458918.469076157 74.385 104.183 0.005 0.00000 -1 ACTUAL_TF
15.8639 -0.0200866 -1.6662450 0.6745799 -0.29609406 0.73641256 -0.59239412 -0.13818126 0.005012 1789458918.525179625 74.635 103.933 0.011 0.00000 -1 ACTUAL_TF
15.9247 -0.0200919 -1.6659532 0.6745859 -0.29608679 0.73641510 -0.59239569 -0.13817658 0.005070 1789458918.581248045 74.927 103.641 0.016 0.00000 -1 ACTUAL_TF
15.9738 -0.0200952 -1.6657101 0.6745883 -0.29609426 0.73641436 -0.59239279 -0.13817696 0.004856 1789458918.637076139 75.170 103.398 0.021 0.00000 -1 ACTUAL_TF
16.0324 -0.0201104 -1.6654020 0.6745875 -0.29610029 0.73641652 -0.59238637 -0.13818002 0.005049 1789458918.693150520 75.479 103.090 0.018 0.00000 -1 ACTUAL_TF
16.0835 -0.0201252 -1.6650824 0.6745843 -0.29610684 0.73642352 -0.59237416 -0.13818100 0.005244 1789458918.749296427 75.799 102.770 0.019 0.00000 -1 ACTUAL_TF
16.1442 -0.0201371 -1.6648206 0.6745796 -0.29611275 0.73642579 -0.59236831 -0.13818136 0.005077 1789458918.805198193 76.060 102.508 0.025 0.00000 -1 ACTUAL_TF
16.2071 -0.0201468 -1.6645188 0.6745869 -0.29611573 0.73642053 -0.59237260 -0.13818460 0.005176 1789458918.861066341 76.362 102.206 0.024 0.00000 -1 ACTUAL_TF
16.2523 -0.0201591 -1.6642885 0.6746075 -0.29610903 0.73641176 -0.59238556 -0.13819011 0.004863 1789458918.917118549 76.593 101.975 0.009 0.00000 -1 ACTUAL_TF
16.3117 -0.0201665 -1.6639951 0.6746231 -0.29609728 0.73640985 -0.59239506 -0.13818475 0.004981 1789458918.973042011 76.887 101.681 0.013 0.00000 -1 ACTUAL_TF
16.3638 -0.0201679 -1.6637540 0.6746486 -0.29608056 0.73640388 -0.59241229 -0.13817852 0.004788 1789458919.028919458 77.128 101.440 0.034 0.00000 -1 ACTUAL_TF
16.4230 -0.0201838 -1.6634483 0.6746532 -0.29608446 0.73640069 -0.59241313 -0.13818358 0.004988 1789458919.085059166 77.435 101.134 0.031 0.00000 -1 ACTUAL_TF
16.4898 -0.0201891 -1.6632062 0.6746629 -0.29608917 0.73639603 -0.59241583 -0.13818675 0.004788 1789458919.141133547 77.677 100.891 0.038 0.00000 -1 ACTUAL_TF
16.5294 -0.0202031 -1.6628870 0.6746642 -0.29609456 0.73639598 -0.59241271 -0.13818883 0.005063 1789458919.197130919 77.996 100.572 0.033 0.00000 -1 ACTUAL_TF
16.5943 -0.0202197 -1.6625784 0.6746581 -0.29609901 0.73640129 -0.59240330 -0.13819135 0.005200 1789458919.253138304 78.305 100.263 0.021 0.00000 -1 ACTUAL_TF
16.6446 -0.0202279 -1.6623367 0.6746635 -0.29609206 0.73640379 -0.59240435 -0.13818843 0.004936 1789458919.309129953 78.547 100.021 0.022 0.00000 -1 ACTUAL_TF
16.7056 -0.0202255 -1.6620360 0.6746669 -0.29607758 0.73641174 -0.59240552 -0.13817201 0.005064 1789458919.365185976 78.847 99.721 0.029 0.00000 -1 ACTUAL_TF
16.7553 -0.0202473 -1.6617684 0.6746601 -0.29608288 0.73641925 -0.59239263 -0.13817591 0.004987 1789458919.421079874 79.116 99.453 0.012 0.00000 -1 ACTUAL_TF
16.8149 -0.0202629 -1.6614557 0.6746592 -0.29609083 0.73642198 -0.59238484 -0.13817771 0.005173 1789458919.476897478 79.429 99.140 0.005 0.00000 -1 ACTUAL_TF
16.8676 -0.0202771 -1.6611891 0.6746529 -0.29609453 0.73642510 -0.59237833 -0.13818108 0.005049 1789458919.533029795 79.695 98.873 0.009 0.00000 -1 ACTUAL_TF
16.9295 -0.0202886 -1.6608900 0.6746572 -0.29610103 0.73642339 -0.59237598 -0.13818636 0.005134 1789458919.589156628 79.995 98.574 0.009 0.00000 -1 ACTUAL_TF
16.9842 -0.0203049 -1.6605829 0.6746500 -0.29610757 0.73642659 -0.59236800 -0.13818946 0.005241 1789458919.645189762 80.302 98.266 0.022 0.00000 -1 ACTUAL_TF
17.0473 -0.0203083 -1.6603352 0.6746601 -0.29610862 0.73641966 -0.59237554 -0.13819184 0.005000 1789458919.701073170 80.550 98.018 0.016 0.00000 -1 ACTUAL_TF
17.0971 -0.0203120 -1.6600583 0.6746809 -0.29610072 0.73641126 -0.59238981 -0.13819235 0.004985 1789458919.757153988 80.827 97.741 0.006 0.00000 -1 ACTUAL_TF
17.1490 -0.0203094 -1.6597947 0.6746875 -0.29606987 0.73642580 -0.59239364 -0.13816456 0.004907 1789458919.812963486 81.090 97.478 0.018 0.00000 -1 ACTUAL_TF
17.2070 -0.0203254 -1.6594959 0.6746989 -0.29607512 0.73641712 -0.59239979 -0.13817320 0.005032 1789458919.869204044 81.390 97.179 0.016 0.00000 -1 ACTUAL_TF
17.2683 -0.0203310 -1.6592443 0.6747124 -0.29607899 0.73640901 -0.59240681 -0.13817805 0.004876 1789458919.925092936 81.642 96.927 0.025 0.00000 -1 ACTUAL_TF
17.3188 -0.0203457 -1.6589542 0.6747267 -0.29608079 0.73639922 -0.59241595 -0.13818715 0.004970 1789458919.981131792 81.932 96.636 0.031 0.00000 -1 ACTUAL_TF
17.3734 -0.0203506 -1.6587243 0.6747469 -0.29607944 0.73638698 -0.59243042 -0.13819326 0.004713 1789458920.037229776 82.162 96.406 0.047 0.00000 -1 ACTUAL_TF
17.4396 -0.0203625 -1.6584164 0.6747453 -0.29608570 0.73638911 -0.59242434 -0.13819458 0.004953 1789458920.093107939 82.470 96.098 0.041 0.00000 -1 ACTUAL_TF
17.4859 -0.0203849 -1.6581183 0.6747386 -0.29608755 0.73639669 -0.59241349 -0.13819676 0.005071 1789458920.149052858 82.769 95.799 0.027 0.00000 -1 ACTUAL_TF
17.5372 -0.0203945 -1.6578527 0.6747361 -0.29608476 0.73640372 -0.59240730 -0.13819175 0.004971 1789458920.205141068 83.035 95.534 0.020 0.00000 -1 ACTUAL_TF
17.6015 -0.0204052 -1.6575326 0.6747289 -0.29607789 0.73641609 -0.59239768 -0.13818185 0.005200 1789458920.261027098 83.355 95.213 0.008 0.00000 -1 ACTUAL_TF
17.6487 -0.0204139 -1.6572753 0.6747296 -0.29608123 0.73641438 -0.59239792 -0.13818273 0.005016 1789458920.317139626 83.612 94.956 0.005 0.00000 -1 ACTUAL_TF
17.7083 -0.0204249 -1.6570008 0.6747419 -0.29608016 0.73640702 -0.59240609 -0.13818919 0.004989 1789458920.372989178 83.887 94.681 0.012 0.00000 -1 ACTUAL_TF
17.7677 -0.0204348 -1.6567279 0.6747389 -0.29608732 0.73641001 -0.59239860 -0.13819006 0.004953 1789458920.429055214 84.160 94.408 0.004 0.00000 -1 ACTUAL_TF
17.8181 -0.0204469 -1.6564276 0.6747438 -0.29609230 0.73640762 -0.59239797 -0.13819483 0.005074 1789458920.485178232 84.461 94.108 0.004 0.00000 -1 ACTUAL_TF
17.8784 -0.0204693 -1.6561586 0.6747327 -0.29609657 0.73641552 -0.59238529 -0.13819794 0.004999 1789458920.541158915 84.730 93.838 0.017 0.00000 -1 ACTUAL_TF
17.9446 -0.0204873 -1.6558644 0.6747456 -0.29609648 0.73640892 -0.59239143 -0.13820697 0.005075 1789458920.597332716 85.025 93.543 0.020 0.00000 -1 ACTUAL_TF
17.9921 -0.0205012 -1.6555518 0.6747438 -0.29610410 0.73640927 -0.59238650 -0.13820994 0.005234 1789458920.653152943 85.338 93.231 0.025 0.00000 -1 ACTUAL_TF
18.0444 -0.0205116 -1.6552929 0.6747464 -0.29611070 0.73640747 -0.59238474 -0.13821294 0.005052 1789458920.709167004 85.597 92.971 0.027 0.00000 -1 ACTUAL_TF
18.0983 -0.0205227 -1.6550106 0.6747647 -0.29611096 0.73639326 -0.59239976 -0.13822371 0.005054 1789458920.765123606 85.880 92.689 0.025 0.00000 -1 ACTUAL_TF
18.1631 -0.0205235 -1.6547668 0.6747721 -0.29611834 0.73638628 -0.59240439 -0.13822526 0.004847 1789458920.821028471 86.123 92.445 0.018 0.00000 -1 ACTUAL_TF
18.2125 -0.0205163 -1.6544669 0.6747911 -0.29605615 0.73640718 -0.59242040 -0.13817845 0.005002 1789458920.877053976 86.423 92.145 0.019 0.00000 -1 ACTUAL_TF
18.2745 -0.0205209 -1.6542082 0.6747966 -0.29605565 0.73640705 -0.59242136 -0.13817612 0.004884 1789458920.933228731 86.682 91.886 0.021 0.00000 -1 ACTUAL_TF
18.3224 -0.0205317 -1.6539037 0.6747908 -0.29606825 0.73640774 -0.59241287 -0.13818182 0.005053 1789458920.989149332 86.986 91.582 0.011 0.00000 -1 ACTUAL_TF
18.3773 -0.0205317 -1.6535944 0.6747919 -0.29608142 0.73640585 -0.59240850 -0.13818243 0.005194 1789458921.045167685 87.296 91.273 0.017 0.00000 -1 ACTUAL_TF
18.4410 -0.0205495 -1.6533193 0.6747785 -0.29609104 0.73641407 -0.59239255 -0.13818637 0.005111 1789458921.101284266 87.571 90.997 0.015 0.00000 -1 ACTUAL_TF
18.4917 -0.0205559 -1.6530210 0.6747793 -0.29610059 0.73641106 -0.59239075 -0.13818968 0.005179 1789458921.157187223 87.869 90.699 0.020 0.00000 -1 ACTUAL_TF
18.5503 -0.0205651 -1.6527882 0.6747965 -0.29609994 0.73639984 -0.59240365 -0.13819561 0.004877 1789458921.213159800 88.102 90.466 0.012 0.00000 -1 ACTUAL_TF
18.6037 -0.0205634 -1.6524585 0.6747927 -0.29608323 0.73641485 -0.59239825 -0.13817451 0.005182 1789458921.269131184 88.432 90.137 0.028 0.00000 -1 ACTUAL_TF
18.6663 -0.0205683 -1.6522335 0.6748107 -0.29608439 0.73640407 -0.59240954 -0.13818109 0.004830 1789458921.325413704 88.657 89.911 0.028 0.00000 -1 ACTUAL_TF
18.7155 -0.0205855 -1.6519013 0.6748009 -0.29609367 0.73640990 -0.59239690 -0.13818435 0.005174 1789458921.381106853 88.989 89.579 0.026 0.00000 -1 ACTUAL_TF
18.7752 -0.0205970 -1.6516527 0.6748086 -0.29609511 0.73640649 -0.59239918 -0.13818967 0.004955 1789458921.437140703 89.238 89.330 0.022 0.00000 -1 ACTUAL_TF
18.8333 -0.0206067 -1.6513605 0.6748131 -0.29609934 0.73640313 -0.59240054 -0.13819269 0.005039 1789458921.492999315 89.531 89.038 0.023 0.00000 -1 ACTUAL_TF
18.8802 -0.0206157 -1.6510681 0.6748297 -0.29609970 0.73639263 -0.59241243 -0.13819686 0.005090 1789458921.549249172 89.824 88.745 0.022 0.00000 -1 ACTUAL_TF
18.9436 -0.0206251 -1.6507972 0.6748321 -0.29610353 0.73639449 -0.59240831 -0.13819639 0.005018 1789458921.605133772 90.095 88.474 0.022 0.00000 -1 ACTUAL_TF
19.0055 -0.0206404 -1.6504972 0.6748390 -0.29609921 0.73639704 -0.59240746 -0.13819572 0.005118 1789458921.661259174 90.395 88.173 0.018 0.00000 -1 ACTUAL_TF
19.0547 -0.0206484 -1.6502424 0.6748511 -0.29609191 0.73639592 -0.59241327 -0.13819245 0.004951 1789458921.717207670 90.650 87.918 0.021 0.00000 -1 ACTUAL_TF
19.1104 -0.0206538 -1.6499801 0.6748773 -0.29608322 0.73638030 -0.59243617 -0.13819611 0.004882 1789458921.773076296 90.913 87.656 0.039 0.00000 -1 ACTUAL_TF
19.1641 -0.0206757 -1.6497027 0.6748660 -0.29608757 0.73639067 -0.59242066 -0.13819805 0.004897 1789458921.829518795 91.191 87.378 0.020 0.00000 -1 ACTUAL_TF
19.2292 -0.0206956 -1.6494004 0.6748631 -0.29608915 0.73639582 -0.59241318 -0.13819922 0.005061 1789458921.885194540 91.493 87.075 0.009 0.00000 -1 ACTUAL_TF
19.2893 -0.0207056 -1.6491369 0.6748558 -0.29609302 0.73640265 -0.59240352 -0.13819596 0.004956 1789458921.941163778 91.757 86.811 0.003 0.00000 -1 ACTUAL_TF
19.3388 -0.0207223 -1.6488272 0.6748493 -0.29609522 0.73640882 -0.59239503 -0.13819479 0.005135 1789458921.997061729 92.067 86.501 0.016 0.00000 -1 ACTUAL_TF
19.3863 -0.0207346 -1.6485257 0.6748576 -0.29608838 0.73640738 -0.59240028 -0.13819457 0.005206 1789458922.053256035 92.369 86.200 0.013 0.00000 -1 ACTUAL_TF
19.4482 -0.0207407 -1.6482784 0.6748499 -0.29608425 0.73641495 -0.59239440 -0.13818838 0.004971 1789458922.109230995 92.616 85.952 0.023 0.00000 -1 ACTUAL_TF
19.5011 -0.0207507 -1.6479809 0.6748576 -0.29608000 0.73641746 -0.59239406 -0.13818554 0.005081 1789458922.165017128 92.914 85.655 0.021 0.00000 -1 ACTUAL_TF
19.5572 -0.0207649 -1.6477060 0.6748480 -0.29608928 0.73642459 -0.59238063 -0.13818520 0.005018 1789458922.221543074 93.189 85.380 0.035 0.00000 -1 ACTUAL_TF
19.6093 -0.0207747 -1.6474148 0.6748606 -0.29608844 0.73641829 -0.59238747 -0.13819127 0.005088 1789458922.277099848 93.480 85.088 0.027 0.00000 -1 ACTUAL_TF
19.6698 -0.0207851 -1.6471575 0.6748575 -0.29609531 0.73642016 -0.59238148 -0.13819226 0.004941 1789458922.333081007 93.738 84.831 0.035 0.00000 -1 ACTUAL_TF
19.7235 -0.0207995 -1.6468636 0.6748823 -0.29609159 0.73640628 -0.59239857 -0.13820090 0.005040 1789458922.389107943 94.032 84.536 0.018 0.00000 -1 ACTUAL_TF
19.7849 -0.0208006 -1.6466196 0.6748869 -0.29609344 0.73640393 -0.59240106 -0.13819878 0.004840 1789458922.444904566 94.276 84.292 0.014 0.00000 -1 ACTUAL_TF
19.8426 -0.0208061 -1.6463257 0.6748991 -0.29608270 0.73640157 -0.59241029 -0.13819482 0.004958 1789458922.501106024 94.570 83.998 0.006 0.00000 -1 ACTUAL_TF
19.8923 -0.0208206 -1.6460169 0.6749023 -0.29606967 0.73640891 -0.59240966 -0.13818634 0.005128 1789458922.557079792 94.879 83.689 0.008 0.00000 -1 ACTUAL_TF
19.9585 -0.0208261 -1.6457510 0.6749008 -0.29607739 0.73640794 -0.59240740 -0.13818465 0.005014 1789458922.613113165 95.145 83.423 0.014 0.00000 -1 ACTUAL_TF
20.0129 -0.0208352 -1.6454413 0.6749196 -0.29607884 0.73639813 -0.59241768 -0.13818977 0.005173 1789458922.669105053 95.455 83.113 0.003 0.00000 -1 ACTUAL_TF
20.0626 -0.0208366 -1.6452098 0.6749373 -0.29607921 0.73638773 -0.59242959 -0.13819334 0.004863 1789458922.725161314 95.687 82.881 0.017 0.00000 -1 ACTUAL_TF
20.1248 -0.0208428 -1.6448970 0.6749288 -0.29608597 0.73639701 -0.59241570 -0.13818894 0.005078 1789458922.781271219 96.000 82.569 0.015 0.00000 -1 ACTUAL_TF
20.1725 -0.0208455 -1.6446449 0.6749201 -0.29609019 0.73640492 -0.59240518 -0.13818284 0.004911 1789458922.837065935 96.251 82.317 0.025 0.00000 -1 ACTUAL_TF
20.2401 -0.0208492 -1.6443398 0.6749195 -0.29609368 0.73640932 -0.59239890 -0.13817881 0.005068 1789458922.893213511 96.556 82.012 0.034 0.00000 -1 ACTUAL_TF
20.2893 -0.0208604 -1.6440798 0.6749138 -0.29609428 0.73641495 -0.59239213 -0.13817654 0.004938 1789458922.949382067 96.817 81.752 0.038 0.00000 -1 ACTUAL_TF
20.3483 -0.0208722 -1.6437496 0.6749229 -0.29609552 0.73641520 -0.59239135 -0.13817589 0.005230 1789458923.005288363 97.147 81.421 0.036 0.00000 -1 ACTUAL_TF
20.3992 -0.0208889 -1.6434421 0.6749164 -0.29609776 0.73642005 -0.59238374 -0.13817793 0.005301 1789458923.061650276 97.455 81.113 0.041 0.00000 -1 ACTUAL_TF
20.4513 -0.0208976 -1.6431965 0.6749222 -0.29609705 0.73641875 -0.59238556 -0.13817855 0.005040 1789458923.117136478 97.701 80.868 0.040 0.00000 -1 ACTUAL_TF
20.5149 -0.0209112 -1.6428899 0.6749221 -0.29609940 0.73642355 -0.59237856 -0.13817791 0.005176 1789458923.172980070 98.008 80.561 0.043 0.00000 -1 ACTUAL_TF
20.5625 -0.0209188 -1.6426518 0.6749287 -0.29609945 0.73642069 -0.59238167 -0.13817977 0.004899 1789458923.229030371 98.246 80.323 0.041 0.00000 -1 ACTUAL_TF
20.6258 -0.0209392 -1.6423616 0.6749370 -0.29609671 0.73641764 -0.59238556 -0.13818521 0.004986 1789458923.285122395 98.537 80.032 0.034 0.00000 -1 ACTUAL_TF
20.6775 -0.0209504 -1.6420758 0.6749382 -0.29609930 0.73641740 -0.59238453 -0.13818531 0.005027 1789458923.340939045 98.823 79.746 0.037 0.00000 -1 ACTUAL_TF
20.7406 -0.0209621 -1.6417659 0.6749408 -0.29609931 0.73641947 -0.59238202 -0.13818503 0.005178 1789458923.397024870 99.133 79.436 0.040 0.00000 -1 ACTUAL_TF
20.7887 -0.0209724 -1.6414749 0.6749577 -0.29609861 0.73640936 -0.59239409 -0.13818865 0.005188 1789458923.452974796 99.424 79.144 0.028 0.00000 -1 ACTUAL_TF
20.8493 -0.0209829 -1.6412566 0.6749839 -0.29609188 0.73639301 -0.59241555 -0.13819820 0.004807 1789458923.509165049 99.643 78.925 0.006 0.00000 -1 ACTUAL_TF
20.8950 -0.0210000 -1.6409496 0.6749847 -0.29609427 0.73639276 -0.59241360 -0.13820278 0.005017 1789458923.564989328 99.951 78.618 0.009 0.00000 -1 ACTUAL_TF
20.9542 -0.0210079 -1.6407154 0.6749989 -0.29608708 0.73638788 -0.59242359 -0.13820140 0.004769 1789458923.621021986 100.185 78.383 0.002 0.00000 -1 ACTUAL_TF
21.0170 -0.0210090 -1.6403950 0.6750033 -0.29606242 0.73640102 -0.59242484 -0.13817882 0.005057 1789458923.676963806 100.505 78.063 0.009 0.00000 -1 ACTUAL_TF
21.0740 -0.0210233 -1.6401222 0.6749824 -0.29607600 0.73641387 -0.59240238 -0.13817757 0.005007 1789458923.732973814 100.778 77.790 0.025 0.00000 -1 ACTUAL_TF
21.1226 -0.0210361 -1.6398132 0.6749793 -0.29608608 0.73641813 -0.59239146 -0.13818004 0.005162 1789458923.788974285 101.087 77.481 0.033 0.00000 -1 ACTUAL_TF
21.1785 -0.0210528 -1.6395683 0.6749839 -0.29608751 0.73641713 -0.59239056 -0.13818622 0.004926 1789458923.845090151 101.333 77.236 0.032 0.00000 -1 ACTUAL_TF
21.2365 -0.0210631 -1.6392690 0.6749809 -0.29609137 0.73642131 -0.59238325 -0.13818698 0.005055 1789458923.900984049 101.632 76.936 0.040 0.00000 -1 ACTUAL_TF
21.2929 -0.0210699 -1.6389622 0.6749801 -0.29609075 0.73642735 -0.59237774 -0.13817976 0.005181 1789458923.957058430 101.939 76.630 0.046 0.00000 -1 ACTUAL_TF
21.3471 -0.0210759 -1.6386943 0.6749812 -0.29609689 0.73642946 -0.59237239 -0.13817826 0.005062 1789458924.013062239 102.207 76.362 0.049 0.00000 -1 ACTUAL_TF
21.4036 -0.0210864 -1.6384046 0.6749987 -0.29609494 0.73642230 -0.59238094 -0.13818396 0.005099 1789458924.069047451 102.497 76.072 0.036 0.00000 -1 ACTUAL_TF
21.4632 -0.0210991 -1.6381281 0.6749893 -0.29610415 0.73643190 -0.59236474 -0.13818246 0.005052 1789458924.125113487 102.773 75.795 0.050 0.00000 -1 ACTUAL_TF
21.5251 -0.0211058 -1.6378462 0.6750049 -0.29610146 0.73642379 -0.59237537 -0.13818593 0.005048 1789458924.181145430 103.056 75.513 0.039 0.00000 -1 ACTUAL_TF
21.5739 -0.0211236 -1.6375850 0.6750086 -0.29609546 0.73642706 -0.59237439 -0.13818555 0.004939 1789458924.237050772 103.317 75.251 0.040 0.00000 -1 ACTUAL_TF
21.6360 -0.0211280 -1.6372908 0.6750118 -0.29609337 0.73642994 -0.59237332 -0.13817926 0.005033 1789458924.293050289 103.611 74.957 0.041 0.00000 -1 ACTUAL_TF
21.6860 -0.0211441 -1.6369959 0.6750281 -0.29608811 0.73642156 -0.59238481 -0.13818593 0.005107 1789458924.349096298 103.907 74.661 0.030 0.00000 -1 ACTUAL_TF
21.7427 -0.0211543 -1.6367404 0.6750484 -0.29608664 0.73641179 -0.59239656 -0.13819080 0.004948 1789458924.405109882 104.163 74.405 0.015 0.00000 -1 ACTUAL_TF
21.7934 -0.0211612 -1.6364506 0.6750637 -0.29608597 0.73640417 -0.59240589 -0.13819279 0.005022 1789458924.461012602 104.453 74.115 0.004 0.00000 -1 ACTUAL_TF
21.8523 -0.0211710 -1.6361884 0.6750687 -0.29608917 0.73640244 -0.59240621 -0.13819382 0.004922 1789458924.516971588 104.716 73.853 0.004 0.00000 -1 ACTUAL_TF
21.9080 -0.0211782 -1.6358962 0.6750681 -0.29609091 0.73640625 -0.59240114 -0.13819153 0.005011 1789458924.572976589 105.008 73.561 0.008 0.00000 -1 ACTUAL_TF
21.9680 -0.0211912 -1.6356376 0.6750601 -0.29609044 0.73641598 -0.59238994 -0.13818866 0.004894 1789458924.629042387 105.266 73.302 0.020 0.00000 -1 ACTUAL_TF
22.0144 -0.0212024 -1.6353429 0.6750724 -0.29608549 0.73641375 -0.59239544 -0.13818762 0.005008 1789458924.685011625 105.562 73.007 0.013 0.00000 -1 ACTUAL_TF
22.0762 -0.0212067 -1.6350908 0.6750780 -0.29608686 0.73641156 -0.59239742 -0.13818782 0.004854 1789458924.741118193 105.814 72.755 0.011 0.00000 -1 ACTUAL_TF
22.1330 -0.0212243 -1.6347798 0.6750805 -0.29608597 0.73641396 -0.59239461 -0.13818904 0.005068 1789458924.797072649 106.125 72.443 0.015 0.00000 -1 ACTUAL_TF
22.1911 -0.0212303 -1.6344737 0.6750803 -0.29609069 0.73642022 -0.59238543 -0.13818487 0.005191 1789458924.852964878 106.431 72.137 0.019 0.00000 -1 ACTUAL_TF
22.2495 -0.0212321 -1.6342416 0.6750889 -0.29608961 0.73641778 -0.59238931 -0.13818357 0.004869 1789458924.909362316 106.663 71.905 0.015 0.00000 -1 ACTUAL_TF
22.3017 -0.0212430 -1.6339402 0.6750950 -0.29609026 0.73642078 -0.59238537 -0.13818308 0.005032 1789458924.965090990 106.965 71.603 0.014 0.00000 -1 ACTUAL_TF
22.3595 -0.0212547 -1.6336688 0.6750849 -0.29609783 0.73642981 -0.59237087 -0.13818091 0.004980 1789458925.021060228 107.236 71.332 0.028 0.00000 -1 ACTUAL_TF
22.4124 -0.0212658 -1.6333614 0.6751061 -0.29609078 0.73642338 -0.59238181 -0.13818337 0.005135 1789458925.077144623 107.544 71.024 0.012 0.00000 -1 ACTUAL_TF
22.4775 -0.0212681 -1.6331265 0.6751284 -0.29607882 0.73641657 -0.59239697 -0.13818033 0.004861 1789458925.133039713 107.779 70.789 0.011 0.00000 -1 ACTUAL_TF
22.5307 -0.0212729 -1.6328251 0.6751386 -0.29607912 0.73641473 -0.59239969 -0.13817778 0.005016 1789458925.189111471 108.081 70.487 0.019 0.00000 -1 ACTUAL_TF
22.5847 -0.0212785 -1.6325289 0.6751506 -0.29608410 0.73640849 -0.59240437 -0.13818031 0.005081 1789458925.245783329 108.377 70.191 0.028 0.00000 -1 ACTUAL_TF
22.6453 -0.0212773 -1.6322972 0.6751625 -0.29608569 0.73639999 -0.59241384 -0.13818162 0.004816 1789458925.301070452 108.609 69.959 0.040 0.00000 -1 ACTUAL_TF
22.6936 -0.0212835 -1.6319930 0.6751798 -0.29608599 0.73639318 -0.59242216 -0.13818162 0.005001 1789458925.357153416 108.914 69.655 0.052 0.00000 -1 ACTUAL_TF
22.7462 -0.0212997 -1.6317063 0.6751752 -0.29608749 0.73640081 -0.59241254 -0.13817901 0.005042 1789458925.413053751 109.200 69.368 0.041 0.00000 -1 ACTUAL_TF
22.8060 -0.0213097 -1.6314014 0.6751735 -0.29608741 0.73640659 -0.59240640 -0.13817466 0.005163 1789458925.469094038 109.506 69.063 0.037 0.00000 -1 ACTUAL_TF
22.8635 -0.0213199 -1.6311620 0.6751858 -0.29608371 0.73640390 -0.59241117 -0.13817647 0.004900 1789458925.525034428 109.745 68.823 0.042 0.00000 -1 ACTUAL_TF
22.9214 -0.0213316 -1.6308575 0.6751900 -0.29608784 0.73640296 -0.59240993 -0.13817791 0.005063 1789458925.581025600 110.050 68.518 0.041 0.00000 -1 ACTUAL_TF
22.9778 -0.0213353 -1.6306213 0.6751934 -0.29608929 0.73640198 -0.59241057 -0.13817732 0.004810 1789458925.637013912 110.286 68.282 0.044 0.00000 -1 ACTUAL_TF
23.0341 -0.0213551 -1.6303245 0.6751958 -0.29608685 0.73640498 -0.59240753 -0.13817957 0.004960 1789458925.693034887 110.584 67.985 0.036 0.00000 -1 ACTUAL_TF
23.0807 -0.0213654 -1.6300054 0.6751949 -0.29608795 0.73641144 -0.59239994 -0.13817537 0.005183 1789458925.749008894 110.903 67.666 0.032 0.00000 -1 ACTUAL_TF
23.1396 -0.0213786 -1.6297339 0.6751987 -0.29608680 0.73641276 -0.59239907 -0.13817452 0.005082 1789458925.805101633 111.175 67.394 0.029 0.00000 -1 ACTUAL_TF
23.1958 -0.0213898 -1.6294403 0.6752030 -0.29608404 0.73641453 -0.59239812 -0.13817508 0.005135 1789458925.861002207 111.468 67.100 0.028 0.00000 -1 ACTUAL_TF
23.2559 -0.0214079 -1.6291937 0.6751990 -0.29608009 0.73641820 -0.59239488 -0.13817785 0.004919 1789458925.916999102 111.715 66.853 0.016 0.00000 -1 ACTUAL_TF
23.3144 -0.0214282 -1.6288962 0.6752004 -0.29607812 0.73642224 -0.59239035 -0.13817998 0.005042 1789458925.972976685 112.013 66.555 0.010 0.00000 -1 ACTUAL_TF
23.3634 -0.0214328 -1.6286589 0.6752097 -0.29607769 0.73641579 -0.59239828 -0.13818124 0.004798 1789458926.029108524 112.251 66.318 0.016 0.00000 -1 ACTUAL_TF
23.4209 -0.0214544 -1.6283352 0.6752050 -0.29607958 0.73642314 -0.59238815 -0.13818149 0.005098 1789458926.085084915 112.575 65.993 0.009 0.00000 -1 ACTUAL_TF
23.4729 -0.0214649 -1.6280819 0.6752265 -0.29607679 0.73641264 -0.59240156 -0.13818593 0.004934 1789458926.140979290 112.829 65.740 0.024 0.00000 -1 ACTUAL_TF
23.5358 -0.0214827 -1.6277796 0.6752361 -0.29607318 0.73640732 -0.59240904 -0.13818997 0.005076 1789458926.197009563 113.132 65.437 0.031 0.00000 -1 ACTUAL_TF
23.5877 -0.0214879 -1.6275051 0.6752522 -0.29606604 0.73639846 -0.59242335 -0.13819113 0.005027 1789458926.252986431 113.406 65.162 0.040 0.00000 -1 ACTUAL_TF
23.6510 -0.0215017 -1.6272469 0.6752469 -0.29606466 0.73640857 -0.59241231 -0.13818751 0.004902 1789458926.309103251 113.665 64.904 0.033 0.00000 -1 ACTUAL_TF
23.7002 -0.0215133 -1.6269372 0.6752488 -0.29606701 0.73641457 -0.59240450 -0.13818401 0.005096 1789458926.364970446 113.975 64.594 0.031 0.00000 -1 ACTUAL_TF
23.7616 -0.0215197 -1.6266706 0.6752412 -0.29607182 0.73641966 -0.59239668 -0.13818009 0.004992 1789458926.421126604 114.241 64.327 0.019 0.00000 -1 ACTUAL_TF
23.8079 -0.0215307 -1.6263652 0.6752480 -0.29607093 0.73641576 -0.59240141 -0.13818251 0.005136 1789458926.476978779 114.547 64.021 0.021 0.00000 -1 ACTUAL_TF
23.8731 -0.0215387 -1.6260974 0.6752486 -0.29607738 0.73641642 -0.59239749 -0.13818195 0.005028 1789458926.533076763 114.815 63.754 0.017 0.00000 -1 ACTUAL_TF
23.9264 -0.0215474 -1.6258143 0.6752556 -0.29607708 0.73641231 -0.59240213 -0.13818461 0.005039 1789458926.589041471 115.098 63.470 0.018 0.00000 -1 ACTUAL_TF
23.9801 -0.0215599 -1.6255130 0.6752556 -0.29607671 0.73641564 -0.59239840 -0.13818366 0.005142 1789458926.645050049 115.400 63.169 0.015 0.00000 -1 ACTUAL_TF
24.0422 -0.0215755 -1.6252609 0.6752599 -0.29607447 0.73641857 -0.59239542 -0.13818563 0.004953 1789458926.701052666 115.652 62.916 0.021 0.00000 -1 ACTUAL_TF
24.0913 -0.0215818 -1.6249584 0.6752681 -0.29606777 0.73641696 -0.59240182 -0.13818110 0.005088 1789458926.757053614 115.955 62.614 0.019 0.00000 -1 ACTUAL_TF
24.1521 -0.0215914 -1.6246893 0.6752661 -0.29607252 0.73642083 -0.59239488 -0.13818008 0.005006 1789458926.812994719 116.224 62.344 0.016 0.00000 -1 ACTUAL_TF
24.2086 -0.0215937 -1.6244054 0.6752923 -0.29606815 0.73640462 -0.59241613 -0.13818472 0.005029 1789458926.869101048 116.508 62.060 0.029 0.00000 -1 ACTUAL_TF
24.2605 -0.0216025 -1.6241406 0.6752869 -0.29607273 0.73640851 -0.59240923 -0.13818374 0.004941 1789458926.925065279 116.773 61.795 0.019 0.00000 -1 ACTUAL_TF
24.3223 -0.0216023 -1.6238575 0.6752978 -0.29607319 0.73640160 -0.59241759 -0.13818375 0.004975 1789458926.981097698 117.056 61.512 0.025 0.00000 -1 ACTUAL_TF
24.3772 -0.0216153 -1.6235944 0.6752989 -0.29607565 0.73640390 -0.59241331 -0.13818458 0.004895 1789458927.037047148 117.319 61.249 0.022 0.00000 -1 ACTUAL_TF
24.4300 -0.0216190 -1.6233047 0.6753146 -0.29607476 0.73639749 -0.59242197 -0.13818351 0.004980 1789458927.093101263 117.609 60.959 0.034 0.00000 -1 ACTUAL_TF
24.4906 -0.0216308 -1.6230157 0.6753357 -0.29606809 0.73638717 -0.59243707 -0.13818807 0.005037 1789458927.149185658 117.899 60.669 0.049 0.00000 -1 ACTUAL_TF
24.5470 -0.0216372 -1.6227585 0.6753415 -0.29606851 0.73638898 -0.59243516 -0.13818569 0.004907 1789458927.205097437 118.156 60.412 0.051 0.00000 -1 ACTUAL_TF
24.5970 -0.0216503 -1.6224566 0.6753355 -0.29607303 0.73639535 -0.59242503 -0.13818548 0.005054 1789458927.261078596 118.458 60.110 0.040 0.00000 -1 ACTUAL_TF
24.6537 -0.0216580 -1.6222097 0.6753245 -0.29607939 0.73640109 -0.59241502 -0.13818421 0.004862 1789458927.317102432 118.705 59.863 0.026 0.00000 -1 ACTUAL_TF
24.7113 -0.0216748 -1.6219042 0.6753274 -0.29608135 0.73640471 -0.59240895 -0.13818675 0.005036 1789458927.373347998 119.011 59.557 0.023 0.00000 -1 ACTUAL_TF
24.7718 -0.0216912 -1.6216343 0.6753123 -0.29608613 0.73641721 -0.59239184 -0.13818326 0.004984 1789458927.429018736 119.281 59.287 0.006 0.00000 -1 ACTUAL_TF
24.8193 -0.0217015 -1.6213401 0.6753242 -0.29608292 0.73641548 -0.59239508 -0.13818547 0.005062 1789458927.485192537 119.575 58.993 0.011 0.00000 -1 ACTUAL_TF
24.8765 -0.0217125 -1.6210761 0.6753263 -0.29608502 0.73641540 -0.59239370 -0.13818726 0.004962 1789458927.541072369 119.840 58.729 0.010 0.00000 -1 ACTUAL_TF
24.9396 -0.0217262 -1.6207591 0.6753253 -0.29608692 0.73642148 -0.59238550 -0.13818598 0.005175 1789458927.597011089 120.157 58.411 0.009 0.00000 -1 ACTUAL_TF
24.9878 -0.0217347 -1.6204704 0.6753329 -0.29608019 0.73641996 -0.59239133 -0.13818348 0.005170 1789458927.653018475 120.446 58.123 0.009 0.00000 -1 ACTUAL_TF
25.0434 -0.0217392 -1.6202403 0.6753497 -0.29607345 0.73641222 -0.59240422 -0.13818392 0.004855 1789458927.709011316 120.676 57.892 0.018 0.00000 -1 ACTUAL_TF
25.1044 -0.0217592 -1.6199374 0.6753582 -0.29607474 0.73640987 -0.59240527 -0.13818919 0.005026 1789458927.765018940 120.980 57.589 0.025 0.00000 -1 ACTUAL_TF
25.1669 -0.0217709 -1.6196710 0.6753578 -0.29607858 0.73640909 -0.59240365 -0.13819208 0.004939 1789458927.821313143 121.246 57.322 0.022 0.00000 -1 ACTUAL_TF
25.2140 -0.0217798 -1.6193366 0.6753529 -0.29608704 0.73641006 -0.59239850 -0.13819081 0.005259 1789458927.877005577 121.581 56.988 0.013 0.00000 -1 ACTUAL_TF
25.2673 -0.0217857 -1.6191165 0.6753796 -0.29608023 0.73639369 -0.59242053 -0.13819822 0.004870 1789458927.933006525 121.801 56.767 0.031 0.00000 -1 ACTUAL_TF
25.3258 -0.0217909 -1.6188152 0.6753901 -0.29608264 0.73638962 -0.59242441 -0.13819811 0.005021 1789458927.989115715 122.103 56.466 0.035 0.00000 -1 ACTUAL_TF
25.3807 -0.0218010 -1.6185099 0.6753865 -0.29608577 0.73639648 -0.59241503 -0.13819509 0.005152 1789458928.045087337 122.408 56.160 0.026 0.00000 -1 ACTUAL_TF
25.4394 -0.0217929 -1.6182738 0.6753924 -0.29608627 0.73639459 -0.59241838 -0.13818970 0.004871 1789458928.101144075 122.644 55.925 0.031 0.00000 -1 ACTUAL_TF
25.4983 -0.0218057 -1.6179332 0.6753692 -0.29609499 0.73641292 -0.59239315 -0.13818150 0.005242 1789458928.157071590 122.984 55.584 0.012 0.00000 -1 ACTUAL_TF
25.5482 -0.0218132 -1.6176670 0.6753695 -0.29609942 0.73641434 -0.59238913 -0.13818165 0.005095 1789458928.213116884 123.250 55.318 0.015 0.00000 -1 ACTUAL_TF
25.6070 -0.0218203 -1.6173721 0.6753784 -0.29609796 0.73641309 -0.59239182 -0.13817990 0.005139 1789458928.269434452 123.546 55.023 0.017 0.00000 -1 ACTUAL_TF
25.6634 -0.0218269 -1.6171437 0.6753920 -0.29609238 0.73640744 -0.59240112 -0.13818214 0.004832 1789458928.325033188 123.774 54.794 0.021 0.00000 -1 ACTUAL_TF
25.7228 -0.0218407 -1.6168281 0.6753792 -0.29609614 0.73641776 -0.59238698 -0.13817966 0.005076 1789458928.381052017 124.090 54.479 0.019 0.00000 -1 ACTUAL_TF
25.7721 -0.0218460 -1.6165963 0.6753892 -0.29609084 0.73641313 -0.59239547 -0.13817927 0.004796 1789458928.437061310 124.322 54.247 0.020 0.00000 -1 ACTUAL_TF
25.8268 -0.0218569 -1.6162662 0.6753786 -0.29609620 0.73642290 -0.59238197 -0.13817362 0.005129 1789458928.493011475 124.652 53.916 0.027 0.00000 -1 ACTUAL_TF
25.8862 -0.0218667 -1.6160055 0.6753879 -0.29609300 0.73642114 -0.59238583 -0.13817332 0.004987 1789458928.549086094 124.913 53.655 0.024 0.00000 -1 ACTUAL_TF
25.9441 -0.0218732 -1.6157040 0.6753954 -0.29609127 0.73641752 -0.59239132 -0.13817278 0.005108 1789458928.605054617 125.215 53.354 0.026 0.00000 -1 ACTUAL_TF
26.0011 -0.0218789 -1.6154274 0.6754077 -0.29608695 0.73640872 -0.59240376 -0.13817557 0.005057 1789458928.661132097 125.491 53.077 0.028 0.00000 -1 ACTUAL_TF
26.0489 -0.0218943 -1.6151815 0.6754247 -0.29608132 0.73640546 -0.59240988 -0.13817880 0.004865 1789458928.717029333 125.738 52.830 0.024 0.00000 -1 ACTUAL_TF
26.1109 -0.0218971 -1.6148893 0.6754482 -0.29607446 0.73639397 -0.59242791 -0.13817745 0.004976 1789458928.773037195 126.030 52.538 0.041 0.00000 -1 ACTUAL_TF
26.1710 -0.0219129 -1.6146333 0.6754638 -0.29606981 0.73638786 -0.59243717 -0.13818026 0.004859 1789458928.829051971 126.287 52.281 0.046 0.00000 -1 ACTUAL_TF
26.2174 -0.0219285 -1.6143413 0.6754766 -0.29606832 0.73638161 -0.59244431 -0.13818611 0.004970 1789458928.885042906 126.579 51.989 0.051 0.00000 -1 ACTUAL_TF
26.2753 -0.0219388 -1.6140654 0.6754629 -0.29607617 0.73639166 -0.59242905 -0.13818118 0.004957 1789458928.941145897 126.855 51.713 0.034 0.00000 -1 ACTUAL_TF
26.3349 -0.0219432 -1.6137602 0.6754585 -0.29607696 0.73639944 -0.59242072 -0.13817375 0.005110 1789458928.996999979 127.160 51.408 0.031 0.00000 -1 ACTUAL_TF
26.3837 -0.0219531 -1.6134617 0.6754461 -0.29607867 0.73640941 -0.59240831 -0.13817014 0.005180 1789458929.052932024 127.459 51.110 0.024 0.00000 -1 ACTUAL_TF
26.4459 -0.0219626 -1.6132147 0.6754634 -0.29607603 0.73640493 -0.59241436 -0.13817379 0.004943 1789458929.109366894 127.706 50.862 0.028 0.00000 -1 ACTUAL_TF
26.4987 -0.0219819 -1.6128838 0.6754537 -0.29608406 0.73641599 -0.59239666 -0.13817350 0.005243 1789458929.165156603 128.037 50.531 0.016 0.00000 -1 ACTUAL_TF
26.5597 -0.0219896 -1.6126409 0.6754617 -0.29608652 0.73641322 -0.59239807 -0.13817694 0.004972 1789458929.221198559 128.280 50.288 0.017 0.00000 -1 ACTUAL_TF
26.6118 -0.0219991 -1.6123397 0.6754584 -0.29608862 0.73641428 -0.59239537 -0.13817841 0.005096 1789458929.277148962 128.582 49.987 0.018 0.00000 -1 ACTUAL_TF
26.6648 -0.0219959 -1.6120933 0.6754501 -0.29608962 0.73642086 -0.59238893 -0.13816877 0.004890 1789458929.333083391 128.828 49.741 0.034 0.00000 -1 ACTUAL_TF
26.7296 -0.0220080 -1.6117867 0.6754488 -0.29608676 0.73642636 -0.59238435 -0.13816521 0.005068 1789458929.389014244 129.134 49.434 0.036 0.00000 -1 ACTUAL_TF
26.7793 -0.0220133 -1.6115243 0.6754519 -0.29609245 0.73642604 -0.59238210 -0.13816438 0.004952 1789458929.445097923 129.397 49.171 0.040 0.00000 -1 ACTUAL_TF
26.8386 -0.0220355 -1.6112340 0.6754656 -0.29608997 0.73642016 -0.59238843 -0.13817391 0.005028 1789458929.501076698 129.688 48.880 0.025 0.00000 -1 ACTUAL_TF
26.8874 -0.0220436 -1.6109170 0.6754711 -0.29609651 0.73641938 -0.59238597 -0.13817458 0.005219 1789458929.557058811 130.005 48.563 0.028 0.00000 -1 ACTUAL_TF
26.9477 -0.0220534 -1.6106765 0.6754802 -0.29609606 0.73641285 -0.59239350 -0.13817807 0.004947 1789458929.612941980 130.246 48.322 0.024 0.00000 -1 ACTUAL_TF
27.0044 -0.0220641 -1.6103726 0.6754854 -0.29609500 0.73641012 -0.59239758 -0.13817738 0.005091 1789458929.668965340 130.550 48.018 0.024 0.00000 -1 ACTUAL_TF
27.0611 -0.0220646 -1.6101455 0.6755019 -0.29608794 0.73640002 -0.59241385 -0.13817659 0.004778 1789458929.725242615 130.777 47.791 0.031 0.00000 -1 ACTUAL_TF
27.1188 -0.0220697 -1.6098528 0.6755228 -0.29607741 0.73639872 -0.59242240 -0.13816946 0.004923 1789458929.781027079 131.070 47.498 0.041 0.00000 -1 ACTUAL_TF
27.1740 -0.0220932 -1.6096006 0.6755353 -0.29607593 0.73639628 -0.59242442 -0.13817691 0.004803 1789458929.837091684 131.323 47.245 0.036 0.00000 -1 ACTUAL_TF
27.2305 -0.0221117 -1.6092631 0.6755125 -0.29609197 0.73641030 -0.59239883 -0.13817758 0.005180 1789458929.893005133 131.661 46.907 0.015 0.00000 -1 ACTUAL_TF
27.2867 -0.0221304 -1.6089647 0.6755088 -0.29609961 0.73641407 -0.59238900 -0.13818329 0.005217 1789458929.949357510 131.960 46.609 0.010 0.00000 -1 ACTUAL_TF
27.3359 -0.0221465 -1.6087361 0.6755259 -0.29609710 0.73640585 -0.59239813 -0.13819331 0.004890 1789458930.005077362 132.189 46.379 0.006 0.00000 -1 ACTUAL_TF
27.3964 -0.0221684 -1.6084334 0.6755328 -0.29609619 0.73640680 -0.59239645 -0.13819741 0.005050 1789458930.061039209 132.492 46.076 0.014 0.00000 -1 ACTUAL_TF
27.4540 -0.0221637 -1.6081816 0.6755310 -0.29606044 0.73642936 -0.59239387 -0.13816481 0.004883 1789458930.117086649 132.744 45.825 0.002 0.00000 -1 ACTUAL_TF
27.5092 -0.0221902 -1.6078540 0.6755222 -0.29607282 0.73643367 -0.59238044 -0.13817289 0.005183 1789458930.172991991 133.072 45.496 0.019 0.00000 -1 ACTUAL_TF
27.5657 -0.0222063 -1.6075814 0.6755128 -0.29608329 0.73644007 -0.59236649 -0.13817613 0.005091 1789458930.229019880 133.345 45.224 0.033 0.00000 -1 ACTUAL_TF
27.6252 -0.0222194 -1.6072797 0.6755132 -0.29609276 0.73643818 -0.59236239 -0.13818349 0.005181 1789458930.285033464 133.647 44.922 0.038 0.00000 -1 ACTUAL_TF
27.6742 -0.0222312 -1.6070468 0.6755265 -0.29609476 0.73642929 -0.59237045 -0.13819206 0.004877 1789458930.341083765 133.880 44.688 0.034 0.00000 -1 ACTUAL_TF
27.7369 -0.0222435 -1.6067498 0.6755375 -0.29609923 0.73641944 -0.59237899 -0.13819836 0.005005 1789458930.397157192 134.177 44.391 0.032 0.00000 -1 ACTUAL_TF
27.7880 -0.0222474 -1.6064405 0.6755452 -0.29606923 0.73643206 -0.59238382 -0.13817468 0.005163 1789458930.453099251 134.487 44.082 0.024 0.00000 -1 ACTUAL_TF
27.8414 -0.0222575 -1.6061871 0.6755514 -0.29606869 0.73643298 -0.59238360 -0.13817190 0.004977 1789458930.508952379 134.740 43.828 0.024 0.00000 -1 ACTUAL_TF
27.9006 -0.0222719 -1.6059051 0.6755783 -0.29606949 0.73641340 -0.59240425 -0.13818601 0.005001 1789458930.565025330 135.023 43.545 0.028 0.00000 -1 ACTUAL_TF
27.9598 -0.0222817 -1.6056343 0.6755810 -0.29608000 0.73641106 -0.59240117 -0.13818912 0.004950 1789458930.621115208 135.294 43.274 0.028 0.00000 -1 ACTUAL_TF
28.0176 -0.0222963 -1.6053370 0.6755841 -0.29608671 0.73640644 -0.59240191 -0.13819621 0.005061 1789458930.677088976 135.592 42.977 0.031 0.00000 -1 ACTUAL_TF
28.0677 -0.0223031 -1.6051065 0.6755949 -0.29609204 0.73640254 -0.59240278 -0.13820182 0.004780 1789458930.733049154 135.822 42.746 0.032 0.00000 -1 ACTUAL_TF
28.1239 -0.0223111 -1.6048080 0.6755853 -0.29609850 0.73641047 -0.59239016 -0.13819985 0.004949 1789458930.788960218 136.121 42.447 0.026 0.00000 -1 ACTUAL_TF
28.1840 -0.0222977 -1.6045352 0.6755899 -0.29606311 0.73643163 -0.59239048 -0.13816151 0.004924 1789458930.845082760 136.393 42.175 0.003 0.00000 -1 ACTUAL_TF
28.2413 -0.0223088 -1.6042404 0.6756088 -0.29607117 0.73641652 -0.59240203 -0.13817527 0.005029 1789458930.901137590 136.688 41.880 0.015 0.00000 -1 ACTUAL_TF
28.2970 -0.0223209 -1.6039474 0.6756125 -0.29608118 0.73641178 -0.59240079 -0.13818440 0.005093 1789458930.957082272 136.982 41.587 0.015 0.00000 -1 ACTUAL_TF
28.3479 -0.0223313 -1.6036787 0.6756064 -0.29609643 0.73641382 -0.59238977 -0.13818811 0.005007 1789458931.013052464 137.250 41.318 0.007 0.00000 -1 ACTUAL_TF
28.4080 -0.0223371 -1.6034061 0.6756157 -0.29610351 0.73640404 -0.59239651 -0.13819612 0.004966 1789458931.069092035 137.523 41.045 0.008 0.00000 -1 ACTUAL_TF
28.4687 -0.0223573 -1.6031450 0.6756126 -0.29611141 0.73640652 -0.59238764 -0.13820403 0.004880 1789458931.125045776 137.785 40.784 0.013 0.00000 -1 ACTUAL_TF
28.5202 -0.0223657 -1.6028476 0.6756178 -0.29611983 0.73640253 -0.59238764 -0.13820728 0.005011 1789458931.181005001 138.082 40.486 0.011 0.00000 -1 ACTUAL_TF
28.5817 -0.0223614 -1.6025724 0.6756248 -0.29605949 0.73643368 -0.59239116 -0.13815547 0.004977 1789458931.237225533 138.357 40.211 0.005 0.00000 -1 ACTUAL_TF
28.6321 -0.0223768 -1.6022808 0.6756420 -0.29606801 0.73641959 -0.59240076 -0.13817113 0.005058 1789458931.292972088 138.649 39.919 0.016 0.00000 -1 ACTUAL_TF
28.6844 -0.0223902 -1.6019848 0.6756471 -0.29607670 0.73641541 -0.59239966 -0.13817950 0.005124 1789458931.349130869 138.946 39.623 0.017 0.00000 -1 ACTUAL_TF
28.7443 -0.0223989 -1.6017231 0.6756476 -0.29608886 0.73641367 -0.59239485 -0.13818335 0.004991 1789458931.405051708 139.208 39.361 0.013 0.00000 -1 ACTUAL_TF
28.7971 -0.0224011 -1.6014535 0.6756813 -0.29608859 0.73639196 -0.59242028 -0.13819058 0.004950 1789458931.461038351 139.478 39.091 0.042 0.00000 -1 ACTUAL_TF
28.8600 -0.0224108 -1.6011954 0.6756877 -0.29609003 0.73639083 -0.59242049 -0.13819263 0.004849 1789458931.517019749 139.736 38.832 0.044 0.00000 -1 ACTUAL_TF
28.9090 -0.0224179 -1.6009038 0.6756980 -0.29607730 0.73639401 -0.59242491 -0.13818402 0.004956 1789458931.573082685 140.028 38.541 0.050 0.00000 -1 ACTUAL_TF
28.9678 -0.0224274 -1.6006399 0.6756964 -0.29607630 0.73639878 -0.59242007 -0.13818151 0.004883 1789458931.629135132 140.292 38.277 0.044 0.00000 -1 ACTUAL_TF
29.0254 -0.0224414 -1.6003317 0.6756928 -0.29608497 0.73640576 -0.59240655 -0.13818365 0.005067 1789458931.685282230 140.600 37.968 0.035 0.00000 -1 ACTUAL_TF
29.0740 -0.0224416 -1.6000903 0.6756872 -0.29609479 0.73640750 -0.59239936 -0.13818422 0.004845 1789458931.741073608 140.841 37.727 0.028 0.00000 -1 ACTUAL_TF
29.1324 -0.0224464 -1.5997980 0.6756964 -0.29610123 0.73640173 -0.59240259 -0.13818726 0.004959 1789458931.797054052 141.134 37.435 0.034 0.00000 -1 ACTUAL_TF
29.1883 -0.0224505 -1.5995081 0.6757099 -0.29610014 0.73639650 -0.59240951 -0.13818783 0.005027 1789458931.853018761 141.424 37.145 0.045 0.00000 -1 ACTUAL_TF
29.2419 -0.0224605 -1.5992412 0.6757123 -0.29608324 0.73640512 -0.59240998 -0.13817611 0.004948 1789458931.909084797 141.691 36.878 0.043 0.00000 -1 ACTUAL_TF
29.2983 -0.0224691 -1.5989190 0.6757108 -0.29609044 0.73640651 -0.59240467 -0.13817602 0.005191 1789458931.965062380 142.013 36.555 0.039 0.00000 -1 ACTUAL_TF
29.3572 -0.0224801 -1.5986890 0.6757216 -0.29609019 0.73639732 -0.59241396 -0.13818569 0.004868 1789458932.021079063 142.243 36.325 0.043 0.00000 -1 ACTUAL_TF
29.4172 -0.0224886 -1.5983844 0.6757233 -0.29610012 0.73639511 -0.59241098 -0.13818895 0.005045 1789458932.076934576 142.548 36.020 0.042 0.00000 -1 ACTUAL_TF
29.4673 -0.0224938 -1.5981545 0.6757374 -0.29610284 0.73638229 -0.59242416 -0.13819498 0.004763 1789458932.133036375 142.778 35.790 0.052 0.00000 -1 ACTUAL_TF
29.5225 -0.0225051 -1.5978608 0.6757484 -0.29610388 0.73637862 -0.59242733 -0.13819867 0.004908 1789458932.189114332 143.072 35.496 0.057 0.00000 -1 ACTUAL_TF
29.5798 -0.0225100 -1.5975350 0.6757468 -0.29607208 0.73639939 -0.59242417 -0.13816967 0.005181 1789458932.245121717 143.398 35.170 0.055 0.00000 -1 ACTUAL_TF
29.6390 -0.0225271 -1.5972683 0.6757522 -0.29608026 0.73639295 -0.59242611 -0.13817816 0.005059 1789458932.301094532 143.665 34.903 0.051 0.00000 -1 ACTUAL_TF
29.6981 -0.0225394 -1.5969799 0.6757671 -0.29608501 0.73638159 -0.59243557 -0.13818794 0.005092 1789458932.357028961 143.954 34.614 0.059 0.00000 -1 ACTUAL_TF
29.7478 -0.0225525 -1.5967499 0.6757764 -0.29608599 0.73637567 -0.59244052 -0.13819619 0.004799 1789458932.413057327 144.184 34.384 0.063 0.00000 -1 ACTUAL_TF
29.8051 -0.0225696 -1.5964376 0.6757705 -0.29609517 0.73637871 -0.59243102 -0.13820106 0.005036 1789458932.469013929 144.497 34.071 0.050 0.00000 -1 ACTUAL_TF
29.8633 -0.0225736 -1.5961801 0.6757540 -0.29609960 0.73639001 -0.59241659 -0.13819319 0.004905 1789458932.525122643 144.754 33.814 0.034 0.00000 -1 ACTUAL_TF
29.9138 -0.0225884 -1.5958464 0.6757369 -0.29607430 0.73641809 -0.59240002 -0.13816883 0.005225 1789458932.581141233 145.088 33.480 0.017 0.00000 -1 ACTUAL_TF
29.9721 -0.0226049 -1.5955870 0.6757321 -0.29607988 0.73641770 -0.59239628 -0.13817496 0.005052 1789458932.637052774 145.348 33.221 0.009 0.00000 -1 ACTUAL_TF
30.0322 -0.0226234 -1.5952682 0.6757228 -0.29608988 0.73642165 -0.59238526 -0.13817970 0.005250 1789458932.692993402 145.667 32.902 0.018 0.00000 -1 ACTUAL_TF
30.0886 -0.0226381 -1.5949623 0.6757117 -0.29609821 0.73642630 -0.59237459 -0.13818286 0.005318 1789458932.748939037 145.973 32.596 0.034 0.00000 -1 ACTUAL_TF
30.1385 -0.0226496 -1.5947330 0.6757188 -0.29609888 0.73642042 -0.59238015 -0.13818893 0.004952 1789458932.804970980 146.202 32.366 0.031 0.00000 -1 ACTUAL_TF
30.2008 -0.0226604 -1.5944253 0.6757125 -0.29610108 0.73642501 -0.59237342 -0.13818857 0.005115 1789458932.861013889 146.510 32.058 0.043 0.00000 -1 ACTUAL_TF
30.2533 -0.0226582 -1.5941760 0.6757140 -0.29607278 0.73643951 -0.59237571 -0.13816213 0.004914 1789458932.917106390 146.759 31.809 0.045 0.00000 -1 ACTUAL_TF
30.3120 -0.0226655 -1.5938626 0.6757346 -0.29607938 0.73642490 -0.59238867 -0.13817032 0.005124 1789458932.973078966 147.073 31.495 0.031 0.00000 -1 ACTUAL_TF
30.3706 -0.0226690 -1.5936081 0.6757402 -0.29609034 0.73641863 -0.59239027 -0.13817340 0.004948 1789458933.029180288 147.327 31.241 0.032 0.00000 -1 ACTUAL_TF
30.4202 -0.0226776 -1.5933154 0.6757504 -0.29609709 0.73641142 -0.59239437 -0.13817977 0.005035 1789458933.085112810 147.620 30.948 0.028 0.00000 -1 ACTUAL_TF
30.4798 -0.0226898 -1.5930789 0.6757686 -0.29609961 0.73639987 -0.59240511 -0.13818985 0.004796 1789458933.141173363 147.857 30.711 0.015 0.00000 -1 ACTUAL_TF
30.5339 -0.0227017 -1.5927861 0.6757778 -0.29610265 0.73639542 -0.59240798 -0.13819478 0.004927 1789458933.197191477 148.151 30.418 0.012 0.00000 -1 ACTUAL_TF
30.5894 -0.0226945 -1.5924989 0.6758064 -0.29604619 0.73640740 -0.59242990 -0.13815789 0.005001 1789458933.252985239 148.438 30.131 0.035 0.00000 -1 ACTUAL_TF
30.6501 -0.0227078 -1.5922441 0.6758092 -0.29605615 0.73640153 -0.59243000 -0.13816741 0.004863 1789458933.309174776 148.693 29.875 0.031 0.00000 -1 ACTUAL_TF
30.7078 -0.0227252 -1.5919324 0.6757976 -0.29606950 0.73641029 -0.59241152 -0.13817136 0.005079 1789458933.365144730 149.005 29.564 0.019 0.00000 -1 ACTUAL_TF
30.7585 -0.0227344 -1.5916713 0.6757848 -0.29608253 0.73641815 -0.59239539 -0.13817071 0.004955 1789458933.421222687 149.266 29.303 0.024 0.00000 -1 ACTUAL_TF
30.8203 -0.0227446 -1.5913855 0.6757834 -0.29608701 0.73641805 -0.59239248 -0.13817414 0.005002 1789458933.477162600 149.552 29.017 0.028 0.00000 -1 ACTUAL_TF
30.8795 -0.0227636 -1.5911306 0.6757945 -0.29608596 0.73641664 -0.59239361 -0.13817903 0.004872 1789458933.533136845 149.807 28.761 0.017 0.00000 -1 ACTUAL_TF
30.9290 -0.0227668 -1.5908329 0.6758017 -0.29607468 0.73642042 -0.59239691 -0.13816892 0.004991 1789458933.589663029 150.105 28.463 0.020 0.00000 -1 ACTUAL_TF
30.9768 -0.0227870 -1.5905720 0.6757985 -0.29606985 0.73643045 -0.59238766 -0.13816547 0.004909 1789458933.645118713 150.366 28.202 0.020 0.00000 -1 ACTUAL_TF
31.0453 -0.0228074 -1.5902685 0.6758013 -0.29607106 0.73643162 -0.59238434 -0.13817086 0.005066 1789458933.701147556 150.670 27.898 0.022 0.00000 -1 ACTUAL_TF
31.0946 -0.0228228 -1.5899712 0.6758095 -0.29607370 0.73642981 -0.59238456 -0.13817390 0.005140 1789458933.757170677 150.968 27.600 0.020 0.00000 -1 ACTUAL_TF
31.1564 -0.0228387 -1.5897142 0.6758079 -0.29607747 0.73643387 -0.59237756 -0.13817419 0.004979 1789458933.813108683 151.225 27.343 0.029 0.00000 -1 ACTUAL_TF
31.2023 -0.0228486 -1.5894311 0.6758304 -0.29606886 0.73642289 -0.59239466 -0.13817788 0.005010 1789458933.869044542 151.509 27.059 0.017 0.00000 -1 ACTUAL_TF
31.2588 -0.0228556 -1.5891924 0.6758440 -0.29606147 0.73641903 -0.59240365 -0.13817573 0.004789 1789458933.925017834 151.748 26.820 0.015 0.00000 -1 ACTUAL_TF
31.3194 -0.0228736 -1.5888879 0.6758581 -0.29605825 0.73641706 -0.59240722 -0.13817786 0.004981 1789458933.981250525 152.053 26.515 0.025 0.00000 -1 ACTUAL_TF
31.3788 -0.0228869 -1.5886335 0.6758733 -0.29605869 0.73640995 -0.59241425 -0.13818464 0.004859 1789458934.037058115 152.308 26.260 0.035 0.00000 -1 ACTUAL_TF
31.4297 -0.0228980 -1.5883522 0.6758938 -0.29605403 0.73639611 -0.59243207 -0.13819200 0.004912 1789458934.093099594 152.590 25.978 0.048 0.00000 -1 ACTUAL_TF
31.4824 -0.0229057 -1.5880575 0.6759045 -0.29605426 0.73639148 -0.59243745 -0.13819309 0.005017 1789458934.149168015 152.885 25.684 0.051 0.00000 -1 ACTUAL_TF
31.5419 -0.0229170 -1.5877837 0.6758910 -0.29605402 0.73640709 -0.59242010 -0.13818479 0.004984 1789458934.205091715 153.159 25.410 0.038 0.00000 -1 ACTUAL_TF
31.6011 -0.0229287 -1.5874712 0.6758789 -0.29605497 0.73641956 -0.59240533 -0.13817963 0.005154 1789458934.261448622 153.471 25.097 0.028 0.00000 -1 ACTUAL_TF
31.6506 -0.0229395 -1.5872235 0.6758717 -0.29605779 0.73642525 -0.59239710 -0.13817851 0.004945 1789458934.317097187 153.719 24.849 0.028 0.00000 -1 ACTUAL_TF
31.7083 -0.0229501 -1.5868950 0.6758646 -0.29606923 0.73643108 -0.59238468 -0.13817621 0.005226 1789458934.372997284 154.047 24.521 0.030 0.00000 -1 ACTUAL_TF
31.7739 -0.0229611 -1.5866599 0.6758701 -0.29607057 0.73642862 -0.59238598 -0.13818089 0.004916 1789458934.429138184 154.283 24.286 0.032 0.00000 -1 ACTUAL_TF
31.8231 -0.0229621 -1.5863772 0.6758834 -0.29607299 0.73642194 -0.59239283 -0.13818191 0.004950 1789458934.485403538 154.565 24.003 0.021 0.00000 -1 ACTUAL_TF
31.8877 -0.0229673 -1.5860994 0.6758798 -0.29607430 0.73642818 -0.59238598 -0.13817523 0.004964 1789458934.541043997 154.843 23.725 0.020 0.00000 -1 ACTUAL_TF
31.9404 -0.0229677 -1.5857922 0.6758733 -0.29607833 0.73643698 -0.59237496 -0.13816693 0.005118 1789458934.597133636 155.150 23.418 0.023 0.00000 -1 ACTUAL_TF
31.9929 -0.0229642 -1.5854936 0.6758764 -0.29608747 0.73643500 -0.59237390 -0.13816243 0.005178 1789458934.653292179 155.448 23.120 0.026 0.00000 -1 ACTUAL_TF
32.0470 -0.0229734 -1.5852381 0.6758861 -0.29608970 0.73643218 -0.59237552 -0.13816577 0.005000 1789458934.709108829 155.704 22.864 0.021 0.00000 -1 ACTUAL_TF
32.1024 -0.0229788 -1.5849394 0.6758935 -0.29609343 0.73642739 -0.59237937 -0.13816680 0.005097 1789458934.765231371 156.003 22.565 0.022 0.00000 -1 ACTUAL_TF
32.1589 -0.0229961 -1.5847023 0.6759078 -0.29608741 0.73642043 -0.59238935 -0.13817398 0.004848 1789458934.821037292 156.241 22.328 0.008 0.00000 -1 ACTUAL_TF
32.2162 -0.0229952 -1.5844096 0.6759101 -0.29608768 0.73641820 -0.59239265 -0.13817118 0.004962 1789458934.877032280 156.533 22.035 0.018 0.00000 -1 ACTUAL_TF
32.2738 -0.0230092 -1.5841523 0.6759155 -0.29608986 0.73641914 -0.59238956 -0.13817470 0.004853 1789458934.933074713 156.791 21.777 0.014 0.00000 -1 ACTUAL_TF
32.3260 -0.0230238 -1.5838485 0.6759255 -0.29608765 0.73641419 -0.59239635 -0.13817674 0.005027 1789458934.989092350 157.095 21.473 0.008 0.00000 -1 ACTUAL_TF
32.3838 -0.0230301 -1.5835900 0.6759354 -0.29608993 0.73640761 -0.59240324 -0.13817736 0.004906 1789458935.045044899 157.354 21.214 0.011 0.00000 -1 ACTUAL_TF
32.4352 -0.0230378 -1.5832979 0.6759456 -0.29609093 0.73640397 -0.59240709 -0.13817816 0.004999 1789458935.101122141 157.646 20.922 0.016 0.00000 -1 ACTUAL_TF
32.5041 -0.0230504 -1.5829999 0.6759454 -0.29609176 0.73640653 -0.59240297 -0.13818035 0.005098 1789458935.157099247 157.944 20.624 0.012 0.00000 -1 ACTUAL_TF
32.5578 -0.0230600 -1.5827229 0.6759299 -0.29610132 0.73641810 -0.59238491 -0.13817563 0.005057 1789458935.213050842 158.221 20.347 0.020 0.00000 -1 ACTUAL_TF
32.6088 -0.0230668 -1.5824519 0.6759431 -0.29609958 0.73641304 -0.59239160 -0.13817766 0.004992 1789458935.269090414 158.493 20.076 0.016 0.00000 -1 ACTUAL_TF
32.6615 -0.0230857 -1.5821835 0.6759324 -0.29609839 0.73642527 -0.59237749 -0.13817550 0.004937 1789458935.325117826 158.761 19.807 0.023 0.00000 -1 ACTUAL_TF
32.7255 -0.0230928 -1.5818878 0.6759500 -0.29609290 0.73642042 -0.59238683 -0.13817309 0.005043 1789458935.381129265 159.057 19.511 0.013 0.00000 -1 ACTUAL_TF
32.7817 -0.0231024 -1.5816215 0.6759443 -0.29610049 0.73642661 -0.59237553 -0.13817227 0.004954 1789458935.437284708 159.324 19.245 0.022 0.00000 -1 ACTUAL_TF
32.8339 -0.0231143 -1.5813248 0.6759425 -0.29610500 0.73642649 -0.59237262 -0.13817575 0.005064 1789458935.493099928 159.620 18.948 0.028 0.00000 -1 ACTUAL_TF
32.8842 -0.0231185 -1.5810832 0.6759379 -0.29610983 0.73642752 -0.59236885 -0.13817605 0.004840 1789458935.549069166 159.862 18.706 0.037 0.00000 -1 ACTUAL_TF
32.9537 -0.0231257 -1.5807811 0.6759417 -0.29610950 0.73642685 -0.59237016 -0.13817476 0.005002 1789458935.605235338 160.164 18.404 0.039 0.00000 -1 ACTUAL_TF
32.9968 -0.0231322 -1.5804883 0.6759585 -0.29609755 0.73642583 -0.59237876 -0.13816892 0.005070 1789458935.661332130 160.457 18.111 0.031 0.00000 -1 ACTUAL_TF
33.0662 -0.0231458 -1.5802226 0.6759513 -0.29610116 0.73642858 -0.59237337 -0.13816959 0.004981 1789458935.717110634 160.723 17.845 0.039 0.00000 -1 ACTUAL_TF
33.1090 -0.0231570 -1.5799374 0.6759689 -0.29609819 0.73641651 -0.59238810 -0.13817715 0.005018 1789458935.773120880 161.009 17.560 0.027 0.00000 -1 ACTUAL_TF
33.1706 -0.0231712 -1.5796819 0.6759769 -0.29609701 0.73641126 -0.59239410 -0.13818190 0.004883 1789458935.829178572 161.265 17.304 0.021 0.00000 -1 ACTUAL_TF
33.2222 -0.0231782 -1.5793960 0.6759940 -0.29608939 0.73640475 -0.59240611 -0.13818147 0.004954 1789458935.885133028 161.551 17.017 0.014 0.00000 -1 ACTUAL_TF
33.2741 -0.0231777 -1.5791612 0.6760017 -0.29608401 0.73640373 -0.59241124 -0.13817643 0.004727 1789458935.941087008 161.786 16.783 0.021 0.00000 -1 ACTUAL_TF
33.3318 -0.0231943 -1.5788622 0.6760000 -0.29608552 0.73640850 -0.59240417 -0.13817807 0.004911 1789458935.997171164 162.085 16.483 0.018 0.00000 -1 ACTUAL_TF
33.3875 -0.0232114 -1.5785526 0.6759933 -0.29609177 0.73641632 -0.59239131 -0.13817818 0.005102 1789458936.053070307 162.395 16.174 0.023 0.00000 -1 ACTUAL_TF
33.4427 -0.0232171 -1.5782959 0.6760000 -0.29608962 0.73641772 -0.59239160 -0.13817403 0.004948 1789458936.109033823 162.652 15.917 0.022 0.00000 -1 ACTUAL_TF
33.4998 -0.0232257 -1.5779827 0.6760047 -0.29608510 0.73642114 -0.59239099 -0.13816812 0.005142 1789458936.165041924 162.965 15.603 0.024 0.00000 -1 ACTUAL_TF
33.5543 -0.0232355 -1.5777504 0.6760138 -0.29608031 0.73641608 -0.59239859 -0.13817278 0.004846 1789458936.221046686 163.198 15.371 0.019 0.00000 -1 ACTUAL_TF
33.6097 -0.0232515 -1.5774437 0.6760183 -0.29608825 0.73641449 -0.59239517 -0.13817890 0.005040 1789458936.276970863 163.505 15.064 0.017 0.00000 -1 ACTUAL_TF
33.6652 -0.0232597 -1.5772040 0.6760210 -0.29609128 0.73641383 -0.59239398 -0.13818103 0.004811 1789458936.333029032 163.744 14.824 0.018 0.00000 -1 ACTUAL_TF
33.7243 -0.0232751 -1.5769036 0.6760197 -0.29608866 0.73641898 -0.59238919 -0.13817969 0.004980 1789458936.388996363 164.045 14.523 0.022 0.00000 -1 ACTUAL_TF
33.7856 -0.0232899 -1.5766444 0.6760258 -0.29607644 0.73642685 -0.59238704 -0.13817318 0.004877 1789458936.445013762 164.305 14.263 0.020 0.00000 -1 ACTUAL_TF
33.8377 -0.0233042 -1.5763129 0.6760226 -0.29608495 0.73643244 -0.59237565 -0.13817398 0.005190 1789458936.501063108 164.637 13.932 0.029 0.00000 -1 ACTUAL_TF
33.8962 -0.0233116 -1.5760260 0.6760368 -0.29609142 0.73642404 -0.59238135 -0.13818049 0.005175 1789458936.556959391 164.924 13.645 0.019 0.00000 -1 ACTUAL_TF
33.9546 -0.0233209 -1.5757948 0.6760467 -0.29609394 0.73641727 -0.59238680 -0.13818775 0.004861 1789458936.613095522 165.155 13.413 0.013 0.00000 -1 ACTUAL_TF
34.0020 -0.0233301 -1.5754905 0.6760523 -0.29609627 0.73641798 -0.59238488 -0.13818726 0.005035 1789458936.669021130 165.460 13.109 0.012 0.00000 -1 ACTUAL_TF
34.0614 -0.0233283 -1.5752649 0.6760839 -0.29607565 0.73640689 -0.59241098 -0.13817861 0.004740 1789458936.725235462 165.686 12.883 0.018 0.00000 -1 ACTUAL_TF
34.1183 -0.0233361 -1.5749532 0.6760962 -0.29607989 0.73640301 -0.59241349 -0.13817946 0.004996 1789458936.781032324 165.998 12.571 0.026 0.00000 -1 ACTUAL_TF
34.1763 -0.0233517 -1.5746991 0.6760990 -0.29608663 0.73640076 -0.59241118 -0.13818694 0.004860 1789458936.837090969 166.252 12.316 0.022 0.00000 -1 ACTUAL_TF
34.2287 -0.0233687 -1.5743868 0.6760885 -0.29609747 0.73641047 -0.59239324 -0.13818884 0.005078 1789458936.893103361 166.565 12.004 0.006 0.00000 -1 ACTUAL_TF
34.2807 -0.0233808 -1.5741563 0.6760949 -0.29609342 0.73640764 -0.59239789 -0.13819265 0.004793 1789458936.949049950 166.795 11.773 0.009 0.00000 -1 ACTUAL_TF
34.3409 -0.0233889 -1.5738490 0.6760863 -0.29608132 0.73642527 -0.59238569 -0.13817691 0.005003 1789458937.005042315 167.103 11.466 0.005 0.00000 -1 ACTUAL_TF
34.4023 -0.0233991 -1.5735630 0.6760988 -0.29608698 0.73641466 -0.59239440 -0.13818399 0.005032 1789458937.061192989 167.389 11.179 0.003 0.00000 -1 ACTUAL_TF
34.4516 -0.0234092 -1.5732942 0.6760955 -0.29609503 0.73641434 -0.59239011 -0.13818686 0.004966 1789458937.117105007 167.658 10.910 0.006 0.00000 -1 ACTUAL_TF
34.5107 -0.0234277 -1.5729956 0.6761029 -0.29609777 0.73641107 -0.59239136 -0.13819306 0.005079 1789458937.173129559 167.957 10.611 0.010 0.00000 -1 ACTUAL_TF
34.5741 -0.0234402 -1.5727455 0.6761099 -0.29608813 0.73641174 -0.59239562 -0.13819186 0.004898 1789458937.229103565 168.208 10.361 0.013 0.00000 -1 ACTUAL_TF
34.6204 -0.0234452 -1.5724672 0.6761199 -0.29607246 0.73641342 -0.59240366 -0.13818199 0.004922 1789458937.285060406 168.486 10.082 0.010 0.00000 -1 ACTUAL_TF
34.6794 -0.0234648 -1.5722159 0.6761344 -0.29607193 0.73640412 -0.59241332 -0.13819135 0.004771 1789458937.342197418 168.738 9.830 0.025 0.00000 -1 ACTUAL_TF
34.7378 -0.0234865 -1.5719084 0.6761285 -0.29608005 0.73640744 -0.59240429 -0.13819495 0.005022 1789458937.397176504 169.046 9.522 0.030 0.00000 -1 ACTUAL_TF
34.7892 -0.0234997 -1.5716203 0.6761430 -0.29607952 0.73639926 -0.59241317 -0.13820162 0.005066 1789458937.453062057 169.335 9.234 0.036 0.00000 -1 ACTUAL_TF
34.8512 -0.0235082 -1.5713493 0.6761321 -0.29608104 0.73640911 -0.59240212 -0.13819323 0.004998 1789458937.509104490 169.605 8.963 0.032 0.00000 -1 ACTUAL_TF
34.9011 -0.0235174 -1.5710538 0.6761524 -0.29606106 0.73640370 -0.59242026 -0.13818709 0.005088 1789458937.565057755 169.901 8.667 0.034 0.00000 -1 ACTUAL_TF
34.9624 -0.0235277 -1.5707869 0.6761408 -0.29607212 0.73640845 -0.59240896 -0.13818654 0.004989 1789458937.621249676 170.168 8.400 0.031 0.00000 -1 ACTUAL_TF
35.0076 -0.0235310 -1.5705076 0.6761503 -0.29607543 0.73639873 -0.59241811 -0.13819199 0.004995 1789458937.677027702 170.448 8.121 0.025 0.00000 -1 ACTUAL_TF
35.0667 -0.0235506 -1.5702303 0.6761395 -0.29608226 0.73641132 -0.59239909 -0.13819180 0.004986 1789458937.733067989 170.725 7.843 0.036 0.00000 -1 ACTUAL_TF
35.1299 -0.0235547 -1.5699341 0.6761455 -0.29606691 0.73641908 -0.59240004 -0.13817928 0.005075 1789458937.789144278 171.021 7.547 0.030 0.00000 -1 ACTUAL_TF
35.1844 -0.0235605 -1.5696699 0.6761325 -0.29607350 0.73642936 -0.59238530 -0.13817356 0.004971 1789458937.845124006 171.285 7.283 0.037 0.00000 -1 ACTUAL_TF
35.2374 -0.0235711 -1.5693723 0.6761445 -0.29607510 0.73642396 -0.59238967 -0.13818020 0.005078 1789458937.901044607 171.583 6.985 0.032 0.00000 -1 ACTUAL_TF
35.2965 -0.0235854 -1.5690659 0.6761478 -0.29608149 0.73642418 -0.59238518 -0.13818457 0.005193 1789458937.957222939 171.890 6.678 0.035 0.00000 -1 ACTUAL_TF
35.3471 -0.0235739 -1.5688210 0.6761469 -0.29608317 0.73642770 -0.59238281 -0.13817235 0.004951 1789458938.013122320 172.134 6.434 0.028 0.00000 -1 ACTUAL_TF
35.4090 -0.0235674 -1.5685348 0.6761594 -0.29606909 0.73643120 -0.59238877 -0.13815833 0.004997 1789458938.069255829 172.420 6.148 0.021 0.00000 -1 ACTUAL_TF
35.4607 -0.0235784 -1.5682582 0.6761381 -0.29608490 0.73644277 -0.59236673 -0.13815730 0.004988 1789458938.125160933 172.697 5.872 0.046 0.00000 -1 ACTUAL_TF
35.5258 -0.0235851 -1.5679649 0.6761590 -0.29609214 0.73642765 -0.59237941 -0.13816798 0.005068 1789458938.181107759 172.990 5.578 0.031 0.00000 -1 ACTUAL_TF
35.5711 -0.0235919 -1.5677141 0.6761799 -0.29609362 0.73641376 -0.59239456 -0.13817391 0.004898 1789458938.237046719 173.242 5.327 0.019 0.00000 -1 ACTUAL_TF
35.6310 -0.0235867 -1.5674137 0.6761889 -0.29605891 0.73642425 -0.59240533 -0.13814623 0.005038 1789458938.293070078 173.542 5.027 0.031 0.00000 -1 ACTUAL_TF
35.6924 -0.0235879 -1.5671786 0.6761947 -0.29607148 0.73641347 -0.59241101 -0.13815232 0.004786 1789458938.349083662 173.777 4.792 0.038 0.00000 -1 ACTUAL_TF
35.7455 -0.0236006 -1.5668951 0.6762206 -0.29607574 0.73639956 -0.59242323 -0.13816496 0.004879 1789458938.405010939 174.061 4.507 0.038 0.00000 -1 ACTUAL_TF
35.7938 -0.0236257 -1.5665977 0.6762249 -0.29608061 0.73639669 -0.59242211 -0.13817463 0.005010 1789458938.461141348 174.359 4.209 0.025 0.00000 -1 ACTUAL_TF
35.8537 -0.0236335 -1.5663334 0.6762248 -0.29608885 0.73639497 -0.59241927 -0.13817833 0.004926 1789458938.517080069 174.623 3.945 0.024 0.00000 -1 ACTUAL_TF
35.9159 -0.0236418 -1.5660028 0.6762198 -0.29606527 0.73641967 -0.59240646 -0.13815215 0.005219 1789458938.573083401 174.954 3.614 0.025 0.00000 -1 ACTUAL_TF
35.9700 -0.0236551 -1.5657701 0.6762277 -0.29606996 0.73641566 -0.59240693 -0.13816144 0.004901 1789458938.629168749 175.187 3.381 0.020 0.00000 -1 ACTUAL_TF
36.0178 -0.0236707 -1.5654659 0.6762175 -0.29608310 0.73642061 -0.59239284 -0.13816730 0.005064 1789458938.685157537 175.491 3.077 0.019 0.00000 -1 ACTUAL_TF
36.0805 -0.0236741 -1.5652237 0.6762176 -0.29609255 0.73641729 -0.59239159 -0.13817009 0.004843 1789458938.741137743 175.734 2.835 0.026 0.00000 -1 ACTUAL_TF
36.1340 -0.0237004 -1.5649228 0.6762204 -0.29609388 0.73642074 -0.59238511 -0.13817664 0.005008 1789458938.797153711 176.035 2.533 0.018 0.00000 -1 ACTUAL_TF
36.1966 -0.0236994 -1.5646011 0.6762234 -0.29606736 0.73643791 -0.59238379 -0.13814762 0.005230 1789458938.853118658 176.357 2.212 0.026 0.00000 -1 ACTUAL_TF
36.2445 -0.0237134 -1.5643726 0.6762399 -0.29607061 0.73642574 -0.59239427 -0.13816058 0.004889 1789458938.909187078 176.586 1.983 0.013 0.00000 -1 ACTUAL_TF
36.3081 -0.0237262 -1.5640413 0.6762228 -0.29608949 0.73643089 -0.59237784 -0.13816313 0.005201 1789458938.965179443 176.917 1.651 0.031 0.00000 -1 ACTUAL_TF
36.3553 -0.0237396 -1.5638049 0.6762317 -0.29609700 0.73642579 -0.59237827 -0.13817236 0.004910 1789458939.021174431 177.154 1.414 0.025 0.00000 -1 ACTUAL_TF
36.4134 -0.0237474 -1.5635207 0.6762482 -0.29610700 0.73641459 -0.59238484 -0.13818245 0.004963 1789458939.077152491 177.438 1.130 0.015 0.00000 -1 ACTUAL_TF
36.4673 -0.0237440 -1.5632934 0.6762558 -0.29610505 0.73641207 -0.59239000 -0.13817798 0.004690 1789458939.133268356 177.666 0.903 0.021 0.00000 -1 ACTUAL_TF
36.5218 -0.0237475 -1.5629828 0.6762591 -0.29606907 0.73643051 -0.59239220 -0.13814733 0.004950 1789458939.189175844 177.976 0.592 0.029 0.00000 -1 ACTUAL_TF
36.5859 -0.0237585 -1.5626993 0.6762779 -0.29607914 0.73641554 -0.59240298 -0.13815934 0.004983 1789458939.245370150 178.260 0.308 0.026 0.00000 -1 ACTUAL_TF
36.6336 -0.0237716 -1.5624581 0.6762993 -0.29608260 0.73640207 -0.59241529 -0.13817091 0.004795 1789458939.301023722 178.502 0.066 0.030 0.00000 -1 ACTUAL_TF
36.6970 -0.0237791 -1.5621929 0.6763145 -0.29608199 0.73639020 -0.59242892 -0.13817708 0.004778 1789458939.357109785 178.767 -0.199 0.040 0.00000 -1 ACTUAL_TF
36.7454 -0.0237916 -1.5619557 0.6763235 -0.29607369 0.73639398 -0.59242898 -0.13817448 0.004621 1789458939.413004637 179.005 -0.437 0.042 0.00000 -1 ACTUAL_TF
36.8017 -0.0238053 -1.5616642 0.6763144 -0.29606643 0.73640583 -0.59241966 -0.13816681 0.004797 1789458939.469041109 179.297 -0.728 0.028 0.00000 -1 ACTUAL_TF
36.8610 -0.0238193 -1.5614049 0.6763022 -0.29607756 0.73641430 -0.59240361 -0.13816661 0.004752 1789458939.525007010 179.556 -0.988 0.013 0.00000 -1 ACTUAL_TF
36.9239 -0.0238335 -1.5611141 0.6762915 -0.29608760 0.73642047 -0.59239022 -0.13816966 0.004885 1789458939.581058741 179.847 -1.279 0.011 0.00000 -1 ACTUAL_TF
36.9759 -0.0238489 -1.5608696 0.6762903 -0.29609421 0.73642072 -0.59238515 -0.13817588 0.004729 1789458939.637204885 180.092 -1.523 0.014 0.00000 -1 ACTUAL_TF
37.0420 -0.0238575 -1.5606051 0.6762992 -0.29609288 0.73641657 -0.59239059 -0.13817752 0.004729 1789458939.693196535 180.357 -1.788 0.009 0.00000 -1 ACTUAL_TF
37.0854 -0.0238601 -1.5603279 0.6763094 -0.29606178 0.73642933 -0.59239557 -0.13815479 0.004798 1789458939.749142408 180.634 -2.065 0.010 0.00000 -1 ACTUAL_TF
37.1406 -0.0238818 -1.5600946 0.6763087 -0.29606877 0.73643189 -0.59238665 -0.13816442 0.004615 1789458939.805072784 180.868 -2.299 0.009 0.00000 -1 ACTUAL_TF
37.2042 -0.0238972 -1.5598224 0.6763144 -0.29607586 0.73642690 -0.59238713 -0.13817380 0.004689 1789458939.861145020 181.140 -2.572 0.012 0.00000 -1 ACTUAL_TF
37.2564 -0.0239121 -1.5595653 0.6763059 -0.29608755 0.73643256 -0.59237384 -0.13817553 0.004664 1789458939.917113781 181.398 -2.829 0.025 0.00000 -1 ACTUAL_TF
37.3085 -0.0239213 -1.5592998 0.6763235 -0.29608577 0.73642482 -0.59238305 -0.13818110 0.004689 1789458939.973174810 181.663 -3.095 0.017 0.00000 -1 ACTUAL_TF
37.3727 -0.0239144 -1.5590701 0.6763315 -0.29605347 0.73643952 -0.59238782 -0.13815152 0.004516 1789458940.029119730 181.893 -3.325 0.002 0.00000 -1 ACTUAL_TF
37.4210 -0.0239197 -1.5588193 0.6763344 -0.29606397 0.73642940 -0.59239294 -0.13816101 0.004505 1789458940.085127354 182.144 -3.575 0.005 0.00000 -1 ACTUAL_TF
37.4789 -0.0239383 -1.5585919 0.6763327 -0.29607201 0.73643161 -0.59238429 -0.13816913 0.004375 1789458940.141144037 182.372 -3.803 0.011 0.00000 -1 ACTUAL_TF
37.5281 -0.0239484 -1.5583353 0.6763478 -0.29607712 0.73641866 -0.59239553 -0.13817893 0.004445 1789458940.196966648 182.629 -4.060 0.009 0.00000 -1 ACTUAL_TF
37.5934 -0.0239533 -1.5580628 0.6763457 -0.29608815 0.73641831 -0.59239045 -0.13817900 0.004566 1789458940.253171444 182.901 -4.333 0.006 0.00000 -1 ACTUAL_TF
37.6523 -0.0239543 -1.5578824 0.6763655 -0.29606527 0.73641561 -0.59240714 -0.13817084 0.004169 1789458940.309158802 183.082 -4.513 0.013 0.00000 -1 ACTUAL_TF
37.7037 -0.0239552 -1.5576483 0.6763809 -0.29604702 0.73641830 -0.59241575 -0.13815868 0.004177 1789458940.365049601 183.316 -4.748 0.026 0.00000 -1 ACTUAL_TF
37.7637 -0.0239611 -1.5574607 0.6763802 -0.29605665 0.73641505 -0.59241390 -0.13816334 0.003926 1789458940.421274900 183.504 -4.935 0.023 0.00000 -1 ACTUAL_TF
37.8194 -0.0239699 -1.5572377 0.6763824 -0.29606666 0.73641529 -0.59240789 -0.13816636 0.003947 1789458940.477115631 183.727 -5.158 0.021 0.00000 -1 ACTUAL_TF
37.8696 -0.0239800 -1.5570555 0.6763756 -0.29607501 0.73641874 -0.59239887 -0.13816873 0.003741 1789458940.533118486 183.909 -5.341 0.011 0.00000 -1 ACTUAL_TF
37.9292 -0.0239895 -1.5568585 0.6763753 -0.29608364 0.73641957 -0.59239255 -0.13817298 0.003676 1789458940.589074135 184.106 -5.538 0.006 0.00000 -1 ACTUAL_TF
37.9816 -0.0239950 -1.5567427 0.6763849 -0.29608524 0.73641477 -0.59239661 -0.13817770 0.003198 1789458940.644960642 184.222 -5.654 0.013 0.00000 -1 ACTUAL_TF
38.0420 -0.0239964 -1.5566234 0.6763853 -0.29608850 0.73641424 -0.59239537 -0.13817883 0.002876 1789458940.701150894 184.342 -5.773 0.013 0.00000 -1 ACTUAL_TF
38.0924 -0.0239977 -1.5565418 0.6763835 -0.29609069 0.73641430 -0.59239425 -0.13817861 0.002450 1789458940.757185698 184.423 -5.855 0.010 0.00000 -1 ACTUAL_TF
38.1534 -0.0239969 -1.5564946 0.6763852 -0.29609063 0.73641418 -0.59239494 -0.13817648 0.001968 1789458940.813191891 184.470 -5.902 0.013 0.00000 -1 ACTUAL_TF
38.2031 -0.0240029 -1.5564579 0.6763877 -0.29608858 0.73641491 -0.59239479 -0.13817759 0.001578 1789458940.869137049 184.507 -5.939 0.012 0.00000 -1 ACTUAL_TF
38.2630 -0.0240006 -1.5564385 0.6763892 -0.29608803 0.73641503 -0.59239545 -0.13817528 0.001207 1789458940.926243544 184.527 -5.958 0.014 0.00000 -1 ACTUAL_TF
