WELD FEEDBACK LOG
result=completed
started=2026-09-14 14:33:23
ended=2026-09-14 14:34:20
elapsed_seconds=57.376

================ OPERATOR OVERVIEW ================
REQUESTED : 150 A / 20.0 V · FE-SOLID 1.2 mm · LSM · CO2 100%
RX ECHO   : 150 A / 20.0 V · MATCH=YES
CURRENT FB: avg 165.01 · min 22.00 · max 182.00 A
VOLTAGE FB: avg 20.97 · min 3.00 · max 36.70 V
WIRE FEED : avg 6.10 · min 3.30 · max 6.10 m/min
WCR       : DETECTED
SAMPLES   : RX 1435 / welding 1358 / TCP 1003
===================================================

[commanded]
current_a=150
voltage_tenths=200
voltage=20.0
material=FE-SOLID
diameter_mm=1.2
mode=LSM
gas=CO2 100%
synergic=False
correction=0.0
pre_gas_s=0.0
post_gas_s=0.0
preflow_seconds=0.0

[rx_setting_echo]
current_a=150
voltage_v=20.0

[rx_welding_setting_echo]
current_a=150
voltage_v=20.0

[execution_conditions]
mode=sequence_execute
run_all=True
touch_io_backend=fastech_ethernet
touch_input_port=4
touch_sensing_output_port=0
fastech_ip=192.168.0.3
fastech_poll_target_hz=100.0
hicomm_source_ip=192.168.1.2
hicomm_welder_ip=192.168.1.10
hicomm_port=60000
gui_velocity_percent=36.95263157894737
gui_speed_mode=scale
gui_tcp_speed_mm_s=10.0
gui_interpolation_step_mm=6.0
seam_wall_offset_mm=0.0
seam_floor_offset_mm=0.0
seam_orientation_mode=Wait poses + fixed World-XYZ tilt
weld_fixed_tilt_x_deg=0.0
weld_fixed_tilt_y_deg=0.0
weld_fixed_tilt_z_deg=-0.0
weld_weave_enabled=False
weld_weave_pattern=circle
weld_weave_amplitude_mm=2.8
weld_weave_cycles=4
weld_weave_samples_per_cycle=8
weld_weave_axis=tool_x
weld_lead_in_mm=0.0
weld_lead_out_mm=5.0
weld_safe_approach_mm=30.0
weld_approach_mode=taught_wait
weld_pre_start_lead_mm=0.0
weld_tcp_speed_mm_s=3.5
weld_adaptive_line_energy=False
weld_adaptive_min_percent=85.0
weld_adaptive_max_percent=100.0
weld_adaptive_filter_tau_s=0.7
weld_adaptive_baseline_mm=6.0
weld_arc_off_delay_ms=500.0
weld_arc_stabilize_s=0.0
tcp_tracking.parent_frame=World
tcp_tracking.child_frame=right_manipulator_ee_point
tcp_tracking.timestamp_source=TF_header_stamp
initial_fastech_di0=False
initial_fastech_do0=True
robot_connected.left=True
robot_connected.right=True
robot_connected.head=True
hicomm_connected=True
execution_allowed=True
steps[0].sequence_number=1
steps[0].type=named_pose
steps[0].parallel_slot=1
steps[0].duration=0.0
steps[0].planning_group=right_manipulator
steps[0].velocity_scale=0.3695263157894737
steps[0].tcp_speed_m_s=0.0
steps[0].pose_name=weld_start_wait
steps[0].pose_label=3 · Weld start wait pose
steps[0].touch_guard=False
steps[0].continue_after_touch=False
steps[0].weld_scenario_id=weld-18458372489398
steps[0].weld_scenario_stage=start_wait
steps[0].target_tcp.position_m.x=0.039515047342488785
steps[0].target_tcp.position_m.y=-1.7654141043684486
steps[0].target_tcp.position_m.z=0.659172281502552
steps[0].target_tcp.orientation_xyzw.x=-0.4512590142769249
steps[0].target_tcp.orientation_xyzw.y=0.7439419069834176
steps[0].target_tcp.orientation_xyzw.z=-0.43189544427157756
steps[0].target_tcp.orientation_xyzw.w=-0.2374490814577953
steps[0].joint_names[0]=right_manipulator_joint1
steps[0].joint_names[1]=right_manipulator_joint2
steps[0].joint_names[2]=right_manipulator_joint3
steps[0].joint_names[3]=right_manipulator_joint4
steps[0].joint_names[4]=right_manipulator_joint5
steps[0].joint_names[5]=right_manipulator_joint6
steps[0].joint_positions_rad[0]=5.0573487690148715
steps[0].joint_positions_rad[1]=1.2017904572082259
steps[0].joint_positions_rad[2]=1.7616516331573706
steps[0].joint_positions_rad[3]=3.4848208548792052
steps[0].joint_positions_rad[4]=0.861725092608419
steps[0].joint_positions_rad[5]=1.5004875424362596
steps[1].sequence_number=2
steps[1].type=motion
steps[1].parallel_slot=2
steps[1].duration=0.0
steps[1].planning_group=right_manipulator
steps[1].velocity_scale=0.3695263157894737
steps[1].tcp_speed_m_s=0.0
steps[1].interpolation_step=0.006
steps[1].path_kind=taught_wait_align_weld_attitude
steps[1].touch_guard=False
steps[1].continue_after_touch=False
steps[1].accept_initial_touch=False
steps[1].weld_scenario_id=weld-18458372489398
steps[1].weld_scenario_stage=start_safe
steps[1].waypoint_count=1
steps[1].waypoints[0].position_m.x=0.039515047342488785
steps[1].waypoints[0].position_m.y=-1.7654141043684486
steps[1].waypoints[0].position_m.z=0.659172281502552
steps[1].waypoints[0].orientation_xyzw.x=-0.45123518376360294
steps[1].waypoints[0].orientation_xyzw.y=0.7439493749542972
steps[1].waypoints[0].orientation_xyzw.z=-0.43191439566086876
steps[1].waypoints[0].orientation_xyzw.w=-0.2374364994263616
steps[2].sequence_number=3
steps[2].type=motion
steps[2].parallel_slot=3
steps[2].duration=0.0
steps[2].planning_group=right_manipulator
steps[2].velocity_scale=0.3695263157894737
steps[2].tcp_speed_m_s=0.0
steps[2].interpolation_step=0.006
steps[2].path_kind=taught_wait_to_weld_start
steps[2].touch_guard=False
steps[2].continue_after_touch=True
steps[2].accept_initial_touch=False
steps[2].weld_scenario_id=weld-18458372489398
steps[2].weld_scenario_stage=start_contact
steps[2].waypoint_count=1
steps[2].waypoints[0].position_m.x=0.03953647985137665
steps[2].waypoints[0].position_m.y=-1.7654416161646946
steps[2].waypoints[0].position_m.z=0.6553082294984767
steps[2].waypoints[0].orientation_xyzw.x=-0.45123518376360294
steps[2].waypoints[0].orientation_xyzw.y=0.7439493749542972
steps[2].waypoints[0].orientation_xyzw.z=-0.43191439566086876
steps[2].waypoints[0].orientation_xyzw.w=-0.2374364994263616
steps[3].sequence_number=4
steps[3].type=digital_output
steps[3].parallel_slot=4
steps[3].duration=0.0
steps[3].port=0
steps[3].value=False
steps[3].weld_scenario_id=weld-18458372489398
steps[3].weld_scenario_stage=touch_output_off
steps[4].sequence_number=5
steps[4].type=digital_weld
steps[4].parallel_slot=5
steps[4].duration=0.0
steps[4].command=on
steps[4].weld_scenario_id=weld-18458372489398
steps[4].weld_scenario_stage=arc_on
steps[4].arc_stabilize_s=0.0
steps[4].settings.current_a=150
steps[4].settings.voltage_tenths=200
steps[4].settings.voltage=20.0
steps[4].settings.material=FE-SOLID
steps[4].settings.diameter_mm=1.2
steps[4].settings.mode=LSM
steps[4].settings.gas=CO2 100%
steps[4].settings.synergic=False
steps[4].settings.correction=0.0
steps[4].settings.pre_gas_s=0.0
steps[4].settings.post_gas_s=0.0
steps[4].settings.preflow_seconds=0.0
steps[5].sequence_number=6
steps[5].type=motion
steps[5].parallel_slot=5
steps[5].duration=0.0
steps[5].planning_group=right_manipulator
steps[5].velocity_scale=0.3695263157894737
steps[5].tcp_speed_m_s=0.0035
steps[5].interpolation_step=0.006
steps[5].path_kind=continuous_lead_to_lead_over_taught_goal_fastech_di0_ignored
steps[5].touch_guard=False
steps[5].weld_scenario_id=weld-18458372489398
steps[5].weld_scenario_stage=weld_motion
steps[5].lead_in_mm=0.0
steps[5].lead_out_mm=5.0
steps[5].linear_motion_profile=True
steps[5].adaptive_line_energy=False
steps[5].adaptive_min_factor=0.85
steps[5].adaptive_max_factor=1.0
steps[5].adaptive_filter_tau_s=0.7
steps[5].adaptive_baseline_mm=6.0
steps[5].adaptive_end_freeze_mm=10.0
steps[5].adaptive_current_deadband_a=8.0
steps[5].adaptive_power_deadband_ratio=0.05
steps[5].adaptive_slew_m_s2=0.00025
steps[5].adaptive_update_period_s=0.5
steps[5].arc_stabilize_s=0.0
steps[5].waypoint_count=2
steps[5].waypoints[0].position_m.x=0.03953647985137665
steps[5].waypoints[0].position_m.y=-1.7654416161646946
steps[5].waypoints[0].position_m.z=0.6553082294984767
steps[5].waypoints[0].orientation_xyzw.x=-0.45123518376360294
steps[5].waypoints[0].orientation_xyzw.y=0.7439493749542972
steps[5].waypoints[0].orientation_xyzw.z=-0.43191439566086876
steps[5].waypoints[0].orientation_xyzw.w=-0.2374364994263616
steps[5].waypoints[1].position_m.x=0.034089561026126286
steps[5].waypoints[1].position_m.y=-1.5759614952551413
steps[5].waypoints[1].position_m.z=0.6576915096793079
steps[5].waypoints[1].orientation_xyzw.x=-0.45121760047811105
steps[5].waypoints[1].orientation_xyzw.y=0.7439479471495388
steps[5].waypoints[1].orientation_xyzw.z=-0.4319339660405982
steps[5].waypoints[1].orientation_xyzw.w=-0.23743878775634408
steps[5].lead_start.position_m.x=0.03953647985137665
steps[5].lead_start.position_m.y=-1.7654416161646946
steps[5].lead_start.position_m.z=0.6553082294984767
steps[5].lead_start.orientation_xyzw.x=-0.45123518376360294
steps[5].lead_start.orientation_xyzw.y=0.7439493749542972
steps[5].lead_start.orientation_xyzw.z=-0.43191439566086876
steps[5].lead_start.orientation_xyzw.w=-0.2374364994263616
steps[5].usable_seam_start.position_m.x=0.03953647985137665
steps[5].usable_seam_start.position_m.y=-1.7654416161646946
steps[5].usable_seam_start.position_m.z=0.6553082294984767
steps[5].usable_seam_start.orientation_xyzw.x=-0.45123518376360294
steps[5].usable_seam_start.orientation_xyzw.y=0.7439493749542972
steps[5].usable_seam_start.orientation_xyzw.z=-0.43191439566086876
steps[5].usable_seam_start.orientation_xyzw.w=-0.2374364994263616
steps[5].usable_seam_goal.position_m.x=0.034233223573022054
steps[5].usable_seam_goal.position_m.y=-1.5809590356315086
steps[5].usable_seam_goal.position_m.z=0.6576286506370257
steps[5].usable_seam_goal.orientation_xyzw.x=-0.45121760047811105
steps[5].usable_seam_goal.orientation_xyzw.y=0.7439479471495388
steps[5].usable_seam_goal.orientation_xyzw.z=-0.4319339660405982
steps[5].usable_seam_goal.orientation_xyzw.w=-0.23743878775634408
steps[5].lead_end.position_m.x=0.034089561026126286
steps[5].lead_end.position_m.y=-1.5759614952551413
steps[5].lead_end.position_m.z=0.6576915096793079
steps[5].lead_end.orientation_xyzw.x=-0.45121760047811105
steps[5].lead_end.orientation_xyzw.y=0.7439479471495388
steps[5].lead_end.orientation_xyzw.z=-0.4319339660405982
steps[5].lead_end.orientation_xyzw.w=-0.23743878775634408
steps[6].sequence_number=7
steps[6].type=digital_weld
steps[6].parallel_slot=5
steps[6].duration=0.0
steps[6].velocity_scale=0.3695263157894737
steps[6].tcp_speed_m_s=0.0035
steps[6].command=off
steps[6].weld_scenario_id=weld-18458372489398
steps[6].weld_scenario_stage=arc_off
steps[6].adaptive_line_energy=False
steps[6].trigger_before_goal=True
steps[6].arc_off_delay_s=0.5
steps[6].settings.current_a=150
steps[6].settings.voltage_tenths=200
steps[6].settings.voltage=20.0
steps[6].settings.material=FE-SOLID
steps[6].settings.diameter_mm=1.2
steps[6].settings.mode=LSM
steps[6].settings.gas=CO2 100%
steps[6].settings.synergic=False
steps[6].settings.correction=0.0
steps[6].settings.pre_gas_s=0.0
steps[6].settings.post_gas_s=0.0
steps[6].settings.preflow_seconds=0.0
steps[7].sequence_number=8
steps[7].type=motion
steps[7].parallel_slot=6
steps[7].duration=0.0
steps[7].planning_group=right_manipulator
steps[7].velocity_scale=0.3695263157894737
steps[7].tcp_speed_m_s=0.0
steps[7].interpolation_step=0.006
steps[7].path_kind=weld_end_to_taught_wait_fixed_attitude
steps[7].pose_name=weld_goal_wait
steps[7].pose_label=5 · Weld goal wait pose
steps[7].touch_guard=False
steps[7].continue_after_touch=False
steps[7].weld_scenario_id=weld-18458372489398
steps[7].weld_scenario_stage=goal_wait
steps[7].waypoint_count=1
steps[7].waypoints[0].position_m.x=0.0342300028759292
steps[7].waypoints[0].position_m.y=-1.5809596557687406
steps[7].waypoints[0].position_m.z=0.6627398871627423
steps[7].waypoints[0].orientation_xyzw.x=-0.45121760047811105
steps[7].waypoints[0].orientation_xyzw.y=0.7439479471495388
steps[7].waypoints[0].orientation_xyzw.z=-0.4319339660405982
steps[7].waypoints[0].orientation_xyzw.w=-0.23743878775634408
steps[8].sequence_number=9
steps[8].type=named_pose
steps[8].parallel_slot=7
steps[8].duration=0.0
steps[8].planning_group=right_manipulator
steps[8].velocity_scale=0.3695263157894737
steps[8].tcp_speed_m_s=0.0
steps[8].pose_name=weld_finish
steps[8].pose_label=7 · Weld end pose
steps[8].touch_guard=False
steps[8].continue_after_touch=False
steps[8].weld_scenario_id=weld-18458372489398
steps[8].weld_scenario_stage=finish
steps[8].target_tcp.position_m.x=0.03422474832923322
steps[8].target_tcp.position_m.y=-1.5809703817997534
steps[8].target_tcp.position_m.z=0.7228015395716307
steps[8].target_tcp.orientation_xyzw.x=-0.4512299576233499
steps[8].target_tcp.orientation_xyzw.y=0.7439245017784334
steps[8].target_tcp.orientation_xyzw.z=-0.43195005582484886
steps[8].target_tcp.orientation_xyzw.w=-0.23745949185039886
steps[8].joint_names[0]=right_manipulator_joint1
steps[8].joint_names[1]=right_manipulator_joint2
steps[8].joint_names[2]=right_manipulator_joint3
steps[8].joint_names[3]=right_manipulator_joint4
steps[8].joint_names[4]=right_manipulator_joint5
steps[8].joint_names[5]=right_manipulator_joint6
steps[8].joint_positions_rad[0]=5.128568620782424
steps[8].joint_positions_rad[1]=1.1059773780382272
steps[8].joint_positions_rad[2]=2.020871616282724
steps[8].joint_positions_rad[3]=3.5184659005107215
steps[8].joint_positions_rad[4]=1.0171583591020217
steps[8].joint_positions_rad[5]=1.5638023331401305
steps[9].sequence_number=10
steps[9].type=digital_output
steps[9].parallel_slot=8
steps[9].duration=0.0
steps[9].port=0
steps[9].value=True
steps[9].weld_scenario_id=weld-18458372489398
steps[9].weld_scenario_stage=touch_output_on
hicomm_cyclic_period_ms=40.0
arc_wait_recognition=True
arc_wait_main_welding=True
arc_wait_established=True
arc_establishment_timeout_s=5.0

[summary]
rx_samples=1435
welding_samples=1358
wcr_seen=1
current_a.min=22.0
current_a.average=165.00821508588498
current_a.max=182.0
voltage_v.min=3.0
voltage_v.average=20.971333824613037
voltage_v.max=36.7
wire_feed_m_min.min=3.3
wire_feed_m_min.average=6.095870206489827
wire_feed_m_min.max=6.1

[arc_off_control]
arc_established_elapsed_s=0.8928479460009839
delay_s=0.5
speed_source=tcp_setpoint_projected_along_seam
trigger_speed_m_s=0.0034999999999999996
calculated_pre_off_distance_m=0.0017499999999999998
seam_length_m=0.18457337674106086
trigger_along_m=0.18282337674106086
actual_along_m=0.1828642988589493
actual_remaining_to_goal_m=0.0017090778821115538
tcp_x_m=0.03430466725635817
tcp_y_m=-1.5826667519829567
tcp_z_m=0.6576168112694714
command_elapsed_s=53.89397132399972
sequence_clear_elapsed_s=57.37344978500187
extinction_current_threshold_a=10.0
feedback_current_extinguished_elapsed_s=54.573923535001086
feedback_extinction_delay_s=0.679952211001364
feedback_recommended_pre_off_distance_m=0.002379832738504774
wcr_clear_elapsed_s=55.09396955000193
wcr_clear_delay_s=1.199998226002208

[adaptive_speed_control]
enabled=False

[adaptive_speed_samples]
elapsed_s event along_mm remaining_mm filtered_current_a filtered_voltage_v power_w line_energy_j_mm governed_speed_mm_s commanded_speed_mm_s

[teaching_snapshot_yaml]
robot_start:
  planning_group: right_manipulator
  joint_state:
    names:
    - right_manipulator_joint1
    - right_manipulator_joint2
    - right_manipulator_joint3
    - right_manipulator_joint4
    - right_manipulator_joint5
    - right_manipulator_joint6
    positions_rad:
    - 5.124612228667003
    - 0.9375659949204503
    - 2.1044165775751638
    - 3.534853662278524
    - 0.9383253953052864
    - 1.526064142071217
  tcp_pose_world:
    position_m:
      x: 0.030481211467913605
      y: -1.5794683969443724
      z: 0.8540638386410224
    orientation_xyzw:
      x: -0.45146253742684717
      y: 0.7438018747073104
      z: -0.432087406945218
      w: -0.23715147320090735
weld_wait:
  planning_group: right_manipulator
  joint_state:
    names:
    - right_manipulator_joint1
    - right_manipulator_joint2
    - right_manipulator_joint3
    - right_manipulator_joint4
    - right_manipulator_joint5
    - right_manipulator_joint6
    positions_rad:
    - 5.0539883923514095
    - 1.1589907953295624
    - 1.7920730554474003
    - 3.4834730290515163
    - 0.8498595115296255
    - 1.4963527185278027
  tcp_pose_world:
    position_m:
      x: 0.03548682596294217
      y: -1.762881729602661
      z: 0.6962272742564597
    orientation_xyzw:
      x: -0.4514898308016516
      y: 0.743783752703836
      z: -0.43208294921709756
      w: -0.23716447223888731
weld_start_wait:
  planning_group: right_manipulator
  joint_state:
    names:
    - right_manipulator_joint1
    - right_manipulator_joint2
    - right_manipulator_joint3
    - right_manipulator_joint4
    - right_manipulator_joint5
    - right_manipulator_joint6
    positions_rad:
    - 5.0573487690148715
    - 1.2017904572082259
    - 1.7616516331573706
    - 3.4848208548792052
    - 0.861725092608419
    - 1.5004875424362596
  tcp_pose_world:
    position_m:
      x: 0.039515047342488785
      y: -1.7654141043684486
      z: 0.659172281502552
    orientation_xyzw:
      x: -0.4512590142769249
      y: 0.7439419069834176
      z: -0.43189544427157756
      w: -0.2374490814577953
weld_start:
  planning_group: right_manipulator
  joint_state:
    names:
    - right_manipulator_joint1
    - right_manipulator_joint2
    - right_manipulator_joint3
    - right_manipulator_joint4
    - right_manipulator_joint5
    - right_manipulator_joint6
    positions_rad:
    - 5.0573487690148715
    - 1.20617974615884
    - 1.7588381366237564
    - 3.4843500079984793
    - 0.8632325083644311
    - 1.5012583944137832
  tcp_pose_world:
    position_m:
      x: 0.03953647985137665
      y: -1.7654416161646946
      z: 0.6553082294984767
    orientation_xyzw:
      x: -0.45123518376360294
      y: 0.7439493749542972
      z: -0.43191439566086876
      w: -0.2374364994263616
weld_goal_wait:
  planning_group: right_manipulator
  joint_state:
    names:
    - right_manipulator_joint1
    - right_manipulator_joint2
    - right_manipulator_joint3
    - right_manipulator_joint4
    - right_manipulator_joint5
    - right_manipulator_joint6
    positions_rad:
    - 5.128568620782424
    - 1.1805501496181898
    - 1.9771720722717228
    - 3.5117376903327453
    - 1.0457762221228224
    - 1.5769018899100122
  tcp_pose_world:
    position_m:
      x: 0.0342300028759292
      y: -1.5809596557687406
      z: 0.6627398871627423
    orientation_xyzw:
      x: -0.45125113943905704
      y: 0.7439483742634135
      z: -0.43189659321214224
      w: -0.23744169464843834
weld_end:
  planning_group: right_manipulator
  joint_state:
    names:
    - right_manipulator_joint1
    - right_manipulator_joint2
    - right_manipulator_joint3
    - right_manipulator_joint4
    - right_manipulator_joint5
    - right_manipulator_joint6
    positions_rad:
    - 5.128568620782424
    - 1.1868569145536612
    - 1.9732764002291547
    - 3.5112250318229052
    - 1.0480923733228644
    - 1.5779840654189659
  tcp_pose_world:
    position_m:
      x: 0.034233223573022054
      y: -1.5809590356315086
      z: 0.6576286506370257
    orientation_xyzw:
      x: -0.45121760047811105
      y: 0.7439479471495388
      z: -0.4319339660405982
      w: -0.23743878775634408
weld_finish:
  planning_group: right_manipulator
  joint_state:
    names:
    - right_manipulator_joint1
    - right_manipulator_joint2
    - right_manipulator_joint3
    - right_manipulator_joint4
    - right_manipulator_joint5
    - right_manipulator_joint6
    positions_rad:
    - 5.128568620782424
    - 1.1059773780382272
    - 2.020871616282724
    - 3.5184659005107215
    - 1.0171583591020217
    - 1.5638023331401305
  tcp_pose_world:
    position_m:
      x: 0.03422474832923322
      y: -1.5809703817997534
      z: 0.7228015395716307
    orientation_xyzw:
      x: -0.4512299576233499
      y: 0.7439245017784334
      z: -0.43195005582484886
      w: -0.23745949185039886

[touch_snapshot_yaml]
{}

[samples]
elapsed_s raw0 state arc gas fwd wcr current_a voltage_v wire_feed_m_min set_current_a set_voltage_v error db collision
0.014 0x00 idle 0 0 0 0 0 0.0 0.0 150 20.0 0 0 0
0.052 0x00 idle 0 0 0 0 0 0.0 0.0 150 20.0 0 0 0
0.093 0x01 idle 1 0 0 0 0 0.0 0.0 150 20.0 0 0 0
0.134 0x09 main_weld 1 1 0 0 0 0.0 0.0 150 20.0 0 0 0
0.170 0x09 main_weld 1 1 0 0 0 0.0 0.0 150 20.0 0 0 0
0.215 0x09 main_weld 1 1 0 0 0 0.0 0.0 150 20.0 0 0 0
0.251 0x09 main_weld 1 1 0 0 0 0.0 0.0 150 20.0 0 0 0
0.291 0x09 main_weld 1 1 0 0 0 0.0 0.0 150 20.0 0 0 0
0.335 0x09 main_weld 1 1 0 0 0 0.0 0.0 150 20.0 0 0 0
0.373 0x09 main_weld 1 1 0 0 0 0.0 0.0 150 20.0 0 0 0
0.412 0x09 main_weld 1 1 0 0 0 0.0 0.0 150 20.0 0 0 0
0.450 0x09 main_weld 1 1 0 0 0 0.0 0.0 150 20.0 0 0 0
0.491 0x09 main_weld 1 1 0 0 0 0.0 0.0 150 20.0 0 0 0
0.532 0x09 main_weld 1 1 0 0 0 0.0 0.0 150 20.0 0 0 0
0.569 0x09 main_weld 1 1 0 0 0 0.0 0.0 150 20.0 0 0 0
0.611 0x09 main_weld 1 1 0 0 0 0.0 0.0 150 20.0 0 0 0
0.653 0x09 main_weld 1 1 0 0 0 0.0 0.0 150 20.0 0 0 0
0.690 0x09 main_weld 1 1 0 0 0 0.0 0.0 150 20.0 0 0 0
0.731 0x09 main_weld 1 1 0 0 0 0.0 0.0 150 20.0 0 0 0
0.773 0x09 main_weld 1 1 0 0 0 0.0 0.0 150 20.0 0 0 0
0.812 0x2B main_weld 1 1 1 1 0 3.1 0.0 150 20.0 0 0 0
0.852 0x2B main_weld 1 1 1 1 0 3.1 0.0 150 20.0 0 0 0
0.891 0x2B main_weld 1 1 1 1 0 3.1 6.1 150 20.0 0 0 0
0.935 0x2B main_weld 1 1 1 1 0 3.1 6.1 150 20.0 0 0 0
0.983 0x2B main_weld 1 1 1 1 0 27.3 3.3 150 20.0 0 0 0
1.017 0x2B main_weld 1 1 1 1 40 27.3 3.3 150 20.0 0 0 0
1.057 0x2B main_weld 1 1 1 1 40 27.3 6.1 150 20.0 0 0 0
1.092 0x2B main_weld 1 1 1 1 40 27.3 6.1 150 20.0 0 0 0
1.130 0x2B main_weld 1 1 1 1 162 27.3 6.1 150 20.0 0 0 0
1.172 0x2B main_weld 1 1 1 1 162 33.3 6.1 150 20.0 0 0 0
1.215 0x2B main_weld 1 1 1 1 162 33.3 6.1 150 20.0 0 0 0
1.249 0x2B main_weld 1 1 1 1 162 36.7 6.1 150 20.0 0 0 0
1.295 0x2B main_weld 1 1 1 1 108 36.7 6.1 150 20.0 0 0 0
1.330 0x2B main_weld 1 1 1 1 108 36.7 6.1 150 20.0 0 0 0
1.376 0x2B main_weld 1 1 1 1 108 36.7 6.1 150 20.0 0 0 0
1.411 0x2B main_weld 1 1 1 1 108 36.7 6.1 150 20.0 0 0 0
1.451 0x2B main_weld 1 1 1 1 108 24.2 6.1 150 20.0 0 0 0
1.494 0x2B main_weld 1 1 1 1 78 24.2 6.1 150 20.0 0 0 0
1.533 0x2B main_weld 1 1 1 1 78 24.2 6.1 150 20.0 0 0 0
1.572 0x2B main_weld 1 1 1 1 138 24.2 6.1 150 20.0 0 0 0
1.615 0x2B main_weld 1 1 1 1 138 21.0 6.1 150 20.0 0 0 0
1.653 0x2B main_weld 1 1 1 1 138 21.0 6.1 150 20.0 0 0 0
1.695 0x2B main_weld 1 1 1 1 138 21.0 6.1 150 20.0 0 0 0
1.732 0x2B main_weld 1 1 1 1 136 21.0 6.1 150 20.0 0 0 0
1.772 0x2B main_weld 1 1 1 1 136 21.0 6.1 150 20.0 0 0 0
1.813 0x2B main_weld 1 1 1 1 136 21.0 6.1 150 20.0 0 0 0
1.860 0x2B main_weld 1 1 1 1 136 21.0 6.1 150 20.0 0 0 0
1.893 0x2B main_weld 1 1 1 1 136 21.0 6.1 150 20.0 0 0 0
1.932 0x2B main_weld 1 1 1 1 180 21.0 6.1 150 20.0 0 0 0
1.976 0x2B main_weld 1 1 1 1 180 21.0 6.1 150 20.0 0 0 0
2.014 0x2B main_weld 1 1 1 1 180 21.0 6.1 150 20.0 0 0 0
2.051 0x2B main_weld 1 1 1 1 180 21.0 6.1 150 20.0 0 0 0
2.092 0x2B main_weld 1 1 1 1 163 21.0 6.1 150 20.0 0 0 0
2.136 0x2B main_weld 1 1 1 1 163 21.0 6.1 150 20.0 0 0 0
2.176 0x2B main_weld 1 1 1 1 163 21.0 6.1 150 20.0 0 0 0
2.211 0x2B main_weld 1 1 1 1 163 21.0 6.1 150 20.0 0 0 0
2.253 0x2B main_weld 1 1 1 1 163 20.8 6.1 150 20.0 0 0 0
2.289 0x2B main_weld 1 1 1 1 180 20.8 6.1 150 20.0 0 0 0
2.330 0x2B main_weld 1 1 1 1 180 20.8 6.1 150 20.0 0 0 0
2.378 0x2B main_weld 1 1 1 1 162 20.8 6.1 150 20.0 0 0 0
2.412 0x2B main_weld 1 1 1 1 162 20.8 6.1 150 20.0 0 0 0
2.460 0x2B main_weld 1 1 1 1 162 21.3 6.1 150 20.0 0 0 0
2.494 0x2B main_weld 1 1 1 1 162 21.3 6.1 150 20.0 0 0 0
2.541 0x2B main_weld 1 1 1 1 178 20.9 6.1 150 20.0 0 0 0
2.574 0x2B main_weld 1 1 1 1 178 20.9 6.1 150 20.0 0 0 0
2.617 0x2B main_weld 1 1 1 1 178 20.9 6.1 150 20.0 0 0 0
2.655 0x2B main_weld 1 1 1 1 178 20.9 6.1 150 20.0 0 0 0
2.695 0x2B main_weld 1 1 1 1 178 20.9 6.1 150 20.0 0 0 0
2.738 0x2B main_weld 1 1 1 1 163 20.9 6.1 150 20.0 0 0 0
2.773 0x2B main_weld 1 1 1 1 163 20.9 6.1 150 20.0 0 0 0
2.810 0x2B main_weld 1 1 1 1 163 20.9 6.1 150 20.0 0 0 0
2.849 0x2B main_weld 1 1 1 1 163 20.9 6.1 150 20.0 0 0 0
2.891 0x2B main_weld 1 1 1 1 163 21.1 6.1 150 20.0 0 0 0
2.936 0x2B main_weld 1 1 1 1 172 21.1 6.1 150 20.0 0 0 0
2.972 0x2B main_weld 1 1 1 1 172 21.1 6.1 150 20.0 0 0 0
3.015 0x2B main_weld 1 1 1 1 178 21.1 6.1 150 20.0 0 0 0
3.049 0x2B main_weld 1 1 1 1 178 20.8 6.1 150 20.0 0 0 0
3.090 0x2B main_weld 1 1 1 1 178 20.8 6.1 150 20.0 0 0 0
3.133 0x2B main_weld 1 1 1 1 178 20.8 6.1 150 20.0 0 0 0
3.173 0x2B main_weld 1 1 1 1 160 21.0 6.1 150 20.0 0 0 0
3.215 0x2B main_weld 1 1 1 1 160 21.0 6.1 150 20.0 0 0 0
3.253 0x2B main_weld 1 1 1 1 160 21.0 6.1 150 20.0 0 0 0
3.294 0x2B main_weld 1 1 1 1 160 21.0 6.1 150 20.0 0 0 0
3.332 0x2B main_weld 1 1 1 1 160 21.4 6.1 150 20.0 0 0 0
3.379 0x2B main_weld 1 1 1 1 171 21.4 6.1 150 20.0 0 0 0
3.409 0x2B main_weld 1 1 1 1 171 21.4 6.1 150 20.0 0 0 0
3.450 0x2B main_weld 1 1 1 1 180 21.4 6.1 150 20.0 0 0 0
3.490 0x2B main_weld 1 1 1 1 180 21.4 6.1 150 20.0 0 0 0
3.529 0x2B main_weld 1 1 1 1 180 21.0 6.1 150 20.0 0 0 0
3.571 0x2B main_weld 1 1 1 1 180 21.0 6.1 150 20.0 0 0 0
3.613 0x2B main_weld 1 1 1 1 180 21.1 6.1 150 20.0 0 0 0
3.664 0x2B main_weld 1 1 1 1 163 21.1 6.1 150 20.0 0 0 0
3.693 0x2B main_weld 1 1 1 1 163 21.1 6.1 150 20.0 0 0 0
3.741 0x2B main_weld 1 1 1 1 163 21.1 6.1 150 20.0 0 0 0
3.773 0x2B main_weld 1 1 1 1 163 21.0 6.1 150 20.0 0 0 0
3.814 0x2B main_weld 1 1 1 1 174 21.0 6.1 150 20.0 0 0 0
3.852 0x2B main_weld 1 1 1 1 174 21.0 6.1 150 20.0 0 0 0
3.894 0x2B main_weld 1 1 1 1 174 21.0 6.1 150 20.0 0 0 0
3.934 0x2B main_weld 1 1 1 1 174 21.0 6.1 150 20.0 0 0 0
3.970 0x2B main_weld 1 1 1 1 174 20.9 6.1 150 20.0 0 0 0
4.014 0x2B main_weld 1 1 1 1 175 20.9 6.1 150 20.0 0 0 0
4.054 0x2B main_weld 1 1 1 1 175 20.9 6.1 150 20.0 0 0 0
4.095 0x2B main_weld 1 1 1 1 175 20.9 6.1 150 20.0 0 0 0
4.131 0x2B main_weld 1 1 1 1 175 21.0 6.1 150 20.0 0 0 0
4.173 0x2B main_weld 1 1 1 1 172 21.0 6.1 150 20.0 0 0 0
4.210 0x2B main_weld 1 1 1 1 172 21.0 6.1 150 20.0 0 0 0
4.250 0x2B main_weld 1 1 1 1 177 21.0 6.1 150 20.0 0 0 0
4.296 0x2B main_weld 1 1 1 1 177 21.0 6.1 150 20.0 0 0 0
4.333 0x2B main_weld 1 1 1 1 177 21.2 6.1 150 20.0 0 0 0
4.376 0x2B main_weld 1 1 1 1 177 21.2 6.1 150 20.0 0 0 0
4.411 0x2B main_weld 1 1 1 1 177 21.0 6.1 150 20.0 0 0 0
4.453 0x2B main_weld 1 1 1 1 172 21.0 6.1 150 20.0 0 0 0
4.491 0x2B main_weld 1 1 1 1 172 21.0 6.1 150 20.0 0 0 0
4.535 0x2B main_weld 1 1 1 1 172 21.0 6.1 150 20.0 0 0 0
4.576 0x2B main_weld 1 1 1 1 172 20.8 6.1 150 20.0 0 0 0
4.610 0x2B main_weld 1 1 1 1 168 20.8 6.1 150 20.0 0 0 0
4.656 0x2B main_weld 1 1 1 1 168 20.8 6.1 150 20.0 0 0 0
4.691 0x2B main_weld 1 1 1 1 168 20.8 6.1 150 20.0 0 0 0
4.739 0x2B main_weld 1 1 1 1 175 20.8 6.1 150 20.0 0 0 0
4.771 0x2B main_weld 1 1 1 1 175 21.3 6.1 150 20.0 0 0 0
4.817 0x2B main_weld 1 1 1 1 175 21.3 6.1 150 20.0 0 0 0
4.851 0x2B main_weld 1 1 1 1 175 21.3 6.1 150 20.0 0 0 0
4.894 0x2B main_weld 1 1 1 1 177 21.3 6.1 150 20.0 0 0 0
4.938 0x2B main_weld 1 1 1 1 177 21.1 6.1 150 20.0 0 0 0
4.972 0x2B main_weld 1 1 1 1 177 21.1 6.1 150 20.0 0 0 0
5.012 0x2B main_weld 1 1 1 1 177 21.1 6.1 150 20.0 0 0 0
5.052 0x2B main_weld 1 1 1 1 177 21.3 6.1 150 20.0 0 0 0
5.095 0x2B main_weld 1 1 1 1 175 21.3 6.1 150 20.0 0 0 0
5.130 0x2B main_weld 1 1 1 1 175 21.3 6.1 150 20.0 0 0 0
5.174 0x2B main_weld 1 1 1 1 175 21.3 6.1 150 20.0 0 0 0
5.209 0x2B main_weld 1 1 1 1 175 20.8 6.1 150 20.0 0 0 0
5.252 0x2B main_weld 1 1 1 1 166 20.8 6.1 150 20.0 0 0 0
5.294 0x2B main_weld 1 1 1 1 166 20.8 6.1 150 20.0 0 0 0
5.334 0x2B main_weld 1 1 1 1 172 20.8 6.1 150 20.0 0 0 0
5.374 0x2B main_weld 1 1 1 1 172 20.8 6.1 150 20.0 0 0 0
5.410 0x2B main_weld 1 1 1 1 172 21.0 6.1 150 20.0 0 0 0
5.458 0x2B main_weld 1 1 1 1 172 21.0 6.1 150 20.0 0 0 0
5.494 0x2B main_weld 1 1 1 1 172 21.2 6.1 150 20.0 0 0 0
5.533 0x2B main_weld 1 1 1 1 170 21.2 6.1 150 20.0 0 0 0
5.582 0x2B main_weld 1 1 1 1 170 21.2 6.1 150 20.0 0 0 0
5.611 0x2B main_weld 1 1 1 1 170 21.2 6.1 150 20.0 0 0 0
5.654 0x2B main_weld 1 1 1 1 170 21.2 6.1 150 20.0 0 0 0
5.694 0x2B main_weld 1 1 1 1 175 21.0 6.1 150 20.0 0 0 0
5.733 0x2B main_weld 1 1 1 1 175 21.0 6.1 150 20.0 0 0 0
5.773 0x2B main_weld 1 1 1 1 175 21.0 6.1 150 20.0 0 0 0
5.812 0x2B main_weld 1 1 1 1 175 21.0 6.1 150 20.0 0 0 0
5.851 0x2B main_weld 1 1 1 1 175 21.2 6.1 150 20.0 0 0 0
5.889 0x2B main_weld 1 1 1 1 169 21.2 6.1 150 20.0 0 0 0
5.930 0x2B main_weld 1 1 1 1 169 21.2 6.1 150 20.0 0 0 0
5.970 0x2B main_weld 1 1 1 1 175 21.2 6.1 150 20.0 0 0 0
6.015 0x2B main_weld 1 1 1 1 175 21.2 6.1 150 20.0 0 0 0
6.056 0x2B main_weld 1 1 1 1 175 20.9 6.1 150 20.0 0 0 0
6.097 0x2B main_weld 1 1 1 1 175 20.9 6.1 150 20.0 0 0 0
6.132 0x2B main_weld 1 1 1 1 175 20.9 6.1 150 20.0 0 0 0
6.173 0x2B main_weld 1 1 1 1 170 20.9 6.1 150 20.0 0 0 0
6.213 0x2B main_weld 1 1 1 1 170 20.8 6.1 150 20.0 0 0 0
6.254 0x2B main_weld 1 1 1 1 170 20.8 6.1 150 20.0 0 0 0
6.298 0x2B main_weld 1 1 1 1 170 20.8 6.1 150 20.0 0 0 0
6.329 0x2B main_weld 1 1 1 1 177 20.8 6.1 150 20.0 0 0 0
6.372 0x2B main_weld 1 1 1 1 177 20.8 6.1 150 20.0 0 0 0
6.414 0x2B main_weld 1 1 1 1 177 21.1 6.1 150 20.0 0 0 0
6.454 0x2B main_weld 1 1 1 1 177 21.1 6.1 150 20.0 0 0 0
6.496 0x2B main_weld 1 1 1 1 168 20.8 6.1 150 20.0 0 0 0
6.531 0x2B main_weld 1 1 1 1 168 20.8 6.1 150 20.0 0 0 0
6.573 0x2B main_weld 1 1 1 1 168 20.8 6.1 150 20.0 0 0 0
6.616 0x2B main_weld 1 1 1 1 174 20.8 6.1 150 20.0 0 0 0
6.650 0x2B main_weld 1 1 1 1 174 21.0 6.1 150 20.0 0 0 0
6.690 0x2B main_weld 1 1 1 1 174 21.0 6.1 150 20.0 0 0 0
6.729 0x2B main_weld 1 1 1 1 174 21.0 6.1 150 20.0 0 0 0
6.778 0x2B main_weld 1 1 1 1 168 21.0 6.1 150 20.0 0 0 0
6.810 0x2B main_weld 1 1 1 1 168 21.0 6.1 150 20.0 0 0 0
6.857 0x2B main_weld 1 1 1 1 168 21.0 6.1 150 20.0 0 0 0
6.892 0x2B main_weld 1 1 1 1 168 21.0 6.1 150 20.0 0 0 0
6.936 0x2B main_weld 1 1 1 1 168 20.8 6.1 150 20.0 0 0 0
6.976 0x2B main_weld 1 1 1 1 171 20.8 6.1 150 20.0 0 0 0
7.019 0x2B main_weld 1 1 1 1 171 20.8 6.1 150 20.0 0 0 0
7.050 0x2B main_weld 1 1 1 1 171 20.8 6.1 150 20.0 0 0 0
7.094 0x2B main_weld 1 1 1 1 171 21.1 6.1 150 20.0 0 0 0
7.133 0x2B main_weld 1 1 1 1 169 21.1 6.1 150 20.0 0 0 0
7.175 0x2B main_weld 1 1 1 1 169 21.1 6.1 150 20.0 0 0 0
7.218 0x2B main_weld 1 1 1 1 169 21.1 6.1 150 20.0 0 0 0
7.250 0x2B main_weld 1 1 1 1 171 21.1 6.1 150 20.0 0 0 0
7.290 0x2B main_weld 1 1 1 1 171 20.8 6.1 150 20.0 0 0 0
7.334 0x2B main_weld 1 1 1 1 171 20.8 6.1 150 20.0 0 0 0
7.376 0x2B main_weld 1 1 1 1 171 20.8 6.1 150 20.0 0 0 0
7.412 0x2B main_weld 1 1 1 1 166 20.8 6.1 150 20.0 0 0 0
7.458 0x2B main_weld 1 1 1 1 166 20.8 6.1 150 20.0 0 0 0
7.490 0x2B main_weld 1 1 1 1 166 20.8 6.1 150 20.0 0 0 0
7.535 0x2B main_weld 1 1 1 1 166 20.8 6.1 150 20.0 0 0 0
7.573 0x2B main_weld 1 1 1 1 176 21.1 6.1 150 20.0 0 0 0
7.613 0x2B main_weld 1 1 1 1 176 21.1 6.1 150 20.0 0 0 0
7.650 0x2B main_weld 1 1 1 1 176 21.1 6.1 150 20.0 0 0 0
7.696 0x2B main_weld 1 1 1 1 176 21.1 6.1 150 20.0 0 0 0
7.731 0x2B main_weld 1 1 1 1 176 21.0 6.1 150 20.0 0 0 0
7.777 0x2B main_weld 1 1 1 1 171 21.0 6.1 150 20.0 0 0 0
7.812 0x2B main_weld 1 1 1 1 171 21.0 6.1 150 20.0 0 0 0
7.852 0x2B main_weld 1 1 1 1 178 21.0 6.1 150 20.0 0 0 0
7.893 0x2B main_weld 1 1 1 1 178 21.0 6.1 150 20.0 0 0 0
7.936 0x2B main_weld 1 1 1 1 178 21.0 6.1 150 20.0 0 0 0
7.973 0x2B main_weld 1 1 1 1 178 21.0 6.1 150 20.0 0 0 0
8.016 0x2B main_weld 1 1 1 1 178 21.0 6.1 150 20.0 0 0 0
8.052 0x2B main_weld 1 1 1 1 168 21.0 6.1 150 20.0 0 0 0
8.093 0x2B main_weld 1 1 1 1 168 21.0 6.1 150 20.0 0 0 0
8.129 0x2B main_weld 1 1 1 1 168 21.0 6.1 150 20.0 0 0 0
8.174 0x2B main_weld 1 1 1 1 168 21.0 6.1 150 20.0 0 0 0
8.210 0x2B main_weld 1 1 1 1 171 21.1 6.1 150 20.0 0 0 0
8.251 0x2B main_weld 1 1 1 1 171 21.1 6.1 150 20.0 0 0 0
8.290 0x2B main_weld 1 1 1 1 171 21.1 6.1 150 20.0 0 0 0
8.331 0x2B main_weld 1 1 1 1 171 21.1 6.1 150 20.0 0 0 0
8.380 0x2B main_weld 1 1 1 1 171 20.9 6.1 150 20.0 0 0 0
8.412 0x2B main_weld 1 1 1 1 175 20.9 6.1 150 20.0 0 0 0
8.453 0x2B main_weld 1 1 1 1 175 20.9 6.1 150 20.0 0 0 0
8.494 0x2B main_weld 1 1 1 1 175 20.9 6.1 150 20.0 0 0 0
8.531 0x2B main_weld 1 1 1 1 175 20.9 6.1 150 20.0 0 0 0
8.571 0x2B main_weld 1 1 1 1 175 21.2 6.1 150 20.0 0 0 0
8.609 0x2B main_weld 1 1 1 1 175 21.2 6.1 150 20.0 0 0 0
8.650 0x2B main_weld 1 1 1 1 175 21.2 6.1 150 20.0 0 0 0
8.690 0x2B main_weld 1 1 1 1 170 21.2 6.1 150 20.0 0 0 0
8.731 0x2B main_weld 1 1 1 1 170 21.1 6.1 150 20.0 0 0 0
8.773 0x2B main_weld 1 1 1 1 170 21.1 6.1 150 20.0 0 0 0
8.810 0x2B main_weld 1 1 1 1 170 21.0 6.1 150 20.0 0 0 0
8.853 0x2B main_weld 1 1 1 1 170 21.0 6.1 150 20.0 0 0 0
8.890 0x2B main_weld 1 1 1 1 170 21.0 6.1 150 20.0 0 0 0
8.936 0x2B main_weld 1 1 1 1 170 21.0 6.1 150 20.0 0 0 0
8.974 0x2B main_weld 1 1 1 1 170 21.0 6.1 150 20.0 0 0 0
9.012 0x2B main_weld 1 1 1 1 170 20.9 6.1 150 20.0 0 0 0
9.053 0x2B main_weld 1 1 1 1 169 20.9 6.1 150 20.0 0 0 0
9.093 0x2B main_weld 1 1 1 1 169 20.9 6.1 150 20.0 0 0 0
9.134 0x2B main_weld 1 1 1 1 172 20.9 6.1 150 20.0 0 0 0
9.173 0x2B main_weld 1 1 1 1 172 20.9 6.1 150 20.0 0 0 0
9.209 0x2B main_weld 1 1 1 1 172 20.9 6.1 150 20.0 0 0 0
9.249 0x2B main_weld 1 1 1 1 172 20.9 6.1 150 20.0 0 0 0
9.290 0x2B main_weld 1 1 1 1 172 21.0 6.1 150 20.0 0 0 0
9.337 0x2B main_weld 1 1 1 1 172 21.0 6.1 150 20.0 0 0 0
9.375 0x2B main_weld 1 1 1 1 172 21.0 6.1 150 20.0 0 0 0
9.411 0x2B main_weld 1 1 1 1 174 21.0 6.1 150 20.0 0 0 0
9.452 0x2B main_weld 1 1 1 1 174 20.9 6.1 150 20.0 0 0 0
9.493 0x2B main_weld 1 1 1 1 168 20.9 6.1 150 20.0 0 0 0
9.533 0x2B main_weld 1 1 1 1 168 20.9 6.1 150 20.0 0 0 0
9.574 0x2B main_weld 1 1 1 1 168 20.9 6.1 150 20.0 0 0 0
9.614 0x2B main_weld 1 1 1 1 168 20.9 6.1 150 20.0 0 0 0
9.658 0x2B main_weld 1 1 1 1 168 20.9 6.1 150 20.0 0 0 0
9.694 0x2B main_weld 1 1 1 1 168 20.9 6.1 150 20.0 0 0 0
9.733 0x2B main_weld 1 1 1 1 170 20.9 6.1 150 20.0 0 0 0
9.776 0x2B main_weld 1 1 1 1 170 20.9 6.1 150 20.0 0 0 0
9.815 0x2B main_weld 1 1 1 1 170 20.9 6.1 150 20.0 0 0 0
9.852 0x2B main_weld 1 1 1 1 170 20.9 6.1 150 20.0 0 0 0
9.895 0x2B main_weld 1 1 1 1 170 21.2 6.1 150 20.0 0 0 0
9.930 0x2B main_weld 1 1 1 1 170 21.2 6.1 150 20.0 0 0 0
9.977 0x2B main_weld 1 1 1 1 170 21.2 6.1 150 20.0 0 0 0
10.014 0x2B main_weld 1 1 1 1 170 21.2 6.1 150 20.0 0 0 0
10.052 0x2B main_weld 1 1 1 1 170 21.2 6.1 150 20.0 0 0 0
10.092 0x2B main_weld 1 1 1 1 171 20.9 6.1 150 20.0 0 0 0
10.134 0x2B main_weld 1 1 1 1 171 20.9 6.1 150 20.0 0 0 0
10.175 0x2B main_weld 1 1 1 1 171 20.9 6.1 150 20.0 0 0 0
10.214 0x2B main_weld 1 1 1 1 171 20.9 6.1 150 20.0 0 0 0
10.251 0x2B main_weld 1 1 1 1 171 21.2 6.1 150 20.0 0 0 0
10.290 0x2B main_weld 1 1 1 1 169 21.2 6.1 150 20.0 0 0 0
10.335 0x2B main_weld 1 1 1 1 169 21.2 6.1 150 20.0 0 0 0
10.374 0x2B main_weld 1 1 1 1 171 21.2 6.1 150 20.0 0 0 0
10.416 0x2B main_weld 1 1 1 1 171 21.2 6.1 150 20.0 0 0 0
10.460 0x2B main_weld 1 1 1 1 171 20.8 6.1 150 20.0 0 0 0
10.500 0x2B main_weld 1 1 1 1 171 20.8 6.1 150 20.0 0 0 0
10.537 0x2B main_weld 1 1 1 1 171 21.0 6.1 150 20.0 0 0 0
10.573 0x2B main_weld 1 1 1 1 170 21.0 6.1 150 20.0 0 0 0
10.613 0x2B main_weld 1 1 1 1 170 21.0 6.1 150 20.0 0 0 0
10.652 0x2B main_weld 1 1 1 1 170 21.0 6.1 150 20.0 0 0 0
10.702 0x2B main_weld 1 1 1 1 170 21.0 6.1 150 20.0 0 0 0
10.737 0x2B main_weld 1 1 1 1 169 21.0 6.1 150 20.0 0 0 0
10.781 0x2B main_weld 1 1 1 1 169 21.0 6.1 150 20.0 0 0 0
10.814 0x2B main_weld 1 1 1 1 169 21.0 6.1 150 20.0 0 0 0
10.852 0x2B main_weld 1 1 1 1 169 21.0 6.1 150 20.0 0 0 0
10.896 0x2B main_weld 1 1 1 1 169 21.2 6.1 150 20.0 0 0 0
10.941 0x2B main_weld 1 1 1 1 170 21.2 6.1 150 20.0 0 0 0
10.979 0x2B main_weld 1 1 1 1 170 21.2 6.1 150 20.0 0 0 0
11.017 0x2B main_weld 1 1 1 1 172 21.2 6.1 150 20.0 0 0 0
11.053 0x2B main_weld 1 1 1 1 172 21.2 6.1 150 20.0 0 0 0
11.096 0x2B main_weld 1 1 1 1 172 21.0 6.1 150 20.0 0 0 0
11.131 0x2B main_weld 1 1 1 1 172 21.0 6.1 150 20.0 0 0 0
11.179 0x2B main_weld 1 1 1 1 164 20.7 6.1 150 20.0 0 0 0
11.221 0x2B main_weld 1 1 1 1 164 20.7 6.1 150 20.0 0 0 0
11.254 0x2B main_weld 1 1 1 1 164 20.7 6.1 150 20.0 0 0 0
11.293 0x2B main_weld 1 1 1 1 164 20.7 6.1 150 20.0 0 0 0
11.339 0x2B main_weld 1 1 1 1 164 21.0 6.1 150 20.0 0 0 0
11.373 0x2B main_weld 1 1 1 1 171 21.0 6.1 150 20.0 0 0 0
11.418 0x2B main_weld 1 1 1 1 171 21.0 6.1 150 20.0 0 0 0
11.455 0x2B main_weld 1 1 1 1 172 21.0 6.1 150 20.0 0 0 0
11.495 0x2B main_weld 1 1 1 1 172 21.0 6.1 150 20.0 0 0 0
11.534 0x2B main_weld 1 1 1 1 172 21.1 6.1 150 20.0 0 0 0
11.573 0x2B main_weld 1 1 1 1 172 21.1 6.1 150 20.0 0 0 0
11.612 0x2B main_weld 1 1 1 1 172 21.1 6.1 150 20.0 0 0 0
11.652 0x2B main_weld 1 1 1 1 172 21.1 6.1 150 20.0 0 0 0
11.698 0x2B main_weld 1 1 1 1 172 21.1 6.1 150 20.0 0 0 0
11.735 0x2B main_weld 1 1 1 1 172 21.1 6.1 150 20.0 0 0 0
11.772 0x2B main_weld 1 1 1 1 172 21.1 6.1 150 20.0 0 0 0
11.815 0x2B main_weld 1 1 1 1 169 21.1 6.1 150 20.0 0 0 0
11.852 0x2B main_weld 1 1 1 1 169 21.1 6.1 150 20.0 0 0 0
11.896 0x2B main_weld 1 1 1 1 169 21.1 6.1 150 20.0 0 0 0
11.940 0x2B main_weld 1 1 1 1 169 21.1 6.1 150 20.0 0 0 0
11.976 0x2B main_weld 1 1 1 1 169 21.2 6.1 150 20.0 0 0 0
12.014 0x2B main_weld 1 1 1 1 168 21.2 6.1 150 20.0 0 0 0
12.055 0x2B main_weld 1 1 1 1 168 21.2 6.1 150 20.0 0 0 0
12.098 0x2B main_weld 1 1 1 1 168 21.2 6.1 150 20.0 0 0 0
12.137 0x2B main_weld 1 1 1 1 168 21.1 6.1 150 20.0 0 0 0
12.174 0x2B main_weld 1 1 1 1 163 21.1 6.1 150 20.0 0 0 0
12.210 0x2B main_weld 1 1 1 1 163 21.1 6.1 150 20.0 0 0 0
12.258 0x2B main_weld 1 1 1 1 171 21.1 6.1 150 20.0 0 0 0
12.294 0x2B main_weld 1 1 1 1 171 21.1 6.1 150 20.0 0 0 0
12.329 0x2B main_weld 1 1 1 1 171 21.0 6.1 150 20.0 0 0 0
12.372 0x2B main_weld 1 1 1 1 171 21.0 6.1 150 20.0 0 0 0
12.425 0x2B main_weld 1 1 1 1 171 21.1 6.1 150 20.0 0 0 0
12.458 0x2B main_weld 1 1 1 1 169 21.1 6.1 150 20.0 0 0 0
12.499 0x2B main_weld 1 1 1 1 169 21.1 6.1 150 20.0 0 0 0
12.533 0x2B main_weld 1 1 1 1 169 21.1 6.1 150 20.0 0 0 0
12.572 0x2B main_weld 1 1 1 1 169 21.1 6.1 150 20.0 0 0 0
12.631 0x2B main_weld 1 1 1 1 180 21.1 6.1 150 20.0 0 0 0
12.659 0x2B main_weld 1 1 1 1 180 21.1 6.1 150 20.0 0 0 0
12.693 0x2B main_weld 1 1 1 1 180 21.1 6.1 150 20.0 0 0 0
12.734 0x2B main_weld 1 1 1 1 180 21.1 6.1 150 20.0 0 0 0
12.775 0x2B main_weld 1 1 1 1 180 21.4 6.1 150 20.0 0 0 0
12.810 0x2B main_weld 1 1 1 1 162 21.4 6.1 150 20.0 0 0 0
12.852 0x2B main_weld 1 1 1 1 162 21.4 6.1 150 20.0 0 0 0
12.892 0x2B main_weld 1 1 1 1 174 21.4 6.1 150 20.0 0 0 0
12.938 0x2B main_weld 1 1 1 1 174 21.4 6.1 150 20.0 0 0 0
12.975 0x2B main_weld 1 1 1 1 174 21.2 6.1 150 20.0 0 0 0
13.013 0x2B main_weld 1 1 1 1 174 21.2 6.1 150 20.0 0 0 0
13.053 0x2B main_weld 1 1 1 1 174 20.9 6.1 150 20.0 0 0 0
13.094 0x2B main_weld 1 1 1 1 168 20.9 6.1 150 20.0 0 0 0
13.135 0x2B main_weld 1 1 1 1 168 20.9 6.1 150 20.0 0 0 0
13.171 0x2B main_weld 1 1 1 1 168 20.9 6.1 150 20.0 0 0 0
13.214 0x2B main_weld 1 1 1 1 168 21.2 6.1 150 20.0 0 0 0
13.253 0x2B main_weld 1 1 1 1 168 21.2 6.1 150 20.0 0 0 0
13.293 0x2B main_weld 1 1 1 1 168 21.2 6.1 150 20.0 0 0 0
13.334 0x2B main_weld 1 1 1 1 166 21.2 6.1 150 20.0 0 0 0
13.374 0x2B main_weld 1 1 1 1 166 21.2 6.1 150 20.0 0 0 0
13.416 0x2B main_weld 1 1 1 1 166 21.4 6.1 150 20.0 0 0 0
13.451 0x2B main_weld 1 1 1 1 166 21.4 6.1 150 20.0 0 0 0
13.494 0x2B main_weld 1 1 1 1 166 21.4 6.1 150 20.0 0 0 0
13.530 0x2B main_weld 1 1 1 1 176 21.4 6.1 150 20.0 0 0 0
13.572 0x2B main_weld 1 1 1 1 176 20.6 6.1 150 20.0 0 0 0
13.611 0x2B main_weld 1 1 1 1 176 20.6 6.1 150 20.0 0 0 0
13.650 0x2B main_weld 1 1 1 1 176 20.6 6.1 150 20.0 0 0 0
13.702 0x2B main_weld 1 1 1 1 154 21.0 6.1 150 20.0 0 0 0
13.733 0x2B main_weld 1 1 1 1 154 21.0 6.1 150 20.0 0 0 0
13.781 0x2B main_weld 1 1 1 1 154 21.0 6.1 150 20.0 0 0 0
13.819 0x2B main_weld 1 1 1 1 154 21.0 6.1 150 20.0 0 0 0
13.861 0x2B main_weld 1 1 1 1 154 21.0 6.1 150 20.0 0 0 0
13.892 0x2B main_weld 1 1 1 1 174 21.0 6.1 150 20.0 0 0 0
13.929 0x2B main_weld 1 1 1 1 174 21.0 6.1 150 20.0 0 0 0
13.975 0x2B main_weld 1 1 1 1 174 21.0 6.1 150 20.0 0 0 0
14.016 0x2B main_weld 1 1 1 1 174 21.0 6.1 150 20.0 0 0 0
14.054 0x2B main_weld 1 1 1 1 169 21.3 6.1 150 20.0 0 0 0
14.096 0x2B main_weld 1 1 1 1 169 21.3 6.1 150 20.0 0 0 0
14.135 0x2B main_weld 1 1 1 1 169 21.3 6.1 150 20.0 0 0 0
14.175 0x2B main_weld 1 1 1 1 165 21.3 6.1 150 20.0 0 0 0
14.216 0x2B main_weld 1 1 1 1 165 20.9 6.1 150 20.0 0 0 0
14.250 0x2B main_weld 1 1 1 1 165 20.9 6.1 150 20.0 0 0 0
14.298 0x2B main_weld 1 1 1 1 165 21.1 6.1 150 20.0 0 0 0
14.334 0x2B main_weld 1 1 1 1 169 21.1 6.1 150 20.0 0 0 0
14.376 0x2B main_weld 1 1 1 1 169 21.1 6.1 150 20.0 0 0 0
14.419 0x2B main_weld 1 1 1 1 169 21.1 6.1 150 20.0 0 0 0
14.454 0x2B main_weld 1 1 1 1 169 21.1 6.1 150 20.0 0 0 0
14.491 0x2B main_weld 1 1 1 1 169 20.9 6.1 150 20.0 0 0 0
14.534 0x2B main_weld 1 1 1 1 159 20.9 6.1 150 20.0 0 0 0
14.575 0x2B main_weld 1 1 1 1 159 20.9 6.1 150 20.0 0 0 0
14.611 0x2B main_weld 1 1 1 1 159 20.9 6.1 150 20.0 0 0 0
14.650 0x2B main_weld 1 1 1 1 159 20.9 6.1 150 20.0 0 0 0
14.705 0x2B main_weld 1 1 1 1 176 20.9 6.1 150 20.0 0 0 0
14.736 0x2B main_weld 1 1 1 1 176 20.9 6.1 150 20.0 0 0 0
14.772 0x2B main_weld 1 1 1 1 176 20.9 6.1 150 20.0 0 0 0
14.812 0x2B main_weld 1 1 1 1 174 20.9 6.1 150 20.0 0 0 0
14.854 0x2B main_weld 1 1 1 1 174 20.8 6.1 150 20.0 0 0 0
14.891 0x2B main_weld 1 1 1 1 174 20.8 6.1 150 20.0 0 0 0
14.939 0x2B main_weld 1 1 1 1 174 21.2 6.1 150 20.0 0 0 0
14.976 0x2B main_weld 1 1 1 1 168 21.2 6.1 150 20.0 0 0 0
15.014 0x2B main_weld 1 1 1 1 168 21.2 6.1 150 20.0 0 0 0
15.052 0x2B main_weld 1 1 1 1 168 21.2 6.1 150 20.0 0 0 0
15.089 0x2B main_weld 1 1 1 1 168 21.2 6.1 150 20.0 0 0 0
15.142 0x2B main_weld 1 1 1 1 175 21.2 6.1 150 20.0 0 0 0
15.178 0x2B main_weld 1 1 1 1 175 21.2 6.1 150 20.0 0 0 0
15.213 0x2B main_weld 1 1 1 1 175 21.2 6.1 150 20.0 0 0 0
15.253 0x2B main_weld 1 1 1 1 166 21.2 6.1 150 20.0 0 0 0
15.294 0x2B main_weld 1 1 1 1 166 21.2 6.1 150 20.0 0 0 0
15.330 0x2B main_weld 1 1 1 1 166 21.2 6.1 150 20.0 0 0 0
15.379 0x2B main_weld 1 1 1 1 166 21.1 6.1 150 20.0 0 0 0
15.416 0x2B main_weld 1 1 1 1 168 21.1 6.1 150 20.0 0 0 0
15.452 0x2B main_weld 1 1 1 1 168 21.1 6.1 150 20.0 0 0 0
15.502 0x2B main_weld 1 1 1 1 168 21.1 6.1 150 20.0 0 0 0
15.530 0x2B main_weld 1 1 1 1 168 21.1 6.1 150 20.0 0 0 0
15.572 0x2B main_weld 1 1 1 1 168 21.1 6.1 150 20.0 0 0 0
15.618 0x2B main_weld 1 1 1 1 170 21.1 6.1 150 20.0 0 0 0
15.656 0x2B main_weld 1 1 1 1 170 21.1 6.1 150 20.0 0 0 0
15.693 0x2B main_weld 1 1 1 1 170 21.1 6.1 150 20.0 0 0 0
15.731 0x2B main_weld 1 1 1 1 170 21.2 6.1 150 20.0 0 0 0
15.775 0x2B main_weld 1 1 1 1 170 21.2 6.1 150 20.0 0 0 0
15.816 0x2B main_weld 1 1 1 1 170 21.2 6.1 150 20.0 0 0 0
15.851 0x2B main_weld 1 1 1 1 169 21.2 6.1 150 20.0 0 0 0
15.893 0x2B main_weld 1 1 1 1 169 21.2 6.1 150 20.0 0 0 0
15.940 0x2B main_weld 1 1 1 1 169 21.0 6.1 150 20.0 0 0 0
15.977 0x2B main_weld 1 1 1 1 169 21.0 6.1 150 20.0 0 0 0
16.014 0x2B main_weld 1 1 1 1 169 21.0 6.1 150 20.0 0 0 0
16.056 0x2B main_weld 1 1 1 1 170 21.0 6.1 150 20.0 0 0 0
16.096 0x2B main_weld 1 1 1 1 170 21.1 6.1 150 20.0 0 0 0
16.134 0x2B main_weld 1 1 1 1 170 21.1 6.1 150 20.0 0 0 0
16.177 0x2B main_weld 1 1 1 1 170 21.1 6.1 150 20.0 0 0 0
16.213 0x2B main_weld 1 1 1 1 174 20.9 6.1 150 20.0 0 0 0
16.252 0x2B main_weld 1 1 1 1 174 20.9 6.1 150 20.0 0 0 0
16.290 0x2B main_weld 1 1 1 1 174 20.9 6.1 150 20.0 0 0 0
16.331 0x2B main_weld 1 1 1 1 174 20.9 6.1 150 20.0 0 0 0
16.372 0x2B main_weld 1 1 1 1 174 21.1 6.1 150 20.0 0 0 0
16.416 0x2B main_weld 1 1 1 1 168 21.1 6.1 150 20.0 0 0 0
16.454 0x2B main_weld 1 1 1 1 168 21.1 6.1 150 20.0 0 0 0
16.494 0x2B main_weld 1 1 1 1 168 21.1 6.1 150 20.0 0 0 0
16.533 0x2B main_weld 1 1 1 1 168 21.1 6.1 150 20.0 0 0 0
16.571 0x2B main_weld 1 1 1 1 182 21.1 6.1 150 20.0 0 0 0
16.616 0x2B main_weld 1 1 1 1 182 21.1 6.1 150 20.0 0 0 0
16.652 0x2B main_weld 1 1 1 1 182 21.1 6.1 150 20.0 0 0 0
16.693 0x2B main_weld 1 1 1 1 158 21.1 6.1 150 20.0 0 0 0
16.734 0x2B main_weld 1 1 1 1 158 20.9 6.1 150 20.0 0 0 0
16.771 0x2B main_weld 1 1 1 1 158 20.9 6.1 150 20.0 0 0 0
16.811 0x2B main_weld 1 1 1 1 158 20.9 6.1 150 20.0 0 0 0
16.850 0x2B main_weld 1 1 1 1 172 21.2 6.1 150 20.0 0 0 0
16.898 0x2B main_weld 1 1 1 1 172 21.2 6.1 150 20.0 0 0 0
16.938 0x2B main_weld 1 1 1 1 172 21.2 6.1 150 20.0 0 0 0
16.978 0x2B main_weld 1 1 1 1 172 21.2 6.1 150 20.0 0 0 0
17.012 0x2B main_weld 1 1 1 1 172 20.8 6.1 150 20.0 0 0 0
17.051 0x2B main_weld 1 1 1 1 170 20.8 6.1 150 20.0 0 0 0
17.091 0x2B main_weld 1 1 1 1 170 20.8 6.1 150 20.0 0 0 0
17.137 0x2B main_weld 1 1 1 1 170 20.8 6.1 150 20.0 0 0 0
17.179 0x2B main_weld 1 1 1 1 170 21.2 6.1 150 20.0 0 0 0
17.215 0x2B main_weld 1 1 1 1 170 21.2 6.1 150 20.0 0 0 0
17.251 0x2B main_weld 1 1 1 1 170 21.2 6.1 150 20.0 0 0 0
17.296 0x2B main_weld 1 1 1 1 169 21.2 6.1 150 20.0 0 0 0
17.337 0x2B main_weld 1 1 1 1 169 21.2 6.1 150 20.0 0 0 0
17.373 0x2B main_weld 1 1 1 1 169 21.1 6.1 150 20.0 0 0 0
17.423 0x2B main_weld 1 1 1 1 169 21.1 6.1 150 20.0 0 0 0
17.457 0x2B main_weld 1 1 1 1 169 20.8 6.1 150 20.0 0 0 0
17.494 0x2B main_weld 1 1 1 1 169 20.8 6.1 150 20.0 0 0 0
17.535 0x2B main_weld 1 1 1 1 169 20.8 6.1 150 20.0 0 0 0
17.570 0x2B main_weld 1 1 1 1 169 20.8 6.1 150 20.0 0 0 0
17.615 0x2B main_weld 1 1 1 1 169 20.8 6.1 150 20.0 0 0 0
17.651 0x2B main_weld 1 1 1 1 169 21.0 6.1 150 20.0 0 0 0
17.693 0x2B main_weld 1 1 1 1 170 21.0 6.1 150 20.0 0 0 0
17.729 0x2B main_weld 1 1 1 1 170 21.0 6.1 150 20.0 0 0 0
17.772 0x2B main_weld 1 1 1 1 170 21.0 6.1 150 20.0 0 0 0
17.815 0x2B main_weld 1 1 1 1 170 21.0 6.1 150 20.0 0 0 0
17.851 0x2B main_weld 1 1 1 1 170 21.0 6.1 150 20.0 0 0 0
17.894 0x2B main_weld 1 1 1 1 170 21.0 6.1 150 20.0 0 0 0
17.940 0x2B main_weld 1 1 1 1 163 21.0 6.1 150 20.0 0 0 0
17.974 0x2B main_weld 1 1 1 1 163 21.0 6.1 150 20.0 0 0 0
18.011 0x2B main_weld 1 1 1 1 163 21.4 6.1 150 20.0 0 0 0
18.051 0x2B main_weld 1 1 1 1 163 21.4 6.1 150 20.0 0 0 0
18.093 0x2B main_weld 1 1 1 1 163 21.0 6.1 150 20.0 0 0 0
18.136 0x2B main_weld 1 1 1 1 168 21.0 6.1 150 20.0 0 0 0
18.176 0x2B main_weld 1 1 1 1 168 21.0 6.1 150 20.0 0 0 0
18.211 0x2B main_weld 1 1 1 1 168 21.0 6.1 150 20.0 0 0 0
18.251 0x2B main_weld 1 1 1 1 168 21.0 6.1 150 20.0 0 0 0
18.290 0x2B main_weld 1 1 1 1 168 21.0 6.1 150 20.0 0 0 0
18.341 0x2B main_weld 1 1 1 1 168 21.0 6.1 150 20.0 0 0 0
18.374 0x2B main_weld 1 1 1 1 163 21.0 6.1 150 20.0 0 0 0
18.414 0x2B main_weld 1 1 1 1 163 21.0 6.1 150 20.0 0 0 0
18.453 0x2B main_weld 1 1 1 1 163 21.0 6.1 150 20.0 0 0 0
18.495 0x2B main_weld 1 1 1 1 174 21.0 6.1 150 20.0 0 0 0
18.535 0x2B main_weld 1 1 1 1 174 21.0 6.1 150 20.0 0 0 0
18.570 0x2B main_weld 1 1 1 1 176 21.0 6.1 150 20.0 0 0 0
18.612 0x2B main_weld 1 1 1 1 176 21.0 6.1 150 20.0 0 0 0
18.650 0x2B main_weld 1 1 1 1 176 21.2 6.1 150 20.0 0 0 0
18.697 0x2B main_weld 1 1 1 1 176 21.2 6.1 150 20.0 0 0 0
18.732 0x2B main_weld 1 1 1 1 176 20.9 6.1 150 20.0 0 0 0
18.773 0x2B main_weld 1 1 1 1 164 20.9 6.1 150 20.0 0 0 0
18.811 0x2B main_weld 1 1 1 1 164 20.9 6.1 150 20.0 0 0 0
18.854 0x2B main_weld 1 1 1 1 164 20.9 6.1 150 20.0 0 0 0
18.893 0x2B main_weld 1 1 1 1 164 21.1 6.1 150 20.0 0 0 0
18.934 0x2B main_weld 1 1 1 1 170 21.1 6.1 150 20.0 0 0 0
18.973 0x2B main_weld 1 1 1 1 170 21.1 6.1 150 20.0 0 0 0
19.013 0x2B main_weld 1 1 1 1 169 21.1 6.1 150 20.0 0 0 0
19.051 0x2B main_weld 1 1 1 1 169 21.1 6.1 150 20.0 0 0 0
19.093 0x2B main_weld 1 1 1 1 169 21.2 6.1 150 20.0 0 0 0
19.132 0x2B main_weld 1 1 1 1 169 21.2 6.1 150 20.0 0 0 0
19.173 0x2B main_weld 1 1 1 1 169 21.0 6.1 150 20.0 0 0 0
19.216 0x2B main_weld 1 1 1 1 165 21.0 6.1 150 20.0 0 0 0
19.255 0x2B main_weld 1 1 1 1 165 21.0 6.1 150 20.0 0 0 0
19.291 0x2B main_weld 1 1 1 1 165 21.0 6.1 150 20.0 0 0 0
19.330 0x2B main_weld 1 1 1 1 165 21.0 6.1 150 20.0 0 0 0
19.370 0x2B main_weld 1 1 1 1 170 21.1 6.1 150 20.0 0 0 0
19.413 0x2B main_weld 1 1 1 1 170 21.1 6.1 150 20.0 0 0 0
19.455 0x2B main_weld 1 1 1 1 170 21.1 6.1 150 20.0 0 0 0
19.492 0x2B main_weld 1 1 1 1 170 21.1 6.1 150 20.0 0 0 0
19.533 0x2B main_weld 1 1 1 1 170 21.1 6.1 150 20.0 0 0 0
19.578 0x2B main_weld 1 1 1 1 166 21.1 6.1 150 20.0 0 0 0
19.613 0x2B main_weld 1 1 1 1 166 21.1 6.1 150 20.0 0 0 0
19.652 0x2B main_weld 1 1 1 1 174 21.1 6.1 150 20.0 0 0 0
19.695 0x2B main_weld 1 1 1 1 174 20.5 6.1 150 20.0 0 0 0
19.740 0x2B main_weld 1 1 1 1 174 20.5 6.1 150 20.0 0 0 0
19.771 0x2B main_weld 1 1 1 1 174 20.5 6.1 150 20.0 0 0 0
19.811 0x2B main_weld 1 1 1 1 174 20.5 6.1 150 20.0 0 0 0
19.859 0x2B main_weld 1 1 1 1 158 20.5 6.1 150 20.0 0 0 0
19.892 0x2B main_weld 1 1 1 1 158 21.0 6.1 150 20.0 0 0 0
19.933 0x2B main_weld 1 1 1 1 158 21.0 6.1 150 20.0 0 0 0
19.972 0x2B main_weld 1 1 1 1 158 20.9 6.1 150 20.0 0 0 0
20.011 0x2B main_weld 1 1 1 1 166 20.9 6.1 150 20.0 0 0 0
20.051 0x2B main_weld 1 1 1 1 166 20.9 6.1 150 20.0 0 0 0
20.094 0x2B main_weld 1 1 1 1 166 20.9 6.1 150 20.0 0 0 0
20.132 0x2B main_weld 1 1 1 1 166 20.9 6.1 150 20.0 0 0 0
20.175 0x2B main_weld 1 1 1 1 166 20.7 6.1 150 20.0 0 0 0
20.210 0x2B main_weld 1 1 1 1 166 20.7 6.1 150 20.0 0 0 0
20.252 0x2B main_weld 1 1 1 1 166 20.7 6.1 150 20.0 0 0 0
20.290 0x2B main_weld 1 1 1 1 166 20.7 6.1 150 20.0 0 0 0
20.331 0x2B main_weld 1 1 1 1 166 20.7 6.1 150 20.0 0 0 0
20.373 0x2B main_weld 1 1 1 1 165 20.7 6.1 150 20.0 0 0 0
20.413 0x2B main_weld 1 1 1 1 165 20.7 6.1 150 20.0 0 0 0
20.453 0x2B main_weld 1 1 1 1 163 20.7 6.1 150 20.0 0 0 0
20.493 0x2B main_weld 1 1 1 1 163 20.7 6.1 150 20.0 0 0 0
20.532 0x2B main_weld 1 1 1 1 163 21.0 6.1 150 20.0 0 0 0
20.571 0x2B main_weld 1 1 1 1 163 21.0 6.1 150 20.0 0 0 0
20.617 0x2B main_weld 1 1 1 1 163 20.9 6.1 150 20.0 0 0 0
20.659 0x2B main_weld 1 1 1 1 168 20.9 6.1 150 20.0 0 0 0
20.693 0x2B main_weld 1 1 1 1 168 20.9 6.1 150 20.0 0 0 0
20.736 0x2B main_weld 1 1 1 1 168 20.9 6.1 150 20.0 0 0 0
20.774 0x2B main_weld 1 1 1 1 168 21.1 6.1 150 20.0 0 0 0
20.815 0x2B main_weld 1 1 1 1 168 21.1 6.1 150 20.0 0 0 0
20.855 0x2B main_weld 1 1 1 1 168 21.1 6.1 150 20.0 0 0 0
20.895 0x2B main_weld 1 1 1 1 168 21.1 6.1 150 20.0 0 0 0
20.932 0x2B main_weld 1 1 1 1 170 21.1 6.1 150 20.0 0 0 0
20.973 0x2B main_weld 1 1 1 1 170 20.7 6.1 150 20.0 0 0 0
21.013 0x2B main_weld 1 1 1 1 170 20.7 6.1 150 20.0 0 0 0
21.056 0x2B main_weld 1 1 1 1 170 21.0 6.1 150 20.0 0 0 0
21.090 0x2B main_weld 1 1 1 1 174 21.0 6.1 150 20.0 0 0 0
21.133 0x2B main_weld 1 1 1 1 174 21.0 6.1 150 20.0 0 0 0
21.173 0x2B main_weld 1 1 1 1 174 21.0 6.1 150 20.0 0 0 0
21.211 0x2B main_weld 1 1 1 1 174 21.0 6.1 150 20.0 0 0 0
21.252 0x2B main_weld 1 1 1 1 174 20.9 6.1 150 20.0 0 0 0
21.293 0x2B main_weld 1 1 1 1 164 20.9 6.1 150 20.0 0 0 0
21.332 0x2B main_weld 1 1 1 1 164 20.9 6.1 150 20.0 0 0 0
21.371 0x2B main_weld 1 1 1 1 164 20.9 6.1 150 20.0 0 0 0
21.414 0x2B main_weld 1 1 1 1 164 20.9 6.1 150 20.0 0 0 0
21.457 0x2B main_weld 1 1 1 1 172 20.9 6.1 150 20.0 0 0 0
21.493 0x2B main_weld 1 1 1 1 172 20.9 6.1 150 20.0 0 0 0
21.535 0x2B main_weld 1 1 1 1 169 20.9 6.1 150 20.0 0 0 0
21.575 0x2B main_weld 1 1 1 1 169 20.9 6.1 150 20.0 0 0 0
21.612 0x2B main_weld 1 1 1 1 169 21.2 6.1 150 20.0 0 0 0
21.651 0x2B main_weld 1 1 1 1 169 21.2 6.1 150 20.0 0 0 0
21.695 0x2B main_weld 1 1 1 1 169 21.1 6.1 150 20.0 0 0 0
21.734 0x2B main_weld 1 1 1 1 175 21.1 6.1 150 20.0 0 0 0
21.775 0x2B main_weld 1 1 1 1 175 21.1 6.1 150 20.0 0 0 0
21.810 0x2B main_weld 1 1 1 1 175 21.1 6.1 150 20.0 0 0 0
21.854 0x2B main_weld 1 1 1 1 175 20.9 6.1 150 20.0 0 0 0
21.893 0x2B main_weld 1 1 1 1 166 20.9 6.1 150 20.0 0 0 0
21.939 0x2B main_weld 1 1 1 1 166 20.9 6.1 150 20.0 0 0 0
21.972 0x2B main_weld 1 1 1 1 166 20.9 6.1 150 20.0 0 0 0
22.016 0x2B main_weld 1 1 1 1 166 20.9 6.1 150 20.0 0 0 0
22.053 0x2B main_weld 1 1 1 1 166 21.2 6.1 150 20.0 0 0 0
22.090 0x2B main_weld 1 1 1 1 164 21.2 6.1 150 20.0 0 0 0
22.131 0x2B main_weld 1 1 1 1 164 21.2 6.1 150 20.0 0 0 0
22.174 0x2B main_weld 1 1 1 1 164 21.2 6.1 150 20.0 0 0 0
22.215 0x2B main_weld 1 1 1 1 164 21.1 6.1 150 20.0 0 0 0
22.257 0x2B main_weld 1 1 1 1 170 21.1 6.1 150 20.0 0 0 0
22.295 0x2B main_weld 1 1 1 1 170 21.1 6.1 150 20.0 0 0 0
22.337 0x2B main_weld 1 1 1 1 166 21.1 6.1 150 20.0 0 0 0
22.375 0x2B main_weld 1 1 1 1 166 21.1 6.1 150 20.0 0 0 0
22.414 0x2B main_weld 1 1 1 1 166 21.2 6.1 150 20.0 0 0 0
22.456 0x2B main_weld 1 1 1 1 166 21.2 6.1 150 20.0 0 0 0
22.496 0x2B main_weld 1 1 1 1 166 20.9 6.1 150 20.0 0 0 0
22.535 0x2B main_weld 1 1 1 1 171 20.9 6.1 150 20.0 0 0 0
22.575 0x2B main_weld 1 1 1 1 171 20.9 6.1 150 20.0 0 0 0
22.610 0x2B main_weld 1 1 1 1 171 20.9 6.1 150 20.0 0 0 0
22.654 0x2B main_weld 1 1 1 1 171 20.9 6.1 150 20.0 0 0 0
22.690 0x2B main_weld 1 1 1 1 171 20.8 6.1 150 20.0 0 0 0
22.731 0x2B main_weld 1 1 1 1 166 20.8 6.1 150 20.0 0 0 0
22.775 0x2B main_weld 1 1 1 1 166 20.8 6.1 150 20.0 0 0 0
22.815 0x2B main_weld 1 1 1 1 166 20.8 6.1 150 20.0 0 0 0
22.851 0x2B main_weld 1 1 1 1 166 21.1 6.1 150 20.0 0 0 0
22.895 0x2B main_weld 1 1 1 1 165 21.1 6.1 150 20.0 0 0 0
22.936 0x2B main_weld 1 1 1 1 165 21.1 6.1 150 20.0 0 0 0
22.977 0x2B main_weld 1 1 1 1 171 21.1 6.1 150 20.0 0 0 0
23.012 0x2B main_weld 1 1 1 1 171 21.1 6.1 150 20.0 0 0 0
23.060 0x2B main_weld 1 1 1 1 171 21.1 6.1 150 20.0 0 0 0
23.090 0x2B main_weld 1 1 1 1 171 21.1 6.1 150 20.0 0 0 0
23.135 0x2B main_weld 1 1 1 1 171 20.9 6.1 150 20.0 0 0 0
23.177 0x2B main_weld 1 1 1 1 165 20.9 6.1 150 20.0 0 0 0
23.211 0x2B main_weld 1 1 1 1 165 20.9 6.1 150 20.0 0 0 0
23.271 0x2B main_weld 1 1 1 1 165 20.9 6.1 150 20.0 0 0 0
23.296 0x2B main_weld 1 1 1 1 165 20.7 6.1 150 20.0 0 0 0
23.335 0x2B main_weld 1 1 1 1 164 20.7 6.1 150 20.0 0 0 0
23.378 0x2B main_weld 1 1 1 1 164 20.7 6.1 150 20.0 0 0 0
23.419 0x2B main_weld 1 1 1 1 164 20.7 6.1 150 20.0 0 0 0
23.456 0x2B main_weld 1 1 1 1 166 20.7 6.1 150 20.0 0 0 0
23.489 0x2B main_weld 1 1 1 1 166 20.9 6.1 150 20.0 0 0 0
23.535 0x2B main_weld 1 1 1 1 166 20.9 6.1 150 20.0 0 0 0
23.572 0x2B main_weld 1 1 1 1 166 20.8 6.1 150 20.0 0 0 0
23.617 0x2B main_weld 1 1 1 1 170 20.8 6.1 150 20.0 0 0 0
23.654 0x2B main_weld 1 1 1 1 170 20.8 6.1 150 20.0 0 0 0
23.693 0x2B main_weld 1 1 1 1 170 20.8 6.1 150 20.0 0 0 0
23.732 0x2B main_weld 1 1 1 1 170 20.8 6.1 150 20.0 0 0 0
23.778 0x2B main_weld 1 1 1 1 171 20.9 6.1 150 20.0 0 0 0
23.812 0x2B main_weld 1 1 1 1 171 20.9 6.1 150 20.0 0 0 0
23.852 0x2B main_weld 1 1 1 1 171 20.9 6.1 150 20.0 0 0 0
23.895 0x2B main_weld 1 1 1 1 171 20.9 6.1 150 20.0 0 0 0
23.935 0x2B main_weld 1 1 1 1 171 21.1 6.1 150 20.0 0 0 0
23.982 0x2B main_weld 1 1 1 1 165 21.1 6.1 150 20.0 0 0 0
24.018 0x2B main_weld 1 1 1 1 165 21.1 6.1 150 20.0 0 0 0
24.052 0x2B main_weld 1 1 1 1 175 21.1 6.1 150 20.0 0 0 0
24.093 0x2B main_weld 1 1 1 1 175 21.1 6.1 150 20.0 0 0 0
24.135 0x2B main_weld 1 1 1 1 175 20.9 6.1 150 20.0 0 0 0
24.189 0x2B main_weld 1 1 1 1 175 20.9 6.1 150 20.0 0 0 0
24.218 0x2B main_weld 1 1 1 1 175 20.9 6.1 150 20.0 0 0 0
24.255 0x2B main_weld 1 1 1 1 170 20.9 6.1 150 20.0 0 0 0
24.302 0x2B main_weld 1 1 1 1 170 20.9 6.1 150 20.0 0 0 0
24.337 0x2B main_weld 1 1 1 1 170 20.9 6.1 150 20.0 0 0 0
24.373 0x2B main_weld 1 1 1 1 170 21.1 6.1 150 20.0 0 0 0
24.413 0x2B main_weld 1 1 1 1 166 21.1 6.1 150 20.0 0 0 0
24.450 0x2B main_weld 1 1 1 1 166 21.1 6.1 150 20.0 0 0 0
24.495 0x2B main_weld 1 1 1 1 166 21.1 6.1 150 20.0 0 0 0
24.535 0x2B main_weld 1 1 1 1 166 21.1 6.1 150 20.0 0 0 0
24.575 0x2B main_weld 1 1 1 1 166 21.1 6.1 150 20.0 0 0 0
24.611 0x2B main_weld 1 1 1 1 165 21.1 6.1 150 20.0 0 0 0
24.658 0x2B main_weld 1 1 1 1 165 21.1 6.1 150 20.0 0 0 0
24.695 0x2B main_weld 1 1 1 1 169 21.1 6.1 150 20.0 0 0 0
24.733 0x2B main_weld 1 1 1 1 169 21.1 6.1 150 20.0 0 0 0
24.779 0x2B main_weld 1 1 1 1 169 21.0 6.1 150 20.0 0 0 0
24.812 0x2B main_weld 1 1 1 1 169 21.0 6.1 150 20.0 0 0 0
24.855 0x2B main_weld 1 1 1 1 165 20.9 6.1 150 20.0 0 0 0
24.894 0x2B main_weld 1 1 1 1 165 20.9 6.1 150 20.0 0 0 0
24.945 0x2B main_weld 1 1 1 1 165 20.9 6.1 150 20.0 0 0 0
24.976 0x2B main_weld 1 1 1 1 165 20.9 6.1 150 20.0 0 0 0
25.011 0x2B main_weld 1 1 1 1 165 20.7 6.1 150 20.0 0 0 0
25.057 0x2B main_weld 1 1 1 1 176 20.7 6.1 150 20.0 0 0 0
25.090 0x2B main_weld 1 1 1 1 176 20.7 6.1 150 20.0 0 0 0
25.137 0x2B main_weld 1 1 1 1 176 20.7 6.1 150 20.0 0 0 0
25.183 0x2B main_weld 1 1 1 1 176 20.7 6.1 150 20.0 0 0 0
25.219 0x2B main_weld 1 1 1 1 169 21.1 6.1 150 20.0 0 0 0
25.253 0x2B main_weld 1 1 1 1 169 21.1 6.1 150 20.0 0 0 0
25.292 0x2B main_weld 1 1 1 1 169 21.1 6.1 150 20.0 0 0 0
25.342 0x2B main_weld 1 1 1 1 166 21.1 6.1 150 20.0 0 0 0
25.374 0x2B main_weld 1 1 1 1 166 21.0 6.1 150 20.0 0 0 0
25.410 0x2B main_weld 1 1 1 1 166 21.0 6.1 150 20.0 0 0 0
25.453 0x2B main_weld 1 1 1 1 166 21.0 6.1 150 20.0 0 0 0
25.491 0x2B main_weld 1 1 1 1 170 20.9 6.1 150 20.0 0 0 0
25.536 0x2B main_weld 1 1 1 1 170 20.9 6.1 150 20.0 0 0 0
25.574 0x2B main_weld 1 1 1 1 170 20.9 6.1 150 20.0 0 0 0
25.616 0x2B main_weld 1 1 1 1 170 20.9 6.1 150 20.0 0 0 0
25.651 0x2B main_weld 1 1 1 1 170 20.9 6.1 150 20.0 0 0 0
25.696 0x2B main_weld 1 1 1 1 169 20.9 6.1 150 20.0 0 0 0
25.733 0x2B main_weld 1 1 1 1 169 20.9 6.1 150 20.0 0 0 0
25.774 0x2B main_weld 1 1 1 1 169 20.9 6.1 150 20.0 0 0 0
25.817 0x2B main_weld 1 1 1 1 169 20.9 6.1 150 20.0 0 0 0
25.857 0x2B main_weld 1 1 1 1 170 21.1 6.1 150 20.0 0 0 0
25.896 0x2B main_weld 1 1 1 1 170 21.1 6.1 150 20.0 0 0 0
25.933 0x2B main_weld 1 1 1 1 170 21.1 6.1 150 20.0 0 0 0
25.974 0x2B main_weld 1 1 1 1 170 21.1 6.1 150 20.0 0 0 0
26.013 0x2B main_weld 1 1 1 1 170 21.1 6.1 150 20.0 0 0 0
26.055 0x2B main_weld 1 1 1 1 170 21.1 6.1 150 20.0 0 0 0
26.093 0x2B main_weld 1 1 1 1 170 21.1 6.1 150 20.0 0 0 0
26.132 0x2B main_weld 1 1 1 1 169 21.1 6.1 150 20.0 0 0 0
26.181 0x2B main_weld 1 1 1 1 169 21.1 6.1 150 20.0 0 0 0
26.214 0x2B main_weld 1 1 1 1 169 21.1 6.1 150 20.0 0 0 0
26.251 0x2B main_weld 1 1 1 1 169 21.1 6.1 150 20.0 0 0 0
26.295 0x2B main_weld 1 1 1 1 169 21.1 6.1 150 20.0 0 0 0
26.332 0x2B main_weld 1 1 1 1 169 21.1 6.1 150 20.0 0 0 0
26.377 0x2B main_weld 1 1 1 1 169 21.1 6.1 150 20.0 0 0 0
26.414 0x2B main_weld 1 1 1 1 169 21.1 6.1 150 20.0 0 0 0
26.456 0x2B main_weld 1 1 1 1 169 20.9 6.1 150 20.0 0 0 0
26.502 0x2B main_weld 1 1 1 1 171 20.9 6.1 150 20.0 0 0 0
26.532 0x2B main_weld 1 1 1 1 171 20.9 6.1 150 20.0 0 0 0
26.573 0x2B main_weld 1 1 1 1 168 20.9 6.1 150 20.0 0 0 0
26.612 0x2B main_weld 1 1 1 1 168 20.9 6.1 150 20.0 0 0 0
26.652 0x2B main_weld 1 1 1 1 168 21.0 6.1 150 20.0 0 0 0
26.694 0x2B main_weld 1 1 1 1 168 21.0 6.1 150 20.0 0 0 0
26.734 0x2B main_weld 1 1 1 1 168 21.2 6.1 150 20.0 0 0 0
26.773 0x2B main_weld 1 1 1 1 170 21.2 6.1 150 20.0 0 0 0
26.822 0x2B main_weld 1 1 1 1 170 21.2 6.1 150 20.0 0 0 0
26.853 0x2B main_weld 1 1 1 1 170 21.2 6.1 150 20.0 0 0 0
26.891 0x2B main_weld 1 1 1 1 170 21.2 6.1 150 20.0 0 0 0
26.934 0x2B main_weld 1 1 1 1 169 21.1 6.1 150 20.0 0 0 0
26.978 0x2B main_weld 1 1 1 1 169 21.1 6.1 150 20.0 0 0 0
27.017 0x2B main_weld 1 1 1 1 169 21.1 6.1 150 20.0 0 0 0
27.063 0x2B main_weld 1 1 1 1 169 21.1 6.1 150 20.0 0 0 0
27.093 0x2B main_weld 1 1 1 1 169 20.9 6.1 150 20.0 0 0 0
27.136 0x2B main_weld 1 1 1 1 166 20.9 6.1 150 20.0 0 0 0
27.178 0x2B main_weld 1 1 1 1 166 20.9 6.1 150 20.0 0 0 0
27.217 0x2B main_weld 1 1 1 1 174 20.9 6.1 150 20.0 0 0 0
27.258 0x2B main_weld 1 1 1 1 174 21.0 6.1 150 20.0 0 0 0
27.299 0x2B main_weld 1 1 1 1 174 21.0 6.1 150 20.0 0 0 0
27.334 0x2B main_weld 1 1 1 1 174 21.0 6.1 150 20.0 0 0 0
27.375 0x2B main_weld 1 1 1 1 164 20.9 6.1 150 20.0 0 0 0
27.414 0x2B main_weld 1 1 1 1 164 20.9 6.1 150 20.0 0 0 0
27.460 0x2B main_weld 1 1 1 1 164 20.9 6.1 150 20.0 0 0 0
27.493 0x2B main_weld 1 1 1 1 164 20.9 6.1 150 20.0 0 0 0
27.535 0x2B main_weld 1 1 1 1 164 20.8 6.1 150 20.0 0 0 0
27.581 0x2B main_weld 1 1 1 1 172 20.8 6.1 150 20.0 0 0 0
27.610 0x2B main_weld 1 1 1 1 172 20.8 6.1 150 20.0 0 0 0
27.652 0x2B main_weld 1 1 1 1 168 20.8 6.1 150 20.0 0 0 0
27.699 0x2B main_weld 1 1 1 1 168 20.8 6.1 150 20.0 0 0 0
27.731 0x2B main_weld 1 1 1 1 168 21.2 6.1 150 20.0 0 0 0
27.783 0x2B main_weld 1 1 1 1 168 21.2 6.1 150 20.0 0 0 0
27.814 0x2B main_weld 1 1 1 1 168 21.2 6.1 150 20.0 0 0 0
27.855 0x2B main_weld 1 1 1 1 169 21.2 6.1 150 20.0 0 0 0
27.895 0x2B main_weld 1 1 1 1 169 21.0 6.1 150 20.0 0 0 0
27.936 0x2B main_weld 1 1 1 1 169 21.0 6.1 150 20.0 0 0 0
27.980 0x2B main_weld 1 1 1 1 169 21.0 6.1 150 20.0 0 0 0
28.014 0x2B main_weld 1 1 1 1 172 21.0 6.1 150 20.0 0 0 0
28.055 0x2B main_weld 1 1 1 1 172 21.0 6.1 150 20.0 0 0 0
28.091 0x2B main_weld 1 1 1 1 172 21.0 6.1 150 20.0 0 0 0
28.133 0x2B main_weld 1 1 1 1 172 21.0 6.1 150 20.0 0 0 0
28.178 0x2B main_weld 1 1 1 1 172 21.1 6.1 150 20.0 0 0 0
28.216 0x2B main_weld 1 1 1 1 165 21.1 6.1 150 20.0 0 0 0
28.257 0x2B main_weld 1 1 1 1 165 21.1 6.1 150 20.0 0 0 0
28.292 0x2B main_weld 1 1 1 1 165 21.1 6.1 150 20.0 0 0 0
28.335 0x2B main_weld 1 1 1 1 165 20.8 6.1 150 20.0 0 0 0
28.377 0x2B main_weld 1 1 1 1 170 20.8 6.1 150 20.0 0 0 0
28.413 0x2B main_weld 1 1 1 1 170 20.8 6.1 150 20.0 0 0 0
28.451 0x2B main_weld 1 1 1 1 171 20.8 6.1 150 20.0 0 0 0
28.489 0x2B main_weld 1 1 1 1 171 20.8 6.1 150 20.0 0 0 0
28.531 0x2B main_weld 1 1 1 1 171 20.9 6.1 150 20.0 0 0 0
28.571 0x2B main_weld 1 1 1 1 171 20.9 6.1 150 20.0 0 0 0
28.611 0x2B main_weld 1 1 1 1 171 20.8 6.1 150 20.0 0 0 0
28.657 0x2B main_weld 1 1 1 1 172 20.8 6.1 150 20.0 0 0 0
28.694 0x2B main_weld 1 1 1 1 172 20.8 6.1 150 20.0 0 0 0
28.733 0x2B main_weld 1 1 1 1 172 20.8 6.1 150 20.0 0 0 0
28.780 0x2B main_weld 1 1 1 1 172 20.8 6.1 150 20.0 0 0 0
28.815 0x2B main_weld 1 1 1 1 168 20.8 6.1 150 20.0 0 0 0
28.852 0x2B main_weld 1 1 1 1 168 20.8 6.1 150 20.0 0 0 0
28.893 0x2B main_weld 1 1 1 1 168 21.1 6.1 150 20.0 0 0 0
28.932 0x2B main_weld 1 1 1 1 168 21.1 6.1 150 20.0 0 0 0
28.979 0x2B main_weld 1 1 1 1 168 20.9 6.1 150 20.0 0 0 0
29.015 0x2B main_weld 1 1 1 1 164 20.9 6.1 150 20.0 0 0 0
29.055 0x2B main_weld 1 1 1 1 164 20.9 6.1 150 20.0 0 0 0
29.090 0x2B main_weld 1 1 1 1 166 20.9 6.1 150 20.0 0 0 0
29.136 0x2B main_weld 1 1 1 1 166 20.9 6.1 150 20.0 0 0 0
29.173 0x2B main_weld 1 1 1 1 166 21.0 6.1 150 20.0 0 0 0
29.213 0x2B main_weld 1 1 1 1 166 21.0 6.1 150 20.0 0 0 0
29.255 0x2B main_weld 1 1 1 1 166 21.4 6.1 150 20.0 0 0 0
29.297 0x2B main_weld 1 1 1 1 169 21.4 6.1 150 20.0 0 0 0
29.342 0x2B main_weld 1 1 1 1 169 21.4 6.1 150 20.0 0 0 0
29.377 0x2B main_weld 1 1 1 1 169 21.4 6.1 150 20.0 0 0 0
29.410 0x2B main_weld 1 1 1 1 169 20.9 6.1 150 20.0 0 0 0
29.449 0x2B main_weld 1 1 1 1 169 20.9 6.1 150 20.0 0 0 0
29.494 0x2B main_weld 1 1 1 1 169 20.9 6.1 150 20.0 0 0 0
29.536 0x2B main_weld 1 1 1 1 169 20.9 6.1 150 20.0 0 0 0
29.572 0x2B main_weld 1 1 1 1 169 20.9 6.1 150 20.0 0 0 0
29.616 0x2B main_weld 1 1 1 1 169 21.0 6.1 150 20.0 0 0 0
29.651 0x2B main_weld 1 1 1 1 169 21.0 6.1 150 20.0 0 0 0
29.702 0x2B main_weld 1 1 1 1 169 21.0 6.1 150 20.0 0 0 0
29.735 0x2B main_weld 1 1 1 1 169 21.0 6.1 150 20.0 0 0 0
29.780 0x2B main_weld 1 1 1 1 169 21.1 6.1 150 20.0 0 0 0
29.813 0x2B main_weld 1 1 1 1 169 21.1 6.1 150 20.0 0 0 0
29.852 0x2B main_weld 1 1 1 1 169 21.1 6.1 150 20.0 0 0 0
29.899 0x2B main_weld 1 1 1 1 169 20.9 6.1 150 20.0 0 0 0
29.944 0x2B main_weld 1 1 1 1 169 20.9 6.1 150 20.0 0 0 0
29.975 0x2B main_weld 1 1 1 1 169 20.9 6.1 150 20.0 0 0 0
30.012 0x2B main_weld 1 1 1 1 169 20.9 6.1 150 20.0 0 0 0
30.057 0x2B main_weld 1 1 1 1 169 20.9 6.1 150 20.0 0 0 0
30.089 0x2B main_weld 1 1 1 1 165 20.9 6.1 150 20.0 0 0 0
30.134 0x2B main_weld 1 1 1 1 165 20.9 6.1 150 20.0 0 0 0
30.173 0x2B main_weld 1 1 1 1 165 20.9 6.1 150 20.0 0 0 0
30.214 0x2B main_weld 1 1 1 1 165 20.9 6.1 150 20.0 0 0 0
30.257 0x2B main_weld 1 1 1 1 170 21.0 6.1 150 20.0 0 0 0
30.292 0x2B main_weld 1 1 1 1 170 21.0 6.1 150 20.0 0 0 0
30.333 0x2B main_weld 1 1 1 1 170 21.0 6.1 150 20.0 0 0 0
30.381 0x2B main_weld 1 1 1 1 164 21.0 6.1 150 20.0 0 0 0
30.416 0x2B main_weld 1 1 1 1 164 20.9 6.1 150 20.0 0 0 0
30.456 0x2B main_weld 1 1 1 1 164 20.9 6.1 150 20.0 0 0 0
30.494 0x2B main_weld 1 1 1 1 164 20.9 6.1 150 20.0 0 0 0
30.534 0x2B main_weld 1 1 1 1 162 20.9 6.1 150 20.0 0 0 0
30.575 0x2B main_weld 1 1 1 1 162 20.9 6.1 150 20.0 0 0 0
30.617 0x2B main_weld 1 1 1 1 162 20.9 6.1 150 20.0 0 0 0
30.655 0x2B main_weld 1 1 1 1 162 20.9 6.1 150 20.0 0 0 0
30.693 0x2B main_weld 1 1 1 1 162 21.0 6.1 150 20.0 0 0 0
30.734 0x2B main_weld 1 1 1 1 168 21.0 6.1 150 20.0 0 0 0
30.774 0x2B main_weld 1 1 1 1 168 21.0 6.1 150 20.0 0 0 0
30.818 0x2B main_weld 1 1 1 1 168 21.0 6.1 150 20.0 0 0 0
30.853 0x2B main_weld 1 1 1 1 168 21.0 6.1 150 20.0 0 0 0
30.897 0x2B main_weld 1 1 1 1 169 21.0 6.1 150 20.0 0 0 0
30.941 0x2B main_weld 1 1 1 1 169 21.0 6.1 150 20.0 0 0 0
30.977 0x2B main_weld 1 1 1 1 164 21.0 6.1 150 20.0 0 0 0
31.015 0x2B main_weld 1 1 1 1 164 21.0 6.1 150 20.0 0 0 0
31.050 0x2B main_weld 1 1 1 1 164 21.0 6.1 150 20.0 0 0 0
31.105 0x2B main_weld 1 1 1 1 164 21.0 6.1 150 20.0 0 0 0
31.136 0x2B main_weld 1 1 1 1 164 21.0 6.1 150 20.0 0 0 0
31.178 0x2B main_weld 1 1 1 1 170 21.0 6.1 150 20.0 0 0 0
31.214 0x2B main_weld 1 1 1 1 170 21.0 6.1 150 20.0 0 0 0
31.256 0x2B main_weld 1 1 1 1 170 21.0 6.1 150 20.0 0 0 0
31.295 0x2B main_weld 1 1 1 1 170 21.0 6.1 150 20.0 0 0 0
31.332 0x2B main_weld 1 1 1 1 163 21.1 6.1 150 20.0 0 0 0
31.380 0x2B main_weld 1 1 1 1 163 21.1 6.1 150 20.0 0 0 0
31.418 0x2B main_weld 1 1 1 1 163 21.1 6.1 150 20.0 0 0 0
31.455 0x2B main_weld 1 1 1 1 175 21.1 6.1 150 20.0 0 0 0
31.491 0x2B main_weld 1 1 1 1 175 21.1 6.1 150 20.0 0 0 0
31.530 0x2B main_weld 1 1 1 1 175 21.1 6.1 150 20.0 0 0 0
31.576 0x2B main_weld 1 1 1 1 175 21.1 6.1 150 20.0 0 0 0
31.613 0x2B main_weld 1 1 1 1 169 21.1 6.1 150 20.0 0 0 0
31.649 0x2B main_weld 1 1 1 1 169 21.1 6.1 150 20.0 0 0 0
31.691 0x2B main_weld 1 1 1 1 169 20.9 6.1 150 20.0 0 0 0
31.732 0x2B main_weld 1 1 1 1 169 20.9 6.1 150 20.0 0 0 0
31.771 0x2B main_weld 1 1 1 1 169 20.9 6.1 150 20.0 0 0 0
31.814 0x2B main_weld 1 1 1 1 169 20.9 6.1 150 20.0 0 0 0
31.851 0x2B main_weld 1 1 1 1 169 20.9 6.1 150 20.0 0 0 0
31.889 0x2B main_weld 1 1 1 1 166 20.9 6.1 150 20.0 0 0 0
31.937 0x2B main_weld 1 1 1 1 166 20.9 6.1 150 20.0 0 0 0
31.970 0x2B main_weld 1 1 1 1 168 20.9 6.1 150 20.0 0 0 0
32.014 0x2B main_weld 1 1 1 1 168 20.9 6.1 150 20.0 0 0 0
32.058 0x2B main_weld 1 1 1 1 168 20.9 6.1 150 20.0 0 0 0
32.091 0x2B main_weld 1 1 1 1 168 20.9 6.1 150 20.0 0 0 0
32.135 0x2B main_weld 1 1 1 1 168 21.2 6.1 150 20.0 0 0 0
32.175 0x2B main_weld 1 1 1 1 170 21.2 6.1 150 20.0 0 0 0
32.213 0x2B main_weld 1 1 1 1 170 21.2 6.1 150 20.0 0 0 0
32.257 0x2B main_weld 1 1 1 1 168 21.2 6.1 150 20.0 0 0 0
32.297 0x2B main_weld 1 1 1 1 168 21.3 6.1 150 20.0 0 0 0
32.334 0x2B main_weld 1 1 1 1 168 21.3 6.1 150 20.0 0 0 0
32.372 0x2B main_weld 1 1 1 1 168 21.3 6.1 150 20.0 0 0 0
32.415 0x2B main_weld 1 1 1 1 166 20.7 6.1 150 20.0 0 0 0
32.451 0x2B main_weld 1 1 1 1 166 20.7 6.1 150 20.0 0 0 0
32.490 0x2B main_weld 1 1 1 1 166 20.7 6.1 150 20.0 0 0 0
32.537 0x2B main_weld 1 1 1 1 166 20.7 6.1 150 20.0 0 0 0
32.574 0x2B main_weld 1 1 1 1 166 21.1 6.1 150 20.0 0 0 0
32.613 0x2B main_weld 1 1 1 1 162 21.1 6.1 150 20.0 0 0 0
32.656 0x2B main_weld 1 1 1 1 162 21.1 6.1 150 20.0 0 0 0
32.695 0x2B main_weld 1 1 1 1 162 21.1 6.1 150 20.0 0 0 0
32.734 0x2B main_weld 1 1 1 1 162 21.1 6.1 150 20.0 0 0 0
32.780 0x2B main_weld 1 1 1 1 165 20.8 6.1 150 20.0 0 0 0
32.817 0x2B main_weld 1 1 1 1 165 20.8 6.1 150 20.0 0 0 0
32.853 0x2B main_weld 1 1 1 1 165 20.8 6.1 150 20.0 0 0 0
32.895 0x2B main_weld 1 1 1 1 165 20.8 6.1 150 20.0 0 0 0
32.930 0x2B main_weld 1 1 1 1 165 20.9 6.1 150 20.0 0 0 0
32.976 0x2B main_weld 1 1 1 1 165 20.9 6.1 150 20.0 0 0 0
33.017 0x2B main_weld 1 1 1 1 165 21.1 6.1 150 20.0 0 0 0
33.051 0x2B main_weld 1 1 1 1 166 21.1 6.1 150 20.0 0 0 0
33.089 0x2B main_weld 1 1 1 1 166 21.1 6.1 150 20.0 0 0 0
33.134 0x2B main_weld 1 1 1 1 166 21.1 6.1 150 20.0 0 0 0
33.173 0x2B main_weld 1 1 1 1 166 21.1 6.1 150 20.0 0 0 0
33.213 0x2B main_weld 1 1 1 1 166 21.1 6.1 150 20.0 0 0 0
33.253 0x2B main_weld 1 1 1 1 175 21.1 6.1 150 20.0 0 0 0
33.301 0x2B main_weld 1 1 1 1 175 21.1 6.1 150 20.0 0 0 0
33.331 0x2B main_weld 1 1 1 1 163 21.1 6.1 150 20.0 0 0 0
33.371 0x2B main_weld 1 1 1 1 163 20.8 6.1 150 20.0 0 0 0
33.420 0x2B main_weld 1 1 1 1 163 20.8 6.1 150 20.0 0 0 0
33.452 0x2B main_weld 1 1 1 1 163 20.8 6.1 150 20.0 0 0 0
33.490 0x2B main_weld 1 1 1 1 169 21.0 6.1 150 20.0 0 0 0
33.532 0x2B main_weld 1 1 1 1 169 21.0 6.1 150 20.0 0 0 0
33.571 0x2B main_weld 1 1 1 1 169 21.0 6.1 150 20.0 0 0 0
33.610 0x2B main_weld 1 1 1 1 169 21.0 6.1 150 20.0 0 0 0
33.651 0x2B main_weld 1 1 1 1 169 21.1 6.1 150 20.0 0 0 0
33.691 0x2B main_weld 1 1 1 1 174 21.1 6.1 150 20.0 0 0 0
33.730 0x2B main_weld 1 1 1 1 174 21.1 6.1 150 20.0 0 0 0
33.770 0x2B main_weld 1 1 1 1 174 21.1 6.1 150 20.0 0 0 0
33.812 0x2B main_weld 1 1 1 1 174 21.1 6.1 150 20.0 0 0 0
33.849 0x2B main_weld 1 1 1 1 174 20.9 6.1 150 20.0 0 0 0
33.891 0x2B main_weld 1 1 1 1 170 20.9 6.1 150 20.0 0 0 0
33.934 0x2B main_weld 1 1 1 1 170 20.9 6.1 150 20.0 0 0 0
33.975 0x2B main_weld 1 1 1 1 170 20.9 6.1 150 20.0 0 0 0
34.020 0x2B main_weld 1 1 1 1 170 20.9 6.1 150 20.0 0 0 0
34.052 0x2B main_weld 1 1 1 1 174 20.9 6.1 150 20.0 0 0 0
34.093 0x2B main_weld 1 1 1 1 174 20.9 6.1 150 20.0 0 0 0
34.134 0x2B main_weld 1 1 1 1 160 20.9 6.1 150 20.0 0 0 0
34.176 0x2B main_weld 1 1 1 1 160 20.9 6.1 150 20.0 0 0 0
34.213 0x2B main_weld 1 1 1 1 160 20.8 6.1 150 20.0 0 0 0
34.252 0x2B main_weld 1 1 1 1 160 20.8 6.1 150 20.0 0 0 0
34.291 0x2B main_weld 1 1 1 1 160 21.0 6.1 150 20.0 0 0 0
34.332 0x2B main_weld 1 1 1 1 166 21.0 6.1 150 20.0 0 0 0
34.373 0x2B main_weld 1 1 1 1 166 21.0 6.1 150 20.0 0 0 0
34.417 0x2B main_weld 1 1 1 1 166 21.0 6.1 150 20.0 0 0 0
34.450 0x2B main_weld 1 1 1 1 166 20.9 6.1 150 20.0 0 0 0
34.491 0x2B main_weld 1 1 1 1 170 20.9 6.1 150 20.0 0 0 0
34.531 0x2B main_weld 1 1 1 1 170 20.9 6.1 150 20.0 0 0 0
34.577 0x2B main_weld 1 1 1 1 170 20.9 6.1 150 20.0 0 0 0
34.612 0x2B main_weld 1 1 1 1 170 20.9 6.1 150 20.0 0 0 0
34.653 0x2B main_weld 1 1 1 1 170 21.1 6.1 150 20.0 0 0 0
34.692 0x2B main_weld 1 1 1 1 162 21.1 6.1 150 20.0 0 0 0
34.740 0x2B main_weld 1 1 1 1 162 21.1 6.1 150 20.0 0 0 0
34.775 0x2B main_weld 1 1 1 1 171 21.1 6.1 150 20.0 0 0 0
34.813 0x2B main_weld 1 1 1 1 171 20.8 6.1 150 20.0 0 0 0
34.852 0x2B main_weld 1 1 1 1 171 20.8 6.1 150 20.0 0 0 0
34.894 0x2B main_weld 1 1 1 1 171 20.8 6.1 150 20.0 0 0 0
34.935 0x2B main_weld 1 1 1 1 164 21.2 6.1 150 20.0 0 0 0
34.975 0x2B main_weld 1 1 1 1 164 21.2 6.1 150 20.0 0 0 0
35.021 0x2B main_weld 1 1 1 1 164 21.2 6.1 150 20.0 0 0 0
35.054 0x2B main_weld 1 1 1 1 164 21.2 6.1 150 20.0 0 0 0
35.092 0x2B main_weld 1 1 1 1 164 20.9 6.1 150 20.0 0 0 0
35.135 0x2B main_weld 1 1 1 1 164 20.9 6.1 150 20.0 0 0 0
35.179 0x2B main_weld 1 1 1 1 164 20.9 6.1 150 20.0 0 0 0
35.228 0x2B main_weld 1 1 1 1 170 20.9 6.1 150 20.0 0 0 0
35.252 0x2B main_weld 1 1 1 1 170 20.9 6.1 150 20.0 0 0 0
35.293 0x2B main_weld 1 1 1 1 170 20.8 6.1 150 20.0 0 0 0
35.335 0x2B main_weld 1 1 1 1 170 20.8 6.1 150 20.0 0 0 0
35.374 0x2B main_weld 1 1 1 1 170 21.1 6.1 150 20.0 0 0 0
35.419 0x2B main_weld 1 1 1 1 169 21.1 6.1 150 20.0 0 0 0
35.452 0x2B main_weld 1 1 1 1 169 21.1 6.1 150 20.0 0 0 0
35.491 0x2B main_weld 1 1 1 1 169 21.1 6.1 150 20.0 0 0 0
35.534 0x2B main_weld 1 1 1 1 169 21.2 6.1 150 20.0 0 0 0
35.575 0x2B main_weld 1 1 1 1 164 21.2 6.1 150 20.0 0 0 0
35.610 0x2B main_weld 1 1 1 1 164 21.2 6.1 150 20.0 0 0 0
35.654 0x2B main_weld 1 1 1 1 164 21.2 6.1 150 20.0 0 0 0
35.691 0x2B main_weld 1 1 1 1 164 21.2 6.1 150 20.0 0 0 0
35.735 0x2B main_weld 1 1 1 1 164 21.1 6.1 150 20.0 0 0 0
35.773 0x2B main_weld 1 1 1 1 168 21.1 6.1 150 20.0 0 0 0
35.811 0x2B main_weld 1 1 1 1 168 21.1 6.1 150 20.0 0 0 0
35.850 0x2B main_weld 1 1 1 1 176 21.1 6.1 150 20.0 0 0 0
35.898 0x2B main_weld 1 1 1 1 176 21.1 6.1 150 20.0 0 0 0
35.939 0x2B main_weld 1 1 1 1 176 21.1 6.1 150 20.0 0 0 0
35.977 0x2B main_weld 1 1 1 1 176 21.1 6.1 150 20.0 0 0 0
36.014 0x2B main_weld 1 1 1 1 169 21.1 6.1 150 20.0 0 0 0
36.053 0x2B main_weld 1 1 1 1 169 21.1 6.1 150 20.0 0 0 0
36.095 0x2B main_weld 1 1 1 1 169 21.2 6.1 150 20.0 0 0 0
36.135 0x2B main_weld 1 1 1 1 169 21.2 6.1 150 20.0 0 0 0
36.184 0x2B main_weld 1 1 1 1 169 21.1 6.1 150 20.0 0 0 0
36.218 0x2B main_weld 1 1 1 1 168 21.1 6.1 150 20.0 0 0 0
36.265 0x2B main_weld 1 1 1 1 168 21.1 6.1 150 20.0 0 0 0
36.292 0x2B main_weld 1 1 1 1 168 21.1 6.1 150 20.0 0 0 0
36.340 0x2B main_weld 1 1 1 1 168 21.1 6.1 150 20.0 0 0 0
36.371 0x2B main_weld 1 1 1 1 166 20.9 6.1 150 20.0 0 0 0
36.410 0x2B main_weld 1 1 1 1 166 20.9 6.1 150 20.0 0 0 0
36.454 0x2B main_weld 1 1 1 1 166 20.9 6.1 150 20.0 0 0 0
36.499 0x2B main_weld 1 1 1 1 166 20.9 6.1 150 20.0 0 0 0
36.534 0x2B main_weld 1 1 1 1 166 20.9 6.1 150 20.0 0 0 0
36.574 0x2B main_weld 1 1 1 1 171 20.9 6.1 150 20.0 0 0 0
36.612 0x2B main_weld 1 1 1 1 171 20.9 6.1 150 20.0 0 0 0
36.656 0x2B main_weld 1 1 1 1 171 20.9 6.1 150 20.0 0 0 0
36.699 0x2B main_weld 1 1 1 1 171 20.9 6.1 150 20.0 0 0 0
36.733 0x2B main_weld 1 1 1 1 171 20.9 6.1 150 20.0 0 0 0
36.775 0x2B main_weld 1 1 1 1 171 20.9 6.1 150 20.0 0 0 0
36.818 0x2B main_weld 1 1 1 1 171 21.2 6.1 150 20.0 0 0 0
36.853 0x2B main_weld 1 1 1 1 163 21.2 6.1 150 20.0 0 0 0
36.897 0x2B main_weld 1 1 1 1 163 21.2 6.1 150 20.0 0 0 0
36.934 0x2B main_weld 1 1 1 1 163 21.2 6.1 150 20.0 0 0 0
36.973 0x2B main_weld 1 1 1 1 163 21.0 6.1 150 20.0 0 0 0
37.012 0x2B main_weld 1 1 1 1 166 21.0 6.1 150 20.0 0 0 0
37.053 0x2B main_weld 1 1 1 1 166 21.0 6.1 150 20.0 0 0 0
37.095 0x2B main_weld 1 1 1 1 169 21.0 6.1 150 20.0 0 0 0
37.133 0x2B main_weld 1 1 1 1 169 21.0 6.1 150 20.0 0 0 0
37.178 0x2B main_weld 1 1 1 1 169 21.1 6.1 150 20.0 0 0 0
37.219 0x2B main_weld 1 1 1 1 169 21.1 6.1 150 20.0 0 0 0
37.256 0x2B main_weld 1 1 1 1 169 20.7 6.1 150 20.0 0 0 0
37.296 0x2B main_weld 1 1 1 1 164 20.7 6.1 150 20.0 0 0 0
37.333 0x2B main_weld 1 1 1 1 164 20.7 6.1 150 20.0 0 0 0
37.375 0x2B main_weld 1 1 1 1 164 20.7 6.1 150 20.0 0 0 0
37.416 0x2B main_weld 1 1 1 1 164 20.7 6.1 150 20.0 0 0 0
37.461 0x2B main_weld 1 1 1 1 163 21.0 6.1 150 20.0 0 0 0
37.498 0x2B main_weld 1 1 1 1 163 21.0 6.1 150 20.0 0 0 0
37.539 0x2B main_weld 1 1 1 1 163 21.0 6.1 150 20.0 0 0 0
37.578 0x2B main_weld 1 1 1 1 163 21.0 6.1 150 20.0 0 0 0
37.614 0x2B main_weld 1 1 1 1 163 21.1 6.1 150 20.0 0 0 0
37.654 0x2B main_weld 1 1 1 1 154 21.1 6.1 150 20.0 0 0 0
37.694 0x2B main_weld 1 1 1 1 154 21.1 6.1 150 20.0 0 0 0
37.733 0x2B main_weld 1 1 1 1 170 21.1 6.1 150 20.0 0 0 0
37.772 0x2B main_weld 1 1 1 1 170 21.1 6.1 150 20.0 0 0 0
37.815 0x2B main_weld 1 1 1 1 170 21.1 6.1 150 20.0 0 0 0
37.853 0x2B main_weld 1 1 1 1 170 21.1 6.1 150 20.0 0 0 0
37.897 0x2B main_weld 1 1 1 1 170 21.1 6.1 150 20.0 0 0 0
37.938 0x2B main_weld 1 1 1 1 164 21.1 6.1 150 20.0 0 0 0
37.979 0x2B main_weld 1 1 1 1 164 20.8 6.1 150 20.0 0 0 0
38.016 0x2B main_weld 1 1 1 1 164 20.8 6.1 150 20.0 0 0 0
38.050 0x2B main_weld 1 1 1 1 164 20.9 6.1 150 20.0 0 0 0
38.094 0x2B main_weld 1 1 1 1 169 20.9 6.1 150 20.0 0 0 0
38.130 0x2B main_weld 1 1 1 1 169 20.9 6.1 150 20.0 0 0 0
38.171 0x2B main_weld 1 1 1 1 169 20.9 6.1 150 20.0 0 0 0
38.216 0x2B main_weld 1 1 1 1 169 20.9 6.1 150 20.0 0 0 0
38.250 0x2B main_weld 1 1 1 1 169 20.9 6.1 150 20.0 0 0 0
38.292 0x2B main_weld 1 1 1 1 168 20.9 6.1 150 20.0 0 0 0
38.333 0x2B main_weld 1 1 1 1 168 20.9 6.1 150 20.0 0 0 0
38.383 0x2B main_weld 1 1 1 1 168 20.9 6.1 150 20.0 0 0 0
38.417 0x2B main_weld 1 1 1 1 168 20.8 6.1 150 20.0 0 0 0
38.451 0x2B main_weld 1 1 1 1 162 20.8 6.1 150 20.0 0 0 0
38.494 0x2B main_weld 1 1 1 1 162 20.8 6.1 150 20.0 0 0 0
38.534 0x2B main_weld 1 1 1 1 169 20.8 6.1 150 20.0 0 0 0
38.571 0x2B main_weld 1 1 1 1 169 20.8 6.1 150 20.0 0 0 0
38.616 0x2B main_weld 1 1 1 1 169 21.2 6.1 150 20.0 0 0 0
38.655 0x2B main_weld 1 1 1 1 169 21.2 6.1 150 20.0 0 0 0
38.690 0x2B main_weld 1 1 1 1 169 21.0 6.1 150 20.0 0 0 0
38.736 0x2B main_weld 1 1 1 1 164 21.0 6.1 150 20.0 0 0 0
38.777 0x2B main_weld 1 1 1 1 164 21.0 6.1 150 20.0 0 0 0
38.811 0x2B main_weld 1 1 1 1 164 21.0 6.1 150 20.0 0 0 0
38.854 0x2B main_weld 1 1 1 1 164 21.0 6.1 150 20.0 0 0 0
38.889 0x2B main_weld 1 1 1 1 168 20.9 6.1 150 20.0 0 0 0
38.933 0x2B main_weld 1 1 1 1 168 20.9 6.1 150 20.0 0 0 0
38.972 0x2B main_weld 1 1 1 1 168 20.9 6.1 150 20.0 0 0 0
39.010 0x2B main_weld 1 1 1 1 163 20.9 6.1 150 20.0 0 0 0
39.053 0x2B main_weld 1 1 1 1 163 21.1 6.1 150 20.0 0 0 0
39.096 0x2B main_weld 1 1 1 1 163 21.1 6.1 150 20.0 0 0 0
39.134 0x2B main_weld 1 1 1 1 163 21.0 6.1 150 20.0 0 0 0
39.174 0x2B main_weld 1 1 1 1 157 21.0 6.1 150 20.0 0 0 0
39.227 0x2B main_weld 1 1 1 1 157 21.0 6.1 150 20.0 0 0 0
39.257 0x2B main_weld 1 1 1 1 157 21.0 6.1 150 20.0 0 0 0
39.293 0x2B main_weld 1 1 1 1 157 21.0 6.1 150 20.0 0 0 0
39.335 0x2B main_weld 1 1 1 1 157 20.6 6.1 150 20.0 0 0 0
39.370 0x2B main_weld 1 1 1 1 168 20.6 6.1 150 20.0 0 0 0
39.421 0x2B main_weld 1 1 1 1 168 20.6 6.1 150 20.0 0 0 0
39.456 0x2B main_weld 1 1 1 1 168 20.6 6.1 150 20.0 0 0 0
39.492 0x2B main_weld 1 1 1 1 168 20.9 6.1 150 20.0 0 0 0
39.535 0x2B main_weld 1 1 1 1 160 20.9 6.1 150 20.0 0 0 0
39.572 0x2B main_weld 1 1 1 1 160 20.9 6.1 150 20.0 0 0 0
39.612 0x2B main_weld 1 1 1 1 159 20.9 6.1 150 20.0 0 0 0
39.660 0x2B main_weld 1 1 1 1 159 20.9 6.1 150 20.0 0 0 0
39.693 0x2B main_weld 1 1 1 1 159 21.1 6.1 150 20.0 0 0 0
39.735 0x2B main_weld 1 1 1 1 159 21.1 6.1 150 20.0 0 0 0
39.782 0x2B main_weld 1 1 1 1 159 21.1 6.1 150 20.0 0 0 0
39.813 0x2B main_weld 1 1 1 1 166 21.1 6.1 150 20.0 0 0 0
39.854 0x2B main_weld 1 1 1 1 166 21.1 6.1 150 20.0 0 0 0
39.892 0x2B main_weld 1 1 1 1 166 21.1 6.1 150 20.0 0 0 0
39.936 0x2B main_weld 1 1 1 1 166 21.1 6.1 150 20.0 0 0 0
39.972 0x2B main_weld 1 1 1 1 162 21.2 6.1 150 20.0 0 0 0
40.022 0x2B main_weld 1 1 1 1 162 21.2 6.1 150 20.0 0 0 0
40.056 0x2B main_weld 1 1 1 1 162 21.2 6.1 150 20.0 0 0 0
40.091 0x2B main_weld 1 1 1 1 162 21.2 6.1 150 20.0 0 0 0
40.132 0x2B main_weld 1 1 1 1 162 21.1 6.1 150 20.0 0 0 0
40.173 0x2B main_weld 1 1 1 1 160 21.1 6.1 150 20.0 0 0 0
40.215 0x2B main_weld 1 1 1 1 160 21.1 6.1 150 20.0 0 0 0
40.256 0x2B main_weld 1 1 1 1 160 21.1 6.1 150 20.0 0 0 0
40.296 0x2B main_weld 1 1 1 1 160 21.1 6.1 150 20.0 0 0 0
40.338 0x2B main_weld 1 1 1 1 165 21.1 6.1 150 20.0 0 0 0
40.375 0x2B main_weld 1 1 1 1 165 21.1 6.1 150 20.0 0 0 0
40.413 0x2B main_weld 1 1 1 1 165 21.1 6.1 150 20.0 0 0 0
40.461 0x2B main_weld 1 1 1 1 157 21.1 6.1 150 20.0 0 0 0
40.496 0x2B main_weld 1 1 1 1 157 20.8 6.1 150 20.0 0 0 0
40.536 0x2B main_weld 1 1 1 1 157 20.8 6.1 150 20.0 0 0 0
40.576 0x2B main_weld 1 1 1 1 157 21.0 6.1 150 20.0 0 0 0
40.610 0x2B main_weld 1 1 1 1 160 21.0 6.1 150 20.0 0 0 0
40.660 0x2B main_weld 1 1 1 1 160 21.0 6.1 150 20.0 0 0 0
40.697 0x2B main_weld 1 1 1 1 160 21.0 6.1 150 20.0 0 0 0
40.732 0x2B main_weld 1 1 1 1 160 21.0 6.1 150 20.0 0 0 0
40.779 0x2B main_weld 1 1 1 1 160 21.1 6.1 150 20.0 0 0 0
40.818 0x2B main_weld 1 1 1 1 160 21.1 6.1 150 20.0 0 0 0
40.849 0x2B main_weld 1 1 1 1 160 21.1 6.1 150 20.0 0 0 0
40.895 0x2B main_weld 1 1 1 1 165 21.1 6.1 150 20.0 0 0 0
40.937 0x2B main_weld 1 1 1 1 165 20.9 6.1 150 20.0 0 0 0
40.976 0x2B main_weld 1 1 1 1 165 20.9 6.1 150 20.0 0 0 0
41.020 0x2B main_weld 1 1 1 1 165 20.9 6.1 150 20.0 0 0 0
41.054 0x2B main_weld 1 1 1 1 157 21.1 6.1 150 20.0 0 0 0
41.092 0x2B main_weld 1 1 1 1 157 21.1 6.1 150 20.0 0 0 0
41.132 0x2B main_weld 1 1 1 1 157 21.1 6.1 150 20.0 0 0 0
41.176 0x2B main_weld 1 1 1 1 157 21.1 6.1 150 20.0 0 0 0
41.212 0x2B main_weld 1 1 1 1 157 21.1 6.1 150 20.0 0 0 0
41.254 0x2B main_weld 1 1 1 1 170 21.1 6.1 150 20.0 0 0 0
41.295 0x2B main_weld 1 1 1 1 170 21.1 6.1 150 20.0 0 0 0
41.331 0x2B main_weld 1 1 1 1 170 21.1 6.1 150 20.0 0 0 0
41.375 0x2B main_weld 1 1 1 1 170 21.1 6.1 150 20.0 0 0 0
41.415 0x2B main_weld 1 1 1 1 159 21.1 6.1 150 20.0 0 0 0
41.453 0x2B main_weld 1 1 1 1 159 21.1 6.1 150 20.0 0 0 0
41.502 0x2B main_weld 1 1 1 1 159 21.1 6.1 150 20.0 0 0 0
41.533 0x2B main_weld 1 1 1 1 162 21.1 6.1 150 20.0 0 0 0
41.579 0x2B main_weld 1 1 1 1 162 21.0 6.1 150 20.0 0 0 0
41.615 0x2B main_weld 1 1 1 1 162 21.0 6.1 150 20.0 0 0 0
41.656 0x2B main_weld 1 1 1 1 162 21.0 6.1 150 20.0 0 0 0
41.696 0x2B main_weld 1 1 1 1 171 21.0 6.1 150 20.0 0 0 0
41.734 0x2B main_weld 1 1 1 1 171 21.0 6.1 150 20.0 0 0 0
41.776 0x2B main_weld 1 1 1 1 171 21.0 6.1 150 20.0 0 0 0
41.811 0x2B main_weld 1 1 1 1 171 21.0 6.1 150 20.0 0 0 0
41.853 0x2B main_weld 1 1 1 1 171 21.2 6.1 150 20.0 0 0 0
41.892 0x2B main_weld 1 1 1 1 163 21.2 6.1 150 20.0 0 0 0
41.932 0x2B main_weld 1 1 1 1 163 21.2 6.1 150 20.0 0 0 0
41.982 0x2B main_weld 1 1 1 1 163 21.2 6.1 150 20.0 0 0 0
42.019 0x2B main_weld 1 1 1 1 163 21.1 6.1 150 20.0 0 0 0
42.054 0x2B main_weld 1 1 1 1 164 21.1 6.1 150 20.0 0 0 0
42.098 0x2B main_weld 1 1 1 1 164 21.1 6.1 150 20.0 0 0 0
42.140 0x2B main_weld 1 1 1 1 164 21.1 6.1 150 20.0 0 0 0
42.174 0x2B main_weld 1 1 1 1 164 21.1 6.1 150 20.0 0 0 0
42.214 0x2B main_weld 1 1 1 1 164 21.1 6.1 150 20.0 0 0 0
42.257 0x2B main_weld 1 1 1 1 166 21.1 6.1 150 20.0 0 0 0
42.306 0x2B main_weld 1 1 1 1 166 21.1 6.1 150 20.0 0 0 0
42.331 0x2B main_weld 1 1 1 1 160 21.1 6.1 150 20.0 0 0 0
42.371 0x2B main_weld 1 1 1 1 160 21.1 6.1 150 20.0 0 0 0
42.417 0x2B main_weld 1 1 1 1 160 20.8 6.1 150 20.0 0 0 0
42.455 0x2B main_weld 1 1 1 1 160 20.8 6.1 150 20.0 0 0 0
42.502 0x2B main_weld 1 1 1 1 169 21.0 6.1 150 20.0 0 0 0
42.535 0x2B main_weld 1 1 1 1 169 21.0 6.1 150 20.0 0 0 0
42.578 0x2B main_weld 1 1 1 1 169 21.0 6.1 150 20.0 0 0 0
42.611 0x2B main_weld 1 1 1 1 169 21.0 6.1 150 20.0 0 0 0
42.656 0x2B main_weld 1 1 1 1 169 21.1 6.1 150 20.0 0 0 0
42.696 0x2B main_weld 1 1 1 1 160 21.1 6.1 150 20.0 0 0 0
42.733 0x2B main_weld 1 1 1 1 160 21.1 6.1 150 20.0 0 0 0
42.770 0x2B main_weld 1 1 1 1 172 21.1 6.1 150 20.0 0 0 0
42.814 0x2B main_weld 1 1 1 1 172 21.1 6.1 150 20.0 0 0 0
42.856 0x2B main_weld 1 1 1 1 172 21.0 6.1 150 20.0 0 0 0
42.892 0x2B main_weld 1 1 1 1 172 21.0 6.1 150 20.0 0 0 0
42.933 0x2B main_weld 1 1 1 1 172 21.1 6.1 150 20.0 0 0 0
42.982 0x2B main_weld 1 1 1 1 158 21.1 6.1 150 20.0 0 0 0
43.014 0x2B main_weld 1 1 1 1 158 21.1 6.1 150 20.0 0 0 0
43.052 0x2B main_weld 1 1 1 1 158 21.1 6.1 150 20.0 0 0 0
43.101 0x2B main_weld 1 1 1 1 158 21.0 6.1 150 20.0 0 0 0
43.130 0x2B main_weld 1 1 1 1 165 21.0 6.1 150 20.0 0 0 0
43.171 0x2B main_weld 1 1 1 1 165 21.0 6.1 150 20.0 0 0 0
43.212 0x2B main_weld 1 1 1 1 165 21.0 6.1 150 20.0 0 0 0
43.254 0x2B main_weld 1 1 1 1 165 21.0 6.1 150 20.0 0 0 0
43.291 0x2B main_weld 1 1 1 1 165 21.1 6.1 150 20.0 0 0 0
43.329 0x2B main_weld 1 1 1 1 170 21.1 6.1 150 20.0 0 0 0
43.379 0x2B main_weld 1 1 1 1 170 21.1 6.1 150 20.0 0 0 0
43.412 0x2B main_weld 1 1 1 1 158 21.1 6.1 150 20.0 0 0 0
43.451 0x2B main_weld 1 1 1 1 158 21.1 6.1 150 20.0 0 0 0
43.493 0x2B main_weld 1 1 1 1 158 21.1 6.1 150 20.0 0 0 0
43.531 0x2B main_weld 1 1 1 1 158 21.1 6.1 150 20.0 0 0 0
43.572 0x2B main_weld 1 1 1 1 160 21.0 6.1 150 20.0 0 0 0
43.611 0x2B main_weld 1 1 1 1 160 21.0 6.1 150 20.0 0 0 0
43.652 0x2B main_weld 1 1 1 1 160 21.0 6.1 150 20.0 0 0 0
43.693 0x2B main_weld 1 1 1 1 160 21.0 6.1 150 20.0 0 0 0
43.733 0x2B main_weld 1 1 1 1 160 21.1 6.1 150 20.0 0 0 0
43.775 0x2B main_weld 1 1 1 1 170 21.1 6.1 150 20.0 0 0 0
43.815 0x2B main_weld 1 1 1 1 170 21.1 6.1 150 20.0 0 0 0
43.853 0x2B main_weld 1 1 1 1 170 21.1 6.1 150 20.0 0 0 0
43.902 0x2B main_weld 1 1 1 1 170 21.1 6.1 150 20.0 0 0 0
43.948 0x2B main_weld 1 1 1 1 163 21.1 6.1 150 20.0 0 0 0
43.971 0x2B main_weld 1 1 1 1 163 21.1 6.1 150 20.0 0 0 0
44.010 0x2B main_weld 1 1 1 1 163 21.1 6.1 150 20.0 0 0 0
44.061 0x2B main_weld 1 1 1 1 166 21.1 6.1 150 20.0 0 0 0
44.098 0x2B main_weld 1 1 1 1 166 21.0 6.1 150 20.0 0 0 0
44.130 0x2B main_weld 1 1 1 1 166 21.0 6.1 150 20.0 0 0 0
44.175 0x2B main_weld 1 1 1 1 166 21.0 6.1 150 20.0 0 0 0
44.214 0x2B main_weld 1 1 1 1 156 21.0 6.1 150 20.0 0 0 0
44.249 0x2B main_weld 1 1 1 1 156 21.0 6.1 150 20.0 0 0 0
44.291 0x2B main_weld 1 1 1 1 156 20.9 6.1 150 20.0 0 0 0
44.339 0x2B main_weld 1 1 1 1 156 20.9 6.1 150 20.0 0 0 0
44.372 0x2B main_weld 1 1 1 1 156 21.2 6.1 150 20.0 0 0 0
44.417 0x2B main_weld 1 1 1 1 164 21.2 6.1 150 20.0 0 0 0
44.459 0x2B main_weld 1 1 1 1 164 21.2 6.1 150 20.0 0 0 0
44.490 0x2B main_weld 1 1 1 1 164 21.2 6.1 150 20.0 0 0 0
44.536 0x2B main_weld 1 1 1 1 164 20.9 6.1 150 20.0 0 0 0
44.572 0x2B main_weld 1 1 1 1 165 20.9 6.1 150 20.0 0 0 0
44.611 0x2B main_weld 1 1 1 1 165 20.9 6.1 150 20.0 0 0 0
44.651 0x2B main_weld 1 1 1 1 166 20.9 6.1 150 20.0 0 0 0
44.695 0x2B main_weld 1 1 1 1 166 20.9 6.1 150 20.0 0 0 0
44.731 0x2B main_weld 1 1 1 1 166 21.0 6.1 150 20.0 0 0 0
44.770 0x2B main_weld 1 1 1 1 166 21.0 6.1 150 20.0 0 0 0
44.817 0x2B main_weld 1 1 1 1 166 20.9 6.1 150 20.0 0 0 0
44.852 0x2B main_weld 1 1 1 1 159 20.9 6.1 150 20.0 0 0 0
44.893 0x2B main_weld 1 1 1 1 159 20.9 6.1 150 20.0 0 0 0
44.932 0x2B main_weld 1 1 1 1 159 20.9 6.1 150 20.0 0 0 0
44.971 0x2B main_weld 1 1 1 1 159 20.9 6.1 150 20.0 0 0 0
45.014 0x2B main_weld 1 1 1 1 164 21.0 6.1 150 20.0 0 0 0
45.055 0x2B main_weld 1 1 1 1 164 21.0 6.1 150 20.0 0 0 0
45.091 0x2B main_weld 1 1 1 1 164 21.0 6.1 150 20.0 0 0 0
45.137 0x2B main_weld 1 1 1 1 164 21.0 6.1 150 20.0 0 0 0
45.173 0x2B main_weld 1 1 1 1 164 21.1 6.1 150 20.0 0 0 0
45.216 0x2B main_weld 1 1 1 1 163 21.1 6.1 150 20.0 0 0 0
45.250 0x2B main_weld 1 1 1 1 163 21.1 6.1 150 20.0 0 0 0
45.295 0x2B main_weld 1 1 1 1 163 21.1 6.1 150 20.0 0 0 0
45.333 0x2B main_weld 1 1 1 1 163 21.1 6.1 150 20.0 0 0 0
45.376 0x2B main_weld 1 1 1 1 165 21.2 6.1 150 20.0 0 0 0
45.417 0x2B main_weld 1 1 1 1 165 21.2 6.1 150 20.0 0 0 0
45.457 0x2B main_weld 1 1 1 1 165 21.2 6.1 150 20.0 0 0 0
45.497 0x2B main_weld 1 1 1 1 166 21.2 6.1 150 20.0 0 0 0
45.533 0x2B main_weld 1 1 1 1 166 21.2 6.1 150 20.0 0 0 0
45.573 0x2B main_weld 1 1 1 1 166 21.2 6.1 150 20.0 0 0 0
45.613 0x2B main_weld 1 1 1 1 166 21.0 6.1 150 20.0 0 0 0
45.654 0x2B main_weld 1 1 1 1 166 21.0 6.1 150 20.0 0 0 0
45.697 0x2B main_weld 1 1 1 1 166 21.0 6.1 150 20.0 0 0 0
45.738 0x2B main_weld 1 1 1 1 163 21.0 6.1 150 20.0 0 0 0
45.775 0x2B main_weld 1 1 1 1 163 21.0 6.1 150 20.0 0 0 0
45.812 0x2B main_weld 1 1 1 1 163 21.3 6.1 150 20.0 0 0 0
45.849 0x2B main_weld 1 1 1 1 163 21.3 6.1 150 20.0 0 0 0
45.894 0x2B main_weld 1 1 1 1 163 21.3 6.1 150 20.0 0 0 0
45.933 0x2B main_weld 1 1 1 1 164 21.3 6.1 150 20.0 0 0 0
45.985 0x2B main_weld 1 1 1 1 164 20.7 6.1 150 20.0 0 0 0
46.013 0x2B main_weld 1 1 1 1 164 20.7 6.1 150 20.0 0 0 0
46.061 0x2B main_weld 1 1 1 1 164 20.7 6.1 150 20.0 0 0 0
46.094 0x2B main_weld 1 1 1 1 154 20.7 6.1 150 20.0 0 0 0
46.134 0x2B main_weld 1 1 1 1 154 20.7 6.1 150 20.0 0 0 0
46.169 0x2B main_weld 1 1 1 1 154 20.9 6.1 150 20.0 0 0 0
46.215 0x2B main_weld 1 1 1 1 154 20.9 6.1 150 20.0 0 0 0
46.265 0x2B main_weld 1 1 1 1 154 21.1 6.1 150 20.0 0 0 0
46.295 0x2B main_weld 1 1 1 1 163 21.1 6.1 150 20.0 0 0 0
46.330 0x2B main_weld 1 1 1 1 163 21.1 6.1 150 20.0 0 0 0
46.372 0x2B main_weld 1 1 1 1 163 21.1 6.1 150 20.0 0 0 0
46.412 0x2B main_weld 1 1 1 1 163 21.1 6.1 150 20.0 0 0 0
46.453 0x2B main_weld 1 1 1 1 166 21.1 6.1 150 20.0 0 0 0
46.506 0x2B main_weld 1 1 1 1 166 21.1 6.1 150 20.0 0 0 0
46.532 0x2B main_weld 1 1 1 1 166 21.1 6.1 150 20.0 0 0 0
46.580 0x2B main_weld 1 1 1 1 160 21.1 6.1 150 20.0 0 0 0
46.618 0x2B main_weld 1 1 1 1 160 20.9 6.1 150 20.0 0 0 0
46.654 0x2B main_weld 1 1 1 1 160 20.9 6.1 150 20.0 0 0 0
46.693 0x2B main_weld 1 1 1 1 160 21.3 6.1 150 20.0 0 0 0
46.735 0x2B main_weld 1 1 1 1 165 21.3 6.1 150 20.0 0 0 0
46.775 0x2B main_weld 1 1 1 1 165 21.3 6.1 150 20.0 0 0 0
46.811 0x2B main_weld 1 1 1 1 165 21.3 6.1 150 20.0 0 0 0
46.852 0x2B main_weld 1 1 1 1 165 21.3 6.1 150 20.0 0 0 0
46.896 0x2B main_weld 1 1 1 1 165 21.3 6.1 150 20.0 0 0 0
46.932 0x2B main_weld 1 1 1 1 165 21.3 6.1 150 20.0 0 0 0
46.971 0x2B main_weld 1 1 1 1 165 21.3 6.1 150 20.0 0 0 0
47.011 0x2B main_weld 1 1 1 1 166 21.3 6.1 150 20.0 0 0 0
47.053 0x2B main_weld 1 1 1 1 166 21.2 6.1 150 20.0 0 0 0
47.099 0x2B main_weld 1 1 1 1 166 21.2 6.1 150 20.0 0 0 0
47.139 0x2B main_weld 1 1 1 1 166 21.2 6.1 150 20.0 0 0 0
47.176 0x2B main_weld 1 1 1 1 158 21.2 6.1 150 20.0 0 0 0
47.216 0x2B main_weld 1 1 1 1 158 21.2 6.1 150 20.0 0 0 0
47.254 0x2B main_weld 1 1 1 1 158 21.1 6.1 150 20.0 0 0 0
47.296 0x2B main_weld 1 1 1 1 158 21.1 6.1 150 20.0 0 0 0
47.332 0x2B main_weld 1 1 1 1 158 20.9 6.1 150 20.0 0 0 0
47.373 0x2B main_weld 1 1 1 1 165 20.9 6.1 150 20.0 0 0 0
47.410 0x2B main_weld 1 1 1 1 165 20.9 6.1 150 20.0 0 0 0
47.454 0x2B main_weld 1 1 1 1 165 20.9 6.1 150 20.0 0 0 0
47.498 0x2B main_weld 1 1 1 1 165 20.9 6.1 150 20.0 0 0 0
47.531 0x2B main_weld 1 1 1 1 156 21.1 6.1 150 20.0 0 0 0
47.573 0x2B main_weld 1 1 1 1 156 21.1 6.1 150 20.0 0 0 0
47.617 0x2B main_weld 1 1 1 1 156 21.1 6.1 150 20.0 0 0 0
47.653 0x2B main_weld 1 1 1 1 164 21.1 6.1 150 20.0 0 0 0
47.695 0x2B main_weld 1 1 1 1 164 21.1 6.1 150 20.0 0 0 0
47.740 0x2B main_weld 1 1 1 1 164 21.1 6.1 150 20.0 0 0 0
47.775 0x2B main_weld 1 1 1 1 164 21.1 6.1 150 20.0 0 0 0
47.812 0x2B main_weld 1 1 1 1 157 21.1 6.1 150 20.0 0 0 0
47.851 0x2B main_weld 1 1 1 1 157 21.1 6.1 150 20.0 0 0 0
47.892 0x2B main_weld 1 1 1 1 157 21.1 6.1 150 20.0 0 0 0
47.942 0x2B main_weld 1 1 1 1 157 21.1 6.1 150 20.0 0 0 0
47.975 0x2B main_weld 1 1 1 1 157 21.1 6.1 150 20.0 0 0 0
48.016 0x2B main_weld 1 1 1 1 156 21.1 6.1 150 20.0 0 0 0
48.055 0x2B main_weld 1 1 1 1 156 21.1 6.1 150 20.0 0 0 0
48.099 0x2B main_weld 1 1 1 1 156 21.1 6.1 150 20.0 0 0 0
48.133 0x2B main_weld 1 1 1 1 156 20.9 6.1 150 20.0 0 0 0
48.174 0x2B main_weld 1 1 1 1 166 20.9 6.1 150 20.0 0 0 0
48.213 0x2B main_weld 1 1 1 1 166 20.9 6.1 150 20.0 0 0 0
48.250 0x2B main_weld 1 1 1 1 166 20.9 6.1 150 20.0 0 0 0
48.292 0x2B main_weld 1 1 1 1 166 20.9 6.1 150 20.0 0 0 0
48.336 0x2B main_weld 1 1 1 1 166 21.0 6.1 150 20.0 0 0 0
48.376 0x2B main_weld 1 1 1 1 159 21.0 6.1 150 20.0 0 0 0
48.415 0x2B main_weld 1 1 1 1 159 21.0 6.1 150 20.0 0 0 0
48.462 0x2B main_weld 1 1 1 1 165 21.0 6.1 150 20.0 0 0 0
48.492 0x2B main_weld 1 1 1 1 165 21.2 6.1 150 20.0 0 0 0
48.530 0x2B main_weld 1 1 1 1 165 21.2 6.1 150 20.0 0 0 0
48.580 0x2B main_weld 1 1 1 1 165 21.2 6.1 150 20.0 0 0 0
48.619 0x2B main_weld 1 1 1 1 148 22.2 6.1 150 20.0 0 0 0
48.653 0x2B main_weld 1 1 1 1 148 22.2 6.1 150 20.0 0 0 0
48.695 0x2B main_weld 1 1 1 1 148 22.2 6.1 150 20.0 0 0 0
48.732 0x2B main_weld 1 1 1 1 148 22.2 6.1 150 20.0 0 0 0
48.778 0x2B main_weld 1 1 1 1 148 20.9 6.1 150 20.0 0 0 0
48.811 0x2B main_weld 1 1 1 1 169 20.9 6.1 150 20.0 0 0 0
48.857 0x2B main_weld 1 1 1 1 169 20.9 6.1 150 20.0 0 0 0
48.895 0x2B main_weld 1 1 1 1 156 20.9 6.1 150 20.0 0 0 0
48.939 0x2B main_weld 1 1 1 1 156 20.9 6.1 150 20.0 0 0 0
48.983 0x2B main_weld 1 1 1 1 156 21.1 6.1 150 20.0 0 0 0
49.016 0x2B main_weld 1 1 1 1 156 21.1 6.1 150 20.0 0 0 0
49.055 0x2B main_weld 1 1 1 1 156 21.1 6.1 150 20.0 0 0 0
49.098 0x2B main_weld 1 1 1 1 169 21.1 6.1 150 20.0 0 0 0
49.138 0x2B main_weld 1 1 1 1 169 21.0 6.1 150 20.0 0 0 0
49.177 0x2B main_weld 1 1 1 1 169 21.0 6.1 150 20.0 0 0 0
49.218 0x2B main_weld 1 1 1 1 169 21.0 6.1 150 20.0 0 0 0
49.257 0x2B main_weld 1 1 1 1 157 21.0 6.1 150 20.0 0 0 0
49.291 0x2B main_weld 1 1 1 1 157 21.0 6.1 150 20.0 0 0 0
49.333 0x2B main_weld 1 1 1 1 157 21.0 6.1 150 20.0 0 0 0
49.375 0x2B main_weld 1 1 1 1 157 21.0 6.1 150 20.0 0 0 0
49.413 0x2B main_weld 1 1 1 1 157 21.0 6.1 150 20.0 0 0 0
49.456 0x2B main_weld 1 1 1 1 164 21.0 6.1 150 20.0 0 0 0
49.494 0x2B main_weld 1 1 1 1 164 21.0 6.1 150 20.0 0 0 0
49.533 0x2B main_weld 1 1 1 1 157 21.0 6.1 150 20.0 0 0 0
49.570 0x2B main_weld 1 1 1 1 157 20.9 6.1 150 20.0 0 0 0
49.612 0x2B main_weld 1 1 1 1 157 20.9 6.1 150 20.0 0 0 0
49.650 0x2B main_weld 1 1 1 1 157 20.9 6.1 150 20.0 0 0 0
49.696 0x2B main_weld 1 1 1 1 159 20.8 6.1 150 20.0 0 0 0
49.733 0x2B main_weld 1 1 1 1 159 20.8 6.1 150 20.0 0 0 0
49.774 0x2B main_weld 1 1 1 1 159 20.8 6.1 150 20.0 0 0 0
49.824 0x2B main_weld 1 1 1 1 159 20.8 6.1 150 20.0 0 0 0
49.860 0x2B main_weld 1 1 1 1 159 21.1 6.1 150 20.0 0 0 0
49.894 0x2B main_weld 1 1 1 1 151 21.1 6.1 150 20.0 0 0 0
49.931 0x2B main_weld 1 1 1 1 151 21.1 6.1 150 20.0 0 0 0
49.981 0x2B main_weld 1 1 1 1 151 21.1 6.1 150 20.0 0 0 0
50.013 0x2B main_weld 1 1 1 1 151 21.1 6.1 150 20.0 0 0 0
50.050 0x2B main_weld 1 1 1 1 156 21.1 6.1 150 20.0 0 0 0
50.096 0x2B main_weld 1 1 1 1 156 21.1 6.1 150 20.0 0 0 0
50.138 0x2B main_weld 1 1 1 1 156 21.1 6.1 150 20.0 0 0 0
50.176 0x2B main_weld 1 1 1 1 156 21.1 6.1 150 20.0 0 0 0
50.213 0x2B main_weld 1 1 1 1 156 20.8 6.1 150 20.0 0 0 0
50.253 0x2B main_weld 1 1 1 1 163 20.8 6.1 150 20.0 0 0 0
50.292 0x2B main_weld 1 1 1 1 163 20.8 6.1 150 20.0 0 0 0
50.339 0x2B main_weld 1 1 1 1 150 20.8 6.1 150 20.0 0 0 0
50.374 0x2B main_weld 1 1 1 1 150 20.8 6.1 150 20.0 0 0 0
50.411 0x2B main_weld 1 1 1 1 150 21.3 6.1 150 20.0 0 0 0
50.457 0x2B main_weld 1 1 1 1 150 21.3 6.1 150 20.0 0 0 0
50.499 0x2B main_weld 1 1 1 1 150 21.3 6.1 150 20.0 0 0 0
50.541 0x2B main_weld 1 1 1 1 159 21.3 6.1 150 20.0 0 0 0
50.570 0x2B main_weld 1 1 1 1 159 21.3 6.1 150 20.0 0 0 0
50.610 0x2B main_weld 1 1 1 1 159 21.3 6.1 150 20.0 0 0 0
50.654 0x2B main_weld 1 1 1 1 159 21.1 6.1 150 20.0 0 0 0
50.699 0x2B main_weld 1 1 1 1 160 21.1 6.1 150 20.0 0 0 0
50.739 0x2B main_weld 1 1 1 1 160 21.1 6.1 150 20.0 0 0 0
50.772 0x2B main_weld 1 1 1 1 166 21.1 6.1 150 20.0 0 0 0
50.817 0x2B main_weld 1 1 1 1 166 21.1 6.1 150 20.0 0 0 0
50.852 0x2B main_weld 1 1 1 1 166 20.9 6.1 150 20.0 0 0 0
50.893 0x2B main_weld 1 1 1 1 166 20.9 6.1 150 20.0 0 0 0
50.944 0x2B main_weld 1 1 1 1 166 20.9 6.1 150 20.0 0 0 0
50.975 0x2B main_weld 1 1 1 1 156 20.9 6.1 150 20.0 0 0 0
51.012 0x2B main_weld 1 1 1 1 156 21.0 6.1 150 20.0 0 0 0
51.059 0x2B main_weld 1 1 1 1 156 21.0 6.1 150 20.0 0 0 0
51.093 0x2B main_weld 1 1 1 1 156 21.0 6.1 150 20.0 0 0 0
51.136 0x2B main_weld 1 1 1 1 160 21.0 6.1 150 20.0 0 0 0
51.175 0x2B main_weld 1 1 1 1 160 21.0 6.1 150 20.0 0 0 0
51.211 0x2B main_weld 1 1 1 1 160 21.0 6.1 150 20.0 0 0 0
51.254 0x2B main_weld 1 1 1 1 160 21.0 6.1 150 20.0 0 0 0
51.292 0x2B main_weld 1 1 1 1 160 21.0 6.1 150 20.0 0 0 0
51.332 0x2B main_weld 1 1 1 1 152 21.0 6.1 150 20.0 0 0 0
51.373 0x2B main_weld 1 1 1 1 152 21.1 6.1 150 20.0 0 0 0
51.413 0x2B main_weld 1 1 1 1 144 21.1 6.1 150 20.0 0 0 0
51.458 0x2B main_weld 1 1 1 1 144 21.1 6.1 150 20.0 0 0 0
51.491 0x2B main_weld 1 1 1 1 144 24.5 6.1 150 20.0 0 0 0
51.539 0x2B main_weld 1 1 1 1 144 24.5 6.1 150 20.0 0 0 0
51.576 0x2B main_weld 1 1 1 1 144 20.9 6.1 150 20.0 0 0 0
51.615 0x2B main_weld 1 1 1 1 156 20.9 6.1 150 20.0 0 0 0
51.654 0x2B main_weld 1 1 1 1 156 20.9 6.1 150 20.0 0 0 0
51.693 0x2B main_weld 1 1 1 1 156 20.9 6.1 150 20.0 0 0 0
51.731 0x2B main_weld 1 1 1 1 156 21.3 6.1 150 20.0 0 0 0
51.774 0x2B main_weld 1 1 1 1 159 21.3 6.1 150 20.0 0 0 0
51.813 0x2B main_weld 1 1 1 1 159 21.3 6.1 150 20.0 0 0 0
51.854 0x2B main_weld 1 1 1 1 159 21.3 6.1 150 20.0 0 0 0
51.899 0x2B main_weld 1 1 1 1 159 21.3 6.1 150 20.0 0 0 0
51.933 0x2B main_weld 1 1 1 1 159 21.1 6.1 150 20.0 0 0 0
51.974 0x2B main_weld 1 1 1 1 163 21.1 6.1 150 20.0 0 0 0
52.012 0x2B main_weld 1 1 1 1 163 21.1 6.1 150 20.0 0 0 0
52.058 0x2B main_weld 1 1 1 1 163 21.1 6.1 150 20.0 0 0 0
52.096 0x2B main_weld 1 1 1 1 163 20.7 6.1 150 20.0 0 0 0
52.135 0x2B main_weld 1 1 1 1 166 20.7 6.1 150 20.0 0 0 0
52.172 0x2B main_weld 1 1 1 1 166 20.7 6.1 150 20.0 0 0 0
52.213 0x2B main_weld 1 1 1 1 156 20.7 6.1 150 20.0 0 0 0
52.251 0x2B main_weld 1 1 1 1 156 20.7 6.1 150 20.0 0 0 0
52.290 0x2B main_weld 1 1 1 1 156 22.3 6.1 150 20.0 0 0 0
52.334 0x2B main_weld 1 1 1 1 156 22.3 6.1 150 20.0 0 0 0
52.374 0x2B main_weld 1 1 1 1 156 21.4 6.1 150 20.0 0 0 0
52.413 0x2B main_weld 1 1 1 1 154 21.4 6.1 150 20.0 0 0 0
52.457 0x2B main_weld 1 1 1 1 154 21.4 6.1 150 20.0 0 0 0
52.491 0x2B main_weld 1 1 1 1 154 21.4 6.1 150 20.0 0 0 0
52.532 0x2B main_weld 1 1 1 1 154 21.4 6.1 150 20.0 0 0 0
52.576 0x2B main_weld 1 1 1 1 147 23.2 6.1 150 20.0 0 0 0
52.612 0x2B main_weld 1 1 1 1 147 23.2 6.1 150 20.0 0 0 0
52.655 0x2B main_weld 1 1 1 1 147 23.2 6.1 150 20.0 0 0 0
52.692 0x2B main_weld 1 1 1 1 156 23.2 6.1 150 20.0 0 0 0
52.736 0x2B main_weld 1 1 1 1 156 21.1 6.1 150 20.0 0 0 0
52.778 0x2B main_weld 1 1 1 1 156 21.1 6.1 150 20.0 0 0 0
52.813 0x2B main_weld 1 1 1 1 156 21.1 6.1 150 20.0 0 0 0
52.858 0x2B main_weld 1 1 1 1 162 21.1 6.1 150 20.0 0 0 0
52.892 0x2B main_weld 1 1 1 1 162 21.1 6.1 150 20.0 0 0 0
52.933 0x2B main_weld 1 1 1 1 162 22.1 6.1 150 20.0 0 0 0
52.976 0x2B main_weld 1 1 1 1 162 22.1 6.1 150 20.0 0 0 0
53.021 0x2B main_weld 1 1 1 1 162 21.3 6.1 150 20.0 0 0 0
53.056 0x2B main_weld 1 1 1 1 157 21.3 6.1 150 20.0 0 0 0
53.095 0x2B main_weld 1 1 1 1 157 21.3 6.1 150 20.0 0 0 0
53.140 0x2B main_weld 1 1 1 1 157 21.3 6.1 150 20.0 0 0 0
53.179 0x2B main_weld 1 1 1 1 157 21.1 6.1 150 20.0 0 0 0
53.215 0x2B main_weld 1 1 1 1 148 21.1 6.1 150 20.0 0 0 0
53.254 0x2B main_weld 1 1 1 1 148 21.1 6.1 150 20.0 0 0 0
53.299 0x2B main_weld 1 1 1 1 168 21.1 6.1 150 20.0 0 0 0
53.338 0x2B main_weld 1 1 1 1 168 21.1 6.1 150 20.0 0 0 0
53.379 0x2B main_weld 1 1 1 1 168 20.8 6.1 150 20.0 0 0 0
53.410 0x2B main_weld 1 1 1 1 168 20.8 6.1 150 20.0 0 0 0
53.453 0x2B main_weld 1 1 1 1 168 24.7 6.1 150 20.0 0 0 0
53.498 0x2B main_weld 1 1 1 1 142 24.7 6.1 150 20.0 0 0 0
53.534 0x2B main_weld 1 1 1 1 142 24.7 6.1 150 20.0 0 0 0
53.572 0x2B main_weld 1 1 1 1 142 24.7 6.1 150 20.0 0 0 0
53.618 0x2B main_weld 1 1 1 1 142 24.7 6.1 150 20.0 0 0 0
53.657 0x2B main_weld 1 1 1 1 160 20.8 6.1 150 20.0 0 0 0
53.692 0x2B main_weld 1 1 1 1 160 20.8 6.1 150 20.0 0 0 0
53.731 0x2B main_weld 1 1 1 1 160 20.8 6.1 150 20.0 0 0 0
53.776 0x2B main_weld 1 1 1 1 160 20.8 6.1 150 20.0 0 0 0
53.810 0x2B main_weld 1 1 1 1 160 21.0 6.1 150 20.0 0 0 0
53.860 0x2B main_weld 1 1 1 1 158 21.0 6.1 150 20.0 0 0 0
53.895 0x2B main_weld 1 1 1 1 158 21.0 6.1 150 20.0 0 0 0
53.937 0x2B main_weld 1 1 1 1 169 21.0 6.1 150 20.0 0 0 0
53.974 0x28 idle 0 1 0 1 169 21.0 6.1 150 20.0 0 0 0
54.015 0x28 idle 0 1 0 1 169 21.1 6.1 150 20.0 0 0 0
54.053 0x28 idle 0 1 0 1 169 21.1 6.1 150 20.0 0 0 0
54.096 0x28 idle 0 1 0 1 169 21.1 6.1 150 20.0 0 0 0
54.137 0x28 idle 0 1 0 1 94 21.1 6.1 150 20.0 0 0 0
54.180 0x28 idle 0 1 0 1 94 31.9 6.1 150 20.0 0 0 0
54.212 0x28 idle 0 1 0 1 94 31.9 6.1 150 20.0 0 0 0
54.255 0x28 idle 0 1 0 1 94 22.4 6.1 150 20.0 0 0 0
54.294 0x28 idle 0 1 0 1 94 22.4 6.1 150 20.0 0 0 0
54.334 0x28 idle 0 1 0 1 94 22.4 6.1 150 20.0 0 0 0
54.373 0x28 idle 0 1 0 1 50 22.4 6.1 150 20.0 0 0 0
54.411 0x28 idle 0 1 0 1 50 22.4 6.1 150 20.0 0 0 0
54.454 0x28 idle 0 1 0 1 50 23.4 6.1 150 20.0 0 0 0
54.504 0x28 idle 0 1 0 1 22 23.4 6.1 150 20.0 0 0 0
54.530 0x28 idle 0 1 0 1 22 23.4 6.1 150 20.0 0 0 0
54.574 0x28 idle 0 1 0 1 0 23.4 6.1 150 20.0 0 0 0
54.616 0x28 idle 0 1 0 1 0 3.5 6.1 150 20.0 0 0 0
54.655 0x28 idle 0 1 0 1 0 3.5 6.1 150 20.0 0 0 0
54.697 0x28 idle 0 1 0 1 0 3.5 6.1 150 20.0 0 0 0
54.733 0x28 idle 0 1 0 1 0 3.0 6.1 150 20.0 0 0 0
54.774 0x28 idle 0 1 0 1 0 3.0 6.1 150 20.0 0 0 0
54.814 0x28 idle 0 1 0 1 0 3.0 6.1 150 20.0 0 0 0
54.855 0x28 idle 0 1 0 1 0 3.0 6.1 150 20.0 0 0 0
54.898 0x28 idle 0 1 0 1 0 3.0 6.1 150 20.0 0 0 0
54.934 0x28 idle 0 1 0 1 0 3.0 6.1 150 20.0 0 0 0
54.975 0x28 idle 0 1 0 1 0 3.0 6.1 150 20.0 0 0 0
55.018 0x28 idle 0 1 0 1 0 3.0 6.1 150 20.0 0 0 0
55.060 0x28 idle 0 1 0 1 0 3.0 6.1 150 20.0 0 0 0
55.094 0x08 idle 0 1 0 0 0 0.0 6.1 150 20.0 0 0 0
55.136 0x08 idle 0 1 0 0 0 0.0 0.0 150 20.0 0 0 0
55.173 0x08 idle 0 1 0 0 0 0.0 0.0 150 20.0 0 0 0
55.210 0x08 idle 0 1 0 0 0 0.0 0.0 150 20.0 0 0 0
55.250 0x08 idle 0 1 0 0 0 0.0 0.0 150 20.0 0 0 0
55.292 0x08 idle 0 1 0 0 0 0.0 0.0 150 20.0 0 0 0
55.332 0x08 idle 0 1 0 0 0 0.0 0.0 150 20.0 0 0 0
55.371 0x08 idle 0 1 0 0 0 0.0 0.0 150 20.0 0 0 0
55.416 0x08 idle 0 1 0 0 0 0.0 0.0 150 20.0 0 0 0
55.450 0x08 idle 0 1 0 0 0 0.0 0.0 150 20.0 0 0 0
55.489 0x08 idle 0 1 0 0 0 0.0 0.0 150 20.0 0 0 0
55.533 0x08 idle 0 1 0 0 0 0.0 0.0 150 20.0 0 0 0
55.573 0x08 idle 0 1 0 0 0 0.0 0.0 150 20.0 0 0 0
55.611 0x08 idle 0 1 0 0 0 0.0 0.0 150 20.0 0 0 0
55.652 0x08 idle 0 1 0 0 0 0.0 0.0 150 20.0 0 0 0
55.690 0x08 idle 0 1 0 0 0 0.0 0.0 150 20.0 0 0 0
55.731 0x08 idle 0 1 0 0 0 0.0 0.0 150 20.0 0 0 0
55.773 0x08 idle 0 1 0 0 0 0.0 0.0 150 20.0 0 0 0
55.813 0x08 idle 0 1 0 0 0 0.0 0.0 150 20.0 0 0 0
55.851 0x08 idle 0 1 0 0 0 0.0 0.0 150 20.0 0 0 0
55.893 0x08 idle 0 1 0 0 0 0.0 0.0 150 20.0 0 0 0
55.931 0x08 idle 0 1 0 0 0 0.0 0.0 150 20.0 0 0 0
55.973 0x08 idle 0 1 0 0 0 0.0 0.0 150 20.0 0 0 0
56.013 0x08 idle 0 1 0 0 0 0.0 0.0 150 20.0 0 0 0
56.053 0x08 idle 0 1 0 0 0 0.0 0.0 150 20.0 0 0 0
56.091 0x08 idle 0 1 0 0 0 0.0 0.0 150 20.0 0 0 0
56.137 0x08 idle 0 1 0 0 0 0.0 0.0 150 20.0 0 0 0
56.174 0x08 idle 0 1 0 0 0 0.0 0.0 150 20.0 0 0 0
56.215 0x08 idle 0 1 0 0 0 0.0 0.0 150 20.0 0 0 0
56.257 0x08 idle 0 1 0 0 0 0.0 0.0 150 20.0 0 0 0
56.292 0x08 idle 0 1 0 0 0 0.0 0.0 150 20.0 0 0 0
56.329 0x08 idle 0 1 0 0 0 0.0 0.0 150 20.0 0 0 0
56.374 0x08 idle 0 1 0 0 0 0.0 0.0 150 20.0 0 0 0
56.413 0x08 idle 0 1 0 0 0 0.0 0.0 150 20.0 0 0 0
56.452 0x08 idle 0 1 0 0 0 0.0 0.0 150 20.0 0 0 0
56.493 0x08 idle 0 1 0 0 0 0.0 0.0 150 20.0 0 0 0
56.531 0x08 idle 0 1 0 0 0 0.0 0.0 150 20.0 0 0 0
56.571 0x08 idle 0 1 0 0 0 0.0 0.0 150 20.0 0 0 0
56.614 0x08 idle 0 1 0 0 0 0.0 0.0 150 20.0 0 0 0
56.649 0x08 idle 0 1 0 0 0 0.0 0.0 150 20.0 0 0 0
56.699 0x08 idle 0 1 0 0 0 0.0 0.0 150 20.0 0 0 0
56.730 0x08 idle 0 1 0 0 0 0.0 0.0 150 20.0 0 0 0
56.770 0x08 idle 0 1 0 0 0 0.0 0.0 150 20.0 0 0 0
56.809 0x08 idle 0 1 0 0 0 0.0 0.0 150 20.0 0 0 0
56.857 0x08 idle 0 1 0 0 0 0.0 0.0 150 20.0 0 0 0
56.895 0x08 idle 0 1 0 0 0 0.0 0.0 150 20.0 0 0 0
56.944 0x08 idle 0 1 0 0 0 0.0 0.0 150 20.0 0 0 0
56.972 0x08 idle 0 1 0 0 0 0.0 0.0 150 20.0 0 0 0
57.012 0x08 idle 0 1 0 0 0 0.0 0.0 150 20.0 0 0 0
57.050 0x08 idle 0 1 0 0 0 0.0 0.0 150 20.0 0 0 0
57.093 0x08 idle 0 1 0 0 0 0.0 0.0 150 20.0 0 0 0
57.131 0x08 idle 0 1 0 0 0 0.0 0.0 150 20.0 0 0 0
57.171 0x08 idle 0 1 0 0 0 0.0 0.0 150 20.0 0 0 0
57.214 0x08 idle 0 1 0 0 0 0.0 0.0 150 20.0 0 0 0
57.254 0x08 idle 0 1 0 0 0 0.0 0.0 150 20.0 0 0 0
57.291 0x08 idle 0 1 0 0 0 0.0 0.0 150 20.0 0 0 0
57.334 0x08 idle 0 1 0 0 0 0.0 0.0 150 20.0 0 0 0
57.373 0x00 idle 0 0 0 0 0 0.0 0.0 150 20.0 0 0 0

[tcp_trajectory]
elapsed_s x_m y_m z_m qx qy qz qw speed_m_s tf_stamp_s along_mm remaining_mm cross_track_mm progress waypoint phase
0.0013 0.0393719 -1.7653816 0.6560251 -0.45129001 0.74394695 -0.43183638 -0.23748180 0.000000 1789364003.162300825 0.074 184.500 0.734 0.00000 -1 ACTUAL_TF
0.0249 0.0394067 -1.7653898 0.6557084 -0.45127984 0.74394674 -0.43185097 -0.23747523 0.005681 1789364003.218405485 0.061 184.513 0.419 0.00000 -1 ACTUAL_TF
0.0730 0.0394414 -1.7654237 0.6555717 -0.45126927 0.74394153 -0.43187282 -0.23747193 0.004754 1789364003.274351835 0.024 184.549 0.280 0.00000 -1 ACTUAL_TF
0.1319 0.0394623 -1.7654212 0.6554507 -0.45126368 0.74394191 -0.43188076 -0.23746691 0.003986 1789364003.330356598 0.024 184.549 0.160 0.00000 -1 ACTUAL_TF
0.1905 0.0394827 -1.7654505 0.6554229 -0.45125685 0.74393504 -0.43189886 -0.23746851 0.003032 1789364003.386400700 -0.006 184.579 0.127 0.00000 -1 ACTUAL_TF
0.2492 0.0394896 -1.7654558 0.6553937 -0.45125292 0.74393393 -0.43190499 -0.23746830 0.002286 1789364003.442294121 -0.012 184.585 0.098 0.00000 -1 ACTUAL_TF
0.2964 0.0394985 -1.7654654 0.6553784 -0.45125136 0.74393158 -0.43191082 -0.23746801 0.001708 1789364003.498378515 -0.022 184.595 0.080 0.00000 -1 ACTUAL_TF
0.3531 0.0395037 -1.7654628 0.6553649 -0.45125183 0.74393114 -0.43191211 -0.23746614 0.001275 1789364003.554376602 -0.020 184.593 0.066 0.00000 -1 ACTUAL_TF
0.4096 0.0395081 -1.7654608 0.6553580 -0.45125195 0.74393104 -0.43191275 -0.23746506 0.000937 1789364003.610361814 -0.018 184.591 0.058 0.00000 -1 ACTUAL_TF
0.4680 0.0395096 -1.7654635 0.6553563 -0.45124857 0.74393197 -0.43191510 -0.23746433 0.000675 1789364003.666355133 -0.020 184.594 0.056 0.00000 -1 ACTUAL_TF
0.5258 0.0395105 -1.7654644 0.6553530 -0.45124720 0.74393283 -0.43191549 -0.23746351 0.000491 1789364003.722379446 -0.022 184.595 0.052 0.00000 -1 ACTUAL_TF
0.5825 0.0395167 -1.7654647 0.6553543 -0.45124809 0.74393115 -0.43191816 -0.23746225 0.000377 1789364003.778376102 -0.022 184.595 0.051 0.00000 -1 ACTUAL_TF
0.6389 0.0395177 -1.7654660 0.6553513 -0.45124668 0.74393197 -0.43191865 -0.23746146 0.000282 1789364003.834313393 -0.023 184.597 0.048 0.00000 -1 ACTUAL_TF
0.6948 0.0395182 -1.7654660 0.6553513 -0.45124524 0.74393284 -0.43191911 -0.23746062 0.000201 1789364003.890362501 -0.023 184.597 0.047 0.00000 -1 ACTUAL_TF
0.7455 0.0395176 -1.7654626 0.6553464 -0.45124457 0.74393431 -0.43191791 -0.23745948 0.000173 1789364003.946305275 -0.020 184.593 0.043 0.00000 -1 ACTUAL_TF
0.8044 0.0395230 -1.7654614 0.6553464 -0.45124615 0.74393335 -0.43191842 -0.23745856 0.000151 1789364004.002382040 -0.019 184.592 0.041 0.00000 -1 ACTUAL_TF
0.8592 0.0395227 -1.7654592 0.6553383 -0.45124543 0.74393485 -0.43191723 -0.23745739 0.000150 1789364004.058448553 -0.017 184.590 0.033 0.00000 -1 ACTUAL_TF
0.9113 0.0395237 -1.7654604 0.6553353 -0.45124402 0.74393567 -0.43191773 -0.23745660 0.000123 1789364004.114350796 -0.018 184.591 0.030 0.00000 -1 ACTUAL_TF
0.9869 0.0395247 -1.7654714 0.6553451 -0.45123974 0.74392947 -0.43192967 -0.23746240 0.000165 1789364004.170587063 -0.029 184.602 0.039 0.00000 -1 ACTUAL_TF
1.0278 0.0395351 -1.7654859 0.6553483 -0.45123711 0.74392686 -0.43193677 -0.23746266 0.000213 1789364004.226314068 -0.044 184.617 0.041 0.00000 -1 ACTUAL_TF
1.1367 0.0395398 -1.7654848 0.6553483 -0.45123850 0.74392602 -0.43193722 -0.23746185 0.000162 1789364004.338525295 -0.043 184.616 0.041 0.00000 -1 ACTUAL_TF
1.2530 0.0395382 -1.7654805 0.6553466 -0.45123919 0.74392663 -0.43193563 -0.23746153 0.000127 1789364004.450347424 -0.038 184.612 0.039 0.00000 -1 ACTUAL_TF
1.3122 0.0395341 -1.7654574 0.6553378 -0.45124262 0.74392984 -0.43192757 -0.23745959 0.000223 1789364004.506304026 -0.015 184.589 0.030 0.00000 -1 ACTUAL_TF
1.3698 0.0395198 -1.7654191 0.6553231 -0.45124840 0.74393466 -0.43191437 -0.23745752 0.000389 1789364004.562327385 0.023 184.550 0.022 0.00000 -1 ACTUAL_TF
1.4217 0.0395092 -1.7653636 0.6553089 -0.45125476 0.74393557 -0.43190545 -0.23745881 0.000583 1789364004.618415594 0.079 184.495 0.025 0.00000 -1 ACTUAL_TF
1.4836 0.0394984 -1.7653089 0.6552978 -0.45126143 0.74393299 -0.43190077 -0.23746271 0.000714 1789364004.674363136 0.134 184.440 0.036 0.00000 -1 ACTUAL_TF
1.5333 0.0394806 -1.7652048 0.6552735 -0.45127101 0.74393352 -0.43188845 -0.23746529 0.001080 1789364004.730330229 0.238 184.336 0.062 0.00000 -1 ACTUAL_TF
1.5908 0.0394842 -1.7650802 0.6552448 -0.45128268 0.74393478 -0.43187703 -0.23745991 0.001440 1789364004.786449671 0.362 184.211 0.080 0.00000 -1 ACTUAL_TF
1.6524 0.0395100 -1.7649652 0.6552235 -0.45123620 0.74396587 -0.43189036 -0.23742660 0.001650 1789364004.842431784 0.476 184.098 0.092 0.00000 -1 ACTUAL_TF
1.6997 0.0395048 -1.7648125 0.6551909 -0.45126009 0.74395820 -0.43187643 -0.23743055 0.001993 1789364004.898346186 0.628 183.945 0.126 0.00000 -1 ACTUAL_TF
1.7568 0.0394880 -1.7646864 0.6551672 -0.45127027 0.74395367 -0.43186930 -0.23743837 0.002089 1789364004.954347610 0.754 183.819 0.153 0.00000 -1 ACTUAL_TF
1.8150 0.0394654 -1.7645105 0.6551274 -0.45128562 0.74395411 -0.43185147 -0.23744026 0.002436 1789364005.010338306 0.930 183.643 0.198 0.00000 -1 ACTUAL_TF
1.8681 0.0394610 -1.7643576 0.6550939 -0.45128852 0.74396033 -0.43184111 -0.23743412 0.002540 1789364005.066599369 1.083 183.490 0.232 0.00000 -1 ACTUAL_TF
1.9299 0.0394554 -1.7641550 0.6550477 -0.45128795 0.74397345 -0.43182635 -0.23742093 0.002898 1789364005.122297525 1.285 183.288 0.280 0.00000 -1 ACTUAL_TF
1.9812 0.0394447 -1.7639829 0.6550060 -0.45129583 0.74398190 -0.43180774 -0.23741331 0.002977 1789364005.178404093 1.457 183.116 0.324 0.00000 -1 ACTUAL_TF
2.0364 0.0394348 -1.7637960 0.6549691 -0.45130951 0.74397885 -0.43179730 -0.23741586 0.003108 1789364005.234296322 1.643 182.930 0.364 0.00000 -1 ACTUAL_TF
2.0920 0.0394252 -1.7635936 0.6549227 -0.45131287 0.74398966 -0.43178023 -0.23740663 0.003289 1789364005.290319443 1.845 182.728 0.413 0.00000 -1 ACTUAL_TF
2.1455 0.0394059 -1.7634350 0.6548890 -0.45131593 0.74399452 -0.43176890 -0.23740620 0.003176 1789364005.346361876 2.004 182.569 0.450 0.00000 -1 ACTUAL_TF
2.2095 0.0394015 -1.7632340 0.6548532 -0.45132631 0.74400116 -0.43175103 -0.23739817 0.003316 1789364005.402440548 2.205 182.369 0.488 0.00000 -1 ACTUAL_TF
2.2621 0.0393843 -1.7630708 0.6548308 -0.45132682 0.74400533 -0.43174352 -0.23739777 0.003210 1789364005.458320379 2.368 182.205 0.514 0.00000 -1 ACTUAL_TF
2.3123 0.0393851 -1.7628905 0.6548193 -0.45132507 0.74400749 -0.43174337 -0.23739462 0.003215 1789364005.514296532 2.548 182.025 0.527 0.00000 -1 ACTUAL_TF
2.3735 0.0393731 -1.7627377 0.6548186 -0.45132361 0.74400975 -0.43174107 -0.23739448 0.003072 1789364005.570272923 2.701 181.872 0.531 0.00000 -1 ACTUAL_TF
2.4410 0.0393700 -1.7625560 0.6548265 -0.45132445 0.74400704 -0.43174377 -0.23739647 0.003124 1789364005.626327038 2.883 181.690 0.525 0.00000 -1 ACTUAL_TF
2.4898 0.0393672 -1.7624249 0.6548537 -0.45131487 0.74400245 -0.43175889 -0.23740157 0.002902 1789364005.682495356 3.014 181.559 0.499 0.00000 -1 ACTUAL_TF
2.5388 0.0393663 -1.7622604 0.6548882 -0.45130280 0.74400008 -0.43177411 -0.23740424 0.002931 1789364005.738559246 3.179 181.394 0.467 0.00000 -1 ACTUAL_TF
2.6003 0.0393738 -1.7620908 0.6549200 -0.45129745 0.74399588 -0.43178646 -0.23740513 0.002980 1789364005.794404984 3.349 181.224 0.435 0.00000 -1 ACTUAL_TF
2.6527 0.0393725 -1.7619364 0.6549417 -0.45128567 0.74399456 -0.43179980 -0.23740740 0.002920 1789364005.850470304 3.504 181.070 0.415 0.00000 -1 ACTUAL_TF
2.7108 0.0393695 -1.7617514 0.6549729 -0.45128178 0.74398700 -0.43181313 -0.23741426 0.003049 1789364005.906455517 3.689 180.884 0.387 0.00000 -1 ACTUAL_TF
2.7681 0.0393625 -1.7615798 0.6549857 -0.45127650 0.74398812 -0.43181659 -0.23741449 0.003059 1789364005.962323904 3.861 180.713 0.376 0.00000 -1 ACTUAL_TF
2.8202 0.0393747 -1.7614243 0.6550354 -0.45126490 0.74397458 -0.43184660 -0.23742436 0.003016 1789364006.018446207 4.017 180.557 0.327 0.00000 -1 ACTUAL_TF
2.8804 0.0393611 -1.7612494 0.6550424 -0.45126362 0.74397535 -0.43184602 -0.23742544 0.003053 1789364006.074381828 4.192 180.382 0.323 0.00000 -1 ACTUAL_TF
2.9415 0.0393625 -1.7610516 0.6550679 -0.45125810 0.74397302 -0.43185569 -0.23742564 0.003207 1789364006.130333185 4.390 180.184 0.299 0.00000 -1 ACTUAL_TF
2.9889 0.0393487 -1.7608229 0.6550830 -0.45125632 0.74397357 -0.43185562 -0.23742743 0.003472 1789364006.186455727 4.619 179.954 0.289 0.00000 -1 ACTUAL_TF
3.0391 0.0393532 -1.7606619 0.6551001 -0.45124954 0.74397352 -0.43186425 -0.23742478 0.003298 1789364006.242464781 4.780 179.793 0.272 0.00000 -1 ACTUAL_TF
3.0959 0.0393441 -1.7604451 0.6551101 -0.45124626 0.74397956 -0.43185981 -0.23742016 0.003474 1789364006.298382044 4.997 179.576 0.265 0.00000 -1 ACTUAL_TF
3.1532 0.0393485 -1.7602694 0.6551214 -0.45124902 0.74398136 -0.43185673 -0.23741486 0.003376 1789364006.354333162 5.173 179.401 0.255 0.00000 -1 ACTUAL_TF
3.2111 0.0393411 -1.7600437 0.6551248 -0.45125291 0.74398510 -0.43184899 -0.23740985 0.003570 1789364006.410469294 5.399 179.175 0.255 0.00000 -1 ACTUAL_TF
3.2687 0.0393346 -1.7598568 0.6551296 -0.45125549 0.74398791 -0.43184317 -0.23740672 0.003501 1789364006.466477633 5.586 178.988 0.252 0.00000 -1 ACTUAL_TF
3.3228 0.0393398 -1.7596295 0.6551493 -0.45125779 0.74398600 -0.43184582 -0.23740352 0.003677 1789364006.522304296 5.813 178.761 0.234 0.00000 -1 ACTUAL_TF
3.3799 0.0393389 -1.7594611 0.6551600 -0.45125522 0.74398551 -0.43184952 -0.23740322 0.003479 1789364006.578235626 5.981 178.592 0.225 0.00000 -1 ACTUAL_TF
3.4387 0.0393310 -1.7592493 0.6551692 -0.45125648 0.74398328 -0.43185045 -0.23740611 0.003570 1789364006.634359360 6.193 178.380 0.219 0.00000 -1 ACTUAL_TF
3.4977 0.0393378 -1.7590473 0.6551842 -0.45125443 0.74398316 -0.43185505 -0.23740200 0.003586 1789364006.690296173 6.395 178.178 0.205 0.00000 -1 ACTUAL_TF
3.5490 0.0393409 -1.7588819 0.6551964 -0.45125834 0.74397774 -0.43185896 -0.23740444 0.003397 1789364006.746372700 6.561 178.013 0.194 0.00000 -1 ACTUAL_TF
3.6093 0.0393310 -1.7586729 0.6552053 -0.45125578 0.74397895 -0.43185922 -0.23740505 0.003501 1789364006.802322388 6.770 177.803 0.188 0.00000 -1 ACTUAL_TF
3.6619 0.0393192 -1.7584963 0.6552144 -0.45125517 0.74397714 -0.43186087 -0.23740889 0.003399 1789364006.858386993 6.947 177.626 0.182 0.00000 -1 ACTUAL_TF
3.7256 0.0393134 -1.7582690 0.6552156 -0.45126004 0.74397920 -0.43185384 -0.23740595 0.003595 1789364006.914489746 7.174 177.399 0.184 0.00000 -1 ACTUAL_TF
3.7800 0.0393118 -1.7581118 0.6552248 -0.45125845 0.74397827 -0.43185686 -0.23740640 0.003361 1789364006.970436335 7.332 177.242 0.176 0.00000 -1 ACTUAL_TF
3.8334 0.0393110 -1.7579175 0.6552414 -0.45125842 0.74397259 -0.43186466 -0.23741007 0.003397 1789364007.026440620 7.526 177.047 0.162 0.00000 -1 ACTUAL_TF
3.8870 0.0392991 -1.7577092 0.6552491 -0.45125638 0.74397127 -0.43186699 -0.23741382 0.003497 1789364007.082411289 7.735 176.839 0.157 0.00000 -1 ACTUAL_TF
3.9418 0.0393055 -1.7575483 0.6552635 -0.45125695 0.74396675 -0.43187361 -0.23741487 0.003314 1789364007.138435841 7.895 176.678 0.144 0.00000 -1 ACTUAL_TF
3.9986 0.0392969 -1.7573407 0.6552782 -0.45125203 0.74396720 -0.43187787 -0.23741507 0.003434 1789364007.194504499 8.103 176.470 0.132 0.00000 -1 ACTUAL_TF
4.0565 0.0392922 -1.7571744 0.6552890 -0.45124943 0.74396344 -0.43188425 -0.23742018 0.003293 1789364007.250752449 8.270 176.303 0.123 0.00000 -1 ACTUAL_TF
4.1042 0.0392859 -1.7569668 0.6552934 -0.45124785 0.74396622 -0.43188282 -0.23741709 0.003427 1789364007.306316853 8.478 176.096 0.122 0.00000 -1 ACTUAL_TF
4.1672 0.0392880 -1.7568195 0.6553166 -0.45123857 0.74396019 -0.43189931 -0.23742363 0.003196 1789364007.362407446 8.625 175.948 0.100 0.00000 -1 ACTUAL_TF
4.2264 0.0392849 -1.7566194 0.6553326 -0.45123607 0.74395586 -0.43190763 -0.23742680 0.003312 1789364007.418453932 8.825 175.748 0.087 0.00000 -1 ACTUAL_TF
4.2721 0.0392822 -1.7564557 0.6553397 -0.45123387 0.74395303 -0.43191280 -0.23743044 0.003198 1789364007.474372387 8.989 175.584 0.082 0.00000 -1 ACTUAL_TF
4.3340 0.0392734 -1.7562535 0.6553488 -0.45123154 0.74395196 -0.43191563 -0.23743307 0.003324 1789364007.530336618 9.192 175.382 0.075 0.00000 -1 ACTUAL_TF
4.3945 0.0392645 -1.7560368 0.6553590 -0.45123155 0.74394922 -0.43191889 -0.23743571 0.003489 1789364007.586395264 9.409 175.165 0.068 0.00000 -1 ACTUAL_TF
4.4437 0.0392561 -1.7558600 0.6553711 -0.45123692 0.74394488 -0.43191848 -0.23743985 0.003393 1789364007.642422199 9.586 174.988 0.058 0.00000 -1 ACTUAL_TF
4.5067 0.0392614 -1.7556808 0.6553827 -0.45123267 0.74393974 -0.43192995 -0.23744319 0.003336 1789364007.698453903 9.765 174.809 0.049 0.00000 -1 ACTUAL_TF
4.5583 0.0392562 -1.7554971 0.6553817 -0.45124099 0.74393577 -0.43192667 -0.23744578 0.003322 1789364007.754349232 9.949 174.625 0.052 0.00000 -1 ACTUAL_TF
4.6154 0.0392476 -1.7552681 0.6553706 -0.45124893 0.74394250 -0.43191074 -0.23743857 0.003553 1789364007.810424089 10.178 174.396 0.066 0.00000 -1 ACTUAL_TF
4.6746 0.0392507 -1.7550967 0.6553721 -0.45125232 0.74394162 -0.43190985 -0.23743650 0.003404 1789364007.866498947 10.349 174.225 0.067 0.00000 -1 ACTUAL_TF
4.7217 0.0392477 -1.7548763 0.6553782 -0.45125284 0.74394307 -0.43190825 -0.23743390 0.003569 1789364007.922252417 10.569 174.004 0.065 0.00000 -1 ACTUAL_TF
4.7849 0.0392450 -1.7546964 0.6553805 -0.45125842 0.74394190 -0.43190425 -0.23743421 0.003460 1789364007.978420019 10.749 173.824 0.065 0.00000 -1 ACTUAL_TF
4.8337 0.0392398 -1.7544831 0.6553834 -0.45125900 0.74394449 -0.43190074 -0.23743136 0.003566 1789364008.034352541 10.963 173.611 0.065 0.00000 -1 ACTUAL_TF
4.8930 0.0392418 -1.7542945 0.6553929 -0.45125835 0.74394149 -0.43190588 -0.23743266 0.003508 1789364008.090348482 11.151 173.422 0.061 0.00000 -1 ACTUAL_TF
4.9461 0.0392354 -1.7541218 0.6553926 -0.45126383 0.74393711 -0.43190548 -0.23743670 0.003382 1789364008.146286726 11.324 173.249 0.063 0.00000 -1 ACTUAL_TF
5.0081 0.0392352 -1.7539086 0.6553895 -0.45126467 0.74394274 -0.43189949 -0.23742837 0.003509 1789364008.202345133 11.537 173.036 0.071 0.00000 -1 ACTUAL_TF
5.0625 0.0392250 -1.7537324 0.6553976 -0.45126208 0.74394434 -0.43189944 -0.23742835 0.003401 1789364008.258414745 11.714 172.860 0.063 0.00000 -1 ACTUAL_TF
5.1141 0.0392208 -1.7535276 0.6554060 -0.45125910 0.74394479 -0.43190147 -0.23742893 0.003476 1789364008.314585924 11.918 172.655 0.059 0.00000 -1 ACTUAL_TF
5.1711 0.0392155 -1.7533444 0.6554049 -0.45126360 0.74394754 -0.43189407 -0.23742520 0.003419 1789364008.370376587 12.102 172.472 0.062 0.00000 -1 ACTUAL_TF
5.2268 0.0392134 -1.7531682 0.6554195 -0.45125699 0.74394489 -0.43190431 -0.23742744 0.003341 1789364008.426327467 12.278 172.295 0.052 0.00000 -1 ACTUAL_TF
5.2829 0.0392050 -1.7529532 0.6554139 -0.45126014 0.74395143 -0.43189319 -0.23742122 0.003489 1789364008.482433796 12.493 172.080 0.058 0.00000 -1 ACTUAL_TF
5.3397 0.0391900 -1.7527723 0.6554116 -0.45126794 0.74394994 -0.43188535 -0.23742530 0.003418 1789364008.538303614 12.674 171.899 0.059 0.00000 -1 ACTUAL_TF
5.3957 0.0391864 -1.7525768 0.6554277 -0.45125178 0.74395172 -0.43189963 -0.23742447 0.003442 1789364008.594379902 12.870 171.703 0.047 0.00000 -1 ACTUAL_TF
5.4562 0.0391789 -1.7524060 0.6554376 -0.45125146 0.74394762 -0.43190393 -0.23743009 0.003327 1789364008.650367260 13.041 171.532 0.039 0.00000 -1 ACTUAL_TF
5.5063 0.0391764 -1.7522137 0.6554479 -0.45124367 0.74394769 -0.43191224 -0.23742958 0.003360 1789364008.706438065 13.234 171.340 0.033 0.00000 -1 ACTUAL_TF
5.5733 0.0391607 -1.7520255 0.6554417 -0.45125475 0.74394741 -0.43190035 -0.23743104 0.003366 1789364008.762294769 13.422 171.151 0.037 0.00000 -1 ACTUAL_TF
5.6194 0.0391539 -1.7518365 0.6554487 -0.45124971 0.74394254 -0.43191040 -0.23743756 0.003370 1789364008.818336964 13.611 170.962 0.032 0.00000 -1 ACTUAL_TF
5.6784 0.0391400 -1.7516595 0.6554473 -0.45124900 0.74394623 -0.43190541 -0.23743643 0.003310 1789364008.874353170 13.788 170.785 0.034 0.00000 -1 ACTUAL_TF
5.7366 0.0391290 -1.7514685 0.6554620 -0.45124349 0.74394388 -0.43191248 -0.23744143 0.003344 1789364008.930368662 13.980 170.593 0.023 0.00000 -1 ACTUAL_TF
5.7868 0.0391080 -1.7512450 0.6554685 -0.45124250 0.74394162 -0.43191376 -0.23744804 0.003544 1789364008.986382008 14.204 170.369 0.027 0.00000 -1 ACTUAL_TF
5.8455 0.0391026 -1.7510836 0.6554734 -0.45123785 0.74394018 -0.43191984 -0.23745033 0.003348 1789364009.042299271 14.366 170.208 0.026 0.00000 -1 ACTUAL_TF
5.9038 0.0390926 -1.7508812 0.6554793 -0.45123462 0.74394072 -0.43192098 -0.23745270 0.003429 1789364009.098316669 14.568 170.005 0.028 0.00000 -1 ACTUAL_TF
5.9522 0.0390930 -1.7507223 0.6554872 -0.45123578 0.74393695 -0.43192523 -0.23745461 0.003251 1789364009.154446602 14.727 169.846 0.021 0.00000 -1 ACTUAL_TF
6.0123 0.0390875 -1.7505156 0.6554925 -0.45123428 0.74393638 -0.43192738 -0.23745532 0.003384 1789364009.210391045 14.934 169.640 0.020 0.00000 -1 ACTUAL_TF
6.0683 0.0390747 -1.7503329 0.6554916 -0.45123480 0.74393812 -0.43192379 -0.23745541 0.003352 1789364009.266310215 15.117 169.456 0.028 0.00000 -1 ACTUAL_TF
6.1225 0.0390689 -1.7501181 0.6554899 -0.45123794 0.74394126 -0.43191718 -0.23745165 0.003497 1789364009.322323322 15.332 169.242 0.029 0.00000 -1 ACTUAL_TF
6.1870 0.0390665 -1.7498952 0.6554883 -0.45124392 0.74394483 -0.43190801 -0.23744575 0.003643 1789364009.378314972 15.555 169.019 0.028 0.00000 -1 ACTUAL_TF
6.2376 0.0390673 -1.7497505 0.6555036 -0.45123333 0.74394276 -0.43192147 -0.23744786 0.003329 1789364009.434347868 15.699 168.874 0.018 0.00000 -1 ACTUAL_TF
6.2927 0.0390646 -1.7495376 0.6555021 -0.45122537 0.74394934 -0.43192199 -0.23744144 0.003471 1789364009.490305185 15.912 168.661 0.016 0.00000 -1 ACTUAL_TF
6.3515 0.0390674 -1.7493748 0.6555075 -0.45123457 0.74394288 -0.43192204 -0.23744411 0.003303 1789364009.546283960 16.075 168.499 0.008 0.00000 -1 ACTUAL_TF
6.4031 0.0390597 -1.7491646 0.6555073 -0.45122311 0.74395048 -0.43192390 -0.23743869 0.003438 1789364009.602369070 16.285 168.288 0.011 0.00000 -1 ACTUAL_TF
6.4622 0.0390509 -1.7489992 0.6555153 -0.45122130 0.74394718 -0.43192897 -0.23744323 0.003296 1789364009.658272028 16.451 168.123 0.013 0.00000 -1 ACTUAL_TF
6.5134 0.0390513 -1.7487786 0.6555173 -0.45122000 0.74394852 -0.43192991 -0.23743980 0.003487 1789364009.714394569 16.671 167.902 0.006 0.00000 -1 ACTUAL_TF
6.5725 0.0390511 -1.7486170 0.6555230 -0.45121931 0.74394807 -0.43193144 -0.23743975 0.003307 1789364009.770369053 16.833 167.740 0.004 0.00000 -1 ACTUAL_TF
6.6317 0.0390500 -1.7484103 0.6555257 -0.45122227 0.74394477 -0.43193325 -0.23744118 0.003423 1789364009.826322794 17.040 167.534 0.005 0.00000 -1 ACTUAL_TF
6.6886 0.0390478 -1.7481955 0.6555181 -0.45122270 0.74395287 -0.43192401 -0.23743178 0.003548 1789364009.882299185 17.254 167.319 0.010 0.00000 -1 ACTUAL_TF
6.7396 0.0390501 -1.7480379 0.6555276 -0.45121763 0.74395177 -0.43193145 -0.23743135 0.003328 1789364009.938383102 17.412 167.162 0.014 0.00000 -1 ACTUAL_TF
6.8009 0.0390468 -1.7478027 0.6555172 -0.45122483 0.74395546 -0.43192093 -0.23742522 0.003588 1789364009.994540215 17.647 166.926 0.022 0.00000 -1 ACTUAL_TF
6.8535 0.0390441 -1.7476207 0.6555171 -0.45122518 0.74395740 -0.43191850 -0.23742289 0.003485 1789364010.050626755 17.829 166.744 0.025 0.00000 -1 ACTUAL_TF
6.9138 0.0390398 -1.7474155 0.6555180 -0.45122611 0.74395757 -0.43191766 -0.23742211 0.003544 1789364010.106354952 18.034 166.539 0.027 0.00000 -1 ACTUAL_TF
6.9641 0.0390329 -1.7472740 0.6555335 -0.45121867 0.74395027 -0.43193295 -0.23743133 0.003246 1789364010.162298441 18.176 166.397 0.019 0.00000 -1 ACTUAL_TF
7.0181 0.0390241 -1.7470444 0.6555219 -0.45121647 0.74396198 -0.43192055 -0.23742138 0.003502 1789364010.218415022 18.406 166.168 0.024 0.00000 -1 ACTUAL_TF
7.0836 0.0390179 -1.7468405 0.6555304 -0.45121842 0.74395706 -0.43192504 -0.23742493 0.003531 1789364010.275128603 18.610 165.964 0.020 0.00000 -1 ACTUAL_TF
7.1395 0.0390106 -1.7466675 0.6555334 -0.45121464 0.74395605 -0.43192910 -0.23742787 0.003413 1789364010.330357075 18.783 165.791 0.018 0.00000 -1 ACTUAL_TF
7.1895 0.0390042 -1.7464581 0.6555372 -0.45121734 0.74395507 -0.43192770 -0.23742835 0.003486 1789364010.387633085 18.992 165.581 0.017 0.00000 -1 ACTUAL_TF
7.2401 0.0389932 -1.7462752 0.6555357 -0.45121536 0.74395612 -0.43192715 -0.23742984 0.003444 1789364010.442392826 19.175 165.398 0.016 0.00000 -1 ACTUAL_TF
7.3037 0.0389840 -1.7460656 0.6555415 -0.45121575 0.74395433 -0.43192795 -0.23743324 0.003535 1789364010.498441696 19.385 165.188 0.011 0.00000 -1 ACTUAL_TF
7.3581 0.0389805 -1.7459185 0.6555598 -0.45121141 0.74394509 -0.43194377 -0.23744165 0.003270 1789364010.554304600 19.533 165.041 0.008 0.00000 -1 ACTUAL_TF
7.4197 0.0389795 -1.7457138 0.6555624 -0.45121169 0.74394455 -0.43194444 -0.23744161 0.003384 1789364010.610379934 19.737 164.836 0.012 0.00000 -1 ACTUAL_TF
7.4733 0.0389744 -1.7455639 0.6555739 -0.45121030 0.74393682 -0.43195483 -0.23744956 0.003174 1789364010.666403770 19.887 164.686 0.018 0.00000 -1 ACTUAL_TF
7.5233 0.0389579 -1.7453308 0.6555659 -0.45121658 0.74393880 -0.43194506 -0.23744919 0.003475 1789364010.722407818 20.121 164.453 0.005 0.00000 -1 ACTUAL_TF
7.5844 0.0389522 -1.7451084 0.6555597 -0.45122218 0.74394151 -0.43193622 -0.23744617 0.003626 1789364010.778342724 20.343 164.230 0.004 0.00000 -1 ACTUAL_TF
7.6341 0.0389469 -1.7449420 0.6555589 -0.45122178 0.74394403 -0.43193371 -0.23744359 0.003429 1789364010.834391594 20.510 164.064 0.007 0.00000 -1 ACTUAL_TF
7.6928 0.0389453 -1.7447390 0.6555622 -0.45122511 0.74394495 -0.43193025 -0.23744068 0.003486 1789364010.890493631 20.713 163.861 0.008 0.00000 -1 ACTUAL_TF
7.7556 0.0389276 -1.7445474 0.6555523 -0.45123278 0.74394782 -0.43191725 -0.23744075 0.003474 1789364010.946445942 20.905 163.669 0.020 0.00000 -1 ACTUAL_TF
7.8059 0.0389283 -1.7443343 0.6555479 -0.45123645 0.74395174 -0.43191038 -0.23743399 0.003574 1789364011.002441645 21.117 163.456 0.026 0.00000 -1 ACTUAL_TF
7.8655 0.0389247 -1.7441537 0.6555496 -0.45123773 0.74395200 -0.43190893 -0.23743338 0.003470 1789364011.058391094 21.298 163.275 0.026 0.00000 -1 ACTUAL_TF
7.9278 0.0389203 -1.7439524 0.6555569 -0.45123061 0.74395148 -0.43191674 -0.23743434 0.003509 1789364011.114378691 21.500 163.074 0.022 0.00000 -1 ACTUAL_TF
7.9737 0.0389193 -1.7437385 0.6555531 -0.45123970 0.74394774 -0.43191280 -0.23743593 0.003601 1789364011.170438528 21.713 162.860 0.029 0.00000 -1 ACTUAL_TF
8.0298 0.0389239 -1.7435688 0.6555557 -0.45124085 0.74394928 -0.43191177 -0.23743081 0.003430 1789364011.226418018 21.883 162.691 0.032 0.00000 -1 ACTUAL_TF
8.0829 0.0389178 -1.7433619 0.6555582 -0.45124015 0.74394926 -0.43191258 -0.23743071 0.003512 1789364011.282342196 22.090 162.484 0.032 0.00000 -1 ACTUAL_TF
8.1370 0.0389216 -1.7431862 0.6555610 -0.45124552 0.74394713 -0.43191120 -0.23742970 0.003401 1789364011.338299751 22.265 162.308 0.037 0.00000 -1 ACTUAL_TF
8.1964 0.0389218 -1.7429872 0.6555777 -0.45124002 0.74394350 -0.43192200 -0.23743188 0.003450 1789364011.394310713 22.464 162.109 0.033 0.00000 -1 ACTUAL_TF
8.2539 0.0389091 -1.7428065 0.6555795 -0.45124278 0.74394620 -0.43191480 -0.23743129 0.003385 1789364011.450340748 22.645 161.928 0.027 0.00000 -1 ACTUAL_TF
8.3118 0.0389011 -1.7426008 0.6555853 -0.45124067 0.74394368 -0.43191962 -0.23743441 0.003472 1789364011.506359100 22.851 161.722 0.024 0.00000 -1 ACTUAL_TF
8.3705 0.0389075 -1.7424409 0.6555882 -0.45124471 0.74394141 -0.43192042 -0.23743239 0.003286 1789364011.562468767 23.011 161.562 0.034 0.00000 -1 ACTUAL_TF
8.4251 0.0388996 -1.7422380 0.6555902 -0.45124427 0.74393905 -0.43192282 -0.23743624 0.003390 1789364011.618381023 23.214 161.359 0.032 0.00000 -1 ACTUAL_TF
8.4751 0.0388800 -1.7420218 0.6555872 -0.45124775 0.74394072 -0.43191550 -0.23743773 0.003536 1789364011.674376726 23.431 161.143 0.023 0.00000 -1 ACTUAL_TF
8.5350 0.0388768 -1.7418549 0.6556015 -0.45124091 0.74393497 -0.43192896 -0.23744427 0.003374 1789364011.730344772 23.598 160.976 0.019 0.00000 -1 ACTUAL_TF
8.5829 0.0388728 -1.7416417 0.6556037 -0.45124461 0.74393559 -0.43192476 -0.23744294 0.003502 1789364011.786432505 23.811 160.762 0.021 0.00000 -1 ACTUAL_TF
8.6439 0.0388682 -1.7414729 0.6556129 -0.45124437 0.74393470 -0.43192594 -0.23744403 0.003357 1789364011.842422485 23.980 160.593 0.021 0.00000 -1 ACTUAL_TF
8.7020 0.0388641 -1.7412691 0.6556164 -0.45124211 0.74393564 -0.43192750 -0.23744255 0.003445 1789364011.898300171 24.184 160.390 0.023 0.00000 -1 ACTUAL_TF
8.7563 0.0388596 -1.7410969 0.6556164 -0.45124464 0.74393516 -0.43192601 -0.23744192 0.003332 1789364011.954450846 24.356 160.217 0.023 0.00000 -1 ACTUAL_TF
8.8137 0.0388445 -1.7408870 0.6556142 -0.45123775 0.74393658 -0.43192910 -0.23744499 0.003460 1789364012.010437489 24.566 160.007 0.014 0.00000 -1 ACTUAL_TF
8.8705 0.0388308 -1.7407028 0.6556168 -0.45124181 0.74393393 -0.43192683 -0.23744969 0.003410 1789364012.066503763 24.751 159.823 0.006 0.00000 -1 ACTUAL_TF
8.9296 0.0388299 -1.7405073 0.6556257 -0.45123467 0.74393352 -0.43193514 -0.23744941 0.003438 1789364012.122366667 24.946 159.627 0.011 0.00000 -1 ACTUAL_TF
8.9830 0.0388168 -1.7402809 0.6556264 -0.45123615 0.74393859 -0.43192657 -0.23744633 0.003621 1789364012.178378582 25.173 159.400 0.004 0.00000 -1 ACTUAL_TF
9.0431 0.0388059 -1.7401166 0.6556326 -0.45123459 0.74393518 -0.43193080 -0.23745226 0.003417 1789364012.234465599 25.338 159.236 0.006 0.00000 -1 ACTUAL_TF
9.0952 0.0387990 -1.7399028 0.6556298 -0.45123804 0.74393807 -0.43192423 -0.23744860 0.003536 1789364012.290533781 25.551 159.022 0.003 0.00000 -1 ACTUAL_TF
9.1442 0.0388035 -1.7397336 0.6556275 -0.45123187 0.74394295 -0.43192577 -0.23744225 0.003385 1789364012.346326351 25.720 158.853 0.007 0.00000 -1 ACTUAL_TF
9.2049 0.0387950 -1.7395045 0.6556230 -0.45124322 0.74394413 -0.43191356 -0.23743917 0.003596 1789364012.402408361 25.950 158.624 0.012 0.00000 -1 ACTUAL_TF
9.2633 0.0387857 -1.7393365 0.6556237 -0.45124257 0.74394568 -0.43191141 -0.23743948 0.003419 1789364012.458415985 26.118 158.456 0.013 0.00000 -1 ACTUAL_TF
9.3155 0.0387846 -1.7391269 0.6556258 -0.45123979 0.74394804 -0.43191189 -0.23743649 0.003517 1789364012.514368534 26.327 158.246 0.014 0.00000 -1 ACTUAL_TF
9.3696 0.0387947 -1.7389243 0.6556356 -0.45124356 0.74394318 -0.43191695 -0.23743533 0.003548 1789364012.570458651 26.530 158.044 0.021 0.00000 -1 ACTUAL_TF
9.4336 0.0387822 -1.7387476 0.6556333 -0.45124433 0.74394593 -0.43191160 -0.23743500 0.003435 1789364012.626370907 26.707 157.867 0.017 0.00000 -1 ACTUAL_TF
9.4870 0.0387827 -1.7385416 0.6556447 -0.45124177 0.74394594 -0.43191554 -0.23743267 0.003510 1789364012.682349920 26.913 157.661 0.020 0.00000 -1 ACTUAL_TF
9.5485 0.0387767 -1.7383595 0.6556418 -0.45124991 0.74394417 -0.43190955 -0.23743363 0.003432 1789364012.738396645 27.095 157.479 0.020 0.00000 -1 ACTUAL_TF
9.6030 0.0387696 -1.7381561 0.6556502 -0.45124845 0.74394352 -0.43191127 -0.23743531 0.003492 1789364012.794485569 27.298 157.275 0.017 0.00000 -1 ACTUAL_TF
9.6561 0.0387667 -1.7380039 0.6556629 -0.45124447 0.74394066 -0.43191908 -0.23743763 0.003264 1789364012.850373745 27.451 157.123 0.021 0.00000 -1 ACTUAL_TF
9.7044 0.0387603 -1.7377903 0.6556636 -0.45124920 0.74393947 -0.43191565 -0.23743863 0.003425 1789364012.906630039 27.664 156.909 0.020 0.00000 -1 ACTUAL_TF
9.7618 0.0387576 -1.7376038 0.6556637 -0.45124344 0.74394610 -0.43191392 -0.23743195 0.003400 1789364012.962403774 27.851 156.722 0.022 0.00000 -1 ACTUAL_TF
9.8254 0.0387498 -1.7373972 0.6556654 -0.45125246 0.74394234 -0.43190962 -0.23743439 0.003488 1789364013.018415689 28.058 156.516 0.020 0.00000 -1 ACTUAL_TF
9.8831 0.0387478 -1.7372090 0.6556789 -0.45124337 0.74393992 -0.43192149 -0.23743767 0.003454 1789364013.074323177 28.246 156.327 0.028 0.00000 -1 ACTUAL_TF
9.9340 0.0387460 -1.7370300 0.6556833 -0.45124148 0.74394085 -0.43192334 -0.23743499 0.003375 1789364013.130434036 28.425 156.148 0.032 0.00000 -1 ACTUAL_TF
9.9850 0.0387329 -1.7368316 0.6556955 -0.45124009 0.74393692 -0.43192785 -0.23744172 0.003431 1789364013.186389446 28.624 155.949 0.033 0.00000 -1 ACTUAL_TF
10.0438 0.0387216 -1.7366687 0.6557077 -0.45123613 0.74393277 -0.43193535 -0.23744860 0.003281 1789364013.242253065 28.787 155.786 0.040 0.00000 -1 ACTUAL_TF
10.1000 0.0387193 -1.7364616 0.6557106 -0.45123059 0.74393339 -0.43194038 -0.23744806 0.003404 1789364013.298367977 28.994 155.579 0.041 0.00000 -1 ACTUAL_TF
10.1545 0.0387081 -1.7362879 0.6557133 -0.45122931 0.74393637 -0.43193704 -0.23744722 0.003314 1789364013.354411840 29.168 155.405 0.040 0.00000 -1 ACTUAL_TF
10.2222 0.0386980 -1.7360874 0.6557179 -0.45122460 0.74393540 -0.43194228 -0.23744967 0.003398 1789364013.410299063 29.369 155.204 0.041 0.00000 -1 ACTUAL_TF
10.2734 0.0386794 -1.7358879 0.6557287 -0.45121534 0.74393394 -0.43195053 -0.23745684 0.003453 1789364013.466328859 29.569 155.004 0.049 0.00000 -1 ACTUAL_TF
10.3401 0.0386738 -1.7357002 0.6557280 -0.45121716 0.74393701 -0.43194523 -0.23745340 0.003401 1789364013.523566246 29.757 154.817 0.046 0.00000 -1 ACTUAL_TF
10.3776 0.0386623 -1.7354977 0.6557369 -0.45121315 0.74393794 -0.43194693 -0.23745503 0.003492 1789364013.578364134 29.960 154.614 0.054 0.00000 -1 ACTUAL_TF
10.4397 0.0386591 -1.7353378 0.6557424 -0.45120813 0.74393554 -0.43195463 -0.23745804 0.003303 1789364013.634290934 30.120 154.454 0.057 0.00000 -1 ACTUAL_TF
10.4931 0.0386527 -1.7351164 0.6557374 -0.45121028 0.74393792 -0.43195021 -0.23745456 0.003498 1789364013.690315723 30.341 154.232 0.049 0.00000 -1 ACTUAL_TF
10.5491 0.0386382 -1.7349306 0.6557323 -0.45120995 0.74394342 -0.43194256 -0.23745188 0.003445 1789364013.746491432 30.527 154.046 0.046 0.00000 -1 ACTUAL_TF
10.6118 0.0386386 -1.7347274 0.6557362 -0.45120817 0.74394520 -0.43194306 -0.23744876 0.003500 1789364013.802486181 30.730 153.843 0.044 0.00000 -1 ACTUAL_TF
10.6648 0.0386325 -1.7345342 0.6557308 -0.45121515 0.74394948 -0.43193136 -0.23744337 0.003489 1789364013.858348131 30.923 153.650 0.037 0.00000 -1 ACTUAL_TF
10.7204 0.0386238 -1.7343205 0.6557290 -0.45121721 0.74395324 -0.43192439 -0.23744036 0.003580 1789364013.914750099 31.137 153.436 0.034 0.00000 -1 ACTUAL_TF
10.7757 0.0386254 -1.7341268 0.6557320 -0.45120754 0.74395883 -0.43192807 -0.23743453 0.003547 1789364013.970542431 31.331 153.242 0.032 0.00000 -1 ACTUAL_TF
10.8273 0.0386192 -1.7339442 0.6557277 -0.45121122 0.74395858 -0.43192466 -0.23743453 0.003463 1789364014.026501179 31.514 153.060 0.026 0.00000 -1 ACTUAL_TF
10.8904 0.0386188 -1.7337360 0.6557279 -0.45121004 0.74395984 -0.43192564 -0.23743104 0.003542 1789364014.082405806 31.722 152.852 0.022 0.00000 -1 ACTUAL_TF
10.9446 0.0386074 -1.7335668 0.6557392 -0.45120524 0.74396051 -0.43192847 -0.23743292 0.003393 1789364014.138203621 31.891 152.682 0.033 0.00000 -1 ACTUAL_TF
10.9949 0.0386037 -1.7333573 0.6557424 -0.45120695 0.74396010 -0.43192763 -0.23743249 0.003497 1789364014.194236279 32.101 152.473 0.032 0.00000 -1 ACTUAL_TF
11.0503 0.0385999 -1.7331724 0.6557381 -0.45120919 0.74396404 -0.43192116 -0.23742765 0.003437 1789364014.250329256 32.286 152.288 0.026 0.00000 -1 ACTUAL_TF
11.1153 0.0386027 -1.7329856 0.6557399 -0.45120856 0.74395975 -0.43192775 -0.23743029 0.003405 1789364014.306418419 32.472 152.101 0.023 0.00000 -1 ACTUAL_TF
11.1726 0.0385951 -1.7327537 0.6557296 -0.45121342 0.74396147 -0.43192091 -0.23742812 0.003623 1789364014.362643003 32.704 151.869 0.010 0.00000 -1 ACTUAL_TF
11.2207 0.0386010 -1.7325820 0.6557271 -0.45121924 0.74396010 -0.43191920 -0.23742446 0.003461 1789364014.418361902 32.876 151.698 0.011 0.00000 -1 ACTUAL_TF
11.2832 0.0385936 -1.7323521 0.6557206 -0.45122246 0.74396288 -0.43191222 -0.23742232 0.003656 1789364014.474332333 33.106 151.468 0.009 0.00000 -1 ACTUAL_TF
11.3406 0.0385892 -1.7321854 0.6557207 -0.45122297 0.74396256 -0.43191209 -0.23742260 0.003448 1789364014.530627966 33.272 151.301 0.011 0.00000 -1 ACTUAL_TF
11.3925 0.0385850 -1.7319786 0.6557222 -0.45122388 0.74396151 -0.43191259 -0.23742324 0.003526 1789364014.586406231 33.479 151.094 0.013 0.00000 -1 ACTUAL_TF
11.4457 0.0385892 -1.7318126 0.6557248 -0.45122751 0.74395711 -0.43191570 -0.23742447 0.003358 1789364014.642433167 33.645 150.928 0.020 0.00000 -1 ACTUAL_TF
11.5056 0.0385845 -1.7316040 0.6557274 -0.45122694 0.74395579 -0.43191797 -0.23742556 0.003465 1789364014.698606014 33.854 150.720 0.022 0.00000 -1 ACTUAL_TF
11.5597 0.0385728 -1.7314193 0.6557229 -0.45122664 0.74395793 -0.43191475 -0.23742527 0.003419 1789364014.754509211 34.038 150.535 0.020 0.00000 -1 ACTUAL_TF
11.6168 0.0385613 -1.7311945 0.6557159 -0.45122871 0.74395917 -0.43191048 -0.23742524 0.003601 1789364014.810445309 34.263 150.310 0.025 0.00000 -1 ACTUAL_TF
11.6675 0.0385474 -1.7309843 0.6557150 -0.45122520 0.74396287 -0.43190809 -0.23742465 0.003650 1789364014.866433144 34.474 150.099 0.027 0.00000 -1 ACTUAL_TF
11.7285 0.0385397 -1.7308224 0.6557240 -0.45122052 0.74395688 -0.43191912 -0.23743226 0.003425 1789364014.922370911 34.636 149.937 0.020 0.00000 -1 ACTUAL_TF
11.7945 0.0385336 -1.7306220 0.6557298 -0.45121724 0.74395175 -0.43192762 -0.23743911 0.003469 1789364014.978520632 34.837 149.737 0.017 0.00000 -1 ACTUAL_TF
11.8372 0.0385363 -1.7304570 0.6557370 -0.45121344 0.74395074 -0.43193429 -0.23743737 0.003313 1789364015.034512520 35.001 149.572 0.013 0.00000 -1 ACTUAL_TF
11.8938 0.0385293 -1.7302353 0.6557380 -0.45120913 0.74395155 -0.43193697 -0.23743812 0.003509 1789364015.090448380 35.223 149.350 0.014 0.00000 -1 ACTUAL_TF
11.9503 0.0385176 -1.7300735 0.6557441 -0.45120729 0.74394712 -0.43194274 -0.23744501 0.003324 1789364015.146598577 35.385 149.188 0.009 0.00000 -1 ACTUAL_TF
12.0093 0.0385127 -1.7298475 0.6557452 -0.45121295 0.74394844 -0.43193618 -0.23744204 0.003540 1789364015.202497959 35.612 148.962 0.011 0.00000 -1 ACTUAL_TF
12.0647 0.0385086 -1.7296386 0.6557472 -0.45121821 0.74394804 -0.43193191 -0.23744108 0.003595 1789364015.258614779 35.820 148.753 0.011 0.00000 -1 ACTUAL_TF
12.1188 0.0385080 -1.7294721 0.6557488 -0.45121683 0.74394783 -0.43193363 -0.23744122 0.003412 1789364015.314396620 35.987 148.586 0.013 0.00000 -1 ACTUAL_TF
12.1671 0.0385020 -1.7292540 0.6557434 -0.45122275 0.74395021 -0.43192519 -0.23743790 0.003558 1789364015.370365143 36.205 148.368 0.021 0.00000 -1 ACTUAL_TF
12.2374 0.0384988 -1.7290736 0.6557350 -0.45123288 0.74395164 -0.43191411 -0.23743432 0.003459 1789364015.426326513 36.385 148.188 0.032 0.00000 -1 ACTUAL_TF
12.2861 0.0384938 -1.7288435 0.6557326 -0.45123865 0.74395619 -0.43190372 -0.23742797 0.003654 1789364015.482360363 36.615 147.958 0.037 0.00000 -1 ACTUAL_TF
12.3424 0.0384966 -1.7286716 0.6557371 -0.45124196 0.74395303 -0.43190567 -0.23742803 0.003478 1789364015.538421154 36.787 147.786 0.038 0.00000 -1 ACTUAL_TF
12.4015 0.0384925 -1.7284632 0.6557375 -0.45124792 0.74395445 -0.43189801 -0.23742620 0.003548 1789364015.594589472 36.996 147.578 0.041 0.00000 -1 ACTUAL_TF
12.4685 0.0384925 -1.7283004 0.6557450 -0.45124131 0.74395184 -0.43190829 -0.23742824 0.003360 1789364015.650321007 37.158 147.415 0.039 0.00000 -1 ACTUAL_TF
12.5082 0.0384906 -1.7280874 0.6557468 -0.45125124 0.74394854 -0.43190339 -0.23742860 0.003491 1789364015.706454515 37.371 147.202 0.042 0.00000 -1 ACTUAL_TF
12.5623 0.0384912 -1.7278875 0.6557569 -0.45124895 0.74394953 -0.43190558 -0.23742588 0.003517 1789364015.762398958 37.571 147.002 0.042 0.00000 -1 ACTUAL_TF
12.6284 0.0384926 -1.7277094 0.6557642 -0.45125360 0.74394881 -0.43190331 -0.23742341 0.003415 1789364015.818505049 37.749 146.824 0.045 0.00000 -1 ACTUAL_TF
12.6779 0.0384830 -1.7275072 0.6557681 -0.45125019 0.74394591 -0.43190939 -0.23742796 0.003475 1789364015.874502182 37.952 146.622 0.041 0.00000 -1 ACTUAL_TF
12.7337 0.0384776 -1.7273155 0.6557588 -0.45125804 0.74395187 -0.43189503 -0.23742045 0.003463 1789364015.930374146 38.143 146.430 0.047 0.00000 -1 ACTUAL_TF
12.7921 0.0384679 -1.7271090 0.6557612 -0.45124513 0.74395583 -0.43190168 -0.23742051 0.003532 1789364015.986374140 38.350 146.223 0.044 0.00000 -1 ACTUAL_TF
12.8489 0.0384562 -1.7269421 0.6557608 -0.45125057 0.74395357 -0.43189794 -0.23742405 0.003369 1789364016.042368412 38.517 146.056 0.041 0.00000 -1 ACTUAL_TF
12.8997 0.0384464 -1.7267370 0.6557658 -0.45125491 0.74395154 -0.43189557 -0.23742650 0.003458 1789364016.098407984 38.723 145.851 0.037 0.00000 -1 ACTUAL_TF
12.9578 0.0384425 -1.7265316 0.6557763 -0.45124552 0.74395224 -0.43190427 -0.23742630 0.003522 1789364016.154444218 38.928 145.645 0.033 0.00000 -1 ACTUAL_TF
13.0165 0.0384355 -1.7263559 0.6557836 -0.45124213 0.74394973 -0.43190989 -0.23743040 0.003410 1789364016.210364342 39.104 145.469 0.028 0.00000 -1 ACTUAL_TF
13.0687 0.0384294 -1.7261593 0.6557941 -0.45123854 0.74394816 -0.43191518 -0.23743250 0.003441 1789364016.266404152 39.301 145.272 0.024 0.00000 -1 ACTUAL_TF
13.1315 0.0384236 -1.7259774 0.6557978 -0.45124076 0.74394878 -0.43191253 -0.23743116 0.003384 1789364016.322375298 39.483 145.090 0.023 0.00000 -1 ACTUAL_TF
13.1868 0.0384180 -1.7257812 0.6558062 -0.45124079 0.74394728 -0.43191428 -0.23743263 0.003423 1789364016.378300905 39.679 144.894 0.022 0.00000 -1 ACTUAL_TF
13.2380 0.0384045 -1.7256009 0.6558110 -0.45123994 0.74394528 -0.43191635 -0.23743674 0.003364 1789364016.434382439 39.860 144.713 0.013 0.00000 -1 ACTUAL_TF
13.2910 0.0383967 -1.7254029 0.6558267 -0.45123407 0.74394285 -0.43192469 -0.23744033 0.003420 1789364016.490361452 40.058 144.515 0.019 0.00000 -1 ACTUAL_TF
13.3508 0.0383869 -1.7252399 0.6558398 -0.45122809 0.74393765 -0.43193539 -0.23744854 0.003271 1789364016.546408653 40.222 144.352 0.027 0.00000 -1 ACTUAL_TF
13.4089 0.0383750 -1.7250292 0.6558390 -0.45122845 0.74393676 -0.43193519 -0.23745099 0.003422 1789364016.602335215 40.433 144.141 0.022 0.00000 -1 ACTUAL_TF
13.4609 0.0383670 -1.7248165 0.6558414 -0.45122849 0.74393603 -0.43193585 -0.23745200 0.003530 1789364016.658585072 40.645 143.928 0.022 0.00000 -1 ACTUAL_TF
13.5150 0.0383541 -1.7246280 0.6558348 -0.45123129 0.74393944 -0.43192816 -0.23744998 0.003483 1789364016.714678288 40.834 143.739 0.016 0.00000 -1 ACTUAL_TF
13.5778 0.0383634 -1.7244432 0.6558429 -0.45122913 0.74393497 -0.43193788 -0.23745043 0.003433 1789364016.770482540 41.019 143.555 0.020 0.00000 -1 ACTUAL_TF
13.6301 0.0383529 -1.7242625 0.6558447 -0.45123091 0.74393819 -0.43193125 -0.23744899 0.003376 1789364016.826334953 41.200 143.374 0.019 0.00000 -1 ACTUAL_TF
13.6928 0.0383504 -1.7240310 0.6558413 -0.45124216 0.74393813 -0.43192211 -0.23744444 0.003602 1789364016.882389784 41.431 143.142 0.013 0.00000 -1 ACTUAL_TF
13.7423 0.0383473 -1.7238731 0.6558523 -0.45123287 0.74393833 -0.43193065 -0.23744594 0.003369 1789364016.938445330 41.589 142.984 0.022 0.00000 -1 ACTUAL_TF
13.7977 0.0383417 -1.7236534 0.6558424 -0.45123868 0.74394291 -0.43191991 -0.23744006 0.003537 1789364016.994424820 41.809 142.765 0.011 0.00000 -1 ACTUAL_TF
13.8520 0.0383436 -1.7234527 0.6558498 -0.45123672 0.74394032 -0.43192630 -0.23744030 0.003552 1789364017.050407171 42.009 142.564 0.020 0.00000 -1 ACTUAL_TF
13.9049 0.0383474 -1.7232812 0.6558490 -0.45124134 0.74393962 -0.43192431 -0.23743734 0.003407 1789364017.106312513 42.181 142.393 0.025 0.00000 -1 ACTUAL_TF
13.9623 0.0383398 -1.7230639 0.6558437 -0.45124525 0.74394093 -0.43191896 -0.23743552 0.003549 1789364017.162360668 42.398 142.175 0.022 0.00000 -1 ACTUAL_TF
14.0238 0.0383289 -1.7228783 0.6558378 -0.45124644 0.74394538 -0.43191189 -0.23743219 0.003481 1789364017.218327522 42.584 141.990 0.017 0.00000 -1 ACTUAL_TF
14.0860 0.0383169 -1.7226554 0.6558361 -0.45124572 0.74394833 -0.43190795 -0.23743145 0.003633 1789364017.274332047 42.807 141.767 0.015 0.00000 -1 ACTUAL_TF
14.1361 0.0383097 -1.7224884 0.6558367 -0.45123859 0.74395367 -0.43190830 -0.23742766 0.003439 1789364017.330259562 42.974 141.599 0.014 0.00000 -1 ACTUAL_TF
14.1898 0.0382969 -1.7222844 0.6558457 -0.45123868 0.74395089 -0.43190999 -0.23743314 0.003479 1789364017.387540340 43.178 141.395 0.005 0.00000 -1 ACTUAL_TF
14.2453 0.0383088 -1.7221094 0.6558450 -0.45124205 0.74395428 -0.43190585 -0.23742361 0.003394 1789364017.442458868 43.353 141.220 0.020 0.00000 -1 ACTUAL_TF
14.2982 0.0383064 -1.7219069 0.6558460 -0.45124032 0.74395480 -0.43190763 -0.23742206 0.003464 1789364017.498265028 43.555 141.018 0.024 0.00000 -1 ACTUAL_TF
14.3614 0.0382863 -1.7216821 0.6558411 -0.45123987 0.74396078 -0.43189907 -0.23741975 0.003628 1789364017.554579496 43.781 140.793 0.019 0.00000 -1 ACTUAL_TF
14.4130 0.0382810 -1.7214935 0.6558394 -0.45123951 0.74396176 -0.43189811 -0.23741910 0.003554 1789364017.610358953 43.969 140.604 0.023 0.00000 -1 ACTUAL_TF
14.4670 0.0382714 -1.7212880 0.6558432 -0.45123801 0.74396203 -0.43189883 -0.23741978 0.003588 1789364017.666439056 44.175 140.398 0.021 0.00000 -1 ACTUAL_TF
14.5243 0.0382559 -1.7211330 0.6558536 -0.45122947 0.74395953 -0.43190776 -0.23742761 0.003349 1789364017.722392082 44.330 140.243 0.014 0.00000 -1 ACTUAL_TF
14.5764 0.0382525 -1.7209323 0.6558604 -0.45122813 0.74395757 -0.43191196 -0.23742865 0.003419 1789364017.778446913 44.531 140.042 0.009 0.00000 -1 ACTUAL_TF
14.6424 0.0382428 -1.7207696 0.6558691 -0.45122316 0.74395723 -0.43191656 -0.23743080 0.003270 1789364017.834338665 44.694 139.879 0.010 0.00000 -1 ACTUAL_TF
14.6987 0.0382240 -1.7205633 0.6558803 -0.45121560 0.74395680 -0.43192198 -0.23743667 0.003399 1789364017.890409708 44.901 139.672 0.024 0.00000 -1 ACTUAL_TF
14.7489 0.0382095 -1.7203347 0.6558763 -0.45122190 0.74395754 -0.43191411 -0.23743667 0.003593 1789364017.947038412 45.130 139.443 0.030 0.00000 -1 ACTUAL_TF
14.8064 0.0382014 -1.7201632 0.6558841 -0.45121730 0.74395349 -0.43192257 -0.23744272 0.003450 1789364018.002200365 45.302 139.272 0.034 0.00000 -1 ACTUAL_TF
14.8667 0.0381932 -1.7199673 0.6558947 -0.45121464 0.74394908 -0.43193012 -0.23744786 0.003462 1789364018.058427572 45.498 139.075 0.039 0.00000 -1 ACTUAL_TF
14.9169 0.0381891 -1.7198019 0.6559011 -0.45121356 0.74394528 -0.43193545 -0.23745210 0.003308 1789364018.114550114 45.663 138.910 0.040 0.00000 -1 ACTUAL_TF
14.9700 0.0381794 -1.7195836 0.6558954 -0.45121634 0.74394837 -0.43192828 -0.23745020 0.003489 1789364018.170477867 45.882 138.692 0.040 0.00000 -1 ACTUAL_TF
15.0328 0.0381764 -1.7194202 0.6559054 -0.45121930 0.74394211 -0.43193339 -0.23745490 0.003320 1789364018.226422787 46.045 138.528 0.041 0.00000 -1 ACTUAL_TF
15.0828 0.0381647 -1.7191931 0.6559010 -0.45122046 0.74394715 -0.43192537 -0.23745148 0.003545 1789364018.282298326 46.273 138.301 0.044 0.00000 -1 ACTUAL_TF
15.1448 0.0381642 -1.7190175 0.6559035 -0.45122520 0.74394634 -0.43192232 -0.23745057 0.003421 1789364018.338392973 46.448 138.125 0.039 0.00000 -1 ACTUAL_TF
15.2057 0.0381563 -1.7187985 0.6559034 -0.45122991 0.74394936 -0.43191437 -0.23744661 0.003570 1789364018.394320250 46.667 137.906 0.040 0.00000 -1 ACTUAL_TF
15.2535 0.0381627 -1.7186139 0.6559127 -0.45122926 0.74394392 -0.43192291 -0.23744935 0.003490 1789364018.450326443 46.852 137.722 0.032 0.00000 -1 ACTUAL_TF
15.3081 0.0381492 -1.7184199 0.6559000 -0.45123514 0.74395216 -0.43190602 -0.23744308 0.003478 1789364018.506788254 47.046 137.527 0.036 0.00000 -1 ACTUAL_TF
15.3695 0.0381422 -1.7182196 0.6559083 -0.45123217 0.74394671 -0.43191540 -0.23744875 0.003516 1789364018.562420130 47.246 137.327 0.037 0.00000 -1 ACTUAL_TF
15.4311 0.0381422 -1.7180333 0.6559077 -0.45123456 0.74394598 -0.43191482 -0.23744754 0.003461 1789364018.618360043 47.433 137.141 0.032 0.00000 -1 ACTUAL_TF
15.4860 0.0381398 -1.7178279 0.6559166 -0.45123253 0.74394218 -0.43192221 -0.23744987 0.003523 1789364018.674411058 47.638 136.935 0.029 0.00000 -1 ACTUAL_TF
15.5367 0.0381448 -1.7176446 0.6559145 -0.45123143 0.74394590 -0.43192053 -0.23744334 0.003449 1789364018.730343819 47.821 136.752 0.018 0.00000 -1 ACTUAL_TF
15.5882 0.0381567 -1.7174637 0.6559299 -0.45122935 0.74393921 -0.43193293 -0.23744573 0.003388 1789364018.786414862 48.002 136.572 0.018 0.00000 -1 ACTUAL_TF
15.6482 0.0381572 -1.7172599 0.6559381 -0.45122220 0.74393968 -0.43194017 -0.23744467 0.003466 1789364018.842341185 48.206 136.368 0.025 0.00000 -1 ACTUAL_TF
15.6970 0.0381550 -1.7170569 0.6559252 -0.45122987 0.74394663 -0.43192523 -0.23743548 0.003516 1789364018.898367167 48.408 136.165 0.013 0.00000 -1 ACTUAL_TF
15.7625 0.0381548 -1.7168528 0.6559293 -0.45122608 0.74394617 -0.43193015 -0.23743519 0.003553 1789364018.954407930 48.612 135.961 0.018 0.00000 -1 ACTUAL_TF
15.8127 0.0381530 -1.7166729 0.6559306 -0.45123025 0.74394670 -0.43192600 -0.23743314 0.003451 1789364019.010463238 48.792 135.781 0.021 0.00000 -1 ACTUAL_TF
15.8656 0.0381415 -1.7164627 0.6559327 -0.45123282 0.74394336 -0.43192633 -0.23743811 0.003546 1789364019.066337585 49.003 135.571 0.016 0.00000 -1 ACTUAL_TF
15.9241 0.0381384 -1.7162805 0.6559370 -0.45123609 0.74394105 -0.43192683 -0.23743826 0.003458 1789364019.122357607 49.185 135.388 0.018 0.00000 -1 ACTUAL_TF
15.9902 0.0381432 -1.7160959 0.6559532 -0.45122969 0.74393576 -0.43194066 -0.23744182 0.003413 1789364019.178369045 49.370 135.204 0.035 0.00000 -1 ACTUAL_TF
16.0451 0.0381290 -1.7159022 0.6559412 -0.45123712 0.74394296 -0.43192347 -0.23743641 0.003429 1789364019.234500647 49.563 135.010 0.019 0.00000 -1 ACTUAL_TF
16.0944 0.0381235 -1.7157122 0.6559586 -0.45123179 0.74393469 -0.43193814 -0.23744576 0.003425 1789364019.290357590 49.754 134.820 0.030 0.00000 -1 ACTUAL_TF
16.1508 0.0381220 -1.7155013 0.6559590 -0.45123116 0.74393546 -0.43193903 -0.23744293 0.003529 1789364019.346298695 49.965 134.609 0.031 0.00000 -1 ACTUAL_TF
16.2058 0.0381125 -1.7153059 0.6559545 -0.45123529 0.74393685 -0.43193281 -0.23744205 0.003516 1789364019.402461052 50.160 134.413 0.023 0.00000 -1 ACTUAL_TF
16.2607 0.0381060 -1.7151088 0.6559681 -0.45123045 0.74393148 -0.43194354 -0.23744853 0.003522 1789364019.458333254 50.357 134.216 0.031 0.00000 -1 ACTUAL_TF
16.3172 0.0381092 -1.7149485 0.6559761 -0.45123048 0.74392710 -0.43194979 -0.23745083 0.003325 1789364019.514359951 50.518 134.056 0.041 0.00000 -1 ACTUAL_TF
16.3739 0.0381058 -1.7147456 0.6559806 -0.45121953 0.74393094 -0.43195606 -0.23744822 0.003416 1789364019.570299625 50.721 133.853 0.044 0.00000 -1 ACTUAL_TF
16.4356 0.0380896 -1.7145618 0.6559816 -0.45122562 0.74393020 -0.43194923 -0.23745138 0.003376 1789364019.626489401 50.905 133.669 0.037 0.00000 -1 ACTUAL_TF
16.4877 0.0380807 -1.7143502 0.6559832 -0.45122331 0.74393084 -0.43195012 -0.23745215 0.003501 1789364019.682368755 51.117 133.457 0.035 0.00000 -1 ACTUAL_TF
16.5388 0.0380729 -1.7141417 0.6559850 -0.45122074 0.74393172 -0.43195115 -0.23745241 0.003567 1789364019.738415718 51.325 133.248 0.033 0.00000 -1 ACTUAL_TF
16.5952 0.0380687 -1.7139494 0.6559747 -0.45122190 0.74393828 -0.43194250 -0.23744538 0.003523 1789364019.794729233 51.517 133.056 0.023 0.00000 -1 ACTUAL_TF
16.6599 0.0380634 -1.7137329 0.6559705 -0.45123063 0.74393777 -0.43193474 -0.23744452 0.003633 1789364019.850413799 51.734 132.839 0.018 0.00000 -1 ACTUAL_TF
16.7130 0.0380604 -1.7135566 0.6559641 -0.45123155 0.74394252 -0.43192843 -0.23743936 0.003486 1789364019.906603098 51.910 132.663 0.016 0.00000 -1 ACTUAL_TF
16.7686 0.0380588 -1.7133430 0.6559604 -0.45123435 0.74394565 -0.43192266 -0.23743471 0.003587 1789364019.962473869 52.124 132.450 0.020 0.00000 -1 ACTUAL_TF
16.8212 0.0380558 -1.7131624 0.6559601 -0.45123686 0.74394605 -0.43192014 -0.23743327 0.003478 1789364020.018473864 52.304 132.269 0.023 0.00000 -1 ACTUAL_TF
16.8821 0.0380523 -1.7129431 0.6559559 -0.45123846 0.74394973 -0.43191524 -0.23742764 0.003600 1789364020.074982882 52.523 132.050 0.028 0.00000 -1 ACTUAL_TF
16.9394 0.0380443 -1.7127549 0.6559535 -0.45124352 0.74394964 -0.43190957 -0.23742862 0.003537 1789364020.130550385 52.712 131.862 0.028 0.00000 -1 ACTUAL_TF
16.9905 0.0380372 -1.7125521 0.6559542 -0.45124299 0.74394819 -0.43191136 -0.23743091 0.003566 1789364020.186374664 52.915 131.659 0.029 0.00000 -1 ACTUAL_TF
17.0421 0.0380303 -1.7123398 0.6559507 -0.45124862 0.74394957 -0.43190460 -0.23742817 0.003634 1789364020.242412806 53.127 131.446 0.033 0.00000 -1 ACTUAL_TF
17.1042 0.0380237 -1.7121774 0.6559578 -0.45123952 0.74395171 -0.43190988 -0.23742916 0.003409 1789364020.298816442 53.290 131.284 0.027 0.00000 -1 ACTUAL_TF
17.1612 0.0380124 -1.7119389 0.6559494 -0.45125177 0.74395090 -0.43189844 -0.23742922 0.003677 1789364020.354349136 53.528 131.045 0.035 0.00000 -1 ACTUAL_TF
17.2131 0.0380050 -1.7117790 0.6559544 -0.45124927 0.74394793 -0.43190367 -0.23743375 0.003421 1789364020.411065340 53.688 130.885 0.031 0.00000 -1 ACTUAL_TF
17.2737 0.0380059 -1.7115784 0.6559644 -0.45124348 0.74394754 -0.43191081 -0.23743300 0.003486 1789364020.466264248 53.889 130.684 0.028 0.00000 -1 ACTUAL_TF
17.3239 0.0379974 -1.7114071 0.6559716 -0.45124296 0.74394323 -0.43191581 -0.23743841 0.003359 1789364020.522346973 54.060 130.513 0.022 0.00000 -1 ACTUAL_TF
17.3851 0.0379942 -1.7112049 0.6559780 -0.45124281 0.74393935 -0.43192087 -0.23744163 0.003433 1789364020.578461170 54.263 130.311 0.021 0.00000 -1 ACTUAL_TF
17.4463 0.0379880 -1.7110368 0.6559804 -0.45123875 0.74394281 -0.43192040 -0.23743938 0.003305 1789364020.634370565 54.431 130.142 0.020 0.00000 -1 ACTUAL_TF
17.4948 0.0379742 -1.7108036 0.6559760 -0.45124253 0.74394382 -0.43191460 -0.23743955 0.003564 1789364020.690452576 54.664 129.909 0.021 0.00000 -1 ACTUAL_TF
17.5517 0.0379743 -1.7106032 0.6559862 -0.45124084 0.74394089 -0.43192120 -0.23743996 0.003570 1789364020.746423006 54.865 129.709 0.018 0.00000 -1 ACTUAL_TF
17.6060 0.0379661 -1.7104385 0.6559855 -0.45123397 0.74394276 -0.43192432 -0.23744149 0.003382 1789364020.802412748 55.030 129.544 0.018 0.00000 -1 ACTUAL_TF
17.6629 0.0379647 -1.7102282 0.6559936 -0.45123053 0.74394529 -0.43192555 -0.23743785 0.003495 1789364020.858450174 55.240 129.333 0.018 0.00000 -1 ACTUAL_TF
17.7171 0.0379473 -1.7100352 0.6559838 -0.45123492 0.74394975 -0.43191413 -0.23743630 0.003485 1789364020.914454699 55.433 129.140 0.022 0.00000 -1 ACTUAL_TF
17.7762 0.0379392 -1.7098323 0.6559914 -0.45122892 0.74394830 -0.43192125 -0.23743931 0.003531 1789364020.970352173 55.636 128.937 0.016 0.00000 -1 ACTUAL_TF
17.8350 0.0379356 -1.7096527 0.6559950 -0.45122596 0.74394869 -0.43192404 -0.23743862 0.003434 1789364021.026384592 55.816 128.757 0.015 0.00000 -1 ACTUAL_TF
17.8855 0.0379265 -1.7094425 0.6559987 -0.45122191 0.74394926 -0.43192682 -0.23743950 0.003531 1789364021.082355022 56.026 128.547 0.014 0.00000 -1 ACTUAL_TF
17.9418 0.0379258 -1.7092302 0.6560025 -0.45122051 0.74394823 -0.43193043 -0.23743881 0.003607 1789364021.138437033 56.239 128.335 0.014 0.00000 -1 ACTUAL_TF
17.9978 0.0379234 -1.7090625 0.6560064 -0.45121599 0.74395087 -0.43193150 -0.23743719 0.003425 1789364021.194370747 56.406 128.167 0.013 0.00000 -1 ACTUAL_TF
18.0521 0.0379244 -1.7088519 0.6560051 -0.45121685 0.74395064 -0.43193214 -0.23743507 0.003525 1789364021.250395298 56.617 127.956 0.021 0.00000 -1 ACTUAL_TF
18.1112 0.0379124 -1.7086680 0.6560007 -0.45121743 0.74395658 -0.43192352 -0.23743104 0.003455 1789364021.306448698 56.801 127.772 0.023 0.00000 -1 ACTUAL_TF
18.1742 0.0379066 -1.7084441 0.6559959 -0.45122148 0.74395978 -0.43191664 -0.23742585 0.003620 1789364021.362352371 57.025 127.548 0.031 0.00000 -1 ACTUAL_TF
18.2218 0.0379065 -1.7082557 0.6559904 -0.45122672 0.74396399 -0.43190713 -0.23742001 0.003542 1789364021.418466568 57.213 127.360 0.040 0.00000 -1 ACTUAL_TF
18.2835 0.0378973 -1.7080444 0.6559911 -0.45122830 0.74396446 -0.43190456 -0.23742020 0.003613 1789364021.474403620 57.425 127.149 0.041 0.00000 -1 ACTUAL_TF
18.3355 0.0378924 -1.7078924 0.6560031 -0.45121861 0.74396377 -0.43191399 -0.23742363 0.003343 1789364021.530674696 57.577 126.996 0.031 0.00000 -1 ACTUAL_TF
18.3945 0.0378888 -1.7076874 0.6560121 -0.45121933 0.74396046 -0.43191769 -0.23742591 0.003445 1789364021.586370945 57.782 126.791 0.026 0.00000 -1 ACTUAL_TF
18.4412 0.0378863 -1.7074778 0.6560154 -0.45121574 0.74396189 -0.43192019 -0.23742370 0.003537 1789364021.642284393 57.992 126.582 0.027 0.00000 -1 ACTUAL_TF
18.4992 0.0378711 -1.7073036 0.6560198 -0.45121965 0.74395810 -0.43191923 -0.23742989 0.003408 1789364021.698549271 58.166 126.407 0.021 0.00000 -1 ACTUAL_TF
18.5585 0.0378691 -1.7070975 0.6560213 -0.45121781 0.74396080 -0.43191796 -0.23742724 0.003493 1789364021.754379988 58.372 126.201 0.023 0.00000 -1 ACTUAL_TF
18.6106 0.0378599 -1.7069156 0.6560240 -0.45122109 0.74396175 -0.43191318 -0.23742670 0.003420 1789364021.810450792 58.554 126.019 0.021 0.00000 -1 ACTUAL_TF
18.6692 0.0378539 -1.7067002 0.6560246 -0.45122299 0.74396200 -0.43191129 -0.23742578 0.003551 1789364021.866347790 58.770 125.803 0.023 0.00000 -1 ACTUAL_TF
18.7299 0.0378522 -1.7065472 0.6560413 -0.45122138 0.74395525 -0.43192124 -0.23743189 0.003310 1789364021.922320366 58.923 125.650 0.012 0.00000 -1 ACTUAL_TF
18.7810 0.0378440 -1.7063379 0.6560457 -0.45122137 0.74395675 -0.43191926 -0.23743079 0.003438 1789364021.978387356 59.133 125.441 0.009 0.00000 -1 ACTUAL_TF
18.8461 0.0378342 -1.7061416 0.6560537 -0.45122116 0.74395632 -0.43191869 -0.23743355 0.003461 1789364022.034340858 59.329 125.244 0.002 0.00000 -1 ACTUAL_TF
18.8919 0.0378178 -1.7059688 0.6560659 -0.45121888 0.74395187 -0.43192447 -0.23744135 0.003355 1789364022.090322971 59.502 125.071 0.013 0.00000 -1 ACTUAL_TF
18.9529 0.0378030 -1.7057693 0.6560788 -0.45121133 0.74394690 -0.43193621 -0.23744990 0.003422 1789364022.146365881 59.703 124.871 0.027 0.00000 -1 ACTUAL_TF
19.0110 0.0377963 -1.7055875 0.6560851 -0.45121466 0.74394447 -0.43193593 -0.23745172 0.003370 1789364022.202402115 59.884 124.689 0.031 0.00000 -1 ACTUAL_TF
19.0569 0.0377904 -1.7053950 0.6560915 -0.45121097 0.74394173 -0.43194205 -0.23745616 0.003391 1789364022.258407831 60.077 124.496 0.034 0.00000 -1 ACTUAL_TF
19.1206 0.0377841 -1.7052095 0.6560931 -0.45121240 0.74394156 -0.43194102 -0.23745587 0.003369 1789364022.314322710 60.263 124.311 0.034 0.00000 -1 ACTUAL_TF
19.1703 0.0377738 -1.7050041 0.6560994 -0.45121177 0.74393892 -0.43194411 -0.23745967 0.003460 1789364022.370364189 60.468 124.105 0.040 0.00000 -1 ACTUAL_TF
19.2342 0.0377679 -1.7048215 0.6561035 -0.45120915 0.74393902 -0.43194675 -0.23745959 0.003400 1789364022.426389456 60.651 123.922 0.042 0.00000 -1 ACTUAL_TF
19.2852 0.0377665 -1.7046263 0.6561153 -0.45120629 0.74393351 -0.43195680 -0.23746397 0.003429 1789364022.482369900 60.846 123.727 0.047 0.00000 -1 ACTUAL_TF
19.3458 0.0377601 -1.7044169 0.6561191 -0.45120541 0.74393328 -0.43195754 -0.23746501 0.003523 1789364022.538351774 61.056 123.517 0.049 0.00000 -1 ACTUAL_TF
19.3956 0.0377622 -1.7042384 0.6561208 -0.45121088 0.74393186 -0.43195535 -0.23746308 0.003422 1789364022.594401598 61.234 123.339 0.045 0.00000 -1 ACTUAL_TF
19.4481 0.0377495 -1.7040068 0.6561129 -0.45120983 0.74393799 -0.43194794 -0.23745933 0.003641 1789364022.650290251 61.466 123.107 0.038 0.00000 -1 ACTUAL_TF
19.5067 0.0377486 -1.7038493 0.6561217 -0.45120900 0.74393520 -0.43195261 -0.23746114 0.003388 1789364022.706654072 61.624 122.950 0.042 0.00000 -1 ACTUAL_TF
19.5686 0.0377451 -1.7036118 0.6561124 -0.45122138 0.74393762 -0.43193882 -0.23745515 0.003652 1789364022.762364864 61.861 122.712 0.030 0.00000 -1 ACTUAL_TF
19.6190 0.0377369 -1.7034399 0.6561124 -0.45122176 0.74394155 -0.43193332 -0.23745212 0.003478 1789364022.818346500 62.033 122.540 0.030 0.00000 -1 ACTUAL_TF
19.6797 0.0377362 -1.7032126 0.6561031 -0.45123119 0.74394366 -0.43192245 -0.23744732 0.003643 1789364022.874863386 62.260 122.313 0.017 0.00000 -1 ACTUAL_TF
19.7426 0.0377403 -1.7030217 0.6560973 -0.45124127 0.74394598 -0.43191188 -0.23744014 0.003579 1789364022.930563211 62.451 122.123 0.004 0.00000 -1 ACTUAL_TF
19.7863 0.0377487 -1.7028370 0.6561085 -0.45123880 0.74393928 -0.43192452 -0.23744283 0.003500 1789364022.986428022 62.635 121.938 0.018 0.00000 -1 ACTUAL_TF
19.8461 0.0377447 -1.7026061 0.6561010 -0.45125048 0.74393776 -0.43191587 -0.23744117 0.003688 1789364023.042400122 62.866 121.707 0.015 0.00000 -1 ACTUAL_TF
19.8977 0.0377470 -1.7024216 0.6561025 -0.45124498 0.74394284 -0.43191683 -0.23743390 0.003572 1789364023.098323345 63.050 121.523 0.022 0.00000 -1 ACTUAL_TF
19.9632 0.0377358 -1.7022033 0.6560994 -0.45125179 0.74394107 -0.43191123 -0.23743672 0.003673 1789364023.154246569 63.269 121.304 0.018 0.00000 -1 ACTUAL_TF
20.0153 0.0377357 -1.7020340 0.6561022 -0.45125134 0.74394004 -0.43191383 -0.23743608 0.003473 1789364023.210569143 63.438 121.135 0.022 0.00000 -1 ACTUAL_TF
20.0654 0.0377300 -1.7018332 0.6561085 -0.45124245 0.74394367 -0.43191777 -0.23743444 0.003512 1789364023.266335249 63.639 120.934 0.022 0.00000 -1 ACTUAL_TF
20.1309 0.0377306 -1.7016643 0.6561093 -0.45124722 0.74394166 -0.43191657 -0.23743386 0.003363 1789364023.322377205 63.808 120.765 0.028 0.00000 -1 ACTUAL_TF
20.1835 0.0377135 -1.7014296 0.6560982 -0.45124497 0.74395183 -0.43190484 -0.23742760 0.003615 1789364023.378388405 64.043 120.531 0.023 0.00000 -1 ACTUAL_TF
20.2399 0.0377073 -1.7012274 0.6561035 -0.45124388 0.74395173 -0.43190610 -0.23742766 0.003611 1789364023.434583187 64.245 120.328 0.021 0.00000 -1 ACTUAL_TF
20.2917 0.0377009 -1.7010424 0.6561037 -0.45124752 0.74395244 -0.43190195 -0.23742609 0.003520 1789364023.490586042 64.430 120.143 0.021 0.00000 -1 ACTUAL_TF
20.3521 0.0376889 -1.7008296 0.6561026 -0.45124505 0.74395526 -0.43189970 -0.23742606 0.003606 1789364023.546538830 64.643 119.930 0.021 0.00000 -1 ACTUAL_TF
20.4030 0.0376885 -1.7006688 0.6561129 -0.45124143 0.74394952 -0.43191087 -0.23743057 0.003390 1789364023.602438688 64.804 119.769 0.017 0.00000 -1 ACTUAL_TF
20.4654 0.0376785 -1.7004557 0.6561117 -0.45123927 0.74395217 -0.43190945 -0.23742897 0.003517 1789364023.658383608 65.017 119.556 0.017 0.00000 -1 ACTUAL_TF
20.5307 0.0376705 -1.7002776 0.6561140 -0.45123790 0.74395151 -0.43191028 -0.23743213 0.003416 1789364023.714413643 65.196 119.378 0.016 0.00000 -1 ACTUAL_TF
20.5706 0.0376627 -1.7000705 0.6561157 -0.45123143 0.74395462 -0.43191278 -0.23743014 0.003500 1789364023.770503044 65.403 119.170 0.016 0.00000 -1 ACTUAL_TF
20.6361 0.0376541 -1.6998894 0.6561220 -0.45123141 0.74395198 -0.43191525 -0.23743398 0.003423 1789364023.826443672 65.584 118.989 0.011 0.00000 -1 ACTUAL_TF
20.6837 0.0376439 -1.6996710 0.6561194 -0.45123683 0.74395107 -0.43191076 -0.23743468 0.003566 1789364023.882500648 65.803 118.771 0.016 0.00000 -1 ACTUAL_TF
20.7457 0.0376429 -1.6994956 0.6561416 -0.45122282 0.74394481 -0.43193194 -0.23744238 0.003444 1789364023.938485861 65.978 118.595 0.004 0.00000 -1 ACTUAL_TF
20.7989 0.0376273 -1.6993211 0.6561453 -0.45122247 0.74394236 -0.43193367 -0.23744757 0.003349 1789364023.994522095 66.153 118.420 0.010 0.00000 -1 ACTUAL_TF
20.8497 0.0376172 -1.6991071 0.6561509 -0.45122010 0.74394178 -0.43193587 -0.23744989 0.003495 1789364024.050374508 66.368 118.206 0.015 0.00000 -1 ACTUAL_TF
20.9138 0.0376172 -1.6989233 0.6561551 -0.45122402 0.74393559 -0.43194079 -0.23745289 0.003429 1789364024.106505871 66.551 118.022 0.012 0.00000 -1 ACTUAL_TF
20.9643 0.0376126 -1.6987111 0.6561567 -0.45122195 0.74393603 -0.43194180 -0.23745361 0.003521 1789364024.163332939 66.764 117.810 0.011 0.00000 -1 ACTUAL_TF
21.0258 0.0376133 -1.6985252 0.6561510 -0.45122856 0.74393819 -0.43193424 -0.23744803 0.003479 1789364024.218374968 66.949 117.624 0.001 0.00000 -1 ACTUAL_TF
21.0717 0.0376077 -1.6983147 0.6561486 -0.45123103 0.74394028 -0.43192916 -0.23744604 0.003565 1789364024.274289370 67.160 117.413 0.004 0.00000 -1 ACTUAL_TF
21.1370 0.0376107 -1.6981362 0.6561448 -0.45123520 0.74394298 -0.43192300 -0.23744087 0.003450 1789364024.330420732 67.338 117.235 0.013 0.00000 -1 ACTUAL_TF
21.1886 0.0376038 -1.6979141 0.6561370 -0.45123888 0.74394857 -0.43191316 -0.23743425 0.003606 1789364024.386419535 67.560 117.013 0.022 0.00000 -1 ACTUAL_TF
21.2446 0.0375896 -1.6977057 0.6561346 -0.45123724 0.74395318 -0.43190758 -0.23743306 0.003640 1789364024.442572832 67.769 116.804 0.026 0.00000 -1 ACTUAL_TF
21.3077 0.0375853 -1.6975252 0.6561371 -0.45124041 0.74395304 -0.43190523 -0.23743173 0.003520 1789364024.498331785 67.950 116.624 0.025 0.00000 -1 ACTUAL_TF
21.3584 0.0375772 -1.6973171 0.6561362 -0.45123536 0.74395859 -0.43190293 -0.23742813 0.003575 1789364024.554568291 68.158 116.416 0.029 0.00000 -1 ACTUAL_TF
21.4116 0.0375748 -1.6971299 0.6561359 -0.45124083 0.74395921 -0.43189788 -0.23742498 0.003505 1789364024.610579014 68.345 116.228 0.032 0.00000 -1 ACTUAL_TF
21.4640 0.0375691 -1.6969332 0.6561404 -0.45123789 0.74395922 -0.43190039 -0.23742599 0.003511 1789364024.666432142 68.542 116.032 0.030 0.00000 -1 ACTUAL_TF
21.5254 0.0375637 -1.6967564 0.6561445 -0.45123610 0.74395768 -0.43190427 -0.23742717 0.003407 1789364024.722317934 68.719 115.855 0.028 0.00000 -1 ACTUAL_TF
21.5859 0.0375560 -1.6965421 0.6561398 -0.45123740 0.74395929 -0.43190068 -0.23742618 0.003532 1789364024.778435230 68.933 115.640 0.035 0.00000 -1 ACTUAL_TF
21.6363 0.0375445 -1.6963102 0.6561325 -0.45123963 0.74396786 -0.43188760 -0.23741889 0.003717 1789364024.834436893 69.165 115.408 0.046 0.00000 -1 ACTUAL_TF
21.7013 0.0375318 -1.6961471 0.6561420 -0.45123255 0.74396528 -0.43189584 -0.23742543 0.003482 1789364024.890312195 69.329 115.245 0.040 0.00000 -1 ACTUAL_TF
21.7525 0.0375298 -1.6959451 0.6561495 -0.45123125 0.74396422 -0.43189941 -0.23742473 0.003520 1789364024.946317911 69.531 115.043 0.034 0.00000 -1 ACTUAL_TF
21.8037 0.0375257 -1.6957774 0.6561513 -0.45122742 0.74396743 -0.43189907 -0.23742255 0.003348 1789364025.003223658 69.698 114.875 0.034 0.00000 -1 ACTUAL_TF
21.8698 0.0375104 -1.6955501 0.6561489 -0.45122783 0.74396933 -0.43189503 -0.23742318 0.003583 1789364025.058368206 69.926 114.648 0.042 0.00000 -1 ACTUAL_TF
21.9150 0.0375006 -1.6953862 0.6561597 -0.45122176 0.74396832 -0.43190157 -0.23742597 0.003388 1789364025.114489317 70.090 114.483 0.037 0.00000 -1 ACTUAL_TF
21.9756 0.0374940 -1.6951727 0.6561716 -0.45122152 0.74396424 -0.43190666 -0.23742996 0.003513 1789364025.170698404 70.304 114.270 0.030 0.00000 -1 ACTUAL_TF
22.0362 0.0374972 -1.6950213 0.6561882 -0.45121407 0.74395988 -0.43192002 -0.23743348 0.003280 1789364025.226412058 70.455 114.118 0.016 0.00000 -1 ACTUAL_TF
22.0826 0.0374932 -1.6948062 0.6561882 -0.45121624 0.74395985 -0.43191826 -0.23743264 0.003442 1789364025.282705784 70.670 113.903 0.015 0.00000 -1 ACTUAL_TF
22.1412 0.0374831 -1.6945944 0.6561909 -0.45121324 0.74395732 -0.43192398 -0.23743585 0.003554 1789364025.338307858 70.882 113.691 0.019 0.00000 -1 ACTUAL_TF
22.2033 0.0374851 -1.6944187 0.6561901 -0.45121795 0.74395745 -0.43192029 -0.23743322 0.003428 1789364025.394375324 71.058 113.515 0.015 0.00000 -1 ACTUAL_TF
22.2533 0.0374802 -1.6942003 0.6561954 -0.45121955 0.74395215 -0.43192538 -0.23743754 0.003569 1789364025.450424433 71.276 113.297 0.012 0.00000 -1 ACTUAL_TF
22.3074 0.0374792 -1.6940259 0.6562047 -0.45122135 0.74394731 -0.43193058 -0.23743981 0.003434 1789364025.506410837 71.451 113.122 0.005 0.00000 -1 ACTUAL_TF
22.3730 0.0374733 -1.6938250 0.6562115 -0.45121899 0.74394467 -0.43193581 -0.23744305 0.003484 1789364025.562270880 71.652 112.921 0.005 0.00000 -1 ACTUAL_TF
22.4214 0.0374704 -1.6936596 0.6562215 -0.45121795 0.74393839 -0.43194499 -0.23744801 0.003325 1789364025.618350983 71.818 112.756 0.011 0.00000 -1 ACTUAL_TF
22.4899 0.0374612 -1.6934445 0.6562207 -0.45121476 0.74394269 -0.43194188 -0.23744625 0.003477 1789364025.674537659 72.033 112.541 0.009 0.00000 -1 ACTUAL_TF
22.5400 0.0374497 -1.6932321 0.6562224 -0.45122214 0.74393836 -0.43193891 -0.23745122 0.003576 1789364025.730437040 72.245 112.328 0.012 0.00000 -1 ACTUAL_TF
22.5894 0.0374512 -1.6930409 0.6562161 -0.45122784 0.74394212 -0.43193013 -0.23744458 0.003529 1789364025.786395073 72.436 112.137 0.005 0.00000 -1 ACTUAL_TF
22.6389 0.0374414 -1.6928327 0.6562159 -0.45122743 0.74394486 -0.43192649 -0.23744339 0.003589 1789364025.842273235 72.645 111.929 0.010 0.00000 -1 ACTUAL_TF
22.7004 0.0374425 -1.6926503 0.6562193 -0.45123464 0.74394225 -0.43192373 -0.23744289 0.003488 1789364025.898375750 72.827 111.746 0.005 0.00000 -1 ACTUAL_TF
22.7574 0.0374341 -1.6924263 0.6562092 -0.45123880 0.74394745 -0.43191373 -0.23743686 0.003643 1789364025.954426289 73.051 111.522 0.018 0.00000 -1 ACTUAL_TF
22.8106 0.0374285 -1.6922700 0.6562191 -0.45123467 0.74394433 -0.43192041 -0.23744235 0.003390 1789364026.010386705 73.208 111.366 0.011 0.00000 -1 ACTUAL_TF
22.8723 0.0374172 -1.6920489 0.6562115 -0.45123900 0.74394728 -0.43191186 -0.23744043 0.003546 1789364026.067018986 73.429 111.145 0.022 0.00000 -1 ACTUAL_TF
22.9324 0.0374079 -1.6918624 0.6562101 -0.45124006 0.74394937 -0.43190770 -0.23743942 0.003496 1789364026.122273445 73.615 110.958 0.027 0.00000 -1 ACTUAL_TF
22.9798 0.0374010 -1.6916509 0.6562089 -0.45123619 0.74395190 -0.43190828 -0.23743781 0.003579 1789364026.178345919 73.827 110.746 0.031 0.00000 -1 ACTUAL_TF
23.0426 0.0373962 -1.6914506 0.6562187 -0.45123150 0.74395177 -0.43191253 -0.23743937 0.003583 1789364026.234221697 74.028 110.546 0.024 0.00000 -1 ACTUAL_TF
23.0941 0.0373904 -1.6912688 0.6562167 -0.45123286 0.74395490 -0.43190737 -0.23743636 0.003481 1789364026.290312767 74.209 110.364 0.028 0.00000 -1 ACTUAL_TF
23.1479 0.0373881 -1.6910684 0.6562199 -0.45123082 0.74395653 -0.43190786 -0.23743427 0.003510 1789364026.346335888 74.410 110.164 0.026 0.00000 -1 ACTUAL_TF
23.2055 0.0373777 -1.6908819 0.6562186 -0.45123212 0.74395852 -0.43190287 -0.23743463 0.003458 1789364026.402306318 74.597 109.977 0.032 0.00000 -1 ACTUAL_TF
23.2660 0.0373797 -1.6906721 0.6562202 -0.45123657 0.74395714 -0.43190157 -0.23743286 0.003542 1789364026.458414316 74.806 109.767 0.029 0.00000 -1 ACTUAL_TF
23.3196 0.0373738 -1.6904914 0.6562195 -0.45123900 0.74395856 -0.43189741 -0.23743136 0.003441 1789364026.514827967 74.987 109.586 0.032 0.00000 -1 ACTUAL_TF
23.3743 0.0373662 -1.6902904 0.6562294 -0.45123024 0.74395750 -0.43190632 -0.23743513 0.003496 1789364026.570418835 75.188 109.385 0.026 0.00000 -1 ACTUAL_TF
23.4384 0.0373589 -1.6900815 0.6562374 -0.45124067 0.74394919 -0.43190592 -0.23744208 0.003563 1789364026.626638412 75.397 109.176 0.022 0.00000 -1 ACTUAL_TF
23.4863 0.0373565 -1.6898871 0.6562337 -0.45124581 0.74395094 -0.43189959 -0.23743835 0.003543 1789364026.682285070 75.592 108.982 0.026 0.00000 -1 ACTUAL_TF
23.5482 0.0373564 -1.6897133 0.6562525 -0.45123310 0.74394605 -0.43191828 -0.23744381 0.003414 1789364026.738401175 75.766 108.808 0.009 0.00000 -1 ACTUAL_TF
23.6040 0.0373458 -1.6895286 0.6562506 -0.45123736 0.74394737 -0.43191116 -0.23744453 0.003379 1789364026.794539928 75.950 108.623 0.015 0.00000 -1 ACTUAL_TF
23.6598 0.0373375 -1.6893215 0.6562579 -0.45123293 0.74394582 -0.43191699 -0.23744721 0.003479 1789364026.850375891 76.158 108.416 0.013 0.00000 -1 ACTUAL_TF
23.7095 0.0373339 -1.6891340 0.6562603 -0.45123409 0.74394456 -0.43191730 -0.23744838 0.003439 1789364026.906445265 76.345 108.228 0.012 0.00000 -1 ACTUAL_TF
23.7666 0.0373313 -1.6889305 0.6562736 -0.45122976 0.74394080 -0.43192666 -0.23745137 0.003494 1789364026.962756872 76.549 108.024 0.006 0.00000 -1 ACTUAL_TF
23.8261 0.0373328 -1.6887535 0.6562781 -0.45123421 0.74393657 -0.43192858 -0.23745268 0.003403 1789364027.018280268 76.726 107.847 0.005 0.00000 -1 ACTUAL_TF
23.8889 0.0373368 -1.6885632 0.6562894 -0.45123053 0.74393264 -0.43193833 -0.23745425 0.003397 1789364027.074579716 76.916 107.657 0.018 0.00000 -1 ACTUAL_TF
23.9425 0.0373355 -1.6883523 0.6562936 -0.45123048 0.74392834 -0.43194443 -0.23745670 0.003513 1789364027.130374908 77.127 107.446 0.022 0.00000 -1 ACTUAL_TF
23.9902 0.0373230 -1.6881602 0.6562902 -0.45123144 0.74393262 -0.43193685 -0.23745525 0.003490 1789364027.186409950 77.319 107.254 0.013 0.00000 -1 ACTUAL_TF
24.0470 0.0373245 -1.6879262 0.6562816 -0.45123840 0.74393820 -0.43192529 -0.23744557 0.003680 1789364027.243191481 77.553 107.020 0.016 0.00000 -1 ACTUAL_TF
24.1036 0.0373214 -1.6877584 0.6562837 -0.45123819 0.74393695 -0.43192712 -0.23744658 0.003488 1789364027.298422337 77.721 106.852 0.018 0.00000 -1 ACTUAL_TF
24.1573 0.0373068 -1.6875418 0.6562818 -0.45123910 0.74394084 -0.43192031 -0.23744502 0.003603 1789364027.354516506 77.938 106.636 0.012 0.00000 -1 ACTUAL_TF
24.2278 0.0373156 -1.6873735 0.6562841 -0.45123180 0.74394724 -0.43192208 -0.23743564 0.003427 1789364027.410360098 78.106 106.468 0.024 0.00000 -1 ACTUAL_TF
24.2709 0.0373057 -1.6871570 0.6562824 -0.45124131 0.74394262 -0.43191786 -0.23743972 0.003558 1789364027.466440916 78.322 106.251 0.022 0.00000 -1 ACTUAL_TF
24.3285 0.0373038 -1.6869879 0.6562877 -0.45123843 0.74394295 -0.43192071 -0.23743897 0.003398 1789364027.522390366 78.492 106.082 0.024 0.00000 -1 ACTUAL_TF
24.3845 0.0372976 -1.6867655 0.6562935 -0.45123525 0.74394144 -0.43192612 -0.23743991 0.003568 1789364027.578526735 78.714 105.859 0.023 0.00000 -1 ACTUAL_TF
24.4340 0.0372923 -1.6865505 0.6562910 -0.45123958 0.74394108 -0.43192261 -0.23743917 0.003653 1789364027.634354591 78.929 105.644 0.025 0.00000 -1 ACTUAL_TF
24.4896 0.0372868 -1.6863939 0.6563041 -0.45123188 0.74393782 -0.43193368 -0.23744391 0.003398 1789364027.690476894 79.086 105.487 0.023 0.00000 -1 ACTUAL_TF
24.5506 0.0372836 -1.6861860 0.6563056 -0.45123311 0.74393614 -0.43193505 -0.23744434 0.003495 1789364027.746363640 79.294 105.279 0.025 0.00000 -1 ACTUAL_TF
24.6077 0.0372850 -1.6860232 0.6563117 -0.45122835 0.74393768 -0.43193880 -0.23744174 0.003320 1789364027.802287340 79.457 105.117 0.032 0.00000 -1 ACTUAL_TF
24.6569 0.0372747 -1.6858054 0.6563102 -0.45122809 0.74394232 -0.43193251 -0.23743912 0.003493 1789364027.858263969 79.675 104.899 0.027 0.00000 -1 ACTUAL_TF
24.7190 0.0372626 -1.6856016 0.6563053 -0.45123172 0.74394588 -0.43192414 -0.23743630 0.003535 1789364027.914448261 79.879 104.695 0.022 0.00000 -1 ACTUAL_TF
24.7702 0.0372549 -1.6853849 0.6563007 -0.45123019 0.74395125 -0.43191920 -0.23743136 0.003636 1789364027.970489025 80.095 104.478 0.024 0.00000 -1 ACTUAL_TF
24.8358 0.0372500 -1.6851932 0.6563167 -0.45122320 0.74394820 -0.43192921 -0.23743600 0.003577 1789364028.026433706 80.287 104.286 0.020 0.00000 -1 ACTUAL_TF
24.8841 0.0372462 -1.6850296 0.6563197 -0.45121589 0.74395122 -0.43193276 -0.23743397 0.003379 1789364028.082520008 80.451 104.122 0.021 0.00000 -1 ACTUAL_TF
24.9450 0.0372389 -1.6848201 0.6563289 -0.45121546 0.74394603 -0.43193943 -0.23743893 0.003489 1789364028.138553143 80.661 103.913 0.021 0.00000 -1 ACTUAL_TF
24.9949 0.0372442 -1.6846375 0.6563229 -0.45121774 0.74395080 -0.43193347 -0.23743048 0.003424 1789364028.194374800 80.843 103.730 0.031 0.00000 -1 ACTUAL_TF
25.0560 0.0372346 -1.6844319 0.6563282 -0.45121202 0.74394997 -0.43193900 -0.23743388 0.003492 1789364028.250802279 81.049 103.525 0.027 0.00000 -1 ACTUAL_TF
25.1035 0.0372290 -1.6842315 0.6563251 -0.45121491 0.74395291 -0.43193319 -0.23742974 0.003527 1789364028.306348085 81.249 103.324 0.027 0.00000 -1 ACTUAL_TF
25.1759 0.0372257 -1.6840366 0.6563402 -0.45121045 0.74394599 -0.43194574 -0.23743708 0.003514 1789364028.362515211 81.444 103.129 0.030 0.00000 -1 ACTUAL_TF
25.2225 0.0372181 -1.6838669 0.6563428 -0.45120350 0.74394869 -0.43194882 -0.23743624 0.003370 1789364028.418482780 81.614 102.959 0.028 0.00000 -1 ACTUAL_TF
25.2795 0.0372068 -1.6836601 0.6563514 -0.45120058 0.74394615 -0.43195347 -0.23744127 0.003472 1789364028.474335432 81.821 102.752 0.026 0.00000 -1 ACTUAL_TF
25.3362 0.0372017 -1.6834511 0.6563532 -0.45119613 0.74395125 -0.43195212 -0.23743623 0.003548 1789364028.530466318 82.030 102.543 0.026 0.00000 -1 ACTUAL_TF
25.3930 0.0372026 -1.6832881 0.6563655 -0.45119500 0.74394495 -0.43196173 -0.23744064 0.003359 1789364028.586468220 82.193 102.380 0.037 0.00000 -1 ACTUAL_TF
25.4513 0.0371836 -1.6830607 0.6563680 -0.45119082 0.74394732 -0.43196084 -0.23744275 0.003575 1789364028.642409801 82.421 102.152 0.028 0.00000 -1 ACTUAL_TF
25.5017 0.0371793 -1.6828720 0.6563606 -0.45119839 0.74394979 -0.43195093 -0.23743865 0.003514 1789364028.698455095 82.610 101.963 0.021 0.00000 -1 ACTUAL_TF
25.5528 0.0371743 -1.6826543 0.6563566 -0.45119525 0.74395618 -0.43194633 -0.23743296 0.003628 1789364028.754371405 82.828 101.746 0.019 0.00000 -1 ACTUAL_TF
25.6168 0.0371645 -1.6824810 0.6563535 -0.45119629 0.74395958 -0.43193989 -0.23743207 0.003470 1789364028.810356379 83.001 101.572 0.013 0.00000 -1 ACTUAL_TF
25.6759 0.0371536 -1.6822635 0.6563505 -0.45120124 0.74396326 -0.43192964 -0.23742976 0.003592 1789364028.866535187 83.219 101.355 0.009 0.00000 -1 ACTUAL_TF
25.7243 0.0371458 -1.6820399 0.6563462 -0.45120300 0.74396647 -0.43192434 -0.23742602 0.003715 1789364028.922473669 83.442 101.131 0.013 0.00000 -1 ACTUAL_TF
25.7865 0.0371430 -1.6818680 0.6563556 -0.45119752 0.74396499 -0.43193145 -0.23742815 0.003524 1789364028.978384018 83.614 100.959 0.010 0.00000 -1 ACTUAL_TF
25.8379 0.0371318 -1.6816557 0.6563554 -0.45119996 0.74396461 -0.43192891 -0.23742930 0.003605 1789364029.034435034 83.827 100.746 0.008 0.00000 -1 ACTUAL_TF
25.9010 0.0371290 -1.6814700 0.6563527 -0.45120546 0.74396736 -0.43192098 -0.23742464 0.003521 1789364029.090280294 84.013 100.561 0.013 0.00000 -1 ACTUAL_TF
25.9511 0.0371297 -1.6812787 0.6563599 -0.45120427 0.74396403 -0.43192663 -0.23742706 0.003488 1789364029.146377563 84.204 100.369 0.014 0.00000 -1 ACTUAL_TF
26.0048 0.0371094 -1.6810895 0.6563536 -0.45120922 0.74396363 -0.43191949 -0.23743191 0.003457 1789364029.202636719 84.393 100.180 0.016 0.00000 -1 ACTUAL_TF
26.0664 0.0371120 -1.6808799 0.6563573 -0.45121261 0.74396276 -0.43191960 -0.23742800 0.003548 1789364029.258400679 84.603 99.970 0.016 0.00000 -1 ACTUAL_TF
26.1171 0.0371051 -1.6806950 0.6563561 -0.45121509 0.74396285 -0.43191655 -0.23742857 0.003474 1789364029.314431667 84.788 99.785 0.019 0.00000 -1 ACTUAL_TF
26.1806 0.0371084 -1.6804979 0.6563685 -0.45121061 0.74395923 -0.43192645 -0.23743039 0.003491 1789364029.370410442 84.985 99.588 0.016 0.00000 -1 ACTUAL_TF
26.2340 0.0371053 -1.6802906 0.6563723 -0.45121554 0.74395418 -0.43192791 -0.23743420 0.003554 1789364029.426400661 85.192 99.381 0.018 0.00000 -1 ACTUAL_TF
26.2880 0.0371090 -1.6801165 0.6563745 -0.45121924 0.74395144 -0.43192929 -0.23743325 0.003421 1789364029.482444048 85.366 99.207 0.026 0.00000 -1 ACTUAL_TF
26.3425 0.0371136 -1.6799106 0.6563809 -0.45121766 0.74394814 -0.43193635 -0.23743373 0.003501 1789364029.538306952 85.572 99.001 0.036 0.00000 -1 ACTUAL_TF
26.3963 0.0370966 -1.6797280 0.6563799 -0.45122283 0.74394654 -0.43193146 -0.23743784 0.003428 1789364029.594579935 85.755 98.818 0.025 0.00000 -1 ACTUAL_TF
26.4511 0.0371027 -1.6795250 0.6563890 -0.45121597 0.74394423 -0.43194274 -0.23743755 0.003493 1789364029.650386810 85.958 98.615 0.036 0.00000 -1 ACTUAL_TF
26.5110 0.0370912 -1.6793415 0.6563923 -0.45121782 0.74394356 -0.43194104 -0.23743925 0.003430 1789364029.706410646 86.142 98.432 0.030 0.00000 -1 ACTUAL_TF
26.5643 0.0370901 -1.6791211 0.6563901 -0.45121759 0.74394692 -0.43193869 -0.23743342 0.003580 1789364029.762482882 86.362 98.211 0.035 0.00000 -1 ACTUAL_TF
26.6217 0.0370847 -1.6789167 0.6563976 -0.45121812 0.74394460 -0.43194081 -0.23743582 0.003600 1789364029.818595648 86.567 98.007 0.036 0.00000 -1 ACTUAL_TF
26.6766 0.0370803 -1.6787346 0.6563928 -0.45122376 0.74394384 -0.43193660 -0.23743517 0.003499 1789364029.874425411 86.749 97.825 0.037 0.00000 -1 ACTUAL_TF
26.7372 0.0370791 -1.6785237 0.6563959 -0.45120848 0.74395207 -0.43194236 -0.23742792 0.003579 1789364029.930447817 86.959 97.614 0.042 0.00000 -1 ACTUAL_TF
26.7883 0.0370635 -1.6783470 0.6564010 -0.45121534 0.74394399 -0.43194324 -0.23743860 0.003456 1789364029.986435413 87.137 97.437 0.031 0.00000 -1 ACTUAL_TF
26.8500 0.0370533 -1.6781238 0.6564061 -0.45121599 0.74394568 -0.43194065 -0.23743680 0.003617 1789364030.042413950 87.360 97.213 0.027 0.00000 -1 ACTUAL_TF
26.8998 0.0370386 -1.6779599 0.6564112 -0.45121280 0.74394503 -0.43194233 -0.23744182 0.003415 1789364030.098356485 87.524 97.049 0.017 0.00000 -1 ACTUAL_TF
26.9582 0.0370319 -1.6777466 0.6564161 -0.45121499 0.74394371 -0.43194217 -0.23744209 0.003534 1789364030.154369831 87.738 96.836 0.017 0.00000 -1 ACTUAL_TF
27.0196 0.0370265 -1.6775724 0.6564141 -0.45122040 0.74394434 -0.43193622 -0.23744066 0.003405 1789364030.210540771 87.912 96.661 0.016 0.00000 -1 ACTUAL_TF
27.0751 0.0370086 -1.6773542 0.6564086 -0.45122574 0.74394771 -0.43192486 -0.23744060 0.003557 1789364030.266508818 88.131 96.443 0.009 0.00000 -1 ACTUAL_TF
27.1273 0.0369981 -1.6771442 0.6564106 -0.45122465 0.74395180 -0.43191957 -0.23743951 0.003622 1789364030.322241545 88.341 96.233 0.008 0.00000 -1 ACTUAL_TF
27.1945 0.0369900 -1.6769549 0.6564086 -0.45122940 0.74395149 -0.43191532 -0.23743919 0.003546 1789364030.378488541 88.530 96.043 0.013 0.00000 -1 ACTUAL_TF
27.2395 0.0369781 -1.6767186 0.6564023 -0.45123410 0.74395491 -0.43190605 -0.23743641 0.003733 1789364030.435260534 88.767 95.807 0.023 0.00000 -1 ACTUAL_TF
27.2982 0.0369716 -1.6765596 0.6564081 -0.45123043 0.74395466 -0.43190901 -0.23743876 0.003480 1789364030.490338326 88.926 95.648 0.021 0.00000 -1 ACTUAL_TF
27.3463 0.0369663 -1.6763547 0.6564141 -0.45123245 0.74395019 -0.43191293 -0.23744180 0.003531 1789364030.546514034 89.131 95.443 0.017 0.00000 -1 ACTUAL_TF
27.4061 0.0369709 -1.6761966 0.6564202 -0.45122991 0.74394930 -0.43191748 -0.23744115 0.003322 1789364030.602337837 89.289 95.285 0.011 0.00000 -1 ACTUAL_TF
27.4592 0.0369555 -1.6759867 0.6564224 -0.45122518 0.74395218 -0.43191692 -0.23744212 0.003437 1789364030.659149885 89.499 95.074 0.014 0.00000 -1 ACTUAL_TF
27.5272 0.0369413 -1.6757976 0.6564238 -0.45122549 0.74395455 -0.43191227 -0.23744258 0.003436 1789364030.714373112 89.689 94.885 0.022 0.00000 -1 ACTUAL_TF
27.5763 0.0369372 -1.6755716 0.6564231 -0.45123079 0.74395333 -0.43190915 -0.23744198 0.003616 1789364030.770378828 89.914 94.659 0.022 0.00000 -1 ACTUAL_TF
27.6359 0.0369417 -1.6753607 0.6564235 -0.45123501 0.74395309 -0.43190706 -0.23743853 0.003662 1789364030.826332331 90.125 94.448 0.019 0.00000 -1 ACTUAL_TF
27.6864 0.0369418 -1.6751975 0.6564283 -0.45123498 0.74394829 -0.43191377 -0.23744143 0.003438 1789364030.882389069 90.288 94.285 0.015 0.00000 -1 ACTUAL_TF
27.7385 0.0369394 -1.6749717 0.6564222 -0.45123397 0.74395648 -0.43190579 -0.23743220 0.003617 1789364030.938327312 90.514 94.059 0.024 0.00000 -1 ACTUAL_TF
27.7957 0.0369392 -1.6748242 0.6564425 -0.45122857 0.74394407 -0.43192607 -0.23744444 0.003331 1789364030.994292498 90.662 93.912 0.009 0.00000 -1 ACTUAL_TF
27.8545 0.0369388 -1.6745930 0.6564426 -0.45123797 0.74394258 -0.43192011 -0.23744209 0.003564 1789364031.050549746 90.893 93.681 0.016 0.00000 -1 ACTUAL_TF
27.9088 0.0369427 -1.6744216 0.6564538 -0.45123423 0.74393656 -0.43193237 -0.23744578 0.003419 1789364031.106350899 91.064 93.509 0.023 0.00000 -1 ACTUAL_TF
27.9801 0.0369379 -1.6742041 0.6564550 -0.45124008 0.74393401 -0.43193061 -0.23744584 0.003559 1789364031.162343740 91.282 93.292 0.024 0.00000 -1 ACTUAL_TF
28.0218 0.0369380 -1.6740110 0.6564646 -0.45123481 0.74393197 -0.43193889 -0.23744718 0.003526 1789364031.218407869 91.475 93.099 0.030 0.00000 -1 ACTUAL_TF
28.0740 0.0369225 -1.6738357 0.6564686 -0.45123272 0.74393152 -0.43193946 -0.23745152 0.003411 1789364031.274440289 91.651 92.923 0.021 0.00000 -1 ACTUAL_TF
28.1374 0.0369150 -1.6736310 0.6564752 -0.45123316 0.74392800 -0.43194289 -0.23745547 0.003484 1789364031.330520391 91.855 92.718 0.022 0.00000 -1 ACTUAL_TF
28.1952 0.0369064 -1.6734514 0.6564823 -0.45123013 0.74392473 -0.43194913 -0.23746011 0.003404 1789364031.386466503 92.035 92.538 0.022 0.00000 -1 ACTUAL_TF
28.2513 0.0368904 -1.6732277 0.6564787 -0.45123107 0.74392952 -0.43194100 -0.23745815 0.003586 1789364031.442371368 92.259 92.314 0.012 0.00000 -1 ACTUAL_TF
28.3014 0.0368907 -1.6730476 0.6564817 -0.45123251 0.74392796 -0.43194288 -0.23745686 0.003473 1789364031.498487234 92.439 92.134 0.015 0.00000 -1 ACTUAL_TF
28.3553 0.0368857 -1.6728517 0.6564879 -0.45122721 0.74392919 -0.43194644 -0.23745661 0.003481 1789364031.554494858 92.635 91.938 0.019 0.00000 -1 ACTUAL_TF
28.4116 0.0368739 -1.6726710 0.6564884 -0.45123126 0.74392830 -0.43194235 -0.23745915 0.003407 1789364031.610498190 92.816 91.757 0.014 0.00000 -1 ACTUAL_TF
28.4703 0.0368645 -1.6724425 0.6564791 -0.45123450 0.74393718 -0.43192825 -0.23745079 0.003615 1789364031.666327715 93.045 91.529 0.002 0.00000 -1 ACTUAL_TF
28.5276 0.0368533 -1.6722245 0.6564785 -0.45122728 0.74394474 -0.43192551 -0.23744584 0.003699 1789364031.722390175 93.263 91.310 0.004 0.00000 -1 ACTUAL_TF
28.5832 0.0368459 -1.6720348 0.6564761 -0.45123227 0.74394875 -0.43191558 -0.23744184 0.003607 1789364031.778331518 93.453 91.121 0.009 0.00000 -1 ACTUAL_TF
28.6344 0.0368413 -1.6718400 0.6564861 -0.45122160 0.74394985 -0.43192467 -0.23744213 0.003570 1789364031.834342957 93.648 90.926 0.005 0.00000 -1 ACTUAL_TF
28.6881 0.0368417 -1.6716651 0.6564871 -0.45122177 0.74395485 -0.43191930 -0.23743594 0.003435 1789364031.890403032 93.823 90.751 0.001 0.00000 -1 ACTUAL_TF
28.7528 0.0368355 -1.6714571 0.6564898 -0.45121751 0.74395519 -0.43192300 -0.23743622 0.003518 1789364031.946448326 94.031 90.543 0.001 0.00000 -1 ACTUAL_TF
28.8051 0.0368221 -1.6712649 0.6564852 -0.45121675 0.74396149 -0.43191492 -0.23743262 0.003495 1789364032.002444983 94.223 90.350 0.010 0.00000 -1 ACTUAL_TF
28.8702 0.0368238 -1.6710648 0.6564951 -0.45121474 0.74395726 -0.43192375 -0.23743363 0.003520 1789364032.058436394 94.423 90.150 0.000 0.00000 -1 ACTUAL_TF
28.9247 0.0368286 -1.6708538 0.6564987 -0.45121127 0.74395938 -0.43192659 -0.23742842 0.003598 1789364032.114310026 94.634 89.939 0.011 0.00000 -1 ACTUAL_TF
28.9724 0.0368251 -1.6706681 0.6564995 -0.45121241 0.74396016 -0.43192493 -0.23742684 0.003514 1789364032.170256615 94.820 89.754 0.013 0.00000 -1 ACTUAL_TF
29.0341 0.0368231 -1.6704564 0.6565000 -0.45120634 0.74396380 -0.43192672 -0.23742369 0.003593 1789364032.226342201 95.031 89.542 0.017 0.00000 -1 ACTUAL_TF
29.0839 0.0368238 -1.6702923 0.6565065 -0.45120726 0.74396062 -0.43193084 -0.23742441 0.003393 1789364032.282420635 95.196 89.378 0.023 0.00000 -1 ACTUAL_TF
29.1376 0.0368235 -1.6700755 0.6565043 -0.45120642 0.74396661 -0.43192567 -0.23741665 0.003532 1789364032.338656425 95.412 89.161 0.029 0.00000 -1 ACTUAL_TF
29.2017 0.0368098 -1.6698961 0.6565054 -0.45120468 0.74396916 -0.43192336 -0.23741617 0.003439 1789364032.394510269 95.592 88.981 0.020 0.00000 -1 ACTUAL_TF
29.2524 0.0368035 -1.6696769 0.6565043 -0.45120092 0.74397238 -0.43192281 -0.23741422 0.003583 1789364032.450446844 95.811 88.762 0.022 0.00000 -1 ACTUAL_TF
29.3100 0.0368007 -1.6694999 0.6565145 -0.45120509 0.74396589 -0.43192756 -0.23741800 0.003459 1789364032.506389380 95.988 88.585 0.022 0.00000 -1 ACTUAL_TF
29.3627 0.0367942 -1.6693020 0.6565239 -0.45119814 0.74396244 -0.43193775 -0.23742346 0.003484 1789364032.562342167 96.186 88.387 0.022 0.00000 -1 ACTUAL_TF
29.4292 0.0367872 -1.6691002 0.6565316 -0.45119717 0.74395984 -0.43194103 -0.23742750 0.003518 1789364032.618497849 96.388 88.185 0.023 0.00000 -1 ACTUAL_TF
29.4753 0.0367903 -1.6689220 0.6565277 -0.45120029 0.74396177 -0.43193756 -0.23742183 0.003419 1789364032.674421310 96.566 88.007 0.029 0.00000 -1 ACTUAL_TF
29.5340 0.0367713 -1.6687022 0.6565267 -0.45119956 0.74396303 -0.43193423 -0.23742533 0.003572 1789364032.730576038 96.787 87.787 0.016 0.00000 -1 ACTUAL_TF
29.5910 0.0367705 -1.6685417 0.6565450 -0.45119477 0.74395223 -0.43195243 -0.23743518 0.003367 1789364032.786526203 96.947 87.626 0.027 0.00000 -1 ACTUAL_TF
29.6430 0.0367629 -1.6683315 0.6565479 -0.45119759 0.74395158 -0.43195030 -0.23743571 0.003485 1789364032.842431545 97.158 87.416 0.026 0.00000 -1 ACTUAL_TF
29.7129 0.0367519 -1.6681566 0.6565575 -0.45120090 0.74394338 -0.43195591 -0.23744492 0.003380 1789364032.898399115 97.333 87.241 0.028 0.00000 -1 ACTUAL_TF
29.7555 0.0367426 -1.6679401 0.6565616 -0.45119817 0.74394147 -0.43196004 -0.23744857 0.003516 1789364032.954966545 97.550 87.024 0.028 0.00000 -1 ACTUAL_TF
29.8108 0.0367343 -1.6677328 0.6565670 -0.45120138 0.74393839 -0.43196033 -0.23745160 0.003588 1789364033.010239601 97.757 86.816 0.031 0.00000 -1 ACTUAL_TF
29.8693 0.0367423 -1.6675621 0.6565683 -0.45120649 0.74393477 -0.43196233 -0.23744957 0.003424 1789364033.066397667 97.928 86.646 0.035 0.00000 -1 ACTUAL_TF
29.9377 0.0367307 -1.6673320 0.6565646 -0.45121270 0.74393731 -0.43195230 -0.23744807 0.003630 1789364033.122466087 98.158 86.416 0.027 0.00000 -1 ACTUAL_TF
29.9902 0.0367286 -1.6671561 0.6565622 -0.45121265 0.74394008 -0.43194944 -0.23744469 0.003483 1789364033.178449154 98.334 86.240 0.025 0.00000 -1 ACTUAL_TF
30.0421 0.0367287 -1.6669325 0.6565579 -0.45121875 0.74394396 -0.43194032 -0.23743752 0.003634 1789364033.234541893 98.557 86.016 0.026 0.00000 -1 ACTUAL_TF
30.0884 0.0367194 -1.6667367 0.6565510 -0.45122387 0.74394657 -0.43193127 -0.23743612 0.003595 1789364033.290525198 98.753 85.820 0.020 0.00000 -1 ACTUAL_TF
30.1520 0.0367143 -1.6665054 0.6565332 -0.45123185 0.74395579 -0.43191299 -0.23742531 0.003761 1789364033.346477747 98.984 85.589 0.029 0.00000 -1 ACTUAL_TF
30.2066 0.0367199 -1.6663442 0.6565397 -0.45122758 0.74395358 -0.43192134 -0.23742515 0.003498 1789364033.402418375 99.145 85.428 0.035 0.00000 -1 ACTUAL_TF
30.2572 0.0367068 -1.6661067 0.6565305 -0.45123529 0.74395719 -0.43190898 -0.23742166 0.003725 1789364033.458395243 99.383 85.191 0.037 0.00000 -1 ACTUAL_TF
30.3169 0.0366998 -1.6658979 0.6565352 -0.45123486 0.74395739 -0.43190920 -0.23742144 0.003727 1789364033.514350891 99.592 84.982 0.035 0.00000 -1 ACTUAL_TF
30.3827 0.0366934 -1.6657347 0.6565447 -0.45122664 0.74395756 -0.43191601 -0.23742415 0.003486 1789364033.570359945 99.755 84.818 0.029 0.00000 -1 ACTUAL_TF
30.4347 0.0366950 -1.6655225 0.6565483 -0.45122950 0.74395686 -0.43191570 -0.23742149 0.003573 1789364033.626581430 99.967 84.606 0.035 0.00000 -1 ACTUAL_TF
30.4889 0.0366782 -1.6653432 0.6565493 -0.45123829 0.74395074 -0.43191247 -0.23742984 0.003467 1789364033.682483673 100.147 84.427 0.026 0.00000 -1 ACTUAL_TF
30.5435 0.0366698 -1.6651258 0.6565447 -0.45124065 0.74395466 -0.43190535 -0.23742601 0.003597 1789364033.738295078 100.364 84.209 0.031 0.00000 -1 ACTUAL_TF
30.6005 0.0366629 -1.6649402 0.6565430 -0.45124190 0.74395869 -0.43189918 -0.23742224 0.003508 1789364033.794578314 100.550 84.023 0.033 0.00000 -1 ACTUAL_TF
30.6539 0.0366517 -1.6647339 0.6565481 -0.45124727 0.74395200 -0.43190124 -0.23742924 0.003568 1789364033.850328684 100.757 83.817 0.029 0.00000 -1 ACTUAL_TF
30.7080 0.0366389 -1.6645196 0.6565470 -0.45124489 0.74395888 -0.43189384 -0.23742567 0.003646 1789364033.906390667 100.971 83.602 0.031 0.00000 -1 ACTUAL_TF
30.7616 0.0366312 -1.6643640 0.6565620 -0.45123934 0.74394964 -0.43190963 -0.23743646 0.003391 1789364033.962373495 101.127 83.446 0.018 0.00000 -1 ACTUAL_TF
30.8200 0.0366233 -1.6641538 0.6565683 -0.45123426 0.74395148 -0.43191237 -0.23743533 0.003498 1789364034.018493414 101.337 83.236 0.014 0.00000 -1 ACTUAL_TF
30.8840 0.0366103 -1.6639761 0.6565685 -0.45123508 0.74395136 -0.43190983 -0.23743877 0.003408 1789364034.074220181 101.516 83.058 0.019 0.00000 -1 ACTUAL_TF
30.9371 0.0366005 -1.6637684 0.6565726 -0.45123507 0.74394905 -0.43191214 -0.23744183 0.003500 1789364034.130204916 101.723 82.850 0.020 0.00000 -1 ACTUAL_TF
30.9906 0.0365949 -1.6635769 0.6565721 -0.45123793 0.74395088 -0.43190754 -0.23743905 0.003458 1789364034.187197208 101.915 82.658 0.022 0.00000 -1 ACTUAL_TF
31.0426 0.0365882 -1.6633661 0.6565797 -0.45123432 0.74394734 -0.43191559 -0.23744233 0.003571 1789364034.242250204 102.126 82.447 0.019 0.00000 -1 ACTUAL_TF
31.1025 0.0365867 -1.6632131 0.6565939 -0.45122419 0.74394542 -0.43192805 -0.23744494 0.003319 1789364034.298529387 102.279 82.294 0.011 0.00000 -1 ACTUAL_TF
31.1596 0.0365895 -1.6630094 0.6566019 -0.45122971 0.74393654 -0.43193452 -0.23745050 0.003418 1789364034.354424715 102.483 82.091 0.006 0.00000 -1 ACTUAL_TF
31.2202 0.0365847 -1.6628075 0.6566092 -0.45122164 0.74393693 -0.43194228 -0.23745049 0.003465 1789364034.410941601 102.685 81.889 0.010 0.00000 -1 ACTUAL_TF
31.2694 0.0365724 -1.6626242 0.6566149 -0.45122032 0.74393584 -0.43194340 -0.23745440 0.003420 1789364034.466411352 102.868 81.705 0.016 0.00000 -1 ACTUAL_TF
31.3291 0.0365552 -1.6624092 0.6566143 -0.45122409 0.74393552 -0.43193855 -0.23745707 0.003549 1789364034.522422552 103.084 81.490 0.022 0.00000 -1 ACTUAL_TF
31.3875 0.0365529 -1.6622266 0.6566168 -0.45122559 0.74393608 -0.43193721 -0.23745489 0.003464 1789364034.578359365 103.266 81.307 0.019 0.00000 -1 ACTUAL_TF
31.4364 0.0365437 -1.6620087 0.6566181 -0.45122682 0.74394182 -0.43192847 -0.23745047 0.003592 1789364034.634441137 103.485 81.089 0.021 0.00000 -1 ACTUAL_TF
31.4957 0.0365422 -1.6618487 0.6566254 -0.45122275 0.74393947 -0.43193507 -0.23745354 0.003372 1789364034.690414429 103.645 80.929 0.022 0.00000 -1 ACTUAL_TF
31.5448 0.0365496 -1.6616247 0.6566303 -0.45122569 0.74394070 -0.43193384 -0.23744634 0.003563 1789364034.746341944 103.868 80.705 0.016 0.00000 -1 ACTUAL_TF
31.6038 0.0365381 -1.6614346 0.6566235 -0.45123107 0.74394435 -0.43192285 -0.23744467 0.003515 1789364034.802352667 104.059 80.515 0.011 0.00000 -1 ACTUAL_TF
31.6591 0.0365397 -1.6612295 0.6566341 -0.45122590 0.74394299 -0.43193068 -0.23744452 0.003560 1789364034.858371258 104.264 80.310 0.015 0.00000 -1 ACTUAL_TF
31.7145 0.0365388 -1.6610186 0.6566355 -0.45123023 0.74394139 -0.43192903 -0.23744432 0.003619 1789364034.914532423 104.474 80.099 0.014 0.00000 -1 ACTUAL_TF
31.7713 0.0365274 -1.6608270 0.6566341 -0.45123516 0.74394300 -0.43192170 -0.23744324 0.003565 1789364034.970331192 104.666 79.907 0.010 0.00000 -1 ACTUAL_TF
31.8303 0.0365315 -1.6606234 0.6566372 -0.45123435 0.74394354 -0.43192323 -0.23744031 0.003587 1789364035.026292562 104.870 79.704 0.013 0.00000 -1 ACTUAL_TF
31.8802 0.0365238 -1.6604348 0.6566319 -0.45123357 0.74394975 -0.43191643 -0.23743470 0.003523 1789364035.082265139 105.058 79.515 0.007 0.00000 -1 ACTUAL_TF
31.9386 0.0365154 -1.6602344 0.6566408 -0.45123362 0.74394411 -0.43192296 -0.23744040 0.003542 1789364035.138279200 105.259 79.314 0.010 0.00000 -1 ACTUAL_TF
31.9981 0.0365010 -1.6600454 0.6566343 -0.45123344 0.74395110 -0.43191290 -0.23743713 0.003492 1789364035.194438219 105.448 79.125 0.006 0.00000 -1 ACTUAL_TF
32.0563 0.0364895 -1.6598279 0.6566331 -0.45123238 0.74395481 -0.43190849 -0.23743553 0.003615 1789364035.250263214 105.666 78.907 0.012 0.00000 -1 ACTUAL_TF
32.1027 0.0364873 -1.6596196 0.6566362 -0.45122910 0.74395667 -0.43191052 -0.23743227 0.003644 1789364035.306410551 105.874 78.699 0.008 0.00000 -1 ACTUAL_TF
32.1725 0.0364905 -1.6594491 0.6566397 -0.45123254 0.74395628 -0.43190908 -0.23742956 0.003465 1789364035.362369299 106.045 78.529 0.002 0.00000 -1 ACTUAL_TF
32.2190 0.0364812 -1.6592233 0.6566407 -0.45123247 0.74395700 -0.43190743 -0.23743044 0.003637 1789364035.418330431 106.271 78.303 0.004 0.00000 -1 ACTUAL_TF
32.2781 0.0364756 -1.6590656 0.6566521 -0.45122434 0.74395371 -0.43191906 -0.23743506 0.003392 1789364035.474390268 106.429 78.145 0.007 0.00000 -1 ACTUAL_TF
32.3359 0.0364683 -1.6588314 0.6566458 -0.45123019 0.74395738 -0.43190965 -0.23742955 0.003630 1789364035.530400753 106.663 77.911 0.005 0.00000 -1 ACTUAL_TF
32.3943 0.0364664 -1.6586756 0.6566598 -0.45121955 0.74395338 -0.43192469 -0.23743492 0.003380 1789364035.586349249 106.819 77.755 0.009 0.00000 -1 ACTUAL_TF
32.4433 0.0364610 -1.6584739 0.6566655 -0.45121679 0.74395282 -0.43192844 -0.23743512 0.003446 1789364035.642402172 107.021 77.553 0.012 0.00000 -1 ACTUAL_TF
32.5003 0.0364599 -1.6583015 0.6566683 -0.45122086 0.74394971 -0.43192897 -0.23743616 0.003337 1789364035.698344946 107.193 77.380 0.013 0.00000 -1 ACTUAL_TF
32.5608 0.0364608 -1.6580973 0.6566788 -0.45121221 0.74394820 -0.43194033 -0.23743664 0.003433 1789364035.754292488 107.397 77.176 0.023 0.00000 -1 ACTUAL_TF
32.6122 0.0364467 -1.6578707 0.6566811 -0.45121045 0.74394881 -0.43194024 -0.23743826 0.003619 1789364035.810281992 107.624 76.949 0.020 0.00000 -1 ACTUAL_TF
32.6688 0.0364431 -1.6576974 0.6566908 -0.45120671 0.74394366 -0.43195062 -0.23744262 0.003462 1789364035.866355896 107.797 76.776 0.028 0.00000 -1 ACTUAL_TF
32.7291 0.0364459 -1.6574867 0.6566966 -0.45120713 0.74394100 -0.43195495 -0.23744227 0.003554 1789364035.922290087 108.008 76.565 0.033 0.00000 -1 ACTUAL_TF
32.7797 0.0364466 -1.6573282 0.6567060 -0.45119556 0.74394207 -0.43196530 -0.23744209 0.003338 1789364035.978358269 108.167 76.407 0.042 0.00000 -1 ACTUAL_TF
32.8403 0.0364438 -1.6571033 0.6567008 -0.45120217 0.74394539 -0.43195617 -0.23743574 0.003542 1789364036.034322500 108.391 76.182 0.037 0.00000 -1 ACTUAL_TF
32.8891 0.0364479 -1.6569242 0.6566989 -0.45120427 0.74394787 -0.43195241 -0.23743080 0.003438 1789364036.090393066 108.570 76.003 0.040 0.00000 -1 ACTUAL_TF
32.9499 0.0364324 -1.6566871 0.6566918 -0.45120792 0.74395391 -0.43194047 -0.23742668 0.003682 1789364036.146341801 108.808 75.766 0.027 0.00000 -1 ACTUAL_TF
33.0011 0.0364302 -1.6564761 0.6566966 -0.45120878 0.74395206 -0.43194247 -0.23742718 0.003708 1789364036.202343225 109.019 75.555 0.032 0.00000 -1 ACTUAL_TF
33.0591 0.0364250 -1.6562822 0.6566884 -0.45121127 0.74395961 -0.43193096 -0.23741976 0.003635 1789364036.258388042 109.213 75.361 0.027 0.00000 -1 ACTUAL_TF
33.1195 0.0364143 -1.6560648 0.6566915 -0.45121327 0.74395807 -0.43193020 -0.23742215 0.003712 1789364036.314295292 109.430 75.143 0.023 0.00000 -1 ACTUAL_TF
33.1705 0.0364119 -1.6559034 0.6566967 -0.45120669 0.74395707 -0.43193766 -0.23742422 0.003463 1789364036.370349646 109.592 74.982 0.027 0.00000 -1 ACTUAL_TF
33.2293 0.0364097 -1.6556954 0.6567017 -0.45121174 0.74395276 -0.43193851 -0.23742659 0.003538 1789364036.426395893 109.800 74.774 0.031 0.00000 -1 ACTUAL_TF
33.2839 0.0364141 -1.6555206 0.6567038 -0.45121353 0.74395211 -0.43193942 -0.23742355 0.003414 1789364036.482379675 109.974 74.599 0.040 0.00000 -1 ACTUAL_TF
33.3362 0.0363924 -1.6552937 0.6567077 -0.45121306 0.74395072 -0.43193925 -0.23742910 0.003612 1789364036.538351297 110.202 74.372 0.026 0.00000 -1 ACTUAL_TF
33.4038 0.0363878 -1.6551071 0.6567036 -0.45121663 0.74395431 -0.43193144 -0.23742530 0.003527 1789364036.594374657 110.388 74.185 0.024 0.00000 -1 ACTUAL_TF
33.4501 0.0363816 -1.6549057 0.6567092 -0.45121293 0.74395205 -0.43193698 -0.23742932 0.003549 1789364036.650366306 110.590 73.984 0.025 0.00000 -1 ACTUAL_TF
33.5108 0.0363742 -1.6546959 0.6567143 -0.45121391 0.74395011 -0.43193810 -0.23743150 0.003610 1789364036.706366777 110.800 73.774 0.025 0.00000 -1 ACTUAL_TF
33.5636 0.0363661 -1.6545273 0.6567167 -0.45120995 0.74395305 -0.43193744 -0.23743102 0.003431 1789364036.762362242 110.969 73.605 0.022 0.00000 -1 ACTUAL_TF
33.6238 0.0363580 -1.6542976 0.6567086 -0.45121290 0.74395851 -0.43192745 -0.23742647 0.003635 1789364036.818306446 111.198 73.375 0.017 0.00000 -1 ACTUAL_TF
33.6798 0.0363546 -1.6541247 0.6567167 -0.45120864 0.74395591 -0.43193480 -0.23742934 0.003471 1789364036.874345541 111.371 73.202 0.020 0.00000 -1 ACTUAL_TF
33.7307 0.0363534 -1.6539291 0.6567296 -0.45119910 0.74395391 -0.43194715 -0.23743127 0.003481 1789364036.930293560 111.567 73.006 0.029 0.00000 -1 ACTUAL_TF
33.7898 0.0363541 -1.6537444 0.6567258 -0.45120812 0.74395429 -0.43193936 -0.23742713 0.003426 1789364036.986326694 111.751 72.822 0.031 0.00000 -1 ACTUAL_TF
33.8428 0.0363430 -1.6535303 0.6567254 -0.45121171 0.74395288 -0.43193615 -0.23743056 0.003546 1789364037.042346716 111.966 72.608 0.025 0.00000 -1 ACTUAL_TF
33.9081 0.0363518 -1.6533410 0.6567374 -0.45120641 0.74394961 -0.43194804 -0.23742922 0.003498 1789364037.098442793 112.155 72.418 0.042 0.00000 -1 ACTUAL_TF
33.9603 0.0363349 -1.6531463 0.6567312 -0.45121028 0.74395167 -0.43193987 -0.23743030 0.003497 1789364037.154426098 112.350 72.223 0.029 0.00000 -1 ACTUAL_TF
34.0126 0.0363309 -1.6529575 0.6567501 -0.45120542 0.74394138 -0.43195710 -0.23744042 0.003465 1789364037.210404158 112.539 72.034 0.039 0.00000 -1 ACTUAL_TF
34.0657 0.0363263 -1.6527901 0.6567635 -0.45120200 0.74393387 -0.43196930 -0.23744828 0.003325 1789364037.266371489 112.707 71.867 0.048 0.00000 -1 ACTUAL_TF
34.1260 0.0363150 -1.6525786 0.6567657 -0.45120470 0.74393083 -0.43196888 -0.23745341 0.003463 1789364037.322375774 112.918 71.655 0.044 0.00000 -1 ACTUAL_TF
34.1869 0.0363051 -1.6523735 0.6567531 -0.45121803 0.74393593 -0.43195032 -0.23744587 0.003526 1789364037.378386497 113.123 71.450 0.030 0.00000 -1 ACTUAL_TF
34.2328 0.0363050 -1.6521909 0.6567659 -0.45121411 0.74392856 -0.43196299 -0.23745337 0.003446 1789364037.434505224 113.306 71.267 0.041 0.00000 -1 ACTUAL_TF
34.2929 0.0362976 -1.6519898 0.6567561 -0.45122368 0.74393041 -0.43195185 -0.23744964 0.003494 1789364037.490395546 113.507 71.066 0.031 0.00000 -1 ACTUAL_TF
34.3496 0.0362811 -1.6517694 0.6567523 -0.45122497 0.74393367 -0.43194450 -0.23745036 0.003631 1789364037.546361208 113.728 70.845 0.019 0.00000 -1 ACTUAL_TF
34.4057 0.0362707 -1.6515310 0.6567422 -0.45122945 0.74394020 -0.43193216 -0.23744381 0.003822 1789364037.602328062 113.966 70.607 0.009 0.00000 -1 ACTUAL_TF
34.4655 0.0362634 -1.6513639 0.6567464 -0.45122653 0.74394133 -0.43193342 -0.23744355 0.003571 1789364037.658364296 114.134 70.440 0.007 0.00000 -1 ACTUAL_TF
34.5289 0.0362522 -1.6511567 0.6567468 -0.45122997 0.74394012 -0.43193058 -0.23744597 0.003610 1789364037.714438438 114.341 70.232 0.001 0.00000 -1 ACTUAL_TF
34.5795 0.0362473 -1.6509827 0.6567443 -0.45122731 0.74394430 -0.43192785 -0.23744287 0.003461 1789364037.770354986 114.515 70.058 0.004 0.00000 -1 ACTUAL_TF
34.6272 0.0362293 -1.6507508 0.6567357 -0.45122972 0.74395107 -0.43191580 -0.23743902 0.003671 1789364037.826305628 114.747 69.826 0.018 0.00000 -1 ACTUAL_TF
34.6880 0.0362180 -1.6505680 0.6567371 -0.45123293 0.74395040 -0.43191294 -0.23744022 0.003550 1789364037.882337332 114.930 69.643 0.023 0.00000 -1 ACTUAL_TF
34.7407 0.0362080 -1.6503394 0.6567334 -0.45123321 0.74395410 -0.43190747 -0.23743804 0.003710 1789364037.938367605 115.159 69.414 0.030 0.00000 -1 ACTUAL_TF
34.7982 0.0361980 -1.6501265 0.6567349 -0.45123236 0.74395431 -0.43190701 -0.23743986 0.003738 1789364037.994413853 115.372 69.201 0.033 0.00000 -1 ACTUAL_TF
34.8588 0.0361930 -1.6499594 0.6567387 -0.45122725 0.74395448 -0.43191144 -0.23744097 0.003512 1789364038.050420761 115.539 69.034 0.032 0.00000 -1 ACTUAL_TF
34.9124 0.0361908 -1.6497489 0.6567424 -0.45123056 0.74395335 -0.43191036 -0.23744017 0.003588 1789364038.106319427 115.750 68.823 0.029 0.00000 -1 ACTUAL_TF
34.9636 0.0361868 -1.6495720 0.6567377 -0.45123211 0.74395715 -0.43190482 -0.23743541 0.003462 1789364038.162235022 115.927 68.647 0.034 0.00000 -1 ACTUAL_TF
35.0193 0.0361782 -1.6493749 0.6567447 -0.45122408 0.74395749 -0.43191108 -0.23743820 0.003478 1789364038.218408585 116.124 68.449 0.032 0.00000 -1 ACTUAL_TF
35.0778 0.0361703 -1.6491864 0.6567408 -0.45122588 0.74395977 -0.43190620 -0.23743651 0.003442 1789364038.274580479 116.313 68.261 0.038 0.00000 -1 ACTUAL_TF
35.1410 0.0361635 -1.6489666 0.6567502 -0.45122497 0.74395543 -0.43191218 -0.23744098 0.003593 1789364038.330379248 116.533 68.041 0.034 0.00000 -1 ACTUAL_TF
35.1948 0.0361566 -1.6487992 0.6567564 -0.45121914 0.74395381 -0.43191923 -0.23744431 0.003413 1789364038.386345148 116.700 67.873 0.033 0.00000 -1 ACTUAL_TF
35.2461 0.0361531 -1.6485955 0.6567622 -0.45122060 0.74394942 -0.43192304 -0.23744836 0.003483 1789364038.442287683 116.904 67.669 0.029 0.00000 -1 ACTUAL_TF
35.3024 0.0361602 -1.6483854 0.6567644 -0.45122483 0.74394660 -0.43192475 -0.23744602 0.003563 1789364038.498355389 117.114 67.459 0.020 0.00000 -1 ACTUAL_TF
35.3570 0.0361655 -1.6482182 0.6567693 -0.45122331 0.74394697 -0.43192674 -0.23744415 0.003391 1789364038.554313183 117.281 67.292 0.013 0.00000 -1 ACTUAL_TF
35.4114 0.0361572 -1.6479859 0.6567703 -0.45122913 0.74394608 -0.43192255 -0.23744349 0.003619 1789364038.610299826 117.513 67.060 0.016 0.00000 -1 ACTUAL_TF
35.4710 0.0361589 -1.6478065 0.6567740 -0.45122758 0.74394394 -0.43192730 -0.23744453 0.003494 1789364038.666351080 117.693 66.881 0.014 0.00000 -1 ACTUAL_TF
35.5248 0.0361509 -1.6476022 0.6567812 -0.45122742 0.74393932 -0.43193281 -0.23744928 0.003543 1789364038.722273827 117.897 66.676 0.009 0.00000 -1 ACTUAL_TF
35.5870 0.0361486 -1.6474399 0.6567886 -0.45122193 0.74393987 -0.43193760 -0.23744924 0.003348 1789364038.778440714 118.060 66.514 0.006 0.00000 -1 ACTUAL_TF
35.6363 0.0361357 -1.6472255 0.6567919 -0.45122225 0.74393817 -0.43193791 -0.23745342 0.003494 1789364038.834479332 118.274 66.299 0.004 0.00000 -1 ACTUAL_TF
35.6882 0.0361406 -1.6470535 0.6567938 -0.45122106 0.74393812 -0.43194130 -0.23744967 0.003368 1789364038.890405655 118.446 66.127 0.008 0.00000 -1 ACTUAL_TF
35.7487 0.0361262 -1.6468405 0.6567949 -0.45121795 0.74394072 -0.43193944 -0.23745080 0.003502 1789364038.946395159 118.659 65.914 0.005 0.00000 -1 ACTUAL_TF
35.8062 0.0361265 -1.6466091 0.6567930 -0.45121920 0.74394601 -0.43193320 -0.23744320 0.003690 1789364039.002438784 118.891 65.683 0.012 0.00000 -1 ACTUAL_TF
35.8641 0.0361249 -1.6464266 0.6567933 -0.45122357 0.74394350 -0.43193321 -0.23744274 0.003561 1789364039.058426619 119.073 65.500 0.015 0.00000 -1 ACTUAL_TF
35.9184 0.0361120 -1.6461827 0.6567752 -0.45123072 0.74395389 -0.43191277 -0.23743379 0.003806 1789364039.114389658 119.317 65.256 0.033 0.00000 -1 ACTUAL_TF
35.9799 0.0361085 -1.6460233 0.6567853 -0.45122706 0.74395108 -0.43191962 -0.23743709 0.003518 1789364039.170457363 119.477 65.097 0.025 0.00000 -1 ACTUAL_TF
36.0300 0.0361046 -1.6457996 0.6567752 -0.45123036 0.74395744 -0.43190953 -0.23742924 0.003663 1789364039.226459026 119.700 64.873 0.039 0.00000 -1 ACTUAL_TF
36.0935 0.0360991 -1.6456382 0.6567845 -0.45122334 0.74395435 -0.43191974 -0.23743370 0.003431 1789364039.282432079 119.862 64.712 0.031 0.00000 -1 ACTUAL_TF
36.1447 0.0360888 -1.6453931 0.6567733 -0.45123346 0.74395954 -0.43190384 -0.23742713 0.003721 1789364039.338258266 120.107 64.466 0.045 0.00000 -1 ACTUAL_TF
36.2025 0.0360816 -1.6451788 0.6567807 -0.45122554 0.74395944 -0.43191147 -0.23742859 0.003748 1789364039.394598722 120.321 64.252 0.040 0.00000 -1 ACTUAL_TF
36.2595 0.0360878 -1.6449935 0.6567821 -0.45123351 0.74395697 -0.43190889 -0.23742591 0.003620 1789364039.450372458 120.506 64.067 0.043 0.00000 -1 ACTUAL_TF
36.3098 0.0360952 -1.6448075 0.6567917 -0.45123005 0.74395367 -0.43191831 -0.23742569 0.003532 1789364039.506442785 120.692 63.881 0.043 0.00000 -1 ACTUAL_TF
36.3634 0.0360817 -1.6446175 0.6567862 -0.45122720 0.74396095 -0.43191052 -0.23742244 0.003491 1789364039.562518835 120.882 63.691 0.046 0.00000 -1 ACTUAL_TF
36.4309 0.0360865 -1.6443965 0.6567863 -0.45123884 0.74395898 -0.43190455 -0.23741737 0.003630 1789364039.618471384 121.103 63.470 0.053 0.00000 -1 ACTUAL_TF
36.4779 0.0360809 -1.6442226 0.6567951 -0.45123104 0.74395955 -0.43191092 -0.23741881 0.003471 1789364039.674627304 121.277 63.296 0.048 0.00000 -1 ACTUAL_TF
36.5370 0.0360736 -1.6440116 0.6568004 -0.45123210 0.74395633 -0.43191335 -0.23742247 0.003567 1789364039.730339527 121.488 63.085 0.045 0.00000 -1 ACTUAL_TF
36.5839 0.0360699 -1.6438196 0.6568156 -0.45122566 0.74395239 -0.43192430 -0.23742715 0.003521 1789364039.786792755 121.681 62.893 0.037 0.00000 -1 ACTUAL_TF
36.6427 0.0360757 -1.6436592 0.6568273 -0.45122742 0.74394519 -0.43193346 -0.23742969 0.003333 1789364039.842362404 121.841 62.732 0.042 0.00000 -1 ACTUAL_TF
36.6993 0.0360623 -1.6434595 0.6568396 -0.45122357 0.74394179 -0.43193964 -0.23743643 0.003409 1789364039.898314476 122.041 62.532 0.032 0.00000 -1 ACTUAL_TF
36.7496 0.0360537 -1.6432784 0.6568448 -0.45122619 0.74393924 -0.43193975 -0.23743921 0.003357 1789364039.954390287 122.223 62.351 0.029 0.00000 -1 ACTUAL_TF
36.8119 0.0360444 -1.6430812 0.6568590 -0.45121652 0.74393490 -0.43195294 -0.23744720 0.003409 1789364040.010442257 122.420 62.153 0.028 0.00000 -1 ACTUAL_TF
36.8764 0.0360358 -1.6428903 0.6568574 -0.45122367 0.74393274 -0.43194833 -0.23744876 0.003405 1789364040.066718578 122.611 61.962 0.024 0.00000 -1 ACTUAL_TF
36.9268 0.0360318 -1.6426838 0.6568645 -0.45121992 0.74393135 -0.43195384 -0.23745023 0.003498 1789364040.122333527 122.818 61.756 0.027 0.00000 -1 ACTUAL_TF
36.9784 0.0360272 -1.6425170 0.6568705 -0.45122304 0.74392545 -0.43195783 -0.23745553 0.003343 1789364040.178356171 122.985 61.589 0.029 0.00000 -1 ACTUAL_TF
37.0429 0.0360151 -1.6423167 0.6568770 -0.45121540 0.74392418 -0.43196535 -0.23746033 0.003414 1789364040.234425545 123.185 61.388 0.027 0.00000 -1 ACTUAL_TF
37.0920 0.0360048 -1.6421125 0.6568819 -0.45121254 0.74392450 -0.43196726 -0.23746130 0.003485 1789364040.290446997 123.390 61.184 0.026 0.00000 -1 ACTUAL_TF
37.1506 0.0359995 -1.6419291 0.6568861 -0.45121257 0.74392464 -0.43196675 -0.23746173 0.003423 1789364040.346406937 123.573 61.000 0.028 0.00000 -1 ACTUAL_TF
37.2021 0.0359903 -1.6416999 0.6568810 -0.45121312 0.74393139 -0.43195779 -0.23745585 0.003627 1789364040.402359009 123.802 60.771 0.020 0.00000 -1 ACTUAL_TF
37.2708 0.0359883 -1.6415121 0.6568775 -0.45121403 0.74393531 -0.43195303 -0.23745046 0.003544 1789364040.458404064 123.990 60.583 0.018 0.00000 -1 ACTUAL_TF
37.3170 0.0359832 -1.6412934 0.6568740 -0.45121617 0.74394017 -0.43194519 -0.23744544 0.003653 1789364040.514399767 124.209 60.364 0.016 0.00000 -1 ACTUAL_TF
37.3817 0.0359853 -1.6411119 0.6568683 -0.45122020 0.74394461 -0.43193726 -0.23743833 0.003533 1789364040.570253611 124.390 60.183 0.023 0.00000 -1 ACTUAL_TF
37.4346 0.0359838 -1.6408917 0.6568672 -0.45122027 0.74394850 -0.43193339 -0.23743302 0.003648 1789364040.626480579 124.610 59.963 0.029 0.00000 -1 ACTUAL_TF
37.4862 0.0359680 -1.6406989 0.6568624 -0.45122200 0.74395287 -0.43192499 -0.23743134 0.003594 1789364040.682257175 124.803 59.770 0.023 0.00000 -1 ACTUAL_TF
37.5411 0.0359672 -1.6404887 0.6568675 -0.45122201 0.74395137 -0.43192760 -0.23743125 0.003639 1789364040.738444090 125.014 59.560 0.026 0.00000 -1 ACTUAL_TF
37.5910 0.0359591 -1.6402595 0.6568662 -0.45122986 0.74395033 -0.43192177 -0.23743021 0.003777 1789364040.794378281 125.243 59.330 0.027 0.00000 -1 ACTUAL_TF
37.6501 0.0359565 -1.6401060 0.6568798 -0.45122084 0.74394864 -0.43193213 -0.23743381 0.003471 1789364040.850312233 125.397 59.177 0.024 0.00000 -1 ACTUAL_TF
37.7078 0.0359446 -1.6398753 0.6568696 -0.45122954 0.74395260 -0.43191805 -0.23743046 0.003665 1789364040.906438112 125.627 58.946 0.025 0.00000 -1 ACTUAL_TF
37.7742 0.0359402 -1.6397002 0.6568713 -0.45123515 0.74394940 -0.43191716 -0.23743145 0.003506 1789364040.962333918 125.803 58.771 0.026 0.00000 -1 ACTUAL_TF
37.8209 0.0359250 -1.6394819 0.6568693 -0.45123289 0.74395576 -0.43191011 -0.23742864 0.003624 1789364041.018442392 126.021 58.552 0.025 0.00000 -1 ACTUAL_TF
37.8789 0.0359219 -1.6393083 0.6568759 -0.45123082 0.74395282 -0.43191562 -0.23743176 0.003468 1789364041.074413061 126.195 58.379 0.022 0.00000 -1 ACTUAL_TF
37.9375 0.0359133 -1.6390907 0.6568728 -0.45123316 0.74395752 -0.43190780 -0.23742682 0.003591 1789364041.130592346 126.413 58.161 0.026 0.00000 -1 ACTUAL_TF
37.9897 0.0358984 -1.6388597 0.6568718 -0.45123694 0.74395886 -0.43190137 -0.23742715 0.003754 1789364041.186556101 126.644 57.930 0.029 0.00000 -1 ACTUAL_TF
38.0402 0.0358860 -1.6386954 0.6568786 -0.45123032 0.74395880 -0.43190594 -0.23743159 0.003514 1789364041.242398977 126.809 57.765 0.025 0.00000 -1 ACTUAL_TF
38.0998 0.0358738 -1.6384887 0.6568820 -0.45122705 0.74396148 -0.43190462 -0.23743180 0.003571 1789364041.298300505 127.015 57.558 0.027 0.00000 -1 ACTUAL_TF
38.1595 0.0358660 -1.6383317 0.6568902 -0.45122084 0.74396019 -0.43191147 -0.23743518 0.003342 1789364041.354366064 127.173 57.401 0.024 0.00000 -1 ACTUAL_TF
38.2140 0.0358529 -1.6381064 0.6568987 -0.45122084 0.74395833 -0.43191357 -0.23743720 0.003548 1789364041.410449743 127.398 57.175 0.026 0.00000 -1 ACTUAL_TF
38.2644 0.0358411 -1.6379505 0.6569104 -0.45121486 0.74395359 -0.43192315 -0.23744601 0.003324 1789364041.466428995 127.555 57.019 0.030 0.00000 -1 ACTUAL_TF
38.3233 0.0358356 -1.6377160 0.6569085 -0.45121913 0.74395570 -0.43191708 -0.23744229 0.003584 1789364041.522381306 127.789 56.784 0.030 0.00000 -1 ACTUAL_TF
38.3823 0.0358318 -1.6375680 0.6569274 -0.45121275 0.74394799 -0.43193195 -0.23745153 0.003308 1789364041.578397989 127.937 56.636 0.031 0.00000 -1 ACTUAL_TF
38.4316 0.0358278 -1.6373562 0.6569308 -0.45121253 0.74394877 -0.43193216 -0.23744913 0.003452 1789364041.634336233 128.149 56.424 0.029 0.00000 -1 ACTUAL_TF
38.4904 0.0358218 -1.6371553 0.6569439 -0.45120985 0.74394231 -0.43194250 -0.23745563 0.003495 1789364041.690349102 128.351 56.223 0.035 0.00000 -1 ACTUAL_TF
38.5519 0.0358172 -1.6369737 0.6569505 -0.45121100 0.74394052 -0.43194407 -0.23745622 0.003419 1789364041.746412039 128.532 56.041 0.037 0.00000 -1 ACTUAL_TF
38.6127 0.0358090 -1.6367668 0.6569568 -0.45120719 0.74393801 -0.43194985 -0.23746080 0.003506 1789364041.802299738 128.739 55.834 0.041 0.00000 -1 ACTUAL_TF
38.6623 0.0358043 -1.6365863 0.6569603 -0.45120710 0.74393699 -0.43195106 -0.23746199 0.003421 1789364041.858297586 128.920 55.653 0.042 0.00000 -1 ACTUAL_TF
38.7278 0.0358079 -1.6363908 0.6569655 -0.45120386 0.74393885 -0.43195325 -0.23745833 0.003439 1789364041.914471149 129.115 55.458 0.039 0.00000 -1 ACTUAL_TF
38.7768 0.0357866 -1.6361919 0.6569570 -0.45121099 0.74394089 -0.43194163 -0.23745953 0.003482 1789364041.970385313 129.315 55.259 0.041 0.00000 -1 ACTUAL_TF
38.8268 0.0357894 -1.6359644 0.6569486 -0.45121716 0.74394872 -0.43192798 -0.23744810 0.003655 1789364042.026495218 129.542 55.032 0.028 0.00000 -1 ACTUAL_TF
38.8870 0.0357919 -1.6357544 0.6569516 -0.45121607 0.74394786 -0.43193109 -0.23744720 0.003686 1789364042.082389116 129.752 54.822 0.021 0.00000 -1 ACTUAL_TF
38.9360 0.0357951 -1.6355579 0.6569431 -0.45122808 0.74395046 -0.43191830 -0.23743951 0.003633 1789364042.138431072 129.948 54.625 0.008 0.00000 -1 ACTUAL_TF
38.9993 0.0357982 -1.6353427 0.6569458 -0.45123401 0.74394855 -0.43191711 -0.23743639 0.003697 1789364042.194375277 130.163 54.410 0.002 0.00000 -1 ACTUAL_TF
39.0497 0.0358019 -1.6351641 0.6569471 -0.45123317 0.74395037 -0.43191705 -0.23743239 0.003544 1789364042.250446796 130.341 54.232 0.010 0.00000 -1 ACTUAL_TF
39.1127 0.0357969 -1.6349550 0.6569492 -0.45123112 0.74395113 -0.43191831 -0.23743162 0.003601 1789364042.306456327 130.551 54.023 0.011 0.00000 -1 ACTUAL_TF
39.1667 0.0357879 -1.6347615 0.6569434 -0.45123251 0.74395788 -0.43190871 -0.23742527 0.003561 1789364042.362344503 130.744 53.829 0.012 0.00000 -1 ACTUAL_TF
39.2231 0.0357854 -1.6345567 0.6569502 -0.45122992 0.74395463 -0.43191521 -0.23742855 0.003590 1789364042.418374300 130.949 53.624 0.012 0.00000 -1 ACTUAL_TF
39.2769 0.0357776 -1.6343620 0.6569467 -0.45123321 0.74395800 -0.43190817 -0.23742456 0.003557 1789364042.474388838 131.144 53.430 0.014 0.00000 -1 ACTUAL_TF
39.3366 0.0357707 -1.6341432 0.6569472 -0.45123214 0.74396248 -0.43190395 -0.23742024 0.003663 1789364042.530381203 131.363 53.211 0.015 0.00000 -1 ACTUAL_TF
39.3934 0.0357722 -1.6339330 0.6569530 -0.45122743 0.74396154 -0.43191063 -0.23741999 0.003689 1789364042.586440325 131.573 53.001 0.019 0.00000 -1 ACTUAL_TF
39.4438 0.0357739 -1.6337572 0.6569535 -0.45122828 0.74396342 -0.43190894 -0.23741552 0.003524 1789364042.642439127 131.748 52.825 0.025 0.00000 -1 ACTUAL_TF
39.5048 0.0357717 -1.6335470 0.6569558 -0.45123052 0.74396161 -0.43190968 -0.23741560 0.003594 1789364042.698431015 131.959 52.615 0.029 0.00000 -1 ACTUAL_TF
39.5538 0.0357563 -1.6333673 0.6569653 -0.45122404 0.74396219 -0.43191350 -0.23741917 0.003484 1789364042.754322290 132.139 52.435 0.017 0.00000 -1 ACTUAL_TF
39.6140 0.0357511 -1.6331638 0.6569727 -0.45122006 0.74395971 -0.43192052 -0.23742171 0.003529 1789364042.810394526 132.342 52.231 0.017 0.00000 -1 ACTUAL_TF
39.6712 0.0357480 -1.6329846 0.6569755 -0.45122327 0.74395790 -0.43192033 -0.23742165 0.003430 1789364042.866454124 132.522 52.052 0.019 0.00000 -1 ACTUAL_TF
39.7314 0.0357392 -1.6327825 0.6569806 -0.45121737 0.74395883 -0.43192387 -0.23742350 0.003488 1789364042.922293186 132.724 51.849 0.017 0.00000 -1 ACTUAL_TF
39.7847 0.0357359 -1.6325777 0.6569947 -0.45121361 0.74395289 -0.43193540 -0.23742829 0.003539 1789364042.978395462 132.929 51.644 0.024 0.00000 -1 ACTUAL_TF
39.8358 0.0357392 -1.6324002 0.6569959 -0.45121344 0.74395198 -0.43193851 -0.23742578 0.003430 1789364043.034352541 133.106 51.467 0.031 0.00000 -1 ACTUAL_TF
39.8954 0.0357297 -1.6321795 0.6569996 -0.45121191 0.74395104 -0.43194046 -0.23742810 0.003582 1789364043.090426922 133.327 51.246 0.028 0.00000 -1 ACTUAL_TF
39.9504 0.0357280 -1.6320289 0.6570162 -0.45120578 0.74394308 -0.43195596 -0.23743647 0.003310 1789364043.147139788 133.478 51.095 0.040 0.00000 -1 ACTUAL_TF
40.0227 0.0357246 -1.6318241 0.6570262 -0.45120387 0.74393707 -0.43196569 -0.23744125 0.003428 1789364043.202478647 133.683 50.890 0.047 0.00000 -1 ACTUAL_TF
40.0565 0.0357164 -1.6316309 0.6570219 -0.45120915 0.74394040 -0.43195611 -0.23743820 0.003438 1789364043.258359671 133.876 50.697 0.041 0.00000 -1 ACTUAL_TF
40.1233 0.0357120 -1.6314360 0.6570381 -0.45120746 0.74392888 -0.43197139 -0.23744974 0.003454 1789364043.314379692 134.071 50.502 0.052 0.00000 -1 ACTUAL_TF
40.1686 0.0357073 -1.6312573 0.6570311 -0.45121298 0.74393226 -0.43196217 -0.23744542 0.003377 1789364043.370304346 134.250 50.323 0.045 0.00000 -1 ACTUAL_TF
40.2311 0.0356942 -1.6310519 0.6570327 -0.45120583 0.74393730 -0.43196125 -0.23744488 0.003465 1789364043.426393986 134.456 50.118 0.040 0.00000 -1 ACTUAL_TF
40.2914 0.0356863 -1.6308194 0.6570270 -0.45121970 0.74393573 -0.43194993 -0.23744402 0.003674 1789364043.482347488 134.688 49.885 0.032 0.00000 -1 ACTUAL_TF
40.3388 0.0356823 -1.6306479 0.6570280 -0.45122178 0.74393692 -0.43194621 -0.23744311 0.003488 1789364043.538466930 134.860 49.714 0.032 0.00000 -1 ACTUAL_TF
40.4039 0.0356722 -1.6304275 0.6570262 -0.45121952 0.74394200 -0.43194141 -0.23744024 0.003626 1789364043.594370842 135.080 49.493 0.026 0.00000 -1 ACTUAL_TF
40.4579 0.0356647 -1.6302375 0.6570283 -0.45122663 0.74393864 -0.43193834 -0.23744285 0.003555 1789364043.650460243 135.270 49.303 0.025 0.00000 -1 ACTUAL_TF
40.5300 0.0356606 -1.6300292 0.6570310 -0.45122441 0.74394289 -0.43193525 -0.23743935 0.003607 1789364043.706356049 135.479 49.095 0.026 0.00000 -1 ACTUAL_TF
40.5677 0.0356602 -1.6298627 0.6570388 -0.45122308 0.74393724 -0.43194443 -0.23744288 0.003417 1789364043.762367249 135.645 48.928 0.033 0.00000 -1 ACTUAL_TF
40.6188 0.0356451 -1.6296265 0.6570308 -0.45122699 0.74394383 -0.43193185 -0.23743768 0.003659 1789364043.818457603 135.882 48.692 0.019 0.00000 -1 ACTUAL_TF
40.6882 0.0356366 -1.6294077 0.6570280 -0.45122928 0.74394732 -0.43192530 -0.23743432 0.003734 1789364043.874491453 136.101 48.473 0.014 0.00000 -1 ACTUAL_TF
40.7362 0.0356287 -1.6292437 0.6570336 -0.45122153 0.74394782 -0.43193133 -0.23743650 0.003495 1789364043.930396080 136.265 48.309 0.014 0.00000 -1 ACTUAL_TF
40.8030 0.0356189 -1.6290237 0.6570295 -0.45122298 0.74395292 -0.43192289 -0.23743312 0.003626 1789364043.986418486 136.485 48.088 0.007 0.00000 -1 ACTUAL_TF
40.8502 0.0356102 -1.6288289 0.6570228 -0.45122573 0.74395764 -0.43191412 -0.23742908 0.003584 1789364044.042395592 136.680 47.894 0.004 0.00000 -1 ACTUAL_TF
40.9002 0.0356044 -1.6286042 0.6570170 -0.45122569 0.74396239 -0.43190897 -0.23742363 0.003715 1789364044.098295212 136.905 47.669 0.012 0.00000 -1 ACTUAL_TF
40.9625 0.0356063 -1.6284261 0.6570232 -0.45123365 0.74395541 -0.43191087 -0.23742692 0.003553 1789364044.154469252 137.083 47.491 0.012 0.00000 -1 ACTUAL_TF
41.0145 0.0355953 -1.6282097 0.6570211 -0.45123331 0.74395712 -0.43190803 -0.23742736 0.003653 1789364044.210214376 137.299 47.274 0.014 0.00000 -1 ACTUAL_TF
41.0669 0.0355961 -1.6280564 0.6570353 -0.45122892 0.74394797 -0.43192387 -0.23743557 0.003380 1789364044.266330004 137.453 47.121 0.009 0.00000 -1 ACTUAL_TF
41.1261 0.0355833 -1.6278358 0.6570364 -0.45123169 0.74394771 -0.43192082 -0.23743668 0.003549 1789364044.322386265 137.673 46.900 0.004 0.00000 -1 ACTUAL_TF
41.1769 0.0355818 -1.6276200 0.6570369 -0.45123456 0.74394526 -0.43192218 -0.23743640 0.003640 1789364044.378396511 137.889 46.684 0.009 0.00000 -1 ACTUAL_TF
41.2393 0.0355742 -1.6274409 0.6570396 -0.45123564 0.74394572 -0.43192069 -0.23743565 0.003511 1789364044.434218168 138.068 46.505 0.006 0.00000 -1 ACTUAL_TF
41.2899 0.0355661 -1.6272373 0.6570439 -0.45122963 0.74394556 -0.43192539 -0.23743898 0.003547 1789364044.490365505 138.272 46.301 0.004 0.00000 -1 ACTUAL_TF
41.3469 0.0355585 -1.6270512 0.6570423 -0.45123426 0.74394481 -0.43192202 -0.23743868 0.003481 1789364044.546370029 138.458 46.115 0.007 0.00000 -1 ACTUAL_TF
41.4075 0.0355505 -1.6268393 0.6570522 -0.45122935 0.74394152 -0.43193044 -0.23744302 0.003578 1789364044.602179050 138.671 45.903 0.002 0.00000 -1 ACTUAL_TF
41.4582 0.0355431 -1.6266784 0.6570625 -0.45122400 0.74393955 -0.43193723 -0.23744701 0.003365 1789364044.658393145 138.832 45.742 0.010 0.00000 -1 ACTUAL_TF
41.5205 0.0355483 -1.6264859 0.6570775 -0.45121729 0.74393332 -0.43195281 -0.23745093 0.003389 1789364044.714472771 139.024 45.549 0.022 0.00000 -1 ACTUAL_TF
41.5730 0.0355358 -1.6263108 0.6570787 -0.45121350 0.74393559 -0.43195233 -0.23745190 0.003315 1789364044.770336151 139.200 45.374 0.020 0.00000 -1 ACTUAL_TF
41.6352 0.0355239 -1.6261032 0.6570870 -0.45120712 0.74393782 -0.43195462 -0.23745285 0.003436 1789364044.826310635 139.408 45.166 0.027 0.00000 -1 ACTUAL_TF
41.6855 0.0355147 -1.6258872 0.6570831 -0.45120625 0.74394207 -0.43194958 -0.23745036 0.003562 1789364044.882373810 139.624 44.950 0.022 0.00000 -1 ACTUAL_TF
41.7549 0.0355056 -1.6256916 0.6570776 -0.45121275 0.74394677 -0.43193718 -0.23744586 0.003543 1789364044.938360453 139.819 44.754 0.018 0.00000 -1 ACTUAL_TF
41.7977 0.0354992 -1.6254784 0.6570738 -0.45120885 0.74395294 -0.43193320 -0.23744117 0.003622 1789364044.994385242 140.033 44.541 0.015 0.00000 -1 ACTUAL_TF
41.8526 0.0354946 -1.6253182 0.6570814 -0.45120323 0.74395105 -0.43194008 -0.23744524 0.003397 1789364045.050260782 140.193 44.380 0.017 0.00000 -1 ACTUAL_TF
41.9172 0.0354980 -1.6251033 0.6570856 -0.45120319 0.74395042 -0.43194256 -0.23744280 0.003526 1789364045.106451750 140.408 44.166 0.013 0.00000 -1 ACTUAL_TF
41.9662 0.0354856 -1.6249138 0.6570766 -0.45120719 0.74395443 -0.43193258 -0.23744078 0.003487 1789364045.162437916 140.597 43.976 0.011 0.00000 -1 ACTUAL_TF
42.0303 0.0354808 -1.6246995 0.6570814 -0.45120767 0.74395002 -0.43193772 -0.23744433 0.003590 1789364045.218418598 140.812 43.762 0.010 0.00000 -1 ACTUAL_TF
42.0856 0.0354758 -1.6244880 0.6570869 -0.45120437 0.74395030 -0.43194072 -0.23744429 0.003645 1789364045.274525642 141.023 43.550 0.010 0.00000 -1 ACTUAL_TF
42.1432 0.0354741 -1.6242913 0.6570810 -0.45121138 0.74395239 -0.43193235 -0.23743964 0.003608 1789364045.330383301 141.220 43.353 0.005 0.00000 -1 ACTUAL_TF
42.1921 0.0354727 -1.6240899 0.6570835 -0.45121740 0.74394720 -0.43193368 -0.23744203 0.003600 1789364045.386586905 141.421 43.152 0.003 0.00000 -1 ACTUAL_TF
42.2449 0.0354694 -1.6239056 0.6570851 -0.45121415 0.74394899 -0.43193467 -0.23744080 0.003511 1789364045.442394733 141.606 42.968 0.004 0.00000 -1 ACTUAL_TF
42.3099 0.0354635 -1.6236732 0.6570804 -0.45122324 0.74394799 -0.43192739 -0.23743989 0.003705 1789364045.498353720 141.838 42.735 0.011 0.00000 -1 ACTUAL_TF
42.3506 0.0354655 -1.6235087 0.6570857 -0.45121889 0.74394757 -0.43193314 -0.23743903 0.003475 1789364045.554316282 142.002 42.571 0.012 0.00000 -1 ACTUAL_TF
42.4128 0.0354657 -1.6232841 0.6570843 -0.45122877 0.74394626 -0.43192695 -0.23743562 0.003633 1789364045.610449791 142.227 42.347 0.020 0.00000 -1 ACTUAL_TF
42.4733 0.0354720 -1.6231122 0.6570915 -0.45123208 0.74394219 -0.43193059 -0.23743545 0.003467 1789364045.666403532 142.399 42.175 0.028 0.00000 -1 ACTUAL_TF
42.5269 0.0354704 -1.6229013 0.6570988 -0.45123111 0.74393986 -0.43193514 -0.23743631 0.003560 1789364045.722273350 142.610 41.964 0.032 0.00000 -1 ACTUAL_TF
42.5903 0.0354674 -1.6226927 0.6571004 -0.45123251 0.74393842 -0.43193647 -0.23743578 0.003607 1789364045.778414249 142.818 41.755 0.035 0.00000 -1 ACTUAL_TF
42.6377 0.0354525 -1.6225048 0.6570998 -0.45123060 0.74394151 -0.43193258 -0.23743677 0.003536 1789364045.834319353 143.006 41.567 0.026 0.00000 -1 ACTUAL_TF
42.6924 0.0354430 -1.6222793 0.6571047 -0.45123304 0.74393902 -0.43193302 -0.23743913 0.003683 1789364045.890421629 143.232 41.341 0.022 0.00000 -1 ACTUAL_TF
42.7503 0.0354364 -1.6221101 0.6571102 -0.45122763 0.74393909 -0.43193789 -0.23744036 0.003487 1789364045.946327448 143.401 41.172 0.020 0.00000 -1 ACTUAL_TF
42.8117 0.0354300 -1.6219114 0.6571212 -0.45122205 0.74393643 -0.43194619 -0.23744417 0.003508 1789364046.002321959 143.600 40.973 0.021 0.00000 -1 ACTUAL_TF
42.8731 0.0354337 -1.6217541 0.6571306 -0.45122025 0.74393120 -0.43195604 -0.23744609 0.003289 1789364046.059039116 143.758 40.816 0.032 0.00000 -1 ACTUAL_TF
42.9220 0.0354348 -1.6215501 0.6571374 -0.45121674 0.74392829 -0.43196409 -0.23744722 0.003407 1789364046.114460707 143.962 40.612 0.040 0.00000 -1 ACTUAL_TF
42.9857 0.0354215 -1.6213242 0.6571413 -0.45121702 0.74392822 -0.43196309 -0.23744870 0.003597 1789364046.170492887 144.188 40.386 0.035 0.00000 -1 ACTUAL_TF
43.0370 0.0354092 -1.6211393 0.6571409 -0.45121477 0.74393161 -0.43196018 -0.23744769 0.003496 1789364046.227284193 144.373 40.200 0.027 0.00000 -1 ACTUAL_TF
43.0901 0.0354059 -1.6209284 0.6571449 -0.45121252 0.74393340 -0.43196068 -0.23744545 0.003580 1789364046.283193588 144.584 39.989 0.030 0.00000 -1 ACTUAL_TF
43.1385 0.0354008 -1.6207598 0.6571459 -0.45120873 0.74393698 -0.43195928 -0.23744395 0.003421 1789364046.338463306 144.753 39.821 0.029 0.00000 -1 ACTUAL_TF
43.2028 0.0353955 -1.6205447 0.6571420 -0.45120830 0.74394204 -0.43195307 -0.23744020 0.003550 1789364046.394377708 144.968 39.606 0.027 0.00000 -1 ACTUAL_TF
43.2512 0.0354016 -1.6203642 0.6571407 -0.45121014 0.74394422 -0.43195074 -0.23743413 0.003455 1789364046.450242281 145.148 39.425 0.036 0.00000 -1 ACTUAL_TF
43.3118 0.0353853 -1.6201311 0.6571368 -0.45121119 0.74394800 -0.43194331 -0.23743379 0.003664 1789364046.506534338 145.381 39.192 0.026 0.00000 -1 ACTUAL_TF
43.3630 0.0353833 -1.6199476 0.6571387 -0.45121629 0.74394810 -0.43193903 -0.23743156 0.003551 1789364046.562364101 145.565 39.009 0.029 0.00000 -1 ACTUAL_TF
43.4221 0.0353859 -1.6197323 0.6571388 -0.45121039 0.74395313 -0.43194094 -0.23742357 0.003637 1789364046.618451595 145.780 38.793 0.038 0.00000 -1 ACTUAL_TF
43.4790 0.0353780 -1.6195189 0.6571441 -0.45122048 0.74394629 -0.43193853 -0.23743020 0.003693 1789364046.674325943 145.994 38.580 0.036 0.00000 -1 ACTUAL_TF
43.5327 0.0353766 -1.6193518 0.6571503 -0.45121933 0.74394374 -0.43194332 -0.23743168 0.003479 1789364046.730430841 146.161 38.413 0.040 0.00000 -1 ACTUAL_TF
43.5879 0.0353633 -1.6191344 0.6571490 -0.45122133 0.74394503 -0.43193862 -0.23743238 0.003602 1789364046.786436081 146.378 38.195 0.033 0.00000 -1 ACTUAL_TF
43.6429 0.0353587 -1.6189674 0.6571516 -0.45121985 0.74394603 -0.43193875 -0.23743180 0.003418 1789364046.842337608 146.545 38.028 0.033 0.00000 -1 ACTUAL_TF
43.7071 0.0353491 -1.6187449 0.6571572 -0.45122081 0.74394454 -0.43193890 -0.23743440 0.003585 1789364046.898358583 146.768 37.805 0.030 0.00000 -1 ACTUAL_TF
43.7563 0.0353305 -1.6185429 0.6571500 -0.45122964 0.74394748 -0.43192557 -0.23743265 0.003595 1789364046.954473734 146.970 37.603 0.018 0.00000 -1 ACTUAL_TF
43.8120 0.0353236 -1.6183289 0.6571502 -0.45123092 0.74394815 -0.43192342 -0.23743201 0.003667 1789364047.010308266 147.185 37.389 0.018 0.00000 -1 ACTUAL_TF
43.8695 0.0353117 -1.6181600 0.6571529 -0.45122679 0.74395071 -0.43192245 -0.23743361 0.003475 1789364047.066259146 147.354 37.220 0.012 0.00000 -1 ACTUAL_TF
43.9259 0.0353040 -1.6179570 0.6571629 -0.45122696 0.74394328 -0.43193095 -0.23744109 0.003522 1789364047.122273207 147.557 37.016 0.007 0.00000 -1 ACTUAL_TF
43.9919 0.0352937 -1.6177444 0.6571677 -0.45122364 0.74394561 -0.43193080 -0.23744039 0.003606 1789364047.178287506 147.770 36.804 0.003 0.00000 -1 ACTUAL_TF
44.0383 0.0352846 -1.6175650 0.6571766 -0.45121846 0.74394300 -0.43193876 -0.23744394 0.003485 1789364047.234448671 147.950 36.624 0.008 0.00000 -1 ACTUAL_TF
44.1010 0.0352754 -1.6173568 0.6571825 -0.45121571 0.74394395 -0.43193977 -0.23744436 0.003532 1789364047.291689873 148.158 36.415 0.012 0.00000 -1 ACTUAL_TF
44.1500 0.0352651 -1.6171710 0.6571830 -0.45121928 0.74394375 -0.43193602 -0.23744502 0.003491 1789364047.346497297 148.344 36.229 0.013 0.00000 -1 ACTUAL_TF
44.2105 0.0352618 -1.6169686 0.6571883 -0.45121816 0.74394160 -0.43194007 -0.23744652 0.003529 1789364047.402503014 148.546 36.027 0.014 0.00000 -1 ACTUAL_TF
44.2636 0.0352607 -1.6168069 0.6571998 -0.45121373 0.74393668 -0.43195102 -0.23745042 0.003340 1789364047.458414316 148.708 35.865 0.022 0.00000 -1 ACTUAL_TF
44.3133 0.0352552 -1.6165823 0.6571945 -0.45122051 0.74393932 -0.43194161 -0.23744638 0.003539 1789364047.514510393 148.933 35.641 0.014 0.00000 -1 ACTUAL_TF
44.3762 0.0352482 -1.6163585 0.6572030 -0.45122247 0.74393492 -0.43194496 -0.23745035 0.003679 1789364047.570485592 149.157 35.417 0.020 0.00000 -1 ACTUAL_TF
44.4399 0.0352530 -1.6161992 0.6572121 -0.45122257 0.74392958 -0.43195290 -0.23745246 0.003431 1789364047.626457691 149.316 35.257 0.028 0.00000 -1 ACTUAL_TF
44.4864 0.0352460 -1.6159939 0.6572177 -0.45122171 0.74392718 -0.43195591 -0.23745614 0.003503 1789364047.682404757 149.521 35.052 0.030 0.00000 -1 ACTUAL_TF
44.5422 0.0352413 -1.6158060 0.6572148 -0.45122947 0.74392775 -0.43194809 -0.23745381 0.003456 1789364047.738575697 149.709 34.864 0.025 0.00000 -1 ACTUAL_TF
44.6012 0.0352394 -1.6156010 0.6572156 -0.45123019 0.74392893 -0.43194660 -0.23745146 0.003522 1789364047.794358730 149.914 34.659 0.025 0.00000 -1 ACTUAL_TF
44.6514 0.0352237 -1.6154081 0.6572048 -0.45123599 0.74393499 -0.43193152 -0.23744888 0.003503 1789364047.850408316 150.107 34.466 0.009 0.00000 -1 ACTUAL_TF
44.7120 0.0352156 -1.6151888 0.6572009 -0.45124075 0.74393788 -0.43192321 -0.23744590 0.003629 1789364047.906366110 150.327 34.246 0.003 0.00000 -1 ACTUAL_TF
44.7602 0.0352098 -1.6150103 0.6572091 -0.45123722 0.74393539 -0.43192949 -0.23744899 0.003496 1789364047.962465048 150.506 34.068 0.009 0.00000 -1 ACTUAL_TF
44.8203 0.0352057 -1.6147899 0.6572053 -0.45124070 0.74393906 -0.43192166 -0.23744513 0.003629 1789364048.018463373 150.726 33.847 0.002 0.00000 -1 ACTUAL_TF
44.8720 0.0351965 -1.6145672 0.6571997 -0.45123561 0.74394667 -0.43191670 -0.23743998 0.003737 1789364048.074338436 150.949 33.625 0.007 0.00000 -1 ACTUAL_TF
44.9330 0.0351971 -1.6144121 0.6572090 -0.45123833 0.74393976 -0.43192309 -0.23744482 0.003448 1789364048.130311251 151.104 33.470 0.002 0.00000 -1 ACTUAL_TF
44.9895 0.0351905 -1.6141956 0.6572078 -0.45123793 0.74394356 -0.43191903 -0.23744105 0.003574 1789364048.186350346 151.320 33.253 0.003 0.00000 -1 ACTUAL_TF
45.0444 0.0351729 -1.6140035 0.6572035 -0.45123765 0.74394768 -0.43191218 -0.23744115 0.003536 1789364048.242289543 151.513 33.061 0.014 0.00000 -1 ACTUAL_TF
45.1021 0.0351585 -1.6137709 0.6572048 -0.45123774 0.74394858 -0.43190986 -0.23744239 0.003723 1789364048.298351288 151.746 32.828 0.021 0.00000 -1 ACTUAL_TF
45.1633 0.0351551 -1.6136166 0.6572169 -0.45122846 0.74394670 -0.43192072 -0.23744618 0.003433 1789364048.354507446 151.900 32.673 0.017 0.00000 -1 ACTUAL_TF
45.2127 0.0351480 -1.6134027 0.6572182 -0.45123009 0.74394708 -0.43191870 -0.23744552 0.003551 1789364048.410429955 152.114 32.459 0.018 0.00000 -1 ACTUAL_TF
45.2715 0.0351431 -1.6131852 0.6572172 -0.45123254 0.74394914 -0.43191376 -0.23744340 0.003652 1789364048.466380358 152.332 32.242 0.018 0.00000 -1 ACTUAL_TF
45.3212 0.0351436 -1.6130116 0.6572221 -0.45123281 0.74394781 -0.43191638 -0.23744231 0.003486 1789364048.522423983 152.505 32.068 0.012 0.00000 -1 ACTUAL_TF
45.3853 0.0351388 -1.6128060 0.6572310 -0.45122428 0.74394777 -0.43192523 -0.23744255 0.003541 1789364048.578528166 152.711 31.862 0.010 0.00000 -1 ACTUAL_TF
45.4405 0.0351312 -1.6126350 0.6572432 -0.45122327 0.74394049 -0.43193381 -0.23745165 0.003402 1789364048.634325743 152.882 31.691 0.018 0.00000 -1 ACTUAL_TF
45.4948 0.0351279 -1.6124099 0.6572448 -0.45122564 0.74394023 -0.43193299 -0.23744948 0.003574 1789364048.690908432 153.107 31.466 0.015 0.00000 -1 ACTUAL_TF
45.5520 0.0351255 -1.6122514 0.6572553 -0.45121786 0.74393614 -0.43194546 -0.23745438 0.003358 1789364048.746620417 153.266 31.307 0.022 0.00000 -1 ACTUAL_TF
45.6050 0.0351140 -1.6120358 0.6572607 -0.45121842 0.74393372 -0.43194735 -0.23745747 0.003512 1789364048.802403450 153.482 31.091 0.026 0.00000 -1 ACTUAL_TF
45.6613 0.0351188 -1.6118581 0.6572590 -0.45122160 0.74393392 -0.43194604 -0.23745318 0.003409 1789364048.858500004 153.659 30.914 0.019 0.00000 -1 ACTUAL_TF
45.7167 0.0351212 -1.6116573 0.6572741 -0.45121628 0.74392645 -0.43196210 -0.23745749 0.003469 1789364048.914298058 153.860 30.713 0.032 0.00000 -1 ACTUAL_TF
45.7672 0.0351162 -1.6114244 0.6572688 -0.45122025 0.74393171 -0.43195227 -0.23745135 0.003674 1789364048.970417023 154.093 30.480 0.024 0.00000 -1 ACTUAL_TF
45.8288 0.0351157 -1.6112487 0.6572771 -0.45121595 0.74392746 -0.43196238 -0.23745441 0.003495 1789364049.027552366 154.269 30.305 0.032 0.00000 -1 ACTUAL_TF
45.8873 0.0351122 -1.6110329 0.6572779 -0.45121372 0.74393120 -0.43196032 -0.23745069 0.003626 1789364049.082484961 154.485 30.089 0.031 0.00000 -1 ACTUAL_TF
45.9530 0.0351096 -1.6108703 0.6572892 -0.45120979 0.74392700 -0.43196983 -0.23745400 0.003409 1789364049.138657331 154.647 29.926 0.040 0.00000 -1 ACTUAL_TF
45.9954 0.0351068 -1.6106483 0.6572808 -0.45121027 0.74393463 -0.43196051 -0.23744614 0.003581 1789364049.194428682 154.869 29.704 0.033 0.00000 -1 ACTUAL_TF
46.0610 0.0351127 -1.6104827 0.6572825 -0.45121225 0.74393579 -0.43195904 -0.23744142 0.003394 1789364049.250428200 155.035 29.539 0.040 0.00000 -1 ACTUAL_TF
46.1127 0.0351002 -1.6102436 0.6572763 -0.45121021 0.74394564 -0.43194787 -0.23743478 0.003657 1789364049.306533098 155.274 29.300 0.030 0.00000 -1 ACTUAL_TF
46.1674 0.0350909 -1.6100256 0.6572731 -0.45120739 0.74395078 -0.43194369 -0.23743164 0.003732 1789364049.362411022 155.492 29.081 0.024 0.00000 -1 ACTUAL_TF
46.2242 0.0350850 -1.6098352 0.6572689 -0.45121051 0.74395633 -0.43193382 -0.23742628 0.003632 1789364049.418426275 155.682 28.891 0.022 0.00000 -1 ACTUAL_TF
46.2924 0.0350898 -1.6096408 0.6572715 -0.45120961 0.74395523 -0.43193717 -0.23742532 0.003583 1789364049.474510908 155.877 28.697 0.032 0.00000 -1 ACTUAL_TF
46.3297 0.0350766 -1.6094635 0.6572771 -0.45120477 0.74395685 -0.43193844 -0.23742714 0.003462 1789364049.530461073 156.054 28.519 0.025 0.00000 -1 ACTUAL_TF
46.3881 0.0350695 -1.6092374 0.6572704 -0.45120927 0.74396071 -0.43192978 -0.23742225 0.003635 1789364049.586512327 156.280 28.293 0.023 0.00000 -1 ACTUAL_TF
46.4473 0.0350610 -1.6090713 0.6572766 -0.45120250 0.74396031 -0.43193587 -0.23742527 0.003437 1789364049.642451763 156.447 28.127 0.020 0.00000 -1 ACTUAL_TF
46.5132 0.0350557 -1.6088414 0.6572744 -0.45120397 0.74396487 -0.43192933 -0.23742011 0.003637 1789364049.698487520 156.677 27.897 0.021 0.00000 -1 ACTUAL_TF
46.5636 0.0350502 -1.6086692 0.6572837 -0.45120315 0.74396079 -0.43193430 -0.23742539 0.003469 1789364049.754570484 156.849 27.724 0.021 0.00000 -1 ACTUAL_TF
46.6201 0.0350441 -1.6084524 0.6572820 -0.45119568 0.74396767 -0.43193376 -0.23741903 0.003592 1789364049.810477495 157.066 27.507 0.021 0.00000 -1 ACTUAL_TF
46.6773 0.0350428 -1.6082442 0.6572813 -0.45120808 0.74396154 -0.43192948 -0.23742245 0.003633 1789364049.866339445 157.274 27.299 0.026 0.00000 -1 ACTUAL_TF
46.7380 0.0350301 -1.6080555 0.6572793 -0.45120439 0.74396668 -0.43192510 -0.23742132 0.003555 1789364049.922381878 157.463 27.110 0.020 0.00000 -1 ACTUAL_TF
46.7887 0.0350316 -1.6078576 0.6572873 -0.45119941 0.74396346 -0.43193541 -0.23742212 0.003549 1789364049.978388071 157.661 26.913 0.025 0.00000 -1 ACTUAL_TF
46.8408 0.0350282 -1.6076732 0.6572896 -0.45120736 0.74396055 -0.43193154 -0.23742320 0.003470 1789364050.034532309 157.845 26.728 0.027 0.00000 -1 ACTUAL_TF
46.8921 0.0350211 -1.6074688 0.6572990 -0.45119418 0.74396101 -0.43194357 -0.23742491 0.003530 1789364050.090346575 158.050 26.524 0.026 0.00000 -1 ACTUAL_TF
46.9507 0.0350086 -1.6072736 0.6572947 -0.45120726 0.74395800 -0.43193397 -0.23742691 0.003516 1789364050.146517277 158.245 26.328 0.019 0.00000 -1 ACTUAL_TF
47.0094 0.0350083 -1.6070775 0.6573015 -0.45120672 0.74395328 -0.43194071 -0.23743046 0.003517 1789364050.202282429 158.441 26.132 0.024 0.00000 -1 ACTUAL_TF
47.0628 0.0349916 -1.6068924 0.6573003 -0.45120758 0.74395792 -0.43193161 -0.23743085 0.003456 1789364050.258369207 158.627 25.946 0.013 0.00000 -1 ACTUAL_TF
47.1173 0.0349809 -1.6066813 0.6573039 -0.45120950 0.74395467 -0.43193331 -0.23743431 0.003550 1789364050.314458132 158.838 25.735 0.008 0.00000 -1 ACTUAL_TF
47.1718 0.0349769 -1.6064801 0.6573146 -0.45120565 0.74394845 -0.43194478 -0.23744024 0.003564 1789364050.370451212 159.040 25.534 0.012 0.00000 -1 ACTUAL_TF
47.2260 0.0349667 -1.6062988 0.6573228 -0.45119813 0.74394700 -0.43195271 -0.23744467 0.003470 1789364050.426391125 159.221 25.352 0.014 0.00000 -1 ACTUAL_TF
47.2868 0.0349588 -1.6060852 0.6573251 -0.45120221 0.74394353 -0.43195255 -0.23744805 0.003574 1789364050.482389688 159.435 25.138 0.013 0.00000 -1 ACTUAL_TF
47.3375 0.0349619 -1.6059220 0.6573307 -0.45120102 0.74394091 -0.43195850 -0.23744770 0.003376 1789364050.538439751 159.598 24.975 0.019 0.00000 -1 ACTUAL_TF
47.3989 0.0349548 -1.6057111 0.6573319 -0.45119388 0.74394543 -0.43195972 -0.23744488 0.003494 1789364050.594441414 159.809 24.764 0.018 0.00000 -1 ACTUAL_TF
47.4518 0.0349353 -1.6055211 0.6573280 -0.45119549 0.74394947 -0.43195029 -0.23744632 0.003469 1789364050.650438309 159.999 24.574 0.009 0.00000 -1 ACTUAL_TF
47.5151 0.0349257 -1.6052962 0.6573259 -0.45119478 0.74395314 -0.43194618 -0.23744366 0.003636 1789364050.706353426 160.225 24.349 0.008 0.00000 -1 ACTUAL_TF
47.5640 0.0349247 -1.6050909 0.6573291 -0.45119574 0.74395401 -0.43194475 -0.23744172 0.003645 1789364050.762356281 160.430 24.144 0.005 0.00000 -1 ACTUAL_TF
47.6241 0.0349264 -1.6049010 0.6573266 -0.45119945 0.74395571 -0.43194059 -0.23743691 0.003569 1789364050.818375111 160.620 23.954 0.005 0.00000 -1 ACTUAL_TF
47.6781 0.0349216 -1.6046826 0.6573230 -0.45120698 0.74395571 -0.43193286 -0.23743666 0.003666 1789364050.874488115 160.838 23.736 0.010 0.00000 -1 ACTUAL_TF
47.7396 0.0349242 -1.6045056 0.6573271 -0.45121124 0.74395404 -0.43193262 -0.23743424 0.003513 1789364050.930618048 161.015 23.559 0.015 0.00000 -1 ACTUAL_TF
47.7851 0.0349239 -1.6042818 0.6573227 -0.45122101 0.74395362 -0.43192478 -0.23743124 0.003662 1789364050.986439466 161.238 23.335 0.024 0.00000 -1 ACTUAL_TF
47.8442 0.0349146 -1.6041053 0.6573237 -0.45122267 0.74395347 -0.43192252 -0.23743266 0.003509 1789364051.042517424 161.415 23.158 0.021 0.00000 -1 ACTUAL_TF
47.9005 0.0349126 -1.6038881 0.6573243 -0.45122353 0.74395408 -0.43192180 -0.23743044 0.003622 1789364051.098439217 161.632 22.941 0.026 0.00000 -1 ACTUAL_TF
47.9559 0.0349060 -1.6036503 0.6573196 -0.45123388 0.74395639 -0.43190938 -0.23742614 0.003807 1789364051.154573679 161.870 22.703 0.031 0.00000 -1 ACTUAL_TF
48.0191 0.0349022 -1.6034864 0.6573269 -0.45122997 0.74395424 -0.43191575 -0.23742868 0.003547 1789364051.210367441 162.034 22.539 0.028 0.00000 -1 ACTUAL_TF
48.0713 0.0349004 -1.6032755 0.6573317 -0.45123534 0.74395119 -0.43191494 -0.23742952 0.003611 1789364051.266450167 162.245 22.328 0.030 0.00000 -1 ACTUAL_TF
48.1252 0.0349066 -1.6031181 0.6573375 -0.45123531 0.74394801 -0.43192081 -0.23742885 0.003375 1789364051.322261572 162.402 22.171 0.038 0.00000 -1 ACTUAL_TF
48.1816 0.0348934 -1.6028863 0.6573324 -0.45123921 0.74395203 -0.43191133 -0.23742609 0.003606 1789364051.378301382 162.634 21.939 0.036 0.00000 -1 ACTUAL_TF
48.2364 0.0348847 -1.6027209 0.6573372 -0.45123474 0.74395244 -0.43191426 -0.23742797 0.003411 1789364051.434358597 162.800 21.774 0.031 0.00000 -1 ACTUAL_TF
48.2944 0.0348742 -1.6024990 0.6573425 -0.45123432 0.74395261 -0.43191412 -0.23742852 0.003580 1789364051.490297318 163.022 21.551 0.027 0.00000 -1 ACTUAL_TF
48.3478 0.0348611 -1.6023221 0.6573489 -0.45123447 0.74394879 -0.43191731 -0.23743438 0.003453 1789364051.546522141 163.199 21.374 0.018 0.00000 -1 ACTUAL_TF
48.4065 0.0348439 -1.6021177 0.6573546 -0.45123169 0.74394729 -0.43192026 -0.23743900 0.003515 1789364051.602587223 163.404 21.169 0.008 0.00000 -1 ACTUAL_TF
48.4615 0.0348375 -1.6019102 0.6573568 -0.45122580 0.74395101 -0.43192135 -0.23743654 0.003576 1789364051.658424616 163.612 20.962 0.009 0.00000 -1 ACTUAL_TF
48.5119 0.0348327 -1.6017312 0.6573676 -0.45122859 0.74394453 -0.43192692 -0.23744142 0.003466 1789364051.714322567 163.791 20.782 0.002 0.00000 -1 ACTUAL_TF
48.5823 0.0348200 -1.6015093 0.6573651 -0.45122687 0.74394990 -0.43192118 -0.23743833 0.003615 1789364051.770428658 164.013 20.560 0.006 0.00000 -1 ACTUAL_TF
48.6341 0.0348163 -1.6013577 0.6573836 -0.45121863 0.74394053 -0.43194051 -0.23744819 0.003350 1789364051.826318264 164.165 20.408 0.012 0.00000 -1 ACTUAL_TF
48.6823 0.0348107 -1.6011308 0.6573849 -0.45122435 0.74393796 -0.43193869 -0.23744865 0.003562 1789364051.882300615 164.392 20.181 0.010 0.00000 -1 ACTUAL_TF
48.7423 0.0348013 -1.6009655 0.6573938 -0.45122451 0.74393215 -0.43194406 -0.23745679 0.003381 1789364051.938275337 164.557 20.016 0.018 0.00000 -1 ACTUAL_TF
48.7932 0.0347955 -1.6007468 0.6573927 -0.45122067 0.74393780 -0.43194125 -0.23745148 0.003537 1789364051.994398594 164.776 19.797 0.014 0.00000 -1 ACTUAL_TF
48.8602 0.0347879 -1.6005830 0.6574029 -0.45122024 0.74393122 -0.43194904 -0.23745877 0.003358 1789364052.050233126 164.940 19.633 0.023 0.00000 -1 ACTUAL_TF
48.9112 0.0347819 -1.6003504 0.6574021 -0.45122302 0.74393254 -0.43194549 -0.23745580 0.003593 1789364052.106442928 165.173 19.400 0.019 0.00000 -1 ACTUAL_TF
48.9791 0.0347763 -1.6001394 0.6573997 -0.45122744 0.74393447 -0.43193824 -0.23745456 0.003649 1789364052.162281752 165.384 19.189 0.015 0.00000 -1 ACTUAL_TF
49.0184 0.0347791 -1.5999412 0.6573970 -0.45122936 0.74393817 -0.43193401 -0.23744699 0.003617 1789364052.218215942 165.582 18.991 0.007 0.00000 -1 ACTUAL_TF
49.0781 0.0347811 -1.5997305 0.6573960 -0.45123200 0.74394004 -0.43193057 -0.23744238 0.003660 1789364052.274287939 165.792 18.781 0.009 0.00000 -1 ACTUAL_TF
49.1378 0.0347755 -1.5995463 0.6573955 -0.45123778 0.74393946 -0.43192520 -0.23744296 0.003547 1789364052.330380678 165.977 18.597 0.008 0.00000 -1 ACTUAL_TF
49.1904 0.0347781 -1.5993394 0.6574007 -0.45123261 0.74394052 -0.43193061 -0.23743964 0.003592 1789364052.386404276 166.184 18.390 0.017 0.00000 -1 ACTUAL_TF
49.2507 0.0347766 -1.5991563 0.6574016 -0.45123396 0.74394153 -0.43192903 -0.23743679 0.003497 1789364052.442309141 166.367 18.207 0.020 0.00000 -1 ACTUAL_TF
49.2990 0.0347658 -1.5989375 0.6573998 -0.45123065 0.74394787 -0.43192399 -0.23743237 0.003614 1789364052.498666048 166.586 17.988 0.016 0.00000 -1 ACTUAL_TF
49.3566 0.0347569 -1.5987216 0.6574040 -0.45122805 0.74394825 -0.43192594 -0.23743257 0.003694 1789364052.554382563 166.802 17.772 0.013 0.00000 -1 ACTUAL_TF
49.4129 0.0347598 -1.5985584 0.6574109 -0.45122160 0.74394878 -0.43193285 -0.23743063 0.003461 1789364052.610327005 166.965 17.609 0.021 0.00000 -1 ACTUAL_TF
49.4774 0.0347586 -1.5983516 0.6574126 -0.45121754 0.74395251 -0.43193312 -0.23742613 0.003530 1789364052.666402102 167.172 17.402 0.026 0.00000 -1 ACTUAL_TF
49.5232 0.0347468 -1.5981693 0.6574081 -0.45122103 0.74395440 -0.43192633 -0.23742593 0.003451 1789364052.722338915 167.354 17.219 0.019 0.00000 -1 ACTUAL_TF
49.5850 0.0347375 -1.5979532 0.6574090 -0.45121000 0.74396322 -0.43192561 -0.23742058 0.003576 1789364052.778249979 167.570 17.003 0.017 0.00000 -1 ACTUAL_TF
49.6357 0.0347317 -1.5977647 0.6574077 -0.45122083 0.74396056 -0.43191912 -0.23742013 0.003511 1789364052.834384680 167.759 16.814 0.018 0.00000 -1 ACTUAL_TF
49.6995 0.0347228 -1.5975495 0.6574081 -0.45120743 0.74396857 -0.43192236 -0.23741459 0.003611 1789364052.890403748 167.974 16.599 0.017 0.00000 -1 ACTUAL_TF
49.7467 0.0347136 -1.5973678 0.6574093 -0.45121580 0.74396527 -0.43191768 -0.23741757 0.003504 1789364052.946309090 168.156 16.417 0.016 0.00000 -1 ACTUAL_TF
49.8113 0.0347203 -1.5971949 0.6574305 -0.45119878 0.74395960 -0.43194239 -0.23742271 0.003385 1789364053.002431393 168.329 16.244 0.021 0.00000 -1 ACTUAL_TF
49.8678 0.0347097 -1.5969751 0.6574253 -0.45119959 0.74396680 -0.43193226 -0.23741703 0.003552 1789364053.058262587 168.549 16.024 0.016 0.00000 -1 ACTUAL_TF
49.9229 0.0346985 -1.5967965 0.6574335 -0.45119358 0.74396324 -0.43194131 -0.23742315 0.003442 1789364053.114486456 168.728 15.846 0.011 0.00000 -1 ACTUAL_TF
49.9745 0.0346958 -1.5965828 0.6574358 -0.45119731 0.74396205 -0.43193998 -0.23742221 0.003557 1789364053.170353651 168.942 15.632 0.014 0.00000 -1 ACTUAL_TF
50.0295 0.0346891 -1.5963970 0.6574371 -0.45120438 0.74395950 -0.43193631 -0.23742344 0.003487 1789364053.226305962 169.127 15.446 0.012 0.00000 -1 ACTUAL_TF
50.0901 0.0346876 -1.5961856 0.6574437 -0.45120288 0.74395480 -0.43194416 -0.23742674 0.003570 1789364053.282500505 169.339 15.234 0.018 0.00000 -1 ACTUAL_TF
50.1501 0.0346920 -1.5960217 0.6574511 -0.45120357 0.74395092 -0.43194978 -0.23742736 0.003378 1789364053.338538647 169.503 15.071 0.028 0.00000 -1 ACTUAL_TF
50.1996 0.0346701 -1.5958158 0.6574614 -0.45119943 0.74394448 -0.43195856 -0.23743943 0.003479 1789364053.394343615 169.709 14.864 0.022 0.00000 -1 ACTUAL_TF
50.2556 0.0346661 -1.5955884 0.6574579 -0.45120443 0.74394786 -0.43194994 -0.23743503 0.003653 1789364053.450390816 169.937 14.637 0.018 0.00000 -1 ACTUAL_TF
50.3037 0.0346588 -1.5954275 0.6574646 -0.45120323 0.74394291 -0.43195599 -0.23744181 0.003421 1789364053.506391764 170.098 14.476 0.020 0.00000 -1 ACTUAL_TF
50.3642 0.0346469 -1.5952121 0.6574672 -0.45120705 0.74394158 -0.43195258 -0.23744490 0.003551 1789364053.562329769 170.313 14.260 0.018 0.00000 -1 ACTUAL_TF
50.4205 0.0346394 -1.5950106 0.6574564 -0.45121733 0.74394564 -0.43193848 -0.23743832 0.003567 1789364053.618382692 170.515 14.058 0.005 0.00000 -1 ACTUAL_TF
50.4794 0.0346314 -1.5947927 0.6574578 -0.45121885 0.74394683 -0.43193447 -0.23743899 0.003661 1789364053.674548626 170.733 13.840 0.003 0.00000 -1 ACTUAL_TF
50.5392 0.0346340 -1.5946202 0.6574562 -0.45121817 0.74394918 -0.43193314 -0.23743536 0.003486 1789364053.730604887 170.905 13.668 0.008 0.00000 -1 ACTUAL_TF
50.5895 0.0346204 -1.5944129 0.6574589 -0.45121586 0.74395171 -0.43193103 -0.23743566 0.003558 1789364053.786389828 171.113 13.460 0.001 0.00000 -1 ACTUAL_TF
50.6498 0.0346186 -1.5942285 0.6574616 -0.45121498 0.74395054 -0.43193398 -0.23743563 0.003477 1789364053.842475176 171.297 13.276 0.004 0.00000 -1 ACTUAL_TF
50.7025 0.0346079 -1.5940157 0.6574667 -0.45121939 0.74394668 -0.43193390 -0.23743947 0.003576 1789364053.898425579 171.510 13.063 0.002 0.00000 -1 ACTUAL_TF
50.7559 0.0346067 -1.5938047 0.6574678 -0.45121259 0.74395078 -0.43193617 -0.23743543 0.003634 1789364053.954423904 171.721 12.852 0.004 0.00000 -1 ACTUAL_TF
50.8240 0.0346106 -1.5936238 0.6574690 -0.45121728 0.74394750 -0.43193705 -0.23743520 0.003513 1789364054.010413170 171.902 12.671 0.013 0.00000 -1 ACTUAL_TF
50.8769 0.0346086 -1.5934120 0.6574708 -0.45122275 0.74394635 -0.43193408 -0.23743380 0.003594 1789364054.066425323 172.114 12.460 0.017 0.00000 -1 ACTUAL_TF
50.9279 0.0346211 -1.5932484 0.6574766 -0.45122167 0.74394248 -0.43194240 -0.23743282 0.003397 1789364054.122344971 172.277 12.296 0.035 0.00000 -1 ACTUAL_TF
50.9841 0.0346081 -1.5930075 0.6574711 -0.45123236 0.74394199 -0.43193247 -0.23743213 0.003656 1789364054.178977251 172.518 12.055 0.029 0.00000 -1 ACTUAL_TF
51.0394 0.0346064 -1.5928473 0.6574812 -0.45123097 0.74393721 -0.43193961 -0.23743676 0.003428 1789364054.234382153 172.678 11.895 0.031 0.00000 -1 ACTUAL_TF
51.0935 0.0345979 -1.5926291 0.6574814 -0.45123373 0.74393643 -0.43193735 -0.23743806 0.003570 1789364054.290342808 172.897 11.677 0.029 0.00000 -1 ACTUAL_TF
51.1586 0.0346063 -1.5924626 0.6574838 -0.45123702 0.74393315 -0.43194053 -0.23743630 0.003389 1789364054.346580267 173.063 11.510 0.042 0.00000 -1 ACTUAL_TF
51.2043 0.0345937 -1.5922444 0.6574873 -0.45123433 0.74393563 -0.43193843 -0.23743746 0.003546 1789364054.402444363 173.281 11.292 0.036 0.00000 -1 ACTUAL_TF
51.2695 0.0345814 -1.5920301 0.6574900 -0.45123908 0.74393145 -0.43193821 -0.23744193 0.003632 1789364054.458467960 173.496 11.077 0.030 0.00000 -1 ACTUAL_TF
51.3147 0.0345773 -1.5918486 0.6574892 -0.45124059 0.74393227 -0.43193578 -0.23744094 0.003517 1789364054.514371157 173.678 10.896 0.031 0.00000 -1 ACTUAL_TF
51.3759 0.0345677 -1.5916360 0.6574951 -0.45123664 0.74393344 -0.43193754 -0.23744155 0.003602 1789364054.570371151 173.890 10.683 0.028 0.00000 -1 ACTUAL_TF
51.4426 0.0345696 -1.5914785 0.6575038 -0.45122622 0.74393300 -0.43194887 -0.23744214 0.003363 1789364054.626595259 174.048 10.526 0.035 0.00000 -1 ACTUAL_TF
51.4815 0.0345484 -1.5912512 0.6574996 -0.45123020 0.74393568 -0.43193917 -0.23744382 0.003581 1789364054.682432413 174.276 10.298 0.019 0.00000 -1 ACTUAL_TF
51.5442 0.0345362 -1.5910738 0.6575040 -0.45122840 0.74393397 -0.43194102 -0.23744924 0.003456 1789364054.738625288 174.453 10.120 0.013 0.00000 -1 ACTUAL_TF
51.6104 0.0345302 -1.5908709 0.6575125 -0.45121595 0.74393823 -0.43194835 -0.23744621 0.003509 1789364054.794544697 174.656 9.917 0.015 0.00000 -1 ACTUAL_TF
51.6588 0.0345166 -1.5906773 0.6575274 -0.45121002 0.74392970 -0.43196220 -0.23745898 0.003486 1789364054.851260185 174.850 9.723 0.021 0.00000 -1 ACTUAL_TF
51.7098 0.0345021 -1.5904842 0.6575236 -0.45121641 0.74393057 -0.43195397 -0.23745912 0.003493 1789364054.906450272 175.044 9.529 0.016 0.00000 -1 ACTUAL_TF
51.7625 0.0344894 -1.5902601 0.6575209 -0.45121405 0.74393606 -0.43194860 -0.23745615 0.003650 1789364054.962338448 175.268 9.305 0.015 0.00000 -1 ACTUAL_TF
51.8210 0.0344874 -1.5900971 0.6575318 -0.45120307 0.74393699 -0.43195780 -0.23745738 0.003429 1789364055.018438339 175.431 9.142 0.020 0.00000 -1 ACTUAL_TF
51.8858 0.0344901 -1.5898757 0.6575289 -0.45121155 0.74393605 -0.43195286 -0.23745318 0.003587 1789364055.074415684 175.652 8.921 0.012 0.00000 -1 ACTUAL_TF
51.9372 0.0344717 -1.5896786 0.6575179 -0.45121787 0.74394358 -0.43193522 -0.23744968 0.003571 1789364055.130523920 175.850 8.723 0.012 0.00000 -1 ACTUAL_TF
51.9878 0.0344662 -1.5894661 0.6575211 -0.45121690 0.74394291 -0.43193704 -0.23745030 0.003641 1789364055.186418772 176.062 8.511 0.012 0.00000 -1 ACTUAL_TF
52.0530 0.0344565 -1.5892641 0.6575122 -0.45122535 0.74395023 -0.43191939 -0.23744341 0.003634 1789364055.242359877 176.264 8.309 0.020 0.00000 -1 ACTUAL_TF
52.1011 0.0344477 -1.5890543 0.6575168 -0.45122383 0.74394877 -0.43192268 -0.23744491 0.003667 1789364055.298456430 176.475 8.099 0.021 0.00000 -1 ACTUAL_TF
52.1569 0.0344516 -1.5888623 0.6575245 -0.45122226 0.74394444 -0.43193119 -0.23744599 0.003599 1789364055.354357004 176.666 7.907 0.010 0.00000 -1 ACTUAL_TF
52.2113 0.0344409 -1.5886837 0.6575298 -0.45122155 0.74394436 -0.43193035 -0.23744909 0.003477 1789364055.410379648 176.845 7.728 0.014 0.00000 -1 ACTUAL_TF
52.2677 0.0344516 -1.5884698 0.6575321 -0.45122366 0.74394293 -0.43193370 -0.23744349 0.003581 1789364055.466413975 177.059 7.515 0.003 0.00000 -1 ACTUAL_TF
52.3206 0.0344421 -1.5882828 0.6575323 -0.45122287 0.74394494 -0.43193085 -0.23744387 0.003511 1789364055.522343397 177.246 7.327 0.005 0.00000 -1 ACTUAL_TF
52.3851 0.0344402 -1.5880609 0.6575312 -0.45122560 0.74394629 -0.43192809 -0.23743946 0.003646 1789364055.578389168 177.468 7.106 0.009 0.00000 -1 ACTUAL_TF
52.4466 0.0344353 -1.5878787 0.6575344 -0.45123151 0.74394431 -0.43192539 -0.23743935 0.003529 1789364055.634350061 177.650 6.923 0.008 0.00000 -1 ACTUAL_TF
52.5042 0.0344415 -1.5876842 0.6575375 -0.45122465 0.74394763 -0.43192962 -0.23743427 0.003512 1789364055.690426588 177.844 6.729 0.016 0.00000 -1 ACTUAL_TF
52.5581 0.0344319 -1.5874887 0.6575501 -0.45121912 0.74394443 -0.43193793 -0.23743969 0.003506 1789364055.746559381 178.040 6.533 0.012 0.00000 -1 ACTUAL_TF
52.6052 0.0344268 -1.5872867 0.6575409 -0.45122260 0.74395250 -0.43192519 -0.23743098 0.003540 1789364055.802463293 178.242 6.331 0.014 0.00000 -1 ACTUAL_TF
52.6642 0.0344108 -1.5870665 0.6575478 -0.45121609 0.74395264 -0.43193012 -0.23743396 0.003662 1789364055.858411789 178.463 6.111 0.005 0.00000 -1 ACTUAL_TF
52.7186 0.0344082 -1.5869133 0.6575608 -0.45121012 0.74394618 -0.43194309 -0.23744195 0.003387 1789364055.914428473 178.616 5.957 0.008 0.00000 -1 ACTUAL_TF
52.7856 0.0343964 -1.5867007 0.6575661 -0.45120607 0.74394615 -0.43194617 -0.23744414 0.003510 1789364055.970534086 178.829 5.744 0.010 0.00000 -1 ACTUAL_TF
52.8290 0.0343920 -1.5865103 0.6575624 -0.45121209 0.74395065 -0.43193567 -0.23743770 0.003478 1789364056.026496172 179.019 5.554 0.004 0.00000 -1 ACTUAL_TF
52.8839 0.0343940 -1.5863115 0.6575709 -0.45120998 0.74394644 -0.43194346 -0.23744071 0.003503 1789364056.082405806 179.218 5.355 0.012 0.00000 -1 ACTUAL_TF
52.9539 0.0343829 -1.5861030 0.6575801 -0.45120322 0.74394476 -0.43195138 -0.23744441 0.003561 1789364056.138922691 179.427 5.146 0.016 0.00000 -1 ACTUAL_TF
53.0025 0.0343733 -1.5859246 0.6575818 -0.45119866 0.74394804 -0.43195046 -0.23744448 0.003458 1789364056.194471598 179.606 4.968 0.016 0.00000 -1 ACTUAL_TF
53.0565 0.0343671 -1.5856957 0.6575840 -0.45119987 0.74394787 -0.43194956 -0.23744434 0.003646 1789364056.250503302 179.835 4.739 0.015 0.00000 -1 ACTUAL_TF
53.1071 0.0343640 -1.5855215 0.6575907 -0.45119493 0.74394699 -0.43195588 -0.23744500 0.003484 1789364056.306647301 180.009 4.564 0.019 0.00000 -1 ACTUAL_TF
53.1637 0.0343653 -1.5853061 0.6575938 -0.45119313 0.74394783 -0.43195763 -0.23744262 0.003589 1789364056.362818241 180.224 4.349 0.021 0.00000 -1 ACTUAL_TF
53.2370 0.0343737 -1.5851314 0.6575966 -0.45119355 0.74394715 -0.43196040 -0.23743889 0.003456 1789364056.418465137 180.399 4.175 0.029 0.00000 -1 ACTUAL_TF
53.2781 0.0343693 -1.5849088 0.6575988 -0.45119688 0.74394581 -0.43195896 -0.23743939 0.003613 1789364056.474392176 180.621 3.952 0.030 0.00000 -1 ACTUAL_TF
53.3339 0.0343650 -1.5847182 0.6576016 -0.45119822 0.74394756 -0.43195613 -0.23743651 0.003550 1789364056.530433416 180.812 3.761 0.031 0.00000 -1 ACTUAL_TF
53.3885 0.0343588 -1.5844647 0.6575887 -0.45121054 0.74395469 -0.43193650 -0.23742647 0.003848 1789364056.586322308 181.065 3.508 0.025 0.00000 -1 ACTUAL_TF
53.4390 0.0343505 -1.5842514 0.6575920 -0.45120875 0.74395552 -0.43193641 -0.23742744 0.003836 1789364056.642388821 181.279 3.295 0.023 0.00000 -1 ACTUAL_TF
53.5117 0.0343498 -1.5840819 0.6575975 -0.45120674 0.74395410 -0.43194077 -0.23742777 0.003594 1789364056.698392153 181.448 3.125 0.028 0.00000 -1 ACTUAL_TF
53.5587 0.0343446 -1.5838703 0.6576033 -0.45120983 0.74394974 -0.43194279 -0.23743189 0.003650 1789364056.754365921 181.660 2.913 0.030 0.00000 -1 ACTUAL_TF
53.6135 0.0343526 -1.5836901 0.6576041 -0.45120988 0.74395139 -0.43194377 -0.23742483 0.003520 1789364056.810446024 181.840 2.733 0.042 0.00000 -1 ACTUAL_TF
53.6707 0.0343438 -1.5834671 0.6576054 -0.45121249 0.74395158 -0.43194045 -0.23742534 0.003661 1789364056.866403103 182.063 2.510 0.039 0.00000 -1 ACTUAL_TF
53.7405 0.0343284 -1.5832547 0.6576015 -0.45121315 0.74395759 -0.43193123 -0.23742200 0.003700 1789364056.922555923 182.276 2.298 0.029 0.00000 -1 ACTUAL_TF
53.7795 0.0343200 -1.5830430 0.6576063 -0.45121092 0.74395756 -0.43193263 -0.23742379 0.003726 1789364056.978548288 182.488 2.086 0.027 0.00000 -1 ACTUAL_TF
53.8376 0.0343126 -1.5828759 0.6576095 -0.45120259 0.74396221 -0.43193382 -0.23742288 0.003504 1789364057.034576416 182.655 1.918 0.025 0.00000 -1 ACTUAL_TF
53.8928 0.0343047 -1.5826668 0.6576168 -0.45119801 0.74396145 -0.43193853 -0.23742542 0.003574 1789364057.090597630 182.864 1.709 0.024 0.00000 -1 ACTUAL_TF
53.9464 0.0342995 -1.5824372 0.6576099 -0.45120390 0.74396731 -0.43192627 -0.23741815 0.003736 1789364057.146446705 183.094 1.480 0.024 0.00000 -1 ACTUAL_TF
54.0012 0.0342895 -1.5822754 0.6576204 -0.45119844 0.74396362 -0.43193497 -0.23742429 0.003485 1789364057.202450752 183.256 1.317 0.020 0.00000 -1 ACTUAL_TF
54.0614 0.0342935 -1.5820590 0.6576307 -0.45119779 0.74395805 -0.43194369 -0.23742707 0.003598 1789364057.258580685 183.472 1.101 0.033 0.00000 -1 ACTUAL_TF
54.1194 0.0342892 -1.5818769 0.6576344 -0.45120327 0.74395402 -0.43194370 -0.23742928 0.003497 1789364057.314435482 183.654 0.919 0.034 0.00000 -1 ACTUAL_TF
54.1775 0.0342897 -1.5816713 0.6576442 -0.45121036 0.74394402 -0.43195024 -0.23743525 0.003553 1789364057.370333433 183.860 0.713 0.044 0.00000 -1 ACTUAL_TF
54.2315 0.0342960 -1.5815122 0.6576547 -0.45120874 0.74393810 -0.43196076 -0.23743773 0.003341 1789364057.426375151 184.019 0.554 0.057 0.00000 -1 ACTUAL_TF
54.2828 0.0342790 -1.5813098 0.6576634 -0.45120782 0.74393404 -0.43196409 -0.23744617 0.003424 1789364057.482573271 184.222 0.351 0.053 0.00000 -1 ACTUAL_TF
54.3443 0.0342742 -1.5811068 0.6576644 -0.45121178 0.74393381 -0.43196102 -0.23744493 0.003486 1789364057.538490295 184.425 0.148 0.053 0.00000 -1 ACTUAL_TF
54.3937 0.0342641 -1.5809365 0.6576770 -0.45120123 0.74393182 -0.43197254 -0.23745024 0.003358 1789364057.594431400 184.596 -0.022 0.057 0.00000 -1 ACTUAL_TF
54.4603 0.0342648 -1.5807411 0.6576866 -0.45120731 0.74392262 -0.43197875 -0.23745622 0.003398 1789364057.650454760 184.791 -0.218 0.067 0.00000 -1 ACTUAL_TF
54.5167 0.0342557 -1.5805626 0.6576893 -0.45121030 0.74392129 -0.43197745 -0.23745706 0.003335 1789364057.706544399 184.970 -0.396 0.065 0.00000 -1 ACTUAL_TF
54.5683 0.0342556 -1.5803808 0.6576973 -0.45120610 0.74391972 -0.43198435 -0.23745742 0.003311 1789364057.762431622 185.152 -0.578 0.073 0.00000 -1 ACTUAL_TF
54.6204 0.0342417 -1.5802177 0.6577032 -0.45120379 0.74391852 -0.43198612 -0.23746234 0.003196 1789364057.818380833 185.315 -0.742 0.072 0.00000 -1 ACTUAL_TF
54.6883 0.0342317 -1.5800074 0.6576999 -0.45120734 0.74392279 -0.43197720 -0.23745844 0.003362 1789364057.874528885 185.525 -0.952 0.065 0.00000 -1 ACTUAL_TF
54.7387 0.0342196 -1.5798499 0.6577045 -0.45120216 0.74392458 -0.43197880 -0.23745977 0.003200 1789364057.930566549 185.683 -1.110 0.065 0.00000 -1 ACTUAL_TF
54.7885 0.0342032 -1.5796307 0.6577016 -0.45120217 0.74393083 -0.43196961 -0.23745690 0.003418 1789364057.986559391 185.903 -1.329 0.057 0.00000 -1 ACTUAL_TF
54.8422 0.0341977 -1.5794361 0.6577003 -0.45120208 0.74393543 -0.43196473 -0.23745155 0.003439 1789364058.042374611 186.098 -1.524 0.053 0.00000 -1 ACTUAL_TF
54.9004 0.0341938 -1.5792682 0.6576950 -0.45120772 0.74393949 -0.43195445 -0.23744681 0.003307 1789364058.098378897 186.265 -1.692 0.046 0.00000 -1 ACTUAL_TF
54.9585 0.0341853 -1.5790863 0.6576983 -0.45120506 0.74394142 -0.43195388 -0.23744685 0.003292 1789364058.154314280 186.447 -1.874 0.046 0.00000 -1 ACTUAL_TF
55.0189 0.0341723 -1.5789218 0.6576969 -0.45120543 0.74394530 -0.43194741 -0.23744575 0.003187 1789364058.210365295 186.612 -2.039 0.043 0.00000 -1 ACTUAL_TF
55.0752 0.0341722 -1.5787334 0.6576965 -0.45121141 0.74394530 -0.43194295 -0.23744253 0.003237 1789364058.266559601 186.801 -2.227 0.040 0.00000 -1 ACTUAL_TF
55.1249 0.0341574 -1.5785789 0.6577037 -0.45120817 0.74394366 -0.43194571 -0.23744878 0.003101 1789364058.322394609 186.955 -2.382 0.046 0.00000 -1 ACTUAL_TF
55.1810 0.0341540 -1.5783995 0.6577069 -0.45120268 0.74394743 -0.43194710 -0.23744486 0.003134 1789364058.378299236 187.135 -2.562 0.046 0.00000 -1 ACTUAL_TF
55.2402 0.0341496 -1.5782447 0.6577038 -0.45121348 0.74394635 -0.43193810 -0.23744411 0.003022 1789364058.434358835 187.290 -2.716 0.041 0.00000 -1 ACTUAL_TF
55.2894 0.0341525 -1.5780899 0.6577084 -0.45121081 0.74394672 -0.43194105 -0.23744266 0.002946 1789364058.490324974 187.444 -2.871 0.044 0.00000 -1 ACTUAL_TF
55.3481 0.0341421 -1.5779229 0.6577150 -0.45120760 0.74394594 -0.43194410 -0.23744565 0.002959 1789364058.546380997 187.612 -3.038 0.048 0.00000 -1 ACTUAL_TF
55.4077 0.0341314 -1.5777732 0.6577118 -0.45121124 0.74394928 -0.43193481 -0.23744518 0.002875 1789364058.602389812 187.762 -3.188 0.044 0.00000 -1 ACTUAL_TF
55.4656 0.0341318 -1.5775914 0.6577140 -0.45120759 0.74395302 -0.43193520 -0.23743966 0.002986 1789364058.658414841 187.943 -3.370 0.043 0.00000 -1 ACTUAL_TF
55.5136 0.0341290 -1.5774658 0.6577212 -0.45120997 0.74394757 -0.43193928 -0.23744482 0.002765 1789364058.714371681 188.069 -3.496 0.049 0.00000 -1 ACTUAL_TF
55.5714 0.0341293 -1.5773054 0.6577236 -0.45121002 0.74394839 -0.43193873 -0.23744314 0.002796 1789364058.770305395 188.229 -3.656 0.049 0.00000 -1 ACTUAL_TF
55.6311 0.0341365 -1.5771722 0.6577260 -0.45121145 0.74394790 -0.43193965 -0.23744027 0.002671 1789364058.826382875 188.362 -3.789 0.051 0.00000 -1 ACTUAL_TF
55.6816 0.0341366 -1.5770087 0.6577287 -0.45121178 0.74394850 -0.43193979 -0.23743752 0.002744 1789364058.882454395 188.526 -3.952 0.053 0.00000 -1 ACTUAL_TF
55.7418 0.0341238 -1.5768501 0.6577363 -0.45121442 0.74394323 -0.43194236 -0.23744434 0.002775 1789364058.938390732 188.685 -4.111 0.057 0.00000 -1 ACTUAL_TF
55.8005 0.0341222 -1.5767130 0.6577391 -0.45121083 0.74394562 -0.43194390 -0.23744087 0.002678 1789364058.994378567 188.822 -4.249 0.058 0.00000 -1 ACTUAL_TF
55.8477 0.0341210 -1.5765494 0.6577445 -0.45120899 0.74394525 -0.43194721 -0.23743952 0.002753 1789364059.050282955 188.986 -4.412 0.062 0.00000 -1 ACTUAL_TF
55.9052 0.0341167 -1.5764419 0.6577547 -0.45120901 0.74393826 -0.43195462 -0.23744790 0.002506 1789364059.106330156 189.093 -4.520 0.071 0.00000 -1 ACTUAL_TF
55.9621 0.0341158 -1.5763076 0.6577638 -0.45120473 0.74393555 -0.43196274 -0.23744974 0.002474 1789364059.162413836 189.228 -4.654 0.078 0.00000 -1 ACTUAL_TF
56.0221 0.0341184 -1.5762044 0.6577625 -0.45120201 0.74394046 -0.43196071 -0.23744324 0.002286 1789364059.218320131 189.331 -4.757 0.077 0.00000 -1 ACTUAL_TF
56.0726 0.0341123 -1.5761202 0.6577667 -0.45120169 0.74393869 -0.43196286 -0.23744546 0.002052 1789364059.274414301 189.415 -4.842 0.079 0.00000 -1 ACTUAL_TF
56.1345 0.0341119 -1.5760740 0.6577676 -0.45120288 0.74393806 -0.43196260 -0.23744564 0.001684 1789364059.330431700 189.461 -4.888 0.080 0.00000 -1 ACTUAL_TF
56.1847 0.0341170 -1.5760451 0.6577689 -0.45120520 0.74393602 -0.43196386 -0.23744532 0.001336 1789364059.386419058 189.490 -4.917 0.082 0.00000 -1 ACTUAL_TF
