WELD FEEDBACK LOG
result=completed
started=2026-09-16 18:50:42
ended=2026-09-16 18:51:06
elapsed_seconds=23.194

================ OPERATOR OVERVIEW ================
REQUESTED : 220 A / 26.0 V · FE-SOLID 1.2 mm · LSM · CO2 100%
RX ECHO   : 220 A / 26.0 V · MATCH=YES
CURRENT FB: no positive feedback A
VOLTAGE FB: no positive feedback V
WIRE FEED : no positive feedback m/min
ARC ON    : 0.000 s
NET WELD  : 0.000 s
WIRE USED : 0.000 mm (base 0.000 + alpha 0.000)
WCR       : NOT DETECTED
SAMPLES   : RX 580 / welding 0 / TCP 416
===================================================

[commanded]
current_a=220
voltage_tenths=260
voltage=26.0
material=FE-SOLID
diameter_mm=1.2
mode=LSM
gas=CO2 100%
synergic=False
correction=0.0
hot_start_enabled=True
hot_start_percent=10.0
hot_start_hold_adjustment=1
crater_enabled=False
crater_percent=27.27272727272727
crater_current_a=60.0
crater_voltage_v=25.0
crater_seconds=1.0
wire_consumable_alpha_mm=0.0
hot_start_current_a=242

[rx_setting_echo]
current_a=220
voltage_v=26.0
hot_start_current_a=0
hot_start_hold_adjustment=-15

[rx_welding_setting_echo]

[execution_conditions]
mode=sequence_execute
run_all=True
touch_io_backend=fastech_ethernet
touch_input_port=4
touch_sensing_output_port=0
fastech_ip=192.168.0.3
fastech_poll_target_hz=100.0
hicomm_source_ip=192.168.1.2
hicomm_welder_ip=192.168.1.10
hicomm_port=60000
gui_velocity_percent=36.95263157894737
gui_speed_mode=scale
gui_tcp_speed_mm_s=10.0
gui_interpolation_step_mm=5.0
seam_orientation_mode=Wait poses + fixed World-XYZ tilt
weld_fixed_tilt_x_deg=0.0
weld_fixed_tilt_y_deg=0.0
weld_fixed_tilt_z_deg=-0.0
weld_weave_enabled=False
weld_weave_pattern=circle
weld_weave_pitch_mm=8.0
weld_weave_left_dwell_s=0.2
weld_weave_right_dwell_s=0.2
weld_weave_amplitude_mm=2.7
weld_weave_cycles=0
weld_weave_samples_per_cycle=12
weld_weave_axis=tool_y
weld_lead_in_mm=0.0
weld_lead_out_mm=0.0
weld_safe_approach_mm=30.0
weld_approach_mode=taught_wait
weld_pre_start_lead_mm=0.0
weld_tcp_speed_mm_s=7.0
weld_arc_off_delay_ms=10.0
tcp_tracking.parent_frame=World
tcp_tracking.child_frame=right_manipulator_ee_point
tcp_tracking.timestamp_source=TF_header_stamp
initial_fastech_di0=False
initial_fastech_do0=True
robot_connected.left=True
robot_connected.right=True
robot_connected.head=True
hicomm_connected=True
execution_allowed=True
steps[0].sequence_number=1
steps[0].type=named_pose
steps[0].parallel_slot=1
steps[0].duration=0.0
steps[0].planning_group=right_manipulator
steps[0].velocity_scale=0.3695263157894737
steps[0].tcp_speed_m_s=0.0
steps[0].pose_name=weld_start_wait
steps[0].pose_label=3 · Weld start wait pose
steps[0].touch_guard=False
steps[0].continue_after_touch=False
steps[0].weld_scenario_id=weld-14399152853938
steps[0].weld_scenario_stage=start_wait
steps[0].target_tcp.position_m.x=0.032073581832525566
steps[0].target_tcp.position_m.y=-1.729121002241439
steps[0].target_tcp.position_m.z=0.6817535179513674
steps[0].target_tcp.orientation_xyzw.x=-0.42172560337350007
steps[0].target_tcp.orientation_xyzw.y=0.6844089359091741
steps[0].target_tcp.orientation_xyzw.z=-0.5093207867135461
steps[0].target_tcp.orientation_xyzw.w=-0.30712254903934333
steps[0].joint_names[0]=right_manipulator_joint1
steps[0].joint_names[1]=right_manipulator_joint2
steps[0].joint_names[2]=right_manipulator_joint3
steps[0].joint_names[3]=right_manipulator_joint4
steps[0].joint_names[4]=right_manipulator_joint5
steps[0].joint_names[5]=right_manipulator_joint6
steps[0].joint_positions_rad[0]=5.111201082049582
steps[0].joint_positions_rad[1]=1.2632370404074063
steps[0].joint_positions_rad[2]=1.842102134421193
steps[0].joint_positions_rad[3]=3.5352637890863963
steps[0].joint_positions_rad[4]=1.2404057603821568
steps[0].joint_positions_rad[5]=1.5085866147853542
steps[1].sequence_number=2
steps[1].type=motion
steps[1].parallel_slot=2
steps[1].duration=0.0
steps[1].planning_group=right_manipulator
steps[1].velocity_scale=0.3695263157894737
steps[1].tcp_speed_m_s=0.0
steps[1].interpolation_step=0.005
steps[1].path_kind=taught_wait_align_weld_attitude
steps[1].touch_guard=False
steps[1].continue_after_touch=False
steps[1].accept_initial_touch=False
steps[1].weld_scenario_id=weld-14399152853938
steps[1].weld_scenario_stage=start_safe
steps[1].waypoint_count=1
steps[1].waypoints[0].position_m.x=0.032073581832525566
steps[1].waypoints[0].position_m.y=-1.729121002241439
steps[1].waypoints[0].position_m.z=0.6817535179513674
steps[1].waypoints[0].orientation_xyzw.x=-0.42173564361378546
steps[1].waypoints[0].orientation_xyzw.y=0.6844026080525742
steps[1].waypoints[0].orientation_xyzw.z=-0.5093132989684371
steps[1].waypoints[0].orientation_xyzw.w=-0.30713528043907307
steps[2].sequence_number=3
steps[2].type=motion
steps[2].parallel_slot=3
steps[2].duration=0.0
steps[2].planning_group=right_manipulator
steps[2].velocity_scale=0.3695263157894737
steps[2].tcp_speed_m_s=0.0
steps[2].interpolation_step=0.005
steps[2].path_kind=taught_wait_to_weld_start
steps[2].touch_guard=False
steps[2].continue_after_touch=True
steps[2].accept_initial_touch=False
steps[2].weld_scenario_id=weld-14399152853938
steps[2].weld_scenario_stage=start_contact
steps[2].waypoint_count=1
steps[2].waypoints[0].position_m.x=0.03207818248865679
steps[2].waypoints[0].position_m.y=-1.7291552271648472
steps[2].waypoints[0].position_m.z=0.6793700790402557
steps[2].waypoints[0].orientation_xyzw.x=-0.42173564361378546
steps[2].waypoints[0].orientation_xyzw.y=0.6844026080525742
steps[2].waypoints[0].orientation_xyzw.z=-0.5093132989684371
steps[2].waypoints[0].orientation_xyzw.w=-0.30713528043907307
steps[3].sequence_number=4
steps[3].type=digital_weld
steps[3].parallel_slot=5
steps[3].duration=0.0
steps[3].command=on
steps[3].weld_scenario_id=weld-14399152853938
steps[3].weld_scenario_stage=arc_on
steps[3].settings.current_a=220
steps[3].settings.voltage_tenths=260
steps[3].settings.voltage=26.0
steps[3].settings.material=FE-SOLID
steps[3].settings.diameter_mm=1.2
steps[3].settings.mode=LSM
steps[3].settings.gas=CO2 100%
steps[3].settings.synergic=False
steps[3].settings.correction=0.0
steps[3].settings.hot_start_enabled=True
steps[3].settings.hot_start_percent=10.0
steps[3].settings.hot_start_hold_adjustment=1
steps[3].settings.crater_enabled=False
steps[3].settings.crater_percent=27.27272727272727
steps[3].settings.crater_current_a=60.0
steps[3].settings.crater_voltage_v=25.0
steps[3].settings.crater_seconds=1.0
steps[3].settings.wire_consumable_alpha_mm=0.0
steps[3].settings.hot_start_current_a=242
steps[4].sequence_number=5
steps[4].type=motion
steps[4].parallel_slot=5
steps[4].duration=0.0
steps[4].planning_group=right_manipulator
steps[4].velocity_scale=0.3695263157894737
steps[4].tcp_speed_m_s=0.007
steps[4].interpolation_step=0.005
steps[4].path_kind=continuous_taught_start_to_taught_goal_weld_fastech_di0_ignored
steps[4].touch_guard=False
steps[4].weld_scenario_id=weld-14399152853938
steps[4].weld_scenario_stage=weld_motion
steps[4].lead_in_mm=0.0
steps[4].lead_out_mm=0.0
steps[4].linear_motion_profile=True
steps[4].weld_weave_amplitude_mm=2.7
steps[4].weld_weave_pitch_mm=8.0
steps[4].weld_weave_cycles=0
steps[4].weld_weave_actual_pitch_mm=0.0
steps[4].weld_weave_left_dwell_s=0.2
steps[4].weld_weave_right_dwell_s=0.2
steps[4].weld_weave_axis=tool_y
steps[4].waypoint_count=2
steps[4].waypoints[0].position_m.x=0.03207818248865679
steps[4].waypoints[0].position_m.y=-1.7291552271648472
steps[4].waypoints[0].position_m.z=0.6793700790402557
steps[4].waypoints[0].orientation_xyzw.x=-0.42173564361378546
steps[4].waypoints[0].orientation_xyzw.y=0.6844026080525742
steps[4].waypoints[0].orientation_xyzw.z=-0.5093132989684371
steps[4].waypoints[0].orientation_xyzw.w=-0.30713528043907307
steps[4].waypoints[1].position_m.x=0.0299674282215604
steps[4].waypoints[1].position_m.y=-1.5758438540703708
steps[4].waypoints[1].position_m.z=0.6817481624239208
steps[4].waypoints[1].orientation_xyzw.x=-0.4217254450609645
steps[4].waypoints[1].orientation_xyzw.y=0.6844098294169885
steps[4].waypoints[1].orientation_xyzw.z=-0.5093177523988244
steps[4].waypoints[1].orientation_xyzw.w=-0.307125807246721
steps[4].lead_start.position_m.x=0.03207818248865679
steps[4].lead_start.position_m.y=-1.7291552271648472
steps[4].lead_start.position_m.z=0.6793700790402557
steps[4].lead_start.orientation_xyzw.x=-0.42173564361378546
steps[4].lead_start.orientation_xyzw.y=0.6844026080525742
steps[4].lead_start.orientation_xyzw.z=-0.5093132989684371
steps[4].lead_start.orientation_xyzw.w=-0.30713528043907307
steps[4].usable_seam_start.position_m.x=0.03207818248865679
steps[4].usable_seam_start.position_m.y=-1.7291552271648472
steps[4].usable_seam_start.position_m.z=0.6793700790402557
steps[4].usable_seam_start.orientation_xyzw.x=-0.42173564361378546
steps[4].usable_seam_start.orientation_xyzw.y=0.6844026080525742
steps[4].usable_seam_start.orientation_xyzw.z=-0.5093132989684371
steps[4].usable_seam_start.orientation_xyzw.w=-0.30713528043907307
steps[4].usable_seam_goal.position_m.x=0.0299674282215604
steps[4].usable_seam_goal.position_m.y=-1.5758438540703708
steps[4].usable_seam_goal.position_m.z=0.6817481624239208
steps[4].usable_seam_goal.orientation_xyzw.x=-0.4217254450609645
steps[4].usable_seam_goal.orientation_xyzw.y=0.6844098294169885
steps[4].usable_seam_goal.orientation_xyzw.z=-0.5093177523988244
steps[4].usable_seam_goal.orientation_xyzw.w=-0.307125807246721
steps[4].lead_end.position_m.x=0.0299674282215604
steps[4].lead_end.position_m.y=-1.5758438540703708
steps[4].lead_end.position_m.z=0.6817481624239208
steps[4].lead_end.orientation_xyzw.x=-0.4217254450609645
steps[4].lead_end.orientation_xyzw.y=0.6844098294169885
steps[4].lead_end.orientation_xyzw.z=-0.5093177523988244
steps[4].lead_end.orientation_xyzw.w=-0.307125807246721
steps[5].sequence_number=6
steps[5].type=digital_weld
steps[5].parallel_slot=5
steps[5].duration=0.0
steps[5].velocity_scale=0.3695263157894737
steps[5].tcp_speed_m_s=0.007
steps[5].command=off
steps[5].weld_scenario_id=weld-14399152853938
steps[5].weld_scenario_stage=arc_off
steps[5].path_to_seam_speed_factor=1.0000000000000002
steps[5].trigger_before_goal=True
steps[5].arc_off_delay_s=0.01
steps[5].settings.current_a=220
steps[5].settings.voltage_tenths=260
steps[5].settings.voltage=26.0
steps[5].settings.material=FE-SOLID
steps[5].settings.diameter_mm=1.2
steps[5].settings.mode=LSM
steps[5].settings.gas=CO2 100%
steps[5].settings.synergic=False
steps[5].settings.correction=0.0
steps[5].settings.hot_start_enabled=True
steps[5].settings.hot_start_percent=10.0
steps[5].settings.hot_start_hold_adjustment=1
steps[5].settings.crater_enabled=False
steps[5].settings.crater_percent=27.27272727272727
steps[5].settings.crater_current_a=60.0
steps[5].settings.crater_voltage_v=25.0
steps[5].settings.crater_seconds=1.0
steps[5].settings.wire_consumable_alpha_mm=0.0
steps[5].settings.hot_start_current_a=242
steps[6].sequence_number=7
steps[6].type=motion
steps[6].parallel_slot=6
steps[6].duration=0.0
steps[6].planning_group=right_manipulator
steps[6].velocity_scale=0.3695263157894737
steps[6].tcp_speed_m_s=0.0
steps[6].interpolation_step=0.005
steps[6].path_kind=weld_end_to_taught_wait_fixed_attitude
steps[6].pose_name=weld_goal_wait
steps[6].pose_label=5 · Weld goal wait pose
steps[6].touch_guard=False
steps[6].continue_after_touch=False
steps[6].weld_scenario_id=weld-14399152853938
steps[6].weld_scenario_stage=goal_wait
steps[6].waypoint_count=1
steps[6].waypoints[0].position_m.x=0.030039958564281655
steps[6].waypoints[0].position_m.y=-1.5759794251007748
steps[6].waypoints[0].position_m.z=0.6831899620939363
steps[6].waypoints[0].orientation_xyzw.x=-0.4217254450609645
steps[6].waypoints[0].orientation_xyzw.y=0.6844098294169885
steps[6].waypoints[0].orientation_xyzw.z=-0.5093177523988244
steps[6].waypoints[0].orientation_xyzw.w=-0.307125807246721
steps[7].sequence_number=8
steps[7].type=named_pose
steps[7].parallel_slot=7
steps[7].duration=0.0
steps[7].planning_group=right_manipulator
steps[7].velocity_scale=0.3695263157894737
steps[7].tcp_speed_m_s=0.0
steps[7].pose_name=weld_finish
steps[7].pose_label=7 · Weld end pose
steps[7].touch_guard=False
steps[7].continue_after_touch=False
steps[7].weld_scenario_id=weld-14399152853938
steps[7].weld_scenario_stage=finish
steps[7].target_tcp.position_m.x=0.029973365338979374
steps[7].target_tcp.position_m.y=-1.5758159150432376
steps[7].target_tcp.position_m.z=0.7415710857152424
steps[7].target_tcp.orientation_xyzw.x=-0.4217284788299951
steps[7].target_tcp.orientation_xyzw.y=0.6844299122012442
steps[7].target_tcp.orientation_xyzw.z=-0.5093059832229276
steps[7].target_tcp.orientation_xyzw.w=-0.30709640323726134
steps[7].joint_names[0]=right_manipulator_joint1
steps[7].joint_names[1]=right_manipulator_joint2
steps[7].joint_names[2]=right_manipulator_joint3
steps[7].joint_names[3]=right_manipulator_joint4
steps[7].joint_names[4]=right_manipulator_joint5
steps[7].joint_names[5]=right_manipulator_joint6
steps[7].joint_positions_rad[0]=5.189821325854247
steps[7].joint_positions_rad[1]=1.1966948979365228
steps[7].joint_positions_rad[2]=2.0505032781514907
steps[7].joint_positions_rad[3]=3.597374830977551
steps[7].joint_positions_rad[4]=1.36841339449596
steps[7].joint_positions_rad[5]=1.5717037989363412
steps[8].sequence_number=9
steps[8].type=digital_output
steps[8].parallel_slot=8
steps[8].duration=0.0
steps[8].port=0
steps[8].value=True
steps[8].weld_scenario_id=weld-14399152853938
steps[8].weld_scenario_stage=touch_output_on
hicomm_cyclic_period_ms=40.0
arc_wait_recognition=True
arc_wait_main_welding=True
arc_wait_established=True
arc_establishment_timeout_s=5.0

[summary]
rx_samples=580
welding_samples=0
wcr_seen=0
current_a.min=None
current_a.average=None
current_a.max=None
voltage_v.min=None
voltage_v.average=None
voltage_v.max=None
wire_feed_m_min.min=None
wire_feed_m_min.average=None
wire_feed_m_min.max=None

[production_metrics]
arc_started_elapsed_s=None
arc_completed_elapsed_s=None
arc_on_time_s=0.0
main_weld_arc_time_s=0.0
crater_arc_time_s=0.0
weld_motion_start_elapsed_s=0.09944556200025545
weld_motion_complete_elapsed_s=23.190903549000723
weld_motion_duration_s=23.091457987000467
net_weld_arc_time_s=0.0
wire_feed_average_m_min=0.0
wire_consumable_base_mm=0.0
wire_consumable_alpha_mm=0.0
wire_consumable_mm=0.0
wire_consumable_formula=integral(WFS*1000/60*dt)+alpha
weld_motion_start_unix_time=1789552242.9851735
weld_motion_start_wall_time=2026-09-16 18:50:42.985
weld_motion_complete_unix_time=1789552266.076631
weld_motion_complete_wall_time=2026-09-16 18:51:06.076

[arc_off_control]

[teaching_snapshot_yaml]
robot_start:
  planning_group: right_manipulator
  joint_state:
    names:
    - right_manipulator_joint1
    - right_manipulator_joint2
    - right_manipulator_joint3
    - right_manipulator_joint4
    - right_manipulator_joint5
    - right_manipulator_joint6
    positions_rad:
    - 5.27240967968313
    - 1.0710261184710546
    - 2.180025851451385
    - 3.6894743983235436
    - 1.4802383302458966
    - 1.475784459638848
  tcp_pose_world:
    position_m:
      x: 0.0409882833240674
      y: -1.5365128539727777
      z: 0.8899872668309907
    orientation_xyzw:
      x: -0.4355837586611503
      y: 0.6337556876271521
      z: -0.5283180348228105
      w: -0.3598618786031996
weld_wait:
  planning_group: right_manipulator
  joint_state:
    names:
    - right_manipulator_joint1
    - right_manipulator_joint2
    - right_manipulator_joint3
    - right_manipulator_joint4
    - right_manipulator_joint5
    - right_manipulator_joint6
    positions_rad:
    - 5.111201082049582
    - 1.2219904009184224
    - 1.8699643920617108
    - 3.5370483733328584
    - 1.2280996924590641
    - 1.5031986404259603
  tcp_pose_world:
    position_m:
      x: 0.03211587813862865
      y: -1.7292014051809739
      z: 0.7168392775681303
    orientation_xyzw:
      x: -0.4217018846382817
      y: 0.6844048116959963
      z: -0.5093506844611415
      w: -0.3071147252393735
weld_start_wait:
  planning_group: right_manipulator
  joint_state:
    names:
    - right_manipulator_joint1
    - right_manipulator_joint2
    - right_manipulator_joint3
    - right_manipulator_joint4
    - right_manipulator_joint5
    - right_manipulator_joint6
    positions_rad:
    - 5.111201082049582
    - 1.2632370404074063
    - 1.842102134421193
    - 3.5352637890863963
    - 1.2404057603821568
    - 1.5085866147853542
  tcp_pose_world:
    position_m:
      x: 0.032073581832525566
      y: -1.729121002241439
      z: 0.6817535179513674
    orientation_xyzw:
      x: -0.42172560337350007
      y: 0.6844089359091741
      z: -0.5093207867135461
      w: -0.30712254903934333
weld_start:
  planning_group: right_manipulator
  joint_state:
    names:
    - right_manipulator_joint1
    - right_manipulator_joint2
    - right_manipulator_joint3
    - right_manipulator_joint4
    - right_manipulator_joint5
    - right_manipulator_joint6
    positions_rad:
    - 5.111201082049582
    - 1.2660353569228069
    - 1.840108625187214
    - 3.5351687142354806
    - 1.241146119165199
    - 1.5088751682894643
  tcp_pose_world:
    position_m:
      x: 0.03207818248865679
      y: -1.7291552271648472
      z: 0.6793700790402557
    orientation_xyzw:
      x: -0.42173564361378546
      y: 0.6844026080525742
      z: -0.5093132989684371
      w: -0.30713528043907307
weld_goal_wait:
  planning_group: right_manipulator
  joint_state:
    names:
    - right_manipulator_joint1
    - right_manipulator_joint2
    - right_manipulator_joint3
    - right_manipulator_joint4
    - right_manipulator_joint5
    - right_manipulator_joint6
    positions_rad:
    - 5.1898250542797735
    - 1.269748735588759
    - 2.0016778148323593
    - 3.595313011661612
    - 1.3904092408872515
    - 1.5825669661808288
  tcp_pose_world:
    position_m:
      x: 0.030039958564281655
      y: -1.5759794251007748
      z: 0.6831899620939363
    orientation_xyzw:
      x: -0.4216890236952919
      y: 0.6843741469696353
      z: -0.5093915786416539
      w: -0.307132892838685
weld_end:
  planning_group: right_manipulator
  joint_state:
    names:
    - right_manipulator_joint1
    - right_manipulator_joint2
    - right_manipulator_joint3
    - right_manipulator_joint4
    - right_manipulator_joint5
    - right_manipulator_joint6
    positions_rad:
    - 5.1898250542797735
    - 1.2714612813277344
    - 2.0005919108978794
    - 3.5952903747923464
    - 1.3908041876769102
    - 1.5827833480193978
  tcp_pose_world:
    position_m:
      x: 0.0299674282215604
      y: -1.5758438540703708
      z: 0.6817481624239208
    orientation_xyzw:
      x: -0.4217254450609645
      y: 0.6844098294169885
      z: -0.5093177523988244
      w: -0.307125807246721
weld_finish:
  planning_group: right_manipulator
  joint_state:
    names:
    - right_manipulator_joint1
    - right_manipulator_joint2
    - right_manipulator_joint3
    - right_manipulator_joint4
    - right_manipulator_joint5
    - right_manipulator_joint6
    positions_rad:
    - 5.189821325854247
    - 1.1966948979365228
    - 2.0505032781514907
    - 3.597374830977551
    - 1.36841339449596
    - 1.5717037989363412
  tcp_pose_world:
    position_m:
      x: 0.029973365338979374
      y: -1.5758159150432376
      z: 0.7415710857152424
    orientation_xyzw:
      x: -0.4217284788299951
      y: 0.6844299122012442
      z: -0.5093059832229276
      w: -0.30709640323726134

[touch_snapshot_yaml]
{}

[samples]
elapsed_s raw0 state arc gas fwd wcr current_a voltage_v wire_feed_m_min set_current_a set_voltage_v error db collision
0.026 0x00 idle 0 0 0 0 0 0.0 0.0 220 26.0 0 0 0
0.061 0x00 idle 0 0 0 0 0 0.0 0.0 220 26.0 0 0 0
0.112 0x00 idle 0 0 0 0 0 0.0 0.0 220 26.0 0 0 0
0.146 0x00 idle 0 0 0 0 0 0.0 0.0 220 26.0 0 0 0
0.185 0x00 idle 0 0 0 0 0 0.0 0.0 220 26.0 0 0 0
0.220 0x00 idle 0 0 0 0 0 0.0 0.0 220 26.0 0 0 0
0.267 0x00 idle 0 0 0 0 0 0.0 0.0 220 26.0 0 0 0
0.301 0x00 idle 0 0 0 0 0 0.0 0.0 220 26.0 0 0 0
0.345 0x00 idle 0 0 0 0 0 0.0 0.0 220 26.0 0 0 0
0.384 0x00 idle 0 0 0 0 0 0.0 0.0 220 26.0 0 0 0
0.422 0x00 idle 0 0 0 0 0 0.0 0.0 220 26.0 0 0 0
0.465 0x00 idle 0 0 0 0 0 0.0 0.0 220 26.0 0 0 0
0.499 0x00 idle 0 0 0 0 0 0.0 0.0 220 26.0 0 0 0
0.544 0x00 idle 0 0 0 0 0 0.0 0.0 220 26.0 0 0 0
0.581 0x00 idle 0 0 0 0 0 0.0 0.0 220 26.0 0 0 0
0.624 0x00 idle 0 0 0 0 0 0.0 0.0 220 26.0 0 0 0
0.663 0x00 idle 0 0 0 0 0 0.0 0.0 220 26.0 0 0 0
0.705 0x00 idle 0 0 0 0 0 0.0 0.0 220 26.0 0 0 0
0.740 0x00 idle 0 0 0 0 0 0.0 0.0 220 26.0 0 0 0
0.783 0x00 idle 0 0 0 0 0 0.0 0.0 220 26.0 0 0 0
0.823 0x00 idle 0 0 0 0 0 0.0 0.0 220 26.0 0 0 0
0.864 0x00 idle 0 0 0 0 0 0.0 0.0 220 26.0 0 0 0
0.905 0x00 idle 0 0 0 0 0 0.0 0.0 220 26.0 0 0 0
0.939 0x00 idle 0 0 0 0 0 0.0 0.0 220 26.0 0 0 0
0.983 0x00 idle 0 0 0 0 0 0.0 0.0 220 26.0 0 0 0
1.021 0x00 idle 0 0 0 0 0 0.0 0.0 220 26.0 0 0 0
1.065 0x00 idle 0 0 0 0 0 0.0 0.0 220 26.0 0 0 0
1.102 0x00 idle 0 0 0 0 0 0.0 0.0 220 26.0 0 0 0
1.143 0x00 idle 0 0 0 0 0 0.0 0.0 220 26.0 0 0 0
1.188 0x00 idle 0 0 0 0 0 0.0 0.0 220 26.0 0 0 0
1.218 0x00 idle 0 0 0 0 0 0.0 0.0 220 26.0 0 0 0
1.262 0x00 idle 0 0 0 0 0 0.0 0.0 220 26.0 0 0 0
1.299 0x00 idle 0 0 0 0 0 0.0 0.0 220 26.0 0 0 0
1.343 0x00 idle 0 0 0 0 0 0.0 0.0 220 26.0 0 0 0
1.380 0x00 idle 0 0 0 0 0 0.0 0.0 220 26.0 0 0 0
1.423 0x00 idle 0 0 0 0 0 0.0 0.0 220 26.0 0 0 0
1.469 0x00 idle 0 0 0 0 0 0.0 0.0 220 26.0 0 0 0
1.502 0x00 idle 0 0 0 0 0 0.0 0.0 220 26.0 0 0 0
1.543 0x00 idle 0 0 0 0 0 0.0 0.0 220 26.0 0 0 0
1.582 0x00 idle 0 0 0 0 0 0.0 0.0 220 26.0 0 0 0
1.625 0x00 idle 0 0 0 0 0 0.0 0.0 220 26.0 0 0 0
1.660 0x00 idle 0 0 0 0 0 0.0 0.0 220 26.0 0 0 0
1.703 0x00 idle 0 0 0 0 0 0.0 0.0 220 26.0 0 0 0
1.742 0x00 idle 0 0 0 0 0 0.0 0.0 220 26.0 0 0 0
1.782 0x00 idle 0 0 0 0 0 0.0 0.0 220 26.0 0 0 0
1.819 0x00 idle 0 0 0 0 0 0.0 0.0 220 26.0 0 0 0
1.865 0x00 idle 0 0 0 0 0 0.0 0.0 220 26.0 0 0 0
1.905 0x00 idle 0 0 0 0 0 0.0 0.0 220 26.0 0 0 0
1.948 0x00 idle 0 0 0 0 0 0.0 0.0 220 26.0 0 0 0
1.981 0x00 idle 0 0 0 0 0 0.0 0.0 220 26.0 0 0 0
2.026 0x00 idle 0 0 0 0 0 0.0 0.0 220 26.0 0 0 0
2.068 0x00 idle 0 0 0 0 0 0.0 0.0 220 26.0 0 0 0
2.103 0x00 idle 0 0 0 0 0 0.0 0.0 220 26.0 0 0 0
2.141 0x00 idle 0 0 0 0 0 0.0 0.0 220 26.0 0 0 0
2.185 0x00 idle 0 0 0 0 0 0.0 0.0 220 26.0 0 0 0
2.221 0x00 idle 0 0 0 0 0 0.0 0.0 220 26.0 0 0 0
2.261 0x00 idle 0 0 0 0 0 0.0 0.0 220 26.0 0 0 0
2.307 0x00 idle 0 0 0 0 0 0.0 0.0 220 26.0 0 0 0
2.341 0x00 idle 0 0 0 0 0 0.0 0.0 220 26.0 0 0 0
2.381 0x00 idle 0 0 0 0 0 0.0 0.0 220 26.0 0 0 0
2.422 0x00 idle 0 0 0 0 0 0.0 0.0 220 26.0 0 0 0
2.459 0x00 idle 0 0 0 0 0 0.0 0.0 220 26.0 0 0 0
2.499 0x00 idle 0 0 0 0 0 0.0 0.0 220 26.0 0 0 0
2.541 0x00 idle 0 0 0 0 0 0.0 0.0 220 26.0 0 0 0
2.583 0x00 idle 0 0 0 0 0 0.0 0.0 220 26.0 0 0 0
2.619 0x00 idle 0 0 0 0 0 0.0 0.0 220 26.0 0 0 0
2.661 0x00 idle 0 0 0 0 0 0.0 0.0 220 26.0 0 0 0
2.699 0x00 idle 0 0 0 0 0 0.0 0.0 220 26.0 0 0 0
2.741 0x00 idle 0 0 0 0 0 0.0 0.0 220 26.0 0 0 0
2.785 0x00 idle 0 0 0 0 0 0.0 0.0 220 26.0 0 0 0
2.820 0x00 idle 0 0 0 0 0 0.0 0.0 220 26.0 0 0 0
2.862 0x00 idle 0 0 0 0 0 0.0 0.0 220 26.0 0 0 0
2.902 0x00 idle 0 0 0 0 0 0.0 0.0 220 26.0 0 0 0
2.941 0x00 idle 0 0 0 0 0 0.0 0.0 220 26.0 0 0 0
2.980 0x00 idle 0 0 0 0 0 0.0 0.0 220 26.0 0 0 0
3.023 0x00 idle 0 0 0 0 0 0.0 0.0 220 26.0 0 0 0
3.062 0x00 idle 0 0 0 0 0 0.0 0.0 220 26.0 0 0 0
3.107 0x00 idle 0 0 0 0 0 0.0 0.0 220 26.0 0 0 0
3.144 0x00 idle 0 0 0 0 0 0.0 0.0 220 26.0 0 0 0
3.184 0x00 idle 0 0 0 0 0 0.0 0.0 220 26.0 0 0 0
3.220 0x00 idle 0 0 0 0 0 0.0 0.0 220 26.0 0 0 0
3.263 0x00 idle 0 0 0 0 0 0.0 0.0 220 26.0 0 0 0
3.301 0x00 idle 0 0 0 0 0 0.0 0.0 220 26.0 0 0 0
3.343 0x00 idle 0 0 0 0 0 0.0 0.0 220 26.0 0 0 0
3.379 0x00 idle 0 0 0 0 0 0.0 0.0 220 26.0 0 0 0
3.423 0x00 idle 0 0 0 0 0 0.0 0.0 220 26.0 0 0 0
3.464 0x00 idle 0 0 0 0 0 0.0 0.0 220 26.0 0 0 0
3.505 0x00 idle 0 0 0 0 0 0.0 0.0 220 26.0 0 0 0
3.546 0x00 idle 0 0 0 0 0 0.0 0.0 220 26.0 0 0 0
3.590 0x00 idle 0 0 0 0 0 0.0 0.0 220 26.0 0 0 0
3.621 0x00 idle 0 0 0 0 0 0.0 0.0 220 26.0 0 0 0
3.663 0x00 idle 0 0 0 0 0 0.0 0.0 220 26.0 0 0 0
3.700 0x00 idle 0 0 0 0 0 0.0 0.0 220 26.0 0 0 0
3.742 0x00 idle 0 0 0 0 0 0.0 0.0 220 26.0 0 0 0
3.783 0x00 idle 0 0 0 0 0 0.0 0.0 220 26.0 0 0 0
3.822 0x00 idle 0 0 0 0 0 0.0 0.0 220 26.0 0 0 0
3.862 0x00 idle 0 0 0 0 0 0.0 0.0 220 26.0 0 0 0
3.905 0x00 idle 0 0 0 0 0 0.0 0.0 220 26.0 0 0 0
3.943 0x00 idle 0 0 0 0 0 0.0 0.0 220 26.0 0 0 0
3.979 0x00 idle 0 0 0 0 0 0.0 0.0 220 26.0 0 0 0
4.021 0x00 idle 0 0 0 0 0 0.0 0.0 220 26.0 0 0 0
4.063 0x00 idle 0 0 0 0 0 0.0 0.0 220 26.0 0 0 0
4.108 0x00 idle 0 0 0 0 0 0.0 0.0 220 26.0 0 0 0
4.143 0x00 idle 0 0 0 0 0 0.0 0.0 220 26.0 0 0 0
4.186 0x00 idle 0 0 0 0 0 0.0 0.0 220 26.0 0 0 0
4.221 0x00 idle 0 0 0 0 0 0.0 0.0 220 26.0 0 0 0
4.260 0x00 idle 0 0 0 0 0 0.0 0.0 220 26.0 0 0 0
4.300 0x00 idle 0 0 0 0 0 0.0 0.0 220 26.0 0 0 0
4.339 0x00 idle 0 0 0 0 0 0.0 0.0 220 26.0 0 0 0
4.383 0x00 idle 0 0 0 0 0 0.0 0.0 220 26.0 0 0 0
4.421 0x00 idle 0 0 0 0 0 0.0 0.0 220 26.0 0 0 0
4.459 0x00 idle 0 0 0 0 0 0.0 0.0 220 26.0 0 0 0
4.502 0x00 idle 0 0 0 0 0 0.0 0.0 220 26.0 0 0 0
4.549 0x00 idle 0 0 0 0 0 0.0 0.0 220 26.0 0 0 0
4.581 0x00 idle 0 0 0 0 0 0.0 0.0 220 26.0 0 0 0
4.621 0x00 idle 0 0 0 0 0 0.0 0.0 220 26.0 0 0 0
4.665 0x00 idle 0 0 0 0 0 0.0 0.0 220 26.0 0 0 0
4.699 0x00 idle 0 0 0 0 0 0.0 0.0 220 26.0 0 0 0
4.742 0x00 idle 0 0 0 0 0 0.0 0.0 220 26.0 0 0 0
4.783 0x00 idle 0 0 0 0 0 0.0 0.0 220 26.0 0 0 0
4.823 0x00 idle 0 0 0 0 0 0.0 0.0 220 26.0 0 0 0
4.869 0x00 idle 0 0 0 0 0 0.0 0.0 220 26.0 0 0 0
4.907 0x00 idle 0 0 0 0 0 0.0 0.0 220 26.0 0 0 0
4.944 0x00 idle 0 0 0 0 0 0.0 0.0 220 26.0 0 0 0
4.979 0x00 idle 0 0 0 0 0 0.0 0.0 220 26.0 0 0 0
5.025 0x00 idle 0 0 0 0 0 0.0 0.0 220 26.0 0 0 0
5.063 0x00 idle 0 0 0 0 0 0.0 0.0 220 26.0 0 0 0
5.103 0x00 idle 0 0 0 0 0 0.0 0.0 220 26.0 0 0 0
5.138 0x00 idle 0 0 0 0 0 0.0 0.0 220 26.0 0 0 0
5.178 0x00 idle 0 0 0 0 0 0.0 0.0 220 26.0 0 0 0
5.219 0x00 idle 0 0 0 0 0 0.0 0.0 220 26.0 0 0 0
5.259 0x00 idle 0 0 0 0 0 0.0 0.0 220 26.0 0 0 0
5.304 0x00 idle 0 0 0 0 0 0.0 0.0 220 26.0 0 0 0
5.342 0x00 idle 0 0 0 0 0 0.0 0.0 220 26.0 0 0 0
5.387 0x00 idle 0 0 0 0 0 0.0 0.0 220 26.0 0 0 0
5.423 0x00 idle 0 0 0 0 0 0.0 0.0 220 26.0 0 0 0
5.465 0x00 idle 0 0 0 0 0 0.0 0.0 220 26.0 0 0 0
5.508 0x00 idle 0 0 0 0 0 0.0 0.0 220 26.0 0 0 0
5.540 0x00 idle 0 0 0 0 0 0.0 0.0 220 26.0 0 0 0
5.581 0x00 idle 0 0 0 0 0 0.0 0.0 220 26.0 0 0 0
5.625 0x00 idle 0 0 0 0 0 0.0 0.0 220 26.0 0 0 0
5.663 0x00 idle 0 0 0 0 0 0.0 0.0 220 26.0 0 0 0
5.704 0x00 idle 0 0 0 0 0 0.0 0.0 220 26.0 0 0 0
5.741 0x00 idle 0 0 0 0 0 0.0 0.0 220 26.0 0 0 0
5.784 0x00 idle 0 0 0 0 0 0.0 0.0 220 26.0 0 0 0
5.824 0x00 idle 0 0 0 0 0 0.0 0.0 220 26.0 0 0 0
5.861 0x00 idle 0 0 0 0 0 0.0 0.0 220 26.0 0 0 0
5.905 0x00 idle 0 0 0 0 0 0.0 0.0 220 26.0 0 0 0
5.942 0x00 idle 0 0 0 0 0 0.0 0.0 220 26.0 0 0 0
5.979 0x00 idle 0 0 0 0 0 0.0 0.0 220 26.0 0 0 0
6.022 0x00 idle 0 0 0 0 0 0.0 0.0 220 26.0 0 0 0
6.062 0x00 idle 0 0 0 0 0 0.0 0.0 220 26.0 0 0 0
6.100 0x00 idle 0 0 0 0 0 0.0 0.0 220 26.0 0 0 0
6.142 0x00 idle 0 0 0 0 0 0.0 0.0 220 26.0 0 0 0
6.188 0x00 idle 0 0 0 0 0 0.0 0.0 220 26.0 0 0 0
6.220 0x00 idle 0 0 0 0 0 0.0 0.0 220 26.0 0 0 0
6.264 0x00 idle 0 0 0 0 0 0.0 0.0 220 26.0 0 0 0
6.304 0x00 idle 0 0 0 0 0 0.0 0.0 220 26.0 0 0 0
6.351 0x00 idle 0 0 0 0 0 0.0 0.0 220 26.0 0 0 0
6.381 0x00 idle 0 0 0 0 0 0.0 0.0 220 26.0 0 0 0
6.421 0x00 idle 0 0 0 0 0 0.0 0.0 220 26.0 0 0 0
6.467 0x00 idle 0 0 0 0 0 0.0 0.0 220 26.0 0 0 0
6.502 0x00 idle 0 0 0 0 0 0.0 0.0 220 26.0 0 0 0
6.544 0x00 idle 0 0 0 0 0 0.0 0.0 220 26.0 0 0 0
6.579 0x00 idle 0 0 0 0 0 0.0 0.0 220 26.0 0 0 0
6.627 0x00 idle 0 0 0 0 0 0.0 0.0 220 26.0 0 0 0
6.660 0x00 idle 0 0 0 0 0 0.0 0.0 220 26.0 0 0 0
6.701 0x00 idle 0 0 0 0 0 0.0 0.0 220 26.0 0 0 0
6.744 0x00 idle 0 0 0 0 0 0.0 0.0 220 26.0 0 0 0
6.782 0x00 idle 0 0 0 0 0 0.0 0.0 220 26.0 0 0 0
6.824 0x00 idle 0 0 0 0 0 0.0 0.0 220 26.0 0 0 0
6.864 0x00 idle 0 0 0 0 0 0.0 0.0 220 26.0 0 0 0
6.903 0x00 idle 0 0 0 0 0 0.0 0.0 220 26.0 0 0 0
6.945 0x00 idle 0 0 0 0 0 0.0 0.0 220 26.0 0 0 0
6.986 0x00 idle 0 0 0 0 0 0.0 0.0 220 26.0 0 0 0
7.019 0x00 idle 0 0 0 0 0 0.0 0.0 220 26.0 0 0 0
7.062 0x00 idle 0 0 0 0 0 0.0 0.0 220 26.0 0 0 0
7.099 0x00 idle 0 0 0 0 0 0.0 0.0 220 26.0 0 0 0
7.143 0x00 idle 0 0 0 0 0 0.0 0.0 220 26.0 0 0 0
7.182 0x00 idle 0 0 0 0 0 0.0 0.0 220 26.0 0 0 0
7.219 0x00 idle 0 0 0 0 0 0.0 0.0 220 26.0 0 0 0
7.259 0x00 idle 0 0 0 0 0 0.0 0.0 220 26.0 0 0 0
7.304 0x00 idle 0 0 0 0 0 0.0 0.0 220 26.0 0 0 0
7.342 0x00 idle 0 0 0 0 0 0.0 0.0 220 26.0 0 0 0
7.380 0x00 idle 0 0 0 0 0 0.0 0.0 220 26.0 0 0 0
7.424 0x00 idle 0 0 0 0 0 0.0 0.0 220 26.0 0 0 0
7.464 0x00 idle 0 0 0 0 0 0.0 0.0 220 26.0 0 0 0
7.503 0x00 idle 0 0 0 0 0 0.0 0.0 220 26.0 0 0 0
7.541 0x00 idle 0 0 0 0 0 0.0 0.0 220 26.0 0 0 0
7.586 0x00 idle 0 0 0 0 0 0.0 0.0 220 26.0 0 0 0
7.622 0x00 idle 0 0 0 0 0 0.0 0.0 220 26.0 0 0 0
7.663 0x00 idle 0 0 0 0 0 0.0 0.0 220 26.0 0 0 0
7.705 0x00 idle 0 0 0 0 0 0.0 0.0 220 26.0 0 0 0
7.746 0x00 idle 0 0 0 0 0 0.0 0.0 220 26.0 0 0 0
7.780 0x00 idle 0 0 0 0 0 0.0 0.0 220 26.0 0 0 0
7.830 0x00 idle 0 0 0 0 0 0.0 0.0 220 26.0 0 0 0
7.864 0x00 idle 0 0 0 0 0 0.0 0.0 220 26.0 0 0 0
7.903 0x00 idle 0 0 0 0 0 0.0 0.0 220 26.0 0 0 0
7.943 0x00 idle 0 0 0 0 0 0.0 0.0 220 26.0 0 0 0
7.979 0x00 idle 0 0 0 0 0 0.0 0.0 220 26.0 0 0 0
8.021 0x00 idle 0 0 0 0 0 0.0 0.0 220 26.0 0 0 0
8.062 0x00 idle 0 0 0 0 0 0.0 0.0 220 26.0 0 0 0
8.101 0x00 idle 0 0 0 0 0 0.0 0.0 220 26.0 0 0 0
8.141 0x00 idle 0 0 0 0 0 0.0 0.0 220 26.0 0 0 0
8.184 0x00 idle 0 0 0 0 0 0.0 0.0 220 26.0 0 0 0
8.219 0x00 idle 0 0 0 0 0 0.0 0.0 220 26.0 0 0 0
8.264 0x00 idle 0 0 0 0 0 0.0 0.0 220 26.0 0 0 0
8.304 0x00 idle 0 0 0 0 0 0.0 0.0 220 26.0 0 0 0
8.343 0x00 idle 0 0 0 0 0 0.0 0.0 220 26.0 0 0 0
8.380 0x00 idle 0 0 0 0 0 0.0 0.0 220 26.0 0 0 0
8.421 0x00 idle 0 0 0 0 0 0.0 0.0 220 26.0 0 0 0
8.463 0x00 idle 0 0 0 0 0 0.0 0.0 220 26.0 0 0 0
8.503 0x00 idle 0 0 0 0 0 0.0 0.0 220 26.0 0 0 0
8.545 0x00 idle 0 0 0 0 0 0.0 0.0 220 26.0 0 0 0
8.579 0x00 idle 0 0 0 0 0 0.0 0.0 220 26.0 0 0 0
8.623 0x00 idle 0 0 0 0 0 0.0 0.0 220 26.0 0 0 0
8.665 0x00 idle 0 0 0 0 0 0.0 0.0 220 26.0 0 0 0
8.699 0x00 idle 0 0 0 0 0 0.0 0.0 220 26.0 0 0 0
8.739 0x00 idle 0 0 0 0 0 0.0 0.0 220 26.0 0 0 0
8.783 0x00 idle 0 0 0 0 0 0.0 0.0 220 26.0 0 0 0
8.821 0x00 idle 0 0 0 0 0 0.0 0.0 220 26.0 0 0 0
8.863 0x00 idle 0 0 0 0 0 0.0 0.0 220 26.0 0 0 0
8.901 0x00 idle 0 0 0 0 0 0.0 0.0 220 26.0 0 0 0
8.943 0x00 idle 0 0 0 0 0 0.0 0.0 220 26.0 0 0 0
8.987 0x00 idle 0 0 0 0 0 0.0 0.0 220 26.0 0 0 0
9.027 0x00 idle 0 0 0 0 0 0.0 0.0 220 26.0 0 0 0
9.062 0x00 idle 0 0 0 0 0 0.0 0.0 220 26.0 0 0 0
9.101 0x00 idle 0 0 0 0 0 0.0 0.0 220 26.0 0 0 0
9.149 0x00 idle 0 0 0 0 0 0.0 0.0 220 26.0 0 0 0
9.180 0x00 idle 0 0 0 0 0 0.0 0.0 220 26.0 0 0 0
9.226 0x00 idle 0 0 0 0 0 0.0 0.0 220 26.0 0 0 0
9.266 0x00 idle 0 0 0 0 0 0.0 0.0 220 26.0 0 0 0
9.314 0x00 idle 0 0 0 0 0 0.0 0.0 220 26.0 0 0 0
9.341 0x00 idle 0 0 0 0 0 0.0 0.0 220 26.0 0 0 0
9.382 0x00 idle 0 0 0 0 0 0.0 0.0 220 26.0 0 0 0
9.420 0x00 idle 0 0 0 0 0 0.0 0.0 220 26.0 0 0 0
9.464 0x00 idle 0 0 0 0 0 0.0 0.0 220 26.0 0 0 0
9.502 0x00 idle 0 0 0 0 0 0.0 0.0 220 26.0 0 0 0
9.550 0x00 idle 0 0 0 0 0 0.0 0.0 220 26.0 0 0 0
9.588 0x00 idle 0 0 0 0 0 0.0 0.0 220 26.0 0 0 0
9.623 0x00 idle 0 0 0 0 0 0.0 0.0 220 26.0 0 0 0
9.666 0x00 idle 0 0 0 0 0 0.0 0.0 220 26.0 0 0 0
9.704 0x00 idle 0 0 0 0 0 0.0 0.0 220 26.0 0 0 0
9.743 0x00 idle 0 0 0 0 0 0.0 0.0 220 26.0 0 0 0
9.781 0x00 idle 0 0 0 0 0 0.0 0.0 220 26.0 0 0 0
9.823 0x00 idle 0 0 0 0 0 0.0 0.0 220 26.0 0 0 0
9.865 0x00 idle 0 0 0 0 0 0.0 0.0 220 26.0 0 0 0
9.901 0x00 idle 0 0 0 0 0 0.0 0.0 220 26.0 0 0 0
9.946 0x00 idle 0 0 0 0 0 0.0 0.0 220 26.0 0 0 0
9.998 0x00 idle 0 0 0 0 0 0.0 0.0 220 26.0 0 0 0
10.028 0x00 idle 0 0 0 0 0 0.0 0.0 220 26.0 0 0 0
10.064 0x00 idle 0 0 0 0 0 0.0 0.0 220 26.0 0 0 0
10.099 0x00 idle 0 0 0 0 0 0.0 0.0 220 26.0 0 0 0
10.146 0x00 idle 0 0 0 0 0 0.0 0.0 220 26.0 0 0 0
10.184 0x00 idle 0 0 0 0 0 0.0 0.0 220 26.0 0 0 0
10.220 0x00 idle 0 0 0 0 0 0.0 0.0 220 26.0 0 0 0
10.260 0x00 idle 0 0 0 0 0 0.0 0.0 220 26.0 0 0 0
10.307 0x00 idle 0 0 0 0 0 0.0 0.0 220 26.0 0 0 0
10.344 0x00 idle 0 0 0 0 0 0.0 0.0 220 26.0 0 0 0
10.382 0x00 idle 0 0 0 0 0 0.0 0.0 220 26.0 0 0 0
10.422 0x00 idle 0 0 0 0 0 0.0 0.0 220 26.0 0 0 0
10.460 0x00 idle 0 0 0 0 0 0.0 0.0 220 26.0 0 0 0
10.504 0x00 idle 0 0 0 0 0 0.0 0.0 220 26.0 0 0 0
10.542 0x00 idle 0 0 0 0 0 0.0 0.0 220 26.0 0 0 0
10.580 0x00 idle 0 0 0 0 0 0.0 0.0 220 26.0 0 0 0
10.619 0x00 idle 0 0 0 0 0 0.0 0.0 220 26.0 0 0 0
10.666 0x00 idle 0 0 0 0 0 0.0 0.0 220 26.0 0 0 0
10.703 0x00 idle 0 0 0 0 0 0.0 0.0 220 26.0 0 0 0
10.742 0x00 idle 0 0 0 0 0 0.0 0.0 220 26.0 0 0 0
10.782 0x00 idle 0 0 0 0 0 0.0 0.0 220 26.0 0 0 0
10.819 0x00 idle 0 0 0 0 0 0.0 0.0 220 26.0 0 0 0
10.867 0x00 idle 0 0 0 0 0 0.0 0.0 220 26.0 0 0 0
10.903 0x00 idle 0 0 0 0 0 0.0 0.0 220 26.0 0 0 0
10.942 0x00 idle 0 0 0 0 0 0.0 0.0 220 26.0 0 0 0
10.984 0x00 idle 0 0 0 0 0 0.0 0.0 220 26.0 0 0 0
11.022 0x00 idle 0 0 0 0 0 0.0 0.0 220 26.0 0 0 0
11.064 0x00 idle 0 0 0 0 0 0.0 0.0 220 26.0 0 0 0
11.106 0x00 idle 0 0 0 0 0 0.0 0.0 220 26.0 0 0 0
11.150 0x00 idle 0 0 0 0 0 0.0 0.0 220 26.0 0 0 0
11.182 0x00 idle 0 0 0 0 0 0.0 0.0 220 26.0 0 0 0
11.223 0x00 idle 0 0 0 0 0 0.0 0.0 220 26.0 0 0 0
11.264 0x00 idle 0 0 0 0 0 0.0 0.0 220 26.0 0 0 0
11.300 0x00 idle 0 0 0 0 0 0.0 0.0 220 26.0 0 0 0
11.350 0x00 idle 0 0 0 0 0 0.0 0.0 220 26.0 0 0 0
11.383 0x00 idle 0 0 0 0 0 0.0 0.0 220 26.0 0 0 0
11.424 0x00 idle 0 0 0 0 0 0.0 0.0 220 26.0 0 0 0
11.459 0x00 idle 0 0 0 0 0 0.0 0.0 220 26.0 0 0 0
11.505 0x00 idle 0 0 0 0 0 0.0 0.0 220 26.0 0 0 0
11.542 0x00 idle 0 0 0 0 0 0.0 0.0 220 26.0 0 0 0
11.581 0x00 idle 0 0 0 0 0 0.0 0.0 220 26.0 0 0 0
11.623 0x00 idle 0 0 0 0 0 0.0 0.0 220 26.0 0 0 0
11.661 0x00 idle 0 0 0 0 0 0.0 0.0 220 26.0 0 0 0
11.704 0x00 idle 0 0 0 0 0 0.0 0.0 220 26.0 0 0 0
11.741 0x00 idle 0 0 0 0 0 0.0 0.0 220 26.0 0 0 0
11.782 0x00 idle 0 0 0 0 0 0.0 0.0 220 26.0 0 0 0
11.821 0x00 idle 0 0 0 0 0 0.0 0.0 220 26.0 0 0 0
11.862 0x00 idle 0 0 0 0 0 0.0 0.0 220 26.0 0 0 0
11.898 0x00 idle 0 0 0 0 0 0.0 0.0 220 26.0 0 0 0
11.940 0x00 idle 0 0 0 0 0 0.0 0.0 220 26.0 0 0 0
11.982 0x00 idle 0 0 0 0 0 0.0 0.0 220 26.0 0 0 0
12.026 0x00 idle 0 0 0 0 0 0.0 0.0 220 26.0 0 0 0
12.063 0x00 idle 0 0 0 0 0 0.0 0.0 220 26.0 0 0 0
12.106 0x00 idle 0 0 0 0 0 0.0 0.0 220 26.0 0 0 0
12.143 0x00 idle 0 0 0 0 0 0.0 0.0 220 26.0 0 0 0
12.180 0x00 idle 0 0 0 0 0 0.0 0.0 220 26.0 0 0 0
12.226 0x00 idle 0 0 0 0 0 0.0 0.0 220 26.0 0 0 0
12.258 0x00 idle 0 0 0 0 0 0.0 0.0 220 26.0 0 0 0
12.302 0x00 idle 0 0 0 0 0 0.0 0.0 220 26.0 0 0 0
12.344 0x00 idle 0 0 0 0 0 0.0 0.0 220 26.0 0 0 0
12.385 0x00 idle 0 0 0 0 0 0.0 0.0 220 26.0 0 0 0
12.425 0x00 idle 0 0 0 0 0 0.0 0.0 220 26.0 0 0 0
12.462 0x00 idle 0 0 0 0 0 0.0 0.0 220 26.0 0 0 0
12.503 0x00 idle 0 0 0 0 0 0.0 0.0 220 26.0 0 0 0
12.545 0x00 idle 0 0 0 0 0 0.0 0.0 220 26.0 0 0 0
12.584 0x00 idle 0 0 0 0 0 0.0 0.0 220 26.0 0 0 0
12.624 0x00 idle 0 0 0 0 0 0.0 0.0 220 26.0 0 0 0
12.663 0x00 idle 0 0 0 0 0 0.0 0.0 220 26.0 0 0 0
12.702 0x00 idle 0 0 0 0 0 0.0 0.0 220 26.0 0 0 0
12.746 0x00 idle 0 0 0 0 0 0.0 0.0 220 26.0 0 0 0
12.782 0x00 idle 0 0 0 0 0 0.0 0.0 220 26.0 0 0 0
12.821 0x00 idle 0 0 0 0 0 0.0 0.0 220 26.0 0 0 0
12.862 0x00 idle 0 0 0 0 0 0.0 0.0 220 26.0 0 0 0
12.907 0x00 idle 0 0 0 0 0 0.0 0.0 220 26.0 0 0 0
12.942 0x00 idle 0 0 0 0 0 0.0 0.0 220 26.0 0 0 0
12.981 0x00 idle 0 0 0 0 0 0.0 0.0 220 26.0 0 0 0
13.024 0x00 idle 0 0 0 0 0 0.0 0.0 220 26.0 0 0 0
13.061 0x00 idle 0 0 0 0 0 0.0 0.0 220 26.0 0 0 0
13.102 0x00 idle 0 0 0 0 0 0.0 0.0 220 26.0 0 0 0
13.144 0x00 idle 0 0 0 0 0 0.0 0.0 220 26.0 0 0 0
13.182 0x00 idle 0 0 0 0 0 0.0 0.0 220 26.0 0 0 0
13.227 0x00 idle 0 0 0 0 0 0.0 0.0 220 26.0 0 0 0
13.266 0x00 idle 0 0 0 0 0 0.0 0.0 220 26.0 0 0 0
13.299 0x00 idle 0 0 0 0 0 0.0 0.0 220 26.0 0 0 0
13.345 0x00 idle 0 0 0 0 0 0.0 0.0 220 26.0 0 0 0
13.387 0x00 idle 0 0 0 0 0 0.0 0.0 220 26.0 0 0 0
13.424 0x00 idle 0 0 0 0 0 0.0 0.0 220 26.0 0 0 0
13.469 0x00 idle 0 0 0 0 0 0.0 0.0 220 26.0 0 0 0
13.503 0x00 idle 0 0 0 0 0 0.0 0.0 220 26.0 0 0 0
13.546 0x00 idle 0 0 0 0 0 0.0 0.0 220 26.0 0 0 0
13.581 0x00 idle 0 0 0 0 0 0.0 0.0 220 26.0 0 0 0
13.625 0x00 idle 0 0 0 0 0 0.0 0.0 220 26.0 0 0 0
13.662 0x00 idle 0 0 0 0 0 0.0 0.0 220 26.0 0 0 0
13.707 0x00 idle 0 0 0 0 0 0.0 0.0 220 26.0 0 0 0
13.741 0x00 idle 0 0 0 0 0 0.0 0.0 220 26.0 0 0 0
13.786 0x00 idle 0 0 0 0 0 0.0 0.0 220 26.0 0 0 0
13.821 0x00 idle 0 0 0 0 0 0.0 0.0 220 26.0 0 0 0
13.865 0x00 idle 0 0 0 0 0 0.0 0.0 220 26.0 0 0 0
13.902 0x00 idle 0 0 0 0 0 0.0 0.0 220 26.0 0 0 0
13.940 0x00 idle 0 0 0 0 0 0.0 0.0 220 26.0 0 0 0
13.981 0x00 idle 0 0 0 0 0 0.0 0.0 220 26.0 0 0 0
14.019 0x00 idle 0 0 0 0 0 0.0 0.0 220 26.0 0 0 0
14.065 0x00 idle 0 0 0 0 0 0.0 0.0 220 26.0 0 0 0
14.104 0x00 idle 0 0 0 0 0 0.0 0.0 220 26.0 0 0 0
14.141 0x00 idle 0 0 0 0 0 0.0 0.0 220 26.0 0 0 0
14.179 0x00 idle 0 0 0 0 0 0.0 0.0 220 26.0 0 0 0
14.219 0x00 idle 0 0 0 0 0 0.0 0.0 220 26.0 0 0 0
14.263 0x00 idle 0 0 0 0 0 0.0 0.0 220 26.0 0 0 0
14.304 0x00 idle 0 0 0 0 0 0.0 0.0 220 26.0 0 0 0
14.343 0x00 idle 0 0 0 0 0 0.0 0.0 220 26.0 0 0 0
14.387 0x00 idle 0 0 0 0 0 0.0 0.0 220 26.0 0 0 0
14.425 0x00 idle 0 0 0 0 0 0.0 0.0 220 26.0 0 0 0
14.465 0x00 idle 0 0 0 0 0 0.0 0.0 220 26.0 0 0 0
14.514 0x00 idle 0 0 0 0 0 0.0 0.0 220 26.0 0 0 0
14.545 0x00 idle 0 0 0 0 0 0.0 0.0 220 26.0 0 0 0
14.582 0x00 idle 0 0 0 0 0 0.0 0.0 220 26.0 0 0 0
14.621 0x00 idle 0 0 0 0 0 0.0 0.0 220 26.0 0 0 0
14.667 0x00 idle 0 0 0 0 0 0.0 0.0 220 26.0 0 0 0
14.706 0x00 idle 0 0 0 0 0 0.0 0.0 220 26.0 0 0 0
14.746 0x00 idle 0 0 0 0 0 0.0 0.0 220 26.0 0 0 0
14.784 0x00 idle 0 0 0 0 0 0.0 0.0 220 26.0 0 0 0
14.820 0x00 idle 0 0 0 0 0 0.0 0.0 220 26.0 0 0 0
14.863 0x00 idle 0 0 0 0 0 0.0 0.0 220 26.0 0 0 0
14.899 0x00 idle 0 0 0 0 0 0.0 0.0 220 26.0 0 0 0
14.946 0x00 idle 0 0 0 0 0 0.0 0.0 220 26.0 0 0 0
14.982 0x00 idle 0 0 0 0 0 0.0 0.0 220 26.0 0 0 0
15.023 0x00 idle 0 0 0 0 0 0.0 0.0 220 26.0 0 0 0
15.062 0x00 idle 0 0 0 0 0 0.0 0.0 220 26.0 0 0 0
15.102 0x00 idle 0 0 0 0 0 0.0 0.0 220 26.0 0 0 0
15.150 0x00 idle 0 0 0 0 0 0.0 0.0 220 26.0 0 0 0
15.180 0x00 idle 0 0 0 0 0 0.0 0.0 220 26.0 0 0 0
15.220 0x00 idle 0 0 0 0 0 0.0 0.0 220 26.0 0 0 0
15.264 0x00 idle 0 0 0 0 0 0.0 0.0 220 26.0 0 0 0
15.307 0x00 idle 0 0 0 0 0 0.0 0.0 220 26.0 0 0 0
15.343 0x00 idle 0 0 0 0 0 0.0 0.0 220 26.0 0 0 0
15.381 0x00 idle 0 0 0 0 0 0.0 0.0 220 26.0 0 0 0
15.422 0x00 idle 0 0 0 0 0 0.0 0.0 220 26.0 0 0 0
15.461 0x00 idle 0 0 0 0 0 0.0 0.0 220 26.0 0 0 0
15.500 0x00 idle 0 0 0 0 0 0.0 0.0 220 26.0 0 0 0
15.540 0x00 idle 0 0 0 0 0 0.0 0.0 220 26.0 0 0 0
15.583 0x00 idle 0 0 0 0 0 0.0 0.0 220 26.0 0 0 0
15.620 0x00 idle 0 0 0 0 0 0.0 0.0 220 26.0 0 0 0
15.661 0x00 idle 0 0 0 0 0 0.0 0.0 220 26.0 0 0 0
15.700 0x00 idle 0 0 0 0 0 0.0 0.0 220 26.0 0 0 0
15.740 0x00 idle 0 0 0 0 0 0.0 0.0 220 26.0 0 0 0
15.787 0x00 idle 0 0 0 0 0 0.0 0.0 220 26.0 0 0 0
15.826 0x00 idle 0 0 0 0 0 0.0 0.0 220 26.0 0 0 0
15.882 0x00 idle 0 0 0 0 0 0.0 0.0 220 26.0 0 0 0
15.903 0x00 idle 0 0 0 0 0 0.0 0.0 220 26.0 0 0 0
15.944 0x00 idle 0 0 0 0 0 0.0 0.0 220 26.0 0 0 0
15.983 0x00 idle 0 0 0 0 0 0.0 0.0 220 26.0 0 0 0
16.021 0x00 idle 0 0 0 0 0 0.0 0.0 220 26.0 0 0 0
16.063 0x00 idle 0 0 0 0 0 0.0 0.0 220 26.0 0 0 0
16.101 0x00 idle 0 0 0 0 0 0.0 0.0 220 26.0 0 0 0
16.140 0x00 idle 0 0 0 0 0 0.0 0.0 220 26.0 0 0 0
16.179 0x00 idle 0 0 0 0 0 0.0 0.0 220 26.0 0 0 0
16.223 0x00 idle 0 0 0 0 0 0.0 0.0 220 26.0 0 0 0
16.263 0x00 idle 0 0 0 0 0 0.0 0.0 220 26.0 0 0 0
16.306 0x00 idle 0 0 0 0 0 0.0 0.0 220 26.0 0 0 0
16.345 0x00 idle 0 0 0 0 0 0.0 0.0 220 26.0 0 0 0
16.386 0x00 idle 0 0 0 0 0 0.0 0.0 220 26.0 0 0 0
16.419 0x00 idle 0 0 0 0 0 0.0 0.0 220 26.0 0 0 0
16.463 0x00 idle 0 0 0 0 0 0.0 0.0 220 26.0 0 0 0
16.500 0x00 idle 0 0 0 0 0 0.0 0.0 220 26.0 0 0 0
16.542 0x00 idle 0 0 0 0 0 0.0 0.0 220 26.0 0 0 0
16.587 0x00 idle 0 0 0 0 0 0.0 0.0 220 26.0 0 0 0
16.620 0x00 idle 0 0 0 0 0 0.0 0.0 220 26.0 0 0 0
16.661 0x00 idle 0 0 0 0 0 0.0 0.0 220 26.0 0 0 0
16.703 0x00 idle 0 0 0 0 0 0.0 0.0 220 26.0 0 0 0
16.743 0x00 idle 0 0 0 0 0 0.0 0.0 220 26.0 0 0 0
16.779 0x00 idle 0 0 0 0 0 0.0 0.0 220 26.0 0 0 0
16.822 0x00 idle 0 0 0 0 0 0.0 0.0 220 26.0 0 0 0
16.862 0x00 idle 0 0 0 0 0 0.0 0.0 220 26.0 0 0 0
16.901 0x00 idle 0 0 0 0 0 0.0 0.0 220 26.0 0 0 0
16.946 0x00 idle 0 0 0 0 0 0.0 0.0 220 26.0 0 0 0
16.982 0x00 idle 0 0 0 0 0 0.0 0.0 220 26.0 0 0 0
17.022 0x00 idle 0 0 0 0 0 0.0 0.0 220 26.0 0 0 0
17.065 0x00 idle 0 0 0 0 0 0.0 0.0 220 26.0 0 0 0
17.100 0x00 idle 0 0 0 0 0 0.0 0.0 220 26.0 0 0 0
17.145 0x00 idle 0 0 0 0 0 0.0 0.0 220 26.0 0 0 0
17.182 0x00 idle 0 0 0 0 0 0.0 0.0 220 26.0 0 0 0
17.220 0x00 idle 0 0 0 0 0 0.0 0.0 220 26.0 0 0 0
17.261 0x00 idle 0 0 0 0 0 0.0 0.0 220 26.0 0 0 0
17.314 0x00 idle 0 0 0 0 0 0.0 0.0 220 26.0 0 0 0
17.341 0x00 idle 0 0 0 0 0 0.0 0.0 220 26.0 0 0 0
17.388 0x00 idle 0 0 0 0 0 0.0 0.0 220 26.0 0 0 0
17.423 0x00 idle 0 0 0 0 0 0.0 0.0 220 26.0 0 0 0
17.460 0x00 idle 0 0 0 0 0 0.0 0.0 220 26.0 0 0 0
17.499 0x00 idle 0 0 0 0 0 0.0 0.0 220 26.0 0 0 0
17.544 0x00 idle 0 0 0 0 0 0.0 0.0 220 26.0 0 0 0
17.579 0x00 idle 0 0 0 0 0 0.0 0.0 220 26.0 0 0 0
17.619 0x00 idle 0 0 0 0 0 0.0 0.0 220 26.0 0 0 0
17.667 0x00 idle 0 0 0 0 0 0.0 0.0 220 26.0 0 0 0
17.709 0x00 idle 0 0 0 0 0 0.0 0.0 220 26.0 0 0 0
17.742 0x00 idle 0 0 0 0 0 0.0 0.0 220 26.0 0 0 0
17.786 0x00 idle 0 0 0 0 0 0.0 0.0 220 26.0 0 0 0
17.821 0x00 idle 0 0 0 0 0 0.0 0.0 220 26.0 0 0 0
17.869 0x00 idle 0 0 0 0 0 0.0 0.0 220 26.0 0 0 0
17.902 0x00 idle 0 0 0 0 0 0.0 0.0 220 26.0 0 0 0
17.949 0x00 idle 0 0 0 0 0 0.0 0.0 220 26.0 0 0 0
17.981 0x00 idle 0 0 0 0 0 0.0 0.0 220 26.0 0 0 0
18.024 0x00 idle 0 0 0 0 0 0.0 0.0 220 26.0 0 0 0
18.065 0x00 idle 0 0 0 0 0 0.0 0.0 220 26.0 0 0 0
18.107 0x00 idle 0 0 0 0 0 0.0 0.0 220 26.0 0 0 0
18.142 0x00 idle 0 0 0 0 0 0.0 0.0 220 26.0 0 0 0
18.180 0x00 idle 0 0 0 0 0 0.0 0.0 220 26.0 0 0 0
18.220 0x00 idle 0 0 0 0 0 0.0 0.0 220 26.0 0 0 0
18.266 0x00 idle 0 0 0 0 0 0.0 0.0 220 26.0 0 0 0
18.300 0x00 idle 0 0 0 0 0 0.0 0.0 220 26.0 0 0 0
18.354 0x00 idle 0 0 0 0 0 0.0 0.0 220 26.0 0 0 0
18.380 0x00 idle 0 0 0 0 0 0.0 0.0 220 26.0 0 0 0
18.421 0x00 idle 0 0 0 0 0 0.0 0.0 220 26.0 0 0 0
18.462 0x00 idle 0 0 0 0 0 0.0 0.0 220 26.0 0 0 0
18.504 0x00 idle 0 0 0 0 0 0.0 0.0 220 26.0 0 0 0
18.550 0x00 idle 0 0 0 0 0 0.0 0.0 220 26.0 0 0 0
18.584 0x00 idle 0 0 0 0 0 0.0 0.0 220 26.0 0 0 0
18.622 0x00 idle 0 0 0 0 0 0.0 0.0 220 26.0 0 0 0
18.661 0x00 idle 0 0 0 0 0 0.0 0.0 220 26.0 0 0 0
18.710 0x00 idle 0 0 0 0 0 0.0 0.0 220 26.0 0 0 0
18.741 0x00 idle 0 0 0 0 0 0.0 0.0 220 26.0 0 0 0
18.780 0x00 idle 0 0 0 0 0 0.0 0.0 220 26.0 0 0 0
18.824 0x00 idle 0 0 0 0 0 0.0 0.0 220 26.0 0 0 0
18.862 0x00 idle 0 0 0 0 0 0.0 0.0 220 26.0 0 0 0
18.905 0x00 idle 0 0 0 0 0 0.0 0.0 220 26.0 0 0 0
18.947 0x00 idle 0 0 0 0 0 0.0 0.0 220 26.0 0 0 0
18.986 0x00 idle 0 0 0 0 0 0.0 0.0 220 26.0 0 0 0
19.021 0x00 idle 0 0 0 0 0 0.0 0.0 220 26.0 0 0 0
19.063 0x00 idle 0 0 0 0 0 0.0 0.0 220 26.0 0 0 0
19.101 0x00 idle 0 0 0 0 0 0.0 0.0 220 26.0 0 0 0
19.143 0x00 idle 0 0 0 0 0 0.0 0.0 220 26.0 0 0 0
19.180 0x00 idle 0 0 0 0 0 0.0 0.0 220 26.0 0 0 0
19.222 0x00 idle 0 0 0 0 0 0.0 0.0 220 26.0 0 0 0
19.261 0x00 idle 0 0 0 0 0 0.0 0.0 220 26.0 0 0 0
19.301 0x00 idle 0 0 0 0 0 0.0 0.0 220 26.0 0 0 0
19.343 0x00 idle 0 0 0 0 0 0.0 0.0 220 26.0 0 0 0
19.386 0x00 idle 0 0 0 0 0 0.0 0.0 220 26.0 0 0 0
19.419 0x00 idle 0 0 0 0 0 0.0 0.0 220 26.0 0 0 0
19.469 0x00 idle 0 0 0 0 0 0.0 0.0 220 26.0 0 0 0
19.499 0x00 idle 0 0 0 0 0 0.0 0.0 220 26.0 0 0 0
19.542 0x00 idle 0 0 0 0 0 0.0 0.0 220 26.0 0 0 0
19.582 0x00 idle 0 0 0 0 0 0.0 0.0 220 26.0 0 0 0
19.622 0x00 idle 0 0 0 0 0 0.0 0.0 220 26.0 0 0 0
19.660 0x00 idle 0 0 0 0 0 0.0 0.0 220 26.0 0 0 0
19.702 0x00 idle 0 0 0 0 0 0.0 0.0 220 26.0 0 0 0
19.742 0x00 idle 0 0 0 0 0 0.0 0.0 220 26.0 0 0 0
19.788 0x00 idle 0 0 0 0 0 0.0 0.0 220 26.0 0 0 0
19.830 0x00 idle 0 0 0 0 0 0.0 0.0 220 26.0 0 0 0
19.865 0x00 idle 0 0 0 0 0 0.0 0.0 220 26.0 0 0 0
19.906 0x00 idle 0 0 0 0 0 0.0 0.0 220 26.0 0 0 0
19.942 0x00 idle 0 0 0 0 0 0.0 0.0 220 26.0 0 0 0
19.985 0x00 idle 0 0 0 0 0 0.0 0.0 220 26.0 0 0 0
20.023 0x00 idle 0 0 0 0 0 0.0 0.0 220 26.0 0 0 0
20.060 0x00 idle 0 0 0 0 0 0.0 0.0 220 26.0 0 0 0
20.104 0x00 idle 0 0 0 0 0 0.0 0.0 220 26.0 0 0 0
20.142 0x00 idle 0 0 0 0 0 0.0 0.0 220 26.0 0 0 0
20.182 0x00 idle 0 0 0 0 0 0.0 0.0 220 26.0 0 0 0
20.229 0x00 idle 0 0 0 0 0 0.0 0.0 220 26.0 0 0 0
20.264 0x00 idle 0 0 0 0 0 0.0 0.0 220 26.0 0 0 0
20.301 0x00 idle 0 0 0 0 0 0.0 0.0 220 26.0 0 0 0
20.352 0x00 idle 0 0 0 0 0 0.0 0.0 220 26.0 0 0 0
20.388 0x00 idle 0 0 0 0 0 0.0 0.0 220 26.0 0 0 0
20.424 0x00 idle 0 0 0 0 0 0.0 0.0 220 26.0 0 0 0
20.467 0x00 idle 0 0 0 0 0 0.0 0.0 220 26.0 0 0 0
20.501 0x00 idle 0 0 0 0 0 0.0 0.0 220 26.0 0 0 0
20.550 0x00 idle 0 0 0 0 0 0.0 0.0 220 26.0 0 0 0
20.582 0x00 idle 0 0 0 0 0 0.0 0.0 220 26.0 0 0 0
20.623 0x00 idle 0 0 0 0 0 0.0 0.0 220 26.0 0 0 0
20.662 0x00 idle 0 0 0 0 0 0.0 0.0 220 26.0 0 0 0
20.699 0x00 idle 0 0 0 0 0 0.0 0.0 220 26.0 0 0 0
20.741 0x00 idle 0 0 0 0 0 0.0 0.0 220 26.0 0 0 0
20.787 0x00 idle 0 0 0 0 0 0.0 0.0 220 26.0 0 0 0
20.824 0x00 idle 0 0 0 0 0 0.0 0.0 220 26.0 0 0 0
20.861 0x00 idle 0 0 0 0 0 0.0 0.0 220 26.0 0 0 0
20.903 0x00 idle 0 0 0 0 0 0.0 0.0 220 26.0 0 0 0
20.950 0x00 idle 0 0 0 0 0 0.0 0.0 220 26.0 0 0 0
20.984 0x00 idle 0 0 0 0 0 0.0 0.0 220 26.0 0 0 0
21.022 0x00 idle 0 0 0 0 0 0.0 0.0 220 26.0 0 0 0
21.064 0x00 idle 0 0 0 0 0 0.0 0.0 220 26.0 0 0 0
21.100 0x00 idle 0 0 0 0 0 0.0 0.0 220 26.0 0 0 0
21.140 0x00 idle 0 0 0 0 0 0.0 0.0 220 26.0 0 0 0
21.182 0x00 idle 0 0 0 0 0 0.0 0.0 220 26.0 0 0 0
21.222 0x00 idle 0 0 0 0 0 0.0 0.0 220 26.0 0 0 0
21.264 0x00 idle 0 0 0 0 0 0.0 0.0 220 26.0 0 0 0
21.300 0x00 idle 0 0 0 0 0 0.0 0.0 220 26.0 0 0 0
21.341 0x00 idle 0 0 0 0 0 0.0 0.0 220 26.0 0 0 0
21.388 0x00 idle 0 0 0 0 0 0.0 0.0 220 26.0 0 0 0
21.420 0x00 idle 0 0 0 0 0 0.0 0.0 220 26.0 0 0 0
21.460 0x00 idle 0 0 0 0 0 0.0 0.0 220 26.0 0 0 0
21.511 0x00 idle 0 0 0 0 0 0.0 0.0 220 26.0 0 0 0
21.542 0x00 idle 0 0 0 0 0 0.0 0.0 220 26.0 0 0 0
21.586 0x00 idle 0 0 0 0 0 0.0 0.0 220 26.0 0 0 0
21.624 0x00 idle 0 0 0 0 0 0.0 0.0 220 26.0 0 0 0
21.667 0x00 idle 0 0 0 0 0 0.0 0.0 220 26.0 0 0 0
21.701 0x00 idle 0 0 0 0 0 0.0 0.0 220 26.0 0 0 0
21.748 0x00 idle 0 0 0 0 0 0.0 0.0 220 26.0 0 0 0
21.785 0x00 idle 0 0 0 0 0 0.0 0.0 220 26.0 0 0 0
21.825 0x00 idle 0 0 0 0 0 0.0 0.0 220 26.0 0 0 0
21.861 0x00 idle 0 0 0 0 0 0.0 0.0 220 26.0 0 0 0
21.901 0x00 idle 0 0 0 0 0 0.0 0.0 220 26.0 0 0 0
21.940 0x00 idle 0 0 0 0 0 0.0 0.0 220 26.0 0 0 0
21.981 0x00 idle 0 0 0 0 0 0.0 0.0 220 26.0 0 0 0
22.020 0x00 idle 0 0 0 0 0 0.0 0.0 220 26.0 0 0 0
22.061 0x00 idle 0 0 0 0 0 0.0 0.0 220 26.0 0 0 0
22.103 0x00 idle 0 0 0 0 0 0.0 0.0 220 26.0 0 0 0
22.144 0x00 idle 0 0 0 0 0 0.0 0.0 220 26.0 0 0 0
22.181 0x00 idle 0 0 0 0 0 0.0 0.0 220 26.0 0 0 0
22.218 0x00 idle 0 0 0 0 0 0.0 0.0 220 26.0 0 0 0
22.264 0x00 idle 0 0 0 0 0 0.0 0.0 220 26.0 0 0 0
22.301 0x00 idle 0 0 0 0 0 0.0 0.0 220 26.0 0 0 0
22.339 0x00 idle 0 0 0 0 0 0.0 0.0 220 26.0 0 0 0
22.386 0x00 idle 0 0 0 0 0 0.0 0.0 220 26.0 0 0 0
22.423 0x00 idle 0 0 0 0 0 0.0 0.0 220 26.0 0 0 0
22.465 0x00 idle 0 0 0 0 0 0.0 0.0 220 26.0 0 0 0
22.506 0x00 idle 0 0 0 0 0 0.0 0.0 220 26.0 0 0 0
22.545 0x00 idle 0 0 0 0 0 0.0 0.0 220 26.0 0 0 0
22.583 0x00 idle 0 0 0 0 0 0.0 0.0 220 26.0 0 0 0
22.619 0x00 idle 0 0 0 0 0 0.0 0.0 220 26.0 0 0 0
22.660 0x00 idle 0 0 0 0 0 0.0 0.0 220 26.0 0 0 0
22.701 0x00 idle 0 0 0 0 0 0.0 0.0 220 26.0 0 0 0
22.749 0x00 idle 0 0 0 0 0 0.0 0.0 220 26.0 0 0 0
22.779 0x00 idle 0 0 0 0 0 0.0 0.0 220 26.0 0 0 0
22.824 0x00 idle 0 0 0 0 0 0.0 0.0 220 26.0 0 0 0
22.862 0x00 idle 0 0 0 0 0 0.0 0.0 220 26.0 0 0 0
22.902 0x00 idle 0 0 0 0 0 0.0 0.0 220 26.0 0 0 0
22.944 0x00 idle 0 0 0 0 0 0.0 0.0 220 26.0 0 0 0
22.983 0x00 idle 0 0 0 0 0 0.0 0.0 220 26.0 0 0 0
23.019 0x00 idle 0 0 0 0 0 0.0 0.0 220 26.0 0 0 0
23.060 0x00 idle 0 0 0 0 0 0.0 0.0 220 26.0 0 0 0
23.099 0x00 idle 0 0 0 0 0 0.0 0.0 220 26.0 0 0 0
23.142 0x00 idle 0 0 0 0 0 0.0 0.0 220 26.0 0 0 0
23.183 0x00 idle 0 0 0 0 0 0.0 0.0 220 26.0 0 0 0

[tcp_trajectory]
elapsed_s x_m y_m z_m qx qy qz qw speed_m_s tf_stamp_s along_mm remaining_mm cross_track_mm progress waypoint phase
0.0014 0.0316475 -1.7291464 0.6800312 -0.42157901 0.68460364 -0.50918780 -0.30711037 0.000000 1789552242.824798346 0.025 153.319 0.789 0.00000 -1 ACTUAL_TF
0.0154 0.0317318 -1.7291704 0.6798127 -0.42159358 0.68454177 -0.50924502 -0.30713340 0.004204 1789552242.880796909 -0.004 153.348 0.562 0.00000 -1 ACTUAL_TF
0.0667 0.0318143 -1.7291916 0.6796529 -0.42160904 0.68449344 -0.50929020 -0.30714498 0.003915 1789552242.936714888 -0.028 153.373 0.387 0.00000 -1 ACTUAL_TF
0.1255 0.0318631 -1.7292064 0.6795839 -0.42161583 0.68446467 -0.50931895 -0.30715210 0.003199 1789552242.992813587 -0.045 153.389 0.304 0.00000 -1 ACTUAL_TF
0.1790 0.0319005 -1.7292178 0.6795285 -0.42162277 0.68444667 -0.50933636 -0.30715382 0.002602 1789552243.048910379 -0.058 153.402 0.239 0.00000 -1 ACTUAL_TF
0.2326 0.0319222 -1.7292147 0.6794992 -0.42162929 0.68443698 -0.50934406 -0.30715368 0.002018 1789552243.104852438 -0.055 153.400 0.204 0.00000 -1 ACTUAL_TF
0.2853 0.0319199 -1.7292125 0.6794910 -0.42162931 0.68443547 -0.50934491 -0.30715562 0.001459 1789552243.160847902 -0.053 153.398 0.200 0.00000 -1 ACTUAL_TF
0.3380 0.0319096 -1.7291893 0.6794834 -0.42163416 0.68443849 -0.50933718 -0.30715504 0.001164 1789552243.216828108 -0.030 153.374 0.204 0.00000 -1 ACTUAL_TF
0.3950 0.0318977 -1.7291609 0.6794728 -0.42164057 0.68444315 -0.50932661 -0.30715341 0.000990 1789552243.272702694 -0.002 153.346 0.208 0.00000 -1 ACTUAL_TF
0.4555 0.0318806 -1.7291224 0.6794608 -0.42164848 0.68444789 -0.50931412 -0.30715269 0.000926 1789552243.328852177 0.037 153.307 0.217 0.00000 -1 ACTUAL_TF
0.5126 0.0318572 -1.7290769 0.6794471 -0.42165502 0.68445466 -0.50929877 -0.30715409 0.000933 1789552243.384727001 0.083 153.262 0.233 0.00000 -1 ACTUAL_TF
0.5658 0.0318187 -1.7290124 0.6794364 -0.42165980 0.68445916 -0.50928338 -0.30716301 0.001059 1789552243.440777779 0.147 153.197 0.265 0.00000 -1 ACTUAL_TF
0.6249 0.0317717 -1.7289431 0.6794362 -0.42166019 0.68445673 -0.50927559 -0.30718081 0.001190 1789552243.496845722 0.217 153.127 0.310 0.00000 -1 ACTUAL_TF
0.6774 0.0317151 -1.7288240 0.6794252 -0.42165334 0.68446686 -0.50926076 -0.30719223 0.001533 1789552243.553527832 0.337 153.007 0.362 0.00000 -1 ACTUAL_TF
0.7381 0.0317199 -1.7286850 0.6794143 -0.42165730 0.68447011 -0.50925704 -0.30718571 0.001830 1789552243.608804226 0.476 152.869 0.354 0.00000 -1 ACTUAL_TF
0.7991 0.0317464 -1.7284971 0.6794003 -0.42166998 0.68446947 -0.50925354 -0.30717553 0.002302 1789552243.664733648 0.663 152.681 0.323 0.00000 -1 ACTUAL_TF
0.8483 0.0317650 -1.7282819 0.6793892 -0.42167778 0.68446839 -0.50925250 -0.30716894 0.002771 1789552243.720659971 0.878 152.467 0.301 0.00000 -1 ACTUAL_TF
0.9010 0.0317641 -1.7280759 0.6793707 -0.42169284 0.68446970 -0.50923973 -0.30716651 0.003047 1789552243.776706457 1.083 152.261 0.300 0.00000 -1 ACTUAL_TF
0.9564 0.0317770 -1.7278317 0.6793657 -0.42169078 0.68446842 -0.50924529 -0.30716299 0.003442 1789552243.832760334 1.327 152.017 0.284 0.00000 -1 ACTUAL_TF
1.0166 0.0317763 -1.7275885 0.6793533 -0.42169911 0.68446744 -0.50923982 -0.30716280 0.003716 1789552243.888682127 1.570 151.774 0.283 0.00000 -1 ACTUAL_TF
1.0724 0.0317840 -1.7272963 0.6793377 -0.42170902 0.68446696 -0.50923436 -0.30715933 0.004168 1789552243.944727898 1.862 151.482 0.275 0.00000 -1 ACTUAL_TF
1.1367 0.0318121 -1.7270579 0.6793299 -0.42170464 0.68447000 -0.50924259 -0.30714492 0.004206 1789552244.000638008 2.100 151.244 0.248 0.00000 -1 ACTUAL_TF
1.1836 0.0318109 -1.7267396 0.6793146 -0.42171951 0.68446568 -0.50923425 -0.30714796 0.004649 1789552244.056711674 2.418 150.926 0.252 0.00000 -1 ACTUAL_TF
1.2401 0.0317961 -1.7264094 0.6792963 -0.42171709 0.68447424 -0.50922654 -0.30714499 0.005027 1789552244.112734795 2.748 150.596 0.271 0.00000 -1 ACTUAL_TF
1.3060 0.0318024 -1.7261256 0.6792933 -0.42171955 0.68446768 -0.50923147 -0.30714806 0.005019 1789552244.169494867 3.032 150.313 0.265 0.00000 -1 ACTUAL_TF
1.3532 0.0318049 -1.7257122 0.6792708 -0.42173629 0.68446628 -0.50922112 -0.30714535 0.005762 1789552244.224744081 3.445 149.900 0.273 0.00000 -1 ACTUAL_TF
1.4035 0.0318118 -1.7254054 0.6792755 -0.42173283 0.68445596 -0.50923321 -0.30715306 0.005677 1789552244.280747890 3.751 149.593 0.264 0.00000 -1 ACTUAL_TF
1.4675 0.0318297 -1.7249972 0.6792642 -0.42174098 0.68445326 -0.50923532 -0.30714437 0.006164 1789552244.336752653 4.159 149.185 0.256 0.00000 -1 ACTUAL_TF
1.5168 0.0318417 -1.7246528 0.6792663 -0.42175456 0.68443686 -0.50924090 -0.30715302 0.006158 1789552244.392822266 4.503 148.841 0.246 0.00000 -1 ACTUAL_TF
1.5794 0.0318418 -1.7242164 0.6792599 -0.42175513 0.68443389 -0.50924441 -0.30715305 0.006651 1789552244.448759556 4.939 148.405 0.252 0.00000 -1 ACTUAL_TF
1.6289 0.0318327 -1.7238226 0.6792414 -0.42176782 0.68443535 -0.50923389 -0.30714978 0.006770 1789552244.504709244 5.333 148.012 0.273 0.00000 -1 ACTUAL_TF
1.6953 0.0318246 -1.7233601 0.6792358 -0.42176474 0.68443936 -0.50923095 -0.30714997 0.007208 1789552244.560923100 5.795 147.549 0.284 0.00000 -1 ACTUAL_TF
1.7503 0.0318256 -1.7228631 0.6792126 -0.42178241 0.68444583 -0.50921286 -0.30714129 0.007715 1789552244.616838217 6.292 147.053 0.304 0.00000 -1 ACTUAL_TF
1.7999 0.0318284 -1.7224988 0.6792173 -0.42177909 0.68444056 -0.50922114 -0.30714387 0.007355 1789552244.672762632 6.656 146.688 0.301 0.00000 -1 ACTUAL_TF
1.8521 0.0318375 -1.7220567 0.6792261 -0.42178301 0.68443412 -0.50922649 -0.30714395 0.007518 1789552244.728765011 7.098 146.246 0.291 0.00000 -1 ACTUAL_TF
1.9162 0.0318571 -1.7216802 0.6792229 -0.42179288 0.68443673 -0.50922142 -0.30713298 0.007289 1789552244.784583330 7.474 145.870 0.288 0.00000 -1 ACTUAL_TF
1.9713 0.0318483 -1.7212514 0.6792259 -0.42179417 0.68443763 -0.50921826 -0.30713445 0.007399 1789552244.840608835 7.903 145.441 0.293 0.00000 -1 ACTUAL_TF
2.0220 0.0318574 -1.7208650 0.6792243 -0.42180129 0.68443744 -0.50921717 -0.30712691 0.007246 1789552244.896715164 8.289 145.055 0.294 0.00000 -1 ACTUAL_TF
2.0763 0.0318838 -1.7204150 0.6792375 -0.42181701 0.68442625 -0.50922121 -0.30712355 0.007494 1789552244.952585220 8.739 144.605 0.278 0.00000 -1 ACTUAL_TF
2.1413 0.0318860 -1.7199915 0.6792520 -0.42181504 0.68442255 -0.50922710 -0.30712473 0.007494 1789552245.009128571 9.163 144.182 0.268 0.00000 -1 ACTUAL_TF
2.1908 0.0318829 -1.7196646 0.6792794 -0.42180033 0.68441441 -0.50924484 -0.30713367 0.007015 1789552245.064777374 9.490 143.854 0.246 0.00000 -1 ACTUAL_TF
2.2522 0.0318883 -1.7192461 0.6792973 -0.42179408 0.68441357 -0.50925183 -0.30713253 0.007153 1789552245.120818377 9.909 143.436 0.233 0.00000 -1 ACTUAL_TF
2.3076 0.0318952 -1.7189160 0.6793267 -0.42178139 0.68440546 -0.50927232 -0.30713406 0.006783 1789552245.176800251 10.239 143.105 0.207 0.00000 -1 ACTUAL_TF
2.3561 0.0318931 -1.7184591 0.6793256 -0.42178721 0.68441073 -0.50926550 -0.30712564 0.007197 1789552245.232769489 10.696 142.649 0.214 0.00000 -1 ACTUAL_TF
2.4129 0.0318893 -1.7181268 0.6793352 -0.42177714 0.68441305 -0.50927107 -0.30712506 0.006820 1789552245.288752317 11.028 142.316 0.209 0.00000 -1 ACTUAL_TF
2.4750 0.0318907 -1.7176587 0.6793241 -0.42179146 0.68442223 -0.50925548 -0.30711078 0.007281 1789552245.344783545 11.496 141.848 0.226 0.00000 -1 ACTUAL_TF
2.5243 0.0318955 -1.7173276 0.6793493 -0.42178202 0.68441344 -0.50927118 -0.30711729 0.006877 1789552245.400727749 11.827 141.517 0.205 0.00000 -1 ACTUAL_TF
2.5888 0.0318933 -1.7168942 0.6793580 -0.42178253 0.68441722 -0.50926916 -0.30711154 0.007134 1789552245.456782579 12.261 141.084 0.203 0.00000 -1 ACTUAL_TF
2.6391 0.0318914 -1.7164845 0.6793817 -0.42177686 0.68441193 -0.50927911 -0.30711459 0.007192 1789552245.512799740 12.671 140.674 0.185 0.00000 -1 ACTUAL_TF
2.6906 0.0318771 -1.7161130 0.6793869 -0.42177842 0.68441671 -0.50927177 -0.30711397 0.007031 1789552245.568668127 13.042 140.302 0.187 0.00000 -1 ACTUAL_TF
2.7522 0.0318747 -1.7157002 0.6794020 -0.42177614 0.68441737 -0.50927300 -0.30711360 0.007130 1789552245.624792814 13.455 139.889 0.178 0.00000 -1 ACTUAL_TF
2.8006 0.0318740 -1.7153377 0.6794149 -0.42177604 0.68441393 -0.50927743 -0.30711405 0.006930 1789552245.680887222 13.818 139.526 0.170 0.00000 -1 ACTUAL_TF
2.8644 0.0318753 -1.7149574 0.6794433 -0.42175756 0.68441060 -0.50929540 -0.30711706 0.006901 1789552245.736713648 14.199 139.146 0.147 0.00000 -1 ACTUAL_TF
2.9222 0.0318550 -1.7145993 0.6794563 -0.42175350 0.68440961 -0.50929679 -0.30712253 0.006751 1789552245.792794704 14.557 138.787 0.141 0.00000 -1 ACTUAL_TF
2.9723 0.0318534 -1.7141567 0.6794540 -0.42175812 0.68441863 -0.50928672 -0.30711278 0.007098 1789552245.848744154 15.000 138.345 0.150 0.00000 -1 ACTUAL_TF
3.0309 0.0318662 -1.7138120 0.6794825 -0.42175744 0.68440249 -0.50930532 -0.30711885 0.006823 1789552245.904746294 15.345 138.000 0.126 0.00000 -1 ACTUAL_TF
3.0847 0.0318658 -1.7133911 0.6795031 -0.42175254 0.68439765 -0.50931404 -0.30712189 0.007027 1789552245.960926294 15.766 137.579 0.112 0.00000 -1 ACTUAL_TF
3.1415 0.0318591 -1.7129611 0.6795045 -0.42176886 0.68439982 -0.50929776 -0.30712166 0.007227 1789552246.016808987 16.196 137.149 0.117 0.00000 -1 ACTUAL_TF
3.2033 0.0318745 -1.7126209 0.6795164 -0.42176690 0.68439956 -0.50930261 -0.30711689 0.006886 1789552246.072767973 16.536 136.808 0.113 0.00000 -1 ACTUAL_TF
3.2512 0.0318606 -1.7121920 0.6795225 -0.42177320 0.68440106 -0.50929358 -0.30711987 0.007120 1789552246.128744364 16.965 136.379 0.112 0.00000 -1 ACTUAL_TF
3.3121 0.0318353 -1.7118393 0.6795322 -0.42177448 0.68440077 -0.50928989 -0.30712486 0.006879 1789552246.184757233 17.318 136.026 0.107 0.00000 -1 ACTUAL_TF
3.3637 0.0318132 -1.7114210 0.6795552 -0.42176026 0.68440019 -0.50929790 -0.30713239 0.007064 1789552246.240722418 17.737 135.607 0.092 0.00000 -1 ACTUAL_TF
3.4241 0.0318064 -1.7110517 0.6795531 -0.42177112 0.68440173 -0.50928838 -0.30712984 0.006923 1789552246.296748638 18.106 135.238 0.100 0.00000 -1 ACTUAL_TF
3.4750 0.0317996 -1.7106320 0.6795643 -0.42176990 0.68440399 -0.50928721 -0.30712842 0.007094 1789552246.352764130 18.526 134.818 0.096 0.00000 -1 ACTUAL_TF
3.5406 0.0317919 -1.7102434 0.6796026 -0.42175184 0.68439036 -0.50930989 -0.30714600 0.007057 1789552246.408804655 18.915 134.429 0.066 0.00000 -1 ACTUAL_TF
3.5907 0.0318102 -1.7099205 0.6796212 -0.42174314 0.68438654 -0.50932434 -0.30714250 0.006679 1789552246.464708090 19.238 134.106 0.047 0.00000 -1 ACTUAL_TF
3.6448 0.0318058 -1.7094948 0.6796313 -0.42174719 0.68438399 -0.50932283 -0.30714510 0.006955 1789552246.520733356 19.664 133.680 0.044 0.00000 -1 ACTUAL_TF
3.7029 0.0318030 -1.7091410 0.6796494 -0.42173580 0.68438209 -0.50933335 -0.30714753 0.006767 1789552246.576724768 20.018 133.326 0.031 0.00000 -1 ACTUAL_TF
3.7633 0.0318050 -1.7087041 0.6796509 -0.42174572 0.68438094 -0.50932757 -0.30714605 0.007072 1789552246.632845163 20.455 132.890 0.037 0.00000 -1 ACTUAL_TF
3.8152 0.0318049 -1.7083330 0.6796498 -0.42175707 0.68437937 -0.50932207 -0.30714311 0.006941 1789552246.688773394 20.826 132.518 0.045 0.00000 -1 ACTUAL_TF
3.8662 0.0318112 -1.7079438 0.6796662 -0.42174803 0.68438042 -0.50932929 -0.30714120 0.006951 1789552246.744642735 21.215 132.129 0.041 0.00000 -1 ACTUAL_TF
3.9248 0.0318021 -1.7075594 0.6796533 -0.42175583 0.68439149 -0.50931351 -0.30713198 0.006921 1789552246.800806284 21.599 131.745 0.056 0.00000 -1 ACTUAL_TF
3.9846 0.0317932 -1.7071370 0.6796569 -0.42175122 0.68439819 -0.50931076 -0.30712795 0.007111 1789552246.856740236 22.022 131.322 0.058 0.00000 -1 ACTUAL_TF
4.0365 0.0317573 -1.7067068 0.6796610 -0.42174292 0.68440673 -0.50930379 -0.30713186 0.007291 1789552246.912710905 22.452 130.892 0.059 0.00000 -1 ACTUAL_TF
4.0954 0.0317571 -1.7063481 0.6796695 -0.42173465 0.68440941 -0.50930784 -0.30713055 0.007024 1789552246.968769550 22.811 130.533 0.055 0.00000 -1 ACTUAL_TF
4.1544 0.0317544 -1.7059177 0.6796784 -0.42173418 0.68441202 -0.50930767 -0.30712564 0.007229 1789552247.024634838 23.242 130.103 0.052 0.00000 -1 ACTUAL_TF
4.2042 0.0317719 -1.7055746 0.6796807 -0.42173923 0.68441251 -0.50930679 -0.30711908 0.006888 1789552247.081005573 23.585 129.760 0.058 0.00000 -1 ACTUAL_TF
4.2660 0.0317787 -1.7051675 0.6796970 -0.42173834 0.68440652 -0.50931578 -0.30711873 0.007017 1789552247.136693001 23.992 129.353 0.055 0.00000 -1 ACTUAL_TF
4.3162 0.0317597 -1.7047911 0.6797037 -0.42173587 0.68440758 -0.50931480 -0.30712142 0.006922 1789552247.192964554 24.368 128.976 0.047 0.00000 -1 ACTUAL_TF
4.3803 0.0317434 -1.7043883 0.6797217 -0.42173222 0.68439925 -0.50932096 -0.30713477 0.007015 1789552247.248767614 24.772 128.573 0.033 0.00000 -1 ACTUAL_TF
4.4281 0.0317369 -1.7039299 0.6797262 -0.42174359 0.68439625 -0.50931554 -0.30713482 0.007361 1789552247.304888487 25.230 128.114 0.036 0.00000 -1 ACTUAL_TF
4.4915 0.0317285 -1.7036068 0.6797501 -0.42173186 0.68438569 -0.50933185 -0.30714740 0.006880 1789552247.361177921 25.554 127.791 0.016 0.00000 -1 ACTUAL_TF
4.5421 0.0317231 -1.7031902 0.6797662 -0.42173133 0.68438034 -0.50933606 -0.30715307 0.007056 1789552247.417022705 25.971 127.374 0.007 0.00000 -1 ACTUAL_TF
4.6034 0.0317423 -1.7028393 0.6797681 -0.42173513 0.68438264 -0.50933576 -0.30714323 0.006830 1789552247.472768784 26.321 127.023 0.028 0.00000 -1 ACTUAL_TF
4.6537 0.0317362 -1.7023743 0.6797488 -0.42174399 0.68439992 -0.50931477 -0.30712736 0.007277 1789552247.528713465 26.786 126.559 0.045 0.00000 -1 ACTUAL_TF
4.7148 0.0317557 -1.7020186 0.6797529 -0.42174794 0.68440048 -0.50931779 -0.30711568 0.007000 1789552247.584798813 27.141 126.203 0.064 0.00000 -1 ACTUAL_TF
4.7659 0.0317367 -1.7015707 0.6797538 -0.42175120 0.68440664 -0.50930851 -0.30711288 0.007305 1789552247.640718699 27.589 125.755 0.058 0.00000 -1 ACTUAL_TF
4.8158 0.0317184 -1.7012287 0.6797685 -0.42175236 0.68439968 -0.50930948 -0.30712519 0.006954 1789552247.696581125 27.932 125.413 0.043 0.00000 -1 ACTUAL_TF
4.8821 0.0317125 -1.7008089 0.6797796 -0.42174814 0.68440189 -0.50931143 -0.30712283 0.007109 1789552247.752799034 28.352 124.993 0.039 0.00000 -1 ACTUAL_TF
4.9333 0.0316929 -1.7003844 0.6797864 -0.42175151 0.68440048 -0.50930634 -0.30712977 0.007258 1789552247.808696747 28.776 124.568 0.032 0.00000 -1 ACTUAL_TF
4.9945 0.0316888 -1.7000339 0.6797818 -0.42175118 0.68440906 -0.50930021 -0.30712127 0.006957 1789552247.864720821 29.127 124.218 0.042 0.00000 -1 ACTUAL_TF
5.0440 0.0316589 -1.6996046 0.6797924 -0.42174661 0.68440955 -0.50929948 -0.30712766 0.007177 1789552247.920702457 29.557 123.788 0.038 0.00000 -1 ACTUAL_TF
5.1045 0.0316494 -1.6992413 0.6798039 -0.42174113 0.68441008 -0.50930257 -0.30712890 0.006968 1789552247.976800203 29.920 123.424 0.035 0.00000 -1 ACTUAL_TF
5.1522 0.0316571 -1.6988299 0.6798233 -0.42174422 0.68439844 -0.50931334 -0.30713273 0.007085 1789552248.032800674 30.332 123.013 0.018 0.00000 -1 ACTUAL_TF
5.2133 0.0316439 -1.6985077 0.6798585 -0.42172337 0.68438509 -0.50933890 -0.30714872 0.006700 1789552248.088699579 30.654 122.690 0.018 0.00000 -1 ACTUAL_TF
5.2727 0.0316420 -1.6980953 0.6798796 -0.42172771 0.68437132 -0.50934776 -0.30715874 0.006899 1789552248.144793272 31.067 122.277 0.029 0.00000 -1 ACTUAL_TF
5.3309 0.0316466 -1.6976717 0.6798923 -0.42173452 0.68436378 -0.50935039 -0.30716184 0.007097 1789552248.200851202 31.491 121.854 0.034 0.00000 -1 ACTUAL_TF
5.3813 0.0316434 -1.6972800 0.6798701 -0.42174978 0.68437904 -0.50932677 -0.30714603 0.007073 1789552248.256781101 31.882 121.462 0.007 0.00000 -1 ACTUAL_TF
5.4343 0.0316349 -1.6968655 0.6798719 -0.42174061 0.68438828 -0.50932357 -0.30714336 0.007172 1789552248.312770367 32.297 121.048 0.002 0.00000 -1 ACTUAL_TF
5.5046 0.0316227 -1.6964850 0.6798636 -0.42175158 0.68439701 -0.50930693 -0.30713644 0.007062 1789552248.368712187 32.677 120.667 0.014 0.00000 -1 ACTUAL_TF
5.5526 0.0316243 -1.6960524 0.6798618 -0.42175459 0.68440222 -0.50930193 -0.30712898 0.007261 1789552248.424717426 33.110 120.235 0.022 0.00000 -1 ACTUAL_TF
5.6053 0.0316136 -1.6957229 0.6798782 -0.42174109 0.68440175 -0.50931089 -0.30713371 0.006848 1789552248.480823517 33.439 119.905 0.011 0.00000 -1 ACTUAL_TF
5.6690 0.0315987 -1.6952688 0.6798561 -0.42174617 0.68442118 -0.50928874 -0.30712019 0.007232 1789552248.536769629 33.893 119.451 0.042 0.00000 -1 ACTUAL_TF
5.7185 0.0316218 -1.6949401 0.6798787 -0.42173133 0.68441625 -0.50931078 -0.30711498 0.006830 1789552248.592834949 34.222 119.122 0.027 0.00000 -1 ACTUAL_TF
5.7732 0.0316108 -1.6944958 0.6798874 -0.42172646 0.68441770 -0.50931291 -0.30711491 0.007165 1789552248.648783207 34.666 118.678 0.023 0.00000 -1 ACTUAL_TF
5.8318 0.0316180 -1.6940766 0.6798937 -0.42172610 0.68441580 -0.50931688 -0.30711305 0.007264 1789552248.704720736 35.086 118.259 0.031 0.00000 -1 ACTUAL_TF
5.8831 0.0316212 -1.6937003 0.6798892 -0.42173649 0.68441681 -0.50930936 -0.30710900 0.007104 1789552248.760628939 35.462 117.883 0.044 0.00000 -1 ACTUAL_TF
5.9472 0.0316321 -1.6933168 0.6799177 -0.42172477 0.68440542 -0.50933108 -0.30711446 0.007035 1789552248.816603422 35.845 117.499 0.048 0.00000 -1 ACTUAL_TF
5.9943 0.0316130 -1.6929685 0.6799421 -0.42172074 0.68439294 -0.50934105 -0.30713127 0.006791 1789552248.872809410 36.194 117.150 0.035 0.00000 -1 ACTUAL_TF
6.0554 0.0316007 -1.6925304 0.6799362 -0.42172967 0.68439677 -0.50932889 -0.30713065 0.007106 1789552248.928697824 36.632 116.712 0.027 0.00000 -1 ACTUAL_TF
6.1081 0.0315937 -1.6921728 0.6799502 -0.42172505 0.68439116 -0.50933732 -0.30713551 0.006891 1789552248.984739542 36.990 116.354 0.025 0.00000 -1 ACTUAL_TF
6.1679 0.0315850 -1.6917354 0.6799415 -0.42173125 0.68439943 -0.50932453 -0.30712977 0.007166 1789552249.040763617 37.427 115.917 0.024 0.00000 -1 ACTUAL_TF
6.2220 0.0315871 -1.6913625 0.6799365 -0.42174420 0.68440289 -0.50931302 -0.30712335 0.007015 1789552249.096741915 37.800 115.544 0.035 0.00000 -1 ACTUAL_TF
6.2781 0.0315970 -1.6909412 0.6799426 -0.42174225 0.68440325 -0.50931678 -0.30711900 0.007163 1789552249.152879715 38.221 115.123 0.049 0.00000 -1 ACTUAL_TF
6.3348 0.0315989 -1.6905376 0.6799516 -0.42173636 0.68440371 -0.50932111 -0.30711887 0.007187 1789552249.208608389 38.625 114.719 0.055 0.00000 -1 ACTUAL_TF
6.3898 0.0315787 -1.6901587 0.6799381 -0.42175120 0.68441108 -0.50929870 -0.30711925 0.007065 1789552249.264620781 39.004 114.340 0.053 0.00000 -1 ACTUAL_TF
6.4556 0.0315728 -1.6897218 0.6799351 -0.42175873 0.68441429 -0.50929208 -0.30711273 0.007276 1789552249.320875645 39.441 113.904 0.060 0.00000 -1 ACTUAL_TF
6.4996 0.0315571 -1.6893677 0.6799548 -0.42174985 0.68440722 -0.50930088 -0.30712609 0.006999 1789552249.376746178 39.795 113.549 0.042 0.00000 -1 ACTUAL_TF
6.5613 0.0315326 -1.6889506 0.6799654 -0.42174499 0.68440633 -0.50930233 -0.30713235 0.007139 1789552249.432745218 40.213 113.132 0.029 0.00000 -1 ACTUAL_TF
6.6197 0.0315191 -1.6885891 0.6799673 -0.42174825 0.68440773 -0.50929811 -0.30713173 0.006939 1789552249.488628149 40.574 112.770 0.032 0.00000 -1 ACTUAL_TF
6.6708 0.0315229 -1.6882102 0.6799933 -0.42173351 0.68439936 -0.50931715 -0.30713907 0.006890 1789552249.544687033 40.954 112.391 0.015 0.00000 -1 ACTUAL_TF
6.7326 0.0315164 -1.6877869 0.6800122 -0.42172527 0.68439366 -0.50932882 -0.30714374 0.007089 1789552249.600781202 41.377 111.967 0.008 0.00000 -1 ACTUAL_TF
6.7789 0.0314870 -1.6874290 0.6800162 -0.42172012 0.68439883 -0.50932239 -0.30714993 0.006891 1789552249.656655312 41.735 111.609 0.017 0.00000 -1 ACTUAL_TF
6.8379 0.0314836 -1.6869639 0.6800109 -0.42172316 0.68440793 -0.50931451 -0.30713855 0.007310 1789552249.712780714 42.200 111.144 0.019 0.00000 -1 ACTUAL_TF
6.8963 0.0314891 -1.6866309 0.6800216 -0.42171490 0.68440921 -0.50932091 -0.30713643 0.006901 1789552249.768803358 42.533 110.811 0.009 0.00000 -1 ACTUAL_TF
6.9587 0.0314943 -1.6862102 0.6800238 -0.42172464 0.68440755 -0.50931684 -0.30713350 0.007086 1789552249.824764013 42.954 110.390 0.014 0.00000 -1 ACTUAL_TF
7.0117 0.0315026 -1.6858649 0.6800322 -0.42172666 0.68440485 -0.50932121 -0.30712950 0.006809 1789552249.880830050 43.299 110.045 0.023 0.00000 -1 ACTUAL_TF
7.0697 0.0314961 -1.6854477 0.6800411 -0.42172404 0.68440525 -0.50932229 -0.30713042 0.007003 1789552249.936802149 43.717 109.628 0.021 0.00000 -1 ACTUAL_TF
7.1175 0.0314741 -1.6850789 0.6800434 -0.42172867 0.68440673 -0.50931285 -0.30713641 0.006878 1789552249.992920876 44.086 109.259 0.011 0.00000 -1 ACTUAL_TF
7.1764 0.0314660 -1.6846457 0.6800488 -0.42172845 0.68440642 -0.50931396 -0.30713557 0.007145 1789552250.048688412 44.519 108.825 0.012 0.00000 -1 ACTUAL_TF
7.2288 0.0314701 -1.6841839 0.6800479 -0.42174147 0.68440943 -0.50930418 -0.30712719 0.007472 1789552250.104759693 44.980 108.364 0.023 0.00000 -1 ACTUAL_TF
7.2904 0.0314643 -1.6838475 0.6800661 -0.42172874 0.68440496 -0.50931768 -0.30713225 0.007036 1789552250.160756111 45.317 108.027 0.012 0.00000 -1 ACTUAL_TF
7.3421 0.0314761 -1.6834253 0.6800745 -0.42173858 0.68439895 -0.50931919 -0.30712963 0.007189 1789552250.216725111 45.739 107.605 0.028 0.00000 -1 ACTUAL_TF
7.4038 0.0314941 -1.6830802 0.6800868 -0.42173832 0.68439489 -0.50932912 -0.30712257 0.006885 1789552250.272734404 46.084 107.260 0.050 0.00000 -1 ACTUAL_TF
7.4576 0.0314925 -1.6826807 0.6801133 -0.42172368 0.68438822 -0.50934738 -0.30712725 0.006964 1789552250.328738928 46.484 106.860 0.059 0.00000 -1 ACTUAL_TF
7.5171 0.0314690 -1.6823204 0.6801272 -0.42171929 0.68438588 -0.50934948 -0.30713502 0.006810 1789552250.384747267 46.845 106.499 0.047 0.00000 -1 ACTUAL_TF
7.5676 0.0314586 -1.6818642 0.6801259 -0.42172600 0.68438855 -0.50934238 -0.30713163 0.007207 1789552250.440873146 47.301 106.043 0.039 0.00000 -1 ACTUAL_TF
7.6271 0.0314522 -1.6814464 0.6801306 -0.42172436 0.68439356 -0.50933898 -0.30712835 0.007291 1789552250.496682882 47.719 105.625 0.037 0.00000 -1 ACTUAL_TF
7.6892 0.0314313 -1.6811060 0.6801346 -0.42172022 0.68439709 -0.50933497 -0.30713283 0.006928 1789552250.552757025 48.060 105.285 0.024 0.00000 -1 ACTUAL_TF
7.7434 0.0314287 -1.6806953 0.6801469 -0.42172334 0.68439262 -0.50933607 -0.30713667 0.007048 1789552250.608834267 48.471 104.874 0.031 0.00000 -1 ACTUAL_TF
7.7918 0.0314445 -1.6803554 0.6801539 -0.42173161 0.68438606 -0.50933919 -0.30713477 0.006759 1789552250.664764166 48.810 104.534 0.047 0.00000 -1 ACTUAL_TF
7.8625 0.0314263 -1.6798916 0.6801509 -0.42174675 0.68438590 -0.50932605 -0.30713611 0.007217 1789552250.720794439 49.274 104.070 0.031 0.00000 -1 ACTUAL_TF
7.9002 0.0314299 -1.6795625 0.6801735 -0.42172839 0.68438500 -0.50934269 -0.30713575 0.006821 1789552250.776739836 49.603 103.741 0.049 0.00000 -1 ACTUAL_TF
7.9622 0.0314131 -1.6790967 0.6801680 -0.42174085 0.68438905 -0.50932875 -0.30713272 0.007271 1789552250.832753658 50.069 103.275 0.032 0.00000 -1 ACTUAL_TF
8.0134 0.0314039 -1.6787810 0.6802026 -0.42172657 0.68437519 -0.50934952 -0.30714878 0.006789 1789552250.888833284 50.386 102.959 0.055 0.00000 -1 ACTUAL_TF
8.0702 0.0313804 -1.6783516 0.6802079 -0.42172924 0.68437556 -0.50934304 -0.30715503 0.007060 1789552250.944748640 50.815 102.529 0.050 0.00000 -1 ACTUAL_TF
8.1291 0.0313512 -1.6779343 0.6802036 -0.42173107 0.68438489 -0.50932733 -0.30715779 0.007183 1789552251.000740051 51.233 102.112 0.045 0.00000 -1 ACTUAL_TF
8.1815 0.0313360 -1.6776117 0.6802299 -0.42171731 0.68437572 -0.50934491 -0.30716796 0.006760 1789552251.056861401 51.556 101.788 0.069 0.00000 -1 ACTUAL_TF
8.2465 0.0313296 -1.6771500 0.6802297 -0.42173066 0.68437527 -0.50933635 -0.30716481 0.007218 1789552251.112600565 52.018 101.327 0.062 0.00000 -1 ACTUAL_TF
8.2984 0.0313254 -1.6768302 0.6802512 -0.42171373 0.68437230 -0.50934992 -0.30717216 0.006764 1789552251.168792248 52.338 101.007 0.077 0.00000 -1 ACTUAL_TF
8.3488 0.0313163 -1.6763542 0.6802304 -0.42173539 0.68438525 -0.50932183 -0.30716017 0.007292 1789552251.224702597 52.814 100.531 0.054 0.00000 -1 ACTUAL_TF
8.4065 0.0313128 -1.6760232 0.6802419 -0.42172826 0.68438539 -0.50932486 -0.30716461 0.006884 1789552251.280551195 53.145 100.200 0.058 0.00000 -1 ACTUAL_TF
8.4683 0.0313256 -1.6755813 0.6802317 -0.42173947 0.68439508 -0.50931142 -0.30714991 0.007184 1789552251.336621761 53.586 99.758 0.034 0.00000 -1 ACTUAL_TF
8.5148 0.0313495 -1.6751815 0.6802646 -0.42172671 0.68438432 -0.50933727 -0.30714854 0.007180 1789552251.392685175 53.986 99.358 0.059 0.00000 -1 ACTUAL_TF
8.5752 0.0313539 -1.6748060 0.6802588 -0.42174465 0.68438523 -0.50932561 -0.30714123 0.007037 1789552251.448709011 54.361 98.983 0.052 0.00000 -1 ACTUAL_TF
8.6332 0.0313476 -1.6743718 0.6802585 -0.42174505 0.68439345 -0.50931870 -0.30713382 0.007251 1789552251.504726648 54.795 98.549 0.045 0.00000 -1 ACTUAL_TF
8.6827 0.0313547 -1.6740086 0.6802616 -0.42174590 0.68439713 -0.50931760 -0.30712627 0.007020 1789552251.560793161 55.159 98.186 0.051 0.00000 -1 ACTUAL_TF
8.7421 0.0313693 -1.6736114 0.6802810 -0.42173308 0.68439584 -0.50933302 -0.30712116 0.007049 1789552251.616713762 55.556 97.789 0.075 0.00000 -1 ACTUAL_TF
8.8009 0.0313384 -1.6732551 0.6802940 -0.42172600 0.68439612 -0.50933126 -0.30713321 0.006850 1789552251.672733784 55.913 97.432 0.064 0.00000 -1 ACTUAL_TF
8.8655 0.0313461 -1.6728345 0.6803123 -0.42172308 0.68439054 -0.50934328 -0.30712971 0.007049 1789552251.728794336 56.333 97.011 0.081 0.00000 -1 ACTUAL_TF
8.9101 0.0313462 -1.6724759 0.6803316 -0.42171637 0.68438525 -0.50935378 -0.30713328 0.006856 1789552251.784845352 56.692 96.652 0.095 0.00000 -1 ACTUAL_TF
8.9740 0.0313499 -1.6720745 0.6803616 -0.42169625 0.68437997 -0.50937745 -0.30713342 0.006959 1789552251.840760946 57.094 96.250 0.121 0.00000 -1 ACTUAL_TF
9.0267 0.0313530 -1.6716784 0.6803962 -0.42167665 0.68437039 -0.50940181 -0.30714129 0.007001 1789552251.896764517 57.490 95.854 0.150 0.00000 -1 ACTUAL_TF
9.0762 0.0313604 -1.6713212 0.6803938 -0.42168691 0.68437382 -0.50939379 -0.30713287 0.006815 1789552251.952764273 57.847 95.497 0.149 0.00000 -1 ACTUAL_TF
9.1344 0.0313576 -1.6708994 0.6803943 -0.42168631 0.68438294 -0.50938648 -0.30712546 0.007034 1789552252.008675575 58.269 95.075 0.146 0.00000 -1 ACTUAL_TF
9.1950 0.0313358 -1.6705305 0.6803809 -0.42169466 0.68439772 -0.50936397 -0.30711841 0.006899 1789552252.064831495 58.638 94.706 0.120 0.00000 -1 ACTUAL_TF
9.2489 0.0313224 -1.6701203 0.6804016 -0.42168176 0.68439698 -0.50937126 -0.30712568 0.007039 1789552252.120612621 59.049 94.296 0.129 0.00000 -1 ACTUAL_TF
9.3142 0.0313246 -1.6697566 0.6804050 -0.42169665 0.68439313 -0.50936431 -0.30712535 0.006870 1789552252.176790953 59.412 93.932 0.131 0.00000 -1 ACTUAL_TF
9.3549 0.0313320 -1.6693269 0.6804083 -0.42169756 0.68439967 -0.50936085 -0.30711526 0.007112 1789552252.232764959 59.842 93.503 0.135 0.00000 -1 ACTUAL_TF
9.4173 0.0313417 -1.6690005 0.6804283 -0.42169756 0.68438993 -0.50937010 -0.30712162 0.006729 1789552252.288823605 60.168 93.176 0.155 0.00000 -1 ACTUAL_TF
9.4776 0.0313317 -1.6685713 0.6804369 -0.42169505 0.68439432 -0.50936798 -0.30711881 0.007013 1789552252.344772577 60.598 92.747 0.154 0.00000 -1 ACTUAL_TF
9.5346 0.0313118 -1.6681643 0.6804538 -0.42168126 0.68439816 -0.50937275 -0.30712126 0.007092 1789552252.400820971 61.005 92.339 0.156 0.00000 -1 ACTUAL_TF
9.5841 0.0312972 -1.6678137 0.6804764 -0.42166887 0.68439491 -0.50938257 -0.30712924 0.006852 1789552252.456722975 61.356 91.988 0.167 0.00000 -1 ACTUAL_TF
9.6478 0.0312780 -1.6674029 0.6804939 -0.42166072 0.68439513 -0.50938597 -0.30713429 0.006998 1789552252.512819529 61.768 91.577 0.173 0.00000 -1 ACTUAL_TF
9.6947 0.0312705 -1.6670539 0.6805118 -0.42167293 0.68438097 -0.50938766 -0.30714629 0.006772 1789552252.568792582 62.117 91.228 0.185 0.00000 -1 ACTUAL_TF
9.7567 0.0312555 -1.6666439 0.6805548 -0.42166206 0.68436106 -0.50941020 -0.30716818 0.006951 1789552252.624771595 62.528 90.817 0.218 0.00000 -1 ACTUAL_TF
9.8051 0.0312759 -1.6663076 0.6805733 -0.42166160 0.68435394 -0.50942229 -0.30716462 0.006672 1789552252.680829525 62.864 90.480 0.237 0.00000 -1 ACTUAL_TF
9.8673 0.0312627 -1.6658925 0.6805775 -0.42166196 0.68436097 -0.50941373 -0.30716267 0.006902 1789552252.736656189 63.279 90.065 0.233 0.00000 -1 ACTUAL_TF
9.9184 0.0312805 -1.6654217 0.6805632 -0.42168572 0.68437102 -0.50939231 -0.30714318 0.007339 1789552252.793054342 63.749 89.595 0.220 0.00000 -1 ACTUAL_TF
9.9784 0.0312860 -1.6650846 0.6805778 -0.42167802 0.68437219 -0.50939755 -0.30714246 0.006952 1789552252.848838568 64.086 89.258 0.232 0.00000 -1 ACTUAL_TF
10.0279 0.0312956 -1.6646585 0.6805846 -0.42168132 0.68437575 -0.50939463 -0.30713483 0.007153 1789552252.904767990 64.512 88.832 0.239 0.00000 -1 ACTUAL_TF
10.0834 0.0313148 -1.6643251 0.6805926 -0.42169049 0.68437227 -0.50939520 -0.30712905 0.006797 1789552252.960747242 64.846 88.499 0.252 0.00000 -1 ACTUAL_TF
10.1420 0.0312841 -1.6638737 0.6805975 -0.42169227 0.68437963 -0.50938124 -0.30713335 0.007186 1789552253.016649485 65.297 88.047 0.239 0.00000 -1 ACTUAL_TF
10.2026 0.0312958 -1.6635377 0.6806094 -0.42168987 0.68437754 -0.50938892 -0.30712858 0.006830 1789552253.072746992 65.633 87.711 0.252 0.00000 -1 ACTUAL_TF
10.2541 0.0312692 -1.6630863 0.6806100 -0.42169748 0.68438262 -0.50937487 -0.30713011 0.007195 1789552253.128942490 66.085 87.259 0.238 0.00000 -1 ACTUAL_TF
10.3132 0.0312677 -1.6627680 0.6806447 -0.42167867 0.68437073 -0.50939982 -0.30714105 0.006757 1789552253.184757948 66.404 86.940 0.266 0.00000 -1 ACTUAL_TF
10.3715 0.0312760 -1.6623534 0.6806584 -0.42167837 0.68436852 -0.50940511 -0.30713762 0.006948 1789552253.240860224 66.818 86.526 0.278 0.00000 -1 ACTUAL_TF
10.4188 0.0312756 -1.6619420 0.6806797 -0.42166908 0.68436519 -0.50941600 -0.30713973 0.007075 1789552253.296748877 67.230 86.114 0.294 0.00000 -1 ACTUAL_TF
10.4766 0.0312666 -1.6615749 0.6806984 -0.42166707 0.68435874 -0.50942303 -0.30714520 0.006923 1789552253.352742672 67.598 85.747 0.304 0.00000 -1 ACTUAL_TF
10.5365 0.0312591 -1.6611596 0.6807112 -0.42165871 0.68436268 -0.50942613 -0.30714275 0.007075 1789552253.408676624 68.013 85.331 0.309 0.00000 -1 ACTUAL_TF
10.5869 0.0312577 -1.6608271 0.6807289 -0.42164156 0.68436272 -0.50944238 -0.30713928 0.006735 1789552253.464698315 68.346 84.999 0.322 0.00000 -1 ACTUAL_TF
10.6472 0.0312446 -1.6603586 0.6807147 -0.42164749 0.68438039 -0.50942309 -0.30712372 0.007225 1789552253.520743608 68.814 84.530 0.300 0.00000 -1 ACTUAL_TF
10.7084 0.0312284 -1.6600272 0.6807266 -0.42163761 0.68438129 -0.50942726 -0.30712838 0.006834 1789552253.576809883 69.146 84.198 0.302 0.00000 -1 ACTUAL_TF
10.7640 0.0312177 -1.6595989 0.6807224 -0.42163658 0.68438821 -0.50942073 -0.30712520 0.007080 1789552253.632797956 69.574 83.770 0.290 0.00000 -1 ACTUAL_TF
10.8125 0.0312157 -1.6591796 0.6807254 -0.42163897 0.68438386 -0.50942243 -0.30712880 0.007206 1789552253.688694715 69.993 83.351 0.288 0.00000 -1 ACTUAL_TF
10.8712 0.0311998 -1.6587714 0.6806838 -0.42166187 0.68439430 -0.50939272 -0.30712338 0.007231 1789552253.745016336 70.401 82.943 0.240 0.00000 -1 ACTUAL_TF
10.9298 0.0311916 -1.6583285 0.6806562 -0.42167892 0.68439758 -0.50937760 -0.30711772 0.007450 1789552253.800759554 70.844 82.501 0.207 0.00000 -1 ACTUAL_TF
10.9821 0.0311855 -1.6579520 0.6806501 -0.42168754 0.68439906 -0.50936952 -0.30711601 0.007228 1789552253.856895447 71.220 82.124 0.196 0.00000 -1 ACTUAL_TF
11.0463 0.0311791 -1.6575343 0.6806635 -0.42168552 0.68439189 -0.50937755 -0.30712143 0.007304 1789552253.912763834 71.638 81.706 0.202 0.00000 -1 ACTUAL_TF
11.0944 0.0311679 -1.6572225 0.6806860 -0.42166580 0.68438709 -0.50939485 -0.30713051 0.006787 1789552253.968841314 71.950 81.394 0.216 0.00000 -1 ACTUAL_TF
11.1569 0.0311499 -1.6568029 0.6806937 -0.42166688 0.68438606 -0.50939158 -0.30713673 0.007003 1789552254.024781227 72.370 80.974 0.212 0.00000 -1 ACTUAL_TF
11.2067 0.0311594 -1.6564555 0.6807030 -0.42167063 0.68437937 -0.50939804 -0.30713579 0.006766 1789552254.080744028 72.717 80.627 0.221 0.00000 -1 ACTUAL_TF
11.2699 0.0311413 -1.6560122 0.6807131 -0.42167627 0.68437190 -0.50939825 -0.30714433 0.007112 1789552254.136788607 73.161 80.183 0.220 0.00000 -1 ACTUAL_TF
11.3209 0.0311209 -1.6555891 0.6807268 -0.42166861 0.68436633 -0.50940533 -0.30715554 0.007247 1789552254.192833662 73.585 79.760 0.223 0.00000 -1 ACTUAL_TF
11.3747 0.0311154 -1.6552025 0.6807069 -0.42168843 0.68437406 -0.50938413 -0.30714625 0.007147 1789552254.248833895 73.971 79.374 0.198 0.00000 -1 ACTUAL_TF
11.4359 0.0311197 -1.6547511 0.6806876 -0.42170183 0.68438201 -0.50936983 -0.30713385 0.007430 1789552254.304671288 74.422 78.923 0.176 0.00000 -1 ACTUAL_TF
11.4878 0.0311242 -1.6544251 0.6806978 -0.42169569 0.68437789 -0.50937823 -0.30713756 0.006945 1789552254.360782146 74.748 78.597 0.184 0.00000 -1 ACTUAL_TF
11.5400 0.0311126 -1.6539873 0.6806941 -0.42170003 0.68438354 -0.50936768 -0.30713650 0.007206 1789552254.416826487 75.186 78.159 0.173 0.00000 -1 ACTUAL_TF
11.6031 0.0311025 -1.6536154 0.6806896 -0.42170223 0.68438884 -0.50936041 -0.30713370 0.007036 1789552254.472850323 75.557 77.787 0.161 0.00000 -1 ACTUAL_TF
11.6559 0.0311018 -1.6532022 0.6807032 -0.42169804 0.68438432 -0.50936876 -0.30713569 0.007144 1789552254.528748035 75.971 77.374 0.170 0.00000 -1 ACTUAL_TF
11.7036 0.0310937 -1.6527657 0.6806968 -0.42170223 0.68439005 -0.50936049 -0.30713091 0.007342 1789552254.584697008 76.407 76.937 0.157 0.00000 -1 ACTUAL_TF
11.7647 0.0310877 -1.6524007 0.6806938 -0.42171764 0.68438611 -0.50935218 -0.30713229 0.007093 1789552254.640770197 76.772 76.572 0.149 0.00000 -1 ACTUAL_TF
11.8276 0.0310947 -1.6520075 0.6807093 -0.42170825 0.68437998 -0.50936622 -0.30713555 0.007075 1789552254.696723938 77.165 76.179 0.163 0.00000 -1 ACTUAL_TF
11.8827 0.0310696 -1.6516442 0.6807132 -0.42171303 0.68437697 -0.50936106 -0.30714426 0.006903 1789552254.752731085 77.529 75.815 0.153 0.00000 -1 ACTUAL_TF
11.9307 0.0310633 -1.6512280 0.6807154 -0.42171118 0.68437890 -0.50936211 -0.30714076 0.007063 1789552254.808711529 77.945 75.399 0.148 0.00000 -1 ACTUAL_TF
11.9911 0.0310511 -1.6508802 0.6807421 -0.42169164 0.68437096 -0.50938156 -0.30715301 0.006816 1789552254.864653826 78.294 75.051 0.166 0.00000 -1 ACTUAL_TF
12.0414 0.0310360 -1.6504593 0.6807469 -0.42168798 0.68436959 -0.50938422 -0.30715668 0.007025 1789552254.920712709 78.715 74.630 0.162 0.00000 -1 ACTUAL_TF
12.1029 0.0310354 -1.6500766 0.6807401 -0.42169310 0.68437669 -0.50937746 -0.30714506 0.006964 1789552254.976837397 79.097 74.247 0.151 0.00000 -1 ACTUAL_TF
12.1569 0.0310096 -1.6496399 0.6807295 -0.42169391 0.68438682 -0.50936404 -0.30714363 0.007218 1789552255.032862186 79.534 73.810 0.129 0.00000 -1 ACTUAL_TF
12.2127 0.0310245 -1.6492405 0.6807325 -0.42168317 0.68439344 -0.50937180 -0.30713075 0.007198 1789552255.088751316 79.933 73.411 0.131 0.00000 -1 ACTUAL_TF
12.2722 0.0310087 -1.6488611 0.6807228 -0.42168922 0.68440263 -0.50935668 -0.30712703 0.007072 1789552255.144790888 80.313 73.032 0.113 0.00000 -1 ACTUAL_TF
12.3342 0.0310190 -1.6484120 0.6807227 -0.42169444 0.68440170 -0.50935820 -0.30711942 0.007354 1789552255.200847387 80.761 72.583 0.113 0.00000 -1 ACTUAL_TF
12.3833 0.0310184 -1.6480679 0.6807325 -0.42168471 0.68440280 -0.50936530 -0.30711854 0.006994 1789552255.256787777 81.106 72.239 0.119 0.00000 -1 ACTUAL_TF
12.4468 0.0310147 -1.6476433 0.6807373 -0.42168861 0.68439787 -0.50936746 -0.30712060 0.007168 1789552255.312850237 81.530 71.814 0.118 0.00000 -1 ACTUAL_TF
12.4954 0.0310272 -1.6473088 0.6807446 -0.42169488 0.68439102 -0.50937231 -0.30711920 0.006813 1789552255.368791342 81.865 71.480 0.129 0.00000 -1 ACTUAL_TF
12.5529 0.0310103 -1.6468896 0.6807528 -0.42168723 0.68439053 -0.50937699 -0.30712306 0.007022 1789552255.424666882 82.284 71.060 0.125 0.00000 -1 ACTUAL_TF
12.6145 0.0309948 -1.6464762 0.6807589 -0.42168677 0.68438999 -0.50937654 -0.30712562 0.007126 1789552255.480815887 82.698 70.647 0.120 0.00000 -1 ACTUAL_TF
12.6693 0.0309735 -1.6461111 0.6807479 -0.42168798 0.68439831 -0.50936589 -0.30712307 0.006949 1789552255.536799908 83.063 70.282 0.098 0.00000 -1 ACTUAL_TF
12.7212 0.0309587 -1.6456635 0.6807642 -0.42168567 0.68439206 -0.50937162 -0.30713066 0.007262 1789552255.592873812 83.511 69.834 0.103 0.00000 -1 ACTUAL_TF
12.7831 0.0309453 -1.6453431 0.6807860 -0.42167198 0.68438255 -0.50938672 -0.30714563 0.006811 1789552255.648680925 83.832 69.513 0.118 0.00000 -1 ACTUAL_TF
12.8305 0.0309404 -1.6449057 0.6807838 -0.42168636 0.68438152 -0.50937693 -0.30714442 0.007112 1789552255.704666376 84.269 69.075 0.109 0.00000 -1 ACTUAL_TF
12.8997 0.0309631 -1.6445489 0.6807700 -0.42170758 0.68438226 -0.50936485 -0.30713366 0.006854 1789552255.761883020 84.625 68.719 0.101 0.00000 -1 ACTUAL_TF
12.9389 0.0309694 -1.6441181 0.6807654 -0.42171712 0.68438866 -0.50935412 -0.30712409 0.007150 1789552255.816831350 85.056 68.289 0.098 0.00000 -1 ACTUAL_TF
13.0014 0.0309382 -1.6437377 0.6807508 -0.42173322 0.68439528 -0.50933146 -0.30712483 0.007052 1789552255.872830391 85.436 67.908 0.066 0.00000 -1 ACTUAL_TF
13.0536 0.0309328 -1.6433277 0.6807644 -0.42171706 0.68439606 -0.50934134 -0.30712890 0.007135 1789552255.928792715 85.846 67.498 0.073 0.00000 -1 ACTUAL_TF
13.1066 0.0309083 -1.6428519 0.6807482 -0.42173576 0.68440431 -0.50931747 -0.30712441 0.007550 1789552255.984769821 86.322 67.022 0.043 0.00000 -1 ACTUAL_TF
13.1655 0.0308942 -1.6425307 0.6807634 -0.42171849 0.68440354 -0.50932811 -0.30713219 0.007011 1789552256.040714264 86.644 66.701 0.050 0.00000 -1 ACTUAL_TF
13.2294 0.0308838 -1.6421117 0.6807656 -0.42172213 0.68440554 -0.50932300 -0.30713123 0.007151 1789552256.096772671 87.063 66.281 0.046 0.00000 -1 ACTUAL_TF
13.2803 0.0308979 -1.6417648 0.6807684 -0.42172530 0.68440386 -0.50932635 -0.30712506 0.006872 1789552256.152576208 87.410 65.935 0.049 0.00000 -1 ACTUAL_TF
13.3295 0.0309045 -1.6413461 0.6807837 -0.42172558 0.68439424 -0.50933715 -0.30712820 0.007050 1789552256.208692312 87.828 65.516 0.063 0.00000 -1 ACTUAL_TF
13.3953 0.0308797 -1.6409944 0.6807995 -0.42171551 0.68439057 -0.50934332 -0.30713998 0.006820 1789552256.264859200 88.181 65.164 0.064 0.00000 -1 ACTUAL_TF
13.4584 0.0308682 -1.6405423 0.6808029 -0.42172440 0.68438784 -0.50933813 -0.30714246 0.007206 1789552256.320664644 88.633 64.712 0.059 0.00000 -1 ACTUAL_TF
13.5074 0.0308693 -1.6402261 0.6808260 -0.42170542 0.68438161 -0.50935843 -0.30714874 0.006737 1789552256.376824379 88.949 64.395 0.078 0.00000 -1 ACTUAL_TF
13.5571 0.0308575 -1.6398078 0.6808360 -0.42170760 0.68437878 -0.50935745 -0.30715366 0.006961 1789552256.432768345 89.368 63.977 0.081 0.00000 -1 ACTUAL_TF
13.6143 0.0308613 -1.6393830 0.6808322 -0.42170618 0.68438476 -0.50935504 -0.30714628 0.007148 1789552256.488788843 89.792 63.552 0.072 0.00000 -1 ACTUAL_TF
13.6744 0.0308630 -1.6390314 0.6808287 -0.42170838 0.68439288 -0.50934910 -0.30713503 0.006888 1789552256.544767857 90.144 63.201 0.066 0.00000 -1 ACTUAL_TF
13.7301 0.0308763 -1.6385604 0.6808087 -0.42172679 0.68440283 -0.50933174 -0.30711636 0.007348 1789552256.600759029 90.614 62.730 0.056 0.00000 -1 ACTUAL_TF
13.7796 0.0308696 -1.6382327 0.6808246 -0.42171467 0.68439982 -0.50934152 -0.30712351 0.006900 1789552256.656813622 90.942 62.402 0.062 0.00000 -1 ACTUAL_TF
13.8466 0.0308547 -1.6377665 0.6808133 -0.42172730 0.68440635 -0.50932521 -0.30711865 0.007328 1789552256.712852955 91.408 61.936 0.043 0.00000 -1 ACTUAL_TF
13.8985 0.0308492 -1.6374405 0.6808228 -0.42172262 0.68440165 -0.50933068 -0.30712648 0.006881 1789552256.768732309 91.734 61.610 0.045 0.00000 -1 ACTUAL_TF
13.9537 0.0308244 -1.6370125 0.6808162 -0.42172598 0.68441102 -0.50931512 -0.30712677 0.007113 1789552256.824750662 92.163 61.182 0.022 0.00000 -1 ACTUAL_TF
14.0045 0.0308026 -1.6365867 0.6808193 -0.42172632 0.68441420 -0.50930841 -0.30713037 0.007261 1789552256.880801439 92.589 60.756 0.013 0.00000 -1 ACTUAL_TF
14.0631 0.0307979 -1.6362250 0.6808281 -0.42173104 0.68440648 -0.50931334 -0.30713290 0.007022 1789552256.936771870 92.950 60.394 0.017 0.00000 -1 ACTUAL_TF
14.1168 0.0307974 -1.6358020 0.6808327 -0.42172749 0.68440536 -0.50931864 -0.30713149 0.007182 1789552256.992765903 93.373 59.971 0.015 0.00000 -1 ACTUAL_TF
14.1791 0.0307856 -1.6354357 0.6808301 -0.42172196 0.68440887 -0.50931803 -0.30713226 0.006992 1789552257.048746824 93.740 59.604 0.007 0.00000 -1 ACTUAL_TF
14.2291 0.0307891 -1.6350559 0.6808559 -0.42170571 0.68439816 -0.50934174 -0.30713914 0.006933 1789552257.104763985 94.120 59.224 0.027 0.00000 -1 ACTUAL_TF
14.2975 0.0307809 -1.6347110 0.6808829 -0.42170195 0.68438792 -0.50935264 -0.30714902 0.006691 1789552257.161251783 94.465 58.879 0.048 0.00000 -1 ACTUAL_TF
14.3426 0.0307913 -1.6343000 0.6808972 -0.42170730 0.68438338 -0.50935536 -0.30714730 0.006905 1789552257.216805696 94.876 58.468 0.059 0.00000 -1 ACTUAL_TF
14.4044 0.0307904 -1.6339305 0.6808965 -0.42171291 0.68438699 -0.50935027 -0.30714000 0.006815 1789552257.272755861 95.246 58.099 0.055 0.00000 -1 ACTUAL_TF
14.4506 0.0307765 -1.6335008 0.6808915 -0.42171867 0.68439751 -0.50933517 -0.30713367 0.007073 1789552257.328771353 95.675 57.669 0.041 0.00000 -1 ACTUAL_TF
14.5116 0.0307739 -1.6330761 0.6808895 -0.42172252 0.68440112 -0.50932870 -0.30713108 0.007227 1789552257.384751558 96.100 57.244 0.034 0.00000 -1 ACTUAL_TF
14.5647 0.0307565 -1.6326948 0.6808799 -0.42172409 0.68441050 -0.50931658 -0.30712812 0.007100 1789552257.440872908 96.481 56.863 0.015 0.00000 -1 ACTUAL_TF
14.6216 0.0307625 -1.6323100 0.6808867 -0.42171501 0.68440992 -0.50932440 -0.30712890 0.007032 1789552257.496881485 96.866 56.478 0.023 0.00000 -1 ACTUAL_TF
14.6865 0.0307460 -1.6319366 0.6808732 -0.42172756 0.68441836 -0.50930422 -0.30712634 0.006915 1789552257.553196192 97.239 56.105 0.008 0.00000 -1 ACTUAL_TF
14.7398 0.0307556 -1.6315009 0.6808679 -0.42174159 0.68441954 -0.50929806 -0.30711467 0.007194 1789552257.608750105 97.675 55.670 0.028 0.00000 -1 ACTUAL_TF
14.7925 0.0307544 -1.6311367 0.6808681 -0.42174431 0.68441936 -0.50929666 -0.30711365 0.006987 1789552257.664748669 98.039 55.305 0.034 0.00000 -1 ACTUAL_TF
14.8531 0.0307496 -1.6307068 0.6808792 -0.42174856 0.68441286 -0.50929992 -0.30711689 0.007193 1789552257.720777988 98.469 54.875 0.032 0.00000 -1 ACTUAL_TF
14.9010 0.0307548 -1.6303440 0.6808890 -0.42175035 0.68440787 -0.50930438 -0.30711816 0.006985 1789552257.776643991 98.832 54.513 0.040 0.00000 -1 ACTUAL_TF
14.9604 0.0307567 -1.6299589 0.6809099 -0.42173763 0.68440118 -0.50932045 -0.30712386 0.006950 1789552257.832783699 99.217 54.127 0.044 0.00000 -1 ACTUAL_TF
15.0207 0.0307571 -1.6295523 0.6809335 -0.42172716 0.68439504 -0.50933700 -0.30712448 0.007038 1789552257.889021873 99.624 53.720 0.053 0.00000 -1 ACTUAL_TF
15.0710 0.0307403 -1.6291995 0.6809383 -0.42172854 0.68439469 -0.50933491 -0.30712683 0.006825 1789552257.944829702 99.977 53.367 0.042 0.00000 -1 ACTUAL_TF
15.1289 0.0307331 -1.6287752 0.6809535 -0.42171666 0.68439250 -0.50934533 -0.30713076 0.007055 1789552258.000771046 100.401 52.943 0.045 0.00000 -1 ACTUAL_TF
15.1822 0.0307381 -1.6284040 0.6809440 -0.42172423 0.68440137 -0.50933573 -0.30711651 0.006925 1789552258.056844234 100.772 52.572 0.048 0.00000 -1 ACTUAL_TF
15.2450 0.0307311 -1.6279731 0.6809389 -0.42172473 0.68441188 -0.50932542 -0.30710949 0.007154 1789552258.112900734 101.203 52.141 0.046 0.00000 -1 ACTUAL_TF
15.2927 0.0307415 -1.6276403 0.6809529 -0.42171519 0.68440938 -0.50933626 -0.30711019 0.006797 1789552258.168772459 101.536 51.808 0.061 0.00000 -1 ACTUAL_TF
15.3565 0.0307227 -1.6272369 0.6809617 -0.42170866 0.68441147 -0.50933669 -0.30711381 0.006925 1789552258.224687338 101.940 51.405 0.049 0.00000 -1 ACTUAL_TF
15.4040 0.0307007 -1.6268075 0.6809590 -0.42171560 0.68441660 -0.50932354 -0.30711465 0.007149 1789552258.280738831 102.369 50.975 0.032 0.00000 -1 ACTUAL_TF
15.4619 0.0306630 -1.6264443 0.6809556 -0.42171367 0.68442419 -0.50931081 -0.30712150 0.006962 1789552258.336698055 102.733 50.611 0.008 0.00000 -1 ACTUAL_TF
15.5139 0.0306547 -1.6260280 0.6809614 -0.42171636 0.68442418 -0.50930755 -0.30712322 0.007104 1789552258.392712116 103.149 50.195 0.009 0.00000 -1 ACTUAL_TF
15.5755 0.0306405 -1.6256489 0.6809579 -0.42172892 0.68442386 -0.50929762 -0.30712316 0.007007 1789552258.448673487 103.529 49.816 0.022 0.00000 -1 ACTUAL_TF
15.6289 0.0306270 -1.6252535 0.6809944 -0.42171041 0.68441020 -0.50931976 -0.30714229 0.007030 1789552258.504762888 103.925 49.420 0.024 0.00000 -1 ACTUAL_TF
15.6825 0.0306557 -1.6248933 0.6809893 -0.42171894 0.68441480 -0.50931785 -0.30712351 0.006859 1789552258.560680628 104.284 49.060 0.013 0.00000 -1 ACTUAL_TF
15.7460 0.0306319 -1.6244848 0.6810068 -0.42171093 0.68440917 -0.50932550 -0.30713438 0.006990 1789552258.616838694 104.693 48.651 0.014 0.00000 -1 ACTUAL_TF
15.7988 0.0306317 -1.6241380 0.6810291 -0.42170877 0.68439726 -0.50933873 -0.30714193 0.006754 1789552258.672834873 105.040 48.304 0.030 0.00000 -1 ACTUAL_TF
15.8602 0.0306195 -1.6237090 0.6810328 -0.42171521 0.68439571 -0.50933391 -0.30714452 0.007031 1789552258.728753090 105.469 47.875 0.028 0.00000 -1 ACTUAL_TF
15.9129 0.0306190 -1.6232918 0.6810319 -0.42171566 0.68440094 -0.50932859 -0.30714109 0.007156 1789552258.784776211 105.887 47.458 0.020 0.00000 -1 ACTUAL_TF
15.9644 0.0306118 -1.6229161 0.6810277 -0.42172587 0.68440329 -0.50931780 -0.30713970 0.007023 1789552258.840748310 106.262 47.082 0.010 0.00000 -1 ACTUAL_TF
16.0248 0.0306087 -1.6224911 0.6810296 -0.42172446 0.68440802 -0.50931558 -0.30713480 0.007193 1789552258.896743536 106.687 46.657 0.005 0.00000 -1 ACTUAL_TF
16.0768 0.0306449 -1.6221572 0.6810356 -0.42172957 0.68440196 -0.50932618 -0.30712371 0.006834 1789552258.952779770 107.021 46.324 0.040 0.00000 -1 ACTUAL_TF
16.1320 0.0306237 -1.6217117 0.6810330 -0.42173585 0.68440782 -0.50931508 -0.30712041 0.007177 1789552259.008675337 107.466 45.878 0.025 0.00000 -1 ACTUAL_TF
16.1968 0.0306203 -1.6213891 0.6810521 -0.42172140 0.68440553 -0.50932832 -0.30712343 0.006753 1789552259.064745903 107.789 45.555 0.028 0.00000 -1 ACTUAL_TF
16.2457 0.0306050 -1.6209737 0.6810653 -0.42171586 0.68440613 -0.50932885 -0.30712882 0.006946 1789552259.120983362 108.205 45.139 0.024 0.00000 -1 ACTUAL_TF
16.3040 0.0306178 -1.6206303 0.6810669 -0.42172544 0.68440483 -0.50932533 -0.30712438 0.006710 1789552259.176771641 108.548 44.796 0.036 0.00000 -1 ACTUAL_TF
16.3609 0.0305866 -1.6201888 0.6810748 -0.42172641 0.68440562 -0.50931847 -0.30713268 0.007066 1789552259.232825756 108.990 44.354 0.017 0.00000 -1 ACTUAL_TF
16.4133 0.0305838 -1.6197594 0.6810757 -0.42173503 0.68440387 -0.50931660 -0.30712784 0.007252 1789552259.288714886 109.419 43.925 0.015 0.00000 -1 ACTUAL_TF
16.4797 0.0305945 -1.6194017 0.6810834 -0.42174277 0.68439481 -0.50932272 -0.30712725 0.006989 1789552259.344833851 109.777 43.567 0.029 0.00000 -1 ACTUAL_TF
16.5290 0.0305876 -1.6189868 0.6811010 -0.42173989 0.68438549 -0.50933331 -0.30713442 0.007120 1789552259.400759935 110.192 43.152 0.034 0.00000 -1 ACTUAL_TF
16.5805 0.0305758 -1.6186578 0.6811207 -0.42172070 0.68438691 -0.50934428 -0.30713941 0.006750 1789552259.456788540 110.522 42.823 0.041 0.00000 -1 ACTUAL_TF
16.6371 0.0305620 -1.6182369 0.6811269 -0.42171469 0.68439002 -0.50934550 -0.30713871 0.006982 1789552259.512763739 110.943 42.402 0.038 0.00000 -1 ACTUAL_TF
16.6984 0.0305681 -1.6178971 0.6811311 -0.42171864 0.68439079 -0.50934444 -0.30713333 0.006709 1789552259.568764687 111.282 42.062 0.041 0.00000 -1 ACTUAL_TF
16.7505 0.0305252 -1.6174486 0.6811207 -0.42171345 0.68440972 -0.50932424 -0.30713177 0.007108 1789552259.624817371 111.731 41.613 0.023 0.00000 -1 ACTUAL_TF
16.8087 0.0305239 -1.6171312 0.6811375 -0.42169834 0.68441063 -0.50933701 -0.30712930 0.006678 1789552259.680824280 112.049 41.296 0.032 0.00000 -1 ACTUAL_TF
16.8602 0.0305211 -1.6166837 0.6811422 -0.42171277 0.68440705 -0.50933058 -0.30712813 0.007047 1789552259.737420082 112.496 40.848 0.029 0.00000 -1 ACTUAL_TF
16.9231 0.0305071 -1.6162598 0.6811413 -0.42171722 0.68441035 -0.50932173 -0.30712935 0.007232 1789552259.792768002 112.920 40.424 0.026 0.00000 -1 ACTUAL_TF
16.9763 0.0304993 -1.6159388 0.6811563 -0.42170739 0.68440480 -0.50933093 -0.30713996 0.006783 1789552259.848822832 113.242 40.103 0.036 0.00000 -1 ACTUAL_TF
17.0283 0.0305036 -1.6155090 0.6811547 -0.42172078 0.68440102 -0.50932508 -0.30713970 0.007052 1789552259.904782772 113.671 39.673 0.024 0.00000 -1 ACTUAL_TF
17.0903 0.0305207 -1.6151427 0.6811555 -0.42172750 0.68440010 -0.50932446 -0.30713355 0.006903 1789552259.960714340 114.037 39.307 0.021 0.00000 -1 ACTUAL_TF
17.1425 0.0305184 -1.6147221 0.6811615 -0.42172383 0.68440037 -0.50933052 -0.30712794 0.007081 1789552260.016837597 114.458 38.887 0.023 0.00000 -1 ACTUAL_TF
17.2032 0.0305161 -1.6143564 0.6811662 -0.42173465 0.68439684 -0.50932563 -0.30712906 0.006919 1789552260.072751284 114.824 38.521 0.024 0.00000 -1 ACTUAL_TF
17.2558 0.0305167 -1.6139438 0.6811731 -0.42173731 0.68439199 -0.50932773 -0.30713272 0.007054 1789552260.128730297 115.236 38.108 0.029 0.00000 -1 ACTUAL_TF
17.3114 0.0304998 -1.6135221 0.6811869 -0.42173783 0.68438379 -0.50933180 -0.30714353 0.007197 1789552260.184813261 115.658 37.686 0.027 0.00000 -1 ACTUAL_TF
17.3728 0.0304910 -1.6131968 0.6812067 -0.42173003 0.68437665 -0.50934031 -0.30715602 0.006781 1789552260.240943432 115.984 37.360 0.039 0.00000 -1 ACTUAL_TF
17.4259 0.0305127 -1.6127589 0.6812007 -0.42174274 0.68437566 -0.50933745 -0.30714552 0.007099 1789552260.296854973 116.421 36.923 0.045 0.00000 -1 ACTUAL_TF
17.4765 0.0304861 -1.6123843 0.6811838 -0.42175346 0.68438930 -0.50931389 -0.30713949 0.006986 1789552260.352763414 116.796 36.549 0.016 0.00000 -1 ACTUAL_TF
17.5394 0.0304737 -1.6119724 0.6811872 -0.42174218 0.68439944 -0.50931022 -0.30713847 0.007098 1789552260.408782959 117.208 36.136 0.009 0.00000 -1 ACTUAL_TF
17.5864 0.0304759 -1.6116085 0.6811816 -0.42175195 0.68440062 -0.50930381 -0.30713305 0.006920 1789552260.464738846 117.572 35.773 0.020 0.00000 -1 ACTUAL_TF
17.6508 0.0304631 -1.6111869 0.6811869 -0.42174623 0.68440422 -0.50930328 -0.30713378 0.007103 1789552260.520739317 117.993 35.351 0.016 0.00000 -1 ACTUAL_TF
17.7041 0.0304671 -1.6108076 0.6812053 -0.42173698 0.68439832 -0.50931624 -0.30713811 0.007000 1789552260.576931000 118.373 34.972 0.018 0.00000 -1 ACTUAL_TF
17.7574 0.0304488 -1.6104402 0.6811931 -0.42174187 0.68441159 -0.50929767 -0.30713263 0.006878 1789552260.632766962 118.740 34.604 0.019 0.00000 -1 ACTUAL_TF
17.8090 0.0304580 -1.6100255 0.6812037 -0.42173639 0.68441280 -0.50930501 -0.30712528 0.007039 1789552260.688724518 119.155 34.189 0.025 0.00000 -1 ACTUAL_TF
17.8687 0.0304498 -1.6096766 0.6812172 -0.42172834 0.68440875 -0.50931418 -0.30713015 0.006795 1789552260.744816065 119.504 33.840 0.018 0.00000 -1 ACTUAL_TF
17.9293 0.0304362 -1.6092626 0.6812340 -0.42172030 0.68440438 -0.50932248 -0.30713716 0.006980 1789552260.800735950 119.918 33.426 0.010 0.00000 -1 ACTUAL_TF
17.9809 0.0304405 -1.6089064 0.6812336 -0.42171395 0.68441148 -0.50932557 -0.30712495 0.006792 1789552260.856826544 120.274 33.070 0.018 0.00000 -1 ACTUAL_TF
18.0458 0.0304336 -1.6085179 0.6812520 -0.42169896 0.68440831 -0.50933921 -0.30712999 0.006832 1789552260.912978172 120.663 32.681 0.020 0.00000 -1 ACTUAL_TF
18.0924 0.0303973 -1.6081639 0.6812645 -0.42169323 0.68440505 -0.50934052 -0.30714295 0.006698 1789552260.968758583 121.018 32.327 0.023 0.00000 -1 ACTUAL_TF
18.1583 0.0304102 -1.6077505 0.6812794 -0.42168376 0.68440321 -0.50935538 -0.30713538 0.006900 1789552261.024900675 121.431 31.913 0.026 0.00000 -1 ACTUAL_TF
18.2061 0.0303916 -1.6072896 0.6812643 -0.42169833 0.68441576 -0.50933207 -0.30712607 0.007304 1789552261.080862999 121.892 31.452 0.010 0.00000 -1 ACTUAL_TF
18.2677 0.0303850 -1.6069504 0.6812628 -0.42169064 0.68442394 -0.50932799 -0.30712518 0.006934 1789552261.136753082 122.231 31.113 0.011 0.00000 -1 ACTUAL_TF
18.3223 0.0303958 -1.6065400 0.6812684 -0.42169566 0.68441856 -0.50933217 -0.30712333 0.007050 1789552261.192844152 122.641 30.703 0.007 0.00000 -1 ACTUAL_TF
18.3736 0.0304013 -1.6061531 0.6812600 -0.42172125 0.68441562 -0.50931836 -0.30711764 0.007009 1789552261.248826027 123.028 30.316 0.024 0.00000 -1 ACTUAL_TF
18.4349 0.0304165 -1.6057623 0.6812694 -0.42172228 0.68440810 -0.50932755 -0.30711776 0.007006 1789552261.304712296 123.419 29.926 0.040 0.00000 -1 ACTUAL_TF
18.4862 0.0304113 -1.6054071 0.6812806 -0.42171614 0.68440922 -0.50933192 -0.30711645 0.006807 1789552261.360742092 123.774 29.570 0.038 0.00000 -1 ACTUAL_TF
18.5518 0.0303836 -1.6049438 0.6812614 -0.42172800 0.68442295 -0.50930775 -0.30710966 0.007247 1789552261.416895866 124.237 29.107 0.039 0.00000 -1 ACTUAL_TF
18.6030 0.0303813 -1.6046243 0.6812776 -0.42171361 0.68442233 -0.50931883 -0.30711241 0.006780 1789552261.473130226 124.557 28.787 0.030 0.00000 -1 ACTUAL_TF
18.6554 0.0303679 -1.6042029 0.6812865 -0.42171407 0.68442166 -0.50931727 -0.30711586 0.007020 1789552261.528752565 124.979 28.366 0.024 0.00000 -1 ACTUAL_TF
18.7086 0.0303573 -1.6037864 0.6812951 -0.42172905 0.68440687 -0.50931698 -0.30712874 0.007149 1789552261.584705114 125.395 27.949 0.020 0.00000 -1 ACTUAL_TF
18.7662 0.0303801 -1.6034491 0.6812956 -0.42173509 0.68440276 -0.50932200 -0.30712126 0.006813 1789552261.640764713 125.732 27.612 0.041 0.00000 -1 ACTUAL_TF
18.8221 0.0303706 -1.6030319 0.6813124 -0.42173937 0.68439315 -0.50932653 -0.30712930 0.007007 1789552261.696739912 126.150 27.195 0.032 0.00000 -1 ACTUAL_TF
18.8798 0.0303461 -1.6026653 0.6813292 -0.42173549 0.68438783 -0.50933102 -0.30713904 0.006874 1789552261.752801418 126.517 26.827 0.010 0.00000 -1 ACTUAL_TF
18.9423 0.0303353 -1.6022571 0.6813467 -0.42173145 0.68438498 -0.50933598 -0.30714270 0.006999 1789552261.808848143 126.925 26.419 0.009 0.00000 -1 ACTUAL_TF
18.9910 0.0303163 -1.6019372 0.6813629 -0.42171648 0.68438846 -0.50933963 -0.30714945 0.006622 1789552261.864720583 127.246 26.099 0.022 0.00000 -1 ACTUAL_TF
19.0554 0.0303097 -1.6015207 0.6813606 -0.42171694 0.68439741 -0.50933064 -0.30714379 0.006863 1789552261.920825005 127.662 25.682 0.016 0.00000 -1 ACTUAL_TF
19.1019 0.0303247 -1.6011708 0.6813526 -0.42172923 0.68439829 -0.50932423 -0.30713558 0.006686 1789552261.976658344 128.012 25.333 0.009 0.00000 -1 ACTUAL_TF
19.1597 0.0303230 -1.6007396 0.6813527 -0.42173904 0.68440095 -0.50931568 -0.30713036 0.006982 1789552262.032863617 128.443 24.901 0.016 0.00000 -1 ACTUAL_TF
19.2193 0.0302989 -1.6003022 0.6813532 -0.42174687 0.68440559 -0.50930122 -0.30713325 0.007239 1789552262.088755131 128.881 24.464 0.016 0.00000 -1 ACTUAL_TF
19.2698 0.0302910 -1.5999327 0.6813526 -0.42175064 0.68441052 -0.50929282 -0.30713102 0.007049 1789552262.144692898 129.250 24.094 0.023 0.00000 -1 ACTUAL_TF
19.3301 0.0302888 -1.5995196 0.6813559 -0.42174306 0.68442035 -0.50929203 -0.30712083 0.007140 1789552262.200870037 129.663 23.681 0.025 0.00000 -1 ACTUAL_TF
19.3852 0.0302692 -1.5991940 0.6813646 -0.42172262 0.68442947 -0.50929619 -0.30712168 0.006749 1789552262.256808281 129.989 23.355 0.029 0.00000 -1 ACTUAL_TF
19.4498 0.0302654 -1.5987743 0.6813714 -0.42172440 0.68442634 -0.50929905 -0.30712147 0.006976 1789552262.312722921 130.409 22.936 0.028 0.00000 -1 ACTUAL_TF
19.4985 0.0302887 -1.5984491 0.6813838 -0.42171298 0.68442631 -0.50931522 -0.30711041 0.006633 1789552262.368671417 130.734 22.610 0.017 0.00000 -1 ACTUAL_TF
19.5509 0.0302708 -1.5980319 0.6813897 -0.42170525 0.68443012 -0.50931568 -0.30711174 0.006882 1789552262.424631596 131.151 22.193 0.014 0.00000 -1 ACTUAL_TF
19.6045 0.0302641 -1.5976063 0.6814115 -0.42169342 0.68442378 -0.50932909 -0.30711988 0.007095 1789552262.480762720 131.577 21.767 0.003 0.00000 -1 ACTUAL_TF
19.6647 0.0302794 -1.5972498 0.6814162 -0.42170429 0.68441678 -0.50933238 -0.30711511 0.006879 1789552262.536748648 131.934 21.411 0.017 0.00000 -1 ACTUAL_TF
19.7174 0.0302783 -1.5968345 0.6814264 -0.42171217 0.68440992 -0.50933281 -0.30711887 0.007032 1789552262.592972279 132.349 20.995 0.022 0.00000 -1 ACTUAL_TF
19.7795 0.0302723 -1.5965161 0.6814427 -0.42170788 0.68440259 -0.50933998 -0.30712920 0.006642 1789552262.648621798 132.668 20.677 0.025 0.00000 -1 ACTUAL_TF
19.8284 0.0302607 -1.5960946 0.6814365 -0.42171568 0.68440764 -0.50932708 -0.30712862 0.006901 1789552262.704798937 133.089 20.255 0.015 0.00000 -1 ACTUAL_TF
19.8852 0.0302687 -1.5957490 0.6814340 -0.42171702 0.68441212 -0.50932458 -0.30712095 0.006681 1789552262.760840416 133.434 19.910 0.028 0.00000 -1 ACTUAL_TF
19.9468 0.0302440 -1.5953149 0.6814424 -0.42170987 0.68441595 -0.50932273 -0.30712529 0.007014 1789552262.816657066 133.869 19.475 0.009 0.00000 -1 ACTUAL_TF
20.0064 0.0302442 -1.5949474 0.6814321 -0.42172237 0.68442230 -0.50930997 -0.30711515 0.006877 1789552262.872709274 134.236 19.108 0.024 0.00000 -1 ACTUAL_TF
20.0535 0.0302459 -1.5945264 0.6814405 -0.42173136 0.68441992 -0.50930675 -0.30711344 0.007073 1789552262.928645611 134.657 18.687 0.028 0.00000 -1 ACTUAL_TF
20.1084 0.0302426 -1.5941338 0.6814423 -0.42173262 0.68442046 -0.50930343 -0.30711602 0.007047 1789552262.984822989 135.050 18.295 0.032 0.00000 -1 ACTUAL_TF
20.1663 0.0302142 -1.5937656 0.6814383 -0.42174128 0.68443001 -0.50928217 -0.30711809 0.006915 1789552263.040733814 135.418 17.926 0.032 0.00000 -1 ACTUAL_TF
20.2230 0.0302078 -1.5933584 0.6814597 -0.42173722 0.68441679 -0.50929804 -0.30712682 0.007020 1789552263.096871853 135.826 17.519 0.017 0.00000 -1 ACTUAL_TF
20.2720 0.0301922 -1.5930025 0.6814700 -0.42172333 0.68441723 -0.50930557 -0.30713242 0.006827 1789552263.152755022 136.182 17.162 0.017 0.00000 -1 ACTUAL_TF
20.3350 0.0301801 -1.5925862 0.6814768 -0.42172294 0.68441760 -0.50930443 -0.30713402 0.007015 1789552263.208641529 136.598 16.746 0.021 0.00000 -1 ACTUAL_TF
20.3978 0.0301973 -1.5922264 0.6814842 -0.42173359 0.68441033 -0.50930941 -0.30712733 0.006842 1789552263.264584780 136.958 16.386 0.011 0.00000 -1 ACTUAL_TF
20.4505 0.0302188 -1.5918426 0.6815084 -0.42172693 0.68439425 -0.50933327 -0.30713275 0.006849 1789552263.320691824 137.342 16.002 0.032 0.00000 -1 ACTUAL_TF
20.4969 0.0301922 -1.5914811 0.6815169 -0.42172739 0.68439111 -0.50933127 -0.30714244 0.006736 1789552263.376706362 137.704 15.641 0.015 0.00000 -1 ACTUAL_TF
20.5620 0.0301916 -1.5910592 0.6815020 -0.42173963 0.68439702 -0.50931589 -0.30713796 0.006970 1789552263.432882071 138.125 15.219 0.018 0.00000 -1 ACTUAL_TF
20.6141 0.0301824 -1.5906431 0.6815097 -0.42173188 0.68440182 -0.50931829 -0.30713393 0.007115 1789552263.488745213 138.542 14.803 0.014 0.00000 -1 ACTUAL_TF
20.6720 0.0301626 -1.5902876 0.6815173 -0.42172571 0.68440574 -0.50931704 -0.30713574 0.006884 1789552263.544858694 138.897 14.447 0.008 0.00000 -1 ACTUAL_TF
20.7309 0.0301539 -1.5898894 0.6815305 -0.42172198 0.68440469 -0.50931967 -0.30713884 0.006958 1789552263.600752831 139.296 14.048 0.007 0.00000 -1 ACTUAL_TF
20.7825 0.0301533 -1.5895193 0.6815282 -0.42173282 0.68440746 -0.50931248 -0.30712972 0.006855 1789552263.656682968 139.666 13.679 0.008 0.00000 -1 ACTUAL_TF
20.8344 0.0301609 -1.5891347 0.6815410 -0.42171973 0.68440853 -0.50932286 -0.30712806 0.006858 1789552263.712767124 140.050 13.294 0.011 0.00000 -1 ACTUAL_TF
20.9010 0.0301404 -1.5887650 0.6815298 -0.42172845 0.68442041 -0.50930176 -0.30712462 0.006788 1789552263.768699884 140.420 12.924 0.019 0.00000 -1 ACTUAL_TF
20.9513 0.0301530 -1.5883403 0.6815443 -0.42171900 0.68442179 -0.50931429 -0.30711373 0.007029 1789552263.824678659 140.845 12.500 0.017 0.00000 -1 ACTUAL_TF
21.0121 0.0301624 -1.5878880 0.6815425 -0.42173120 0.68442083 -0.50931087 -0.30710480 0.007343 1789552263.880704880 141.297 12.047 0.035 0.00000 -1 ACTUAL_TF
21.0601 0.0301449 -1.5875530 0.6815645 -0.42171420 0.68442114 -0.50932113 -0.30711043 0.006939 1789552263.936766863 141.632 11.712 0.016 0.00000 -1 ACTUAL_TF
21.1195 0.0301346 -1.5871361 0.6815812 -0.42171514 0.68441185 -0.50932674 -0.30712054 0.007100 1789552263.992593765 142.050 11.295 0.014 0.00000 -1 ACTUAL_TF
21.1795 0.0301456 -1.5868091 0.6815996 -0.42170768 0.68440554 -0.50934084 -0.30712148 0.006722 1789552264.048705101 142.377 10.968 0.035 0.00000 -1 ACTUAL_TF
21.2289 0.0301314 -1.5863729 0.6816135 -0.42170395 0.68440361 -0.50934429 -0.30712517 0.007048 1789552264.104622841 142.813 10.531 0.034 0.00000 -1 ACTUAL_TF
21.2888 0.0301176 -1.5859998 0.6816066 -0.42170842 0.68440816 -0.50933678 -0.30712136 0.006933 1789552264.160660744 143.186 10.158 0.019 0.00000 -1 ACTUAL_TF
21.3433 0.0301271 -1.5855387 0.6816065 -0.42170759 0.68441290 -0.50933696 -0.30711161 0.007322 1789552264.216699839 143.647 9.697 0.028 0.00000 -1 ACTUAL_TF
21.4057 0.0301070 -1.5851957 0.6816144 -0.42170075 0.68441724 -0.50933311 -0.30711773 0.006962 1789552264.272856474 143.991 9.354 0.016 0.00000 -1 ACTUAL_TF
21.4577 0.0301033 -1.5847800 0.6816273 -0.42170092 0.68440958 -0.50933814 -0.30712623 0.007103 1789552264.328800201 144.406 8.938 0.022 0.00000 -1 ACTUAL_TF
21.5125 0.0300912 -1.5843565 0.6816319 -0.42171114 0.68440357 -0.50933198 -0.30713581 0.007244 1789552264.384757519 144.830 8.514 0.017 0.00000 -1 ACTUAL_TF
21.5681 0.0301135 -1.5840046 0.6816352 -0.42171757 0.68440135 -0.50933614 -0.30712501 0.006952 1789552264.440987587 145.182 8.163 0.036 0.00000 -1 ACTUAL_TF
21.6195 0.0301067 -1.5835869 0.6816425 -0.42171860 0.68439858 -0.50933764 -0.30712731 0.007115 1789552264.496740103 145.599 7.745 0.036 0.00000 -1 ACTUAL_TF
21.6814 0.0301108 -1.5832095 0.6816387 -0.42172810 0.68439828 -0.50933265 -0.30712319 0.007001 1789552264.552769423 145.977 7.368 0.042 0.00000 -1 ACTUAL_TF
21.7401 0.0301070 -1.5827750 0.6816391 -0.42172732 0.68440405 -0.50932958 -0.30711649 0.007221 1789552264.608956099 146.411 6.933 0.044 0.00000 -1 ACTUAL_TF
21.7860 0.0300969 -1.5824759 0.6816706 -0.42171527 0.68438887 -0.50934919 -0.30713436 0.006674 1789552264.664709568 146.711 6.634 0.046 0.00000 -1 ACTUAL_TF
21.8458 0.0300737 -1.5820696 0.6816766 -0.42172181 0.68438857 -0.50934013 -0.30714105 0.006844 1789552264.720912218 147.117 6.227 0.032 0.00000 -1 ACTUAL_TF
21.9050 0.0300729 -1.5817553 0.6816772 -0.42171748 0.68439288 -0.50934091 -0.30713612 0.006478 1789552264.776804686 147.432 5.913 0.032 0.00000 -1 ACTUAL_TF
21.9566 0.0300568 -1.5813766 0.6816971 -0.42171203 0.68438621 -0.50934933 -0.30714449 0.006568 1789552264.832803965 147.811 5.534 0.037 0.00000 -1 ACTUAL_TF
22.0146 0.0300334 -1.5809672 0.6816979 -0.42171633 0.68438987 -0.50934044 -0.30714517 0.006794 1789552264.888810635 148.220 5.124 0.030 0.00000 -1 ACTUAL_TF
22.0785 0.0300329 -1.5806567 0.6817145 -0.42171293 0.68438549 -0.50934767 -0.30714761 0.006416 1789552264.945008278 148.531 4.813 0.041 0.00000 -1 ACTUAL_TF
22.1291 0.0300201 -1.5802826 0.6817053 -0.42171502 0.68439762 -0.50933269 -0.30714256 0.006504 1789552265.000816584 148.905 4.439 0.027 0.00000 -1 ACTUAL_TF
22.1874 0.0300212 -1.5799979 0.6817109 -0.42171158 0.68439724 -0.50933620 -0.30714230 0.006079 1789552265.056789875 149.190 4.154 0.027 0.00000 -1 ACTUAL_TF
22.2362 0.0300249 -1.5796339 0.6816974 -0.42171936 0.68441089 -0.50932102 -0.30712639 0.006207 1789552265.112770796 149.554 3.791 0.010 0.00000 -1 ACTUAL_TF
22.2970 0.0300240 -1.5793765 0.6817066 -0.42171251 0.68440986 -0.50932814 -0.30712627 0.005728 1789552265.168654442 149.811 3.533 0.015 0.00000 -1 ACTUAL_TF
22.3580 0.0300188 -1.5790235 0.6817000 -0.42172102 0.68441670 -0.50931698 -0.30711784 0.005899 1789552265.224707842 150.164 3.180 0.008 0.00000 -1 ACTUAL_TF
22.4086 0.0300025 -1.5787127 0.6817090 -0.42170907 0.68441968 -0.50931892 -0.30712441 0.005792 1789552265.280906916 150.475 2.869 0.007 0.00000 -1 ACTUAL_TF
22.4592 0.0300082 -1.5784546 0.6817080 -0.42171598 0.68441864 -0.50931777 -0.30711912 0.005442 1789552265.336714506 150.733 2.611 0.005 0.00000 -1 ACTUAL_TF
22.5213 0.0300045 -1.5781879 0.6817161 -0.42171241 0.68441767 -0.50932001 -0.30712247 0.005237 1789552265.392794609 151.000 2.345 0.006 0.00000 -1 ACTUAL_TF
22.5759 0.0299843 -1.5779405 0.6817055 -0.42172013 0.68442601 -0.50930245 -0.30712244 0.004997 1789552265.448791981 151.247 2.097 0.016 0.00000 -1 ACTUAL_TF
22.6292 0.0299938 -1.5776753 0.6817146 -0.42172216 0.68442051 -0.50930808 -0.30712255 0.004924 1789552265.504652023 151.512 1.832 0.005 0.00000 -1 ACTUAL_TF
22.6924 0.0299945 -1.5774439 0.6817177 -0.42172890 0.68441393 -0.50931005 -0.30712469 0.004680 1789552265.560971260 151.744 1.601 0.008 0.00000 -1 ACTUAL_TF
22.7446 0.0300032 -1.5771749 0.6817262 -0.42173352 0.68440538 -0.50931776 -0.30712461 0.004719 1789552265.616914749 152.013 1.332 0.017 0.00000 -1 ACTUAL_TF
22.8032 0.0300031 -1.5769418 0.6817314 -0.42173565 0.68440280 -0.50931958 -0.30712442 0.004555 1789552265.672806978 152.246 1.098 0.021 0.00000 -1 ACTUAL_TF
22.8576 0.0300001 -1.5766873 0.6817346 -0.42173217 0.68440247 -0.50932305 -0.30712418 0.004554 1789552265.728732824 152.500 0.844 0.021 0.00000 -1 ACTUAL_TF
22.9059 0.0300049 -1.5764643 0.6817512 -0.42171899 0.68440138 -0.50933503 -0.30712484 0.004388 1789552265.784638166 152.724 0.621 0.032 0.00000 -1 ACTUAL_TF
22.9660 0.0299973 -1.5762758 0.6817615 -0.42171620 0.68439854 -0.50933847 -0.30712930 0.004080 1789552265.840811491 152.912 0.432 0.031 0.00000 -1 ACTUAL_TF
23.0214 0.0299988 -1.5761018 0.6817721 -0.42171529 0.68439275 -0.50934644 -0.30713022 0.003791 1789552265.896764040 153.086 0.258 0.039 0.00000 -1 ACTUAL_TF
23.0784 0.0299927 -1.5760025 0.6817702 -0.42171726 0.68439311 -0.50934337 -0.30713182 0.003184 1789552265.953035116 153.186 0.159 0.034 0.00000 -1 ACTUAL_TF
23.1381 0.0299943 -1.5759370 0.6817728 -0.42172076 0.68439028 -0.50934387 -0.30713251 0.002581 1789552266.008869171 153.251 0.093 0.037 0.00000 -1 ACTUAL_TF
23.1919 0.0299913 -1.5759111 0.6817746 -0.42171928 0.68438980 -0.50934470 -0.30713422 0.001945 1789552266.065736294 153.277 0.067 0.036 0.00000 -1 ACTUAL_TF
