WELD FEEDBACK LOG
result=completed
started=2026-09-16 12:15:12
ended=2026-09-16 12:15:49
elapsed_seconds=36.633

================ OPERATOR OVERVIEW ================
REQUESTED : 190 A / 23.5 V · FE-SOLID 1.2 mm · LSM · CO2 100%
RX ECHO   : 190 A / 23.5 V · MATCH=YES
CURRENT FB: avg 215.54 · min 67.00 · max 230.00 A
VOLTAGE FB: avg 23.44 · min 3.00 · max 61.60 V
WIRE FEED : avg 8.40 · min 8.40 · max 8.40 m/min
ARC ON    : 34.132 s
NET WELD  : 33.429 s
WIRE USED : 4680.580 mm (base 4680.580 + alpha 0.000)
WCR       : DETECTED
SAMPLES   : RX 916 / welding 838 / TCP 641
===================================================

[commanded]
current_a=190
voltage_tenths=235
voltage=23.5
material=FE-SOLID
diameter_mm=1.2
mode=LSM
gas=CO2 100%
synergic=False
correction=0.0
hot_start_enabled=True
hot_start_percent=10.0
hot_start_hold_adjustment=-1
crater_enabled=False
crater_percent=31.57894736842105
crater_current_a=60.0
crater_voltage_v=25.0
crater_seconds=1.0
wire_consumable_alpha_mm=0.0
hot_start_current_a=209

[rx_setting_echo]
current_a=190
voltage_v=23.5
hot_start_current_a=0
hot_start_hold_adjustment=-15

[rx_welding_setting_echo]
current_a=190
voltage_v=23.5
hot_start_current_a=0
hot_start_hold_adjustment=-15

[execution_conditions]
mode=sequence_execute
run_all=True
touch_io_backend=fastech_ethernet
touch_input_port=4
touch_sensing_output_port=0
fastech_ip=192.168.0.3
fastech_poll_target_hz=100.0
hicomm_source_ip=192.168.1.2
hicomm_welder_ip=192.168.1.10
hicomm_port=60000
gui_velocity_percent=36.95263157894737
gui_speed_mode=scale
gui_tcp_speed_mm_s=10.0
gui_interpolation_step_mm=5.0
seam_orientation_mode=Wait poses + fixed World-XYZ tilt
weld_fixed_tilt_x_deg=0.0
weld_fixed_tilt_y_deg=0.0
weld_fixed_tilt_z_deg=-0.0
weld_weave_enabled=True
weld_weave_pattern=sine
capping_width_mm=2.0
capping_pitch_mm=5.0
capping_left_dwell_s=0.2
capping_right_dwell_s=0.2
weld_weave_amplitude_mm=3.0
weld_weave_cycles=8
weld_weave_samples_per_cycle=8
weld_weave_axis=tool_x
weld_lead_in_mm=0.0
weld_lead_out_mm=5.0
weld_safe_approach_mm=31.0
weld_approach_mode=taught_wait
weld_pre_start_lead_mm=0.0
weld_tcp_speed_mm_s=3.5
weld_arc_off_delay_ms=500.0
tcp_tracking.parent_frame=World
tcp_tracking.child_frame=right_manipulator_ee_point
tcp_tracking.timestamp_source=TF_header_stamp
initial_fastech_di0=False
initial_fastech_do0=True
robot_connected.left=True
robot_connected.right=True
robot_connected.head=True
hicomm_connected=True
execution_allowed=True
steps[0].sequence_number=1
steps[0].type=named_pose
steps[0].parallel_slot=1
steps[0].duration=0.0
steps[0].planning_group=right_manipulator
steps[0].velocity_scale=0.3695263157894737
steps[0].tcp_speed_m_s=0.0
steps[0].pose_name=weld_start_wait
steps[0].pose_label=3 · Weld start wait pose
steps[0].touch_guard=False
steps[0].continue_after_touch=False
steps[0].weld_scenario_id=weld-11546140608431
steps[0].weld_scenario_stage=start_wait
steps[0].target_tcp.position_m.x=0.1584453369077392
steps[0].target_tcp.position_m.y=-1.668706269510984
steps[0].target_tcp.position_m.z=0.6794388934220492
steps[0].target_tcp.orientation_xyzw.x=-0.40915278981783126
steps[0].target_tcp.orientation_xyzw.y=0.6649552253689487
steps[0].target_tcp.orientation_xyzw.z=-0.535291590956429
steps[0].target_tcp.orientation_xyzw.w=-0.322321974879392
steps[0].joint_names[0]=right_manipulator_joint1
steps[0].joint_names[1]=right_manipulator_joint2
steps[0].joint_names[2]=right_manipulator_joint3
steps[0].joint_names[3]=right_manipulator_joint4
steps[0].joint_names[4]=right_manipulator_joint5
steps[0].joint_names[5]=right_manipulator_joint6
steps[0].joint_positions_rad[0]=5.283645023689957
steps[0].joint_positions_rad[1]=1.3016661886211405
steps[0].joint_positions_rad[2]=1.8412402023343888
steps[0].joint_positions_rad[3]=3.7030714335850523
steps[0].joint_positions_rad[4]=1.3509738172556307
steps[0].joint_positions_rad[5]=1.5251148583006584
steps[1].sequence_number=2
steps[1].type=motion
steps[1].parallel_slot=2
steps[1].duration=0.0
steps[1].planning_group=right_manipulator
steps[1].velocity_scale=0.3695263157894737
steps[1].tcp_speed_m_s=0.0
steps[1].interpolation_step=0.005
steps[1].path_kind=taught_wait_align_weld_attitude
steps[1].touch_guard=False
steps[1].continue_after_touch=False
steps[1].accept_initial_touch=False
steps[1].weld_scenario_id=weld-11546140608431
steps[1].weld_scenario_stage=start_safe
steps[1].waypoint_count=1
steps[1].waypoints[0].position_m.x=0.1584453369077392
steps[1].waypoints[0].position_m.y=-1.668706269510984
steps[1].waypoints[0].position_m.z=0.6794388934220492
steps[1].waypoints[0].orientation_xyzw.x=-0.37702160240814364
steps[1].waypoints[0].orientation_xyzw.y=0.6836857234715228
steps[1].waypoints[0].orientation_xyzw.z=-0.5193344052333201
steps[1].waypoints[0].orientation_xyzw.w=-0.3474482959805243
steps[2].sequence_number=3
steps[2].type=motion
steps[2].parallel_slot=3
steps[2].duration=0.0
steps[2].planning_group=right_manipulator
steps[2].velocity_scale=0.3695263157894737
steps[2].tcp_speed_m_s=0.0
steps[2].interpolation_step=0.005
steps[2].path_kind=taught_wait_to_weld_start
steps[2].touch_guard=False
steps[2].continue_after_touch=True
steps[2].accept_initial_touch=False
steps[2].weld_scenario_id=weld-11546140608431
steps[2].weld_scenario_stage=start_contact
steps[2].waypoint_count=1
steps[2].waypoints[0].position_m.x=0.1582606914211344
steps[2].waypoints[0].position_m.y=-1.6816306271311774
steps[2].waypoints[0].position_m.z=0.6736916080339003
steps[2].waypoints[0].orientation_xyzw.x=-0.37702160240814364
steps[2].waypoints[0].orientation_xyzw.y=0.6836857234715228
steps[2].waypoints[0].orientation_xyzw.z=-0.5193344052333201
steps[2].waypoints[0].orientation_xyzw.w=-0.3474482959805243
steps[3].sequence_number=4
steps[3].type=digital_output
steps[3].parallel_slot=4
steps[3].duration=0.0
steps[3].port=0
steps[3].value=False
steps[3].weld_scenario_id=weld-11546140608431
steps[3].weld_scenario_stage=touch_output_off
steps[4].sequence_number=5
steps[4].type=digital_weld
steps[4].parallel_slot=5
steps[4].duration=0.0
steps[4].command=on
steps[4].weld_scenario_id=weld-11546140608431
steps[4].weld_scenario_stage=arc_on
steps[4].settings.current_a=190
steps[4].settings.voltage_tenths=235
steps[4].settings.voltage=23.5
steps[4].settings.material=FE-SOLID
steps[4].settings.diameter_mm=1.2
steps[4].settings.mode=LSM
steps[4].settings.gas=CO2 100%
steps[4].settings.synergic=False
steps[4].settings.correction=0.0
steps[4].settings.hot_start_enabled=True
steps[4].settings.hot_start_percent=10.0
steps[4].settings.hot_start_hold_adjustment=-1
steps[4].settings.crater_enabled=False
steps[4].settings.crater_percent=31.57894736842105
steps[4].settings.crater_current_a=60.0
steps[4].settings.crater_voltage_v=25.0
steps[4].settings.crater_seconds=1.0
steps[4].settings.wire_consumable_alpha_mm=0.0
steps[4].settings.hot_start_current_a=209
steps[5].sequence_number=6
steps[5].type=motion
steps[5].parallel_slot=5
steps[5].duration=0.0
steps[5].planning_group=right_manipulator
steps[5].velocity_scale=0.3695263157894737
steps[5].tcp_speed_m_s=0.0035
steps[5].interpolation_step=0.005
steps[5].path_kind=continuous_sine_weave_over_sensed_goal_fastech_di0_ignored
steps[5].touch_guard=False
steps[5].weld_scenario_id=weld-11546140608431
steps[5].weld_scenario_stage=weld_motion
steps[5].lead_in_mm=0.0
steps[5].lead_out_mm=5.0
steps[5].linear_motion_profile=True
steps[5].capping_width_mm=2.0
steps[5].capping_pitch_mm=5.0
steps[5].capping_left_dwell_s=0.2
steps[5].capping_right_dwell_s=0.2
steps[5].waypoint_count=66
steps[5].waypoints[0].position_m.x=0.1582606914211344
steps[5].waypoints[0].position_m.y=-1.6816306271311774
steps[5].waypoints[0].position_m.z=0.6736916080339003
steps[5].waypoints[0].orientation_xyzw.x=-0.37702160240814364
steps[5].waypoints[0].orientation_xyzw.y=0.6836857234715228
steps[5].waypoints[0].orientation_xyzw.z=-0.5193344052333201
steps[5].waypoints[0].orientation_xyzw.w=-0.3474482959805243
steps[5].waypoints[1].position_m.x=0.15910439089833311
steps[5].waypoints[1].position_m.y=-1.6831470354595757
steps[5].waypoints[1].position_m.z=0.6751957621900861
steps[5].waypoints[1].orientation_xyzw.x=-0.3770211312323945
steps[5].waypoints[1].orientation_xyzw.y=0.6836856435328091
steps[5].waypoints[1].orientation_xyzw.z=-0.5193348626852229
steps[5].waypoints[1].orientation_xyzw.w=-0.34744828080031553
steps[5].waypoints[2].position_m.x=0.15996906806088443
steps[5].waypoints[2].position_m.y=-1.6837840322270263
steps[5].waypoints[2].position_m.z=0.6758222198608775
steps[5].waypoints[2].orientation_xyzw.x=-0.37702066005648033
steps[5].waypoints[2].orientation_xyzw.y=0.6836855635937962
steps[5].waypoints[2].orientation_xyzw.z=-0.5193353201368985
steps[5].waypoints[2].orientation_xyzw.w=-0.3474482656199547
steps[5].waypoints[3].position_m.x=0.1608634121505686
steps[5].waypoints[3].position_m.y=-1.6831773532380776
steps[5].waypoints[3].position_m.z=0.6752074272583773
steps[5].waypoints[3].orientation_xyzw.x=-0.377020188880401
steps[5].waypoints[3].orientation_xyzw.y=0.6836854836544837
steps[5].waypoints[3].orientation_xyzw.z=-0.5193357775883465
steps[5].waypoints[3].orientation_xyzw.w=-0.34744825043944166
steps[5].waypoints[4].position_m.x=0.16177873392560535
steps[5].waypoints[4].position_m.y=-1.6816912626881813
steps[5].waypoints[4].position_m.z=0.6737149381704827
steps[5].waypoints[4].orientation_xyzw.x=-0.37701971770415654
steps[5].waypoints[4].orientation_xyzw.y=0.683685403714872
steps[5].waypoints[4].orientation_xyzw.z=-0.5193362350395672
steps[5].waypoints[4].orientation_xyzw.w=-0.3474482352587765
steps[5].waypoints[5].position_m.x=0.1626940557006421
steps[5].waypoints[5].position_m.y=-1.680205172138285
steps[5].waypoints[5].position_m.z=0.6722224490825881
steps[5].waypoints[5].orientation_xyzw.x=-0.3770192465277471
steps[5].waypoints[5].orientation_xyzw.y=0.6836853237749608
steps[5].waypoints[5].orientation_xyzw.z=-0.5193366924905604
steps[5].waypoints[5].orientation_xyzw.w=-0.34744822007795917
steps[5].waypoints[6].position_m.x=0.16358839979032627
steps[5].waypoints[6].position_m.y=-1.6795984931493362
steps[5].waypoints[6].position_m.z=0.6716076564800878
steps[5].waypoints[6].orientation_xyzw.x=-0.3770187753511725
steps[5].waypoints[6].orientation_xyzw.y=0.6836852438347504
steps[5].waypoints[6].orientation_xyzw.z=-0.5193371499413263
steps[5].waypoints[6].orientation_xyzw.w=-0.3474482048969898
steps[5].waypoints[7].position_m.x=0.16445307695287759
steps[5].waypoints[7].position_m.y=-1.6802354899167868
steps[5].waypoints[7].position_m.z=0.6722341141508793
steps[5].waypoints[7].orientation_xyzw.x=-0.3770183041744327
steps[5].waypoints[7].orientation_xyzw.y=0.6836851638942404
steps[5].waypoints[7].orientation_xyzw.z=-0.5193376073918647
steps[5].waypoints[7].orientation_xyzw.w=-0.34744818971586816
steps[5].waypoints[8].position_m.x=0.16529677643007631
steps[5].waypoints[8].position_m.y=-1.6817518982451851
steps[5].waypoints[8].position_m.z=0.6737382683070651
steps[5].waypoints[8].orientation_xyzw.x=-0.377017832997528
steps[5].waypoints[8].orientation_xyzw.y=0.6836850839534312
steps[5].waypoints[8].orientation_xyzw.z=-0.5193380648421758
steps[5].waypoints[8].orientation_xyzw.w=-0.3474481745345945
steps[5].waypoints[9].position_m.x=0.16614047590727504
steps[5].waypoints[9].position_m.y=-1.6832683065735834
steps[5].waypoints[9].position_m.z=0.675242422463251
steps[5].waypoints[9].orientation_xyzw.x=-0.37701736182045803
steps[5].waypoints[9].orientation_xyzw.y=0.6836850040123225
steps[5].waypoints[9].orientation_xyzw.z=-0.5193385222922595
steps[5].waypoints[9].orientation_xyzw.w=-0.34744815935316853
steps[5].waypoints[10].position_m.x=0.16700515306982636
steps[5].waypoints[10].position_m.y=-1.683905303341034
steps[5].waypoints[10].position_m.z=0.6758688801340423
steps[5].waypoints[10].orientation_xyzw.x=-0.37701689064322297
steps[5].waypoints[10].orientation_xyzw.y=0.6836849240709144
steps[5].waypoints[10].orientation_xyzw.z=-0.5193389797421157
steps[5].waypoints[10].orientation_xyzw.w=-0.3474481441715906
steps[5].waypoints[11].position_m.x=0.16789949715951052
steps[5].waypoints[11].position_m.y=-1.6832986243520853
steps[5].waypoints[11].position_m.z=0.6752540875315421
steps[5].waypoints[11].orientation_xyzw.x=-0.3770164194658229
steps[5].waypoints[11].orientation_xyzw.y=0.6836848441292069
steps[5].waypoints[11].orientation_xyzw.z=-0.5193394371917446
steps[5].waypoints[11].orientation_xyzw.w=-0.3474481289898604
steps[5].waypoints[12].position_m.x=0.16881481893454728
steps[5].waypoints[12].position_m.y=-1.681812533802189
steps[5].waypoints[12].position_m.z=0.6737615984436475
steps[5].waypoints[12].orientation_xyzw.x=-0.3770159482882577
steps[5].waypoints[12].orientation_xyzw.y=0.6836847641872001
steps[5].waypoints[12].orientation_xyzw.z=-0.5193398946411459
steps[5].waypoints[12].orientation_xyzw.w=-0.3474481138079781
steps[5].waypoints[13].position_m.x=0.16973014070958403
steps[5].waypoints[13].position_m.y=-1.6803264432522926
steps[5].waypoints[13].position_m.z=0.6722691093557529
steps[5].waypoints[13].orientation_xyzw.x=-0.3770154771105274
steps[5].waypoints[13].orientation_xyzw.y=0.6836846842448939
steps[5].waypoints[13].orientation_xyzw.z=-0.51934035209032
steps[5].waypoints[13].orientation_xyzw.w=-0.34744809862594367
steps[5].waypoints[14].position_m.x=0.1706244847992682
steps[5].waypoints[14].position_m.y=-1.679719764263344
steps[5].waypoints[14].position_m.z=0.6716543167532526
steps[5].waypoints[14].orientation_xyzw.x=-0.37701500593263193
steps[5].waypoints[14].orientation_xyzw.y=0.6836846043022884
steps[5].waypoints[14].orientation_xyzw.z=-0.5193408095392668
steps[5].waypoints[14].orientation_xyzw.w=-0.347448083443757
steps[5].waypoints[15].position_m.x=0.17148916196181951
steps[5].waypoints[15].position_m.y=-1.6803567610307946
steps[5].waypoints[15].position_m.z=0.6722807744240441
steps[5].waypoints[15].orientation_xyzw.x=-0.3770145347545714
steps[5].waypoints[15].orientation_xyzw.y=0.6836845243593834
steps[5].waypoints[15].orientation_xyzw.z=-0.5193412669879859
steps[5].waypoints[15].orientation_xyzw.w=-0.3474480682614183
steps[5].waypoints[16].position_m.x=0.17233286143901827
steps[5].waypoints[16].position_m.y=-1.681873169359193
steps[5].waypoints[16].position_m.z=0.6737849285802299
steps[5].waypoints[16].orientation_xyzw.x=-0.37701406357634576
steps[5].waypoints[16].orientation_xyzw.y=0.6836844444161791
steps[5].waypoints[16].orientation_xyzw.z=-0.5193417244364777
steps[5].waypoints[16].orientation_xyzw.w=-0.34744805307892734
steps[5].waypoints[17].position_m.x=0.17317656091621703
steps[5].waypoints[17].position_m.y=-1.6833895776875913
steps[5].waypoints[17].position_m.z=0.6752890827364156
steps[5].waypoints[17].orientation_xyzw.x=-0.3770135923979551
steps[5].waypoints[17].orientation_xyzw.y=0.6836843644726756
steps[5].waypoints[17].orientation_xyzw.z=-0.5193421818847421
steps[5].waypoints[17].orientation_xyzw.w=-0.3474480378962843
steps[5].waypoints[18].position_m.x=0.17404123807876834
steps[5].waypoints[18].position_m.y=-1.684026574455042
steps[5].waypoints[18].position_m.z=0.6759155404072071
steps[5].waypoints[18].orientation_xyzw.x=-0.3770131212193993
steps[5].waypoints[18].orientation_xyzw.y=0.6836842845288724
steps[5].waypoints[18].orientation_xyzw.z=-0.5193426393327791
steps[5].waypoints[18].orientation_xyzw.w=-0.3474480227134892
steps[5].waypoints[19].position_m.x=0.1749355821684525
steps[5].waypoints[19].position_m.y=-1.6834198954660933
steps[5].waypoints[19].position_m.z=0.6753007478047068
steps[5].waypoints[19].orientation_xyzw.x=-0.37701265004067835
steps[5].waypoints[19].orientation_xyzw.y=0.68368420458477
steps[5].waypoints[19].orientation_xyzw.z=-0.5193430967805887
steps[5].waypoints[19].orientation_xyzw.w=-0.3474480075305418
steps[5].waypoints[20].position_m.x=0.17585090394348923
steps[5].waypoints[20].position_m.y=-1.681933804916197
steps[5].waypoints[20].position_m.z=0.6738082587168123
steps[5].waypoints[20].orientation_xyzw.x=-0.3770121788617924
steps[5].waypoints[20].orientation_xyzw.y=0.6836841246403682
steps[5].waypoints[20].orientation_xyzw.z=-0.5193435542281709
steps[5].waypoints[20].orientation_xyzw.w=-0.3474479923474424
steps[5].waypoints[21].position_m.x=0.176766225718526
steps[5].waypoints[21].position_m.y=-1.6804477143663006
steps[5].waypoints[21].position_m.z=0.6723157696289176
steps[5].waypoints[21].orientation_xyzw.x=-0.3770117076827413
steps[5].waypoints[21].orientation_xyzw.y=0.6836840446956669
steps[5].waypoints[21].orientation_xyzw.z=-0.5193440116755257
steps[5].waypoints[21].orientation_xyzw.w=-0.34744797716419074
steps[5].waypoints[22].position_m.x=0.17766056980821016
steps[5].waypoints[22].position_m.y=-1.6798410353773519
steps[5].waypoints[22].position_m.z=0.6717009770264174
steps[5].waypoints[22].orientation_xyzw.x=-0.3770112365035251
steps[5].waypoints[22].orientation_xyzw.y=0.6836839647506663
steps[5].waypoints[22].orientation_xyzw.z=-0.5193444691226531
steps[5].waypoints[22].orientation_xyzw.w=-0.34744796198078703
steps[5].waypoints[23].position_m.x=0.17852524697076147
steps[5].waypoints[23].position_m.y=-1.6804780321448025
steps[5].waypoints[23].position_m.z=0.6723274346972088
steps[5].waypoints[23].orientation_xyzw.x=-0.37701076532414385
steps[5].waypoints[23].orientation_xyzw.y=0.6836838848053663
steps[5].waypoints[23].orientation_xyzw.z=-0.519344926569553
steps[5].waypoints[23].orientation_xyzw.w=-0.3474479467972312
steps[5].waypoints[24].position_m.x=0.1793689464479602
steps[5].waypoints[24].position_m.y=-1.6819944404732008
steps[5].waypoints[24].position_m.z=0.6738315888533947
steps[5].waypoints[24].orientation_xyzw.x=-0.37701029414459747
steps[5].waypoints[24].orientation_xyzw.y=0.683683804859767
steps[5].waypoints[24].orientation_xyzw.z=-0.5193453840162254
steps[5].waypoints[24].orientation_xyzw.w=-0.3474479316135231
steps[5].waypoints[25].position_m.x=0.18021264592515893
steps[5].waypoints[25].position_m.y=-1.683510848801599
steps[5].waypoints[25].position_m.z=0.6753357430095804
steps[5].waypoints[25].orientation_xyzw.x=-0.377009822964886
steps[5].waypoints[25].orientation_xyzw.y=0.6836837249138682
steps[5].waypoints[25].orientation_xyzw.z=-0.5193458414626706
steps[5].waypoints[25].orientation_xyzw.w=-0.34744791642966294
steps[5].waypoints[26].position_m.x=0.18107732308771016
steps[5].waypoints[26].position_m.y=-1.6841478455690497
steps[5].waypoints[26].position_m.z=0.6759622006803719
steps[5].waypoints[26].orientation_xyzw.x=-0.37700935178500944
steps[5].waypoints[26].orientation_xyzw.y=0.6836836449676701
steps[5].waypoints[26].orientation_xyzw.z=-0.5193462989088884
steps[5].waypoints[26].orientation_xyzw.w=-0.3474479012456506
steps[5].waypoints[27].position_m.x=0.18197166717739435
steps[5].waypoints[27].position_m.y=-1.683541166580101
steps[5].waypoints[27].position_m.z=0.6753474080778716
steps[5].waypoints[27].orientation_xyzw.x=-0.37700888060496784
steps[5].waypoints[27].orientation_xyzw.y=0.6836835650211727
steps[5].waypoints[27].orientation_xyzw.z=-0.5193467563548787
steps[5].waypoints[27].orientation_xyzw.w=-0.3474478860614862
steps[5].waypoints[28].position_m.x=0.18288698895243116
steps[5].waypoints[28].position_m.y=-1.6820550760302047
steps[5].waypoints[28].position_m.z=0.6738549189899771
steps[5].waypoints[28].orientation_xyzw.x=-0.37700840942476105
steps[5].waypoints[28].orientation_xyzw.y=0.6836834850743757
steps[5].waypoints[28].orientation_xyzw.z=-0.5193472138006415
steps[5].waypoints[28].orientation_xyzw.w=-0.34744787087716955
steps[5].waypoints[29].position_m.x=0.18380231072746797
steps[5].waypoints[29].position_m.y=-1.6805689854803083
steps[5].waypoints[29].position_m.z=0.6723624299020824
steps[5].waypoints[29].orientation_xyzw.x=-0.3770079382443892
steps[5].waypoints[29].orientation_xyzw.y=0.6836834051272795
steps[5].waypoints[29].orientation_xyzw.z=-0.5193476712461771
steps[5].waypoints[29].orientation_xyzw.w=-0.3474478556927008
steps[5].waypoints[30].position_m.x=0.18469665481715217
steps[5].waypoints[30].position_m.y=-1.6799623064913598
steps[5].waypoints[30].position_m.z=0.6717476372995822
steps[5].waypoints[30].orientation_xyzw.x=-0.3770074670638523
steps[5].waypoints[30].orientation_xyzw.y=0.683683325179884
steps[5].waypoints[30].orientation_xyzw.z=-0.5193481286914852
steps[5].waypoints[30].orientation_xyzw.w=-0.34744784050807986
steps[5].waypoints[31].position_m.x=0.18556133197970345
steps[5].waypoints[31].position_m.y=-1.6805993032588105
steps[5].waypoints[31].position_m.z=0.6723740949703736
steps[5].waypoints[31].orientation_xyzw.x=-0.37700699588315023
steps[5].waypoints[31].orientation_xyzw.y=0.6836832452321889
steps[5].waypoints[31].orientation_xyzw.z=-0.5193485861365658
steps[5].waypoints[31].orientation_xyzw.w=-0.34744782532330687
steps[5].waypoints[32].position_m.x=0.18640503145690213
steps[5].waypoints[32].position_m.y=-1.6821157115872087
steps[5].waypoints[32].position_m.z=0.6738782491265595
steps[5].waypoints[32].orientation_xyzw.x=-0.3770065247022832
steps[5].waypoints[32].orientation_xyzw.y=0.6836831652841945
steps[5].waypoints[32].orientation_xyzw.z=-0.519349043581419
steps[5].waypoints[32].orientation_xyzw.w=-0.34744781013838166
steps[5].waypoints[33].position_m.x=0.18724873093410085
steps[5].waypoints[33].position_m.y=-1.683632119915607
steps[5].waypoints[33].position_m.z=0.6753824032827453
steps[5].waypoints[33].orientation_xyzw.x=-0.37700605352125105
steps[5].waypoints[33].orientation_xyzw.y=0.6836830853359007
steps[5].waypoints[33].orientation_xyzw.z=-0.5193495010260448
steps[5].waypoints[33].orientation_xyzw.w=-0.34744779495330436
steps[5].waypoints[34].position_m.x=0.18811340809665217
steps[5].waypoints[34].position_m.y=-1.6842691166830577
steps[5].waypoints[34].position_m.z=0.6760088609535367
steps[5].waypoints[34].orientation_xyzw.x=-0.3770055823400537
steps[5].waypoints[34].orientation_xyzw.y=0.6836830053873076
steps[5].waypoints[34].orientation_xyzw.z=-0.5193499584704432
steps[5].waypoints[34].orientation_xyzw.w=-0.34744777976807484
steps[5].waypoints[35].position_m.x=0.18900775218633634
steps[5].waypoints[35].position_m.y=-1.683662437694109
steps[5].waypoints[35].position_m.z=0.6753940683510365
steps[5].waypoints[35].orientation_xyzw.x=-0.37700511115869145
steps[5].waypoints[35].orientation_xyzw.y=0.6836829254384151
steps[5].waypoints[35].orientation_xyzw.z=-0.5193504159146142
steps[5].waypoints[35].orientation_xyzw.w=-0.3474477645826933
steps[5].waypoints[36].position_m.x=0.1899230739613731
steps[5].waypoints[36].position_m.y=-1.6821763471442126
steps[5].waypoints[36].position_m.z=0.6739015792631419
steps[5].waypoints[36].orientation_xyzw.x=-0.37700463997716394
steps[5].waypoints[36].orientation_xyzw.y=0.6836828454892232
steps[5].waypoints[36].orientation_xyzw.z=-0.5193508733585577
steps[5].waypoints[36].orientation_xyzw.w=-0.3474477493971595
steps[5].waypoints[37].position_m.x=0.19083839573640984
steps[5].waypoints[37].position_m.y=-1.6806902565943163
steps[5].waypoints[37].position_m.z=0.6724090901752473
steps[5].waypoints[37].orientation_xyzw.x=-0.37700416879547144
steps[5].waypoints[37].orientation_xyzw.y=0.683682765539732
steps[5].waypoints[37].orientation_xyzw.z=-0.5193513308022738
steps[5].waypoints[37].orientation_xyzw.w=-0.34744773421147357
steps[5].waypoints[38].position_m.x=0.191732739826094
steps[5].waypoints[38].position_m.y=-1.6800835776053675
steps[5].waypoints[38].position_m.z=0.671794297572747
steps[5].waypoints[38].orientation_xyzw.x=-0.3770036976136138
steps[5].waypoints[38].orientation_xyzw.y=0.6836826855899414
steps[5].waypoints[38].orientation_xyzw.z=-0.5193517882457624
steps[5].waypoints[38].orientation_xyzw.w=-0.34744771902563554
steps[5].waypoints[39].position_m.x=0.19259741698864533
steps[5].waypoints[39].position_m.y=-1.6807205743728182
steps[5].waypoints[39].position_m.z=0.6724207552435385
steps[5].waypoints[39].orientation_xyzw.x=-0.3770032264315911
steps[5].waypoints[39].orientation_xyzw.y=0.6836826056398514
steps[5].waypoints[39].orientation_xyzw.z=-0.5193522456890237
steps[5].waypoints[39].orientation_xyzw.w=-0.34744770383964535
steps[5].waypoints[40].position_m.x=0.19344111646584405
steps[5].waypoints[40].position_m.y=-1.6822369827012165
steps[5].waypoints[40].position_m.z=0.6739249093997243
steps[5].waypoints[40].orientation_xyzw.x=-0.3770027552494033
steps[5].waypoints[40].orientation_xyzw.y=0.6836825256894619
steps[5].waypoints[40].orientation_xyzw.z=-0.5193527031320577
steps[5].waypoints[40].orientation_xyzw.w=-0.34744768865350295
steps[5].waypoints[41].position_m.x=0.1942848159430428
steps[5].waypoints[41].position_m.y=-1.6837533910296147
steps[5].waypoints[41].position_m.z=0.6754290635559101
steps[5].waypoints[41].orientation_xyzw.x=-0.3770022840670505
steps[5].waypoints[41].orientation_xyzw.y=0.6836824457387732
steps[5].waypoints[41].orientation_xyzw.z=-0.5193531605748641
steps[5].waypoints[41].orientation_xyzw.w=-0.3474476734672085
steps[5].waypoints[42].position_m.x=0.19514949310559412
steps[5].waypoints[42].position_m.y=-1.6843903877970654
steps[5].waypoints[42].position_m.z=0.6760555212267015
steps[5].waypoints[42].orientation_xyzw.x=-0.3770018128845325
steps[5].waypoints[42].orientation_xyzw.y=0.683682365787785
steps[5].waypoints[42].orientation_xyzw.z=-0.5193536180174432
steps[5].waypoints[42].orientation_xyzw.w=-0.34744765828076185
steps[5].waypoints[43].position_m.x=0.1960438371952783
steps[5].waypoints[43].position_m.y=-1.6837837088081167
steps[5].waypoints[43].position_m.z=0.6754407286242013
steps[5].waypoints[43].orientation_xyzw.x=-0.37700134170184946
steps[5].waypoints[43].orientation_xyzw.y=0.6836822858364975
steps[5].waypoints[43].orientation_xyzw.z=-0.5193540754597947
steps[5].waypoints[43].orientation_xyzw.w=-0.3474476430941631
steps[5].waypoints[44].position_m.x=0.19695915897031505
steps[5].waypoints[44].position_m.y=-1.6822976182582203
steps[5].waypoints[44].position_m.z=0.6739482395363067
steps[5].waypoints[44].orientation_xyzw.x=-0.37700087051900144
steps[5].waypoints[44].orientation_xyzw.y=0.6836822058849106
steps[5].waypoints[44].orientation_xyzw.z=-0.5193545329019189
steps[5].waypoints[44].orientation_xyzw.w=-0.3474476279074122
steps[5].waypoints[45].position_m.x=0.19787448074535177
steps[5].waypoints[45].position_m.y=-1.680811527708324
steps[5].waypoints[45].position_m.z=0.6724557504484121
steps[5].waypoints[45].orientation_xyzw.x=-0.3770003993359882
steps[5].waypoints[45].orientation_xyzw.y=0.6836821259330244
steps[5].waypoints[45].orientation_xyzw.z=-0.5193549903438157
steps[5].waypoints[45].orientation_xyzw.w=-0.34744761272050917
steps[5].waypoints[46].position_m.x=0.19876882483503594
steps[5].waypoints[46].position_m.y=-1.6802048487193753
steps[5].waypoints[46].position_m.z=0.6718409578459118
steps[5].waypoints[46].orientation_xyzw.x=-0.37699992815280997
steps[5].waypoints[46].orientation_xyzw.y=0.6836820459808387
steps[5].waypoints[46].orientation_xyzw.z=-0.519355447785485
steps[5].waypoints[46].orientation_xyzw.w=-0.34744759753345394
steps[5].waypoints[47].position_m.x=0.19963350199758725
steps[5].waypoints[47].position_m.y=-1.680841845486826
steps[5].waypoints[47].position_m.z=0.6724674155167033
steps[5].waypoints[47].orientation_xyzw.x=-0.37699945696946663
steps[5].waypoints[47].orientation_xyzw.y=0.6836819660283536
steps[5].waypoints[47].orientation_xyzw.z=-0.5193559052269269
steps[5].waypoints[47].orientation_xyzw.w=-0.3474475823462466
steps[5].waypoints[48].position_m.x=0.200477201474786
steps[5].waypoints[48].position_m.y=-1.6823582538152244
steps[5].waypoints[48].position_m.z=0.6739715696728891
steps[5].waypoints[48].orientation_xyzw.x=-0.37699898578595825
steps[5].waypoints[48].orientation_xyzw.y=0.6836818860755692
steps[5].waypoints[48].orientation_xyzw.z=-0.5193563626681413
steps[5].waypoints[48].orientation_xyzw.w=-0.34744756715888714
steps[5].waypoints[49].position_m.x=0.20132090095198477
steps[5].waypoints[49].position_m.y=-1.6838746621436227
steps[5].waypoints[49].position_m.z=0.6754757238290748
steps[5].waypoints[49].orientation_xyzw.x=-0.3769985146022848
steps[5].waypoints[49].orientation_xyzw.y=0.6836818061224854
steps[5].waypoints[49].orientation_xyzw.z=-0.5193568201091283
steps[5].waypoints[49].orientation_xyzw.w=-0.34744755197137545
steps[5].waypoints[50].position_m.x=0.20218557811453608
steps[5].waypoints[50].position_m.y=-1.6845116589110734
steps[5].waypoints[50].position_m.z=0.6761021814998663
steps[5].waypoints[50].orientation_xyzw.x=-0.3769980434184462
steps[5].waypoints[50].orientation_xyzw.y=0.6836817261691023
steps[5].waypoints[50].orientation_xyzw.z=-0.5193572775498879
steps[5].waypoints[50].orientation_xyzw.w=-0.3474475367837117
steps[5].waypoints[51].position_m.x=0.20307992220422025
steps[5].waypoints[51].position_m.y=-1.6839049799221246
steps[5].waypoints[51].position_m.z=0.675487388897366
steps[5].waypoints[51].orientation_xyzw.x=-0.3769975722344426
steps[5].waypoints[51].orientation_xyzw.y=0.6836816462154198
steps[5].waypoints[51].orientation_xyzw.z=-0.5193577349904202
steps[5].waypoints[51].orientation_xyzw.w=-0.34744752159589576
steps[5].waypoints[52].position_m.x=0.20399524397925697
steps[5].waypoints[52].position_m.y=-1.6824188893722283
steps[5].waypoints[52].position_m.z=0.6739948998094715
steps[5].waypoints[52].orientation_xyzw.x=-0.3769971010502739
steps[5].waypoints[52].orientation_xyzw.y=0.6836815662614378
steps[5].waypoints[52].orientation_xyzw.z=-0.5193581924307249
steps[5].waypoints[52].orientation_xyzw.w=-0.3474475064079277
steps[5].waypoints[53].position_m.x=0.20491056575429373
steps[5].waypoints[53].position_m.y=-1.680932798822332
steps[5].waypoints[53].position_m.z=0.6725024107215768
steps[5].waypoints[53].orientation_xyzw.x=-0.37699662986594007
steps[5].waypoints[53].orientation_xyzw.y=0.6836814863071566
steps[5].waypoints[53].orientation_xyzw.z=-0.5193586498708023
steps[5].waypoints[53].orientation_xyzw.w=-0.34744749121980756
steps[5].waypoints[54].position_m.x=0.2058049098439779
steps[5].waypoints[54].position_m.y=-1.6803261198333832
steps[5].waypoints[54].position_m.z=0.6718876181190766
steps[5].waypoints[54].orientation_xyzw.x=-0.37699615868144126
steps[5].waypoints[54].orientation_xyzw.y=0.6836814063525759
steps[5].waypoints[54].orientation_xyzw.z=-0.519359107310652
steps[5].waypoints[54].orientation_xyzw.w=-0.34744747603153525
steps[5].waypoints[55].position_m.x=0.2066695870065292
steps[5].waypoints[55].position_m.y=-1.6809631166008339
steps[5].waypoints[55].position_m.z=0.672514075789868
steps[5].waypoints[55].orientation_xyzw.x=-0.37699568749677725
steps[5].waypoints[55].orientation_xyzw.y=0.6836813263976959
steps[5].waypoints[55].orientation_xyzw.z=-0.5193595647502746
steps[5].waypoints[55].orientation_xyzw.w=-0.34744746084311073
steps[5].waypoints[56].position_m.x=0.20751328648372794
steps[5].waypoints[56].position_m.y=-1.6824795249292321
steps[5].waypoints[56].position_m.z=0.6740182299460539
steps[5].waypoints[56].orientation_xyzw.x=-0.37699521631194827
steps[5].waypoints[56].orientation_xyzw.y=0.6836812464425165
steps[5].waypoints[56].orientation_xyzw.z=-0.5193600221896696
steps[5].waypoints[56].orientation_xyzw.w=-0.34744744565453417
steps[5].waypoints[57].position_m.x=0.20835698596092667
steps[5].waypoints[57].position_m.y=-1.6839959332576304
steps[5].waypoints[57].position_m.z=0.6755223841022396
steps[5].waypoints[57].orientation_xyzw.x=-0.3769947451269541
steps[5].waypoints[57].orientation_xyzw.y=0.6836811664870376
steps[5].waypoints[57].orientation_xyzw.z=-0.5193604796288372
steps[5].waypoints[57].orientation_xyzw.w=-0.3474474304658053
steps[5].waypoints[58].position_m.x=0.20922166312347798
steps[5].waypoints[58].position_m.y=-1.684632930025081
steps[5].waypoints[58].position_m.z=0.6761488417730311
steps[5].waypoints[58].orientation_xyzw.x=-0.3769942739417949
steps[5].waypoints[58].orientation_xyzw.y=0.6836810865312594
steps[5].waypoints[58].orientation_xyzw.z=-0.5193609370677774
steps[5].waypoints[58].orientation_xyzw.w=-0.3474474152769244
steps[5].waypoints[59].position_m.x=0.21011600721316215
steps[5].waypoints[59].position_m.y=-1.6840262510361323
steps[5].waypoints[59].position_m.z=0.6755340491705308
steps[5].waypoints[59].orientation_xyzw.x=-0.3769938027564707
steps[5].waypoints[59].orientation_xyzw.y=0.683681006575182
steps[5].waypoints[59].orientation_xyzw.z=-0.5193613945064901
steps[5].waypoints[59].orientation_xyzw.w=-0.3474474000878913
steps[5].waypoints[60].position_m.x=0.2110313289881989
steps[5].waypoints[60].position_m.y=-1.682540160486236
steps[5].waypoints[60].position_m.z=0.6740415600826363
steps[5].waypoints[60].orientation_xyzw.x=-0.37699333157098147
steps[5].waypoints[60].orientation_xyzw.y=0.6836809266188051
steps[5].waypoints[60].orientation_xyzw.z=-0.5193618519449754
steps[5].waypoints[60].orientation_xyzw.w=-0.34744738489870614
steps[5].waypoints[61].position_m.x=0.21194665076323566
steps[5].waypoints[61].position_m.y=-1.6810540699363397
steps[5].waypoints[61].position_m.z=0.6725490709947416
steps[5].waypoints[61].orientation_xyzw.x=-0.3769928603853271
steps[5].waypoints[61].orientation_xyzw.y=0.6836808466621288
steps[5].waypoints[61].orientation_xyzw.z=-0.5193623093832332
steps[5].waypoints[61].orientation_xyzw.w=-0.34744736970936874
steps[5].waypoints[62].position_m.x=0.21284099485291982
steps[5].waypoints[62].position_m.y=-1.680447390947391
steps[5].waypoints[62].position_m.z=0.6719342783922414
steps[5].waypoints[62].orientation_xyzw.x=-0.3769923891995076
steps[5].waypoints[62].orientation_xyzw.y=0.6836807667051531
steps[5].waypoints[62].orientation_xyzw.z=-0.5193627668212637
steps[5].waypoints[62].orientation_xyzw.w=-0.3474473545198793
steps[5].waypoints[63].position_m.x=0.21370567201547114
steps[5].waypoints[63].position_m.y=-1.6810843877148416
steps[5].waypoints[63].position_m.z=0.6725607360630328
steps[5].waypoints[63].orientation_xyzw.x=-0.37699191801352305
steps[5].waypoints[63].orientation_xyzw.y=0.6836806867478781
steps[5].waypoints[63].orientation_xyzw.z=-0.5193632242590667
steps[5].waypoints[63].orientation_xyzw.w=-0.3474473393302376
steps[5].waypoints[64].position_m.x=0.21454937149266987
steps[5].waypoints[64].position_m.y=-1.6826007960432399
steps[5].waypoints[64].position_m.z=0.6740648902192187
steps[5].waypoints[64].orientation_xyzw.x=-0.3769914468273735
steps[5].waypoints[64].orientation_xyzw.y=0.6836806067903037
steps[5].waypoints[64].orientation_xyzw.z=-0.5193636816966424
steps[5].waypoints[64].orientation_xyzw.w=-0.3474473241404439
steps[5].waypoints[65].position_m.x=0.21954851910210224
steps[5].waypoints[65].position_m.y=-1.6826869593284923
steps[5].waypoints[65].position_m.z=0.6740980424043829
steps[5].waypoints[65].orientation_xyzw.x=-0.3769914468273735
steps[5].waypoints[65].orientation_xyzw.y=0.6836806067903037
steps[5].waypoints[65].orientation_xyzw.z=-0.5193636816966424
steps[5].waypoints[65].orientation_xyzw.w=-0.3474473241404439
steps[5].lead_start.position_m.x=0.1582606914211344
steps[5].lead_start.position_m.y=-1.6816306271311774
steps[5].lead_start.position_m.z=0.6736916080339003
steps[5].lead_start.orientation_xyzw.x=-0.37702160240814364
steps[5].lead_start.orientation_xyzw.y=0.6836857234715228
steps[5].lead_start.orientation_xyzw.z=-0.5193344052333201
steps[5].lead_start.orientation_xyzw.w=-0.3474482959805243
steps[5].usable_seam_start.position_m.x=0.1582606914211344
steps[5].usable_seam_start.position_m.y=-1.6816306271311774
steps[5].usable_seam_start.position_m.z=0.6736916080339003
steps[5].usable_seam_start.orientation_xyzw.x=-0.37702160240814364
steps[5].usable_seam_start.orientation_xyzw.y=0.6836857234715228
steps[5].usable_seam_start.orientation_xyzw.z=-0.5193344052333201
steps[5].usable_seam_start.orientation_xyzw.w=-0.3474482959805243
steps[5].usable_seam_goal.position_m.x=0.21454937149266987
steps[5].usable_seam_goal.position_m.y=-1.6826007960432399
steps[5].usable_seam_goal.position_m.z=0.6740648902192187
steps[5].usable_seam_goal.orientation_xyzw.x=-0.3769914468273735
steps[5].usable_seam_goal.orientation_xyzw.y=0.6836806067903037
steps[5].usable_seam_goal.orientation_xyzw.z=-0.5193636816966424
steps[5].usable_seam_goal.orientation_xyzw.w=-0.3474473241404439
steps[5].lead_end.position_m.x=0.21954851910210224
steps[5].lead_end.position_m.y=-1.6826869593284923
steps[5].lead_end.position_m.z=0.6740980424043829
steps[5].lead_end.orientation_xyzw.x=-0.3769914468273735
steps[5].lead_end.orientation_xyzw.y=0.6836806067903037
steps[5].lead_end.orientation_xyzw.z=-0.5193636816966424
steps[5].lead_end.orientation_xyzw.w=-0.3474473241404439
steps[6].sequence_number=7
steps[6].type=digital_weld
steps[6].parallel_slot=5
steps[6].duration=0.0
steps[6].velocity_scale=0.3695263157894737
steps[6].tcp_speed_m_s=0.0035
steps[6].command=off
steps[6].weld_scenario_id=weld-11546140608431
steps[6].weld_scenario_stage=arc_off
steps[6].path_to_seam_speed_factor=0.49700996602193104
steps[6].trigger_before_goal=True
steps[6].arc_off_delay_s=0.5
steps[6].settings.current_a=190
steps[6].settings.voltage_tenths=235
steps[6].settings.voltage=23.5
steps[6].settings.material=FE-SOLID
steps[6].settings.diameter_mm=1.2
steps[6].settings.mode=LSM
steps[6].settings.gas=CO2 100%
steps[6].settings.synergic=False
steps[6].settings.correction=0.0
steps[6].settings.hot_start_enabled=True
steps[6].settings.hot_start_percent=10.0
steps[6].settings.hot_start_hold_adjustment=-1
steps[6].settings.crater_enabled=False
steps[6].settings.crater_percent=31.57894736842105
steps[6].settings.crater_current_a=60.0
steps[6].settings.crater_voltage_v=25.0
steps[6].settings.crater_seconds=1.0
steps[6].settings.wire_consumable_alpha_mm=0.0
steps[6].settings.hot_start_current_a=209
steps[7].sequence_number=8
steps[7].type=motion
steps[7].parallel_slot=6
steps[7].duration=0.0
steps[7].planning_group=right_manipulator
steps[7].velocity_scale=0.3695263157894737
steps[7].tcp_speed_m_s=0.0
steps[7].interpolation_step=0.005
steps[7].path_kind=weld_end_to_taught_wait_fixed_attitude
steps[7].pose_name=weld_goal_wait
steps[7].pose_label=5 · Weld goal wait pose
steps[7].touch_guard=False
steps[7].continue_after_touch=False
steps[7].weld_scenario_id=weld-11546140608431
steps[7].weld_scenario_stage=goal_wait
steps[7].waypoint_count=1
steps[7].waypoints[0].position_m.x=0.2148218046203929
steps[7].waypoints[0].position_m.y=-1.6642972687613822
steps[7].waypoints[0].position_m.z=0.6805549186157998
steps[7].waypoints[0].orientation_xyzw.x=-0.3769914468273735
steps[7].waypoints[0].orientation_xyzw.y=0.6836806067903037
steps[7].waypoints[0].orientation_xyzw.z=-0.5193636816966424
steps[7].waypoints[0].orientation_xyzw.w=-0.3474473241404439
steps[8].sequence_number=9
steps[8].type=named_pose
steps[8].parallel_slot=7
steps[8].duration=0.0
steps[8].planning_group=right_manipulator
steps[8].velocity_scale=0.3695263157894737
steps[8].tcp_speed_m_s=0.0
steps[8].pose_name=weld_finish
steps[8].pose_label=7 · Weld end pose
steps[8].touch_guard=False
steps[8].continue_after_touch=False
steps[8].weld_scenario_id=weld-11546140608431
steps[8].weld_scenario_stage=finish
steps[8].target_tcp.position_m.x=0.21483870924918458
steps[8].target_tcp.position_m.y=-1.6371126833447565
steps[8].target_tcp.position_m.z=0.707026178211138
steps[8].target_tcp.orientation_xyzw.x=-0.4091007993503337
steps[8].target_tcp.orientation_xyzw.y=0.6649575791128136
steps[8].target_tcp.orientation_xyzw.z=-0.5353370411953684
steps[8].target_tcp.orientation_xyzw.w=-0.3223076267722075
steps[8].joint_names[0]=right_manipulator_joint1
steps[8].joint_names[1]=right_manipulator_joint2
steps[8].joint_names[2]=right_manipulator_joint3
steps[8].joint_names[3]=right_manipulator_joint4
steps[8].joint_names[4]=right_manipulator_joint5
steps[8].joint_names[5]=right_manipulator_joint6
steps[8].joint_positions_rad[0]=5.35910622580957
steps[8].joint_positions_rad[1]=1.269262841847874
steps[8].joint_positions_rad[2]=1.8630500269235382
steps[8].joint_positions_rad[3]=3.7799526331978957
steps[8].joint_positions_rad[4]=1.3424837928585125
steps[8].joint_positions_rad[5]=1.518846043410721
steps[9].sequence_number=10
steps[9].type=digital_output
steps[9].parallel_slot=8
steps[9].duration=0.0
steps[9].port=0
steps[9].value=True
steps[9].weld_scenario_id=weld-11546140608431
steps[9].weld_scenario_stage=touch_output_on
hicomm_cyclic_period_ms=40.0
arc_wait_recognition=True
arc_wait_main_welding=True
arc_wait_established=True
arc_establishment_timeout_s=5.0

[summary]
rx_samples=916
welding_samples=838
wcr_seen=1
current_a.min=67.0
current_a.average=215.53714981729598
current_a.max=230.0
voltage_v.min=3.0
voltage_v.average=23.441457586618906
voltage_v.max=61.6
wire_feed_m_min.min=8.4
wire_feed_m_min.average=8.399999999999885
wire_feed_m_min.max=8.4

[production_metrics]
arc_started_elapsed_s=0.13461189699955867
arc_completed_elapsed_s=34.2668275649994
arc_on_time_s=34.132215667999844
main_weld_arc_time_s=33.25219028799984
crater_arc_time_s=0.0
weld_motion_start_elapsed_s=0.8382855899999413
weld_motion_complete_elapsed_s=35.890679018999435
weld_motion_duration_s=35.052393428999494
net_weld_arc_time_s=33.42854197499946
wire_feed_average_m_min=8.227851350174548
wire_consumable_base_mm=4680.579946140024
wire_consumable_alpha_mm=0.0
wire_consumable_mm=4680.579946140024
wire_consumable_formula=integral(WFS*1000/60*dt)+alpha
weld_motion_start_unix_time=1789528513.5683444
weld_motion_start_wall_time=2026-09-16 12:15:13.568
weld_motion_complete_unix_time=1789528548.6207376
weld_motion_complete_wall_time=2026-09-16 12:15:48.620

[arc_off_control]
arc_established_elapsed_s=0.8323954339994089
delay_s=0.5
speed_source=tcp_setpoint_projected_along_seam
trigger_speed_m_s=0.0017395348810767587
calculated_pre_off_distance_m=0.0008697674405383793
crater_source=disabled
seam_length_m=0.05629827769571183
trigger_along_m=0.05542851025517345
actual_along_m=0.05547700454055642
actual_remaining_to_goal_m=0.0008212731551554067
tcp_x_m=0.21375565800945262
tcp_y_m=-1.6814818734428003
tcp_z_m=0.6727960487786924
command_elapsed_s=33.24674804099959
sequence_clear_elapsed_s=36.626207265999255
extinction_current_threshold_a=10.0
feedback_current_extinguished_elapsed_s=33.83099188699998
feedback_extinction_delay_s=0.5842438460003905
feedback_recommended_pre_off_distance_m=0.0010163125491721174
wcr_clear_elapsed_s=34.2668275649994
wcr_clear_delay_s=1.0200795239998115

[teaching_snapshot_yaml]
robot_start:
  planning_group: right_manipulator
  joint_state:
    names:
    - right_manipulator_joint1
    - right_manipulator_joint2
    - right_manipulator_joint3
    - right_manipulator_joint4
    - right_manipulator_joint5
    - right_manipulator_joint6
    positions_rad:
    - 5.272090632984539
    - 1.1319069796756747
    - 2.106417676818249
    - 3.6901007738119302
    - 1.4686233526256796
    - 1.4680081624138712
  tcp_pose_world:
    position_m:
      x: 0.0593687026100857
      y: -1.566580876666292
      z: 0.8404797210507349
    orientation_xyzw:
      x: -0.435964943840794
      y: 0.633785310019272
      z: -0.5278153609885844
      w: -0.36008567487496485
weld_wait:
  planning_group: right_manipulator
  joint_state:
    names:
    - right_manipulator_joint1
    - right_manipulator_joint2
    - right_manipulator_joint3
    - right_manipulator_joint4
    - right_manipulator_joint5
    - right_manipulator_joint6
    positions_rad:
    - 5.298487353077186
    - 1.2695665753701975
    - 1.8988973736184953
    - 3.7149560562656396
    - 1.3724534098696102
    - 1.5394143022996754
  tcp_pose_world:
    position_m:
      x: 0.15265616248172292
      y: -1.6371269040256293
      z: 0.7070334890012251
    orientation_xyzw:
      x: -0.4091222549586806
      y: 0.6649595371663987
      z: -0.535318253845104
      w: -0.32230755735663724
weld_start_wait:
  planning_group: right_manipulator
  joint_state:
    names:
    - right_manipulator_joint1
    - right_manipulator_joint2
    - right_manipulator_joint3
    - right_manipulator_joint4
    - right_manipulator_joint5
    - right_manipulator_joint6
    positions_rad:
    - 5.283645023689957
    - 1.3016661886211405
    - 1.8412402023343888
    - 3.7030714335850523
    - 1.3509738172556307
    - 1.5251148583006584
  tcp_pose_world:
    position_m:
      x: 0.1584453369077392
      y: -1.668706269510984
      z: 0.6794388934220492
    orientation_xyzw:
      x: -0.40915278981783126
      y: 0.6649552253689487
      z: -0.535291590956429
      w: -0.322321974879392
weld_start:
  planning_group: right_manipulator
  joint_state:
    names:
    - right_manipulator_joint1
    - right_manipulator_joint2
    - right_manipulator_joint3
    - right_manipulator_joint4
    - right_manipulator_joint5
    - right_manipulator_joint6
    positions_rad:
    - 5.312285497368242
    - 1.308948502904776
    - 1.7997840616177236
    - 3.8321146290057766
    - 1.3244724924672695
    - 1.502950817548473
  tcp_pose_world:
    position_m:
      x: 0.1582606914211344
      y: -1.6816306271311774
      z: 0.6736916080339003
    orientation_xyzw:
      x: -0.37702160240814364
      y: 0.6836857234715228
      z: -0.5193344052333201
      w: -0.3474482959805243
weld_goal_wait:
  planning_group: right_manipulator
  joint_state:
    names:
    - right_manipulator_joint1
    - right_manipulator_joint2
    - right_manipulator_joint3
    - right_manipulator_joint4
    - right_manipulator_joint5
    - right_manipulator_joint6
    positions_rad:
    - 5.340390594932929
    - 1.3007511264705893
    - 1.814342408482643
    - 3.7636104114847333
    - 1.328355190643424
    - 1.5086321548399946
  tcp_pose_world:
    position_m:
      x: 0.2148218046203929
      y: -1.6642972687613822
      z: 0.6805549186157998
    orientation_xyzw:
      x: -0.4091224247815551
      y: 0.6649515505832098
      z: -0.5353207879209054
      w: -0.3223196099178371
weld_end:
  planning_group: right_manipulator
  joint_state:
    names:
    - right_manipulator_joint1
    - right_manipulator_joint2
    - right_manipulator_joint3
    - right_manipulator_joint4
    - right_manipulator_joint5
    - right_manipulator_joint6
    positions_rad:
    - 5.362435283768447
    - 1.310303516773817
    - 1.7644083107486055
    - 3.8886259999972035
    - 1.3005841546701582
    - 1.4778988916819045
  tcp_pose_world:
    position_m:
      x: 0.21454937149266987
      y: -1.6826007960432399
      z: 0.6740648902192187
    orientation_xyzw:
      x: -0.3769914468273735
      y: 0.6836806067903037
      z: -0.5193636816966424
      w: -0.3474473241404439
weld_finish:
  planning_group: right_manipulator
  joint_state:
    names:
    - right_manipulator_joint1
    - right_manipulator_joint2
    - right_manipulator_joint3
    - right_manipulator_joint4
    - right_manipulator_joint5
    - right_manipulator_joint6
    positions_rad:
    - 5.35910622580957
    - 1.269262841847874
    - 1.8630500269235382
    - 3.7799526331978957
    - 1.3424837928585125
    - 1.518846043410721
  tcp_pose_world:
    position_m:
      x: 0.21483870924918458
      y: -1.6371126833447565
      z: 0.707026178211138
    orientation_xyzw:
      x: -0.4091007993503337
      y: 0.6649575791128136
      z: -0.5353370411953684
      w: -0.3223076267722075

[touch_snapshot_yaml]
start_floor:
  position_m:
    x: 0.15836388392195666
    y: -1.6687407500701825
    z: 0.6736992070509
  orientation_xyzw:
    x: -0.4090796768525354
    y: 0.6649467601836309
    z: -0.5353648531985988
    w: -0.3223105615197259
start_wall:
  position_m:
    x: 0.15937772890842655
    y: -1.6816590637665625
    z: 0.6796540334060639
  orientation_xyzw:
    x: -0.4090600670258045
    y: 0.6649303166367906
    z: -0.5353932452882361
    w: -0.3223222122067801
goal_floor:
  position_m:
    x: 0.2146423894884788
    y: -1.6641952118938066
    z: 0.6740753801254666
  orientation_xyzw:
    x: -0.4091520762518808
    y: 0.6649700588681604
    z: -0.5352704287081771
    w: -0.32232742275241627
goal_wall:
  position_m:
    x: 0.21612483190781423
    y: -1.682637965868107
    z: 0.6805698429503664
  orientation_xyzw:
    x: -0.40913162467107794
    y: 0.6649497893175518
    z: -0.5353097784287776
    w: -0.3223298504623497

[samples]
elapsed_s raw0 state arc gas fwd wcr current_a voltage_v wire_feed_m_min set_current_a set_voltage_v error db collision
0.019 0x00 idle 0 0 0 0 0 0.0 0.0 190 23.5 0 0 0
0.057 0x00 idle 0 0 0 0 0 0.0 0.0 190 23.5 0 0 0
0.100 0x00 idle 0 0 0 0 0 0.0 0.0 190 23.5 0 0 0
0.135 0x09 main_weld 1 1 0 0 0 0.0 0.0 190 23.5 0 0 0
0.173 0x09 main_weld 1 1 0 0 0 0.0 0.0 190 23.5 0 0 0
0.213 0x09 main_weld 1 1 0 0 0 0.0 0.0 190 23.5 0 0 0
0.255 0x09 main_weld 1 1 0 0 0 0.0 0.0 190 23.5 0 0 0
0.295 0x09 main_weld 1 1 0 0 0 0.0 0.0 190 23.5 0 0 0
0.335 0x09 main_weld 1 1 0 0 0 0.0 0.0 190 23.5 0 0 0
0.375 0x09 main_weld 1 1 0 0 0 0.0 0.0 190 23.5 0 0 0
0.415 0x09 main_weld 1 1 0 0 0 0.0 0.0 190 23.5 0 0 0
0.467 0x09 main_weld 1 1 0 0 0 0.0 0.0 190 23.5 0 0 0
0.513 0x09 main_weld 1 1 0 0 0 0.0 0.0 190 23.5 0 0 0
0.554 0x09 main_weld 1 1 0 0 0 0.0 0.0 190 23.5 0 0 0
0.588 0x09 main_weld 1 1 0 0 0 0.0 0.0 190 23.5 0 0 0
0.631 0x09 main_weld 1 1 0 0 0 0.0 0.0 190 23.5 0 0 0
0.671 0x09 main_weld 1 1 0 0 0 0.0 0.0 190 23.5 0 0 0
0.713 0x09 main_weld 1 1 0 0 0 0.0 0.0 190 23.5 0 0 0
0.748 0x09 main_weld 1 1 0 0 0 0.0 0.0 190 23.5 0 0 0
0.789 0x09 main_weld 1 1 0 0 0 0.0 0.0 190 23.5 0 0 0
0.834 0x2B main_weld 1 1 1 1 0 0.0 8.4 190 23.5 0 0 0
0.870 0x2B main_weld 1 1 1 1 0 3.1 8.4 190 23.5 0 0 0
0.913 0x2B main_weld 1 1 1 1 0 3.1 8.4 190 23.5 0 0 0
0.950 0x2B main_weld 1 1 1 1 0 14.9 8.4 190 23.5 0 0 0
0.991 0x2B main_weld 1 1 1 1 146 14.9 8.4 190 23.5 0 0 0
1.029 0x2B main_weld 1 1 1 1 146 14.9 8.4 190 23.5 0 0 0
1.068 0x2B main_weld 1 1 1 1 146 14.9 8.4 190 23.5 0 0 0
1.112 0x2B main_weld 1 1 1 1 146 24.3 8.4 190 23.5 0 0 0
1.153 0x2B main_weld 1 1 1 1 150 24.3 8.4 190 23.5 0 0 0
1.195 0x2B main_weld 1 1 1 1 150 24.3 8.4 190 23.5 0 0 0
1.225 0x2B main_weld 1 1 1 1 150 24.3 8.4 190 23.5 0 0 0
1.270 0x2B main_weld 1 1 1 1 150 24.3 8.4 190 23.5 0 0 0
1.312 0x2B main_weld 1 1 1 1 150 23.8 8.4 190 23.5 0 0 0
1.347 0x2B main_weld 1 1 1 1 174 23.8 8.4 190 23.5 0 0 0
1.389 0x2B main_weld 1 1 1 1 174 23.8 8.4 190 23.5 0 0 0
1.427 0x2B main_weld 1 1 1 1 174 23.8 8.4 190 23.5 0 0 0
1.465 0x2B main_weld 1 1 1 1 174 23.4 8.4 190 23.5 0 0 0
1.510 0x2B main_weld 1 1 1 1 210 23.4 8.4 190 23.5 0 0 0
1.548 0x2B main_weld 1 1 1 1 210 23.4 8.4 190 23.5 0 0 0
1.589 0x2B main_weld 1 1 1 1 210 23.4 8.4 190 23.5 0 0 0
1.627 0x2B main_weld 1 1 1 1 210 23.4 8.4 190 23.5 0 0 0
1.664 0x2B main_weld 1 1 1 1 210 23.6 8.4 190 23.5 0 0 0
1.706 0x2B main_weld 1 1 1 1 212 23.6 8.4 190 23.5 0 0 0
1.749 0x2B main_weld 1 1 1 1 212 23.6 8.4 190 23.5 0 0 0
1.789 0x2B main_weld 1 1 1 1 212 23.6 8.4 190 23.5 0 0 0
1.828 0x2B main_weld 1 1 1 1 212 23.3 8.4 190 23.5 0 0 0
1.869 0x2B main_weld 1 1 1 1 205 23.3 8.4 190 23.5 0 0 0
1.911 0x2B main_weld 1 1 1 1 205 23.3 8.4 190 23.5 0 0 0
1.948 0x2B main_weld 1 1 1 1 208 23.3 8.4 190 23.5 0 0 0
1.990 0x2B main_weld 1 1 1 1 208 23.3 8.4 190 23.5 0 0 0
2.029 0x2B main_weld 1 1 1 1 208 23.8 8.4 190 23.5 0 0 0
2.069 0x2B main_weld 1 1 1 1 208 23.8 8.4 190 23.5 0 0 0
2.109 0x2B main_weld 1 1 1 1 208 23.8 8.4 190 23.5 0 0 0
2.148 0x2B main_weld 1 1 1 1 212 23.8 8.4 190 23.5 0 0 0
2.188 0x2B main_weld 1 1 1 1 212 23.5 8.4 190 23.5 0 0 0
2.229 0x2B main_weld 1 1 1 1 212 23.5 8.4 190 23.5 0 0 0
2.268 0x2B main_weld 1 1 1 1 212 23.5 8.4 190 23.5 0 0 0
2.310 0x2B main_weld 1 1 1 1 210 23.7 8.4 190 23.5 0 0 0
2.353 0x2B main_weld 1 1 1 1 210 23.7 8.4 190 23.5 0 0 0
2.392 0x2B main_weld 1 1 1 1 210 23.7 8.4 190 23.5 0 0 0
2.430 0x2B main_weld 1 1 1 1 210 23.7 8.4 190 23.5 0 0 0
2.471 0x2B main_weld 1 1 1 1 210 23.2 8.4 190 23.5 0 0 0
2.511 0x2B main_weld 1 1 1 1 205 23.2 8.4 190 23.5 0 0 0
2.551 0x2B main_weld 1 1 1 1 205 23.2 8.4 190 23.5 0 0 0
2.591 0x2B main_weld 1 1 1 1 205 23.2 8.4 190 23.5 0 0 0
2.629 0x2B main_weld 1 1 1 1 205 23.2 8.4 190 23.5 0 0 0
2.672 0x2B main_weld 1 1 1 1 214 23.1 8.4 190 23.5 0 0 0
2.704 0x2B main_weld 1 1 1 1 214 23.1 8.4 190 23.5 0 0 0
2.750 0x2B main_weld 1 1 1 1 214 23.1 8.4 190 23.5 0 0 0
2.791 0x2B main_weld 1 1 1 1 214 23.1 8.4 190 23.5 0 0 0
2.833 0x2B main_weld 1 1 1 1 214 23.4 8.4 190 23.5 0 0 0
2.869 0x2B main_weld 1 1 1 1 210 23.4 8.4 190 23.5 0 0 0
2.908 0x2B main_weld 1 1 1 1 210 23.4 8.4 190 23.5 0 0 0
2.948 0x2B main_weld 1 1 1 1 210 23.4 8.4 190 23.5 0 0 0
2.990 0x2B main_weld 1 1 1 1 210 23.4 8.4 190 23.5 0 0 0
3.030 0x2B main_weld 1 1 1 1 208 23.6 8.4 190 23.5 0 0 0
3.070 0x2B main_weld 1 1 1 1 208 23.6 8.4 190 23.5 0 0 0
3.104 0x2B main_weld 1 1 1 1 208 23.6 8.4 190 23.5 0 0 0
3.147 0x2B main_weld 1 1 1 1 210 23.6 8.4 190 23.5 0 0 0
3.190 0x2B main_weld 1 1 1 1 210 23.4 8.4 190 23.5 0 0 0
3.230 0x2B main_weld 1 1 1 1 210 23.4 8.4 190 23.5 0 0 0
3.264 0x2B main_weld 1 1 1 1 210 23.4 8.4 190 23.5 0 0 0
3.307 0x2B main_weld 1 1 1 1 218 23.4 8.4 190 23.5 0 0 0
3.349 0x2B main_weld 1 1 1 1 218 23.4 8.4 190 23.5 0 0 0
3.387 0x2B main_weld 1 1 1 1 218 23.3 8.4 190 23.5 0 0 0
3.426 0x2B main_weld 1 1 1 1 218 23.3 8.4 190 23.5 0 0 0
3.468 0x2B main_weld 1 1 1 1 218 23.3 8.4 190 23.5 0 0 0
3.509 0x2B main_weld 1 1 1 1 211 23.3 8.4 190 23.5 0 0 0
3.549 0x2B main_weld 1 1 1 1 211 23.7 8.4 190 23.5 0 0 0
3.588 0x2B main_weld 1 1 1 1 211 23.7 8.4 190 23.5 0 0 0
3.624 0x2B main_weld 1 1 1 1 211 23.7 8.4 190 23.5 0 0 0
3.668 0x2B main_weld 1 1 1 1 208 23.7 8.4 190 23.5 0 0 0
3.705 0x2B main_weld 1 1 1 1 208 23.7 8.4 190 23.5 0 0 0
3.748 0x2B main_weld 1 1 1 1 208 23.5 8.4 190 23.5 0 0 0
3.786 0x2B main_weld 1 1 1 1 208 23.5 8.4 190 23.5 0 0 0
3.829 0x2B main_weld 1 1 1 1 208 23.5 8.4 190 23.5 0 0 0
3.866 0x2B main_weld 1 1 1 1 211 23.5 8.4 190 23.5 0 0 0
3.910 0x2B main_weld 1 1 1 1 211 23.5 8.4 190 23.5 0 0 0
3.948 0x2B main_weld 1 1 1 1 211 23.5 8.4 190 23.5 0 0 0
3.988 0x2B main_weld 1 1 1 1 211 23.6 8.4 190 23.5 0 0 0
4.034 0x2B main_weld 1 1 1 1 211 23.6 8.4 190 23.5 0 0 0
4.071 0x2B main_weld 1 1 1 1 211 23.6 8.4 190 23.5 0 0 0
4.109 0x2B main_weld 1 1 1 1 216 23.6 8.4 190 23.5 0 0 0
4.148 0x2B main_weld 1 1 1 1 216 23.6 8.4 190 23.5 0 0 0
4.187 0x2B main_weld 1 1 1 1 216 23.3 8.4 190 23.5 0 0 0
4.228 0x2B main_weld 1 1 1 1 213 23.3 8.4 190 23.5 0 0 0
4.270 0x2B main_weld 1 1 1 1 213 23.3 8.4 190 23.5 0 0 0
4.308 0x2B main_weld 1 1 1 1 213 23.3 8.4 190 23.5 0 0 0
4.347 0x2B main_weld 1 1 1 1 213 23.2 8.4 190 23.5 0 0 0
4.388 0x2B main_weld 1 1 1 1 220 23.2 8.4 190 23.5 0 0 0
4.424 0x2B main_weld 1 1 1 1 220 23.2 8.4 190 23.5 0 0 0
4.468 0x2B main_weld 1 1 1 1 220 23.2 8.4 190 23.5 0 0 0
4.509 0x2B main_weld 1 1 1 1 220 23.2 8.4 190 23.5 0 0 0
4.550 0x2B main_weld 1 1 1 1 220 23.3 8.4 190 23.5 0 0 0
4.586 0x2B main_weld 1 1 1 1 211 23.3 8.4 190 23.5 0 0 0
4.636 0x2B main_weld 1 1 1 1 211 23.3 8.4 190 23.5 0 0 0
4.672 0x2B main_weld 1 1 1 1 222 23.3 8.4 190 23.5 0 0 0
4.710 0x2B main_weld 1 1 1 1 222 23.5 8.4 190 23.5 0 0 0
4.746 0x2B main_weld 1 1 1 1 222 23.5 8.4 190 23.5 0 0 0
4.787 0x2B main_weld 1 1 1 1 222 23.5 8.4 190 23.5 0 0 0
4.827 0x2B main_weld 1 1 1 1 225 23.5 8.4 190 23.5 0 0 0
4.871 0x2B main_weld 1 1 1 1 225 23.5 8.4 190 23.5 0 0 0
4.907 0x2B main_weld 1 1 1 1 225 23.5 8.4 190 23.5 0 0 0
4.952 0x2B main_weld 1 1 1 1 225 23.5 8.4 190 23.5 0 0 0
4.992 0x2B main_weld 1 1 1 1 225 23.3 8.4 190 23.5 0 0 0
5.032 0x2B main_weld 1 1 1 1 202 23.3 8.4 190 23.5 0 0 0
5.066 0x2B main_weld 1 1 1 1 202 23.3 8.4 190 23.5 0 0 0
5.107 0x2B main_weld 1 1 1 1 202 23.3 8.4 190 23.5 0 0 0
5.144 0x2B main_weld 1 1 1 1 202 23.3 8.4 190 23.5 0 0 0
5.189 0x2B main_weld 1 1 1 1 213 22.9 8.4 190 23.5 0 0 0
5.230 0x2B main_weld 1 1 1 1 213 22.9 8.4 190 23.5 0 0 0
5.270 0x2B main_weld 1 1 1 1 213 22.9 8.4 190 23.5 0 0 0
5.309 0x2B main_weld 1 1 1 1 213 22.9 8.4 190 23.5 0 0 0
5.351 0x2B main_weld 1 1 1 1 213 23.3 8.4 190 23.5 0 0 0
5.390 0x2B main_weld 1 1 1 1 217 23.3 8.4 190 23.5 0 0 0
5.427 0x2B main_weld 1 1 1 1 217 23.3 8.4 190 23.5 0 0 0
5.472 0x2B main_weld 1 1 1 1 217 23.3 8.4 190 23.5 0 0 0
5.509 0x2B main_weld 1 1 1 1 217 23.3 8.4 190 23.5 0 0 0
5.548 0x2B main_weld 1 1 1 1 218 23.3 8.4 190 23.5 0 0 0
5.589 0x2B main_weld 1 1 1 1 218 23.3 8.4 190 23.5 0 0 0
5.626 0x2B main_weld 1 1 1 1 218 23.4 8.4 190 23.5 0 0 0
5.669 0x2B main_weld 1 1 1 1 218 23.4 8.4 190 23.5 0 0 0
5.705 0x2B main_weld 1 1 1 1 218 23.3 8.4 190 23.5 0 0 0
5.746 0x2B main_weld 1 1 1 1 216 23.3 8.4 190 23.5 0 0 0
5.788 0x2B main_weld 1 1 1 1 216 23.3 8.4 190 23.5 0 0 0
5.828 0x2B main_weld 1 1 1 1 216 23.3 8.4 190 23.5 0 0 0
5.868 0x2B main_weld 1 1 1 1 216 23.3 8.4 190 23.5 0 0 0
5.908 0x2B main_weld 1 1 1 1 219 23.3 8.4 190 23.5 0 0 0
5.953 0x2B main_weld 1 1 1 1 219 23.3 8.4 190 23.5 0 0 0
6.000 0x2B main_weld 1 1 1 1 219 23.3 8.4 190 23.5 0 0 0
6.030 0x2B main_weld 1 1 1 1 219 23.3 8.4 190 23.5 0 0 0
6.072 0x2B main_weld 1 1 1 1 219 23.4 8.4 190 23.5 0 0 0
6.108 0x2B main_weld 1 1 1 1 217 23.4 8.4 190 23.5 0 0 0
6.147 0x2B main_weld 1 1 1 1 217 23.4 8.4 190 23.5 0 0 0
6.186 0x2B main_weld 1 1 1 1 218 23.4 8.4 190 23.5 0 0 0
6.227 0x2B main_weld 1 1 1 1 218 23.4 8.4 190 23.5 0 0 0
6.271 0x2B main_weld 1 1 1 1 218 23.5 8.4 190 23.5 0 0 0
6.313 0x2B main_weld 1 1 1 1 218 23.5 8.4 190 23.5 0 0 0
6.346 0x2B main_weld 1 1 1 1 218 23.5 8.4 190 23.5 0 0 0
6.391 0x2B main_weld 1 1 1 1 211 23.5 8.4 190 23.5 0 0 0
6.427 0x2B main_weld 1 1 1 1 211 23.5 8.4 190 23.5 0 0 0
6.472 0x2B main_weld 1 1 1 1 211 23.5 8.4 190 23.5 0 0 0
6.511 0x2B main_weld 1 1 1 1 211 23.4 8.4 190 23.5 0 0 0
6.549 0x2B main_weld 1 1 1 1 217 23.4 8.4 190 23.5 0 0 0
6.596 0x2B main_weld 1 1 1 1 217 23.4 8.4 190 23.5 0 0 0
6.631 0x2B main_weld 1 1 1 1 217 23.4 8.4 190 23.5 0 0 0
6.670 0x2B main_weld 1 1 1 1 217 23.4 8.4 190 23.5 0 0 0
6.708 0x2B main_weld 1 1 1 1 217 23.3 8.4 190 23.5 0 0 0
6.744 0x2B main_weld 1 1 1 1 212 23.3 8.4 190 23.5 0 0 0
6.790 0x2B main_weld 1 1 1 1 212 23.3 8.4 190 23.5 0 0 0
6.837 0x2B main_weld 1 1 1 1 212 23.3 8.4 190 23.5 0 0 0
6.877 0x2B main_weld 1 1 1 1 212 23.1 8.4 190 23.5 0 0 0
6.908 0x2B main_weld 1 1 1 1 214 23.1 8.4 190 23.5 0 0 0
6.952 0x2B main_weld 1 1 1 1 214 23.1 8.4 190 23.5 0 0 0
6.996 0x2B main_weld 1 1 1 1 214 23.1 8.4 190 23.5 0 0 0
7.033 0x2B main_weld 1 1 1 1 214 23.1 8.4 190 23.5 0 0 0
7.075 0x2B main_weld 1 1 1 1 214 23.5 8.4 190 23.5 0 0 0
7.107 0x2B main_weld 1 1 1 1 212 23.5 8.4 190 23.5 0 0 0
7.148 0x2B main_weld 1 1 1 1 212 23.5 8.4 190 23.5 0 0 0
7.190 0x2B main_weld 1 1 1 1 212 23.5 8.4 190 23.5 0 0 0
7.227 0x2B main_weld 1 1 1 1 212 23.3 8.4 190 23.5 0 0 0
7.272 0x2B main_weld 1 1 1 1 211 23.3 8.4 190 23.5 0 0 0
7.308 0x2B main_weld 1 1 1 1 211 23.3 8.4 190 23.5 0 0 0
7.356 0x2B main_weld 1 1 1 1 217 23.3 8.4 190 23.5 0 0 0
7.390 0x2B main_weld 1 1 1 1 217 23.3 8.4 190 23.5 0 0 0
7.429 0x2B main_weld 1 1 1 1 217 23.5 8.4 190 23.5 0 0 0
7.470 0x2B main_weld 1 1 1 1 217 23.5 8.4 190 23.5 0 0 0
7.508 0x2B main_weld 1 1 1 1 217 23.5 8.4 190 23.5 0 0 0
7.550 0x2B main_weld 1 1 1 1 220 23.5 8.4 190 23.5 0 0 0
7.593 0x2B main_weld 1 1 1 1 220 23.1 8.4 190 23.5 0 0 0
7.630 0x2B main_weld 1 1 1 1 220 23.1 8.4 190 23.5 0 0 0
7.666 0x2B main_weld 1 1 1 1 220 23.1 8.4 190 23.5 0 0 0
7.706 0x2B main_weld 1 1 1 1 218 23.1 8.4 190 23.5 0 0 0
7.748 0x2B main_weld 1 1 1 1 218 23.1 8.4 190 23.5 0 0 0
7.794 0x2B main_weld 1 1 1 1 218 23.3 8.4 190 23.5 0 0 0
7.828 0x2B main_weld 1 1 1 1 218 23.3 8.4 190 23.5 0 0 0
7.867 0x2B main_weld 1 1 1 1 218 23.3 8.4 190 23.5 0 0 0
7.908 0x2B main_weld 1 1 1 1 214 23.3 8.4 190 23.5 0 0 0
7.948 0x2B main_weld 1 1 1 1 214 23.5 8.4 190 23.5 0 0 0
7.993 0x2B main_weld 1 1 1 1 214 23.5 8.4 190 23.5 0 0 0
8.029 0x2B main_weld 1 1 1 1 214 23.5 8.4 190 23.5 0 0 0
8.068 0x2B main_weld 1 1 1 1 219 23.7 8.4 190 23.5 0 0 0
8.111 0x2B main_weld 1 1 1 1 219 23.7 8.4 190 23.5 0 0 0
8.149 0x2B main_weld 1 1 1 1 219 23.7 8.4 190 23.5 0 0 0
8.189 0x2B main_weld 1 1 1 1 219 23.7 8.4 190 23.5 0 0 0
8.229 0x2B main_weld 1 1 1 1 219 23.3 8.4 190 23.5 0 0 0
8.269 0x2B main_weld 1 1 1 1 218 23.3 8.4 190 23.5 0 0 0
8.309 0x2B main_weld 1 1 1 1 218 23.3 8.4 190 23.5 0 0 0
8.346 0x2B main_weld 1 1 1 1 218 23.3 8.4 190 23.5 0 0 0
8.390 0x2B main_weld 1 1 1 1 218 23.3 8.4 190 23.5 0 0 0
8.427 0x2B main_weld 1 1 1 1 213 23.2 8.4 190 23.5 0 0 0
8.469 0x2B main_weld 1 1 1 1 213 23.2 8.4 190 23.5 0 0 0
8.509 0x2B main_weld 1 1 1 1 213 23.2 8.4 190 23.5 0 0 0
8.550 0x2B main_weld 1 1 1 1 213 23.2 8.4 190 23.5 0 0 0
8.588 0x2B main_weld 1 1 1 1 213 23.2 8.4 190 23.5 0 0 0
8.631 0x2B main_weld 1 1 1 1 224 23.2 8.4 190 23.5 0 0 0
8.674 0x2B main_weld 1 1 1 1 224 23.2 8.4 190 23.5 0 0 0
8.709 0x2B main_weld 1 1 1 1 224 23.2 8.4 190 23.5 0 0 0
8.755 0x2B main_weld 1 1 1 1 224 23.2 8.4 190 23.5 0 0 0
8.788 0x2B main_weld 1 1 1 1 222 22.9 8.4 190 23.5 0 0 0
8.839 0x2B main_weld 1 1 1 1 222 22.9 8.4 190 23.5 0 0 0
8.866 0x2B main_weld 1 1 1 1 222 22.9 8.4 190 23.5 0 0 0
8.911 0x2B main_weld 1 1 1 1 216 22.9 8.4 190 23.5 0 0 0
8.949 0x2B main_weld 1 1 1 1 216 23.6 8.4 190 23.5 0 0 0
8.992 0x2B main_weld 1 1 1 1 216 23.6 8.4 190 23.5 0 0 0
9.028 0x2B main_weld 1 1 1 1 216 23.6 8.4 190 23.5 0 0 0
9.075 0x2B main_weld 1 1 1 1 218 23.6 8.4 190 23.5 0 0 0
9.117 0x2B main_weld 1 1 1 1 218 23.6 8.4 190 23.5 0 0 0
9.147 0x2B main_weld 1 1 1 1 218 23.6 8.4 190 23.5 0 0 0
9.188 0x2B main_weld 1 1 1 1 218 23.6 8.4 190 23.5 0 0 0
9.228 0x2B main_weld 1 1 1 1 218 23.5 8.4 190 23.5 0 0 0
9.266 0x2B main_weld 1 1 1 1 223 23.5 8.4 190 23.5 0 0 0
9.306 0x2B main_weld 1 1 1 1 223 23.5 8.4 190 23.5 0 0 0
9.351 0x2B main_weld 1 1 1 1 223 23.5 8.4 190 23.5 0 0 0
9.397 0x2B main_weld 1 1 1 1 223 23.5 8.4 190 23.5 0 0 0
9.428 0x2B main_weld 1 1 1 1 220 23.5 8.4 190 23.5 0 0 0
9.471 0x2B main_weld 1 1 1 1 220 23.5 8.4 190 23.5 0 0 0
9.507 0x2B main_weld 1 1 1 1 220 23.5 8.4 190 23.5 0 0 0
9.561 0x2B main_weld 1 1 1 1 220 23.5 8.4 190 23.5 0 0 0
9.591 0x2B main_weld 1 1 1 1 220 23.0 8.4 190 23.5 0 0 0
9.629 0x2B main_weld 1 1 1 1 229 23.0 8.4 190 23.5 0 0 0
9.674 0x2B main_weld 1 1 1 1 229 23.0 8.4 190 23.5 0 0 0
9.710 0x2B main_weld 1 1 1 1 229 23.0 8.4 190 23.5 0 0 0
9.749 0x2B main_weld 1 1 1 1 229 23.4 8.4 190 23.5 0 0 0
9.792 0x2B main_weld 1 1 1 1 201 23.4 8.4 190 23.5 0 0 0
9.836 0x2B main_weld 1 1 1 1 201 23.4 8.4 190 23.5 0 0 0
9.870 0x2B main_weld 1 1 1 1 201 23.4 8.4 190 23.5 0 0 0
9.911 0x2B main_weld 1 1 1 1 201 23.4 8.4 190 23.5 0 0 0
9.956 0x2B main_weld 1 1 1 1 201 23.3 8.4 190 23.5 0 0 0
9.988 0x2B main_weld 1 1 1 1 217 23.3 8.4 190 23.5 0 0 0
10.027 0x2B main_weld 1 1 1 1 217 23.3 8.4 190 23.5 0 0 0
10.066 0x2B main_weld 1 1 1 1 217 23.3 8.4 190 23.5 0 0 0
10.113 0x2B main_weld 1 1 1 1 217 23.4 8.4 190 23.5 0 0 0
10.148 0x2B main_weld 1 1 1 1 217 23.4 8.4 190 23.5 0 0 0
10.189 0x2B main_weld 1 1 1 1 217 23.4 8.4 190 23.5 0 0 0
10.233 0x2B main_weld 1 1 1 1 217 23.4 8.4 190 23.5 0 0 0
10.272 0x2B main_weld 1 1 1 1 217 23.4 8.4 190 23.5 0 0 0
10.311 0x2B main_weld 1 1 1 1 217 23.1 8.4 190 23.5 0 0 0
10.352 0x2B main_weld 1 1 1 1 218 23.1 8.4 190 23.5 0 0 0
10.392 0x2B main_weld 1 1 1 1 218 23.1 8.4 190 23.5 0 0 0
10.427 0x2B main_weld 1 1 1 1 229 23.1 8.4 190 23.5 0 0 0
10.473 0x2B main_weld 1 1 1 1 229 23.4 8.4 190 23.5 0 0 0
10.510 0x2B main_weld 1 1 1 1 229 23.4 8.4 190 23.5 0 0 0
10.553 0x2B main_weld 1 1 1 1 229 23.4 8.4 190 23.5 0 0 0
10.594 0x2B main_weld 1 1 1 1 217 23.4 8.4 190 23.5 0 0 0
10.627 0x2B main_weld 1 1 1 1 217 23.4 8.4 190 23.5 0 0 0
10.668 0x2B main_weld 1 1 1 1 217 23.4 8.4 190 23.5 0 0 0
10.706 0x2B main_weld 1 1 1 1 217 23.4 8.4 190 23.5 0 0 0
10.744 0x2B main_weld 1 1 1 1 217 23.4 8.4 190 23.5 0 0 0
10.789 0x2B main_weld 1 1 1 1 216 23.4 8.4 190 23.5 0 0 0
10.827 0x2B main_weld 1 1 1 1 216 23.4 8.4 190 23.5 0 0 0
10.874 0x2B main_weld 1 1 1 1 216 23.4 8.4 190 23.5 0 0 0
10.907 0x2B main_weld 1 1 1 1 216 23.4 8.4 190 23.5 0 0 0
10.944 0x2B main_weld 1 1 1 1 213 22.9 8.4 190 23.5 0 0 0
10.992 0x2B main_weld 1 1 1 1 213 22.9 8.4 190 23.5 0 0 0
11.031 0x2B main_weld 1 1 1 1 213 22.9 8.4 190 23.5 0 0 0
11.073 0x2B main_weld 1 1 1 1 213 22.9 8.4 190 23.5 0 0 0
11.107 0x2B main_weld 1 1 1 1 213 23.1 8.4 190 23.5 0 0 0
11.148 0x2B main_weld 1 1 1 1 218 23.1 8.4 190 23.5 0 0 0
11.189 0x2B main_weld 1 1 1 1 218 23.1 8.4 190 23.5 0 0 0
11.231 0x2B main_weld 1 1 1 1 218 23.1 8.4 190 23.5 0 0 0
11.270 0x2B main_weld 1 1 1 1 218 23.1 8.4 190 23.5 0 0 0
11.308 0x2B main_weld 1 1 1 1 210 23.4 8.4 190 23.5 0 0 0
11.346 0x2B main_weld 1 1 1 1 210 23.4 8.4 190 23.5 0 0 0
11.387 0x2B main_weld 1 1 1 1 210 23.4 8.4 190 23.5 0 0 0
11.433 0x2B main_weld 1 1 1 1 210 23.4 8.4 190 23.5 0 0 0
11.469 0x2B main_weld 1 1 1 1 210 22.9 8.4 190 23.5 0 0 0
11.507 0x2B main_weld 1 1 1 1 214 22.9 8.4 190 23.5 0 0 0
11.547 0x2B main_weld 1 1 1 1 214 22.9 8.4 190 23.5 0 0 0
11.598 0x2B main_weld 1 1 1 1 211 22.9 8.4 190 23.5 0 0 0
11.630 0x2B main_weld 1 1 1 1 211 22.9 8.4 190 23.5 0 0 0
11.664 0x2B main_weld 1 1 1 1 211 23.7 8.4 190 23.5 0 0 0
11.710 0x2B main_weld 1 1 1 1 211 23.7 8.4 190 23.5 0 0 0
11.746 0x2B main_weld 1 1 1 1 211 23.7 8.4 190 23.5 0 0 0
11.792 0x2B main_weld 1 1 1 1 225 23.7 8.4 190 23.5 0 0 0
11.831 0x2B main_weld 1 1 1 1 225 23.3 8.4 190 23.5 0 0 0
11.866 0x2B main_weld 1 1 1 1 225 23.3 8.4 190 23.5 0 0 0
11.913 0x2B main_weld 1 1 1 1 225 23.6 8.4 190 23.5 0 0 0
11.951 0x2B main_weld 1 1 1 1 217 23.6 8.4 190 23.5 0 0 0
11.991 0x2B main_weld 1 1 1 1 217 23.6 8.4 190 23.5 0 0 0
12.031 0x2B main_weld 1 1 1 1 217 23.6 8.4 190 23.5 0 0 0
12.070 0x2B main_weld 1 1 1 1 217 23.6 8.4 190 23.5 0 0 0
12.106 0x2B main_weld 1 1 1 1 217 23.1 8.4 190 23.5 0 0 0
12.156 0x2B main_weld 1 1 1 1 218 23.1 8.4 190 23.5 0 0 0
12.187 0x2B main_weld 1 1 1 1 218 23.1 8.4 190 23.5 0 0 0
12.231 0x2B main_weld 1 1 1 1 218 23.1 8.4 190 23.5 0 0 0
12.271 0x2B main_weld 1 1 1 1 218 23.4 8.4 190 23.5 0 0 0
12.311 0x2B main_weld 1 1 1 1 224 23.4 8.4 190 23.5 0 0 0
12.347 0x2B main_weld 1 1 1 1 224 23.4 8.4 190 23.5 0 0 0
12.393 0x2B main_weld 1 1 1 1 224 23.4 8.4 190 23.5 0 0 0
12.424 0x2B main_weld 1 1 1 1 224 23.4 8.4 190 23.5 0 0 0
12.470 0x2B main_weld 1 1 1 1 224 23.1 8.4 190 23.5 0 0 0
12.513 0x2B main_weld 1 1 1 1 218 23.1 8.4 190 23.5 0 0 0
12.550 0x2B main_weld 1 1 1 1 218 23.1 8.4 190 23.5 0 0 0
12.588 0x2B main_weld 1 1 1 1 218 23.1 8.4 190 23.5 0 0 0
12.626 0x2B main_weld 1 1 1 1 218 22.7 8.4 190 23.5 0 0 0
12.667 0x2B main_weld 1 1 1 1 218 22.7 8.4 190 23.5 0 0 0
12.712 0x2B main_weld 1 1 1 1 218 22.7 8.4 190 23.5 0 0 0
12.748 0x2B main_weld 1 1 1 1 218 22.7 8.4 190 23.5 0 0 0
12.788 0x2B main_weld 1 1 1 1 218 22.7 8.4 190 23.5 0 0 0
12.831 0x2B main_weld 1 1 1 1 218 23.1 8.4 190 23.5 0 0 0
12.870 0x2B main_weld 1 1 1 1 219 23.1 8.4 190 23.5 0 0 0
12.908 0x2B main_weld 1 1 1 1 219 23.1 8.4 190 23.5 0 0 0
12.951 0x2B main_weld 1 1 1 1 219 23.1 8.4 190 23.5 0 0 0
12.992 0x2B main_weld 1 1 1 1 219 23.4 8.4 190 23.5 0 0 0
13.033 0x2B main_weld 1 1 1 1 219 23.4 8.4 190 23.5 0 0 0
13.067 0x2B main_weld 1 1 1 1 219 23.4 8.4 190 23.5 0 0 0
13.112 0x2B main_weld 1 1 1 1 224 23.4 8.4 190 23.5 0 0 0
13.153 0x2B main_weld 1 1 1 1 224 23.4 8.4 190 23.5 0 0 0
13.188 0x2B main_weld 1 1 1 1 224 23.7 8.4 190 23.5 0 0 0
13.231 0x2B main_weld 1 1 1 1 224 23.7 8.4 190 23.5 0 0 0
13.267 0x2B main_weld 1 1 1 1 224 23.7 8.4 190 23.5 0 0 0
13.309 0x2B main_weld 1 1 1 1 220 23.7 8.4 190 23.5 0 0 0
13.347 0x2B main_weld 1 1 1 1 220 23.4 8.4 190 23.5 0 0 0
13.387 0x2B main_weld 1 1 1 1 220 23.4 8.4 190 23.5 0 0 0
13.430 0x2B main_weld 1 1 1 1 220 23.4 8.4 190 23.5 0 0 0
13.467 0x2B main_weld 1 1 1 1 220 23.1 8.4 190 23.5 0 0 0
13.508 0x2B main_weld 1 1 1 1 220 23.1 8.4 190 23.5 0 0 0
13.551 0x2B main_weld 1 1 1 1 220 23.1 8.4 190 23.5 0 0 0
13.592 0x2B main_weld 1 1 1 1 220 23.1 8.4 190 23.5 0 0 0
13.630 0x2B main_weld 1 1 1 1 220 23.1 8.4 190 23.5 0 0 0
13.667 0x2B main_weld 1 1 1 1 218 23.1 8.4 190 23.5 0 0 0
13.707 0x2B main_weld 1 1 1 1 218 23.1 8.4 190 23.5 0 0 0
13.750 0x2B main_weld 1 1 1 1 218 23.1 8.4 190 23.5 0 0 0
13.789 0x2B main_weld 1 1 1 1 218 23.1 8.4 190 23.5 0 0 0
13.828 0x2B main_weld 1 1 1 1 223 22.8 8.4 190 23.5 0 0 0
13.865 0x2B main_weld 1 1 1 1 223 22.8 8.4 190 23.5 0 0 0
13.907 0x2B main_weld 1 1 1 1 223 22.8 8.4 190 23.5 0 0 0
13.945 0x2B main_weld 1 1 1 1 223 22.8 8.4 190 23.5 0 0 0
13.986 0x2B main_weld 1 1 1 1 223 23.1 8.4 190 23.5 0 0 0
14.028 0x2B main_weld 1 1 1 1 220 23.1 8.4 190 23.5 0 0 0
14.069 0x2B main_weld 1 1 1 1 220 23.1 8.4 190 23.5 0 0 0
14.109 0x2B main_weld 1 1 1 1 220 23.1 8.4 190 23.5 0 0 0
14.148 0x2B main_weld 1 1 1 1 220 23.1 8.4 190 23.5 0 0 0
14.187 0x2B main_weld 1 1 1 1 220 23.6 8.4 190 23.5 0 0 0
14.230 0x2B main_weld 1 1 1 1 220 23.6 8.4 190 23.5 0 0 0
14.267 0x2B main_weld 1 1 1 1 220 23.6 8.4 190 23.5 0 0 0
14.307 0x2B main_weld 1 1 1 1 220 23.6 8.4 190 23.5 0 0 0
14.348 0x2B main_weld 1 1 1 1 220 23.3 8.4 190 23.5 0 0 0
14.395 0x2B main_weld 1 1 1 1 217 23.3 8.4 190 23.5 0 0 0
14.435 0x2B main_weld 1 1 1 1 217 23.3 8.4 190 23.5 0 0 0
14.470 0x2B main_weld 1 1 1 1 217 23.3 8.4 190 23.5 0 0 0
14.514 0x2B main_weld 1 1 1 1 217 23.3 8.4 190 23.5 0 0 0
14.550 0x2B main_weld 1 1 1 1 216 23.3 8.4 190 23.5 0 0 0
14.597 0x2B main_weld 1 1 1 1 216 23.3 8.4 190 23.5 0 0 0
14.630 0x2B main_weld 1 1 1 1 216 23.4 8.4 190 23.5 0 0 0
14.672 0x2B main_weld 1 1 1 1 217 23.4 8.4 190 23.5 0 0 0
14.713 0x2B main_weld 1 1 1 1 217 23.4 8.4 190 23.5 0 0 0
14.753 0x2B main_weld 1 1 1 1 217 23.4 8.4 190 23.5 0 0 0
14.794 0x2B main_weld 1 1 1 1 217 23.4 8.4 190 23.5 0 0 0
14.829 0x2B main_weld 1 1 1 1 223 23.4 8.4 190 23.5 0 0 0
14.870 0x2B main_weld 1 1 1 1 223 23.4 8.4 190 23.5 0 0 0
14.908 0x2B main_weld 1 1 1 1 223 23.1 8.4 190 23.5 0 0 0
14.948 0x2B main_weld 1 1 1 1 223 23.1 8.4 190 23.5 0 0 0
14.988 0x2B main_weld 1 1 1 1 223 23.3 8.4 190 23.5 0 0 0
15.032 0x2B main_weld 1 1 1 1 217 23.3 8.4 190 23.5 0 0 0
15.070 0x2B main_weld 1 1 1 1 217 23.3 8.4 190 23.5 0 0 0
15.111 0x2B main_weld 1 1 1 1 217 23.3 8.4 190 23.5 0 0 0
15.152 0x2B main_weld 1 1 1 1 217 23.1 8.4 190 23.5 0 0 0
15.189 0x2B main_weld 1 1 1 1 207 23.1 8.4 190 23.5 0 0 0
15.236 0x2B main_weld 1 1 1 1 207 23.1 8.4 190 23.5 0 0 0
15.270 0x2B main_weld 1 1 1 1 207 23.1 8.4 190 23.5 0 0 0
15.307 0x2B main_weld 1 1 1 1 207 23.1 8.4 190 23.5 0 0 0
15.348 0x2B main_weld 1 1 1 1 207 23.5 8.4 190 23.5 0 0 0
15.387 0x2B main_weld 1 1 1 1 217 23.5 8.4 190 23.5 0 0 0
15.431 0x2B main_weld 1 1 1 1 217 23.5 8.4 190 23.5 0 0 0
15.470 0x2B main_weld 1 1 1 1 217 23.5 8.4 190 23.5 0 0 0
15.511 0x2B main_weld 1 1 1 1 217 23.9 8.4 190 23.5 0 0 0
15.558 0x2B main_weld 1 1 1 1 218 23.9 8.4 190 23.5 0 0 0
15.588 0x2B main_weld 1 1 1 1 218 23.9 8.4 190 23.5 0 0 0
15.633 0x2B main_weld 1 1 1 1 218 23.9 8.4 190 23.5 0 0 0
15.672 0x2B main_weld 1 1 1 1 218 23.9 8.4 190 23.5 0 0 0
15.705 0x2B main_weld 1 1 1 1 218 23.3 8.4 190 23.5 0 0 0
15.749 0x2B main_weld 1 1 1 1 224 23.3 8.4 190 23.5 0 0 0
15.791 0x2B main_weld 1 1 1 1 224 23.3 8.4 190 23.5 0 0 0
15.832 0x2B main_weld 1 1 1 1 216 23.3 8.4 190 23.5 0 0 0
15.869 0x2B main_weld 1 1 1 1 216 23.5 8.4 190 23.5 0 0 0
15.909 0x2B main_weld 1 1 1 1 216 23.5 8.4 190 23.5 0 0 0
15.947 0x2B main_weld 1 1 1 1 216 23.5 8.4 190 23.5 0 0 0
15.988 0x2B main_weld 1 1 1 1 219 23.5 8.4 190 23.5 0 0 0
16.030 0x2B main_weld 1 1 1 1 219 23.5 8.4 190 23.5 0 0 0
16.067 0x2B main_weld 1 1 1 1 219 23.5 8.4 190 23.5 0 0 0
16.107 0x2B main_weld 1 1 1 1 219 23.5 8.4 190 23.5 0 0 0
16.153 0x2B main_weld 1 1 1 1 219 23.0 8.4 190 23.5 0 0 0
16.189 0x2B main_weld 1 1 1 1 217 23.0 8.4 190 23.5 0 0 0
16.231 0x2B main_weld 1 1 1 1 217 23.0 8.4 190 23.5 0 0 0
16.270 0x2B main_weld 1 1 1 1 217 23.0 8.4 190 23.5 0 0 0
16.311 0x2B main_weld 1 1 1 1 217 23.0 8.4 190 23.5 0 0 0
16.348 0x2B main_weld 1 1 1 1 219 23.4 8.4 190 23.5 0 0 0
16.395 0x2B main_weld 1 1 1 1 219 23.4 8.4 190 23.5 0 0 0
16.431 0x2B main_weld 1 1 1 1 219 23.4 8.4 190 23.5 0 0 0
16.470 0x2B main_weld 1 1 1 1 219 23.4 8.4 190 23.5 0 0 0
16.512 0x2B main_weld 1 1 1 1 219 23.3 8.4 190 23.5 0 0 0
16.548 0x2B main_weld 1 1 1 1 230 23.3 8.4 190 23.5 0 0 0
16.586 0x2B main_weld 1 1 1 1 230 23.3 8.4 190 23.5 0 0 0
16.628 0x2B main_weld 1 1 1 1 230 23.3 8.4 190 23.5 0 0 0
16.668 0x2B main_weld 1 1 1 1 230 23.3 8.4 190 23.5 0 0 0
16.708 0x2B main_weld 1 1 1 1 225 23.6 8.4 190 23.5 0 0 0
16.747 0x2B main_weld 1 1 1 1 225 23.6 8.4 190 23.5 0 0 0
16.800 0x2B main_weld 1 1 1 1 225 23.6 8.4 190 23.5 0 0 0
16.830 0x2B main_weld 1 1 1 1 225 23.6 8.4 190 23.5 0 0 0
16.865 0x2B main_weld 1 1 1 1 225 23.5 8.4 190 23.5 0 0 0
16.912 0x2B main_weld 1 1 1 1 220 23.5 8.4 190 23.5 0 0 0
16.958 0x2B main_weld 1 1 1 1 220 23.5 8.4 190 23.5 0 0 0
16.988 0x2B main_weld 1 1 1 1 220 23.5 8.4 190 23.5 0 0 0
17.026 0x2B main_weld 1 1 1 1 220 23.5 8.4 190 23.5 0 0 0
17.068 0x2B main_weld 1 1 1 1 226 23.3 8.4 190 23.5 0 0 0
17.110 0x2B main_weld 1 1 1 1 226 23.3 8.4 190 23.5 0 0 0
17.148 0x2B main_weld 1 1 1 1 226 23.3 8.4 190 23.5 0 0 0
17.187 0x2B main_weld 1 1 1 1 226 23.3 8.4 190 23.5 0 0 0
17.230 0x2B main_weld 1 1 1 1 226 23.6 8.4 190 23.5 0 0 0
17.267 0x2B main_weld 1 1 1 1 220 23.6 8.4 190 23.5 0 0 0
17.307 0x2B main_weld 1 1 1 1 220 23.6 8.4 190 23.5 0 0 0
17.347 0x2B main_weld 1 1 1 1 222 23.6 8.4 190 23.5 0 0 0
17.387 0x2B main_weld 1 1 1 1 222 23.6 8.4 190 23.5 0 0 0
17.425 0x2B main_weld 1 1 1 1 222 23.3 8.4 190 23.5 0 0 0
17.470 0x2B main_weld 1 1 1 1 222 23.3 8.4 190 23.5 0 0 0
17.511 0x2B main_weld 1 1 1 1 222 23.3 8.4 190 23.5 0 0 0
17.553 0x2B main_weld 1 1 1 1 222 23.3 8.4 190 23.5 0 0 0
17.587 0x2B main_weld 1 1 1 1 222 23.3 8.4 190 23.5 0 0 0
17.629 0x2B main_weld 1 1 1 1 216 23.3 8.4 190 23.5 0 0 0
17.668 0x2B main_weld 1 1 1 1 216 23.5 8.4 190 23.5 0 0 0
17.709 0x2B main_weld 1 1 1 1 222 23.5 8.4 190 23.5 0 0 0
17.747 0x2B main_weld 1 1 1 1 222 23.5 8.4 190 23.5 0 0 0
17.792 0x2B main_weld 1 1 1 1 222 23.5 8.4 190 23.5 0 0 0
17.829 0x2B main_weld 1 1 1 1 222 23.5 8.4 190 23.5 0 0 0
17.869 0x2B main_weld 1 1 1 1 222 23.3 8.4 190 23.5 0 0 0
17.910 0x2B main_weld 1 1 1 1 225 23.3 8.4 190 23.5 0 0 0
17.949 0x2B main_weld 1 1 1 1 225 23.3 8.4 190 23.5 0 0 0
17.987 0x2B main_weld 1 1 1 1 225 23.3 8.4 190 23.5 0 0 0
18.026 0x2B main_weld 1 1 1 1 225 23.4 8.4 190 23.5 0 0 0
18.074 0x2B main_weld 1 1 1 1 219 23.4 8.4 190 23.5 0 0 0
18.108 0x2B main_weld 1 1 1 1 219 23.4 8.4 190 23.5 0 0 0
18.147 0x2B main_weld 1 1 1 1 219 23.4 8.4 190 23.5 0 0 0
18.187 0x2B main_weld 1 1 1 1 219 23.4 8.4 190 23.5 0 0 0
18.228 0x2B main_weld 1 1 1 1 219 23.4 8.4 190 23.5 0 0 0
18.267 0x2B main_weld 1 1 1 1 222 23.4 8.4 190 23.5 0 0 0
18.306 0x2B main_weld 1 1 1 1 222 23.4 8.4 190 23.5 0 0 0
18.349 0x2B main_weld 1 1 1 1 222 23.4 8.4 190 23.5 0 0 0
18.387 0x2B main_weld 1 1 1 1 222 23.3 8.4 190 23.5 0 0 0
18.426 0x2B main_weld 1 1 1 1 217 23.3 8.4 190 23.5 0 0 0
18.469 0x2B main_weld 1 1 1 1 217 23.3 8.4 190 23.5 0 0 0
18.510 0x2B main_weld 1 1 1 1 217 23.3 8.4 190 23.5 0 0 0
18.551 0x2B main_weld 1 1 1 1 217 23.3 8.4 190 23.5 0 0 0
18.586 0x2B main_weld 1 1 1 1 217 23.1 8.4 190 23.5 0 0 0
18.626 0x2B main_weld 1 1 1 1 213 23.1 8.4 190 23.5 0 0 0
18.668 0x2B main_weld 1 1 1 1 213 23.1 8.4 190 23.5 0 0 0
18.710 0x2B main_weld 1 1 1 1 216 23.1 8.4 190 23.5 0 0 0
18.747 0x2B main_weld 1 1 1 1 216 23.4 8.4 190 23.5 0 0 0
18.786 0x2B main_weld 1 1 1 1 216 23.4 8.4 190 23.5 0 0 0
18.828 0x2B main_weld 1 1 1 1 216 23.4 8.4 190 23.5 0 0 0
18.870 0x2B main_weld 1 1 1 1 218 23.4 8.4 190 23.5 0 0 0
18.911 0x2B main_weld 1 1 1 1 218 23.4 8.4 190 23.5 0 0 0
18.945 0x2B main_weld 1 1 1 1 218 23.0 8.4 190 23.5 0 0 0
18.989 0x2B main_weld 1 1 1 1 218 23.0 8.4 190 23.5 0 0 0
19.041 0x2B main_weld 1 1 1 1 218 23.0 8.4 190 23.5 0 0 0
19.073 0x2B main_weld 1 1 1 1 213 23.0 8.4 190 23.5 0 0 0
19.107 0x2B main_weld 1 1 1 1 213 23.7 8.4 190 23.5 0 0 0
19.157 0x2B main_weld 1 1 1 1 213 23.7 8.4 190 23.5 0 0 0
19.187 0x2B main_weld 1 1 1 1 213 23.7 8.4 190 23.5 0 0 0
19.231 0x2B main_weld 1 1 1 1 217 23.3 8.4 190 23.5 0 0 0
19.275 0x2B main_weld 1 1 1 1 217 23.3 8.4 190 23.5 0 0 0
19.309 0x2B main_weld 1 1 1 1 217 23.3 8.4 190 23.5 0 0 0
19.350 0x2B main_weld 1 1 1 1 217 23.3 8.4 190 23.5 0 0 0
19.387 0x2B main_weld 1 1 1 1 217 23.4 8.4 190 23.5 0 0 0
19.430 0x2B main_weld 1 1 1 1 213 23.4 8.4 190 23.5 0 0 0
19.466 0x2B main_weld 1 1 1 1 213 23.4 8.4 190 23.5 0 0 0
19.507 0x2B main_weld 1 1 1 1 213 23.4 8.4 190 23.5 0 0 0
19.546 0x2B main_weld 1 1 1 1 213 23.4 8.4 190 23.5 0 0 0
19.594 0x2B main_weld 1 1 1 1 218 23.5 8.4 190 23.5 0 0 0
19.628 0x2B main_weld 1 1 1 1 218 23.5 8.4 190 23.5 0 0 0
19.669 0x2B main_weld 1 1 1 1 218 23.5 8.4 190 23.5 0 0 0
19.708 0x2B main_weld 1 1 1 1 218 23.5 8.4 190 23.5 0 0 0
19.756 0x2B main_weld 1 1 1 1 218 23.3 8.4 190 23.5 0 0 0
19.795 0x2B main_weld 1 1 1 1 220 23.3 8.4 190 23.5 0 0 0
19.832 0x2B main_weld 1 1 1 1 220 23.3 8.4 190 23.5 0 0 0
19.871 0x2B main_weld 1 1 1 1 220 23.3 8.4 190 23.5 0 0 0
19.909 0x2B main_weld 1 1 1 1 220 23.3 8.4 190 23.5 0 0 0
19.953 0x2B main_weld 1 1 1 1 213 23.7 8.4 190 23.5 0 0 0
19.995 0x2B main_weld 1 1 1 1 213 23.7 8.4 190 23.5 0 0 0
20.030 0x2B main_weld 1 1 1 1 213 23.7 8.4 190 23.5 0 0 0
20.067 0x2B main_weld 1 1 1 1 216 23.7 8.4 190 23.5 0 0 0
20.114 0x2B main_weld 1 1 1 1 216 23.5 8.4 190 23.5 0 0 0
20.150 0x2B main_weld 1 1 1 1 216 23.5 8.4 190 23.5 0 0 0
20.188 0x2B main_weld 1 1 1 1 216 23.5 8.4 190 23.5 0 0 0
20.224 0x2B main_weld 1 1 1 1 226 23.5 8.4 190 23.5 0 0 0
20.270 0x2B main_weld 1 1 1 1 226 23.5 8.4 190 23.5 0 0 0
20.313 0x2B main_weld 1 1 1 1 226 23.3 8.4 190 23.5 0 0 0
20.349 0x2B main_weld 1 1 1 1 226 23.3 8.4 190 23.5 0 0 0
20.389 0x2B main_weld 1 1 1 1 226 23.4 8.4 190 23.5 0 0 0
20.429 0x2B main_weld 1 1 1 1 219 23.4 8.4 190 23.5 0 0 0
20.472 0x2B main_weld 1 1 1 1 219 23.4 8.4 190 23.5 0 0 0
20.509 0x2B main_weld 1 1 1 1 219 23.4 8.4 190 23.5 0 0 0
20.551 0x2B main_weld 1 1 1 1 219 23.4 8.4 190 23.5 0 0 0
20.593 0x2B main_weld 1 1 1 1 219 23.4 8.4 190 23.5 0 0 0
20.629 0x2B main_weld 1 1 1 1 219 23.4 8.4 190 23.5 0 0 0
20.669 0x2B main_weld 1 1 1 1 219 23.4 8.4 190 23.5 0 0 0
20.709 0x2B main_weld 1 1 1 1 219 23.4 8.4 190 23.5 0 0 0
20.753 0x2B main_weld 1 1 1 1 219 23.7 8.4 190 23.5 0 0 0
20.791 0x2B main_weld 1 1 1 1 218 23.7 8.4 190 23.5 0 0 0
20.828 0x2B main_weld 1 1 1 1 218 23.7 8.4 190 23.5 0 0 0
20.874 0x2B main_weld 1 1 1 1 218 23.7 8.4 190 23.5 0 0 0
20.908 0x2B main_weld 1 1 1 1 218 23.3 8.4 190 23.5 0 0 0
20.954 0x2B main_weld 1 1 1 1 218 23.3 8.4 190 23.5 0 0 0
20.988 0x2B main_weld 1 1 1 1 218 23.3 8.4 190 23.5 0 0 0
21.029 0x2B main_weld 1 1 1 1 218 23.3 8.4 190 23.5 0 0 0
21.068 0x2B main_weld 1 1 1 1 218 23.3 8.4 190 23.5 0 0 0
21.110 0x2B main_weld 1 1 1 1 218 23.7 8.4 190 23.5 0 0 0
21.144 0x2B main_weld 1 1 1 1 220 23.7 8.4 190 23.5 0 0 0
21.192 0x2B main_weld 1 1 1 1 220 23.7 8.4 190 23.5 0 0 0
21.225 0x2B main_weld 1 1 1 1 220 23.7 8.4 190 23.5 0 0 0
21.271 0x2B main_weld 1 1 1 1 220 23.1 8.4 190 23.5 0 0 0
21.309 0x2B main_weld 1 1 1 1 218 23.1 8.4 190 23.5 0 0 0
21.348 0x2B main_weld 1 1 1 1 218 23.1 8.4 190 23.5 0 0 0
21.388 0x2B main_weld 1 1 1 1 218 23.1 8.4 190 23.5 0 0 0
21.430 0x2B main_weld 1 1 1 1 218 23.1 8.4 190 23.5 0 0 0
21.468 0x2B main_weld 1 1 1 1 218 22.8 8.4 190 23.5 0 0 0
21.507 0x2B main_weld 1 1 1 1 219 22.8 8.4 190 23.5 0 0 0
21.548 0x2B main_weld 1 1 1 1 219 22.8 8.4 190 23.5 0 0 0
21.591 0x2B main_weld 1 1 1 1 225 22.8 8.4 190 23.5 0 0 0
21.628 0x2B main_weld 1 1 1 1 225 23.2 8.4 190 23.5 0 0 0
21.666 0x2B main_weld 1 1 1 1 225 23.2 8.4 190 23.5 0 0 0
21.714 0x2B main_weld 1 1 1 1 225 23.2 8.4 190 23.5 0 0 0
21.746 0x2B main_weld 1 1 1 1 213 23.2 8.4 190 23.5 0 0 0
21.790 0x2B main_weld 1 1 1 1 213 23.2 8.4 190 23.5 0 0 0
21.827 0x2B main_weld 1 1 1 1 213 23.2 8.4 190 23.5 0 0 0
21.868 0x2B main_weld 1 1 1 1 213 23.2 8.4 190 23.5 0 0 0
21.910 0x2B main_weld 1 1 1 1 213 23.6 8.4 190 23.5 0 0 0
21.953 0x2B main_weld 1 1 1 1 214 23.6 8.4 190 23.5 0 0 0
21.991 0x2B main_weld 1 1 1 1 214 23.6 8.4 190 23.5 0 0 0
22.028 0x2B main_weld 1 1 1 1 214 23.6 8.4 190 23.5 0 0 0
22.065 0x2B main_weld 1 1 1 1 214 23.6 8.4 190 23.5 0 0 0
22.112 0x2B main_weld 1 1 1 1 216 23.7 8.4 190 23.5 0 0 0
22.150 0x2B main_weld 1 1 1 1 216 23.7 8.4 190 23.5 0 0 0
22.190 0x2B main_weld 1 1 1 1 216 23.7 8.4 190 23.5 0 0 0
22.231 0x2B main_weld 1 1 1 1 216 23.7 8.4 190 23.5 0 0 0
22.267 0x2B main_weld 1 1 1 1 216 23.3 8.4 190 23.5 0 0 0
22.308 0x2B main_weld 1 1 1 1 212 23.3 8.4 190 23.5 0 0 0
22.351 0x2B main_weld 1 1 1 1 212 23.3 8.4 190 23.5 0 0 0
22.391 0x2B main_weld 1 1 1 1 212 23.3 8.4 190 23.5 0 0 0
22.429 0x2B main_weld 1 1 1 1 212 23.3 8.4 190 23.5 0 0 0
22.472 0x2B main_weld 1 1 1 1 216 23.4 8.4 190 23.5 0 0 0
22.508 0x2B main_weld 1 1 1 1 216 23.4 8.4 190 23.5 0 0 0
22.557 0x2B main_weld 1 1 1 1 216 23.4 8.4 190 23.5 0 0 0
22.589 0x2B main_weld 1 1 1 1 216 23.4 8.4 190 23.5 0 0 0
22.629 0x2B main_weld 1 1 1 1 216 23.1 8.4 190 23.5 0 0 0
22.670 0x2B main_weld 1 1 1 1 216 23.1 8.4 190 23.5 0 0 0
22.711 0x2B main_weld 1 1 1 1 216 23.1 8.4 190 23.5 0 0 0
22.748 0x2B main_weld 1 1 1 1 219 23.1 8.4 190 23.5 0 0 0
22.792 0x2B main_weld 1 1 1 1 219 23.1 8.4 190 23.5 0 0 0
22.838 0x2B main_weld 1 1 1 1 219 23.9 8.4 190 23.5 0 0 0
22.868 0x2B main_weld 1 1 1 1 219 23.9 8.4 190 23.5 0 0 0
22.910 0x2B main_weld 1 1 1 1 219 23.9 8.4 190 23.5 0 0 0
22.948 0x2B main_weld 1 1 1 1 212 23.9 8.4 190 23.5 0 0 0
22.988 0x2B main_weld 1 1 1 1 212 23.6 8.4 190 23.5 0 0 0
23.033 0x2B main_weld 1 1 1 1 212 23.6 8.4 190 23.5 0 0 0
23.066 0x2B main_weld 1 1 1 1 212 23.6 8.4 190 23.5 0 0 0
23.107 0x2B main_weld 1 1 1 1 218 23.6 8.4 190 23.5 0 0 0
23.151 0x2B main_weld 1 1 1 1 218 23.6 8.4 190 23.5 0 0 0
23.191 0x2B main_weld 1 1 1 1 218 23.4 8.4 190 23.5 0 0 0
23.230 0x2B main_weld 1 1 1 1 218 23.4 8.4 190 23.5 0 0 0
23.271 0x2B main_weld 1 1 1 1 218 23.4 8.4 190 23.5 0 0 0
23.304 0x2B main_weld 1 1 1 1 213 23.4 8.4 190 23.5 0 0 0
23.349 0x2B main_weld 1 1 1 1 213 23.1 8.4 190 23.5 0 0 0
23.387 0x2B main_weld 1 1 1 1 213 23.1 8.4 190 23.5 0 0 0
23.426 0x2B main_weld 1 1 1 1 213 23.7 8.4 190 23.5 0 0 0
23.467 0x2B main_weld 1 1 1 1 214 23.7 8.4 190 23.5 0 0 0
23.507 0x2B main_weld 1 1 1 1 214 23.7 8.4 190 23.5 0 0 0
23.552 0x2B main_weld 1 1 1 1 214 23.7 8.4 190 23.5 0 0 0
23.589 0x2B main_weld 1 1 1 1 214 23.7 8.4 190 23.5 0 0 0
23.628 0x2B main_weld 1 1 1 1 214 23.5 8.4 190 23.5 0 0 0
23.674 0x2B main_weld 1 1 1 1 211 23.5 8.4 190 23.5 0 0 0
23.709 0x2B main_weld 1 1 1 1 211 23.5 8.4 190 23.5 0 0 0
23.746 0x2B main_weld 1 1 1 1 211 23.5 8.4 190 23.5 0 0 0
23.801 0x2B main_weld 1 1 1 1 211 23.7 8.4 190 23.5 0 0 0
23.827 0x2B main_weld 1 1 1 1 216 23.7 8.4 190 23.5 0 0 0
23.869 0x2B main_weld 1 1 1 1 216 23.7 8.4 190 23.5 0 0 0
23.908 0x2B main_weld 1 1 1 1 216 23.7 8.4 190 23.5 0 0 0
23.956 0x2B main_weld 1 1 1 1 216 23.7 8.4 190 23.5 0 0 0
23.992 0x2B main_weld 1 1 1 1 216 23.7 8.4 190 23.5 0 0 0
24.027 0x2B main_weld 1 1 1 1 218 23.7 8.4 190 23.5 0 0 0
24.067 0x2B main_weld 1 1 1 1 218 23.7 8.4 190 23.5 0 0 0
24.107 0x2B main_weld 1 1 1 1 218 23.7 8.4 190 23.5 0 0 0
24.148 0x2B main_weld 1 1 1 1 218 23.9 8.4 190 23.5 0 0 0
24.187 0x2B main_weld 1 1 1 1 213 23.9 8.4 190 23.5 0 0 0
24.230 0x2B main_weld 1 1 1 1 213 23.9 8.4 190 23.5 0 0 0
24.270 0x2B main_weld 1 1 1 1 222 23.9 8.4 190 23.5 0 0 0
24.310 0x2B main_weld 1 1 1 1 222 23.9 8.4 190 23.5 0 0 0
24.350 0x2B main_weld 1 1 1 1 222 23.6 8.4 190 23.5 0 0 0
24.390 0x2B main_weld 1 1 1 1 222 23.6 8.4 190 23.5 0 0 0
24.430 0x2B main_weld 1 1 1 1 222 23.6 8.4 190 23.5 0 0 0
24.468 0x2B main_weld 1 1 1 1 219 23.6 8.4 190 23.5 0 0 0
24.508 0x2B main_weld 1 1 1 1 219 23.6 8.4 190 23.5 0 0 0
24.544 0x2B main_weld 1 1 1 1 219 23.6 8.4 190 23.5 0 0 0
24.592 0x2B main_weld 1 1 1 1 219 23.6 8.4 190 23.5 0 0 0
24.627 0x2B main_weld 1 1 1 1 216 23.1 8.4 190 23.5 0 0 0
24.669 0x2B main_weld 1 1 1 1 216 23.1 8.4 190 23.5 0 0 0
24.704 0x2B main_weld 1 1 1 1 216 23.1 8.4 190 23.5 0 0 0
24.748 0x2B main_weld 1 1 1 1 216 23.1 8.4 190 23.5 0 0 0
24.794 0x2B main_weld 1 1 1 1 216 23.6 8.4 190 23.5 0 0 0
24.828 0x2B main_weld 1 1 1 1 219 23.6 8.4 190 23.5 0 0 0
24.869 0x2B main_weld 1 1 1 1 219 23.6 8.4 190 23.5 0 0 0
24.905 0x2B main_weld 1 1 1 1 219 23.6 8.4 190 23.5 0 0 0
24.946 0x2B main_weld 1 1 1 1 219 23.6 8.4 190 23.5 0 0 0
24.988 0x2B main_weld 1 1 1 1 224 23.5 8.4 190 23.5 0 0 0
25.028 0x2B main_weld 1 1 1 1 224 23.5 8.4 190 23.5 0 0 0
25.072 0x2B main_weld 1 1 1 1 224 23.5 8.4 190 23.5 0 0 0
25.108 0x2B main_weld 1 1 1 1 224 23.5 8.4 190 23.5 0 0 0
25.147 0x2B main_weld 1 1 1 1 224 23.5 8.4 190 23.5 0 0 0
25.190 0x2B main_weld 1 1 1 1 222 23.5 8.4 190 23.5 0 0 0
25.231 0x2B main_weld 1 1 1 1 222 23.5 8.4 190 23.5 0 0 0
25.270 0x2B main_weld 1 1 1 1 222 23.5 8.4 190 23.5 0 0 0
25.307 0x2B main_weld 1 1 1 1 222 23.5 8.4 190 23.5 0 0 0
25.352 0x2B main_weld 1 1 1 1 219 23.5 8.4 190 23.5 0 0 0
25.387 0x2B main_weld 1 1 1 1 219 23.5 8.4 190 23.5 0 0 0
25.431 0x2B main_weld 1 1 1 1 219 23.5 8.4 190 23.5 0 0 0
25.471 0x2B main_weld 1 1 1 1 219 23.5 8.4 190 23.5 0 0 0
25.509 0x2B main_weld 1 1 1 1 219 23.5 8.4 190 23.5 0 0 0
25.550 0x2B main_weld 1 1 1 1 220 23.5 8.4 190 23.5 0 0 0
25.586 0x2B main_weld 1 1 1 1 220 23.5 8.4 190 23.5 0 0 0
25.625 0x2B main_weld 1 1 1 1 220 23.5 8.4 190 23.5 0 0 0
25.669 0x2B main_weld 1 1 1 1 220 23.5 8.4 190 23.5 0 0 0
25.707 0x2B main_weld 1 1 1 1 219 23.8 8.4 190 23.5 0 0 0
25.753 0x2B main_weld 1 1 1 1 219 23.8 8.4 190 23.5 0 0 0
25.790 0x2B main_weld 1 1 1 1 219 23.8 8.4 190 23.5 0 0 0
25.827 0x2B main_weld 1 1 1 1 218 23.8 8.4 190 23.5 0 0 0
25.868 0x2B main_weld 1 1 1 1 218 23.4 8.4 190 23.5 0 0 0
25.907 0x2B main_weld 1 1 1 1 218 23.4 8.4 190 23.5 0 0 0
25.946 0x2B main_weld 1 1 1 1 218 23.4 8.4 190 23.5 0 0 0
25.988 0x2B main_weld 1 1 1 1 217 23.4 8.4 190 23.5 0 0 0
26.024 0x2B main_weld 1 1 1 1 217 23.4 8.4 190 23.5 0 0 0
26.067 0x2B main_weld 1 1 1 1 217 23.3 8.4 190 23.5 0 0 0
26.107 0x2B main_weld 1 1 1 1 217 23.3 8.4 190 23.5 0 0 0
26.150 0x2B main_weld 1 1 1 1 217 23.5 8.4 190 23.5 0 0 0
26.189 0x2B main_weld 1 1 1 1 212 23.5 8.4 190 23.5 0 0 0
26.228 0x2B main_weld 1 1 1 1 212 23.5 8.4 190 23.5 0 0 0
26.268 0x2B main_weld 1 1 1 1 212 23.5 8.4 190 23.5 0 0 0
26.310 0x2B main_weld 1 1 1 1 212 23.6 8.4 190 23.5 0 0 0
26.349 0x2B main_weld 1 1 1 1 223 23.6 8.4 190 23.5 0 0 0
26.389 0x2B main_weld 1 1 1 1 223 23.6 8.4 190 23.5 0 0 0
26.429 0x2B main_weld 1 1 1 1 223 23.6 8.4 190 23.5 0 0 0
26.469 0x2B main_weld 1 1 1 1 223 23.6 8.4 190 23.5 0 0 0
26.506 0x2B main_weld 1 1 1 1 223 23.3 8.4 190 23.5 0 0 0
26.549 0x2B main_weld 1 1 1 1 223 23.3 8.4 190 23.5 0 0 0
26.590 0x2B main_weld 1 1 1 1 223 23.3 8.4 190 23.5 0 0 0
26.627 0x2B main_weld 1 1 1 1 216 23.3 8.4 190 23.5 0 0 0
26.664 0x2B main_weld 1 1 1 1 216 23.5 8.4 190 23.5 0 0 0
26.711 0x2B main_weld 1 1 1 1 211 23.5 8.4 190 23.5 0 0 0
26.748 0x2B main_weld 1 1 1 1 211 23.5 8.4 190 23.5 0 0 0
26.790 0x2B main_weld 1 1 1 1 211 23.5 8.4 190 23.5 0 0 0
26.824 0x2B main_weld 1 1 1 1 211 23.5 8.4 190 23.5 0 0 0
26.865 0x2B main_weld 1 1 1 1 211 23.4 8.4 190 23.5 0 0 0
26.909 0x2B main_weld 1 1 1 1 217 23.4 8.4 190 23.5 0 0 0
26.949 0x2B main_weld 1 1 1 1 217 23.4 8.4 190 23.5 0 0 0
26.987 0x2B main_weld 1 1 1 1 211 23.4 8.4 190 23.5 0 0 0
27.034 0x2B main_weld 1 1 1 1 211 23.5 8.4 190 23.5 0 0 0
27.071 0x2B main_weld 1 1 1 1 211 23.5 8.4 190 23.5 0 0 0
27.109 0x2B main_weld 1 1 1 1 211 23.5 8.4 190 23.5 0 0 0
27.149 0x2B main_weld 1 1 1 1 210 23.5 8.4 190 23.5 0 0 0
27.187 0x2B main_weld 1 1 1 1 210 23.5 8.4 190 23.5 0 0 0
27.226 0x2B main_weld 1 1 1 1 210 23.5 8.4 190 23.5 0 0 0
27.272 0x2B main_weld 1 1 1 1 210 23.5 8.4 190 23.5 0 0 0
27.309 0x2B main_weld 1 1 1 1 210 23.5 8.4 190 23.5 0 0 0
27.344 0x2B main_weld 1 1 1 1 223 23.5 8.4 190 23.5 0 0 0
27.385 0x2B main_weld 1 1 1 1 223 23.4 8.4 190 23.5 0 0 0
27.425 0x2B main_weld 1 1 1 1 223 23.4 8.4 190 23.5 0 0 0
27.465 0x2B main_weld 1 1 1 1 223 23.4 8.4 190 23.5 0 0 0
27.506 0x2B main_weld 1 1 1 1 210 23.4 8.4 190 23.5 0 0 0
27.548 0x2B main_weld 1 1 1 1 210 23.4 8.4 190 23.5 0 0 0
27.587 0x2B main_weld 1 1 1 1 210 23.6 8.4 190 23.5 0 0 0
27.627 0x2B main_weld 1 1 1 1 210 23.6 8.4 190 23.5 0 0 0
27.667 0x2B main_weld 1 1 1 1 210 23.7 8.4 190 23.5 0 0 0
27.709 0x2B main_weld 1 1 1 1 206 23.7 8.4 190 23.5 0 0 0
27.749 0x2B main_weld 1 1 1 1 206 23.7 8.4 190 23.5 0 0 0
27.794 0x2B main_weld 1 1 1 1 206 23.7 8.4 190 23.5 0 0 0
27.829 0x2B main_weld 1 1 1 1 206 23.7 8.4 190 23.5 0 0 0
27.875 0x2B main_weld 1 1 1 1 219 23.3 8.4 190 23.5 0 0 0
27.908 0x2B main_weld 1 1 1 1 219 23.3 8.4 190 23.5 0 0 0
27.947 0x2B main_weld 1 1 1 1 219 23.3 8.4 190 23.5 0 0 0
27.987 0x2B main_weld 1 1 1 1 219 23.3 8.4 190 23.5 0 0 0
28.028 0x2B main_weld 1 1 1 1 219 23.3 8.4 190 23.5 0 0 0
28.070 0x2B main_weld 1 1 1 1 222 23.3 8.4 190 23.5 0 0 0
28.107 0x2B main_weld 1 1 1 1 222 23.7 8.4 190 23.5 0 0 0
28.158 0x2B main_weld 1 1 1 1 222 23.7 8.4 190 23.5 0 0 0
28.191 0x2B main_weld 1 1 1 1 222 23.7 8.4 190 23.5 0 0 0
28.228 0x2B main_weld 1 1 1 1 213 23.3 8.4 190 23.5 0 0 0
28.272 0x2B main_weld 1 1 1 1 213 23.3 8.4 190 23.5 0 0 0
28.308 0x2B main_weld 1 1 1 1 213 23.3 8.4 190 23.5 0 0 0
28.344 0x2B main_weld 1 1 1 1 213 23.3 8.4 190 23.5 0 0 0
28.389 0x2B main_weld 1 1 1 1 213 23.6 8.4 190 23.5 0 0 0
28.427 0x2B main_weld 1 1 1 1 220 23.6 8.4 190 23.5 0 0 0
28.470 0x2B main_weld 1 1 1 1 220 23.6 8.4 190 23.5 0 0 0
28.509 0x2B main_weld 1 1 1 1 223 23.6 8.4 190 23.5 0 0 0
28.548 0x2B main_weld 1 1 1 1 223 23.6 8.4 190 23.5 0 0 0
28.588 0x2B main_weld 1 1 1 1 223 23.4 8.4 190 23.5 0 0 0
28.628 0x2B main_weld 1 1 1 1 223 23.4 8.4 190 23.5 0 0 0
28.668 0x2B main_weld 1 1 1 1 223 23.4 8.4 190 23.5 0 0 0
28.705 0x2B main_weld 1 1 1 1 218 23.4 8.4 190 23.5 0 0 0
28.747 0x2B main_weld 1 1 1 1 218 23.2 8.4 190 23.5 0 0 0
28.792 0x2B main_weld 1 1 1 1 218 23.2 8.4 190 23.5 0 0 0
28.830 0x2B main_weld 1 1 1 1 218 23.4 8.4 190 23.5 0 0 0
28.869 0x2B main_weld 1 1 1 1 229 23.4 8.4 190 23.5 0 0 0
28.910 0x2B main_weld 1 1 1 1 229 23.4 8.4 190 23.5 0 0 0
28.946 0x2B main_weld 1 1 1 1 229 23.4 8.4 190 23.5 0 0 0
28.992 0x2B main_weld 1 1 1 1 229 23.4 8.4 190 23.5 0 0 0
29.028 0x2B main_weld 1 1 1 1 229 23.2 8.4 190 23.5 0 0 0
29.069 0x2B main_weld 1 1 1 1 224 23.2 8.4 190 23.5 0 0 0
29.107 0x2B main_weld 1 1 1 1 224 23.2 8.4 190 23.5 0 0 0
29.146 0x2B main_weld 1 1 1 1 224 23.2 8.4 190 23.5 0 0 0
29.187 0x2B main_weld 1 1 1 1 224 23.9 8.4 190 23.5 0 0 0
29.228 0x2B main_weld 1 1 1 1 223 23.9 8.4 190 23.5 0 0 0
29.266 0x2B main_weld 1 1 1 1 223 23.9 8.4 190 23.5 0 0 0
29.307 0x2B main_weld 1 1 1 1 223 23.9 8.4 190 23.5 0 0 0
29.345 0x2B main_weld 1 1 1 1 223 23.9 8.4 190 23.5 0 0 0
29.392 0x2B main_weld 1 1 1 1 223 23.2 8.4 190 23.5 0 0 0
29.431 0x2B main_weld 1 1 1 1 220 23.2 8.4 190 23.5 0 0 0
29.469 0x2B main_weld 1 1 1 1 220 23.2 8.4 190 23.5 0 0 0
29.504 0x2B main_weld 1 1 1 1 220 23.2 8.4 190 23.5 0 0 0
29.549 0x2B main_weld 1 1 1 1 220 23.7 8.4 190 23.5 0 0 0
29.586 0x2B main_weld 1 1 1 1 226 23.7 8.4 190 23.5 0 0 0
29.624 0x2B main_weld 1 1 1 1 226 23.7 8.4 190 23.5 0 0 0
29.678 0x2B main_weld 1 1 1 1 226 23.7 8.4 190 23.5 0 0 0
29.708 0x2B main_weld 1 1 1 1 226 23.7 8.4 190 23.5 0 0 0
29.752 0x2B main_weld 1 1 1 1 226 23.4 8.4 190 23.5 0 0 0
29.793 0x2B main_weld 1 1 1 1 219 23.4 8.4 190 23.5 0 0 0
29.826 0x2B main_weld 1 1 1 1 219 23.4 8.4 190 23.5 0 0 0
29.868 0x2B main_weld 1 1 1 1 219 23.4 8.4 190 23.5 0 0 0
29.910 0x2B main_weld 1 1 1 1 219 23.4 8.4 190 23.5 0 0 0
29.953 0x2B main_weld 1 1 1 1 219 23.4 8.4 190 23.5 0 0 0
29.991 0x2B main_weld 1 1 1 1 219 23.4 8.4 190 23.5 0 0 0
30.031 0x2B main_weld 1 1 1 1 222 23.4 8.4 190 23.5 0 0 0
30.069 0x2B main_weld 1 1 1 1 222 23.4 8.4 190 23.5 0 0 0
30.110 0x2B main_weld 1 1 1 1 222 23.3 8.4 190 23.5 0 0 0
30.152 0x2B main_weld 1 1 1 1 222 23.3 8.4 190 23.5 0 0 0
30.187 0x2B main_weld 1 1 1 1 222 23.3 8.4 190 23.5 0 0 0
30.225 0x2B main_weld 1 1 1 1 214 23.3 8.4 190 23.5 0 0 0
30.268 0x2B main_weld 1 1 1 1 214 23.4 8.4 190 23.5 0 0 0
30.311 0x2B main_weld 1 1 1 1 214 23.4 8.4 190 23.5 0 0 0
30.348 0x2B main_weld 1 1 1 1 214 23.4 8.4 190 23.5 0 0 0
30.391 0x2B main_weld 1 1 1 1 218 23.5 8.4 190 23.5 0 0 0
30.428 0x2B main_weld 1 1 1 1 218 23.5 8.4 190 23.5 0 0 0
30.469 0x2B main_weld 1 1 1 1 218 23.5 8.4 190 23.5 0 0 0
30.508 0x2B main_weld 1 1 1 1 218 23.5 8.4 190 23.5 0 0 0
30.545 0x2B main_weld 1 1 1 1 218 23.6 8.4 190 23.5 0 0 0
30.587 0x2B main_weld 1 1 1 1 224 23.6 8.4 190 23.5 0 0 0
30.627 0x2B main_weld 1 1 1 1 224 23.6 8.4 190 23.5 0 0 0
30.670 0x2B main_weld 1 1 1 1 224 23.6 8.4 190 23.5 0 0 0
30.705 0x2B main_weld 1 1 1 1 224 23.6 8.4 190 23.5 0 0 0
30.750 0x2B main_weld 1 1 1 1 219 24.0 8.4 190 23.5 0 0 0
30.792 0x2B main_weld 1 1 1 1 219 24.0 8.4 190 23.5 0 0 0
30.826 0x2B main_weld 1 1 1 1 219 24.0 8.4 190 23.5 0 0 0
30.869 0x2B main_weld 1 1 1 1 219 24.0 8.4 190 23.5 0 0 0
30.906 0x2B main_weld 1 1 1 1 219 24.0 8.4 190 23.5 0 0 0
30.956 0x2B main_weld 1 1 1 1 216 24.0 8.4 190 23.5 0 0 0
30.985 0x2B main_weld 1 1 1 1 216 24.0 8.4 190 23.5 0 0 0
31.028 0x2B main_weld 1 1 1 1 216 24.0 8.4 190 23.5 0 0 0
31.067 0x2B main_weld 1 1 1 1 216 24.0 8.4 190 23.5 0 0 0
31.106 0x2B main_weld 1 1 1 1 212 23.4 8.4 190 23.5 0 0 0
31.147 0x2B main_weld 1 1 1 1 212 23.4 8.4 190 23.5 0 0 0
31.192 0x2B main_weld 1 1 1 1 212 23.4 8.4 190 23.5 0 0 0
31.228 0x2B main_weld 1 1 1 1 218 23.4 8.4 190 23.5 0 0 0
31.273 0x2B main_weld 1 1 1 1 218 23.4 8.4 190 23.5 0 0 0
31.320 0x2B main_weld 1 1 1 1 218 23.4 8.4 190 23.5 0 0 0
31.347 0x2B main_weld 1 1 1 1 218 23.4 8.4 190 23.5 0 0 0
31.387 0x2B main_weld 1 1 1 1 218 23.4 8.4 190 23.5 0 0 0
31.427 0x2B main_weld 1 1 1 1 218 23.4 8.4 190 23.5 0 0 0
31.474 0x2B main_weld 1 1 1 1 218 23.8 8.4 190 23.5 0 0 0
31.505 0x2B main_weld 1 1 1 1 218 23.8 8.4 190 23.5 0 0 0
31.551 0x2B main_weld 1 1 1 1 218 23.8 8.4 190 23.5 0 0 0
31.591 0x2B main_weld 1 1 1 1 213 23.8 8.4 190 23.5 0 0 0
31.628 0x2B main_weld 1 1 1 1 213 23.6 8.4 190 23.5 0 0 0
31.670 0x2B main_weld 1 1 1 1 213 23.6 8.4 190 23.5 0 0 0
31.711 0x2B main_weld 1 1 1 1 213 23.6 8.4 190 23.5 0 0 0
31.747 0x2B main_weld 1 1 1 1 217 23.6 8.4 190 23.5 0 0 0
31.788 0x2B main_weld 1 1 1 1 217 23.6 8.4 190 23.5 0 0 0
31.829 0x2B main_weld 1 1 1 1 217 23.5 8.4 190 23.5 0 0 0
31.870 0x2B main_weld 1 1 1 1 217 23.5 8.4 190 23.5 0 0 0
31.912 0x2B main_weld 1 1 1 1 217 23.4 8.4 190 23.5 0 0 0
31.951 0x2B main_weld 1 1 1 1 217 23.4 8.4 190 23.5 0 0 0
31.990 0x2B main_weld 1 1 1 1 217 23.4 8.4 190 23.5 0 0 0
32.033 0x2B main_weld 1 1 1 1 217 23.4 8.4 190 23.5 0 0 0
32.076 0x2B main_weld 1 1 1 1 217 23.1 8.4 190 23.5 0 0 0
32.107 0x2B main_weld 1 1 1 1 223 23.1 8.4 190 23.5 0 0 0
32.149 0x2B main_weld 1 1 1 1 223 23.1 8.4 190 23.5 0 0 0
32.187 0x2B main_weld 1 1 1 1 223 23.1 8.4 190 23.5 0 0 0
32.227 0x2B main_weld 1 1 1 1 223 23.1 8.4 190 23.5 0 0 0
32.269 0x2B main_weld 1 1 1 1 223 23.3 8.4 190 23.5 0 0 0
32.307 0x2B main_weld 1 1 1 1 217 23.3 8.4 190 23.5 0 0 0
32.346 0x2B main_weld 1 1 1 1 217 23.3 8.4 190 23.5 0 0 0
32.389 0x2B main_weld 1 1 1 1 217 23.3 8.4 190 23.5 0 0 0
32.429 0x2B main_weld 1 1 1 1 217 23.7 8.4 190 23.5 0 0 0
32.471 0x2B main_weld 1 1 1 1 225 23.7 8.4 190 23.5 0 0 0
32.516 0x2B main_weld 1 1 1 1 225 23.7 8.4 190 23.5 0 0 0
32.552 0x2B main_weld 1 1 1 1 225 23.7 8.4 190 23.5 0 0 0
32.595 0x2B main_weld 1 1 1 1 225 23.7 8.4 190 23.5 0 0 0
32.635 0x2B main_weld 1 1 1 1 225 23.9 8.4 190 23.5 0 0 0
32.671 0x2B main_weld 1 1 1 1 217 23.9 8.4 190 23.5 0 0 0
32.710 0x2B main_weld 1 1 1 1 217 23.9 8.4 190 23.5 0 0 0
32.747 0x2B main_weld 1 1 1 1 223 23.9 8.4 190 23.5 0 0 0
32.791 0x2B main_weld 1 1 1 1 223 23.4 8.4 190 23.5 0 0 0
32.825 0x2B main_weld 1 1 1 1 223 23.4 8.4 190 23.5 0 0 0
32.871 0x2B main_weld 1 1 1 1 223 23.4 8.4 190 23.5 0 0 0
32.908 0x2B main_weld 1 1 1 1 216 23.4 8.4 190 23.5 0 0 0
32.949 0x2B main_weld 1 1 1 1 216 23.4 8.4 190 23.5 0 0 0
32.989 0x2B main_weld 1 1 1 1 216 23.3 8.4 190 23.5 0 0 0
33.029 0x2B main_weld 1 1 1 1 216 23.3 8.4 190 23.5 0 0 0
33.068 0x2B main_weld 1 1 1 1 216 23.2 8.4 190 23.5 0 0 0
33.106 0x2B main_weld 1 1 1 1 225 23.2 8.4 190 23.5 0 0 0
33.150 0x2B main_weld 1 1 1 1 225 23.2 8.4 190 23.5 0 0 0
33.189 0x2B main_weld 1 1 1 1 225 23.2 8.4 190 23.5 0 0 0
33.227 0x2B main_weld 1 1 1 1 225 23.2 8.4 190 23.5 0 0 0
33.268 0x2B main_weld 1 1 1 1 225 23.1 8.4 190 23.5 0 0 0
33.310 0x2B main_weld 1 1 1 1 225 23.1 8.4 190 23.5 0 0 0
33.362 0x2B main_weld 1 1 1 1 225 23.1 8.4 190 23.5 0 0 0
33.387 0x28 idle 0 1 0 1 225 23.1 8.4 190 23.5 0 0 0
33.429 0x28 idle 0 1 0 1 225 23.2 8.4 190 23.5 0 0 0
33.465 0x28 idle 0 1 0 1 213 23.2 8.4 190 23.5 0 0 0
33.509 0x28 idle 0 1 0 1 213 23.2 8.4 190 23.5 0 0 0
33.545 0x28 idle 0 1 0 1 213 23.2 8.4 190 23.5 0 0 0
33.588 0x28 idle 0 1 0 1 213 23.2 8.4 190 23.5 0 0 0
33.627 0x28 idle 0 1 0 1 67 41.9 8.4 190 23.5 0 0 0
33.666 0x28 idle 0 1 0 1 67 41.9 8.4 190 23.5 0 0 0
33.706 0x28 idle 0 1 0 1 67 41.9 8.4 190 23.5 0 0 0
33.747 0x28 idle 0 1 0 1 67 41.9 8.4 190 23.5 0 0 0
33.784 0x28 idle 0 1 0 1 67 61.6 8.4 190 23.5 0 0 0
33.831 0x28 idle 0 1 0 1 0 61.6 8.4 190 23.5 0 0 0
33.868 0x28 idle 0 1 0 1 0 61.6 8.4 190 23.5 0 0 0
33.909 0x28 idle 0 1 0 1 0 61.6 8.4 190 23.5 0 0 0
33.944 0x28 idle 0 1 0 1 0 61.6 8.4 190 23.5 0 0 0
33.989 0x28 idle 0 1 0 1 0 13.9 8.4 190 23.5 0 0 0
34.027 0x28 idle 0 1 0 1 0 13.9 8.4 190 23.5 0 0 0
34.070 0x28 idle 0 1 0 1 0 3.0 8.4 190 23.5 0 0 0
34.104 0x28 idle 0 1 0 1 0 3.0 8.4 190 23.5 0 0 0
34.150 0x28 idle 0 1 0 1 0 3.0 8.4 190 23.5 0 0 0
34.188 0x28 idle 0 1 0 1 0 3.0 8.4 190 23.5 0 0 0
34.227 0x28 idle 0 1 0 1 0 3.0 8.4 190 23.5 0 0 0
34.267 0x08 idle 0 1 0 0 0 3.0 8.4 190 23.5 0 0 0
34.314 0x08 idle 0 1 0 0 0 3.0 0.0 190 23.5 0 0 0
34.349 0x08 idle 0 1 0 0 0 0.0 0.0 190 23.5 0 0 0
34.392 0x08 idle 0 1 0 0 0 0.0 0.0 190 23.5 0 0 0
34.428 0x08 idle 0 1 0 0 0 0.0 0.0 190 23.5 0 0 0
34.468 0x08 idle 0 1 0 0 0 0.0 0.0 190 23.5 0 0 0
34.511 0x08 idle 0 1 0 0 0 0.0 0.0 190 23.5 0 0 0
34.548 0x08 idle 0 1 0 0 0 0.0 0.0 190 23.5 0 0 0
34.588 0x08 idle 0 1 0 0 0 0.0 0.0 190 23.5 0 0 0
34.630 0x08 idle 0 1 0 0 0 0.0 0.0 190 23.5 0 0 0
34.668 0x08 idle 0 1 0 0 0 0.0 0.0 190 23.5 0 0 0
34.707 0x08 idle 0 1 0 0 0 0.0 0.0 190 23.5 0 0 0
34.746 0x08 idle 0 1 0 0 0 0.0 0.0 190 23.5 0 0 0
34.790 0x08 idle 0 1 0 0 0 0.0 0.0 190 23.5 0 0 0
34.830 0x08 idle 0 1 0 0 0 0.0 0.0 190 23.5 0 0 0
34.865 0x08 idle 0 1 0 0 0 0.0 0.0 190 23.5 0 0 0
34.904 0x08 idle 0 1 0 0 0 0.0 0.0 190 23.5 0 0 0
34.948 0x08 idle 0 1 0 0 0 0.0 0.0 190 23.5 0 0 0
34.986 0x08 idle 0 1 0 0 0 0.0 0.0 190 23.5 0 0 0
35.038 0x08 idle 0 1 0 0 0 0.0 0.0 190 23.5 0 0 0
35.069 0x08 idle 0 1 0 0 0 0.0 0.0 190 23.5 0 0 0
35.105 0x08 idle 0 1 0 0 0 0.0 0.0 190 23.5 0 0 0
35.159 0x08 idle 0 1 0 0 0 0.0 0.0 190 23.5 0 0 0
35.186 0x08 idle 0 1 0 0 0 0.0 0.0 190 23.5 0 0 0
35.231 0x08 idle 0 1 0 0 0 0.0 0.0 190 23.5 0 0 0
35.265 0x08 idle 0 1 0 0 0 0.0 0.0 190 23.5 0 0 0
35.305 0x08 idle 0 1 0 0 0 0.0 0.0 190 23.5 0 0 0
35.347 0x08 idle 0 1 0 0 0 0.0 0.0 190 23.5 0 0 0
35.387 0x08 idle 0 1 0 0 0 0.0 0.0 190 23.5 0 0 0
35.432 0x08 idle 0 1 0 0 0 0.0 0.0 190 23.5 0 0 0
35.465 0x08 idle 0 1 0 0 0 0.0 0.0 190 23.5 0 0 0
35.513 0x08 idle 0 1 0 0 0 0.0 0.0 190 23.5 0 0 0
35.547 0x08 idle 0 1 0 0 0 0.0 0.0 190 23.5 0 0 0
35.588 0x08 idle 0 1 0 0 0 0.0 0.0 190 23.5 0 0 0
35.628 0x08 idle 0 1 0 0 0 0.0 0.0 190 23.5 0 0 0
35.668 0x08 idle 0 1 0 0 0 0.0 0.0 190 23.5 0 0 0
35.716 0x08 idle 0 1 0 0 0 0.0 0.0 190 23.5 0 0 0
35.750 0x08 idle 0 1 0 0 0 0.0 0.0 190 23.5 0 0 0
35.795 0x08 idle 0 1 0 0 0 0.0 0.0 190 23.5 0 0 0
35.831 0x08 idle 0 1 0 0 0 0.0 0.0 190 23.5 0 0 0
35.870 0x08 idle 0 1 0 0 0 0.0 0.0 190 23.5 0 0 0
35.910 0x08 idle 0 1 0 0 0 0.0 0.0 190 23.5 0 0 0
35.947 0x08 idle 0 1 0 0 0 0.0 0.0 190 23.5 0 0 0
35.984 0x08 idle 0 1 0 0 0 0.0 0.0 190 23.5 0 0 0
36.024 0x08 idle 0 1 0 0 0 0.0 0.0 190 23.5 0 0 0
36.075 0x08 idle 0 1 0 0 0 0.0 0.0 190 23.5 0 0 0
36.106 0x08 idle 0 1 0 0 0 0.0 0.0 190 23.5 0 0 0
36.149 0x08 idle 0 1 0 0 0 0.0 0.0 190 23.5 0 0 0
36.190 0x08 idle 0 1 0 0 0 0.0 0.0 190 23.5 0 0 0
36.230 0x08 idle 0 1 0 0 0 0.0 0.0 190 23.5 0 0 0
36.273 0x08 idle 0 1 0 0 0 0.0 0.0 190 23.5 0 0 0
36.305 0x08 idle 0 1 0 0 0 0.0 0.0 190 23.5 0 0 0
36.349 0x08 idle 0 1 0 0 0 0.0 0.0 190 23.5 0 0 0
36.389 0x08 idle 0 1 0 0 0 0.0 0.0 190 23.5 0 0 0
36.428 0x08 idle 0 1 0 0 0 0.0 0.0 190 23.5 0 0 0
36.470 0x08 idle 0 1 0 0 0 0.0 0.0 190 23.5 0 0 0
36.509 0x08 idle 0 1 0 0 0 0.0 0.0 190 23.5 0 0 0
36.550 0x08 idle 0 1 0 0 0 0.0 0.0 190 23.5 0 0 0
36.584 0x08 idle 0 1 0 0 0 0.0 0.0 190 23.5 0 0 0
36.626 0x00 idle 0 0 0 0 0 0.0 0.0 190 23.5 0 0 0

[tcp_trajectory]
elapsed_s x_m y_m z_m qx qy qz qw speed_m_s tf_stamp_s along_mm remaining_mm cross_track_mm progress waypoint phase
0.0020 0.1583430 -1.6812073 0.6738904 -0.37702396 0.68367717 -0.51935619 -0.34743001 0.000000 1789528512.706508160 0.076 56.222 0.469 0.00000 -1 ACTUAL_TF
0.0406 0.1583262 -1.6813747 0.6738186 -0.37703178 0.68367374 -0.51934974 -0.34743791 0.003278 1789528512.762313604 0.062 56.236 0.287 0.00000 -1 ACTUAL_TF
0.1079 0.1583239 -1.6814755 0.6737985 -0.37701943 0.68367204 -0.51935843 -0.34744167 0.002845 1789528512.818330050 0.061 56.237 0.189 0.00000 -1 ACTUAL_TF
0.1588 0.1583191 -1.6815360 0.6737743 -0.37701632 0.68367351 -0.51935876 -0.34744165 0.002341 1789528512.874353170 0.057 56.241 0.126 0.00000 -1 ACTUAL_TF
0.2110 0.1583181 -1.6815711 0.6737626 -0.37701514 0.68367379 -0.51935876 -0.34744238 0.001837 1789528512.930468321 0.057 56.241 0.093 0.00000 -1 ACTUAL_TF
0.2719 0.1583066 -1.6815883 0.6737506 -0.37701811 0.68367432 -0.51935372 -0.34744565 0.001414 1789528512.986451387 0.046 56.253 0.073 0.00000 -1 ACTUAL_TF
0.3257 0.1583057 -1.6816061 0.6737497 -0.37701624 0.68367381 -0.51935524 -0.34744642 0.001086 1789528513.042321444 0.045 56.253 0.063 0.00000 -1 ACTUAL_TF
0.3825 0.1583003 -1.6816126 0.6737414 -0.37701746 0.68367475 -0.51935226 -0.34744770 0.000823 1789528513.098563910 0.040 56.259 0.053 0.00000 -1 ACTUAL_TF
0.4330 0.1582951 -1.6816183 0.6737412 -0.37701707 0.68367523 -0.51935127 -0.34744865 0.000618 1789528513.154398680 0.035 56.264 0.051 0.00000 -1 ACTUAL_TF
0.4968 0.1582902 -1.6816196 0.6737363 -0.37701900 0.68367555 -0.51934807 -0.34745072 0.000470 1789528513.210490465 0.030 56.269 0.046 0.00000 -1 ACTUAL_TF
0.5465 0.1582874 -1.6816203 0.6737348 -0.37701960 0.68367652 -0.51934688 -0.34744993 0.000346 1789528513.266540051 0.027 56.271 0.044 0.00000 -1 ACTUAL_TF
0.6112 0.1582830 -1.6816225 0.6737316 -0.37701964 0.68367650 -0.51934556 -0.34745190 0.000274 1789528513.323248148 0.022 56.276 0.041 0.00000 -1 ACTUAL_TF
0.6616 0.1582850 -1.6816251 0.6737314 -0.37702040 0.68367639 -0.51934518 -0.34745186 0.000210 1789528513.378399849 0.024 56.274 0.040 0.00000 -1 ACTUAL_TF
0.7115 0.1582806 -1.6816267 0.6737314 -0.37701913 0.68367709 -0.51934453 -0.34745283 0.000172 1789528513.434364796 0.020 56.278 0.040 0.00000 -1 ACTUAL_TF
0.7682 0.1582802 -1.6816240 0.6737267 -0.37702153 0.68367680 -0.51934368 -0.34745206 0.000149 1789528513.490375996 0.020 56.279 0.036 0.00000 -1 ACTUAL_TF
0.8264 0.1582752 -1.6816248 0.6737252 -0.37702066 0.68367861 -0.51934175 -0.34745233 0.000132 1789528513.546352863 0.015 56.284 0.034 0.00000 -1 ACTUAL_TF
0.8790 0.1582730 -1.6816332 0.6737083 -0.37702091 0.68369057 -0.51933043 -0.34744544 0.000194 1789528513.602391243 0.012 56.286 0.017 0.00000 -1 ACTUAL_TF
0.9364 0.1582669 -1.6816300 0.6737005 -0.37702195 0.68369378 -0.51932586 -0.34744485 0.000192 1789528513.658434391 0.006 56.292 0.009 0.00000 -1 ACTUAL_TF
1.0007 0.1582619 -1.6816315 0.6737005 -0.37702195 0.68369378 -0.51932456 -0.34744679 0.000162 1789528513.714341879 0.001 56.297 0.009 0.00000 -1 ACTUAL_TF
1.0474 0.1582556 -1.6816302 0.6736960 -0.37702175 0.68369491 -0.51932247 -0.34744789 0.000155 1789528513.770396471 -0.005 56.303 0.004 0.00000 -1 ACTUAL_TF
1.1068 0.1582582 -1.6816329 0.6736958 -0.37702122 0.68369547 -0.51932278 -0.34744691 0.000129 1789528513.826419592 -0.002 56.301 0.005 0.00000 -1 ACTUAL_TF
1.2174 0.1582579 -1.6816310 0.6736927 -0.37702373 0.68369679 -0.51931968 -0.34744622 0.000100 1789528513.938444138 -0.003 56.301 0.001 0.00000 -1 ACTUAL_TF
1.2729 0.1582577 -1.6816282 0.6736879 -0.37702680 0.68369919 -0.51931537 -0.34744462 0.000100 1789528513.994389057 -0.003 56.301 0.004 0.00000 -1 ACTUAL_TF
1.3337 0.1582609 -1.6816306 0.6736827 -0.37703279 0.68370053 -0.51930961 -0.34744408 0.000105 1789528514.050439119 0.000 56.298 0.009 0.00000 -1 ACTUAL_TF
1.3921 0.1582675 -1.6816379 0.6736770 -0.37704162 0.68370097 -0.51930239 -0.34744442 0.000135 1789528514.106402636 0.007 56.291 0.016 0.00000 -1 ACTUAL_TF
1.4410 0.1582538 -1.6816391 0.6736521 -0.37708942 0.68369642 -0.51926170 -0.34746232 0.000246 1789528514.162450790 -0.007 56.305 0.040 0.00000 -1 ACTUAL_TF
1.4969 0.1582581 -1.6816526 0.6736377 -0.37710109 0.68370299 -0.51924589 -0.34746035 0.000281 1789528514.218388557 -0.003 56.301 0.058 0.00000 -1 ACTUAL_TF
1.5553 0.1582590 -1.6816662 0.6736119 -0.37712629 0.68371213 -0.51921559 -0.34746031 0.000353 1789528514.274445534 -0.002 56.300 0.087 0.00000 -1 ACTUAL_TF
1.6120 0.1582606 -1.6817014 0.6736119 -0.37713960 0.68371723 -0.51919673 -0.34746400 0.000436 1789528514.330346107 0.001 56.298 0.107 0.00000 -1 ACTUAL_TF
1.6676 0.1582683 -1.6817544 0.6736387 -0.37716793 0.68372284 -0.51916277 -0.34747295 0.000625 1789528514.386444569 0.009 56.289 0.134 0.00000 -1 ACTUAL_TF
1.7251 0.1583213 -1.6818468 0.6737164 -0.37717185 0.68372725 -0.51915800 -0.34746715 0.001145 1789528514.442391634 0.064 56.234 0.216 0.00000 -1 ACTUAL_TF
1.7809 0.1583515 -1.6819496 0.6738018 -0.37717932 0.68372895 -0.51914450 -0.34747585 0.001536 1789528514.498407364 0.097 56.201 0.336 0.00000 -1 ACTUAL_TF
1.8379 0.1584140 -1.6820566 0.6739090 -0.37717571 0.68372388 -0.51915214 -0.34747833 0.001953 1789528514.554374456 0.162 56.136 0.475 0.00000 -1 ACTUAL_TF
1.8964 0.1584854 -1.6821728 0.6740244 -0.37717816 0.68372877 -0.51914695 -0.34747382 0.002325 1789528514.610317945 0.236 56.062 0.632 0.00000 -1 ACTUAL_TF
1.9461 0.1585561 -1.6822862 0.6741368 -0.37718049 0.68372778 -0.51914412 -0.34747744 0.002561 1789528514.666381836 0.310 55.989 0.787 0.00000 -1 ACTUAL_TF
2.0021 0.1586362 -1.6824011 0.6742538 -0.37716938 0.68373017 -0.51915215 -0.34747281 0.002771 1789528514.722385168 0.392 55.906 0.947 0.00000 -1 ACTUAL_TF
2.0560 0.1587009 -1.6825050 0.6743541 -0.37715872 0.68373224 -0.51915498 -0.34747608 0.002788 1789528514.778375149 0.460 55.839 1.089 0.00000 -1 ACTUAL_TF
2.1121 0.1587515 -1.6825911 0.6744387 -0.37714496 0.68373488 -0.51915857 -0.34748047 0.002653 1789528514.834344387 0.512 55.786 1.208 0.00000 -1 ACTUAL_TF
2.1690 0.1587959 -1.6826761 0.6745135 -0.37712968 0.68374117 -0.51915570 -0.34748895 0.002508 1789528514.890399218 0.559 55.740 1.320 0.00000 -1 ACTUAL_TF
2.2264 0.1588378 -1.6827327 0.6745583 -0.37711790 0.68374800 -0.51915245 -0.34749316 0.002202 1789528514.946409464 0.602 55.696 1.392 0.00000 -1 ACTUAL_TF
2.2851 0.1589218 -1.6827864 0.6746167 -0.37710692 0.68374586 -0.51916068 -0.34749699 0.002162 1789528515.002343655 0.687 55.611 1.469 0.00000 -1 ACTUAL_TF
2.3413 0.1589924 -1.6828158 0.6746483 -0.37710024 0.68374674 -0.51916377 -0.34749788 0.001956 1789528515.058391333 0.758 55.540 1.510 0.00000 -1 ACTUAL_TF
2.3981 0.1590807 -1.6828490 0.6746838 -0.37709275 0.68374498 -0.51917001 -0.34750015 0.001909 1789528515.114445210 0.847 55.451 1.557 0.00000 -1 ACTUAL_TF
2.4508 0.1591691 -1.6828602 0.6746998 -0.37709115 0.68374502 -0.51917111 -0.34750017 0.001821 1789528515.170386076 0.936 55.362 1.574 0.00000 -1 ACTUAL_TF
2.5060 0.1592742 -1.6828607 0.6747132 -0.37709399 0.68373887 -0.51917996 -0.34749597 0.001842 1789528515.226483583 1.041 55.257 1.581 0.00000 -1 ACTUAL_TF
2.5598 0.1593859 -1.6828660 0.6747303 -0.37708418 0.68373689 -0.51918977 -0.34749585 0.001896 1789528515.282429695 1.153 55.145 1.594 0.00000 -1 ACTUAL_TF
2.6193 0.1594880 -1.6828677 0.6747403 -0.37707518 0.68373471 -0.51919966 -0.34749514 0.001877 1789528515.338450432 1.255 55.043 1.600 0.00000 -1 ACTUAL_TF
2.6783 0.1596477 -1.6828666 0.6747631 -0.37706591 0.68372505 -0.51922259 -0.34748995 0.002179 1789528515.394399166 1.415 54.883 1.611 0.00000 -1 ACTUAL_TF
2.7345 0.1597614 -1.6828619 0.6747774 -0.37704731 0.68372441 -0.51923604 -0.34749128 0.002140 1789528515.450387955 1.529 54.769 1.615 0.00000 -1 ACTUAL_TF
2.7909 0.1599379 -1.6828484 0.6748000 -0.37703071 0.68371605 -0.51926171 -0.34748739 0.002454 1789528515.506405830 1.705 54.593 1.618 0.00000 -1 ACTUAL_TF
2.8460 0.1601278 -1.6828337 0.6748238 -0.37701306 0.68370727 -0.51929021 -0.34748123 0.002746 1789528515.562412024 1.895 54.403 1.620 0.00000 -1 ACTUAL_TF
2.9061 0.1603115 -1.6828142 0.6748440 -0.37700527 0.68369594 -0.51931890 -0.34746909 0.002918 1789528515.618392706 2.078 54.220 1.617 0.00000 -1 ACTUAL_TF
2.9521 0.1605197 -1.6827950 0.6748656 -0.37698514 0.68368766 -0.51934949 -0.34746150 0.003165 1789528515.674535275 2.286 54.012 1.615 0.00000 -1 ACTUAL_TF
3.0142 0.1606900 -1.6827613 0.6748627 -0.37698011 0.68368013 -0.51936939 -0.34745203 0.003142 1789528515.730785370 2.456 53.842 1.587 0.00000 -1 ACTUAL_TF
3.0628 0.1608730 -1.6826872 0.6748085 -0.37698359 0.68367762 -0.51937543 -0.34744416 0.003303 1789528515.786442518 2.637 53.661 1.494 0.00000 -1 ACTUAL_TF
3.1199 0.1609766 -1.6826053 0.6747247 -0.37698678 0.68368561 -0.51936083 -0.34744679 0.003151 1789528515.842358351 2.739 53.559 1.375 0.00000 -1 ACTUAL_TF
3.1758 0.1611184 -1.6825123 0.6746312 -0.37699482 0.68368831 -0.51935188 -0.34744614 0.003242 1789528515.898448944 2.879 53.420 1.241 0.00000 -1 ACTUAL_TF
3.2354 0.1612373 -1.6824176 0.6745373 -0.37701356 0.68368762 -0.51934160 -0.34744255 0.003225 1789528515.954507113 2.995 53.303 1.106 0.00000 -1 ACTUAL_TF
3.2932 0.1613606 -1.6822976 0.6744043 -0.37703284 0.68369186 -0.51932097 -0.34744410 0.003424 1789528516.010421038 3.116 53.183 0.925 0.00000 -1 ACTUAL_TF
3.3484 0.1614911 -1.6821869 0.6742918 -0.37705469 0.68368838 -0.51931023 -0.34744331 0.003494 1789528516.066432238 3.243 53.055 0.765 0.00000 -1 ACTUAL_TF
3.4060 0.1615808 -1.6821125 0.6742242 -0.37705979 0.68366405 -0.51932433 -0.34746456 0.003163 1789528516.122823238 3.331 52.967 0.664 0.00000 -1 ACTUAL_TF
3.4552 0.1616944 -1.6820180 0.6741303 -0.37707139 0.68366172 -0.51931597 -0.34746906 0.003157 1789528516.178508520 3.443 52.856 0.530 0.00000 -1 ACTUAL_TF
3.5114 0.1617714 -1.6819337 0.6740386 -0.37707876 0.68366523 -0.51930306 -0.34747344 0.002997 1789528516.234350920 3.518 52.781 0.404 0.00000 -1 ACTUAL_TF
3.5675 0.1618803 -1.6818347 0.6739344 -0.37709252 0.68366196 -0.51929545 -0.34747631 0.003062 1789528516.290421963 3.624 52.674 0.261 0.00000 -1 ACTUAL_TF
3.6252 0.1619595 -1.6817449 0.6738437 -0.37710278 0.68365146 -0.51929480 -0.34748681 0.002948 1789528516.346469641 3.701 52.597 0.137 0.00000 -1 ACTUAL_TF
3.6859 0.1620348 -1.6816308 0.6737203 -0.37711013 0.68364773 -0.51928339 -0.34750323 0.003051 1789528516.402419329 3.774 52.525 0.065 0.00000 -1 ACTUAL_TF
3.7414 0.1621175 -1.6815278 0.6736095 -0.37711711 0.68364755 -0.51927944 -0.34750190 0.003059 1789528516.458453894 3.854 52.444 0.201 0.00000 -1 ACTUAL_TF
3.7995 0.1622162 -1.6813907 0.6734657 -0.37707830 0.68366915 -0.51929750 -0.34747453 0.003330 1789528516.514425993 3.949 52.349 0.398 0.00000 -1 ACTUAL_TF
3.8467 0.1622956 -1.6812452 0.6733094 -0.37709160 0.68366709 -0.51928537 -0.34748228 0.003551 1789528516.570422888 4.025 52.273 0.612 0.00000 -1 ACTUAL_TF
3.9050 0.1623523 -1.6811204 0.6731737 -0.37709063 0.68366658 -0.51928125 -0.34749050 0.003519 1789528516.626452208 4.079 52.220 0.796 0.00000 -1 ACTUAL_TF
3.9617 0.1624343 -1.6809580 0.6730075 -0.37708617 0.68367088 -0.51928155 -0.34748643 0.003779 1789528516.682616472 4.157 52.142 1.030 0.00000 -1 ACTUAL_TF
4.0189 0.1625076 -1.6808296 0.6728734 -0.37708459 0.68366937 -0.51928380 -0.34748775 0.003719 1789528516.738399506 4.227 52.071 1.217 0.00000 -1 ACTUAL_TF
4.0781 0.1626155 -1.6806904 0.6727457 -0.37707854 0.68366196 -0.51930034 -0.34748419 0.003769 1789528516.794400692 4.332 51.967 1.407 0.00000 -1 ACTUAL_TF
4.1252 0.1626980 -1.6805613 0.6726180 -0.37708483 0.68366195 -0.51930033 -0.34747739 0.003707 1789528516.850360394 4.411 51.887 1.590 0.00000 -1 ACTUAL_TF
4.1816 0.1627863 -1.6804304 0.6724867 -0.37707515 0.68366259 -0.51930731 -0.34747620 0.003696 1789528516.906333208 4.496 51.802 1.777 0.00000 -1 ACTUAL_TF
4.2393 0.1628585 -1.6803215 0.6723786 -0.37707461 0.68366384 -0.51930953 -0.34747103 0.003495 1789528516.962357521 4.566 51.733 1.932 0.00000 -1 ACTUAL_TF
4.2999 0.1629352 -1.6802250 0.6722807 -0.37706320 0.68366000 -0.51931883 -0.34747704 0.003290 1789528517.018341064 4.640 51.658 2.070 0.00000 -1 ACTUAL_TF
4.3564 0.1630326 -1.6801241 0.6721824 -0.37706162 0.68365973 -0.51932301 -0.34747305 0.003220 1789528517.074358225 4.735 51.563 2.213 0.00000 -1 ACTUAL_TF
4.4148 0.1631081 -1.6800621 0.6721222 -0.37705602 0.68366053 -0.51932689 -0.34747176 0.002869 1789528517.130368948 4.809 51.489 2.301 0.00000 -1 ACTUAL_TF
4.4713 0.1632047 -1.6800014 0.6720612 -0.37705388 0.68366040 -0.51933148 -0.34746746 0.002701 1789528517.186424255 4.904 51.394 2.388 0.00000 -1 ACTUAL_TF
4.5221 0.1632808 -1.6799632 0.6720202 -0.37705156 0.68366046 -0.51933345 -0.34746694 0.002397 1789528517.242387056 4.979 51.319 2.446 0.00000 -1 ACTUAL_TF
4.5756 0.1633840 -1.6799385 0.6719983 -0.37704494 0.68365831 -0.51934320 -0.34746378 0.002258 1789528517.298457384 5.082 51.216 2.480 0.00000 -1 ACTUAL_TF
4.6341 0.1634667 -1.6799246 0.6719926 -0.37703930 0.68365577 -0.51935259 -0.34746086 0.002031 1789528517.354380131 5.164 51.134 2.496 0.00000 -1 ACTUAL_TF
4.6932 0.1635762 -1.6799250 0.6719948 -0.37702713 0.68365065 -0.51937095 -0.34745668 0.002009 1789528517.410366297 5.274 51.024 2.496 0.00000 -1 ACTUAL_TF
4.7511 0.1636515 -1.6799329 0.6720053 -0.37701081 0.68364881 -0.51938504 -0.34745695 0.001815 1789528517.466361284 5.349 50.949 2.484 0.00000 -1 ACTUAL_TF
4.8027 0.1637381 -1.6799478 0.6720199 -0.37698966 0.68364657 -0.51940283 -0.34745771 0.001748 1789528517.522365332 5.436 50.862 2.465 0.00000 -1 ACTUAL_TF
4.8627 0.1638275 -1.6799708 0.6720374 -0.37697042 0.68364375 -0.51942269 -0.34745444 0.001727 1789528517.578321695 5.526 50.772 2.437 0.00000 -1 ACTUAL_TF
4.9131 0.1638832 -1.6799988 0.6720457 -0.37694873 0.68365009 -0.51943155 -0.34745227 0.001546 1789528517.634367228 5.582 50.716 2.413 0.00000 -1 ACTUAL_TF
4.9739 0.1639512 -1.6800057 0.6720028 -0.37695227 0.68368662 -0.51940116 -0.34742196 0.001514 1789528517.690393209 5.650 50.648 2.439 0.00000 -1 ACTUAL_TF
5.0247 0.1639888 -1.6800289 0.6719892 -0.37695205 0.68369993 -0.51938652 -0.34741791 0.001307 1789528517.746405602 5.688 50.610 2.433 0.00000 -1 ACTUAL_TF
5.0822 0.1640248 -1.6800627 0.6719722 -0.37700253 0.68369723 -0.51933980 -0.34743830 0.001195 1789528517.802353144 5.725 50.574 2.422 0.00000 -1 ACTUAL_TF
5.1384 0.1640629 -1.6801118 0.6719899 -0.37702262 0.68370701 -0.51931082 -0.34744056 0.001183 1789528517.858322859 5.764 50.535 2.376 0.00000 -1 ACTUAL_TF
5.1947 0.1641447 -1.6802227 0.6720789 -0.37703638 0.68371755 -0.51928976 -0.34743635 0.001706 1789528517.914379597 5.848 50.450 2.237 0.00000 -1 ACTUAL_TF
5.2545 0.1642269 -1.6803329 0.6721749 -0.37704227 0.68372028 -0.51928527 -0.34743131 0.002093 1789528517.970371723 5.933 50.366 2.093 0.00000 -1 ACTUAL_TF
5.3030 0.1643286 -1.6804749 0.6723194 -0.37705444 0.68371576 -0.51928192 -0.34743201 0.002677 1789528518.026474714 6.038 50.260 1.893 0.00000 -1 ACTUAL_TF
5.3615 0.1644478 -1.6806308 0.6724767 -0.37706033 0.68372128 -0.51927770 -0.34742106 0.003222 1789528518.082453728 6.161 50.137 1.674 0.00000 -1 ACTUAL_TF
5.4205 0.1645405 -1.6807698 0.6726218 -0.37706963 0.68370901 -0.51928114 -0.34742996 0.003440 1789528518.138500452 6.257 50.042 1.474 0.00000 -1 ACTUAL_TF
5.4786 0.1646578 -1.6809325 0.6727868 -0.37706481 0.68371104 -0.51928603 -0.34742390 0.003800 1789528518.194460630 6.378 49.920 1.245 0.00000 -1 ACTUAL_TF
5.5278 0.1647431 -1.6810525 0.6729043 -0.37706901 0.68371665 -0.51927727 -0.34742139 0.003669 1789528518.250460148 6.466 49.832 1.079 0.00000 -1 ACTUAL_TF
5.5844 0.1648397 -1.6811984 0.6730566 -0.37706383 0.68371511 -0.51928059 -0.34742507 0.003813 1789528518.306384802 6.566 49.732 0.871 0.00000 -1 ACTUAL_TF
5.6429 0.1649270 -1.6813300 0.6731896 -0.37704971 0.68371767 -0.51928744 -0.34742512 0.003775 1789528518.362369776 6.657 49.642 0.686 0.00000 -1 ACTUAL_TF
5.7008 0.1650160 -1.6814670 0.6733233 -0.37703942 0.68372357 -0.51928578 -0.34742716 0.003773 1789528518.418411016 6.749 49.549 0.499 0.00000 -1 ACTUAL_TF
5.7554 0.1651096 -1.6815950 0.6734462 -0.37703170 0.68372879 -0.51928175 -0.34743129 0.003716 1789528518.474410534 6.845 49.453 0.329 0.00000 -1 ACTUAL_TF
5.8125 0.1652087 -1.6817028 0.6735565 -0.37702181 0.68372828 -0.51929085 -0.34742943 0.003583 1789528518.530438423 6.947 49.351 0.187 0.00000 -1 ACTUAL_TF
5.8640 0.1653247 -1.6818109 0.6736656 -0.37702920 0.68372839 -0.51928431 -0.34743096 0.003539 1789528518.586436749 7.066 49.233 0.093 0.00000 -1 ACTUAL_TF
5.9257 0.1654362 -1.6819140 0.6737761 -0.37702063 0.68372716 -0.51929545 -0.34742604 0.003485 1789528518.642366409 7.180 49.119 0.164 0.00000 -1 ACTUAL_TF
5.9799 0.1655647 -1.6820346 0.6739002 -0.37702117 0.68372421 -0.51929795 -0.34742752 0.003583 1789528518.698897600 7.311 48.987 0.321 0.00000 -1 ACTUAL_TF
6.0447 0.1656795 -1.6821553 0.6740203 -0.37701751 0.68372118 -0.51930353 -0.34742911 0.003616 1789528518.754497528 7.429 48.869 0.485 0.00000 -1 ACTUAL_TF
6.0942 0.1658091 -1.6822839 0.6741449 -0.37702241 0.68372161 -0.51929571 -0.34743462 0.003719 1789528518.810350418 7.561 48.737 0.660 0.00000 -1 ACTUAL_TF
6.1431 0.1659319 -1.6823975 0.6742619 -0.37702705 0.68371374 -0.51929975 -0.34743905 0.003696 1789528518.866398811 7.687 48.611 0.820 0.00000 -1 ACTUAL_TF
6.2005 0.1660725 -1.6825327 0.6744001 -0.37702935 0.68371556 -0.51929417 -0.34744132 0.003867 1789528518.922451258 7.831 48.468 1.010 0.00000 -1 ACTUAL_TF
6.2580 0.1662160 -1.6826638 0.6745341 -0.37702231 0.68371749 -0.51929748 -0.34744021 0.003972 1789528518.978436470 7.977 48.321 1.194 0.00000 -1 ACTUAL_TF
6.3171 0.1663377 -1.6827689 0.6746472 -0.37702047 0.68370795 -0.51930732 -0.34744627 0.003834 1789528519.034390450 8.102 48.197 1.346 0.00000 -1 ACTUAL_TF
6.3769 0.1664927 -1.6828780 0.6747599 -0.37702234 0.68371154 -0.51930737 -0.34743709 0.003866 1789528519.090361595 8.259 48.039 1.500 0.00000 -1 ACTUAL_TF
6.4254 0.1666052 -1.6829770 0.6748640 -0.37701415 0.68370468 -0.51931641 -0.34744598 0.003682 1789528519.146432638 8.374 47.924 1.641 0.00000 -1 ACTUAL_TF
6.4925 0.1667551 -1.6830681 0.6749590 -0.37701031 0.68370062 -0.51932462 -0.34744587 0.003646 1789528519.202445030 8.526 47.772 1.770 0.00000 -1 ACTUAL_TF
6.5431 0.1668480 -1.6830870 0.6749689 -0.37702612 0.68370561 -0.51930617 -0.34744647 0.003062 1789528519.258483648 8.619 47.679 1.789 0.00000 -1 ACTUAL_TF
6.5958 0.1669695 -1.6831308 0.6750054 -0.37702098 0.68370290 -0.51931150 -0.34744942 0.002863 1789528519.314477444 8.742 47.556 1.844 0.00000 -1 ACTUAL_TF
6.6482 0.1670639 -1.6831426 0.6750228 -0.37701962 0.68370192 -0.51931358 -0.34744970 0.002522 1789528519.370458126 8.837 47.462 1.863 0.00000 -1 ACTUAL_TF
6.7073 0.1671759 -1.6831527 0.6750376 -0.37702450 0.68369438 -0.51931378 -0.34745896 0.002373 1789528519.426509142 8.949 47.349 1.878 0.00000 -1 ACTUAL_TF
6.7645 0.1672973 -1.6831575 0.6750480 -0.37701917 0.68369046 -0.51932247 -0.34745945 0.002315 1789528519.482443571 9.070 47.228 1.887 0.00000 -1 ACTUAL_TF
6.8175 0.1674147 -1.6831566 0.6750593 -0.37701173 0.68368663 -0.51933516 -0.34745609 0.002252 1789528519.538470030 9.188 47.111 1.892 0.00000 -1 ACTUAL_TF
6.8749 0.1675356 -1.6831443 0.6750692 -0.37700578 0.68368289 -0.51934598 -0.34745374 0.002230 1789528519.594457150 9.309 46.990 1.888 0.00000 -1 ACTUAL_TF
6.9353 0.1676445 -1.6831321 0.6750797 -0.37699709 0.68367992 -0.51935831 -0.34745057 0.002150 1789528519.650460243 9.417 46.881 1.885 0.00000 -1 ACTUAL_TF
6.9912 0.1677768 -1.6831239 0.6750973 -0.37698366 0.68367386 -0.51937876 -0.34744651 0.002223 1789528519.706418514 9.550 46.749 1.889 0.00000 -1 ACTUAL_TF
7.0433 0.1678797 -1.6831087 0.6751084 -0.37697447 0.68367044 -0.51939250 -0.34744267 0.002115 1789528519.762498379 9.652 46.646 1.885 0.00000 -1 ACTUAL_TF
7.1038 0.1680288 -1.6830853 0.6751233 -0.37696714 0.68366313 -0.51941328 -0.34743393 0.002292 1789528519.818585873 9.801 46.497 1.877 0.00000 -1 ACTUAL_TF
7.1565 0.1681386 -1.6830612 0.6751329 -0.37695920 0.68366019 -0.51942560 -0.34742992 0.002210 1789528519.874453545 9.910 46.388 1.866 0.00000 -1 ACTUAL_TF
7.2092 0.1682589 -1.6830063 0.6751069 -0.37696144 0.68365908 -0.51942889 -0.34742475 0.002270 1789528519.930398703 10.030 46.269 1.808 0.00000 -1 ACTUAL_TF
7.2705 0.1683414 -1.6829161 0.6750263 -0.37697520 0.68366348 -0.51941259 -0.34742553 0.002372 1789528519.986443043 10.110 46.188 1.686 0.00000 -1 ACTUAL_TF
7.3205 0.1683838 -1.6828141 0.6749108 -0.37699286 0.68366959 -0.51938595 -0.34743418 0.002518 1789528520.042366505 10.150 46.148 1.531 0.00000 -1 ACTUAL_TF
7.3898 0.1684409 -1.6826858 0.6747742 -0.37701985 0.68366545 -0.51936294 -0.34744744 0.002810 1789528520.098464012 10.204 46.094 1.343 0.00000 -1 ACTUAL_TF
7.4402 0.1684784 -1.6825765 0.6746583 -0.37703437 0.68365886 -0.51935116 -0.34746225 0.002845 1789528520.154392958 10.239 46.060 1.183 0.00000 -1 ACTUAL_TF
7.4887 0.1685445 -1.6824113 0.6744840 -0.37704551 0.68366390 -0.51933576 -0.34746328 0.003324 1789528520.210471869 10.301 45.998 0.943 0.00000 -1 ACTUAL_TF
7.5522 0.1686044 -1.6822864 0.6743467 -0.37704177 0.68366839 -0.51933826 -0.34745476 0.003364 1789528520.266901255 10.358 45.941 0.756 0.00000 -1 ACTUAL_TF
7.6016 0.1686766 -1.6821424 0.6742017 -0.37705497 0.68366456 -0.51933092 -0.34745893 0.003525 1789528520.322447777 10.426 45.872 0.552 0.00000 -1 ACTUAL_TF
7.6612 0.1687476 -1.6819900 0.6740426 -0.37704703 0.68367561 -0.51932784 -0.34745041 0.003709 1789528520.378396034 10.494 45.805 0.333 0.00000 -1 ACTUAL_TF
7.7113 0.1688053 -1.6818725 0.6739221 -0.37704305 0.68367764 -0.51932628 -0.34745307 0.003549 1789528520.434403658 10.549 45.750 0.171 0.00000 -1 ACTUAL_TF
7.7728 0.1688903 -1.6817244 0.6737741 -0.37705109 0.68367063 -0.51932923 -0.34745374 0.003694 1789528520.490449429 10.630 45.668 0.090 0.00000 -1 ACTUAL_TF
7.8283 0.1689652 -1.6815956 0.6736408 -0.37705015 0.68367609 -0.51932655 -0.34744800 0.003657 1789528520.546443224 10.702 45.597 0.251 0.00000 -1 ACTUAL_TF
7.8842 0.1690616 -1.6814607 0.6735058 -0.37705524 0.68367424 -0.51932759 -0.34744458 0.003707 1789528520.602333069 10.795 45.503 0.439 0.00000 -1 ACTUAL_TF
7.9404 0.1691371 -1.6813454 0.6733800 -0.37706523 0.68367045 -0.51932592 -0.34744369 0.003594 1789528520.658398151 10.868 45.431 0.609 0.00000 -1 ACTUAL_TF
7.9983 0.1692164 -1.6812122 0.6732404 -0.37707349 0.68367091 -0.51931746 -0.34744647 0.003632 1789528520.714482069 10.944 45.355 0.802 0.00000 -1 ACTUAL_TF
8.0470 0.1692985 -1.6811259 0.6731490 -0.37707095 0.68367077 -0.51931889 -0.34744736 0.003348 1789528520.770364761 11.024 45.275 0.928 0.00000 -1 ACTUAL_TF
8.1102 0.1693911 -1.6810152 0.6730348 -0.37707352 0.68367014 -0.51931786 -0.34744734 0.003330 1789528520.826352596 11.114 45.185 1.089 0.00000 -1 ACTUAL_TF
8.1605 0.1695058 -1.6809219 0.6729396 -0.37706666 0.68366750 -0.51932634 -0.34744730 0.003273 1789528520.882372856 11.226 45.072 1.224 0.00000 -1 ACTUAL_TF
8.2228 0.1695762 -1.6808448 0.6728605 -0.37705879 0.68367131 -0.51932400 -0.34745186 0.002993 1789528520.938331604 11.295 45.004 1.335 0.00000 -1 ACTUAL_TF
8.2747 0.1696880 -1.6807559 0.6727663 -0.37705435 0.68366945 -0.51932786 -0.34745456 0.003012 1789528520.994309902 11.404 44.894 1.466 0.00000 -1 ACTUAL_TF
8.3362 0.1698105 -1.6806654 0.6726805 -0.37706148 0.68366525 -0.51933238 -0.34744834 0.003044 1789528521.050388575 11.525 44.774 1.593 0.00000 -1 ACTUAL_TF
8.3891 0.1699579 -1.6805642 0.6725777 -0.37706031 0.68366644 -0.51933451 -0.34744407 0.003235 1789528521.106398582 11.669 44.629 1.740 0.00000 -1 ACTUAL_TF
8.4521 0.1700755 -1.6804837 0.6724888 -0.37705319 0.68367039 -0.51933397 -0.34744484 0.003165 1789528521.162384987 11.785 44.513 1.861 0.00000 -1 ACTUAL_TF
8.4947 0.1702405 -1.6803874 0.6723880 -0.37705246 0.68367006 -0.51933617 -0.34744300 0.003373 1789528521.218369722 11.948 44.351 2.003 0.00000 -1 ACTUAL_TF
8.5562 0.1703703 -1.6803371 0.6723385 -0.37704125 0.68367154 -0.51934185 -0.34744376 0.003153 1789528521.274326801 12.076 44.222 2.076 0.00000 -1 ACTUAL_TF
8.6116 0.1705213 -1.6802854 0.6722834 -0.37703226 0.68367124 -0.51934855 -0.34744411 0.003111 1789528521.330368519 12.226 44.072 2.154 0.00000 -1 ACTUAL_TF
8.6866 0.1706646 -1.6802583 0.6722562 -0.37701662 0.68367091 -0.51936104 -0.34744303 0.002969 1789528521.386609077 12.369 43.930 2.195 0.00000 -1 ACTUAL_TF
8.7287 0.1707840 -1.6802558 0.6722595 -0.37700187 0.68366650 -0.51938010 -0.34743923 0.002715 1789528521.442929983 12.488 43.810 2.197 0.00000 -1 ACTUAL_TF
8.7800 0.1708942 -1.6802787 0.6722771 -0.37697128 0.68366474 -0.51940324 -0.34744128 0.002517 1789528521.498314381 12.599 43.700 2.170 0.00000 -1 ACTUAL_TF
8.8340 0.1710018 -1.6803021 0.6722988 -0.37695029 0.68365971 -0.51942784 -0.34743720 0.002363 1789528521.554354429 12.707 43.591 2.140 0.00000 -1 ACTUAL_TF
8.8963 0.1710934 -1.6803349 0.6723167 -0.37692159 0.68366241 -0.51944640 -0.34743525 0.002185 1789528521.610286236 12.799 43.499 2.105 0.00000 -1 ACTUAL_TF
8.9530 0.1711537 -1.6803585 0.6723249 -0.37690507 0.68366609 -0.51945270 -0.34743653 0.001879 1789528521.666373968 12.860 43.438 2.083 0.00000 -1 ACTUAL_TF
9.0036 0.1712331 -1.6803596 0.6722736 -0.37692126 0.68370337 -0.51941157 -0.34740709 0.001819 1789528521.722571373 12.939 43.359 2.120 0.00000 -1 ACTUAL_TF
9.0608 0.1712557 -1.6803807 0.6722698 -0.37696303 0.68368521 -0.51938210 -0.34744157 0.001442 1789528521.778285742 12.962 43.336 2.108 0.00000 -1 ACTUAL_TF
9.1125 0.1713105 -1.6804092 0.6722533 -0.37697894 0.68370146 -0.51935302 -0.34743581 0.001351 1789528521.834453583 13.017 43.281 2.101 0.00000 -1 ACTUAL_TF
9.1682 0.1713719 -1.6804721 0.6722856 -0.37699377 0.68370822 -0.51933231 -0.34743736 0.001449 1789528521.890271902 13.080 43.219 2.036 0.00000 -1 ACTUAL_TF
9.2286 0.1714297 -1.6805525 0.6723480 -0.37700157 0.68371011 -0.51932412 -0.34743743 0.001638 1789528521.946503401 13.139 43.159 1.936 0.00000 -1 ACTUAL_TF
9.2832 0.1715053 -1.6806612 0.6724530 -0.37701070 0.68370388 -0.51932269 -0.34744191 0.002053 1789528522.002455235 13.217 43.081 1.787 0.00000 -1 ACTUAL_TF
9.3437 0.1715752 -1.6807462 0.6725355 -0.37702761 0.68370937 -0.51930808 -0.34743459 0.002173 1789528522.058498621 13.289 43.009 1.670 0.00000 -1 ACTUAL_TF
9.3983 0.1716833 -1.6808897 0.6726968 -0.37702818 0.68370008 -0.51932312 -0.34742979 0.002815 1789528522.114490986 13.401 42.897 1.456 0.00000 -1 ACTUAL_TF
9.4532 0.1717607 -1.6809959 0.6728150 -0.37706402 0.68368193 -0.51931428 -0.34743981 0.002918 1789528522.170476913 13.481 42.817 1.298 0.00000 -1 ACTUAL_TF
9.5055 0.1718717 -1.6811425 0.6729825 -0.37707206 0.68367481 -0.51932335 -0.34743153 0.003374 1789528522.226493359 13.596 42.703 1.078 0.00000 -1 ACTUAL_TF
9.5606 0.1719550 -1.6812977 0.6731487 -0.37707933 0.68366937 -0.51932532 -0.34743141 0.003661 1789528522.282423019 13.683 42.616 0.852 0.00000 -1 ACTUAL_TF
9.6207 0.1720233 -1.6814405 0.6733002 -0.37707722 0.68366688 -0.51933073 -0.34743051 0.003736 1789528522.338458538 13.754 42.544 0.645 0.00000 -1 ACTUAL_TF
9.6814 0.1721031 -1.6816146 0.6734893 -0.37707373 0.68366224 -0.51933862 -0.34743163 0.004058 1789528522.394422293 13.838 42.460 0.389 0.00000 -1 ACTUAL_TF
9.7323 0.1721729 -1.6817442 0.6736207 -0.37708007 0.68366097 -0.51933657 -0.34743032 0.003897 1789528522.450473547 13.911 42.387 0.206 0.00000 -1 ACTUAL_TF
9.7930 0.1722428 -1.6818892 0.6737635 -0.37707556 0.68366776 -0.51933332 -0.34742671 0.003881 1789528522.506429911 13.985 42.314 0.027 0.00000 -1 ACTUAL_TF
9.8459 0.1723066 -1.6820093 0.6738778 -0.37707726 0.68367228 -0.51932679 -0.34742573 0.003667 1789528522.562537909 14.051 42.247 0.165 0.00000 -1 ACTUAL_TF
9.9007 0.1723832 -1.6821342 0.6739975 -0.37708033 0.68368047 -0.51931527 -0.34742352 0.003581 1789528522.618506432 14.131 42.167 0.336 0.00000 -1 ACTUAL_TF
9.9545 0.1724538 -1.6822444 0.6741074 -0.37707198 0.68368270 -0.51931824 -0.34742374 0.003423 1789528522.674479246 14.204 42.094 0.490 0.00000 -1 ACTUAL_TF
10.0108 0.1725300 -1.6823587 0.6742099 -0.37706399 0.68369159 -0.51931221 -0.34742393 0.003314 1789528522.730486155 14.283 42.015 0.642 0.00000 -1 ACTUAL_TF
10.0704 0.1725894 -1.6824570 0.6742912 -0.37706138 0.68370106 -0.51929711 -0.34743069 0.003074 1789528522.786473036 14.344 41.954 0.768 0.00000 -1 ACTUAL_TF
10.1244 0.1726422 -1.6825509 0.6743654 -0.37704262 0.68371117 -0.51929328 -0.34743690 0.002852 1789528522.842488289 14.399 41.899 0.887 0.00000 -1 ACTUAL_TF
10.1741 0.1726979 -1.6826541 0.6744513 -0.37703041 0.68371930 -0.51928353 -0.34744869 0.002776 1789528522.898449659 14.457 41.841 1.020 0.00000 -1 ACTUAL_TF
10.2378 0.1727662 -1.6827328 0.6745212 -0.37702018 0.68372241 -0.51928144 -0.34745680 0.002616 1789528522.954371691 14.528 41.771 1.124 0.00000 -1 ACTUAL_TF
10.2915 0.1728752 -1.6828113 0.6745958 -0.37701232 0.68372641 -0.51928092 -0.34745824 0.002653 1789528523.010453701 14.638 41.660 1.230 0.00000 -1 ACTUAL_TF
10.3449 0.1729834 -1.6828676 0.6746548 -0.37701800 0.68372161 -0.51928041 -0.34746229 0.002583 1789528523.066497087 14.748 41.550 1.310 0.00000 -1 ACTUAL_TF
10.4059 0.1731108 -1.6829284 0.6747149 -0.37701681 0.68372299 -0.51927544 -0.34746830 0.002631 1789528523.122405052 14.877 41.422 1.393 0.00000 -1 ACTUAL_TF
10.4542 0.1732410 -1.6829755 0.6747571 -0.37700550 0.68372802 -0.51927809 -0.34746671 0.002617 1789528523.178423882 15.008 41.290 1.454 0.00000 -1 ACTUAL_TF
10.5122 0.1734181 -1.6830055 0.6747903 -0.37702045 0.68372386 -0.51927137 -0.34746871 0.002811 1789528523.234376192 15.186 41.112 1.495 0.00000 -1 ACTUAL_TF
10.5746 0.1736088 -1.6830417 0.6748260 -0.37701428 0.68372372 -0.51927934 -0.34746378 0.003024 1789528523.290441990 15.377 40.921 1.543 0.00000 -1 ACTUAL_TF
10.6253 0.1737605 -1.6830624 0.6748447 -0.37701237 0.68372363 -0.51927875 -0.34746691 0.002943 1789528523.346440077 15.530 40.769 1.568 0.00000 -1 ACTUAL_TF
10.6840 0.1739525 -1.6830704 0.6748562 -0.37701199 0.68372369 -0.51927876 -0.34746718 0.003092 1789528523.402411222 15.722 40.577 1.578 0.00000 -1 ACTUAL_TF
10.7380 0.1741185 -1.6830751 0.6748708 -0.37700960 0.68371831 -0.51928768 -0.34746703 0.003057 1789528523.458406210 15.888 40.411 1.589 0.00000 -1 ACTUAL_TF
10.7988 0.1743072 -1.6830824 0.6748858 -0.37699678 0.68371621 -0.51929936 -0.34746763 0.003153 1789528523.514528513 16.077 40.222 1.601 0.00000 -1 ACTUAL_TF
10.8521 0.1744508 -1.6830813 0.6748885 -0.37698910 0.68372087 -0.51930029 -0.34746539 0.002976 1789528523.570534945 16.220 40.078 1.600 0.00000 -1 ACTUAL_TF
10.9062 0.1746521 -1.6830760 0.6749077 -0.37698374 0.68371051 -0.51932065 -0.34746117 0.003168 1789528523.626480341 16.422 39.877 1.606 0.00000 -1 ACTUAL_TF
10.9603 0.1747890 -1.6830691 0.6749228 -0.37697695 0.68370346 -0.51933263 -0.34746448 0.002958 1789528523.682341099 16.558 39.740 1.609 0.00000 -1 ACTUAL_TF
11.0246 0.1749632 -1.6830574 0.6749435 -0.37696693 0.68369363 -0.51935534 -0.34746077 0.003012 1789528523.738385916 16.733 39.566 1.612 0.00000 -1 ACTUAL_TF
11.0743 0.1751290 -1.6830467 0.6749646 -0.37695068 0.68368683 -0.51937968 -0.34745541 0.003004 1789528523.794474125 16.898 39.400 1.617 0.00000 -1 ACTUAL_TF
11.1340 0.1752677 -1.6830273 0.6749794 -0.37694195 0.68368041 -0.51939973 -0.34744752 0.002857 1789528523.850479841 17.037 39.262 1.612 0.00000 -1 ACTUAL_TF
11.1945 0.1754406 -1.6830082 0.6749962 -0.37693007 0.68367187 -0.51942512 -0.34743927 0.002938 1789528523.906410694 17.209 39.089 1.608 0.00000 -1 ACTUAL_TF
11.2444 0.1755775 -1.6829712 0.6749880 -0.37692833 0.68366684 -0.51943851 -0.34743102 0.002817 1789528523.962457895 17.346 38.953 1.575 0.00000 -1 ACTUAL_TF
11.3063 0.1757191 -1.6829098 0.6749488 -0.37693431 0.68366388 -0.51944371 -0.34742259 0.002826 1789528524.018382549 17.486 38.813 1.503 0.00000 -1 ACTUAL_TF
11.3551 0.1757979 -1.6828368 0.6748735 -0.37694375 0.68366921 -0.51943022 -0.34742203 0.002677 1789528524.074698687 17.563 38.735 1.397 0.00000 -1 ACTUAL_TF
11.4106 0.1758837 -1.6827210 0.6747457 -0.37696863 0.68367629 -0.51940366 -0.34742082 0.002910 1789528524.130481720 17.646 38.652 1.223 0.00000 -1 ACTUAL_TF
11.4678 0.1759680 -1.6825822 0.6745924 -0.37700458 0.68367861 -0.51937416 -0.34742133 0.003232 1789528524.186526775 17.727 38.572 1.015 0.00000 -1 ACTUAL_TF
11.5217 0.1760282 -1.6824779 0.6744766 -0.37702873 0.68367831 -0.51935383 -0.34742612 0.003155 1789528524.242701769 17.784 38.514 0.859 0.00000 -1 ACTUAL_TF
11.5823 0.1760787 -1.6823584 0.6743603 -0.37703734 0.68366076 -0.51935135 -0.34745501 0.003146 1789528524.298463345 17.832 38.466 0.693 0.00000 -1 ACTUAL_TF
11.6368 0.1761316 -1.6822252 0.6742147 -0.37706301 0.68366147 -0.51933183 -0.34745494 0.003297 1789528524.354410648 17.882 38.417 0.496 0.00000 -1 ACTUAL_TF
11.6929 0.1762027 -1.6820793 0.6740636 -0.37704853 0.68366606 -0.51934210 -0.34744627 0.003496 1789528524.410453558 17.949 38.349 0.289 0.00000 -1 ACTUAL_TF
11.7525 0.1762328 -1.6819445 0.6739202 -0.37706021 0.68366655 -0.51932625 -0.34745631 0.003515 1789528524.466385841 17.976 38.322 0.109 0.00000 -1 ACTUAL_TF
11.8053 0.1763075 -1.6817720 0.6737450 -0.37706734 0.68366505 -0.51932814 -0.34744871 0.003835 1789528524.522439241 18.047 38.252 0.182 0.00000 -1 ACTUAL_TF
11.8566 0.1763449 -1.6816415 0.6736081 -0.37706767 0.68366629 -0.51932439 -0.34745152 0.003719 1789528524.578401089 18.081 38.217 0.363 0.00000 -1 ACTUAL_TF
11.9142 0.1763956 -1.6814780 0.6734345 -0.37707547 0.68366303 -0.51932149 -0.34745380 0.003908 1789528524.634451151 18.127 38.171 0.599 0.00000 -1 ACTUAL_TF
11.9700 0.1764421 -1.6813233 0.6732701 -0.37706151 0.68366976 -0.51932490 -0.34745062 0.003971 1789528524.690412521 18.170 38.128 0.824 0.00000 -1 ACTUAL_TF
12.0259 0.1764922 -1.6811974 0.6731391 -0.37706965 0.68366755 -0.51932142 -0.34745133 0.003789 1789528524.746443510 18.217 38.081 1.006 0.00000 -1 ACTUAL_TF
12.0882 0.1765518 -1.6810673 0.6730081 -0.37705843 0.68367051 -0.51932695 -0.34744940 0.003690 1789528524.802512884 18.274 38.025 1.191 0.00000 -1 ACTUAL_TF
12.1421 0.1766013 -1.6809531 0.6728938 -0.37705475 0.68367217 -0.51932671 -0.34745050 0.003490 1789528524.858426332 18.320 37.978 1.354 0.00000 -1 ACTUAL_TF
12.1955 0.1766636 -1.6808483 0.6727884 -0.37704196 0.68367172 -0.51933525 -0.34745250 0.003306 1789528524.914468527 18.380 37.918 1.503 0.00000 -1 ACTUAL_TF
12.2511 0.1767050 -1.6807582 0.6726871 -0.37704054 0.68367290 -0.51933079 -0.34745838 0.003073 1789528524.970476151 18.419 37.879 1.639 0.00000 -1 ACTUAL_TF
12.3133 0.1767766 -1.6806649 0.6725917 -0.37702989 0.68367157 -0.51933923 -0.34745994 0.002963 1789528525.026462317 18.489 37.809 1.773 0.00000 -1 ACTUAL_TF
12.3637 0.1768578 -1.6805791 0.6725069 -0.37702940 0.68366446 -0.51934591 -0.34746447 0.002849 1789528525.082750082 18.568 37.730 1.895 0.00000 -1 ACTUAL_TF
12.4175 0.1769308 -1.6805021 0.6724264 -0.37703260 0.68366599 -0.51934324 -0.34746198 0.002711 1789528525.138513565 18.639 37.659 2.008 0.00000 -1 ACTUAL_TF
12.4730 0.1770262 -1.6804293 0.6723544 -0.37703134 0.68366602 -0.51934521 -0.34746035 0.002649 1789528525.194370031 18.733 37.566 2.112 0.00000 -1 ACTUAL_TF
12.5373 0.1771110 -1.6803743 0.6723026 -0.37703515 0.68366295 -0.51934792 -0.34745820 0.002462 1789528525.250492334 18.816 37.482 2.189 0.00000 -1 ACTUAL_TF
12.5843 0.1771950 -1.6803249 0.6722515 -0.37702647 0.68366665 -0.51934754 -0.34746091 0.002313 1789528525.306437731 18.899 37.399 2.261 0.00000 -1 ACTUAL_TF
12.6430 0.1772890 -1.6803040 0.6722310 -0.37701813 0.68366436 -0.51935781 -0.34745911 0.002147 1789528525.362397671 18.993 37.306 2.292 0.00000 -1 ACTUAL_TF
12.6994 0.1773981 -1.6802965 0.6722250 -0.37700269 0.68366261 -0.51937245 -0.34745744 0.002090 1789528525.418381214 19.101 37.197 2.304 0.00000 -1 ACTUAL_TF
12.7597 0.1774979 -1.6803165 0.6722435 -0.37697692 0.68366025 -0.51939403 -0.34745777 0.002016 1789528525.474435091 19.202 37.097 2.278 0.00000 -1 ACTUAL_TF
12.8095 0.1776147 -1.6803528 0.6722731 -0.37694178 0.68365702 -0.51942307 -0.34745884 0.002085 1789528525.530457020 19.319 36.979 2.233 0.00000 -1 ACTUAL_TF
12.8768 0.1777180 -1.6803861 0.6722909 -0.37691912 0.68365680 -0.51944392 -0.34745269 0.002048 1789528525.586509466 19.423 36.875 2.199 0.00000 -1 ACTUAL_TF
12.9261 0.1778230 -1.6804082 0.6722563 -0.37691601 0.68369160 -0.51941550 -0.34743008 0.002036 1789528525.642728567 19.528 36.770 2.209 0.00000 -1 ACTUAL_TF
12.9795 0.1779072 -1.6804490 0.6722416 -0.37695283 0.68369044 -0.51937662 -0.34745054 0.001935 1789528525.698491573 19.613 36.685 2.192 0.00000 -1 ACTUAL_TF
13.0390 0.1779912 -1.6804967 0.6722466 -0.37697679 0.68369942 -0.51934522 -0.34745378 0.001873 1789528525.754455090 19.698 36.600 2.158 0.00000 -1 ACTUAL_TF
13.0948 0.1781084 -1.6805894 0.6723081 -0.37699095 0.68370357 -0.51932578 -0.34745933 0.002177 1789528525.810435057 19.817 36.481 2.051 0.00000 -1 ACTUAL_TF
13.1508 0.1782041 -1.6806715 0.6723749 -0.37699700 0.68370971 -0.51931310 -0.34745964 0.002289 1789528525.866399050 19.915 36.384 1.948 0.00000 -1 ACTUAL_TF
13.2078 0.1783338 -1.6807818 0.6724838 -0.37699761 0.68370925 -0.51931374 -0.34745892 0.002686 1789528525.922365427 20.047 36.251 1.796 0.00000 -1 ACTUAL_TF
13.2592 0.1784170 -1.6808500 0.6725422 -0.37701267 0.68371415 -0.51929555 -0.34746012 0.002535 1789528525.978400946 20.132 36.166 1.708 0.00000 -1 ACTUAL_TF
13.3217 0.1785529 -1.6809753 0.6726696 -0.37700419 0.68371751 -0.51930253 -0.34745227 0.002978 1789528526.034388304 20.271 36.028 1.532 0.00000 -1 ACTUAL_TF
13.3702 0.1786529 -1.6810737 0.6727655 -0.37702581 0.68371322 -0.51928612 -0.34746179 0.002995 1789528526.090384960 20.373 35.925 1.397 0.00000 -1 ACTUAL_TF
13.4328 0.1787499 -1.6811735 0.6728704 -0.37701801 0.68371425 -0.51929230 -0.34745898 0.003030 1789528526.146384239 20.472 35.826 1.254 0.00000 -1 ACTUAL_TF
13.4829 0.1788701 -1.6813069 0.6730106 -0.37701513 0.68371777 -0.51929351 -0.34745339 0.003342 1789528526.202352285 20.596 35.702 1.063 0.00000 -1 ACTUAL_TF
13.5455 0.1789539 -1.6814094 0.6731112 -0.37701354 0.68371625 -0.51929563 -0.34745493 0.003230 1789528526.258386850 20.682 35.616 0.921 0.00000 -1 ACTUAL_TF
13.5920 0.1790676 -1.6815560 0.6732690 -0.37701118 0.68371015 -0.51930554 -0.34745467 0.003566 1789528526.314346552 20.799 35.499 0.708 0.00000 -1 ACTUAL_TF
13.6530 0.1791654 -1.6816909 0.6734138 -0.37701633 0.68369920 -0.51931208 -0.34746087 0.003677 1789528526.370428801 20.900 35.398 0.513 0.00000 -1 ACTUAL_TF
13.7099 0.1792855 -1.6818493 0.6735804 -0.37701726 0.68369854 -0.51931686 -0.34745402 0.003966 1789528526.426310301 21.024 35.274 0.289 0.00000 -1 ACTUAL_TF
13.7594 0.1793829 -1.6819836 0.6737300 -0.37702120 0.68369265 -0.51932130 -0.34745469 0.003970 1789528526.482451677 21.125 35.173 0.102 0.00000 -1 ACTUAL_TF
13.8165 0.1795019 -1.6821394 0.6738969 -0.37702391 0.68369064 -0.51932650 -0.34744794 0.004159 1789528526.538431406 21.248 35.051 0.157 0.00000 -1 ACTUAL_TF
13.8759 0.1796146 -1.6822871 0.6740504 -0.37702926 0.68368718 -0.51933076 -0.34744258 0.004204 1789528526.594368935 21.364 34.934 0.361 0.00000 -1 ACTUAL_TF
13.9294 0.1797158 -1.6824191 0.6741909 -0.37702651 0.68368427 -0.51934132 -0.34743550 0.004108 1789528526.650407791 21.468 34.830 0.550 0.00000 -1 ACTUAL_TF
13.9967 0.1798190 -1.6825512 0.6743275 -0.37703561 0.68368702 -0.51933601 -0.34742814 0.004035 1789528526.706398964 21.575 34.724 0.738 0.00000 -1 ACTUAL_TF
14.0467 0.1799068 -1.6826722 0.6744547 -0.37703726 0.68368140 -0.51934214 -0.34742824 0.003877 1789528526.762340784 21.665 34.633 0.911 0.00000 -1 ACTUAL_TF
14.1024 0.1799884 -1.6827871 0.6745641 -0.37704371 0.68368587 -0.51933101 -0.34742908 0.003668 1789528526.818414927 21.750 34.549 1.069 0.00000 -1 ACTUAL_TF
14.1606 0.1800667 -1.6829003 0.6746791 -0.37703956 0.68368229 -0.51933731 -0.34743122 0.003528 1789528526.874454737 21.831 34.468 1.228 0.00000 -1 ACTUAL_TF
14.2071 0.1801249 -1.6829957 0.6747659 -0.37704458 0.68368616 -0.51932188 -0.34744123 0.003229 1789528526.930398464 21.891 34.407 1.356 0.00000 -1 ACTUAL_TF
14.2653 0.1801796 -1.6830901 0.6748552 -0.37703121 0.68368630 -0.51932524 -0.34745043 0.003015 1789528526.986401081 21.948 34.350 1.485 0.00000 -1 ACTUAL_TF
14.3271 0.1802341 -1.6831939 0.6749481 -0.37701908 0.68368589 -0.51932356 -0.34746691 0.002913 1789528527.042323589 22.005 34.293 1.624 0.00000 -1 ACTUAL_TF
14.3783 0.1802922 -1.6832725 0.6750149 -0.37700499 0.68369430 -0.51931645 -0.34747629 0.002673 1789528527.098341703 22.065 34.233 1.726 0.00000 -1 ACTUAL_TF
14.4336 0.1803757 -1.6833152 0.6750500 -0.37700486 0.68369877 -0.51931077 -0.34747611 0.002407 1789528527.154361010 22.149 34.149 1.779 0.00000 -1 ACTUAL_TF
14.4954 0.1804863 -1.6833383 0.6750789 -0.37701418 0.68369457 -0.51930871 -0.34747735 0.002309 1789528527.210432053 22.260 34.038 1.814 0.00000 -1 ACTUAL_TF
14.5553 0.1805743 -1.6833615 0.6751023 -0.37701261 0.68369492 -0.51930961 -0.34747700 0.002117 1789528527.266781807 22.349 33.949 1.846 0.00000 -1 ACTUAL_TF
14.6063 0.1806902 -1.6833755 0.6751168 -0.37701310 0.68369920 -0.51930793 -0.34747057 0.002116 1789528527.322400570 22.465 33.833 1.864 0.00000 -1 ACTUAL_TF
14.6616 0.1807934 -1.6833938 0.6751339 -0.37701189 0.68369637 -0.51931413 -0.34746818 0.002051 1789528527.378403902 22.569 33.729 1.887 0.00000 -1 ACTUAL_TF
14.7131 0.1809085 -1.6833920 0.6751395 -0.37701232 0.68369658 -0.51931283 -0.34746925 0.002054 1789528527.434320688 22.684 33.614 1.888 0.00000 -1 ACTUAL_TF
14.7692 0.1810507 -1.6833918 0.6751561 -0.37700639 0.68369101 -0.51932755 -0.34746465 0.002204 1789528527.490398407 22.826 33.472 1.896 0.00000 -1 ACTUAL_TF
14.8309 0.1811588 -1.6833883 0.6751690 -0.37699491 0.68368826 -0.51933909 -0.34746527 0.002127 1789528527.546317577 22.934 33.364 1.901 0.00000 -1 ACTUAL_TF
14.8903 0.1813198 -1.6833715 0.6751874 -0.37698476 0.68368026 -0.51936115 -0.34745905 0.002361 1789528527.602344751 23.095 33.203 1.899 0.00000 -1 ACTUAL_TF
14.9370 0.1814639 -1.6833518 0.6752020 -0.37697675 0.68367399 -0.51938076 -0.34745076 0.002435 1789528527.658372402 23.239 33.059 1.893 0.00000 -1 ACTUAL_TF
14.9958 0.1816326 -1.6833301 0.6752217 -0.37695958 0.68366875 -0.51940467 -0.34744394 0.002622 1789528527.714386463 23.407 32.891 1.890 0.00000 -1 ACTUAL_TF
15.0582 0.1817891 -1.6833019 0.6752375 -0.37694696 0.68366396 -0.51942483 -0.34743695 0.002686 1789528527.770724773 23.563 32.735 1.880 0.00000 -1 ACTUAL_TF
15.1085 0.1819709 -1.6832468 0.6752169 -0.37694522 0.68365858 -0.51944024 -0.34742638 0.002911 1789528527.826375008 23.744 32.554 1.825 0.00000 -1 ACTUAL_TF
15.1636 0.1820924 -1.6831754 0.6751625 -0.37695033 0.68366041 -0.51943691 -0.34742220 0.002846 1789528527.882397652 23.864 32.434 1.735 0.00000 -1 ACTUAL_TF
15.2170 0.1822126 -1.6830513 0.6750380 -0.37697088 0.68366420 -0.51941678 -0.34742254 0.003133 1789528527.938371420 23.981 32.317 1.557 0.00000 -1 ACTUAL_TF
15.2833 0.1823327 -1.6829195 0.6748950 -0.37699559 0.68366738 -0.51939424 -0.34742318 0.003418 1789528527.994362593 24.098 32.200 1.361 0.00000 -1 ACTUAL_TF
15.3390 0.1824049 -1.6828081 0.6747734 -0.37701246 0.68366748 -0.51937471 -0.34743387 0.003357 1789528528.050394058 24.168 32.131 1.195 0.00000 -1 ACTUAL_TF
15.3880 0.1825295 -1.6826858 0.6746559 -0.37702270 0.68364791 -0.51938178 -0.34745070 0.003477 1789528528.106381178 24.289 32.009 1.025 0.00000 -1 ACTUAL_TF
15.4524 0.1826323 -1.6825727 0.6745323 -0.37704087 0.68364654 -0.51936947 -0.34745206 0.003486 1789528528.162432194 24.389 31.909 0.856 0.00000 -1 ACTUAL_TF
15.5004 0.1827368 -1.6824600 0.6744114 -0.37704595 0.68364724 -0.51936185 -0.34745658 0.003489 1789528528.218383074 24.491 31.807 0.690 0.00000 -1 ACTUAL_TF
15.5599 0.1828262 -1.6823655 0.6743100 -0.37701569 0.68366469 -0.51937273 -0.34743882 0.003327 1789528528.274292469 24.578 31.720 0.552 0.00000 -1 ACTUAL_TF
15.6101 0.1829150 -1.6822584 0.6741876 -0.37702158 0.68366620 -0.51936132 -0.34744650 0.003321 1789528528.330305815 24.664 31.634 0.389 0.00000 -1 ACTUAL_TF
15.6667 0.1830132 -1.6821694 0.6741018 -0.37702963 0.68366095 -0.51936251 -0.34744632 0.003170 1789528528.386368275 24.760 31.538 0.270 0.00000 -1 ACTUAL_TF
15.7370 0.1831004 -1.6820589 0.6739735 -0.37703524 0.68366188 -0.51935257 -0.34745325 0.003238 1789528528.442418575 24.845 31.454 0.117 0.00000 -1 ACTUAL_TF
15.7787 0.1831939 -1.6819542 0.6738621 -0.37703084 0.68366539 -0.51934760 -0.34745856 0.003228 1789528528.498360395 24.936 31.363 0.106 0.00000 -1 ACTUAL_TF
15.8480 0.1832719 -1.6818460 0.6737346 -0.37703822 0.68367009 -0.51933857 -0.34745481 0.003249 1789528528.554294586 25.011 31.287 0.248 0.00000 -1 ACTUAL_TF
15.8938 0.1833701 -1.6817134 0.6735930 -0.37703765 0.68367961 -0.51933110 -0.34744786 0.003438 1789528528.610364437 25.106 31.192 0.439 0.00000 -1 ACTUAL_TF
15.9505 0.1834456 -1.6816062 0.6734748 -0.37704105 0.68368120 -0.51932476 -0.34745051 0.003351 1789528528.666409254 25.179 31.120 0.598 0.00000 -1 ACTUAL_TF
16.0079 0.1835552 -1.6814639 0.6733321 -0.37705068 0.68367736 -0.51932193 -0.34745184 0.003575 1789528528.722405910 25.285 31.013 0.801 0.00000 -1 ACTUAL_TF
16.0593 0.1836637 -1.6813465 0.6732158 -0.37704561 0.68367618 -0.51933364 -0.34744217 0.003562 1789528528.778405190 25.391 30.908 0.967 0.00000 -1 ACTUAL_TF
16.1152 0.1837535 -1.6811936 0.6730626 -0.37704147 0.68367986 -0.51932892 -0.34744647 0.003749 1789528528.834384918 25.477 30.822 1.185 0.00000 -1 ACTUAL_TF
16.1709 0.1838552 -1.6810661 0.6729341 -0.37704758 0.68368001 -0.51932952 -0.34743865 0.003736 1789528528.890428066 25.575 30.723 1.368 0.00000 -1 ACTUAL_TF
16.2323 0.1839458 -1.6809129 0.6727767 -0.37704385 0.68368122 -0.51933076 -0.34743846 0.003889 1789528528.946372032 25.662 30.636 1.589 0.00000 -1 ACTUAL_TF
16.2817 0.1840392 -1.6807798 0.6726420 -0.37704244 0.68367935 -0.51933210 -0.34744166 0.003854 1789528529.002372503 25.752 30.546 1.779 0.00000 -1 ACTUAL_TF
16.3408 0.1841071 -1.6806849 0.6725412 -0.37703300 0.68368184 -0.51933314 -0.34744546 0.003523 1789528529.058407545 25.818 30.480 1.919 0.00000 -1 ACTUAL_TF
16.4013 0.1841889 -1.6805626 0.6724065 -0.37703578 0.68368343 -0.51933030 -0.34744357 0.003536 1789528529.114340067 25.897 30.401 2.102 0.00000 -1 ACTUAL_TF
16.4525 0.1842688 -1.6804840 0.6723284 -0.37702605 0.68368431 -0.51933403 -0.34744680 0.003207 1789528529.170386553 25.975 30.323 2.214 0.00000 -1 ACTUAL_TF
16.5128 0.1843563 -1.6804095 0.6722514 -0.37702256 0.68368104 -0.51933702 -0.34745257 0.002987 1789528529.226315498 26.061 30.238 2.322 0.00000 -1 ACTUAL_TF
16.5650 0.1844351 -1.6803568 0.6721978 -0.37702439 0.68367776 -0.51933902 -0.34745405 0.002673 1789528529.282349110 26.138 30.160 2.399 0.00000 -1 ACTUAL_TF
16.6207 0.1845258 -1.6803191 0.6721601 -0.37701451 0.68367947 -0.51934319 -0.34745517 0.002433 1789528529.338518620 26.228 30.070 2.454 0.00000 -1 ACTUAL_TF
16.6761 0.1846251 -1.6803059 0.6721452 -0.37700334 0.68367714 -0.51935538 -0.34745365 0.002247 1789528529.394427299 26.327 29.971 2.475 0.00000 -1 ACTUAL_TF
16.7294 0.1847067 -1.6803116 0.6721495 -0.37698799 0.68367516 -0.51937003 -0.34745230 0.002012 1789528529.450405598 26.409 29.890 2.469 0.00000 -1 ACTUAL_TF
16.7926 0.1848173 -1.6803275 0.6721679 -0.37696607 0.68367085 -0.51939356 -0.34744940 0.002015 1789528529.506394625 26.520 29.779 2.447 0.00000 -1 ACTUAL_TF
16.8404 0.1848907 -1.6803351 0.6721787 -0.37694955 0.68366947 -0.51940762 -0.34744901 0.001810 1789528529.562356234 26.593 29.705 2.435 0.00000 -1 ACTUAL_TF
16.8955 0.1849802 -1.6803620 0.6721991 -0.37692832 0.68366591 -0.51942988 -0.34744577 0.001779 1789528529.618385077 26.683 29.615 2.403 0.00000 -1 ACTUAL_TF
16.9632 0.1850511 -1.6803839 0.6722126 -0.37691170 0.68366532 -0.51944552 -0.34744158 0.001649 1789528529.674509287 26.755 29.544 2.379 0.00000 -1 ACTUAL_TF
17.0114 0.1851238 -1.6804172 0.6722251 -0.37689707 0.68366508 -0.51945751 -0.34744001 0.001589 1789528529.730388880 26.828 29.470 2.348 0.00000 -1 ACTUAL_TF
17.0749 0.1851720 -1.6804139 0.6721657 -0.37691758 0.68370690 -0.51940754 -0.34741017 0.001522 1789528529.786473513 26.876 29.423 2.393 0.00000 -1 ACTUAL_TF
17.1254 0.1852047 -1.6804493 0.6721625 -0.37696028 0.68368870 -0.51937875 -0.34744268 0.001324 1789528529.842455387 26.909 29.389 2.371 0.00000 -1 ACTUAL_TF
17.1798 0.1852396 -1.6804873 0.6721555 -0.37699411 0.68370164 -0.51933580 -0.34744472 0.001206 1789528529.898400784 26.944 29.354 2.351 0.00000 -1 ACTUAL_TF
17.2407 0.1852892 -1.6805585 0.6722096 -0.37700656 0.68370009 -0.51932537 -0.34744985 0.001392 1789528529.954339266 26.996 29.303 2.264 0.00000 -1 ACTUAL_TF
17.2880 0.1853749 -1.6806693 0.6723162 -0.37702047 0.68369989 -0.51931699 -0.34744768 0.001918 1789528530.010309219 27.084 29.214 2.112 0.00000 -1 ACTUAL_TF
17.3425 0.1854550 -1.6807722 0.6724269 -0.37703789 0.68369365 -0.51931258 -0.34744764 0.002257 1789528530.066408157 27.166 29.132 1.962 0.00000 -1 ACTUAL_TF
17.4010 0.1855904 -1.6809514 0.6726294 -0.37702514 0.68368182 -0.51934178 -0.34744113 0.003202 1789528530.122339487 27.306 28.992 1.694 0.00000 -1 ACTUAL_TF
17.4606 0.1856785 -1.6810645 0.6727488 -0.37705500 0.68367335 -0.51932936 -0.34744394 0.003241 1789528530.178364754 27.397 28.901 1.531 0.00000 -1 ACTUAL_TF
17.5129 0.1857943 -1.6812204 0.6729147 -0.37706676 0.68366495 -0.51933353 -0.34744148 0.003636 1789528530.234386444 27.517 28.782 1.305 0.00000 -1 ACTUAL_TF
17.5727 0.1858703 -1.6813393 0.6730322 -0.37707597 0.68367231 -0.51932116 -0.34743549 0.003529 1789528530.290410280 27.595 28.703 1.139 0.00000 -1 ACTUAL_TF
17.6301 0.1859723 -1.6815031 0.6731945 -0.37707542 0.68367119 -0.51932349 -0.34743481 0.003801 1789528530.347265482 27.701 28.597 0.911 0.00000 -1 ACTUAL_TF
17.6778 0.1860652 -1.6816543 0.6733449 -0.37707162 0.68367597 -0.51932148 -0.34743253 0.003926 1789528530.402371645 27.798 28.500 0.700 0.00000 -1 ACTUAL_TF
17.7363 0.1861414 -1.6817704 0.6734510 -0.37707524 0.68368502 -0.51930848 -0.34743023 0.003685 1789528530.458402157 27.877 28.422 0.545 0.00000 -1 ACTUAL_TF
17.7922 0.1862379 -1.6819095 0.6735858 -0.37706762 0.68369380 -0.51930515 -0.34742619 0.003738 1789528530.514404535 27.977 28.322 0.355 0.00000 -1 ACTUAL_TF
17.8509 0.1863242 -1.6820430 0.6737201 -0.37705151 0.68369274 -0.51931674 -0.34742844 0.003733 1789528530.570367575 28.066 28.232 0.173 0.00000 -1 ACTUAL_TF
17.9112 0.1864088 -1.6821679 0.6738349 -0.37704229 0.68370200 -0.51931049 -0.34742957 0.003628 1789528530.626377821 28.154 28.145 0.068 0.00000 -1 ACTUAL_TF
17.9618 0.1864720 -1.6822718 0.6739326 -0.37703218 0.68370540 -0.51930769 -0.34743804 0.003376 1789528530.682337046 28.219 28.079 0.164 0.00000 -1 ACTUAL_TF
18.0239 0.1865548 -1.6824032 0.6740503 -0.37701599 0.68371347 -0.51930462 -0.34744431 0.003407 1789528530.738351345 28.305 27.993 0.332 0.00000 -1 ACTUAL_TF
18.0757 0.1866211 -1.6825022 0.6741417 -0.37700895 0.68371494 -0.51930021 -0.34745565 0.003189 1789528530.794340134 28.374 27.925 0.464 0.00000 -1 ACTUAL_TF
18.1408 0.1867289 -1.6826166 0.6742467 -0.37700730 0.68372022 -0.51929268 -0.34745830 0.003246 1789528530.850309610 28.484 27.814 0.616 0.00000 -1 ACTUAL_TF
18.1896 0.1868540 -1.6827274 0.6743530 -0.37700854 0.68372295 -0.51928735 -0.34745954 0.003331 1789528530.906402826 28.612 27.687 0.766 0.00000 -1 ACTUAL_TF
18.2471 0.1869916 -1.6828320 0.6744613 -0.37700578 0.68372017 -0.51929502 -0.34745656 0.003426 1789528530.962326527 28.752 27.546 0.913 0.00000 -1 ACTUAL_TF
18.2954 0.1871452 -1.6829356 0.6745671 -0.37701355 0.68372015 -0.51929013 -0.34745546 0.003540 1789528531.018384933 28.908 27.390 1.058 0.00000 -1 ACTUAL_TF
18.3536 0.1872756 -1.6830248 0.6746519 -0.37700910 0.68372397 -0.51928872 -0.34745489 0.003438 1789528531.074418068 29.040 27.258 1.178 0.00000 -1 ACTUAL_TF
18.4099 0.1874480 -1.6831403 0.6747727 -0.37701332 0.68371081 -0.51929773 -0.34746272 0.003694 1789528531.130382776 29.216 27.083 1.342 0.00000 -1 ACTUAL_TF
18.4682 0.1875875 -1.6832249 0.6748543 -0.37700807 0.68371215 -0.51929977 -0.34746275 0.003563 1789528531.186361551 29.357 26.941 1.457 0.00000 -1 ACTUAL_TF
18.5280 0.1877561 -1.6833210 0.6749486 -0.37700855 0.68370910 -0.51930160 -0.34746550 0.003650 1789528531.242365360 29.528 26.770 1.588 0.00000 -1 ACTUAL_TF
18.5784 0.1878999 -1.6833849 0.6750204 -0.37700505 0.68370585 -0.51930890 -0.34746476 0.003483 1789528531.298318386 29.673 26.625 1.681 0.00000 -1 ACTUAL_TF
18.6369 0.1880496 -1.6834342 0.6750715 -0.37701460 0.68370171 -0.51930503 -0.34746835 0.003324 1789528531.354370117 29.824 26.474 1.750 0.00000 -1 ACTUAL_TF
18.6954 0.1881884 -1.6834575 0.6751020 -0.37702965 0.68369698 -0.51929717 -0.34747306 0.003099 1789528531.410381317 29.963 26.335 1.785 0.00000 -1 ACTUAL_TF
18.7425 0.1883021 -1.6834770 0.6751245 -0.37702318 0.68369587 -0.51930270 -0.34747401 0.002798 1789528531.466397524 30.078 26.221 1.813 0.00000 -1 ACTUAL_TF
18.7990 0.1884255 -1.6834893 0.6751420 -0.37701507 0.68369423 -0.51930964 -0.34747567 0.002630 1789528531.522362471 30.201 26.097 1.832 0.00000 -1 ACTUAL_TF
18.8565 0.1885355 -1.6834827 0.6751468 -0.37701503 0.68369241 -0.51931208 -0.34747564 0.002431 1789528531.578440428 30.311 25.987 1.828 0.00000 -1 ACTUAL_TF
18.9172 0.1886639 -1.6834787 0.6751588 -0.37700567 0.68368979 -0.51932369 -0.34747362 0.002393 1789528531.634426355 30.440 25.859 1.831 0.00000 -1 ACTUAL_TF
18.9780 0.1887857 -1.6834717 0.6751719 -0.37699903 0.68368439 -0.51933907 -0.34746844 0.002333 1789528531.690415859 30.561 25.737 1.833 0.00000 -1 ACTUAL_TF
19.0337 0.1889249 -1.6834605 0.6751891 -0.37698625 0.68367897 -0.51935901 -0.34746316 0.002387 1789528531.746388435 30.700 25.598 1.835 0.00000 -1 ACTUAL_TF
19.0869 0.1890501 -1.6834447 0.6752024 -0.37697557 0.68367525 -0.51937657 -0.34745584 0.002350 1789528531.802467823 30.825 25.473 1.831 0.00000 -1 ACTUAL_TF
19.1374 0.1891752 -1.6834309 0.6752184 -0.37696034 0.68367185 -0.51939408 -0.34745287 0.002326 1789528531.858396769 30.950 25.348 1.831 0.00000 -1 ACTUAL_TF
19.1984 0.1893310 -1.6834052 0.6752344 -0.37695178 0.68366486 -0.51941620 -0.34744284 0.002477 1789528531.914434671 31.106 25.192 1.822 0.00000 -1 ACTUAL_TF
19.2526 0.1894163 -1.6833713 0.6752207 -0.37694656 0.68366595 -0.51941965 -0.34744120 0.002231 1789528531.970495939 31.190 25.108 1.788 0.00000 -1 ACTUAL_TF
19.3056 0.1895342 -1.6833013 0.6751727 -0.37695435 0.68366626 -0.51941766 -0.34743510 0.002340 1789528532.026507378 31.307 24.991 1.704 0.00000 -1 ACTUAL_TF
19.3661 0.1896131 -1.6832148 0.6750961 -0.37696906 0.68366618 -0.51940614 -0.34743653 0.002390 1789528532.082305193 31.384 24.915 1.588 0.00000 -1 ACTUAL_TF
19.4187 0.1896734 -1.6830809 0.6749520 -0.37700043 0.68366790 -0.51937676 -0.34744303 0.002771 1789528532.138496399 31.441 24.858 1.390 0.00000 -1 ACTUAL_TF
19.4798 0.1897373 -1.6829935 0.6748752 -0.37700873 0.68365087 -0.51938408 -0.34745658 0.002652 1789528532.194469690 31.503 24.796 1.274 0.00000 -1 ACTUAL_TF
19.5318 0.1897890 -1.6828276 0.6746946 -0.37703160 0.68365889 -0.51935641 -0.34745736 0.003195 1789528532.250634193 31.550 24.748 1.028 0.00000 -1 ACTUAL_TF
19.5912 0.1898793 -1.6826878 0.6745560 -0.37702709 0.68365808 -0.51936783 -0.34744679 0.003400 1789528532.306484222 31.637 24.661 0.831 0.00000 -1 ACTUAL_TF
19.6469 0.1899224 -1.6825521 0.6744134 -0.37703237 0.68366349 -0.51935828 -0.34744468 0.003460 1789528532.362464190 31.677 24.621 0.635 0.00000 -1 ACTUAL_TF
19.7033 0.1899967 -1.6823759 0.6742288 -0.37704196 0.68366760 -0.51935282 -0.34743434 0.003846 1789528532.418474436 31.747 24.551 0.382 0.00000 -1 ACTUAL_TF
19.7679 0.1900518 -1.6822499 0.6740965 -0.37704341 0.68367244 -0.51934792 -0.34743056 0.003714 1789528532.474484444 31.799 24.499 0.207 0.00000 -1 ACTUAL_TF
19.8187 0.1900958 -1.6820984 0.6739309 -0.37704588 0.68367012 -0.51934678 -0.34743415 0.003825 1789528532.530451298 31.839 24.459 0.086 0.00000 -1 ACTUAL_TF
19.8678 0.1901444 -1.6819584 0.6737786 -0.37705048 0.68367573 -0.51933758 -0.34743187 0.003815 1789528532.586499453 31.885 24.414 0.254 0.00000 -1 ACTUAL_TF
19.9280 0.1902023 -1.6818009 0.6736108 -0.37705691 0.68367922 -0.51932724 -0.34743349 0.003944 1789528532.642423868 31.939 24.360 0.480 0.00000 -1 ACTUAL_TF
19.9794 0.1902476 -1.6816972 0.6735045 -0.37704651 0.68368019 -0.51932853 -0.34744092 0.003592 1789528532.698431253 31.981 24.317 0.628 0.00000 -1 ACTUAL_TF
20.0408 0.1903240 -1.6815647 0.6733653 -0.37704660 0.68368065 -0.51932770 -0.34744117 0.003623 1789528532.754412413 32.055 24.244 0.820 0.00000 -1 ACTUAL_TF
20.0890 0.1903921 -1.6814536 0.6732556 -0.37703496 0.68367977 -0.51933404 -0.34744607 0.003448 1789528532.810431242 32.120 24.178 0.977 0.00000 -1 ACTUAL_TF
20.1463 0.1904633 -1.6813687 0.6731654 -0.37702974 0.68367938 -0.51933766 -0.34744709 0.003179 1789528532.866456509 32.189 24.109 1.102 0.00000 -1 ACTUAL_TF
20.1983 0.1905417 -1.6812553 0.6730489 -0.37702730 0.68367953 -0.51933705 -0.34745034 0.003191 1789528532.922496080 32.265 24.034 1.266 0.00000 -1 ACTUAL_TF
20.2563 0.1906306 -1.6811688 0.6729600 -0.37703160 0.68367284 -0.51934348 -0.34744924 0.003052 1789528532.978473663 32.352 23.947 1.391 0.00000 -1 ACTUAL_TF
20.3159 0.1907297 -1.6810794 0.6728704 -0.37702542 0.68367294 -0.51934837 -0.34744842 0.002998 1789528533.034457922 32.448 23.850 1.519 0.00000 -1 ACTUAL_TF
20.3764 0.1908103 -1.6810002 0.6727888 -0.37702544 0.68367415 -0.51934624 -0.34744923 0.002845 1789528533.090448856 32.527 23.771 1.634 0.00000 -1 ACTUAL_TF
20.4265 0.1909197 -1.6809175 0.6727079 -0.37702249 0.68367118 -0.51935000 -0.34745263 0.002844 1789528533.146501303 32.635 23.664 1.752 0.00000 -1 ACTUAL_TF
20.4859 0.1910197 -1.6808580 0.6726401 -0.37701677 0.68367339 -0.51934916 -0.34745574 0.002714 1789528533.202368975 32.733 23.565 1.843 0.00000 -1 ACTUAL_TF
20.5388 0.1911826 -1.6807922 0.6725725 -0.37701817 0.68366947 -0.51935782 -0.34744900 0.002907 1789528533.258434534 32.894 23.404 1.940 0.00000 -1 ACTUAL_TF
20.6004 0.1913536 -1.6807503 0.6725327 -0.37699703 0.68367236 -0.51936955 -0.34744871 0.003004 1789528533.314327002 33.064 23.234 2.001 0.00000 -1 ACTUAL_TF
20.6515 0.1915139 -1.6807329 0.6725139 -0.37698197 0.68366813 -0.51939044 -0.34744216 0.002960 1789528533.371125937 33.224 23.074 2.029 0.00000 -1 ACTUAL_TF
20.7126 0.1916831 -1.6807249 0.6725123 -0.37694570 0.68367012 -0.51941284 -0.34744412 0.002991 1789528533.426420450 33.393 22.905 2.039 0.00000 -1 ACTUAL_TF
20.7607 0.1918414 -1.6807383 0.6725305 -0.37691910 0.68366400 -0.51944406 -0.34743835 0.002950 1789528533.482405901 33.552 22.746 2.019 0.00000 -1 ACTUAL_TF
20.8222 0.1919885 -1.6807626 0.6725546 -0.37688450 0.68366335 -0.51947160 -0.34743597 0.002875 1789528533.538350821 33.700 22.599 1.988 0.00000 -1 ACTUAL_TF
20.8735 0.1920970 -1.6807942 0.6725753 -0.37686134 0.68366159 -0.51949183 -0.34743431 0.002627 1789528533.594477654 33.809 22.490 1.952 0.00000 -1 ACTUAL_TF
20.9362 0.1921798 -1.6807828 0.6725151 -0.37691400 0.68368759 -0.51942125 -0.34743154 0.002391 1789528533.650383711 33.891 22.407 2.004 0.00000 -1 ACTUAL_TF
20.9856 0.1922622 -1.6808135 0.6725202 -0.37691633 0.68368518 -0.51941688 -0.34744028 0.002146 1789528533.706368446 33.974 22.324 1.980 0.00000 -1 ACTUAL_TF
21.0470 0.1923225 -1.6808311 0.6725009 -0.37693389 0.68369486 -0.51939052 -0.34744161 0.001854 1789528533.762356520 34.034 22.264 1.982 0.00000 -1 ACTUAL_TF
21.0953 0.1923842 -1.6808544 0.6724796 -0.37695951 0.68370507 -0.51935737 -0.34744328 0.001669 1789528533.818423510 34.096 22.202 1.982 0.00000 -1 ACTUAL_TF
21.1525 0.1924384 -1.6808909 0.6724935 -0.37697743 0.68370615 -0.51933862 -0.34744973 0.001527 1789528533.874370098 34.151 22.147 1.948 0.00000 -1 ACTUAL_TF
21.2136 0.1925051 -1.6809585 0.6725292 -0.37699725 0.68371185 -0.51931429 -0.34745338 0.001612 1789528533.930359125 34.219 22.079 1.877 0.00000 -1 ACTUAL_TF
21.2696 0.1925759 -1.6810492 0.6726104 -0.37700909 0.68370586 -0.51930813 -0.34746152 0.001882 1789528533.986419678 34.292 22.006 1.757 0.00000 -1 ACTUAL_TF
21.3263 0.1926669 -1.6811613 0.6727153 -0.37702781 0.68370540 -0.51929520 -0.34746144 0.002274 1789528534.042387009 34.386 21.912 1.606 0.00000 -1 ACTUAL_TF
21.3842 0.1927483 -1.6812790 0.6728447 -0.37704152 0.68368903 -0.51929907 -0.34747299 0.002626 1789528534.098361969 34.470 21.828 1.432 0.00000 -1 ACTUAL_TF
21.4313 0.1928534 -1.6814059 0.6729747 -0.37704166 0.68369189 -0.51930373 -0.34746024 0.002963 1789528534.154342413 34.578 21.720 1.253 0.00000 -1 ACTUAL_TF
21.4886 0.1929383 -1.6815128 0.6730937 -0.37705681 0.68368342 -0.51930455 -0.34745926 0.003043 1789528534.210393906 34.666 21.633 1.094 0.00000 -1 ACTUAL_TF
21.5499 0.1930564 -1.6816564 0.6732563 -0.37706735 0.68367598 -0.51931250 -0.34745056 0.003453 1789528534.266412020 34.787 21.511 0.879 0.00000 -1 ACTUAL_TF
21.6003 0.1931787 -1.6818126 0.6734295 -0.37707273 0.68367129 -0.51932406 -0.34743667 0.003828 1789528534.322429895 34.913 21.385 0.648 0.00000 -1 ACTUAL_TF
21.6611 0.1932527 -1.6819422 0.6735687 -0.37707185 0.68366910 -0.51933059 -0.34743218 0.003773 1789528534.378394127 34.991 21.308 0.459 0.00000 -1 ACTUAL_TF
21.7116 0.1933271 -1.6820886 0.6737146 -0.37707516 0.68367411 -0.51932534 -0.34742658 0.003817 1789528534.434444427 35.068 21.230 0.256 0.00000 -1 ACTUAL_TF
21.7721 0.1933934 -1.6822224 0.6738633 -0.37707064 0.68366858 -0.51933466 -0.34742842 0.003800 1789528534.490478754 35.138 21.160 0.063 0.00000 -1 ACTUAL_TF
21.8319 0.1934697 -1.6823750 0.6740200 -0.37707118 0.68367173 -0.51933233 -0.34742511 0.003901 1789528534.546460867 35.218 21.080 0.167 0.00000 -1 ACTUAL_TF
21.8856 0.1935415 -1.6825081 0.6741606 -0.37706977 0.68366323 -0.51934086 -0.34743064 0.003838 1789528534.602432251 35.293 21.005 0.357 0.00000 -1 ACTUAL_TF
21.9357 0.1936141 -1.6826464 0.6743068 -0.37707023 0.68365788 -0.51934159 -0.34743957 0.003833 1789528534.658405542 35.369 20.929 0.557 0.00000 -1 ACTUAL_TF
21.9962 0.1936909 -1.6827752 0.6744292 -0.37706670 0.68366101 -0.51933822 -0.34744228 0.003719 1789528534.714447260 35.449 20.849 0.733 0.00000 -1 ACTUAL_TF
22.0533 0.1937556 -1.6828807 0.6745359 -0.37705728 0.68365659 -0.51934631 -0.34744911 0.003479 1789528534.770429850 35.516 20.782 0.882 0.00000 -1 ACTUAL_TF
22.1036 0.1938147 -1.6829808 0.6746261 -0.37706406 0.68366071 -0.51932886 -0.34745972 0.003224 1789528534.826411486 35.577 20.721 1.016 0.00000 -1 ACTUAL_TF
22.1643 0.1938731 -1.6830708 0.6747012 -0.37704316 0.68367242 -0.51932883 -0.34745942 0.002958 1789528534.882406712 35.638 20.660 1.132 0.00000 -1 ACTUAL_TF
22.2205 0.1939264 -1.6831654 0.6747725 -0.37703880 0.68367886 -0.51931463 -0.34747269 0.002767 1789528534.938370705 35.693 20.605 1.249 0.00000 -1 ACTUAL_TF
22.2806 0.1939684 -1.6832443 0.6748258 -0.37702363 0.68369165 -0.51930276 -0.34748174 0.002493 1789528534.994499922 35.737 20.561 1.342 0.00000 -1 ACTUAL_TF
22.3302 0.1940522 -1.6833134 0.6748799 -0.37701911 0.68370109 -0.51929242 -0.34748351 0.002397 1789528535.050326347 35.822 20.476 1.428 0.00000 -1 ACTUAL_TF
22.3911 0.1941419 -1.6833686 0.6749320 -0.37701089 0.68370206 -0.51929734 -0.34748318 0.002307 1789528535.106384993 35.913 20.385 1.502 0.00000 -1 ACTUAL_TF
22.4437 0.1942552 -1.6834133 0.6749704 -0.37701347 0.68370655 -0.51928979 -0.34748284 0.002299 1789528535.162388802 36.028 20.271 1.559 0.00000 -1 ACTUAL_TF
22.5077 0.1943718 -1.6834495 0.6749995 -0.37700586 0.68371313 -0.51928651 -0.34748304 0.002282 1789528535.218345642 36.145 20.153 1.604 0.00000 -1 ACTUAL_TF
22.5569 0.1944902 -1.6834677 0.6750152 -0.37700386 0.68371289 -0.51928782 -0.34748372 0.002245 1789528535.274366617 36.264 20.034 1.626 0.00000 -1 ACTUAL_TF
22.6144 0.1946788 -1.6834671 0.6750247 -0.37700867 0.68371516 -0.51929064 -0.34746982 0.002583 1789528535.330384016 36.452 19.846 1.628 0.00000 -1 ACTUAL_TF
22.6618 0.1948197 -1.6834621 0.6750294 -0.37701010 0.68371377 -0.51929061 -0.34747104 0.002564 1789528535.386363745 36.593 19.705 1.626 0.00000 -1 ACTUAL_TF
22.7228 0.1950169 -1.6834625 0.6750526 -0.37699955 0.68370698 -0.51930873 -0.34746878 0.002857 1789528535.442462683 36.791 19.508 1.638 0.00000 -1 ACTUAL_TF
22.7791 0.1951989 -1.6834606 0.6750722 -0.37699050 0.68369905 -0.51932924 -0.34746355 0.002982 1789528535.498332262 36.973 19.326 1.647 0.00000 -1 ACTUAL_TF
22.8355 0.1954132 -1.6834488 0.6750941 -0.37697906 0.68369078 -0.51935273 -0.34745711 0.003243 1789528535.554342270 37.187 19.112 1.650 0.00000 -1 ACTUAL_TF
22.8962 0.1955901 -1.6834491 0.6751182 -0.37695892 0.68368510 -0.51937610 -0.34745521 0.003227 1789528535.610349655 37.364 18.934 1.664 0.00000 -1 ACTUAL_TF
22.9432 0.1958248 -1.6834367 0.6751461 -0.37694317 0.68367424 -0.51940918 -0.34744423 0.003528 1789528535.666277647 37.598 18.700 1.672 0.00000 -1 ACTUAL_TF
23.0067 0.1960241 -1.6834343 0.6751758 -0.37691565 0.68366825 -0.51943852 -0.34744199 0.003548 1789528535.722371817 37.798 18.500 1.688 0.00000 -1 ACTUAL_TF
23.0536 0.1961766 -1.6834122 0.6751874 -0.37689687 0.68366548 -0.51945695 -0.34744027 0.003310 1789528535.778396845 37.950 18.348 1.679 0.00000 -1 ACTUAL_TF
23.1130 0.1963594 -1.6833810 0.6751860 -0.37688301 0.68366010 -0.51947921 -0.34743260 0.003311 1789528535.834378004 38.132 18.166 1.654 0.00000 -1 ACTUAL_TF
23.1711 0.1964974 -1.6833378 0.6751630 -0.37688212 0.68365621 -0.51948965 -0.34742561 0.003100 1789528535.890552521 38.269 18.029 1.607 0.00000 -1 ACTUAL_TF
23.2289 0.1966387 -1.6832695 0.6750989 -0.37688241 0.68365824 -0.51948983 -0.34742104 0.003081 1789528535.946413040 38.409 17.889 1.511 0.00000 -1 ACTUAL_TF
23.2854 0.1967256 -1.6831992 0.6750257 -0.37688953 0.68366305 -0.51947926 -0.34741966 0.002873 1789528536.002375364 38.494 17.804 1.408 0.00000 -1 ACTUAL_TF
23.3363 0.1968589 -1.6831035 0.6749266 -0.37690660 0.68366480 -0.51946961 -0.34741212 0.003037 1789528536.058388948 38.625 17.673 1.269 0.00000 -1 ACTUAL_TF
23.3933 0.1969538 -1.6829951 0.6748048 -0.37692490 0.68367298 -0.51944637 -0.34741092 0.003129 1789528536.114828348 38.717 17.581 1.105 0.00000 -1 ACTUAL_TF
23.4518 0.1970232 -1.6829061 0.6747007 -0.37693656 0.68368120 -0.51942531 -0.34741359 0.003021 1789528536.170292854 38.785 17.514 0.967 0.00000 -1 ACTUAL_TF
23.5122 0.1970957 -1.6827805 0.6745563 -0.37695948 0.68368821 -0.51939563 -0.34741928 0.003210 1789528536.226328850 38.854 17.444 0.774 0.00000 -1 ACTUAL_TF
23.5618 0.1971602 -1.6826614 0.6744190 -0.37698654 0.68369259 -0.51936807 -0.34742250 0.003281 1789528536.282293558 38.916 17.383 0.592 0.00000 -1 ACTUAL_TF
23.6212 0.1972294 -1.6825404 0.6742897 -0.37700810 0.68367544 -0.51936077 -0.34744376 0.003314 1789528536.338369131 38.982 17.317 0.415 0.00000 -1 ACTUAL_TF
23.6817 0.1972745 -1.6824027 0.6741379 -0.37703374 0.68367187 -0.51933723 -0.34745816 0.003445 1789528536.394303083 39.023 17.275 0.212 0.00000 -1 ACTUAL_TF
23.7317 0.1973317 -1.6822426 0.6739645 -0.37706023 0.68366293 -0.51931878 -0.34747460 0.003711 1789528536.450376034 39.077 17.222 0.063 0.00000 -1 ACTUAL_TF
23.7945 0.1973876 -1.6821214 0.6738331 -0.37702994 0.68368130 -0.51932727 -0.34745862 0.003601 1789528536.506389618 39.130 17.169 0.218 0.00000 -1 ACTUAL_TF
23.8433 0.1974465 -1.6819694 0.6736785 -0.37703949 0.68367133 -0.51932198 -0.34747579 0.003726 1789528536.562298298 39.185 17.113 0.433 0.00000 -1 ACTUAL_TF
23.9030 0.1975157 -1.6818254 0.6735350 -0.37704943 0.68367191 -0.51931560 -0.34747339 0.003760 1789528536.618261814 39.251 17.048 0.637 0.00000 -1 ACTUAL_TF
23.9530 0.1976001 -1.6816729 0.6733873 -0.37704876 0.68366451 -0.51932800 -0.34747015 0.003852 1789528536.674414635 39.331 16.967 0.851 0.00000 -1 ACTUAL_TF
24.0106 0.1976637 -1.6815151 0.6732300 -0.37704485 0.68366389 -0.51933019 -0.34747232 0.003937 1789528536.730459929 39.391 16.907 1.074 0.00000 -1 ACTUAL_TF
24.0708 0.1977288 -1.6813903 0.6731022 -0.37704725 0.68366127 -0.51933333 -0.34747019 0.003775 1789528536.786426783 39.453 16.845 1.254 0.00000 -1 ACTUAL_TF
24.1184 0.1977955 -1.6812506 0.6729619 -0.37704895 0.68365795 -0.51933526 -0.34747199 0.003761 1789528536.842458725 39.517 16.782 1.453 0.00000 -1 ACTUAL_TF
24.1776 0.1978442 -1.6811406 0.6728493 -0.37704153 0.68366220 -0.51933533 -0.34747159 0.003514 1789528536.898529530 39.563 16.736 1.611 0.00000 -1 ACTUAL_TF
24.2375 0.1979164 -1.6810013 0.6727008 -0.37704657 0.68366445 -0.51933117 -0.34746791 0.003619 1789528536.954418659 39.632 16.667 1.815 0.00000 -1 ACTUAL_TF
24.2941 0.1979779 -1.6809091 0.6726062 -0.37704157 0.68366996 -0.51933016 -0.34746399 0.003314 1789528537.010464191 39.691 16.607 1.948 0.00000 -1 ACTUAL_TF
24.3467 0.1980508 -1.6808141 0.6725065 -0.37703281 0.68367065 -0.51933558 -0.34746403 0.003154 1789528537.066492558 39.761 16.537 2.087 0.00000 -1 ACTUAL_TF
24.4090 0.1981365 -1.6807400 0.6724342 -0.37703119 0.68366759 -0.51934055 -0.34746439 0.002929 1789528537.122431993 39.845 16.453 2.192 0.00000 -1 ACTUAL_TF
24.4593 0.1982154 -1.6806826 0.6723790 -0.37703278 0.68366558 -0.51934295 -0.34746304 0.002650 1789528537.178509712 39.923 16.375 2.273 0.00000 -1 ACTUAL_TF
24.5186 0.1983074 -1.6806259 0.6723215 -0.37703282 0.68366392 -0.51934588 -0.34746188 0.002511 1789528537.234479904 40.013 16.285 2.355 0.00000 -1 ACTUAL_TF
24.5671 0.1983963 -1.6805826 0.6722830 -0.37703357 0.68366301 -0.51934986 -0.34745691 0.002327 1789528537.290436268 40.101 16.197 2.415 0.00000 -1 ACTUAL_TF
24.6267 0.1984954 -1.6805550 0.6722573 -0.37702561 0.68366239 -0.51935752 -0.34745530 0.002197 1789528537.346444368 40.200 16.098 2.454 0.00000 -1 ACTUAL_TF
24.6858 0.1985734 -1.6805442 0.6722431 -0.37701653 0.68366092 -0.51936795 -0.34745247 0.001966 1789528537.402475357 40.277 16.021 2.473 0.00000 -1 ACTUAL_TF
24.7428 0.1986706 -1.6805427 0.6722450 -0.37699738 0.68366066 -0.51938266 -0.34745176 0.001897 1789528537.458428383 40.375 15.924 2.474 0.00000 -1 ACTUAL_TF
24.7924 0.1987511 -1.6805559 0.6722583 -0.37697987 0.68365807 -0.51940019 -0.34744964 0.001771 1789528537.514402390 40.455 15.843 2.457 0.00000 -1 ACTUAL_TF
24.8502 0.1988390 -1.6805856 0.6722785 -0.37695163 0.68365647 -0.51942256 -0.34745000 0.001749 1789528537.570295572 40.544 15.754 2.423 0.00000 -1 ACTUAL_TF
24.9080 0.1989175 -1.6806285 0.6722997 -0.37692222 0.68365780 -0.51944172 -0.34745064 0.001716 1789528537.626485825 40.623 15.675 2.379 0.00000 -1 ACTUAL_TF
24.9649 0.1989738 -1.6806657 0.6723092 -0.37690739 0.68366065 -0.51944800 -0.34745175 0.001563 1789528537.682865381 40.680 15.618 2.347 0.00000 -1 ACTUAL_TF
25.0230 0.1990214 -1.6806816 0.6722590 -0.37696784 0.68367425 -0.51937906 -0.34746245 0.001479 1789528537.738327026 40.728 15.570 2.372 0.00000 -1 ACTUAL_TF
25.0790 0.1990727 -1.6807208 0.6722549 -0.37698637 0.68368534 -0.51934985 -0.34746419 0.001382 1789528537.794287205 40.780 15.518 2.349 0.00000 -1 ACTUAL_TF
25.1370 0.1991514 -1.6808039 0.6723005 -0.37700444 0.68369337 -0.51932450 -0.34746667 0.001624 1789528537.850577116 40.860 15.438 2.260 0.00000 -1 ACTUAL_TF
25.1872 0.1992389 -1.6809133 0.6723898 -0.37700934 0.68369731 -0.51931657 -0.34746547 0.002030 1789528537.906385899 40.950 15.348 2.122 0.00000 -1 ACTUAL_TF
25.2460 0.1993684 -1.6810578 0.6725267 -0.37701414 0.68370827 -0.51930591 -0.34745462 0.002692 1789528537.962406397 41.083 15.215 1.925 0.00000 -1 ACTUAL_TF
25.3011 0.1994621 -1.6811798 0.6726505 -0.37701643 0.68370718 -0.51930447 -0.34745641 0.002942 1789528538.018448114 41.180 15.119 1.753 0.00000 -1 ACTUAL_TF
25.3596 0.1995911 -1.6813275 0.6727972 -0.37701552 0.68371279 -0.51930338 -0.34744801 0.003373 1789528538.074369669 41.312 14.986 1.548 0.00000 -1 ACTUAL_TF
25.4080 0.1997138 -1.6814738 0.6729472 -0.37701407 0.68371576 -0.51930188 -0.34744598 0.003661 1789528538.130414248 41.438 14.860 1.341 0.00000 -1 ACTUAL_TF
25.4673 0.1997994 -1.6815644 0.6730360 -0.37702508 0.68371912 -0.51928917 -0.34744642 0.003383 1789528538.186396599 41.526 14.772 1.216 0.00000 -1 ACTUAL_TF
25.5267 0.1999193 -1.6816929 0.6731648 -0.37702110 0.68371813 -0.51929312 -0.34744678 0.003538 1789528538.242289305 41.649 14.649 1.037 0.00000 -1 ACTUAL_TF
25.5848 0.2000102 -1.6817768 0.6732439 -0.37702685 0.68372386 -0.51928317 -0.34744412 0.003261 1789528538.298416376 41.742 14.556 0.924 0.00000 -1 ACTUAL_TF
25.6297 0.2001363 -1.6819021 0.6733777 -0.37702280 0.68371854 -0.51929239 -0.34744521 0.003475 1789528538.354406118 41.871 14.427 0.743 0.00000 -1 ACTUAL_TF
25.6879 0.2002307 -1.6819867 0.6734621 -0.37702789 0.68372313 -0.51928637 -0.34743967 0.003248 1789528538.410434484 41.967 14.331 0.627 0.00000 -1 ACTUAL_TF
25.7515 0.2003667 -1.6821252 0.6736063 -0.37702541 0.68372022 -0.51929416 -0.34743644 0.003569 1789528538.466423750 42.107 14.191 0.432 0.00000 -1 ACTUAL_TF
25.8006 0.2004880 -1.6822567 0.6737367 -0.37702219 0.68372354 -0.51929505 -0.34743208 0.003685 1789528538.522373915 42.231 14.067 0.256 0.00000 -1 ACTUAL_TF
25.8637 0.2005754 -1.6823535 0.6738297 -0.37702996 0.68373118 -0.51928062 -0.34743017 0.003429 1789528538.578951597 42.321 13.977 0.143 0.00000 -1 ACTUAL_TF
25.9117 0.2007149 -1.6825213 0.6740111 -0.37701653 0.68372910 -0.51929675 -0.34742471 0.003936 1789528538.634401321 42.464 13.834 0.163 0.00000 -1 ACTUAL_TF
25.9674 0.2008159 -1.6826483 0.6741395 -0.37701287 0.68373382 -0.51929623 -0.34742019 0.003861 1789528538.690518856 42.568 13.730 0.329 0.00000 -1 ACTUAL_TF
26.0218 0.2009463 -1.6828173 0.6743210 -0.37700285 0.68372689 -0.51931114 -0.34742240 0.004205 1789528538.746480465 42.703 13.595 0.569 0.00000 -1 ACTUAL_TF
26.0791 0.2010479 -1.6829566 0.6744715 -0.37700389 0.68371607 -0.51931866 -0.34743133 0.004169 1789528538.802478075 42.808 13.490 0.770 0.00000 -1 ACTUAL_TF
26.1346 0.2011591 -1.6831004 0.6746195 -0.37700910 0.68371154 -0.51931681 -0.34743735 0.004174 1789528538.858487129 42.923 13.376 0.973 0.00000 -1 ACTUAL_TF
26.1892 0.2012467 -1.6832098 0.6747266 -0.37701871 0.68371237 -0.51930592 -0.34744157 0.003869 1789528538.914343834 43.013 13.286 1.125 0.00000 -1 ACTUAL_TF
26.2458 0.2013643 -1.6833485 0.6748718 -0.37701143 0.68370837 -0.51931538 -0.34744320 0.003953 1789528538.970431805 43.134 13.165 1.323 0.00000 -1 ACTUAL_TF
26.3059 0.2014661 -1.6834646 0.6749862 -0.37700905 0.68370718 -0.51931539 -0.34744812 0.003799 1789528539.026333570 43.238 13.060 1.484 0.00000 -1 ACTUAL_TF
26.3650 0.2015539 -1.6835370 0.6750570 -0.37701269 0.68370668 -0.51931255 -0.34744939 0.003378 1789528539.082247734 43.328 12.971 1.584 0.00000 -1 ACTUAL_TF
26.4200 0.2016670 -1.6836153 0.6751362 -0.37701652 0.68370264 -0.51931322 -0.34745219 0.003212 1789528539.138400316 43.443 12.856 1.693 0.00000 -1 ACTUAL_TF
26.4816 0.2017727 -1.6836752 0.6751992 -0.37701254 0.68369837 -0.51932253 -0.34745099 0.002983 1789528539.194330692 43.550 12.748 1.778 0.00000 -1 ACTUAL_TF
26.5280 0.2018749 -1.6837172 0.6752420 -0.37702063 0.68369613 -0.51931673 -0.34745530 0.002723 1789528539.250315666 43.653 12.645 1.836 0.00000 -1 ACTUAL_TF
26.5888 0.2019595 -1.6837348 0.6752560 -0.37702321 0.68369731 -0.51931213 -0.34745705 0.002375 1789528539.306341410 43.738 12.560 1.857 0.00000 -1 ACTUAL_TF
26.6456 0.2020669 -1.6837428 0.6752633 -0.37702188 0.68370087 -0.51931091 -0.34745331 0.002242 1789528539.362256527 43.846 12.453 1.866 0.00000 -1 ACTUAL_TF
26.7031 0.2021578 -1.6837542 0.6752759 -0.37701769 0.68369805 -0.51931550 -0.34745654 0.002064 1789528539.418362617 43.937 12.362 1.881 0.00000 -1 ACTUAL_TF
26.7512 0.2022780 -1.6837607 0.6752927 -0.37701564 0.68369092 -0.51932547 -0.34745790 0.002095 1789528539.474377632 44.057 12.241 1.896 0.00000 -1 ACTUAL_TF
26.8102 0.2023990 -1.6837579 0.6753048 -0.37700751 0.68368802 -0.51933504 -0.34745813 0.002118 1789528539.530374289 44.178 12.120 1.900 0.00000 -1 ACTUAL_TF
26.8707 0.2025137 -1.6837523 0.6753179 -0.37700078 0.68368299 -0.51934906 -0.34745437 0.002101 1789528539.586446285 44.293 12.005 1.903 0.00000 -1 ACTUAL_TF
26.9233 0.2026434 -1.6837412 0.6753334 -0.37698852 0.68367907 -0.51936499 -0.34745156 0.002172 1789528539.642566204 44.422 11.876 1.904 0.00000 -1 ACTUAL_TF
26.9861 0.2027614 -1.6837299 0.6753485 -0.37697972 0.68367310 -0.51938372 -0.34744486 0.002162 1789528539.698389769 44.540 11.758 1.905 0.00000 -1 ACTUAL_TF
27.0337 0.2028943 -1.6837071 0.6753630 -0.37696687 0.68366983 -0.51940163 -0.34743848 0.002241 1789528539.754338026 44.673 11.625 1.897 0.00000 -1 ACTUAL_TF
27.0996 0.2030189 -1.6836867 0.6753765 -0.37695790 0.68366518 -0.51941943 -0.34743074 0.002248 1789528539.810394049 44.797 11.501 1.891 0.00000 -1 ACTUAL_TF
27.1453 0.2031528 -1.6836450 0.6753721 -0.37694679 0.68366531 -0.51943014 -0.34742653 0.002325 1789528539.866450787 44.930 11.368 1.858 0.00000 -1 ACTUAL_TF
27.2058 0.2032783 -1.6835826 0.6753353 -0.37694614 0.68366676 -0.51943181 -0.34742187 0.002404 1789528539.922406673 45.054 11.244 1.787 0.00000 -1 ACTUAL_TF
27.2554 0.2033672 -1.6835052 0.6752669 -0.37695379 0.68366676 -0.51942486 -0.34742396 0.002414 1789528539.978350163 45.142 11.157 1.683 0.00000 -1 ACTUAL_TF
27.3119 0.2034342 -1.6833767 0.6751320 -0.37697460 0.68367193 -0.51939671 -0.34743330 0.002749 1789528540.034396887 45.205 11.093 1.496 0.00000 -1 ACTUAL_TF
27.3686 0.2035156 -1.6832741 0.6750368 -0.37698896 0.68365557 -0.51939934 -0.34744599 0.002792 1789528540.090391874 45.284 11.014 1.355 0.00000 -1 ACTUAL_TF
27.4258 0.2035729 -1.6831267 0.6748712 -0.37700839 0.68365546 -0.51937602 -0.34745998 0.003182 1789528540.146364927 45.338 10.960 1.133 0.00000 -1 ACTUAL_TF
27.4858 0.2036460 -1.6829973 0.6747324 -0.37700218 0.68366108 -0.51937609 -0.34745556 0.003318 1789528540.202320337 45.408 10.890 0.943 0.00000 -1 ACTUAL_TF
27.5429 0.2037413 -1.6828316 0.6745496 -0.37701589 0.68366446 -0.51936519 -0.34745032 0.003738 1789528540.258377790 45.499 10.799 0.695 0.00000 -1 ACTUAL_TF
27.5914 0.2037925 -1.6827050 0.6744094 -0.37702271 0.68366996 -0.51934909 -0.34745618 0.003664 1789528540.314414024 45.547 10.751 0.507 0.00000 -1 ACTUAL_TF
27.6476 0.2038922 -1.6825567 0.6742530 -0.37701985 0.68367163 -0.51935217 -0.34745138 0.003838 1789528540.370375156 45.643 10.655 0.294 0.00000 -1 ACTUAL_TF
27.7080 0.2039758 -1.6824244 0.6741156 -0.37702872 0.68367364 -0.51934584 -0.34744726 0.003802 1789528540.426396608 45.724 10.575 0.121 0.00000 -1 ACTUAL_TF
27.7681 0.2040789 -1.6823058 0.6739929 -0.37703024 0.68366812 -0.51934959 -0.34745085 0.003731 1789528540.482316494 45.824 10.474 0.115 0.00000 -1 ACTUAL_TF
27.8193 0.2041848 -1.6821665 0.6738484 -0.37703331 0.68367137 -0.51934528 -0.34744759 0.003827 1789528540.538317919 45.927 10.372 0.295 0.00000 -1 ACTUAL_TF
27.8783 0.2042838 -1.6820786 0.6737568 -0.37703436 0.68366872 -0.51935089 -0.34744328 0.003542 1789528540.594264507 46.023 10.275 0.420 0.00000 -1 ACTUAL_TF
27.9274 0.2043859 -1.6819673 0.6736447 -0.37703295 0.68367028 -0.51935064 -0.34744210 0.003486 1789528540.650315285 46.123 10.175 0.578 0.00000 -1 ACTUAL_TF
27.9862 0.2044722 -1.6818835 0.6735594 -0.37702959 0.68367048 -0.51935203 -0.34744327 0.003230 1789528540.706343174 46.207 10.091 0.698 0.00000 -1 ACTUAL_TF
28.0439 0.2045765 -1.6817841 0.6734515 -0.37702609 0.68367014 -0.51935427 -0.34744440 0.003222 1789528540.762520552 46.309 9.989 0.846 0.00000 -1 ACTUAL_TF
28.1020 0.2046585 -1.6817022 0.6733710 -0.37702351 0.68366856 -0.51935613 -0.34744754 0.003014 1789528540.818333864 46.389 9.909 0.962 0.00000 -1 ACTUAL_TF
28.1611 0.2047866 -1.6815882 0.6732515 -0.37702313 0.68367084 -0.51935541 -0.34744453 0.003231 1789528540.874264240 46.514 9.784 1.128 0.00000 -1 ACTUAL_TF
28.2106 0.2048950 -1.6814642 0.6731137 -0.37702513 0.68367551 -0.51934728 -0.34744532 0.003410 1789528540.930347443 46.620 9.679 1.314 0.00000 -1 ACTUAL_TF
28.2707 0.2050190 -1.6813575 0.6730094 -0.37703027 0.68366716 -0.51935639 -0.34744254 0.003426 1789528540.986379862 46.741 9.557 1.466 0.00000 -1 ACTUAL_TF
28.3201 0.2051353 -1.6812181 0.6728624 -0.37703374 0.68367281 -0.51934707 -0.34744160 0.003651 1789528541.042316675 46.854 9.444 1.670 0.00000 -1 ACTUAL_TF
28.3759 0.2052483 -1.6811230 0.6727569 -0.37702945 0.68367711 -0.51934536 -0.34744036 0.003528 1789528541.098329782 46.965 9.334 1.813 0.00000 -1 ACTUAL_TF
28.4321 0.2053823 -1.6809978 0.6726281 -0.37703402 0.68367876 -0.51934177 -0.34743750 0.003670 1789528541.154331684 47.096 9.203 1.995 0.00000 -1 ACTUAL_TF
28.4898 0.2054941 -1.6809157 0.6725424 -0.37702462 0.68368061 -0.51934311 -0.34744207 0.003441 1789528541.210410595 47.205 9.093 2.115 0.00000 -1 ACTUAL_TF
28.5469 0.2056166 -1.6808335 0.6724505 -0.37702261 0.68368124 -0.51934320 -0.34744287 0.003340 1789528541.266402006 47.326 8.972 2.241 0.00000 -1 ACTUAL_TF
28.6058 0.2057339 -1.6807975 0.6724181 -0.37701627 0.68367694 -0.51935547 -0.34743989 0.003018 1789528541.322356701 47.442 8.856 2.291 0.00000 -1 ACTUAL_TF
28.6618 0.2058578 -1.6807733 0.6723975 -0.37700350 0.68367537 -0.51936880 -0.34743690 0.002797 1789528541.378463268 47.566 8.733 2.325 0.00000 -1 ACTUAL_TF
28.7132 0.2059729 -1.6807758 0.6723999 -0.37698098 0.68367432 -0.51938785 -0.34743492 0.002576 1789528541.434334278 47.681 8.618 2.323 0.00000 -1 ACTUAL_TF
28.7759 0.2060615 -1.6807965 0.6724174 -0.37695739 0.68367232 -0.51940849 -0.34743360 0.002300 1789528541.490324974 47.770 8.528 2.298 0.00000 -1 ACTUAL_TF
28.8277 0.2061730 -1.6808278 0.6724448 -0.37692945 0.68366780 -0.51943706 -0.34743009 0.002247 1789528541.546354055 47.882 8.416 2.258 0.00000 -1 ACTUAL_TF
28.8801 0.2062384 -1.6808559 0.6724609 -0.37690520 0.68367007 -0.51945145 -0.34743041 0.001964 1789528541.602299213 47.948 8.350 2.228 0.00000 -1 ACTUAL_TF
28.9377 0.2063180 -1.6808884 0.6724780 -0.37688394 0.68367047 -0.51946651 -0.34743019 0.001844 1789528541.658357382 48.028 8.270 2.194 0.00000 -1 ACTUAL_TF
28.9995 0.2063755 -1.6809129 0.6724786 -0.37687766 0.68367614 -0.51946569 -0.34742705 0.001626 1789528541.714372158 48.086 8.212 2.177 0.00000 -1 ACTUAL_TF
29.0478 0.2064099 -1.6809148 0.6724283 -0.37694061 0.68368766 -0.51939747 -0.34743810 0.001463 1789528541.770629168 48.120 8.178 2.212 0.00000 -1 ACTUAL_TF
29.1068 0.2064472 -1.6809435 0.6724214 -0.37694785 0.68369241 -0.51938417 -0.34744077 0.001280 1789528541.826536417 48.158 8.140 2.198 0.00000 -1 ACTUAL_TF
29.1621 0.2064839 -1.6809873 0.6724227 -0.37697761 0.68369865 -0.51934980 -0.34744759 0.001202 1789528541.882466078 48.195 8.103 2.167 0.00000 -1 ACTUAL_TF
29.2198 0.2065559 -1.6810705 0.6724856 -0.37699366 0.68370123 -0.51933589 -0.34744588 0.001521 1789528541.938420773 48.269 8.029 2.066 0.00000 -1 ACTUAL_TF
29.2768 0.2066210 -1.6811515 0.6725637 -0.37701550 0.68369567 -0.51932572 -0.34744833 0.001749 1789528541.995435953 48.336 7.962 1.955 0.00000 -1 ACTUAL_TF
29.3302 0.2067263 -1.6812747 0.6726996 -0.37702341 0.68369311 -0.51933009 -0.34743824 0.002378 1789528542.050426006 48.445 7.854 1.773 0.00000 -1 ACTUAL_TF
29.3877 0.2068176 -1.6813892 0.6728302 -0.37704550 0.68367820 -0.51933150 -0.34744150 0.002714 1789528542.106494665 48.539 7.760 1.601 0.00000 -1 ACTUAL_TF
29.4462 0.2069341 -1.6815394 0.6730049 -0.37705302 0.68366360 -0.51934729 -0.34743847 0.003283 1789528542.162492037 48.659 7.639 1.373 0.00000 -1 ACTUAL_TF
29.4947 0.2070201 -1.6816747 0.6731552 -0.37705986 0.68365781 -0.51935214 -0.34743520 0.003477 1789528542.218415976 48.748 7.550 1.172 0.00000 -1 ACTUAL_TF
29.5572 0.2071048 -1.6818516 0.6733372 -0.37706236 0.68365201 -0.51935614 -0.34743792 0.003867 1789528542.274437189 48.837 7.461 0.919 0.00000 -1 ACTUAL_TF
29.6086 0.2071743 -1.6820119 0.6734995 -0.37706622 0.68364722 -0.51935643 -0.34744272 0.003983 1789528542.330464125 48.911 7.388 0.693 0.00000 -1 ACTUAL_TF
29.6711 0.2072322 -1.6821314 0.6736145 -0.37707570 0.68364973 -0.51934676 -0.34744194 0.003730 1789528542.386449575 48.971 7.327 0.528 0.00000 -1 ACTUAL_TF
29.7287 0.2073068 -1.6822950 0.6737815 -0.37706741 0.68364488 -0.51935649 -0.34744594 0.003926 1789528542.442428589 49.050 7.248 0.297 0.00000 -1 ACTUAL_TF
29.7827 0.2073678 -1.6824115 0.6739012 -0.37707352 0.68363932 -0.51935448 -0.34745326 0.003701 1789528542.498406172 49.114 7.185 0.133 0.00000 -1 ACTUAL_TF
29.8336 0.2074535 -1.6825602 0.6740504 -0.37706552 0.68363807 -0.51936001 -0.34745612 0.003809 1789528542.554409981 49.203 7.095 0.088 0.00000 -1 ACTUAL_TF
29.8932 0.2075280 -1.6826786 0.6741695 -0.37706136 0.68363636 -0.51936229 -0.34746060 0.003649 1789528542.610479832 49.280 7.018 0.250 0.00000 -1 ACTUAL_TF
29.9479 0.2076100 -1.6828043 0.6742891 -0.37705149 0.68364386 -0.51935970 -0.34746042 0.003581 1789528542.666541815 49.365 6.933 0.421 0.00000 -1 ACTUAL_TF
30.0068 0.2076780 -1.6828981 0.6743773 -0.37704675 0.68365107 -0.51935386 -0.34746013 0.003290 1789528542.722357512 49.435 6.863 0.549 0.00000 -1 ACTUAL_TF
30.0648 0.2077545 -1.6830164 0.6744872 -0.37704028 0.68365630 -0.51934533 -0.34746960 0.003259 1789528542.778392792 49.515 6.784 0.709 0.00000 -1 ACTUAL_TF
30.1153 0.2078310 -1.6831292 0.6745866 -0.37701436 0.68366948 -0.51934755 -0.34746848 0.003185 1789528542.834382772 49.594 6.705 0.858 0.00000 -1 ACTUAL_TF
30.1745 0.2078868 -1.6832213 0.6746649 -0.37701138 0.68367569 -0.51933408 -0.34747961 0.002943 1789528542.890368223 49.652 6.647 0.977 0.00000 -1 ACTUAL_TF
30.2342 0.2079739 -1.6833166 0.6747383 -0.37699940 0.68369516 -0.51931764 -0.34747888 0.002856 1789528542.946379423 49.741 6.558 1.096 0.00000 -1 ACTUAL_TF
30.2791 0.2080700 -1.6833860 0.6747974 -0.37699051 0.68370085 -0.51931662 -0.34747883 0.002708 1789528543.002424955 49.838 6.460 1.185 0.00000 -1 ACTUAL_TF
30.3364 0.2082117 -1.6834572 0.6748626 -0.37699321 0.68370505 -0.51931023 -0.34747721 0.002815 1789528543.058393240 49.982 6.317 1.279 0.00000 -1 ACTUAL_TF
30.3977 0.2083214 -1.6835102 0.6749051 -0.37698787 0.68371748 -0.51929791 -0.34747694 0.002661 1789528543.114457130 50.093 6.206 1.345 0.00000 -1 ACTUAL_TF
30.4482 0.2084884 -1.6835810 0.6749740 -0.37698099 0.68371865 -0.51930093 -0.34747760 0.002901 1789528543.170493841 50.261 6.037 1.441 0.00000 -1 ACTUAL_TF
30.5081 0.2086518 -1.6836217 0.6750146 -0.37698768 0.68371809 -0.51930025 -0.34747245 0.002959 1789528543.226477146 50.426 5.873 1.496 0.00000 -1 ACTUAL_TF
30.5667 0.2088306 -1.6836600 0.6750533 -0.37698879 0.68371710 -0.51929637 -0.34747900 0.003074 1789528543.282397509 50.605 5.693 1.547 0.00000 -1 ACTUAL_TF
30.6200 0.2090213 -1.6836833 0.6750784 -0.37698977 0.68371876 -0.51929637 -0.34747468 0.003190 1789528543.338409901 50.797 5.502 1.578 0.00000 -1 ACTUAL_TF
30.6805 0.2091922 -1.6837023 0.6751003 -0.37698933 0.68371733 -0.51930193 -0.34746965 0.003163 1789528543.394306660 50.968 5.330 1.604 0.00000 -1 ACTUAL_TF
30.7329 0.2093728 -1.6837120 0.6751151 -0.37698631 0.68371789 -0.51930359 -0.34746936 0.003184 1789528543.450449944 51.149 5.150 1.618 0.00000 -1 ACTUAL_TF
30.7839 0.2095031 -1.6837141 0.6751191 -0.37697611 0.68372439 -0.51930124 -0.34747114 0.002928 1789528543.506394625 51.279 5.019 1.620 0.00000 -1 ACTUAL_TF
30.8426 0.2096891 -1.6837113 0.6751302 -0.37697358 0.68372140 -0.51931119 -0.34746491 0.003047 1789528543.562415123 51.465 4.833 1.622 0.00000 -1 ACTUAL_TF
30.8973 0.2098199 -1.6837134 0.6751462 -0.37696178 0.68371795 -0.51932238 -0.34746776 0.002839 1789528543.618413210 51.596 4.702 1.632 0.00000 -1 ACTUAL_TF
30.9524 0.2099883 -1.6837042 0.6751664 -0.37695156 0.68371022 -0.51934195 -0.34746482 0.002897 1789528543.674433231 51.764 4.534 1.636 0.00000 -1 ACTUAL_TF
31.0116 0.2101343 -1.6836933 0.6751850 -0.37694384 0.68370147 -0.51936384 -0.34745770 0.002818 1789528543.730458498 51.910 4.388 1.639 0.00000 -1 ACTUAL_TF
31.0734 0.2102881 -1.6836793 0.6752047 -0.37692985 0.68369553 -0.51938586 -0.34745165 0.002807 1789528543.786489725 52.064 4.234 1.640 0.00000 -1 ACTUAL_TF
31.1222 0.2104542 -1.6836642 0.6752271 -0.37691136 0.68368986 -0.51941180 -0.34744407 0.002868 1789528543.842383146 52.230 4.068 1.643 0.00000 -1 ACTUAL_TF
31.1782 0.2105905 -1.6836401 0.6752417 -0.37690249 0.68368450 -0.51943040 -0.34743642 0.002752 1789528543.898472071 52.366 3.932 1.635 0.00000 -1 ACTUAL_TF
31.2400 0.2107521 -1.6835974 0.6752402 -0.37689821 0.68367893 -0.51944855 -0.34742490 0.002822 1789528543.954464912 52.527 3.772 1.603 0.00000 -1 ACTUAL_TF
31.3018 0.2108561 -1.6835537 0.6752163 -0.37689413 0.68367999 -0.51945259 -0.34742121 0.002594 1789528544.010408640 52.630 3.669 1.554 0.00000 -1 ACTUAL_TF
31.3490 0.2109839 -1.6834633 0.6751424 -0.37691038 0.68368018 -0.51944654 -0.34741224 0.002743 1789528544.066424131 52.755 3.543 1.437 0.00000 -1 ACTUAL_TF
31.4021 0.2110564 -1.6833575 0.6750264 -0.37693752 0.68368323 -0.51942469 -0.34740946 0.002848 1789528544.122349262 52.825 3.473 1.279 0.00000 -1 ACTUAL_TF
31.4580 0.2111366 -1.6832265 0.6748895 -0.37696423 0.68368375 -0.51940085 -0.34741510 0.003094 1789528544.178431034 52.902 3.396 1.089 0.00000 -1 ACTUAL_TF
31.5218 0.2111824 -1.6830875 0.6747463 -0.37699044 0.68366258 -0.51939002 -0.34744451 0.003250 1789528544.235061646 52.945 3.353 0.890 0.00000 -1 ACTUAL_TF
31.5733 0.2112266 -1.6829625 0.6746079 -0.37701604 0.68366133 -0.51936831 -0.34745164 0.003312 1789528544.290518284 52.986 3.312 0.703 0.00000 -1 ACTUAL_TF
31.6300 0.2112753 -1.6827815 0.6744122 -0.37704596 0.68365336 -0.51934694 -0.34746680 0.003769 1789528544.346554518 53.030 3.268 0.439 0.00000 -1 ACTUAL_TF
31.6823 0.2113183 -1.6826611 0.6742817 -0.37702339 0.68366564 -0.51935231 -0.34745912 0.003621 1789528544.402368307 53.070 3.228 0.265 0.00000 -1 ACTUAL_TF
31.7410 0.2113819 -1.6824961 0.6741175 -0.37704123 0.68366076 -0.51934332 -0.34746279 0.003826 1789528544.458417177 53.130 3.168 0.089 0.00000 -1 ACTUAL_TF
31.8056 0.2114286 -1.6823611 0.6739799 -0.37704219 0.68365722 -0.51934425 -0.34746733 0.003740 1789528544.514468670 53.173 3.125 0.197 0.00000 -1 ACTUAL_TF
31.8568 0.2114982 -1.6822011 0.6738235 -0.37704530 0.68365364 -0.51934846 -0.34746471 0.003874 1789528544.570416212 53.239 3.059 0.411 0.00000 -1 ACTUAL_TF
31.9120 0.2115385 -1.6820829 0.6737016 -0.37704237 0.68364767 -0.51935491 -0.34746998 0.003645 1789528544.626524687 53.277 3.022 0.579 0.00000 -1 ACTUAL_TF
31.9604 0.2116087 -1.6819254 0.6735421 -0.37704254 0.68364871 -0.51935791 -0.34746328 0.003813 1789528544.682398081 53.343 2.955 0.802 0.00000 -1 ACTUAL_TF
32.0195 0.2116651 -1.6817875 0.6734044 -0.37703757 0.68364276 -0.51936654 -0.34746747 0.003754 1789528544.738492012 53.396 2.902 0.997 0.00000 -1 ACTUAL_TF
32.0792 0.2116946 -1.6816793 0.6732867 -0.37703165 0.68364398 -0.51936389 -0.34747546 0.003499 1789528544.794486761 53.423 2.875 1.156 0.00000 -1 ACTUAL_TF
32.1297 0.2117698 -1.6815419 0.6731465 -0.37703433 0.68363939 -0.51936740 -0.34747634 0.003577 1789528544.850405693 53.495 2.803 1.353 0.00000 -1 ACTUAL_TF
32.1902 0.2118045 -1.6814518 0.6730452 -0.37702697 0.68364253 -0.51936385 -0.34748344 0.003254 1789528544.906400681 53.527 2.771 1.489 0.00000 -1 ACTUAL_TF
32.2520 0.2118817 -1.6813478 0.6729341 -0.37702663 0.68364488 -0.51936419 -0.34747869 0.003191 1789528544.962460041 53.602 2.696 1.642 0.00000 -1 ACTUAL_TF
32.3060 0.2119452 -1.6812664 0.6728479 -0.37702165 0.68364603 -0.51936669 -0.34747809 0.002954 1789528545.018468618 53.663 2.635 1.761 0.00000 -1 ACTUAL_TF
32.3586 0.2120261 -1.6811722 0.6727503 -0.37702155 0.68364570 -0.51936714 -0.34747817 0.002915 1789528545.074403048 53.742 2.556 1.898 0.00000 -1 ACTUAL_TF
32.4155 0.2120931 -1.6811125 0.6726866 -0.37701572 0.68364607 -0.51936877 -0.34748133 0.002628 1789528545.130515337 53.808 2.491 1.986 0.00000 -1 ACTUAL_TF
32.4756 0.2121975 -1.6810351 0.6726117 -0.37702081 0.68364458 -0.51937024 -0.34747653 0.002644 1789528545.186482906 53.910 2.388 2.096 0.00000 -1 ACTUAL_TF
32.5286 0.2123041 -1.6809841 0.6725642 -0.37701815 0.68364212 -0.51937693 -0.34747427 0.002533 1789528545.242510557 54.016 2.283 2.167 0.00000 -1 ACTUAL_TF
32.5781 0.2123834 -1.6809613 0.6725338 -0.37700855 0.68364352 -0.51938170 -0.34747480 0.002244 1789528545.298522949 54.094 2.204 2.206 0.00000 -1 ACTUAL_TF
32.6348 0.2125028 -1.6809586 0.6725317 -0.37698965 0.68364161 -0.51940056 -0.34747088 0.002211 1789528545.354484797 54.214 2.085 2.211 0.00000 -1 ACTUAL_TF
32.6893 0.2125987 -1.6809840 0.6725485 -0.37696235 0.68363994 -0.51942336 -0.34746970 0.002088 1789528545.410387754 54.310 1.988 2.183 0.00000 -1 ACTUAL_TF
32.7482 0.2127078 -1.6810268 0.6725779 -0.37692199 0.68364154 -0.51945065 -0.34746953 0.002108 1789528545.466410160 54.420 1.878 2.134 0.00000 -1 ACTUAL_TF
32.7984 0.2127977 -1.6810697 0.6725958 -0.37689407 0.68364586 -0.51946859 -0.34746452 0.002019 1789528545.522323132 54.511 1.787 2.092 0.00000 -1 ACTUAL_TF
32.8561 0.2128892 -1.6810843 0.6725411 -0.37691953 0.68368407 -0.51941327 -0.34744440 0.001989 1789528545.578383446 54.602 1.696 2.122 0.00000 -1 ACTUAL_TF
32.9173 0.2129655 -1.6811242 0.6725408 -0.37693926 0.68368121 -0.51939180 -0.34746072 0.001853 1789528545.634513617 54.679 1.619 2.095 0.00000 -1 ACTUAL_TF
32.9757 0.2130782 -1.6811677 0.6725339 -0.37696863 0.68370045 -0.51934929 -0.34745455 0.001947 1789528545.690319538 54.793 1.506 2.072 0.00000 -1 ACTUAL_TF
33.0234 0.2132086 -1.6812305 0.6725669 -0.37698564 0.68371303 -0.51932208 -0.34745201 0.002158 1789528545.746353149 54.924 1.374 2.008 0.00000 -1 ACTUAL_TF
33.0814 0.2133292 -1.6812887 0.6726141 -0.37699029 0.68371916 -0.51931226 -0.34744957 0.002272 1789528545.802326679 55.046 1.252 1.936 0.00000 -1 ACTUAL_TF
33.1380 0.2134759 -1.6813560 0.6726727 -0.37699807 0.68372354 -0.51930273 -0.34744676 0.002509 1789528545.858364582 55.194 1.104 1.850 0.00000 -1 ACTUAL_TF
33.1986 0.2136092 -1.6814177 0.6727360 -0.37699407 0.68372354 -0.51930856 -0.34744239 0.002612 1789528545.914419889 55.329 0.969 1.764 0.00000 -1 ACTUAL_TF
33.2474 0.2137557 -1.6814819 0.6727960 -0.37699181 0.68372627 -0.51930570 -0.34744375 0.002744 1789528545.970396280 55.477 0.821 1.679 0.00000 -1 ACTUAL_TF
33.3076 0.2138788 -1.6815410 0.6728514 -0.37699063 0.68372284 -0.51930798 -0.34744837 0.002711 1789528546.026344061 55.602 0.697 1.600 0.00000 -1 ACTUAL_TF
33.3600 0.2140346 -1.6815964 0.6729066 -0.37698886 0.68373216 -0.51930173 -0.34744128 0.002831 1789528546.082379341 55.759 0.540 1.525 0.00000 -1 ACTUAL_TF
33.4192 0.2141696 -1.6816574 0.6729678 -0.37699539 0.68372561 -0.51930161 -0.34744727 0.002838 1789528546.138568878 55.895 0.403 1.441 0.00000 -1 ACTUAL_TF
33.4777 0.2143377 -1.6817166 0.6730311 -0.37699378 0.68372832 -0.51930365 -0.34744063 0.003004 1789528546.194311619 56.065 0.234 1.357 0.00000 -1 ACTUAL_TF
33.5268 0.2144972 -1.6817798 0.6731038 -0.37699783 0.68372255 -0.51930529 -0.34744513 0.003100 1789528546.250412464 56.226 0.073 1.263 0.00000 -1 ACTUAL_TF
33.5848 0.2146431 -1.6818287 0.6731574 -0.37700579 0.68371861 -0.51930555 -0.34744387 0.003041 1789528546.306460381 56.373 -0.074 1.193 0.00000 -1 ACTUAL_TF
33.6427 0.2148053 -1.6819045 0.6732356 -0.37699596 0.68371939 -0.51931053 -0.34744555 0.003169 1789528546.362825632 56.537 -0.238 1.087 0.00000 -1 ACTUAL_TF
33.6989 0.2149479 -1.6819543 0.6732825 -0.37699999 0.68371777 -0.51930887 -0.34744686 0.003072 1789528546.418413639 56.680 -0.382 1.021 0.00000 -1 ACTUAL_TF
33.7560 0.2151239 -1.6820171 0.6733549 -0.37699036 0.68371737 -0.51931900 -0.34744294 0.003224 1789528546.474413872 56.858 -0.560 0.928 0.00000 -1 ACTUAL_TF
33.8124 0.2152567 -1.6820638 0.6734070 -0.37698703 0.68371786 -0.51931928 -0.34744517 0.003061 1789528546.530382633 56.992 -0.694 0.860 0.00000 -1 ACTUAL_TF
33.8677 0.2154604 -1.6821299 0.6734834 -0.37697405 0.68371637 -0.51933904 -0.34743267 0.003358 1789528546.586505890 57.197 -0.899 0.763 0.00000 -1 ACTUAL_TF
33.9207 0.2155973 -1.6821570 0.6735192 -0.37698718 0.68370949 -0.51933739 -0.34743441 0.003124 1789528546.642401934 57.335 -1.037 0.720 0.00000 -1 ACTUAL_TF
33.9751 0.2157506 -1.6822002 0.6735643 -0.37699054 0.68370722 -0.51933563 -0.34743787 0.003074 1789528546.698396444 57.489 -1.191 0.660 0.00000 -1 ACTUAL_TF
34.0342 0.2159171 -1.6822493 0.6736131 -0.37699770 0.68370309 -0.51933271 -0.34744259 0.003112 1789528546.754726648 57.657 -1.358 0.594 0.00000 -1 ACTUAL_TF
34.0907 0.2160565 -1.6822930 0.6736578 -0.37699410 0.68369839 -0.51934238 -0.34744130 0.003001 1789528546.810440779 57.797 -1.499 0.534 0.00000 -1 ACTUAL_TF
34.1483 0.2162032 -1.6823326 0.6737015 -0.37699655 0.68369467 -0.51934059 -0.34744863 0.002948 1789528546.866442680 57.945 -1.647 0.478 0.00000 -1 ACTUAL_TF
34.2067 0.2163173 -1.6823635 0.6737244 -0.37699448 0.68370146 -0.51933378 -0.34744768 0.002709 1789528546.922410727 58.060 -1.761 0.442 0.00000 -1 ACTUAL_TF
34.2638 0.2164711 -1.6823969 0.6737635 -0.37700455 0.68369448 -0.51933115 -0.34745444 0.002765 1789528546.978384256 58.214 -1.916 0.393 0.00000 -1 ACTUAL_TF
34.3136 0.2165777 -1.6824256 0.6737919 -0.37701010 0.68368909 -0.51932766 -0.34746423 0.002546 1789528547.034443617 58.321 -2.023 0.355 0.00000 -1 ACTUAL_TF
34.3700 0.2167326 -1.6824614 0.6738311 -0.37700917 0.68368505 -0.51933375 -0.34746409 0.002659 1789528547.090485573 58.477 -2.179 0.305 0.00000 -1 ACTUAL_TF
34.4333 0.2168513 -1.6824920 0.6738645 -0.37701472 0.68367842 -0.51933637 -0.34746720 0.002542 1789528547.146427631 58.597 -2.298 0.262 0.00000 -1 ACTUAL_TF
34.4824 0.2169830 -1.6825212 0.6738934 -0.37701385 0.68367965 -0.51933539 -0.34746719 0.002517 1789528547.202523232 58.729 -2.431 0.224 0.00000 -1 ACTUAL_TF
34.5412 0.2171072 -1.6825352 0.6739089 -0.37702497 0.68368523 -0.51932159 -0.34746476 0.002437 1789528547.258503675 58.853 -2.555 0.205 0.00000 -1 ACTUAL_TF
34.5991 0.2172096 -1.6825632 0.6739362 -0.37701844 0.68368131 -0.51932805 -0.34746991 0.002294 1789528547.314470291 58.957 -2.658 0.168 0.00000 -1 ACTUAL_TF
34.6473 0.2173335 -1.6825839 0.6739594 -0.37702150 0.68368192 -0.51932335 -0.34747241 0.002290 1789528547.370471716 59.081 -2.783 0.140 0.00000 -1 ACTUAL_TF
34.7081 0.2174430 -1.6825989 0.6739789 -0.37702908 0.68367672 -0.51932097 -0.34747797 0.002204 1789528547.426514387 59.191 -2.893 0.117 0.00000 -1 ACTUAL_TF
34.7601 0.2175784 -1.6826175 0.6739990 -0.37702603 0.68367763 -0.51932481 -0.34747376 0.002284 1789528547.482404947 59.327 -3.028 0.093 0.00000 -1 ACTUAL_TF
34.8162 0.2177026 -1.6826343 0.6740183 -0.37702787 0.68367323 -0.51932974 -0.34747306 0.002277 1789528547.538520813 59.451 -3.153 0.071 0.00000 -1 ACTUAL_TF
34.8746 0.2178340 -1.6826386 0.6740259 -0.37703275 0.68367432 -0.51932470 -0.34747315 0.002292 1789528547.595080853 59.583 -3.284 0.064 0.00000 -1 ACTUAL_TF
34.9293 0.2179781 -1.6826532 0.6740408 -0.37702781 0.68367521 -0.51932905 -0.34747026 0.002393 1789528547.650473595 59.727 -3.429 0.047 0.00000 -1 ACTUAL_TF
34.9885 0.2180989 -1.6826608 0.6740472 -0.37703043 0.68367265 -0.51932772 -0.34747443 0.002324 1789528547.706473827 59.848 -3.550 0.041 0.00000 -1 ACTUAL_TF
35.0490 0.2182475 -1.6826773 0.6740600 -0.37702306 0.68367404 -0.51933283 -0.34747207 0.002431 1789528547.762458324 59.997 -3.699 0.032 0.00000 -1 ACTUAL_TF
35.0993 0.2183644 -1.6826830 0.6740649 -0.37701921 0.68367612 -0.51933264 -0.34747244 0.002329 1789528547.818482399 60.114 -3.816 0.030 0.00000 -1 ACTUAL_TF
35.1601 0.2185084 -1.6826903 0.6740784 -0.37701196 0.68367643 -0.51933763 -0.34747223 0.002407 1789528547.874422789 60.258 -3.960 0.025 0.00000 -1 ACTUAL_TF
35.2085 0.2186392 -1.6826971 0.6740899 -0.37700802 0.68367293 -0.51934747 -0.34746867 0.002389 1789528547.930465937 60.389 -4.091 0.026 0.00000 -1 ACTUAL_TF
35.2645 0.2187677 -1.6826961 0.6740961 -0.37700344 0.68367430 -0.51934843 -0.34746951 0.002362 1789528547.986402988 60.518 -4.219 0.023 0.00000 -1 ACTUAL_TF
35.3242 0.2188808 -1.6827011 0.6741048 -0.37699813 0.68367362 -0.51935345 -0.34746911 0.002262 1789528548.042404652 60.631 -4.333 0.028 0.00000 -1 ACTUAL_TF
35.3858 0.2190402 -1.6827104 0.6741154 -0.37698968 0.68367416 -0.51936838 -0.34745490 0.002440 1789528548.098448753 60.791 -4.492 0.038 0.00000 -1 ACTUAL_TF
35.4349 0.2191504 -1.6827132 0.6741243 -0.37698349 0.68367356 -0.51937376 -0.34745476 0.002300 1789528548.154473066 60.901 -4.603 0.044 0.00000 -1 ACTUAL_TF
35.4946 0.2192206 -1.6827130 0.6741284 -0.37697897 0.68367494 -0.51937343 -0.34745743 0.001987 1789528548.210419178 60.971 -4.673 0.045 0.00000 -1 ACTUAL_TF
35.5497 0.2193186 -1.6827116 0.6741370 -0.37697822 0.68367084 -0.51938065 -0.34745554 0.001919 1789528548.266345263 61.069 -4.771 0.050 0.00000 -1 ACTUAL_TF
35.6113 0.2193848 -1.6827070 0.6741390 -0.37697802 0.68367103 -0.51938315 -0.34745162 0.001698 1789528548.322403193 61.135 -4.837 0.048 0.00000 -1 ACTUAL_TF
35.6654 0.2194465 -1.6827082 0.6741439 -0.37697605 0.68366992 -0.51938571 -0.34745212 0.001521 1789528548.378342152 61.197 -4.899 0.052 0.00000 -1 ACTUAL_TF
35.7169 0.2194856 -1.6827069 0.6741452 -0.37697540 0.68367034 -0.51938627 -0.34745118 0.001274 1789528548.434394360 61.236 -4.938 0.052 0.00000 -1 ACTUAL_TF
35.7749 0.2195277 -1.6827071 0.6741484 -0.37697675 0.68366810 -0.51938946 -0.34744934 0.001118 1789528548.490394592 61.278 -4.980 0.054 0.00000 -1 ACTUAL_TF
35.8291 0.2195437 -1.6827043 0.6741477 -0.37697816 0.68366828 -0.51938859 -0.34744875 0.000870 1789528548.546455383 61.294 -4.996 0.053 0.00000 -1 ACTUAL_TF
35.8986 0.2195574 -1.6827031 0.6741472 -0.37697977 0.68366829 -0.51938783 -0.34744813 0.000683 1789528548.602388144 61.308 -5.010 0.052 0.00000 -1 ACTUAL_TF
