WELD FEEDBACK LOG
result=completed
started=2026-09-14 17:12:42
ended=2026-09-14 17:13:36
elapsed_seconds=53.795

================ OPERATOR OVERVIEW ================
REQUESTED : 150 A / 20.0 V · FE-SOLID 1.2 mm · LSM · CO2 100%
RX ECHO   : 150 A / 20.0 V · MATCH=YES
CURRENT FB: no positive feedback A
VOLTAGE FB: no positive feedback V
WIRE FEED : no positive feedback m/min
WCR       : NOT DETECTED
SAMPLES   : RX 1344 / welding 0 / TCP 962
===================================================

[commanded]
current_a=150
voltage_tenths=200
voltage=20.0
material=FE-SOLID
diameter_mm=1.2
mode=LSM
gas=CO2 100%
synergic=False
correction=0.0
pre_gas_s=0.0
post_gas_s=0.0
preflow_seconds=0.0

[rx_setting_echo]
current_a=150
voltage_v=20.0

[rx_welding_setting_echo]

[execution_conditions]
mode=sequence_execute
run_all=True
touch_io_backend=fastech_ethernet
touch_input_port=4
touch_sensing_output_port=0
fastech_ip=192.168.0.3
fastech_poll_target_hz=100.0
hicomm_source_ip=192.168.1.2
hicomm_welder_ip=192.168.1.10
hicomm_port=60000
gui_velocity_percent=36.95263157894737
gui_speed_mode=scale
gui_tcp_speed_mm_s=10.0
gui_interpolation_step_mm=6.0
seam_wall_offset_mm=0.0
seam_floor_offset_mm=0.0
seam_orientation_mode=Wait poses + fixed World-XYZ tilt
weld_fixed_tilt_x_deg=0.0
weld_fixed_tilt_y_deg=0.0
weld_fixed_tilt_z_deg=-0.0
weld_weave_enabled=False
weld_weave_pattern=circle
weld_weave_amplitude_mm=2.8
weld_weave_cycles=4
weld_weave_samples_per_cycle=8
weld_weave_axis=tool_x
weld_lead_in_mm=0.0
weld_lead_out_mm=5.0
weld_safe_approach_mm=30.0
weld_approach_mode=taught_wait
weld_pre_start_lead_mm=0.0
weld_tcp_speed_mm_s=3.5
weld_adaptive_line_energy=False
weld_adaptive_min_percent=85.0
weld_adaptive_max_percent=100.0
weld_adaptive_filter_tau_s=0.7
weld_adaptive_baseline_mm=6.0
weld_arc_off_delay_ms=500.0
weld_arc_stabilize_s=0.0
tcp_tracking.parent_frame=World
tcp_tracking.child_frame=right_manipulator_ee_point
tcp_tracking.timestamp_source=TF_header_stamp
initial_fastech_di0=False
initial_fastech_do0=True
robot_connected.left=True
robot_connected.right=True
robot_connected.head=True
hicomm_connected=True
execution_allowed=True
steps[0].sequence_number=1
steps[0].type=named_pose
steps[0].parallel_slot=1
steps[0].duration=0.0
steps[0].planning_group=right_manipulator
steps[0].velocity_scale=0.3695263157894737
steps[0].tcp_speed_m_s=0.0
steps[0].pose_name=weld_start_wait
steps[0].pose_label=3 · Weld start wait pose
steps[0].touch_guard=False
steps[0].continue_after_touch=False
steps[0].weld_scenario_id=weld-27991868200606
steps[0].weld_scenario_stage=start_wait
steps[0].target_tcp.position_m.x=0.04679661342158309
steps[0].target_tcp.position_m.y=-1.7157272494256113
steps[0].target_tcp.position_m.z=0.6808993470560196
steps[0].target_tcp.orientation_xyzw.x=-0.4356040005965647
steps[0].target_tcp.orientation_xyzw.y=0.6337302693138561
steps[0].target_tcp.orientation_xyzw.z=-0.528315255502808
steps[0].target_tcp.orientation_xyzw.w=-0.35988621982879293
steps[0].joint_names[0]=right_manipulator_joint1
steps[0].joint_names[1]=right_manipulator_joint2
steps[0].joint_names[2]=right_manipulator_joint3
steps[0].joint_names[3]=right_manipulator_joint4
steps[0].joint_names[4]=right_manipulator_joint5
steps[0].joint_names[5]=right_manipulator_joint6
steps[0].joint_positions_rad[0]=5.165179096287744
steps[0].joint_positions_rad[1]=1.3192841976545053
steps[0].joint_positions_rad[2]=1.833801860251743
steps[0].joint_positions_rad[3]=3.58926816861935
steps[0].joint_positions_rad[4]=1.3973881876818586
steps[0].joint_positions_rad[5]=1.4228621224567934
steps[1].sequence_number=2
steps[1].type=motion
steps[1].parallel_slot=2
steps[1].duration=0.0
steps[1].planning_group=right_manipulator
steps[1].velocity_scale=0.3695263157894737
steps[1].tcp_speed_m_s=0.0
steps[1].interpolation_step=0.006
steps[1].path_kind=taught_wait_align_weld_attitude
steps[1].touch_guard=False
steps[1].continue_after_touch=False
steps[1].accept_initial_touch=False
steps[1].weld_scenario_id=weld-27991868200606
steps[1].weld_scenario_stage=start_safe
steps[1].waypoint_count=1
steps[1].waypoints[0].position_m.x=0.04679661342158309
steps[1].waypoints[0].position_m.y=-1.7157272494256113
steps[1].waypoints[0].position_m.z=0.6808993470560196
steps[1].waypoints[0].orientation_xyzw.x=-0.43568190743491547
steps[1].waypoints[0].orientation_xyzw.y=0.633759300366467
steps[1].waypoints[0].orientation_xyzw.z=-0.5282185051222237
steps[1].waypoints[0].orientation_xyzw.w=-0.35988280811859236
steps[2].sequence_number=3
steps[2].type=motion
steps[2].parallel_slot=3
steps[2].duration=0.0
steps[2].planning_group=right_manipulator
steps[2].velocity_scale=0.3695263157894737
steps[2].tcp_speed_m_s=0.0
steps[2].interpolation_step=0.006
steps[2].path_kind=taught_wait_to_weld_start
steps[2].touch_guard=False
steps[2].continue_after_touch=True
steps[2].accept_initial_touch=False
steps[2].weld_scenario_id=weld-27991868200606
steps[2].weld_scenario_stage=start_contact
steps[2].waypoint_count=1
steps[2].waypoints[0].position_m.x=0.04639012308157919
steps[2].waypoints[0].position_m.y=-1.7155348989806636
steps[2].waypoints[0].position_m.z=0.6758045566264259
steps[2].waypoints[0].orientation_xyzw.x=-0.43568190743491547
steps[2].waypoints[0].orientation_xyzw.y=0.633759300366467
steps[2].waypoints[0].orientation_xyzw.z=-0.5282185051222237
steps[2].waypoints[0].orientation_xyzw.w=-0.35988280811859236
steps[3].sequence_number=4
steps[3].type=digital_weld
steps[3].parallel_slot=5
steps[3].duration=0.0
steps[3].command=on
steps[3].weld_scenario_id=weld-27991868200606
steps[3].weld_scenario_stage=arc_on
steps[3].arc_stabilize_s=0.0
steps[3].settings.current_a=150
steps[3].settings.voltage_tenths=200
steps[3].settings.voltage=20.0
steps[3].settings.material=FE-SOLID
steps[3].settings.diameter_mm=1.2
steps[3].settings.mode=LSM
steps[3].settings.gas=CO2 100%
steps[3].settings.synergic=False
steps[3].settings.correction=0.0
steps[3].settings.pre_gas_s=0.0
steps[3].settings.post_gas_s=0.0
steps[3].settings.preflow_seconds=0.0
steps[4].sequence_number=5
steps[4].type=motion
steps[4].parallel_slot=5
steps[4].duration=0.0
steps[4].planning_group=right_manipulator
steps[4].velocity_scale=0.3695263157894737
steps[4].tcp_speed_m_s=0.0035
steps[4].interpolation_step=0.006
steps[4].path_kind=continuous_lead_to_lead_over_taught_goal_fastech_di0_ignored
steps[4].touch_guard=False
steps[4].weld_scenario_id=weld-27991868200606
steps[4].weld_scenario_stage=weld_motion
steps[4].lead_in_mm=0.0
steps[4].lead_out_mm=5.0
steps[4].linear_motion_profile=True
steps[4].adaptive_line_energy=False
steps[4].adaptive_min_factor=0.85
steps[4].adaptive_max_factor=1.0
steps[4].adaptive_filter_tau_s=0.7
steps[4].adaptive_baseline_mm=6.0
steps[4].adaptive_end_freeze_mm=10.0
steps[4].adaptive_current_deadband_a=8.0
steps[4].adaptive_power_deadband_ratio=0.05
steps[4].adaptive_slew_m_s2=0.00025
steps[4].adaptive_update_period_s=0.5
steps[4].arc_stabilize_s=0.0
steps[4].waypoint_count=2
steps[4].waypoints[0].position_m.x=0.04639012308157919
steps[4].waypoints[0].position_m.y=-1.7155348989806636
steps[4].waypoints[0].position_m.z=0.6758045566264259
steps[4].waypoints[0].orientation_xyzw.x=-0.43568190743491547
steps[4].waypoints[0].orientation_xyzw.y=0.633759300366467
steps[4].waypoints[0].orientation_xyzw.z=-0.5282185051222237
steps[4].waypoints[0].orientation_xyzw.w=-0.35988280811859236
steps[4].waypoints[1].position_m.x=0.040837591964028856
steps[4].waypoints[1].position_m.y=-1.5314296988854754
steps[4].waypoints[1].position_m.z=0.6785510474527979
steps[4].waypoints[1].orientation_xyzw.x=-0.4355976651818463
steps[4].waypoints[1].orientation_xyzw.y=0.6338379374848955
steps[4].waypoints[1].orientation_xyzw.z=-0.5282534141248965
steps[4].waypoints[1].orientation_xyzw.w=-0.35979504382135175
steps[4].lead_start.position_m.x=0.04639012308157919
steps[4].lead_start.position_m.y=-1.7155348989806636
steps[4].lead_start.position_m.z=0.6758045566264259
steps[4].lead_start.orientation_xyzw.x=-0.43568190743491547
steps[4].lead_start.orientation_xyzw.y=0.633759300366467
steps[4].lead_start.orientation_xyzw.z=-0.5282185051222237
steps[4].lead_start.orientation_xyzw.w=-0.35988280811859236
steps[4].usable_seam_start.position_m.x=0.04639012308157919
steps[4].usable_seam_start.position_m.y=-1.7155348989806636
steps[4].usable_seam_start.position_m.z=0.6758045566264259
steps[4].usable_seam_start.orientation_xyzw.x=-0.43568190743491547
steps[4].usable_seam_start.orientation_xyzw.y=0.633759300366467
steps[4].usable_seam_start.orientation_xyzw.z=-0.5282185051222237
steps[4].usable_seam_start.orientation_xyzw.w=-0.35988280811859236
steps[4].usable_seam_goal.position_m.x=0.040988304454498636
steps[4].usable_seam_goal.position_m.y=-1.5364268709187994
steps[4].usable_seam_goal.position_m.z=0.6784764993838666
steps[4].usable_seam_goal.orientation_xyzw.x=-0.4355976651818463
steps[4].usable_seam_goal.orientation_xyzw.y=0.6338379374848955
steps[4].usable_seam_goal.orientation_xyzw.z=-0.5282534141248965
steps[4].usable_seam_goal.orientation_xyzw.w=-0.35979504382135175
steps[4].lead_end.position_m.x=0.040837591964028856
steps[4].lead_end.position_m.y=-1.5314296988854754
steps[4].lead_end.position_m.z=0.6785510474527979
steps[4].lead_end.orientation_xyzw.x=-0.4355976651818463
steps[4].lead_end.orientation_xyzw.y=0.6338379374848955
steps[4].lead_end.orientation_xyzw.z=-0.5282534141248965
steps[4].lead_end.orientation_xyzw.w=-0.35979504382135175
steps[5].sequence_number=6
steps[5].type=digital_weld
steps[5].parallel_slot=5
steps[5].duration=0.0
steps[5].velocity_scale=0.3695263157894737
steps[5].tcp_speed_m_s=0.0035
steps[5].command=off
steps[5].weld_scenario_id=weld-27991868200606
steps[5].weld_scenario_stage=arc_off
steps[5].adaptive_line_energy=False
steps[5].trigger_before_goal=True
steps[5].arc_off_delay_s=0.5
steps[5].settings.current_a=150
steps[5].settings.voltage_tenths=200
steps[5].settings.voltage=20.0
steps[5].settings.material=FE-SOLID
steps[5].settings.diameter_mm=1.2
steps[5].settings.mode=LSM
steps[5].settings.gas=CO2 100%
steps[5].settings.synergic=False
steps[5].settings.correction=0.0
steps[5].settings.pre_gas_s=0.0
steps[5].settings.post_gas_s=0.0
steps[5].settings.preflow_seconds=0.0
steps[6].sequence_number=7
steps[6].type=motion
steps[6].parallel_slot=6
steps[6].duration=0.0
steps[6].planning_group=right_manipulator
steps[6].velocity_scale=0.3695263157894737
steps[6].tcp_speed_m_s=0.0
steps[6].interpolation_step=0.006
steps[6].path_kind=weld_end_to_taught_wait_fixed_attitude
steps[6].pose_name=weld_goal_wait
steps[6].pose_label=5 · Weld goal wait pose
steps[6].touch_guard=False
steps[6].continue_after_touch=False
steps[6].weld_scenario_id=weld-27991868200606
steps[6].weld_scenario_stage=goal_wait
steps[6].waypoint_count=1
steps[6].waypoints[0].position_m.x=0.0423937317465059
steps[6].waypoints[0].position_m.y=-1.5371105920713002
steps[6].waypoints[0].position_m.z=0.6833915523748588
steps[6].waypoints[0].orientation_xyzw.x=-0.4355976651818463
steps[6].waypoints[0].orientation_xyzw.y=0.6338379374848955
steps[6].waypoints[0].orientation_xyzw.z=-0.5282534141248965
steps[6].waypoints[0].orientation_xyzw.w=-0.35979504382135175
steps[7].sequence_number=8
steps[7].type=named_pose
steps[7].parallel_slot=7
steps[7].duration=0.0
steps[7].planning_group=right_manipulator
steps[7].velocity_scale=0.3695263157894737
steps[7].tcp_speed_m_s=0.0
steps[7].pose_name=weld_finish
steps[7].pose_label=7 · Weld end pose
steps[7].touch_guard=False
steps[7].continue_after_touch=False
steps[7].weld_scenario_id=weld-27991868200606
steps[7].weld_scenario_stage=finish
steps[7].target_tcp.position_m.x=0.040986944407158665
steps[7].target_tcp.position_m.y=-1.5364893594106015
steps[7].target_tcp.position_m.z=0.8167834972443337
steps[7].target_tcp.orientation_xyzw.x=-0.43559961213469944
steps[7].target_tcp.orientation_xyzw.y=0.6337765362069385
steps[7].target_tcp.orientation_xyzw.z=-0.5282946458701413
steps[7].target_tcp.orientation_xyzw.w=-0.35984030792363536
steps[7].joint_names[0]=right_manipulator_joint1
steps[7].joint_names[1]=right_manipulator_joint2
steps[7].joint_names[2]=right_manipulator_joint3
steps[7].joint_names[3]=right_manipulator_joint4
steps[7].joint_names[4]=right_manipulator_joint5
steps[7].joint_names[5]=right_manipulator_joint6
steps[7].joint_positions_rad[0]=5.272405951257604
steps[7].joint_positions_rad[1]=1.1691705954383358
steps[7].joint_positions_rad[2]=2.1249962880568054
steps[7].joint_positions_rad[3]=3.687834157408164
steps[7].joint_positions_rad[4]=1.5169816974896109
steps[7].joint_positions_rad[5]=1.4982739229381858
steps[8].sequence_number=9
steps[8].type=digital_output
steps[8].parallel_slot=8
steps[8].duration=0.0
steps[8].port=0
steps[8].value=True
steps[8].weld_scenario_id=weld-27991868200606
steps[8].weld_scenario_stage=touch_output_on
hicomm_cyclic_period_ms=40.0
arc_wait_recognition=True
arc_wait_main_welding=True
arc_wait_established=True
arc_establishment_timeout_s=5.0

[summary]
rx_samples=1344
welding_samples=0
wcr_seen=0
current_a.min=None
current_a.average=None
current_a.max=None
voltage_v.min=None
voltage_v.average=None
voltage_v.max=None
wire_feed_m_min.min=None
wire_feed_m_min.average=None
wire_feed_m_min.max=None

[arc_off_control]

[adaptive_speed_control]
enabled=False

[adaptive_speed_samples]
elapsed_s event along_mm remaining_mm filtered_current_a filtered_voltage_v power_w line_energy_j_mm governed_speed_mm_s commanded_speed_mm_s

[teaching_snapshot_yaml]
robot_start:
  planning_group: right_manipulator
  joint_state:
    names:
    - right_manipulator_joint1
    - right_manipulator_joint2
    - right_manipulator_joint3
    - right_manipulator_joint4
    - right_manipulator_joint5
    - right_manipulator_joint6
    positions_rad:
    - 5.27240967968313
    - 1.0710261184710546
    - 2.180025851451385
    - 3.6894743983235436
    - 1.4802383302458966
    - 1.475784459638848
  tcp_pose_world:
    position_m:
      x: 0.0409882833240674
      y: -1.5365128539727777
      z: 0.8899872668309907
    orientation_xyzw:
      x: -0.4355837586611503
      y: 0.6337556876271521
      z: -0.5283180348228105
      w: -0.3598618786031996
weld_wait:
  planning_group: right_manipulator
  joint_state:
    names:
    - right_manipulator_joint1
    - right_manipulator_joint2
    - right_manipulator_joint3
    - right_manipulator_joint4
    - right_manipulator_joint5
    - right_manipulator_joint6
    positions_rad:
    - 5.1648525927381
    - 1.2922420604716771
    - 1.8539296322963983
    - 3.589461780430599
    - 1.391100331190127
    - 1.4199194626103104
  tcp_pose_world:
    position_m:
      x: 0.046493459423684325
      y: -1.7156812209764052
      z: 0.7039206836462237
    orientation_xyzw:
      x: -0.435586797430743
      y: 0.6337639392821951
      z: -0.528318038619688
      w: -0.35984366221817626
weld_start_wait:
  planning_group: right_manipulator
  joint_state:
    names:
    - right_manipulator_joint1
    - right_manipulator_joint2
    - right_manipulator_joint3
    - right_manipulator_joint4
    - right_manipulator_joint5
    - right_manipulator_joint6
    positions_rad:
    - 5.165179096287744
    - 1.3192841976545053
    - 1.833801860251743
    - 3.58926816861935
    - 1.3973881876818586
    - 1.4228621224567934
  tcp_pose_world:
    position_m:
      x: 0.04679661342158309
      y: -1.7157272494256113
      z: 0.6808993470560196
    orientation_xyzw:
      x: -0.4356040005965647
      y: 0.6337302693138561
      z: -0.528315255502808
      w: -0.35988621982879293
weld_start:
  planning_group: right_manipulator
  joint_state:
    names:
    - right_manipulator_joint1
    - right_manipulator_joint2
    - right_manipulator_joint3
    - right_manipulator_joint4
    - right_manipulator_joint5
    - right_manipulator_joint6
    positions_rad:
    - 5.1648525927381
    - 1.3251391573110445
    - 1.8296935347961323
    - 3.588827681775051
    - 1.3987550551113417
    - 1.423484769519654
  tcp_pose_world:
    position_m:
      x: 0.04639012308157919
      y: -1.7155348989806636
      z: 0.6758045566264259
    orientation_xyzw:
      x: -0.43568190743491547
      y: 0.633759300366467
      z: -0.5282185051222237
      w: -0.35988280811859236
weld_goal_wait:
  planning_group: right_manipulator
  joint_state:
    names:
    - right_manipulator_joint1
    - right_manipulator_joint2
    - right_manipulator_joint3
    - right_manipulator_joint4
    - right_manipulator_joint5
    - right_manipulator_joint6
    positions_rad:
    - 5.273689062270805
    - 1.337714737136453
    - 2.0084516982230305
    - 3.688240289474401
    - 1.561243168490619
    - 1.5254147302394014
  tcp_pose_world:
    position_m:
      x: 0.0423937317465059
      y: -1.5371105920713002
      z: 0.6833915523748588
    orientation_xyzw:
      x: -0.43563211053380774
      y: 0.6337733314661355
      z: -0.5282603683300546
      w: -0.35985693246896244
weld_end:
  planning_group: right_manipulator
  joint_state:
    names:
    - right_manipulator_joint1
    - right_manipulator_joint2
    - right_manipulator_joint3
    - right_manipulator_joint4
    - right_manipulator_joint5
    - right_manipulator_joint6
    positions_rad:
    - 5.272428854442979
    - 1.3439683720081772
    - 2.005076141541355
    - 3.686998723774206
    - 1.5637338899001154
    - 1.5268463124833733
  tcp_pose_world:
    position_m:
      x: 0.040988304454498636
      y: -1.5364268709187994
      z: 0.6784764993838666
    orientation_xyzw:
      x: -0.4355976651818463
      y: 0.6338379374848955
      z: -0.5282534141248965
      w: -0.35979504382135175
weld_finish:
  planning_group: right_manipulator
  joint_state:
    names:
    - right_manipulator_joint1
    - right_manipulator_joint2
    - right_manipulator_joint3
    - right_manipulator_joint4
    - right_manipulator_joint5
    - right_manipulator_joint6
    positions_rad:
    - 5.272405951257604
    - 1.1691705954383358
    - 2.1249962880568054
    - 3.687834157408164
    - 1.5169816974896109
    - 1.4982739229381858
  tcp_pose_world:
    position_m:
      x: 0.040986944407158665
      y: -1.5364893594106015
      z: 0.8167834972443337
    orientation_xyzw:
      x: -0.43559961213469944
      y: 0.6337765362069385
      z: -0.5282946458701413
      w: -0.35984030792363536

[touch_snapshot_yaml]
{}

[samples]
elapsed_s raw0 state arc gas fwd wcr current_a voltage_v wire_feed_m_min set_current_a set_voltage_v error db collision
0.036 0x00 idle 0 0 0 0 0 0.0 0.0 150 20.0 0 0 0
0.079 0x00 idle 0 0 0 0 0 0.0 0.0 150 20.0 0 0 0
0.114 0x00 idle 0 0 0 0 0 0.0 0.0 150 20.0 0 0 0
0.157 0x00 idle 0 0 0 0 0 0.0 0.0 150 20.0 0 0 0
0.203 0x00 idle 0 0 0 0 0 0.0 0.0 150 20.0 0 0 0
0.237 0x00 idle 0 0 0 0 0 0.0 0.0 150 20.0 0 0 0
0.276 0x00 idle 0 0 0 0 0 0.0 0.0 150 20.0 0 0 0
0.319 0x00 idle 0 0 0 0 0 0.0 0.0 150 20.0 0 0 0
0.355 0x00 idle 0 0 0 0 0 0.0 0.0 150 20.0 0 0 0
0.397 0x00 idle 0 0 0 0 0 0.0 0.0 150 20.0 0 0 0
0.437 0x00 idle 0 0 0 0 0 0.0 0.0 150 20.0 0 0 0
0.482 0x00 idle 0 0 0 0 0 0.0 0.0 150 20.0 0 0 0
0.517 0x00 idle 0 0 0 0 0 0.0 0.0 150 20.0 0 0 0
0.559 0x00 idle 0 0 0 0 0 0.0 0.0 150 20.0 0 0 0
0.596 0x00 idle 0 0 0 0 0 0.0 0.0 150 20.0 0 0 0
0.653 0x00 idle 0 0 0 0 0 0.0 0.0 150 20.0 0 0 0
0.678 0x00 idle 0 0 0 0 0 0.0 0.0 150 20.0 0 0 0
0.721 0x00 idle 0 0 0 0 0 0.0 0.0 150 20.0 0 0 0
0.766 0x00 idle 0 0 0 0 0 0.0 0.0 150 20.0 0 0 0
0.798 0x00 idle 0 0 0 0 0 0.0 0.0 150 20.0 0 0 0
0.837 0x00 idle 0 0 0 0 0 0.0 0.0 150 20.0 0 0 0
0.875 0x00 idle 0 0 0 0 0 0.0 0.0 150 20.0 0 0 0
0.917 0x00 idle 0 0 0 0 0 0.0 0.0 150 20.0 0 0 0
0.958 0x00 idle 0 0 0 0 0 0.0 0.0 150 20.0 0 0 0
0.995 0x00 idle 0 0 0 0 0 0.0 0.0 150 20.0 0 0 0
1.039 0x00 idle 0 0 0 0 0 0.0 0.0 150 20.0 0 0 0
1.077 0x00 idle 0 0 0 0 0 0.0 0.0 150 20.0 0 0 0
1.116 0x00 idle 0 0 0 0 0 0.0 0.0 150 20.0 0 0 0
1.156 0x00 idle 0 0 0 0 0 0.0 0.0 150 20.0 0 0 0
1.199 0x00 idle 0 0 0 0 0 0.0 0.0 150 20.0 0 0 0
1.245 0x00 idle 0 0 0 0 0 0.0 0.0 150 20.0 0 0 0
1.285 0x00 idle 0 0 0 0 0 0.0 0.0 150 20.0 0 0 0
1.320 0x00 idle 0 0 0 0 0 0.0 0.0 150 20.0 0 0 0
1.365 0x00 idle 0 0 0 0 0 0.0 0.0 150 20.0 0 0 0
1.396 0x00 idle 0 0 0 0 0 0.0 0.0 150 20.0 0 0 0
1.440 0x00 idle 0 0 0 0 0 0.0 0.0 150 20.0 0 0 0
1.474 0x00 idle 0 0 0 0 0 0.0 0.0 150 20.0 0 0 0
1.519 0x00 idle 0 0 0 0 0 0.0 0.0 150 20.0 0 0 0
1.559 0x00 idle 0 0 0 0 0 0.0 0.0 150 20.0 0 0 0
1.597 0x00 idle 0 0 0 0 0 0.0 0.0 150 20.0 0 0 0
1.637 0x00 idle 0 0 0 0 0 0.0 0.0 150 20.0 0 0 0
1.675 0x00 idle 0 0 0 0 0 0.0 0.0 150 20.0 0 0 0
1.716 0x00 idle 0 0 0 0 0 0.0 0.0 150 20.0 0 0 0
1.757 0x00 idle 0 0 0 0 0 0.0 0.0 150 20.0 0 0 0
1.796 0x00 idle 0 0 0 0 0 0.0 0.0 150 20.0 0 0 0
1.840 0x00 idle 0 0 0 0 0 0.0 0.0 150 20.0 0 0 0
1.880 0x00 idle 0 0 0 0 0 0.0 0.0 150 20.0 0 0 0
1.918 0x00 idle 0 0 0 0 0 0.0 0.0 150 20.0 0 0 0
1.957 0x00 idle 0 0 0 0 0 0.0 0.0 150 20.0 0 0 0
1.999 0x00 idle 0 0 0 0 0 0.0 0.0 150 20.0 0 0 0
2.036 0x00 idle 0 0 0 0 0 0.0 0.0 150 20.0 0 0 0
2.075 0x00 idle 0 0 0 0 0 0.0 0.0 150 20.0 0 0 0
2.119 0x00 idle 0 0 0 0 0 0.0 0.0 150 20.0 0 0 0
2.161 0x00 idle 0 0 0 0 0 0.0 0.0 150 20.0 0 0 0
2.194 0x00 idle 0 0 0 0 0 0.0 0.0 150 20.0 0 0 0
2.240 0x00 idle 0 0 0 0 0 0.0 0.0 150 20.0 0 0 0
2.277 0x00 idle 0 0 0 0 0 0.0 0.0 150 20.0 0 0 0
2.318 0x00 idle 0 0 0 0 0 0.0 0.0 150 20.0 0 0 0
2.356 0x00 idle 0 0 0 0 0 0.0 0.0 150 20.0 0 0 0
2.401 0x00 idle 0 0 0 0 0 0.0 0.0 150 20.0 0 0 0
2.459 0x00 idle 0 0 0 0 0 0.0 0.0 150 20.0 0 0 0
2.488 0x00 idle 0 0 0 0 0 0.0 0.0 150 20.0 0 0 0
2.517 0x00 idle 0 0 0 0 0 0.0 0.0 150 20.0 0 0 0
2.563 0x00 idle 0 0 0 0 0 0.0 0.0 150 20.0 0 0 0
2.595 0x00 idle 0 0 0 0 0 0.0 0.0 150 20.0 0 0 0
2.643 0x00 idle 0 0 0 0 0 0.0 0.0 150 20.0 0 0 0
2.683 0x00 idle 0 0 0 0 0 0.0 0.0 150 20.0 0 0 0
2.719 0x00 idle 0 0 0 0 0 0.0 0.0 150 20.0 0 0 0
2.757 0x00 idle 0 0 0 0 0 0.0 0.0 150 20.0 0 0 0
2.797 0x00 idle 0 0 0 0 0 0.0 0.0 150 20.0 0 0 0
2.838 0x00 idle 0 0 0 0 0 0.0 0.0 150 20.0 0 0 0
2.879 0x00 idle 0 0 0 0 0 0.0 0.0 150 20.0 0 0 0
2.919 0x00 idle 0 0 0 0 0 0.0 0.0 150 20.0 0 0 0
2.958 0x00 idle 0 0 0 0 0 0.0 0.0 150 20.0 0 0 0
3.008 0x00 idle 0 0 0 0 0 0.0 0.0 150 20.0 0 0 0
3.036 0x00 idle 0 0 0 0 0 0.0 0.0 150 20.0 0 0 0
3.079 0x00 idle 0 0 0 0 0 0.0 0.0 150 20.0 0 0 0
3.120 0x00 idle 0 0 0 0 0 0.0 0.0 150 20.0 0 0 0
3.156 0x00 idle 0 0 0 0 0 0.0 0.0 150 20.0 0 0 0
3.200 0x00 idle 0 0 0 0 0 0.0 0.0 150 20.0 0 0 0
3.237 0x00 idle 0 0 0 0 0 0.0 0.0 150 20.0 0 0 0
3.282 0x00 idle 0 0 0 0 0 0.0 0.0 150 20.0 0 0 0
3.315 0x00 idle 0 0 0 0 0 0.0 0.0 150 20.0 0 0 0
3.356 0x00 idle 0 0 0 0 0 0.0 0.0 150 20.0 0 0 0
3.402 0x00 idle 0 0 0 0 0 0.0 0.0 150 20.0 0 0 0
3.438 0x00 idle 0 0 0 0 0 0.0 0.0 150 20.0 0 0 0
3.477 0x00 idle 0 0 0 0 0 0.0 0.0 150 20.0 0 0 0
3.518 0x00 idle 0 0 0 0 0 0.0 0.0 150 20.0 0 0 0
3.567 0x00 idle 0 0 0 0 0 0.0 0.0 150 20.0 0 0 0
3.598 0x00 idle 0 0 0 0 0 0.0 0.0 150 20.0 0 0 0
3.636 0x00 idle 0 0 0 0 0 0.0 0.0 150 20.0 0 0 0
3.681 0x00 idle 0 0 0 0 0 0.0 0.0 150 20.0 0 0 0
3.719 0x00 idle 0 0 0 0 0 0.0 0.0 150 20.0 0 0 0
3.759 0x00 idle 0 0 0 0 0 0.0 0.0 150 20.0 0 0 0
3.800 0x00 idle 0 0 0 0 0 0.0 0.0 150 20.0 0 0 0
3.844 0x00 idle 0 0 0 0 0 0.0 0.0 150 20.0 0 0 0
3.877 0x00 idle 0 0 0 0 0 0.0 0.0 150 20.0 0 0 0
3.915 0x00 idle 0 0 0 0 0 0.0 0.0 150 20.0 0 0 0
3.956 0x00 idle 0 0 0 0 0 0.0 0.0 150 20.0 0 0 0
3.997 0x00 idle 0 0 0 0 0 0.0 0.0 150 20.0 0 0 0
4.040 0x00 idle 0 0 0 0 0 0.0 0.0 150 20.0 0 0 0
4.076 0x00 idle 0 0 0 0 0 0.0 0.0 150 20.0 0 0 0
4.123 0x00 idle 0 0 0 0 0 0.0 0.0 150 20.0 0 0 0
4.155 0x00 idle 0 0 0 0 0 0.0 0.0 150 20.0 0 0 0
4.196 0x00 idle 0 0 0 0 0 0.0 0.0 150 20.0 0 0 0
4.249 0x00 idle 0 0 0 0 0 0.0 0.0 150 20.0 0 0 0
4.288 0x00 idle 0 0 0 0 0 0.0 0.0 150 20.0 0 0 0
4.316 0x00 idle 0 0 0 0 0 0.0 0.0 150 20.0 0 0 0
4.360 0x00 idle 0 0 0 0 0 0.0 0.0 150 20.0 0 0 0
4.398 0x00 idle 0 0 0 0 0 0.0 0.0 150 20.0 0 0 0
4.439 0x00 idle 0 0 0 0 0 0.0 0.0 150 20.0 0 0 0
4.479 0x00 idle 0 0 0 0 0 0.0 0.0 150 20.0 0 0 0
4.517 0x00 idle 0 0 0 0 0 0.0 0.0 150 20.0 0 0 0
4.557 0x00 idle 0 0 0 0 0 0.0 0.0 150 20.0 0 0 0
4.597 0x00 idle 0 0 0 0 0 0.0 0.0 150 20.0 0 0 0
4.638 0x00 idle 0 0 0 0 0 0.0 0.0 150 20.0 0 0 0
4.684 0x00 idle 0 0 0 0 0 0.0 0.0 150 20.0 0 0 0
4.720 0x00 idle 0 0 0 0 0 0.0 0.0 150 20.0 0 0 0
4.755 0x00 idle 0 0 0 0 0 0.0 0.0 150 20.0 0 0 0
4.798 0x00 idle 0 0 0 0 0 0.0 0.0 150 20.0 0 0 0
4.848 0x00 idle 0 0 0 0 0 0.0 0.0 150 20.0 0 0 0
4.876 0x00 idle 0 0 0 0 0 0.0 0.0 150 20.0 0 0 0
4.917 0x00 idle 0 0 0 0 0 0.0 0.0 150 20.0 0 0 0
4.965 0x00 idle 0 0 0 0 0 0.0 0.0 150 20.0 0 0 0
4.997 0x00 idle 0 0 0 0 0 0.0 0.0 150 20.0 0 0 0
5.044 0x00 idle 0 0 0 0 0 0.0 0.0 150 20.0 0 0 0
5.077 0x00 idle 0 0 0 0 0 0.0 0.0 150 20.0 0 0 0
5.119 0x00 idle 0 0 0 0 0 0.0 0.0 150 20.0 0 0 0
5.156 0x00 idle 0 0 0 0 0 0.0 0.0 150 20.0 0 0 0
5.208 0x00 idle 0 0 0 0 0 0.0 0.0 150 20.0 0 0 0
5.244 0x00 idle 0 0 0 0 0 0.0 0.0 150 20.0 0 0 0
5.278 0x00 idle 0 0 0 0 0 0.0 0.0 150 20.0 0 0 0
5.316 0x00 idle 0 0 0 0 0 0.0 0.0 150 20.0 0 0 0
5.358 0x00 idle 0 0 0 0 0 0.0 0.0 150 20.0 0 0 0
5.398 0x00 idle 0 0 0 0 0 0.0 0.0 150 20.0 0 0 0
5.438 0x00 idle 0 0 0 0 0 0.0 0.0 150 20.0 0 0 0
5.477 0x00 idle 0 0 0 0 0 0.0 0.0 150 20.0 0 0 0
5.523 0x00 idle 0 0 0 0 0 0.0 0.0 150 20.0 0 0 0
5.556 0x00 idle 0 0 0 0 0 0.0 0.0 150 20.0 0 0 0
5.598 0x00 idle 0 0 0 0 0 0.0 0.0 150 20.0 0 0 0
5.639 0x00 idle 0 0 0 0 0 0.0 0.0 150 20.0 0 0 0
5.676 0x00 idle 0 0 0 0 0 0.0 0.0 150 20.0 0 0 0
5.714 0x00 idle 0 0 0 0 0 0.0 0.0 150 20.0 0 0 0
5.762 0x00 idle 0 0 0 0 0 0.0 0.0 150 20.0 0 0 0
5.796 0x00 idle 0 0 0 0 0 0.0 0.0 150 20.0 0 0 0
5.841 0x00 idle 0 0 0 0 0 0.0 0.0 150 20.0 0 0 0
5.879 0x00 idle 0 0 0 0 0 0.0 0.0 150 20.0 0 0 0
5.919 0x00 idle 0 0 0 0 0 0.0 0.0 150 20.0 0 0 0
5.956 0x00 idle 0 0 0 0 0 0.0 0.0 150 20.0 0 0 0
5.996 0x00 idle 0 0 0 0 0 0.0 0.0 150 20.0 0 0 0
6.036 0x00 idle 0 0 0 0 0 0.0 0.0 150 20.0 0 0 0
6.084 0x00 idle 0 0 0 0 0 0.0 0.0 150 20.0 0 0 0
6.116 0x00 idle 0 0 0 0 0 0.0 0.0 150 20.0 0 0 0
6.162 0x00 idle 0 0 0 0 0 0.0 0.0 150 20.0 0 0 0
6.205 0x00 idle 0 0 0 0 0 0.0 0.0 150 20.0 0 0 0
6.240 0x00 idle 0 0 0 0 0 0.0 0.0 150 20.0 0 0 0
6.276 0x00 idle 0 0 0 0 0 0.0 0.0 150 20.0 0 0 0
6.317 0x00 idle 0 0 0 0 0 0.0 0.0 150 20.0 0 0 0
6.360 0x00 idle 0 0 0 0 0 0.0 0.0 150 20.0 0 0 0
6.397 0x00 idle 0 0 0 0 0 0.0 0.0 150 20.0 0 0 0
6.437 0x00 idle 0 0 0 0 0 0.0 0.0 150 20.0 0 0 0
6.478 0x00 idle 0 0 0 0 0 0.0 0.0 150 20.0 0 0 0
6.518 0x00 idle 0 0 0 0 0 0.0 0.0 150 20.0 0 0 0
6.556 0x00 idle 0 0 0 0 0 0.0 0.0 150 20.0 0 0 0
6.595 0x00 idle 0 0 0 0 0 0.0 0.0 150 20.0 0 0 0
6.636 0x00 idle 0 0 0 0 0 0.0 0.0 150 20.0 0 0 0
6.675 0x00 idle 0 0 0 0 0 0.0 0.0 150 20.0 0 0 0
6.719 0x00 idle 0 0 0 0 0 0.0 0.0 150 20.0 0 0 0
6.762 0x00 idle 0 0 0 0 0 0.0 0.0 150 20.0 0 0 0
6.796 0x00 idle 0 0 0 0 0 0.0 0.0 150 20.0 0 0 0
6.847 0x00 idle 0 0 0 0 0 0.0 0.0 150 20.0 0 0 0
6.879 0x00 idle 0 0 0 0 0 0.0 0.0 150 20.0 0 0 0
6.922 0x00 idle 0 0 0 0 0 0.0 0.0 150 20.0 0 0 0
6.955 0x00 idle 0 0 0 0 0 0.0 0.0 150 20.0 0 0 0
6.998 0x00 idle 0 0 0 0 0 0.0 0.0 150 20.0 0 0 0
7.039 0x00 idle 0 0 0 0 0 0.0 0.0 150 20.0 0 0 0
7.076 0x00 idle 0 0 0 0 0 0.0 0.0 150 20.0 0 0 0
7.118 0x00 idle 0 0 0 0 0 0.0 0.0 150 20.0 0 0 0
7.158 0x00 idle 0 0 0 0 0 0.0 0.0 150 20.0 0 0 0
7.199 0x00 idle 0 0 0 0 0 0.0 0.0 150 20.0 0 0 0
7.241 0x00 idle 0 0 0 0 0 0.0 0.0 150 20.0 0 0 0
7.277 0x00 idle 0 0 0 0 0 0.0 0.0 150 20.0 0 0 0
7.315 0x00 idle 0 0 0 0 0 0.0 0.0 150 20.0 0 0 0
7.355 0x00 idle 0 0 0 0 0 0.0 0.0 150 20.0 0 0 0
7.396 0x00 idle 0 0 0 0 0 0.0 0.0 150 20.0 0 0 0
7.438 0x00 idle 0 0 0 0 0 0.0 0.0 150 20.0 0 0 0
7.483 0x00 idle 0 0 0 0 0 0.0 0.0 150 20.0 0 0 0
7.519 0x00 idle 0 0 0 0 0 0.0 0.0 150 20.0 0 0 0
7.558 0x00 idle 0 0 0 0 0 0.0 0.0 150 20.0 0 0 0
7.603 0x00 idle 0 0 0 0 0 0.0 0.0 150 20.0 0 0 0
7.639 0x00 idle 0 0 0 0 0 0.0 0.0 150 20.0 0 0 0
7.675 0x00 idle 0 0 0 0 0 0.0 0.0 150 20.0 0 0 0
7.716 0x00 idle 0 0 0 0 0 0.0 0.0 150 20.0 0 0 0
7.763 0x00 idle 0 0 0 0 0 0.0 0.0 150 20.0 0 0 0
7.794 0x00 idle 0 0 0 0 0 0.0 0.0 150 20.0 0 0 0
7.838 0x00 idle 0 0 0 0 0 0.0 0.0 150 20.0 0 0 0
7.878 0x00 idle 0 0 0 0 0 0.0 0.0 150 20.0 0 0 0
7.917 0x00 idle 0 0 0 0 0 0.0 0.0 150 20.0 0 0 0
7.956 0x00 idle 0 0 0 0 0 0.0 0.0 150 20.0 0 0 0
7.997 0x00 idle 0 0 0 0 0 0.0 0.0 150 20.0 0 0 0
8.047 0x00 idle 0 0 0 0 0 0.0 0.0 150 20.0 0 0 0
8.079 0x00 idle 0 0 0 0 0 0.0 0.0 150 20.0 0 0 0
8.122 0x00 idle 0 0 0 0 0 0.0 0.0 150 20.0 0 0 0
8.160 0x00 idle 0 0 0 0 0 0.0 0.0 150 20.0 0 0 0
8.196 0x00 idle 0 0 0 0 0 0.0 0.0 150 20.0 0 0 0
8.249 0x00 idle 0 0 0 0 0 0.0 0.0 150 20.0 0 0 0
8.276 0x00 idle 0 0 0 0 0 0.0 0.0 150 20.0 0 0 0
8.323 0x00 idle 0 0 0 0 0 0.0 0.0 150 20.0 0 0 0
8.357 0x00 idle 0 0 0 0 0 0.0 0.0 150 20.0 0 0 0
8.396 0x00 idle 0 0 0 0 0 0.0 0.0 150 20.0 0 0 0
8.442 0x00 idle 0 0 0 0 0 0.0 0.0 150 20.0 0 0 0
8.478 0x00 idle 0 0 0 0 0 0.0 0.0 150 20.0 0 0 0
8.518 0x00 idle 0 0 0 0 0 0.0 0.0 150 20.0 0 0 0
8.555 0x00 idle 0 0 0 0 0 0.0 0.0 150 20.0 0 0 0
8.605 0x00 idle 0 0 0 0 0 0.0 0.0 150 20.0 0 0 0
8.647 0x00 idle 0 0 0 0 0 0.0 0.0 150 20.0 0 0 0
8.686 0x00 idle 0 0 0 0 0 0.0 0.0 150 20.0 0 0 0
8.726 0x00 idle 0 0 0 0 0 0.0 0.0 150 20.0 0 0 0
8.765 0x00 idle 0 0 0 0 0 0.0 0.0 150 20.0 0 0 0
8.801 0x00 idle 0 0 0 0 0 0.0 0.0 150 20.0 0 0 0
8.837 0x00 idle 0 0 0 0 0 0.0 0.0 150 20.0 0 0 0
8.876 0x00 idle 0 0 0 0 0 0.0 0.0 150 20.0 0 0 0
8.916 0x00 idle 0 0 0 0 0 0.0 0.0 150 20.0 0 0 0
8.956 0x00 idle 0 0 0 0 0 0.0 0.0 150 20.0 0 0 0
9.000 0x00 idle 0 0 0 0 0 0.0 0.0 150 20.0 0 0 0
9.041 0x00 idle 0 0 0 0 0 0.0 0.0 150 20.0 0 0 0
9.076 0x00 idle 0 0 0 0 0 0.0 0.0 150 20.0 0 0 0
9.115 0x00 idle 0 0 0 0 0 0.0 0.0 150 20.0 0 0 0
9.159 0x00 idle 0 0 0 0 0 0.0 0.0 150 20.0 0 0 0
9.199 0x00 idle 0 0 0 0 0 0.0 0.0 150 20.0 0 0 0
9.238 0x00 idle 0 0 0 0 0 0.0 0.0 150 20.0 0 0 0
9.283 0x00 idle 0 0 0 0 0 0.0 0.0 150 20.0 0 0 0
9.319 0x00 idle 0 0 0 0 0 0.0 0.0 150 20.0 0 0 0
9.356 0x00 idle 0 0 0 0 0 0.0 0.0 150 20.0 0 0 0
9.397 0x00 idle 0 0 0 0 0 0.0 0.0 150 20.0 0 0 0
9.444 0x00 idle 0 0 0 0 0 0.0 0.0 150 20.0 0 0 0
9.478 0x00 idle 0 0 0 0 0 0.0 0.0 150 20.0 0 0 0
9.517 0x00 idle 0 0 0 0 0 0.0 0.0 150 20.0 0 0 0
9.560 0x00 idle 0 0 0 0 0 0.0 0.0 150 20.0 0 0 0
9.596 0x00 idle 0 0 0 0 0 0.0 0.0 150 20.0 0 0 0
9.644 0x00 idle 0 0 0 0 0 0.0 0.0 150 20.0 0 0 0
9.679 0x00 idle 0 0 0 0 0 0.0 0.0 150 20.0 0 0 0
9.722 0x00 idle 0 0 0 0 0 0.0 0.0 150 20.0 0 0 0
9.760 0x00 idle 0 0 0 0 0 0.0 0.0 150 20.0 0 0 0
9.808 0x00 idle 0 0 0 0 0 0.0 0.0 150 20.0 0 0 0
9.837 0x00 idle 0 0 0 0 0 0.0 0.0 150 20.0 0 0 0
9.879 0x00 idle 0 0 0 0 0 0.0 0.0 150 20.0 0 0 0
9.920 0x00 idle 0 0 0 0 0 0.0 0.0 150 20.0 0 0 0
9.956 0x00 idle 0 0 0 0 0 0.0 0.0 150 20.0 0 0 0
10.004 0x00 idle 0 0 0 0 0 0.0 0.0 150 20.0 0 0 0
10.042 0x00 idle 0 0 0 0 0 0.0 0.0 150 20.0 0 0 0
10.075 0x00 idle 0 0 0 0 0 0.0 0.0 150 20.0 0 0 0
10.114 0x00 idle 0 0 0 0 0 0.0 0.0 150 20.0 0 0 0
10.155 0x00 idle 0 0 0 0 0 0.0 0.0 150 20.0 0 0 0
10.195 0x00 idle 0 0 0 0 0 0.0 0.0 150 20.0 0 0 0
10.237 0x00 idle 0 0 0 0 0 0.0 0.0 150 20.0 0 0 0
10.279 0x00 idle 0 0 0 0 0 0.0 0.0 150 20.0 0 0 0
10.318 0x00 idle 0 0 0 0 0 0.0 0.0 150 20.0 0 0 0
10.355 0x00 idle 0 0 0 0 0 0.0 0.0 150 20.0 0 0 0
10.405 0x00 idle 0 0 0 0 0 0.0 0.0 150 20.0 0 0 0
10.438 0x00 idle 0 0 0 0 0 0.0 0.0 150 20.0 0 0 0
10.475 0x00 idle 0 0 0 0 0 0.0 0.0 150 20.0 0 0 0
10.519 0x00 idle 0 0 0 0 0 0.0 0.0 150 20.0 0 0 0
10.559 0x00 idle 0 0 0 0 0 0.0 0.0 150 20.0 0 0 0
10.599 0x00 idle 0 0 0 0 0 0.0 0.0 150 20.0 0 0 0
10.645 0x00 idle 0 0 0 0 0 0.0 0.0 150 20.0 0 0 0
10.676 0x00 idle 0 0 0 0 0 0.0 0.0 150 20.0 0 0 0
10.714 0x00 idle 0 0 0 0 0 0.0 0.0 150 20.0 0 0 0
10.762 0x00 idle 0 0 0 0 0 0.0 0.0 150 20.0 0 0 0
10.796 0x00 idle 0 0 0 0 0 0.0 0.0 150 20.0 0 0 0
10.841 0x00 idle 0 0 0 0 0 0.0 0.0 150 20.0 0 0 0
10.877 0x00 idle 0 0 0 0 0 0.0 0.0 150 20.0 0 0 0
10.916 0x00 idle 0 0 0 0 0 0.0 0.0 150 20.0 0 0 0
10.958 0x00 idle 0 0 0 0 0 0.0 0.0 150 20.0 0 0 0
11.002 0x00 idle 0 0 0 0 0 0.0 0.0 150 20.0 0 0 0
11.038 0x00 idle 0 0 0 0 0 0.0 0.0 150 20.0 0 0 0
11.079 0x00 idle 0 0 0 0 0 0.0 0.0 150 20.0 0 0 0
11.120 0x00 idle 0 0 0 0 0 0.0 0.0 150 20.0 0 0 0
11.154 0x00 idle 0 0 0 0 0 0.0 0.0 150 20.0 0 0 0
11.193 0x00 idle 0 0 0 0 0 0.0 0.0 150 20.0 0 0 0
11.235 0x00 idle 0 0 0 0 0 0.0 0.0 150 20.0 0 0 0
11.273 0x00 idle 0 0 0 0 0 0.0 0.0 150 20.0 0 0 0
11.315 0x00 idle 0 0 0 0 0 0.0 0.0 150 20.0 0 0 0
11.356 0x00 idle 0 0 0 0 0 0.0 0.0 150 20.0 0 0 0
11.407 0x00 idle 0 0 0 0 0 0.0 0.0 150 20.0 0 0 0
11.444 0x00 idle 0 0 0 0 0 0.0 0.0 150 20.0 0 0 0
11.478 0x00 idle 0 0 0 0 0 0.0 0.0 150 20.0 0 0 0
11.515 0x00 idle 0 0 0 0 0 0.0 0.0 150 20.0 0 0 0
11.557 0x00 idle 0 0 0 0 0 0.0 0.0 150 20.0 0 0 0
11.598 0x00 idle 0 0 0 0 0 0.0 0.0 150 20.0 0 0 0
11.647 0x00 idle 0 0 0 0 0 0.0 0.0 150 20.0 0 0 0
11.676 0x00 idle 0 0 0 0 0 0.0 0.0 150 20.0 0 0 0
11.715 0x00 idle 0 0 0 0 0 0.0 0.0 150 20.0 0 0 0
11.759 0x00 idle 0 0 0 0 0 0.0 0.0 150 20.0 0 0 0
11.797 0x00 idle 0 0 0 0 0 0.0 0.0 150 20.0 0 0 0
11.837 0x00 idle 0 0 0 0 0 0.0 0.0 150 20.0 0 0 0
11.883 0x00 idle 0 0 0 0 0 0.0 0.0 150 20.0 0 0 0
11.917 0x00 idle 0 0 0 0 0 0.0 0.0 150 20.0 0 0 0
11.964 0x00 idle 0 0 0 0 0 0.0 0.0 150 20.0 0 0 0
11.997 0x00 idle 0 0 0 0 0 0.0 0.0 150 20.0 0 0 0
12.046 0x00 idle 0 0 0 0 0 0.0 0.0 150 20.0 0 0 0
12.077 0x00 idle 0 0 0 0 0 0.0 0.0 150 20.0 0 0 0
12.118 0x00 idle 0 0 0 0 0 0.0 0.0 150 20.0 0 0 0
12.158 0x00 idle 0 0 0 0 0 0.0 0.0 150 20.0 0 0 0
12.196 0x00 idle 0 0 0 0 0 0.0 0.0 150 20.0 0 0 0
12.252 0x00 idle 0 0 0 0 0 0.0 0.0 150 20.0 0 0 0
12.281 0x00 idle 0 0 0 0 0 0.0 0.0 150 20.0 0 0 0
12.320 0x00 idle 0 0 0 0 0 0.0 0.0 150 20.0 0 0 0
12.361 0x00 idle 0 0 0 0 0 0.0 0.0 150 20.0 0 0 0
12.404 0x00 idle 0 0 0 0 0 0.0 0.0 150 20.0 0 0 0
12.441 0x00 idle 0 0 0 0 0 0.0 0.0 150 20.0 0 0 0
12.479 0x00 idle 0 0 0 0 0 0.0 0.0 150 20.0 0 0 0
12.520 0x00 idle 0 0 0 0 0 0.0 0.0 150 20.0 0 0 0
12.556 0x00 idle 0 0 0 0 0 0.0 0.0 150 20.0 0 0 0
12.606 0x00 idle 0 0 0 0 0 0.0 0.0 150 20.0 0 0 0
12.638 0x00 idle 0 0 0 0 0 0.0 0.0 150 20.0 0 0 0
12.678 0x00 idle 0 0 0 0 0 0.0 0.0 150 20.0 0 0 0
12.714 0x00 idle 0 0 0 0 0 0.0 0.0 150 20.0 0 0 0
12.771 0x00 idle 0 0 0 0 0 0.0 0.0 150 20.0 0 0 0
12.814 0x00 idle 0 0 0 0 0 0.0 0.0 150 20.0 0 0 0
12.848 0x00 idle 0 0 0 0 0 0.0 0.0 150 20.0 0 0 0
12.890 0x00 idle 0 0 0 0 0 0.0 0.0 150 20.0 0 0 0
12.932 0x00 idle 0 0 0 0 0 0.0 0.0 150 20.0 0 0 0
12.970 0x00 idle 0 0 0 0 0 0.0 0.0 150 20.0 0 0 0
13.010 0x00 idle 0 0 0 0 0 0.0 0.0 150 20.0 0 0 0
13.054 0x00 idle 0 0 0 0 0 0.0 0.0 150 20.0 0 0 0
13.093 0x00 idle 0 0 0 0 0 0.0 0.0 150 20.0 0 0 0
13.128 0x00 idle 0 0 0 0 0 0.0 0.0 150 20.0 0 0 0
13.169 0x00 idle 0 0 0 0 0 0.0 0.0 150 20.0 0 0 0
13.211 0x00 idle 0 0 0 0 0 0.0 0.0 150 20.0 0 0 0
13.253 0x00 idle 0 0 0 0 0 0.0 0.0 150 20.0 0 0 0
13.290 0x00 idle 0 0 0 0 0 0.0 0.0 150 20.0 0 0 0
13.334 0x00 idle 0 0 0 0 0 0.0 0.0 150 20.0 0 0 0
13.372 0x00 idle 0 0 0 0 0 0.0 0.0 150 20.0 0 0 0
13.412 0x00 idle 0 0 0 0 0 0.0 0.0 150 20.0 0 0 0
13.453 0x00 idle 0 0 0 0 0 0.0 0.0 150 20.0 0 0 0
13.490 0x00 idle 0 0 0 0 0 0.0 0.0 150 20.0 0 0 0
13.533 0x00 idle 0 0 0 0 0 0.0 0.0 150 20.0 0 0 0
13.573 0x00 idle 0 0 0 0 0 0.0 0.0 150 20.0 0 0 0
13.607 0x00 idle 0 0 0 0 0 0.0 0.0 150 20.0 0 0 0
13.648 0x00 idle 0 0 0 0 0 0.0 0.0 150 20.0 0 0 0
13.696 0x00 idle 0 0 0 0 0 0.0 0.0 150 20.0 0 0 0
13.728 0x00 idle 0 0 0 0 0 0.0 0.0 150 20.0 0 0 0
13.771 0x00 idle 0 0 0 0 0 0.0 0.0 150 20.0 0 0 0
13.811 0x00 idle 0 0 0 0 0 0.0 0.0 150 20.0 0 0 0
13.854 0x00 idle 0 0 0 0 0 0.0 0.0 150 20.0 0 0 0
13.894 0x00 idle 0 0 0 0 0 0.0 0.0 150 20.0 0 0 0
13.934 0x00 idle 0 0 0 0 0 0.0 0.0 150 20.0 0 0 0
13.968 0x00 idle 0 0 0 0 0 0.0 0.0 150 20.0 0 0 0
14.014 0x00 idle 0 0 0 0 0 0.0 0.0 150 20.0 0 0 0
14.065 0x00 idle 0 0 0 0 0 0.0 0.0 150 20.0 0 0 0
14.097 0x00 idle 0 0 0 0 0 0.0 0.0 150 20.0 0 0 0
14.129 0x00 idle 0 0 0 0 0 0.0 0.0 150 20.0 0 0 0
14.173 0x00 idle 0 0 0 0 0 0.0 0.0 150 20.0 0 0 0
14.212 0x00 idle 0 0 0 0 0 0.0 0.0 150 20.0 0 0 0
14.257 0x00 idle 0 0 0 0 0 0.0 0.0 150 20.0 0 0 0
14.290 0x00 idle 0 0 0 0 0 0.0 0.0 150 20.0 0 0 0
14.332 0x00 idle 0 0 0 0 0 0.0 0.0 150 20.0 0 0 0
14.373 0x00 idle 0 0 0 0 0 0.0 0.0 150 20.0 0 0 0
14.410 0x00 idle 0 0 0 0 0 0.0 0.0 150 20.0 0 0 0
14.450 0x00 idle 0 0 0 0 0 0.0 0.0 150 20.0 0 0 0
14.501 0x00 idle 0 0 0 0 0 0.0 0.0 150 20.0 0 0 0
14.530 0x00 idle 0 0 0 0 0 0.0 0.0 150 20.0 0 0 0
14.574 0x00 idle 0 0 0 0 0 0.0 0.0 150 20.0 0 0 0
14.612 0x00 idle 0 0 0 0 0 0.0 0.0 150 20.0 0 0 0
14.650 0x00 idle 0 0 0 0 0 0.0 0.0 150 20.0 0 0 0
14.691 0x00 idle 0 0 0 0 0 0.0 0.0 150 20.0 0 0 0
14.727 0x00 idle 0 0 0 0 0 0.0 0.0 150 20.0 0 0 0
14.777 0x00 idle 0 0 0 0 0 0.0 0.0 150 20.0 0 0 0
14.816 0x00 idle 0 0 0 0 0 0.0 0.0 150 20.0 0 0 0
14.858 0x00 idle 0 0 0 0 0 0.0 0.0 150 20.0 0 0 0
14.891 0x00 idle 0 0 0 0 0 0.0 0.0 150 20.0 0 0 0
14.929 0x00 idle 0 0 0 0 0 0.0 0.0 150 20.0 0 0 0
14.973 0x00 idle 0 0 0 0 0 0.0 0.0 150 20.0 0 0 0
15.008 0x00 idle 0 0 0 0 0 0.0 0.0 150 20.0 0 0 0
15.054 0x00 idle 0 0 0 0 0 0.0 0.0 150 20.0 0 0 0
15.088 0x00 idle 0 0 0 0 0 0.0 0.0 150 20.0 0 0 0
15.131 0x00 idle 0 0 0 0 0 0.0 0.0 150 20.0 0 0 0
15.173 0x00 idle 0 0 0 0 0 0.0 0.0 150 20.0 0 0 0
15.212 0x00 idle 0 0 0 0 0 0.0 0.0 150 20.0 0 0 0
15.258 0x00 idle 0 0 0 0 0 0.0 0.0 150 20.0 0 0 0
15.288 0x00 idle 0 0 0 0 0 0.0 0.0 150 20.0 0 0 0
15.334 0x00 idle 0 0 0 0 0 0.0 0.0 150 20.0 0 0 0
15.377 0x00 idle 0 0 0 0 0 0.0 0.0 150 20.0 0 0 0
15.414 0x00 idle 0 0 0 0 0 0.0 0.0 150 20.0 0 0 0
15.453 0x00 idle 0 0 0 0 0 0.0 0.0 150 20.0 0 0 0
15.491 0x00 idle 0 0 0 0 0 0.0 0.0 150 20.0 0 0 0
15.530 0x00 idle 0 0 0 0 0 0.0 0.0 150 20.0 0 0 0
15.572 0x00 idle 0 0 0 0 0 0.0 0.0 150 20.0 0 0 0
15.610 0x00 idle 0 0 0 0 0 0.0 0.0 150 20.0 0 0 0
15.648 0x00 idle 0 0 0 0 0 0.0 0.0 150 20.0 0 0 0
15.692 0x00 idle 0 0 0 0 0 0.0 0.0 150 20.0 0 0 0
15.728 0x00 idle 0 0 0 0 0 0.0 0.0 150 20.0 0 0 0
15.773 0x00 idle 0 0 0 0 0 0.0 0.0 150 20.0 0 0 0
15.812 0x00 idle 0 0 0 0 0 0.0 0.0 150 20.0 0 0 0
15.850 0x00 idle 0 0 0 0 0 0.0 0.0 150 20.0 0 0 0
15.891 0x00 idle 0 0 0 0 0 0.0 0.0 150 20.0 0 0 0
15.930 0x00 idle 0 0 0 0 0 0.0 0.0 150 20.0 0 0 0
15.974 0x00 idle 0 0 0 0 0 0.0 0.0 150 20.0 0 0 0
16.008 0x00 idle 0 0 0 0 0 0.0 0.0 150 20.0 0 0 0
16.051 0x00 idle 0 0 0 0 0 0.0 0.0 150 20.0 0 0 0
16.087 0x00 idle 0 0 0 0 0 0.0 0.0 150 20.0 0 0 0
16.129 0x00 idle 0 0 0 0 0 0.0 0.0 150 20.0 0 0 0
16.169 0x00 idle 0 0 0 0 0 0.0 0.0 150 20.0 0 0 0
16.212 0x00 idle 0 0 0 0 0 0.0 0.0 150 20.0 0 0 0
16.262 0x00 idle 0 0 0 0 0 0.0 0.0 150 20.0 0 0 0
16.297 0x00 idle 0 0 0 0 0 0.0 0.0 150 20.0 0 0 0
16.333 0x00 idle 0 0 0 0 0 0.0 0.0 150 20.0 0 0 0
16.373 0x00 idle 0 0 0 0 0 0.0 0.0 150 20.0 0 0 0
16.410 0x00 idle 0 0 0 0 0 0.0 0.0 150 20.0 0 0 0
16.451 0x00 idle 0 0 0 0 0 0.0 0.0 150 20.0 0 0 0
16.495 0x00 idle 0 0 0 0 0 0.0 0.0 150 20.0 0 0 0
16.529 0x00 idle 0 0 0 0 0 0.0 0.0 150 20.0 0 0 0
16.571 0x00 idle 0 0 0 0 0 0.0 0.0 150 20.0 0 0 0
16.611 0x00 idle 0 0 0 0 0 0.0 0.0 150 20.0 0 0 0
16.654 0x00 idle 0 0 0 0 0 0.0 0.0 150 20.0 0 0 0
16.692 0x00 idle 0 0 0 0 0 0.0 0.0 150 20.0 0 0 0
16.734 0x00 idle 0 0 0 0 0 0.0 0.0 150 20.0 0 0 0
16.776 0x00 idle 0 0 0 0 0 0.0 0.0 150 20.0 0 0 0
16.815 0x00 idle 0 0 0 0 0 0.0 0.0 150 20.0 0 0 0
16.848 0x00 idle 0 0 0 0 0 0.0 0.0 150 20.0 0 0 0
16.892 0x00 idle 0 0 0 0 0 0.0 0.0 150 20.0 0 0 0
16.932 0x00 idle 0 0 0 0 0 0.0 0.0 150 20.0 0 0 0
16.974 0x00 idle 0 0 0 0 0 0.0 0.0 150 20.0 0 0 0
17.010 0x00 idle 0 0 0 0 0 0.0 0.0 150 20.0 0 0 0
17.056 0x00 idle 0 0 0 0 0 0.0 0.0 150 20.0 0 0 0
17.092 0x00 idle 0 0 0 0 0 0.0 0.0 150 20.0 0 0 0
17.133 0x00 idle 0 0 0 0 0 0.0 0.0 150 20.0 0 0 0
17.169 0x00 idle 0 0 0 0 0 0.0 0.0 150 20.0 0 0 0
17.212 0x00 idle 0 0 0 0 0 0.0 0.0 150 20.0 0 0 0
17.252 0x00 idle 0 0 0 0 0 0.0 0.0 150 20.0 0 0 0
17.288 0x00 idle 0 0 0 0 0 0.0 0.0 150 20.0 0 0 0
17.327 0x00 idle 0 0 0 0 0 0.0 0.0 150 20.0 0 0 0
17.367 0x00 idle 0 0 0 0 0 0.0 0.0 150 20.0 0 0 0
17.408 0x00 idle 0 0 0 0 0 0.0 0.0 150 20.0 0 0 0
17.457 0x00 idle 0 0 0 0 0 0.0 0.0 150 20.0 0 0 0
17.489 0x00 idle 0 0 0 0 0 0.0 0.0 150 20.0 0 0 0
17.533 0x00 idle 0 0 0 0 0 0.0 0.0 150 20.0 0 0 0
17.579 0x00 idle 0 0 0 0 0 0.0 0.0 150 20.0 0 0 0
17.614 0x00 idle 0 0 0 0 0 0.0 0.0 150 20.0 0 0 0
17.653 0x00 idle 0 0 0 0 0 0.0 0.0 150 20.0 0 0 0
17.692 0x00 idle 0 0 0 0 0 0.0 0.0 150 20.0 0 0 0
17.731 0x00 idle 0 0 0 0 0 0.0 0.0 150 20.0 0 0 0
17.769 0x00 idle 0 0 0 0 0 0.0 0.0 150 20.0 0 0 0
17.808 0x00 idle 0 0 0 0 0 0.0 0.0 150 20.0 0 0 0
17.851 0x00 idle 0 0 0 0 0 0.0 0.0 150 20.0 0 0 0
17.893 0x00 idle 0 0 0 0 0 0.0 0.0 150 20.0 0 0 0
17.931 0x00 idle 0 0 0 0 0 0.0 0.0 150 20.0 0 0 0
17.971 0x00 idle 0 0 0 0 0 0.0 0.0 150 20.0 0 0 0
18.013 0x00 idle 0 0 0 0 0 0.0 0.0 150 20.0 0 0 0
18.056 0x00 idle 0 0 0 0 0 0.0 0.0 150 20.0 0 0 0
18.092 0x00 idle 0 0 0 0 0 0.0 0.0 150 20.0 0 0 0
18.139 0x00 idle 0 0 0 0 0 0.0 0.0 150 20.0 0 0 0
18.173 0x00 idle 0 0 0 0 0 0.0 0.0 150 20.0 0 0 0
18.210 0x00 idle 0 0 0 0 0 0.0 0.0 150 20.0 0 0 0
18.255 0x00 idle 0 0 0 0 0 0.0 0.0 150 20.0 0 0 0
18.294 0x00 idle 0 0 0 0 0 0.0 0.0 150 20.0 0 0 0
18.333 0x00 idle 0 0 0 0 0 0.0 0.0 150 20.0 0 0 0
18.370 0x00 idle 0 0 0 0 0 0.0 0.0 150 20.0 0 0 0
18.414 0x00 idle 0 0 0 0 0 0.0 0.0 150 20.0 0 0 0
18.453 0x00 idle 0 0 0 0 0 0.0 0.0 150 20.0 0 0 0
18.498 0x00 idle 0 0 0 0 0 0.0 0.0 150 20.0 0 0 0
18.532 0x00 idle 0 0 0 0 0 0.0 0.0 150 20.0 0 0 0
18.574 0x00 idle 0 0 0 0 0 0.0 0.0 150 20.0 0 0 0
18.610 0x00 idle 0 0 0 0 0 0.0 0.0 150 20.0 0 0 0
18.649 0x00 idle 0 0 0 0 0 0.0 0.0 150 20.0 0 0 0
18.696 0x00 idle 0 0 0 0 0 0.0 0.0 150 20.0 0 0 0
18.737 0x00 idle 0 0 0 0 0 0.0 0.0 150 20.0 0 0 0
18.769 0x00 idle 0 0 0 0 0 0.0 0.0 150 20.0 0 0 0
18.813 0x00 idle 0 0 0 0 0 0.0 0.0 150 20.0 0 0 0
18.854 0x00 idle 0 0 0 0 0 0.0 0.0 150 20.0 0 0 0
18.887 0x00 idle 0 0 0 0 0 0.0 0.0 150 20.0 0 0 0
18.932 0x00 idle 0 0 0 0 0 0.0 0.0 150 20.0 0 0 0
18.969 0x00 idle 0 0 0 0 0 0.0 0.0 150 20.0 0 0 0
19.020 0x00 idle 0 0 0 0 0 0.0 0.0 150 20.0 0 0 0
19.051 0x00 idle 0 0 0 0 0 0.0 0.0 150 20.0 0 0 0
19.094 0x00 idle 0 0 0 0 0 0.0 0.0 150 20.0 0 0 0
19.134 0x00 idle 0 0 0 0 0 0.0 0.0 150 20.0 0 0 0
19.174 0x00 idle 0 0 0 0 0 0.0 0.0 150 20.0 0 0 0
19.209 0x00 idle 0 0 0 0 0 0.0 0.0 150 20.0 0 0 0
19.259 0x00 idle 0 0 0 0 0 0.0 0.0 150 20.0 0 0 0
19.293 0x00 idle 0 0 0 0 0 0.0 0.0 150 20.0 0 0 0
19.334 0x00 idle 0 0 0 0 0 0.0 0.0 150 20.0 0 0 0
19.371 0x00 idle 0 0 0 0 0 0.0 0.0 150 20.0 0 0 0
19.411 0x00 idle 0 0 0 0 0 0.0 0.0 150 20.0 0 0 0
19.451 0x00 idle 0 0 0 0 0 0.0 0.0 150 20.0 0 0 0
19.489 0x00 idle 0 0 0 0 0 0.0 0.0 150 20.0 0 0 0
19.533 0x00 idle 0 0 0 0 0 0.0 0.0 150 20.0 0 0 0
19.571 0x00 idle 0 0 0 0 0 0.0 0.0 150 20.0 0 0 0
19.611 0x00 idle 0 0 0 0 0 0.0 0.0 150 20.0 0 0 0
19.651 0x00 idle 0 0 0 0 0 0.0 0.0 150 20.0 0 0 0
19.690 0x00 idle 0 0 0 0 0 0.0 0.0 150 20.0 0 0 0
19.738 0x00 idle 0 0 0 0 0 0.0 0.0 150 20.0 0 0 0
19.773 0x00 idle 0 0 0 0 0 0.0 0.0 150 20.0 0 0 0
19.810 0x00 idle 0 0 0 0 0 0.0 0.0 150 20.0 0 0 0
19.848 0x00 idle 0 0 0 0 0 0.0 0.0 150 20.0 0 0 0
19.895 0x00 idle 0 0 0 0 0 0.0 0.0 150 20.0 0 0 0
19.932 0x00 idle 0 0 0 0 0 0.0 0.0 150 20.0 0 0 0
19.973 0x00 idle 0 0 0 0 0 0.0 0.0 150 20.0 0 0 0
20.010 0x00 idle 0 0 0 0 0 0.0 0.0 150 20.0 0 0 0
20.050 0x00 idle 0 0 0 0 0 0.0 0.0 150 20.0 0 0 0
20.093 0x00 idle 0 0 0 0 0 0.0 0.0 150 20.0 0 0 0
20.139 0x00 idle 0 0 0 0 0 0.0 0.0 150 20.0 0 0 0
20.171 0x00 idle 0 0 0 0 0 0.0 0.0 150 20.0 0 0 0
20.213 0x00 idle 0 0 0 0 0 0.0 0.0 150 20.0 0 0 0
20.251 0x00 idle 0 0 0 0 0 0.0 0.0 150 20.0 0 0 0
20.293 0x00 idle 0 0 0 0 0 0.0 0.0 150 20.0 0 0 0
20.332 0x00 idle 0 0 0 0 0 0.0 0.0 150 20.0 0 0 0
20.374 0x00 idle 0 0 0 0 0 0.0 0.0 150 20.0 0 0 0
20.417 0x00 idle 0 0 0 0 0 0.0 0.0 150 20.0 0 0 0
20.456 0x00 idle 0 0 0 0 0 0.0 0.0 150 20.0 0 0 0
20.492 0x00 idle 0 0 0 0 0 0.0 0.0 150 20.0 0 0 0
20.531 0x00 idle 0 0 0 0 0 0.0 0.0 150 20.0 0 0 0
20.571 0x00 idle 0 0 0 0 0 0.0 0.0 150 20.0 0 0 0
20.612 0x00 idle 0 0 0 0 0 0.0 0.0 150 20.0 0 0 0
20.653 0x00 idle 0 0 0 0 0 0.0 0.0 150 20.0 0 0 0
20.691 0x00 idle 0 0 0 0 0 0.0 0.0 150 20.0 0 0 0
20.730 0x00 idle 0 0 0 0 0 0.0 0.0 150 20.0 0 0 0
20.775 0x00 idle 0 0 0 0 0 0.0 0.0 150 20.0 0 0 0
20.814 0x00 idle 0 0 0 0 0 0.0 0.0 150 20.0 0 0 0
20.847 0x00 idle 0 0 0 0 0 0.0 0.0 150 20.0 0 0 0
20.893 0x00 idle 0 0 0 0 0 0.0 0.0 150 20.0 0 0 0
20.931 0x00 idle 0 0 0 0 0 0.0 0.0 150 20.0 0 0 0
20.975 0x00 idle 0 0 0 0 0 0.0 0.0 150 20.0 0 0 0
21.011 0x00 idle 0 0 0 0 0 0.0 0.0 150 20.0 0 0 0
21.051 0x00 idle 0 0 0 0 0 0.0 0.0 150 20.0 0 0 0
21.094 0x00 idle 0 0 0 0 0 0.0 0.0 150 20.0 0 0 0
21.133 0x00 idle 0 0 0 0 0 0.0 0.0 150 20.0 0 0 0
21.174 0x00 idle 0 0 0 0 0 0.0 0.0 150 20.0 0 0 0
21.215 0x00 idle 0 0 0 0 0 0.0 0.0 150 20.0 0 0 0
21.249 0x00 idle 0 0 0 0 0 0.0 0.0 150 20.0 0 0 0
21.297 0x00 idle 0 0 0 0 0 0.0 0.0 150 20.0 0 0 0
21.333 0x00 idle 0 0 0 0 0 0.0 0.0 150 20.0 0 0 0
21.370 0x00 idle 0 0 0 0 0 0.0 0.0 150 20.0 0 0 0
21.410 0x00 idle 0 0 0 0 0 0.0 0.0 150 20.0 0 0 0
21.448 0x00 idle 0 0 0 0 0 0.0 0.0 150 20.0 0 0 0
21.489 0x00 idle 0 0 0 0 0 0.0 0.0 150 20.0 0 0 0
21.536 0x00 idle 0 0 0 0 0 0.0 0.0 150 20.0 0 0 0
21.571 0x00 idle 0 0 0 0 0 0.0 0.0 150 20.0 0 0 0
21.614 0x00 idle 0 0 0 0 0 0.0 0.0 150 20.0 0 0 0
21.653 0x00 idle 0 0 0 0 0 0.0 0.0 150 20.0 0 0 0
21.695 0x00 idle 0 0 0 0 0 0.0 0.0 150 20.0 0 0 0
21.731 0x00 idle 0 0 0 0 0 0.0 0.0 150 20.0 0 0 0
21.780 0x00 idle 0 0 0 0 0 0.0 0.0 150 20.0 0 0 0
21.815 0x00 idle 0 0 0 0 0 0.0 0.0 150 20.0 0 0 0
21.853 0x00 idle 0 0 0 0 0 0.0 0.0 150 20.0 0 0 0
21.890 0x00 idle 0 0 0 0 0 0.0 0.0 150 20.0 0 0 0
21.934 0x00 idle 0 0 0 0 0 0.0 0.0 150 20.0 0 0 0
21.966 0x00 idle 0 0 0 0 0 0.0 0.0 150 20.0 0 0 0
22.009 0x00 idle 0 0 0 0 0 0.0 0.0 150 20.0 0 0 0
22.049 0x00 idle 0 0 0 0 0 0.0 0.0 150 20.0 0 0 0
22.090 0x00 idle 0 0 0 0 0 0.0 0.0 150 20.0 0 0 0
22.131 0x00 idle 0 0 0 0 0 0.0 0.0 150 20.0 0 0 0
22.173 0x00 idle 0 0 0 0 0 0.0 0.0 150 20.0 0 0 0
22.213 0x00 idle 0 0 0 0 0 0.0 0.0 150 20.0 0 0 0
22.251 0x00 idle 0 0 0 0 0 0.0 0.0 150 20.0 0 0 0
22.289 0x00 idle 0 0 0 0 0 0.0 0.0 150 20.0 0 0 0
22.336 0x00 idle 0 0 0 0 0 0.0 0.0 150 20.0 0 0 0
22.371 0x00 idle 0 0 0 0 0 0.0 0.0 150 20.0 0 0 0
22.409 0x00 idle 0 0 0 0 0 0.0 0.0 150 20.0 0 0 0
22.453 0x00 idle 0 0 0 0 0 0.0 0.0 150 20.0 0 0 0
22.493 0x00 idle 0 0 0 0 0 0.0 0.0 150 20.0 0 0 0
22.532 0x00 idle 0 0 0 0 0 0.0 0.0 150 20.0 0 0 0
22.571 0x00 idle 0 0 0 0 0 0.0 0.0 150 20.0 0 0 0
22.618 0x00 idle 0 0 0 0 0 0.0 0.0 150 20.0 0 0 0
22.658 0x00 idle 0 0 0 0 0 0.0 0.0 150 20.0 0 0 0
22.693 0x00 idle 0 0 0 0 0 0.0 0.0 150 20.0 0 0 0
22.731 0x00 idle 0 0 0 0 0 0.0 0.0 150 20.0 0 0 0
22.770 0x00 idle 0 0 0 0 0 0.0 0.0 150 20.0 0 0 0
22.808 0x00 idle 0 0 0 0 0 0.0 0.0 150 20.0 0 0 0
22.852 0x00 idle 0 0 0 0 0 0.0 0.0 150 20.0 0 0 0
22.891 0x00 idle 0 0 0 0 0 0.0 0.0 150 20.0 0 0 0
22.932 0x00 idle 0 0 0 0 0 0.0 0.0 150 20.0 0 0 0
22.970 0x00 idle 0 0 0 0 0 0.0 0.0 150 20.0 0 0 0
23.014 0x00 idle 0 0 0 0 0 0.0 0.0 150 20.0 0 0 0
23.052 0x00 idle 0 0 0 0 0 0.0 0.0 150 20.0 0 0 0
23.096 0x00 idle 0 0 0 0 0 0.0 0.0 150 20.0 0 0 0
23.128 0x00 idle 0 0 0 0 0 0.0 0.0 150 20.0 0 0 0
23.174 0x00 idle 0 0 0 0 0 0.0 0.0 150 20.0 0 0 0
23.214 0x00 idle 0 0 0 0 0 0.0 0.0 150 20.0 0 0 0
23.262 0x00 idle 0 0 0 0 0 0.0 0.0 150 20.0 0 0 0
23.291 0x00 idle 0 0 0 0 0 0.0 0.0 150 20.0 0 0 0
23.329 0x00 idle 0 0 0 0 0 0.0 0.0 150 20.0 0 0 0
23.372 0x00 idle 0 0 0 0 0 0.0 0.0 150 20.0 0 0 0
23.415 0x00 idle 0 0 0 0 0 0.0 0.0 150 20.0 0 0 0
23.452 0x00 idle 0 0 0 0 0 0.0 0.0 150 20.0 0 0 0
23.493 0x00 idle 0 0 0 0 0 0.0 0.0 150 20.0 0 0 0
23.531 0x00 idle 0 0 0 0 0 0.0 0.0 150 20.0 0 0 0
23.571 0x00 idle 0 0 0 0 0 0.0 0.0 150 20.0 0 0 0
23.610 0x00 idle 0 0 0 0 0 0.0 0.0 150 20.0 0 0 0
23.652 0x00 idle 0 0 0 0 0 0.0 0.0 150 20.0 0 0 0
23.690 0x00 idle 0 0 0 0 0 0.0 0.0 150 20.0 0 0 0
23.734 0x00 idle 0 0 0 0 0 0.0 0.0 150 20.0 0 0 0
23.766 0x00 idle 0 0 0 0 0 0.0 0.0 150 20.0 0 0 0
23.811 0x00 idle 0 0 0 0 0 0.0 0.0 150 20.0 0 0 0
23.852 0x00 idle 0 0 0 0 0 0.0 0.0 150 20.0 0 0 0
23.898 0x00 idle 0 0 0 0 0 0.0 0.0 150 20.0 0 0 0
23.931 0x00 idle 0 0 0 0 0 0.0 0.0 150 20.0 0 0 0
23.975 0x00 idle 0 0 0 0 0 0.0 0.0 150 20.0 0 0 0
24.006 0x00 idle 0 0 0 0 0 0.0 0.0 150 20.0 0 0 0
24.057 0x00 idle 0 0 0 0 0 0.0 0.0 150 20.0 0 0 0
24.090 0x00 idle 0 0 0 0 0 0.0 0.0 150 20.0 0 0 0
24.131 0x00 idle 0 0 0 0 0 0.0 0.0 150 20.0 0 0 0
24.169 0x00 idle 0 0 0 0 0 0.0 0.0 150 20.0 0 0 0
24.212 0x00 idle 0 0 0 0 0 0.0 0.0 150 20.0 0 0 0
24.253 0x00 idle 0 0 0 0 0 0.0 0.0 150 20.0 0 0 0
24.291 0x00 idle 0 0 0 0 0 0.0 0.0 150 20.0 0 0 0
24.329 0x00 idle 0 0 0 0 0 0.0 0.0 150 20.0 0 0 0
24.369 0x00 idle 0 0 0 0 0 0.0 0.0 150 20.0 0 0 0
24.412 0x00 idle 0 0 0 0 0 0.0 0.0 150 20.0 0 0 0
24.451 0x00 idle 0 0 0 0 0 0.0 0.0 150 20.0 0 0 0
24.495 0x00 idle 0 0 0 0 0 0.0 0.0 150 20.0 0 0 0
24.530 0x00 idle 0 0 0 0 0 0.0 0.0 150 20.0 0 0 0
24.569 0x00 idle 0 0 0 0 0 0.0 0.0 150 20.0 0 0 0
24.619 0x00 idle 0 0 0 0 0 0.0 0.0 150 20.0 0 0 0
24.653 0x00 idle 0 0 0 0 0 0.0 0.0 150 20.0 0 0 0
24.694 0x00 idle 0 0 0 0 0 0.0 0.0 150 20.0 0 0 0
24.729 0x00 idle 0 0 0 0 0 0.0 0.0 150 20.0 0 0 0
24.772 0x00 idle 0 0 0 0 0 0.0 0.0 150 20.0 0 0 0
24.809 0x00 idle 0 0 0 0 0 0.0 0.0 150 20.0 0 0 0
24.849 0x00 idle 0 0 0 0 0 0.0 0.0 150 20.0 0 0 0
24.893 0x00 idle 0 0 0 0 0 0.0 0.0 150 20.0 0 0 0
24.931 0x00 idle 0 0 0 0 0 0.0 0.0 150 20.0 0 0 0
24.974 0x00 idle 0 0 0 0 0 0.0 0.0 150 20.0 0 0 0
25.010 0x00 idle 0 0 0 0 0 0.0 0.0 150 20.0 0 0 0
25.052 0x00 idle 0 0 0 0 0 0.0 0.0 150 20.0 0 0 0
25.094 0x00 idle 0 0 0 0 0 0.0 0.0 150 20.0 0 0 0
25.133 0x00 idle 0 0 0 0 0 0.0 0.0 150 20.0 0 0 0
25.169 0x00 idle 0 0 0 0 0 0.0 0.0 150 20.0 0 0 0
25.212 0x00 idle 0 0 0 0 0 0.0 0.0 150 20.0 0 0 0
25.252 0x00 idle 0 0 0 0 0 0.0 0.0 150 20.0 0 0 0
25.291 0x00 idle 0 0 0 0 0 0.0 0.0 150 20.0 0 0 0
25.333 0x00 idle 0 0 0 0 0 0.0 0.0 150 20.0 0 0 0
25.373 0x00 idle 0 0 0 0 0 0.0 0.0 150 20.0 0 0 0
25.411 0x00 idle 0 0 0 0 0 0.0 0.0 150 20.0 0 0 0
25.451 0x00 idle 0 0 0 0 0 0.0 0.0 150 20.0 0 0 0
25.492 0x00 idle 0 0 0 0 0 0.0 0.0 150 20.0 0 0 0
25.532 0x00 idle 0 0 0 0 0 0.0 0.0 150 20.0 0 0 0
25.573 0x00 idle 0 0 0 0 0 0.0 0.0 150 20.0 0 0 0
25.610 0x00 idle 0 0 0 0 0 0.0 0.0 150 20.0 0 0 0
25.649 0x00 idle 0 0 0 0 0 0.0 0.0 150 20.0 0 0 0
25.692 0x00 idle 0 0 0 0 0 0.0 0.0 150 20.0 0 0 0
25.730 0x00 idle 0 0 0 0 0 0.0 0.0 150 20.0 0 0 0
25.781 0x00 idle 0 0 0 0 0 0.0 0.0 150 20.0 0 0 0
25.808 0x00 idle 0 0 0 0 0 0.0 0.0 150 20.0 0 0 0
25.853 0x00 idle 0 0 0 0 0 0.0 0.0 150 20.0 0 0 0
25.893 0x00 idle 0 0 0 0 0 0.0 0.0 150 20.0 0 0 0
25.929 0x00 idle 0 0 0 0 0 0.0 0.0 150 20.0 0 0 0
25.972 0x00 idle 0 0 0 0 0 0.0 0.0 150 20.0 0 0 0
26.014 0x00 idle 0 0 0 0 0 0.0 0.0 150 20.0 0 0 0
26.049 0x00 idle 0 0 0 0 0 0.0 0.0 150 20.0 0 0 0
26.091 0x00 idle 0 0 0 0 0 0.0 0.0 150 20.0 0 0 0
26.131 0x00 idle 0 0 0 0 0 0.0 0.0 150 20.0 0 0 0
26.175 0x00 idle 0 0 0 0 0 0.0 0.0 150 20.0 0 0 0
26.213 0x00 idle 0 0 0 0 0 0.0 0.0 150 20.0 0 0 0
26.258 0x00 idle 0 0 0 0 0 0.0 0.0 150 20.0 0 0 0
26.307 0x00 idle 0 0 0 0 0 0.0 0.0 150 20.0 0 0 0
26.332 0x00 idle 0 0 0 0 0 0.0 0.0 150 20.0 0 0 0
26.372 0x00 idle 0 0 0 0 0 0.0 0.0 150 20.0 0 0 0
26.412 0x00 idle 0 0 0 0 0 0.0 0.0 150 20.0 0 0 0
26.465 0x00 idle 0 0 0 0 0 0.0 0.0 150 20.0 0 0 0
26.493 0x00 idle 0 0 0 0 0 0.0 0.0 150 20.0 0 0 0
26.536 0x00 idle 0 0 0 0 0 0.0 0.0 150 20.0 0 0 0
26.569 0x00 idle 0 0 0 0 0 0.0 0.0 150 20.0 0 0 0
26.611 0x00 idle 0 0 0 0 0 0.0 0.0 150 20.0 0 0 0
26.652 0x00 idle 0 0 0 0 0 0.0 0.0 150 20.0 0 0 0
26.695 0x00 idle 0 0 0 0 0 0.0 0.0 150 20.0 0 0 0
26.749 0x00 idle 0 0 0 0 0 0.0 0.0 150 20.0 0 0 0
26.775 0x00 idle 0 0 0 0 0 0.0 0.0 150 20.0 0 0 0
26.811 0x00 idle 0 0 0 0 0 0.0 0.0 150 20.0 0 0 0
26.856 0x00 idle 0 0 0 0 0 0.0 0.0 150 20.0 0 0 0
26.895 0x00 idle 0 0 0 0 0 0.0 0.0 150 20.0 0 0 0
26.933 0x00 idle 0 0 0 0 0 0.0 0.0 150 20.0 0 0 0
26.972 0x00 idle 0 0 0 0 0 0.0 0.0 150 20.0 0 0 0
27.013 0x00 idle 0 0 0 0 0 0.0 0.0 150 20.0 0 0 0
27.051 0x00 idle 0 0 0 0 0 0.0 0.0 150 20.0 0 0 0
27.093 0x00 idle 0 0 0 0 0 0.0 0.0 150 20.0 0 0 0
27.134 0x00 idle 0 0 0 0 0 0.0 0.0 150 20.0 0 0 0
27.175 0x00 idle 0 0 0 0 0 0.0 0.0 150 20.0 0 0 0
27.209 0x00 idle 0 0 0 0 0 0.0 0.0 150 20.0 0 0 0
27.262 0x00 idle 0 0 0 0 0 0.0 0.0 150 20.0 0 0 0
27.291 0x00 idle 0 0 0 0 0 0.0 0.0 150 20.0 0 0 0
27.333 0x00 idle 0 0 0 0 0 0.0 0.0 150 20.0 0 0 0
27.374 0x00 idle 0 0 0 0 0 0.0 0.0 150 20.0 0 0 0
27.411 0x00 idle 0 0 0 0 0 0.0 0.0 150 20.0 0 0 0
27.451 0x00 idle 0 0 0 0 0 0.0 0.0 150 20.0 0 0 0
27.499 0x00 idle 0 0 0 0 0 0.0 0.0 150 20.0 0 0 0
27.530 0x00 idle 0 0 0 0 0 0.0 0.0 150 20.0 0 0 0
27.573 0x00 idle 0 0 0 0 0 0.0 0.0 150 20.0 0 0 0
27.611 0x00 idle 0 0 0 0 0 0.0 0.0 150 20.0 0 0 0
27.649 0x00 idle 0 0 0 0 0 0.0 0.0 150 20.0 0 0 0
27.691 0x00 idle 0 0 0 0 0 0.0 0.0 150 20.0 0 0 0
27.732 0x00 idle 0 0 0 0 0 0.0 0.0 150 20.0 0 0 0
27.770 0x00 idle 0 0 0 0 0 0.0 0.0 150 20.0 0 0 0
27.812 0x00 idle 0 0 0 0 0 0.0 0.0 150 20.0 0 0 0
27.857 0x00 idle 0 0 0 0 0 0.0 0.0 150 20.0 0 0 0
27.896 0x00 idle 0 0 0 0 0 0.0 0.0 150 20.0 0 0 0
27.928 0x00 idle 0 0 0 0 0 0.0 0.0 150 20.0 0 0 0
27.970 0x00 idle 0 0 0 0 0 0.0 0.0 150 20.0 0 0 0
28.009 0x00 idle 0 0 0 0 0 0.0 0.0 150 20.0 0 0 0
28.049 0x00 idle 0 0 0 0 0 0.0 0.0 150 20.0 0 0 0
28.095 0x00 idle 0 0 0 0 0 0.0 0.0 150 20.0 0 0 0
28.133 0x00 idle 0 0 0 0 0 0.0 0.0 150 20.0 0 0 0
28.172 0x00 idle 0 0 0 0 0 0.0 0.0 150 20.0 0 0 0
28.207 0x00 idle 0 0 0 0 0 0.0 0.0 150 20.0 0 0 0
28.258 0x00 idle 0 0 0 0 0 0.0 0.0 150 20.0 0 0 0
28.298 0x00 idle 0 0 0 0 0 0.0 0.0 150 20.0 0 0 0
28.332 0x00 idle 0 0 0 0 0 0.0 0.0 150 20.0 0 0 0
28.372 0x00 idle 0 0 0 0 0 0.0 0.0 150 20.0 0 0 0
28.409 0x00 idle 0 0 0 0 0 0.0 0.0 150 20.0 0 0 0
28.451 0x00 idle 0 0 0 0 0 0.0 0.0 150 20.0 0 0 0
28.493 0x00 idle 0 0 0 0 0 0.0 0.0 150 20.0 0 0 0
28.536 0x00 idle 0 0 0 0 0 0.0 0.0 150 20.0 0 0 0
28.574 0x00 idle 0 0 0 0 0 0.0 0.0 150 20.0 0 0 0
28.612 0x00 idle 0 0 0 0 0 0.0 0.0 150 20.0 0 0 0
28.658 0x00 idle 0 0 0 0 0 0.0 0.0 150 20.0 0 0 0
28.691 0x00 idle 0 0 0 0 0 0.0 0.0 150 20.0 0 0 0
28.731 0x00 idle 0 0 0 0 0 0.0 0.0 150 20.0 0 0 0
28.771 0x00 idle 0 0 0 0 0 0.0 0.0 150 20.0 0 0 0
28.816 0x00 idle 0 0 0 0 0 0.0 0.0 150 20.0 0 0 0
28.850 0x00 idle 0 0 0 0 0 0.0 0.0 150 20.0 0 0 0
28.893 0x00 idle 0 0 0 0 0 0.0 0.0 150 20.0 0 0 0
28.930 0x00 idle 0 0 0 0 0 0.0 0.0 150 20.0 0 0 0
28.972 0x00 idle 0 0 0 0 0 0.0 0.0 150 20.0 0 0 0
29.012 0x00 idle 0 0 0 0 0 0.0 0.0 150 20.0 0 0 0
29.053 0x00 idle 0 0 0 0 0 0.0 0.0 150 20.0 0 0 0
29.094 0x00 idle 0 0 0 0 0 0.0 0.0 150 20.0 0 0 0
29.132 0x00 idle 0 0 0 0 0 0.0 0.0 150 20.0 0 0 0
29.175 0x00 idle 0 0 0 0 0 0.0 0.0 150 20.0 0 0 0
29.214 0x00 idle 0 0 0 0 0 0.0 0.0 150 20.0 0 0 0
29.256 0x00 idle 0 0 0 0 0 0.0 0.0 150 20.0 0 0 0
29.289 0x00 idle 0 0 0 0 0 0.0 0.0 150 20.0 0 0 0
29.329 0x00 idle 0 0 0 0 0 0.0 0.0 150 20.0 0 0 0
29.379 0x00 idle 0 0 0 0 0 0.0 0.0 150 20.0 0 0 0
29.412 0x00 idle 0 0 0 0 0 0.0 0.0 150 20.0 0 0 0
29.453 0x00 idle 0 0 0 0 0 0.0 0.0 150 20.0 0 0 0
29.499 0x00 idle 0 0 0 0 0 0.0 0.0 150 20.0 0 0 0
29.531 0x00 idle 0 0 0 0 0 0.0 0.0 150 20.0 0 0 0
29.573 0x00 idle 0 0 0 0 0 0.0 0.0 150 20.0 0 0 0
29.613 0x00 idle 0 0 0 0 0 0.0 0.0 150 20.0 0 0 0
29.659 0x00 idle 0 0 0 0 0 0.0 0.0 150 20.0 0 0 0
29.688 0x00 idle 0 0 0 0 0 0.0 0.0 150 20.0 0 0 0
29.731 0x00 idle 0 0 0 0 0 0.0 0.0 150 20.0 0 0 0
29.770 0x00 idle 0 0 0 0 0 0.0 0.0 150 20.0 0 0 0
29.812 0x00 idle 0 0 0 0 0 0.0 0.0 150 20.0 0 0 0
29.851 0x00 idle 0 0 0 0 0 0.0 0.0 150 20.0 0 0 0
29.887 0x00 idle 0 0 0 0 0 0.0 0.0 150 20.0 0 0 0
29.938 0x00 idle 0 0 0 0 0 0.0 0.0 150 20.0 0 0 0
29.972 0x00 idle 0 0 0 0 0 0.0 0.0 150 20.0 0 0 0
30.008 0x00 idle 0 0 0 0 0 0.0 0.0 150 20.0 0 0 0
30.056 0x00 idle 0 0 0 0 0 0.0 0.0 150 20.0 0 0 0
30.091 0x00 idle 0 0 0 0 0 0.0 0.0 150 20.0 0 0 0
30.134 0x00 idle 0 0 0 0 0 0.0 0.0 150 20.0 0 0 0
30.174 0x00 idle 0 0 0 0 0 0.0 0.0 150 20.0 0 0 0
30.216 0x00 idle 0 0 0 0 0 0.0 0.0 150 20.0 0 0 0
30.247 0x00 idle 0 0 0 0 0 0.0 0.0 150 20.0 0 0 0
30.291 0x00 idle 0 0 0 0 0 0.0 0.0 150 20.0 0 0 0
30.331 0x00 idle 0 0 0 0 0 0.0 0.0 150 20.0 0 0 0
30.369 0x00 idle 0 0 0 0 0 0.0 0.0 150 20.0 0 0 0
30.416 0x00 idle 0 0 0 0 0 0.0 0.0 150 20.0 0 0 0
30.455 0x00 idle 0 0 0 0 0 0.0 0.0 150 20.0 0 0 0
30.497 0x00 idle 0 0 0 0 0 0.0 0.0 150 20.0 0 0 0
30.534 0x00 idle 0 0 0 0 0 0.0 0.0 150 20.0 0 0 0
30.574 0x00 idle 0 0 0 0 0 0.0 0.0 150 20.0 0 0 0
30.610 0x00 idle 0 0 0 0 0 0.0 0.0 150 20.0 0 0 0
30.649 0x00 idle 0 0 0 0 0 0.0 0.0 150 20.0 0 0 0
30.690 0x00 idle 0 0 0 0 0 0.0 0.0 150 20.0 0 0 0
30.731 0x00 idle 0 0 0 0 0 0.0 0.0 150 20.0 0 0 0
30.768 0x00 idle 0 0 0 0 0 0.0 0.0 150 20.0 0 0 0
30.811 0x00 idle 0 0 0 0 0 0.0 0.0 150 20.0 0 0 0
30.851 0x00 idle 0 0 0 0 0 0.0 0.0 150 20.0 0 0 0
30.888 0x00 idle 0 0 0 0 0 0.0 0.0 150 20.0 0 0 0
30.930 0x00 idle 0 0 0 0 0 0.0 0.0 150 20.0 0 0 0
30.973 0x00 idle 0 0 0 0 0 0.0 0.0 150 20.0 0 0 0
31.014 0x00 idle 0 0 0 0 0 0.0 0.0 150 20.0 0 0 0
31.054 0x00 idle 0 0 0 0 0 0.0 0.0 150 20.0 0 0 0
31.092 0x00 idle 0 0 0 0 0 0.0 0.0 150 20.0 0 0 0
31.131 0x00 idle 0 0 0 0 0 0.0 0.0 150 20.0 0 0 0
31.170 0x00 idle 0 0 0 0 0 0.0 0.0 150 20.0 0 0 0
31.211 0x00 idle 0 0 0 0 0 0.0 0.0 150 20.0 0 0 0
31.254 0x00 idle 0 0 0 0 0 0.0 0.0 150 20.0 0 0 0
31.291 0x00 idle 0 0 0 0 0 0.0 0.0 150 20.0 0 0 0
31.333 0x00 idle 0 0 0 0 0 0.0 0.0 150 20.0 0 0 0
31.368 0x00 idle 0 0 0 0 0 0.0 0.0 150 20.0 0 0 0
31.412 0x00 idle 0 0 0 0 0 0.0 0.0 150 20.0 0 0 0
31.453 0x00 idle 0 0 0 0 0 0.0 0.0 150 20.0 0 0 0
31.492 0x00 idle 0 0 0 0 0 0.0 0.0 150 20.0 0 0 0
31.533 0x00 idle 0 0 0 0 0 0.0 0.0 150 20.0 0 0 0
31.571 0x00 idle 0 0 0 0 0 0.0 0.0 150 20.0 0 0 0
31.611 0x00 idle 0 0 0 0 0 0.0 0.0 150 20.0 0 0 0
31.647 0x00 idle 0 0 0 0 0 0.0 0.0 150 20.0 0 0 0
31.692 0x00 idle 0 0 0 0 0 0.0 0.0 150 20.0 0 0 0
31.730 0x00 idle 0 0 0 0 0 0.0 0.0 150 20.0 0 0 0
31.771 0x00 idle 0 0 0 0 0 0.0 0.0 150 20.0 0 0 0
31.812 0x00 idle 0 0 0 0 0 0.0 0.0 150 20.0 0 0 0
31.855 0x00 idle 0 0 0 0 0 0.0 0.0 150 20.0 0 0 0
31.889 0x00 idle 0 0 0 0 0 0.0 0.0 150 20.0 0 0 0
31.931 0x00 idle 0 0 0 0 0 0.0 0.0 150 20.0 0 0 0
31.973 0x00 idle 0 0 0 0 0 0.0 0.0 150 20.0 0 0 0
32.010 0x00 idle 0 0 0 0 0 0.0 0.0 150 20.0 0 0 0
32.052 0x00 idle 0 0 0 0 0 0.0 0.0 150 20.0 0 0 0
32.100 0x00 idle 0 0 0 0 0 0.0 0.0 150 20.0 0 0 0
32.134 0x00 idle 0 0 0 0 0 0.0 0.0 150 20.0 0 0 0
32.170 0x00 idle 0 0 0 0 0 0.0 0.0 150 20.0 0 0 0
32.209 0x00 idle 0 0 0 0 0 0.0 0.0 150 20.0 0 0 0
32.250 0x00 idle 0 0 0 0 0 0.0 0.0 150 20.0 0 0 0
32.290 0x00 idle 0 0 0 0 0 0.0 0.0 150 20.0 0 0 0
32.331 0x00 idle 0 0 0 0 0 0.0 0.0 150 20.0 0 0 0
32.370 0x00 idle 0 0 0 0 0 0.0 0.0 150 20.0 0 0 0
32.428 0x00 idle 0 0 0 0 0 0.0 0.0 150 20.0 0 0 0
32.451 0x00 idle 0 0 0 0 0 0.0 0.0 150 20.0 0 0 0
32.490 0x00 idle 0 0 0 0 0 0.0 0.0 150 20.0 0 0 0
32.531 0x00 idle 0 0 0 0 0 0.0 0.0 150 20.0 0 0 0
32.572 0x00 idle 0 0 0 0 0 0.0 0.0 150 20.0 0 0 0
32.611 0x00 idle 0 0 0 0 0 0.0 0.0 150 20.0 0 0 0
32.652 0x00 idle 0 0 0 0 0 0.0 0.0 150 20.0 0 0 0
32.691 0x00 idle 0 0 0 0 0 0.0 0.0 150 20.0 0 0 0
32.736 0x00 idle 0 0 0 0 0 0.0 0.0 150 20.0 0 0 0
32.775 0x00 idle 0 0 0 0 0 0.0 0.0 150 20.0 0 0 0
32.814 0x00 idle 0 0 0 0 0 0.0 0.0 150 20.0 0 0 0
32.855 0x00 idle 0 0 0 0 0 0.0 0.0 150 20.0 0 0 0
32.894 0x00 idle 0 0 0 0 0 0.0 0.0 150 20.0 0 0 0
32.934 0x00 idle 0 0 0 0 0 0.0 0.0 150 20.0 0 0 0
32.975 0x00 idle 0 0 0 0 0 0.0 0.0 150 20.0 0 0 0
33.017 0x00 idle 0 0 0 0 0 0.0 0.0 150 20.0 0 0 0
33.052 0x00 idle 0 0 0 0 0 0.0 0.0 150 20.0 0 0 0
33.091 0x00 idle 0 0 0 0 0 0.0 0.0 150 20.0 0 0 0
33.139 0x00 idle 0 0 0 0 0 0.0 0.0 150 20.0 0 0 0
33.171 0x00 idle 0 0 0 0 0 0.0 0.0 150 20.0 0 0 0
33.210 0x00 idle 0 0 0 0 0 0.0 0.0 150 20.0 0 0 0
33.250 0x00 idle 0 0 0 0 0 0.0 0.0 150 20.0 0 0 0
33.299 0x00 idle 0 0 0 0 0 0.0 0.0 150 20.0 0 0 0
33.332 0x00 idle 0 0 0 0 0 0.0 0.0 150 20.0 0 0 0
33.373 0x00 idle 0 0 0 0 0 0.0 0.0 150 20.0 0 0 0
33.420 0x00 idle 0 0 0 0 0 0.0 0.0 150 20.0 0 0 0
33.453 0x00 idle 0 0 0 0 0 0.0 0.0 150 20.0 0 0 0
33.493 0x00 idle 0 0 0 0 0 0.0 0.0 150 20.0 0 0 0
33.532 0x00 idle 0 0 0 0 0 0.0 0.0 150 20.0 0 0 0
33.569 0x00 idle 0 0 0 0 0 0.0 0.0 150 20.0 0 0 0
33.612 0x00 idle 0 0 0 0 0 0.0 0.0 150 20.0 0 0 0
33.652 0x00 idle 0 0 0 0 0 0.0 0.0 150 20.0 0 0 0
33.696 0x00 idle 0 0 0 0 0 0.0 0.0 150 20.0 0 0 0
33.731 0x00 idle 0 0 0 0 0 0.0 0.0 150 20.0 0 0 0
33.772 0x00 idle 0 0 0 0 0 0.0 0.0 150 20.0 0 0 0
33.813 0x00 idle 0 0 0 0 0 0.0 0.0 150 20.0 0 0 0
33.848 0x00 idle 0 0 0 0 0 0.0 0.0 150 20.0 0 0 0
33.890 0x00 idle 0 0 0 0 0 0.0 0.0 150 20.0 0 0 0
33.933 0x00 idle 0 0 0 0 0 0.0 0.0 150 20.0 0 0 0
33.973 0x00 idle 0 0 0 0 0 0.0 0.0 150 20.0 0 0 0
34.011 0x00 idle 0 0 0 0 0 0.0 0.0 150 20.0 0 0 0
34.055 0x00 idle 0 0 0 0 0 0.0 0.0 150 20.0 0 0 0
34.101 0x00 idle 0 0 0 0 0 0.0 0.0 150 20.0 0 0 0
34.139 0x00 idle 0 0 0 0 0 0.0 0.0 150 20.0 0 0 0
34.180 0x00 idle 0 0 0 0 0 0.0 0.0 150 20.0 0 0 0
34.214 0x00 idle 0 0 0 0 0 0.0 0.0 150 20.0 0 0 0
34.249 0x00 idle 0 0 0 0 0 0.0 0.0 150 20.0 0 0 0
34.287 0x00 idle 0 0 0 0 0 0.0 0.0 150 20.0 0 0 0
34.329 0x00 idle 0 0 0 0 0 0.0 0.0 150 20.0 0 0 0
34.374 0x00 idle 0 0 0 0 0 0.0 0.0 150 20.0 0 0 0
34.412 0x00 idle 0 0 0 0 0 0.0 0.0 150 20.0 0 0 0
34.447 0x00 idle 0 0 0 0 0 0.0 0.0 150 20.0 0 0 0
34.489 0x00 idle 0 0 0 0 0 0.0 0.0 150 20.0 0 0 0
34.535 0x00 idle 0 0 0 0 0 0.0 0.0 150 20.0 0 0 0
34.574 0x00 idle 0 0 0 0 0 0.0 0.0 150 20.0 0 0 0
34.611 0x00 idle 0 0 0 0 0 0.0 0.0 150 20.0 0 0 0
34.653 0x00 idle 0 0 0 0 0 0.0 0.0 150 20.0 0 0 0
34.689 0x00 idle 0 0 0 0 0 0.0 0.0 150 20.0 0 0 0
34.730 0x00 idle 0 0 0 0 0 0.0 0.0 150 20.0 0 0 0
34.774 0x00 idle 0 0 0 0 0 0.0 0.0 150 20.0 0 0 0
34.808 0x00 idle 0 0 0 0 0 0.0 0.0 150 20.0 0 0 0
34.854 0x00 idle 0 0 0 0 0 0.0 0.0 150 20.0 0 0 0
34.893 0x00 idle 0 0 0 0 0 0.0 0.0 150 20.0 0 0 0
34.932 0x00 idle 0 0 0 0 0 0.0 0.0 150 20.0 0 0 0
34.971 0x00 idle 0 0 0 0 0 0.0 0.0 150 20.0 0 0 0
35.012 0x00 idle 0 0 0 0 0 0.0 0.0 150 20.0 0 0 0
35.051 0x00 idle 0 0 0 0 0 0.0 0.0 150 20.0 0 0 0
35.089 0x00 idle 0 0 0 0 0 0.0 0.0 150 20.0 0 0 0
35.131 0x00 idle 0 0 0 0 0 0.0 0.0 150 20.0 0 0 0
35.177 0x00 idle 0 0 0 0 0 0.0 0.0 150 20.0 0 0 0
35.212 0x00 idle 0 0 0 0 0 0.0 0.0 150 20.0 0 0 0
35.263 0x00 idle 0 0 0 0 0 0.0 0.0 150 20.0 0 0 0
35.291 0x00 idle 0 0 0 0 0 0.0 0.0 150 20.0 0 0 0
35.331 0x00 idle 0 0 0 0 0 0.0 0.0 150 20.0 0 0 0
35.369 0x00 idle 0 0 0 0 0 0.0 0.0 150 20.0 0 0 0
35.415 0x00 idle 0 0 0 0 0 0.0 0.0 150 20.0 0 0 0
35.449 0x00 idle 0 0 0 0 0 0.0 0.0 150 20.0 0 0 0
35.491 0x00 idle 0 0 0 0 0 0.0 0.0 150 20.0 0 0 0
35.530 0x00 idle 0 0 0 0 0 0.0 0.0 150 20.0 0 0 0
35.566 0x00 idle 0 0 0 0 0 0.0 0.0 150 20.0 0 0 0
35.607 0x00 idle 0 0 0 0 0 0.0 0.0 150 20.0 0 0 0
35.648 0x00 idle 0 0 0 0 0 0.0 0.0 150 20.0 0 0 0
35.695 0x00 idle 0 0 0 0 0 0.0 0.0 150 20.0 0 0 0
35.730 0x00 idle 0 0 0 0 0 0.0 0.0 150 20.0 0 0 0
35.774 0x00 idle 0 0 0 0 0 0.0 0.0 150 20.0 0 0 0
35.809 0x00 idle 0 0 0 0 0 0.0 0.0 150 20.0 0 0 0
35.848 0x00 idle 0 0 0 0 0 0.0 0.0 150 20.0 0 0 0
35.890 0x00 idle 0 0 0 0 0 0.0 0.0 150 20.0 0 0 0
35.931 0x00 idle 0 0 0 0 0 0.0 0.0 150 20.0 0 0 0
35.968 0x00 idle 0 0 0 0 0 0.0 0.0 150 20.0 0 0 0
36.012 0x00 idle 0 0 0 0 0 0.0 0.0 150 20.0 0 0 0
36.048 0x00 idle 0 0 0 0 0 0.0 0.0 150 20.0 0 0 0
36.091 0x00 idle 0 0 0 0 0 0.0 0.0 150 20.0 0 0 0
36.130 0x00 idle 0 0 0 0 0 0.0 0.0 150 20.0 0 0 0
36.172 0x00 idle 0 0 0 0 0 0.0 0.0 150 20.0 0 0 0
36.209 0x00 idle 0 0 0 0 0 0.0 0.0 150 20.0 0 0 0
36.251 0x00 idle 0 0 0 0 0 0.0 0.0 150 20.0 0 0 0
36.288 0x00 idle 0 0 0 0 0 0.0 0.0 150 20.0 0 0 0
36.334 0x00 idle 0 0 0 0 0 0.0 0.0 150 20.0 0 0 0
36.368 0x00 idle 0 0 0 0 0 0.0 0.0 150 20.0 0 0 0
36.410 0x00 idle 0 0 0 0 0 0.0 0.0 150 20.0 0 0 0
36.448 0x00 idle 0 0 0 0 0 0.0 0.0 150 20.0 0 0 0
36.489 0x00 idle 0 0 0 0 0 0.0 0.0 150 20.0 0 0 0
36.528 0x00 idle 0 0 0 0 0 0.0 0.0 150 20.0 0 0 0
36.573 0x00 idle 0 0 0 0 0 0.0 0.0 150 20.0 0 0 0
36.612 0x00 idle 0 0 0 0 0 0.0 0.0 150 20.0 0 0 0
36.655 0x00 idle 0 0 0 0 0 0.0 0.0 150 20.0 0 0 0
36.688 0x00 idle 0 0 0 0 0 0.0 0.0 150 20.0 0 0 0
36.732 0x00 idle 0 0 0 0 0 0.0 0.0 150 20.0 0 0 0
36.769 0x00 idle 0 0 0 0 0 0.0 0.0 150 20.0 0 0 0
36.813 0x00 idle 0 0 0 0 0 0.0 0.0 150 20.0 0 0 0
36.852 0x00 idle 0 0 0 0 0 0.0 0.0 150 20.0 0 0 0
36.892 0x00 idle 0 0 0 0 0 0.0 0.0 150 20.0 0 0 0
36.929 0x00 idle 0 0 0 0 0 0.0 0.0 150 20.0 0 0 0
36.971 0x00 idle 0 0 0 0 0 0.0 0.0 150 20.0 0 0 0
37.011 0x00 idle 0 0 0 0 0 0.0 0.0 150 20.0 0 0 0
37.054 0x00 idle 0 0 0 0 0 0.0 0.0 150 20.0 0 0 0
37.093 0x00 idle 0 0 0 0 0 0.0 0.0 150 20.0 0 0 0
37.132 0x00 idle 0 0 0 0 0 0.0 0.0 150 20.0 0 0 0
37.171 0x00 idle 0 0 0 0 0 0.0 0.0 150 20.0 0 0 0
37.213 0x00 idle 0 0 0 0 0 0.0 0.0 150 20.0 0 0 0
37.248 0x00 idle 0 0 0 0 0 0.0 0.0 150 20.0 0 0 0
37.290 0x00 idle 0 0 0 0 0 0.0 0.0 150 20.0 0 0 0
37.334 0x00 idle 0 0 0 0 0 0.0 0.0 150 20.0 0 0 0
37.376 0x00 idle 0 0 0 0 0 0.0 0.0 150 20.0 0 0 0
37.413 0x00 idle 0 0 0 0 0 0.0 0.0 150 20.0 0 0 0
37.451 0x00 idle 0 0 0 0 0 0.0 0.0 150 20.0 0 0 0
37.489 0x00 idle 0 0 0 0 0 0.0 0.0 150 20.0 0 0 0
37.531 0x00 idle 0 0 0 0 0 0.0 0.0 150 20.0 0 0 0
37.573 0x00 idle 0 0 0 0 0 0.0 0.0 150 20.0 0 0 0
37.611 0x00 idle 0 0 0 0 0 0.0 0.0 150 20.0 0 0 0
37.653 0x00 idle 0 0 0 0 0 0.0 0.0 150 20.0 0 0 0
37.693 0x00 idle 0 0 0 0 0 0.0 0.0 150 20.0 0 0 0
37.736 0x00 idle 0 0 0 0 0 0.0 0.0 150 20.0 0 0 0
37.774 0x00 idle 0 0 0 0 0 0.0 0.0 150 20.0 0 0 0
37.813 0x00 idle 0 0 0 0 0 0.0 0.0 150 20.0 0 0 0
37.849 0x00 idle 0 0 0 0 0 0.0 0.0 150 20.0 0 0 0
37.895 0x00 idle 0 0 0 0 0 0.0 0.0 150 20.0 0 0 0
37.933 0x00 idle 0 0 0 0 0 0.0 0.0 150 20.0 0 0 0
37.973 0x00 idle 0 0 0 0 0 0.0 0.0 150 20.0 0 0 0
38.012 0x00 idle 0 0 0 0 0 0.0 0.0 150 20.0 0 0 0
38.050 0x00 idle 0 0 0 0 0 0.0 0.0 150 20.0 0 0 0
38.088 0x00 idle 0 0 0 0 0 0.0 0.0 150 20.0 0 0 0
38.131 0x00 idle 0 0 0 0 0 0.0 0.0 150 20.0 0 0 0
38.173 0x00 idle 0 0 0 0 0 0.0 0.0 150 20.0 0 0 0
38.213 0x00 idle 0 0 0 0 0 0.0 0.0 150 20.0 0 0 0
38.253 0x00 idle 0 0 0 0 0 0.0 0.0 150 20.0 0 0 0
38.289 0x00 idle 0 0 0 0 0 0.0 0.0 150 20.0 0 0 0
38.332 0x00 idle 0 0 0 0 0 0.0 0.0 150 20.0 0 0 0
38.375 0x00 idle 0 0 0 0 0 0.0 0.0 150 20.0 0 0 0
38.414 0x00 idle 0 0 0 0 0 0.0 0.0 150 20.0 0 0 0
38.454 0x00 idle 0 0 0 0 0 0.0 0.0 150 20.0 0 0 0
38.492 0x00 idle 0 0 0 0 0 0.0 0.0 150 20.0 0 0 0
38.528 0x00 idle 0 0 0 0 0 0.0 0.0 150 20.0 0 0 0
38.572 0x00 idle 0 0 0 0 0 0.0 0.0 150 20.0 0 0 0
38.609 0x00 idle 0 0 0 0 0 0.0 0.0 150 20.0 0 0 0
38.651 0x00 idle 0 0 0 0 0 0.0 0.0 150 20.0 0 0 0
38.688 0x00 idle 0 0 0 0 0 0.0 0.0 150 20.0 0 0 0
38.737 0x00 idle 0 0 0 0 0 0.0 0.0 150 20.0 0 0 0
38.770 0x00 idle 0 0 0 0 0 0.0 0.0 150 20.0 0 0 0
38.811 0x00 idle 0 0 0 0 0 0.0 0.0 150 20.0 0 0 0
38.852 0x00 idle 0 0 0 0 0 0.0 0.0 150 20.0 0 0 0
38.890 0x00 idle 0 0 0 0 0 0.0 0.0 150 20.0 0 0 0
38.927 0x00 idle 0 0 0 0 0 0.0 0.0 150 20.0 0 0 0
38.971 0x00 idle 0 0 0 0 0 0.0 0.0 150 20.0 0 0 0
39.008 0x00 idle 0 0 0 0 0 0.0 0.0 150 20.0 0 0 0
39.053 0x00 idle 0 0 0 0 0 0.0 0.0 150 20.0 0 0 0
39.090 0x00 idle 0 0 0 0 0 0.0 0.0 150 20.0 0 0 0
39.134 0x00 idle 0 0 0 0 0 0.0 0.0 150 20.0 0 0 0
39.176 0x00 idle 0 0 0 0 0 0.0 0.0 150 20.0 0 0 0
39.216 0x00 idle 0 0 0 0 0 0.0 0.0 150 20.0 0 0 0
39.254 0x00 idle 0 0 0 0 0 0.0 0.0 150 20.0 0 0 0
39.297 0x00 idle 0 0 0 0 0 0.0 0.0 150 20.0 0 0 0
39.331 0x00 idle 0 0 0 0 0 0.0 0.0 150 20.0 0 0 0
39.374 0x00 idle 0 0 0 0 0 0.0 0.0 150 20.0 0 0 0
39.412 0x00 idle 0 0 0 0 0 0.0 0.0 150 20.0 0 0 0
39.451 0x00 idle 0 0 0 0 0 0.0 0.0 150 20.0 0 0 0
39.492 0x00 idle 0 0 0 0 0 0.0 0.0 150 20.0 0 0 0
39.533 0x00 idle 0 0 0 0 0 0.0 0.0 150 20.0 0 0 0
39.569 0x00 idle 0 0 0 0 0 0.0 0.0 150 20.0 0 0 0
39.612 0x00 idle 0 0 0 0 0 0.0 0.0 150 20.0 0 0 0
39.651 0x00 idle 0 0 0 0 0 0.0 0.0 150 20.0 0 0 0
39.696 0x00 idle 0 0 0 0 0 0.0 0.0 150 20.0 0 0 0
39.737 0x00 idle 0 0 0 0 0 0.0 0.0 150 20.0 0 0 0
39.772 0x00 idle 0 0 0 0 0 0.0 0.0 150 20.0 0 0 0
39.811 0x00 idle 0 0 0 0 0 0.0 0.0 150 20.0 0 0 0
39.853 0x00 idle 0 0 0 0 0 0.0 0.0 150 20.0 0 0 0
39.891 0x00 idle 0 0 0 0 0 0.0 0.0 150 20.0 0 0 0
39.932 0x00 idle 0 0 0 0 0 0.0 0.0 150 20.0 0 0 0
39.973 0x00 idle 0 0 0 0 0 0.0 0.0 150 20.0 0 0 0
40.017 0x00 idle 0 0 0 0 0 0.0 0.0 150 20.0 0 0 0
40.052 0x00 idle 0 0 0 0 0 0.0 0.0 150 20.0 0 0 0
40.092 0x00 idle 0 0 0 0 0 0.0 0.0 150 20.0 0 0 0
40.130 0x00 idle 0 0 0 0 0 0.0 0.0 150 20.0 0 0 0
40.172 0x00 idle 0 0 0 0 0 0.0 0.0 150 20.0 0 0 0
40.209 0x00 idle 0 0 0 0 0 0.0 0.0 150 20.0 0 0 0
40.268 0x00 idle 0 0 0 0 0 0.0 0.0 150 20.0 0 0 0
40.298 0x00 idle 0 0 0 0 0 0.0 0.0 150 20.0 0 0 0
40.332 0x00 idle 0 0 0 0 0 0.0 0.0 150 20.0 0 0 0
40.372 0x00 idle 0 0 0 0 0 0.0 0.0 150 20.0 0 0 0
40.411 0x00 idle 0 0 0 0 0 0.0 0.0 150 20.0 0 0 0
40.455 0x00 idle 0 0 0 0 0 0.0 0.0 150 20.0 0 0 0
40.492 0x00 idle 0 0 0 0 0 0.0 0.0 150 20.0 0 0 0
40.536 0x00 idle 0 0 0 0 0 0.0 0.0 150 20.0 0 0 0
40.575 0x00 idle 0 0 0 0 0 0.0 0.0 150 20.0 0 0 0
40.611 0x00 idle 0 0 0 0 0 0.0 0.0 150 20.0 0 0 0
40.651 0x00 idle 0 0 0 0 0 0.0 0.0 150 20.0 0 0 0
40.692 0x00 idle 0 0 0 0 0 0.0 0.0 150 20.0 0 0 0
40.730 0x00 idle 0 0 0 0 0 0.0 0.0 150 20.0 0 0 0
40.771 0x00 idle 0 0 0 0 0 0.0 0.0 150 20.0 0 0 0
40.811 0x00 idle 0 0 0 0 0 0.0 0.0 150 20.0 0 0 0
40.860 0x00 idle 0 0 0 0 0 0.0 0.0 150 20.0 0 0 0
40.891 0x00 idle 0 0 0 0 0 0.0 0.0 150 20.0 0 0 0
40.932 0x00 idle 0 0 0 0 0 0.0 0.0 150 20.0 0 0 0
40.972 0x00 idle 0 0 0 0 0 0.0 0.0 150 20.0 0 0 0
41.010 0x00 idle 0 0 0 0 0 0.0 0.0 150 20.0 0 0 0
41.050 0x00 idle 0 0 0 0 0 0.0 0.0 150 20.0 0 0 0
41.093 0x00 idle 0 0 0 0 0 0.0 0.0 150 20.0 0 0 0
41.134 0x00 idle 0 0 0 0 0 0.0 0.0 150 20.0 0 0 0
41.168 0x00 idle 0 0 0 0 0 0.0 0.0 150 20.0 0 0 0
41.211 0x00 idle 0 0 0 0 0 0.0 0.0 150 20.0 0 0 0
41.253 0x00 idle 0 0 0 0 0 0.0 0.0 150 20.0 0 0 0
41.288 0x00 idle 0 0 0 0 0 0.0 0.0 150 20.0 0 0 0
41.328 0x00 idle 0 0 0 0 0 0.0 0.0 150 20.0 0 0 0
41.372 0x00 idle 0 0 0 0 0 0.0 0.0 150 20.0 0 0 0
41.407 0x00 idle 0 0 0 0 0 0.0 0.0 150 20.0 0 0 0
41.454 0x00 idle 0 0 0 0 0 0.0 0.0 150 20.0 0 0 0
41.489 0x00 idle 0 0 0 0 0 0.0 0.0 150 20.0 0 0 0
41.532 0x00 idle 0 0 0 0 0 0.0 0.0 150 20.0 0 0 0
41.570 0x00 idle 0 0 0 0 0 0.0 0.0 150 20.0 0 0 0
41.611 0x00 idle 0 0 0 0 0 0.0 0.0 150 20.0 0 0 0
41.650 0x00 idle 0 0 0 0 0 0.0 0.0 150 20.0 0 0 0
41.693 0x00 idle 0 0 0 0 0 0.0 0.0 150 20.0 0 0 0
41.727 0x00 idle 0 0 0 0 0 0.0 0.0 150 20.0 0 0 0
41.767 0x00 idle 0 0 0 0 0 0.0 0.0 150 20.0 0 0 0
41.813 0x00 idle 0 0 0 0 0 0.0 0.0 150 20.0 0 0 0
41.851 0x00 idle 0 0 0 0 0 0.0 0.0 150 20.0 0 0 0
41.894 0x00 idle 0 0 0 0 0 0.0 0.0 150 20.0 0 0 0
41.933 0x00 idle 0 0 0 0 0 0.0 0.0 150 20.0 0 0 0
41.972 0x00 idle 0 0 0 0 0 0.0 0.0 150 20.0 0 0 0
42.015 0x00 idle 0 0 0 0 0 0.0 0.0 150 20.0 0 0 0
42.053 0x00 idle 0 0 0 0 0 0.0 0.0 150 20.0 0 0 0
42.094 0x00 idle 0 0 0 0 0 0.0 0.0 150 20.0 0 0 0
42.132 0x00 idle 0 0 0 0 0 0.0 0.0 150 20.0 0 0 0
42.173 0x00 idle 0 0 0 0 0 0.0 0.0 150 20.0 0 0 0
42.212 0x00 idle 0 0 0 0 0 0.0 0.0 150 20.0 0 0 0
42.258 0x00 idle 0 0 0 0 0 0.0 0.0 150 20.0 0 0 0
42.299 0x00 idle 0 0 0 0 0 0.0 0.0 150 20.0 0 0 0
42.332 0x00 idle 0 0 0 0 0 0.0 0.0 150 20.0 0 0 0
42.369 0x00 idle 0 0 0 0 0 0.0 0.0 150 20.0 0 0 0
42.411 0x00 idle 0 0 0 0 0 0.0 0.0 150 20.0 0 0 0
42.450 0x00 idle 0 0 0 0 0 0.0 0.0 150 20.0 0 0 0
42.494 0x00 idle 0 0 0 0 0 0.0 0.0 150 20.0 0 0 0
42.527 0x00 idle 0 0 0 0 0 0.0 0.0 150 20.0 0 0 0
42.570 0x00 idle 0 0 0 0 0 0.0 0.0 150 20.0 0 0 0
42.609 0x00 idle 0 0 0 0 0 0.0 0.0 150 20.0 0 0 0
42.654 0x00 idle 0 0 0 0 0 0.0 0.0 150 20.0 0 0 0
42.692 0x00 idle 0 0 0 0 0 0.0 0.0 150 20.0 0 0 0
42.736 0x00 idle 0 0 0 0 0 0.0 0.0 150 20.0 0 0 0
42.776 0x00 idle 0 0 0 0 0 0.0 0.0 150 20.0 0 0 0
42.817 0x00 idle 0 0 0 0 0 0.0 0.0 150 20.0 0 0 0
42.849 0x00 idle 0 0 0 0 0 0.0 0.0 150 20.0 0 0 0
42.889 0x00 idle 0 0 0 0 0 0.0 0.0 150 20.0 0 0 0
42.936 0x00 idle 0 0 0 0 0 0.0 0.0 150 20.0 0 0 0
42.969 0x00 idle 0 0 0 0 0 0.0 0.0 150 20.0 0 0 0
43.011 0x00 idle 0 0 0 0 0 0.0 0.0 150 20.0 0 0 0
43.053 0x00 idle 0 0 0 0 0 0.0 0.0 150 20.0 0 0 0
43.097 0x00 idle 0 0 0 0 0 0.0 0.0 150 20.0 0 0 0
43.129 0x00 idle 0 0 0 0 0 0.0 0.0 150 20.0 0 0 0
43.173 0x00 idle 0 0 0 0 0 0.0 0.0 150 20.0 0 0 0
43.211 0x00 idle 0 0 0 0 0 0.0 0.0 150 20.0 0 0 0
43.255 0x00 idle 0 0 0 0 0 0.0 0.0 150 20.0 0 0 0
43.287 0x00 idle 0 0 0 0 0 0.0 0.0 150 20.0 0 0 0
43.333 0x00 idle 0 0 0 0 0 0.0 0.0 150 20.0 0 0 0
43.377 0x00 idle 0 0 0 0 0 0.0 0.0 150 20.0 0 0 0
43.414 0x00 idle 0 0 0 0 0 0.0 0.0 150 20.0 0 0 0
43.455 0x00 idle 0 0 0 0 0 0.0 0.0 150 20.0 0 0 0
43.494 0x00 idle 0 0 0 0 0 0.0 0.0 150 20.0 0 0 0
43.532 0x00 idle 0 0 0 0 0 0.0 0.0 150 20.0 0 0 0
43.571 0x00 idle 0 0 0 0 0 0.0 0.0 150 20.0 0 0 0
43.613 0x00 idle 0 0 0 0 0 0.0 0.0 150 20.0 0 0 0
43.657 0x00 idle 0 0 0 0 0 0.0 0.0 150 20.0 0 0 0
43.692 0x00 idle 0 0 0 0 0 0.0 0.0 150 20.0 0 0 0
43.733 0x00 idle 0 0 0 0 0 0.0 0.0 150 20.0 0 0 0
43.772 0x00 idle 0 0 0 0 0 0.0 0.0 150 20.0 0 0 0
43.813 0x00 idle 0 0 0 0 0 0.0 0.0 150 20.0 0 0 0
43.849 0x00 idle 0 0 0 0 0 0.0 0.0 150 20.0 0 0 0
43.893 0x00 idle 0 0 0 0 0 0.0 0.0 150 20.0 0 0 0
43.929 0x00 idle 0 0 0 0 0 0.0 0.0 150 20.0 0 0 0
43.975 0x00 idle 0 0 0 0 0 0.0 0.0 150 20.0 0 0 0
44.009 0x00 idle 0 0 0 0 0 0.0 0.0 150 20.0 0 0 0
44.052 0x00 idle 0 0 0 0 0 0.0 0.0 150 20.0 0 0 0
44.091 0x00 idle 0 0 0 0 0 0.0 0.0 150 20.0 0 0 0
44.129 0x00 idle 0 0 0 0 0 0.0 0.0 150 20.0 0 0 0
44.170 0x00 idle 0 0 0 0 0 0.0 0.0 150 20.0 0 0 0
44.217 0x00 idle 0 0 0 0 0 0.0 0.0 150 20.0 0 0 0
44.252 0x00 idle 0 0 0 0 0 0.0 0.0 150 20.0 0 0 0
44.292 0x00 idle 0 0 0 0 0 0.0 0.0 150 20.0 0 0 0
44.330 0x00 idle 0 0 0 0 0 0.0 0.0 150 20.0 0 0 0
44.370 0x00 idle 0 0 0 0 0 0.0 0.0 150 20.0 0 0 0
44.408 0x00 idle 0 0 0 0 0 0.0 0.0 150 20.0 0 0 0
44.449 0x00 idle 0 0 0 0 0 0.0 0.0 150 20.0 0 0 0
44.495 0x00 idle 0 0 0 0 0 0.0 0.0 150 20.0 0 0 0
44.533 0x00 idle 0 0 0 0 0 0.0 0.0 150 20.0 0 0 0
44.571 0x00 idle 0 0 0 0 0 0.0 0.0 150 20.0 0 0 0
44.609 0x00 idle 0 0 0 0 0 0.0 0.0 150 20.0 0 0 0
44.653 0x00 idle 0 0 0 0 0 0.0 0.0 150 20.0 0 0 0
44.691 0x00 idle 0 0 0 0 0 0.0 0.0 150 20.0 0 0 0
44.733 0x00 idle 0 0 0 0 0 0.0 0.0 150 20.0 0 0 0
44.773 0x00 idle 0 0 0 0 0 0.0 0.0 150 20.0 0 0 0
44.815 0x00 idle 0 0 0 0 0 0.0 0.0 150 20.0 0 0 0
44.851 0x00 idle 0 0 0 0 0 0.0 0.0 150 20.0 0 0 0
44.888 0x00 idle 0 0 0 0 0 0.0 0.0 150 20.0 0 0 0
44.932 0x00 idle 0 0 0 0 0 0.0 0.0 150 20.0 0 0 0
44.967 0x00 idle 0 0 0 0 0 0.0 0.0 150 20.0 0 0 0
45.010 0x00 idle 0 0 0 0 0 0.0 0.0 150 20.0 0 0 0
45.055 0x00 idle 0 0 0 0 0 0.0 0.0 150 20.0 0 0 0
45.096 0x00 idle 0 0 0 0 0 0.0 0.0 150 20.0 0 0 0
45.133 0x00 idle 0 0 0 0 0 0.0 0.0 150 20.0 0 0 0
45.173 0x00 idle 0 0 0 0 0 0.0 0.0 150 20.0 0 0 0
45.210 0x00 idle 0 0 0 0 0 0.0 0.0 150 20.0 0 0 0
45.251 0x00 idle 0 0 0 0 0 0.0 0.0 150 20.0 0 0 0
45.289 0x00 idle 0 0 0 0 0 0.0 0.0 150 20.0 0 0 0
45.330 0x00 idle 0 0 0 0 0 0.0 0.0 150 20.0 0 0 0
45.371 0x00 idle 0 0 0 0 0 0.0 0.0 150 20.0 0 0 0
45.409 0x00 idle 0 0 0 0 0 0.0 0.0 150 20.0 0 0 0
45.453 0x00 idle 0 0 0 0 0 0.0 0.0 150 20.0 0 0 0
45.491 0x00 idle 0 0 0 0 0 0.0 0.0 150 20.0 0 0 0
45.529 0x00 idle 0 0 0 0 0 0.0 0.0 150 20.0 0 0 0
45.570 0x00 idle 0 0 0 0 0 0.0 0.0 150 20.0 0 0 0
45.610 0x00 idle 0 0 0 0 0 0.0 0.0 150 20.0 0 0 0
45.651 0x00 idle 0 0 0 0 0 0.0 0.0 150 20.0 0 0 0
45.687 0x00 idle 0 0 0 0 0 0.0 0.0 150 20.0 0 0 0
45.732 0x00 idle 0 0 0 0 0 0.0 0.0 150 20.0 0 0 0
45.772 0x00 idle 0 0 0 0 0 0.0 0.0 150 20.0 0 0 0
45.812 0x00 idle 0 0 0 0 0 0.0 0.0 150 20.0 0 0 0
45.852 0x00 idle 0 0 0 0 0 0.0 0.0 150 20.0 0 0 0
45.893 0x00 idle 0 0 0 0 0 0.0 0.0 150 20.0 0 0 0
45.931 0x00 idle 0 0 0 0 0 0.0 0.0 150 20.0 0 0 0
45.972 0x00 idle 0 0 0 0 0 0.0 0.0 150 20.0 0 0 0
46.010 0x00 idle 0 0 0 0 0 0.0 0.0 150 20.0 0 0 0
46.050 0x00 idle 0 0 0 0 0 0.0 0.0 150 20.0 0 0 0
46.092 0x00 idle 0 0 0 0 0 0.0 0.0 150 20.0 0 0 0
46.135 0x00 idle 0 0 0 0 0 0.0 0.0 150 20.0 0 0 0
46.175 0x00 idle 0 0 0 0 0 0.0 0.0 150 20.0 0 0 0
46.209 0x00 idle 0 0 0 0 0 0.0 0.0 150 20.0 0 0 0
46.262 0x00 idle 0 0 0 0 0 0.0 0.0 150 20.0 0 0 0
46.291 0x00 idle 0 0 0 0 0 0.0 0.0 150 20.0 0 0 0
46.331 0x00 idle 0 0 0 0 0 0.0 0.0 150 20.0 0 0 0
46.371 0x00 idle 0 0 0 0 0 0.0 0.0 150 20.0 0 0 0
46.414 0x00 idle 0 0 0 0 0 0.0 0.0 150 20.0 0 0 0
46.453 0x00 idle 0 0 0 0 0 0.0 0.0 150 20.0 0 0 0
46.495 0x00 idle 0 0 0 0 0 0.0 0.0 150 20.0 0 0 0
46.531 0x00 idle 0 0 0 0 0 0.0 0.0 150 20.0 0 0 0
46.570 0x00 idle 0 0 0 0 0 0.0 0.0 150 20.0 0 0 0
46.613 0x00 idle 0 0 0 0 0 0.0 0.0 150 20.0 0 0 0
46.650 0x00 idle 0 0 0 0 0 0.0 0.0 150 20.0 0 0 0
46.692 0x00 idle 0 0 0 0 0 0.0 0.0 150 20.0 0 0 0
46.730 0x00 idle 0 0 0 0 0 0.0 0.0 150 20.0 0 0 0
46.773 0x00 idle 0 0 0 0 0 0.0 0.0 150 20.0 0 0 0
46.809 0x00 idle 0 0 0 0 0 0.0 0.0 150 20.0 0 0 0
46.854 0x00 idle 0 0 0 0 0 0.0 0.0 150 20.0 0 0 0
46.890 0x00 idle 0 0 0 0 0 0.0 0.0 150 20.0 0 0 0
46.930 0x00 idle 0 0 0 0 0 0.0 0.0 150 20.0 0 0 0
46.970 0x00 idle 0 0 0 0 0 0.0 0.0 150 20.0 0 0 0
47.007 0x00 idle 0 0 0 0 0 0.0 0.0 150 20.0 0 0 0
47.052 0x00 idle 0 0 0 0 0 0.0 0.0 150 20.0 0 0 0
47.091 0x00 idle 0 0 0 0 0 0.0 0.0 150 20.0 0 0 0
47.134 0x00 idle 0 0 0 0 0 0.0 0.0 150 20.0 0 0 0
47.167 0x00 idle 0 0 0 0 0 0.0 0.0 150 20.0 0 0 0
47.217 0x00 idle 0 0 0 0 0 0.0 0.0 150 20.0 0 0 0
47.250 0x00 idle 0 0 0 0 0 0.0 0.0 150 20.0 0 0 0
47.292 0x00 idle 0 0 0 0 0 0.0 0.0 150 20.0 0 0 0
47.332 0x00 idle 0 0 0 0 0 0.0 0.0 150 20.0 0 0 0
47.370 0x00 idle 0 0 0 0 0 0.0 0.0 150 20.0 0 0 0
47.410 0x00 idle 0 0 0 0 0 0.0 0.0 150 20.0 0 0 0
47.453 0x00 idle 0 0 0 0 0 0.0 0.0 150 20.0 0 0 0
47.489 0x00 idle 0 0 0 0 0 0.0 0.0 150 20.0 0 0 0
47.528 0x00 idle 0 0 0 0 0 0.0 0.0 150 20.0 0 0 0
47.571 0x00 idle 0 0 0 0 0 0.0 0.0 150 20.0 0 0 0
47.610 0x00 idle 0 0 0 0 0 0.0 0.0 150 20.0 0 0 0
47.662 0x00 idle 0 0 0 0 0 0.0 0.0 150 20.0 0 0 0
47.696 0x00 idle 0 0 0 0 0 0.0 0.0 150 20.0 0 0 0
47.732 0x00 idle 0 0 0 0 0 0.0 0.0 150 20.0 0 0 0
47.774 0x00 idle 0 0 0 0 0 0.0 0.0 150 20.0 0 0 0
47.814 0x00 idle 0 0 0 0 0 0.0 0.0 150 20.0 0 0 0
47.852 0x00 idle 0 0 0 0 0 0.0 0.0 150 20.0 0 0 0
47.894 0x00 idle 0 0 0 0 0 0.0 0.0 150 20.0 0 0 0
47.930 0x00 idle 0 0 0 0 0 0.0 0.0 150 20.0 0 0 0
47.972 0x00 idle 0 0 0 0 0 0.0 0.0 150 20.0 0 0 0
48.011 0x00 idle 0 0 0 0 0 0.0 0.0 150 20.0 0 0 0
48.050 0x00 idle 0 0 0 0 0 0.0 0.0 150 20.0 0 0 0
48.099 0x00 idle 0 0 0 0 0 0.0 0.0 150 20.0 0 0 0
48.129 0x00 idle 0 0 0 0 0 0.0 0.0 150 20.0 0 0 0
48.174 0x00 idle 0 0 0 0 0 0.0 0.0 150 20.0 0 0 0
48.212 0x00 idle 0 0 0 0 0 0.0 0.0 150 20.0 0 0 0
48.252 0x00 idle 0 0 0 0 0 0.0 0.0 150 20.0 0 0 0
48.292 0x00 idle 0 0 0 0 0 0.0 0.0 150 20.0 0 0 0
48.330 0x00 idle 0 0 0 0 0 0.0 0.0 150 20.0 0 0 0
48.372 0x00 idle 0 0 0 0 0 0.0 0.0 150 20.0 0 0 0
48.408 0x00 idle 0 0 0 0 0 0.0 0.0 150 20.0 0 0 0
48.451 0x00 idle 0 0 0 0 0 0.0 0.0 150 20.0 0 0 0
48.492 0x00 idle 0 0 0 0 0 0.0 0.0 150 20.0 0 0 0
48.530 0x00 idle 0 0 0 0 0 0.0 0.0 150 20.0 0 0 0
48.571 0x00 idle 0 0 0 0 0 0.0 0.0 150 20.0 0 0 0
48.612 0x00 idle 0 0 0 0 0 0.0 0.0 150 20.0 0 0 0
48.651 0x00 idle 0 0 0 0 0 0.0 0.0 150 20.0 0 0 0
48.692 0x00 idle 0 0 0 0 0 0.0 0.0 150 20.0 0 0 0
48.732 0x00 idle 0 0 0 0 0 0.0 0.0 150 20.0 0 0 0
48.772 0x00 idle 0 0 0 0 0 0.0 0.0 150 20.0 0 0 0
48.817 0x00 idle 0 0 0 0 0 0.0 0.0 150 20.0 0 0 0
48.852 0x00 idle 0 0 0 0 0 0.0 0.0 150 20.0 0 0 0
48.893 0x00 idle 0 0 0 0 0 0.0 0.0 150 20.0 0 0 0
48.933 0x00 idle 0 0 0 0 0 0.0 0.0 150 20.0 0 0 0
48.970 0x00 idle 0 0 0 0 0 0.0 0.0 150 20.0 0 0 0
49.011 0x00 idle 0 0 0 0 0 0.0 0.0 150 20.0 0 0 0
49.052 0x00 idle 0 0 0 0 0 0.0 0.0 150 20.0 0 0 0
49.092 0x00 idle 0 0 0 0 0 0.0 0.0 150 20.0 0 0 0
49.133 0x00 idle 0 0 0 0 0 0.0 0.0 150 20.0 0 0 0
49.172 0x00 idle 0 0 0 0 0 0.0 0.0 150 20.0 0 0 0
49.214 0x00 idle 0 0 0 0 0 0.0 0.0 150 20.0 0 0 0
49.251 0x00 idle 0 0 0 0 0 0.0 0.0 150 20.0 0 0 0
49.291 0x00 idle 0 0 0 0 0 0.0 0.0 150 20.0 0 0 0
49.332 0x00 idle 0 0 0 0 0 0.0 0.0 150 20.0 0 0 0
49.371 0x00 idle 0 0 0 0 0 0.0 0.0 150 20.0 0 0 0
49.415 0x00 idle 0 0 0 0 0 0.0 0.0 150 20.0 0 0 0
49.451 0x00 idle 0 0 0 0 0 0.0 0.0 150 20.0 0 0 0
49.493 0x00 idle 0 0 0 0 0 0.0 0.0 150 20.0 0 0 0
49.535 0x00 idle 0 0 0 0 0 0.0 0.0 150 20.0 0 0 0
49.568 0x00 idle 0 0 0 0 0 0.0 0.0 150 20.0 0 0 0
49.609 0x00 idle 0 0 0 0 0 0.0 0.0 150 20.0 0 0 0
49.651 0x00 idle 0 0 0 0 0 0.0 0.0 150 20.0 0 0 0
49.694 0x00 idle 0 0 0 0 0 0.0 0.0 150 20.0 0 0 0
49.731 0x00 idle 0 0 0 0 0 0.0 0.0 150 20.0 0 0 0
49.776 0x00 idle 0 0 0 0 0 0.0 0.0 150 20.0 0 0 0
49.812 0x00 idle 0 0 0 0 0 0.0 0.0 150 20.0 0 0 0
49.850 0x00 idle 0 0 0 0 0 0.0 0.0 150 20.0 0 0 0
49.892 0x00 idle 0 0 0 0 0 0.0 0.0 150 20.0 0 0 0
49.929 0x00 idle 0 0 0 0 0 0.0 0.0 150 20.0 0 0 0
49.972 0x00 idle 0 0 0 0 0 0.0 0.0 150 20.0 0 0 0
50.014 0x00 idle 0 0 0 0 0 0.0 0.0 150 20.0 0 0 0
50.054 0x00 idle 0 0 0 0 0 0.0 0.0 150 20.0 0 0 0
50.101 0x00 idle 0 0 0 0 0 0.0 0.0 150 20.0 0 0 0
50.130 0x00 idle 0 0 0 0 0 0.0 0.0 150 20.0 0 0 0
50.167 0x00 idle 0 0 0 0 0 0.0 0.0 150 20.0 0 0 0
50.211 0x00 idle 0 0 0 0 0 0.0 0.0 150 20.0 0 0 0
50.258 0x00 idle 0 0 0 0 0 0.0 0.0 150 20.0 0 0 0
50.291 0x00 idle 0 0 0 0 0 0.0 0.0 150 20.0 0 0 0
50.335 0x00 idle 0 0 0 0 0 0.0 0.0 150 20.0 0 0 0
50.376 0x00 idle 0 0 0 0 0 0.0 0.0 150 20.0 0 0 0
50.412 0x00 idle 0 0 0 0 0 0.0 0.0 150 20.0 0 0 0
50.455 0x00 idle 0 0 0 0 0 0.0 0.0 150 20.0 0 0 0
50.497 0x00 idle 0 0 0 0 0 0.0 0.0 150 20.0 0 0 0
50.534 0x00 idle 0 0 0 0 0 0.0 0.0 150 20.0 0 0 0
50.571 0x00 idle 0 0 0 0 0 0.0 0.0 150 20.0 0 0 0
50.610 0x00 idle 0 0 0 0 0 0.0 0.0 150 20.0 0 0 0
50.659 0x00 idle 0 0 0 0 0 0.0 0.0 150 20.0 0 0 0
50.691 0x00 idle 0 0 0 0 0 0.0 0.0 150 20.0 0 0 0
50.727 0x00 idle 0 0 0 0 0 0.0 0.0 150 20.0 0 0 0
50.771 0x00 idle 0 0 0 0 0 0.0 0.0 150 20.0 0 0 0
50.810 0x00 idle 0 0 0 0 0 0.0 0.0 150 20.0 0 0 0
50.855 0x00 idle 0 0 0 0 0 0.0 0.0 150 20.0 0 0 0
50.890 0x00 idle 0 0 0 0 0 0.0 0.0 150 20.0 0 0 0
50.930 0x00 idle 0 0 0 0 0 0.0 0.0 150 20.0 0 0 0
50.974 0x00 idle 0 0 0 0 0 0.0 0.0 150 20.0 0 0 0
51.013 0x00 idle 0 0 0 0 0 0.0 0.0 150 20.0 0 0 0
51.053 0x00 idle 0 0 0 0 0 0.0 0.0 150 20.0 0 0 0
51.090 0x00 idle 0 0 0 0 0 0.0 0.0 150 20.0 0 0 0
51.131 0x00 idle 0 0 0 0 0 0.0 0.0 150 20.0 0 0 0
51.172 0x00 idle 0 0 0 0 0 0.0 0.0 150 20.0 0 0 0
51.214 0x00 idle 0 0 0 0 0 0.0 0.0 150 20.0 0 0 0
51.249 0x00 idle 0 0 0 0 0 0.0 0.0 150 20.0 0 0 0
51.291 0x00 idle 0 0 0 0 0 0.0 0.0 150 20.0 0 0 0
51.330 0x00 idle 0 0 0 0 0 0.0 0.0 150 20.0 0 0 0
51.371 0x00 idle 0 0 0 0 0 0.0 0.0 150 20.0 0 0 0
51.420 0x00 idle 0 0 0 0 0 0.0 0.0 150 20.0 0 0 0
51.452 0x00 idle 0 0 0 0 0 0.0 0.0 150 20.0 0 0 0
51.488 0x00 idle 0 0 0 0 0 0.0 0.0 150 20.0 0 0 0
51.530 0x00 idle 0 0 0 0 0 0.0 0.0 150 20.0 0 0 0
51.570 0x00 idle 0 0 0 0 0 0.0 0.0 150 20.0 0 0 0
51.611 0x00 idle 0 0 0 0 0 0.0 0.0 150 20.0 0 0 0
51.648 0x00 idle 0 0 0 0 0 0.0 0.0 150 20.0 0 0 0
51.689 0x00 idle 0 0 0 0 0 0.0 0.0 150 20.0 0 0 0
51.736 0x00 idle 0 0 0 0 0 0.0 0.0 150 20.0 0 0 0
51.773 0x00 idle 0 0 0 0 0 0.0 0.0 150 20.0 0 0 0
51.808 0x00 idle 0 0 0 0 0 0.0 0.0 150 20.0 0 0 0
51.850 0x00 idle 0 0 0 0 0 0.0 0.0 150 20.0 0 0 0
51.889 0x00 idle 0 0 0 0 0 0.0 0.0 150 20.0 0 0 0
51.931 0x00 idle 0 0 0 0 0 0.0 0.0 150 20.0 0 0 0
51.973 0x00 idle 0 0 0 0 0 0.0 0.0 150 20.0 0 0 0
52.015 0x00 idle 0 0 0 0 0 0.0 0.0 150 20.0 0 0 0
52.048 0x00 idle 0 0 0 0 0 0.0 0.0 150 20.0 0 0 0
52.094 0x00 idle 0 0 0 0 0 0.0 0.0 150 20.0 0 0 0
52.132 0x00 idle 0 0 0 0 0 0.0 0.0 150 20.0 0 0 0
52.176 0x00 idle 0 0 0 0 0 0.0 0.0 150 20.0 0 0 0
52.213 0x00 idle 0 0 0 0 0 0.0 0.0 150 20.0 0 0 0
52.249 0x00 idle 0 0 0 0 0 0.0 0.0 150 20.0 0 0 0
52.290 0x00 idle 0 0 0 0 0 0.0 0.0 150 20.0 0 0 0
52.339 0x00 idle 0 0 0 0 0 0.0 0.0 150 20.0 0 0 0
52.370 0x00 idle 0 0 0 0 0 0.0 0.0 150 20.0 0 0 0
52.414 0x00 idle 0 0 0 0 0 0.0 0.0 150 20.0 0 0 0
52.452 0x00 idle 0 0 0 0 0 0.0 0.0 150 20.0 0 0 0
52.494 0x00 idle 0 0 0 0 0 0.0 0.0 150 20.0 0 0 0
52.527 0x00 idle 0 0 0 0 0 0.0 0.0 150 20.0 0 0 0
52.571 0x00 idle 0 0 0 0 0 0.0 0.0 150 20.0 0 0 0
52.610 0x00 idle 0 0 0 0 0 0.0 0.0 150 20.0 0 0 0
52.650 0x00 idle 0 0 0 0 0 0.0 0.0 150 20.0 0 0 0
52.687 0x00 idle 0 0 0 0 0 0.0 0.0 150 20.0 0 0 0
52.730 0x00 idle 0 0 0 0 0 0.0 0.0 150 20.0 0 0 0
52.773 0x00 idle 0 0 0 0 0 0.0 0.0 150 20.0 0 0 0
52.812 0x00 idle 0 0 0 0 0 0.0 0.0 150 20.0 0 0 0
52.851 0x00 idle 0 0 0 0 0 0.0 0.0 150 20.0 0 0 0
52.892 0x00 idle 0 0 0 0 0 0.0 0.0 150 20.0 0 0 0
52.933 0x00 idle 0 0 0 0 0 0.0 0.0 150 20.0 0 0 0
52.970 0x00 idle 0 0 0 0 0 0.0 0.0 150 20.0 0 0 0
53.015 0x00 idle 0 0 0 0 0 0.0 0.0 150 20.0 0 0 0
53.051 0x00 idle 0 0 0 0 0 0.0 0.0 150 20.0 0 0 0
53.090 0x00 idle 0 0 0 0 0 0.0 0.0 150 20.0 0 0 0
53.132 0x00 idle 0 0 0 0 0 0.0 0.0 150 20.0 0 0 0
53.175 0x00 idle 0 0 0 0 0 0.0 0.0 150 20.0 0 0 0
53.211 0x00 idle 0 0 0 0 0 0.0 0.0 150 20.0 0 0 0
53.251 0x00 idle 0 0 0 0 0 0.0 0.0 150 20.0 0 0 0
53.290 0x00 idle 0 0 0 0 0 0.0 0.0 150 20.0 0 0 0
53.336 0x00 idle 0 0 0 0 0 0.0 0.0 150 20.0 0 0 0
53.368 0x00 idle 0 0 0 0 0 0.0 0.0 150 20.0 0 0 0
53.411 0x00 idle 0 0 0 0 0 0.0 0.0 150 20.0 0 0 0
53.457 0x00 idle 0 0 0 0 0 0.0 0.0 150 20.0 0 0 0
53.493 0x00 idle 0 0 0 0 0 0.0 0.0 150 20.0 0 0 0
53.530 0x00 idle 0 0 0 0 0 0.0 0.0 150 20.0 0 0 0
53.572 0x00 idle 0 0 0 0 0 0.0 0.0 150 20.0 0 0 0
53.611 0x00 idle 0 0 0 0 0 0.0 0.0 150 20.0 0 0 0
53.649 0x00 idle 0 0 0 0 0 0.0 0.0 150 20.0 0 0 0
53.694 0x00 idle 0 0 0 0 0 0.0 0.0 150 20.0 0 0 0
53.738 0x00 idle 0 0 0 0 0 0.0 0.0 150 20.0 0 0 0
53.775 0x00 idle 0 0 0 0 0 0.0 0.0 150 20.0 0 0 0

[tcp_trajectory]
elapsed_s x_m y_m z_m qx qy qz qw speed_m_s tf_stamp_s along_mm remaining_mm cross_track_mm progress waypoint phase
0.0026 0.0466218 -1.7155065 0.6767364 -0.43578901 0.63370210 -0.52821980 -0.35985196 0.000000 1789373562.346434355 0.035 179.174 0.960 0.00000 -1 ACTUAL_TF
0.0294 0.0465791 -1.7155403 0.6764140 -0.43576587 0.63371232 -0.52822056 -0.35986086 0.005841 1789373562.402415276 -0.002 179.211 0.638 0.00000 -1 ACTUAL_TF
0.0919 0.0465329 -1.7155427 0.6761832 -0.43575399 0.63372361 -0.52821134 -0.35986890 0.005349 1789373562.458417177 -0.006 179.216 0.405 0.00000 -1 ACTUAL_TF
0.1513 0.0465271 -1.7155607 0.6761149 -0.43574475 0.63372380 -0.52821706 -0.35987136 0.004124 1789373562.514440060 -0.025 179.235 0.339 0.00000 -1 ACTUAL_TF
0.2028 0.0464926 -1.7154886 0.6760886 -0.43576358 0.63373608 -0.52819029 -0.35986624 0.003338 1789373562.570417166 0.047 179.162 0.302 0.00000 -1 ACTUAL_TF
0.2629 0.0464557 -1.7154126 0.6760609 -0.43578466 0.63374815 -0.52816138 -0.35986187 0.002813 1789373562.626370907 0.124 179.085 0.264 0.00000 -1 ACTUAL_TF
0.3139 0.0464296 -1.7153590 0.6760625 -0.43579832 0.63375598 -0.52814264 -0.35985904 0.002289 1789373562.682294607 0.178 179.031 0.259 0.00000 -1 ACTUAL_TF
0.3746 0.0464193 -1.7153378 0.6760829 -0.43580257 0.63375841 -0.52813682 -0.35985816 0.001769 1789373562.738413334 0.200 179.009 0.278 0.00000 -1 ACTUAL_TF
0.4233 0.0464149 -1.7153078 0.6760975 -0.43581121 0.63376038 -0.52812955 -0.35985490 0.001419 1789373562.794372082 0.231 178.979 0.291 0.00000 -1 ACTUAL_TF
0.4823 0.0464060 -1.7152700 0.6761027 -0.43581860 0.63376592 -0.52811732 -0.35985414 0.001203 1789373562.850367785 0.269 178.941 0.295 0.00000 -1 ACTUAL_TF
0.5414 0.0463990 -1.7152165 0.6760960 -0.43583236 0.63377234 -0.52810062 -0.35985068 0.001133 1789373562.906342268 0.322 178.887 0.287 0.00000 -1 ACTUAL_TF
0.5909 0.0463938 -1.7151376 0.6760777 -0.43585488 0.63378068 -0.52807664 -0.35984391 0.001228 1789373562.962350845 0.401 178.808 0.268 0.00000 -1 ACTUAL_TF
0.6509 0.0463883 -1.7150805 0.6760896 -0.43586036 0.63377302 -0.52807423 -0.35985430 0.001173 1789373563.018540382 0.458 178.751 0.279 0.00000 -1 ACTUAL_TF
0.7038 0.0463790 -1.7149873 0.6761006 -0.43586855 0.63376192 -0.52807251 -0.35986645 0.001327 1789373563.074443340 0.552 178.657 0.288 0.00000 -1 ACTUAL_TF
0.7671 0.0463803 -1.7149024 0.6761105 -0.43586147 0.63375863 -0.52808128 -0.35986795 0.001387 1789373563.130382299 0.637 178.572 0.297 0.00000 -1 ACTUAL_TF
0.8186 0.0463815 -1.7147835 0.6761201 -0.43583836 0.63376636 -0.52809811 -0.35985762 0.001609 1789373563.186460495 0.756 178.453 0.305 0.00000 -1 ACTUAL_TF
0.8761 0.0463819 -1.7146704 0.6761319 -0.43583417 0.63375989 -0.52810633 -0.35986204 0.001737 1789373563.242370605 0.869 178.340 0.315 0.00000 -1 ACTUAL_TF
0.9359 0.0463751 -1.7145238 0.6761389 -0.43582536 0.63376116 -0.52811098 -0.35986364 0.002003 1789373563.298383474 1.016 178.193 0.320 0.00000 -1 ACTUAL_TF
0.9809 0.0463686 -1.7143715 0.6761547 -0.43581429 0.63375616 -0.52812243 -0.35986903 0.002223 1789373563.354388475 1.169 178.041 0.333 0.00000 -1 ACTUAL_TF
1.0405 0.0463698 -1.7142468 0.6761719 -0.43580002 0.63375161 -0.52813743 -0.35987233 0.002231 1789373563.410326242 1.293 177.916 0.349 0.00000 -1 ACTUAL_TF
1.0984 0.0463620 -1.7140890 0.6761913 -0.43578482 0.63374624 -0.52815148 -0.35987957 0.002414 1789373563.466332197 1.452 177.758 0.365 0.00000 -1 ACTUAL_TF
1.1499 0.0463616 -1.7139494 0.6761997 -0.43577809 0.63374483 -0.52815857 -0.35987980 0.002437 1789373563.522534847 1.591 177.618 0.372 0.00000 -1 ACTUAL_TF
1.2130 0.0463514 -1.7137720 0.6762072 -0.43576981 0.63374584 -0.52816340 -0.35988096 0.002654 1789373563.578785896 1.769 177.440 0.377 0.00000 -1 ACTUAL_TF
1.2661 0.0463501 -1.7136287 0.6762225 -0.43576108 0.63373966 -0.52817476 -0.35988574 0.002634 1789373563.634525537 1.913 177.297 0.390 0.00000 -1 ACTUAL_TF
1.3189 0.0463597 -1.7134608 0.6762374 -0.43575202 0.63373429 -0.52818844 -0.35988609 0.002749 1789373563.690412998 2.080 177.129 0.403 0.00000 -1 ACTUAL_TF
1.3817 0.0463566 -1.7133271 0.6762572 -0.43573692 0.63372833 -0.52820328 -0.35989308 0.002648 1789373563.746490955 2.214 176.995 0.421 0.00000 -1 ACTUAL_TF
1.4303 0.0463534 -1.7131548 0.6762729 -0.43573089 0.63372051 -0.52821237 -0.35990081 0.002786 1789373563.802198172 2.387 176.823 0.434 0.00000 -1 ACTUAL_TF
1.4920 0.0463490 -1.7129800 0.6762818 -0.43571922 0.63372251 -0.52821999 -0.35990023 0.002885 1789373563.858398914 2.562 176.648 0.441 0.00000 -1 ACTUAL_TF
1.5440 0.0463518 -1.7128412 0.6763001 -0.43570534 0.63371706 -0.52823618 -0.35990288 0.002769 1789373563.914442539 2.701 176.509 0.457 0.00000 -1 ACTUAL_TF
1.5956 0.0463583 -1.7126533 0.6763099 -0.43569833 0.63371534 -0.52824517 -0.35990119 0.002944 1789373563.970573187 2.888 176.321 0.466 0.00000 -1 ACTUAL_TF
1.6552 0.0463596 -1.7124899 0.6763150 -0.43569723 0.63371363 -0.52824925 -0.35989955 0.002930 1789373564.026990891 3.052 176.158 0.469 0.00000 -1 ACTUAL_TF
1.7110 0.0463544 -1.7122977 0.6763187 -0.43569214 0.63371637 -0.52825103 -0.35989827 0.003092 1789373564.082384109 3.244 175.965 0.470 0.00000 -1 ACTUAL_TF
1.7652 0.0463570 -1.7121447 0.6763316 -0.43568819 0.63370946 -0.52825972 -0.35990247 0.002986 1789373564.138490200 3.397 175.812 0.481 0.00000 -1 ACTUAL_TF
1.8269 0.0463793 -1.7119433 0.6763285 -0.43568225 0.63371866 -0.52826560 -0.35988483 0.003178 1789373564.194374800 3.598 175.612 0.480 0.00000 -1 ACTUAL_TF
1.8776 0.0463859 -1.7117417 0.6763347 -0.43568940 0.63371118 -0.52826691 -0.35988742 0.003308 1789373564.250255346 3.799 175.410 0.486 0.00000 -1 ACTUAL_TF
1.9364 0.0463964 -1.7115678 0.6763434 -0.43567482 0.63371525 -0.52828022 -0.35987838 0.003248 1789373564.306403399 3.973 175.237 0.496 0.00000 -1 ACTUAL_TF
1.9985 0.0463929 -1.7113643 0.6763531 -0.43567166 0.63371166 -0.52828611 -0.35987987 0.003366 1789373564.362339497 4.176 175.033 0.503 0.00000 -1 ACTUAL_TF
2.0462 0.0463899 -1.7111737 0.6763422 -0.43567323 0.63371730 -0.52828283 -0.35987285 0.003381 1789373564.418259144 4.367 174.843 0.490 0.00000 -1 ACTUAL_TF
2.1087 0.0463936 -1.7109811 0.6763530 -0.43566704 0.63371171 -0.52829180 -0.35987702 0.003399 1789373564.474335909 4.559 174.650 0.501 0.00000 -1 ACTUAL_TF
2.1591 0.0463893 -1.7107988 0.6763467 -0.43566220 0.63371757 -0.52829059 -0.35987434 0.003358 1789373564.530260086 4.742 174.468 0.492 0.00000 -1 ACTUAL_TF
2.2158 0.0463862 -1.7105808 0.6763429 -0.43566632 0.63371278 -0.52829125 -0.35987680 0.003519 1789373564.586234331 4.959 174.250 0.487 0.00000 -1 ACTUAL_TF
2.2762 0.0463817 -1.7103892 0.6763393 -0.43566221 0.63371306 -0.52829488 -0.35987597 0.003490 1789373564.642281771 5.151 174.058 0.481 0.00000 -1 ACTUAL_TF
2.3343 0.0463718 -1.7101639 0.6763346 -0.43565599 0.63371341 -0.52829812 -0.35987815 0.003652 1789373564.698252439 5.376 173.833 0.472 0.00000 -1 ACTUAL_TF
2.3848 0.0463551 -1.7099350 0.6763139 -0.43566108 0.63371777 -0.52828956 -0.35987686 0.003785 1789373564.754483700 5.605 173.604 0.446 0.00000 -1 ACTUAL_TF
2.4487 0.0463615 -1.7097500 0.6763032 -0.43566333 0.63371710 -0.52829083 -0.35987344 0.003644 1789373564.810413599 5.790 173.419 0.437 0.00000 -1 ACTUAL_TF
2.4986 0.0463522 -1.7095320 0.6762982 -0.43565987 0.63371584 -0.52829381 -0.35987549 0.003720 1789373564.866413355 6.008 173.201 0.429 0.00000 -1 ACTUAL_TF
2.5514 0.0463345 -1.7093365 0.6762904 -0.43565603 0.63371715 -0.52829363 -0.35987809 0.003655 1789373564.922501087 6.204 173.006 0.415 0.00000 -1 ACTUAL_TF
2.6119 0.0463261 -1.7091065 0.6762914 -0.43564886 0.63371028 -0.52830434 -0.35988314 0.003793 1789373564.978425026 6.434 172.775 0.412 0.00000 -1 ACTUAL_TF
2.6651 0.0463288 -1.7089025 0.6762772 -0.43564441 0.63371480 -0.52830842 -0.35987459 0.003752 1789373565.034382820 6.638 172.572 0.399 0.00000 -1 ACTUAL_TF
2.7164 0.0463141 -1.7086685 0.6762591 -0.43564491 0.63371441 -0.52830663 -0.35987727 0.003887 1789373565.090326309 6.872 172.338 0.376 0.00000 -1 ACTUAL_TF
2.7775 0.0463003 -1.7084313 0.6762411 -0.43564118 0.63371679 -0.52830744 -0.35987642 0.003997 1789373565.146359205 7.109 172.101 0.353 0.00000 -1 ACTUAL_TF
2.8312 0.0462919 -1.7082413 0.6762250 -0.43564210 0.63371660 -0.52830649 -0.35987705 0.003819 1789373565.202395916 7.299 171.911 0.335 0.00000 -1 ACTUAL_TF
2.8981 0.0462725 -1.7080062 0.6762089 -0.43563409 0.63372034 -0.52830794 -0.35987803 0.003939 1789373565.258471727 7.534 171.675 0.312 0.00000 -1 ACTUAL_TF
2.9602 0.0462594 -1.7078079 0.6761935 -0.43564324 0.63371719 -0.52830204 -0.35988117 0.003825 1789373565.314478874 7.732 171.477 0.292 0.00000 -1 ACTUAL_TF
3.0028 0.0462474 -1.7075732 0.6761873 -0.43563731 0.63371363 -0.52830820 -0.35988554 0.003935 1789373565.370574951 7.967 171.242 0.281 0.00000 -1 ACTUAL_TF
3.0656 0.0462340 -1.7073830 0.6761746 -0.43563811 0.63371655 -0.52830169 -0.35988900 0.003781 1789373565.426408768 8.158 171.052 0.264 0.00000 -1 ACTUAL_TF
3.1126 0.0462241 -1.7071484 0.6761625 -0.43561948 0.63372928 -0.52831085 -0.35987570 0.003905 1789373565.482442141 8.392 170.817 0.249 0.00000 -1 ACTUAL_TF
3.1761 0.0462096 -1.7069604 0.6761403 -0.43564164 0.63372668 -0.52829138 -0.35988203 0.003752 1789373565.538363934 8.580 170.629 0.222 0.00000 -1 ACTUAL_TF
3.2250 0.0461915 -1.7067343 0.6761256 -0.43564385 0.63372840 -0.52828599 -0.35988423 0.003843 1789373565.594434977 8.806 170.403 0.201 0.00000 -1 ACTUAL_TF
3.2797 0.0461745 -1.7065045 0.6761024 -0.43564910 0.63373851 -0.52827288 -0.35987934 0.003931 1789373565.650445938 9.036 170.173 0.173 0.00000 -1 ACTUAL_TF
3.3371 0.0461626 -1.7062909 0.6760850 -0.43565982 0.63373964 -0.52826288 -0.35987904 0.003902 1789373565.706374884 9.250 169.960 0.151 0.00000 -1 ACTUAL_TF
3.4020 0.0461485 -1.7060533 0.6760608 -0.43566289 0.63375237 -0.52825152 -0.35986957 0.004014 1789373565.762346745 9.487 169.722 0.123 0.00000 -1 ACTUAL_TF
3.4500 0.0461447 -1.7058880 0.6760677 -0.43565547 0.63374858 -0.52825870 -0.35987468 0.003696 1789373565.818389416 9.653 169.557 0.128 0.00000 -1 ACTUAL_TF
3.5075 0.0461369 -1.7056657 0.6760575 -0.43565743 0.63374928 -0.52825559 -0.35987566 0.003780 1789373565.874381304 9.875 169.334 0.115 0.00000 -1 ACTUAL_TF
3.5659 0.0461408 -1.7054978 0.6760612 -0.43565499 0.63374503 -0.52826241 -0.35987608 0.003546 1789373565.930388451 10.043 169.167 0.120 0.00000 -1 ACTUAL_TF
3.6161 0.0461232 -1.7052737 0.6760496 -0.43565330 0.63374956 -0.52825785 -0.35987684 0.003685 1789373565.986498117 10.267 168.942 0.101 0.00000 -1 ACTUAL_TF
3.6774 0.0461046 -1.7050601 0.6760344 -0.43566590 0.63375076 -0.52824461 -0.35987891 0.003732 1789373566.042454004 10.481 168.728 0.080 0.00000 -1 ACTUAL_TF
3.7263 0.0460973 -1.7048404 0.6760254 -0.43566201 0.63375711 -0.52824383 -0.35987359 0.003789 1789373566.098555088 10.701 168.509 0.068 0.00000 -1 ACTUAL_TF
3.7944 0.0460875 -1.7046214 0.6760186 -0.43566495 0.63375725 -0.52824031 -0.35987495 0.003830 1789373566.154401302 10.920 168.290 0.058 0.00000 -1 ACTUAL_TF
3.8433 0.0460816 -1.7044517 0.6760229 -0.43565931 0.63375494 -0.52824489 -0.35987912 0.003590 1789373566.210495949 11.089 168.120 0.059 0.00000 -1 ACTUAL_TF
3.8965 0.0460697 -1.7042247 0.6760067 -0.43566674 0.63376071 -0.52823381 -0.35987622 0.003736 1789373566.266395330 11.316 167.893 0.039 0.00000 -1 ACTUAL_TF
3.9540 0.0460736 -1.7040506 0.6760128 -0.43566197 0.63375621 -0.52824273 -0.35987682 0.003550 1789373566.322312117 11.490 167.719 0.047 0.00000 -1 ACTUAL_TF
4.0138 0.0460450 -1.7038132 0.6760012 -0.43566249 0.63376294 -0.52823429 -0.35987675 0.003766 1789373566.378386736 11.728 167.481 0.023 0.00000 -1 ACTUAL_TF
4.0662 0.0460304 -1.7036276 0.6759989 -0.43566421 0.63376233 -0.52823049 -0.35988130 0.003634 1789373566.434363604 11.914 167.295 0.017 0.00000 -1 ACTUAL_TF
4.1243 0.0460212 -1.7034106 0.6760003 -0.43566276 0.63376106 -0.52823200 -0.35988308 0.003708 1789373566.490342855 12.132 167.078 0.015 0.00000 -1 ACTUAL_TF
4.1744 0.0460126 -1.7032116 0.6760104 -0.43565318 0.63375707 -0.52824025 -0.35988961 0.003663 1789373566.546401262 12.331 166.879 0.023 0.00000 -1 ACTUAL_TF
4.2407 0.0459942 -1.7030167 0.6760069 -0.43565658 0.63375947 -0.52823296 -0.35989195 0.003611 1789373566.602479219 12.526 166.683 0.024 0.00000 -1 ACTUAL_TF
4.2902 0.0459906 -1.7028044 0.6760112 -0.43564977 0.63375904 -0.52824059 -0.35988976 0.003665 1789373566.658502579 12.738 166.471 0.023 0.00000 -1 ACTUAL_TF
4.3538 0.0459921 -1.7026271 0.6760296 -0.43564003 0.63375020 -0.52825512 -0.35989578 0.003521 1789373566.714478254 12.916 166.294 0.034 0.00000 -1 ACTUAL_TF
4.4014 0.0459915 -1.7024149 0.6760354 -0.43563601 0.63374950 -0.52826032 -0.35989424 0.003603 1789373566.770433903 13.128 166.081 0.035 0.00000 -1 ACTUAL_TF
4.4629 0.0459842 -1.7022237 0.6760304 -0.43564431 0.63374718 -0.52825663 -0.35989371 0.003537 1789373566.827029705 13.319 165.890 0.028 0.00000 -1 ACTUAL_TF
4.5116 0.0459865 -1.7020065 0.6760334 -0.43564648 0.63374800 -0.52825631 -0.35989010 0.003652 1789373566.882435322 13.536 165.673 0.027 0.00000 -1 ACTUAL_TF
4.5707 0.0459813 -1.7018270 0.6760390 -0.43564333 0.63374353 -0.52826220 -0.35989315 0.003519 1789373566.938444853 13.716 165.493 0.030 0.00000 -1 ACTUAL_TF
4.6263 0.0459838 -1.7015975 0.6760259 -0.43564341 0.63375734 -0.52825643 -0.35987719 0.003694 1789373566.994470835 13.945 165.264 0.019 0.00000 -1 ACTUAL_TF
4.6816 0.0459874 -1.7013740 0.6760285 -0.43565775 0.63374804 -0.52825281 -0.35988154 0.003784 1789373567.050444365 14.168 165.041 0.027 0.00000 -1 ACTUAL_TF
4.7348 0.0459945 -1.7011752 0.6760246 -0.43565240 0.63375945 -0.52825420 -0.35986587 0.003713 1789373567.106514454 14.367 164.843 0.038 0.00000 -1 ACTUAL_TF
4.8006 0.0459872 -1.7009514 0.6760204 -0.43565996 0.63376072 -0.52824705 -0.35986497 0.003800 1789373567.162452459 14.591 164.619 0.037 0.00000 -1 ACTUAL_TF
4.8506 0.0459897 -1.7007738 0.6760191 -0.43565974 0.63376341 -0.52824638 -0.35986149 0.003612 1789373567.218434572 14.768 164.441 0.045 0.00000 -1 ACTUAL_TF
4.9116 0.0459755 -1.7005605 0.6760292 -0.43565862 0.63376046 -0.52824736 -0.35986661 0.003676 1789373567.274396658 14.982 164.228 0.037 0.00000 -1 ACTUAL_TF
4.9616 0.0459650 -1.7003740 0.6760187 -0.43566082 0.63377004 -0.52823749 -0.35986155 0.003576 1789373567.330343723 15.168 164.041 0.034 0.00000 -1 ACTUAL_TF
5.0158 0.0459548 -1.7001551 0.6760260 -0.43566246 0.63376799 -0.52823773 -0.35986283 0.003678 1789373567.386321783 15.387 163.822 0.030 0.00000 -1 ACTUAL_TF
5.0747 0.0459436 -1.6999668 0.6760394 -0.43565555 0.63376254 -0.52824472 -0.35987053 0.003584 1789373567.442543268 15.576 163.633 0.023 0.00000 -1 ACTUAL_TF
5.1357 0.0459376 -1.6997476 0.6760349 -0.43566143 0.63376819 -0.52823703 -0.35986476 0.003684 1789373567.498536587 15.795 163.414 0.024 0.00000 -1 ACTUAL_TF
5.1857 0.0459305 -1.6995390 0.6760400 -0.43566868 0.63376126 -0.52823514 -0.35987095 0.003701 1789373567.554368258 16.004 163.205 0.023 0.00000 -1 ACTUAL_TF
5.2546 0.0459307 -1.6993636 0.6760454 -0.43566957 0.63376029 -0.52823686 -0.35986906 0.003530 1789373567.610416889 16.180 163.030 0.028 0.00000 -1 ACTUAL_TF
5.2938 0.0459198 -1.6991494 0.6760512 -0.43567144 0.63375668 -0.52823654 -0.35987363 0.003622 1789373567.666350603 16.394 162.815 0.024 0.00000 -1 ACTUAL_TF
5.3536 0.0459124 -1.6989564 0.6760466 -0.43567855 0.63376110 -0.52822888 -0.35986849 0.003570 1789373567.722353220 16.587 162.622 0.023 0.00000 -1 ACTUAL_TF
5.4075 0.0459016 -1.6987273 0.6760567 -0.43567847 0.63375817 -0.52822974 -0.35987247 0.003729 1789373567.778358936 16.817 162.393 0.018 0.00000 -1 ACTUAL_TF
5.4655 0.0459031 -1.6985618 0.6760648 -0.43567240 0.63375632 -0.52823613 -0.35987369 0.003498 1789373567.834355593 16.982 162.227 0.026 0.00000 -1 ACTUAL_TF
5.5209 0.0459059 -1.6983516 0.6760814 -0.43566704 0.63375047 -0.52824689 -0.35987469 0.003579 1789373567.890327454 17.192 162.017 0.040 0.00000 -1 ACTUAL_TF
5.5823 0.0458937 -1.6981382 0.6760939 -0.43566666 0.63374546 -0.52824839 -0.35988177 0.003652 1789373567.946346283 17.406 161.803 0.041 0.00000 -1 ACTUAL_TF
5.6344 0.0459006 -1.6979608 0.6760930 -0.43566527 0.63374890 -0.52825116 -0.35987333 0.003506 1789373568.002419949 17.583 161.626 0.048 0.00000 -1 ACTUAL_TF
5.6917 0.0458800 -1.6977551 0.6761016 -0.43566169 0.63374930 -0.52824999 -0.35987870 0.003563 1789373568.058415174 17.790 161.420 0.041 0.00000 -1 ACTUAL_TF
5.7525 0.0458775 -1.6975702 0.6761049 -0.43566041 0.63374931 -0.52825172 -0.35987768 0.003484 1789373568.114427328 17.974 161.235 0.044 0.00000 -1 ACTUAL_TF
5.8025 0.0458685 -1.6973412 0.6761022 -0.43566636 0.63375123 -0.52824689 -0.35987418 0.003668 1789373568.170389175 18.204 161.006 0.038 0.00000 -1 ACTUAL_TF
5.8634 0.0458606 -1.6971713 0.6761162 -0.43566034 0.63374747 -0.52825273 -0.35987953 0.003481 1789373568.226416588 18.374 160.836 0.045 0.00000 -1 ACTUAL_TF
5.9131 0.0458480 -1.6969514 0.6761178 -0.43566499 0.63374625 -0.52824853 -0.35988220 0.003617 1789373568.282403231 18.594 160.615 0.040 0.00000 -1 ACTUAL_TF
5.9699 0.0458464 -1.6967930 0.6761359 -0.43565949 0.63373815 -0.52825807 -0.35988911 0.003387 1789373568.338366270 18.753 160.457 0.056 0.00000 -1 ACTUAL_TF
6.0321 0.0458420 -1.6965839 0.6761399 -0.43565896 0.63373792 -0.52825973 -0.35988773 0.003491 1789373568.394378901 18.962 160.248 0.058 0.00000 -1 ACTUAL_TF
6.0819 0.0458149 -1.6963471 0.6761367 -0.43566340 0.63374188 -0.52824955 -0.35989032 0.003722 1789373568.450325489 19.199 160.010 0.046 0.00000 -1 ACTUAL_TF
6.1434 0.0458037 -1.6961575 0.6761344 -0.43566273 0.63374705 -0.52824492 -0.35988882 0.003621 1789373568.506418228 19.389 159.820 0.041 0.00000 -1 ACTUAL_TF
6.2007 0.0457977 -1.6959369 0.6761311 -0.43566904 0.63374916 -0.52823871 -0.35988660 0.003714 1789373568.562544107 19.610 159.600 0.034 0.00000 -1 ACTUAL_TF
6.2490 0.0457907 -1.6957682 0.6761370 -0.43566238 0.63375036 -0.52824111 -0.35988902 0.003510 1789373568.618280649 19.779 159.431 0.038 0.00000 -1 ACTUAL_TF
6.3050 0.0457930 -1.6955515 0.6761265 -0.43566429 0.63375874 -0.52823553 -0.35988013 0.003617 1789373568.674407244 19.995 159.214 0.025 0.00000 -1 ACTUAL_TF
6.3597 0.0457921 -1.6953688 0.6761201 -0.43566872 0.63376384 -0.52823058 -0.35987306 0.003511 1789373568.730407715 20.177 159.032 0.018 0.00000 -1 ACTUAL_TF
6.4185 0.0457892 -1.6951303 0.6761137 -0.43567876 0.63376406 -0.52822399 -0.35987018 0.003731 1789373568.786606789 20.416 158.794 0.015 0.00000 -1 ACTUAL_TF
6.4782 0.0457776 -1.6949003 0.6761003 -0.43568328 0.63377122 -0.52821482 -0.35986557 0.003853 1789373568.842386246 20.646 158.564 0.016 0.00000 -1 ACTUAL_TF
6.5289 0.0457696 -1.6947072 0.6760952 -0.43568437 0.63377503 -0.52821064 -0.35986367 0.003733 1789373568.898351669 20.839 158.370 0.021 0.00000 -1 ACTUAL_TF
6.5910 0.0457665 -1.6944974 0.6760851 -0.43568024 0.63377849 -0.52821360 -0.35985823 0.003740 1789373568.954292059 21.049 158.161 0.035 0.00000 -1 ACTUAL_TF
6.6429 0.0457384 -1.6943056 0.6760727 -0.43568473 0.63378122 -0.52820112 -0.35986630 0.003658 1789373569.010342598 21.241 157.968 0.050 0.00000 -1 ACTUAL_TF
6.7013 0.0457341 -1.6940698 0.6760532 -0.43569390 0.63378506 -0.52819488 -0.35985760 0.003826 1789373569.066424847 21.476 157.733 0.072 0.00000 -1 ACTUAL_TF
6.7540 0.0457312 -1.6938815 0.6760530 -0.43569478 0.63378465 -0.52819457 -0.35985772 0.003688 1789373569.122365713 21.665 157.545 0.075 0.00000 -1 ACTUAL_TF
6.8149 0.0457155 -1.6936600 0.6760475 -0.43569801 0.63378858 -0.52818608 -0.35985934 0.003771 1789373569.178400278 21.886 157.323 0.085 0.00000 -1 ACTUAL_TF
6.8797 0.0457107 -1.6934754 0.6760569 -0.43569391 0.63378577 -0.52819203 -0.35986052 0.003630 1789373569.234371662 22.071 157.138 0.078 0.00000 -1 ACTUAL_TF
6.9322 0.0457005 -1.6932732 0.6760612 -0.43569309 0.63378593 -0.52819005 -0.35986414 0.003626 1789373569.290384769 22.274 156.936 0.078 0.00000 -1 ACTUAL_TF
6.9809 0.0456906 -1.6930641 0.6760714 -0.43568878 0.63378348 -0.52819389 -0.35986803 0.003663 1789373569.346284628 22.483 156.726 0.072 0.00000 -1 ACTUAL_TF
7.0296 0.0456789 -1.6928850 0.6760823 -0.43569061 0.63377830 -0.52819291 -0.35987638 0.003526 1789373569.402345657 22.663 156.547 0.066 0.00000 -1 ACTUAL_TF
7.0945 0.0456782 -1.6926823 0.6761013 -0.43567381 0.63377587 -0.52820902 -0.35987736 0.003557 1789373569.458445787 22.866 156.344 0.050 0.00000 -1 ACTUAL_TF
7.1443 0.0456796 -1.6924985 0.6761074 -0.43567993 0.63377216 -0.52820847 -0.35987729 0.003474 1789373569.514476299 23.049 156.160 0.044 0.00000 -1 ACTUAL_TF
7.2038 0.0456737 -1.6922845 0.6761248 -0.43567525 0.63376382 -0.52821739 -0.35988454 0.003586 1789373569.570318460 23.264 155.946 0.031 0.00000 -1 ACTUAL_TF
7.2605 0.0456701 -1.6920944 0.6761182 -0.43568233 0.63376817 -0.52820999 -0.35987917 0.003529 1789373569.626344442 23.454 155.756 0.038 0.00000 -1 ACTUAL_TF
7.3060 0.0456735 -1.6919056 0.6761447 -0.43567266 0.63375696 -0.52822591 -0.35988726 0.003492 1789373569.682329178 23.643 155.567 0.013 0.00000 -1 ACTUAL_TF
7.3632 0.0456674 -1.6917290 0.6761466 -0.43566643 0.63376504 -0.52822541 -0.35988131 0.003391 1789373569.738354683 23.819 155.390 0.014 0.00000 -1 ACTUAL_TF
7.4238 0.0456643 -1.6915174 0.6761626 -0.43566913 0.63375315 -0.52823209 -0.35988917 0.003511 1789373569.794323444 24.031 155.178 0.001 0.00000 -1 ACTUAL_TF
7.4806 0.0456717 -1.6913071 0.6761772 -0.43565348 0.63375416 -0.52824766 -0.35988348 0.003588 1789373569.850346804 24.241 154.968 0.017 0.00000 -1 ACTUAL_TF
7.5345 0.0456715 -1.6911147 0.6761811 -0.43566313 0.63375060 -0.52824358 -0.35988406 0.003538 1789373569.906582117 24.434 154.776 0.022 0.00000 -1 ACTUAL_TF
7.5987 0.0456689 -1.6909022 0.6761900 -0.43565625 0.63375137 -0.52824818 -0.35988426 0.003621 1789373569.962335825 24.646 154.563 0.028 0.00000 -1 ACTUAL_TF
7.6478 0.0456830 -1.6907344 0.6761928 -0.43565401 0.63375268 -0.52825349 -0.35987689 0.003436 1789373570.018360853 24.814 154.396 0.045 0.00000 -1 ACTUAL_TF
7.7113 0.0456718 -1.6905114 0.6761830 -0.43566019 0.63376200 -0.52824186 -0.35987006 0.003595 1789373570.074738503 25.037 154.173 0.037 0.00000 -1 ACTUAL_TF
7.7629 0.0456604 -1.6903350 0.6761888 -0.43565420 0.63376676 -0.52824298 -0.35986729 0.003470 1789373570.130378008 25.213 153.996 0.031 0.00000 -1 ACTUAL_TF
7.8236 0.0456495 -1.6901073 0.6761843 -0.43565818 0.63377286 -0.52823531 -0.35986299 0.003652 1789373570.186295986 25.441 153.768 0.026 0.00000 -1 ACTUAL_TF
7.8704 0.0456488 -1.6898853 0.6761808 -0.43565698 0.63378131 -0.52823270 -0.35985338 0.003746 1789373570.242312431 25.663 153.546 0.033 0.00000 -1 ACTUAL_TF
7.9305 0.0456431 -1.6897060 0.6761891 -0.43566145 0.63377429 -0.52823310 -0.35985975 0.003583 1789373570.298383236 25.843 153.367 0.032 0.00000 -1 ACTUAL_TF
7.9791 0.0456341 -1.6894848 0.6761911 -0.43566227 0.63377675 -0.52823056 -0.35985815 0.003694 1789373570.354355097 26.064 153.145 0.030 0.00000 -1 ACTUAL_TF
8.0419 0.0456430 -1.6893201 0.6761975 -0.43566233 0.63377357 -0.52823616 -0.35985547 0.003470 1789373570.410363913 26.228 152.981 0.044 0.00000 -1 ACTUAL_TF
8.1028 0.0456166 -1.6891004 0.6762016 -0.43565811 0.63377780 -0.52823189 -0.35985938 0.003615 1789373570.466387033 26.449 152.761 0.024 0.00000 -1 ACTUAL_TF
8.1500 0.0456064 -1.6889126 0.6762057 -0.43566177 0.63377541 -0.52822881 -0.35986369 0.003537 1789373570.522411108 26.637 152.573 0.020 0.00000 -1 ACTUAL_TF
8.2141 0.0456024 -1.6887045 0.6762150 -0.43565941 0.63377316 -0.52823240 -0.35986523 0.003591 1789373570.578451633 26.845 152.364 0.024 0.00000 -1 ACTUAL_TF
8.2684 0.0455965 -1.6885033 0.6762019 -0.43567336 0.63377972 -0.52821711 -0.35985925 0.003597 1789373570.634320259 27.046 152.163 0.022 0.00000 -1 ACTUAL_TF
8.3329 0.0455850 -1.6882856 0.6762058 -0.43567222 0.63377907 -0.52821681 -0.35986221 0.003684 1789373570.690397739 27.264 151.945 0.017 0.00000 -1 ACTUAL_TF
8.3830 0.0455786 -1.6880624 0.6762018 -0.43567932 0.63378015 -0.52821040 -0.35986112 0.003777 1789373570.746340752 27.487 151.722 0.021 0.00000 -1 ACTUAL_TF
8.4314 0.0455724 -1.6879016 0.6762151 -0.43566880 0.63377812 -0.52822006 -0.35986324 0.003509 1789373570.802365303 27.648 151.561 0.016 0.00000 -1 ACTUAL_TF
8.4924 0.0455652 -1.6876631 0.6762075 -0.43567594 0.63378294 -0.52821256 -0.35985712 0.003736 1789373570.858339310 27.887 151.322 0.020 0.00000 -1 ACTUAL_TF
8.5411 0.0455613 -1.6875047 0.6762276 -0.43566387 0.63377596 -0.52822647 -0.35986361 0.003468 1789373570.914458513 28.046 151.164 0.017 0.00000 -1 ACTUAL_TF
8.6015 0.0455462 -1.6872816 0.6762306 -0.43566180 0.63377715 -0.52822722 -0.35986292 0.003629 1789373570.970329762 28.269 150.940 0.009 0.00000 -1 ACTUAL_TF
8.6578 0.0455449 -1.6870982 0.6762396 -0.43566459 0.63377110 -0.52823018 -0.35986587 0.003522 1789373571.026476860 28.453 150.757 0.016 0.00000 -1 ACTUAL_TF
8.7180 0.0455335 -1.6868903 0.6762481 -0.43566182 0.63376736 -0.52823335 -0.35987114 0.003580 1789373571.082530499 28.661 150.549 0.018 0.00000 -1 ACTUAL_TF
8.7697 0.0455244 -1.6866732 0.6762455 -0.43566554 0.63376947 -0.52822983 -0.35986808 0.003673 1789373571.138387203 28.878 150.331 0.011 0.00000 -1 ACTUAL_TF
8.8201 0.0455193 -1.6864870 0.6762503 -0.43566804 0.63376481 -0.52823065 -0.35987205 0.003566 1789373571.194537640 29.064 150.145 0.013 0.00000 -1 ACTUAL_TF
8.8829 0.0455065 -1.6862769 0.6762609 -0.43566522 0.63375948 -0.52823491 -0.35987861 0.003626 1789373571.250510931 29.275 149.935 0.020 0.00000 -1 ACTUAL_TF
8.9444 0.0454908 -1.6861050 0.6762748 -0.43566178 0.63375042 -0.52824004 -0.35989121 0.003463 1789373571.306709766 29.447 149.762 0.033 0.00000 -1 ACTUAL_TF
8.9943 0.0454881 -1.6858840 0.6762827 -0.43565879 0.63374784 -0.52824548 -0.35989138 0.003611 1789373571.362597466 29.668 149.541 0.037 0.00000 -1 ACTUAL_TF
9.0481 0.0454770 -1.6857194 0.6762975 -0.43565598 0.63374020 -0.52824947 -0.35990239 0.003417 1789373571.418501377 29.834 149.376 0.050 0.00000 -1 ACTUAL_TF
9.1018 0.0454856 -1.6855009 0.6762949 -0.43566296 0.63374010 -0.52824821 -0.35989594 0.003558 1789373571.474744320 30.052 149.158 0.042 0.00000 -1 ACTUAL_TF
9.1577 0.0454840 -1.6853322 0.6763048 -0.43565760 0.63373560 -0.52825691 -0.35989759 0.003403 1789373571.530353546 30.220 148.989 0.050 0.00000 -1 ACTUAL_TF
9.2148 0.0454837 -1.6850867 0.6762885 -0.43567841 0.63373977 -0.52824073 -0.35988881 0.003700 1789373571.586344004 30.466 148.744 0.032 0.00000 -1 ACTUAL_TF
9.2780 0.0454825 -1.6848724 0.6762888 -0.43567791 0.63374494 -0.52823827 -0.35988392 0.003737 1789373571.642396450 30.680 148.530 0.032 0.00000 -1 ACTUAL_TF
9.3290 0.0454838 -1.6846957 0.6762859 -0.43567672 0.63374930 -0.52823788 -0.35987827 0.003564 1789373571.698298454 30.856 148.353 0.032 0.00000 -1 ACTUAL_TF
9.3819 0.0454890 -1.6844764 0.6762870 -0.43568154 0.63375059 -0.52823532 -0.35987391 0.003668 1789373571.754422665 31.075 148.134 0.040 0.00000 -1 ACTUAL_TF
9.4408 0.0454697 -1.6842842 0.6762744 -0.43568784 0.63375944 -0.52822065 -0.35987222 0.003605 1789373571.810374975 31.268 147.942 0.022 0.00000 -1 ACTUAL_TF
9.5032 0.0454709 -1.6840642 0.6762775 -0.43569468 0.63375780 -0.52821902 -0.35986923 0.003701 1789373571.866433382 31.488 147.722 0.030 0.00000 -1 ACTUAL_TF
9.5544 0.0454637 -1.6838823 0.6762803 -0.43568308 0.63376434 -0.52822435 -0.35986393 0.003567 1789373571.922373772 31.670 147.540 0.028 0.00000 -1 ACTUAL_TF
9.6101 0.0454522 -1.6836702 0.6762834 -0.43568812 0.63376102 -0.52821994 -0.35987015 0.003635 1789373571.978384495 31.882 147.327 0.023 0.00000 -1 ACTUAL_TF
9.6612 0.0454345 -1.6834411 0.6762762 -0.43568632 0.63377209 -0.52821226 -0.35986411 0.003774 1789373572.034460783 32.112 147.098 0.014 0.00000 -1 ACTUAL_TF
9.7218 0.0454262 -1.6832763 0.6762909 -0.43567649 0.63376928 -0.52822027 -0.35986919 0.003530 1789373572.090394497 32.277 146.933 0.010 0.00000 -1 ACTUAL_TF
9.7775 0.0454165 -1.6830510 0.6762867 -0.43568018 0.63377384 -0.52821528 -0.35986402 0.003680 1789373572.146385908 32.502 146.707 0.007 0.00000 -1 ACTUAL_TF
9.8304 0.0453963 -1.6828683 0.6762837 -0.43568087 0.63377787 -0.52820882 -0.35986558 0.003562 1789373572.202346325 32.685 146.524 0.012 0.00000 -1 ACTUAL_TF
9.8909 0.0453911 -1.6826606 0.6762945 -0.43567404 0.63377839 -0.52821384 -0.35986558 0.003604 1789373572.258540154 32.893 146.316 0.008 0.00000 -1 ACTUAL_TF
9.9410 0.0453865 -1.6824641 0.6762859 -0.43568204 0.63378290 -0.52820563 -0.35985997 0.003576 1789373572.314565182 33.090 146.120 0.014 0.00000 -1 ACTUAL_TF
10.0021 0.0453694 -1.6822433 0.6762884 -0.43568175 0.63378429 -0.52820333 -0.35986126 0.003693 1789373572.370393276 33.311 145.899 0.021 0.00000 -1 ACTUAL_TF
10.0537 0.0453715 -1.6820718 0.6762954 -0.43566947 0.63378732 -0.52821298 -0.35985663 0.003507 1789373572.426289320 33.482 145.727 0.013 0.00000 -1 ACTUAL_TF
10.1125 0.0453752 -1.6818579 0.6763021 -0.43567343 0.63378172 -0.52821517 -0.35985847 0.003601 1789373572.482292891 33.696 145.513 0.005 0.00000 -1 ACTUAL_TF
10.1722 0.0453613 -1.6816519 0.6763131 -0.43565980 0.63378387 -0.52822307 -0.35985960 0.003627 1789373572.538356066 33.902 145.307 0.008 0.00000 -1 ACTUAL_TF
10.2223 0.0453593 -1.6814596 0.6763143 -0.43565766 0.63378638 -0.52822416 -0.35985617 0.003568 1789373572.594439030 34.095 145.115 0.003 0.00000 -1 ACTUAL_TF
10.2833 0.0453562 -1.6812393 0.6763184 -0.43565892 0.63378530 -0.52822477 -0.35985566 0.003676 1789373572.650535107 34.315 144.894 0.002 0.00000 -1 ACTUAL_TF
10.3391 0.0453598 -1.6810470 0.6763144 -0.43566577 0.63378640 -0.52822244 -0.35984884 0.003607 1789373572.706359863 34.507 144.702 0.011 0.00000 -1 ACTUAL_TF
10.4011 0.0453728 -1.6808603 0.6763350 -0.43565472 0.63377731 -0.52824032 -0.35985198 0.003531 1789373572.762492895 34.694 144.516 0.031 0.00000 -1 ACTUAL_TF
10.4451 0.0453762 -1.6806788 0.6763451 -0.43564907 0.63377382 -0.52824979 -0.35985107 0.003445 1789373572.818562031 34.875 144.334 0.043 0.00000 -1 ACTUAL_TF
10.5031 0.0453587 -1.6804730 0.6763568 -0.43564275 0.63377084 -0.52825362 -0.35985834 0.003521 1789373572.874464273 35.081 144.128 0.039 0.00000 -1 ACTUAL_TF
10.5603 0.0453499 -1.6802386 0.6763529 -0.43564474 0.63377443 -0.52825062 -0.35985402 0.003725 1789373572.930346251 35.316 143.893 0.033 0.00000 -1 ACTUAL_TF
10.6154 0.0453425 -1.6800726 0.6763689 -0.43563894 0.63376560 -0.52825955 -0.35986347 0.003501 1789373572.986368895 35.482 143.727 0.042 0.00000 -1 ACTUAL_TF
10.6779 0.0453324 -1.6798616 0.6763725 -0.43563466 0.63376857 -0.52826071 -0.35986173 0.003584 1789373573.042297363 35.693 143.516 0.040 0.00000 -1 ACTUAL_TF
10.7263 0.0453316 -1.6796898 0.6763737 -0.43563448 0.63376925 -0.52826029 -0.35986137 0.003427 1789373573.098403692 35.865 143.344 0.041 0.00000 -1 ACTUAL_TF
10.7890 0.0453191 -1.6794586 0.6763695 -0.43563710 0.63377557 -0.52825104 -0.35986065 0.003639 1789373573.154455900 36.097 143.113 0.032 0.00000 -1 ACTUAL_TF
10.8372 0.0453212 -1.6792797 0.6763675 -0.43563751 0.63378167 -0.52824955 -0.35985160 0.003508 1789373573.210342646 36.275 142.934 0.033 0.00000 -1 ACTUAL_TF
10.8942 0.0453042 -1.6790517 0.6763604 -0.43564855 0.63378227 -0.52823840 -0.35985352 0.003679 1789373573.266391039 36.504 142.706 0.018 0.00000 -1 ACTUAL_TF
10.9538 0.0452944 -1.6788830 0.6763632 -0.43564053 0.63378683 -0.52823918 -0.35985406 0.003481 1789373573.322428226 36.673 142.537 0.015 0.00000 -1 ACTUAL_TF
11.0112 0.0452822 -1.6786691 0.6763694 -0.43564073 0.63378498 -0.52823854 -0.35985802 0.003543 1789373573.380542994 36.887 142.323 0.015 0.00000 -1 ACTUAL_TF
11.0626 0.0452746 -1.6784528 0.6763691 -0.43564490 0.63378344 -0.52823542 -0.35986027 0.003686 1789373573.434362173 37.103 142.106 0.012 0.00000 -1 ACTUAL_TF
11.1235 0.0452849 -1.6782762 0.6763658 -0.43565402 0.63378218 -0.52823275 -0.35985537 0.003527 1789373573.490448475 37.279 141.930 0.019 0.00000 -1 ACTUAL_TF
11.1714 0.0452767 -1.6780459 0.6763687 -0.43566044 0.63377988 -0.52823036 -0.35985515 0.003705 1789373573.546370983 37.510 141.700 0.018 0.00000 -1 ACTUAL_TF
11.2286 0.0452733 -1.6778598 0.6763684 -0.43566199 0.63378167 -0.52822857 -0.35985275 0.003592 1789373573.602335691 37.696 141.514 0.020 0.00000 -1 ACTUAL_TF
11.2895 0.0452606 -1.6776447 0.6763683 -0.43566145 0.63378324 -0.52822552 -0.35985511 0.003667 1789373573.658417463 37.911 141.298 0.013 0.00000 -1 ACTUAL_TF
11.3495 0.0452532 -1.6774729 0.6763734 -0.43565440 0.63378543 -0.52822802 -0.35985612 0.003488 1789373573.714399815 38.083 141.126 0.011 0.00000 -1 ACTUAL_TF
11.4010 0.0452370 -1.6772384 0.6763621 -0.43566196 0.63379257 -0.52821496 -0.35985357 0.003704 1789373573.770341158 38.318 140.891 0.014 0.00000 -1 ACTUAL_TF
11.4544 0.0452417 -1.6770645 0.6763672 -0.43565968 0.63379154 -0.52822021 -0.35985044 0.003525 1789373573.826337099 38.492 140.718 0.016 0.00000 -1 ACTUAL_TF
11.5138 0.0452259 -1.6768370 0.6763636 -0.43565765 0.63379800 -0.52821417 -0.35985038 0.003688 1789373573.882394075 38.719 140.490 0.019 0.00000 -1 ACTUAL_TF
11.5705 0.0452261 -1.6766175 0.6763590 -0.43566611 0.63379785 -0.52821020 -0.35984623 0.003759 1789373573.938360214 38.939 140.271 0.028 0.00000 -1 ACTUAL_TF
11.6222 0.0452193 -1.6764354 0.6763723 -0.43566173 0.63379165 -0.52821735 -0.35985197 0.003609 1789373573.994442940 39.121 140.088 0.018 0.00000 -1 ACTUAL_TF
11.6749 0.0452097 -1.6762109 0.6763684 -0.43566884 0.63379215 -0.52821154 -0.35985099 0.003731 1789373574.050361872 39.346 139.864 0.023 0.00000 -1 ACTUAL_TF
11.7417 0.0452019 -1.6760471 0.6763886 -0.43566187 0.63378102 -0.52822306 -0.35986215 0.003497 1789373574.106379747 39.510 139.699 0.006 0.00000 -1 ACTUAL_TF
11.7932 0.0451983 -1.6758284 0.6763859 -0.43566875 0.63378040 -0.52821829 -0.35986190 0.003620 1789373574.162385225 39.729 139.481 0.012 0.00000 -1 ACTUAL_TF
11.8519 0.0452185 -1.6756587 0.6763940 -0.43567165 0.63377308 -0.52822649 -0.35985923 0.003450 1789373574.218373299 39.898 139.312 0.031 0.00000 -1 ACTUAL_TF
11.9141 0.0452102 -1.6754304 0.6763908 -0.43567804 0.63377381 -0.52822118 -0.35985801 0.003641 1789373574.274311304 40.126 139.083 0.032 0.00000 -1 ACTUAL_TF
11.9601 0.0452056 -1.6752177 0.6764041 -0.43567122 0.63377079 -0.52822815 -0.35986136 0.003690 1789373574.330342054 40.339 138.870 0.032 0.00000 -1 ACTUAL_TF
12.0136 0.0451970 -1.6750269 0.6764023 -0.43567734 0.63376893 -0.52822405 -0.35986325 0.003607 1789373574.386327744 40.530 138.679 0.029 0.00000 -1 ACTUAL_TF
12.0685 0.0452035 -1.6748232 0.6764229 -0.43567120 0.63375843 -0.52823901 -0.35986721 0.003622 1789373574.442291498 40.734 138.476 0.043 0.00000 -1 ACTUAL_TF
12.1271 0.0451902 -1.6746536 0.6764304 -0.43566490 0.63375852 -0.52824072 -0.35987217 0.003447 1789373574.498347998 40.904 138.306 0.037 0.00000 -1 ACTUAL_TF
12.1892 0.0451847 -1.6744389 0.6764275 -0.43566779 0.63376079 -0.52823681 -0.35987040 0.003563 1789373574.554374218 41.118 138.091 0.035 0.00000 -1 ACTUAL_TF
12.2576 0.0451825 -1.6742571 0.6764312 -0.43566594 0.63375886 -0.52824082 -0.35987015 0.003468 1789373574.610427618 41.300 137.909 0.039 0.00000 -1 ACTUAL_TF
12.3097 0.0451695 -1.6740363 0.6764306 -0.43566537 0.63376463 -0.52823654 -0.35986697 0.003593 1789373574.667376041 41.521 137.688 0.032 0.00000 -1 ACTUAL_TF
12.3488 0.0451562 -1.6738472 0.6764220 -0.43567025 0.63376971 -0.52822840 -0.35986406 0.003550 1789373574.722375154 41.711 137.499 0.024 0.00000 -1 ACTUAL_TF
12.4151 0.0451476 -1.6736342 0.6764191 -0.43567286 0.63377515 -0.52822169 -0.35986118 0.003628 1789373574.778313398 41.924 137.286 0.024 0.00000 -1 ACTUAL_TF
12.4653 0.0451450 -1.6734335 0.6764231 -0.43566655 0.63377686 -0.52822593 -0.35985959 0.003616 1789373574.834269524 42.124 137.085 0.026 0.00000 -1 ACTUAL_TF
12.5264 0.0451288 -1.6732522 0.6764293 -0.43566309 0.63377426 -0.52822750 -0.35986605 0.003504 1789373574.890428066 42.306 136.903 0.015 0.00000 -1 ACTUAL_TF
12.5754 0.0451159 -1.6730351 0.6764305 -0.43566660 0.63377590 -0.52822207 -0.35986689 0.003620 1789373574.946317196 42.523 136.686 0.011 0.00000 -1 ACTUAL_TF
12.6378 0.0451022 -1.6728563 0.6764344 -0.43566554 0.63377639 -0.52821970 -0.35987079 0.003494 1789373575.002408743 42.703 136.507 0.007 0.00000 -1 ACTUAL_TF
12.6878 0.0451001 -1.6726477 0.6764428 -0.43565673 0.63377631 -0.52822850 -0.35986867 0.003566 1789373575.058326244 42.911 136.298 0.004 0.00000 -1 ACTUAL_TF
12.7503 0.0450934 -1.6724541 0.6764384 -0.43566430 0.63377631 -0.52822186 -0.35986925 0.003532 1789373575.114450216 43.105 136.104 0.009 0.00000 -1 ACTUAL_TF
12.8021 0.0450908 -1.6722526 0.6764478 -0.43566224 0.63377351 -0.52822463 -0.35987261 0.003554 1789373575.170367241 43.307 135.903 0.007 0.00000 -1 ACTUAL_TF
12.8659 0.0450822 -1.6720565 0.6764419 -0.43566485 0.63377823 -0.52821998 -0.35986795 0.003540 1789373575.226411104 43.503 135.707 0.012 0.00000 -1 ACTUAL_TF
12.9162 0.0450729 -1.6718543 0.6764517 -0.43565726 0.63377910 -0.52822465 -0.35986875 0.003562 1789373575.282456398 43.705 135.504 0.005 0.00000 -1 ACTUAL_TF
12.9680 0.0450690 -1.6716227 0.6764445 -0.43566456 0.63378343 -0.52821771 -0.35986247 0.003738 1789373575.338309765 43.937 135.273 0.015 0.00000 -1 ACTUAL_TF
13.0245 0.0450744 -1.6714423 0.6764463 -0.43565919 0.63378854 -0.52822116 -0.35985492 0.003584 1789373575.394277096 44.117 135.093 0.021 0.00000 -1 ACTUAL_TF
13.0877 0.0450681 -1.6712247 0.6764515 -0.43565785 0.63378726 -0.52822312 -0.35985593 0.003672 1789373575.450428963 44.335 134.875 0.020 0.00000 -1 ACTUAL_TF
13.1379 0.0450755 -1.6710410 0.6764469 -0.43565991 0.63379321 -0.52822170 -0.35984503 0.003554 1789373575.506522894 44.518 134.691 0.035 0.00000 -1 ACTUAL_TF
13.1945 0.0450646 -1.6708245 0.6764607 -0.43565357 0.63378782 -0.52822819 -0.35985267 0.003650 1789373575.562600613 44.735 134.475 0.025 0.00000 -1 ACTUAL_TF
13.2596 0.0450656 -1.6706461 0.6764557 -0.43565028 0.63379755 -0.52822697 -0.35984131 0.003514 1789373575.618446112 44.913 134.296 0.035 0.00000 -1 ACTUAL_TF
13.3043 0.0450457 -1.6704275 0.6764670 -0.43564928 0.63379129 -0.52822886 -0.35985077 0.003637 1789373575.674463749 45.132 134.077 0.019 0.00000 -1 ACTUAL_TF
13.3585 0.0450351 -1.6701992 0.6764564 -0.43564925 0.63380371 -0.52822038 -0.35984138 0.003773 1789373575.730414152 45.361 133.849 0.027 0.00000 -1 ACTUAL_TF
13.4228 0.0450304 -1.6700385 0.6764770 -0.43563270 0.63379912 -0.52823625 -0.35984620 0.003509 1789373575.786412954 45.522 133.688 0.014 0.00000 -1 ACTUAL_TF
13.4727 0.0450228 -1.6698153 0.6764783 -0.43563762 0.63379779 -0.52823368 -0.35984636 0.003656 1789373575.842256069 45.745 133.464 0.014 0.00000 -1 ACTUAL_TF
13.5284 0.0450151 -1.6696458 0.6765019 -0.43562647 0.63378750 -0.52824875 -0.35985586 0.003464 1789373575.899035454 45.915 133.294 0.016 0.00000 -1 ACTUAL_TF
13.5873 0.0450090 -1.6694333 0.6765036 -0.43562367 0.63379046 -0.52824882 -0.35985394 0.003575 1789373575.954481602 46.128 133.082 0.015 0.00000 -1 ACTUAL_TF
13.6402 0.0450060 -1.6692677 0.6765149 -0.43562052 0.63378554 -0.52825600 -0.35985588 0.003393 1789373576.010408878 46.293 132.916 0.023 0.00000 -1 ACTUAL_TF
13.7040 0.0449993 -1.6690350 0.6765121 -0.43562837 0.63378633 -0.52825066 -0.35985282 0.003623 1789373576.066375017 46.526 132.683 0.018 0.00000 -1 ACTUAL_TF
13.7539 0.0449961 -1.6688605 0.6765181 -0.43562756 0.63378228 -0.52825355 -0.35985669 0.003473 1789373576.122332096 46.701 132.509 0.022 0.00000 -1 ACTUAL_TF
13.8115 0.0449944 -1.6686508 0.6765261 -0.43563136 0.63377797 -0.52825415 -0.35985880 0.003553 1789373576.178436756 46.910 132.299 0.029 0.00000 -1 ACTUAL_TF
13.8709 0.0450016 -1.6684213 0.6765198 -0.43564094 0.63377768 -0.52824935 -0.35985475 0.003709 1789373576.234800339 47.139 132.070 0.035 0.00000 -1 ACTUAL_TF
13.9225 0.0449851 -1.6682368 0.6765136 -0.43564836 0.63378256 -0.52823632 -0.35985630 0.003597 1789373576.290355921 47.324 131.885 0.022 0.00000 -1 ACTUAL_TF
13.9812 0.0449819 -1.6680175 0.6765128 -0.43565218 0.63378369 -0.52823223 -0.35985570 0.003692 1789373576.346432686 47.544 131.666 0.025 0.00000 -1 ACTUAL_TF
14.0314 0.0449751 -1.6678263 0.6765109 -0.43565822 0.63378313 -0.52822906 -0.35985403 0.003610 1789373576.402379990 47.735 131.475 0.024 0.00000 -1 ACTUAL_TF
14.0952 0.0449748 -1.6676173 0.6765158 -0.43565976 0.63378033 -0.52823109 -0.35985411 0.003648 1789373576.458300114 47.944 131.266 0.030 0.00000 -1 ACTUAL_TF
14.1569 0.0449749 -1.6674515 0.6765289 -0.43565019 0.63377823 -0.52824152 -0.35985408 0.003444 1789373576.514364719 48.110 131.100 0.036 0.00000 -1 ACTUAL_TF
14.2048 0.0449671 -1.6672324 0.6765321 -0.43565303 0.63377690 -0.52823976 -0.35985557 0.003584 1789373576.570468426 48.329 130.880 0.034 0.00000 -1 ACTUAL_TF
14.2571 0.0449569 -1.6670442 0.6765281 -0.43565333 0.63378191 -0.52823611 -0.35985175 0.003516 1789373576.626556635 48.517 130.692 0.029 0.00000 -1 ACTUAL_TF
14.3168 0.0449530 -1.6668376 0.6765398 -0.43565475 0.63377622 -0.52823997 -0.35985438 0.003572 1789373576.682450056 48.724 130.485 0.033 0.00000 -1 ACTUAL_TF
14.3652 0.0449408 -1.6666294 0.6765536 -0.43564549 0.63377306 -0.52824841 -0.35985877 0.003622 1789373576.738377810 48.933 130.277 0.032 0.00000 -1 ACTUAL_TF
14.4250 0.0449346 -1.6664416 0.6765464 -0.43565265 0.63377644 -0.52824049 -0.35985576 0.003543 1789373576.794346571 49.120 130.089 0.027 0.00000 -1 ACTUAL_TF
14.4821 0.0449129 -1.6662180 0.6765491 -0.43565717 0.63377508 -0.52823432 -0.35986176 0.003684 1789373576.850329876 49.345 129.865 0.013 0.00000 -1 ACTUAL_TF
14.5361 0.0449103 -1.6660478 0.6765566 -0.43565640 0.63377269 -0.52823506 -0.35986581 0.003490 1789373576.906431913 49.515 129.694 0.019 0.00000 -1 ACTUAL_TF
14.5978 0.0449128 -1.6658294 0.6765597 -0.43565654 0.63377321 -0.52823628 -0.35986293 0.003614 1789373576.962398291 49.733 129.476 0.026 0.00000 -1 ACTUAL_TF
14.6444 0.0449012 -1.6656461 0.6765591 -0.43566238 0.63377164 -0.52823121 -0.35986608 0.003514 1789373577.018395424 49.917 129.293 0.019 0.00000 -1 ACTUAL_TF
14.7027 0.0449044 -1.6654392 0.6765762 -0.43565516 0.63376420 -0.52824450 -0.35986842 0.003573 1789373577.074346781 50.124 129.086 0.035 0.00000 -1 ACTUAL_TF
14.7635 0.0448901 -1.6652214 0.6765798 -0.43565450 0.63376519 -0.52824194 -0.35987122 0.003673 1789373577.130217314 50.342 128.868 0.030 0.00000 -1 ACTUAL_TF
14.8158 0.0448890 -1.6650340 0.6765862 -0.43565959 0.63376095 -0.52824341 -0.35987036 0.003573 1789373577.186363459 50.529 128.680 0.036 0.00000 -1 ACTUAL_TF
14.8689 0.0448892 -1.6648300 0.6765879 -0.43565718 0.63376096 -0.52824770 -0.35986697 0.003592 1789373577.242449760 50.733 128.476 0.039 0.00000 -1 ACTUAL_TF
14.9265 0.0448861 -1.6646490 0.6766004 -0.43565676 0.63375473 -0.52825276 -0.35987101 0.003488 1789373577.298384428 50.914 128.295 0.048 0.00000 -1 ACTUAL_TF
14.9901 0.0448747 -1.6644410 0.6766010 -0.43565093 0.63376127 -0.52825255 -0.35986688 0.003559 1789373577.354304790 51.123 128.087 0.043 0.00000 -1 ACTUAL_TF
15.0403 0.0448562 -1.6642509 0.6766054 -0.43565438 0.63375776 -0.52824937 -0.35987354 0.003516 1789373577.410228252 51.313 127.896 0.038 0.00000 -1 ACTUAL_TF
15.1013 0.0448464 -1.6640360 0.6766088 -0.43565348 0.63375902 -0.52824854 -0.35987362 0.003612 1789373577.466317654 51.528 127.681 0.037 0.00000 -1 ACTUAL_TF
15.1520 0.0448345 -1.6638508 0.6766154 -0.43565370 0.63375809 -0.52824850 -0.35987505 0.003521 1789373577.522437334 51.714 127.496 0.040 0.00000 -1 ACTUAL_TF
15.2112 0.0448149 -1.6636385 0.6766140 -0.43565327 0.63376352 -0.52824084 -0.35987726 0.003608 1789373577.578361750 51.927 127.283 0.037 0.00000 -1 ACTUAL_TF
15.2699 0.0447959 -1.6634253 0.6766198 -0.43565075 0.63376127 -0.52824068 -0.35988450 0.003672 1789373577.634405375 52.140 127.069 0.044 0.00000 -1 ACTUAL_TF
15.3183 0.0448013 -1.6632576 0.6766320 -0.43564103 0.63376064 -0.52825205 -0.35988071 0.003473 1789373577.690372229 52.308 126.901 0.049 0.00000 -1 ACTUAL_TF
15.3754 0.0447805 -1.6630197 0.6766173 -0.43565659 0.63376593 -0.52823390 -0.35987919 0.003711 1789373577.746412277 52.546 126.663 0.039 0.00000 -1 ACTUAL_TF
15.4348 0.0447684 -1.6628473 0.6766226 -0.43565651 0.63376578 -0.52823133 -0.35988332 0.003524 1789373577.802400351 52.719 126.491 0.046 0.00000 -1 ACTUAL_TF
15.4862 0.0447705 -1.6626353 0.6766171 -0.43565440 0.63377263 -0.52823140 -0.35987372 0.003605 1789373577.858315945 52.931 126.279 0.034 0.00000 -1 ACTUAL_TF
15.5508 0.0447651 -1.6624537 0.6766081 -0.43566038 0.63377849 -0.52822342 -0.35986787 0.003497 1789373577.914340019 53.112 126.097 0.027 0.00000 -1 ACTUAL_TF
15.6025 0.0447469 -1.6622233 0.6766095 -0.43566120 0.63377908 -0.52821960 -0.35987142 0.003687 1789373577.970330000 53.343 125.866 0.037 0.00000 -1 ACTUAL_TF
15.6553 0.0447508 -1.6620488 0.6766043 -0.43565845 0.63378688 -0.52821911 -0.35986176 0.003515 1789373578.026377201 53.517 125.692 0.026 0.00000 -1 ACTUAL_TF
15.7158 0.0447413 -1.6618161 0.6766021 -0.43566498 0.63378962 -0.52821264 -0.35985851 0.003697 1789373578.082917690 53.750 125.459 0.029 0.00000 -1 ACTUAL_TF
15.7666 0.0447489 -1.6616044 0.6766069 -0.43566527 0.63378884 -0.52821628 -0.35985419 0.003732 1789373578.138430834 53.961 125.248 0.015 0.00000 -1 ACTUAL_TF
15.8250 0.0447496 -1.6614282 0.6766077 -0.43566141 0.63378958 -0.52821948 -0.35985286 0.003559 1789373578.194324493 54.138 125.072 0.010 0.00000 -1 ACTUAL_TF
15.8842 0.0447404 -1.6612102 0.6766092 -0.43566116 0.63379007 -0.52821846 -0.35985381 0.003660 1789373578.250306606 54.356 124.854 0.013 0.00000 -1 ACTUAL_TF
15.9392 0.0447332 -1.6610272 0.6766160 -0.43565990 0.63379013 -0.52821941 -0.35985384 0.003545 1789373578.306276798 54.539 124.670 0.013 0.00000 -1 ACTUAL_TF
15.9993 0.0447291 -1.6608124 0.6766118 -0.43566195 0.63379382 -0.52821579 -0.35985016 0.003630 1789373578.362388849 54.754 124.456 0.014 0.00000 -1 ACTUAL_TF
16.0483 0.0447207 -1.6606450 0.6766135 -0.43565670 0.63379741 -0.52821763 -0.35984748 0.003438 1789373578.418434381 54.921 124.288 0.017 0.00000 -1 ACTUAL_TF
16.1057 0.0447262 -1.6604237 0.6766200 -0.43566073 0.63379352 -0.52822062 -0.35984509 0.003594 1789373578.474403620 55.142 124.067 0.007 0.00000 -1 ACTUAL_TF
16.1661 0.0447232 -1.6602038 0.6766200 -0.43566231 0.63379425 -0.52822040 -0.35984220 0.003696 1789373578.530272484 55.362 123.847 0.010 0.00000 -1 ACTUAL_TF
16.2112 0.0447127 -1.6600401 0.6766368 -0.43564931 0.63378957 -0.52823173 -0.35984956 0.003470 1789373578.586365938 55.526 123.683 0.006 0.00000 -1 ACTUAL_TF
16.2799 0.0447098 -1.6598268 0.6766481 -0.43565080 0.63378313 -0.52823589 -0.35985299 0.003571 1789373578.642462254 55.740 123.470 0.012 0.00000 -1 ACTUAL_TF
16.3292 0.0447041 -1.6596364 0.6766462 -0.43564833 0.63378657 -0.52823598 -0.35984977 0.003522 1789373578.698339462 55.930 123.279 0.008 0.00000 -1 ACTUAL_TF
16.3924 0.0447075 -1.6594263 0.6766515 -0.43564986 0.63378490 -0.52823892 -0.35984654 0.003589 1789373578.754499912 56.140 123.069 0.014 0.00000 -1 ACTUAL_TF
16.4416 0.0447081 -1.6592445 0.6766604 -0.43564679 0.63378170 -0.52824491 -0.35984711 0.003487 1789373578.810518026 56.322 122.887 0.022 0.00000 -1 ACTUAL_TF
16.5018 0.0447052 -1.6590286 0.6766707 -0.43564716 0.63377429 -0.52824940 -0.35985312 0.003599 1789373578.866485596 56.538 122.671 0.030 0.00000 -1 ACTUAL_TF
16.5526 0.0447023 -1.6588521 0.6766737 -0.43564404 0.63377592 -0.52825143 -0.35985105 0.003466 1789373578.922449112 56.715 122.495 0.032 0.00000 -1 ACTUAL_TF
16.6136 0.0446990 -1.6586397 0.6766819 -0.43564684 0.63376853 -0.52825492 -0.35985556 0.003563 1789373578.978536129 56.927 122.282 0.038 0.00000 -1 ACTUAL_TF
16.6642 0.0447004 -1.6584252 0.6766885 -0.43564557 0.63376537 -0.52825986 -0.35985540 0.003646 1789373579.034445763 57.142 122.068 0.046 0.00000 -1 ACTUAL_TF
16.7194 0.0446806 -1.6582381 0.6766852 -0.43564942 0.63376902 -0.52825104 -0.35985725 0.003563 1789373579.090281010 57.329 121.880 0.032 0.00000 -1 ACTUAL_TF
16.7803 0.0446761 -1.6580267 0.6766933 -0.43564390 0.63376737 -0.52825791 -0.35985676 0.003612 1789373579.147079706 57.541 121.669 0.037 0.00000 -1 ACTUAL_TF
16.8331 0.0446732 -1.6578297 0.6766857 -0.43565263 0.63377189 -0.52824935 -0.35985082 0.003595 1789373579.202529907 57.737 121.472 0.031 0.00000 -1 ACTUAL_TF
16.8862 0.0446636 -1.6576163 0.6766823 -0.43565017 0.63377851 -0.52824577 -0.35984738 0.003666 1789373579.258289099 57.951 121.258 0.024 0.00000 -1 ACTUAL_TF
16.9524 0.0446576 -1.6574521 0.6766893 -0.43564289 0.63377895 -0.52824874 -0.35985106 0.003445 1789373579.314409256 58.115 121.094 0.026 0.00000 -1 ACTUAL_TF
17.0034 0.0446470 -1.6572213 0.6766727 -0.43564620 0.63379429 -0.52823546 -0.35983951 0.003652 1789373579.370453358 58.346 120.863 0.016 0.00000 -1 ACTUAL_TF
17.0541 0.0446415 -1.6570058 0.6766731 -0.43564521 0.63379683 -0.52823551 -0.35983619 0.003715 1789373579.426274300 58.562 120.648 0.017 0.00000 -1 ACTUAL_TF
17.1149 0.0446237 -1.6568194 0.6766736 -0.43564906 0.63379743 -0.52822849 -0.35984076 0.003597 1789373579.482589483 58.748 120.461 0.008 0.00000 -1 ACTUAL_TF
17.1676 0.0446189 -1.6566139 0.6766813 -0.43564648 0.63379399 -0.52823239 -0.35984423 0.003625 1789373579.538379192 58.954 120.255 0.006 0.00000 -1 ACTUAL_TF
17.2247 0.0446200 -1.6564235 0.6766747 -0.43565742 0.63379591 -0.52822472 -0.35983886 0.003560 1789373579.594226122 59.144 120.065 0.017 0.00000 -1 ACTUAL_TF
17.2765 0.0446252 -1.6562246 0.6766851 -0.43565977 0.63378644 -0.52823167 -0.35984247 0.003560 1789373579.650220156 59.343 119.866 0.024 0.00000 -1 ACTUAL_TF
17.3375 0.0446127 -1.6560405 0.6766872 -0.43566173 0.63378394 -0.52822969 -0.35984743 0.003480 1789373579.706250906 59.527 119.682 0.018 0.00000 -1 ACTUAL_TF
17.4008 0.0446199 -1.6558168 0.6766869 -0.43566796 0.63378267 -0.52822900 -0.35984312 0.003633 1789373579.762357950 59.751 119.459 0.032 0.00000 -1 ACTUAL_TF
17.4525 0.0446000 -1.6556406 0.6766930 -0.43566147 0.63378479 -0.52822727 -0.35984980 0.003493 1789373579.818408728 59.928 119.282 0.017 0.00000 -1 ACTUAL_TF
17.5059 0.0445898 -1.6554338 0.6766964 -0.43566082 0.63378430 -0.52822614 -0.35985310 0.003555 1789373579.874361515 60.135 119.075 0.013 0.00000 -1 ACTUAL_TF
17.5650 0.0445880 -1.6552210 0.6766985 -0.43566010 0.63378518 -0.52822700 -0.35985117 0.003629 1789373579.930342436 60.347 118.862 0.018 0.00000 -1 ACTUAL_TF
17.6149 0.0445828 -1.6550345 0.6766922 -0.43566728 0.63378664 -0.52822039 -0.35984960 0.003543 1789373579.986187220 60.534 118.675 0.023 0.00000 -1 ACTUAL_TF
17.6762 0.0445801 -1.6548312 0.6766983 -0.43565904 0.63378851 -0.52822543 -0.35984888 0.003566 1789373580.042390823 60.737 118.472 0.024 0.00000 -1 ACTUAL_TF
17.7327 0.0445659 -1.6546527 0.6767083 -0.43565655 0.63378479 -0.52822744 -0.35985551 0.003457 1789373580.098366261 60.916 118.293 0.013 0.00000 -1 ACTUAL_TF
17.7825 0.0445412 -1.6544324 0.6767107 -0.43565202 0.63378909 -0.52822551 -0.35985624 0.003609 1789373580.154325008 61.137 118.072 0.008 0.00000 -1 ACTUAL_TF
17.8413 0.0445318 -1.6542731 0.6767250 -0.43564341 0.63378446 -0.52823285 -0.35986405 0.003383 1789373580.210403919 61.297 117.912 0.012 0.00000 -1 ACTUAL_TF
17.8978 0.0445186 -1.6540598 0.6767279 -0.43564196 0.63378562 -0.52823143 -0.35986585 0.003514 1789373580.266376257 61.510 117.699 0.019 0.00000 -1 ACTUAL_TF
17.9613 0.0445158 -1.6538808 0.6767323 -0.43563838 0.63378733 -0.52823536 -0.35986141 0.003419 1789373580.322359324 61.690 117.520 0.017 0.00000 -1 ACTUAL_TF
18.0096 0.0445126 -1.6536698 0.6767336 -0.43564678 0.63378043 -0.52823351 -0.35986610 0.003522 1789373580.378485203 61.901 117.309 0.013 0.00000 -1 ACTUAL_TF
18.0736 0.0444991 -1.6534474 0.6767414 -0.43564067 0.63378117 -0.52823528 -0.35986959 0.003661 1789373580.434412003 62.123 117.086 0.021 0.00000 -1 ACTUAL_TF
18.1205 0.0444991 -1.6532725 0.6767558 -0.43563794 0.63377340 -0.52824523 -0.35987199 0.003504 1789373580.490352869 62.298 116.911 0.026 0.00000 -1 ACTUAL_TF
18.1740 0.0444851 -1.6530548 0.6767599 -0.43563626 0.63377139 -0.52824586 -0.35987663 0.003622 1789373580.546337605 62.516 116.693 0.031 0.00000 -1 ACTUAL_TF
18.2406 0.0444747 -1.6528870 0.6767722 -0.43562867 0.63376856 -0.52825093 -0.35988336 0.003437 1789373580.602401257 62.685 116.525 0.042 0.00000 -1 ACTUAL_TF
18.2925 0.0444799 -1.6526777 0.6767830 -0.43562610 0.63376327 -0.52826018 -0.35988220 0.003527 1789373580.658501387 62.894 116.316 0.043 0.00000 -1 ACTUAL_TF
18.3447 0.0444873 -1.6524965 0.6767795 -0.43563247 0.63376259 -0.52825851 -0.35987814 0.003442 1789373580.714421749 63.075 116.135 0.035 0.00000 -1 ACTUAL_TF
18.3983 0.0444842 -1.6522696 0.6767776 -0.43563729 0.63376486 -0.52825318 -0.35987614 0.003626 1789373580.770415783 63.302 115.908 0.029 0.00000 -1 ACTUAL_TF
18.4587 0.0444950 -1.6520448 0.6767749 -0.43564363 0.63376636 -0.52825348 -0.35986537 0.003743 1789373580.826436758 63.526 115.684 0.030 0.00000 -1 ACTUAL_TF
18.5109 0.0444874 -1.6518450 0.6767594 -0.43565451 0.63377198 -0.52824084 -0.35986085 0.003695 1789373580.882437229 63.725 115.484 0.019 0.00000 -1 ACTUAL_TF
18.5733 0.0444828 -1.6516184 0.6767511 -0.43565674 0.63377895 -0.52823500 -0.35985446 0.003803 1789373580.938329935 63.952 115.257 0.022 0.00000 -1 ACTUAL_TF
18.6287 0.0444773 -1.6514490 0.6767497 -0.43565039 0.63378436 -0.52823556 -0.35985181 0.003567 1789373580.994524956 64.121 115.088 0.023 0.00000 -1 ACTUAL_TF
18.6797 0.0444749 -1.6512396 0.6767527 -0.43565306 0.63378285 -0.52823469 -0.35985250 0.003620 1789373581.050467253 64.331 114.879 0.026 0.00000 -1 ACTUAL_TF
18.7430 0.0444756 -1.6510588 0.6767460 -0.43565026 0.63379130 -0.52823273 -0.35984388 0.003505 1789373581.106377840 64.511 114.698 0.036 0.00000 -1 ACTUAL_TF
18.8057 0.0444667 -1.6508260 0.6767421 -0.43565810 0.63379409 -0.52822512 -0.35984064 0.003704 1789373581.162302494 64.744 114.465 0.039 0.00000 -1 ACTUAL_TF
18.8562 0.0444632 -1.6506429 0.6767430 -0.43565480 0.63379666 -0.52822699 -0.35983737 0.003572 1789373581.218355417 64.927 114.282 0.042 0.00000 -1 ACTUAL_TF
18.9063 0.0444525 -1.6504272 0.6767438 -0.43565379 0.63380025 -0.52822388 -0.35983683 0.003656 1789373581.274445534 65.143 114.066 0.041 0.00000 -1 ACTUAL_TF
18.9605 0.0444488 -1.6502243 0.6767512 -0.43565059 0.63379852 -0.52822762 -0.35983827 0.003648 1789373581.330370426 65.346 113.863 0.040 0.00000 -1 ACTUAL_TF
19.0245 0.0444476 -1.6500566 0.6767552 -0.43564824 0.63379674 -0.52823125 -0.35983891 0.003451 1789373581.386451960 65.514 113.695 0.041 0.00000 -1 ACTUAL_TF
19.0730 0.0444386 -1.6498381 0.6767531 -0.43564974 0.63380142 -0.52822496 -0.35983811 0.003589 1789373581.442378521 65.733 113.477 0.043 0.00000 -1 ACTUAL_TF
19.1332 0.0444428 -1.6496431 0.6767471 -0.43565997 0.63380186 -0.52822164 -0.35982982 0.003558 1789373581.498398304 65.927 113.282 0.057 0.00000 -1 ACTUAL_TF
19.1845 0.0444349 -1.6494326 0.6767542 -0.43565482 0.63380237 -0.52822300 -0.35983314 0.003621 1789373581.554312706 66.138 113.071 0.053 0.00000 -1 ACTUAL_TF
19.2432 0.0444279 -1.6492437 0.6767498 -0.43566511 0.63380137 -0.52821623 -0.35983239 0.003547 1789373581.610366344 66.327 112.882 0.057 0.00000 -1 ACTUAL_TF
19.2939 0.0444234 -1.6490351 0.6767549 -0.43566277 0.63380170 -0.52821659 -0.35983411 0.003601 1789373581.666386843 66.536 112.674 0.057 0.00000 -1 ACTUAL_TF
19.3533 0.0444207 -1.6488376 0.6767621 -0.43566038 0.63379662 -0.52822163 -0.35983856 0.003580 1789373581.722333193 66.733 112.476 0.056 0.00000 -1 ACTUAL_TF
19.4129 0.0444071 -1.6486589 0.6767737 -0.43565926 0.63379163 -0.52822300 -0.35984668 0.003468 1789373581.778333902 66.912 112.297 0.044 0.00000 -1 ACTUAL_TF
19.4609 0.0443952 -1.6484386 0.6767674 -0.43566302 0.63379612 -0.52821595 -0.35984457 0.003610 1789373581.834323406 67.133 112.077 0.048 0.00000 -1 ACTUAL_TF
19.5174 0.0443960 -1.6482698 0.6767820 -0.43565504 0.63379200 -0.52822641 -0.35984614 0.003434 1789373581.890382051 67.302 111.908 0.043 0.00000 -1 ACTUAL_TF
19.5749 0.0443854 -1.6480521 0.6767803 -0.43564982 0.63379821 -0.52822585 -0.35984235 0.003571 1789373581.946418285 67.520 111.690 0.043 0.00000 -1 ACTUAL_TF
19.6342 0.0443824 -1.6478673 0.6767840 -0.43565463 0.63379366 -0.52822810 -0.35984125 0.003490 1789373582.002372980 67.704 111.505 0.045 0.00000 -1 ACTUAL_TF
19.6912 0.0443688 -1.6476507 0.6767892 -0.43564938 0.63379682 -0.52822802 -0.35984214 0.003606 1789373582.058390617 67.921 111.288 0.038 0.00000 -1 ACTUAL_TF
19.7555 0.0443599 -1.6474915 0.6768097 -0.43563727 0.63378995 -0.52824156 -0.35984903 0.003386 1789373582.114371777 68.081 111.128 0.024 0.00000 -1 ACTUAL_TF
19.8009 0.0443576 -1.6472783 0.6768094 -0.43563651 0.63379179 -0.52824062 -0.35984809 0.003512 1789373582.170384884 68.294 110.915 0.029 0.00000 -1 ACTUAL_TF
19.8544 0.0443550 -1.6470538 0.6768192 -0.43563722 0.63378465 -0.52824758 -0.35984959 0.003661 1789373582.226444244 68.519 110.691 0.031 0.00000 -1 ACTUAL_TF
19.9166 0.0443492 -1.6468875 0.6768308 -0.43563258 0.63378118 -0.52825171 -0.35985525 0.003444 1789373582.283208847 68.685 110.524 0.029 0.00000 -1 ACTUAL_TF
19.9686 0.0443416 -1.6466673 0.6768314 -0.43563523 0.63378347 -0.52824853 -0.35985268 0.003608 1789373582.338435173 68.906 110.304 0.028 0.00000 -1 ACTUAL_TF
20.0294 0.0443464 -1.6464914 0.6768351 -0.43563797 0.63378229 -0.52824973 -0.35984968 0.003457 1789373582.395151377 69.081 110.128 0.039 0.00000 -1 ACTUAL_TF
20.0805 0.0443347 -1.6462747 0.6768286 -0.43564365 0.63378859 -0.52823866 -0.35984795 0.003593 1789373582.450651407 69.298 109.911 0.035 0.00000 -1 ACTUAL_TF
20.1412 0.0443241 -1.6460922 0.6768251 -0.43564199 0.63379746 -0.52823385 -0.35984140 0.003498 1789373582.506462097 69.481 109.728 0.032 0.00000 -1 ACTUAL_TF
20.1986 0.0443131 -1.6458583 0.6768234 -0.43564946 0.63379705 -0.52822718 -0.35984286 0.003703 1789373582.562472343 69.715 109.494 0.032 0.00000 -1 ACTUAL_TF
20.2494 0.0443015 -1.6456896 0.6768319 -0.43563823 0.63380095 -0.52823211 -0.35984236 0.003500 1789373582.618431330 69.884 109.325 0.023 0.00000 -1 ACTUAL_TF
20.3057 0.0442892 -1.6454713 0.6768297 -0.43564100 0.63380311 -0.52822758 -0.35984187 0.003620 1789373582.674486637 70.103 109.107 0.023 0.00000 -1 ACTUAL_TF
20.3686 0.0442727 -1.6452647 0.6768379 -0.43564082 0.63380025 -0.52822772 -0.35984691 0.003649 1789373582.730292559 70.310 108.900 0.015 0.00000 -1 ACTUAL_TF
20.4228 0.0442709 -1.6450959 0.6768344 -0.43563439 0.63380848 -0.52822676 -0.35984161 0.003457 1789373582.786412239 70.478 108.731 0.022 0.00000 -1 ACTUAL_TF
20.4697 0.0442611 -1.6448915 0.6768454 -0.43562908 0.63380623 -0.52823023 -0.35984691 0.003516 1789373582.842518806 70.683 108.526 0.013 0.00000 -1 ACTUAL_TF
20.5334 0.0442358 -1.6446939 0.6768287 -0.43564053 0.63381406 -0.52821038 -0.35984840 0.003534 1789373582.898383617 70.881 108.328 0.037 0.00000 -1 ACTUAL_TF
20.5860 0.0442286 -1.6444676 0.6768328 -0.43564025 0.63381332 -0.52821304 -0.35984611 0.003687 1789373582.954386711 71.108 108.102 0.037 0.00000 -1 ACTUAL_TF
20.6400 0.0442210 -1.6442958 0.6768355 -0.43563761 0.63381419 -0.52821264 -0.35984838 0.003503 1789373583.010370016 71.280 107.930 0.038 0.00000 -1 ACTUAL_TF
20.7028 0.0442210 -1.6440806 0.6768360 -0.43564553 0.63381305 -0.52820935 -0.35984563 0.003605 1789373583.066376209 71.495 107.715 0.037 0.00000 -1 ACTUAL_TF
20.7529 0.0442138 -1.6438688 0.6768365 -0.43564859 0.63381226 -0.52820634 -0.35984773 0.003656 1789373583.122494936 71.707 107.503 0.040 0.00000 -1 ACTUAL_TF
20.8096 0.0442278 -1.6436983 0.6768419 -0.43564897 0.63380835 -0.52821430 -0.35984247 0.003477 1789373583.178408146 71.877 107.333 0.035 0.00000 -1 ACTUAL_TF
20.8693 0.0442163 -1.6434857 0.6768493 -0.43565007 0.63380589 -0.52821425 -0.35984553 0.003563 1789373583.235016823 72.090 107.120 0.030 0.00000 -1 ACTUAL_TF
20.9238 0.0442267 -1.6432835 0.6768563 -0.43565811 0.63379800 -0.52821916 -0.35984250 0.003593 1789373583.290361404 72.291 106.918 0.030 0.00000 -1 ACTUAL_TF
20.9732 0.0442315 -1.6430738 0.6768594 -0.43565496 0.63379866 -0.52822297 -0.35983956 0.003638 1789373583.346359253 72.501 106.709 0.037 0.00000 -1 ACTUAL_TF
21.0335 0.0442314 -1.6429083 0.6768701 -0.43565231 0.63379229 -0.52822976 -0.35984401 0.003436 1789373583.402321815 72.667 106.543 0.036 0.00000 -1 ACTUAL_TF
21.0922 0.0442329 -1.6426953 0.6768773 -0.43565195 0.63379075 -0.52823210 -0.35984373 0.003546 1789373583.458357096 72.879 106.330 0.042 0.00000 -1 ACTUAL_TF
21.1544 0.0442372 -1.6425186 0.6768806 -0.43564970 0.63379120 -0.52823704 -0.35983842 0.003428 1789373583.514417171 73.056 106.153 0.051 0.00000 -1 ACTUAL_TF
21.2002 0.0442250 -1.6423094 0.6768898 -0.43564189 0.63379026 -0.52824212 -0.35984207 0.003521 1789373583.570537567 73.266 105.944 0.044 0.00000 -1 ACTUAL_TF
21.2588 0.0442178 -1.6420891 0.6768974 -0.43564229 0.63378625 -0.52824759 -0.35984061 0.003652 1789373583.626262903 73.486 105.723 0.043 0.00000 -1 ACTUAL_TF
21.3128 0.0442098 -1.6419083 0.6769090 -0.43563552 0.63378326 -0.52825494 -0.35984328 0.003525 1789373583.682460546 73.667 105.542 0.041 0.00000 -1 ACTUAL_TF
21.3664 0.0442050 -1.6417000 0.6769161 -0.43563021 0.63378230 -0.52826028 -0.35984357 0.003586 1789373583.738385201 73.876 105.334 0.043 0.00000 -1 ACTUAL_TF
21.4260 0.0441837 -1.6415262 0.6769171 -0.43562829 0.63378518 -0.52825393 -0.35985015 0.003449 1789373583.794319630 74.050 105.159 0.027 0.00000 -1 ACTUAL_TF
21.4833 0.0441748 -1.6413079 0.6769173 -0.43562715 0.63378831 -0.52825272 -0.35984777 0.003584 1789373583.850357294 74.268 104.941 0.024 0.00000 -1 ACTUAL_TF
21.5353 0.0441695 -1.6411404 0.6769200 -0.43562178 0.63379120 -0.52825540 -0.35984526 0.003406 1789373583.906397343 74.436 104.773 0.024 0.00000 -1 ACTUAL_TF
21.5976 0.0441693 -1.6409106 0.6769168 -0.43562835 0.63379302 -0.52825155 -0.35983976 0.003617 1789373583.962295771 74.666 104.544 0.030 0.00000 -1 ACTUAL_TF
21.6528 0.0441610 -1.6406889 0.6769126 -0.43562801 0.63379984 -0.52824591 -0.35983643 0.003719 1789373584.018419743 74.887 104.322 0.029 0.00000 -1 ACTUAL_TF
21.7020 0.0441593 -1.6404929 0.6769058 -0.43563892 0.63380229 -0.52823811 -0.35983036 0.003657 1789373584.074237347 75.083 104.126 0.037 0.00000 -1 ACTUAL_TF
21.7625 0.0441625 -1.6402898 0.6769073 -0.43563902 0.63380235 -0.52823913 -0.35982864 0.003645 1789373584.130411148 75.286 103.923 0.046 0.00000 -1 ACTUAL_TF
21.8146 0.0441403 -1.6401088 0.6769147 -0.43563672 0.63380064 -0.52823716 -0.35983733 0.003531 1789373584.186288357 75.468 103.742 0.029 0.00000 -1 ACTUAL_TF
21.8701 0.0441329 -1.6399018 0.6769152 -0.43564039 0.63380255 -0.52823220 -0.35983680 0.003581 1789373584.242296934 75.675 103.535 0.030 0.00000 -1 ACTUAL_TF
21.9321 0.0441310 -1.6397329 0.6769234 -0.43563378 0.63380167 -0.52823983 -0.35983516 0.003412 1789373584.298377037 75.844 103.365 0.030 0.00000 -1 ACTUAL_TF
21.9804 0.0441186 -1.6395085 0.6769297 -0.43563868 0.63379395 -0.52823892 -0.35984415 0.003581 1789373584.354915857 76.069 103.141 0.023 0.00000 -1 ACTUAL_TF
22.0378 0.0441060 -1.6393093 0.6769141 -0.43565153 0.63380069 -0.52822403 -0.35983857 0.003592 1789373584.410256624 76.268 102.942 0.031 0.00000 -1 ACTUAL_TF
22.0975 0.0440993 -1.6391144 0.6769270 -0.43564385 0.63379581 -0.52823160 -0.35984536 0.003556 1789373584.466540575 76.463 102.746 0.022 0.00000 -1 ACTUAL_TF
22.1568 0.0440883 -1.6389014 0.6769294 -0.43564880 0.63379342 -0.52822925 -0.35984704 0.003636 1789373584.522351980 76.676 102.533 0.021 0.00000 -1 ACTUAL_TF
22.2069 0.0440661 -1.6387184 0.6769270 -0.43564758 0.63379978 -0.52822004 -0.35985082 0.003527 1789373584.578672647 76.860 102.350 0.025 0.00000 -1 ACTUAL_TF
22.2667 0.0440589 -1.6385040 0.6769254 -0.43564870 0.63380605 -0.52821634 -0.35984386 0.003624 1789373584.634374619 77.074 102.135 0.029 0.00000 -1 ACTUAL_TF
22.3175 0.0440486 -1.6383203 0.6769314 -0.43564565 0.63380624 -0.52821796 -0.35984484 0.003524 1789373584.690315247 77.258 101.951 0.028 0.00000 -1 ACTUAL_TF
22.3809 0.0440441 -1.6381072 0.6769366 -0.43564095 0.63381040 -0.52821846 -0.35984245 0.003608 1789373584.746360540 77.472 101.738 0.025 0.00000 -1 ACTUAL_TF
22.4300 0.0440455 -1.6379419 0.6769482 -0.43563987 0.63380289 -0.52822610 -0.35984580 0.003413 1789373584.802382708 77.637 101.573 0.015 0.00000 -1 ACTUAL_TF
22.4895 0.0440546 -1.6377329 0.6769546 -0.43564326 0.63379735 -0.52823122 -0.35984392 0.003511 1789373584.858376980 77.846 101.364 0.015 0.00000 -1 ACTUAL_TF
22.5497 0.0440504 -1.6375170 0.6769605 -0.43564973 0.63379383 -0.52822961 -0.35984465 0.003614 1789373584.914391279 78.062 101.148 0.015 0.00000 -1 ACTUAL_TF
22.5995 0.0440308 -1.6373290 0.6769628 -0.43565410 0.63379315 -0.52822321 -0.35984996 0.003543 1789373584.970350981 78.250 100.959 0.008 0.00000 -1 ACTUAL_TF
22.6558 0.0440266 -1.6371185 0.6769683 -0.43565279 0.63379200 -0.52822486 -0.35985114 0.003607 1789373585.026412010 78.461 100.749 0.006 0.00000 -1 ACTUAL_TF
22.7158 0.0440163 -1.6369400 0.6769742 -0.43564959 0.63378946 -0.52822719 -0.35985608 0.003485 1789373585.082347155 78.639 100.570 0.004 0.00000 -1 ACTUAL_TF
22.7750 0.0440178 -1.6367405 0.6769931 -0.43564417 0.63378127 -0.52823867 -0.35986021 0.003512 1789373585.138401747 78.839 100.370 0.014 0.00000 -1 ACTUAL_TF
22.8232 0.0440266 -1.6365667 0.6769942 -0.43564679 0.63377831 -0.52824261 -0.35985645 0.003391 1789373585.194410801 79.013 100.197 0.021 0.00000 -1 ACTUAL_TF
22.8901 0.0440138 -1.6363598 0.6770084 -0.43564155 0.63377240 -0.52824960 -0.35986296 0.003487 1789373585.250359297 79.220 99.990 0.025 0.00000 -1 ACTUAL_TF
22.9385 0.0439965 -1.6361734 0.6770051 -0.43564013 0.63378028 -0.52824385 -0.35985924 0.003444 1789373585.306404829 79.407 99.803 0.017 0.00000 -1 ACTUAL_TF
22.9945 0.0439842 -1.6359704 0.6770207 -0.43563277 0.63377442 -0.52825170 -0.35986694 0.003505 1789373585.362316608 79.610 99.599 0.030 0.00000 -1 ACTUAL_TF
23.0475 0.0439870 -1.6357436 0.6770184 -0.43563329 0.63377732 -0.52825432 -0.35985735 0.003669 1789373585.418314934 79.837 99.373 0.024 0.00000 -1 ACTUAL_TF
23.1083 0.0439747 -1.6355701 0.6770166 -0.43563156 0.63378307 -0.52824925 -0.35985676 0.003497 1789373585.474464893 80.010 99.199 0.019 0.00000 -1 ACTUAL_TF
23.1647 0.0439740 -1.6353523 0.6770117 -0.43563632 0.63378495 -0.52824584 -0.35985270 0.003618 1789373585.530329704 80.228 98.981 0.011 0.00000 -1 ACTUAL_TF
23.2161 0.0439766 -1.6351725 0.6770055 -0.43564034 0.63378819 -0.52824343 -0.35984567 0.003496 1789373585.586341858 80.408 98.802 0.010 0.00000 -1 ACTUAL_TF
23.2706 0.0439576 -1.6349623 0.6770101 -0.43563519 0.63379391 -0.52823941 -0.35984774 0.003574 1789373585.642549276 80.618 98.591 0.004 0.00000 -1 ACTUAL_TF
23.3346 0.0439478 -1.6347724 0.6770026 -0.43563938 0.63379927 -0.52823090 -0.35984570 0.003525 1789373585.698375463 80.808 98.401 0.009 0.00000 -1 ACTUAL_TF
23.3897 0.0439411 -1.6345565 0.6769996 -0.43564128 0.63380155 -0.52822737 -0.35984457 0.003622 1789373585.754478931 81.024 98.185 0.015 0.00000 -1 ACTUAL_TF
23.4415 0.0439484 -1.6343344 0.6770072 -0.43564510 0.63379638 -0.52823333 -0.35984030 0.003729 1789373585.810361862 81.246 97.963 0.011 0.00000 -1 ACTUAL_TF
23.4919 0.0439448 -1.6341594 0.6770093 -0.43565414 0.63379177 -0.52822796 -0.35984535 0.003549 1789373585.866299152 81.421 97.788 0.013 0.00000 -1 ACTUAL_TF
23.5535 0.0439425 -1.6339473 0.6770175 -0.43564795 0.63379224 -0.52823482 -0.35984195 0.003621 1789373585.922332764 81.633 97.576 0.014 0.00000 -1 ACTUAL_TF
23.6126 0.0439411 -1.6337736 0.6770191 -0.43564946 0.63379293 -0.52823485 -0.35983887 0.003467 1789373585.978225231 81.807 97.402 0.018 0.00000 -1 ACTUAL_TF
23.6632 0.0439394 -1.6335518 0.6770256 -0.43565287 0.63378931 -0.52823615 -0.35983921 0.003612 1789373586.034380674 82.029 97.181 0.022 0.00000 -1 ACTUAL_TF
23.7210 0.0439358 -1.6333805 0.6770275 -0.43564967 0.63379010 -0.52823803 -0.35983893 0.003447 1789373586.090328693 82.200 97.009 0.024 0.00000 -1 ACTUAL_TF
23.7732 0.0439251 -1.6331515 0.6770304 -0.43565599 0.63378859 -0.52823376 -0.35984021 0.003641 1789373586.146347523 82.429 96.780 0.020 0.00000 -1 ACTUAL_TF
23.8297 0.0439202 -1.6329793 0.6770306 -0.43565120 0.63379193 -0.52823431 -0.35983932 0.003470 1789373586.202433348 82.602 96.608 0.021 0.00000 -1 ACTUAL_TF
23.8913 0.0439082 -1.6327660 0.6770348 -0.43565187 0.63379195 -0.52823205 -0.35984180 0.003574 1789373586.258440733 82.815 96.394 0.015 0.00000 -1 ACTUAL_TF
23.9497 0.0439068 -1.6325611 0.6770456 -0.43564633 0.63378933 -0.52823911 -0.35984275 0.003604 1789373586.314297199 83.020 96.189 0.019 0.00000 -1 ACTUAL_TF
24.0021 0.0438974 -1.6323761 0.6770449 -0.43564679 0.63379133 -0.52823781 -0.35984057 0.003513 1789373586.370439053 83.205 96.004 0.015 0.00000 -1 ACTUAL_TF
24.0654 0.0438954 -1.6321610 0.6770558 -0.43564535 0.63378688 -0.52824430 -0.35984064 0.003614 1789373586.426385880 83.421 95.789 0.021 0.00000 -1 ACTUAL_TF
24.1122 0.0438816 -1.6319917 0.6770635 -0.43563500 0.63378781 -0.52824923 -0.35984430 0.003439 1789373586.482442141 83.590 95.619 0.017 0.00000 -1 ACTUAL_TF
24.1696 0.0438858 -1.6317812 0.6770666 -0.43563399 0.63378644 -0.52825502 -0.35983942 0.003538 1789373586.538308144 83.801 95.409 0.025 0.00000 -1 ACTUAL_TF
24.2292 0.0438733 -1.6316047 0.6770751 -0.43563122 0.63378488 -0.52825499 -0.35984556 0.003425 1789373586.594397068 83.978 95.232 0.023 0.00000 -1 ACTUAL_TF
24.2784 0.0438743 -1.6313932 0.6770733 -0.43563306 0.63378899 -0.52825353 -0.35983823 0.003531 1789373586.650370359 84.189 95.021 0.026 0.00000 -1 ACTUAL_TF
24.3368 0.0438674 -1.6312248 0.6770786 -0.43562516 0.63379004 -0.52825857 -0.35983856 0.003373 1789373586.706454277 84.357 94.852 0.026 0.00000 -1 ACTUAL_TF
24.3968 0.0438602 -1.6309985 0.6770887 -0.43562672 0.63378570 -0.52826072 -0.35984116 0.003580 1789373586.762280703 84.584 94.625 0.030 0.00000 -1 ACTUAL_TF
24.4448 0.0438431 -1.6307896 0.6770950 -0.43562693 0.63378160 -0.52826010 -0.35984904 0.003628 1789373586.818314552 84.793 94.416 0.028 0.00000 -1 ACTUAL_TF
24.5080 0.0438405 -1.6306183 0.6770991 -0.43562092 0.63378261 -0.52826318 -0.35985000 0.003456 1789373586.874445438 84.965 94.245 0.030 0.00000 -1 ACTUAL_TF
24.5578 0.0438358 -1.6304121 0.6771075 -0.43562154 0.63377861 -0.52826501 -0.35985362 0.003527 1789373586.930351257 85.171 94.038 0.036 0.00000 -1 ACTUAL_TF
24.6169 0.0438207 -1.6302332 0.6771099 -0.43562624 0.63377788 -0.52825876 -0.35985840 0.003426 1789373586.986602783 85.350 93.859 0.033 0.00000 -1 ACTUAL_TF
24.6754 0.0438103 -1.6300184 0.6771115 -0.43563316 0.63377665 -0.52825401 -0.35985915 0.003555 1789373587.042388201 85.565 93.644 0.031 0.00000 -1 ACTUAL_TF
24.7343 0.0438029 -1.6298335 0.6771077 -0.43563347 0.63378161 -0.52824972 -0.35985634 0.003478 1789373587.098478794 85.750 93.459 0.025 0.00000 -1 ACTUAL_TF
24.7926 0.0437951 -1.6296231 0.6771120 -0.43563413 0.63378178 -0.52824917 -0.35985604 0.003562 1789373587.154502392 85.961 93.249 0.026 0.00000 -1 ACTUAL_TF
24.8529 0.0437848 -1.6294138 0.6771125 -0.43562852 0.63378924 -0.52824608 -0.35985424 0.003618 1789373587.210417986 86.170 93.039 0.024 0.00000 -1 ACTUAL_TF
24.9000 0.0437939 -1.6292421 0.6771060 -0.43563124 0.63379354 -0.52824420 -0.35984614 0.003456 1789373587.266321421 86.342 92.868 0.015 0.00000 -1 ACTUAL_TF
24.9594 0.0437938 -1.6290256 0.6771111 -0.43563240 0.63379301 -0.52824474 -0.35984487 0.003579 1789373587.322355986 86.558 92.651 0.020 0.00000 -1 ACTUAL_TF
25.0140 0.0437792 -1.6288380 0.6771017 -0.43563584 0.63379865 -0.52823569 -0.35984406 0.003514 1789373587.378381729 86.746 92.463 0.005 0.00000 -1 ACTUAL_TF
25.0644 0.0437797 -1.6286221 0.6771138 -0.43563487 0.63379358 -0.52824237 -0.35984436 0.003617 1789373587.434438467 86.962 92.248 0.017 0.00000 -1 ACTUAL_TF
25.1183 0.0437843 -1.6284289 0.6771009 -0.43564874 0.63379807 -0.52823075 -0.35983671 0.003571 1789373587.490345478 87.155 92.055 0.021 0.00000 -1 ACTUAL_TF
25.1796 0.0437754 -1.6282156 0.6771031 -0.43565221 0.63379598 -0.52822847 -0.35983953 0.003644 1789373587.546302557 87.368 91.841 0.019 0.00000 -1 ACTUAL_TF
25.2342 0.0437771 -1.6280381 0.6770981 -0.43565506 0.63379975 -0.52822415 -0.35983579 0.003499 1789373587.602516174 87.545 91.664 0.028 0.00000 -1 ACTUAL_TF
25.2892 0.0437784 -1.6278320 0.6771086 -0.43565632 0.63379376 -0.52822932 -0.35983722 0.003554 1789373587.658555508 87.752 91.458 0.034 0.00000 -1 ACTUAL_TF
25.3397 0.0437558 -1.6276185 0.6771045 -0.43565996 0.63379741 -0.52821940 -0.35984095 0.003641 1789373587.714389086 87.965 91.244 0.021 0.00000 -1 ACTUAL_TF
25.4018 0.0437458 -1.6274328 0.6771033 -0.43565199 0.63380635 -0.52821968 -0.35983444 0.003545 1789373587.770402193 88.151 91.058 0.020 0.00000 -1 ACTUAL_TF
25.4617 0.0437285 -1.6272253 0.6771088 -0.43566113 0.63379753 -0.52821328 -0.35984831 0.003597 1789373587.826436996 88.359 90.850 0.013 0.00000 -1 ACTUAL_TF
25.5103 0.0437206 -1.6270344 0.6770997 -0.43565985 0.63380918 -0.52820661 -0.35983912 0.003541 1789373587.882485390 88.550 90.659 0.025 0.00000 -1 ACTUAL_TF
25.5718 0.0436968 -1.6268306 0.6771184 -0.43565006 0.63380429 -0.52821225 -0.35985132 0.003583 1789373587.938460827 88.755 90.455 0.020 0.00000 -1 ACTUAL_TF
25.6200 0.0437026 -1.6266588 0.6771252 -0.43565114 0.63379601 -0.52822108 -0.35985163 0.003430 1789373587.994428873 88.926 90.283 0.009 0.00000 -1 ACTUAL_TF
25.6801 0.0436847 -1.6264541 0.6771371 -0.43564021 0.63379493 -0.52822846 -0.35985592 0.003505 1789373588.050380468 89.132 90.078 0.019 0.00000 -1 ACTUAL_TF
25.7374 0.0436813 -1.6262312 0.6771376 -0.43564475 0.63379465 -0.52822667 -0.35985356 0.003646 1789373588.106446981 89.355 89.855 0.015 0.00000 -1 ACTUAL_TF
25.7991 0.0436811 -1.6260657 0.6771505 -0.43563579 0.63379032 -0.52823902 -0.35985389 0.003442 1789373588.162412643 89.520 89.689 0.016 0.00000 -1 ACTUAL_TF
25.8530 0.0436707 -1.6258526 0.6771580 -0.43563528 0.63378939 -0.52823866 -0.35985668 0.003552 1789373588.218456268 89.734 89.476 0.021 0.00000 -1 ACTUAL_TF
25.9029 0.0436710 -1.6256688 0.6771584 -0.43563821 0.63378960 -0.52823911 -0.35985211 0.003472 1789373588.274428129 89.917 89.292 0.016 0.00000 -1 ACTUAL_TF
25.9598 0.0436683 -1.6254632 0.6771786 -0.43563698 0.63377747 -0.52824751 -0.35986262 0.003539 1789373588.330312967 90.123 89.086 0.031 0.00000 -1 ACTUAL_TF
26.0178 0.0436863 -1.6252900 0.6771796 -0.43563566 0.63377840 -0.52825463 -0.35985214 0.003405 1789373588.386613131 90.296 88.914 0.034 0.00000 -1 ACTUAL_TF
26.0751 0.0436864 -1.6250705 0.6771886 -0.43563730 0.63377256 -0.52825924 -0.35985366 0.003566 1789373588.442369699 90.515 88.694 0.042 0.00000 -1 ACTUAL_TF
26.1358 0.0436791 -1.6249008 0.6771940 -0.43562926 0.63377475 -0.52826242 -0.35985488 0.003405 1789373588.498439074 90.685 88.524 0.044 0.00000 -1 ACTUAL_TF
26.1850 0.0436665 -1.6246843 0.6771942 -0.43562635 0.63377965 -0.52826099 -0.35985187 0.003548 1789373588.554339409 90.902 88.307 0.038 0.00000 -1 ACTUAL_TF
26.2459 0.0436541 -1.6244706 0.6771939 -0.43562791 0.63378168 -0.52825706 -0.35985218 0.003627 1789373588.610491991 91.116 88.093 0.033 0.00000 -1 ACTUAL_TF
26.2980 0.0436577 -1.6242876 0.6771924 -0.43562622 0.63378652 -0.52825767 -0.35984481 0.003521 1789373588.666419506 91.299 87.911 0.033 0.00000 -1 ACTUAL_TF
26.3565 0.0436553 -1.6240716 0.6771780 -0.43563195 0.63379786 -0.52824692 -0.35983366 0.003626 1789373588.722351313 91.515 87.695 0.025 0.00000 -1 ACTUAL_TF
26.4058 0.0436499 -1.6239090 0.6771803 -0.43562108 0.63380398 -0.52825204 -0.35982854 0.003408 1789373588.778459787 91.677 87.532 0.025 0.00000 -1 ACTUAL_TF
26.4627 0.0436366 -1.6236758 0.6771666 -0.43562829 0.63381303 -0.52823933 -0.35982254 0.003638 1789373588.834485292 91.910 87.299 0.019 0.00000 -1 ACTUAL_TF
26.5233 0.0436308 -1.6235109 0.6771731 -0.43562045 0.63381384 -0.52824478 -0.35982257 0.003433 1789373588.890405416 92.076 87.134 0.017 0.00000 -1 ACTUAL_TF
26.5822 0.0436191 -1.6232925 0.6771720 -0.43561595 0.63382116 -0.52824202 -0.35981920 0.003575 1789373588.946383476 92.294 86.915 0.014 0.00000 -1 ACTUAL_TF
26.6303 0.0436196 -1.6230789 0.6771737 -0.43561791 0.63381841 -0.52824445 -0.35981809 0.003647 1789373589.002355576 92.508 86.702 0.021 0.00000 -1 ACTUAL_TF
26.6978 0.0436051 -1.6228958 0.6771719 -0.43561767 0.63382339 -0.52823833 -0.35981860 0.003536 1789373589.058431149 92.691 86.518 0.017 0.00000 -1 ACTUAL_TF
26.7490 0.0436130 -1.6226923 0.6771852 -0.43561725 0.63381401 -0.52825006 -0.35981841 0.003572 1789373589.114242792 92.894 86.315 0.023 0.00000 -1 ACTUAL_TF
26.8002 0.0436135 -1.6225041 0.6771799 -0.43562059 0.63381958 -0.52824545 -0.35981132 0.003508 1789373589.170309067 93.082 86.127 0.032 0.00000 -1 ACTUAL_TF
26.8603 0.0436044 -1.6222897 0.6771803 -0.43562337 0.63382063 -0.52824222 -0.35981086 0.003600 1789373589.226581573 93.297 85.912 0.031 0.00000 -1 ACTUAL_TF
26.9096 0.0435962 -1.6221250 0.6771874 -0.43561569 0.63382116 -0.52824636 -0.35981312 0.003409 1789373589.282244921 93.462 85.747 0.026 0.00000 -1 ACTUAL_TF
26.9698 0.0435848 -1.6219124 0.6771858 -0.43562238 0.63382119 -0.52823851 -0.35981652 0.003525 1789373589.338333130 93.675 85.535 0.024 0.00000 -1 ACTUAL_TF
27.0337 0.0435842 -1.6217252 0.6771826 -0.43562748 0.63382397 -0.52823387 -0.35981225 0.003468 1789373589.394455433 93.862 85.348 0.032 0.00000 -1 ACTUAL_TF
27.0810 0.0435692 -1.6215077 0.6771791 -0.43563038 0.63382610 -0.52822701 -0.35981507 0.003598 1789373589.450365305 94.080 85.130 0.032 0.00000 -1 ACTUAL_TF
27.1431 0.0435600 -1.6212925 0.6771876 -0.43563046 0.63381965 -0.52823096 -0.35982052 0.003675 1789373589.506298304 94.295 84.914 0.026 0.00000 -1 ACTUAL_TF
27.1925 0.0435497 -1.6211072 0.6771850 -0.43563592 0.63381922 -0.52822646 -0.35982127 0.003566 1789373589.562321424 94.481 84.729 0.029 0.00000 -1 ACTUAL_TF
27.2597 0.0435407 -1.6208929 0.6771849 -0.43564115 0.63381387 -0.52822475 -0.35982687 0.003645 1789373589.618353367 94.695 84.514 0.032 0.00000 -1 ACTUAL_TF
27.3065 0.0435363 -1.6207339 0.6772002 -0.43563140 0.63380556 -0.52823749 -0.35983462 0.003405 1789373589.674526930 94.854 84.355 0.019 0.00000 -1 ACTUAL_TF
27.3676 0.0435444 -1.6205108 0.6772023 -0.43563643 0.63380159 -0.52824046 -0.35983115 0.003583 1789373589.730338097 95.077 84.132 0.028 0.00000 -1 ACTUAL_TF
27.4225 0.0435425 -1.6203218 0.6771994 -0.43563963 0.63380570 -0.52823835 -0.35982314 0.003520 1789373589.786365986 95.266 83.944 0.035 0.00000 -1 ACTUAL_TF
27.4711 0.0435405 -1.6201160 0.6772144 -0.43563173 0.63380072 -0.52824781 -0.35982759 0.003570 1789373589.842365742 95.472 83.738 0.031 0.00000 -1 ACTUAL_TF
27.5307 0.0435371 -1.6199382 0.6772189 -0.43563329 0.63379888 -0.52824970 -0.35982618 0.003453 1789373589.898316860 95.650 83.560 0.032 0.00000 -1 ACTUAL_TF
27.5818 0.0435324 -1.6197302 0.6772315 -0.43563308 0.63378849 -0.52825629 -0.35983506 0.003533 1789373589.954324007 95.858 83.352 0.032 0.00000 -1 ACTUAL_TF
27.6422 0.0435378 -1.6195355 0.6772477 -0.43562497 0.63378145 -0.52827042 -0.35983652 0.003520 1789373590.010328054 96.053 83.157 0.044 0.00000 -1 ACTUAL_TF
27.7015 0.0435135 -1.6193539 0.6772470 -0.43562855 0.63378362 -0.52825942 -0.35984451 0.003441 1789373590.066621542 96.235 82.975 0.025 0.00000 -1 ACTUAL_TF
27.7502 0.0435090 -1.6191432 0.6772603 -0.43562876 0.63377281 -0.52826718 -0.35985190 0.003543 1789373590.122442007 96.446 82.764 0.032 0.00000 -1 ACTUAL_TF
27.8108 0.0434878 -1.6189583 0.6772501 -0.43562580 0.63378222 -0.52825838 -0.35985183 0.003481 1789373590.178323269 96.631 82.578 0.011 0.00000 -1 ACTUAL_TF
27.8695 0.0434683 -1.6187499 0.6772479 -0.43562846 0.63378331 -0.52825125 -0.35985717 0.003556 1789373590.234444141 96.840 82.369 0.003 0.00000 -1 ACTUAL_TF
27.9214 0.0434697 -1.6185658 0.6772380 -0.43563804 0.63378629 -0.52824504 -0.35984943 0.003477 1789373590.290386438 97.024 82.186 0.014 0.00000 -1 ACTUAL_TF
27.9821 0.0434645 -1.6183670 0.6772364 -0.43563405 0.63379261 -0.52824285 -0.35984635 0.003500 1789373590.346345901 97.222 81.987 0.018 0.00000 -1 ACTUAL_TF
28.0310 0.0434521 -1.6181486 0.6772300 -0.43563914 0.63379920 -0.52823263 -0.35984359 0.003621 1789373590.402429819 97.441 81.768 0.027 0.00000 -1 ACTUAL_TF
28.0950 0.0434354 -1.6179644 0.6772261 -0.43564150 0.63380512 -0.52822328 -0.35984403 0.003530 1789373590.458216190 97.626 81.584 0.036 0.00000 -1 ACTUAL_TF
28.1524 0.0434304 -1.6177337 0.6772173 -0.43564905 0.63380774 -0.52821706 -0.35983941 0.003705 1789373590.514348507 97.856 81.353 0.047 0.00000 -1 ACTUAL_TF
28.2043 0.0434221 -1.6175694 0.6772216 -0.43563890 0.63381275 -0.52821805 -0.35984141 0.003476 1789373590.570309639 98.021 81.189 0.046 0.00000 -1 ACTUAL_TF
28.2561 0.0434150 -1.6173644 0.6772287 -0.43563758 0.63381076 -0.52821967 -0.35984413 0.003534 1789373590.626216650 98.226 80.984 0.043 0.00000 -1 ACTUAL_TF
28.3205 0.0434119 -1.6171805 0.6772294 -0.43564388 0.63380985 -0.52821748 -0.35984131 0.003456 1789373590.682394266 98.410 80.800 0.044 0.00000 -1 ACTUAL_TF
28.3697 0.0434185 -1.6169822 0.6772344 -0.43564329 0.63381092 -0.52821807 -0.35983928 0.003485 1789373590.738263130 98.608 80.602 0.040 0.00000 -1 ACTUAL_TF
28.4292 0.0434089 -1.6168002 0.6772369 -0.43564448 0.63381184 -0.52821584 -0.35983949 0.003413 1789373590.794426680 98.790 80.419 0.041 0.00000 -1 ACTUAL_TF
28.4790 0.0434095 -1.6165733 0.6772359 -0.43564963 0.63381185 -0.52821481 -0.35983476 0.003606 1789373590.850368977 99.017 80.193 0.045 0.00000 -1 ACTUAL_TF
28.5416 0.0434054 -1.6163597 0.6772362 -0.43565589 0.63380890 -0.52821364 -0.35983411 0.003672 1789373590.906206608 99.230 79.979 0.048 0.00000 -1 ACTUAL_TF
28.5934 0.0434000 -1.6161949 0.6772439 -0.43564812 0.63381234 -0.52821609 -0.35983385 0.003452 1789373590.962357044 99.395 79.814 0.043 0.00000 -1 ACTUAL_TF
28.6419 0.0433845 -1.6159821 0.6772481 -0.43565199 0.63381066 -0.52821079 -0.35983991 0.003559 1789373591.018405676 99.609 79.601 0.042 0.00000 -1 ACTUAL_TF
28.7049 0.0433815 -1.6158077 0.6772473 -0.43565012 0.63381567 -0.52820927 -0.35983558 0.003426 1789373591.074379206 99.783 79.426 0.045 0.00000 -1 ACTUAL_TF
28.7680 0.0433807 -1.6156047 0.6772541 -0.43564238 0.63381811 -0.52821442 -0.35983308 0.003473 1789373591.131048679 99.986 79.223 0.041 0.00000 -1 ACTUAL_TF
28.8165 0.0433713 -1.6154262 0.6772635 -0.43564114 0.63381477 -0.52821722 -0.35983636 0.003402 1789373591.186378241 100.165 79.045 0.034 0.00000 -1 ACTUAL_TF
28.8757 0.0433689 -1.6151992 0.6772684 -0.43564396 0.63381161 -0.52821923 -0.35983556 0.003597 1789373591.242419243 100.392 78.818 0.033 0.00000 -1 ACTUAL_TF
28.9246 0.0433550 -1.6149866 0.6772707 -0.43564363 0.63381448 -0.52821671 -0.35983460 0.003660 1789373591.298397541 100.605 78.605 0.034 0.00000 -1 ACTUAL_TF
28.9859 0.0433487 -1.6148222 0.6772794 -0.43562942 0.63381622 -0.52822797 -0.35983221 0.003444 1789373591.354415894 100.769 78.440 0.028 0.00000 -1 ACTUAL_TF
29.0441 0.0433456 -1.6146155 0.6772856 -0.43562890 0.63381505 -0.52822973 -0.35983231 0.003503 1789373591.411202908 100.976 78.233 0.025 0.00000 -1 ACTUAL_TF
29.0949 0.0433536 -1.6144425 0.6772865 -0.43562607 0.63381627 -0.52823535 -0.35982534 0.003394 1789373591.466366768 101.149 78.061 0.029 0.00000 -1 ACTUAL_TF
29.1539 0.0433506 -1.6142230 0.6773022 -0.43562063 0.63381160 -0.52824519 -0.35982572 0.003555 1789373591.522369385 101.369 77.841 0.021 0.00000 -1 ACTUAL_TF
29.2064 0.0433505 -1.6140351 0.6773060 -0.43562251 0.63381171 -0.52824545 -0.35982285 0.003495 1789373591.578406572 101.556 77.653 0.025 0.00000 -1 ACTUAL_TF
29.2620 0.0433575 -1.6138242 0.6773143 -0.43561584 0.63381305 -0.52825441 -0.35981542 0.003577 1789373591.634403467 101.767 77.442 0.036 0.00000 -1 ACTUAL_TF
29.3221 0.0433566 -1.6136670 0.6773337 -0.43560495 0.63380533 -0.52826816 -0.35982202 0.003354 1789373591.690346241 101.924 77.285 0.040 0.00000 -1 ACTUAL_TF
29.3832 0.0433523 -1.6134583 0.6773376 -0.43560380 0.63380435 -0.52827042 -0.35982183 0.003465 1789373591.746378660 102.133 77.076 0.042 0.00000 -1 ACTUAL_TF
29.4313 0.0433515 -1.6132557 0.6773451 -0.43560444 0.63380108 -0.52827358 -0.35982216 0.003513 1789373591.802336216 102.336 76.874 0.048 0.00000 -1 ACTUAL_TF
29.4893 0.0433535 -1.6130836 0.6773463 -0.43560091 0.63380274 -0.52827724 -0.35981814 0.003382 1789373591.858307600 102.508 76.701 0.055 0.00000 -1 ACTUAL_TF
29.5434 0.0433365 -1.6128570 0.6773456 -0.43560381 0.63380523 -0.52827149 -0.35981869 0.003585 1789373591.914302349 102.735 76.475 0.044 0.00000 -1 ACTUAL_TF
29.6050 0.0433296 -1.6126644 0.6773321 -0.43561847 0.63380996 -0.52825785 -0.35981264 0.003545 1789373591.970249414 102.927 76.282 0.043 0.00000 -1 ACTUAL_TF
29.6651 0.0433169 -1.6124528 0.6773283 -0.43562047 0.63381404 -0.52825102 -0.35981304 0.003618 1789373592.026239395 103.139 76.070 0.038 0.00000 -1 ACTUAL_TF
29.7109 0.0433086 -1.6122778 0.6773223 -0.43562613 0.63381654 -0.52824231 -0.35981457 0.003469 1789373592.082392454 103.314 75.895 0.040 0.00000 -1 ACTUAL_TF
29.7683 0.0433013 -1.6120756 0.6773325 -0.43562216 0.63381161 -0.52824693 -0.35982129 0.003501 1789373592.139007568 103.517 75.693 0.035 0.00000 -1 ACTUAL_TF
29.8328 0.0432926 -1.6118537 0.6773255 -0.43562590 0.63381835 -0.52823810 -0.35981785 0.003657 1789373592.194294930 103.739 75.471 0.039 0.00000 -1 ACTUAL_TF
29.8785 0.0432962 -1.6116742 0.6773335 -0.43562985 0.63381295 -0.52824120 -0.35981802 0.003524 1789373592.250231504 103.918 75.291 0.044 0.00000 -1 ACTUAL_TF
29.9414 0.0432919 -1.6114651 0.6773361 -0.43562687 0.63381458 -0.52824354 -0.35981533 0.003585 1789373592.306313515 104.127 75.082 0.046 0.00000 -1 ACTUAL_TF
29.9920 0.0432892 -1.6112796 0.6773322 -0.43563862 0.63381248 -0.52823700 -0.35981440 0.003505 1789373592.362240553 104.313 74.897 0.051 0.00000 -1 ACTUAL_TF
30.0546 0.0432938 -1.6110805 0.6773324 -0.43563164 0.63381743 -0.52824007 -0.35980963 0.003518 1789373592.418339968 104.511 74.698 0.062 0.00000 -1 ACTUAL_TF
30.1028 0.0432755 -1.6109023 0.6773326 -0.43563403 0.63382039 -0.52823291 -0.35981203 0.003423 1789373592.474307537 104.690 74.519 0.053 0.00000 -1 ACTUAL_TF
30.1568 0.0432645 -1.6106882 0.6773298 -0.43563758 0.63382327 -0.52822802 -0.35980984 0.003545 1789373592.530333757 104.904 74.305 0.053 0.00000 -1 ACTUAL_TF
30.2184 0.0432522 -1.6105099 0.6773422 -0.43563154 0.63382122 -0.52823070 -0.35981684 0.003438 1789373592.586464167 105.083 74.126 0.042 0.00000 -1 ACTUAL_TF
30.2692 0.0432394 -1.6103035 0.6773400 -0.43563123 0.63382546 -0.52822619 -0.35981636 0.003516 1789373592.642416716 105.290 73.920 0.041 0.00000 -1 ACTUAL_TF
30.3322 0.0432225 -1.6100999 0.6773423 -0.43563257 0.63382721 -0.52821889 -0.35982236 0.003557 1789373592.698346615 105.494 73.716 0.037 0.00000 -1 ACTUAL_TF
30.3952 0.0432252 -1.6099352 0.6773517 -0.43562798 0.63382234 -0.52822764 -0.35982368 0.003374 1789373592.754357338 105.658 73.551 0.034 0.00000 -1 ACTUAL_TF
30.4406 0.0432037 -1.6097256 0.6773615 -0.43562794 0.63381696 -0.52822725 -0.35983375 0.003489 1789373592.810493469 105.869 73.341 0.022 0.00000 -1 ACTUAL_TF
30.5014 0.0431886 -1.6095446 0.6773641 -0.43562292 0.63382319 -0.52822519 -0.35983188 0.003418 1789373592.866329432 106.050 73.159 0.022 0.00000 -1 ACTUAL_TF
30.5484 0.0431810 -1.6093399 0.6773758 -0.43562087 0.63381666 -0.52823049 -0.35983809 0.003490 1789373592.922419548 106.255 72.954 0.014 0.00000 -1 ACTUAL_TF
30.6113 0.0431790 -1.6091637 0.6773808 -0.43561516 0.63381775 -0.52823637 -0.35983445 0.003387 1789373592.978430510 106.431 72.778 0.011 0.00000 -1 ACTUAL_TF
30.6635 0.0431682 -1.6089556 0.6773863 -0.43561693 0.63381435 -0.52823462 -0.35984086 0.003487 1789373593.034460068 106.640 72.570 0.011 0.00000 -1 ACTUAL_TF
30.7206 0.0431604 -1.6087712 0.6773882 -0.43562376 0.63381096 -0.52823231 -0.35984195 0.003433 1789373593.090261698 106.824 72.385 0.013 0.00000 -1 ACTUAL_TF
30.7801 0.0431613 -1.6085685 0.6773936 -0.43562017 0.63381024 -0.52823685 -0.35984092 0.003490 1789373593.146258354 107.027 72.182 0.007 0.00000 -1 ACTUAL_TF
30.8291 0.0431637 -1.6083634 0.6774086 -0.43561567 0.63380240 -0.52824809 -0.35984366 0.003541 1789373593.202435970 107.232 71.977 0.008 0.00000 -1 ACTUAL_TF
30.8873 0.0431542 -1.6081782 0.6774042 -0.43562134 0.63380263 -0.52824317 -0.35984362 0.003474 1789373593.258357525 107.417 71.792 0.003 0.00000 -1 ACTUAL_TF
30.9463 0.0431560 -1.6079530 0.6774081 -0.43562355 0.63379637 -0.52824778 -0.35984519 0.003637 1789373593.314439058 107.642 71.567 0.011 0.00000 -1 ACTUAL_TF
30.9981 0.0431589 -1.6077877 0.6774165 -0.43561861 0.63379305 -0.52825608 -0.35984485 0.003434 1789373593.370346546 107.808 71.402 0.019 0.00000 -1 ACTUAL_TF
31.0588 0.0431498 -1.6075773 0.6774222 -0.43562035 0.63379262 -0.52825384 -0.35984678 0.003532 1789373593.426372051 108.018 71.191 0.017 0.00000 -1 ACTUAL_TF
31.1183 0.0431507 -1.6074021 0.6774218 -0.43562641 0.63379342 -0.52825122 -0.35984188 0.003409 1789373593.482457399 108.193 71.016 0.022 0.00000 -1 ACTUAL_TF
31.1692 0.0431468 -1.6071917 0.6774237 -0.43562672 0.63379699 -0.52824808 -0.35983983 0.003512 1789373593.538542271 108.404 70.806 0.024 0.00000 -1 ACTUAL_TF
31.2290 0.0431305 -1.6069764 0.6774169 -0.43563130 0.63380344 -0.52823872 -0.35983665 0.003619 1789373593.594420910 108.619 70.590 0.016 0.00000 -1 ACTUAL_TF
31.2785 0.0431295 -1.6067762 0.6774096 -0.43563895 0.63380893 -0.52822992 -0.35983066 0.003607 1789373593.650373697 108.819 70.390 0.026 0.00000 -1 ACTUAL_TF
31.3378 0.0431168 -1.6065720 0.6774154 -0.43563227 0.63380828 -0.52823338 -0.35983480 0.003622 1789373593.706370831 109.024 70.185 0.020 0.00000 -1 ACTUAL_TF
31.4012 0.0431063 -1.6064054 0.6774234 -0.43562260 0.63380921 -0.52823822 -0.35983775 0.003431 1789373593.762334347 109.191 70.019 0.012 0.00000 -1 ACTUAL_TF
31.4547 0.0430933 -1.6061868 0.6774161 -0.43562718 0.63381377 -0.52822996 -0.35983630 0.003575 1789373593.818323135 109.410 69.800 0.020 0.00000 -1 ACTUAL_TF
31.5062 0.0431060 -1.6060171 0.6774200 -0.43562632 0.63381199 -0.52823727 -0.35982977 0.003414 1789373593.874363422 109.579 69.630 0.026 0.00000 -1 ACTUAL_TF
31.5649 0.0431095 -1.6058079 0.6774273 -0.43562507 0.63380925 -0.52824362 -0.35982680 0.003512 1789373593.930346727 109.788 69.421 0.032 0.00000 -1 ACTUAL_TF
31.6164 0.0431038 -1.6056293 0.6774286 -0.43562418 0.63381125 -0.52824307 -0.35982513 0.003417 1789373593.986296654 109.967 69.243 0.032 0.00000 -1 ACTUAL_TF
31.6795 0.0431024 -1.6054004 0.6774242 -0.43563019 0.63381596 -0.52823862 -0.35981610 0.003615 1789373594.042432785 110.195 69.014 0.041 0.00000 -1 ACTUAL_TF
31.7288 0.0430906 -1.6051947 0.6774320 -0.43562202 0.63381771 -0.52824233 -0.35981747 0.003634 1789373594.098490238 110.402 68.808 0.034 0.00000 -1 ACTUAL_TF
31.7862 0.0430833 -1.6050294 0.6774363 -0.43561762 0.63381827 -0.52824480 -0.35981819 0.003431 1789373594.154416800 110.567 68.642 0.031 0.00000 -1 ACTUAL_TF
31.8490 0.0430762 -1.6048220 0.6774369 -0.43561247 0.63382402 -0.52824415 -0.35981524 0.003512 1789373594.210494995 110.774 68.435 0.032 0.00000 -1 ACTUAL_TF
31.8961 0.0430760 -1.6046552 0.6774388 -0.43560851 0.63382888 -0.52824522 -0.35980991 0.003355 1789373594.266332865 110.941 68.268 0.036 0.00000 -1 ACTUAL_TF
31.9532 0.0430665 -1.6044252 0.6774324 -0.43561540 0.63383265 -0.52823794 -0.35980561 0.003581 1789373594.322411060 111.171 68.038 0.040 0.00000 -1 ACTUAL_TF
32.0059 0.0430625 -1.6042447 0.6774381 -0.43561616 0.63383025 -0.52823981 -0.35980618 0.003472 1789373594.378496885 111.352 67.857 0.039 0.00000 -1 ACTUAL_TF
32.0635 0.0430499 -1.6040366 0.6774414 -0.43561317 0.63383289 -0.52823893 -0.35980643 0.003551 1789373594.434346199 111.560 67.649 0.035 0.00000 -1 ACTUAL_TF
32.1201 0.0430543 -1.6038436 0.6774532 -0.43561118 0.63382542 -0.52824764 -0.35980922 0.003520 1789373594.490432739 111.753 67.456 0.037 0.00000 -1 ACTUAL_TF
32.1792 0.0430450 -1.6036632 0.6774525 -0.43561448 0.63382423 -0.52824491 -0.35981132 0.003432 1789373594.546413422 111.934 67.276 0.036 0.00000 -1 ACTUAL_TF
32.2362 0.0430441 -1.6034521 0.6774542 -0.43561824 0.63382385 -0.52824503 -0.35980727 0.003535 1789373594.602360487 112.145 67.065 0.041 0.00000 -1 ACTUAL_TF
32.2857 0.0430368 -1.6032670 0.6774596 -0.43562266 0.63382000 -0.52824266 -0.35981217 0.003467 1789373594.658363342 112.330 66.879 0.038 0.00000 -1 ACTUAL_TF
32.3524 0.0430339 -1.6030563 0.6774701 -0.43561436 0.63382000 -0.52825006 -0.35981136 0.003557 1789373594.714375973 112.541 66.668 0.038 0.00000 -1 ACTUAL_TF
32.4128 0.0430256 -1.6028760 0.6774696 -0.43561999 0.63381727 -0.52824736 -0.35981332 0.003458 1789373594.770304441 112.721 66.488 0.037 0.00000 -1 ACTUAL_TF
32.4538 0.0430227 -1.6026876 0.6774816 -0.43560856 0.63381319 -0.52825932 -0.35981678 0.003430 1789373594.826385736 112.910 66.299 0.037 0.00000 -1 ACTUAL_TF
32.5173 0.0430111 -1.6025115 0.6774904 -0.43560779 0.63381194 -0.52825940 -0.35981979 0.003347 1789373594.882446766 113.086 66.123 0.030 0.00000 -1 ACTUAL_TF
32.5654 0.0429999 -1.6023099 0.6774998 -0.43560329 0.63380989 -0.52826302 -0.35982353 0.003427 1789373594.938380957 113.288 65.921 0.025 0.00000 -1 ACTUAL_TF
32.6253 0.0429902 -1.6021043 0.6775156 -0.43559779 0.63380363 -0.52827159 -0.35982864 0.003504 1789373594.994421005 113.494 65.715 0.028 0.00000 -1 ACTUAL_TF
32.6840 0.0429669 -1.6019081 0.6775050 -0.43560317 0.63381208 -0.52825940 -0.35982513 0.003514 1789373595.050373793 113.691 65.518 0.006 0.00000 -1 ACTUAL_TF
32.7444 0.0429434 -1.6017059 0.6775073 -0.43560321 0.63381092 -0.52825255 -0.35983718 0.003550 1789373595.106398582 113.894 65.315 0.014 0.00000 -1 ACTUAL_TF
32.7946 0.0429361 -1.6015198 0.6775006 -0.43561264 0.63381443 -0.52824373 -0.35983253 0.003481 1789373595.162508965 114.080 65.129 0.016 0.00000 -1 ACTUAL_TF
32.8544 0.0429345 -1.6013233 0.6774981 -0.43561481 0.63381726 -0.52823937 -0.35983134 0.003491 1789373595.218423367 114.276 64.933 0.015 0.00000 -1 ACTUAL_TF
32.9100 0.0429219 -1.6011399 0.6774967 -0.43562019 0.63381880 -0.52823158 -0.35983352 0.003430 1789373595.274377346 114.460 64.749 0.023 0.00000 -1 ACTUAL_TF
32.9601 0.0429179 -1.6009223 0.6774957 -0.43562681 0.63381740 -0.52822917 -0.35983152 0.003566 1789373595.330388069 114.678 64.532 0.024 0.00000 -1 ACTUAL_TF
33.0237 0.0429086 -1.6007350 0.6774901 -0.43563198 0.63382033 -0.52822196 -0.35983070 0.003502 1789373595.386373281 114.865 64.344 0.033 0.00000 -1 ACTUAL_TF
33.0669 0.0428962 -1.6005273 0.6774983 -0.43562533 0.63381910 -0.52822607 -0.35983487 0.003567 1789373595.442357063 115.073 64.136 0.034 0.00000 -1 ACTUAL_TF
33.1288 0.0428921 -1.6003214 0.6775037 -0.43562629 0.63381749 -0.52822675 -0.35983556 0.003601 1789373595.498365879 115.279 63.930 0.030 0.00000 -1 ACTUAL_TF
33.1824 0.0429040 -1.6001494 0.6775038 -0.43563125 0.63381608 -0.52822964 -0.35982778 0.003444 1789373595.554386377 115.451 63.759 0.023 0.00000 -1 ACTUAL_TF
33.2406 0.0428979 -1.5999366 0.6775109 -0.43563595 0.63381146 -0.52822866 -0.35983168 0.003553 1789373595.610332489 115.664 63.546 0.019 0.00000 -1 ACTUAL_TF
33.3010 0.0429012 -1.5997573 0.6775151 -0.43563821 0.63380960 -0.52823157 -0.35982795 0.003447 1789373595.666385174 115.843 63.367 0.017 0.00000 -1 ACTUAL_TF
33.3610 0.0428969 -1.5995536 0.6775272 -0.43562876 0.63380892 -0.52823790 -0.35983129 0.003506 1789373595.722439051 116.047 63.163 0.009 0.00000 -1 ACTUAL_TF
33.4073 0.0428946 -1.5993707 0.6775309 -0.43563469 0.63380573 -0.52823660 -0.35983164 0.003435 1789373595.778373718 116.230 62.980 0.010 0.00000 -1 ACTUAL_TF
33.4671 0.0428862 -1.5991657 0.6775366 -0.43562649 0.63381015 -0.52823879 -0.35983056 0.003507 1789373595.834216356 116.435 62.775 0.007 0.00000 -1 ACTUAL_TF
33.5177 0.0428808 -1.5989545 0.6775420 -0.43563284 0.63380308 -0.52823888 -0.35983519 0.003585 1789373595.890331268 116.646 62.563 0.007 0.00000 -1 ACTUAL_TF
33.5749 0.0428887 -1.5987841 0.6775474 -0.43563484 0.63380213 -0.52824314 -0.35982821 0.003426 1789373595.946208000 116.816 62.393 0.020 0.00000 -1 ACTUAL_TF
33.6348 0.0428750 -1.5985811 0.6775549 -0.43563203 0.63380150 -0.52824313 -0.35983272 0.003487 1789373596.002313137 117.020 62.190 0.013 0.00000 -1 ACTUAL_TF
33.6953 0.0428724 -1.5984100 0.6775677 -0.43562881 0.63379295 -0.52825277 -0.35983752 0.003358 1789373596.058424711 117.191 62.018 0.022 0.00000 -1 ACTUAL_TF
33.7426 0.0428584 -1.5982023 0.6775677 -0.43562960 0.63379419 -0.52824948 -0.35983923 0.003470 1789373596.114230871 117.399 61.810 0.015 0.00000 -1 ACTUAL_TF
33.8035 0.0428549 -1.5980212 0.6775749 -0.43562725 0.63379348 -0.52825206 -0.35983951 0.003398 1789373596.170355320 117.580 61.629 0.019 0.00000 -1 ACTUAL_TF
33.8555 0.0428470 -1.5978144 0.6775850 -0.43562664 0.63378964 -0.52825445 -0.35984352 0.003487 1789373596.226421118 117.787 61.422 0.025 0.00000 -1 ACTUAL_TF
33.9182 0.0428520 -1.5976411 0.6775830 -0.43562730 0.63379358 -0.52825281 -0.35983819 0.003372 1789373596.282318354 117.960 61.249 0.026 0.00000 -1 ACTUAL_TF
33.9713 0.0428444 -1.5974378 0.6775928 -0.43562052 0.63379107 -0.52826053 -0.35983948 0.003448 1789373596.338479042 118.164 61.046 0.031 0.00000 -1 ACTUAL_TF
34.0202 0.0428448 -1.5972137 0.6775902 -0.43562930 0.63379067 -0.52825683 -0.35983499 0.003618 1789373596.394322634 118.388 60.822 0.031 0.00000 -1 ACTUAL_TF
34.0804 0.0428403 -1.5970599 0.6776045 -0.43561392 0.63378981 -0.52826883 -0.35983751 0.003362 1789373596.450227737 118.542 60.668 0.040 0.00000 -1 ACTUAL_TF
34.1392 0.0428319 -1.5968295 0.6776010 -0.43562175 0.63378939 -0.52826473 -0.35983478 0.003584 1789373596.506417036 118.772 60.437 0.034 0.00000 -1 ACTUAL_TF
34.1964 0.0428192 -1.5966687 0.6776140 -0.43561560 0.63378468 -0.52826969 -0.35984325 0.003369 1789373596.562871695 118.934 60.276 0.039 0.00000 -1 ACTUAL_TF
34.2489 0.0428086 -1.5964502 0.6776026 -0.43561722 0.63379379 -0.52826318 -0.35983481 0.003544 1789373596.618269920 119.152 60.057 0.024 0.00000 -1 ACTUAL_TF
34.3112 0.0428142 -1.5962790 0.6776015 -0.43561707 0.63379226 -0.52826709 -0.35983194 0.003398 1789373596.674348831 119.323 59.886 0.027 0.00000 -1 ACTUAL_TF
34.3650 0.0427903 -1.5960563 0.6775970 -0.43562054 0.63379800 -0.52825677 -0.35983277 0.003580 1789373596.730280161 119.546 59.663 0.011 0.00000 -1 ACTUAL_TF
34.4166 0.0427742 -1.5958456 0.6775913 -0.43562021 0.63380560 -0.52824915 -0.35983097 0.003636 1789373596.786385536 119.757 59.452 0.006 0.00000 -1 ACTUAL_TF
34.4715 0.0427666 -1.5956809 0.6775995 -0.43561017 0.63380789 -0.52825373 -0.35983237 0.003430 1789373596.842355251 119.922 59.287 0.011 0.00000 -1 ACTUAL_TF
34.5360 0.0427725 -1.5954618 0.6775908 -0.43562444 0.63380846 -0.52824420 -0.35982807 0.003572 1789373596.898545742 120.141 59.069 0.006 0.00000 -1 ACTUAL_TF
34.5836 0.0427580 -1.5952709 0.6775823 -0.43563442 0.63381229 -0.52823303 -0.35982566 0.003527 1789373596.954531908 120.332 58.877 0.017 0.00000 -1 ACTUAL_TF
34.6413 0.0427481 -1.5950615 0.6775836 -0.43563549 0.63381291 -0.52822979 -0.35982804 0.003595 1789373597.010393143 120.542 58.668 0.020 0.00000 -1 ACTUAL_TF
34.7041 0.0427400 -1.5948933 0.6775860 -0.43563768 0.63380982 -0.52822962 -0.35983107 0.003419 1789373597.066358566 120.710 58.499 0.022 0.00000 -1 ACTUAL_TF
34.7546 0.0427338 -1.5946671 0.6775835 -0.43564648 0.63381048 -0.52822392 -0.35982762 0.003603 1789373597.122480392 120.936 58.273 0.027 0.00000 -1 ACTUAL_TF
34.8155 0.0427209 -1.5945037 0.6775920 -0.43563779 0.63381174 -0.52822658 -0.35983202 0.003402 1789373597.178427219 121.100 58.109 0.026 0.00000 -1 ACTUAL_TF
34.8629 0.0427116 -1.5942845 0.6775883 -0.43563969 0.63381724 -0.52822056 -0.35982885 0.003556 1789373597.234467745 121.319 57.890 0.033 0.00000 -1 ACTUAL_TF
34.9233 0.0427123 -1.5940844 0.6775936 -0.43563684 0.63381839 -0.52822386 -0.35982544 0.003563 1789373597.290419579 121.519 57.690 0.027 0.00000 -1 ACTUAL_TF
34.9865 0.0426990 -1.5939082 0.6775930 -0.43563829 0.63381966 -0.52822020 -0.35982682 0.003441 1789373597.346398592 121.696 57.514 0.035 0.00000 -1 ACTUAL_TF
35.0408 0.0426892 -1.5936983 0.6775956 -0.43562335 0.63383264 -0.52822252 -0.35981862 0.003532 1789373597.402531624 121.906 57.303 0.037 0.00000 -1 ACTUAL_TF
35.0930 0.0426735 -1.5935091 0.6775909 -0.43563598 0.63383163 -0.52821195 -0.35982064 0.003493 1789373597.458324909 122.095 57.114 0.050 0.00000 -1 ACTUAL_TF
35.1445 0.0426591 -1.5933006 0.6775938 -0.43562922 0.63383913 -0.52821085 -0.35981723 0.003565 1789373597.514356136 122.304 56.905 0.056 0.00000 -1 ACTUAL_TF
35.2048 0.0426534 -1.5931230 0.6775950 -0.43563033 0.63383905 -0.52820989 -0.35981742 0.003447 1789373597.570394754 122.482 56.727 0.057 0.00000 -1 ACTUAL_TF
35.2575 0.0426518 -1.5929281 0.6776009 -0.43563086 0.63383189 -0.52821475 -0.35982227 0.003457 1789373597.626407385 122.677 56.533 0.052 0.00000 -1 ACTUAL_TF
35.3189 0.0426558 -1.5927285 0.6776172 -0.43562507 0.63382579 -0.52822544 -0.35982434 0.003493 1789373597.682399988 122.877 56.333 0.036 0.00000 -1 ACTUAL_TF
35.3694 0.0426440 -1.5925493 0.6776194 -0.43563022 0.63382277 -0.52822229 -0.35982804 0.003409 1789373597.738329649 123.056 56.153 0.042 0.00000 -1 ACTUAL_TF
35.4289 0.0426409 -1.5923498 0.6776398 -0.43561878 0.63381729 -0.52823520 -0.35983259 0.003459 1789373597.794362545 123.256 55.954 0.034 0.00000 -1 ACTUAL_TF
35.4769 0.0426437 -1.5921656 0.6776385 -0.43562744 0.63381494 -0.52823354 -0.35982868 0.003410 1789373597.850286484 123.440 55.770 0.026 0.00000 -1 ACTUAL_TF
35.5354 0.0426438 -1.5919561 0.6776437 -0.43562975 0.63381170 -0.52823561 -0.35982856 0.003509 1789373597.906320572 123.649 55.560 0.020 0.00000 -1 ACTUAL_TF
35.5921 0.0426636 -1.5917927 0.6776566 -0.43562376 0.63380390 -0.52825091 -0.35982708 0.003341 1789373597.962300539 123.812 55.397 0.008 0.00000 -1 ACTUAL_TF
35.6465 0.0426715 -1.5915859 0.6776625 -0.43562600 0.63379955 -0.52825640 -0.35982398 0.003448 1789373598.018266201 124.019 55.191 0.022 0.00000 -1 ACTUAL_TF
35.7101 0.0426641 -1.5914133 0.6776652 -0.43562841 0.63379725 -0.52825564 -0.35982622 0.003338 1789373598.074378252 124.191 55.018 0.020 0.00000 -1 ACTUAL_TF
35.7573 0.0426547 -1.5912094 0.6776770 -0.43562021 0.63379517 -0.52826207 -0.35983039 0.003433 1789373598.130317926 124.396 54.814 0.023 0.00000 -1 ACTUAL_TF
35.8194 0.0426411 -1.5910033 0.6776822 -0.43561544 0.63379673 -0.52826264 -0.35983257 0.003507 1789373598.186451674 124.602 54.607 0.021 0.00000 -1 ACTUAL_TF
35.8764 0.0426366 -1.5908187 0.6776784 -0.43562550 0.63379614 -0.52825582 -0.35983145 0.003447 1789373598.242309332 124.787 54.423 0.015 0.00000 -1 ACTUAL_TF
35.9323 0.0426310 -1.5906111 0.6776807 -0.43562091 0.63379735 -0.52825794 -0.35983174 0.003524 1789373598.298373699 124.994 54.215 0.015 0.00000 -1 ACTUAL_TF
35.9802 0.0426324 -1.5904442 0.6776781 -0.43562425 0.63379793 -0.52825576 -0.35982990 0.003362 1789373598.354322672 125.161 54.048 0.017 0.00000 -1 ACTUAL_TF
36.0513 0.0426236 -1.5902336 0.6776771 -0.43562687 0.63380031 -0.52825147 -0.35982883 0.003463 1789373598.411347389 125.372 53.837 0.013 0.00000 -1 ACTUAL_TF
36.0993 0.0426071 -1.5900522 0.6776734 -0.43562749 0.63380610 -0.52824460 -0.35982796 0.003415 1789373598.466498613 125.554 53.656 0.003 0.00000 -1 ACTUAL_TF
36.1590 0.0426039 -1.5898343 0.6776685 -0.43563345 0.63381035 -0.52823829 -0.35982252 0.003554 1789373598.522709846 125.771 53.438 0.012 0.00000 -1 ACTUAL_TF
36.2059 0.0426089 -1.5896273 0.6776710 -0.43563676 0.63381122 -0.52823840 -0.35981682 0.003598 1789373598.578633308 125.978 53.231 0.020 0.00000 -1 ACTUAL_TF
36.2610 0.0426040 -1.5894444 0.6776727 -0.43563698 0.63381246 -0.52823605 -0.35981782 0.003503 1789373598.634404898 126.161 53.048 0.021 0.00000 -1 ACTUAL_TF
36.3170 0.0425975 -1.5892377 0.6776722 -0.43563579 0.63381921 -0.52823146 -0.35981410 0.003562 1789373598.690304518 126.368 52.841 0.023 0.00000 -1 ACTUAL_TF
36.3798 0.0425940 -1.5890698 0.6776774 -0.43563051 0.63381940 -0.52823673 -0.35981244 0.003392 1789373598.746376276 126.536 52.674 0.023 0.00000 -1 ACTUAL_TF
36.4419 0.0425865 -1.5888453 0.6776780 -0.43562973 0.63382461 -0.52823517 -0.35980649 0.003580 1789373598.802306652 126.761 52.449 0.024 0.00000 -1 ACTUAL_TF
36.4857 0.0425776 -1.5886865 0.6776873 -0.43561978 0.63382361 -0.52824065 -0.35981223 0.003358 1789373598.858353853 126.920 52.290 0.016 0.00000 -1 ACTUAL_TF
36.5406 0.0425699 -1.5884798 0.6776932 -0.43561621 0.63382423 -0.52824340 -0.35981144 0.003458 1789373598.914442301 127.127 52.083 0.014 0.00000 -1 ACTUAL_TF
36.6001 0.0425674 -1.5883047 0.6776923 -0.43562088 0.63382644 -0.52823903 -0.35980831 0.003360 1789373598.970352411 127.302 51.908 0.018 0.00000 -1 ACTUAL_TF
36.6519 0.0425580 -1.5881014 0.6777050 -0.43561633 0.63382173 -0.52824492 -0.35981347 0.003445 1789373599.026323080 127.505 51.704 0.011 0.00000 -1 ACTUAL_TF
36.7105 0.0425408 -1.5878851 0.6776963 -0.43561857 0.63382989 -0.52823725 -0.35980764 0.003574 1789373599.082353354 127.722 51.488 0.013 0.00000 -1 ACTUAL_TF
36.7638 0.0425306 -1.5877027 0.6776947 -0.43562008 0.63383342 -0.52823237 -0.35980676 0.003479 1789373599.138463974 127.904 51.305 0.017 0.00000 -1 ACTUAL_TF
36.8220 0.0425268 -1.5874998 0.6777029 -0.43561462 0.63383549 -0.52823481 -0.35980615 0.003525 1789373599.194365501 128.107 51.102 0.012 0.00000 -1 ACTUAL_TF
36.8806 0.0425234 -1.5873366 0.6777126 -0.43561189 0.63383240 -0.52823702 -0.35981164 0.003343 1789373599.250419140 128.271 50.939 0.004 0.00000 -1 ACTUAL_TF
36.9387 0.0425263 -1.5871366 0.6777240 -0.43560768 0.63382783 -0.52824528 -0.35981268 0.003415 1789373599.306338787 128.471 50.739 0.009 0.00000 -1 ACTUAL_TF
36.9990 0.0425200 -1.5869602 0.6777358 -0.43560789 0.63382037 -0.52824993 -0.35981872 0.003338 1789373599.362344742 128.647 50.562 0.015 0.00000 -1 ACTUAL_TF
37.0467 0.0425144 -1.5867396 0.6777277 -0.43562121 0.63382080 -0.52824027 -0.35981603 0.003518 1789373599.418389559 128.868 50.341 0.009 0.00000 -1 ACTUAL_TF
37.1116 0.0425088 -1.5865416 0.6777398 -0.43561488 0.63381464 -0.52825012 -0.35982010 0.003523 1789373599.474579573 129.066 50.143 0.014 0.00000 -1 ACTUAL_TF
37.1621 0.0425060 -1.5863626 0.6777362 -0.43562356 0.63381204 -0.52824606 -0.35982012 0.003428 1789373599.530405760 129.245 49.964 0.013 0.00000 -1 ACTUAL_TF
37.2119 0.0425041 -1.5861583 0.6777388 -0.43561752 0.63381435 -0.52825049 -0.35981686 0.003496 1789373599.586310387 129.449 49.760 0.016 0.00000 -1 ACTUAL_TF
37.2732 0.0424962 -1.5860051 0.6777597 -0.43561627 0.63380013 -0.52825703 -0.35983382 0.003274 1789373599.642493963 129.603 49.606 0.026 0.00000 -1 ACTUAL_TF
37.3252 0.0424854 -1.5857984 0.6777670 -0.43560515 0.63380243 -0.52826358 -0.35983361 0.003401 1789373599.698514938 129.810 49.399 0.028 0.00000 -1 ACTUAL_TF
37.3855 0.0424686 -1.5856196 0.6777717 -0.43560535 0.63379915 -0.52826286 -0.35984021 0.003346 1789373599.754334450 129.989 49.220 0.029 0.00000 -1 ACTUAL_TF
37.4352 0.0424705 -1.5854163 0.6777806 -0.43560398 0.63379565 -0.52827048 -0.35983683 0.003431 1789373599.810408831 130.193 49.017 0.035 0.00000 -1 ACTUAL_TF
37.4961 0.0424645 -1.5852339 0.6777812 -0.43560500 0.63379790 -0.52826831 -0.35983483 0.003382 1789373599.866283417 130.375 48.834 0.033 0.00000 -1 ACTUAL_TF
37.5517 0.0424592 -1.5850323 0.6777844 -0.43560019 0.63379621 -0.52827250 -0.35983748 0.003446 1789373599.922342062 130.577 48.633 0.033 0.00000 -1 ACTUAL_TF
37.6092 0.0424569 -1.5848664 0.6777902 -0.43559620 0.63379528 -0.52827602 -0.35983878 0.003300 1789373599.978477001 130.743 48.467 0.037 0.00000 -1 ACTUAL_TF
37.6674 0.0424487 -1.5846609 0.6777954 -0.43559823 0.63379329 -0.52827377 -0.35984313 0.003415 1789373600.034353495 130.948 48.261 0.039 0.00000 -1 ACTUAL_TF
37.7171 0.0424492 -1.5844382 0.6777833 -0.43560891 0.63379662 -0.52826493 -0.35983731 0.003583 1789373600.090442896 131.171 48.039 0.026 0.00000 -1 ACTUAL_TF
37.7812 0.0424352 -1.5842577 0.6777702 -0.43561165 0.63380686 -0.52825459 -0.35983113 0.003483 1789373600.146307945 131.352 47.858 0.008 0.00000 -1 ACTUAL_TF
37.8309 0.0424347 -1.5840480 0.6777674 -0.43561314 0.63380951 -0.52825120 -0.35982964 0.003563 1789373600.202226400 131.561 47.648 0.010 0.00000 -1 ACTUAL_TF
37.8936 0.0424364 -1.5838564 0.6777561 -0.43562535 0.63381283 -0.52824258 -0.35982166 0.003519 1789373600.258400440 131.752 47.457 0.022 0.00000 -1 ACTUAL_TF
37.9449 0.0424347 -1.5836459 0.6777554 -0.43562548 0.63381495 -0.52824244 -0.35981796 0.003590 1789373600.314444304 131.963 47.247 0.028 0.00000 -1 ACTUAL_TF
38.0027 0.0424255 -1.5834772 0.6777585 -0.43562173 0.63381955 -0.52823958 -0.35981861 0.003422 1789373600.370268345 132.132 47.078 0.024 0.00000 -1 ACTUAL_TF
38.0552 0.0424321 -1.5832702 0.6777602 -0.43562119 0.63381948 -0.52824415 -0.35981269 0.003500 1789373600.426494837 132.338 46.871 0.036 0.00000 -1 ACTUAL_TF
38.1123 0.0424229 -1.5830660 0.6777654 -0.43561834 0.63382087 -0.52824462 -0.35981299 0.003548 1789373600.482337713 132.543 46.667 0.032 0.00000 -1 ACTUAL_TF
38.1724 0.0424090 -1.5828904 0.6777644 -0.43561490 0.63382465 -0.52824188 -0.35981453 0.003426 1789373600.538436413 132.719 46.491 0.027 0.00000 -1 ACTUAL_TF
38.2206 0.0424044 -1.5826836 0.6777686 -0.43560966 0.63382606 -0.52824614 -0.35981212 0.003508 1789373600.594362974 132.926 46.284 0.028 0.00000 -1 ACTUAL_TF
38.2801 0.0423956 -1.5824953 0.6777595 -0.43561904 0.63382961 -0.52823618 -0.35980913 0.003466 1789373600.650421619 133.114 46.095 0.035 0.00000 -1 ACTUAL_TF
38.3377 0.0423874 -1.5822946 0.6777609 -0.43561812 0.63382987 -0.52823539 -0.35981094 0.003499 1789373600.706590891 133.315 45.895 0.035 0.00000 -1 ACTUAL_TF
38.3927 0.0423728 -1.5821159 0.6777587 -0.43562133 0.63383354 -0.52822755 -0.35981211 0.003413 1789373600.762400866 133.494 45.716 0.037 0.00000 -1 ACTUAL_TF
38.4537 0.0423664 -1.5819072 0.6777606 -0.43562133 0.63383118 -0.52823031 -0.35981221 0.003504 1789373600.818587303 133.703 45.507 0.038 0.00000 -1 ACTUAL_TF
38.5060 0.0423714 -1.5816850 0.6777557 -0.43563442 0.63382988 -0.52822474 -0.35980683 0.003648 1789373600.874378204 133.924 45.285 0.049 0.00000 -1 ACTUAL_TF
38.5652 0.0423642 -1.5815223 0.6777655 -0.43562808 0.63382748 -0.52823010 -0.35981088 0.003425 1789373600.930515528 134.087 45.122 0.041 0.00000 -1 ACTUAL_TF
38.6183 0.0423511 -1.5813134 0.6777696 -0.43562773 0.63382667 -0.52822963 -0.35981340 0.003516 1789373600.986664057 134.297 44.913 0.038 0.00000 -1 ACTUAL_TF
38.6678 0.0423515 -1.5811384 0.6777678 -0.43563551 0.63382335 -0.52822845 -0.35981156 0.003406 1789373601.042222261 134.471 44.738 0.044 0.00000 -1 ACTUAL_TF
38.7315 0.0423376 -1.5809266 0.6777642 -0.43563357 0.63382769 -0.52822341 -0.35981369 0.003518 1789373601.098420143 134.684 44.526 0.049 0.00000 -1 ACTUAL_TF
38.7798 0.0423226 -1.5807606 0.6777774 -0.43562181 0.63382693 -0.52823048 -0.35981887 0.003360 1789373601.154323339 134.850 44.359 0.038 0.00000 -1 ACTUAL_TF
38.8420 0.0423127 -1.5805409 0.6777713 -0.43562743 0.63383195 -0.52822159 -0.35981628 0.003530 1789373601.210359097 135.070 44.139 0.048 0.00000 -1 ACTUAL_TF
38.9022 0.0423069 -1.5803782 0.6777812 -0.43561892 0.63383098 -0.52822843 -0.35981824 0.003345 1789373601.266337872 135.233 43.977 0.040 0.00000 -1 ACTUAL_TF
38.9528 0.0423002 -1.5801768 0.6777918 -0.43561320 0.63382997 -0.52823474 -0.35981768 0.003424 1789373601.322268963 135.434 43.775 0.033 0.00000 -1 ACTUAL_TF
39.0127 0.0422906 -1.5799752 0.6778035 -0.43561159 0.63382284 -0.52824087 -0.35982319 0.003478 1789373601.378375769 135.636 43.573 0.026 0.00000 -1 ACTUAL_TF
39.0642 0.0423006 -1.5797993 0.6777981 -0.43561782 0.63382350 -0.52824012 -0.35981559 0.003376 1789373601.434554100 135.812 43.398 0.032 0.00000 -1 ACTUAL_TF
39.1243 0.0422888 -1.5795877 0.6778097 -0.43561335 0.63382227 -0.52824395 -0.35981755 0.003504 1789373601.490361452 136.024 43.186 0.023 0.00000 -1 ACTUAL_TF
39.1798 0.0422913 -1.5794280 0.6778151 -0.43560378 0.63382527 -0.52825069 -0.35981396 0.003309 1789373601.546350241 136.183 43.026 0.021 0.00000 -1 ACTUAL_TF
39.2295 0.0423059 -1.5792113 0.6778252 -0.43560825 0.63381644 -0.52825998 -0.35981045 0.003478 1789373601.602461576 136.400 42.810 0.030 0.00000 -1 ACTUAL_TF
39.2952 0.0423022 -1.5790470 0.6778341 -0.43560050 0.63381622 -0.52826561 -0.35981197 0.003318 1789373601.658396959 136.564 42.645 0.029 0.00000 -1 ACTUAL_TF
39.3464 0.0422938 -1.5788367 0.6778384 -0.43560569 0.63381446 -0.52826134 -0.35981505 0.003451 1789373601.714333296 136.775 42.435 0.027 0.00000 -1 ACTUAL_TF
39.4072 0.0422996 -1.5786648 0.6778375 -0.43561000 0.63381502 -0.52826011 -0.35981065 0.003337 1789373601.770373344 136.946 42.263 0.038 0.00000 -1 ACTUAL_TF
39.4523 0.0423028 -1.5784666 0.6778449 -0.43560832 0.63381592 -0.52826255 -0.35980753 0.003399 1789373601.826330662 137.144 42.065 0.047 0.00000 -1 ACTUAL_TF
39.5119 0.0422841 -1.5782466 0.6778403 -0.43561808 0.63381795 -0.52825157 -0.35980824 0.003562 1789373601.882373095 137.365 41.845 0.037 0.00000 -1 ACTUAL_TF
39.5737 0.0422747 -1.5780649 0.6778381 -0.43562494 0.63381732 -0.52824544 -0.35981006 0.003468 1789373601.938369989 137.547 41.663 0.035 0.00000 -1 ACTUAL_TF
39.6213 0.0422522 -1.5778606 0.6778408 -0.43562130 0.63382013 -0.52824179 -0.35981487 0.003529 1789373601.994368792 137.752 41.458 0.023 0.00000 -1 ACTUAL_TF
39.6819 0.0422383 -1.5776933 0.6778403 -0.43561742 0.63382604 -0.52823712 -0.35981602 0.003369 1789373602.050397396 137.919 41.290 0.021 0.00000 -1 ACTUAL_TF
39.7356 0.0422289 -1.5774943 0.6778497 -0.43561563 0.63382364 -0.52823903 -0.35981961 0.003427 1789373602.106361866 138.118 41.091 0.014 0.00000 -1 ACTUAL_TF
39.7998 0.0422397 -1.5773344 0.6778568 -0.43561260 0.63382095 -0.52824849 -0.35981411 0.003258 1789373602.162398815 138.278 40.931 0.020 0.00000 -1 ACTUAL_TF
39.8482 0.0422262 -1.5771071 0.6778483 -0.43561767 0.63383013 -0.52823755 -0.35980787 0.003503 1789373602.218339443 138.506 40.704 0.024 0.00000 -1 ACTUAL_TF
39.9074 0.0422156 -1.5769002 0.6778529 -0.43561370 0.63383154 -0.52823799 -0.35980954 0.003561 1789373602.274354219 138.713 40.497 0.021 0.00000 -1 ACTUAL_TF
39.9583 0.0422093 -1.5767163 0.6778508 -0.43562284 0.63383241 -0.52823149 -0.35980649 0.003479 1789373602.330359936 138.897 40.313 0.025 0.00000 -1 ACTUAL_TF
40.0173 0.0422045 -1.5765127 0.6778559 -0.43562660 0.63383040 -0.52822894 -0.35980924 0.003526 1789373602.386363745 139.100 40.109 0.024 0.00000 -1 ACTUAL_TF
40.0751 0.0421988 -1.5763476 0.6778589 -0.43562857 0.63382646 -0.52822861 -0.35981427 0.003355 1789373602.442293644 139.266 39.944 0.023 0.00000 -1 ACTUAL_TF
40.1346 0.0422010 -1.5761418 0.6778621 -0.43562835 0.63382870 -0.52822890 -0.35981016 0.003449 1789373602.498416901 139.471 39.738 0.026 0.00000 -1 ACTUAL_TF
40.1823 0.0422098 -1.5759653 0.6778580 -0.43564090 0.63382472 -0.52822481 -0.35980799 0.003361 1789373602.554378986 139.647 39.562 0.041 0.00000 -1 ACTUAL_TF
40.2489 0.0421899 -1.5757436 0.6778632 -0.43563588 0.63382379 -0.52822615 -0.35981374 0.003546 1789373602.610391378 139.869 39.340 0.031 0.00000 -1 ACTUAL_TF
40.3062 0.0421771 -1.5755616 0.6778630 -0.43564350 0.63382411 -0.52821882 -0.35981469 0.003461 1789373602.666325331 140.052 39.158 0.031 0.00000 -1 ACTUAL_TF
40.3571 0.0421689 -1.5753614 0.6778738 -0.43564142 0.63381855 -0.52822323 -0.35982054 0.003496 1789373602.722388268 140.252 38.957 0.023 0.00000 -1 ACTUAL_TF
40.4158 0.0421722 -1.5751845 0.6778935 -0.43563144 0.63381254 -0.52823597 -0.35982449 0.003397 1789373602.778635025 140.429 38.780 0.016 0.00000 -1 ACTUAL_TF
40.4722 0.0421579 -1.5750107 0.6779007 -0.43562961 0.63381205 -0.52823588 -0.35982770 0.003316 1789373602.834466934 140.604 38.606 0.006 0.00000 -1 ACTUAL_TF
40.5225 0.0421511 -1.5748017 0.6779008 -0.43563212 0.63381359 -0.52823402 -0.35982470 0.003442 1789373602.890418530 140.813 38.397 0.006 0.00000 -1 ACTUAL_TF
40.5738 0.0421369 -1.5746198 0.6779059 -0.43562541 0.63381399 -0.52823666 -0.35982823 0.003388 1789373602.946380377 140.995 38.214 0.003 0.00000 -1 ACTUAL_TF
40.6377 0.0421269 -1.5744202 0.6779199 -0.43561963 0.63381104 -0.52824309 -0.35983099 0.003447 1789373603.002270222 141.195 38.014 0.012 0.00000 -1 ACTUAL_TF
40.6868 0.0421234 -1.5742428 0.6779183 -0.43562378 0.63381403 -0.52823890 -0.35982686 0.003362 1789373603.058346272 141.372 37.837 0.008 0.00000 -1 ACTUAL_TF
40.7465 0.0421242 -1.5740543 0.6779401 -0.43561560 0.63380424 -0.52825221 -0.35983446 0.003356 1789373603.115133524 141.561 37.648 0.025 0.00000 -1 ACTUAL_TF
40.7979 0.0421288 -1.5738550 0.6779551 -0.43561238 0.63379820 -0.52826219 -0.35983435 0.003434 1789373603.170420170 141.760 37.449 0.039 0.00000 -1 ACTUAL_TF
40.8633 0.0421183 -1.5736812 0.6779587 -0.43561153 0.63379998 -0.52825981 -0.35983573 0.003331 1789373603.226786375 141.934 37.275 0.039 0.00000 -1 ACTUAL_TF
40.9112 0.0421161 -1.5734586 0.6779599 -0.43561521 0.63379667 -0.52826368 -0.35983143 0.003532 1789373603.282420158 142.157 37.053 0.037 0.00000 -1 ACTUAL_TF
40.9697 0.0420998 -1.5732939 0.6779617 -0.43560834 0.63380309 -0.52826162 -0.35983146 0.003361 1789373603.338321924 142.322 36.887 0.035 0.00000 -1 ACTUAL_TF
41.0299 0.0420947 -1.5730894 0.6779646 -0.43560456 0.63380603 -0.52826378 -0.35982767 0.003449 1789373603.394265413 142.527 36.683 0.035 0.00000 -1 ACTUAL_TF
41.0802 0.0421025 -1.5729184 0.6779593 -0.43561023 0.63381008 -0.52826032 -0.35981877 0.003330 1789373603.450409174 142.697 36.512 0.030 0.00000 -1 ACTUAL_TF
41.1424 0.0420927 -1.5727134 0.6779611 -0.43560594 0.63381460 -0.52825908 -0.35981783 0.003433 1789373603.506286144 142.902 36.307 0.028 0.00000 -1 ACTUAL_TF
41.1931 0.0420802 -1.5725313 0.6779546 -0.43560728 0.63382476 -0.52824908 -0.35981297 0.003382 1789373603.562250853 143.085 36.125 0.017 0.00000 -1 ACTUAL_TF
41.2515 0.0420727 -1.5723204 0.6779526 -0.43560210 0.63383121 -0.52825040 -0.35980595 0.003494 1789373603.618431330 143.296 35.914 0.012 0.00000 -1 ACTUAL_TF
41.3000 0.0420707 -1.5720963 0.6779521 -0.43560872 0.63383022 -0.52824851 -0.35980245 0.003649 1789373603.674317598 143.520 35.690 0.010 0.00000 -1 ACTUAL_TF
41.3624 0.0420707 -1.5719407 0.6779658 -0.43559740 0.63382807 -0.52825919 -0.35980426 0.003388 1789373603.730528831 143.675 35.534 0.022 0.00000 -1 ACTUAL_TF
41.4202 0.0420795 -1.5717367 0.6779698 -0.43559629 0.63382791 -0.52826484 -0.35979760 0.003468 1789373603.786396503 143.879 35.330 0.033 0.00000 -1 ACTUAL_TF
41.4686 0.0420952 -1.5715677 0.6779736 -0.43560414 0.63381998 -0.52827084 -0.35979325 0.003336 1789373603.842440605 144.048 35.162 0.052 0.00000 -1 ACTUAL_TF
41.5283 0.0420976 -1.5713604 0.6779753 -0.43560342 0.63382221 -0.52827311 -0.35978685 0.003448 1789373603.898356915 144.255 34.955 0.059 0.00000 -1 ACTUAL_TF
41.5889 0.0420795 -1.5711817 0.6779748 -0.43561192 0.63382024 -0.52826514 -0.35979175 0.003376 1789373603.954341650 144.434 34.776 0.046 0.00000 -1 ACTUAL_TF
41.6529 0.0420712 -1.5709595 0.6779714 -0.43560338 0.63382909 -0.52826534 -0.35978619 0.003555 1789373604.010334730 144.656 34.553 0.043 0.00000 -1 ACTUAL_TF
41.7059 0.0420654 -1.5707599 0.6779798 -0.43560837 0.63382148 -0.52826548 -0.35979336 0.003559 1789373604.066353083 144.856 34.353 0.044 0.00000 -1 ACTUAL_TF
41.7519 0.0420512 -1.5705970 0.6779818 -0.43560478 0.63382558 -0.52826156 -0.35979624 0.003366 1789373604.122378826 145.019 34.190 0.036 0.00000 -1 ACTUAL_TF
41.8087 0.0420371 -1.5703958 0.6779843 -0.43560082 0.63382675 -0.52826103 -0.35979974 0.003438 1789373604.178363323 145.221 33.989 0.028 0.00000 -1 ACTUAL_TF
41.8643 0.0420331 -1.5702262 0.6779837 -0.43560722 0.63382704 -0.52825657 -0.35979805 0.003316 1789373604.234266758 145.390 33.819 0.028 0.00000 -1 ACTUAL_TF
41.9216 0.0420187 -1.5700198 0.6779821 -0.43560877 0.63382888 -0.52825261 -0.35979874 0.003429 1789373604.290351629 145.597 33.612 0.019 0.00000 -1 ACTUAL_TF
41.9847 0.0419982 -1.5698476 0.6779859 -0.43560565 0.63383030 -0.52825013 -0.35980366 0.003328 1789373604.346385241 145.770 33.440 0.008 0.00000 -1 ACTUAL_TF
42.0362 0.0419945 -1.5696294 0.6779885 -0.43560835 0.63382912 -0.52825107 -0.35980110 0.003498 1789373604.402439356 145.988 33.221 0.009 0.00000 -1 ACTUAL_TF
42.0886 0.0419869 -1.5694752 0.6779973 -0.43559760 0.63383091 -0.52825458 -0.35980578 0.003277 1789373604.458448410 146.143 33.067 0.014 0.00000 -1 ACTUAL_TF
42.1489 0.0419776 -1.5692668 0.6779962 -0.43559818 0.63383303 -0.52825140 -0.35980603 0.003412 1789373604.514398336 146.351 32.858 0.010 0.00000 -1 ACTUAL_TF
42.1997 0.0419643 -1.5690572 0.6779926 -0.43559590 0.63383699 -0.52824873 -0.35980572 0.003506 1789373604.570764303 146.561 32.649 0.009 0.00000 -1 ACTUAL_TF
42.2562 0.0419578 -1.5688884 0.6779948 -0.43559876 0.63383490 -0.52824797 -0.35980706 0.003365 1789373604.626428604 146.730 32.480 0.010 0.00000 -1 ACTUAL_TF
42.3108 0.0419611 -1.5686718 0.6780090 -0.43560335 0.63382505 -0.52825525 -0.35980818 0.003517 1789373604.682517052 146.946 32.263 0.014 0.00000 -1 ACTUAL_TF
42.3701 0.0419665 -1.5684949 0.6780107 -0.43560763 0.63382304 -0.52825571 -0.35980585 0.003414 1789373604.738312960 147.123 32.086 0.017 0.00000 -1 ACTUAL_TF
42.4292 0.0419544 -1.5682880 0.6780140 -0.43561472 0.63381473 -0.52825399 -0.35981442 0.003500 1789373604.794321299 147.330 31.879 0.014 0.00000 -1 ACTUAL_TF
42.4760 0.0419471 -1.5681281 0.6780216 -0.43561097 0.63381134 -0.52825658 -0.35982115 0.003306 1789373604.850430489 147.490 31.719 0.018 0.00000 -1 ACTUAL_TF
42.5360 0.0419348 -1.5679177 0.6780185 -0.43561600 0.63381021 -0.52825119 -0.35982496 0.003442 1789373604.906508684 147.701 31.508 0.012 0.00000 -1 ACTUAL_TF
42.5934 0.0419334 -1.5677530 0.6780305 -0.43560587 0.63380794 -0.52826215 -0.35982513 0.003296 1789373604.962365627 147.866 31.344 0.021 0.00000 -1 ACTUAL_TF
42.6540 0.0419168 -1.5675318 0.6780251 -0.43561879 0.63380539 -0.52825241 -0.35982828 0.003495 1789373605.018399715 148.087 31.122 0.016 0.00000 -1 ACTUAL_TF
42.7037 0.0419072 -1.5673277 0.6780277 -0.43560893 0.63380853 -0.52825630 -0.35982899 0.003540 1789373605.074503660 148.292 30.918 0.018 0.00000 -1 ACTUAL_TF
42.7622 0.0419023 -1.5671427 0.6780160 -0.43561914 0.63381543 -0.52824390 -0.35982265 0.003473 1789373605.130396605 148.476 30.733 0.013 0.00000 -1 ACTUAL_TF
42.8172 0.0419008 -1.5669530 0.6780169 -0.43561805 0.63381704 -0.52824296 -0.35982253 0.003447 1789373605.186433315 148.666 30.543 0.009 0.00000 -1 ACTUAL_TF
42.8758 0.0418842 -1.5667719 0.6780143 -0.43561745 0.63382363 -0.52823591 -0.35982198 0.003385 1789373605.242545843 148.848 30.362 0.021 0.00000 -1 ACTUAL_TF
42.9300 0.0418803 -1.5665592 0.6780054 -0.43562700 0.63382733 -0.52822853 -0.35981474 0.003512 1789373605.298457384 149.060 30.149 0.027 0.00000 -1 ACTUAL_TF
42.9875 0.0418813 -1.5663770 0.6779994 -0.43562875 0.63382932 -0.52822744 -0.35981072 0.003438 1789373605.354312658 149.242 29.967 0.032 0.00000 -1 ACTUAL_TF
43.0453 0.0418834 -1.5661718 0.6780051 -0.43563167 0.63382389 -0.52822958 -0.35981362 0.003504 1789373605.410403252 149.447 29.762 0.028 0.00000 -1 ACTUAL_TF
43.1065 0.0418844 -1.5659723 0.6780123 -0.43562427 0.63382572 -0.52823344 -0.35981369 0.003522 1789373605.466411591 149.647 29.563 0.024 0.00000 -1 ACTUAL_TF
43.1524 0.0418838 -1.5658025 0.6780170 -0.43562803 0.63382129 -0.52823466 -0.35981514 0.003376 1789373605.522396803 149.816 29.393 0.023 0.00000 -1 ACTUAL_TF
43.2121 0.0418855 -1.5656005 0.6780229 -0.43562968 0.63381881 -0.52823775 -0.35981297 0.003448 1789373605.578302145 150.018 29.191 0.025 0.00000 -1 ACTUAL_TF
43.2653 0.0418681 -1.5654273 0.6780256 -0.43563164 0.63382113 -0.52823097 -0.35981647 0.003344 1789373605.634418488 150.192 29.017 0.019 0.00000 -1 ACTUAL_TF
43.3233 0.0418711 -1.5652286 0.6780331 -0.43562560 0.63381933 -0.52824002 -0.35981368 0.003407 1789373605.690355778 150.391 28.819 0.020 0.00000 -1 ACTUAL_TF
43.3836 0.0418653 -1.5650453 0.6780258 -0.43563152 0.63382306 -0.52823380 -0.35980907 0.003366 1789373605.746464252 150.574 28.635 0.027 0.00000 -1 ACTUAL_TF
43.4367 0.0418587 -1.5648493 0.6780378 -0.43561794 0.63382001 -0.52824568 -0.35981344 0.003409 1789373605.802488089 150.770 28.439 0.020 0.00000 -1 ACTUAL_TF
43.4926 0.0418484 -1.5646647 0.6780259 -0.43562436 0.63382770 -0.52823500 -0.35980781 0.003380 1789373605.858435869 150.955 28.254 0.031 0.00000 -1 ACTUAL_TF
43.5408 0.0418502 -1.5644764 0.6780379 -0.43561114 0.63382823 -0.52824579 -0.35980702 0.003377 1789373605.914387226 151.143 28.066 0.026 0.00000 -1 ACTUAL_TF
43.6007 0.0418519 -1.5642708 0.6780452 -0.43560884 0.63382794 -0.52825009 -0.35980401 0.003466 1789373605.970389128 151.349 27.861 0.029 0.00000 -1 ACTUAL_TF
43.6544 0.0418462 -1.5641034 0.6780498 -0.43560636 0.63382784 -0.52825327 -0.35980253 0.003324 1789373606.026380539 151.516 27.693 0.027 0.00000 -1 ACTUAL_TF
43.7140 0.0418496 -1.5639028 0.6780621 -0.43559649 0.63382519 -0.52826553 -0.35980113 0.003405 1789373606.082308769 151.717 27.493 0.033 0.00000 -1 ACTUAL_TF
43.7796 0.0418527 -1.5637248 0.6780548 -0.43560437 0.63382660 -0.52826161 -0.35979487 0.003334 1789373606.138556004 151.895 27.315 0.044 0.00000 -1 ACTUAL_TF
43.8310 0.0418437 -1.5635238 0.6780682 -0.43559137 0.63382575 -0.52827153 -0.35979754 0.003416 1789373606.194423914 152.096 27.114 0.038 0.00000 -1 ACTUAL_TF
43.8834 0.0418531 -1.5633532 0.6780569 -0.43559710 0.63383065 -0.52826760 -0.35978772 0.003309 1789373606.250396490 152.266 26.943 0.056 0.00000 -1 ACTUAL_TF
43.9444 0.0418459 -1.5631505 0.6780668 -0.43558993 0.63382901 -0.52827491 -0.35978857 0.003405 1789373606.306364775 152.469 26.741 0.053 0.00000 -1 ACTUAL_TF
43.9961 0.0418208 -1.5629454 0.6780661 -0.43558820 0.63383372 -0.52826718 -0.35979371 0.003490 1789373606.362385988 152.675 26.535 0.036 0.00000 -1 ACTUAL_TF
44.0498 0.0418073 -1.5627671 0.6780662 -0.43558963 0.63383425 -0.52826342 -0.35979658 0.003401 1789373606.418422222 152.853 26.356 0.030 0.00000 -1 ACTUAL_TF
44.0999 0.0417913 -1.5625770 0.6780806 -0.43558568 0.63382816 -0.52826766 -0.35980586 0.003407 1789373606.474290609 153.044 26.165 0.015 0.00000 -1 ACTUAL_TF
44.1608 0.0417814 -1.5624033 0.6780878 -0.43558594 0.63382543 -0.52826857 -0.35980903 0.003318 1789373606.530315161 153.218 25.991 0.010 0.00000 -1 ACTUAL_TF
44.2203 0.0417700 -1.5622047 0.6780975 -0.43558672 0.63381855 -0.52827139 -0.35981605 0.003388 1789373606.586378098 153.417 25.792 0.007 0.00000 -1 ACTUAL_TF
44.2771 0.0417684 -1.5620331 0.6780975 -0.43559560 0.63381797 -0.52826511 -0.35981555 0.003279 1789373606.643128157 153.588 25.621 0.008 0.00000 -1 ACTUAL_TF
44.3254 0.0417539 -1.5618431 0.6781119 -0.43558338 0.63381739 -0.52827281 -0.35982005 0.003332 1789373606.698408604 153.779 25.430 0.015 0.00000 -1 ACTUAL_TF
44.3829 0.0417508 -1.5616730 0.6781210 -0.43558177 0.63381617 -0.52827486 -0.35982114 0.003247 1789373606.754319191 153.949 25.260 0.021 0.00000 -1 ACTUAL_TF
44.4440 0.0417358 -1.5614606 0.6781128 -0.43558778 0.63382277 -0.52826209 -0.35982100 0.003412 1789373606.810425997 154.162 25.048 0.012 0.00000 -1 ACTUAL_TF
44.5003 0.0417266 -1.5612380 0.6781090 -0.43559179 0.63382574 -0.52825793 -0.35981702 0.003584 1789373606.866357327 154.385 24.825 0.010 0.00000 -1 ACTUAL_TF
44.5515 0.0417277 -1.5610707 0.6781067 -0.43559364 0.63382850 -0.52825515 -0.35981398 0.003403 1789373606.922482729 154.552 24.658 0.004 0.00000 -1 ACTUAL_TF
44.6148 0.0417246 -1.5608556 0.6781003 -0.43560544 0.63382969 -0.52824443 -0.35981334 0.003537 1789373606.978402138 154.767 24.443 0.012 0.00000 -1 ACTUAL_TF
44.6639 0.0417353 -1.5606852 0.6781019 -0.43560655 0.63382992 -0.52824819 -0.35980610 0.003391 1789373607.034372807 154.937 24.273 0.020 0.00000 -1 ACTUAL_TF
44.7197 0.0417170 -1.5604763 0.6781044 -0.43561562 0.63382563 -0.52824100 -0.35981321 0.003499 1789373607.090272188 155.146 24.063 0.014 0.00000 -1 ACTUAL_TF
44.7779 0.0417121 -1.5603204 0.6781119 -0.43560528 0.63382961 -0.52824418 -0.35981403 0.003283 1789373607.146447897 155.302 23.907 0.009 0.00000 -1 ACTUAL_TF
44.8373 0.0417040 -1.5601110 0.6781174 -0.43560609 0.63382792 -0.52824500 -0.35981485 0.003423 1789373607.202366829 155.512 23.698 0.006 0.00000 -1 ACTUAL_TF
44.8832 0.0417007 -1.5598982 0.6781120 -0.43561351 0.63382595 -0.52824055 -0.35981588 0.003537 1789373607.258326530 155.724 23.485 0.015 0.00000 -1 ACTUAL_TF
44.9405 0.0416874 -1.5597156 0.6781100 -0.43560966 0.63383270 -0.52823816 -0.35981214 0.003457 1789373607.314320564 155.907 23.302 0.019 0.00000 -1 ACTUAL_TF
45.0000 0.0416841 -1.5595130 0.6781025 -0.43562133 0.63383357 -0.52822933 -0.35980945 0.003507 1789373607.370280266 156.110 23.100 0.030 0.00000 -1 ACTUAL_TF
45.0582 0.0416844 -1.5593419 0.6781127 -0.43561658 0.63383125 -0.52823644 -0.35980885 0.003374 1789373607.426278114 156.281 22.928 0.023 0.00000 -1 ACTUAL_TF
45.1127 0.0416833 -1.5591309 0.6781055 -0.43562047 0.63383805 -0.52822999 -0.35980162 0.003490 1789373607.482409954 156.492 22.718 0.034 0.00000 -1 ACTUAL_TF
45.1725 0.0416831 -1.5589659 0.6781093 -0.43561672 0.63383692 -0.52823422 -0.35980194 0.003326 1789373607.538455725 156.657 22.553 0.034 0.00000 -1 ACTUAL_TF
45.2235 0.0416958 -1.5587504 0.6781079 -0.43562543 0.63383582 -0.52823345 -0.35979447 0.003486 1789373607.594384909 156.872 22.338 0.049 0.00000 -1 ACTUAL_TF
45.2843 0.0416775 -1.5585766 0.6781131 -0.43562379 0.63383685 -0.52822987 -0.35979989 0.003377 1789373607.650356293 157.046 22.163 0.039 0.00000 -1 ACTUAL_TF
45.3331 0.0416701 -1.5583743 0.6781111 -0.43562807 0.63384081 -0.52822232 -0.35979881 0.003448 1789373607.706408739 157.248 21.961 0.043 0.00000 -1 ACTUAL_TF
45.4023 0.0416676 -1.5581822 0.6781232 -0.43561976 0.63383733 -0.52823220 -0.35980051 0.003445 1789373607.762412786 157.441 21.769 0.037 0.00000 -1 ACTUAL_TF
45.4512 0.0416618 -1.5580153 0.6781313 -0.43562224 0.63383190 -0.52823422 -0.35980410 0.003308 1789373607.818383932 157.608 21.602 0.032 0.00000 -1 ACTUAL_TF
45.5024 0.0416594 -1.5578171 0.6781444 -0.43561797 0.63382835 -0.52824130 -0.35980514 0.003380 1789373607.874361038 157.806 21.403 0.029 0.00000 -1 ACTUAL_TF
45.5603 0.0416486 -1.5576656 0.6781655 -0.43560716 0.63381900 -0.52825380 -0.35981635 0.003187 1789373607.930364847 157.958 21.251 0.021 0.00000 -1 ACTUAL_TF
45.6170 0.0416477 -1.5574534 0.6781633 -0.43561208 0.63381900 -0.52825354 -0.35981078 0.003368 1789373607.986362457 158.170 21.039 0.025 0.00000 -1 ACTUAL_TF
45.6759 0.0416261 -1.5572874 0.6781720 -0.43560886 0.63382014 -0.52825024 -0.35981749 0.003256 1789373608.042340994 158.337 20.873 0.011 0.00000 -1 ACTUAL_TF
45.7241 0.0416254 -1.5570921 0.6781825 -0.43560587 0.63381763 -0.52825699 -0.35981563 0.003328 1789373608.098306417 158.532 20.677 0.020 0.00000 -1 ACTUAL_TF
45.7860 0.0416246 -1.5568954 0.6781963 -0.43559488 0.63381519 -0.52826750 -0.35981780 0.003384 1789373608.154384136 158.729 20.480 0.031 0.00000 -1 ACTUAL_TF
45.8454 0.0416259 -1.5567179 0.6781983 -0.43559910 0.63381241 -0.52826862 -0.35981595 0.003320 1789373608.210362911 158.906 20.303 0.035 0.00000 -1 ACTUAL_TF
45.8946 0.0416266 -1.5565158 0.6782078 -0.43559615 0.63380911 -0.52827577 -0.35981484 0.003407 1789373608.266425610 159.109 20.101 0.045 0.00000 -1 ACTUAL_TF
45.9566 0.0416326 -1.5563549 0.6782193 -0.43558888 0.63380604 -0.52828605 -0.35981394 0.003249 1789373608.322481871 159.269 19.940 0.059 0.00000 -1 ACTUAL_TF
46.0062 0.0416261 -1.5561533 0.6782257 -0.43558707 0.63380500 -0.52828929 -0.35981321 0.003355 1789373608.378471851 159.471 19.738 0.061 0.00000 -1 ACTUAL_TF
46.0713 0.0416049 -1.5559718 0.6782158 -0.43559422 0.63381183 -0.52827602 -0.35981202 0.003332 1789373608.434325457 159.653 19.556 0.041 0.00000 -1 ACTUAL_TF
46.1188 0.0415983 -1.5557738 0.6782183 -0.43558123 0.63381819 -0.52828142 -0.35980862 0.003391 1789373608.490453243 159.851 19.358 0.040 0.00000 -1 ACTUAL_TF
46.1790 0.0415905 -1.5555907 0.6782117 -0.43559435 0.63381810 -0.52827216 -0.35980648 0.003356 1789373608.546434402 160.034 19.175 0.032 0.00000 -1 ACTUAL_TF
46.2390 0.0415720 -1.5553865 0.6782088 -0.43558897 0.63382797 -0.52826628 -0.35980424 0.003449 1789373608.602376223 160.239 18.970 0.019 0.00000 -1 ACTUAL_TF
46.2891 0.0415530 -1.5551888 0.6782043 -0.43558269 0.63383886 -0.52825943 -0.35980270 0.003477 1789373608.658456087 160.437 18.772 0.008 0.00000 -1 ACTUAL_TF
46.3520 0.0415448 -1.5550196 0.6782085 -0.43558010 0.63384085 -0.52825905 -0.35980291 0.003343 1789373608.714396715 160.606 18.603 0.010 0.00000 -1 ACTUAL_TF
46.3998 0.0415257 -1.5548181 0.6782030 -0.43558090 0.63384845 -0.52825009 -0.35980169 0.003425 1789373608.770383596 160.808 18.401 0.017 0.00000 -1 ACTUAL_TF
46.4624 0.0415183 -1.5546457 0.6782105 -0.43557881 0.63384535 -0.52825381 -0.35980424 0.003323 1789373608.826347828 160.981 18.228 0.020 0.00000 -1 ACTUAL_TF
46.5123 0.0415085 -1.5544335 0.6782064 -0.43558768 0.63384524 -0.52824700 -0.35980368 0.003464 1789373608.882365704 161.193 18.016 0.023 0.00000 -1 ACTUAL_TF
46.5776 0.0415011 -1.5542544 0.6782058 -0.43559549 0.63384586 -0.52824104 -0.35980188 0.003387 1789373608.938281775 161.372 17.837 0.025 0.00000 -1 ACTUAL_TF
46.6264 0.0414980 -1.5540519 0.6782023 -0.43559579 0.63384917 -0.52823939 -0.35979812 0.003455 1789373608.994327307 161.575 17.635 0.025 0.00000 -1 ACTUAL_TF
46.6878 0.0415002 -1.5538813 0.6782155 -0.43558974 0.63384583 -0.52824861 -0.35979779 0.003332 1789373609.050502062 161.745 17.464 0.015 0.00000 -1 ACTUAL_TF
46.7372 0.0415084 -1.5536768 0.6782131 -0.43559255 0.63384892 -0.52824713 -0.35979111 0.003432 1789373609.106376886 161.950 17.260 0.006 0.00000 -1 ACTUAL_TF
46.7939 0.0415062 -1.5534613 0.6782132 -0.43559628 0.63384901 -0.52824692 -0.35978675 0.003558 1789373609.162316084 162.165 17.044 0.010 0.00000 -1 ACTUAL_TF
46.8534 0.0415122 -1.5533018 0.6782214 -0.43559226 0.63384669 -0.52825352 -0.35978600 0.003344 1789373609.218513250 162.324 16.885 0.015 0.00000 -1 ACTUAL_TF
46.9047 0.0415045 -1.5530895 0.6782196 -0.43560075 0.63384514 -0.52824805 -0.35978650 0.003481 1789373609.274376154 162.537 16.673 0.016 0.00000 -1 ACTUAL_TF
46.9643 0.0415057 -1.5529197 0.6782174 -0.43560766 0.63384086 -0.52824758 -0.35978637 0.003346 1789373609.330466986 162.706 16.503 0.024 0.00000 -1 ACTUAL_TF
47.0205 0.0414897 -1.5526996 0.6782074 -0.43561696 0.63384692 -0.52823214 -0.35978711 0.003527 1789373609.386363506 162.927 16.283 0.028 0.00000 -1 ACTUAL_TF
47.0713 0.0414894 -1.5525523 0.6782252 -0.43561253 0.63383824 -0.52824214 -0.35979306 0.003265 1789373609.442309141 163.074 16.135 0.018 0.00000 -1 ACTUAL_TF
47.1321 0.0414879 -1.5523343 0.6782178 -0.43561917 0.63384049 -0.52823730 -0.35978818 0.003452 1789373609.498420715 163.292 15.917 0.029 0.00000 -1 ACTUAL_TF
47.1875 0.0414790 -1.5521426 0.6782328 -0.43561923 0.63382774 -0.52824499 -0.35979926 0.003449 1789373609.554321051 163.484 15.725 0.019 0.00000 -1 ACTUAL_TF
47.2414 0.0414663 -1.5519810 0.6782386 -0.43560998 0.63382969 -0.52824729 -0.35980367 0.003266 1789373609.611497164 163.646 15.563 0.011 0.00000 -1 ACTUAL_TF
47.3024 0.0414560 -1.5517741 0.6782402 -0.43561387 0.63382535 -0.52824697 -0.35980706 0.003420 1789373609.666288376 163.853 15.356 0.009 0.00000 -1 ACTUAL_TF
47.3504 0.0414692 -1.5516117 0.6782450 -0.43561334 0.63382381 -0.52825377 -0.35980043 0.003265 1789373609.722433090 164.015 15.194 0.023 0.00000 -1 ACTUAL_TF
47.4118 0.0414605 -1.5513996 0.6782457 -0.43561803 0.63382287 -0.52824883 -0.35980366 0.003422 1789373609.778471231 164.227 14.982 0.022 0.00000 -1 ACTUAL_TF
47.4588 0.0414598 -1.5512253 0.6782473 -0.43561742 0.63382159 -0.52825296 -0.35980058 0.003331 1789373609.834364176 164.402 14.808 0.027 0.00000 -1 ACTUAL_TF
47.5182 0.0414539 -1.5510378 0.6782623 -0.43561101 0.63381498 -0.52826165 -0.35980724 0.003341 1789373609.890284061 164.590 14.620 0.025 0.00000 -1 ACTUAL_TF
47.5775 0.0414426 -1.5508805 0.6782763 -0.43560243 0.63380926 -0.52826974 -0.35981583 0.003186 1789373609.946378946 164.747 14.462 0.024 0.00000 -1 ACTUAL_TF
47.6451 0.0414413 -1.5506816 0.6782876 -0.43559647 0.63380457 -0.52827956 -0.35981687 0.003301 1789373610.002203703 164.946 14.263 0.033 0.00000 -1 ACTUAL_TF
47.6876 0.0414274 -1.5504820 0.6782921 -0.43559858 0.63380320 -0.52827514 -0.35982324 0.003380 1789373610.058318853 165.146 14.063 0.030 0.00000 -1 ACTUAL_TF
47.7533 0.0414212 -1.5503071 0.6782928 -0.43560332 0.63379952 -0.52827377 -0.35982599 0.003303 1789373610.114371538 165.321 13.888 0.027 0.00000 -1 ACTUAL_TF
47.8069 0.0414192 -1.5501126 0.6783005 -0.43560144 0.63379727 -0.52827946 -0.35982386 0.003354 1789373610.170432806 165.516 13.694 0.033 0.00000 -1 ACTUAL_TF
47.8568 0.0414140 -1.5499395 0.6783049 -0.43560135 0.63379870 -0.52827974 -0.35982106 0.003277 1789373610.226355076 165.689 13.520 0.035 0.00000 -1 ACTUAL_TF
47.9081 0.0414037 -1.5497371 0.6783043 -0.43560037 0.63380400 -0.52827551 -0.35981912 0.003379 1789373610.282377481 165.892 13.318 0.030 0.00000 -1 ACTUAL_TF
47.9669 0.0413967 -1.5495758 0.6783057 -0.43559963 0.63380642 -0.52827167 -0.35982138 0.003231 1789373610.338337183 166.053 13.156 0.028 0.00000 -1 ACTUAL_TF
48.0318 0.0413942 -1.5493677 0.6783017 -0.43560337 0.63380940 -0.52826681 -0.35981874 0.003375 1789373610.394444466 166.261 12.948 0.024 0.00000 -1 ACTUAL_TF
48.0813 0.0413839 -1.5491581 0.6782911 -0.43560466 0.63382004 -0.52825667 -0.35981331 0.003492 1789373610.450235844 166.471 12.739 0.013 0.00000 -1 ACTUAL_TF
48.1340 0.0413797 -1.5489803 0.6782846 -0.43560890 0.63382568 -0.52824982 -0.35980831 0.003397 1789373610.506282568 166.648 12.561 0.014 0.00000 -1 ACTUAL_TF
48.1932 0.0413770 -1.5487868 0.6782886 -0.43559258 0.63383582 -0.52825657 -0.35980029 0.003415 1789373610.562239408 166.842 12.368 0.016 0.00000 -1 ACTUAL_TF
48.2506 0.0413732 -1.5486085 0.6782855 -0.43560971 0.63383293 -0.52824640 -0.35979958 0.003342 1789373610.618482828 167.020 12.189 0.020 0.00000 -1 ACTUAL_TF
48.3102 0.0413730 -1.5484173 0.6782914 -0.43559769 0.63383572 -0.52825492 -0.35979671 0.003367 1789373610.674366474 167.211 11.998 0.024 0.00000 -1 ACTUAL_TF
48.3636 0.0413531 -1.5482420 0.6782896 -0.43559783 0.63384077 -0.52824721 -0.35979897 0.003302 1789373610.730351925 167.387 11.822 0.014 0.00000 -1 ACTUAL_TF
48.4171 0.0413338 -1.5480385 0.6782837 -0.43559719 0.63384860 -0.52823952 -0.35979725 0.003405 1789373610.786433220 167.591 11.618 0.020 0.00000 -1 ACTUAL_TF
48.4757 0.0413253 -1.5478670 0.6782874 -0.43559113 0.63385207 -0.52824054 -0.35979695 0.003305 1789373610.842376471 167.763 11.447 0.020 0.00000 -1 ACTUAL_TF
48.5244 0.0413131 -1.5476741 0.6782962 -0.43558490 0.63385222 -0.52824352 -0.35979987 0.003349 1789373610.898419857 167.956 11.253 0.019 0.00000 -1 ACTUAL_TF
48.5868 0.0413050 -1.5474737 0.6783013 -0.43558234 0.63385389 -0.52824317 -0.35980053 0.003420 1789373610.954369545 168.157 11.053 0.019 0.00000 -1 ACTUAL_TF
48.6481 0.0412993 -1.5472898 0.6782973 -0.43559591 0.63385266 -0.52823403 -0.35979968 0.003381 1789373611.010332584 168.341 10.869 0.024 0.00000 -1 ACTUAL_TF
48.6972 0.0413022 -1.5470960 0.6783004 -0.43559697 0.63384961 -0.52823731 -0.35979896 0.003402 1789373611.066493034 168.534 10.675 0.019 0.00000 -1 ACTUAL_TF
48.7593 0.0412926 -1.5469224 0.6782988 -0.43560643 0.63385023 -0.52822733 -0.35980109 0.003314 1789373611.122409105 168.708 10.501 0.024 0.00000 -1 ACTUAL_TF
48.8098 0.0412965 -1.5467301 0.6783127 -0.43559990 0.63384307 -0.52823947 -0.35980377 0.003353 1789373611.178404093 168.900 10.309 0.010 0.00000 -1 ACTUAL_TF
48.8696 0.0412999 -1.5465512 0.6783105 -0.43560570 0.63384418 -0.52823530 -0.35980090 0.003304 1789373611.234512568 169.079 10.130 0.016 0.00000 -1 ACTUAL_TF
48.9215 0.0413076 -1.5463536 0.6783213 -0.43560636 0.63383807 -0.52824240 -0.35980045 0.003377 1789373611.290340900 169.276 9.933 0.021 0.00000 -1 ACTUAL_TF
48.9805 0.0413106 -1.5461453 0.6783251 -0.43560127 0.63384093 -0.52824790 -0.35979351 0.003479 1789373611.346389055 169.484 9.725 0.030 0.00000 -1 ACTUAL_TF
49.0311 0.0413193 -1.5459762 0.6783270 -0.43560706 0.63383713 -0.52824985 -0.35979033 0.003343 1789373611.402396202 169.653 9.556 0.044 0.00000 -1 ACTUAL_TF
49.0898 0.0413112 -1.5457789 0.6783355 -0.43559849 0.63383994 -0.52825495 -0.35978826 0.003400 1789373611.458312035 169.851 9.359 0.041 0.00000 -1 ACTUAL_TF
49.1497 0.0412960 -1.5456079 0.6783381 -0.43560021 0.63383968 -0.52825050 -0.35979317 0.003299 1789373611.514377594 170.022 9.187 0.031 0.00000 -1 ACTUAL_TF
49.2003 0.0412916 -1.5453899 0.6783369 -0.43560559 0.63383918 -0.52824892 -0.35978985 0.003478 1789373611.570332766 170.240 8.969 0.033 0.00000 -1 ACTUAL_TF
49.2621 0.0412820 -1.5452385 0.6783504 -0.43559415 0.63383544 -0.52825746 -0.35979776 0.003251 1789373611.626314640 170.392 8.817 0.028 0.00000 -1 ACTUAL_TF
49.3091 0.0412729 -1.5450376 0.6783604 -0.43559335 0.63383265 -0.52825968 -0.35980039 0.003354 1789373611.682352304 170.593 8.616 0.028 0.00000 -1 ACTUAL_TF
49.3670 0.0412697 -1.5448707 0.6783561 -0.43559683 0.63383331 -0.52825707 -0.35979884 0.003240 1789373611.738443375 170.760 8.449 0.027 0.00000 -1 ACTUAL_TF
49.4232 0.0412678 -1.5446698 0.6783669 -0.43559197 0.63382708 -0.52826697 -0.35980116 0.003348 1789373611.794378042 170.961 8.248 0.034 0.00000 -1 ACTUAL_TF
49.4865 0.0412554 -1.5444740 0.6783745 -0.43559263 0.63382211 -0.52826781 -0.35980788 0.003397 1789373611.850291729 171.157 8.052 0.030 0.00000 -1 ACTUAL_TF
49.5344 0.0412602 -1.5442794 0.6783722 -0.43559714 0.63382443 -0.52826705 -0.35979945 0.003417 1789373611.906462431 171.352 7.858 0.037 0.00000 -1 ACTUAL_TF
49.6038 0.0412575 -1.5440826 0.6783814 -0.43559591 0.63381917 -0.52827271 -0.35980191 0.003449 1789373611.962372780 171.548 7.661 0.043 0.00000 -1 ACTUAL_TF
49.6530 0.0412464 -1.5439226 0.6783903 -0.43559006 0.63381724 -0.52827715 -0.35980587 0.003275 1789373612.018412113 171.709 7.501 0.041 0.00000 -1 ACTUAL_TF
49.7034 0.0412366 -1.5437196 0.6783877 -0.43559301 0.63381771 -0.52827357 -0.35980672 0.003381 1789373612.074418545 171.912 7.297 0.035 0.00000 -1 ACTUAL_TF
49.7703 0.0412362 -1.5435510 0.6783822 -0.43559478 0.63382075 -0.52827105 -0.35980291 0.003269 1789373612.130460501 172.080 7.129 0.035 0.00000 -1 ACTUAL_TF
49.8229 0.0412278 -1.5433530 0.6783861 -0.43559501 0.63382188 -0.52826837 -0.35980459 0.003352 1789373612.186366796 172.279 6.931 0.033 0.00000 -1 ACTUAL_TF
49.8725 0.0412069 -1.5431376 0.6783801 -0.43560059 0.63382859 -0.52825659 -0.35980331 0.003506 1789373612.242404699 172.494 6.715 0.017 0.00000 -1 ACTUAL_TF
49.9270 0.0411922 -1.5429631 0.6783796 -0.43560249 0.63382910 -0.52825150 -0.35980759 0.003393 1789373612.298372984 172.669 6.540 0.007 0.00000 -1 ACTUAL_TF
49.9898 0.0411752 -1.5427626 0.6783819 -0.43560486 0.63382866 -0.52824782 -0.35981089 0.003456 1789373612.354190826 172.870 6.339 0.004 0.00000 -1 ACTUAL_TF
50.0403 0.0411681 -1.5425986 0.6783839 -0.43559847 0.63383581 -0.52824678 -0.35980754 0.003296 1789373612.410409212 173.034 6.175 0.006 0.00000 -1 ACTUAL_TF
50.0960 0.0411621 -1.5423982 0.6783882 -0.43560155 0.63383020 -0.52824843 -0.35981128 0.003383 1789373612.466308594 173.235 5.975 0.006 0.00000 -1 ACTUAL_TF
50.1505 0.0411739 -1.5422334 0.6783908 -0.43560583 0.63382909 -0.52825018 -0.35980549 0.003252 1789373612.522386789 173.399 5.810 0.010 0.00000 -1 ACTUAL_TF
50.2135 0.0411616 -1.5420307 0.6783867 -0.43559878 0.63383769 -0.52824870 -0.35980106 0.003364 1789373612.578403711 173.602 5.607 0.008 0.00000 -1 ACTUAL_TF
50.2665 0.0411545 -1.5418395 0.6783822 -0.43560814 0.63383653 -0.52824247 -0.35980092 0.003380 1789373612.634421587 173.793 5.416 0.014 0.00000 -1 ACTUAL_TF
50.3178 0.0411433 -1.5416309 0.6783792 -0.43560864 0.63384273 -0.52823758 -0.35979656 0.003487 1789373612.690324545 174.002 5.207 0.020 0.00000 -1 ACTUAL_TF
50.3840 0.0411495 -1.5414426 0.6783852 -0.43559731 0.63384791 -0.52824553 -0.35978948 0.003451 1789373612.746335506 174.190 5.019 0.019 0.00000 -1 ACTUAL_TF
50.4344 0.0411342 -1.5412613 0.6783779 -0.43560265 0.63385318 -0.52823532 -0.35978873 0.003390 1789373612.802372456 174.372 4.838 0.026 0.00000 -1 ACTUAL_TF
50.4952 0.0411275 -1.5410606 0.6783788 -0.43560072 0.63385405 -0.52823770 -0.35978604 0.003449 1789373612.858396053 174.573 4.637 0.029 0.00000 -1 ACTUAL_TF
50.5462 0.0411330 -1.5408957 0.6783790 -0.43559741 0.63385792 -0.52824143 -0.35977774 0.003298 1789373612.914392471 174.737 4.472 0.032 0.00000 -1 ACTUAL_TF
50.5990 0.0411134 -1.5406853 0.6783804 -0.43559413 0.63386136 -0.52823810 -0.35978054 0.003441 1789373612.970402956 174.948 4.261 0.033 0.00000 -1 ACTUAL_TF
50.6610 0.0411035 -1.5405074 0.6783812 -0.43559999 0.63385905 -0.52823496 -0.35978213 0.003364 1789373613.026313066 175.126 4.083 0.035 0.00000 -1 ACTUAL_TF
50.7171 0.0411047 -1.5403072 0.6783828 -0.43559827 0.63386107 -0.52823505 -0.35978053 0.003426 1789373613.082388163 175.326 3.883 0.036 0.00000 -1 ACTUAL_TF
50.7656 0.0410979 -1.5401108 0.6783990 -0.43559519 0.63385212 -0.52824375 -0.35978723 0.003453 1789373613.138472795 175.523 3.686 0.023 0.00000 -1 ACTUAL_TF
50.8266 0.0410808 -1.5399324 0.6783970 -0.43559772 0.63385468 -0.52823674 -0.35978995 0.003380 1789373613.194319248 175.702 3.508 0.030 0.00000 -1 ACTUAL_TF
50.8787 0.0410783 -1.5397294 0.6784043 -0.43560199 0.63384662 -0.52824148 -0.35979203 0.003451 1789373613.250446558 175.905 3.304 0.025 0.00000 -1 ACTUAL_TF
50.9376 0.0410690 -1.5395495 0.6784040 -0.43560313 0.63384857 -0.52823780 -0.35979263 0.003385 1789373613.306238174 176.085 3.124 0.029 0.00000 -1 ACTUAL_TF
51.0060 0.0410742 -1.5393494 0.6784201 -0.43560094 0.63384159 -0.52824550 -0.35979626 0.003441 1789373613.362432241 176.285 2.924 0.013 0.00000 -1 ACTUAL_TF
51.0511 0.0410803 -1.5391687 0.6784242 -0.43560603 0.63383674 -0.52824904 -0.35979346 0.003378 1789373613.418434620 176.466 2.744 0.015 0.00000 -1 ACTUAL_TF
51.1003 0.0410859 -1.5389712 0.6784328 -0.43560792 0.63383038 -0.52825370 -0.35979552 0.003424 1789373613.474407434 176.663 2.547 0.022 0.00000 -1 ACTUAL_TF
51.1720 0.0410731 -1.5388072 0.6784495 -0.43560057 0.63382689 -0.52825812 -0.35980409 0.003283 1789373613.530384541 176.827 2.382 0.016 0.00000 -1 ACTUAL_TF
51.2183 0.0410664 -1.5386011 0.6784511 -0.43559451 0.63383102 -0.52825983 -0.35980163 0.003404 1789373613.586322069 177.034 2.176 0.014 0.00000 -1 ACTUAL_TF
51.2752 0.0410642 -1.5383980 0.6784614 -0.43558966 0.63382405 -0.52827042 -0.35980423 0.003470 1789373613.642450094 177.237 1.972 0.022 0.00000 -1 ACTUAL_TF
51.3367 0.0410541 -1.5382118 0.6784585 -0.43559356 0.63382508 -0.52826570 -0.35980462 0.003429 1789373613.698406219 177.423 1.786 0.015 0.00000 -1 ACTUAL_TF
51.3854 0.0410523 -1.5380083 0.6784659 -0.43559551 0.63382112 -0.52826760 -0.35980645 0.003494 1789373613.754272461 177.627 1.583 0.021 0.00000 -1 ACTUAL_TF
51.4542 0.0410515 -1.5378436 0.6784702 -0.43559965 0.63381475 -0.52826885 -0.35981082 0.003328 1789373613.810314655 177.791 1.418 0.025 0.00000 -1 ACTUAL_TF
51.4970 0.0410428 -1.5376357 0.6784646 -0.43560246 0.63382206 -0.52826108 -0.35980596 0.003443 1789373613.866384268 177.999 1.210 0.019 0.00000 -1 ACTUAL_TF
51.5560 0.0410283 -1.5374553 0.6784567 -0.43560872 0.63382491 -0.52825139 -0.35980759 0.003382 1789373613.922333479 178.180 1.029 0.010 0.00000 -1 ACTUAL_TF
51.6052 0.0410244 -1.5372535 0.6784630 -0.43559624 0.63382874 -0.52825731 -0.35980725 0.003447 1789373613.978440762 178.382 0.827 0.011 0.00000 -1 ACTUAL_TF
51.6628 0.0410186 -1.5370596 0.6784452 -0.43561080 0.63383615 -0.52824306 -0.35979751 0.003458 1789373614.034377813 178.576 0.634 0.025 0.00000 -1 ACTUAL_TF
51.7239 0.0410101 -1.5368608 0.6784548 -0.43560176 0.63383482 -0.52824871 -0.35980248 0.003480 1789373614.090758085 178.775 0.435 0.017 0.00000 -1 ACTUAL_TF
51.7732 0.0409965 -1.5366552 0.6784487 -0.43560226 0.63383905 -0.52824399 -0.35980135 0.003549 1789373614.146346092 178.981 0.229 0.024 0.00000 -1 ACTUAL_TF
51.8278 0.0410049 -1.5364916 0.6784533 -0.43560043 0.63383865 -0.52825048 -0.35979475 0.003361 1789373614.202388048 179.144 0.066 0.027 0.00000 -1 ACTUAL_TF
51.8910 0.0409949 -1.5362974 0.6784641 -0.43559460 0.63383891 -0.52825320 -0.35979737 0.003397 1789373614.258343935 179.338 -0.129 0.018 0.00000 -1 ACTUAL_TF
51.9396 0.0409865 -1.5361239 0.6784581 -0.43559868 0.63384563 -0.52824491 -0.35979274 0.003309 1789373614.314349890 179.512 -0.303 0.024 0.00000 -1 ACTUAL_TF
51.9990 0.0409732 -1.5359380 0.6784763 -0.43558365 0.63384469 -0.52825363 -0.35979980 0.003319 1789373614.370383501 179.698 -0.489 0.007 0.00000 -1 ACTUAL_TF
52.0607 0.0409672 -1.5357659 0.6784811 -0.43558255 0.63384576 -0.52825433 -0.35979821 0.003247 1789373614.426339388 179.871 -0.661 0.005 0.00000 -1 ACTUAL_TF
52.1117 0.0409534 -1.5355698 0.6784830 -0.43558781 0.63384159 -0.52825154 -0.35980329 0.003324 1789373614.482460260 180.067 -0.858 0.011 0.00000 -1 ACTUAL_TF
52.1817 0.0409560 -1.5353768 0.6784818 -0.43559377 0.63384065 -0.52825018 -0.35979974 0.003360 1789373614.538482666 180.260 -1.051 0.010 0.00000 -1 ACTUAL_TF
52.2205 0.0409700 -1.5352217 0.6784867 -0.43559487 0.63383929 -0.52825723 -0.35979044 0.003189 1789373614.594338417 180.415 -1.205 0.020 0.00000 -1 ACTUAL_TF
52.2892 0.0409632 -1.5350360 0.6784875 -0.43559747 0.63384069 -0.52825205 -0.35979242 0.003226 1789373614.650430441 180.600 -1.391 0.019 0.00000 -1 ACTUAL_TF
52.3371 0.0409645 -1.5348711 0.6784879 -0.43559644 0.63384390 -0.52825268 -0.35978710 0.003142 1789373614.706386089 180.765 -1.556 0.026 0.00000 -1 ACTUAL_TF
52.3975 0.0409554 -1.5346874 0.6784903 -0.43560428 0.63384057 -0.52824679 -0.35979213 0.003187 1789373614.762297869 180.949 -1.740 0.023 0.00000 -1 ACTUAL_TF
52.4432 0.0409568 -1.5345273 0.6784912 -0.43560071 0.63384441 -0.52824954 -0.35978565 0.003088 1789373614.818324804 181.109 -1.900 0.029 0.00000 -1 ACTUAL_TF
52.5084 0.0409437 -1.5343408 0.6784927 -0.43560977 0.63384164 -0.52824226 -0.35979025 0.003161 1789373614.874451160 181.296 -2.086 0.024 0.00000 -1 ACTUAL_TF
52.5607 0.0409537 -1.5342034 0.6785004 -0.43560395 0.63383999 -0.52825239 -0.35978532 0.002953 1789373614.930391312 181.433 -2.224 0.034 0.00000 -1 ACTUAL_TF
52.6186 0.0409386 -1.5340292 0.6785004 -0.43560337 0.63384315 -0.52824821 -0.35978659 0.003005 1789373614.986322403 181.608 -2.398 0.025 0.00000 -1 ACTUAL_TF
52.6753 0.0409324 -1.5338463 0.6785079 -0.43560493 0.63383994 -0.52825154 -0.35978547 0.003085 1789373615.042293549 181.791 -2.581 0.023 0.00000 -1 ACTUAL_TF
52.7258 0.0409207 -1.5337097 0.6785154 -0.43559466 0.63384228 -0.52825548 -0.35978799 0.002895 1789373615.098288536 181.928 -2.718 0.014 0.00000 -1 ACTUAL_TF
52.7889 0.0409138 -1.5335195 0.6785128 -0.43559508 0.63384663 -0.52825350 -0.35978274 0.003042 1789373615.154506207 182.118 -2.909 0.015 0.00000 -1 ACTUAL_TF
52.8460 0.0408978 -1.5333786 0.6785148 -0.43559450 0.63384781 -0.52824681 -0.35979117 0.002892 1789373615.210279703 182.259 -3.050 0.007 0.00000 -1 ACTUAL_TF
52.9058 0.0408860 -1.5332014 0.6785251 -0.43558759 0.63384718 -0.52825156 -0.35979368 0.002976 1789373615.266373873 182.437 -3.227 0.005 0.00000 -1 ACTUAL_TF
52.9536 0.0408796 -1.5330655 0.6785359 -0.43557963 0.63384514 -0.52825876 -0.35979634 0.002813 1789373615.322510719 182.573 -3.364 0.012 0.00000 -1 ACTUAL_TF
53.0130 0.0408708 -1.5328691 0.6785355 -0.43558597 0.63384495 -0.52825508 -0.35979440 0.003026 1789373615.378317356 182.770 -3.560 0.012 0.00000 -1 ACTUAL_TF
53.0630 0.0408662 -1.5326987 0.6785470 -0.43558165 0.63384034 -0.52826286 -0.35979632 0.003033 1789373615.434334040 182.940 -3.731 0.018 0.00000 -1 ACTUAL_TF
53.1223 0.0408714 -1.5325559 0.6785590 -0.43558254 0.63383197 -0.52827050 -0.35979879 0.002890 1789373615.490376234 183.083 -3.873 0.025 0.00000 -1 ACTUAL_TF
53.1804 0.0408836 -1.5323936 0.6785640 -0.43558295 0.63382974 -0.52827576 -0.35979448 0.002896 1789373615.546387434 183.245 -4.035 0.032 0.00000 -1 ACTUAL_TF
53.2377 0.0408727 -1.5322558 0.6785678 -0.43558845 0.63382767 -0.52827067 -0.35979895 0.002762 1789373615.602866411 183.383 -4.174 0.031 0.00000 -1 ACTUAL_TF
53.2893 0.0408788 -1.5321065 0.6785691 -0.43559503 0.63382287 -0.52827307 -0.35979591 0.002738 1789373615.658562183 183.532 -4.323 0.035 0.00000 -1 ACTUAL_TF
53.3442 0.0408774 -1.5319874 0.6785757 -0.43559706 0.63381729 -0.52827517 -0.35980020 0.002557 1789373615.714429617 183.651 -4.442 0.040 0.00000 -1 ACTUAL_TF
53.4017 0.0408711 -1.5318641 0.6785783 -0.43559646 0.63381770 -0.52827456 -0.35980110 0.002453 1789373615.770314932 183.775 -4.565 0.039 0.00000 -1 ACTUAL_TF
53.4587 0.0408685 -1.5317843 0.6785839 -0.43559080 0.63381937 -0.52827580 -0.35980320 0.002145 1789373615.826469183 183.855 -4.645 0.043 0.00000 -1 ACTUAL_TF
53.5128 0.0408665 -1.5316877 0.6785771 -0.43559675 0.63382113 -0.52826945 -0.35980222 0.002021 1789373615.882431984 183.951 -4.742 0.037 0.00000 -1 ACTUAL_TF
53.5768 0.0408598 -1.5316119 0.6785779 -0.43559480 0.63382404 -0.52826765 -0.35980209 0.001822 1789373615.938385248 184.027 -4.818 0.034 0.00000 -1 ACTUAL_TF
53.6289 0.0408586 -1.5315654 0.6785794 -0.43559029 0.63382561 -0.52827090 -0.35980002 0.001525 1789373615.994368315 184.074 -4.864 0.035 0.00000 -1 ACTUAL_TF
53.6806 0.0408612 -1.5315214 0.6785820 -0.43559054 0.63382259 -0.52827357 -0.35980111 0.001304 1789373616.050442696 184.117 -4.908 0.038 0.00000 -1 ACTUAL_TF
53.7443 0.0408606 -1.5314973 0.6785846 -0.43559084 0.63382154 -0.52827388 -0.35980215 0.001043 1789373616.106454611 184.142 -4.932 0.040 0.00000 -1 ACTUAL_TF
53.7946 0.0408564 -1.5314727 0.6785841 -0.43559313 0.63382217 -0.52827089 -0.35980267 0.000864 1789373616.162332535 184.166 -4.957 0.038 0.00000 -1 ACTUAL_TF
