WELD FEEDBACK LOG
result=completed
started=2026-09-14 10:31:41
ended=2026-09-14 10:32:38
elapsed_seconds=56.761

================ OPERATOR OVERVIEW ================
REQUESTED : 190 A / 24.5 V · FE-SOLID 1.2 mm · LSM · CO2 100%
RX ECHO   : 190 A / 24.5 V · MATCH=YES
CURRENT FB: avg 201.45 · min 10.00 · max 219.00 A
VOLTAGE FB: avg 24.30 · min 3.00 · max 60.40 V
WIRE FEED : avg 8.40 · min 8.40 · max 8.40 m/min
WCR       : DETECTED
SAMPLES   : RX 1419 / welding 1343 / TCP 993
===================================================

[commanded]
current_a=190
voltage_tenths=245
voltage=24.5
material=FE-SOLID
diameter_mm=1.2
mode=LSM
gas=CO2 100%
synergic=False
correction=0.0
pre_gas_s=0.0
post_gas_s=0.0
preflow_seconds=0.0

[rx_setting_echo]
current_a=190
voltage_v=24.5

[rx_welding_setting_echo]
current_a=190
voltage_v=24.5

[execution_conditions]
mode=sequence_execute
run_all=True
touch_io_backend=fastech_ethernet
touch_input_port=4
touch_sensing_output_port=0
fastech_ip=192.168.0.3
fastech_poll_target_hz=100.0
hicomm_source_ip=192.168.1.2
hicomm_welder_ip=192.168.1.10
hicomm_port=60000
gui_velocity_percent=36.95263157894737
gui_speed_mode=scale
gui_tcp_speed_mm_s=10.0
gui_interpolation_step_mm=5.0
seam_wall_offset_mm=0.0
seam_floor_offset_mm=0.0
seam_orientation_mode=Wait poses + fixed World-XYZ tilt
weld_fixed_tilt_x_deg=0.0
weld_fixed_tilt_y_deg=0.0
weld_fixed_tilt_z_deg=-0.0
weld_weave_enabled=False
weld_weave_pattern=circle
weld_weave_amplitude_mm=2.8
weld_weave_cycles=4
weld_weave_samples_per_cycle=8
weld_weave_axis=tool_x
weld_lead_in_mm=0.0
weld_lead_out_mm=5.0
weld_safe_approach_mm=30.0
weld_approach_mode=taught_wait
weld_pre_start_lead_mm=0.0
weld_tcp_speed_mm_s=3.5
weld_adaptive_line_energy=False
weld_adaptive_min_percent=85.0
weld_adaptive_max_percent=100.0
weld_adaptive_filter_tau_s=0.7
weld_adaptive_baseline_mm=6.0
weld_arc_off_delay_ms=500.0
weld_arc_stabilize_s=0.0
tcp_tracking.parent_frame=World
tcp_tracking.child_frame=right_manipulator_ee_point
tcp_tracking.timestamp_source=TF_header_stamp
initial_fastech_di0=False
initial_fastech_do0=True
robot_connected.left=True
robot_connected.right=True
robot_connected.head=True
hicomm_connected=True
execution_allowed=True
steps[0].sequence_number=1
steps[0].type=named_pose
steps[0].parallel_slot=1
steps[0].duration=0.0
steps[0].planning_group=right_manipulator
steps[0].velocity_scale=0.3695263157894737
steps[0].tcp_speed_m_s=0.0
steps[0].pose_name=weld_start_wait
steps[0].pose_label=3 · Weld start wait pose
steps[0].touch_guard=False
steps[0].continue_after_touch=False
steps[0].weld_scenario_id=weld-3647636951095
steps[0].weld_scenario_stage=start_wait
steps[0].target_tcp.position_m.x=0.03555377922684433
steps[0].target_tcp.position_m.y=-1.7629982231980013
steps[0].target_tcp.position_m.z=0.6634279946324684
steps[0].target_tcp.orientation_xyzw.x=-0.45144924746906906
steps[0].target_tcp.orientation_xyzw.y=0.7437969507722324
steps[0].target_tcp.orientation_xyzw.z=-0.43211738686962725
steps[0].target_tcp.orientation_xyzw.w=-0.23713759074955934
steps[0].joint_names[0]=right_manipulator_joint1
steps[0].joint_names[1]=right_manipulator_joint2
steps[0].joint_names[2]=right_manipulator_joint3
steps[0].joint_names[3]=right_manipulator_joint4
steps[0].joint_names[4]=right_manipulator_joint5
steps[0].joint_names[5]=right_manipulator_joint6
steps[0].joint_positions_rad[0]=5.0539883923514095
steps[0].joint_positions_rad[1]=1.1962923611377574
steps[0].joint_positions_rad[2]=1.7691810553492973
steps[0].joint_positions_rad[3]=3.479269761903044
steps[0].joint_positions_rad[4]=0.8634793168184542
steps[0].joint_positions_rad[5]=1.5028455052654157
steps[1].sequence_number=2
steps[1].type=motion
steps[1].parallel_slot=2
steps[1].duration=0.0
steps[1].planning_group=right_manipulator
steps[1].velocity_scale=0.3695263157894737
steps[1].tcp_speed_m_s=0.0
steps[1].interpolation_step=0.005
steps[1].path_kind=taught_wait_align_weld_attitude
steps[1].touch_guard=False
steps[1].continue_after_touch=False
steps[1].accept_initial_touch=False
steps[1].weld_scenario_id=weld-3647636951095
steps[1].weld_scenario_stage=start_safe
steps[1].waypoint_count=1
steps[1].waypoints[0].position_m.x=0.03555377922684433
steps[1].waypoints[0].position_m.y=-1.7629982231980013
steps[1].waypoints[0].position_m.z=0.6634279946324684
steps[1].waypoints[0].orientation_xyzw.x=-0.4514482126691748
steps[1].waypoints[0].orientation_xyzw.y=0.7437903121013001
steps[1].waypoints[0].orientation_xyzw.z=-0.43212868422881806
steps[1].waypoints[0].orientation_xyzw.w=-0.23713979667851745
steps[2].sequence_number=3
steps[2].type=motion
steps[2].parallel_slot=3
steps[2].duration=0.0
steps[2].planning_group=right_manipulator
steps[2].velocity_scale=0.3695263157894737
steps[2].tcp_speed_m_s=0.0
steps[2].interpolation_step=0.005
steps[2].path_kind=taught_wait_to_weld_start
steps[2].touch_guard=False
steps[2].continue_after_touch=True
steps[2].accept_initial_touch=False
steps[2].weld_scenario_id=weld-3647636951095
steps[2].weld_scenario_stage=start_contact
steps[2].lead_in_mm=0.0
steps[2].waypoint_count=1
steps[2].waypoints[0].position_m.x=0.035558048364724315
steps[2].waypoints[0].position_m.y=-1.7630072241246002
steps[2].waypoints[0].position_m.z=0.6585365274538237
steps[2].waypoints[0].orientation_xyzw.x=-0.4514482126691748
steps[2].waypoints[0].orientation_xyzw.y=0.7437903121013001
steps[2].waypoints[0].orientation_xyzw.z=-0.43212868422881806
steps[2].waypoints[0].orientation_xyzw.w=-0.23713979667851745
steps[3].sequence_number=4
steps[3].type=digital_output
steps[3].parallel_slot=4
steps[3].duration=0.0
steps[3].port=0
steps[3].value=False
steps[3].weld_scenario_id=weld-3647636951095
steps[3].weld_scenario_stage=touch_output_off
steps[4].sequence_number=5
steps[4].type=digital_weld
steps[4].parallel_slot=5
steps[4].duration=0.0
steps[4].command=on
steps[4].weld_scenario_id=weld-3647636951095
steps[4].weld_scenario_stage=arc_on
steps[4].arc_stabilize_s=0.0
steps[4].settings.current_a=190
steps[4].settings.voltage_tenths=245
steps[4].settings.voltage=24.5
steps[4].settings.material=FE-SOLID
steps[4].settings.diameter_mm=1.2
steps[4].settings.mode=LSM
steps[4].settings.gas=CO2 100%
steps[4].settings.synergic=False
steps[4].settings.correction=0.0
steps[4].settings.pre_gas_s=0.0
steps[4].settings.post_gas_s=0.0
steps[4].settings.preflow_seconds=0.0
steps[5].sequence_number=6
steps[5].type=motion
steps[5].parallel_slot=5
steps[5].duration=0.0
steps[5].planning_group=right_manipulator
steps[5].velocity_scale=0.3695263157894737
steps[5].tcp_speed_m_s=0.0035
steps[5].interpolation_step=0.005
steps[5].path_kind=continuous_lead_to_lead_over_taught_goal_fastech_di0_ignored
steps[5].touch_guard=False
steps[5].continue_after_touch=False
steps[5].weld_scenario_id=weld-3647636951095
steps[5].weld_scenario_stage=weld_motion
steps[5].lead_in_mm=0.0
steps[5].lead_out_mm=5.0
steps[5].linear_motion_profile=True
steps[5].adaptive_line_energy=False
steps[5].adaptive_min_factor=0.85
steps[5].adaptive_max_factor=1.0
steps[5].adaptive_filter_tau_s=0.7
steps[5].adaptive_baseline_mm=6.0
steps[5].adaptive_end_freeze_mm=10.0
steps[5].adaptive_current_deadband_a=8.0
steps[5].adaptive_power_deadband_ratio=0.05
steps[5].adaptive_slew_m_s2=0.00025
steps[5].adaptive_update_period_s=0.5
steps[5].arc_stabilize_s=0.0
steps[5].waypoint_count=2
steps[5].waypoints[0].position_m.x=0.035558048364724315
steps[5].waypoints[0].position_m.y=-1.7630072241246002
steps[5].waypoints[0].position_m.z=0.6585365274538237
steps[5].waypoints[0].orientation_xyzw.x=-0.4514482126691748
steps[5].waypoints[0].orientation_xyzw.y=0.7437903121013001
steps[5].waypoints[0].orientation_xyzw.z=-0.43212868422881806
steps[5].waypoints[0].orientation_xyzw.w=-0.23713979667851745
steps[5].waypoints[1].position_m.x=0.03036123736657022
steps[5].waypoints[1].position_m.y=-1.5745092968464816
steps[5].waypoints[1].position_m.z=0.6608967831339904
steps[5].waypoints[1].orientation_xyzw.x=-0.4514651561103493
steps[5].waypoints[1].orientation_xyzw.y=0.7437968015565868
steps[5].waypoints[1].orientation_xyzw.z=-0.4320924376795807
steps[5].waypoints[1].orientation_xyzw.w=-0.23715323340103767
steps[5].lead_start.position_m.x=0.035558048364724315
steps[5].lead_start.position_m.y=-1.7630072241246002
steps[5].lead_start.position_m.z=0.6585365274538237
steps[5].lead_start.orientation_xyzw.x=-0.4514482126691748
steps[5].lead_start.orientation_xyzw.y=0.7437903121013001
steps[5].lead_start.orientation_xyzw.z=-0.43212868422881806
steps[5].lead_start.orientation_xyzw.w=-0.23713979667851745
steps[5].usable_seam_start.position_m.x=0.035558048364724315
steps[5].usable_seam_start.position_m.y=-1.7630072241246002
steps[5].usable_seam_start.position_m.z=0.6585365274538237
steps[5].usable_seam_start.orientation_xyzw.x=-0.4514482126691748
steps[5].usable_seam_start.orientation_xyzw.y=0.7437903121013001
steps[5].usable_seam_start.orientation_xyzw.z=-0.43212868422881806
steps[5].usable_seam_start.orientation_xyzw.w=-0.23713979667851745
steps[5].usable_seam_goal.position_m.x=0.030499022177162494
steps[5].usable_seam_goal.position_m.y=-1.5795070062525531
steps[5].usable_seam_goal.position_m.z=0.6608342048755245
steps[5].usable_seam_goal.orientation_xyzw.x=-0.4514651561103493
steps[5].usable_seam_goal.orientation_xyzw.y=0.7437968015565868
steps[5].usable_seam_goal.orientation_xyzw.z=-0.4320924376795807
steps[5].usable_seam_goal.orientation_xyzw.w=-0.23715323340103767
steps[5].lead_end.position_m.x=0.03036123736657022
steps[5].lead_end.position_m.y=-1.5745092968464816
steps[5].lead_end.position_m.z=0.6608967831339904
steps[5].lead_end.orientation_xyzw.x=-0.4514651561103493
steps[5].lead_end.orientation_xyzw.y=0.7437968015565868
steps[5].lead_end.orientation_xyzw.z=-0.4320924376795807
steps[5].lead_end.orientation_xyzw.w=-0.23715323340103767
steps[6].sequence_number=7
steps[6].type=digital_weld
steps[6].parallel_slot=5
steps[6].duration=0.0
steps[6].velocity_scale=0.3695263157894737
steps[6].tcp_speed_m_s=0.0035
steps[6].command=off
steps[6].weld_scenario_id=weld-3647636951095
steps[6].weld_scenario_stage=arc_off
steps[6].lead_in_mm=0.0
steps[6].lead_out_mm=5.0
steps[6].adaptive_line_energy=False
steps[6].trigger_before_goal=True
steps[6].arc_off_delay_s=0.5
steps[6].settings.current_a=190
steps[6].settings.voltage_tenths=245
steps[6].settings.voltage=24.5
steps[6].settings.material=FE-SOLID
steps[6].settings.diameter_mm=1.2
steps[6].settings.mode=LSM
steps[6].settings.gas=CO2 100%
steps[6].settings.synergic=False
steps[6].settings.correction=0.0
steps[6].settings.pre_gas_s=0.0
steps[6].settings.post_gas_s=0.0
steps[6].settings.preflow_seconds=0.0
steps[7].sequence_number=8
steps[7].type=motion
steps[7].parallel_slot=6
steps[7].duration=0.0
steps[7].planning_group=right_manipulator
steps[7].velocity_scale=0.3695263157894737
steps[7].tcp_speed_m_s=0.0
steps[7].interpolation_step=0.005
steps[7].path_kind=weld_end_to_taught_wait_fixed_attitude
steps[7].pose_name=weld_goal_wait
steps[7].pose_label=5 · Weld goal wait pose
steps[7].touch_guard=False
steps[7].continue_after_touch=False
steps[7].weld_scenario_id=weld-3647636951095
steps[7].weld_scenario_stage=goal_wait
steps[7].waypoint_count=1
steps[7].waypoints[0].position_m.x=0.030482001445073292
steps[7].waypoints[0].position_m.y=-1.579495930128774
steps[7].waypoints[0].position_m.z=0.6652763717822316
steps[7].waypoints[0].orientation_xyzw.x=-0.4514651561103493
steps[7].waypoints[0].orientation_xyzw.y=0.7437968015565868
steps[7].waypoints[0].orientation_xyzw.z=-0.4320924376795807
steps[7].waypoints[0].orientation_xyzw.w=-0.23715323340103767
steps[8].sequence_number=9
steps[8].type=named_pose
steps[8].parallel_slot=7
steps[8].duration=0.0
steps[8].planning_group=right_manipulator
steps[8].velocity_scale=0.3695263157894737
steps[8].tcp_speed_m_s=0.0
steps[8].pose_name=weld_finish
steps[8].pose_label=7 · Weld end pose
steps[8].touch_guard=False
steps[8].continue_after_touch=False
steps[8].weld_scenario_id=weld-3647636951095
steps[8].weld_scenario_stage=finish
steps[8].target_tcp.position_m.x=0.030481985415025448
steps[8].target_tcp.position_m.y=-1.5794638403622467
steps[8].target_tcp.position_m.z=0.7023869455098894
steps[8].target_tcp.orientation_xyzw.x=-0.45147309409624453
steps[8].target_tcp.orientation_xyzw.y=0.7437978870162864
steps[8].target_tcp.orientation_xyzw.z=-0.4320835314365064
steps[8].target_tcp.orientation_xyzw.w=-0.23715094441858917
steps[8].joint_names[0]=right_manipulator_joint1
steps[8].joint_names[1]=right_manipulator_joint2
steps[8].joint_names[2]=right_manipulator_joint3
steps[8].joint_names[3]=right_manipulator_joint4
steps[8].joint_names[4]=right_manipulator_joint5
steps[8].joint_names[5]=right_manipulator_joint6
steps[8].joint_positions_rad[0]=5.124612228667003
steps[8].joint_positions_rad[1]=1.1314740828404823
steps[8].joint_positions_rad[2]=2.009594593804838
steps[8].joint_positions_rad[3]=3.5103403297087805
steps[8].joint_positions_rad[4]=1.0303149075192313
steps[8].joint_positions_rad[5]=1.5702723498504234
steps[9].sequence_number=10
steps[9].type=digital_output
steps[9].parallel_slot=8
steps[9].duration=0.0
steps[9].port=0
steps[9].value=True
steps[9].weld_scenario_id=weld-3647636951095
steps[9].weld_scenario_stage=touch_output_on
hicomm_cyclic_period_ms=40.0
arc_wait_recognition=True
arc_wait_main_welding=True
arc_wait_established=True
arc_establishment_timeout_s=5.0

[summary]
rx_samples=1419
welding_samples=1343
wcr_seen=1
current_a.min=10.0
current_a.average=201.44687264506405
current_a.max=219.0
voltage_v.min=3.0
voltage_v.average=24.297315436241547
voltage_v.max=60.4
wire_feed_m_min.min=8.4
wire_feed_m_min.average=8.399999999999793
wire_feed_m_min.max=8.4

[arc_off_control]
arc_established_elapsed_s=0.7983949680001388
delay_s=0.5
speed_source=tcp_setpoint_projected_along_seam
trigger_speed_m_s=0.0034999999999999996
calculated_pre_off_distance_m=0.0017499999999999998
seam_length_m=0.18358432129838695
trigger_along_m=0.18183432129838695
actual_along_m=0.18184349484971152
actual_remaining_to_goal_m=0.001740826448675431
tcp_x_m=0.03056756886566997
tcp_y_m=-1.581246804054432
tcp_z_m=0.6608392591585368
command_elapsed_s=53.49218821099976
sequence_clear_elapsed_s=56.759125455999765
extinction_current_threshold_a=10.0
feedback_current_extinguished_elapsed_s=53.878836712000066
feedback_extinction_delay_s=0.3866485010003089
feedback_recommended_pre_off_distance_m=0.001353269753501081
wcr_clear_elapsed_s=54.438064338000004
wcr_clear_delay_s=0.9458761270002469

[adaptive_speed_control]
enabled=False

[adaptive_speed_samples]
elapsed_s event along_mm remaining_mm filtered_current_a filtered_voltage_v power_w line_energy_j_mm governed_speed_mm_s commanded_speed_mm_s

[teaching_snapshot_yaml]
robot_start:
  planning_group: right_manipulator
  joint_state:
    names:
    - right_manipulator_joint1
    - right_manipulator_joint2
    - right_manipulator_joint3
    - right_manipulator_joint4
    - right_manipulator_joint5
    - right_manipulator_joint6
    positions_rad:
    - 5.035029881183354
    - 1.2636964356954448
    - 1.9258673391357821
    - 3.3830883675542873
    - 1.500601525730915
    - 1.8136513181797673
  tcp_pose_world:
    position_m:
      x: 0.01556545751256777
      y: -1.7159808817302935
      z: 0.7627047053950697
    orientation_xyzw:
      x: -0.32362288768645114
      y: 0.6734378245853714
      z: -0.6201634640919881
      w: -0.2390543887667213
weld_wait:
  planning_group: right_manipulator
  joint_state:
    names:
    - right_manipulator_joint1
    - right_manipulator_joint2
    - right_manipulator_joint3
    - right_manipulator_joint4
    - right_manipulator_joint5
    - right_manipulator_joint6
    positions_rad:
    - 5.0539883923514095
    - 1.1589907953295624
    - 1.7920730554474003
    - 3.4834730290515163
    - 0.8498595115296255
    - 1.4963527185278027
  tcp_pose_world:
    position_m:
      x: 0.03548682596294217
      y: -1.762881729602661
      z: 0.6962272742564597
    orientation_xyzw:
      x: -0.4514898308016516
      y: 0.743783752703836
      z: -0.43208294921709756
      w: -0.23716447223888731
weld_start_wait:
  planning_group: right_manipulator
  joint_state:
    names:
    - right_manipulator_joint1
    - right_manipulator_joint2
    - right_manipulator_joint3
    - right_manipulator_joint4
    - right_manipulator_joint5
    - right_manipulator_joint6
    positions_rad:
    - 5.0539883923514095
    - 1.1962923611377574
    - 1.7691810553492973
    - 3.479269761903044
    - 0.8634793168184542
    - 1.5028455052654157
  tcp_pose_world:
    position_m:
      x: 0.03555377922684433
      y: -1.7629982231980013
      z: 0.6634279946324684
    orientation_xyzw:
      x: -0.45144924746906906
      y: 0.7437969507722324
      z: -0.43211738686962725
      w: -0.23713759074955934
weld_start:
  planning_group: right_manipulator
  joint_state:
    names:
    - right_manipulator_joint1
    - right_manipulator_joint2
    - right_manipulator_joint3
    - right_manipulator_joint4
    - right_manipulator_joint5
    - right_manipulator_joint6
    positions_rad:
    - 5.0539883923514095
    - 1.2018473156974991
    - 1.7656726069292268
    - 3.4786772085605016
    - 0.8654347428488449
    - 1.5037453873977535
  tcp_pose_world:
    position_m:
      x: 0.035558048364724315
      y: -1.7630072241246002
      z: 0.6585365274538237
    orientation_xyzw:
      x: -0.4514482126691748
      y: 0.7437903121013001
      z: -0.43212868422881806
      w: -0.23713979667851745
weld_goal_wait:
  planning_group: right_manipulator
  joint_state:
    names:
    - right_manipulator_joint1
    - right_manipulator_joint2
    - right_manipulator_joint3
    - right_manipulator_joint4
    - right_manipulator_joint5
    - right_manipulator_joint6
    positions_rad:
    - 5.124612228667003
    - 1.1775125480788455
    - 1.9821423298141376
    - 3.5064028460370986
    - 1.0476861080985727
    - 1.5778928521516307
  tcp_pose_world:
    position_m:
      x: 0.030482001445073292
      y: -1.579495930128774
      z: 0.6652763717822316
    orientation_xyzw:
      x: -0.4515182040924613
      y: 0.7437644293045492
      z: -0.43208015419862433
      w: -0.2371761485101099
weld_end:
  planning_group: right_manipulator
  joint_state:
    names:
    - right_manipulator_joint1
    - right_manipulator_joint2
    - right_manipulator_joint3
    - right_manipulator_joint4
    - right_manipulator_joint5
    - right_manipulator_joint6
    positions_rad:
    - 5.124612228667003
    - 1.1829840125384132
    - 1.9787402746796159
    - 3.5059967139708617
    - 1.0496187641016432
    - 1.5788687675330904
  tcp_pose_world:
    position_m:
      x: 0.030499022177162494
      y: -1.5795070062525531
      z: 0.6608342048755245
    orientation_xyzw:
      x: -0.4514651561103493
      y: 0.7437968015565868
      z: -0.4320924376795807
      w: -0.23715323340103767
weld_finish:
  planning_group: right_manipulator
  joint_state:
    names:
    - right_manipulator_joint1
    - right_manipulator_joint2
    - right_manipulator_joint3
    - right_manipulator_joint4
    - right_manipulator_joint5
    - right_manipulator_joint6
    positions_rad:
    - 5.124612228667003
    - 1.1314740828404823
    - 2.009594593804838
    - 3.5103403297087805
    - 1.0303149075192313
    - 1.5702723498504234
  tcp_pose_world:
    position_m:
      x: 0.030481985415025448
      y: -1.5794638403622467
      z: 0.7023869455098894
    orientation_xyzw:
      x: -0.45147309409624453
      y: 0.7437978870162864
      z: -0.4320835314365064
      w: -0.23715094441858917

[touch_snapshot_yaml]
{}

[samples]
elapsed_s raw0 state arc gas fwd wcr current_a voltage_v wire_feed_m_min set_current_a set_voltage_v error db collision
0.038 0x00 idle 0 0 0 0 0 0.0 0.0 190 24.5 0 0 0
0.081 0x09 main_weld 1 1 0 0 0 0.0 0.0 190 24.5 0 0 0
0.119 0x09 main_weld 1 1 0 0 0 0.0 0.0 190 24.5 0 0 0
0.155 0x09 main_weld 1 1 0 0 0 0.0 0.0 190 24.5 0 0 0
0.197 0x09 main_weld 1 1 0 0 0 0.0 0.0 190 24.5 0 0 0
0.237 0x09 main_weld 1 1 0 0 0 0.0 0.0 190 24.5 0 0 0
0.280 0x09 main_weld 1 1 0 0 0 0.0 0.0 190 24.5 0 0 0
0.315 0x09 main_weld 1 1 0 0 0 0.0 0.0 190 24.5 0 0 0
0.358 0x09 main_weld 1 1 0 0 0 0.0 0.0 190 24.5 0 0 0
0.413 0x09 main_weld 1 1 0 0 0 0.0 0.0 190 24.5 0 0 0
0.443 0x09 main_weld 1 1 0 0 0 0.0 0.0 190 24.5 0 0 0
0.477 0x09 main_weld 1 1 0 0 0 0.0 0.0 190 24.5 0 0 0
0.515 0x09 main_weld 1 1 0 0 0 0.0 0.0 190 24.5 0 0 0
0.556 0x09 main_weld 1 1 0 0 0 0.0 0.0 190 24.5 0 0 0
0.602 0x09 main_weld 1 1 0 0 0 0.0 0.0 190 24.5 0 0 0
0.636 0x09 main_weld 1 1 0 0 0 0.0 0.0 190 24.5 0 0 0
0.673 0x09 main_weld 1 1 0 0 0 0.0 0.0 190 24.5 0 0 0
0.714 0x09 main_weld 1 1 0 0 0 0.0 0.0 190 24.5 0 0 0
0.754 0x2B main_weld 1 1 1 1 0 0.0 0.0 190 24.5 0 0 0
0.798 0x2B main_weld 1 1 1 1 0 0.0 8.4 190 24.5 0 0 0
0.849 0x2B main_weld 1 1 1 1 0 4.1 8.4 190 24.5 0 0 0
0.882 0x2B main_weld 1 1 1 1 13 4.1 8.4 190 24.5 0 0 0
0.917 0x2B main_weld 1 1 1 1 13 4.1 8.4 190 24.5 0 0 0
0.961 0x2B main_weld 1 1 1 1 128 4.1 8.4 190 24.5 0 0 0
0.996 0x2B main_weld 1 1 1 1 128 32.5 8.4 190 24.5 0 0 0
1.040 0x2B main_weld 1 1 1 1 128 32.5 8.4 190 24.5 0 0 0
1.084 0x2B main_weld 1 1 1 1 128 32.5 8.4 190 24.5 0 0 0
1.115 0x2B main_weld 1 1 1 1 189 32.5 8.4 190 24.5 0 0 0
1.158 0x2B main_weld 1 1 1 1 189 32.5 8.4 190 24.5 0 0 0
1.195 0x2B main_weld 1 1 1 1 189 24.5 8.4 190 24.5 0 0 0
1.242 0x2B main_weld 1 1 1 1 189 24.5 8.4 190 24.5 0 0 0
1.279 0x2B main_weld 1 1 1 1 189 24.2 8.4 190 24.5 0 0 0
1.315 0x2B main_weld 1 1 1 1 208 24.2 8.4 190 24.5 0 0 0
1.355 0x2B main_weld 1 1 1 1 208 24.2 8.4 190 24.5 0 0 0
1.394 0x2B main_weld 1 1 1 1 208 24.2 8.4 190 24.5 0 0 0
1.439 0x2B main_weld 1 1 1 1 208 24.2 8.4 190 24.5 0 0 0
1.477 0x2B main_weld 1 1 1 1 207 24.5 8.4 190 24.5 0 0 0
1.517 0x2B main_weld 1 1 1 1 207 24.5 8.4 190 24.5 0 0 0
1.557 0x2B main_weld 1 1 1 1 207 24.5 8.4 190 24.5 0 0 0
1.599 0x2B main_weld 1 1 1 1 207 24.5 8.4 190 24.5 0 0 0
1.635 0x2B main_weld 1 1 1 1 207 24.1 8.4 190 24.5 0 0 0
1.687 0x2B main_weld 1 1 1 1 212 24.1 8.4 190 24.5 0 0 0
1.720 0x2B main_weld 1 1 1 1 212 24.1 8.4 190 24.5 0 0 0
1.756 0x2B main_weld 1 1 1 1 212 24.1 8.4 190 24.5 0 0 0
1.800 0x2B main_weld 1 1 1 1 212 24.3 8.4 190 24.5 0 0 0
1.838 0x2B main_weld 1 1 1 1 201 24.3 8.4 190 24.5 0 0 0
1.877 0x2B main_weld 1 1 1 1 201 24.3 8.4 190 24.5 0 0 0
1.920 0x2B main_weld 1 1 1 1 201 24.3 8.4 190 24.5 0 0 0
1.955 0x2B main_weld 1 1 1 1 201 24.3 8.4 190 24.5 0 0 0
1.996 0x2B main_weld 1 1 1 1 201 24.2 8.4 190 24.5 0 0 0
2.037 0x2B main_weld 1 1 1 1 210 24.2 8.4 190 24.5 0 0 0
2.077 0x2B main_weld 1 1 1 1 210 24.2 8.4 190 24.5 0 0 0
2.119 0x2B main_weld 1 1 1 1 210 24.2 8.4 190 24.5 0 0 0
2.156 0x2B main_weld 1 1 1 1 210 24.2 8.4 190 24.5 0 0 0
2.197 0x2B main_weld 1 1 1 1 206 24.0 8.4 190 24.5 0 0 0
2.239 0x2B main_weld 1 1 1 1 206 24.0 8.4 190 24.5 0 0 0
2.275 0x2B main_weld 1 1 1 1 206 24.0 8.4 190 24.5 0 0 0
2.320 0x2B main_weld 1 1 1 1 212 24.0 8.4 190 24.5 0 0 0
2.356 0x2B main_weld 1 1 1 1 212 24.0 8.4 190 24.5 0 0 0
2.399 0x2B main_weld 1 1 1 1 212 24.0 8.4 190 24.5 0 0 0
2.444 0x2B main_weld 1 1 1 1 212 23.7 8.4 190 24.5 0 0 0
2.476 0x2B main_weld 1 1 1 1 210 23.7 8.4 190 24.5 0 0 0
2.516 0x2B main_weld 1 1 1 1 210 23.7 8.4 190 24.5 0 0 0
2.559 0x2B main_weld 1 1 1 1 210 23.7 8.4 190 24.5 0 0 0
2.601 0x2B main_weld 1 1 1 1 210 23.7 8.4 190 24.5 0 0 0
2.638 0x2B main_weld 1 1 1 1 210 24.3 8.4 190 24.5 0 0 0
2.674 0x2B main_weld 1 1 1 1 208 24.3 8.4 190 24.5 0 0 0
2.723 0x2B main_weld 1 1 1 1 208 24.3 8.4 190 24.5 0 0 0
2.756 0x2B main_weld 1 1 1 1 208 24.3 8.4 190 24.5 0 0 0
2.794 0x2B main_weld 1 1 1 1 208 24.3 8.4 190 24.5 0 0 0
2.840 0x2B main_weld 1 1 1 1 207 24.3 8.4 190 24.5 0 0 0
2.877 0x2B main_weld 1 1 1 1 207 24.3 8.4 190 24.5 0 0 0
2.914 0x2B main_weld 1 1 1 1 207 24.3 8.4 190 24.5 0 0 0
2.964 0x2B main_weld 1 1 1 1 207 24.3 8.4 190 24.5 0 0 0
2.994 0x2B main_weld 1 1 1 1 207 24.0 8.4 190 24.5 0 0 0
3.044 0x2B main_weld 1 1 1 1 213 24.0 8.4 190 24.5 0 0 0
3.077 0x2B main_weld 1 1 1 1 213 24.0 8.4 190 24.5 0 0 0
3.118 0x2B main_weld 1 1 1 1 205 24.0 8.4 190 24.5 0 0 0
3.155 0x2B main_weld 1 1 1 1 205 24.3 8.4 190 24.5 0 0 0
3.209 0x2B main_weld 1 1 1 1 205 24.3 8.4 190 24.5 0 0 0
3.235 0x2B main_weld 1 1 1 1 205 24.3 8.4 190 24.5 0 0 0
3.280 0x2B main_weld 1 1 1 1 214 24.3 8.4 190 24.5 0 0 0
3.326 0x2B main_weld 1 1 1 1 214 24.3 8.4 190 24.5 0 0 0
3.355 0x2B main_weld 1 1 1 1 214 24.1 8.4 190 24.5 0 0 0
3.396 0x2B main_weld 1 1 1 1 214 24.1 8.4 190 24.5 0 0 0
3.441 0x2B main_weld 1 1 1 1 214 23.8 8.4 190 24.5 0 0 0
3.474 0x2B main_weld 1 1 1 1 207 23.8 8.4 190 24.5 0 0 0
3.513 0x2B main_weld 1 1 1 1 207 23.8 8.4 190 24.5 0 0 0
3.554 0x2B main_weld 1 1 1 1 207 23.8 8.4 190 24.5 0 0 0
3.596 0x2B main_weld 1 1 1 1 207 23.8 8.4 190 24.5 0 0 0
3.639 0x2B main_weld 1 1 1 1 205 24.0 8.4 190 24.5 0 0 0
3.674 0x2B main_weld 1 1 1 1 205 24.0 8.4 190 24.5 0 0 0
3.724 0x2B main_weld 1 1 1 1 205 24.0 8.4 190 24.5 0 0 0
3.755 0x2B main_weld 1 1 1 1 205 24.0 8.4 190 24.5 0 0 0
3.794 0x2B main_weld 1 1 1 1 205 23.7 8.4 190 24.5 0 0 0
3.842 0x2B main_weld 1 1 1 1 207 23.7 8.4 190 24.5 0 0 0
3.885 0x2B main_weld 1 1 1 1 207 23.7 8.4 190 24.5 0 0 0
3.914 0x2B main_weld 1 1 1 1 207 23.7 8.4 190 24.5 0 0 0
3.960 0x2B main_weld 1 1 1 1 207 24.0 8.4 190 24.5 0 0 0
4.001 0x2B main_weld 1 1 1 1 210 24.0 8.4 190 24.5 0 0 0
4.045 0x2B main_weld 1 1 1 1 210 24.0 8.4 190 24.5 0 0 0
4.080 0x2B main_weld 1 1 1 1 210 24.0 8.4 190 24.5 0 0 0
4.121 0x2B main_weld 1 1 1 1 210 24.0 8.4 190 24.5 0 0 0
4.152 0x2B main_weld 1 1 1 1 210 23.7 8.4 190 24.5 0 0 0
4.198 0x2B main_weld 1 1 1 1 208 23.7 8.4 190 24.5 0 0 0
4.236 0x2B main_weld 1 1 1 1 208 23.7 8.4 190 24.5 0 0 0
4.284 0x2B main_weld 1 1 1 1 208 23.7 8.4 190 24.5 0 0 0
4.325 0x2B main_weld 1 1 1 1 208 23.7 8.4 190 24.5 0 0 0
4.359 0x2B main_weld 1 1 1 1 210 24.0 8.4 190 24.5 0 0 0
4.397 0x2B main_weld 1 1 1 1 210 24.0 8.4 190 24.5 0 0 0
4.442 0x2B main_weld 1 1 1 1 212 24.0 8.4 190 24.5 0 0 0
4.487 0x2B main_weld 1 1 1 1 212 24.0 8.4 190 24.5 0 0 0
4.522 0x2B main_weld 1 1 1 1 212 24.1 8.4 190 24.5 0 0 0
4.556 0x2B main_weld 1 1 1 1 212 24.1 8.4 190 24.5 0 0 0
4.602 0x2B main_weld 1 1 1 1 212 24.1 8.4 190 24.5 0 0 0
4.640 0x2B main_weld 1 1 1 1 211 24.1 8.4 190 24.5 0 0 0
4.675 0x2B main_weld 1 1 1 1 211 24.1 8.4 190 24.5 0 0 0
4.723 0x2B main_weld 1 1 1 1 211 23.8 8.4 190 24.5 0 0 0
4.756 0x2B main_weld 1 1 1 1 211 23.8 8.4 190 24.5 0 0 0
4.799 0x2B main_weld 1 1 1 1 210 24.5 8.4 190 24.5 0 0 0
4.838 0x2B main_weld 1 1 1 1 210 24.5 8.4 190 24.5 0 0 0
4.875 0x2B main_weld 1 1 1 1 210 24.5 8.4 190 24.5 0 0 0
4.920 0x2B main_weld 1 1 1 1 210 24.5 8.4 190 24.5 0 0 0
4.958 0x2B main_weld 1 1 1 1 210 23.7 8.4 190 24.5 0 0 0
4.997 0x2B main_weld 1 1 1 1 211 23.7 8.4 190 24.5 0 0 0
5.046 0x2B main_weld 1 1 1 1 211 23.7 8.4 190 24.5 0 0 0
5.075 0x2B main_weld 1 1 1 1 211 23.7 8.4 190 24.5 0 0 0
5.127 0x2B main_weld 1 1 1 1 211 23.7 8.4 190 24.5 0 0 0
5.170 0x2B main_weld 1 1 1 1 206 23.8 8.4 190 24.5 0 0 0
5.193 0x2B main_weld 1 1 1 1 206 23.8 8.4 190 24.5 0 0 0
5.240 0x2B main_weld 1 1 1 1 206 23.8 8.4 190 24.5 0 0 0
5.275 0x2B main_weld 1 1 1 1 206 23.8 8.4 190 24.5 0 0 0
5.318 0x2B main_weld 1 1 1 1 206 24.2 8.4 190 24.5 0 0 0
5.361 0x2B main_weld 1 1 1 1 213 24.2 8.4 190 24.5 0 0 0
5.398 0x2B main_weld 1 1 1 1 213 24.2 8.4 190 24.5 0 0 0
5.437 0x2B main_weld 1 1 1 1 208 24.2 8.4 190 24.5 0 0 0
5.478 0x2B main_weld 1 1 1 1 208 24.2 8.4 190 24.5 0 0 0
5.525 0x2B main_weld 1 1 1 1 208 24.0 8.4 190 24.5 0 0 0
5.554 0x2B main_weld 1 1 1 1 208 24.0 8.4 190 24.5 0 0 0
5.598 0x2B main_weld 1 1 1 1 208 24.0 8.4 190 24.5 0 0 0
5.637 0x2B main_weld 1 1 1 1 207 24.0 8.4 190 24.5 0 0 0
5.677 0x2B main_weld 1 1 1 1 207 23.7 8.4 190 24.5 0 0 0
5.715 0x2B main_weld 1 1 1 1 207 23.7 8.4 190 24.5 0 0 0
5.760 0x2B main_weld 1 1 1 1 207 23.7 8.4 190 24.5 0 0 0
5.796 0x2B main_weld 1 1 1 1 211 23.7 8.4 190 24.5 0 0 0
5.834 0x2B main_weld 1 1 1 1 211 23.7 8.4 190 24.5 0 0 0
5.877 0x2B main_weld 1 1 1 1 211 24.2 8.4 190 24.5 0 0 0
5.915 0x2B main_weld 1 1 1 1 211 24.2 8.4 190 24.5 0 0 0
5.958 0x2B main_weld 1 1 1 1 211 24.1 8.4 190 24.5 0 0 0
5.996 0x2B main_weld 1 1 1 1 208 24.1 8.4 190 24.5 0 0 0
6.038 0x2B main_weld 1 1 1 1 208 24.1 8.4 190 24.5 0 0 0
6.075 0x2B main_weld 1 1 1 1 208 24.1 8.4 190 24.5 0 0 0
6.115 0x2B main_weld 1 1 1 1 208 24.1 8.4 190 24.5 0 0 0
6.155 0x2B main_weld 1 1 1 1 212 24.2 8.4 190 24.5 0 0 0
6.195 0x2B main_weld 1 1 1 1 212 24.2 8.4 190 24.5 0 0 0
6.238 0x2B main_weld 1 1 1 1 212 24.2 8.4 190 24.5 0 0 0
6.281 0x2B main_weld 1 1 1 1 212 24.2 8.4 190 24.5 0 0 0
6.318 0x2B main_weld 1 1 1 1 212 24.0 8.4 190 24.5 0 0 0
6.355 0x2B main_weld 1 1 1 1 200 24.0 8.4 190 24.5 0 0 0
6.394 0x2B main_weld 1 1 1 1 200 24.0 8.4 190 24.5 0 0 0
6.432 0x2B main_weld 1 1 1 1 200 24.0 8.4 190 24.5 0 0 0
6.480 0x2B main_weld 1 1 1 1 200 24.0 8.4 190 24.5 0 0 0
6.523 0x2B main_weld 1 1 1 1 205 23.7 8.4 190 24.5 0 0 0
6.563 0x2B main_weld 1 1 1 1 205 23.7 8.4 190 24.5 0 0 0
6.597 0x2B main_weld 1 1 1 1 205 23.7 8.4 190 24.5 0 0 0
6.652 0x2B main_weld 1 1 1 1 205 23.7 8.4 190 24.5 0 0 0
6.677 0x2B main_weld 1 1 1 1 205 24.3 8.4 190 24.5 0 0 0
6.722 0x2B main_weld 1 1 1 1 212 24.3 8.4 190 24.5 0 0 0
6.761 0x2B main_weld 1 1 1 1 212 24.3 8.4 190 24.5 0 0 0
6.795 0x2B main_weld 1 1 1 1 201 24.3 8.4 190 24.5 0 0 0
6.834 0x2B main_weld 1 1 1 1 201 24.3 8.4 190 24.5 0 0 0
6.878 0x2B main_weld 1 1 1 1 201 23.7 8.4 190 24.5 0 0 0
6.918 0x2B main_weld 1 1 1 1 201 23.7 8.4 190 24.5 0 0 0
6.962 0x2B main_weld 1 1 1 1 202 23.7 8.4 190 24.5 0 0 0
6.996 0x2B main_weld 1 1 1 1 202 23.7 8.4 190 24.5 0 0 0
7.039 0x2B main_weld 1 1 1 1 202 23.7 8.4 190 24.5 0 0 0
7.076 0x2B main_weld 1 1 1 1 202 23.7 8.4 190 24.5 0 0 0
7.123 0x2B main_weld 1 1 1 1 202 24.1 8.4 190 24.5 0 0 0
7.160 0x2B main_weld 1 1 1 1 207 24.1 8.4 190 24.5 0 0 0
7.198 0x2B main_weld 1 1 1 1 207 24.1 8.4 190 24.5 0 0 0
7.239 0x2B main_weld 1 1 1 1 207 24.1 8.4 190 24.5 0 0 0
7.278 0x2B main_weld 1 1 1 1 207 24.1 8.4 190 24.5 0 0 0
7.321 0x2B main_weld 1 1 1 1 207 24.4 8.4 190 24.5 0 0 0
7.367 0x2B main_weld 1 1 1 1 205 24.4 8.4 190 24.5 0 0 0
7.404 0x2B main_weld 1 1 1 1 205 24.4 8.4 190 24.5 0 0 0
7.441 0x2B main_weld 1 1 1 1 205 24.4 8.4 190 24.5 0 0 0
7.475 0x2B main_weld 1 1 1 1 205 23.8 8.4 190 24.5 0 0 0
7.520 0x2B main_weld 1 1 1 1 211 23.8 8.4 190 24.5 0 0 0
7.558 0x2B main_weld 1 1 1 1 211 23.8 8.4 190 24.5 0 0 0
7.598 0x2B main_weld 1 1 1 1 211 23.8 8.4 190 24.5 0 0 0
7.634 0x2B main_weld 1 1 1 1 211 23.8 8.4 190 24.5 0 0 0
7.676 0x2B main_weld 1 1 1 1 211 24.0 8.4 190 24.5 0 0 0
7.719 0x2B main_weld 1 1 1 1 211 24.0 8.4 190 24.5 0 0 0
7.760 0x2B main_weld 1 1 1 1 211 24.0 8.4 190 24.5 0 0 0
7.797 0x2B main_weld 1 1 1 1 202 24.0 8.4 190 24.5 0 0 0
7.839 0x2B main_weld 1 1 1 1 202 24.0 8.4 190 24.5 0 0 0
7.876 0x2B main_weld 1 1 1 1 202 24.0 8.4 190 24.5 0 0 0
7.919 0x2B main_weld 1 1 1 1 202 24.0 8.4 190 24.5 0 0 0
7.956 0x2B main_weld 1 1 1 1 212 24.0 8.4 190 24.5 0 0 0
7.999 0x2B main_weld 1 1 1 1 212 24.0 8.4 190 24.5 0 0 0
8.039 0x2B main_weld 1 1 1 1 212 24.2 8.4 190 24.5 0 0 0
8.077 0x2B main_weld 1 1 1 1 212 24.2 8.4 190 24.5 0 0 0
8.122 0x2B main_weld 1 1 1 1 212 24.2 8.4 190 24.5 0 0 0
8.158 0x2B main_weld 1 1 1 1 204 24.2 8.4 190 24.5 0 0 0
8.196 0x2B main_weld 1 1 1 1 204 23.8 8.4 190 24.5 0 0 0
8.238 0x2B main_weld 1 1 1 1 204 23.8 8.4 190 24.5 0 0 0
8.279 0x2B main_weld 1 1 1 1 204 24.2 8.4 190 24.5 0 0 0
8.317 0x2B main_weld 1 1 1 1 214 24.2 8.4 190 24.5 0 0 0
8.361 0x2B main_weld 1 1 1 1 214 24.2 8.4 190 24.5 0 0 0
8.398 0x2B main_weld 1 1 1 1 214 24.2 8.4 190 24.5 0 0 0
8.431 0x2B main_weld 1 1 1 1 214 24.2 8.4 190 24.5 0 0 0
8.477 0x2B main_weld 1 1 1 1 214 23.7 8.4 190 24.5 0 0 0
8.524 0x2B main_weld 1 1 1 1 211 23.7 8.4 190 24.5 0 0 0
8.555 0x2B main_weld 1 1 1 1 211 23.7 8.4 190 24.5 0 0 0
8.600 0x2B main_weld 1 1 1 1 211 23.7 8.4 190 24.5 0 0 0
8.637 0x2B main_weld 1 1 1 1 211 23.7 8.4 190 24.5 0 0 0
8.678 0x2B main_weld 1 1 1 1 208 24.2 8.4 190 24.5 0 0 0
8.719 0x2B main_weld 1 1 1 1 208 24.2 8.4 190 24.5 0 0 0
8.760 0x2B main_weld 1 1 1 1 208 24.2 8.4 190 24.5 0 0 0
8.801 0x2B main_weld 1 1 1 1 208 24.2 8.4 190 24.5 0 0 0
8.837 0x2B main_weld 1 1 1 1 208 24.0 8.4 190 24.5 0 0 0
8.874 0x2B main_weld 1 1 1 1 210 24.0 8.4 190 24.5 0 0 0
8.917 0x2B main_weld 1 1 1 1 210 24.0 8.4 190 24.5 0 0 0
8.958 0x2B main_weld 1 1 1 1 219 24.0 8.4 190 24.5 0 0 0
8.999 0x2B main_weld 1 1 1 1 219 24.0 8.4 190 24.5 0 0 0
9.040 0x2B main_weld 1 1 1 1 219 24.3 8.4 190 24.5 0 0 0
9.076 0x2B main_weld 1 1 1 1 219 24.3 8.4 190 24.5 0 0 0
9.118 0x2B main_weld 1 1 1 1 219 24.3 8.4 190 24.5 0 0 0
9.159 0x2B main_weld 1 1 1 1 211 24.3 8.4 190 24.5 0 0 0
9.194 0x2B main_weld 1 1 1 1 211 24.1 8.4 190 24.5 0 0 0
9.237 0x2B main_weld 1 1 1 1 211 24.1 8.4 190 24.5 0 0 0
9.276 0x2B main_weld 1 1 1 1 211 23.8 8.4 190 24.5 0 0 0
9.324 0x2B main_weld 1 1 1 1 214 23.8 8.4 190 24.5 0 0 0
9.373 0x2B main_weld 1 1 1 1 214 23.8 8.4 190 24.5 0 0 0
9.399 0x2B main_weld 1 1 1 1 214 23.8 8.4 190 24.5 0 0 0
9.436 0x2B main_weld 1 1 1 1 214 23.8 8.4 190 24.5 0 0 0
9.481 0x2B main_weld 1 1 1 1 214 23.7 8.4 190 24.5 0 0 0
9.518 0x2B main_weld 1 1 1 1 211 23.7 8.4 190 24.5 0 0 0
9.560 0x2B main_weld 1 1 1 1 211 23.7 8.4 190 24.5 0 0 0
9.598 0x2B main_weld 1 1 1 1 211 23.7 8.4 190 24.5 0 0 0
9.638 0x2B main_weld 1 1 1 1 211 23.7 8.4 190 24.5 0 0 0
9.678 0x2B main_weld 1 1 1 1 205 23.7 8.4 190 24.5 0 0 0
9.718 0x2B main_weld 1 1 1 1 205 23.7 8.4 190 24.5 0 0 0
9.756 0x2B main_weld 1 1 1 1 205 23.7 8.4 190 24.5 0 0 0
9.798 0x2B main_weld 1 1 1 1 205 23.7 8.4 190 24.5 0 0 0
9.838 0x2B main_weld 1 1 1 1 205 23.9 8.4 190 24.5 0 0 0
9.888 0x2B main_weld 1 1 1 1 210 23.9 8.4 190 24.5 0 0 0
9.915 0x2B main_weld 1 1 1 1 210 23.9 8.4 190 24.5 0 0 0
9.956 0x2B main_weld 1 1 1 1 205 23.9 8.4 190 24.5 0 0 0
9.996 0x2B main_weld 1 1 1 1 205 23.7 8.4 190 24.5 0 0 0
10.038 0x2B main_weld 1 1 1 1 205 23.7 8.4 190 24.5 0 0 0
10.080 0x2B main_weld 1 1 1 1 205 23.7 8.4 190 24.5 0 0 0
10.118 0x2B main_weld 1 1 1 1 207 23.7 8.4 190 24.5 0 0 0
10.152 0x2B main_weld 1 1 1 1 207 23.7 8.4 190 24.5 0 0 0
10.196 0x2B main_weld 1 1 1 1 207 24.3 8.4 190 24.5 0 0 0
10.236 0x2B main_weld 1 1 1 1 207 24.3 8.4 190 24.5 0 0 0
10.275 0x2B main_weld 1 1 1 1 207 24.3 8.4 190 24.5 0 0 0
10.314 0x2B main_weld 1 1 1 1 206 24.3 8.4 190 24.5 0 0 0
10.359 0x2B main_weld 1 1 1 1 206 23.9 8.4 190 24.5 0 0 0
10.396 0x2B main_weld 1 1 1 1 206 23.9 8.4 190 24.5 0 0 0
10.435 0x2B main_weld 1 1 1 1 206 23.9 8.4 190 24.5 0 0 0
10.477 0x2B main_weld 1 1 1 1 206 23.9 8.4 190 24.5 0 0 0
10.522 0x2B main_weld 1 1 1 1 206 23.9 8.4 190 24.5 0 0 0
10.557 0x2B main_weld 1 1 1 1 206 24.0 8.4 190 24.5 0 0 0
10.596 0x2B main_weld 1 1 1 1 206 24.0 8.4 190 24.5 0 0 0
10.635 0x2B main_weld 1 1 1 1 206 24.0 8.4 190 24.5 0 0 0
10.676 0x2B main_weld 1 1 1 1 207 24.0 8.4 190 24.5 0 0 0
10.718 0x2B main_weld 1 1 1 1 207 24.0 8.4 190 24.5 0 0 0
10.760 0x2B main_weld 1 1 1 1 207 24.0 8.4 190 24.5 0 0 0
10.797 0x2B main_weld 1 1 1 1 207 24.0 8.4 190 24.5 0 0 0
10.838 0x2B main_weld 1 1 1 1 211 24.0 8.4 190 24.5 0 0 0
10.882 0x2B main_weld 1 1 1 1 211 24.0 8.4 190 24.5 0 0 0
10.923 0x2B main_weld 1 1 1 1 211 24.0 8.4 190 24.5 0 0 0
10.959 0x2B main_weld 1 1 1 1 211 24.0 8.4 190 24.5 0 0 0
10.999 0x2B main_weld 1 1 1 1 211 23.7 8.4 190 24.5 0 0 0
11.043 0x2B main_weld 1 1 1 1 210 23.7 8.4 190 24.5 0 0 0
11.081 0x2B main_weld 1 1 1 1 210 23.7 8.4 190 24.5 0 0 0
11.119 0x2B main_weld 1 1 1 1 210 23.7 8.4 190 24.5 0 0 0
11.160 0x2B main_weld 1 1 1 1 210 23.7 8.4 190 24.5 0 0 0
11.199 0x2B main_weld 1 1 1 1 210 24.1 8.4 190 24.5 0 0 0
11.235 0x2B main_weld 1 1 1 1 210 24.1 8.4 190 24.5 0 0 0
11.275 0x2B main_weld 1 1 1 1 208 24.1 8.4 190 24.5 0 0 0
11.316 0x2B main_weld 1 1 1 1 208 24.1 8.4 190 24.5 0 0 0
11.355 0x2B main_weld 1 1 1 1 208 24.0 8.4 190 24.5 0 0 0
11.396 0x2B main_weld 1 1 1 1 208 24.0 8.4 190 24.5 0 0 0
11.438 0x2B main_weld 1 1 1 1 208 24.0 8.4 190 24.5 0 0 0
11.478 0x2B main_weld 1 1 1 1 208 24.0 8.4 190 24.5 0 0 0
11.522 0x2B main_weld 1 1 1 1 208 24.0 8.4 190 24.5 0 0 0
11.561 0x2B main_weld 1 1 1 1 208 24.1 8.4 190 24.5 0 0 0
11.600 0x2B main_weld 1 1 1 1 208 24.1 8.4 190 24.5 0 0 0
11.639 0x2B main_weld 1 1 1 1 207 23.7 8.4 190 24.5 0 0 0
11.677 0x2B main_weld 1 1 1 1 207 23.7 8.4 190 24.5 0 0 0
11.724 0x2B main_weld 1 1 1 1 207 23.7 8.4 190 24.5 0 0 0
11.759 0x2B main_weld 1 1 1 1 207 23.7 8.4 190 24.5 0 0 0
11.804 0x2B main_weld 1 1 1 1 207 24.3 8.4 190 24.5 0 0 0
11.833 0x2B main_weld 1 1 1 1 207 24.3 8.4 190 24.5 0 0 0
11.878 0x2B main_weld 1 1 1 1 207 24.3 8.4 190 24.5 0 0 0
11.917 0x2B main_weld 1 1 1 1 207 24.3 8.4 190 24.5 0 0 0
11.959 0x2B main_weld 1 1 1 1 207 24.3 8.4 190 24.5 0 0 0
11.994 0x2B main_weld 1 1 1 1 207 23.7 8.4 190 24.5 0 0 0
12.033 0x2B main_weld 1 1 1 1 204 23.7 8.4 190 24.5 0 0 0
12.079 0x2B main_weld 1 1 1 1 204 23.7 8.4 190 24.5 0 0 0
12.118 0x2B main_weld 1 1 1 1 204 23.7 8.4 190 24.5 0 0 0
12.160 0x2B main_weld 1 1 1 1 204 23.7 8.4 190 24.5 0 0 0
12.198 0x2B main_weld 1 1 1 1 204 23.7 8.4 190 24.5 0 0 0
12.238 0x2B main_weld 1 1 1 1 204 23.7 8.4 190 24.5 0 0 0
12.274 0x2B main_weld 1 1 1 1 204 23.7 8.4 190 24.5 0 0 0
12.319 0x2B main_weld 1 1 1 1 204 23.7 8.4 190 24.5 0 0 0
12.358 0x2B main_weld 1 1 1 1 204 24.0 8.4 190 24.5 0 0 0
12.399 0x2B main_weld 1 1 1 1 202 24.0 8.4 190 24.5 0 0 0
12.434 0x2B main_weld 1 1 1 1 202 24.0 8.4 190 24.5 0 0 0
12.477 0x2B main_weld 1 1 1 1 211 24.0 8.4 190 24.5 0 0 0
12.521 0x2B main_weld 1 1 1 1 211 24.0 8.4 190 24.5 0 0 0
12.559 0x2B main_weld 1 1 1 1 211 24.0 8.4 190 24.5 0 0 0
12.594 0x2B main_weld 1 1 1 1 211 24.0 8.4 190 24.5 0 0 0
12.642 0x2B main_weld 1 1 1 1 200 24.0 8.4 190 24.5 0 0 0
12.683 0x2B main_weld 1 1 1 1 200 24.0 8.4 190 24.5 0 0 0
12.715 0x2B main_weld 1 1 1 1 200 24.3 8.4 190 24.5 0 0 0
12.755 0x2B main_weld 1 1 1 1 200 24.3 8.4 190 24.5 0 0 0
12.796 0x2B main_weld 1 1 1 1 200 24.2 8.4 190 24.5 0 0 0
12.835 0x2B main_weld 1 1 1 1 210 24.2 8.4 190 24.5 0 0 0
12.879 0x2B main_weld 1 1 1 1 210 24.2 8.4 190 24.5 0 0 0
12.919 0x2B main_weld 1 1 1 1 210 24.2 8.4 190 24.5 0 0 0
12.957 0x2B main_weld 1 1 1 1 210 24.1 8.4 190 24.5 0 0 0
13.002 0x2B main_weld 1 1 1 1 204 24.1 8.4 190 24.5 0 0 0
13.037 0x2B main_weld 1 1 1 1 204 24.1 8.4 190 24.5 0 0 0
13.074 0x2B main_weld 1 1 1 1 204 24.1 8.4 190 24.5 0 0 0
13.129 0x2B main_weld 1 1 1 1 204 24.1 8.4 190 24.5 0 0 0
13.155 0x2B main_weld 1 1 1 1 204 24.3 8.4 190 24.5 0 0 0
13.195 0x2B main_weld 1 1 1 1 206 24.3 8.4 190 24.5 0 0 0
13.238 0x2B main_weld 1 1 1 1 206 24.3 8.4 190 24.5 0 0 0
13.283 0x2B main_weld 1 1 1 1 206 24.3 8.4 190 24.5 0 0 0
13.324 0x2B main_weld 1 1 1 1 206 23.9 8.4 190 24.5 0 0 0
13.358 0x2B main_weld 1 1 1 1 204 23.9 8.4 190 24.5 0 0 0
13.398 0x2B main_weld 1 1 1 1 204 23.9 8.4 190 24.5 0 0 0
13.436 0x2B main_weld 1 1 1 1 204 23.9 8.4 190 24.5 0 0 0
13.477 0x2B main_weld 1 1 1 1 206 23.9 8.4 190 24.5 0 0 0
13.523 0x2B main_weld 1 1 1 1 206 24.2 8.4 190 24.5 0 0 0
13.559 0x2B main_weld 1 1 1 1 206 24.2 8.4 190 24.5 0 0 0
13.598 0x2B main_weld 1 1 1 1 206 24.2 8.4 190 24.5 0 0 0
13.636 0x2B main_weld 1 1 1 1 201 24.2 8.4 190 24.5 0 0 0
13.682 0x2B main_weld 1 1 1 1 201 24.2 8.4 190 24.5 0 0 0
13.717 0x2B main_weld 1 1 1 1 201 24.5 8.4 190 24.5 0 0 0
13.759 0x2B main_weld 1 1 1 1 201 24.5 8.4 190 24.5 0 0 0
13.795 0x2B main_weld 1 1 1 1 201 24.0 8.4 190 24.5 0 0 0
13.844 0x2B main_weld 1 1 1 1 202 24.0 8.4 190 24.5 0 0 0
13.889 0x2B main_weld 1 1 1 1 202 24.0 8.4 190 24.5 0 0 0
13.918 0x2B main_weld 1 1 1 1 202 24.0 8.4 190 24.5 0 0 0
13.954 0x2B main_weld 1 1 1 1 202 24.1 8.4 190 24.5 0 0 0
13.997 0x2B main_weld 1 1 1 1 202 24.1 8.4 190 24.5 0 0 0
14.037 0x2B main_weld 1 1 1 1 202 24.1 8.4 190 24.5 0 0 0
14.080 0x2B main_weld 1 1 1 1 202 24.1 8.4 190 24.5 0 0 0
14.123 0x2B main_weld 1 1 1 1 202 24.1 8.4 190 24.5 0 0 0
14.157 0x2B main_weld 1 1 1 1 205 24.2 8.4 190 24.5 0 0 0
14.193 0x2B main_weld 1 1 1 1 205 24.2 8.4 190 24.5 0 0 0
14.239 0x2B main_weld 1 1 1 1 205 24.2 8.4 190 24.5 0 0 0
14.275 0x2B main_weld 1 1 1 1 205 24.2 8.4 190 24.5 0 0 0
14.317 0x2B main_weld 1 1 1 1 205 24.3 8.4 190 24.5 0 0 0
14.355 0x2B main_weld 1 1 1 1 201 24.3 8.4 190 24.5 0 0 0
14.405 0x2B main_weld 1 1 1 1 201 24.3 8.4 190 24.5 0 0 0
14.435 0x2B main_weld 1 1 1 1 201 24.3 8.4 190 24.5 0 0 0
14.475 0x2B main_weld 1 1 1 1 201 24.3 8.4 190 24.5 0 0 0
14.516 0x2B main_weld 1 1 1 1 201 24.4 8.4 190 24.5 0 0 0
14.556 0x2B main_weld 1 1 1 1 208 24.4 8.4 190 24.5 0 0 0
14.598 0x2B main_weld 1 1 1 1 208 24.4 8.4 190 24.5 0 0 0
14.634 0x2B main_weld 1 1 1 1 208 24.4 8.4 190 24.5 0 0 0
14.683 0x2B main_weld 1 1 1 1 208 24.1 8.4 190 24.5 0 0 0
14.716 0x2B main_weld 1 1 1 1 201 24.1 8.4 190 24.5 0 0 0
14.752 0x2B main_weld 1 1 1 1 201 24.1 8.4 190 24.5 0 0 0
14.803 0x2B main_weld 1 1 1 1 202 24.1 8.4 190 24.5 0 0 0
14.838 0x2B main_weld 1 1 1 1 202 24.1 8.4 190 24.5 0 0 0
14.875 0x2B main_weld 1 1 1 1 202 24.3 8.4 190 24.5 0 0 0
14.915 0x2B main_weld 1 1 1 1 202 24.3 8.4 190 24.5 0 0 0
14.977 0x2B main_weld 1 1 1 1 202 24.3 8.4 190 24.5 0 0 0
15.000 0x2B main_weld 1 1 1 1 202 24.3 8.4 190 24.5 0 0 0
15.037 0x2B main_weld 1 1 1 1 202 24.4 8.4 190 24.5 0 0 0
15.075 0x2B main_weld 1 1 1 1 202 24.4 8.4 190 24.5 0 0 0
15.118 0x2B main_weld 1 1 1 1 202 24.4 8.4 190 24.5 0 0 0
15.157 0x2B main_weld 1 1 1 1 204 24.0 8.4 190 24.5 0 0 0
15.195 0x2B main_weld 1 1 1 1 204 24.0 8.4 190 24.5 0 0 0
15.245 0x2B main_weld 1 1 1 1 204 24.0 8.4 190 24.5 0 0 0
15.279 0x2B main_weld 1 1 1 1 204 24.0 8.4 190 24.5 0 0 0
15.323 0x2B main_weld 1 1 1 1 204 24.3 8.4 190 24.5 0 0 0
15.362 0x2B main_weld 1 1 1 1 200 24.3 8.4 190 24.5 0 0 0
15.401 0x2B main_weld 1 1 1 1 200 24.3 8.4 190 24.5 0 0 0
15.436 0x2B main_weld 1 1 1 1 200 24.3 8.4 190 24.5 0 0 0
15.482 0x2B main_weld 1 1 1 1 200 24.3 8.4 190 24.5 0 0 0
15.531 0x2B main_weld 1 1 1 1 206 24.3 8.4 190 24.5 0 0 0
15.561 0x2B main_weld 1 1 1 1 206 24.3 8.4 190 24.5 0 0 0
15.605 0x2B main_weld 1 1 1 1 206 24.3 8.4 190 24.5 0 0 0
15.647 0x2B main_weld 1 1 1 1 206 24.3 8.4 190 24.5 0 0 0
15.679 0x2B main_weld 1 1 1 1 206 24.3 8.4 190 24.5 0 0 0
15.728 0x2B main_weld 1 1 1 1 205 24.3 8.4 190 24.5 0 0 0
15.755 0x2B main_weld 1 1 1 1 205 24.3 8.4 190 24.5 0 0 0
15.799 0x2B main_weld 1 1 1 1 198 24.3 8.4 190 24.5 0 0 0
15.839 0x2B main_weld 1 1 1 1 198 24.3 8.4 190 24.5 0 0 0
15.874 0x2B main_weld 1 1 1 1 198 24.0 8.4 190 24.5 0 0 0
15.915 0x2B main_weld 1 1 1 1 198 24.0 8.4 190 24.5 0 0 0
15.960 0x2B main_weld 1 1 1 1 207 24.0 8.4 190 24.5 0 0 0
15.996 0x2B main_weld 1 1 1 1 207 24.0 8.4 190 24.5 0 0 0
16.036 0x2B main_weld 1 1 1 1 207 24.6 8.4 190 24.5 0 0 0
16.078 0x2B main_weld 1 1 1 1 207 24.6 8.4 190 24.5 0 0 0
16.122 0x2B main_weld 1 1 1 1 207 24.3 8.4 190 24.5 0 0 0
16.156 0x2B main_weld 1 1 1 1 202 24.3 8.4 190 24.5 0 0 0
16.197 0x2B main_weld 1 1 1 1 202 24.3 8.4 190 24.5 0 0 0
16.240 0x2B main_weld 1 1 1 1 202 24.3 8.4 190 24.5 0 0 0
16.282 0x2B main_weld 1 1 1 1 202 24.3 8.4 190 24.5 0 0 0
16.323 0x2B main_weld 1 1 1 1 202 24.4 8.4 190 24.5 0 0 0
16.361 0x2B main_weld 1 1 1 1 202 24.4 8.4 190 24.5 0 0 0
16.395 0x2B main_weld 1 1 1 1 202 24.4 8.4 190 24.5 0 0 0
16.436 0x2B main_weld 1 1 1 1 202 24.4 8.4 190 24.5 0 0 0
16.480 0x2B main_weld 1 1 1 1 202 24.0 8.4 190 24.5 0 0 0
16.519 0x2B main_weld 1 1 1 1 200 24.0 8.4 190 24.5 0 0 0
16.556 0x2B main_weld 1 1 1 1 200 24.0 8.4 190 24.5 0 0 0
16.600 0x2B main_weld 1 1 1 1 200 24.0 8.4 190 24.5 0 0 0
16.641 0x2B main_weld 1 1 1 1 200 24.0 8.4 190 24.5 0 0 0
16.691 0x2B main_weld 1 1 1 1 200 24.2 8.4 190 24.5 0 0 0
16.715 0x2B main_weld 1 1 1 1 201 24.2 8.4 190 24.5 0 0 0
16.759 0x2B main_weld 1 1 1 1 201 24.2 8.4 190 24.5 0 0 0
16.797 0x2B main_weld 1 1 1 1 201 24.2 8.4 190 24.5 0 0 0
16.840 0x2B main_weld 1 1 1 1 201 24.0 8.4 190 24.5 0 0 0
16.878 0x2B main_weld 1 1 1 1 200 24.0 8.4 190 24.5 0 0 0
16.918 0x2B main_weld 1 1 1 1 200 24.0 8.4 190 24.5 0 0 0
16.955 0x2B main_weld 1 1 1 1 200 24.0 8.4 190 24.5 0 0 0
16.996 0x2B main_weld 1 1 1 1 200 24.0 8.4 190 24.5 0 0 0
17.034 0x2B main_weld 1 1 1 1 200 24.3 8.4 190 24.5 0 0 0
17.082 0x2B main_weld 1 1 1 1 198 24.3 8.4 190 24.5 0 0 0
17.125 0x2B main_weld 1 1 1 1 198 24.3 8.4 190 24.5 0 0 0
17.160 0x2B main_weld 1 1 1 1 202 24.3 8.4 190 24.5 0 0 0
17.205 0x2B main_weld 1 1 1 1 202 24.1 8.4 190 24.5 0 0 0
17.236 0x2B main_weld 1 1 1 1 202 24.1 8.4 190 24.5 0 0 0
17.277 0x2B main_weld 1 1 1 1 202 24.5 8.4 190 24.5 0 0 0
17.327 0x2B main_weld 1 1 1 1 202 24.5 8.4 190 24.5 0 0 0
17.354 0x2B main_weld 1 1 1 1 202 24.5 8.4 190 24.5 0 0 0
17.396 0x2B main_weld 1 1 1 1 202 24.5 8.4 190 24.5 0 0 0
17.438 0x2B main_weld 1 1 1 1 202 24.5 8.4 190 24.5 0 0 0
17.486 0x2B main_weld 1 1 1 1 202 24.0 8.4 190 24.5 0 0 0
17.519 0x2B main_weld 1 1 1 1 205 24.0 8.4 190 24.5 0 0 0
17.556 0x2B main_weld 1 1 1 1 205 24.0 8.4 190 24.5 0 0 0
17.597 0x2B main_weld 1 1 1 1 205 24.0 8.4 190 24.5 0 0 0
17.637 0x2B main_weld 1 1 1 1 205 24.4 8.4 190 24.5 0 0 0
17.680 0x2B main_weld 1 1 1 1 199 24.4 8.4 190 24.5 0 0 0
17.742 0x2B main_weld 1 1 1 1 199 24.4 8.4 190 24.5 0 0 0
17.755 0x2B main_weld 1 1 1 1 199 24.4 8.4 190 24.5 0 0 0
17.797 0x2B main_weld 1 1 1 1 199 24.4 8.4 190 24.5 0 0 0
17.836 0x2B main_weld 1 1 1 1 199 24.2 8.4 190 24.5 0 0 0
17.878 0x2B main_weld 1 1 1 1 204 24.2 8.4 190 24.5 0 0 0
17.920 0x2B main_weld 1 1 1 1 204 24.2 8.4 190 24.5 0 0 0
17.957 0x2B main_weld 1 1 1 1 206 24.2 8.4 190 24.5 0 0 0
18.001 0x2B main_weld 1 1 1 1 206 24.4 8.4 190 24.5 0 0 0
18.040 0x2B main_weld 1 1 1 1 206 24.4 8.4 190 24.5 0 0 0
18.081 0x2B main_weld 1 1 1 1 206 24.4 8.4 190 24.5 0 0 0
18.118 0x2B main_weld 1 1 1 1 201 24.4 8.4 190 24.5 0 0 0
18.157 0x2B main_weld 1 1 1 1 201 24.4 8.4 190 24.5 0 0 0
18.196 0x2B main_weld 1 1 1 1 201 24.1 8.4 190 24.5 0 0 0
18.240 0x2B main_weld 1 1 1 1 201 24.1 8.4 190 24.5 0 0 0
18.284 0x2B main_weld 1 1 1 1 201 24.2 8.4 190 24.5 0 0 0
18.322 0x2B main_weld 1 1 1 1 206 24.2 8.4 190 24.5 0 0 0
18.366 0x2B main_weld 1 1 1 1 206 24.2 8.4 190 24.5 0 0 0
18.397 0x2B main_weld 1 1 1 1 206 24.2 8.4 190 24.5 0 0 0
18.438 0x2B main_weld 1 1 1 1 206 24.2 8.4 190 24.5 0 0 0
18.477 0x2B main_weld 1 1 1 1 204 24.4 8.4 190 24.5 0 0 0
18.522 0x2B main_weld 1 1 1 1 204 24.4 8.4 190 24.5 0 0 0
18.558 0x2B main_weld 1 1 1 1 204 24.4 8.4 190 24.5 0 0 0
18.599 0x2B main_weld 1 1 1 1 204 24.4 8.4 190 24.5 0 0 0
18.644 0x2B main_weld 1 1 1 1 204 23.9 8.4 190 24.5 0 0 0
18.678 0x2B main_weld 1 1 1 1 204 23.9 8.4 190 24.5 0 0 0
18.716 0x2B main_weld 1 1 1 1 204 23.9 8.4 190 24.5 0 0 0
18.757 0x2B main_weld 1 1 1 1 204 23.9 8.4 190 24.5 0 0 0
18.796 0x2B main_weld 1 1 1 1 204 23.9 8.4 190 24.5 0 0 0
18.844 0x2B main_weld 1 1 1 1 201 24.3 8.4 190 24.5 0 0 0
18.882 0x2B main_weld 1 1 1 1 201 24.3 8.4 190 24.5 0 0 0
18.922 0x2B main_weld 1 1 1 1 201 24.3 8.4 190 24.5 0 0 0
18.960 0x2B main_weld 1 1 1 1 201 24.3 8.4 190 24.5 0 0 0
18.999 0x2B main_weld 1 1 1 1 201 24.2 8.4 190 24.5 0 0 0
19.040 0x2B main_weld 1 1 1 1 206 24.2 8.4 190 24.5 0 0 0
19.078 0x2B main_weld 1 1 1 1 206 24.2 8.4 190 24.5 0 0 0
19.127 0x2B main_weld 1 1 1 1 206 24.2 8.4 190 24.5 0 0 0
19.171 0x2B main_weld 1 1 1 1 206 24.2 8.4 190 24.5 0 0 0
19.201 0x2B main_weld 1 1 1 1 206 24.1 8.4 190 24.5 0 0 0
19.241 0x2B main_weld 1 1 1 1 194 24.1 8.4 190 24.5 0 0 0
19.277 0x2B main_weld 1 1 1 1 194 24.1 8.4 190 24.5 0 0 0
19.318 0x2B main_weld 1 1 1 1 201 24.1 8.4 190 24.5 0 0 0
19.358 0x2B main_weld 1 1 1 1 201 24.0 8.4 190 24.5 0 0 0
19.398 0x2B main_weld 1 1 1 1 201 24.0 8.4 190 24.5 0 0 0
19.440 0x2B main_weld 1 1 1 1 201 24.0 8.4 190 24.5 0 0 0
19.478 0x2B main_weld 1 1 1 1 199 24.0 8.4 190 24.5 0 0 0
19.517 0x2B main_weld 1 1 1 1 199 24.0 8.4 190 24.5 0 0 0
19.558 0x2B main_weld 1 1 1 1 199 24.3 8.4 190 24.5 0 0 0
19.598 0x2B main_weld 1 1 1 1 199 24.3 8.4 190 24.5 0 0 0
19.639 0x2B main_weld 1 1 1 1 199 24.5 8.4 190 24.5 0 0 0
19.682 0x2B main_weld 1 1 1 1 212 24.5 8.4 190 24.5 0 0 0
19.722 0x2B main_weld 1 1 1 1 212 24.5 8.4 190 24.5 0 0 0
19.758 0x2B main_weld 1 1 1 1 212 24.5 8.4 190 24.5 0 0 0
19.799 0x2B main_weld 1 1 1 1 212 23.9 8.4 190 24.5 0 0 0
19.837 0x2B main_weld 1 1 1 1 198 23.9 8.4 190 24.5 0 0 0
19.875 0x2B main_weld 1 1 1 1 198 23.9 8.4 190 24.5 0 0 0
19.919 0x2B main_weld 1 1 1 1 198 23.9 8.4 190 24.5 0 0 0
19.958 0x2B main_weld 1 1 1 1 198 23.9 8.4 190 24.5 0 0 0
19.996 0x2B main_weld 1 1 1 1 198 24.3 8.4 190 24.5 0 0 0
20.035 0x2B main_weld 1 1 1 1 200 24.3 8.4 190 24.5 0 0 0
20.077 0x2B main_weld 1 1 1 1 200 24.3 8.4 190 24.5 0 0 0
20.114 0x2B main_weld 1 1 1 1 200 24.3 8.4 190 24.5 0 0 0
20.159 0x2B main_weld 1 1 1 1 200 24.5 8.4 190 24.5 0 0 0
20.201 0x2B main_weld 1 1 1 1 202 24.5 8.4 190 24.5 0 0 0
20.242 0x2B main_weld 1 1 1 1 202 24.5 8.4 190 24.5 0 0 0
20.282 0x2B main_weld 1 1 1 1 202 24.5 8.4 190 24.5 0 0 0
20.321 0x2B main_weld 1 1 1 1 202 24.5 8.4 190 24.5 0 0 0
20.356 0x2B main_weld 1 1 1 1 202 24.1 8.4 190 24.5 0 0 0
20.395 0x2B main_weld 1 1 1 1 202 24.1 8.4 190 24.5 0 0 0
20.434 0x2B main_weld 1 1 1 1 202 24.1 8.4 190 24.5 0 0 0
20.480 0x2B main_weld 1 1 1 1 202 24.1 8.4 190 24.5 0 0 0
20.520 0x2B main_weld 1 1 1 1 202 24.3 8.4 190 24.5 0 0 0
20.560 0x2B main_weld 1 1 1 1 202 24.3 8.4 190 24.5 0 0 0
20.596 0x2B main_weld 1 1 1 1 202 24.3 8.4 190 24.5 0 0 0
20.636 0x2B main_weld 1 1 1 1 211 24.3 8.4 190 24.5 0 0 0
20.677 0x2B main_weld 1 1 1 1 211 24.3 8.4 190 24.5 0 0 0
20.716 0x2B main_weld 1 1 1 1 211 24.3 8.4 190 24.5 0 0 0
20.757 0x2B main_weld 1 1 1 1 211 24.3 8.4 190 24.5 0 0 0
20.799 0x2B main_weld 1 1 1 1 211 24.2 8.4 190 24.5 0 0 0
20.840 0x2B main_weld 1 1 1 1 202 24.2 8.4 190 24.5 0 0 0
20.881 0x2B main_weld 1 1 1 1 202 24.2 8.4 190 24.5 0 0 0
20.918 0x2B main_weld 1 1 1 1 202 24.2 8.4 190 24.5 0 0 0
20.960 0x2B main_weld 1 1 1 1 202 24.2 8.4 190 24.5 0 0 0
20.997 0x2B main_weld 1 1 1 1 205 24.0 8.4 190 24.5 0 0 0
21.038 0x2B main_weld 1 1 1 1 205 24.0 8.4 190 24.5 0 0 0
21.081 0x2B main_weld 1 1 1 1 205 24.0 8.4 190 24.5 0 0 0
21.117 0x2B main_weld 1 1 1 1 205 24.0 8.4 190 24.5 0 0 0
21.161 0x2B main_weld 1 1 1 1 205 24.1 8.4 190 24.5 0 0 0
21.198 0x2B main_weld 1 1 1 1 202 24.1 8.4 190 24.5 0 0 0
21.239 0x2B main_weld 1 1 1 1 202 24.1 8.4 190 24.5 0 0 0
21.278 0x2B main_weld 1 1 1 1 202 24.1 8.4 190 24.5 0 0 0
21.319 0x2B main_weld 1 1 1 1 202 24.1 8.4 190 24.5 0 0 0
21.360 0x2B main_weld 1 1 1 1 198 24.0 8.4 190 24.5 0 0 0
21.400 0x2B main_weld 1 1 1 1 198 24.0 8.4 190 24.5 0 0 0
21.442 0x2B main_weld 1 1 1 1 198 24.0 8.4 190 24.5 0 0 0
21.482 0x2B main_weld 1 1 1 1 207 24.0 8.4 190 24.5 0 0 0
21.521 0x2B main_weld 1 1 1 1 207 24.1 8.4 190 24.5 0 0 0
21.558 0x2B main_weld 1 1 1 1 207 24.1 8.4 190 24.5 0 0 0
21.599 0x2B main_weld 1 1 1 1 207 24.1 8.4 190 24.5 0 0 0
21.646 0x2B main_weld 1 1 1 1 204 24.1 8.4 190 24.5 0 0 0
21.680 0x2B main_weld 1 1 1 1 204 24.1 8.4 190 24.5 0 0 0
21.719 0x2B main_weld 1 1 1 1 204 24.4 8.4 190 24.5 0 0 0
21.758 0x2B main_weld 1 1 1 1 204 24.4 8.4 190 24.5 0 0 0
21.796 0x2B main_weld 1 1 1 1 204 24.3 8.4 190 24.5 0 0 0
21.837 0x2B main_weld 1 1 1 1 200 24.3 8.4 190 24.5 0 0 0
21.883 0x2B main_weld 1 1 1 1 200 24.3 8.4 190 24.5 0 0 0
21.921 0x2B main_weld 1 1 1 1 200 24.3 8.4 190 24.5 0 0 0
21.961 0x2B main_weld 1 1 1 1 200 24.3 8.4 190 24.5 0 0 0
21.997 0x2B main_weld 1 1 1 1 201 24.3 8.4 190 24.5 0 0 0
22.044 0x2B main_weld 1 1 1 1 201 24.3 8.4 190 24.5 0 0 0
22.077 0x2B main_weld 1 1 1 1 201 24.3 8.4 190 24.5 0 0 0
22.117 0x2B main_weld 1 1 1 1 201 24.3 8.4 190 24.5 0 0 0
22.158 0x2B main_weld 1 1 1 1 201 24.4 8.4 190 24.5 0 0 0
22.198 0x2B main_weld 1 1 1 1 200 24.4 8.4 190 24.5 0 0 0
22.241 0x2B main_weld 1 1 1 1 200 24.4 8.4 190 24.5 0 0 0
22.276 0x2B main_weld 1 1 1 1 200 24.4 8.4 190 24.5 0 0 0
22.324 0x2B main_weld 1 1 1 1 200 23.9 8.4 190 24.5 0 0 0
22.357 0x2B main_weld 1 1 1 1 211 23.9 8.4 190 24.5 0 0 0
22.398 0x2B main_weld 1 1 1 1 211 23.9 8.4 190 24.5 0 0 0
22.437 0x2B main_weld 1 1 1 1 198 23.9 8.4 190 24.5 0 0 0
22.477 0x2B main_weld 1 1 1 1 198 23.9 8.4 190 24.5 0 0 0
22.522 0x2B main_weld 1 1 1 1 198 23.9 8.4 190 24.5 0 0 0
22.559 0x2B main_weld 1 1 1 1 198 23.9 8.4 190 24.5 0 0 0
22.599 0x2B main_weld 1 1 1 1 198 23.9 8.4 190 24.5 0 0 0
22.640 0x2B main_weld 1 1 1 1 199 23.9 8.4 190 24.5 0 0 0
22.675 0x2B main_weld 1 1 1 1 199 23.9 8.4 190 24.5 0 0 0
22.720 0x2B main_weld 1 1 1 1 199 24.1 8.4 190 24.5 0 0 0
22.763 0x2B main_weld 1 1 1 1 199 24.1 8.4 190 24.5 0 0 0
22.803 0x2B main_weld 1 1 1 1 207 24.1 8.4 190 24.5 0 0 0
22.835 0x2B main_weld 1 1 1 1 207 24.1 8.4 190 24.5 0 0 0
22.874 0x2B main_weld 1 1 1 1 207 24.4 8.4 190 24.5 0 0 0
22.919 0x2B main_weld 1 1 1 1 207 24.4 8.4 190 24.5 0 0 0
22.957 0x2B main_weld 1 1 1 1 207 24.4 8.4 190 24.5 0 0 0
22.997 0x2B main_weld 1 1 1 1 202 24.4 8.4 190 24.5 0 0 0
23.038 0x2B main_weld 1 1 1 1 202 24.4 8.4 190 24.5 0 0 0
23.085 0x2B main_weld 1 1 1 1 202 24.4 8.4 190 24.5 0 0 0
23.118 0x2B main_weld 1 1 1 1 202 24.4 8.4 190 24.5 0 0 0
23.156 0x2B main_weld 1 1 1 1 202 23.8 8.4 190 24.5 0 0 0
23.194 0x2B main_weld 1 1 1 1 199 23.8 8.4 190 24.5 0 0 0
23.239 0x2B main_weld 1 1 1 1 199 23.8 8.4 190 24.5 0 0 0
23.276 0x2B main_weld 1 1 1 1 199 23.8 8.4 190 24.5 0 0 0
23.319 0x2B main_weld 1 1 1 1 199 23.7 8.4 190 24.5 0 0 0
23.356 0x2B main_weld 1 1 1 1 202 23.7 8.4 190 24.5 0 0 0
23.402 0x2B main_weld 1 1 1 1 202 23.7 8.4 190 24.5 0 0 0
23.436 0x2B main_weld 1 1 1 1 202 23.7 8.4 190 24.5 0 0 0
23.480 0x2B main_weld 1 1 1 1 202 23.7 8.4 190 24.5 0 0 0
23.519 0x2B main_weld 1 1 1 1 200 24.2 8.4 190 24.5 0 0 0
23.561 0x2B main_weld 1 1 1 1 200 24.2 8.4 190 24.5 0 0 0
23.596 0x2B main_weld 1 1 1 1 200 24.2 8.4 190 24.5 0 0 0
23.641 0x2B main_weld 1 1 1 1 200 24.2 8.4 190 24.5 0 0 0
23.681 0x2B main_weld 1 1 1 1 200 24.1 8.4 190 24.5 0 0 0
23.719 0x2B main_weld 1 1 1 1 198 24.1 8.4 190 24.5 0 0 0
23.761 0x2B main_weld 1 1 1 1 198 24.1 8.4 190 24.5 0 0 0
23.797 0x2B main_weld 1 1 1 1 205 24.1 8.4 190 24.5 0 0 0
23.835 0x2B main_weld 1 1 1 1 205 24.1 8.4 190 24.5 0 0 0
23.878 0x2B main_weld 1 1 1 1 205 24.0 8.4 190 24.5 0 0 0
23.921 0x2B main_weld 1 1 1 1 205 24.0 8.4 190 24.5 0 0 0
23.960 0x2B main_weld 1 1 1 1 205 24.0 8.4 190 24.5 0 0 0
23.998 0x2B main_weld 1 1 1 1 207 24.0 8.4 190 24.5 0 0 0
24.038 0x2B main_weld 1 1 1 1 207 24.2 8.4 190 24.5 0 0 0
24.077 0x2B main_weld 1 1 1 1 207 24.2 8.4 190 24.5 0 0 0
24.118 0x2B main_weld 1 1 1 1 207 24.3 8.4 190 24.5 0 0 0
24.157 0x2B main_weld 1 1 1 1 200 24.3 8.4 190 24.5 0 0 0
24.203 0x2B main_weld 1 1 1 1 200 24.3 8.4 190 24.5 0 0 0
24.237 0x2B main_weld 1 1 1 1 200 24.3 8.4 190 24.5 0 0 0
24.277 0x2B main_weld 1 1 1 1 200 24.3 8.4 190 24.5 0 0 0
24.320 0x2B main_weld 1 1 1 1 200 24.2 8.4 190 24.5 0 0 0
24.358 0x2B main_weld 1 1 1 1 204 24.2 8.4 190 24.5 0 0 0
24.398 0x2B main_weld 1 1 1 1 204 24.2 8.4 190 24.5 0 0 0
24.437 0x2B main_weld 1 1 1 1 204 24.2 8.4 190 24.5 0 0 0
24.482 0x2B main_weld 1 1 1 1 204 24.4 8.4 190 24.5 0 0 0
24.522 0x2B main_weld 1 1 1 1 201 24.4 8.4 190 24.5 0 0 0
24.568 0x2B main_weld 1 1 1 1 201 24.4 8.4 190 24.5 0 0 0
24.599 0x2B main_weld 1 1 1 1 201 24.4 8.4 190 24.5 0 0 0
24.643 0x2B main_weld 1 1 1 1 201 24.4 8.4 190 24.5 0 0 0
24.682 0x2B main_weld 1 1 1 1 201 23.7 8.4 190 24.5 0 0 0
24.719 0x2B main_weld 1 1 1 1 201 23.7 8.4 190 24.5 0 0 0
24.763 0x2B main_weld 1 1 1 1 201 23.7 8.4 190 24.5 0 0 0
24.801 0x2B main_weld 1 1 1 1 201 23.7 8.4 190 24.5 0 0 0
24.840 0x2B main_weld 1 1 1 1 201 24.3 8.4 190 24.5 0 0 0
24.883 0x2B main_weld 1 1 1 1 201 24.3 8.4 190 24.5 0 0 0
24.921 0x2B main_weld 1 1 1 1 201 24.3 8.4 190 24.5 0 0 0
24.956 0x2B main_weld 1 1 1 1 202 24.3 8.4 190 24.5 0 0 0
24.996 0x2B main_weld 1 1 1 1 202 24.3 8.4 190 24.5 0 0 0
25.040 0x2B main_weld 1 1 1 1 202 24.4 8.4 190 24.5 0 0 0
25.076 0x2B main_weld 1 1 1 1 202 24.4 8.4 190 24.5 0 0 0
25.118 0x2B main_weld 1 1 1 1 202 24.4 8.4 190 24.5 0 0 0
25.158 0x2B main_weld 1 1 1 1 207 24.4 8.4 190 24.5 0 0 0
25.205 0x2B main_weld 1 1 1 1 207 24.0 8.4 190 24.5 0 0 0
25.243 0x2B main_weld 1 1 1 1 207 24.0 8.4 190 24.5 0 0 0
25.279 0x2B main_weld 1 1 1 1 207 24.0 8.4 190 24.5 0 0 0
25.318 0x2B main_weld 1 1 1 1 207 24.0 8.4 190 24.5 0 0 0
25.356 0x2B main_weld 1 1 1 1 201 24.0 8.4 190 24.5 0 0 0
25.397 0x2B main_weld 1 1 1 1 201 23.7 8.4 190 24.5 0 0 0
25.435 0x2B main_weld 1 1 1 1 201 23.7 8.4 190 24.5 0 0 0
25.477 0x2B main_weld 1 1 1 1 201 23.9 8.4 190 24.5 0 0 0
25.516 0x2B main_weld 1 1 1 1 208 23.9 8.4 190 24.5 0 0 0
25.557 0x2B main_weld 1 1 1 1 208 23.9 8.4 190 24.5 0 0 0
25.598 0x2B main_weld 1 1 1 1 208 23.9 8.4 190 24.5 0 0 0
25.636 0x2B main_weld 1 1 1 1 208 23.9 8.4 190 24.5 0 0 0
25.675 0x2B main_weld 1 1 1 1 201 24.4 8.4 190 24.5 0 0 0
25.722 0x2B main_weld 1 1 1 1 201 24.4 8.4 190 24.5 0 0 0
25.760 0x2B main_weld 1 1 1 1 201 24.4 8.4 190 24.5 0 0 0
25.803 0x2B main_weld 1 1 1 1 201 24.4 8.4 190 24.5 0 0 0
25.839 0x2B main_weld 1 1 1 1 201 23.9 8.4 190 24.5 0 0 0
25.883 0x2B main_weld 1 1 1 1 211 23.9 8.4 190 24.5 0 0 0
25.917 0x2B main_weld 1 1 1 1 211 23.9 8.4 190 24.5 0 0 0
25.959 0x2B main_weld 1 1 1 1 210 23.9 8.4 190 24.5 0 0 0
25.998 0x2B main_weld 1 1 1 1 210 23.9 8.4 190 24.5 0 0 0
26.038 0x2B main_weld 1 1 1 1 210 24.3 8.4 190 24.5 0 0 0
26.076 0x2B main_weld 1 1 1 1 210 24.3 8.4 190 24.5 0 0 0
26.122 0x2B main_weld 1 1 1 1 210 24.3 8.4 190 24.5 0 0 0
26.159 0x2B main_weld 1 1 1 1 198 24.3 8.4 190 24.5 0 0 0
26.199 0x2B main_weld 1 1 1 1 198 24.4 8.4 190 24.5 0 0 0
26.241 0x2B main_weld 1 1 1 1 198 24.4 8.4 190 24.5 0 0 0
26.282 0x2B main_weld 1 1 1 1 198 24.2 8.4 190 24.5 0 0 0
26.319 0x2B main_weld 1 1 1 1 205 24.2 8.4 190 24.5 0 0 0
26.361 0x2B main_weld 1 1 1 1 205 24.2 8.4 190 24.5 0 0 0
26.403 0x2B main_weld 1 1 1 1 205 24.2 8.4 190 24.5 0 0 0
26.445 0x2B main_weld 1 1 1 1 205 24.2 8.4 190 24.5 0 0 0
26.477 0x2B main_weld 1 1 1 1 205 24.1 8.4 190 24.5 0 0 0
26.519 0x2B main_weld 1 1 1 1 202 24.1 8.4 190 24.5 0 0 0
26.556 0x2B main_weld 1 1 1 1 202 24.1 8.4 190 24.5 0 0 0
26.598 0x2B main_weld 1 1 1 1 202 24.1 8.4 190 24.5 0 0 0
26.645 0x2B main_weld 1 1 1 1 202 23.7 8.4 190 24.5 0 0 0
26.678 0x2B main_weld 1 1 1 1 207 23.7 8.4 190 24.5 0 0 0
26.718 0x2B main_weld 1 1 1 1 207 23.7 8.4 190 24.5 0 0 0
26.758 0x2B main_weld 1 1 1 1 207 23.7 8.4 190 24.5 0 0 0
26.795 0x2B main_weld 1 1 1 1 207 23.7 8.4 190 24.5 0 0 0
26.837 0x2B main_weld 1 1 1 1 207 23.7 8.4 190 24.5 0 0 0
26.878 0x2B main_weld 1 1 1 1 202 23.7 8.4 190 24.5 0 0 0
26.922 0x2B main_weld 1 1 1 1 202 23.7 8.4 190 24.5 0 0 0
26.958 0x2B main_weld 1 1 1 1 202 23.7 8.4 190 24.5 0 0 0
27.005 0x2B main_weld 1 1 1 1 202 24.2 8.4 190 24.5 0 0 0
27.038 0x2B main_weld 1 1 1 1 205 24.2 8.4 190 24.5 0 0 0
27.080 0x2B main_weld 1 1 1 1 205 24.2 8.4 190 24.5 0 0 0
27.124 0x2B main_weld 1 1 1 1 205 24.2 8.4 190 24.5 0 0 0
27.162 0x2B main_weld 1 1 1 1 205 24.2 8.4 190 24.5 0 0 0
27.196 0x2B main_weld 1 1 1 1 205 24.0 8.4 190 24.5 0 0 0
27.246 0x2B main_weld 1 1 1 1 202 24.0 8.4 190 24.5 0 0 0
27.281 0x2B main_weld 1 1 1 1 202 24.0 8.4 190 24.5 0 0 0
27.320 0x2B main_weld 1 1 1 1 200 24.0 8.4 190 24.5 0 0 0
27.357 0x2B main_weld 1 1 1 1 200 23.7 8.4 190 24.5 0 0 0
27.406 0x2B main_weld 1 1 1 1 200 23.7 8.4 190 24.5 0 0 0
27.438 0x2B main_weld 1 1 1 1 200 23.7 8.4 190 24.5 0 0 0
27.482 0x2B main_weld 1 1 1 1 207 23.7 8.4 190 24.5 0 0 0
27.519 0x2B main_weld 1 1 1 1 207 23.7 8.4 190 24.5 0 0 0
27.562 0x2B main_weld 1 1 1 1 207 24.0 8.4 190 24.5 0 0 0
27.598 0x2B main_weld 1 1 1 1 207 24.0 8.4 190 24.5 0 0 0
27.644 0x2B main_weld 1 1 1 1 207 24.3 8.4 190 24.5 0 0 0
27.680 0x2B main_weld 1 1 1 1 204 24.3 8.4 190 24.5 0 0 0
27.720 0x2B main_weld 1 1 1 1 204 24.3 8.4 190 24.5 0 0 0
27.756 0x2B main_weld 1 1 1 1 204 24.3 8.4 190 24.5 0 0 0
27.802 0x2B main_weld 1 1 1 1 204 24.3 8.4 190 24.5 0 0 0
27.836 0x2B main_weld 1 1 1 1 204 24.5 8.4 190 24.5 0 0 0
27.876 0x2B main_weld 1 1 1 1 202 24.5 8.4 190 24.5 0 0 0
27.917 0x2B main_weld 1 1 1 1 202 24.5 8.4 190 24.5 0 0 0
27.958 0x2B main_weld 1 1 1 1 202 24.5 8.4 190 24.5 0 0 0
27.999 0x2B main_weld 1 1 1 1 202 24.2 8.4 190 24.5 0 0 0
28.038 0x2B main_weld 1 1 1 1 206 24.2 8.4 190 24.5 0 0 0
28.088 0x2B main_weld 1 1 1 1 206 24.2 8.4 190 24.5 0 0 0
28.122 0x2B main_weld 1 1 1 1 206 24.2 8.4 190 24.5 0 0 0
28.162 0x2B main_weld 1 1 1 1 206 24.2 8.4 190 24.5 0 0 0
28.198 0x2B main_weld 1 1 1 1 202 24.3 8.4 190 24.5 0 0 0
28.244 0x2B main_weld 1 1 1 1 202 24.3 8.4 190 24.5 0 0 0
28.286 0x2B main_weld 1 1 1 1 202 24.3 8.4 190 24.5 0 0 0
28.316 0x2B main_weld 1 1 1 1 206 24.3 8.4 190 24.5 0 0 0
28.360 0x2B main_weld 1 1 1 1 206 24.1 8.4 190 24.5 0 0 0
28.397 0x2B main_weld 1 1 1 1 206 24.1 8.4 190 24.5 0 0 0
28.435 0x2B main_weld 1 1 1 1 206 24.1 8.4 190 24.5 0 0 0
28.476 0x2B main_weld 1 1 1 1 202 24.1 8.4 190 24.5 0 0 0
28.527 0x2B main_weld 1 1 1 1 202 24.1 8.4 190 24.5 0 0 0
28.557 0x2B main_weld 1 1 1 1 202 24.2 8.4 190 24.5 0 0 0
28.601 0x2B main_weld 1 1 1 1 202 24.2 8.4 190 24.5 0 0 0
28.644 0x2B main_weld 1 1 1 1 202 24.3 8.4 190 24.5 0 0 0
28.681 0x2B main_weld 1 1 1 1 204 24.3 8.4 190 24.5 0 0 0
28.720 0x2B main_weld 1 1 1 1 204 24.3 8.4 190 24.5 0 0 0
28.757 0x2B main_weld 1 1 1 1 204 24.3 8.4 190 24.5 0 0 0
28.797 0x2B main_weld 1 1 1 1 204 24.5 8.4 190 24.5 0 0 0
28.842 0x2B main_weld 1 1 1 1 207 24.5 8.4 190 24.5 0 0 0
28.877 0x2B main_weld 1 1 1 1 207 24.5 8.4 190 24.5 0 0 0
28.918 0x2B main_weld 1 1 1 1 207 24.5 8.4 190 24.5 0 0 0
28.957 0x2B main_weld 1 1 1 1 207 24.5 8.4 190 24.5 0 0 0
28.997 0x2B main_weld 1 1 1 1 207 24.1 8.4 190 24.5 0 0 0
29.039 0x2B main_weld 1 1 1 1 198 24.1 8.4 190 24.5 0 0 0
29.080 0x2B main_weld 1 1 1 1 198 24.1 8.4 190 24.5 0 0 0
29.117 0x2B main_weld 1 1 1 1 198 24.1 8.4 190 24.5 0 0 0
29.156 0x2B main_weld 1 1 1 1 198 24.0 8.4 190 24.5 0 0 0
29.200 0x2B main_weld 1 1 1 1 204 24.0 8.4 190 24.5 0 0 0
29.253 0x2B main_weld 1 1 1 1 204 24.0 8.4 190 24.5 0 0 0
29.278 0x2B main_weld 1 1 1 1 204 24.0 8.4 190 24.5 0 0 0
29.322 0x2B main_weld 1 1 1 1 204 24.0 8.4 190 24.5 0 0 0
29.359 0x2B main_weld 1 1 1 1 204 24.3 8.4 190 24.5 0 0 0
29.398 0x2B main_weld 1 1 1 1 204 24.3 8.4 190 24.5 0 0 0
29.439 0x2B main_weld 1 1 1 1 204 24.3 8.4 190 24.5 0 0 0
29.480 0x2B main_weld 1 1 1 1 204 24.3 8.4 190 24.5 0 0 0
29.525 0x2B main_weld 1 1 1 1 204 24.6 8.4 190 24.5 0 0 0
29.559 0x2B main_weld 1 1 1 1 199 24.6 8.4 190 24.5 0 0 0
29.596 0x2B main_weld 1 1 1 1 199 24.6 8.4 190 24.5 0 0 0
29.641 0x2B main_weld 1 1 1 1 206 24.6 8.4 190 24.5 0 0 0
29.683 0x2B main_weld 1 1 1 1 206 24.6 8.4 190 24.5 0 0 0
29.720 0x2B main_weld 1 1 1 1 206 24.3 8.4 190 24.5 0 0 0
29.759 0x2B main_weld 1 1 1 1 206 24.3 8.4 190 24.5 0 0 0
29.808 0x2B main_weld 1 1 1 1 206 24.3 8.4 190 24.5 0 0 0
29.844 0x2B main_weld 1 1 1 1 200 24.3 8.4 190 24.5 0 0 0
29.881 0x2B main_weld 1 1 1 1 200 24.1 8.4 190 24.5 0 0 0
29.920 0x2B main_weld 1 1 1 1 200 24.1 8.4 190 24.5 0 0 0
29.958 0x2B main_weld 1 1 1 1 200 24.1 8.4 190 24.5 0 0 0
29.999 0x2B main_weld 1 1 1 1 206 24.0 8.4 190 24.5 0 0 0
30.037 0x2B main_weld 1 1 1 1 206 24.0 8.4 190 24.5 0 0 0
30.078 0x2B main_weld 1 1 1 1 206 24.0 8.4 190 24.5 0 0 0
30.119 0x2B main_weld 1 1 1 1 206 24.0 8.4 190 24.5 0 0 0
30.155 0x2B main_weld 1 1 1 1 206 23.8 8.4 190 24.5 0 0 0
30.203 0x2B main_weld 1 1 1 1 195 23.8 8.4 190 24.5 0 0 0
30.242 0x2B main_weld 1 1 1 1 195 23.8 8.4 190 24.5 0 0 0
30.280 0x2B main_weld 1 1 1 1 195 23.8 8.4 190 24.5 0 0 0
30.327 0x2B main_weld 1 1 1 1 195 23.8 8.4 190 24.5 0 0 0
30.367 0x2B main_weld 1 1 1 1 206 24.6 8.4 190 24.5 0 0 0
30.401 0x2B main_weld 1 1 1 1 206 24.6 8.4 190 24.5 0 0 0
30.440 0x2B main_weld 1 1 1 1 206 24.6 8.4 190 24.5 0 0 0
30.477 0x2B main_weld 1 1 1 1 204 24.6 8.4 190 24.5 0 0 0
30.522 0x2B main_weld 1 1 1 1 204 24.0 8.4 190 24.5 0 0 0
30.558 0x2B main_weld 1 1 1 1 204 24.0 8.4 190 24.5 0 0 0
30.604 0x2B main_weld 1 1 1 1 204 24.0 8.4 190 24.5 0 0 0
30.637 0x2B main_weld 1 1 1 1 205 24.0 8.4 190 24.5 0 0 0
30.680 0x2B main_weld 1 1 1 1 205 24.0 8.4 190 24.5 0 0 0
30.719 0x2B main_weld 1 1 1 1 205 24.3 8.4 190 24.5 0 0 0
30.763 0x2B main_weld 1 1 1 1 205 24.3 8.4 190 24.5 0 0 0
30.798 0x2B main_weld 1 1 1 1 205 24.4 8.4 190 24.5 0 0 0
30.841 0x2B main_weld 1 1 1 1 206 24.4 8.4 190 24.5 0 0 0
30.886 0x2B main_weld 1 1 1 1 206 24.4 8.4 190 24.5 0 0 0
30.921 0x2B main_weld 1 1 1 1 206 24.4 8.4 190 24.5 0 0 0
30.960 0x2B main_weld 1 1 1 1 206 23.9 8.4 190 24.5 0 0 0
30.999 0x2B main_weld 1 1 1 1 194 23.9 8.4 190 24.5 0 0 0
31.041 0x2B main_weld 1 1 1 1 194 23.9 8.4 190 24.5 0 0 0
31.079 0x2B main_weld 1 1 1 1 194 23.9 8.4 190 24.5 0 0 0
31.123 0x2B main_weld 1 1 1 1 194 23.9 8.4 190 24.5 0 0 0
31.170 0x2B main_weld 1 1 1 1 194 24.3 8.4 190 24.5 0 0 0
31.198 0x2B main_weld 1 1 1 1 201 24.3 8.4 190 24.5 0 0 0
31.240 0x2B main_weld 1 1 1 1 201 24.3 8.4 190 24.5 0 0 0
31.282 0x2B main_weld 1 1 1 1 201 24.3 8.4 190 24.5 0 0 0
31.320 0x2B main_weld 1 1 1 1 201 24.7 8.4 190 24.5 0 0 0
31.365 0x2B main_weld 1 1 1 1 201 24.7 8.4 190 24.5 0 0 0
31.400 0x2B main_weld 1 1 1 1 201 24.7 8.4 190 24.5 0 0 0
31.444 0x2B main_weld 1 1 1 1 201 24.7 8.4 190 24.5 0 0 0
31.482 0x2B main_weld 1 1 1 1 201 24.7 8.4 190 24.5 0 0 0
31.519 0x2B main_weld 1 1 1 1 201 24.3 8.4 190 24.5 0 0 0
31.562 0x2B main_weld 1 1 1 1 205 24.3 8.4 190 24.5 0 0 0
31.598 0x2B main_weld 1 1 1 1 205 24.3 8.4 190 24.5 0 0 0
31.638 0x2B main_weld 1 1 1 1 205 24.3 8.4 190 24.5 0 0 0
31.686 0x2B main_weld 1 1 1 1 205 24.4 8.4 190 24.5 0 0 0
31.724 0x2B main_weld 1 1 1 1 204 24.4 8.4 190 24.5 0 0 0
31.764 0x2B main_weld 1 1 1 1 204 24.4 8.4 190 24.5 0 0 0
31.798 0x2B main_weld 1 1 1 1 195 24.4 8.4 190 24.5 0 0 0
31.839 0x2B main_weld 1 1 1 1 195 24.4 8.4 190 24.5 0 0 0
31.884 0x2B main_weld 1 1 1 1 195 24.3 8.4 190 24.5 0 0 0
31.919 0x2B main_weld 1 1 1 1 195 24.3 8.4 190 24.5 0 0 0
31.959 0x2B main_weld 1 1 1 1 195 24.3 8.4 190 24.5 0 0 0
31.998 0x2B main_weld 1 1 1 1 205 24.3 8.4 190 24.5 0 0 0
32.040 0x2B main_weld 1 1 1 1 205 24.1 8.4 190 24.5 0 0 0
32.078 0x2B main_weld 1 1 1 1 205 24.1 8.4 190 24.5 0 0 0
32.121 0x2B main_weld 1 1 1 1 205 24.1 8.4 190 24.5 0 0 0
32.163 0x2B main_weld 1 1 1 1 194 24.5 8.4 190 24.5 0 0 0
32.201 0x2B main_weld 1 1 1 1 194 24.5 8.4 190 24.5 0 0 0
32.242 0x2B main_weld 1 1 1 1 194 24.5 8.4 190 24.5 0 0 0
32.280 0x2B main_weld 1 1 1 1 194 24.5 8.4 190 24.5 0 0 0
32.317 0x2B main_weld 1 1 1 1 194 24.3 8.4 190 24.5 0 0 0
32.361 0x2B main_weld 1 1 1 1 204 24.3 8.4 190 24.5 0 0 0
32.401 0x2B main_weld 1 1 1 1 204 24.3 8.4 190 24.5 0 0 0
32.440 0x2B main_weld 1 1 1 1 204 24.3 8.4 190 24.5 0 0 0
32.479 0x2B main_weld 1 1 1 1 204 24.3 8.4 190 24.5 0 0 0
32.519 0x2B main_weld 1 1 1 1 202 23.9 8.4 190 24.5 0 0 0
32.560 0x2B main_weld 1 1 1 1 202 23.9 8.4 190 24.5 0 0 0
32.602 0x2B main_weld 1 1 1 1 202 23.9 8.4 190 24.5 0 0 0
32.639 0x2B main_weld 1 1 1 1 202 23.9 8.4 190 24.5 0 0 0
32.682 0x2B main_weld 1 1 1 1 202 24.4 8.4 190 24.5 0 0 0
32.719 0x2B main_weld 1 1 1 1 201 24.4 8.4 190 24.5 0 0 0
32.757 0x2B main_weld 1 1 1 1 201 24.4 8.4 190 24.5 0 0 0
32.801 0x2B main_weld 1 1 1 1 199 24.4 8.4 190 24.5 0 0 0
32.839 0x2B main_weld 1 1 1 1 199 24.4 8.4 190 24.5 0 0 0
32.882 0x2B main_weld 1 1 1 1 199 23.8 8.4 190 24.5 0 0 0
32.922 0x2B main_weld 1 1 1 1 199 23.8 8.4 190 24.5 0 0 0
32.957 0x2B main_weld 1 1 1 1 199 23.8 8.4 190 24.5 0 0 0
33.005 0x2B main_weld 1 1 1 1 200 23.8 8.4 190 24.5 0 0 0
33.037 0x2B main_weld 1 1 1 1 200 24.1 8.4 190 24.5 0 0 0
33.079 0x2B main_weld 1 1 1 1 200 24.1 8.4 190 24.5 0 0 0
33.119 0x2B main_weld 1 1 1 1 200 24.1 8.4 190 24.5 0 0 0
33.161 0x2B main_weld 1 1 1 1 210 24.4 8.4 190 24.5 0 0 0
33.195 0x2B main_weld 1 1 1 1 210 24.4 8.4 190 24.5 0 0 0
33.240 0x2B main_weld 1 1 1 1 210 24.4 8.4 190 24.5 0 0 0
33.277 0x2B main_weld 1 1 1 1 210 24.4 8.4 190 24.5 0 0 0
33.321 0x2B main_weld 1 1 1 1 210 24.2 8.4 190 24.5 0 0 0
33.361 0x2B main_weld 1 1 1 1 200 24.2 8.4 190 24.5 0 0 0
33.406 0x2B main_weld 1 1 1 1 200 24.2 8.4 190 24.5 0 0 0
33.442 0x2B main_weld 1 1 1 1 200 24.2 8.4 190 24.5 0 0 0
33.484 0x2B main_weld 1 1 1 1 200 24.2 8.4 190 24.5 0 0 0
33.517 0x2B main_weld 1 1 1 1 201 24.2 8.4 190 24.5 0 0 0
33.558 0x2B main_weld 1 1 1 1 201 24.2 8.4 190 24.5 0 0 0
33.596 0x2B main_weld 1 1 1 1 201 24.2 8.4 190 24.5 0 0 0
33.639 0x2B main_weld 1 1 1 1 201 24.2 8.4 190 24.5 0 0 0
33.676 0x2B main_weld 1 1 1 1 201 24.1 8.4 190 24.5 0 0 0
33.729 0x2B main_weld 1 1 1 1 202 24.1 8.4 190 24.5 0 0 0
33.760 0x2B main_weld 1 1 1 1 202 24.1 8.4 190 24.5 0 0 0
33.799 0x2B main_weld 1 1 1 1 202 24.1 8.4 190 24.5 0 0 0
33.840 0x2B main_weld 1 1 1 1 202 24.5 8.4 190 24.5 0 0 0
33.881 0x2B main_weld 1 1 1 1 196 24.5 8.4 190 24.5 0 0 0
33.916 0x2B main_weld 1 1 1 1 196 24.5 8.4 190 24.5 0 0 0
33.956 0x2B main_weld 1 1 1 1 196 24.5 8.4 190 24.5 0 0 0
34.002 0x2B main_weld 1 1 1 1 196 24.5 8.4 190 24.5 0 0 0
34.037 0x2B main_weld 1 1 1 1 196 24.5 8.4 190 24.5 0 0 0
34.081 0x2B main_weld 1 1 1 1 207 24.5 8.4 190 24.5 0 0 0
34.117 0x2B main_weld 1 1 1 1 207 24.5 8.4 190 24.5 0 0 0
34.170 0x2B main_weld 1 1 1 1 204 24.5 8.4 190 24.5 0 0 0
34.199 0x2B main_weld 1 1 1 1 204 24.4 8.4 190 24.5 0 0 0
34.237 0x2B main_weld 1 1 1 1 204 24.4 8.4 190 24.5 0 0 0
34.277 0x2B main_weld 1 1 1 1 204 24.4 8.4 190 24.5 0 0 0
34.318 0x2B main_weld 1 1 1 1 194 24.6 8.4 190 24.5 0 0 0
34.356 0x2B main_weld 1 1 1 1 194 24.6 8.4 190 24.5 0 0 0
34.400 0x2B main_weld 1 1 1 1 194 24.6 8.4 190 24.5 0 0 0
34.440 0x2B main_weld 1 1 1 1 194 24.6 8.4 190 24.5 0 0 0
34.475 0x2B main_weld 1 1 1 1 194 24.2 8.4 190 24.5 0 0 0
34.526 0x2B main_weld 1 1 1 1 195 24.2 8.4 190 24.5 0 0 0
34.561 0x2B main_weld 1 1 1 1 195 24.2 8.4 190 24.5 0 0 0
34.600 0x2B main_weld 1 1 1 1 195 24.2 8.4 190 24.5 0 0 0
34.649 0x2B main_weld 1 1 1 1 195 24.2 8.4 190 24.5 0 0 0
34.676 0x2B main_weld 1 1 1 1 204 24.3 8.4 190 24.5 0 0 0
34.722 0x2B main_weld 1 1 1 1 204 24.3 8.4 190 24.5 0 0 0
34.760 0x2B main_weld 1 1 1 1 204 24.3 8.4 190 24.5 0 0 0
34.800 0x2B main_weld 1 1 1 1 204 24.3 8.4 190 24.5 0 0 0
34.839 0x2B main_weld 1 1 1 1 204 24.3 8.4 190 24.5 0 0 0
34.876 0x2B main_weld 1 1 1 1 201 24.3 8.4 190 24.5 0 0 0
34.918 0x2B main_weld 1 1 1 1 201 24.3 8.4 190 24.5 0 0 0
34.959 0x2B main_weld 1 1 1 1 205 24.3 8.4 190 24.5 0 0 0
34.999 0x2B main_weld 1 1 1 1 205 24.3 8.4 190 24.5 0 0 0
35.036 0x2B main_weld 1 1 1 1 205 24.4 8.4 190 24.5 0 0 0
35.078 0x2B main_weld 1 1 1 1 205 24.4 8.4 190 24.5 0 0 0
35.127 0x2B main_weld 1 1 1 1 205 24.4 8.4 190 24.5 0 0 0
35.161 0x2B main_weld 1 1 1 1 206 24.4 8.4 190 24.5 0 0 0
35.199 0x2B main_weld 1 1 1 1 206 24.3 8.4 190 24.5 0 0 0
35.236 0x2B main_weld 1 1 1 1 206 24.3 8.4 190 24.5 0 0 0
35.284 0x2B main_weld 1 1 1 1 206 24.5 8.4 190 24.5 0 0 0
35.319 0x2B main_weld 1 1 1 1 198 24.5 8.4 190 24.5 0 0 0
35.365 0x2B main_weld 1 1 1 1 198 24.5 8.4 190 24.5 0 0 0
35.401 0x2B main_weld 1 1 1 1 198 24.5 8.4 190 24.5 0 0 0
35.437 0x2B main_weld 1 1 1 1 198 24.5 8.4 190 24.5 0 0 0
35.480 0x2B main_weld 1 1 1 1 198 24.3 8.4 190 24.5 0 0 0
35.518 0x2B main_weld 1 1 1 1 202 24.3 8.4 190 24.5 0 0 0
35.561 0x2B main_weld 1 1 1 1 202 24.3 8.4 190 24.5 0 0 0
35.598 0x2B main_weld 1 1 1 1 202 24.3 8.4 190 24.5 0 0 0
35.647 0x2B main_weld 1 1 1 1 202 24.4 8.4 190 24.5 0 0 0
35.680 0x2B main_weld 1 1 1 1 199 24.4 8.4 190 24.5 0 0 0
35.720 0x2B main_weld 1 1 1 1 199 24.4 8.4 190 24.5 0 0 0
35.759 0x2B main_weld 1 1 1 1 199 24.4 8.4 190 24.5 0 0 0
35.801 0x2B main_weld 1 1 1 1 199 24.4 8.4 190 24.5 0 0 0
35.838 0x2B main_weld 1 1 1 1 199 24.6 8.4 190 24.5 0 0 0
35.878 0x2B main_weld 1 1 1 1 195 24.6 8.4 190 24.5 0 0 0
35.925 0x2B main_weld 1 1 1 1 195 24.6 8.4 190 24.5 0 0 0
35.962 0x2B main_weld 1 1 1 1 195 24.6 8.4 190 24.5 0 0 0
35.998 0x2B main_weld 1 1 1 1 195 24.3 8.4 190 24.5 0 0 0
36.039 0x2B main_weld 1 1 1 1 201 24.3 8.4 190 24.5 0 0 0
36.078 0x2B main_weld 1 1 1 1 201 24.3 8.4 190 24.5 0 0 0
36.116 0x2B main_weld 1 1 1 1 201 24.3 8.4 190 24.5 0 0 0
36.161 0x2B main_weld 1 1 1 1 201 24.3 8.4 190 24.5 0 0 0
36.201 0x2B main_weld 1 1 1 1 201 24.3 8.4 190 24.5 0 0 0
36.239 0x2B main_weld 1 1 1 1 205 24.3 8.4 190 24.5 0 0 0
36.275 0x2B main_weld 1 1 1 1 205 24.3 8.4 190 24.5 0 0 0
36.322 0x2B main_weld 1 1 1 1 202 24.3 8.4 190 24.5 0 0 0
36.358 0x2B main_weld 1 1 1 1 202 24.3 8.4 190 24.5 0 0 0
36.403 0x2B main_weld 1 1 1 1 202 24.3 8.4 190 24.5 0 0 0
36.439 0x2B main_weld 1 1 1 1 202 24.3 8.4 190 24.5 0 0 0
36.482 0x2B main_weld 1 1 1 1 198 24.3 8.4 190 24.5 0 0 0
36.517 0x2B main_weld 1 1 1 1 198 24.3 8.4 190 24.5 0 0 0
36.561 0x2B main_weld 1 1 1 1 198 24.5 8.4 190 24.5 0 0 0
36.597 0x2B main_weld 1 1 1 1 198 24.5 8.4 190 24.5 0 0 0
36.642 0x2B main_weld 1 1 1 1 198 24.3 8.4 190 24.5 0 0 0
36.683 0x2B main_weld 1 1 1 1 202 24.3 8.4 190 24.5 0 0 0
36.725 0x2B main_weld 1 1 1 1 202 24.3 8.4 190 24.5 0 0 0
36.760 0x2B main_weld 1 1 1 1 202 24.3 8.4 190 24.5 0 0 0
36.799 0x2B main_weld 1 1 1 1 202 24.3 8.4 190 24.5 0 0 0
36.842 0x2B main_weld 1 1 1 1 205 24.2 8.4 190 24.5 0 0 0
36.888 0x2B main_weld 1 1 1 1 205 24.2 8.4 190 24.5 0 0 0
36.918 0x2B main_weld 1 1 1 1 205 24.2 8.4 190 24.5 0 0 0
36.957 0x2B main_weld 1 1 1 1 205 24.2 8.4 190 24.5 0 0 0
36.996 0x2B main_weld 1 1 1 1 205 24.4 8.4 190 24.5 0 0 0
37.039 0x2B main_weld 1 1 1 1 200 24.4 8.4 190 24.5 0 0 0
37.078 0x2B main_weld 1 1 1 1 200 24.4 8.4 190 24.5 0 0 0
37.118 0x2B main_weld 1 1 1 1 200 24.4 8.4 190 24.5 0 0 0
37.156 0x2B main_weld 1 1 1 1 200 24.4 8.4 190 24.5 0 0 0
37.196 0x2B main_weld 1 1 1 1 200 24.5 8.4 190 24.5 0 0 0
37.237 0x2B main_weld 1 1 1 1 200 24.5 8.4 190 24.5 0 0 0
37.281 0x2B main_weld 1 1 1 1 200 24.5 8.4 190 24.5 0 0 0
37.319 0x2B main_weld 1 1 1 1 199 24.5 8.4 190 24.5 0 0 0
37.367 0x2B main_weld 1 1 1 1 199 24.5 8.4 190 24.5 0 0 0
37.409 0x2B main_weld 1 1 1 1 199 24.5 8.4 190 24.5 0 0 0
37.438 0x2B main_weld 1 1 1 1 199 24.5 8.4 190 24.5 0 0 0
37.477 0x2B main_weld 1 1 1 1 201 24.5 8.4 190 24.5 0 0 0
37.524 0x2B main_weld 1 1 1 1 201 24.5 8.4 190 24.5 0 0 0
37.566 0x2B main_weld 1 1 1 1 201 24.6 8.4 190 24.5 0 0 0
37.600 0x2B main_weld 1 1 1 1 201 24.6 8.4 190 24.5 0 0 0
37.640 0x2B main_weld 1 1 1 1 201 24.6 8.4 190 24.5 0 0 0
37.680 0x2B main_weld 1 1 1 1 207 24.6 8.4 190 24.5 0 0 0
37.720 0x2B main_weld 1 1 1 1 207 24.3 8.4 190 24.5 0 0 0
37.759 0x2B main_weld 1 1 1 1 207 24.3 8.4 190 24.5 0 0 0
37.795 0x2B main_weld 1 1 1 1 207 24.2 8.4 190 24.5 0 0 0
37.841 0x2B main_weld 1 1 1 1 194 24.2 8.4 190 24.5 0 0 0
37.881 0x2B main_weld 1 1 1 1 194 24.2 8.4 190 24.5 0 0 0
37.922 0x2B main_weld 1 1 1 1 194 24.2 8.4 190 24.5 0 0 0
37.962 0x2B main_weld 1 1 1 1 194 24.2 8.4 190 24.5 0 0 0
38.001 0x2B main_weld 1 1 1 1 194 24.3 8.4 190 24.5 0 0 0
38.042 0x2B main_weld 1 1 1 1 200 24.3 8.4 190 24.5 0 0 0
38.089 0x2B main_weld 1 1 1 1 200 24.3 8.4 190 24.5 0 0 0
38.117 0x2B main_weld 1 1 1 1 200 24.3 8.4 190 24.5 0 0 0
38.156 0x2B main_weld 1 1 1 1 200 24.1 8.4 190 24.5 0 0 0
38.201 0x2B main_weld 1 1 1 1 199 24.1 8.4 190 24.5 0 0 0
38.238 0x2B main_weld 1 1 1 1 199 24.1 8.4 190 24.5 0 0 0
38.281 0x2B main_weld 1 1 1 1 199 24.1 8.4 190 24.5 0 0 0
38.323 0x2B main_weld 1 1 1 1 199 24.1 8.4 190 24.5 0 0 0
38.363 0x2B main_weld 1 1 1 1 199 24.3 8.4 190 24.5 0 0 0
38.400 0x2B main_weld 1 1 1 1 204 24.3 8.4 190 24.5 0 0 0
38.438 0x2B main_weld 1 1 1 1 204 24.3 8.4 190 24.5 0 0 0
38.490 0x2B main_weld 1 1 1 1 198 24.3 8.4 190 24.5 0 0 0
38.520 0x2B main_weld 1 1 1 1 198 24.1 8.4 190 24.5 0 0 0
38.558 0x2B main_weld 1 1 1 1 198 24.1 8.4 190 24.5 0 0 0
38.596 0x2B main_weld 1 1 1 1 198 24.1 8.4 190 24.5 0 0 0
38.639 0x2B main_weld 1 1 1 1 198 24.1 8.4 190 24.5 0 0 0
38.679 0x2B main_weld 1 1 1 1 198 24.1 8.4 190 24.5 0 0 0
38.723 0x2B main_weld 1 1 1 1 198 24.6 8.4 190 24.5 0 0 0
38.758 0x2B main_weld 1 1 1 1 198 24.6 8.4 190 24.5 0 0 0
38.799 0x2B main_weld 1 1 1 1 198 24.5 8.4 190 24.5 0 0 0
38.843 0x2B main_weld 1 1 1 1 199 24.5 8.4 190 24.5 0 0 0
38.877 0x2B main_weld 1 1 1 1 199 24.5 8.4 190 24.5 0 0 0
38.922 0x2B main_weld 1 1 1 1 199 24.5 8.4 190 24.5 0 0 0
38.960 0x2B main_weld 1 1 1 1 199 24.5 8.4 190 24.5 0 0 0
38.999 0x2B main_weld 1 1 1 1 198 24.5 8.4 190 24.5 0 0 0
39.041 0x2B main_weld 1 1 1 1 198 24.5 8.4 190 24.5 0 0 0
39.077 0x2B main_weld 1 1 1 1 198 24.5 8.4 190 24.5 0 0 0
39.122 0x2B main_weld 1 1 1 1 198 24.5 8.4 190 24.5 0 0 0
39.158 0x2B main_weld 1 1 1 1 198 24.2 8.4 190 24.5 0 0 0
39.199 0x2B main_weld 1 1 1 1 208 24.2 8.4 190 24.5 0 0 0
39.240 0x2B main_weld 1 1 1 1 208 24.2 8.4 190 24.5 0 0 0
39.279 0x2B main_weld 1 1 1 1 208 24.2 8.4 190 24.5 0 0 0
39.317 0x2B main_weld 1 1 1 1 208 24.2 8.4 190 24.5 0 0 0
39.356 0x2B main_weld 1 1 1 1 198 24.4 8.4 190 24.5 0 0 0
39.399 0x2B main_weld 1 1 1 1 198 24.4 8.4 190 24.5 0 0 0
39.441 0x2B main_weld 1 1 1 1 198 24.4 8.4 190 24.5 0 0 0
39.477 0x2B main_weld 1 1 1 1 205 24.4 8.4 190 24.5 0 0 0
39.514 0x2B main_weld 1 1 1 1 205 24.1 8.4 190 24.5 0 0 0
39.558 0x2B main_weld 1 1 1 1 205 24.1 8.4 190 24.5 0 0 0
39.602 0x2B main_weld 1 1 1 1 205 24.1 8.4 190 24.5 0 0 0
39.639 0x2B main_weld 1 1 1 1 195 24.1 8.4 190 24.5 0 0 0
39.680 0x2B main_weld 1 1 1 1 195 24.1 8.4 190 24.5 0 0 0
39.717 0x2B main_weld 1 1 1 1 195 24.2 8.4 190 24.5 0 0 0
39.756 0x2B main_weld 1 1 1 1 195 24.2 8.4 190 24.5 0 0 0
39.799 0x2B main_weld 1 1 1 1 195 24.2 8.4 190 24.5 0 0 0
39.841 0x2B main_weld 1 1 1 1 194 24.2 8.4 190 24.5 0 0 0
39.880 0x2B main_weld 1 1 1 1 194 23.9 8.4 190 24.5 0 0 0
39.916 0x2B main_weld 1 1 1 1 194 23.9 8.4 190 24.5 0 0 0
39.960 0x2B main_weld 1 1 1 1 194 23.9 8.4 190 24.5 0 0 0
40.002 0x2B main_weld 1 1 1 1 196 23.9 8.4 190 24.5 0 0 0
40.038 0x2B main_weld 1 1 1 1 196 23.9 8.4 190 24.5 0 0 0
40.079 0x2B main_weld 1 1 1 1 196 24.3 8.4 190 24.5 0 0 0
40.126 0x2B main_weld 1 1 1 1 196 24.3 8.4 190 24.5 0 0 0
40.163 0x2B main_weld 1 1 1 1 196 24.3 8.4 190 24.5 0 0 0
40.204 0x2B main_weld 1 1 1 1 198 24.3 8.4 190 24.5 0 0 0
40.240 0x2B main_weld 1 1 1 1 198 24.3 8.4 190 24.5 0 0 0
40.282 0x2B main_weld 1 1 1 1 198 24.3 8.4 190 24.5 0 0 0
40.327 0x2B main_weld 1 1 1 1 198 24.2 8.4 190 24.5 0 0 0
40.364 0x2B main_weld 1 1 1 1 202 24.2 8.4 190 24.5 0 0 0
40.398 0x2B main_weld 1 1 1 1 202 24.2 8.4 190 24.5 0 0 0
40.446 0x2B main_weld 1 1 1 1 202 24.2 8.4 190 24.5 0 0 0
40.489 0x2B main_weld 1 1 1 1 202 24.2 8.4 190 24.5 0 0 0
40.521 0x2B main_weld 1 1 1 1 202 24.4 8.4 190 24.5 0 0 0
40.558 0x2B main_weld 1 1 1 1 195 24.4 8.4 190 24.5 0 0 0
40.601 0x2B main_weld 1 1 1 1 195 24.4 8.4 190 24.5 0 0 0
40.638 0x2B main_weld 1 1 1 1 195 24.4 8.4 190 24.5 0 0 0
40.676 0x2B main_weld 1 1 1 1 195 24.6 8.4 190 24.5 0 0 0
40.719 0x2B main_weld 1 1 1 1 196 24.6 8.4 190 24.5 0 0 0
40.758 0x2B main_weld 1 1 1 1 196 24.6 8.4 190 24.5 0 0 0
40.798 0x2B main_weld 1 1 1 1 199 24.6 8.4 190 24.5 0 0 0
40.839 0x2B main_weld 1 1 1 1 199 24.6 8.4 190 24.5 0 0 0
40.884 0x2B main_weld 1 1 1 1 199 24.1 8.4 190 24.5 0 0 0
40.920 0x2B main_weld 1 1 1 1 199 24.1 8.4 190 24.5 0 0 0
40.961 0x2B main_weld 1 1 1 1 199 24.1 8.4 190 24.5 0 0 0
41.005 0x2B main_weld 1 1 1 1 194 24.1 8.4 190 24.5 0 0 0
41.037 0x2B main_weld 1 1 1 1 194 24.5 8.4 190 24.5 0 0 0
41.085 0x2B main_weld 1 1 1 1 194 24.5 8.4 190 24.5 0 0 0
41.130 0x2B main_weld 1 1 1 1 194 24.5 8.4 190 24.5 0 0 0
41.159 0x2B main_weld 1 1 1 1 210 24.3 8.4 190 24.5 0 0 0
41.197 0x2B main_weld 1 1 1 1 210 24.3 8.4 190 24.5 0 0 0
41.237 0x2B main_weld 1 1 1 1 210 24.3 8.4 190 24.5 0 0 0
41.285 0x2B main_weld 1 1 1 1 210 24.3 8.4 190 24.5 0 0 0
41.315 0x2B main_weld 1 1 1 1 210 24.4 8.4 190 24.5 0 0 0
41.361 0x2B main_weld 1 1 1 1 194 24.4 8.4 190 24.5 0 0 0
41.400 0x2B main_weld 1 1 1 1 194 24.4 8.4 190 24.5 0 0 0
41.437 0x2B main_weld 1 1 1 1 194 24.4 8.4 190 24.5 0 0 0
41.481 0x2B main_weld 1 1 1 1 194 24.4 8.4 190 24.5 0 0 0
41.528 0x2B main_weld 1 1 1 1 190 24.0 8.4 190 24.5 0 0 0
41.562 0x2B main_weld 1 1 1 1 190 24.0 8.4 190 24.5 0 0 0
41.600 0x2B main_weld 1 1 1 1 190 24.0 8.4 190 24.5 0 0 0
41.640 0x2B main_weld 1 1 1 1 190 24.0 8.4 190 24.5 0 0 0
41.679 0x2B main_weld 1 1 1 1 190 24.2 8.4 190 24.5 0 0 0
41.719 0x2B main_weld 1 1 1 1 207 24.2 8.4 190 24.5 0 0 0
41.762 0x2B main_weld 1 1 1 1 207 24.2 8.4 190 24.5 0 0 0
41.798 0x2B main_weld 1 1 1 1 196 24.2 8.4 190 24.5 0 0 0
41.842 0x2B main_weld 1 1 1 1 196 24.2 8.4 190 24.5 0 0 0
41.876 0x2B main_weld 1 1 1 1 196 24.2 8.4 190 24.5 0 0 0
41.925 0x2B main_weld 1 1 1 1 196 24.2 8.4 190 24.5 0 0 0
41.957 0x2B main_weld 1 1 1 1 196 24.2 8.4 190 24.5 0 0 0
41.998 0x2B main_weld 1 1 1 1 210 24.2 8.4 190 24.5 0 0 0
42.048 0x2B main_weld 1 1 1 1 210 24.6 8.4 190 24.5 0 0 0
42.084 0x2B main_weld 1 1 1 1 210 24.6 8.4 190 24.5 0 0 0
42.134 0x2B main_weld 1 1 1 1 210 24.6 8.4 190 24.5 0 0 0
42.161 0x2B main_weld 1 1 1 1 199 24.6 8.4 190 24.5 0 0 0
42.206 0x2B main_weld 1 1 1 1 199 24.6 8.4 190 24.5 0 0 0
42.239 0x2B main_weld 1 1 1 1 199 24.3 8.4 190 24.5 0 0 0
42.280 0x2B main_weld 1 1 1 1 199 24.3 8.4 190 24.5 0 0 0
42.329 0x2B main_weld 1 1 1 1 199 24.3 8.4 190 24.5 0 0 0
42.361 0x2B main_weld 1 1 1 1 198 24.3 8.4 190 24.5 0 0 0
42.402 0x2B main_weld 1 1 1 1 198 24.5 8.4 190 24.5 0 0 0
42.438 0x2B main_weld 1 1 1 1 198 24.5 8.4 190 24.5 0 0 0
42.483 0x2B main_weld 1 1 1 1 198 24.4 8.4 190 24.5 0 0 0
42.523 0x2B main_weld 1 1 1 1 207 24.4 8.4 190 24.5 0 0 0
42.557 0x2B main_weld 1 1 1 1 207 24.4 8.4 190 24.5 0 0 0
42.600 0x2B main_weld 1 1 1 1 207 24.4 8.4 190 24.5 0 0 0
42.638 0x2B main_weld 1 1 1 1 207 24.4 8.4 190 24.5 0 0 0
42.680 0x2B main_weld 1 1 1 1 207 24.5 8.4 190 24.5 0 0 0
42.730 0x2B main_weld 1 1 1 1 196 24.5 8.4 190 24.5 0 0 0
42.760 0x2B main_weld 1 1 1 1 196 24.5 8.4 190 24.5 0 0 0
42.798 0x2B main_weld 1 1 1 1 196 24.5 8.4 190 24.5 0 0 0
42.841 0x2B main_weld 1 1 1 1 196 24.6 8.4 190 24.5 0 0 0
42.886 0x2B main_weld 1 1 1 1 206 24.6 8.4 190 24.5 0 0 0
42.926 0x2B main_weld 1 1 1 1 206 24.6 8.4 190 24.5 0 0 0
42.958 0x2B main_weld 1 1 1 1 199 24.6 8.4 190 24.5 0 0 0
43.005 0x2B main_weld 1 1 1 1 199 24.6 8.4 190 24.5 0 0 0
43.038 0x2B main_weld 1 1 1 1 199 24.3 8.4 190 24.5 0 0 0
43.079 0x2B main_weld 1 1 1 1 199 24.3 8.4 190 24.5 0 0 0
43.123 0x2B main_weld 1 1 1 1 199 24.3 8.4 190 24.5 0 0 0
43.167 0x2B main_weld 1 1 1 1 206 24.3 8.4 190 24.5 0 0 0
43.204 0x2B main_weld 1 1 1 1 206 24.4 8.4 190 24.5 0 0 0
43.235 0x2B main_weld 1 1 1 1 206 24.4 8.4 190 24.5 0 0 0
43.277 0x2B main_weld 1 1 1 1 206 24.4 8.4 190 24.5 0 0 0
43.318 0x2B main_weld 1 1 1 1 199 24.4 8.4 190 24.5 0 0 0
43.358 0x2B main_weld 1 1 1 1 199 24.4 8.4 190 24.5 0 0 0
43.401 0x2B main_weld 1 1 1 1 199 24.4 8.4 190 24.5 0 0 0
43.441 0x2B main_weld 1 1 1 1 199 24.4 8.4 190 24.5 0 0 0
43.485 0x2B main_weld 1 1 1 1 199 24.3 8.4 190 24.5 0 0 0
43.520 0x2B main_weld 1 1 1 1 206 24.3 8.4 190 24.5 0 0 0
43.557 0x2B main_weld 1 1 1 1 206 24.3 8.4 190 24.5 0 0 0
43.600 0x2B main_weld 1 1 1 1 206 24.3 8.4 190 24.5 0 0 0
43.638 0x2B main_weld 1 1 1 1 206 24.3 8.4 190 24.5 0 0 0
43.681 0x2B main_weld 1 1 1 1 199 24.0 8.4 190 24.5 0 0 0
43.719 0x2B main_weld 1 1 1 1 199 24.0 8.4 190 24.5 0 0 0
43.759 0x2B main_weld 1 1 1 1 199 24.0 8.4 190 24.5 0 0 0
43.801 0x2B main_weld 1 1 1 1 199 24.0 8.4 190 24.5 0 0 0
43.840 0x2B main_weld 1 1 1 1 199 24.4 8.4 190 24.5 0 0 0
43.878 0x2B main_weld 1 1 1 1 196 24.4 8.4 190 24.5 0 0 0
43.921 0x2B main_weld 1 1 1 1 196 24.4 8.4 190 24.5 0 0 0
43.957 0x2B main_weld 1 1 1 1 196 24.4 8.4 190 24.5 0 0 0
43.997 0x2B main_weld 1 1 1 1 196 24.4 8.4 190 24.5 0 0 0
44.044 0x2B main_weld 1 1 1 1 198 24.4 8.4 190 24.5 0 0 0
44.091 0x2B main_weld 1 1 1 1 198 24.4 8.4 190 24.5 0 0 0
44.123 0x2B main_weld 1 1 1 1 198 24.4 8.4 190 24.5 0 0 0
44.158 0x2B main_weld 1 1 1 1 198 24.4 8.4 190 24.5 0 0 0
44.197 0x2B main_weld 1 1 1 1 198 24.3 8.4 190 24.5 0 0 0
44.244 0x2B main_weld 1 1 1 1 198 24.3 8.4 190 24.5 0 0 0
44.281 0x2B main_weld 1 1 1 1 198 24.3 8.4 190 24.5 0 0 0
44.324 0x2B main_weld 1 1 1 1 195 24.3 8.4 190 24.5 0 0 0
44.364 0x2B main_weld 1 1 1 1 195 24.3 8.4 190 24.5 0 0 0
44.398 0x2B main_weld 1 1 1 1 195 24.4 8.4 190 24.5 0 0 0
44.440 0x2B main_weld 1 1 1 1 195 24.4 8.4 190 24.5 0 0 0
44.481 0x2B main_weld 1 1 1 1 195 24.4 8.4 190 24.5 0 0 0
44.518 0x2B main_weld 1 1 1 1 198 24.4 8.4 190 24.5 0 0 0
44.563 0x2B main_weld 1 1 1 1 198 24.1 8.4 190 24.5 0 0 0
44.600 0x2B main_weld 1 1 1 1 198 24.1 8.4 190 24.5 0 0 0
44.646 0x2B main_weld 1 1 1 1 198 24.1 8.4 190 24.5 0 0 0
44.678 0x2B main_weld 1 1 1 1 201 24.1 8.4 190 24.5 0 0 0
44.717 0x2B main_weld 1 1 1 1 201 24.1 8.4 190 24.5 0 0 0
44.756 0x2B main_weld 1 1 1 1 201 24.1 8.4 190 24.5 0 0 0
44.801 0x2B main_weld 1 1 1 1 201 24.1 8.4 190 24.5 0 0 0
44.839 0x2B main_weld 1 1 1 1 201 24.3 8.4 190 24.5 0 0 0
44.879 0x2B main_weld 1 1 1 1 193 24.3 8.4 190 24.5 0 0 0
44.918 0x2B main_weld 1 1 1 1 193 24.3 8.4 190 24.5 0 0 0
44.962 0x2B main_weld 1 1 1 1 193 24.3 8.4 190 24.5 0 0 0
44.999 0x2B main_weld 1 1 1 1 193 24.3 8.4 190 24.5 0 0 0
45.041 0x2B main_weld 1 1 1 1 200 24.3 8.4 190 24.5 0 0 0
45.078 0x2B main_weld 1 1 1 1 200 24.3 8.4 190 24.5 0 0 0
45.127 0x2B main_weld 1 1 1 1 200 24.3 8.4 190 24.5 0 0 0
45.156 0x2B main_weld 1 1 1 1 200 24.3 8.4 190 24.5 0 0 0
45.207 0x2B main_weld 1 1 1 1 200 24.1 8.4 190 24.5 0 0 0
45.239 0x2B main_weld 1 1 1 1 199 24.1 8.4 190 24.5 0 0 0
45.281 0x2B main_weld 1 1 1 1 199 24.1 8.4 190 24.5 0 0 0
45.325 0x2B main_weld 1 1 1 1 195 24.1 8.4 190 24.5 0 0 0
45.356 0x2B main_weld 1 1 1 1 195 24.3 8.4 190 24.5 0 0 0
45.400 0x2B main_weld 1 1 1 1 195 24.3 8.4 190 24.5 0 0 0
45.437 0x2B main_weld 1 1 1 1 195 24.3 8.4 190 24.5 0 0 0
45.484 0x2B main_weld 1 1 1 1 196 24.3 8.4 190 24.5 0 0 0
45.530 0x2B main_weld 1 1 1 1 196 24.3 8.4 190 24.5 0 0 0
45.564 0x2B main_weld 1 1 1 1 196 24.1 8.4 190 24.5 0 0 0
45.600 0x2B main_weld 1 1 1 1 196 24.1 8.4 190 24.5 0 0 0
45.650 0x2B main_weld 1 1 1 1 196 24.0 8.4 190 24.5 0 0 0
45.682 0x2B main_weld 1 1 1 1 200 24.0 8.4 190 24.5 0 0 0
45.723 0x2B main_weld 1 1 1 1 200 24.0 8.4 190 24.5 0 0 0
45.766 0x2B main_weld 1 1 1 1 200 24.0 8.4 190 24.5 0 0 0
45.800 0x2B main_weld 1 1 1 1 200 24.0 8.4 190 24.5 0 0 0
45.842 0x2B main_weld 1 1 1 1 199 24.6 8.4 190 24.5 0 0 0
45.884 0x2B main_weld 1 1 1 1 199 24.6 8.4 190 24.5 0 0 0
45.918 0x2B main_weld 1 1 1 1 199 24.6 8.4 190 24.5 0 0 0
45.966 0x2B main_weld 1 1 1 1 199 24.6 8.4 190 24.5 0 0 0
46.002 0x2B main_weld 1 1 1 1 199 24.2 8.4 190 24.5 0 0 0
46.048 0x2B main_weld 1 1 1 1 196 24.2 8.4 190 24.5 0 0 0
46.079 0x2B main_weld 1 1 1 1 196 24.2 8.4 190 24.5 0 0 0
46.123 0x2B main_weld 1 1 1 1 196 24.2 8.4 190 24.5 0 0 0
46.157 0x2B main_weld 1 1 1 1 196 24.2 8.4 190 24.5 0 0 0
46.198 0x2B main_weld 1 1 1 1 198 24.2 8.4 190 24.5 0 0 0
46.237 0x2B main_weld 1 1 1 1 198 24.2 8.4 190 24.5 0 0 0
46.282 0x2B main_weld 1 1 1 1 198 24.2 8.4 190 24.5 0 0 0
46.320 0x2B main_weld 1 1 1 1 198 24.2 8.4 190 24.5 0 0 0
46.366 0x2B main_weld 1 1 1 1 198 24.4 8.4 190 24.5 0 0 0
46.396 0x2B main_weld 1 1 1 1 198 24.4 8.4 190 24.5 0 0 0
46.445 0x2B main_weld 1 1 1 1 198 24.4 8.4 190 24.5 0 0 0
46.482 0x2B main_weld 1 1 1 1 198 24.4 8.4 190 24.5 0 0 0
46.523 0x2B main_weld 1 1 1 1 198 24.4 8.4 190 24.5 0 0 0
46.561 0x2B main_weld 1 1 1 1 201 24.5 8.4 190 24.5 0 0 0
46.597 0x2B main_weld 1 1 1 1 201 24.5 8.4 190 24.5 0 0 0
46.640 0x2B main_weld 1 1 1 1 201 24.5 8.4 190 24.5 0 0 0
46.676 0x2B main_weld 1 1 1 1 196 24.5 8.4 190 24.5 0 0 0
46.722 0x2B main_weld 1 1 1 1 196 24.0 8.4 190 24.5 0 0 0
46.759 0x2B main_weld 1 1 1 1 196 24.0 8.4 190 24.5 0 0 0
46.802 0x2B main_weld 1 1 1 1 196 24.0 8.4 190 24.5 0 0 0
46.843 0x2B main_weld 1 1 1 1 195 24.0 8.4 190 24.5 0 0 0
46.879 0x2B main_weld 1 1 1 1 195 24.0 8.4 190 24.5 0 0 0
46.920 0x2B main_weld 1 1 1 1 195 24.1 8.4 190 24.5 0 0 0
46.954 0x2B main_weld 1 1 1 1 195 24.1 8.4 190 24.5 0 0 0
46.999 0x2B main_weld 1 1 1 1 195 24.5 8.4 190 24.5 0 0 0
47.039 0x2B main_weld 1 1 1 1 198 24.5 8.4 190 24.5 0 0 0
47.079 0x2B main_weld 1 1 1 1 198 24.5 8.4 190 24.5 0 0 0
47.125 0x2B main_weld 1 1 1 1 198 24.5 8.4 190 24.5 0 0 0
47.160 0x2B main_weld 1 1 1 1 198 24.5 8.4 190 24.5 0 0 0
47.210 0x2B main_weld 1 1 1 1 202 24.5 8.4 190 24.5 0 0 0
47.240 0x2B main_weld 1 1 1 1 202 24.5 8.4 190 24.5 0 0 0
47.278 0x2B main_weld 1 1 1 1 202 24.5 8.4 190 24.5 0 0 0
47.317 0x2B main_weld 1 1 1 1 202 24.5 8.4 190 24.5 0 0 0
47.361 0x2B main_weld 1 1 1 1 202 23.9 8.4 190 24.5 0 0 0
47.400 0x2B main_weld 1 1 1 1 202 23.9 8.4 190 24.5 0 0 0
47.438 0x2B main_weld 1 1 1 1 202 23.9 8.4 190 24.5 0 0 0
47.476 0x2B main_weld 1 1 1 1 202 23.9 8.4 190 24.5 0 0 0
47.519 0x2B main_weld 1 1 1 1 202 24.2 8.4 190 24.5 0 0 0
47.557 0x2B main_weld 1 1 1 1 195 24.2 8.4 190 24.5 0 0 0
47.599 0x2B main_weld 1 1 1 1 195 24.2 8.4 190 24.5 0 0 0
47.641 0x2B main_weld 1 1 1 1 198 24.2 8.4 190 24.5 0 0 0
47.684 0x2B main_weld 1 1 1 1 198 24.2 8.4 190 24.5 0 0 0
47.723 0x2B main_weld 1 1 1 1 198 24.6 8.4 190 24.5 0 0 0
47.759 0x2B main_weld 1 1 1 1 198 24.6 8.4 190 24.5 0 0 0
47.796 0x2B main_weld 1 1 1 1 198 24.0 8.4 190 24.5 0 0 0
47.845 0x2B main_weld 1 1 1 1 199 24.0 8.4 190 24.5 0 0 0
47.882 0x2B main_weld 1 1 1 1 199 24.0 8.4 190 24.5 0 0 0
47.922 0x2B main_weld 1 1 1 1 199 24.0 8.4 190 24.5 0 0 0
47.964 0x2B main_weld 1 1 1 1 199 24.0 8.4 190 24.5 0 0 0
48.005 0x2B main_weld 1 1 1 1 195 24.7 8.4 190 24.5 0 0 0
48.039 0x2B main_weld 1 1 1 1 195 24.7 8.4 190 24.5 0 0 0
48.089 0x2B main_weld 1 1 1 1 195 24.7 8.4 190 24.5 0 0 0
48.122 0x2B main_weld 1 1 1 1 195 24.7 8.4 190 24.5 0 0 0
48.158 0x2B main_weld 1 1 1 1 195 24.2 8.4 190 24.5 0 0 0
48.197 0x2B main_weld 1 1 1 1 202 24.2 8.4 190 24.5 0 0 0
48.239 0x2B main_weld 1 1 1 1 202 24.2 8.4 190 24.5 0 0 0
48.281 0x2B main_weld 1 1 1 1 202 24.2 8.4 190 24.5 0 0 0
48.318 0x2B main_weld 1 1 1 1 202 24.2 8.4 190 24.5 0 0 0
48.356 0x2B main_weld 1 1 1 1 193 24.5 8.4 190 24.5 0 0 0
48.401 0x2B main_weld 1 1 1 1 193 24.5 8.4 190 24.5 0 0 0
48.437 0x2B main_weld 1 1 1 1 193 24.5 8.4 190 24.5 0 0 0
48.481 0x2B main_weld 1 1 1 1 193 24.5 8.4 190 24.5 0 0 0
48.524 0x2B main_weld 1 1 1 1 193 24.4 8.4 190 24.5 0 0 0
48.558 0x2B main_weld 1 1 1 1 201 24.4 8.4 190 24.5 0 0 0
48.602 0x2B main_weld 1 1 1 1 201 24.4 8.4 190 24.5 0 0 0
48.653 0x2B main_weld 1 1 1 1 201 24.4 8.4 190 24.5 0 0 0
48.677 0x2B main_weld 1 1 1 1 201 24.4 8.4 190 24.5 0 0 0
48.721 0x2B main_weld 1 1 1 1 201 24.0 8.4 190 24.5 0 0 0
48.756 0x2B main_weld 1 1 1 1 201 24.0 8.4 190 24.5 0 0 0
48.799 0x2B main_weld 1 1 1 1 201 24.0 8.4 190 24.5 0 0 0
48.841 0x2B main_weld 1 1 1 1 192 24.0 8.4 190 24.5 0 0 0
48.879 0x2B main_weld 1 1 1 1 192 24.5 8.4 190 24.5 0 0 0
48.917 0x2B main_weld 1 1 1 1 192 24.5 8.4 190 24.5 0 0 0
48.959 0x2B main_weld 1 1 1 1 192 24.5 8.4 190 24.5 0 0 0
48.998 0x2B main_weld 1 1 1 1 200 24.5 8.4 190 24.5 0 0 0
49.039 0x2B main_weld 1 1 1 1 200 24.5 8.4 190 24.5 0 0 0
49.082 0x2B main_weld 1 1 1 1 200 24.5 8.4 190 24.5 0 0 0
49.126 0x2B main_weld 1 1 1 1 200 24.5 8.4 190 24.5 0 0 0
49.162 0x2B main_weld 1 1 1 1 200 24.3 8.4 190 24.5 0 0 0
49.198 0x2B main_weld 1 1 1 1 198 24.3 8.4 190 24.5 0 0 0
49.238 0x2B main_weld 1 1 1 1 198 24.3 8.4 190 24.5 0 0 0
49.276 0x2B main_weld 1 1 1 1 198 24.3 8.4 190 24.5 0 0 0
49.317 0x2B main_weld 1 1 1 1 198 24.5 8.4 190 24.5 0 0 0
49.358 0x2B main_weld 1 1 1 1 198 24.5 8.4 190 24.5 0 0 0
49.399 0x2B main_weld 1 1 1 1 198 24.5 8.4 190 24.5 0 0 0
49.441 0x2B main_weld 1 1 1 1 198 24.5 8.4 190 24.5 0 0 0
49.478 0x2B main_weld 1 1 1 1 198 24.5 8.4 190 24.5 0 0 0
49.520 0x2B main_weld 1 1 1 1 198 24.3 8.4 190 24.5 0 0 0
49.558 0x2B main_weld 1 1 1 1 194 24.3 8.4 190 24.5 0 0 0
49.594 0x2B main_weld 1 1 1 1 194 24.3 8.4 190 24.5 0 0 0
49.639 0x2B main_weld 1 1 1 1 194 24.3 8.4 190 24.5 0 0 0
49.680 0x2B main_weld 1 1 1 1 194 24.4 8.4 190 24.5 0 0 0
49.717 0x2B main_weld 1 1 1 1 190 24.4 8.4 190 24.5 0 0 0
49.758 0x2B main_weld 1 1 1 1 190 24.4 8.4 190 24.5 0 0 0
49.798 0x2B main_weld 1 1 1 1 202 24.4 8.4 190 24.5 0 0 0
49.838 0x2B main_weld 1 1 1 1 202 24.4 8.4 190 24.5 0 0 0
49.878 0x2B main_weld 1 1 1 1 202 24.7 8.4 190 24.5 0 0 0
49.918 0x2B main_weld 1 1 1 1 202 24.7 8.4 190 24.5 0 0 0
49.958 0x2B main_weld 1 1 1 1 202 24.7 8.4 190 24.5 0 0 0
49.997 0x2B main_weld 1 1 1 1 202 24.7 8.4 190 24.5 0 0 0
50.038 0x2B main_weld 1 1 1 1 202 24.3 8.4 190 24.5 0 0 0
50.078 0x2B main_weld 1 1 1 1 202 24.3 8.4 190 24.5 0 0 0
50.117 0x2B main_weld 1 1 1 1 202 24.3 8.4 190 24.5 0 0 0
50.158 0x2B main_weld 1 1 1 1 205 24.0 8.4 190 24.5 0 0 0
50.197 0x2B main_weld 1 1 1 1 205 24.0 8.4 190 24.5 0 0 0
50.243 0x2B main_weld 1 1 1 1 205 24.0 8.4 190 24.5 0 0 0
50.280 0x2B main_weld 1 1 1 1 205 24.0 8.4 190 24.5 0 0 0
50.322 0x2B main_weld 1 1 1 1 205 24.3 8.4 190 24.5 0 0 0
50.357 0x2B main_weld 1 1 1 1 187 24.3 8.4 190 24.5 0 0 0
50.397 0x2B main_weld 1 1 1 1 187 24.3 8.4 190 24.5 0 0 0
50.439 0x2B main_weld 1 1 1 1 187 24.3 8.4 190 24.5 0 0 0
50.482 0x2B main_weld 1 1 1 1 187 24.3 8.4 190 24.5 0 0 0
50.528 0x2B main_weld 1 1 1 1 198 24.0 8.4 190 24.5 0 0 0
50.559 0x2B main_weld 1 1 1 1 198 24.0 8.4 190 24.5 0 0 0
50.598 0x2B main_weld 1 1 1 1 198 24.0 8.4 190 24.5 0 0 0
50.638 0x2B main_weld 1 1 1 1 198 24.0 8.4 190 24.5 0 0 0
50.679 0x2B main_weld 1 1 1 1 198 24.3 8.4 190 24.5 0 0 0
50.719 0x2B main_weld 1 1 1 1 202 24.3 8.4 190 24.5 0 0 0
50.761 0x2B main_weld 1 1 1 1 202 24.3 8.4 190 24.5 0 0 0
50.799 0x2B main_weld 1 1 1 1 202 24.3 8.4 190 24.5 0 0 0
50.840 0x2B main_weld 1 1 1 1 202 24.3 8.4 190 24.5 0 0 0
50.887 0x2B main_weld 1 1 1 1 195 24.3 8.4 190 24.5 0 0 0
50.925 0x2B main_weld 1 1 1 1 195 24.3 8.4 190 24.5 0 0 0
50.967 0x2B main_weld 1 1 1 1 195 24.3 8.4 190 24.5 0 0 0
51.000 0x2B main_weld 1 1 1 1 195 24.3 8.4 190 24.5 0 0 0
51.043 0x2B main_weld 1 1 1 1 195 24.5 8.4 190 24.5 0 0 0
51.082 0x2B main_weld 1 1 1 1 198 24.5 8.4 190 24.5 0 0 0
51.131 0x2B main_weld 1 1 1 1 198 24.5 8.4 190 24.5 0 0 0
51.156 0x2B main_weld 1 1 1 1 200 24.5 8.4 190 24.5 0 0 0
51.198 0x2B main_weld 1 1 1 1 200 24.5 8.4 190 24.5 0 0 0
51.240 0x2B main_weld 1 1 1 1 200 24.5 8.4 190 24.5 0 0 0
51.279 0x2B main_weld 1 1 1 1 200 24.5 8.4 190 24.5 0 0 0
51.320 0x2B main_weld 1 1 1 1 200 24.5 8.4 190 24.5 0 0 0
51.359 0x2B main_weld 1 1 1 1 198 24.5 8.4 190 24.5 0 0 0
51.398 0x2B main_weld 1 1 1 1 198 24.1 8.4 190 24.5 0 0 0
51.438 0x2B main_weld 1 1 1 1 198 24.1 8.4 190 24.5 0 0 0
51.477 0x2B main_weld 1 1 1 1 198 24.1 8.4 190 24.5 0 0 0
51.516 0x2B main_weld 1 1 1 1 195 24.1 8.4 190 24.5 0 0 0
51.556 0x2B main_weld 1 1 1 1 195 24.1 8.4 190 24.5 0 0 0
51.597 0x2B main_weld 1 1 1 1 195 24.1 8.4 190 24.5 0 0 0
51.637 0x2B main_weld 1 1 1 1 195 24.1 8.4 190 24.5 0 0 0
51.678 0x2B main_weld 1 1 1 1 195 24.7 8.4 190 24.5 0 0 0
51.717 0x2B main_weld 1 1 1 1 188 24.7 8.4 190 24.5 0 0 0
51.756 0x2B main_weld 1 1 1 1 188 24.7 8.4 190 24.5 0 0 0
51.794 0x2B main_weld 1 1 1 1 188 24.7 8.4 190 24.5 0 0 0
51.838 0x2B main_weld 1 1 1 1 188 24.3 8.4 190 24.5 0 0 0
51.877 0x2B main_weld 1 1 1 1 205 24.3 8.4 190 24.5 0 0 0
51.921 0x2B main_weld 1 1 1 1 205 24.3 8.4 190 24.5 0 0 0
51.958 0x2B main_weld 1 1 1 1 205 24.3 8.4 190 24.5 0 0 0
51.996 0x2B main_weld 1 1 1 1 205 24.3 8.4 190 24.5 0 0 0
52.039 0x2B main_weld 1 1 1 1 205 24.6 8.4 190 24.5 0 0 0
52.081 0x2B main_weld 1 1 1 1 188 24.6 8.4 190 24.5 0 0 0
52.116 0x2B main_weld 1 1 1 1 188 24.6 8.4 190 24.5 0 0 0
52.161 0x2B main_weld 1 1 1 1 205 24.6 8.4 190 24.5 0 0 0
52.199 0x2B main_weld 1 1 1 1 205 24.2 8.4 190 24.5 0 0 0
52.239 0x2B main_weld 1 1 1 1 205 24.2 8.4 190 24.5 0 0 0
52.277 0x2B main_weld 1 1 1 1 205 24.2 8.4 190 24.5 0 0 0
52.318 0x2B main_weld 1 1 1 1 189 24.2 8.4 190 24.5 0 0 0
52.360 0x2B main_weld 1 1 1 1 189 24.2 8.4 190 24.5 0 0 0
52.397 0x2B main_weld 1 1 1 1 189 24.2 8.4 190 24.5 0 0 0
52.440 0x2B main_weld 1 1 1 1 189 24.2 8.4 190 24.5 0 0 0
52.477 0x2B main_weld 1 1 1 1 189 24.2 8.4 190 24.5 0 0 0
52.518 0x2B main_weld 1 1 1 1 189 24.2 8.4 190 24.5 0 0 0
52.560 0x2B main_weld 1 1 1 1 189 24.2 8.4 190 24.5 0 0 0
52.596 0x2B main_weld 1 1 1 1 189 24.2 8.4 190 24.5 0 0 0
52.639 0x2B main_weld 1 1 1 1 189 24.2 8.4 190 24.5 0 0 0
52.679 0x2B main_weld 1 1 1 1 199 24.3 8.4 190 24.5 0 0 0
52.718 0x2B main_weld 1 1 1 1 199 24.3 8.4 190 24.5 0 0 0
52.762 0x2B main_weld 1 1 1 1 199 24.3 8.4 190 24.5 0 0 0
52.795 0x2B main_weld 1 1 1 1 199 24.3 8.4 190 24.5 0 0 0
52.838 0x2B main_weld 1 1 1 1 199 24.1 8.4 190 24.5 0 0 0
52.878 0x2B main_weld 1 1 1 1 194 24.1 8.4 190 24.5 0 0 0
52.922 0x2B main_weld 1 1 1 1 194 24.1 8.4 190 24.5 0 0 0
52.958 0x2B main_weld 1 1 1 1 194 24.1 8.4 190 24.5 0 0 0
53.001 0x2B main_weld 1 1 1 1 194 24.1 8.4 190 24.5 0 0 0
53.038 0x2B main_weld 1 1 1 1 190 24.1 8.4 190 24.5 0 0 0
53.077 0x2B main_weld 1 1 1 1 190 24.1 8.4 190 24.5 0 0 0
53.120 0x2B main_weld 1 1 1 1 190 24.1 8.4 190 24.5 0 0 0
53.158 0x2B main_weld 1 1 1 1 190 24.1 8.4 190 24.5 0 0 0
53.196 0x2B main_weld 1 1 1 1 190 24.4 8.4 190 24.5 0 0 0
53.235 0x2B main_weld 1 1 1 1 190 24.4 8.4 190 24.5 0 0 0
53.277 0x2B main_weld 1 1 1 1 190 24.4 8.4 190 24.5 0 0 0
53.316 0x2B main_weld 1 1 1 1 194 24.4 8.4 190 24.5 0 0 0
53.355 0x2B main_weld 1 1 1 1 194 24.4 8.4 190 24.5 0 0 0
53.395 0x2B main_weld 1 1 1 1 194 24.0 8.4 190 24.5 0 0 0
53.436 0x2B main_weld 1 1 1 1 194 24.0 8.4 190 24.5 0 0 0
53.477 0x2B main_weld 1 1 1 1 194 24.0 8.4 190 24.5 0 0 0
53.517 0x2B main_weld 1 1 1 1 201 24.0 8.4 190 24.5 0 0 0
53.558 0x28 idle 0 1 0 1 201 24.3 8.4 190 24.5 0 0 0
53.595 0x28 idle 0 1 0 1 201 24.3 8.4 190 24.5 0 0 0
53.637 0x28 idle 0 1 0 1 201 23.9 8.4 190 24.5 0 0 0
53.680 0x28 idle 0 1 0 1 180 23.9 8.4 190 24.5 0 0 0
53.719 0x28 idle 0 1 0 1 180 23.9 8.4 190 24.5 0 0 0
53.756 0x28 idle 0 1 0 1 180 23.9 8.4 190 24.5 0 0 0
53.797 0x28 idle 0 1 0 1 180 23.9 8.4 190 24.5 0 0 0
53.836 0x28 idle 0 1 0 1 180 54.1 8.4 190 24.5 0 0 0
53.879 0x28 idle 0 1 0 1 10 54.1 8.4 190 24.5 0 0 0
53.919 0x28 idle 0 1 0 1 10 54.1 8.4 190 24.5 0 0 0
53.956 0x28 idle 0 1 0 1 0 54.1 8.4 190 24.5 0 0 0
53.997 0x28 idle 0 1 0 1 0 60.4 8.4 190 24.5 0 0 0
54.037 0x28 idle 0 1 0 1 0 60.4 8.4 190 24.5 0 0 0
54.076 0x28 idle 0 1 0 1 0 60.4 8.4 190 24.5 0 0 0
54.119 0x28 idle 0 1 0 1 0 60.4 8.4 190 24.5 0 0 0
54.156 0x28 idle 0 1 0 1 0 60.4 8.4 190 24.5 0 0 0
54.198 0x28 idle 0 1 0 1 0 17.1 8.4 190 24.5 0 0 0
54.234 0x28 idle 0 1 0 1 0 17.1 8.4 190 24.5 0 0 0
54.277 0x28 idle 0 1 0 1 0 3.0 8.4 190 24.5 0 0 0
54.316 0x28 idle 0 1 0 1 0 3.0 8.4 190 24.5 0 0 0
54.356 0x28 idle 0 1 0 1 0 3.0 8.4 190 24.5 0 0 0
54.398 0x28 idle 0 1 0 1 0 3.0 8.4 190 24.5 0 0 0
54.438 0x08 idle 0 1 0 0 0 3.0 0.0 190 24.5 0 0 0
54.478 0x08 idle 0 1 0 0 0 0.0 0.0 190 24.5 0 0 0
54.517 0x08 idle 0 1 0 0 0 0.0 0.0 190 24.5 0 0 0
54.556 0x08 idle 0 1 0 0 0 0.0 0.0 190 24.5 0 0 0
54.596 0x08 idle 0 1 0 0 0 0.0 0.0 190 24.5 0 0 0
54.646 0x08 idle 0 1 0 0 0 0.0 0.0 190 24.5 0 0 0
54.678 0x08 idle 0 1 0 0 0 0.0 0.0 190 24.5 0 0 0
54.723 0x08 idle 0 1 0 0 0 0.0 0.0 190 24.5 0 0 0
54.759 0x08 idle 0 1 0 0 0 0.0 0.0 190 24.5 0 0 0
54.800 0x08 idle 0 1 0 0 0 0.0 0.0 190 24.5 0 0 0
54.838 0x08 idle 0 1 0 0 0 0.0 0.0 190 24.5 0 0 0
54.881 0x08 idle 0 1 0 0 0 0.0 0.0 190 24.5 0 0 0
54.917 0x08 idle 0 1 0 0 0 0.0 0.0 190 24.5 0 0 0
54.960 0x08 idle 0 1 0 0 0 0.0 0.0 190 24.5 0 0 0
55.000 0x08 idle 0 1 0 0 0 0.0 0.0 190 24.5 0 0 0
55.038 0x08 idle 0 1 0 0 0 0.0 0.0 190 24.5 0 0 0
55.078 0x08 idle 0 1 0 0 0 0.0 0.0 190 24.5 0 0 0
55.115 0x08 idle 0 1 0 0 0 0.0 0.0 190 24.5 0 0 0
55.157 0x08 idle 0 1 0 0 0 0.0 0.0 190 24.5 0 0 0
55.197 0x08 idle 0 1 0 0 0 0.0 0.0 190 24.5 0 0 0
55.242 0x08 idle 0 1 0 0 0 0.0 0.0 190 24.5 0 0 0
55.283 0x08 idle 0 1 0 0 0 0.0 0.0 190 24.5 0 0 0
55.320 0x08 idle 0 1 0 0 0 0.0 0.0 190 24.5 0 0 0
55.362 0x08 idle 0 1 0 0 0 0.0 0.0 190 24.5 0 0 0
55.402 0x08 idle 0 1 0 0 0 0.0 0.0 190 24.5 0 0 0
55.440 0x08 idle 0 1 0 0 0 0.0 0.0 190 24.5 0 0 0
55.479 0x08 idle 0 1 0 0 0 0.0 0.0 190 24.5 0 0 0
55.522 0x08 idle 0 1 0 0 0 0.0 0.0 190 24.5 0 0 0
55.571 0x08 idle 0 1 0 0 0 0.0 0.0 190 24.5 0 0 0
55.600 0x08 idle 0 1 0 0 0 0.0 0.0 190 24.5 0 0 0
55.637 0x08 idle 0 1 0 0 0 0.0 0.0 190 24.5 0 0 0
55.675 0x08 idle 0 1 0 0 0 0.0 0.0 190 24.5 0 0 0
55.716 0x08 idle 0 1 0 0 0 0.0 0.0 190 24.5 0 0 0
55.757 0x08 idle 0 1 0 0 0 0.0 0.0 190 24.5 0 0 0
55.798 0x08 idle 0 1 0 0 0 0.0 0.0 190 24.5 0 0 0
55.839 0x08 idle 0 1 0 0 0 0.0 0.0 190 24.5 0 0 0
55.875 0x08 idle 0 1 0 0 0 0.0 0.0 190 24.5 0 0 0
55.915 0x08 idle 0 1 0 0 0 0.0 0.0 190 24.5 0 0 0
55.955 0x08 idle 0 1 0 0 0 0.0 0.0 190 24.5 0 0 0
55.995 0x08 idle 0 1 0 0 0 0.0 0.0 190 24.5 0 0 0
56.036 0x08 idle 0 1 0 0 0 0.0 0.0 190 24.5 0 0 0
56.077 0x08 idle 0 1 0 0 0 0.0 0.0 190 24.5 0 0 0
56.120 0x08 idle 0 1 0 0 0 0.0 0.0 190 24.5 0 0 0
56.157 0x08 idle 0 1 0 0 0 0.0 0.0 190 24.5 0 0 0
56.196 0x08 idle 0 1 0 0 0 0.0 0.0 190 24.5 0 0 0
56.235 0x08 idle 0 1 0 0 0 0.0 0.0 190 24.5 0 0 0
56.275 0x08 idle 0 1 0 0 0 0.0 0.0 190 24.5 0 0 0
56.320 0x08 idle 0 1 0 0 0 0.0 0.0 190 24.5 0 0 0
56.358 0x08 idle 0 1 0 0 0 0.0 0.0 190 24.5 0 0 0
56.398 0x08 idle 0 1 0 0 0 0.0 0.0 190 24.5 0 0 0
56.437 0x08 idle 0 1 0 0 0 0.0 0.0 190 24.5 0 0 0
56.478 0x08 idle 0 1 0 0 0 0.0 0.0 190 24.5 0 0 0
56.519 0x08 idle 0 1 0 0 0 0.0 0.0 190 24.5 0 0 0
56.557 0x08 idle 0 1 0 0 0 0.0 0.0 190 24.5 0 0 0
56.596 0x08 idle 0 1 0 0 0 0.0 0.0 190 24.5 0 0 0
56.640 0x08 idle 0 1 0 0 0 0.0 0.0 190 24.5 0 0 0
56.680 0x08 idle 0 1 0 0 0 0.0 0.0 190 24.5 0 0 0
56.715 0x08 idle 0 1 0 0 0 0.0 0.0 190 24.5 0 0 0
56.759 0x00 idle 0 0 0 0 0 0.0 0.0 190 24.5 0 0 0

[tcp_trajectory]
elapsed_s x_m y_m z_m qx qy qz qw speed_m_s tf_stamp_s along_mm remaining_mm cross_track_mm progress waypoint phase
0.0022 0.0356162 -1.7630838 0.6596117 -0.45148330 0.74378096 -0.43212441 -0.23711010 0.000000 1789349501.379454851 -0.065 183.649 1.077 0.00000 -1 ACTUAL_TF
0.0142 0.0355811 -1.7630117 0.6591245 -0.45149765 0.74379295 -0.43208761 -0.23711227 0.008827 1789349501.435392618 0.002 183.582 0.588 0.00000 -1 ACTUAL_TF
0.0632 0.0355704 -1.7630148 0.6589306 -0.45149451 0.74378360 -0.43209852 -0.23712769 0.007218 1789349501.491428852 -0.003 183.587 0.394 0.00000 -1 ACTUAL_TF
0.1231 0.0355636 -1.7630106 0.6587689 -0.45149841 0.74378128 -0.43209534 -0.23713331 0.005920 1789349501.547406673 -0.001 183.585 0.232 0.00000 -1 ACTUAL_TF
0.1834 0.0355584 -1.7630053 0.6586947 -0.45149878 0.74378054 -0.43209439 -0.23713667 0.004543 1789349501.603472233 0.004 183.580 0.158 0.00000 -1 ACTUAL_TF
0.2330 0.0355583 -1.7630128 0.6586499 -0.45149607 0.74377752 -0.43210013 -0.23714085 0.003424 1789349501.659380198 -0.004 183.589 0.113 0.00000 -1 ACTUAL_TF
0.2935 0.0355580 -1.7630155 0.6586257 -0.45149552 0.74377549 -0.43210304 -0.23714293 0.002527 1789349501.715424299 -0.007 183.592 0.089 0.00000 -1 ACTUAL_TF
0.3534 0.0355588 -1.7630209 0.6586118 -0.45149323 0.74377467 -0.43210601 -0.23714445 0.001848 1789349501.771563053 -0.013 183.597 0.075 0.00000 -1 ACTUAL_TF
0.4122 0.0355577 -1.7630164 0.6585978 -0.45149235 0.74377500 -0.43210664 -0.23714397 0.001373 1789349501.827451229 -0.008 183.593 0.061 0.00000 -1 ACTUAL_TF
0.4540 0.0355585 -1.7630202 0.6585972 -0.45148984 0.74377434 -0.43210988 -0.23714491 0.000983 1789349501.883492947 -0.012 183.597 0.061 0.00000 -1 ACTUAL_TF
0.5163 0.0355594 -1.7630228 0.6585952 -0.45148792 0.74377441 -0.43211172 -0.23714499 0.000706 1789349501.939454556 -0.015 183.599 0.059 0.00000 -1 ACTUAL_TF
0.5673 0.0355576 -1.7630176 0.6585867 -0.45148733 0.74377575 -0.43211036 -0.23714439 0.000548 1789349501.995417833 -0.010 183.594 0.050 0.00000 -1 ACTUAL_TF
0.6268 0.0355580 -1.7630203 0.6585891 -0.45148487 0.74377506 -0.43211358 -0.23714537 0.000403 1789349502.051373482 -0.012 183.597 0.053 0.00000 -1 ACTUAL_TF
0.6860 0.0355590 -1.7630215 0.6585861 -0.45148343 0.74377593 -0.43211404 -0.23714453 0.000301 1789349502.107377291 -0.014 183.598 0.050 0.00000 -1 ACTUAL_TF
0.7425 0.0355595 -1.7630228 0.6585873 -0.45148151 0.74377601 -0.43211587 -0.23714462 0.000220 1789349502.163827419 -0.015 183.599 0.051 0.00000 -1 ACTUAL_TF
0.7920 0.0355599 -1.7630240 0.6585841 -0.45148151 0.74377601 -0.43211587 -0.23714462 0.000173 1789349502.219508648 -0.016 183.601 0.048 0.00000 -1 ACTUAL_TF
0.8625 0.0355593 -1.7630221 0.6585806 -0.45148022 0.74377673 -0.43211613 -0.23714434 0.000143 1789349502.275752783 -0.014 183.599 0.044 0.00000 -1 ACTUAL_TF
0.9108 0.0355586 -1.7630202 0.6585768 -0.45147901 0.74377743 -0.43211632 -0.23714409 0.000123 1789349502.331522703 -0.012 183.597 0.040 0.00000 -1 ACTUAL_TF
1.2459 0.0355460 -1.7629863 0.6585641 -0.45148406 0.74378164 -0.43210478 -0.23714230 0.000120 1789349502.667483330 0.022 183.563 0.030 0.00000 -1 ACTUAL_TF
1.2979 0.0355236 -1.7629340 0.6585480 -0.45149010 0.74378501 -0.43209182 -0.23714383 0.000394 1789349502.724599838 0.074 183.510 0.034 0.00000 -1 ACTUAL_TF
1.3595 0.0355242 -1.7629054 0.6585574 -0.45149032 0.74376894 -0.43211083 -0.23715920 0.000440 1789349502.779649734 0.103 183.481 0.037 0.00000 -1 ACTUAL_TF
1.4203 0.0354937 -1.7627975 0.6585273 -0.45150299 0.74377304 -0.43208985 -0.23716044 0.000930 1789349502.835703850 0.211 183.373 0.060 0.00000 -1 ACTUAL_TF
1.4671 0.0354990 -1.7627077 0.6585103 -0.45151423 0.74376835 -0.43208634 -0.23716017 0.001144 1789349502.891469002 0.301 183.284 0.059 0.00000 -1 ACTUAL_TF
1.5274 0.0354985 -1.7625868 0.6584873 -0.45148386 0.74378960 -0.43209139 -0.23714212 0.001460 1789349502.947455883 0.421 183.163 0.073 0.00000 -1 ACTUAL_TF
1.5760 0.0355009 -1.7624607 0.6584596 -0.45148920 0.74379362 -0.43208218 -0.23713611 0.001713 1789349503.003551960 0.547 183.037 0.094 0.00000 -1 ACTUAL_TF
1.6348 0.0354805 -1.7623118 0.6584323 -0.45149785 0.74378976 -0.43207542 -0.23714409 0.002020 1789349503.059351444 0.696 182.888 0.127 0.00000 -1 ACTUAL_TF
1.6930 0.0354714 -1.7621351 0.6583972 -0.45150788 0.74378915 -0.43206569 -0.23714462 0.002378 1789349503.115477800 0.872 182.712 0.163 0.00000 -1 ACTUAL_TF
1.7422 0.0354619 -1.7619998 0.6583736 -0.45150415 0.74379185 -0.43206491 -0.23714468 0.002401 1789349503.171556711 1.008 182.577 0.188 0.00000 -1 ACTUAL_TF
1.8033 0.0354556 -1.7618130 0.6583350 -0.45151574 0.74379239 -0.43205291 -0.23714279 0.002707 1789349503.227342606 1.194 182.390 0.227 0.00000 -1 ACTUAL_TF
1.8520 0.0354441 -1.7616691 0.6583110 -0.45151167 0.74379411 -0.43205284 -0.23714525 0.002679 1789349503.283364534 1.338 182.246 0.254 0.00000 -1 ACTUAL_TF
1.9183 0.0354314 -1.7614786 0.6582727 -0.45151746 0.74379698 -0.43204269 -0.23714372 0.002913 1789349503.339621305 1.528 182.056 0.295 0.00000 -1 ACTUAL_TF
1.9713 0.0354120 -1.7613170 0.6582417 -0.45152036 0.74379869 -0.43203474 -0.23714734 0.002932 1789349503.395318508 1.690 181.895 0.331 0.00000 -1 ACTUAL_TF
2.0303 0.0354074 -1.7611422 0.6582243 -0.45151855 0.74379758 -0.43203745 -0.23714931 0.002990 1789349503.451533318 1.864 181.720 0.350 0.00000 -1 ACTUAL_TF
2.0797 0.0353887 -1.7609914 0.6582079 -0.45151659 0.74379906 -0.43203518 -0.23715255 0.002915 1789349503.507333994 2.015 181.569 0.372 0.00000 -1 ACTUAL_TF
2.1397 0.0353926 -1.7608123 0.6581918 -0.45151725 0.74380203 -0.43203228 -0.23714727 0.003003 1789349503.563384295 2.194 181.390 0.387 0.00000 -1 ACTUAL_TF
2.1934 0.0353781 -1.7606169 0.6581719 -0.45152047 0.74380760 -0.43202105 -0.23714412 0.003155 1789349503.619479418 2.390 181.195 0.411 0.00000 -1 ACTUAL_TF
2.2589 0.0353812 -1.7604807 0.6581793 -0.45151685 0.74380605 -0.43202717 -0.23714473 0.002938 1789349503.675628662 2.526 181.059 0.403 0.00000 -1 ACTUAL_TF
2.3035 0.0353784 -1.7602930 0.6581753 -0.45151616 0.74381310 -0.43202003 -0.23713691 0.003064 1789349503.731530666 2.713 180.871 0.409 0.00000 -1 ACTUAL_TF
2.3648 0.0353776 -1.7601486 0.6581924 -0.45151095 0.74381133 -0.43202754 -0.23713872 0.002925 1789349503.787462473 2.858 180.726 0.393 0.00000 -1 ACTUAL_TF
2.4213 0.0353755 -1.7599488 0.6581913 -0.45151300 0.74381880 -0.43201765 -0.23712942 0.003117 1789349503.843503714 3.058 180.527 0.396 0.00000 -1 ACTUAL_TF
2.4733 0.0353693 -1.7597807 0.6581979 -0.45151354 0.74382429 -0.43201055 -0.23712410 0.003086 1789349503.899371624 3.226 180.358 0.392 0.00000 -1 ACTUAL_TF
2.5317 0.0353690 -1.7595924 0.6582163 -0.45151269 0.74382157 -0.43201517 -0.23712582 0.003172 1789349503.955462933 3.414 180.170 0.375 0.00000 -1 ACTUAL_TF
2.5847 0.0353757 -1.7594293 0.6582208 -0.45151560 0.74382575 -0.43200932 -0.23711781 0.003094 1789349504.011564255 3.577 180.007 0.370 0.00000 -1 ACTUAL_TF
2.6509 0.0353631 -1.7592433 0.6582456 -0.45151027 0.74382240 -0.43201702 -0.23712447 0.003174 1789349504.067505360 3.764 179.820 0.350 0.00000 -1 ACTUAL_TF
2.7084 0.0353566 -1.7590161 0.6582522 -0.45151555 0.74382536 -0.43200904 -0.23711964 0.003438 1789349504.123584747 3.991 179.593 0.347 0.00000 -1 ACTUAL_TF
2.7529 0.0353450 -1.7588547 0.6582588 -0.45151454 0.74382182 -0.43201286 -0.23712570 0.003277 1789349504.179409027 4.153 179.431 0.344 0.00000 -1 ACTUAL_TF
2.8102 0.0353518 -1.7586423 0.6582842 -0.45151727 0.74382002 -0.43201465 -0.23712290 0.003438 1789349504.235541821 4.365 179.219 0.319 0.00000 -1 ACTUAL_TF
2.8633 0.0353543 -1.7584867 0.6583063 -0.45151118 0.74381529 -0.43202729 -0.23712632 0.003251 1789349504.291361094 4.521 179.063 0.298 0.00000 -1 ACTUAL_TF
2.9260 0.0353600 -1.7582721 0.6583193 -0.45151486 0.74381507 -0.43202595 -0.23712245 0.003427 1789349504.347433329 4.736 178.849 0.285 0.00000 -1 ACTUAL_TF
2.9755 0.0353618 -1.7581020 0.6583319 -0.45151561 0.74381039 -0.43203192 -0.23712483 0.003310 1789349504.403583288 4.906 178.679 0.273 0.00000 -1 ACTUAL_TF
3.0440 0.0353605 -1.7578672 0.6583321 -0.45151941 0.74381306 -0.43202606 -0.23711988 0.003577 1789349504.459488153 5.141 178.444 0.275 0.00000 -1 ACTUAL_TF
3.0952 0.0353668 -1.7576540 0.6583509 -0.45152090 0.74381198 -0.43202806 -0.23711680 0.003652 1789349504.515453577 5.354 178.231 0.256 0.00000 -1 ACTUAL_TF
3.1435 0.0353633 -1.7574781 0.6583731 -0.45151422 0.74380734 -0.43203989 -0.23712251 0.003506 1789349504.571480513 5.530 178.054 0.236 0.00000 -1 ACTUAL_TF
3.2079 0.0353659 -1.7572828 0.6584046 -0.45150723 0.74380052 -0.43205599 -0.23712787 0.003515 1789349504.627403021 5.725 177.859 0.207 0.00000 -1 ACTUAL_TF
3.2566 0.0353676 -1.7571343 0.6584308 -0.45150065 0.74379291 -0.43207174 -0.23713559 0.003268 1789349504.683414698 5.874 177.710 0.181 0.00000 -1 ACTUAL_TF
3.3174 0.0353725 -1.7569229 0.6584381 -0.45150054 0.74379490 -0.43207181 -0.23712942 0.003421 1789349504.739460468 6.085 177.499 0.176 0.00000 -1 ACTUAL_TF
3.3823 0.0353688 -1.7567424 0.6584524 -0.45150173 0.74378984 -0.43207704 -0.23713348 0.003364 1789349504.795464993 6.266 177.318 0.163 0.00000 -1 ACTUAL_TF
3.4344 0.0353651 -1.7565379 0.6584751 -0.45149301 0.74378831 -0.43208764 -0.23713558 0.003458 1789349504.851443529 6.471 177.113 0.143 0.00000 -1 ACTUAL_TF
3.4827 0.0353639 -1.7563785 0.6584901 -0.45148578 0.74378422 -0.43209943 -0.23714070 0.003277 1789349504.907560825 6.630 176.954 0.130 0.00000 -1 ACTUAL_TF
3.5373 0.0353778 -1.7561999 0.6585288 -0.45148024 0.74377224 -0.43212245 -0.23714686 0.003277 1789349504.963442326 6.809 176.775 0.093 0.00000 -1 ACTUAL_TF
3.5990 0.0353708 -1.7559986 0.6585389 -0.45147745 0.74377046 -0.43212687 -0.23714969 0.003376 1789349505.019371271 7.011 176.574 0.086 0.00000 -1 ACTUAL_TF
3.6509 0.0353662 -1.7558197 0.6585454 -0.45147965 0.74377028 -0.43212521 -0.23714908 0.003320 1789349505.075488806 7.190 176.395 0.081 0.00000 -1 ACTUAL_TF
3.7088 0.0353540 -1.7556244 0.6585617 -0.45147258 0.74376900 -0.43213179 -0.23715459 0.003377 1789349505.131452799 7.385 176.199 0.067 0.00000 -1 ACTUAL_TF
3.7625 0.0353560 -1.7554514 0.6585722 -0.45147300 0.74376672 -0.43213536 -0.23715442 0.003295 1789349505.187310457 7.558 176.026 0.059 0.00000 -1 ACTUAL_TF
3.8261 0.0353452 -1.7552530 0.6585819 -0.45146901 0.74376679 -0.43213814 -0.23715675 0.003369 1789349505.243459463 7.757 175.827 0.052 0.00000 -1 ACTUAL_TF
3.8846 0.0353307 -1.7550513 0.6585636 -0.45147348 0.74377716 -0.43211983 -0.23714907 0.003444 1789349505.299574137 7.959 175.625 0.073 0.00000 -1 ACTUAL_TF
3.9401 0.0353331 -1.7548757 0.6585855 -0.45146867 0.74377256 -0.43213089 -0.23715253 0.003361 1789349505.355424166 8.135 175.450 0.053 0.00000 -1 ACTUAL_TF
3.9920 0.0353202 -1.7546581 0.6585766 -0.45147009 0.74377897 -0.43212128 -0.23714723 0.003519 1789349505.411544561 8.352 175.232 0.065 0.00000 -1 ACTUAL_TF
4.0397 0.0353131 -1.7544911 0.6585904 -0.45147067 0.74377777 -0.43212139 -0.23714967 0.003362 1789349505.467553377 8.520 175.065 0.054 0.00000 -1 ACTUAL_TF
4.0937 0.0353006 -1.7542725 0.6585921 -0.45147145 0.74378024 -0.43211670 -0.23714898 0.003526 1789349505.523569822 8.738 174.846 0.056 0.00000 -1 ACTUAL_TF
4.1568 0.0352919 -1.7540873 0.6585903 -0.45147047 0.74378631 -0.43211017 -0.23714368 0.003463 1789349505.579513073 8.924 174.660 0.061 0.00000 -1 ACTUAL_TF
4.2161 0.0352850 -1.7538780 0.6585967 -0.45147195 0.74378520 -0.43210931 -0.23714596 0.003548 1789349505.635405302 9.133 174.451 0.058 0.00000 -1 ACTUAL_TF
4.2645 0.0352878 -1.7537216 0.6586065 -0.45146902 0.74378179 -0.43211736 -0.23714756 0.003324 1789349505.691335440 9.290 174.295 0.048 0.00000 -1 ACTUAL_TF
4.3320 0.0352841 -1.7535090 0.6586082 -0.45146432 0.74378542 -0.43211796 -0.23714401 0.003464 1789349505.747463226 9.502 174.082 0.049 0.00000 -1 ACTUAL_TF
4.3865 0.0352684 -1.7533047 0.6585922 -0.45147079 0.74379566 -0.43209781 -0.23713631 0.003526 1789349505.803452969 9.707 173.878 0.069 0.00000 -1 ACTUAL_TF
4.4343 0.0352739 -1.7531056 0.6586005 -0.45146472 0.74379585 -0.43210513 -0.23713390 0.003538 1789349505.859362841 9.906 173.679 0.061 0.00000 -1 ACTUAL_TF
4.4890 0.0352624 -1.7528939 0.6585949 -0.45146505 0.74380075 -0.43209861 -0.23712980 0.003615 1789349505.915243626 10.118 173.467 0.070 0.00000 -1 ACTUAL_TF
4.5523 0.0352621 -1.7527090 0.6585915 -0.45146478 0.74380537 -0.43209393 -0.23712434 0.003517 1789349505.971473455 10.302 173.282 0.075 0.00000 -1 ACTUAL_TF
4.6065 0.0352586 -1.7525108 0.6586059 -0.45146330 0.74379947 -0.43210259 -0.23712990 0.003529 1789349506.027382135 10.501 173.084 0.063 0.00000 -1 ACTUAL_TF
4.6605 0.0352523 -1.7523360 0.6585991 -0.45146046 0.74380348 -0.43210041 -0.23712670 0.003407 1789349506.083397627 10.676 172.909 0.072 0.00000 -1 ACTUAL_TF
4.7208 0.0352529 -1.7521421 0.6586112 -0.45145153 0.74380213 -0.43211152 -0.23712770 0.003426 1789349506.139388800 10.869 172.715 0.062 0.00000 -1 ACTUAL_TF
4.7778 0.0352478 -1.7519673 0.6586139 -0.45144588 0.74380119 -0.43211814 -0.23712934 0.003334 1789349506.195508718 11.044 172.540 0.061 0.00000 -1 ACTUAL_TF
4.8298 0.0352546 -1.7517658 0.6586212 -0.45145035 0.74379607 -0.43212185 -0.23713012 0.003415 1789349506.251454592 11.246 172.339 0.056 0.00000 -1 ACTUAL_TF
4.8861 0.0352487 -1.7515491 0.6586160 -0.45144625 0.74379925 -0.43212206 -0.23712758 0.003553 1789349506.307419777 11.462 172.122 0.064 0.00000 -1 ACTUAL_TF
4.9384 0.0352616 -1.7513918 0.6586309 -0.45144669 0.74379609 -0.43212785 -0.23712609 0.003336 1789349506.363438845 11.619 171.965 0.056 0.00000 -1 ACTUAL_TF
4.9950 0.0352521 -1.7511715 0.6586330 -0.45144344 0.74379756 -0.43212880 -0.23712596 0.003502 1789349506.420123816 11.840 171.744 0.056 0.00000 -1 ACTUAL_TF
5.0545 0.0352484 -1.7510214 0.6586436 -0.45144170 0.74379015 -0.43213922 -0.23713349 0.003262 1789349506.475830317 11.990 171.594 0.048 0.00000 -1 ACTUAL_TF
5.1076 0.0352391 -1.7507924 0.6586390 -0.45144546 0.74378944 -0.43213604 -0.23713435 0.003512 1789349506.531808138 12.219 171.365 0.053 0.00000 -1 ACTUAL_TF
5.1690 0.0352372 -1.7506351 0.6586456 -0.45143705 0.74378934 -0.43214473 -0.23713487 0.003306 1789349506.587508440 12.377 171.208 0.050 0.00000 -1 ACTUAL_TF
5.2235 0.0352374 -1.7504504 0.6586700 -0.45143013 0.74378252 -0.43215975 -0.23714203 0.003316 1789349506.643341780 12.562 171.023 0.035 0.00000 -1 ACTUAL_TF
5.2773 0.0352258 -1.7502551 0.6586580 -0.45143811 0.74378963 -0.43214358 -0.23713402 0.003372 1789349506.699311018 12.757 170.827 0.043 0.00000 -1 ACTUAL_TF
5.3360 0.0352217 -1.7500528 0.6586694 -0.45143529 0.74378782 -0.43214819 -0.23713669 0.003443 1789349506.755459547 12.959 170.625 0.036 0.00000 -1 ACTUAL_TF
5.3872 0.0352172 -1.7498306 0.6586571 -0.45144296 0.74379490 -0.43213281 -0.23712790 0.003603 1789349506.811432838 13.181 170.403 0.050 0.00000 -1 ACTUAL_TF
5.4467 0.0352083 -1.7496553 0.6586627 -0.45144206 0.74379546 -0.43213264 -0.23712815 0.003464 1789349506.867373228 13.357 170.227 0.045 0.00000 -1 ACTUAL_TF
5.4993 0.0352040 -1.7494433 0.6586613 -0.45144764 0.74379729 -0.43212543 -0.23712495 0.003551 1789349506.923843145 13.569 170.015 0.049 0.00000 -1 ACTUAL_TF
5.5519 0.0351917 -1.7492832 0.6586750 -0.45144167 0.74379458 -0.43213271 -0.23713154 0.003343 1789349506.980276346 13.730 169.855 0.035 0.00000 -1 ACTUAL_TF
5.6119 0.0351788 -1.7490687 0.6586708 -0.45144860 0.74379437 -0.43212515 -0.23713276 0.003508 1789349507.035461426 13.944 169.640 0.041 0.00000 -1 ACTUAL_TF
5.6728 0.0351777 -1.7489122 0.6586832 -0.45144914 0.74378658 -0.43213449 -0.23713918 0.003298 1789349507.091415882 14.101 169.483 0.031 0.00000 -1 ACTUAL_TF
5.7241 0.0351715 -1.7486960 0.6586847 -0.45145061 0.74379087 -0.43212760 -0.23713546 0.003466 1789349507.147458076 14.317 169.267 0.032 0.00000 -1 ACTUAL_TF
5.7794 0.0351564 -1.7484924 0.6586871 -0.45145052 0.74378953 -0.43212768 -0.23713970 0.003513 1789349507.203844547 14.521 169.063 0.031 0.00000 -1 ACTUAL_TF
5.8282 0.0351486 -1.7483068 0.6586850 -0.45145439 0.74379042 -0.43212281 -0.23713839 0.003463 1789349507.259319782 14.707 168.878 0.036 0.00000 -1 ACTUAL_TF
5.8908 0.0351396 -1.7480956 0.6586860 -0.45145360 0.74379383 -0.43211916 -0.23713586 0.003556 1789349507.315366030 14.918 168.666 0.038 0.00000 -1 ACTUAL_TF
5.9480 0.0351420 -1.7479371 0.6586966 -0.45145057 0.74379383 -0.43212286 -0.23713490 0.003334 1789349507.371784687 15.077 168.508 0.029 0.00000 -1 ACTUAL_TF
6.0073 0.0351268 -1.7477366 0.6586996 -0.45145454 0.74379006 -0.43212183 -0.23714103 0.003418 1789349507.427437782 15.278 168.307 0.030 0.00000 -1 ACTUAL_TF
6.0593 0.0351265 -1.7475503 0.6586959 -0.45145353 0.74379616 -0.43211627 -0.23713395 0.003393 1789349507.483318567 15.464 168.121 0.035 0.00000 -1 ACTUAL_TF
6.1087 0.0351185 -1.7473433 0.6586987 -0.45145505 0.74379715 -0.43211336 -0.23713324 0.003479 1789349507.539601803 15.671 167.913 0.035 0.00000 -1 ACTUAL_TF
6.1687 0.0351163 -1.7471673 0.6587057 -0.45146209 0.74379179 -0.43211370 -0.23713605 0.003379 1789349507.595600367 15.847 167.737 0.030 0.00000 -1 ACTUAL_TF
6.2224 0.0351185 -1.7469781 0.6587228 -0.45145007 0.74379248 -0.43212526 -0.23713572 0.003387 1789349507.651390076 16.036 167.548 0.015 0.00000 -1 ACTUAL_TF
6.2824 0.0351174 -1.7467747 0.6587305 -0.45145786 0.74378523 -0.43212711 -0.23714023 0.003462 1789349507.707341433 16.240 167.345 0.012 0.00000 -1 ACTUAL_TF
6.3407 0.0351087 -1.7466119 0.6587389 -0.45145568 0.74378243 -0.43213149 -0.23714520 0.003296 1789349507.763443947 16.403 167.182 0.004 0.00000 -1 ACTUAL_TF
6.4028 0.0351160 -1.7463981 0.6587391 -0.45144994 0.74378661 -0.43213448 -0.23713755 0.003452 1789349507.819502115 16.616 166.968 0.017 0.00000 -1 ACTUAL_TF
6.4536 0.0351043 -1.7462283 0.6587436 -0.45145534 0.74378237 -0.43213280 -0.23714363 0.003330 1789349507.875403404 16.786 166.798 0.009 0.00000 -1 ACTUAL_TF
6.5048 0.0350943 -1.7460364 0.6587555 -0.45145419 0.74377403 -0.43214294 -0.23715350 0.003358 1789349507.931666136 16.979 166.606 0.008 0.00000 -1 ACTUAL_TF
6.5599 0.0350891 -1.7458479 0.6587503 -0.45145671 0.74377570 -0.43213839 -0.23715175 0.003362 1789349507.987578154 17.167 166.417 0.004 0.00000 -1 ACTUAL_TF
6.6219 0.0350852 -1.7456497 0.6587620 -0.45145433 0.74377137 -0.43214616 -0.23715573 0.003423 1789349508.043315411 17.365 166.219 0.010 0.00000 -1 ACTUAL_TF
6.6734 0.0350750 -1.7454969 0.6587741 -0.45145098 0.74376711 -0.43215303 -0.23716291 0.003217 1789349508.099437714 17.519 166.066 0.018 0.00000 -1 ACTUAL_TF
6.7317 0.0350685 -1.7452885 0.6587748 -0.45145192 0.74376734 -0.43215135 -0.23716351 0.003366 1789349508.155608416 17.727 165.857 0.016 0.00000 -1 ACTUAL_TF
6.7913 0.0350687 -1.7450802 0.6587768 -0.45145400 0.74376573 -0.43215236 -0.23716273 0.003474 1789349508.211500168 17.935 165.649 0.017 0.00000 -1 ACTUAL_TF
6.8465 0.0350504 -1.7448994 0.6587734 -0.45145150 0.74376943 -0.43214800 -0.23716383 0.003390 1789349508.268396854 18.116 165.468 0.013 0.00000 -1 ACTUAL_TF
6.9002 0.0350498 -1.7446770 0.6587611 -0.45145413 0.74377728 -0.43213679 -0.23715465 0.003588 1789349508.323406935 18.339 165.246 0.006 0.00000 -1 ACTUAL_TF
6.9551 0.0350480 -1.7444951 0.6587593 -0.45145954 0.74377845 -0.43213057 -0.23715200 0.003485 1789349508.379452944 18.520 165.064 0.009 0.00000 -1 ACTUAL_TF
7.0136 0.0350504 -1.7442973 0.6587567 -0.45145958 0.74378153 -0.43212826 -0.23714647 0.003496 1789349508.435640812 18.718 164.866 0.016 0.00000 -1 ACTUAL_TF
7.0647 0.0350360 -1.7441071 0.6587526 -0.45145899 0.74378726 -0.43212050 -0.23714377 0.003472 1789349508.491481304 18.909 164.676 0.021 0.00000 -1 ACTUAL_TF
7.1242 0.0350304 -1.7438928 0.6587508 -0.45145846 0.74379046 -0.43211751 -0.23714018 0.003582 1789349508.547346354 19.123 164.461 0.025 0.00000 -1 ACTUAL_TF
7.1834 0.0350192 -1.7436580 0.6587429 -0.45146477 0.74379259 -0.43210798 -0.23713884 0.003735 1789349508.604821920 19.358 164.227 0.036 0.00000 -1 ACTUAL_TF
7.2338 0.0350222 -1.7435020 0.6587523 -0.45145998 0.74379253 -0.43211360 -0.23713792 0.003472 1789349508.659518480 19.514 164.071 0.028 0.00000 -1 ACTUAL_TF
7.2997 0.0350093 -1.7432896 0.6587493 -0.45146001 0.74379315 -0.43211185 -0.23713910 0.003567 1789349508.715682507 19.726 163.858 0.034 0.00000 -1 ACTUAL_TF
7.3442 0.0350126 -1.7431212 0.6587531 -0.45146617 0.74379063 -0.43211052 -0.23713771 0.003403 1789349508.771453619 19.895 163.690 0.033 0.00000 -1 ACTUAL_TF
7.4102 0.0350129 -1.7429157 0.6587579 -0.45145999 0.74379189 -0.43211569 -0.23713611 0.003482 1789349508.827546358 20.100 163.484 0.031 0.00000 -1 ACTUAL_TF
7.4616 0.0349983 -1.7427313 0.6587569 -0.45146241 0.74379364 -0.43210962 -0.23713706 0.003429 1789349508.883511543 20.285 163.300 0.034 0.00000 -1 ACTUAL_TF
7.5151 0.0349896 -1.7425083 0.6587593 -0.45146576 0.74379220 -0.43210753 -0.23713902 0.003598 1789349508.939416647 20.508 163.076 0.034 0.00000 -1 ACTUAL_TF
7.5809 0.0349928 -1.7423532 0.6587722 -0.45145822 0.74379044 -0.43211840 -0.23713909 0.003347 1789349508.995734453 20.663 162.921 0.023 0.00000 -1 ACTUAL_TF
7.6323 0.0349949 -1.7421485 0.6587763 -0.45146509 0.74378489 -0.43211926 -0.23714183 0.003447 1789349509.051409483 20.868 162.717 0.025 0.00000 -1 ACTUAL_TF
7.6892 0.0349996 -1.7419493 0.6587761 -0.45146863 0.74378356 -0.43211922 -0.23713935 0.003481 1789349509.107393026 21.067 162.518 0.033 0.00000 -1 ACTUAL_TF
7.7413 0.0350084 -1.7417931 0.6587919 -0.45146673 0.74377507 -0.43213356 -0.23714347 0.003277 1789349509.163480759 21.223 162.362 0.037 0.00000 -1 ACTUAL_TF
7.7926 0.0350074 -1.7415739 0.6587901 -0.45147188 0.74377477 -0.43212953 -0.23714194 0.003468 1789349509.219525099 21.442 162.142 0.043 0.00000 -1 ACTUAL_TF
7.8541 0.0349905 -1.7413990 0.6587946 -0.45146785 0.74377613 -0.43212972 -0.23714501 0.003368 1789349509.275599241 21.617 161.967 0.031 0.00000 -1 ACTUAL_TF
7.9042 0.0349872 -1.7411875 0.6588068 -0.45146841 0.74377543 -0.43213037 -0.23714497 0.003495 1789349509.331459284 21.829 161.755 0.031 0.00000 -1 ACTUAL_TF
7.9734 0.0349795 -1.7410155 0.6587980 -0.45147186 0.74377670 -0.43212528 -0.23714369 0.003371 1789349509.387408257 22.001 161.583 0.031 0.00000 -1 ACTUAL_TF
8.0197 0.0349716 -1.7408075 0.6588005 -0.45146712 0.74377583 -0.43213022 -0.23714642 0.003476 1789349509.443363190 22.209 161.375 0.029 0.00000 -1 ACTUAL_TF
8.0721 0.0349607 -1.7406043 0.6588058 -0.45146672 0.74377350 -0.43213270 -0.23714998 0.003520 1789349509.499523163 22.412 161.172 0.023 0.00000 -1 ACTUAL_TF
8.1328 0.0349680 -1.7404339 0.6588031 -0.45146885 0.74377344 -0.43213252 -0.23714646 0.003379 1789349509.555469275 22.583 161.002 0.036 0.00000 -1 ACTUAL_TF
8.1837 0.0349571 -1.7402323 0.6588184 -0.45146406 0.74377050 -0.43214007 -0.23715101 0.003452 1789349509.611352921 22.785 160.800 0.027 0.00000 -1 ACTUAL_TF
8.2420 0.0349423 -1.7400452 0.6588155 -0.45146761 0.74377373 -0.43213123 -0.23715023 0.003421 1789349509.667418718 22.972 160.612 0.019 0.00000 -1 ACTUAL_TF
8.3031 0.0349403 -1.7398427 0.6588247 -0.45146000 0.74377583 -0.43213706 -0.23714751 0.003482 1789349509.723379850 23.175 160.410 0.021 0.00000 -1 ACTUAL_TF
8.3522 0.0349304 -1.7396768 0.6588296 -0.45145885 0.74377332 -0.43214006 -0.23715212 0.003327 1789349509.779453516 23.341 160.244 0.016 0.00000 -1 ACTUAL_TF
8.4161 0.0349157 -1.7394667 0.6588259 -0.45145967 0.74377909 -0.43213074 -0.23714945 0.003456 1789349509.835505724 23.551 160.033 0.009 0.00000 -1 ACTUAL_TF
8.4640 0.0349173 -1.7392936 0.6588255 -0.45145826 0.74378554 -0.43212603 -0.23714048 0.003349 1789349509.891386747 23.724 159.860 0.015 0.00000 -1 ACTUAL_TF
8.5225 0.0349055 -1.7390916 0.6588292 -0.45144743 0.74379180 -0.43212784 -0.23713817 0.003429 1789349509.947355270 23.926 159.658 0.010 0.00000 -1 ACTUAL_TF
8.5735 0.0348886 -1.7388546 0.6588211 -0.45145696 0.74379633 -0.43211157 -0.23713544 0.003673 1789349510.003389835 24.164 159.421 0.018 0.00000 -1 ACTUAL_TF
8.6367 0.0348777 -1.7386800 0.6588274 -0.45145403 0.74379586 -0.43211449 -0.23713720 0.003507 1789349510.059502363 24.338 159.246 0.017 0.00000 -1 ACTUAL_TF
8.6902 0.0348742 -1.7384733 0.6588332 -0.45144949 0.74379939 -0.43211490 -0.23713400 0.003567 1789349510.115294218 24.545 159.039 0.013 0.00000 -1 ACTUAL_TF
8.7436 0.0348656 -1.7383105 0.6588388 -0.45144659 0.74379802 -0.43211847 -0.23713733 0.003369 1789349510.171440601 24.708 158.876 0.013 0.00000 -1 ACTUAL_TF
8.8048 0.0348559 -1.7381037 0.6588477 -0.45144788 0.74379796 -0.43211706 -0.23713762 0.003470 1789349510.227364302 24.915 158.669 0.016 0.00000 -1 ACTUAL_TF
8.8635 0.0348600 -1.7379417 0.6588539 -0.45144495 0.74379663 -0.43212273 -0.23713703 0.003296 1789349510.283438444 25.077 158.507 0.008 0.00000 -1 ACTUAL_TF
8.9094 0.0348474 -1.7377167 0.6588528 -0.45144337 0.74379911 -0.43212079 -0.23713580 0.003516 1789349510.339390755 25.303 158.282 0.013 0.00000 -1 ACTUAL_TF
8.9710 0.0348402 -1.7375064 0.6588516 -0.45144048 0.74380151 -0.43212033 -0.23713460 0.003590 1789349510.395300388 25.513 158.072 0.015 0.00000 -1 ACTUAL_TF
9.0348 0.0348330 -1.7373124 0.6588430 -0.45144819 0.74380437 -0.43210930 -0.23713107 0.003551 1789349510.451446533 25.707 157.877 0.023 0.00000 -1 ACTUAL_TF
9.0838 0.0348430 -1.7371265 0.6588530 -0.45144503 0.74380288 -0.43211684 -0.23712800 0.003485 1789349510.507403851 25.893 157.692 0.008 0.00000 -1 ACTUAL_TF
9.1468 0.0348311 -1.7369618 0.6588660 -0.45144058 0.74379795 -0.43212567 -0.23713584 0.003323 1789349510.563661337 26.058 157.527 0.009 0.00000 -1 ACTUAL_TF
9.1961 0.0348193 -1.7367545 0.6588684 -0.45143889 0.74379970 -0.43212404 -0.23713658 0.003440 1789349510.619592667 26.265 157.319 0.015 0.00000 -1 ACTUAL_TF
9.2567 0.0348200 -1.7365789 0.6588751 -0.45143581 0.74379602 -0.43213230 -0.23713892 0.003350 1789349510.675563574 26.441 157.144 0.012 0.00000 -1 ACTUAL_TF
9.3047 0.0348121 -1.7363716 0.6588808 -0.45143138 0.74379609 -0.43213602 -0.23714035 0.003459 1789349510.731443644 26.648 156.936 0.016 0.00000 -1 ACTUAL_TF
9.3741 0.0348090 -1.7361963 0.6588822 -0.45143627 0.74379315 -0.43213502 -0.23714209 0.003360 1789349510.787481785 26.824 156.761 0.014 0.00000 -1 ACTUAL_TF
9.4153 0.0348127 -1.7360163 0.6588907 -0.45143123 0.74378834 -0.43214711 -0.23714474 0.003318 1789349510.843442917 27.004 156.581 0.016 0.00000 -1 ACTUAL_TF
9.4799 0.0348160 -1.7358170 0.6589010 -0.45143049 0.74378300 -0.43215544 -0.23714771 0.003393 1789349510.899416924 27.203 156.382 0.025 0.00000 -1 ACTUAL_TF
9.5312 0.0348018 -1.7356211 0.6588923 -0.45143840 0.74378566 -0.43214334 -0.23714637 0.003427 1789349510.955467224 27.399 156.185 0.013 0.00000 -1 ACTUAL_TF
9.5886 0.0348014 -1.7354311 0.6589100 -0.45143178 0.74377728 -0.43216019 -0.23715454 0.003419 1789349511.011597395 27.589 155.995 0.028 0.00000 -1 ACTUAL_TF
9.6408 0.0348009 -1.7352404 0.6589035 -0.45143450 0.74378216 -0.43215221 -0.23714862 0.003395 1789349511.068731070 27.780 155.805 0.021 0.00000 -1 ACTUAL_TF
9.6975 0.0348000 -1.7350437 0.6589089 -0.45143753 0.74377674 -0.43215619 -0.23715258 0.003453 1789349511.123549938 27.976 155.608 0.026 0.00000 -1 ACTUAL_TF
9.7562 0.0347888 -1.7348549 0.6589045 -0.45144378 0.74377714 -0.43214933 -0.23715194 0.003430 1789349511.179583311 28.165 155.419 0.017 0.00000 -1 ACTUAL_TF
9.8124 0.0347906 -1.7346644 0.6589120 -0.45143890 0.74377888 -0.43215295 -0.23714917 0.003424 1789349511.235504389 28.356 155.229 0.025 0.00000 -1 ACTUAL_TF
9.8674 0.0347850 -1.7344474 0.6589034 -0.45144127 0.74378575 -0.43214254 -0.23714206 0.003561 1789349511.291493654 28.573 155.012 0.017 0.00000 -1 ACTUAL_TF
9.9220 0.0347684 -1.7342730 0.6589071 -0.45143373 0.74379149 -0.43214060 -0.23714196 0.003434 1789349511.347371817 28.748 154.837 0.011 0.00000 -1 ACTUAL_TF
9.9797 0.0347603 -1.7340191 0.6588877 -0.45144490 0.74380255 -0.43211688 -0.23712924 0.003767 1789349511.403406382 29.001 154.583 0.012 0.00000 -1 ACTUAL_TF
10.0310 0.0347542 -1.7338622 0.6589014 -0.45143770 0.74380048 -0.43212593 -0.23713293 0.003480 1789349511.459518194 29.158 154.426 0.000 0.00000 -1 ACTUAL_TF
10.0951 0.0347473 -1.7336558 0.6589081 -0.45143884 0.74380051 -0.43212458 -0.23713313 0.003545 1789349511.515407324 29.365 154.219 0.004 0.00000 -1 ACTUAL_TF
10.1449 0.0347525 -1.7334954 0.6589142 -0.45143638 0.74380001 -0.43212911 -0.23713115 0.003340 1789349511.571547508 29.525 154.059 0.012 0.00000 -1 ACTUAL_TF
10.2061 0.0347466 -1.7332762 0.6589074 -0.45143797 0.74380178 -0.43212541 -0.23712930 0.003517 1789349511.627359629 29.744 153.840 0.008 0.00000 -1 ACTUAL_TF
10.2551 0.0347313 -1.7330936 0.6589073 -0.45144223 0.74380348 -0.43211772 -0.23712987 0.003441 1789349511.683502197 29.927 153.657 0.004 0.00000 -1 ACTUAL_TF
10.3184 0.0347200 -1.7328796 0.6589042 -0.45144235 0.74380286 -0.43211737 -0.23713221 0.003559 1789349511.739408255 30.142 153.443 0.012 0.00000 -1 ACTUAL_TF
10.3714 0.0347161 -1.7326605 0.6589084 -0.45144582 0.74380249 -0.43211438 -0.23713222 0.003664 1789349511.795493364 30.361 153.224 0.010 0.00000 -1 ACTUAL_TF
10.4269 0.0347077 -1.7324993 0.6589141 -0.45144786 0.74379920 -0.43211555 -0.23713652 0.003428 1789349511.851621866 30.522 153.062 0.010 0.00000 -1 ACTUAL_TF
10.4859 0.0347042 -1.7322782 0.6589055 -0.45145326 0.74380419 -0.43210491 -0.23712999 0.003588 1789349511.907490253 30.743 152.841 0.017 0.00000 -1 ACTUAL_TF
10.5345 0.0346995 -1.7321157 0.6589134 -0.45145137 0.74380107 -0.43211038 -0.23713342 0.003385 1789349511.963356018 30.906 152.679 0.012 0.00000 -1 ACTUAL_TF
10.5951 0.0346888 -1.7319084 0.6589105 -0.45145433 0.74380322 -0.43210405 -0.23713254 0.003479 1789349512.019472599 31.113 152.471 0.019 0.00000 -1 ACTUAL_TF
10.6511 0.0346899 -1.7317337 0.6589182 -0.45145399 0.74380129 -0.43210728 -0.23713338 0.003374 1789349512.075389147 31.288 152.296 0.012 0.00000 -1 ACTUAL_TF
10.7084 0.0346863 -1.7315174 0.6589253 -0.45145925 0.74379755 -0.43210711 -0.23713539 0.003520 1789349512.131456614 31.504 152.080 0.007 0.00000 -1 ACTUAL_TF
10.7586 0.0346825 -1.7313573 0.6589314 -0.45145711 0.74379348 -0.43211403 -0.23713961 0.003323 1789349512.187416077 31.665 151.920 0.003 0.00000 -1 ACTUAL_TF
10.8223 0.0346832 -1.7311447 0.6589314 -0.45146022 0.74379220 -0.43211365 -0.23713839 0.003464 1789349512.243469954 31.877 151.707 0.005 0.00000 -1 ACTUAL_TF
10.8752 0.0346853 -1.7309518 0.6589447 -0.45146020 0.74378871 -0.43211901 -0.23713964 0.003460 1789349512.299487829 32.070 151.514 0.013 0.00000 -1 ACTUAL_TF
10.9319 0.0346961 -1.7307963 0.6589585 -0.45145900 0.74378417 -0.43212807 -0.23713963 0.003262 1789349512.355413198 32.225 151.359 0.032 0.00000 -1 ACTUAL_TF
10.9848 0.0346903 -1.7305834 0.6589732 -0.45145676 0.74377727 -0.43213858 -0.23714641 0.003429 1789349512.411307096 32.438 151.146 0.040 0.00000 -1 ACTUAL_TF
11.0448 0.0346914 -1.7304061 0.6589831 -0.45145555 0.74377694 -0.43214087 -0.23714555 0.003350 1789349512.467400789 32.616 150.969 0.050 0.00000 -1 ACTUAL_TF
11.0941 0.0346851 -1.7302212 0.6590056 -0.45144763 0.74376603 -0.43216114 -0.23715793 0.003332 1789349512.524048567 32.801 150.783 0.066 0.00000 -1 ACTUAL_TF
11.1557 0.0346834 -1.7300716 0.6590207 -0.45144443 0.74375830 -0.43217371 -0.23716535 0.003148 1789349512.579352617 32.951 150.634 0.079 0.00000 -1 ACTUAL_TF
11.2076 0.0346712 -1.7298509 0.6590122 -0.45144699 0.74376164 -0.43216630 -0.23716352 0.003386 1789349512.635468245 33.172 150.413 0.066 0.00000 -1 ACTUAL_TF
11.2658 0.0346664 -1.7296396 0.6590125 -0.45144862 0.74376124 -0.43216541 -0.23716327 0.003504 1789349512.691423178 33.383 150.201 0.065 0.00000 -1 ACTUAL_TF
11.3225 0.0346594 -1.7294497 0.6590092 -0.45144777 0.74376598 -0.43216010 -0.23715971 0.003470 1789349512.747427702 33.573 150.012 0.059 0.00000 -1 ACTUAL_TF
11.3824 0.0346598 -1.7292435 0.6590116 -0.45145007 0.74376749 -0.43215717 -0.23715591 0.003532 1789349512.803511381 33.779 149.805 0.062 0.00000 -1 ACTUAL_TF
11.4340 0.0346549 -1.7290558 0.6590054 -0.45145761 0.74377047 -0.43214666 -0.23715137 0.003478 1789349512.859571218 33.967 149.618 0.055 0.00000 -1 ACTUAL_TF
11.4958 0.0346428 -1.7288270 0.6589943 -0.45146145 0.74377849 -0.43213269 -0.23714439 0.003664 1789349512.915520430 34.195 149.389 0.040 0.00000 -1 ACTUAL_TF
11.5541 0.0346381 -1.7286588 0.6589935 -0.45146103 0.74377994 -0.43213087 -0.23714397 0.003465 1789349512.971618414 34.364 149.221 0.038 0.00000 -1 ACTUAL_TF
11.6034 0.0346348 -1.7284416 0.6589849 -0.45146410 0.74378414 -0.43212348 -0.23713841 0.003595 1789349513.027384996 34.581 149.003 0.034 0.00000 -1 ACTUAL_TF
11.6543 0.0346256 -1.7282572 0.6589834 -0.45146694 0.74378552 -0.43211921 -0.23713646 0.003505 1789349513.083436251 34.765 148.819 0.028 0.00000 -1 ACTUAL_TF
11.7140 0.0346116 -1.7280367 0.6589796 -0.45146761 0.74378892 -0.43211282 -0.23713615 0.003631 1789349513.139729500 34.986 148.598 0.018 0.00000 -1 ACTUAL_TF
11.7676 0.0346037 -1.7278338 0.6589845 -0.45146178 0.74378980 -0.43211654 -0.23713771 0.003636 1789349513.195395470 35.189 148.395 0.017 0.00000 -1 ACTUAL_TF
11.8282 0.0346039 -1.7276602 0.6589802 -0.45146727 0.74379094 -0.43211082 -0.23713411 0.003475 1789349513.251461267 35.363 148.222 0.020 0.00000 -1 ACTUAL_TF
11.8782 0.0346008 -1.7274690 0.6589930 -0.45146385 0.74378724 -0.43211888 -0.23713755 0.003458 1789349513.307489872 35.554 148.030 0.025 0.00000 -1 ACTUAL_TF
11.9382 0.0345904 -1.7272820 0.6589849 -0.45146666 0.74379191 -0.43210999 -0.23713374 0.003416 1789349513.364034891 35.741 147.843 0.017 0.00000 -1 ACTUAL_TF
11.9895 0.0345845 -1.7270655 0.6589819 -0.45146451 0.74379369 -0.43211010 -0.23713205 0.003564 1789349513.419423819 35.958 147.627 0.018 0.00000 -1 ACTUAL_TF
12.0498 0.0345775 -1.7268801 0.6589763 -0.45147207 0.74379329 -0.43210319 -0.23713150 0.003490 1789349513.475381613 36.143 147.441 0.020 0.00000 -1 ACTUAL_TF
12.1073 0.0345753 -1.7266629 0.6589712 -0.45147517 0.74379418 -0.43209938 -0.23712975 0.003599 1789349513.531751394 36.360 147.224 0.028 0.00000 -1 ACTUAL_TF
12.1638 0.0345747 -1.7264686 0.6589827 -0.45146792 0.74379053 -0.43211151 -0.23713291 0.003568 1789349513.587427616 36.555 147.030 0.026 0.00000 -1 ACTUAL_TF
12.2135 0.0345785 -1.7263065 0.6589910 -0.45146244 0.74379064 -0.43211820 -0.23713077 0.003368 1789349513.643365860 36.717 146.868 0.033 0.00000 -1 ACTUAL_TF
12.2725 0.0345766 -1.7261038 0.6589941 -0.45146905 0.74378292 -0.43212105 -0.23713722 0.003441 1789349513.699490070 36.919 146.665 0.036 0.00000 -1 ACTUAL_TF
12.3331 0.0345655 -1.7259195 0.6589929 -0.45147192 0.74378429 -0.43211597 -0.23713673 0.003400 1789349513.755386114 37.104 146.481 0.031 0.00000 -1 ACTUAL_TF
12.3825 0.0345580 -1.7257202 0.6590038 -0.45146089 0.74378281 -0.43212814 -0.23714020 0.003450 1789349513.811424971 37.303 146.281 0.028 0.00000 -1 ACTUAL_TF
12.4424 0.0345562 -1.7255297 0.6589992 -0.45146382 0.74378743 -0.43212028 -0.23713443 0.003436 1789349513.867393970 37.494 146.091 0.032 0.00000 -1 ACTUAL_TF
12.4965 0.0345452 -1.7253298 0.6590078 -0.45145822 0.74378153 -0.43213184 -0.23714257 0.003481 1789349513.923289061 37.694 145.890 0.026 0.00000 -1 ACTUAL_TF
12.5568 0.0345499 -1.7251734 0.6590144 -0.45145491 0.74377931 -0.43213921 -0.23714237 0.003275 1789349513.979313374 37.850 145.734 0.035 0.00000 -1 ACTUAL_TF
12.6064 0.0345464 -1.7249729 0.6590190 -0.45145109 0.74377684 -0.43214567 -0.23714563 0.003363 1789349514.035506964 38.051 145.533 0.037 0.00000 -1 ACTUAL_TF
12.6758 0.0345346 -1.7247671 0.6590254 -0.45144510 0.74377993 -0.43214701 -0.23714490 0.003459 1789349514.091535330 38.257 145.327 0.032 0.00000 -1 ACTUAL_TF
12.7266 0.0345257 -1.7245870 0.6590313 -0.45144351 0.74377742 -0.43215066 -0.23714911 0.003390 1789349514.147424221 38.437 145.147 0.030 0.00000 -1 ACTUAL_TF
12.7780 0.0345193 -1.7243799 0.6590311 -0.45144310 0.74378055 -0.43214738 -0.23714607 0.003482 1789349514.203466415 38.644 144.940 0.028 0.00000 -1 ACTUAL_TF
12.8288 0.0345137 -1.7241998 0.6590308 -0.45144172 0.74378123 -0.43214757 -0.23714622 0.003401 1789349514.259543657 38.825 144.760 0.027 0.00000 -1 ACTUAL_TF
12.8889 0.0344978 -1.7239831 0.6590197 -0.45144494 0.74378521 -0.43213821 -0.23714466 0.003543 1789349514.315697432 39.042 144.543 0.017 0.00000 -1 ACTUAL_TF
12.9565 0.0344949 -1.7237979 0.6590104 -0.45144727 0.74379255 -0.43212742 -0.23713686 0.003477 1789349514.371509552 39.227 144.358 0.025 0.00000 -1 ACTUAL_TF
13.0016 0.0344745 -1.7235827 0.6590081 -0.45144515 0.74379761 -0.43212127 -0.23713624 0.003592 1789349514.427526474 39.442 144.142 0.022 0.00000 -1 ACTUAL_TF
13.0561 0.0344644 -1.7233642 0.6590121 -0.45144867 0.74379591 -0.43211959 -0.23713794 0.003686 1789349514.483520269 39.661 143.923 0.021 0.00000 -1 ACTUAL_TF
13.1234 0.0344498 -1.7231948 0.6590075 -0.45144353 0.74380122 -0.43211619 -0.23713725 0.003493 1789349514.539429665 39.831 143.754 0.029 0.00000 -1 ACTUAL_TF
13.1713 0.0344440 -1.7229894 0.6590121 -0.45144390 0.74379943 -0.43211757 -0.23713967 0.003546 1789349514.595463514 40.036 143.548 0.028 0.00000 -1 ACTUAL_TF
13.2353 0.0344292 -1.7227988 0.6590063 -0.45144918 0.74380031 -0.43211020 -0.23714026 0.003509 1789349514.651347637 40.227 143.357 0.039 0.00000 -1 ACTUAL_TF
13.2858 0.0344162 -1.7225769 0.6589960 -0.45145504 0.74380495 -0.43209764 -0.23713746 0.003646 1789349514.707457781 40.449 143.135 0.054 0.00000 -1 ACTUAL_TF
13.3363 0.0344146 -1.7224136 0.6590002 -0.45145591 0.74380564 -0.43209666 -0.23713542 0.003426 1789349514.763551235 40.612 142.972 0.051 0.00000 -1 ACTUAL_TF
13.3959 0.0344107 -1.7221945 0.6590026 -0.45146159 0.74380481 -0.43209289 -0.23713410 0.003569 1789349514.819687128 40.831 142.753 0.050 0.00000 -1 ACTUAL_TF
13.4499 0.0344041 -1.7220305 0.6590109 -0.45146067 0.74380215 -0.43209626 -0.23713804 0.003382 1789349514.875469208 40.996 142.589 0.046 0.00000 -1 ACTUAL_TF
13.5094 0.0343972 -1.7218178 0.6590115 -0.45146309 0.74380235 -0.43209323 -0.23713833 0.003507 1789349514.931488991 41.208 142.376 0.048 0.00000 -1 ACTUAL_TF
13.5567 0.0343902 -1.7216297 0.6590087 -0.45146851 0.74380433 -0.43208580 -0.23713532 0.003464 1789349514.987494707 41.397 142.188 0.053 0.00000 -1 ACTUAL_TF
13.6162 0.0343835 -1.7214341 0.6590168 -0.45146485 0.74380290 -0.43209044 -0.23713832 0.003474 1789349515.043479443 41.592 141.992 0.049 0.00000 -1 ACTUAL_TF
13.6791 0.0343714 -1.7212244 0.6590211 -0.45146836 0.74380250 -0.43208620 -0.23714062 0.003558 1789349515.099461794 41.802 141.782 0.052 0.00000 -1 ACTUAL_TF
13.7313 0.0343730 -1.7210533 0.6590322 -0.45146218 0.74379952 -0.43209718 -0.23714173 0.003407 1789349515.155545473 41.974 141.611 0.041 0.00000 -1 ACTUAL_TF
13.7854 0.0343642 -1.7208447 0.6590336 -0.45146457 0.74379973 -0.43209439 -0.23714161 0.003505 1789349515.211485147 42.182 141.402 0.044 0.00000 -1 ACTUAL_TF
13.8453 0.0343655 -1.7206919 0.6590489 -0.45145237 0.74379512 -0.43211223 -0.23714680 0.003275 1789349515.267553329 42.335 141.249 0.031 0.00000 -1 ACTUAL_TF
13.8990 0.0343589 -1.7204750 0.6590462 -0.45145342 0.74379946 -0.43210576 -0.23714295 0.003456 1789349515.323512554 42.552 141.032 0.035 0.00000 -1 ACTUAL_TF
13.9522 0.0343606 -1.7202967 0.6590566 -0.45145341 0.74379262 -0.43211548 -0.23714670 0.003374 1789349515.379609823 42.730 140.854 0.025 0.00000 -1 ACTUAL_TF
14.0057 0.0343686 -1.7200939 0.6590614 -0.45145270 0.74379265 -0.43211817 -0.23714307 0.003454 1789349515.435377598 42.933 140.651 0.014 0.00000 -1 ACTUAL_TF
14.0728 0.0343670 -1.7199063 0.6590804 -0.45144467 0.74378393 -0.43213704 -0.23715133 0.003429 1789349515.491343260 43.121 140.464 0.005 0.00000 -1 ACTUAL_TF
14.1212 0.0343636 -1.7197208 0.6590792 -0.45144821 0.74378260 -0.43213594 -0.23715076 0.003392 1789349515.547450542 43.306 140.278 0.001 0.00000 -1 ACTUAL_TF
14.1792 0.0343563 -1.7195082 0.6590805 -0.45144918 0.74378365 -0.43213336 -0.23715032 0.003514 1789349515.603468895 43.519 140.065 0.003 0.00000 -1 ACTUAL_TF
14.2344 0.0343514 -1.7193424 0.6590889 -0.45144697 0.74377838 -0.43214141 -0.23715639 0.003350 1789349515.659446478 43.685 139.899 0.006 0.00000 -1 ACTUAL_TF
14.2838 0.0343474 -1.7191330 0.6590886 -0.45145454 0.74377767 -0.43213556 -0.23715487 0.003464 1789349515.715603113 43.894 139.690 0.003 0.00000 -1 ACTUAL_TF
14.3486 0.0343351 -1.7189445 0.6590807 -0.45145822 0.74378288 -0.43212455 -0.23715158 0.003440 1789349515.771485567 44.083 139.501 0.011 0.00000 -1 ACTUAL_TF
14.4043 0.0343297 -1.7187417 0.6590854 -0.45145223 0.74378604 -0.43212696 -0.23714868 0.003494 1789349515.827510595 44.286 139.298 0.010 0.00000 -1 ACTUAL_TF
14.4540 0.0343206 -1.7185204 0.6590816 -0.45146132 0.74378645 -0.43211760 -0.23714715 0.003635 1789349515.883419991 44.507 139.077 0.016 0.00000 -1 ACTUAL_TF
14.5117 0.0343175 -1.7183288 0.6590814 -0.45146444 0.74379091 -0.43210978 -0.23714147 0.003569 1789349515.939516306 44.699 138.885 0.017 0.00000 -1 ACTUAL_TF
14.5731 0.0343125 -1.7181259 0.6590850 -0.45146167 0.74378988 -0.43211350 -0.23714320 0.003586 1789349515.995516777 44.902 138.682 0.016 0.00000 -1 ACTUAL_TF
14.6257 0.0343187 -1.7179669 0.6590980 -0.45145908 0.74378496 -0.43212395 -0.23714452 0.003367 1789349516.051399946 45.061 138.523 0.003 0.00000 -1 ACTUAL_TF
14.6913 0.0343126 -1.7177622 0.6591026 -0.45145629 0.74378281 -0.43212893 -0.23714751 0.003453 1789349516.107490063 45.266 138.319 0.002 0.00000 -1 ACTUAL_TF
14.7386 0.0342979 -1.7175708 0.6590946 -0.45146161 0.74378695 -0.43211728 -0.23714562 0.003446 1789349516.163501978 45.457 138.127 0.013 0.00000 -1 ACTUAL_TF
14.7968 0.0342979 -1.7173710 0.6591063 -0.45145530 0.74378372 -0.43212794 -0.23714833 0.003485 1789349516.219457626 45.657 137.927 0.003 0.00000 -1 ACTUAL_TF
14.8497 0.0342886 -1.7171811 0.6591009 -0.45146245 0.74378456 -0.43211989 -0.23714677 0.003457 1789349516.275531769 45.847 137.737 0.011 0.00000 -1 ACTUAL_TF
14.9137 0.0342827 -1.7169668 0.6591014 -0.45146142 0.74378792 -0.43211684 -0.23714373 0.003570 1789349516.331460714 46.062 137.523 0.013 0.00000 -1 ACTUAL_TF
14.9655 0.0342906 -1.7167817 0.6591163 -0.45145929 0.74378459 -0.43212473 -0.23714388 0.003497 1789349516.387362242 46.247 137.338 0.007 0.00000 -1 ACTUAL_TF
15.0378 0.0342876 -1.7165965 0.6591180 -0.45146201 0.74378493 -0.43212210 -0.23714240 0.003438 1789349516.443453074 46.432 137.153 0.009 0.00000 -1 ACTUAL_TF
15.0748 0.0342863 -1.7163943 0.6591222 -0.45146198 0.74378562 -0.43212236 -0.23713981 0.003492 1789349516.499346256 46.634 136.950 0.014 0.00000 -1 ACTUAL_TF
15.1282 0.0342842 -1.7162192 0.6591304 -0.45146170 0.74378234 -0.43212698 -0.23714224 0.003381 1789349516.555491447 46.809 136.775 0.018 0.00000 -1 ACTUAL_TF
15.1884 0.0342810 -1.7159995 0.6591254 -0.45146467 0.74378535 -0.43212099 -0.23713805 0.003546 1789349516.611415863 47.029 136.556 0.019 0.00000 -1 ACTUAL_TF
15.2447 0.0342764 -1.7158225 0.6591300 -0.45146732 0.74378028 -0.43212441 -0.23714269 0.003429 1789349516.667555571 47.206 136.378 0.019 0.00000 -1 ACTUAL_TF
15.3017 0.0342828 -1.7156305 0.6591356 -0.45146987 0.74377619 -0.43212899 -0.23714229 0.003432 1789349516.723421812 47.398 136.187 0.031 0.00000 -1 ACTUAL_TF
15.3561 0.0342746 -1.7154096 0.6591400 -0.45147118 0.74377696 -0.43212601 -0.23714284 0.003588 1789349516.779349804 47.619 135.966 0.030 0.00000 -1 ACTUAL_TF
15.4173 0.0342654 -1.7152423 0.6591427 -0.45146931 0.74377463 -0.43212960 -0.23714715 0.003399 1789349516.836016893 47.786 135.798 0.026 0.00000 -1 ACTUAL_TF
15.4780 0.0342558 -1.7150176 0.6591445 -0.45147215 0.74377325 -0.43212801 -0.23714894 0.003596 1789349516.891468763 48.011 135.573 0.022 0.00000 -1 ACTUAL_TF
15.5317 0.0342525 -1.7148618 0.6591506 -0.45146596 0.74377157 -0.43213587 -0.23715169 0.003352 1789349516.947526932 48.167 135.417 0.025 0.00000 -1 ACTUAL_TF
15.5847 0.0342470 -1.7146675 0.6591601 -0.45146535 0.74376490 -0.43214413 -0.23715875 0.003391 1789349517.003396749 48.362 135.223 0.028 0.00000 -1 ACTUAL_TF
15.6387 0.0342421 -1.7144947 0.6591590 -0.45146641 0.74376416 -0.43214378 -0.23715967 0.003300 1789349517.059436321 48.534 135.050 0.026 0.00000 -1 ACTUAL_TF
15.6926 0.0342311 -1.7142844 0.6591585 -0.45146331 0.74376759 -0.43214177 -0.23715848 0.003438 1789349517.115413666 48.745 134.839 0.020 0.00000 -1 ACTUAL_TF
15.7434 0.0342247 -1.7140985 0.6591603 -0.45146481 0.74376528 -0.43214292 -0.23716076 0.003376 1789349517.172968626 48.931 134.653 0.019 0.00000 -1 ACTUAL_TF
15.8001 0.0342158 -1.7138781 0.6591642 -0.45146804 0.74376927 -0.43213477 -0.23715694 0.003580 1789349517.227345943 49.151 134.433 0.017 0.00000 -1 ACTUAL_TF
15.8594 0.0342131 -1.7136670 0.6591616 -0.45146148 0.74377708 -0.43213233 -0.23714941 0.003634 1789349517.283515453 49.363 134.222 0.017 0.00000 -1 ACTUAL_TF
15.9198 0.0342004 -1.7134999 0.6591633 -0.45146432 0.74377645 -0.43212879 -0.23715242 0.003443 1789349517.339458227 49.530 134.054 0.010 0.00000 -1 ACTUAL_TF
15.9662 0.0341923 -1.7132799 0.6591576 -0.45146218 0.74378367 -0.43212143 -0.23714726 0.003587 1789349517.395582438 49.750 133.834 0.005 0.00000 -1 ACTUAL_TF
16.0335 0.0341981 -1.7131142 0.6591654 -0.45145803 0.74378512 -0.43212545 -0.23714328 0.003403 1789349517.451409101 49.916 133.669 0.016 0.00000 -1 ACTUAL_TF
16.0826 0.0341770 -1.7128763 0.6591522 -0.45146480 0.74379218 -0.43210823 -0.23713962 0.003664 1789349517.507372379 50.154 133.431 0.012 0.00000 -1 ACTUAL_TF
16.1343 0.0341744 -1.7126998 0.6591566 -0.45145807 0.74379725 -0.43210922 -0.23713474 0.003510 1789349517.563426495 50.330 133.254 0.010 0.00000 -1 ACTUAL_TF
16.1954 0.0341649 -1.7124821 0.6591555 -0.45145701 0.74379936 -0.43210724 -0.23713375 0.003621 1789349517.619587421 50.548 133.036 0.014 0.00000 -1 ACTUAL_TF
16.2570 0.0341566 -1.7122738 0.6591620 -0.45145224 0.74380056 -0.43210946 -0.23713500 0.003654 1789349517.675488234 50.757 132.828 0.010 0.00000 -1 ACTUAL_TF
16.3112 0.0341576 -1.7121103 0.6591667 -0.45144808 0.74380204 -0.43211252 -0.23713272 0.003433 1789349517.731584311 50.920 132.664 0.008 0.00000 -1 ACTUAL_TF
16.3615 0.0341555 -1.7118982 0.6591688 -0.45145259 0.74380201 -0.43210889 -0.23713084 0.003543 1789349517.787373543 51.132 132.452 0.010 0.00000 -1 ACTUAL_TF
16.4170 0.0341493 -1.7117095 0.6591644 -0.45144986 0.74380555 -0.43210674 -0.23712886 0.003492 1789349517.843357086 51.321 132.263 0.015 0.00000 -1 ACTUAL_TF
16.4785 0.0341503 -1.7115011 0.6591712 -0.45144827 0.74380145 -0.43211435 -0.23713089 0.003562 1789349517.899315834 51.529 132.055 0.016 0.00000 -1 ACTUAL_TF
16.5284 0.0341492 -1.7113163 0.6591675 -0.45145375 0.74380335 -0.43210811 -0.23712584 0.003480 1789349517.955543756 51.714 131.870 0.023 0.00000 -1 ACTUAL_TF
16.5810 0.0341454 -1.7111205 0.6591766 -0.45144803 0.74380084 -0.43211677 -0.23712884 0.003488 1789349518.011444807 51.910 131.674 0.020 0.00000 -1 ACTUAL_TF
16.6434 0.0341452 -1.7109510 0.6591777 -0.45144853 0.74379942 -0.43211812 -0.23712987 0.003349 1789349518.067466259 52.079 131.505 0.025 0.00000 -1 ACTUAL_TF
16.6992 0.0341338 -1.7107407 0.6591808 -0.45144985 0.74379687 -0.43211840 -0.23713487 0.003471 1789349518.123556137 52.290 131.294 0.020 0.00000 -1 ACTUAL_TF
16.7513 0.0341301 -1.7105385 0.6591885 -0.45144483 0.74379827 -0.43212190 -0.23713361 0.003516 1789349518.179484129 52.492 131.092 0.019 0.00000 -1 ACTUAL_TF
16.8082 0.0341278 -1.7103644 0.6591944 -0.45144632 0.74379391 -0.43212613 -0.23713677 0.003395 1789349518.235425949 52.666 130.918 0.021 0.00000 -1 ACTUAL_TF
16.8665 0.0341256 -1.7101676 0.6592006 -0.45144211 0.74379380 -0.43213082 -0.23713658 0.003430 1789349518.291479588 52.863 130.721 0.024 0.00000 -1 ACTUAL_TF
16.9279 0.0341188 -1.7099739 0.6591938 -0.45145034 0.74379616 -0.43211999 -0.23713324 0.003442 1789349518.347387552 53.057 130.527 0.024 0.00000 -1 ACTUAL_TF
16.9774 0.0341110 -1.7097720 0.6592024 -0.45144817 0.74379139 -0.43212741 -0.23713882 0.003493 1789349518.403368473 53.259 130.325 0.021 0.00000 -1 ACTUAL_TF
17.0383 0.0341010 -1.7096062 0.6592050 -0.45144671 0.74379001 -0.43212888 -0.23714324 0.003331 1789349518.459642887 53.425 130.159 0.015 0.00000 -1 ACTUAL_TF
17.0883 0.0340915 -1.7094047 0.6592083 -0.45144520 0.74379040 -0.43212918 -0.23714434 0.003415 1789349518.515512705 53.627 129.958 0.011 0.00000 -1 ACTUAL_TF
17.1526 0.0340861 -1.7092233 0.6592086 -0.45144641 0.74378821 -0.43213064 -0.23714627 0.003365 1789349518.571361303 53.808 129.776 0.011 0.00000 -1 ACTUAL_TF
17.2107 0.0340646 -1.7090146 0.6592098 -0.45144180 0.74378814 -0.43213202 -0.23715274 0.003481 1789349518.627294302 54.017 129.567 0.006 0.00000 -1 ACTUAL_TF
17.2584 0.0340574 -1.7088050 0.6592137 -0.45144445 0.74378812 -0.43212934 -0.23715264 0.003556 1789349518.683489561 54.227 129.357 0.006 0.00000 -1 ACTUAL_TF
17.3130 0.0340466 -1.7086284 0.6592175 -0.45144540 0.74378953 -0.43212589 -0.23715270 0.003435 1789349518.739641905 54.404 129.180 0.012 0.00000 -1 ACTUAL_TF
17.3797 0.0340425 -1.7084289 0.6592214 -0.45144646 0.74378843 -0.43212634 -0.23715332 0.003478 1789349518.795430422 54.604 128.981 0.011 0.00000 -1 ACTUAL_TF
17.4269 0.0340216 -1.7082357 0.6592126 -0.45144882 0.74379654 -0.43211149 -0.23715043 0.003478 1789349518.851368189 54.797 128.787 0.028 0.00000 -1 ACTUAL_TF
17.4924 0.0340208 -1.7080186 0.6592106 -0.45145005 0.74379612 -0.43211182 -0.23714880 0.003598 1789349518.907335997 55.014 128.570 0.026 0.00000 -1 ACTUAL_TF
17.5463 0.0340035 -1.7078412 0.6592111 -0.45144538 0.74380096 -0.43210810 -0.23714930 0.003473 1789349518.963376284 55.192 128.392 0.037 0.00000 -1 ACTUAL_TF
17.5955 0.0339976 -1.7076382 0.6592169 -0.45144317 0.74379953 -0.43211193 -0.23715102 0.003519 1789349519.019392729 55.395 128.189 0.036 0.00000 -1 ACTUAL_TF
17.6497 0.0339918 -1.7074184 0.6592157 -0.45144249 0.74380245 -0.43210939 -0.23714779 0.003640 1789349519.075476885 55.615 127.969 0.038 0.00000 -1 ACTUAL_TF
17.7139 0.0339947 -1.7072494 0.6592199 -0.45144360 0.74380169 -0.43211057 -0.23714590 0.003462 1789349519.130919695 55.784 127.800 0.030 0.00000 -1 ACTUAL_TF
17.7686 0.0339906 -1.7070443 0.6592246 -0.45144447 0.74379947 -0.43211214 -0.23714835 0.003481 1789349519.189139605 55.989 127.595 0.028 0.00000 -1 ACTUAL_TF
17.8156 0.0339827 -1.7068646 0.6592251 -0.45144709 0.74379987 -0.43210882 -0.23714815 0.003431 1789349519.243422270 56.169 127.415 0.031 0.00000 -1 ACTUAL_TF
17.8741 0.0339732 -1.7066305 0.6592206 -0.45145110 0.74380529 -0.43209846 -0.23714239 0.003657 1789349519.299420834 56.403 127.181 0.038 0.00000 -1 ACTUAL_TF
17.9304 0.0339667 -1.7064633 0.6592257 -0.45144747 0.74380300 -0.43210385 -0.23714665 0.003456 1789349519.355494976 56.570 127.014 0.037 0.00000 -1 ACTUAL_TF
17.9830 0.0339641 -1.7062513 0.6592246 -0.45145098 0.74380461 -0.43209923 -0.23714337 0.003558 1789349519.411315441 56.782 126.802 0.037 0.00000 -1 ACTUAL_TF
18.0445 0.0339742 -1.7061002 0.6592425 -0.45145309 0.74379466 -0.43211139 -0.23714838 0.003306 1789349519.467405081 56.933 126.651 0.016 0.00000 -1 ACTUAL_TF
18.0973 0.0339681 -1.7058891 0.6592404 -0.45145715 0.74379374 -0.43210804 -0.23714963 0.003446 1789349519.523436308 57.145 126.440 0.019 0.00000 -1 ACTUAL_TF
18.1561 0.0339693 -1.7056911 0.6592570 -0.45145756 0.74378412 -0.43212041 -0.23715650 0.003478 1789349519.579360485 57.343 126.242 0.009 0.00000 -1 ACTUAL_TF
18.2114 0.0339637 -1.7054916 0.6592582 -0.45145879 0.74378614 -0.43211737 -0.23715336 0.003503 1789349519.635399103 57.542 126.042 0.009 0.00000 -1 ACTUAL_TF
18.2645 0.0339671 -1.7052951 0.6592697 -0.45145565 0.74378095 -0.43212760 -0.23715697 0.003506 1789349519.691417217 57.739 125.846 0.011 0.00000 -1 ACTUAL_TF
18.3271 0.0339666 -1.7051272 0.6592730 -0.45145855 0.74377687 -0.43213038 -0.23715920 0.003354 1789349519.747447491 57.907 125.678 0.013 0.00000 -1 ACTUAL_TF
18.3811 0.0339705 -1.7049247 0.6592776 -0.45145306 0.74377630 -0.43213758 -0.23715831 0.003434 1789349519.803373575 58.109 125.475 0.019 0.00000 -1 ACTUAL_TF
18.4395 0.0339807 -1.7047593 0.6592868 -0.45145613 0.74377000 -0.43214469 -0.23715928 0.003293 1789349519.859418869 58.274 125.310 0.035 0.00000 -1 ACTUAL_TF
18.4874 0.0339720 -1.7045512 0.6592851 -0.45145498 0.74376887 -0.43214676 -0.23716121 0.003422 1789349519.915334702 58.482 125.102 0.031 0.00000 -1 ACTUAL_TF
18.5432 0.0339619 -1.7043314 0.6592911 -0.45145297 0.74376926 -0.43214745 -0.23716258 0.003576 1789349519.971282005 58.702 124.882 0.029 0.00000 -1 ACTUAL_TF
18.6030 0.0339588 -1.7041516 0.6592955 -0.45145165 0.74376867 -0.43215005 -0.23716218 0.003466 1789349520.027315617 58.882 124.702 0.032 0.00000 -1 ACTUAL_TF
18.6530 0.0339493 -1.7039393 0.6593002 -0.45144872 0.74377194 -0.43214815 -0.23716099 0.003558 1789349520.083658218 59.095 124.490 0.031 0.00000 -1 ACTUAL_TF
18.7109 0.0339465 -1.7037770 0.6593097 -0.45144196 0.74377163 -0.43215489 -0.23716253 0.003366 1789349520.139417648 59.257 124.327 0.038 0.00000 -1 ACTUAL_TF
18.7694 0.0339414 -1.7035618 0.6593087 -0.45144888 0.74377110 -0.43214925 -0.23716131 0.003509 1789349520.195438385 59.472 124.112 0.036 0.00000 -1 ACTUAL_TF
18.8323 0.0339499 -1.7033852 0.6593009 -0.45145094 0.74377859 -0.43214019 -0.23715041 0.003404 1789349520.251443386 59.649 123.936 0.040 0.00000 -1 ACTUAL_TF
18.8841 0.0339368 -1.7031708 0.6592989 -0.45145122 0.74378319 -0.43213351 -0.23714761 0.003531 1789349520.307550430 59.863 123.721 0.031 0.00000 -1 ACTUAL_TF
18.9404 0.0339259 -1.7029569 0.6592884 -0.45145938 0.74378853 -0.43211853 -0.23714263 0.003622 1789349520.363499641 60.077 123.507 0.023 0.00000 -1 ACTUAL_TF
18.9923 0.0339194 -1.7027488 0.6592946 -0.45145598 0.74379107 -0.43211902 -0.23714026 0.003649 1789349520.419615984 60.285 123.299 0.023 0.00000 -1 ACTUAL_TF
19.0491 0.0339162 -1.7025377 0.6592976 -0.45145562 0.74379166 -0.43211939 -0.23713839 0.003688 1789349520.475472450 60.497 123.088 0.026 0.00000 -1 ACTUAL_TF
19.1112 0.0339062 -1.7023696 0.6593012 -0.45145725 0.74379172 -0.43211643 -0.23714051 0.003482 1789349520.531607866 60.665 122.919 0.021 0.00000 -1 ACTUAL_TF
19.1630 0.0338934 -1.7021524 0.6593023 -0.45145483 0.74379459 -0.43211404 -0.23714048 0.003603 1789349520.587601900 60.882 122.702 0.014 0.00000 -1 ACTUAL_TF
19.2177 0.0338903 -1.7019868 0.6593032 -0.45145214 0.74379383 -0.43211782 -0.23714108 0.003411 1789349520.643530607 61.048 122.536 0.015 0.00000 -1 ACTUAL_TF
19.2763 0.0338861 -1.7017577 0.6593002 -0.45146155 0.74379607 -0.43210696 -0.23713593 0.003618 1789349520.699376822 61.277 122.307 0.017 0.00000 -1 ACTUAL_TF
19.3288 0.0338758 -1.7015818 0.6593032 -0.45145948 0.74379487 -0.43210915 -0.23713964 0.003477 1789349520.755391598 61.453 122.131 0.011 0.00000 -1 ACTUAL_TF
19.3833 0.0338849 -1.7013850 0.6593081 -0.45146109 0.74379448 -0.43211069 -0.23713502 0.003488 1789349520.811471462 61.650 121.935 0.026 0.00000 -1 ACTUAL_TF
19.4412 0.0338814 -1.7011740 0.6593114 -0.45145920 0.74379601 -0.43211143 -0.23713247 0.003576 1789349520.867287636 61.861 121.724 0.028 0.00000 -1 ACTUAL_TF
19.4975 0.0338695 -1.7009759 0.6593004 -0.45147175 0.74379782 -0.43209592 -0.23713113 0.003567 1789349520.923300743 62.059 121.525 0.025 0.00000 -1 ACTUAL_TF
19.5537 0.0338633 -1.7007734 0.6593055 -0.45146911 0.74379885 -0.43209683 -0.23713126 0.003582 1789349520.979372263 62.262 121.323 0.023 0.00000 -1 ACTUAL_TF
19.6190 0.0338602 -1.7005968 0.6593108 -0.45146895 0.74379760 -0.43209915 -0.23713130 0.003453 1789349521.035412788 62.438 121.146 0.024 0.00000 -1 ACTUAL_TF
19.6695 0.0338566 -1.7003966 0.6593197 -0.45146213 0.74379446 -0.43210950 -0.23713524 0.003490 1789349521.091453791 62.639 120.946 0.025 0.00000 -1 ACTUAL_TF
19.7303 0.0338457 -1.7002140 0.6593212 -0.45146653 0.74379363 -0.43210562 -0.23713654 0.003424 1789349521.147422791 62.821 120.763 0.019 0.00000 -1 ACTUAL_TF
19.7813 0.0338435 -1.7000256 0.6593300 -0.45146224 0.74379027 -0.43211435 -0.23713936 0.003404 1789349521.203567982 63.010 120.574 0.022 0.00000 -1 ACTUAL_TF
19.8304 0.0338352 -1.6998528 0.6593337 -0.45145856 0.74379004 -0.43211728 -0.23714172 0.003312 1789349521.259421110 63.183 120.401 0.019 0.00000 -1 ACTUAL_TF
19.8883 0.0338294 -1.6996345 0.6593290 -0.45146349 0.74379172 -0.43211095 -0.23713861 0.003491 1789349521.315342903 63.401 120.183 0.019 0.00000 -1 ACTUAL_TF
19.9493 0.0338187 -1.6994280 0.6593395 -0.45145893 0.74378485 -0.43212253 -0.23714773 0.003551 1789349521.371418238 63.608 119.976 0.015 0.00000 -1 ACTUAL_TF
19.9951 0.0338177 -1.6992558 0.6593466 -0.45145667 0.74378384 -0.43212691 -0.23714725 0.003410 1789349521.427346230 63.780 119.804 0.021 0.00000 -1 ACTUAL_TF
20.0644 0.0338127 -1.6990755 0.6593693 -0.45144661 0.74377407 -0.43214787 -0.23715882 0.003360 1789349521.483408689 63.961 119.623 0.037 0.00000 -1 ACTUAL_TF
20.1124 0.0338071 -1.6989070 0.6593747 -0.45144383 0.74377225 -0.43215282 -0.23716080 0.003253 1789349521.539594889 64.130 119.455 0.039 0.00000 -1 ACTUAL_TF
20.1748 0.0338078 -1.6987032 0.6593859 -0.45143763 0.74376979 -0.43216268 -0.23716233 0.003372 1789349521.595501184 64.333 119.251 0.050 0.00000 -1 ACTUAL_TF
20.2280 0.0337820 -1.6985057 0.6593730 -0.45144541 0.74377669 -0.43214339 -0.23716107 0.003429 1789349521.651542187 64.531 119.053 0.029 0.00000 -1 ACTUAL_TF
20.2797 0.0337822 -1.6983005 0.6593797 -0.45143840 0.74377913 -0.43214869 -0.23715709 0.003501 1789349521.707476854 64.737 118.848 0.034 0.00000 -1 ACTUAL_TF
20.3341 0.0337697 -1.6980774 0.6593682 -0.45143924 0.74378655 -0.43213784 -0.23715198 0.003650 1789349521.763474703 64.960 118.625 0.019 0.00000 -1 ACTUAL_TF
20.3973 0.0337709 -1.6978843 0.6593661 -0.45144541 0.74378791 -0.43213137 -0.23714776 0.003591 1789349521.819389343 65.153 118.432 0.016 0.00000 -1 ACTUAL_TF
20.4524 0.0337575 -1.6976673 0.6593586 -0.45144740 0.74379467 -0.43212055 -0.23714250 0.003677 1789349521.875493765 65.370 118.214 0.004 0.00000 -1 ACTUAL_TF
20.5117 0.0337613 -1.6974855 0.6593545 -0.45145176 0.74379725 -0.43211515 -0.23713594 0.003549 1789349521.931448936 65.551 118.033 0.010 0.00000 -1 ACTUAL_TF
20.5582 0.0337578 -1.6972762 0.6593534 -0.45145077 0.74380044 -0.43211252 -0.23713264 0.003607 1789349521.987406492 65.761 117.824 0.013 0.00000 -1 ACTUAL_TF
20.6162 0.0337426 -1.6970918 0.6593529 -0.45145355 0.74380281 -0.43210575 -0.23713223 0.003516 1789349522.043392181 65.945 117.639 0.009 0.00000 -1 ACTUAL_TF
20.6768 0.0337380 -1.6968835 0.6593595 -0.45144946 0.74380346 -0.43210905 -0.23713195 0.003577 1789349522.099427938 66.154 117.430 0.006 0.00000 -1 ACTUAL_TF
20.7260 0.0337351 -1.6966963 0.6593593 -0.45145483 0.74380423 -0.43210329 -0.23712984 0.003507 1789349522.155418396 66.341 117.243 0.009 0.00000 -1 ACTUAL_TF
20.7808 0.0337283 -1.6964853 0.6593634 -0.45145317 0.74380562 -0.43210246 -0.23713013 0.003587 1789349522.211359978 66.552 117.032 0.007 0.00000 -1 ACTUAL_TF
20.8401 0.0337258 -1.6962860 0.6593731 -0.45145329 0.74380160 -0.43210803 -0.23713236 0.003579 1789349522.267392635 66.752 116.833 0.007 0.00000 -1 ACTUAL_TF
20.9030 0.0337260 -1.6961171 0.6593746 -0.45145353 0.74380245 -0.43210731 -0.23713055 0.003411 1789349522.323356390 66.920 116.664 0.012 0.00000 -1 ACTUAL_TF
20.9542 0.0337113 -1.6959055 0.6593765 -0.45145166 0.74380614 -0.43210314 -0.23713014 0.003524 1789349522.379389524 67.132 116.452 0.003 0.00000 -1 ACTUAL_TF
21.0121 0.0337021 -1.6957175 0.6593732 -0.45145732 0.74380662 -0.43209638 -0.23713018 0.003474 1789349522.435448647 67.320 116.264 0.006 0.00000 -1 ACTUAL_TF
21.0616 0.0336954 -1.6955148 0.6593804 -0.45145579 0.74380243 -0.43210251 -0.23713507 0.003520 1789349522.491417408 67.523 116.061 0.002 0.00000 -1 ACTUAL_TF
21.1236 0.0336872 -1.6953291 0.6593793 -0.45145915 0.74380221 -0.43209893 -0.23713588 0.003460 1789349522.547402859 67.709 115.875 0.007 0.00000 -1 ACTUAL_TF
21.1801 0.0336789 -1.6951320 0.6593916 -0.45145990 0.74379222 -0.43210945 -0.23714662 0.003480 1789349522.603459358 67.907 115.678 0.009 0.00000 -1 ACTUAL_TF
21.2315 0.0336807 -1.6949660 0.6594001 -0.45145293 0.74379415 -0.43211480 -0.23714408 0.003328 1789349522.659365416 68.073 115.512 0.012 0.00000 -1 ACTUAL_TF
21.2895 0.0336691 -1.6947674 0.6594090 -0.45145235 0.74379160 -0.43211773 -0.23714786 0.003395 1789349522.715440273 68.271 115.313 0.020 0.00000 -1 ACTUAL_TF
21.3484 0.0336565 -1.6945466 0.6594135 -0.45145489 0.74379255 -0.43211260 -0.23714935 0.003563 1789349522.771352053 68.493 115.092 0.024 0.00000 -1 ACTUAL_TF
21.4064 0.0336525 -1.6943853 0.6594237 -0.45144481 0.74379190 -0.43212303 -0.23715159 0.003359 1789349522.827431202 68.654 114.930 0.031 0.00000 -1 ACTUAL_TF
21.4569 0.0336379 -1.6941632 0.6594262 -0.45144605 0.74378900 -0.43212398 -0.23715660 0.003543 1789349522.883476734 68.876 114.708 0.035 0.00000 -1 ACTUAL_TF
21.5192 0.0336289 -1.6940101 0.6594402 -0.45143846 0.74378364 -0.43213659 -0.23716487 0.003306 1789349522.939422607 69.030 114.554 0.048 0.00000 -1 ACTUAL_TF
21.5681 0.0336191 -1.6938041 0.6594400 -0.45143490 0.74378504 -0.43213753 -0.23716557 0.003420 1789349522.995382547 69.236 114.348 0.048 0.00000 -1 ACTUAL_TF
21.6300 0.0336108 -1.6936461 0.6594515 -0.45143104 0.74378292 -0.43214281 -0.23716992 0.003236 1789349523.051869869 69.394 114.190 0.058 0.00000 -1 ACTUAL_TF
21.6792 0.0336011 -1.6934146 0.6594468 -0.45143543 0.74378470 -0.43213611 -0.23716821 0.003519 1789349523.107341290 69.626 113.958 0.055 0.00000 -1 ACTUAL_TF
21.7367 0.0335965 -1.6932020 0.6594518 -0.45143564 0.74378146 -0.43214008 -0.23717074 0.003601 1789349523.163415432 69.839 113.746 0.055 0.00000 -1 ACTUAL_TF
21.7919 0.0335935 -1.6930399 0.6594565 -0.45143336 0.74378169 -0.43214195 -0.23717092 0.003390 1789349523.219424963 70.001 113.583 0.056 0.00000 -1 ACTUAL_TF
21.8532 0.0335972 -1.6928303 0.6594596 -0.45144075 0.74377982 -0.43213862 -0.23716880 0.003496 1789349523.275399923 70.210 113.374 0.051 0.00000 -1 ACTUAL_TF
21.9040 0.0335824 -1.6926374 0.6594497 -0.45144545 0.74378412 -0.43212739 -0.23716685 0.003486 1789349523.331377268 70.403 113.181 0.048 0.00000 -1 ACTUAL_TF
21.9594 0.0335827 -1.6924143 0.6594439 -0.45145433 0.74378558 -0.43211822 -0.23716205 0.003637 1789349523.387333155 70.626 112.958 0.037 0.00000 -1 ACTUAL_TF
22.0209 0.0335734 -1.6922271 0.6594445 -0.45145462 0.74378601 -0.43211682 -0.23716270 0.003550 1789349523.443324566 70.814 112.771 0.040 0.00000 -1 ACTUAL_TF
22.0721 0.0335715 -1.6920113 0.6594461 -0.45146026 0.74378613 -0.43211259 -0.23715933 0.003640 1789349523.499397278 71.030 112.555 0.036 0.00000 -1 ACTUAL_TF
22.1315 0.0335688 -1.6918628 0.6594588 -0.45144907 0.74378190 -0.43212778 -0.23716621 0.003344 1789349523.555529356 71.178 112.406 0.042 0.00000 -1 ACTUAL_TF
22.1892 0.0335740 -1.6916347 0.6594541 -0.45145758 0.74378576 -0.43211713 -0.23715728 0.003568 1789349523.611348629 71.406 112.178 0.029 0.00000 -1 ACTUAL_TF
22.2442 0.0335752 -1.6914199 0.6594560 -0.45146054 0.74378419 -0.43211744 -0.23715600 0.003648 1789349523.667350531 71.621 111.964 0.025 0.00000 -1 ACTUAL_TF
22.3023 0.0335709 -1.6912226 0.6594461 -0.45146798 0.74379017 -0.43210350 -0.23714851 0.003611 1789349523.723393440 71.818 111.766 0.013 0.00000 -1 ACTUAL_TF
22.3538 0.0335709 -1.6910230 0.6594558 -0.45146610 0.74378512 -0.43211222 -0.23715202 0.003600 1789349523.779289007 72.017 111.567 0.018 0.00000 -1 ACTUAL_TF
22.4069 0.0335671 -1.6908243 0.6594449 -0.45147268 0.74379271 -0.43209730 -0.23714288 0.003585 1789349523.835391521 72.216 111.368 0.005 0.00000 -1 ACTUAL_TF
22.4643 0.0335686 -1.6905981 0.6594384 -0.45148234 0.74379133 -0.43209109 -0.23714016 0.003722 1789349523.891377449 72.442 111.142 0.008 0.00000 -1 ACTUAL_TF
22.5262 0.0335721 -1.6904349 0.6594437 -0.45147743 0.74379310 -0.43209490 -0.23713699 0.003479 1789349523.947419167 72.605 110.979 0.015 0.00000 -1 ACTUAL_TF
22.5759 0.0335819 -1.6902362 0.6594538 -0.45147956 0.74378569 -0.43210426 -0.23713914 0.003504 1789349524.003363609 72.804 110.781 0.031 0.00000 -1 ACTUAL_TF
22.6327 0.0335744 -1.6900317 0.6594589 -0.45147569 0.74378278 -0.43211120 -0.23714297 0.003550 1789349524.059311867 73.008 110.576 0.029 0.00000 -1 ACTUAL_TF
22.6919 0.0335609 -1.6898434 0.6594554 -0.45147775 0.74378654 -0.43210341 -0.23714144 0.003495 1789349524.115424395 73.197 110.387 0.020 0.00000 -1 ACTUAL_TF
22.7427 0.0335516 -1.6896329 0.6594579 -0.45147241 0.74378671 -0.43210735 -0.23714390 0.003577 1789349524.171343565 73.408 110.177 0.017 0.00000 -1 ACTUAL_TF
22.8027 0.0335477 -1.6894595 0.6594613 -0.45147269 0.74378623 -0.43210774 -0.23714416 0.003432 1789349524.227400780 73.581 110.003 0.018 0.00000 -1 ACTUAL_TF
22.8594 0.0335395 -1.6892467 0.6594593 -0.45147335 0.74378716 -0.43210570 -0.23714370 0.003544 1789349524.283383131 73.794 109.790 0.015 0.00000 -1 ACTUAL_TF
22.9178 0.0335381 -1.6890881 0.6594694 -0.45146955 0.74378052 -0.43211760 -0.23715007 0.003332 1789349524.339406013 73.953 109.632 0.019 0.00000 -1 ACTUAL_TF
22.9685 0.0335303 -1.6888792 0.6594734 -0.45145783 0.74378346 -0.43212473 -0.23715019 0.003454 1789349524.395343542 74.162 109.423 0.018 0.00000 -1 ACTUAL_TF
23.0280 0.0335223 -1.6886999 0.6594765 -0.45146429 0.74377902 -0.43212387 -0.23715337 0.003379 1789349524.451376200 74.341 109.243 0.016 0.00000 -1 ACTUAL_TF
23.0810 0.0335124 -1.6885037 0.6594836 -0.45145826 0.74377652 -0.43213132 -0.23715913 0.003419 1789349524.507343292 74.538 109.047 0.016 0.00000 -1 ACTUAL_TF
23.1401 0.0335062 -1.6882965 0.6594868 -0.45145117 0.74377774 -0.43213677 -0.23715888 0.003503 1789349524.563398361 74.745 108.839 0.017 0.00000 -1 ACTUAL_TF
23.2022 0.0335019 -1.6881099 0.6594871 -0.45145473 0.74377731 -0.43213415 -0.23715820 0.003444 1789349524.619815826 74.932 108.653 0.016 0.00000 -1 ACTUAL_TF
23.2498 0.0334875 -1.6878885 0.6594824 -0.45145531 0.74378040 -0.43212759 -0.23715936 0.003610 1789349524.675357580 75.153 108.431 0.005 0.00000 -1 ACTUAL_TF
23.3088 0.0334926 -1.6877151 0.6594808 -0.45145244 0.74378412 -0.43212759 -0.23715317 0.003456 1789349524.731344223 75.326 108.258 0.010 0.00000 -1 ACTUAL_TF
23.3652 0.0334877 -1.6875019 0.6594781 -0.45145341 0.74378929 -0.43212082 -0.23714744 0.003563 1789349524.787313938 75.540 108.045 0.012 0.00000 -1 ACTUAL_TF
23.4152 0.0334749 -1.6873161 0.6594731 -0.45144934 0.74379569 -0.43211540 -0.23714498 0.003491 1789349524.843344688 75.726 107.859 0.012 0.00000 -1 ACTUAL_TF
23.4739 0.0334748 -1.6871041 0.6594783 -0.45144858 0.74379422 -0.43211858 -0.23714526 0.003581 1789349524.899328232 75.938 107.647 0.013 0.00000 -1 ACTUAL_TF
23.5338 0.0334734 -1.6868776 0.6594715 -0.45145185 0.74379777 -0.43211234 -0.23713929 0.003719 1789349524.955397129 76.164 107.420 0.023 0.00000 -1 ACTUAL_TF
23.5892 0.0334773 -1.6867255 0.6594861 -0.45144753 0.74378814 -0.43212919 -0.23714698 0.003422 1789349525.011398554 76.316 107.268 0.023 0.00000 -1 ACTUAL_TF
23.6384 0.0334659 -1.6864773 0.6594665 -0.45144806 0.74380420 -0.43210822 -0.23713384 0.003731 1789349525.067390919 76.564 107.020 0.033 0.00000 -1 ACTUAL_TF
23.7030 0.0334587 -1.6863228 0.6594797 -0.45144319 0.74379595 -0.43212212 -0.23714361 0.003442 1789349525.123416424 76.719 106.865 0.023 0.00000 -1 ACTUAL_TF
23.7537 0.0334492 -1.6860801 0.6594684 -0.45144742 0.74380203 -0.43211033 -0.23713797 0.003716 1789349525.179265976 76.962 106.623 0.034 0.00000 -1 ACTUAL_TF
23.8043 0.0334482 -1.6859321 0.6594843 -0.45143814 0.74379775 -0.43212475 -0.23714280 0.003397 1789349525.235393524 77.110 106.474 0.023 0.00000 -1 ACTUAL_TF
23.8625 0.0334428 -1.6857070 0.6594756 -0.45143947 0.74380476 -0.43211501 -0.23713605 0.003586 1789349525.291355133 77.335 106.249 0.033 0.00000 -1 ACTUAL_TF
23.9208 0.0334439 -1.6855338 0.6594776 -0.45143516 0.74380926 -0.43211547 -0.23712929 0.003437 1789349525.347393513 77.508 106.076 0.036 0.00000 -1 ACTUAL_TF
23.9789 0.0334251 -1.6852929 0.6594652 -0.45144511 0.74381633 -0.43209527 -0.23712498 0.003703 1789349525.403364897 77.749 105.835 0.045 0.00000 -1 ACTUAL_TF
24.0385 0.0334181 -1.6850859 0.6594668 -0.45144195 0.74381742 -0.43209641 -0.23712552 0.003702 1789349525.459369183 77.956 105.628 0.046 0.00000 -1 ACTUAL_TF
24.0860 0.0334123 -1.6849163 0.6594768 -0.45143860 0.74381358 -0.43210414 -0.23712983 0.003501 1789349525.515389442 78.126 105.458 0.038 0.00000 -1 ACTUAL_TF
24.1455 0.0334052 -1.6847066 0.6594802 -0.45143882 0.74381373 -0.43210375 -0.23712965 0.003568 1789349525.571736813 78.336 105.248 0.037 0.00000 -1 ACTUAL_TF
24.2054 0.0333989 -1.6845441 0.6594866 -0.45142988 0.74381449 -0.43211061 -0.23713181 0.003376 1789349525.627350807 78.499 105.086 0.033 0.00000 -1 ACTUAL_TF
24.2551 0.0333877 -1.6843328 0.6594868 -0.45143153 0.74381372 -0.43210865 -0.23713464 0.003495 1789349525.683408022 78.710 104.874 0.035 0.00000 -1 ACTUAL_TF
24.3192 0.0333797 -1.6841546 0.6594917 -0.45143356 0.74381095 -0.43210970 -0.23713758 0.003399 1789349525.739632368 78.888 104.696 0.032 0.00000 -1 ACTUAL_TF
24.3680 0.0333735 -1.6839536 0.6594963 -0.45142904 0.74381070 -0.43211383 -0.23713942 0.003461 1789349525.795407057 79.090 104.495 0.031 0.00000 -1 ACTUAL_TF
24.4297 0.0333674 -1.6837595 0.6595113 -0.45142586 0.74380306 -0.43212604 -0.23714716 0.003460 1789349525.851757526 79.284 104.300 0.018 0.00000 -1 ACTUAL_TF
24.4818 0.0333602 -1.6835714 0.6595090 -0.45143093 0.74380160 -0.43212278 -0.23714803 0.003438 1789349525.907362461 79.472 104.112 0.024 0.00000 -1 ACTUAL_TF
24.5435 0.0333524 -1.6833673 0.6595178 -0.45143065 0.74379762 -0.43212773 -0.23715207 0.003501 1789349525.963382721 79.677 103.908 0.019 0.00000 -1 ACTUAL_TF
24.5924 0.0333516 -1.6832099 0.6595290 -0.45142651 0.74379452 -0.43213543 -0.23715562 0.003295 1789349526.019435644 79.834 103.750 0.009 0.00000 -1 ACTUAL_TF
24.6585 0.0333487 -1.6830026 0.6595333 -0.45143060 0.74379228 -0.43213484 -0.23715593 0.003419 1789349526.075381994 80.041 103.543 0.006 0.00000 -1 ACTUAL_TF
24.7095 0.0333491 -1.6828162 0.6595314 -0.45143427 0.74379176 -0.43213314 -0.23715367 0.003392 1789349526.131384611 80.228 103.357 0.009 0.00000 -1 ACTUAL_TF
24.7612 0.0333428 -1.6826027 0.6595353 -0.45143611 0.74379081 -0.43213224 -0.23715480 0.003516 1789349526.187499285 80.441 103.143 0.008 0.00000 -1 ACTUAL_TF
24.8157 0.0333438 -1.6824127 0.6595277 -0.45144349 0.74379354 -0.43212320 -0.23714868 0.003481 1789349526.243456364 80.631 102.953 0.020 0.00000 -1 ACTUAL_TF
24.8846 0.0333402 -1.6821980 0.6595282 -0.45144387 0.74379684 -0.43211910 -0.23714506 0.003587 1789349526.299438953 80.846 102.739 0.023 0.00000 -1 ACTUAL_TF
24.9311 0.0333348 -1.6819778 0.6595262 -0.45144814 0.74379984 -0.43211191 -0.23714063 0.003693 1789349526.355330706 81.066 102.518 0.027 0.00000 -1 ACTUAL_TF
24.9862 0.0333256 -1.6818082 0.6595333 -0.45144355 0.74380009 -0.43211486 -0.23714319 0.003495 1789349526.411381960 81.236 102.349 0.021 0.00000 -1 ACTUAL_TF
25.0452 0.0333304 -1.6815938 0.6595342 -0.45144519 0.74379925 -0.43211651 -0.23713970 0.003594 1789349526.467456102 81.450 102.134 0.028 0.00000 -1 ACTUAL_TF
25.0952 0.0333189 -1.6814074 0.6595291 -0.45145176 0.74380360 -0.43210412 -0.23713614 0.003517 1789349526.523415804 81.637 101.948 0.031 0.00000 -1 ACTUAL_TF
25.1568 0.0333143 -1.6812006 0.6595349 -0.45144141 0.74380572 -0.43211104 -0.23713657 0.003571 1789349526.579429865 81.844 101.741 0.028 0.00000 -1 ACTUAL_TF
25.2074 0.0333075 -1.6810043 0.6595303 -0.45144804 0.74380877 -0.43210122 -0.23713227 0.003551 1789349526.635483980 82.040 101.545 0.035 0.00000 -1 ACTUAL_TF
25.2655 0.0333075 -1.6808054 0.6595358 -0.45144337 0.74380862 -0.43210652 -0.23713198 0.003553 1789349526.691426992 82.239 101.346 0.034 0.00000 -1 ACTUAL_TF
25.3268 0.0332994 -1.6806258 0.6595359 -0.45144479 0.74380839 -0.43210510 -0.23713258 0.003450 1789349526.747450113 82.418 101.166 0.035 0.00000 -1 ACTUAL_TF
25.3763 0.0332961 -1.6804237 0.6595454 -0.45144432 0.74380459 -0.43211024 -0.23713604 0.003498 1789349526.803470612 82.621 100.964 0.029 0.00000 -1 ACTUAL_TF
25.4293 0.0332827 -1.6802122 0.6595454 -0.45144397 0.74380600 -0.43210793 -0.23713648 0.003585 1789349526.859442234 82.832 100.752 0.029 0.00000 -1 ACTUAL_TF
25.4911 0.0332708 -1.6800271 0.6595473 -0.45144627 0.74380628 -0.43210406 -0.23713829 0.003504 1789349526.915415525 83.018 100.567 0.028 0.00000 -1 ACTUAL_TF
25.5506 0.0332618 -1.6798290 0.6595551 -0.45144647 0.74380094 -0.43210929 -0.23714513 0.003517 1789349526.971337795 83.216 100.368 0.023 0.00000 -1 ACTUAL_TF
25.6002 0.0332549 -1.6796566 0.6595635 -0.45144729 0.74379673 -0.43211340 -0.23714930 0.003385 1789349527.027453899 83.389 100.196 0.017 0.00000 -1 ACTUAL_TF
25.6581 0.0332587 -1.6794708 0.6595735 -0.45144337 0.74379305 -0.43212260 -0.23715151 0.003367 1789349527.083432674 83.575 100.010 0.010 0.00000 -1 ACTUAL_TF
25.7204 0.0332449 -1.6792830 0.6595730 -0.45145078 0.74379240 -0.43211455 -0.23715411 0.003367 1789349527.139349222 83.763 99.822 0.013 0.00000 -1 ACTUAL_TF
25.7675 0.0332397 -1.6790722 0.6595799 -0.45144753 0.74379235 -0.43211780 -0.23715453 0.003487 1789349527.195352077 83.974 99.611 0.009 0.00000 -1 ACTUAL_TF
25.8303 0.0332349 -1.6788489 0.6595817 -0.45144949 0.74379335 -0.43211503 -0.23715271 0.003637 1789349527.251353979 84.197 99.387 0.009 0.00000 -1 ACTUAL_TF
25.8824 0.0332379 -1.6786961 0.6595985 -0.45144482 0.74378616 -0.43212889 -0.23715888 0.003371 1789349527.307330370 84.350 99.235 0.008 0.00000 -1 ACTUAL_TF
25.9340 0.0332366 -1.6784971 0.6596088 -0.45144702 0.74378073 -0.43213426 -0.23716195 0.003427 1789349527.363340139 84.549 99.036 0.016 0.00000 -1 ACTUAL_TF
25.9952 0.0332323 -1.6783295 0.6596124 -0.45144553 0.74378024 -0.43213596 -0.23716323 0.003296 1789349527.419393301 84.717 98.868 0.018 0.00000 -1 ACTUAL_TF
26.0517 0.0332319 -1.6781164 0.6596185 -0.45144280 0.74378091 -0.43213875 -0.23716123 0.003450 1789349527.475362062 84.930 98.655 0.024 0.00000 -1 ACTUAL_TF
26.1065 0.0332190 -1.6779339 0.6596188 -0.45144733 0.74377873 -0.43213541 -0.23716557 0.003395 1789349527.531377077 85.112 98.472 0.018 0.00000 -1 ACTUAL_TF
26.1576 0.0332112 -1.6777115 0.6596208 -0.45144801 0.74378050 -0.43213301 -0.23716309 0.003569 1789349527.587344170 85.335 98.249 0.017 0.00000 -1 ACTUAL_TF
26.2208 0.0332091 -1.6775470 0.6596291 -0.45144292 0.74378117 -0.43213718 -0.23716307 0.003381 1789349527.643340588 85.499 98.085 0.024 0.00000 -1 ACTUAL_TF
26.2754 0.0332000 -1.6773204 0.6596232 -0.45144988 0.74378350 -0.43212776 -0.23715968 0.003581 1789349527.699388266 85.726 97.858 0.014 0.00000 -1 ACTUAL_TF
26.3279 0.0332067 -1.6771058 0.6596216 -0.45145718 0.74378591 -0.43211988 -0.23715259 0.003657 1789349527.755373716 85.940 97.644 0.019 0.00000 -1 ACTUAL_TF
26.3870 0.0332132 -1.6769377 0.6596245 -0.45146168 0.74378288 -0.43212122 -0.23715106 0.003462 1789349527.811321259 86.108 97.476 0.030 0.00000 -1 ACTUAL_TF
26.4455 0.0332025 -1.6767163 0.6596225 -0.45145438 0.74379059 -0.43211839 -0.23714592 0.003611 1789349527.867345095 86.330 97.254 0.024 0.00000 -1 ACTUAL_TF
26.4936 0.0331977 -1.6764977 0.6596096 -0.45146808 0.74379343 -0.43210224 -0.23714038 0.003681 1789349527.924293518 86.548 97.036 0.027 0.00000 -1 ACTUAL_TF
26.5526 0.0331915 -1.6762912 0.6596142 -0.45147175 0.74378920 -0.43210349 -0.23714437 0.003701 1789349527.979426622 86.755 96.829 0.025 0.00000 -1 ACTUAL_TF
26.6184 0.0331847 -1.6761275 0.6596208 -0.45146644 0.74378874 -0.43210896 -0.23714596 0.003469 1789349528.035453796 86.919 96.665 0.022 0.00000 -1 ACTUAL_TF
26.6650 0.0331888 -1.6759162 0.6596231 -0.45146966 0.74378697 -0.43210962 -0.23714419 0.003561 1789349528.091440439 87.130 96.454 0.032 0.00000 -1 ACTUAL_TF
26.7192 0.0331696 -1.6756972 0.6596224 -0.45147042 0.74378870 -0.43210459 -0.23714648 0.003672 1789349528.147379398 87.349 96.235 0.020 0.00000 -1 ACTUAL_TF
26.7732 0.0331664 -1.6755211 0.6596249 -0.45147424 0.74378591 -0.43210487 -0.23714745 0.003513 1789349528.203406572 87.526 96.059 0.022 0.00000 -1 ACTUAL_TF
26.8296 0.0331594 -1.6753074 0.6596325 -0.45146988 0.74378641 -0.43210845 -0.23714767 0.003606 1789349528.259389400 87.739 95.845 0.019 0.00000 -1 ACTUAL_TF
26.8887 0.0331532 -1.6751155 0.6596218 -0.45147380 0.74379221 -0.43209742 -0.23714209 0.003554 1789349528.315407753 87.931 95.653 0.024 0.00000 -1 ACTUAL_TF
26.9526 0.0331549 -1.6749095 0.6596257 -0.45147782 0.74378888 -0.43209922 -0.23714160 0.003591 1789349528.371407747 88.137 95.447 0.029 0.00000 -1 ACTUAL_TF
27.0067 0.0331501 -1.6747458 0.6596360 -0.45146976 0.74378679 -0.43210922 -0.23714531 0.003393 1789349528.427375317 88.301 95.283 0.026 0.00000 -1 ACTUAL_TF
27.0612 0.0331350 -1.6745339 0.6596383 -0.45147084 0.74378286 -0.43211127 -0.23715184 0.003514 1789349528.483378172 88.513 95.071 0.017 0.00000 -1 ACTUAL_TF
27.1135 0.0331402 -1.6743795 0.6596505 -0.45146602 0.74377786 -0.43212370 -0.23715403 0.003289 1789349528.539420605 88.668 94.917 0.026 0.00000 -1 ACTUAL_TF
27.1720 0.0331281 -1.6741739 0.6596545 -0.45145739 0.74378215 -0.43212579 -0.23715320 0.003405 1789349528.595449448 88.874 94.711 0.020 0.00000 -1 ACTUAL_TF
27.2259 0.0331212 -1.6739570 0.6596612 -0.45145664 0.74377816 -0.43213129 -0.23715713 0.003548 1789349528.651376486 89.091 94.494 0.021 0.00000 -1 ACTUAL_TF
27.2891 0.0331151 -1.6737723 0.6596656 -0.45145589 0.74377911 -0.43213079 -0.23715647 0.003474 1789349528.707394123 89.276 94.309 0.021 0.00000 -1 ACTUAL_TF
27.3388 0.0331094 -1.6735688 0.6596733 -0.45144986 0.74377856 -0.43213667 -0.23715896 0.003524 1789349528.763375044 89.479 94.105 0.024 0.00000 -1 ACTUAL_TF
27.3944 0.0331127 -1.6734066 0.6596796 -0.45144103 0.74377811 -0.43214685 -0.23715866 0.003336 1789349528.819381475 89.641 93.943 0.033 0.00000 -1 ACTUAL_TF
27.4443 0.0331070 -1.6731963 0.6596815 -0.45144190 0.74377877 -0.43214523 -0.23715788 0.003462 1789349528.875380278 89.852 93.733 0.032 0.00000 -1 ACTUAL_TF
27.5033 0.0331029 -1.6730255 0.6596857 -0.45144218 0.74377709 -0.43214793 -0.23715767 0.003338 1789349528.931428909 90.023 93.562 0.034 0.00000 -1 ACTUAL_TF
27.5598 0.0331007 -1.6727992 0.6596878 -0.45143524 0.74378115 -0.43215037 -0.23715370 0.003550 1789349528.987422705 90.249 93.335 0.037 0.00000 -1 ACTUAL_TF
27.6189 0.0330983 -1.6725930 0.6596911 -0.45143283 0.74378282 -0.43215126 -0.23715144 0.003589 1789349529.043439388 90.455 93.129 0.040 0.00000 -1 ACTUAL_TF
27.6807 0.0330875 -1.6724055 0.6596856 -0.45143329 0.74378967 -0.43214105 -0.23714768 0.003519 1789349529.099437237 90.643 92.942 0.031 0.00000 -1 ACTUAL_TF
27.7308 0.0330840 -1.6721979 0.6596843 -0.45143133 0.74379547 -0.43213690 -0.23714081 0.003576 1789349529.155415058 90.850 92.734 0.031 0.00000 -1 ACTUAL_TF
27.7840 0.0330719 -1.6719978 0.6596701 -0.45143845 0.74380586 -0.43211646 -0.23713189 0.003579 1789349529.211451769 91.050 92.534 0.024 0.00000 -1 ACTUAL_TF
27.8421 0.0330610 -1.6717881 0.6596744 -0.45143594 0.74380633 -0.43211754 -0.23713322 0.003630 1789349529.267457485 91.260 92.324 0.018 0.00000 -1 ACTUAL_TF
27.9000 0.0330610 -1.6716025 0.6596725 -0.45143630 0.74380997 -0.43211374 -0.23712806 0.003536 1789349529.323411465 91.446 92.138 0.024 0.00000 -1 ACTUAL_TF
27.9513 0.0330507 -1.6713968 0.6596805 -0.45142666 0.74381154 -0.43211996 -0.23713014 0.003579 1789349529.379460335 91.652 91.932 0.019 0.00000 -1 ACTUAL_TF
28.0174 0.0330411 -1.6712050 0.6596771 -0.45143506 0.74381121 -0.43211210 -0.23712951 0.003535 1789349529.435398340 91.844 91.741 0.017 0.00000 -1 ACTUAL_TF
28.0719 0.0330409 -1.6710122 0.6596849 -0.45143331 0.74380936 -0.43211615 -0.23713126 0.003507 1789349529.491487980 92.037 91.548 0.019 0.00000 -1 ACTUAL_TF
28.1223 0.0330336 -1.6708001 0.6596839 -0.45143443 0.74380980 -0.43211434 -0.23713105 0.003595 1789349529.547334909 92.249 91.335 0.019 0.00000 -1 ACTUAL_TF
28.1836 0.0330237 -1.6706179 0.6596834 -0.45143599 0.74381161 -0.43210979 -0.23713072 0.003487 1789349529.603724241 92.431 91.153 0.016 0.00000 -1 ACTUAL_TF
28.2322 0.0330091 -1.6704090 0.6596936 -0.45142984 0.74380872 -0.43211791 -0.23713668 0.003572 1789349529.659296989 92.640 90.944 0.005 0.00000 -1 ACTUAL_TF
28.2941 0.0330012 -1.6702188 0.6596894 -0.45143428 0.74381198 -0.43210931 -0.23713368 0.003519 1789349529.715389729 92.831 90.754 0.009 0.00000 -1 ACTUAL_TF
28.3445 0.0329965 -1.6700017 0.6596891 -0.45144234 0.74381039 -0.43210379 -0.23713339 0.003627 1789349529.771404743 93.048 90.536 0.012 0.00000 -1 ACTUAL_TF
28.4016 0.0329964 -1.6698390 0.6596978 -0.45143928 0.74381086 -0.43210728 -0.23713136 0.003413 1789349529.827319384 93.211 90.374 0.009 0.00000 -1 ACTUAL_TF
28.4534 0.0329927 -1.6696302 0.6596984 -0.45144410 0.74380805 -0.43210576 -0.23713376 0.003506 1789349529.883427143 93.420 90.165 0.012 0.00000 -1 ACTUAL_TF
28.5166 0.0329781 -1.6694407 0.6596964 -0.45144791 0.74380945 -0.43209891 -0.23713459 0.003471 1789349529.939464569 93.609 89.975 0.012 0.00000 -1 ACTUAL_TF
28.5736 0.0329755 -1.6692357 0.6597072 -0.45144575 0.74380425 -0.43210796 -0.23713854 0.003531 1789349529.995373964 93.814 89.770 0.004 0.00000 -1 ACTUAL_TF
28.6277 0.0329777 -1.6690091 0.6597056 -0.45145330 0.74380395 -0.43210283 -0.23713444 0.003685 1789349530.051452398 94.041 89.543 0.014 0.00000 -1 ACTUAL_TF
28.6883 0.0329769 -1.6688480 0.6597119 -0.45144507 0.74380084 -0.43211439 -0.23713883 0.003443 1789349530.107420921 94.202 89.382 0.015 0.00000 -1 ACTUAL_TF
28.7353 0.0329731 -1.6686321 0.6597131 -0.45144972 0.74380024 -0.43211113 -0.23713777 0.003567 1789349530.163403511 94.418 89.167 0.018 0.00000 -1 ACTUAL_TF
28.7929 0.0329762 -1.6684638 0.6597196 -0.45145511 0.74379440 -0.43211467 -0.23713940 0.003400 1789349530.219400167 94.586 88.998 0.025 0.00000 -1 ACTUAL_TF
28.8543 0.0329763 -1.6682646 0.6597291 -0.45144654 0.74379201 -0.43212638 -0.23714186 0.003447 1789349530.275444269 94.785 88.799 0.031 0.00000 -1 ACTUAL_TF
28.9039 0.0329705 -1.6680940 0.6597401 -0.45144337 0.74378678 -0.43213553 -0.23714761 0.003331 1789349530.331373930 94.956 88.628 0.033 0.00000 -1 ACTUAL_TF
28.9556 0.0329646 -1.6678959 0.6597538 -0.45144002 0.74378014 -0.43214679 -0.23715431 0.003394 1789349530.387471199 95.154 88.430 0.039 0.00000 -1 ACTUAL_TF
29.0187 0.0329573 -1.6676555 0.6597528 -0.45144960 0.74377720 -0.43214162 -0.23715470 0.003665 1789349530.443444729 95.395 88.189 0.036 0.00000 -1 ACTUAL_TF
29.0786 0.0329509 -1.6674988 0.6597636 -0.45144336 0.74377188 -0.43215289 -0.23716273 0.003410 1789349530.499309540 95.552 88.032 0.041 0.00000 -1 ACTUAL_TF
29.1311 0.0329493 -1.6672823 0.6597595 -0.45145309 0.74377376 -0.43214210 -0.23715799 0.003544 1789349530.555442095 95.768 87.816 0.039 0.00000 -1 ACTUAL_TF
29.1817 0.0329488 -1.6671149 0.6597620 -0.45145612 0.74377039 -0.43214425 -0.23715886 0.003377 1789349530.611469984 95.936 87.649 0.042 0.00000 -1 ACTUAL_TF
29.2576 0.0329311 -1.6668927 0.6597551 -0.45145748 0.74377946 -0.43212978 -0.23715420 0.003559 1789349530.667437077 96.158 87.426 0.027 0.00000 -1 ACTUAL_TF
29.2974 0.0329215 -1.6667010 0.6597527 -0.45146037 0.74378245 -0.43212289 -0.23715189 0.003522 1789349530.723332167 96.350 87.234 0.021 0.00000 -1 ACTUAL_TF
29.3602 0.0329129 -1.6664820 0.6597464 -0.45146298 0.74378746 -0.43211358 -0.23714814 0.003625 1789349530.780060291 96.569 87.015 0.016 0.00000 -1 ACTUAL_TF
29.4097 0.0329023 -1.6662999 0.6597468 -0.45146309 0.74379011 -0.43210944 -0.23714719 0.003523 1789349530.835548878 96.751 86.833 0.010 0.00000 -1 ACTUAL_TF
29.4799 0.0328889 -1.6660910 0.6597500 -0.45146406 0.74379065 -0.43210610 -0.23714970 0.003588 1789349530.891561508 96.961 86.624 0.003 0.00000 -1 ACTUAL_TF
29.5258 0.0328775 -1.6658758 0.6597463 -0.45146434 0.74379489 -0.43210004 -0.23714694 0.003669 1789349530.947451591 97.176 86.408 0.007 0.00000 -1 ACTUAL_TF
29.5754 0.0328715 -1.6657025 0.6597496 -0.45146030 0.74379797 -0.43210009 -0.23714487 0.003498 1789349531.003368378 97.349 86.235 0.007 0.00000 -1 ACTUAL_TF
29.6403 0.0328634 -1.6654692 0.6597452 -0.45146859 0.74379697 -0.43209355 -0.23714415 0.003700 1789349531.059367418 97.583 86.002 0.014 0.00000 -1 ACTUAL_TF
29.6932 0.0328541 -1.6653027 0.6597511 -0.45146318 0.74379875 -0.43209575 -0.23714484 0.003483 1789349531.115414858 97.749 85.835 0.014 0.00000 -1 ACTUAL_TF
29.7446 0.0328512 -1.6650773 0.6597504 -0.45146513 0.74380183 -0.43209067 -0.23714073 0.003644 1789349531.171525717 97.975 85.609 0.014 0.00000 -1 ACTUAL_TF
29.8163 0.0328422 -1.6649068 0.6597562 -0.45146277 0.74380171 -0.43209180 -0.23714354 0.003467 1789349531.227436066 98.146 85.439 0.014 0.00000 -1 ACTUAL_TF
29.8597 0.0328346 -1.6646895 0.6597560 -0.45146445 0.74380504 -0.43208625 -0.23714001 0.003588 1789349531.283626080 98.363 85.221 0.017 0.00000 -1 ACTUAL_TF
29.9196 0.0328257 -1.6644747 0.6597539 -0.45146564 0.74380758 -0.43208127 -0.23713885 0.003666 1789349531.339467764 98.578 85.006 0.023 0.00000 -1 ACTUAL_TF
29.9654 0.0328219 -1.6642972 0.6597628 -0.45146519 0.74380285 -0.43208778 -0.23714270 0.003520 1789349531.395397902 98.756 84.829 0.018 0.00000 -1 ACTUAL_TF
30.0253 0.0328130 -1.6640863 0.6597668 -0.45146404 0.74380123 -0.43209063 -0.23714476 0.003594 1789349531.451462746 98.967 84.618 0.020 0.00000 -1 ACTUAL_TF
30.0849 0.0328062 -1.6639016 0.6597719 -0.45146392 0.74379954 -0.43209224 -0.23714736 0.003506 1789349531.507496357 99.152 84.433 0.020 0.00000 -1 ACTUAL_TF
30.1349 0.0328185 -1.6637124 0.6597796 -0.45146169 0.74379684 -0.43210064 -0.23714477 0.003473 1789349531.563378572 99.340 84.244 0.002 0.00000 -1 ACTUAL_TF
30.1948 0.0328132 -1.6635377 0.6597811 -0.45146166 0.74379630 -0.43210069 -0.23714641 0.003366 1789349531.619429827 99.515 84.069 0.003 0.00000 -1 ACTUAL_TF
30.2560 0.0328101 -1.6633234 0.6597882 -0.45146899 0.74378959 -0.43210255 -0.23715013 0.003503 1789349531.675529242 99.730 83.855 0.003 0.00000 -1 ACTUAL_TF
30.3093 0.0328108 -1.6631417 0.6597930 -0.45146646 0.74378710 -0.43210929 -0.23715048 0.003426 1789349531.731539726 99.911 83.673 0.009 0.00000 -1 ACTUAL_TF
30.3626 0.0328093 -1.6629274 0.6597960 -0.45146721 0.74378543 -0.43211119 -0.23715080 0.003548 1789349531.787471294 100.126 83.459 0.012 0.00000 -1 ACTUAL_TF
30.4221 0.0328081 -1.6627345 0.6598111 -0.45146632 0.74377740 -0.43212198 -0.23715802 0.003520 1789349531.843468189 100.319 83.266 0.024 0.00000 -1 ACTUAL_TF
30.4732 0.0328121 -1.6625759 0.6598229 -0.45146174 0.74377097 -0.43213558 -0.23716217 0.003317 1789349531.899438858 100.477 83.107 0.037 0.00000 -1 ACTUAL_TF
30.5291 0.0328048 -1.6623644 0.6598300 -0.45146323 0.74377120 -0.43213401 -0.23716146 0.003454 1789349531.955546618 100.689 82.895 0.040 0.00000 -1 ACTUAL_TF
30.5909 0.0327908 -1.6621807 0.6598278 -0.45146357 0.74377360 -0.43212887 -0.23716261 0.003404 1789349532.011592388 100.873 82.712 0.031 0.00000 -1 ACTUAL_TF
30.6443 0.0327842 -1.6619701 0.6598300 -0.45146044 0.74377543 -0.43212993 -0.23716092 0.003515 1789349532.067420006 101.083 82.501 0.031 0.00000 -1 ACTUAL_TF
30.7051 0.0327761 -1.6617843 0.6598244 -0.45146350 0.74377955 -0.43212114 -0.23715822 0.003456 1789349532.123492002 101.269 82.315 0.022 0.00000 -1 ACTUAL_TF
30.7585 0.0327722 -1.6615698 0.6598242 -0.45146710 0.74377949 -0.43211845 -0.23715644 0.003568 1789349532.179497004 101.484 82.101 0.021 0.00000 -1 ACTUAL_TF
30.8166 0.0327554 -1.6613496 0.6598204 -0.45146290 0.74378401 -0.43211520 -0.23715618 0.003682 1789349532.235454321 101.704 81.880 0.011 0.00000 -1 ACTUAL_TF
30.8669 0.0327627 -1.6611718 0.6598190 -0.45146263 0.74378695 -0.43211418 -0.23714932 0.003530 1789349532.291528940 101.882 81.702 0.014 0.00000 -1 ACTUAL_TF
30.9270 0.0327502 -1.6609653 0.6598213 -0.45146222 0.74378722 -0.43211280 -0.23715179 0.003582 1789349532.347389698 102.089 81.496 0.009 0.00000 -1 ACTUAL_TF
30.9774 0.0327333 -1.6607827 0.6598194 -0.45146125 0.74379038 -0.43210810 -0.23715228 0.003488 1789349532.403487682 102.272 81.313 0.007 0.00000 -1 ACTUAL_TF
31.0325 0.0327309 -1.6605738 0.6598244 -0.45145435 0.74379232 -0.43211298 -0.23715045 0.003558 1789349532.459617615 102.481 81.104 0.006 0.00000 -1 ACTUAL_TF
31.0980 0.0327192 -1.6603726 0.6598146 -0.45145957 0.74380154 -0.43209567 -0.23714312 0.003575 1789349532.515450716 102.682 80.902 0.012 0.00000 -1 ACTUAL_TF
31.1483 0.0327095 -1.6601603 0.6598181 -0.45145475 0.74380326 -0.43209752 -0.23714351 0.003638 1789349532.571579695 102.894 80.690 0.014 0.00000 -1 ACTUAL_TF
31.2052 0.0327148 -1.6599910 0.6598184 -0.45145507 0.74380486 -0.43209705 -0.23713876 0.003456 1789349532.627486706 103.063 80.521 0.009 0.00000 -1 ACTUAL_TF
31.2588 0.0327100 -1.6597794 0.6598211 -0.45145480 0.74380495 -0.43209724 -0.23713865 0.003553 1789349532.683491468 103.275 80.309 0.008 0.00000 -1 ACTUAL_TF
31.3219 0.0326990 -1.6595559 0.6598172 -0.45145194 0.74381201 -0.43209078 -0.23713372 0.003687 1789349532.739438057 103.499 80.086 0.016 0.00000 -1 ACTUAL_TF
31.3756 0.0326926 -1.6593655 0.6598166 -0.45145226 0.74381314 -0.43208936 -0.23713213 0.003601 1789349532.795477867 103.689 79.895 0.019 0.00000 -1 ACTUAL_TF
31.4270 0.0326954 -1.6591544 0.6598183 -0.45144955 0.74381588 -0.43209014 -0.23712731 0.003654 1789349532.851340532 103.900 79.684 0.019 0.00000 -1 ACTUAL_TF
31.4814 0.0326933 -1.6589725 0.6598194 -0.45145209 0.74381140 -0.43209330 -0.23713074 0.003531 1789349532.907416821 104.082 79.502 0.020 0.00000 -1 ACTUAL_TF
31.5427 0.0326860 -1.6587577 0.6598244 -0.45144841 0.74381125 -0.43209687 -0.23713175 0.003613 1789349532.963956356 104.297 79.287 0.018 0.00000 -1 ACTUAL_TF
31.5871 0.0326844 -1.6585888 0.6598253 -0.45144487 0.74381173 -0.43210033 -0.23713064 0.003442 1789349533.019453764 104.466 79.118 0.019 0.00000 -1 ACTUAL_TF
31.6566 0.0326713 -1.6583822 0.6598282 -0.45144023 0.74381459 -0.43209936 -0.23713226 0.003521 1789349533.075296879 104.673 78.912 0.019 0.00000 -1 ACTUAL_TF
31.7089 0.0326683 -1.6582047 0.6598341 -0.45143765 0.74381215 -0.43210547 -0.23713373 0.003414 1789349533.131462812 104.850 78.734 0.015 0.00000 -1 ACTUAL_TF
31.7596 0.0326635 -1.6580059 0.6598457 -0.45143799 0.74380423 -0.43211458 -0.23714131 0.003452 1789349533.187687159 105.049 78.535 0.006 0.00000 -1 ACTUAL_TF
31.8212 0.0326523 -1.6577950 0.6598508 -0.45143570 0.74380332 -0.43211696 -0.23714416 0.003555 1789349533.243349552 105.261 78.324 0.006 0.00000 -1 ACTUAL_TF
31.8708 0.0326525 -1.6576234 0.6598629 -0.45143057 0.74379696 -0.43213025 -0.23714970 0.003410 1789349533.299375057 105.432 78.152 0.007 0.00000 -1 ACTUAL_TF
31.9326 0.0326441 -1.6574077 0.6598589 -0.45143757 0.74379924 -0.43212072 -0.23714657 0.003544 1789349533.355386972 105.648 77.936 0.003 0.00000 -1 ACTUAL_TF
31.9923 0.0326484 -1.6572535 0.6598687 -0.45143130 0.74379384 -0.43213412 -0.23715102 0.003304 1789349533.411694050 105.802 77.782 0.010 0.00000 -1 ACTUAL_TF
32.0413 0.0326369 -1.6570262 0.6598697 -0.45143527 0.74379556 -0.43212757 -0.23715002 0.003539 1789349533.467371225 106.030 77.555 0.006 0.00000 -1 ACTUAL_TF
32.0966 0.0326332 -1.6568519 0.6598658 -0.45143374 0.74379922 -0.43212441 -0.23714720 0.003410 1789349533.523493767 106.204 77.380 0.002 0.00000 -1 ACTUAL_TF
32.1534 0.0326235 -1.6566314 0.6598629 -0.45143505 0.74380373 -0.43211771 -0.23714275 0.003569 1789349533.579507351 106.425 77.160 0.006 0.00000 -1 ACTUAL_TF
32.2082 0.0326214 -1.6564165 0.6598614 -0.45144525 0.74380188 -0.43211063 -0.23714206 0.003652 1789349533.635386229 106.639 76.945 0.010 0.00000 -1 ACTUAL_TF
32.2773 0.0326225 -1.6562289 0.6598613 -0.45144809 0.74380494 -0.43210520 -0.23713695 0.003551 1789349533.691973686 106.827 76.757 0.015 0.00000 -1 ACTUAL_TF
32.3286 0.0326203 -1.6560213 0.6598641 -0.45144260 0.74380598 -0.43211043 -0.23713461 0.003605 1789349533.747655630 107.035 76.550 0.017 0.00000 -1 ACTUAL_TF
32.3826 0.0326168 -1.6558304 0.6598661 -0.45144775 0.74380532 -0.43210655 -0.23713395 0.003547 1789349533.803579807 107.225 76.359 0.018 0.00000 -1 ACTUAL_TF
32.4365 0.0326155 -1.6556159 0.6598663 -0.45145072 0.74380332 -0.43210746 -0.23713288 0.003636 1789349533.859381676 107.440 76.145 0.024 0.00000 -1 ACTUAL_TF
32.4882 0.0326190 -1.6554591 0.6598783 -0.45144505 0.74379870 -0.43211936 -0.23713651 0.003387 1789349533.915457010 107.597 75.988 0.026 0.00000 -1 ACTUAL_TF
32.5438 0.0326094 -1.6552374 0.6598778 -0.45144841 0.74379972 -0.43211445 -0.23713586 0.003560 1789349533.971439362 107.818 75.766 0.024 0.00000 -1 ACTUAL_TF
32.5997 0.0326125 -1.6550223 0.6598827 -0.45144658 0.74379952 -0.43211823 -0.23713306 0.003645 1789349534.027439356 108.033 75.551 0.032 0.00000 -1 ACTUAL_TF
32.6576 0.0325947 -1.6548343 0.6598804 -0.45145239 0.74379959 -0.43211018 -0.23713648 0.003564 1789349534.083383799 108.222 75.362 0.022 0.00000 -1 ACTUAL_TF
32.7190 0.0325924 -1.6546358 0.6598862 -0.45144961 0.74379688 -0.43211649 -0.23713876 0.003557 1789349534.139469385 108.420 75.164 0.023 0.00000 -1 ACTUAL_TF
32.7660 0.0325890 -1.6544491 0.6598863 -0.45145973 0.74379550 -0.43210965 -0.23713629 0.003493 1789349534.195361614 108.607 74.977 0.026 0.00000 -1 ACTUAL_TF
32.8325 0.0325721 -1.6542313 0.6598884 -0.45146347 0.74379411 -0.43210534 -0.23714136 0.003611 1789349534.251525402 108.825 74.759 0.016 0.00000 -1 ACTUAL_TF
32.8815 0.0325683 -1.6540626 0.6598943 -0.45146242 0.74379199 -0.43210932 -0.23714278 0.003433 1789349534.307474852 108.994 74.590 0.015 0.00000 -1 ACTUAL_TF
32.9360 0.0325584 -1.6538494 0.6598948 -0.45146539 0.74379002 -0.43210757 -0.23714649 0.003548 1789349534.363408566 109.207 74.377 0.013 0.00000 -1 ACTUAL_TF
32.9968 0.0325499 -1.6536708 0.6598968 -0.45146476 0.74379078 -0.43210647 -0.23714731 0.003441 1789349534.419414997 109.386 74.198 0.011 0.00000 -1 ACTUAL_TF
33.0523 0.0325393 -1.6534619 0.6599020 -0.45146427 0.74378983 -0.43210731 -0.23714968 0.003529 1789349534.475445271 109.595 73.989 0.006 0.00000 -1 ACTUAL_TF
33.1085 0.0325231 -1.6532422 0.6598968 -0.45146718 0.74378997 -0.43210262 -0.23715226 0.003652 1789349534.531436920 109.815 73.769 0.017 0.00000 -1 ACTUAL_TF
33.1597 0.0325139 -1.6530603 0.6598988 -0.45146556 0.74379128 -0.43210181 -0.23715270 0.003532 1789349534.587415218 109.997 73.587 0.019 0.00000 -1 ACTUAL_TF
33.2174 0.0325075 -1.6528571 0.6599060 -0.45146593 0.74378539 -0.43210840 -0.23715846 0.003561 1789349534.643454075 110.201 73.383 0.017 0.00000 -1 ACTUAL_TF
33.2778 0.0325065 -1.6527058 0.6599197 -0.45145832 0.74378092 -0.43212065 -0.23716466 0.003305 1789349534.699573994 110.352 73.232 0.011 0.00000 -1 ACTUAL_TF
33.3314 0.0325060 -1.6525042 0.6599293 -0.45145469 0.74377530 -0.43213183 -0.23716882 0.003399 1789349534.755372763 110.554 73.030 0.011 0.00000 -1 ACTUAL_TF
33.3848 0.0324927 -1.6523125 0.6599218 -0.45145701 0.74378294 -0.43211951 -0.23716289 0.003410 1789349534.811326027 110.746 72.839 0.014 0.00000 -1 ACTUAL_TF
33.4410 0.0324792 -1.6521119 0.6599344 -0.45145218 0.74377812 -0.43212757 -0.23717250 0.003465 1789349534.867426872 110.947 72.637 0.023 0.00000 -1 ACTUAL_TF
33.4947 0.0324770 -1.6519140 0.6599268 -0.45145890 0.74378305 -0.43211635 -0.23716471 0.003485 1789349534.923504591 111.145 72.440 0.018 0.00000 -1 ACTUAL_TF
33.5575 0.0324817 -1.6517260 0.6599324 -0.45145184 0.74378430 -0.43212254 -0.23716293 0.003447 1789349534.979523659 111.333 72.252 0.009 0.00000 -1 ACTUAL_TF
33.6135 0.0324774 -1.6515022 0.6599251 -0.45145566 0.74378944 -0.43211264 -0.23715758 0.003611 1789349535.035604000 111.556 72.028 0.010 0.00000 -1 ACTUAL_TF
33.6612 0.0324656 -1.6513166 0.6599239 -0.45145969 0.74379056 -0.43210618 -0.23715819 0.003528 1789349535.091384411 111.742 71.842 0.017 0.00000 -1 ACTUAL_TF
33.7284 0.0324546 -1.6510867 0.6599195 -0.45145822 0.74379880 -0.43209675 -0.23715233 0.003701 1789349535.147480488 111.972 71.612 0.026 0.00000 -1 ACTUAL_TF
33.7811 0.0324453 -1.6509203 0.6599228 -0.45145435 0.74379835 -0.43209988 -0.23715538 0.003483 1789349535.203507423 112.139 71.446 0.028 0.00000 -1 ACTUAL_TF
33.8348 0.0324444 -1.6507051 0.6599249 -0.45145837 0.74379795 -0.43209812 -0.23715221 0.003594 1789349535.259362221 112.354 71.230 0.025 0.00000 -1 ACTUAL_TF
33.8908 0.0324411 -1.6505128 0.6599225 -0.45146324 0.74379957 -0.43209190 -0.23714918 0.003541 1789349535.315626621 112.546 71.038 0.027 0.00000 -1 ACTUAL_TF
33.9506 0.0324461 -1.6503194 0.6599338 -0.45146138 0.74379530 -0.43210059 -0.23715027 0.003521 1789349535.371430397 112.739 70.845 0.015 0.00000 -1 ACTUAL_TF
34.0009 0.0324470 -1.6501044 0.6599329 -0.45146524 0.74379501 -0.43209797 -0.23714861 0.003616 1789349535.427464485 112.954 70.630 0.017 0.00000 -1 ACTUAL_TF
34.0564 0.0324366 -1.6499239 0.6599323 -0.45146498 0.74379549 -0.43209664 -0.23715006 0.003495 1789349535.483731985 113.135 70.449 0.021 0.00000 -1 ACTUAL_TF
34.1189 0.0324306 -1.6496862 0.6599324 -0.45146920 0.74379898 -0.43208918 -0.23714464 0.003726 1789349535.539503813 113.373 70.212 0.023 0.00000 -1 ACTUAL_TF
34.1715 0.0324255 -1.6495132 0.6599311 -0.45147042 0.74379983 -0.43208663 -0.23714431 0.003535 1789349535.595490932 113.546 70.039 0.027 0.00000 -1 ACTUAL_TF
34.2204 0.0324202 -1.6493092 0.6599398 -0.45146589 0.74379915 -0.43209148 -0.23714619 0.003569 1789349535.651475906 113.750 69.834 0.021 0.00000 -1 ACTUAL_TF
34.2798 0.0324211 -1.6491426 0.6599466 -0.45146750 0.74379543 -0.43209565 -0.23714722 0.003391 1789349535.707495451 113.917 69.668 0.016 0.00000 -1 ACTUAL_TF
34.3428 0.0324123 -1.6489310 0.6599496 -0.45147022 0.74379241 -0.43209633 -0.23715026 0.003509 1789349535.763456345 114.128 69.456 0.015 0.00000 -1 ACTUAL_TF
34.4010 0.0323958 -1.6487512 0.6599582 -0.45146089 0.74379279 -0.43210311 -0.23715450 0.003421 1789349535.819696426 114.309 69.276 0.015 0.00000 -1 ACTUAL_TF
34.4574 0.0323937 -1.6485176 0.6599590 -0.45146639 0.74379223 -0.43209988 -0.23715167 0.003649 1789349535.875574589 114.542 69.042 0.014 0.00000 -1 ACTUAL_TF
34.5091 0.0323901 -1.6483152 0.6599669 -0.45146236 0.74379243 -0.43210348 -0.23715215 0.003639 1789349535.931570292 114.745 68.840 0.008 0.00000 -1 ACTUAL_TF
34.5593 0.0323871 -1.6481538 0.6599733 -0.45145729 0.74379054 -0.43211062 -0.23715471 0.003416 1789349535.987424850 114.906 68.678 0.005 0.00000 -1 ACTUAL_TF
34.6265 0.0323808 -1.6479410 0.6599730 -0.45145847 0.74379181 -0.43210804 -0.23715318 0.003528 1789349536.043579102 115.119 68.465 0.007 0.00000 -1 ACTUAL_TF
34.6800 0.0323847 -1.6477731 0.6599824 -0.45145662 0.74378792 -0.43211591 -0.23715456 0.003372 1789349536.099509954 115.287 68.297 0.005 0.00000 -1 ACTUAL_TF
34.7352 0.0323784 -1.6475577 0.6599840 -0.45145702 0.74379079 -0.43211233 -0.23715132 0.003515 1789349536.155510426 115.502 68.082 0.004 0.00000 -1 ACTUAL_TF
34.7880 0.0323655 -1.6473770 0.6599929 -0.45145053 0.74378939 -0.43211917 -0.23715562 0.003431 1789349536.211559772 115.683 67.901 0.010 0.00000 -1 ACTUAL_TF
34.8387 0.0323634 -1.6471703 0.6599965 -0.45145133 0.74378768 -0.43212068 -0.23715672 0.003513 1789349536.267353535 115.890 67.694 0.010 0.00000 -1 ACTUAL_TF
34.9001 0.0323630 -1.6469623 0.6599989 -0.45145278 0.74378667 -0.43212163 -0.23715541 0.003572 1789349536.323448181 116.098 67.486 0.010 0.00000 -1 ACTUAL_TF
34.9607 0.0323558 -1.6467921 0.6600029 -0.45144645 0.74378761 -0.43212552 -0.23715739 0.003413 1789349536.379462719 116.268 67.316 0.011 0.00000 -1 ACTUAL_TF
35.0096 0.0323559 -1.6465715 0.6600003 -0.45144741 0.74379116 -0.43212124 -0.23715224 0.003570 1789349536.435504675 116.489 67.095 0.010 0.00000 -1 ACTUAL_TF
35.0650 0.0323556 -1.6464076 0.6600066 -0.45144531 0.74379080 -0.43212477 -0.23715095 0.003376 1789349536.491596699 116.653 66.931 0.016 0.00000 -1 ACTUAL_TF
35.1264 0.0323574 -1.6461693 0.6600021 -0.45145045 0.74379599 -0.43211467 -0.23714327 0.003644 1789349536.547438145 116.891 66.693 0.021 0.00000 -1 ACTUAL_TF
35.1782 0.0323502 -1.6459800 0.6599995 -0.45145418 0.74379943 -0.43210671 -0.23713988 0.003568 1789349536.603291988 117.080 66.504 0.019 0.00000 -1 ACTUAL_TF
35.2430 0.0323497 -1.6457608 0.6599983 -0.45145606 0.74380132 -0.43210342 -0.23713637 0.003667 1789349536.659552097 117.299 66.285 0.025 0.00000 -1 ACTUAL_TF
35.2939 0.0323470 -1.6456009 0.6600039 -0.45145587 0.74379762 -0.43210802 -0.23713997 0.003425 1789349536.715452194 117.459 66.125 0.026 0.00000 -1 ACTUAL_TF
35.3468 0.0323453 -1.6453908 0.6600062 -0.45145995 0.74379833 -0.43210356 -0.23713809 0.003522 1789349536.771529198 117.669 65.915 0.030 0.00000 -1 ACTUAL_TF
35.3993 0.0323358 -1.6451779 0.6600130 -0.45145719 0.74379867 -0.43210511 -0.23713946 0.003611 1789349536.827370405 117.883 65.702 0.026 0.00000 -1 ACTUAL_TF
35.4624 0.0323311 -1.6449927 0.6600176 -0.45145962 0.74379630 -0.43210592 -0.23714079 0.003520 1789349536.883385658 118.068 65.516 0.027 0.00000 -1 ACTUAL_TF
35.5118 0.0323269 -1.6447803 0.6600217 -0.45145669 0.74379662 -0.43210850 -0.23714063 0.003603 1789349536.939334869 118.280 65.304 0.029 0.00000 -1 ACTUAL_TF
35.5729 0.0323243 -1.6445949 0.6600197 -0.45146625 0.74379326 -0.43210435 -0.23714054 0.003513 1789349536.995486021 118.466 65.119 0.031 0.00000 -1 ACTUAL_TF
35.6328 0.0323218 -1.6443843 0.6600202 -0.45146876 0.74379376 -0.43210161 -0.23713919 0.003590 1789349537.051342010 118.676 64.908 0.034 0.00000 -1 ACTUAL_TF
35.6814 0.0323059 -1.6442124 0.6600245 -0.45146689 0.74379191 -0.43210306 -0.23714591 0.003438 1789349537.107356310 118.849 64.736 0.023 0.00000 -1 ACTUAL_TF
35.7436 0.0323001 -1.6439871 0.6600200 -0.45147069 0.74379581 -0.43209531 -0.23714058 0.003613 1789349537.163421392 119.074 64.510 0.024 0.00000 -1 ACTUAL_TF
35.7950 0.0322929 -1.6437897 0.6600339 -0.45146376 0.74378992 -0.43210859 -0.23714804 0.003586 1789349537.219620228 119.272 64.313 0.022 0.00000 -1 ACTUAL_TF
35.8574 0.0322901 -1.6436199 0.6600440 -0.45145932 0.74378753 -0.43211618 -0.23715015 0.003422 1789349537.275590658 119.442 64.143 0.027 0.00000 -1 ACTUAL_TF
35.9070 0.0322844 -1.6434227 0.6600556 -0.45145310 0.74378347 -0.43212675 -0.23715547 0.003456 1789349537.331492424 119.639 63.945 0.032 0.00000 -1 ACTUAL_TF
35.9661 0.0322803 -1.6432302 0.6600526 -0.45145634 0.74378485 -0.43212305 -0.23715172 0.003450 1789349537.387528896 119.831 63.753 0.029 0.00000 -1 ACTUAL_TF
36.0193 0.0322770 -1.6430391 0.6600647 -0.45145254 0.74377942 -0.43213320 -0.23715748 0.003445 1789349537.443326473 120.023 63.562 0.037 0.00000 -1 ACTUAL_TF
36.0797 0.0322637 -1.6428458 0.6600592 -0.45145288 0.74378479 -0.43212532 -0.23715434 0.003449 1789349537.499364614 120.216 63.368 0.026 0.00000 -1 ACTUAL_TF
36.1344 0.0322652 -1.6426424 0.6600674 -0.45145374 0.74377971 -0.43213161 -0.23715721 0.003504 1789349537.555436611 120.420 63.165 0.035 0.00000 -1 ACTUAL_TF
36.1857 0.0322588 -1.6424732 0.6600817 -0.45143991 0.74377622 -0.43214866 -0.23716340 0.003362 1789349537.611450434 120.589 62.995 0.043 0.00000 -1 ACTUAL_TF
36.2456 0.0322541 -1.6422607 0.6600862 -0.45144142 0.74377387 -0.43215067 -0.23716422 0.003493 1789349537.667442560 120.802 62.783 0.045 0.00000 -1 ACTUAL_TF
36.2983 0.0322505 -1.6420471 0.6600871 -0.45144143 0.74377581 -0.43214863 -0.23716183 0.003589 1789349537.723470926 121.015 62.569 0.045 0.00000 -1 ACTUAL_TF
36.3589 0.0322492 -1.6418817 0.6600920 -0.45144488 0.74377093 -0.43215158 -0.23716520 0.003396 1789349537.779635191 121.181 62.404 0.049 0.00000 -1 ACTUAL_TF
36.4143 0.0322433 -1.6416698 0.6600942 -0.45144834 0.74376964 -0.43214958 -0.23716630 0.003514 1789349537.835580587 121.393 62.192 0.049 0.00000 -1 ACTUAL_TF
36.4663 0.0322346 -1.6414705 0.6600820 -0.45145564 0.74377737 -0.43213293 -0.23715851 0.003531 1789349537.891591072 121.592 61.992 0.036 0.00000 -1 ACTUAL_TF
36.5197 0.0322240 -1.6412504 0.6600775 -0.45145429 0.74378217 -0.43212762 -0.23715569 0.003655 1789349537.947422266 121.812 61.772 0.028 0.00000 -1 ACTUAL_TF
36.5741 0.0322196 -1.6410585 0.6600702 -0.45145917 0.74378710 -0.43211679 -0.23715068 0.003587 1789349538.003441811 122.004 61.580 0.025 0.00000 -1 ACTUAL_TF
36.6365 0.0322145 -1.6408508 0.6600704 -0.45145931 0.74379015 -0.43211286 -0.23714803 0.003626 1789349538.059346914 122.212 61.373 0.025 0.00000 -1 ACTUAL_TF
36.6904 0.0322126 -1.6406710 0.6600638 -0.45146389 0.74379208 -0.43210717 -0.23714359 0.003497 1789349538.115646839 122.392 61.193 0.028 0.00000 -1 ACTUAL_TF
36.7435 0.0321973 -1.6404567 0.6600650 -0.45146254 0.74379475 -0.43210354 -0.23714442 0.003605 1789349538.171347857 122.606 60.978 0.019 0.00000 -1 ACTUAL_TF
36.7973 0.0321814 -1.6402464 0.6600657 -0.45146039 0.74379569 -0.43210201 -0.23714835 0.003652 1789349538.227425814 122.817 60.768 0.011 0.00000 -1 ACTUAL_TF
36.8573 0.0321690 -1.6400759 0.6600764 -0.45145068 0.74379638 -0.43210948 -0.23715105 0.003473 1789349538.283465385 122.988 60.597 0.001 0.00000 -1 ACTUAL_TF
36.9091 0.0321598 -1.6398368 0.6600689 -0.45145821 0.74380105 -0.43209645 -0.23714580 0.003715 1789349538.339392900 123.227 60.358 0.010 0.00000 -1 ACTUAL_TF
36.9708 0.0321425 -1.6396720 0.6600741 -0.45145469 0.74380032 -0.43209784 -0.23715229 0.003490 1789349538.395344734 123.392 60.192 0.017 0.00000 -1 ACTUAL_TF
37.0321 0.0321387 -1.6394462 0.6600751 -0.45145811 0.74380328 -0.43209163 -0.23714783 0.003651 1789349538.451405764 123.618 59.966 0.015 0.00000 -1 ACTUAL_TF
37.0785 0.0321386 -1.6392881 0.6600808 -0.45145412 0.74380297 -0.43209640 -0.23714767 0.003404 1789349538.507394314 123.776 59.808 0.010 0.00000 -1 ACTUAL_TF
37.1409 0.0321301 -1.6390782 0.6600805 -0.45145369 0.74380405 -0.43209489 -0.23714787 0.003508 1789349538.563395739 123.986 59.598 0.014 0.00000 -1 ACTUAL_TF
37.1980 0.0321221 -1.6388465 0.6600813 -0.45145903 0.74380572 -0.43208780 -0.23714536 0.003696 1789349538.619499207 124.218 59.366 0.016 0.00000 -1 ACTUAL_TF
37.2476 0.0321124 -1.6386819 0.6600881 -0.45145223 0.74380584 -0.43209337 -0.23714780 0.003468 1789349538.675643921 124.383 59.202 0.019 0.00000 -1 ACTUAL_TF
37.3118 0.0321012 -1.6384479 0.6600838 -0.45145887 0.74380548 -0.43208686 -0.23714814 0.003685 1789349538.731546640 124.617 58.967 0.026 0.00000 -1 ACTUAL_TF
37.3624 0.0320929 -1.6382824 0.6600905 -0.45145632 0.74380304 -0.43209107 -0.23715297 0.003470 1789349538.787437439 124.783 58.802 0.028 0.00000 -1 ACTUAL_TF
37.4201 0.0320856 -1.6380795 0.6601009 -0.45145291 0.74379933 -0.43209905 -0.23715654 0.003518 1789349538.843443632 124.986 58.599 0.028 0.00000 -1 ACTUAL_TF
37.4748 0.0320915 -1.6379150 0.6601056 -0.45145390 0.74379701 -0.43210266 -0.23715537 0.003345 1789349538.899439812 125.150 58.434 0.018 0.00000 -1 ACTUAL_TF
37.5304 0.0320801 -1.6376740 0.6601022 -0.45145621 0.74380141 -0.43209492 -0.23715128 0.003634 1789349538.955410719 125.391 58.193 0.023 0.00000 -1 ACTUAL_TF
37.5848 0.0320736 -1.6375085 0.6601125 -0.45145516 0.74379474 -0.43210316 -0.23715922 0.003435 1789349539.011333942 125.557 58.027 0.025 0.00000 -1 ACTUAL_TF
37.6519 0.0320768 -1.6372856 0.6601169 -0.45146079 0.74379077 -0.43210445 -0.23715858 0.003597 1789349539.067397594 125.780 57.805 0.016 0.00000 -1 ACTUAL_TF
37.7037 0.0320755 -1.6370790 0.6601242 -0.45145899 0.74378600 -0.43211273 -0.23716186 0.003622 1789349539.123565912 125.986 57.598 0.015 0.00000 -1 ACTUAL_TF
37.7541 0.0320711 -1.6369106 0.6601281 -0.45145950 0.74378158 -0.43211768 -0.23716575 0.003441 1789349539.179412127 126.155 57.429 0.016 0.00000 -1 ACTUAL_TF
37.8113 0.0320666 -1.6366999 0.6601327 -0.45145877 0.74378173 -0.43211851 -0.23716515 0.003536 1789349539.235490322 126.366 57.219 0.017 0.00000 -1 ACTUAL_TF
37.8638 0.0320652 -1.6365375 0.6601436 -0.45145330 0.74377770 -0.43212935 -0.23716848 0.003347 1789349539.291499376 126.528 57.056 0.024 0.00000 -1 ACTUAL_TF
37.9279 0.0320600 -1.6363085 0.6601407 -0.45145773 0.74378106 -0.43212150 -0.23716378 0.003568 1789349539.347617626 126.757 56.827 0.018 0.00000 -1 ACTUAL_TF
37.9857 0.0320621 -1.6361256 0.6601405 -0.45145860 0.74378295 -0.43211943 -0.23715999 0.003480 1789349539.403457165 126.940 56.644 0.015 0.00000 -1 ACTUAL_TF
38.0354 0.0320576 -1.6359138 0.6601382 -0.45145608 0.74379087 -0.43211250 -0.23715257 0.003572 1789349539.459421158 127.152 56.433 0.011 0.00000 -1 ACTUAL_TF
38.0935 0.0320533 -1.6356960 0.6601351 -0.45145754 0.74379390 -0.43210841 -0.23714773 0.003667 1789349539.515458345 127.370 56.215 0.007 0.00000 -1 ACTUAL_TF
38.1466 0.0320437 -1.6355025 0.6601263 -0.45146374 0.74380017 -0.43209385 -0.23714279 0.003606 1789349539.571460724 127.563 56.021 0.007 0.00000 -1 ACTUAL_TF
38.2083 0.0320437 -1.6352996 0.6601328 -0.45145761 0.74380254 -0.43209793 -0.23713958 0.003613 1789349539.627399445 127.766 55.818 0.007 0.00000 -1 ACTUAL_TF
38.2581 0.0320425 -1.6351047 0.6601302 -0.45146042 0.74380523 -0.43209332 -0.23713418 0.003572 1789349539.683463097 127.961 55.624 0.013 0.00000 -1 ACTUAL_TF
38.3146 0.0320352 -1.6348910 0.6601308 -0.45145897 0.74380683 -0.43209211 -0.23713416 0.003641 1789349539.739681005 128.175 55.410 0.014 0.00000 -1 ACTUAL_TF
38.3707 0.0320323 -1.6347073 0.6601319 -0.45146123 0.74380670 -0.43209087 -0.23713253 0.003536 1789349539.795508146 128.358 55.226 0.016 0.00000 -1 ACTUAL_TF
38.4323 0.0320346 -1.6345161 0.6601410 -0.45145779 0.74380547 -0.43209619 -0.23713325 0.003501 1789349539.851515532 128.549 55.035 0.020 0.00000 -1 ACTUAL_TF
38.4870 0.0320273 -1.6343324 0.6601412 -0.45145761 0.74380787 -0.43209350 -0.23713096 0.003437 1789349539.907427073 128.733 54.851 0.018 0.00000 -1 ACTUAL_TF
38.5374 0.0320264 -1.6341178 0.6601395 -0.45146115 0.74380868 -0.43209002 -0.23712802 0.003555 1789349539.963441610 128.948 54.637 0.024 0.00000 -1 ACTUAL_TF
38.5974 0.0320209 -1.6338998 0.6601427 -0.45145780 0.74380907 -0.43209271 -0.23712826 0.003658 1789349540.019407034 129.166 54.418 0.025 0.00000 -1 ACTUAL_TF
38.6484 0.0320190 -1.6337052 0.6601403 -0.45146207 0.74381082 -0.43208771 -0.23712374 0.003602 1789349540.075469971 129.360 54.224 0.030 0.00000 -1 ACTUAL_TF
38.7119 0.0320158 -1.6334932 0.6601437 -0.45146101 0.74380997 -0.43208983 -0.23712456 0.003658 1789349540.131414175 129.572 54.012 0.032 0.00000 -1 ACTUAL_TF
38.7681 0.0320211 -1.6333317 0.6601559 -0.45145923 0.74380602 -0.43209821 -0.23712509 0.003429 1789349540.187392950 129.734 53.850 0.038 0.00000 -1 ACTUAL_TF
38.8222 0.0320133 -1.6331254 0.6601606 -0.45146173 0.74380192 -0.43209980 -0.23713030 0.003507 1789349540.243399143 129.940 53.644 0.036 0.00000 -1 ACTUAL_TF
38.8719 0.0319993 -1.6329424 0.6601632 -0.45146082 0.74380255 -0.43209884 -0.23713179 0.003431 1789349540.299811840 130.124 53.461 0.027 0.00000 -1 ACTUAL_TF
38.9330 0.0319881 -1.6327294 0.6601659 -0.45145935 0.74379960 -0.43210256 -0.23713706 0.003551 1789349540.355466843 130.337 53.247 0.022 0.00000 -1 ACTUAL_TF
38.9865 0.0319824 -1.6325243 0.6601720 -0.45145994 0.74379558 -0.43210689 -0.23714067 0.003584 1789349540.411566734 130.542 53.042 0.022 0.00000 -1 ACTUAL_TF
39.0401 0.0319646 -1.6323315 0.6601643 -0.45146370 0.74379983 -0.43209586 -0.23714027 0.003551 1789349540.467301607 130.735 52.849 0.013 0.00000 -1 ACTUAL_TF
39.0985 0.0319562 -1.6321233 0.6601762 -0.45146393 0.74379037 -0.43210633 -0.23715043 0.003599 1789349540.523577690 130.944 52.641 0.007 0.00000 -1 ACTUAL_TF
39.1598 0.0319547 -1.6319584 0.6601831 -0.45146484 0.74378689 -0.43211031 -0.23715235 0.003399 1789349540.579887629 131.109 52.476 0.011 0.00000 -1 ACTUAL_TF
39.2093 0.0319554 -1.6317565 0.6601905 -0.45146486 0.74378220 -0.43211713 -0.23715458 0.003470 1789349540.635437965 131.311 52.274 0.019 0.00000 -1 ACTUAL_TF
39.2687 0.0319361 -1.6315817 0.6601996 -0.45145863 0.74378053 -0.43212256 -0.23716182 0.003370 1789349540.691569328 131.486 52.098 0.017 0.00000 -1 ACTUAL_TF
39.3189 0.0319325 -1.6313680 0.6602045 -0.45145753 0.74377852 -0.43212682 -0.23716245 0.003506 1789349540.747463703 131.700 51.885 0.020 0.00000 -1 ACTUAL_TF
39.3764 0.0319205 -1.6311687 0.6601967 -0.45146437 0.74378415 -0.43211290 -0.23715713 0.003527 1789349540.803339243 131.899 51.685 0.010 0.00000 -1 ACTUAL_TF
39.4342 0.0319118 -1.6309565 0.6601950 -0.45146426 0.74378487 -0.43211122 -0.23715813 0.003600 1789349540.859681129 132.111 51.473 0.008 0.00000 -1 ACTUAL_TF
39.4902 0.0319116 -1.6307439 0.6601974 -0.45146931 0.74378475 -0.43210763 -0.23715546 0.003665 1789349540.915402889 132.324 51.260 0.005 0.00000 -1 ACTUAL_TF
39.5468 0.0319191 -1.6305782 0.6601979 -0.45146423 0.74378822 -0.43211062 -0.23714879 0.003454 1789349540.971414328 132.489 51.095 0.012 0.00000 -1 ACTUAL_TF
39.6063 0.0319014 -1.6303389 0.6601939 -0.45146755 0.74379419 -0.43209843 -0.23714596 0.003704 1789349541.027393818 132.729 50.855 0.004 0.00000 -1 ACTUAL_TF
39.6563 0.0318967 -1.6301706 0.6601990 -0.45146425 0.74379203 -0.43210394 -0.23714894 0.003494 1789349541.083449125 132.897 50.687 0.001 0.00000 -1 ACTUAL_TF
39.7080 0.0319035 -1.6299682 0.6602046 -0.45146074 0.74379168 -0.43210951 -0.23714659 0.003532 1789349541.139409065 133.100 50.485 0.013 0.00000 -1 ACTUAL_TF
39.7800 0.0318958 -1.6297877 0.6602048 -0.45146390 0.74378986 -0.43210749 -0.23714995 0.003440 1789349541.195414543 133.280 50.304 0.011 0.00000 -1 ACTUAL_TF
39.8319 0.0318941 -1.6295734 0.6602042 -0.45146761 0.74379049 -0.43210408 -0.23714714 0.003553 1789349541.251598120 133.495 50.090 0.015 0.00000 -1 ACTUAL_TF
39.8784 0.0318909 -1.6293928 0.6602021 -0.45147456 0.74378861 -0.43210029 -0.23714670 0.003457 1789349541.307477474 133.675 49.909 0.018 0.00000 -1 ACTUAL_TF
39.9375 0.0318755 -1.6291620 0.6601991 -0.45147622 0.74379230 -0.43209269 -0.23714583 0.003659 1789349541.363461971 133.906 49.678 0.015 0.00000 -1 ACTUAL_TF
39.9980 0.0318700 -1.6289517 0.6601986 -0.45147694 0.74379485 -0.43208855 -0.23714402 0.003685 1789349541.419632196 134.117 49.468 0.018 0.00000 -1 ACTUAL_TF
40.0490 0.0318649 -1.6287871 0.6602025 -0.45147337 0.74379737 -0.43208846 -0.23714304 0.003464 1789349541.475498199 134.281 49.303 0.016 0.00000 -1 ACTUAL_TF
40.1049 0.0318614 -1.6285755 0.6602070 -0.45147111 0.74379715 -0.43209114 -0.23714318 0.003558 1789349541.531536579 134.493 49.091 0.016 0.00000 -1 ACTUAL_TF
40.1605 0.0318490 -1.6283856 0.6602038 -0.45147229 0.74379967 -0.43208580 -0.23714275 0.003511 1789349541.587507486 134.683 48.901 0.018 0.00000 -1 ACTUAL_TF
40.2337 0.0318377 -1.6281695 0.6602034 -0.45147913 0.74379833 -0.43207953 -0.23714537 0.003618 1789349541.643445492 134.899 48.685 0.022 0.00000 -1 ACTUAL_TF
40.2731 0.0318307 -1.6280164 0.6602152 -0.45146147 0.74379951 -0.43209443 -0.23714814 0.003348 1789349541.699992418 135.053 48.532 0.013 0.00000 -1 ACTUAL_TF
40.3314 0.0318150 -1.6277855 0.6602125 -0.45146743 0.74380059 -0.43208632 -0.23714819 0.003596 1789349541.755420208 135.284 48.300 0.023 0.00000 -1 ACTUAL_TF
40.3921 0.0318052 -1.6275677 0.6602134 -0.45146557 0.74380337 -0.43208397 -0.23714727 0.003687 1789349541.811341763 135.502 48.082 0.027 0.00000 -1 ACTUAL_TF
40.4454 0.0317915 -1.6274004 0.6602179 -0.45145845 0.74380458 -0.43208761 -0.23715040 0.003478 1789349541.867496490 135.670 47.915 0.032 0.00000 -1 ACTUAL_TF
40.4992 0.0317895 -1.6271918 0.6602228 -0.45145602 0.74380452 -0.43209046 -0.23715002 0.003554 1789349541.923417091 135.878 47.706 0.028 0.00000 -1 ACTUAL_TF
40.5619 0.0317789 -1.6270105 0.6602248 -0.45145503 0.74380402 -0.43209111 -0.23715231 0.003454 1789349541.979845285 136.060 47.525 0.033 0.00000 -1 ACTUAL_TF
40.6086 0.0317660 -1.6267983 0.6602272 -0.45145510 0.74380454 -0.43208948 -0.23715349 0.003565 1789349542.035403490 136.272 47.312 0.040 0.00000 -1 ACTUAL_TF
40.6719 0.0317655 -1.6266106 0.6602316 -0.45145494 0.74380123 -0.43209482 -0.23715446 0.003502 1789349542.091389656 136.460 47.124 0.035 0.00000 -1 ACTUAL_TF
40.7300 0.0317569 -1.6264014 0.6602379 -0.45145233 0.74380011 -0.43209802 -0.23715712 0.003572 1789349542.147454023 136.669 46.915 0.036 0.00000 -1 ACTUAL_TF
40.7787 0.0317588 -1.6262407 0.6602487 -0.45144546 0.74379575 -0.43211090 -0.23716040 0.003362 1789349542.203559637 136.830 46.754 0.029 0.00000 -1 ACTUAL_TF
40.8294 0.0317615 -1.6260329 0.6602569 -0.45144567 0.74379413 -0.43211394 -0.23715952 0.003468 1789349542.259515762 137.038 46.547 0.021 0.00000 -1 ACTUAL_TF
40.8956 0.0317538 -1.6258199 0.6602573 -0.45145093 0.74379373 -0.43210928 -0.23715926 0.003573 1789349542.315344334 137.251 46.333 0.022 0.00000 -1 ACTUAL_TF
40.9490 0.0317385 -1.6256195 0.6602449 -0.45145594 0.74380264 -0.43209156 -0.23715407 0.003576 1789349542.371541500 137.451 46.133 0.034 0.00000 -1 ACTUAL_TF
41.0017 0.0317395 -1.6254123 0.6602489 -0.45145389 0.74380353 -0.43209398 -0.23715079 0.003616 1789349542.427409649 137.659 45.926 0.027 0.00000 -1 ACTUAL_TF
41.0694 0.0317364 -1.6252263 0.6602488 -0.45145811 0.74380203 -0.43209220 -0.23715069 0.003526 1789349542.483499289 137.845 45.740 0.026 0.00000 -1 ACTUAL_TF
41.1225 0.0317424 -1.6250153 0.6602498 -0.45146627 0.74379657 -0.43209325 -0.23715036 0.003600 1789349542.539455175 138.055 45.529 0.018 0.00000 -1 ACTUAL_TF
41.1739 0.0317419 -1.6248540 0.6602616 -0.45146292 0.74379234 -0.43210156 -0.23715485 0.003377 1789349542.596058607 138.217 45.368 0.009 0.00000 -1 ACTUAL_TF
41.2224 0.0317495 -1.6246360 0.6602626 -0.45146591 0.74378990 -0.43210403 -0.23715232 0.003546 1789349542.651425362 138.434 45.150 0.009 0.00000 -1 ACTUAL_TF
41.2911 0.0317501 -1.6244291 0.6602704 -0.45146683 0.74378560 -0.43210930 -0.23715446 0.003592 1789349542.707404852 138.641 44.943 0.013 0.00000 -1 ACTUAL_TF
41.3392 0.0317438 -1.6242488 0.6602718 -0.45146454 0.74378702 -0.43210913 -0.23715467 0.003477 1789349542.763618231 138.822 44.763 0.012 0.00000 -1 ACTUAL_TF
41.3960 0.0317444 -1.6240518 0.6602823 -0.45146121 0.74378319 -0.43211773 -0.23715734 0.003493 1789349542.819494486 139.019 44.566 0.018 0.00000 -1 ACTUAL_TF
41.4513 0.0317395 -1.6238549 0.6602727 -0.45147216 0.74378636 -0.43210351 -0.23715247 0.003501 1789349542.875515699 139.216 44.369 0.019 0.00000 -1 ACTUAL_TF
41.5217 0.0317296 -1.6236395 0.6602752 -0.45146931 0.74378630 -0.43210628 -0.23715304 0.003604 1789349542.931620359 139.431 44.153 0.015 0.00000 -1 ACTUAL_TF
41.5616 0.0317386 -1.6234649 0.6602774 -0.45146999 0.74378840 -0.43210487 -0.23714773 0.003462 1789349542.987497091 139.605 43.979 0.028 0.00000 -1 ACTUAL_TF
41.6225 0.0317293 -1.6232585 0.6602826 -0.45146416 0.74378807 -0.43210963 -0.23715121 0.003531 1789349543.043436050 139.812 43.772 0.024 0.00000 -1 ACTUAL_TF
41.6754 0.0317247 -1.6230821 0.6602878 -0.45146203 0.74378609 -0.43211428 -0.23715300 0.003418 1789349543.099405766 139.989 43.596 0.024 0.00000 -1 ACTUAL_TF
41.7395 0.0317171 -1.6228622 0.6602887 -0.45146083 0.74378948 -0.43211057 -0.23715137 0.003570 1789349543.155500174 140.209 43.376 0.023 0.00000 -1 ACTUAL_TF
41.7908 0.0317086 -1.6226488 0.6602878 -0.45145893 0.74379227 -0.43210850 -0.23715002 0.003644 1789349543.211414576 140.422 43.162 0.021 0.00000 -1 ACTUAL_TF
41.8417 0.0317140 -1.6224796 0.6602940 -0.45146232 0.74378936 -0.43211097 -0.23714820 0.003457 1789349543.267503738 140.591 42.993 0.030 0.00000 -1 ACTUAL_TF
41.9039 0.0317028 -1.6222675 0.6602968 -0.45145776 0.74379038 -0.43211264 -0.23715064 0.003560 1789349543.323400974 140.804 42.781 0.025 0.00000 -1 ACTUAL_TF
41.9564 0.0316977 -1.6220755 0.6602973 -0.45145682 0.74379186 -0.43211225 -0.23714849 0.003519 1789349543.379492521 140.996 42.589 0.025 0.00000 -1 ACTUAL_TF
42.0083 0.0316830 -1.6218561 0.6603032 -0.45145567 0.74379070 -0.43211351 -0.23715204 0.003642 1789349543.435509205 141.215 42.369 0.016 0.00000 -1 ACTUAL_TF
42.0673 0.0316840 -1.6216942 0.6603094 -0.45144970 0.74378793 -0.43212345 -0.23715397 0.003417 1789349543.491509914 141.377 42.207 0.022 0.00000 -1 ACTUAL_TF
42.1284 0.0316823 -1.6214897 0.6603191 -0.45144495 0.74378593 -0.43213118 -0.23715519 0.003490 1789349543.547444582 141.582 42.003 0.028 0.00000 -1 ACTUAL_TF
42.1834 0.0316758 -1.6212783 0.6603253 -0.45144721 0.74378287 -0.43213256 -0.23715796 0.003576 1789349543.603477478 141.793 41.791 0.029 0.00000 -1 ACTUAL_TF
42.2346 0.0316820 -1.6210976 0.6603262 -0.45144946 0.74378263 -0.43213340 -0.23715293 0.003473 1789349543.659444809 141.974 41.610 0.038 0.00000 -1 ACTUAL_TF
42.2899 0.0316631 -1.6208643 0.6603225 -0.45145248 0.74378763 -0.43212201 -0.23715224 0.003684 1789349543.715496302 142.208 41.377 0.025 0.00000 -1 ACTUAL_TF
42.3441 0.0316572 -1.6206979 0.6603247 -0.45144671 0.74379138 -0.43212266 -0.23715028 0.003468 1789349543.771625996 142.374 41.210 0.023 0.00000 -1 ACTUAL_TF
42.4068 0.0316568 -1.6204701 0.6603195 -0.45145722 0.74379078 -0.43211498 -0.23714614 0.003652 1789349543.827439785 142.602 40.983 0.029 0.00000 -1 ACTUAL_TF
42.4607 0.0316505 -1.6203012 0.6603229 -0.45145541 0.74379099 -0.43211552 -0.23714795 0.003461 1789349543.883529186 142.771 40.814 0.027 0.00000 -1 ACTUAL_TF
42.5197 0.0316351 -1.6200808 0.6603220 -0.45145654 0.74379511 -0.43210844 -0.23714578 0.003605 1789349543.939622164 142.991 40.593 0.018 0.00000 -1 ACTUAL_TF
42.5722 0.0316342 -1.6199054 0.6603241 -0.45146120 0.74379239 -0.43210738 -0.23714736 0.003463 1789349543.995596409 143.167 40.418 0.022 0.00000 -1 ACTUAL_TF
42.6408 0.0316229 -1.6196768 0.6603190 -0.45146629 0.74379504 -0.43209859 -0.23714540 0.003651 1789349544.051583290 143.395 40.189 0.020 0.00000 -1 ACTUAL_TF
42.6917 0.0316232 -1.6194772 0.6603281 -0.45146703 0.74379088 -0.43210436 -0.23714652 0.003626 1789349544.107559204 143.595 39.989 0.023 0.00000 -1 ACTUAL_TF
42.7381 0.0316089 -1.6192881 0.6603243 -0.45147059 0.74379409 -0.43209507 -0.23714660 0.003555 1789349544.163534641 143.784 39.800 0.018 0.00000 -1 ACTUAL_TF
42.8030 0.0316072 -1.6190824 0.6603333 -0.45146749 0.74379217 -0.43210172 -0.23714642 0.003593 1789349544.219485044 143.990 39.594 0.018 0.00000 -1 ACTUAL_TF
42.8531 0.0315948 -1.6189145 0.6603394 -0.45146208 0.74379225 -0.43210498 -0.23715052 0.003419 1789349544.275408745 144.158 39.426 0.009 0.00000 -1 ACTUAL_TF
42.9090 0.0315887 -1.6187073 0.6603394 -0.45146130 0.74379443 -0.43210287 -0.23714900 0.003504 1789349544.331384897 144.366 39.219 0.010 0.00000 -1 ACTUAL_TF
42.9633 0.0315837 -1.6185161 0.6603358 -0.45146478 0.74379769 -0.43209538 -0.23714581 0.003478 1789349544.387347460 144.557 39.027 0.014 0.00000 -1 ACTUAL_TF
43.0279 0.0315757 -1.6182965 0.6603379 -0.45146237 0.74380174 -0.43209219 -0.23714351 0.003609 1789349544.443494797 144.777 38.808 0.013 0.00000 -1 ACTUAL_TF
43.0870 0.0315721 -1.6181121 0.6603404 -0.45146496 0.74380005 -0.43209236 -0.23714357 0.003514 1789349544.499521494 144.961 38.623 0.014 0.00000 -1 ACTUAL_TF
43.1300 0.0315703 -1.6179135 0.6603491 -0.45146208 0.74379582 -0.43210081 -0.23714690 0.003523 1789349544.555589676 145.160 38.425 0.013 0.00000 -1 ACTUAL_TF
43.1857 0.0315678 -1.6177066 0.6603566 -0.45146024 0.74379195 -0.43210741 -0.23715053 0.003578 1789349544.611479044 145.367 38.218 0.016 0.00000 -1 ACTUAL_TF
43.2501 0.0315567 -1.6175445 0.6603653 -0.45145925 0.74378718 -0.43211289 -0.23715739 0.003375 1789349544.667550564 145.529 38.055 0.012 0.00000 -1 ACTUAL_TF
43.2971 0.0315513 -1.6173266 0.6603700 -0.45146571 0.74378362 -0.43211125 -0.23715925 0.003534 1789349544.723375797 145.747 37.837 0.013 0.00000 -1 ACTUAL_TF
43.3576 0.0315419 -1.6171365 0.6603666 -0.45146791 0.74378765 -0.43210328 -0.23715692 0.003485 1789349544.779834986 145.937 37.647 0.006 0.00000 -1 ACTUAL_TF
43.4089 0.0315322 -1.6169358 0.6603780 -0.45145902 0.74378474 -0.43211426 -0.23716297 0.003525 1789349544.835472584 146.138 37.446 0.012 0.00000 -1 ACTUAL_TF
43.4904 0.0315319 -1.6167574 0.6603807 -0.45146540 0.74378088 -0.43211434 -0.23716280 0.003423 1789349544.891517639 146.317 37.267 0.014 0.00000 -1 ACTUAL_TF
43.5185 0.0315173 -1.6165402 0.6603800 -0.45147293 0.74377885 -0.43210804 -0.23716632 0.003559 1789349544.947680473 146.534 37.050 0.010 0.00000 -1 ACTUAL_TF
43.5854 0.0315206 -1.6163406 0.6603890 -0.45146879 0.74377536 -0.43211789 -0.23716718 0.003565 1789349545.003498316 146.734 36.850 0.017 0.00000 -1 ACTUAL_TF
43.6359 0.0315006 -1.6161569 0.6603895 -0.45147084 0.74377619 -0.43211195 -0.23717150 0.003488 1789349545.059382439 146.918 36.666 0.017 0.00000 -1 ACTUAL_TF
43.6858 0.0314959 -1.6159510 0.6603974 -0.45146620 0.74377396 -0.43211951 -0.23717355 0.003545 1789349545.115391493 147.124 36.460 0.021 0.00000 -1 ACTUAL_TF
43.7453 0.0314860 -1.6157762 0.6604016 -0.45146373 0.74377438 -0.43212018 -0.23717572 0.003421 1789349545.171339512 147.299 36.285 0.025 0.00000 -1 ACTUAL_TF
43.7995 0.0314727 -1.6155519 0.6603976 -0.45146453 0.74377961 -0.43211211 -0.23717249 0.003598 1789349545.227349520 147.524 36.061 0.025 0.00000 -1 ACTUAL_TF
43.8649 0.0314564 -1.6153416 0.6603769 -0.45147589 0.74379108 -0.43208638 -0.23716178 0.003649 1789349545.283592939 147.734 35.850 0.032 0.00000 -1 ACTUAL_TF
43.9154 0.0314578 -1.6151497 0.6603881 -0.45147155 0.74378899 -0.43209358 -0.23716350 0.003586 1789349545.339491129 147.926 35.658 0.024 0.00000 -1 ACTUAL_TF
43.9741 0.0314390 -1.6149615 0.6603833 -0.45147199 0.74379287 -0.43208640 -0.23716355 0.003521 1789349545.395661354 148.114 35.470 0.038 0.00000 -1 ACTUAL_TF
44.0424 0.0314391 -1.6147438 0.6603793 -0.45147650 0.74379612 -0.43207930 -0.23715772 0.003631 1789349545.451686144 148.332 35.252 0.034 0.00000 -1 ACTUAL_TF
44.0864 0.0314276 -1.6145211 0.6603848 -0.45147230 0.74379886 -0.43207913 -0.23715743 0.003742 1789349545.507422447 148.555 35.029 0.038 0.00000 -1 ACTUAL_TF
44.1394 0.0314227 -1.6143480 0.6603873 -0.45146775 0.74379941 -0.43208255 -0.23715813 0.003547 1789349545.563461065 148.728 34.856 0.038 0.00000 -1 ACTUAL_TF
44.1924 0.0314238 -1.6141431 0.6603964 -0.45146953 0.74379560 -0.43208675 -0.23715903 0.003580 1789349545.619554996 148.933 34.651 0.030 0.00000 -1 ACTUAL_TF
44.2588 0.0314229 -1.6139538 0.6603919 -0.45147678 0.74379537 -0.43208118 -0.23715610 0.003522 1789349545.675461531 149.122 34.462 0.028 0.00000 -1 ACTUAL_TF
44.3083 0.0314296 -1.6137533 0.6603954 -0.45147487 0.74379612 -0.43208423 -0.23715184 0.003542 1789349545.731359959 149.323 34.262 0.017 0.00000 -1 ACTUAL_TF
44.3636 0.0314147 -1.6135744 0.6604013 -0.45147353 0.74379454 -0.43208552 -0.23715698 0.003442 1789349545.787367821 149.502 34.082 0.024 0.00000 -1 ACTUAL_TF
44.4335 0.0314115 -1.6133536 0.6604002 -0.45147040 0.74380009 -0.43208221 -0.23715157 0.003590 1789349545.843448639 149.723 33.862 0.023 0.00000 -1 ACTUAL_TF
44.4763 0.0314122 -1.6131318 0.6604026 -0.45147747 0.74379605 -0.43208135 -0.23715234 0.003699 1789349545.899531841 149.944 33.640 0.017 0.00000 -1 ACTUAL_TF
44.5273 0.0314251 -1.6129769 0.6604172 -0.45146575 0.74379355 -0.43209837 -0.23715148 0.003429 1789349545.955339670 150.099 33.485 0.004 0.00000 -1 ACTUAL_TF
44.5856 0.0314211 -1.6127631 0.6604222 -0.45146731 0.74379073 -0.43210101 -0.23715255 0.003546 1789349546.011356354 150.313 33.271 0.007 0.00000 -1 ACTUAL_TF
44.6475 0.0314290 -1.6125884 0.6604238 -0.45147155 0.74378710 -0.43210319 -0.23715188 0.003417 1789349546.067481756 150.487 33.097 0.018 0.00000 -1 ACTUAL_TF
44.6992 0.0314286 -1.6123861 0.6604338 -0.45147058 0.74378155 -0.43211198 -0.23715513 0.003477 1789349546.123475790 150.690 32.895 0.026 0.00000 -1 ACTUAL_TF
44.7523 0.0314199 -1.6122081 0.6604406 -0.45146268 0.74378062 -0.43212016 -0.23715817 0.003389 1789349546.179480076 150.868 32.716 0.025 0.00000 -1 ACTUAL_TF
44.8109 0.0314113 -1.6119802 0.6604386 -0.45146477 0.74378389 -0.43211379 -0.23715557 0.003596 1789349546.235381842 151.096 32.488 0.020 0.00000 -1 ACTUAL_TF
44.8627 0.0314031 -1.6118141 0.6604484 -0.45145713 0.74378310 -0.43212123 -0.23715902 0.003406 1789349546.291611433 151.262 32.322 0.023 0.00000 -1 ACTUAL_TF
44.9247 0.0313886 -1.6116017 0.6604543 -0.45144787 0.74378344 -0.43212824 -0.23716282 0.003528 1789349546.347497463 151.475 32.109 0.022 0.00000 -1 ACTUAL_TF
44.9790 0.0313845 -1.6113993 0.6604608 -0.45144956 0.74377962 -0.43213155 -0.23716553 0.003552 1789349546.403599501 151.678 31.907 0.027 0.00000 -1 ACTUAL_TF
45.0336 0.0313891 -1.6112298 0.6604629 -0.45144666 0.74378034 -0.43213537 -0.23716183 0.003399 1789349546.459378004 151.847 31.737 0.030 0.00000 -1 ACTUAL_TF
45.0942 0.0313782 -1.6110226 0.6604695 -0.45144048 0.74378117 -0.43213921 -0.23716400 0.003489 1789349546.515495062 152.054 31.530 0.032 0.00000 -1 ACTUAL_TF
45.1482 0.0313736 -1.6108176 0.6604676 -0.45144660 0.74378247 -0.43213232 -0.23716084 0.003540 1789349546.571502924 152.259 31.325 0.028 0.00000 -1 ACTUAL_TF
45.2020 0.0313656 -1.6105900 0.6604598 -0.45144932 0.74379093 -0.43211956 -0.23715237 0.003703 1789349546.627324581 152.487 31.097 0.018 0.00000 -1 ACTUAL_TF
45.2581 0.0313650 -1.6104287 0.6604656 -0.45144622 0.74378857 -0.43212565 -0.23715459 0.003456 1789349546.683393002 152.648 30.936 0.023 0.00000 -1 ACTUAL_TF
45.3135 0.0313571 -1.6102038 0.6604604 -0.45144793 0.74379545 -0.43211579 -0.23714772 0.003625 1789349546.739384890 152.873 30.711 0.016 0.00000 -1 ACTUAL_TF
45.3735 0.0313470 -1.6099802 0.6604495 -0.45145181 0.74380335 -0.43210087 -0.23714276 0.003736 1789349546.795488834 153.097 30.487 0.008 0.00000 -1 ACTUAL_TF
45.4352 0.0313468 -1.6098038 0.6604550 -0.45144928 0.74380367 -0.43210427 -0.23714037 0.003561 1789349546.851427794 153.273 30.311 0.013 0.00000 -1 ACTUAL_TF
45.4940 0.0313476 -1.6095723 0.6604523 -0.45145213 0.74380758 -0.43209824 -0.23713366 0.003736 1789349546.907298088 153.505 30.080 0.020 0.00000 -1 ACTUAL_TF
45.5386 0.0313412 -1.6093856 0.6604542 -0.45145446 0.74380813 -0.43209515 -0.23713313 0.003612 1789349546.963546991 153.691 29.893 0.019 0.00000 -1 ACTUAL_TF
45.5953 0.0313388 -1.6091749 0.6604558 -0.45145641 0.74380617 -0.43209660 -0.23713293 0.003660 1789349547.019426823 153.902 29.682 0.023 0.00000 -1 ACTUAL_TF
45.6524 0.0313374 -1.6090112 0.6604637 -0.45145210 0.74380560 -0.43210164 -0.23713374 0.003439 1789349547.075430870 154.066 29.518 0.025 0.00000 -1 ACTUAL_TF
45.7046 0.0313301 -1.6087942 0.6604652 -0.45145470 0.74380317 -0.43210175 -0.23713619 0.003562 1789349547.131861687 154.283 29.301 0.024 0.00000 -1 ACTUAL_TF
45.7682 0.0313284 -1.6086251 0.6604684 -0.45145241 0.74380575 -0.43210101 -0.23713382 0.003397 1789349547.188030005 154.452 29.132 0.027 0.00000 -1 ACTUAL_TF
45.8205 0.0313199 -1.6084073 0.6604732 -0.45145058 0.74380597 -0.43210158 -0.23713556 0.003555 1789349547.243578196 154.670 28.914 0.024 0.00000 -1 ACTUAL_TF
45.8802 0.0313053 -1.6081916 0.6604714 -0.45145141 0.74380789 -0.43209672 -0.23713682 0.003650 1789349547.299422026 154.886 28.698 0.016 0.00000 -1 ACTUAL_TF
45.9272 0.0312961 -1.6079933 0.6604644 -0.45145966 0.74381018 -0.43208603 -0.23713342 0.003618 1789349547.355513096 155.084 28.500 0.018 0.00000 -1 ACTUAL_TF
45.9856 0.0312924 -1.6077832 0.6604681 -0.45146324 0.74380837 -0.43208487 -0.23713439 0.003659 1789349547.411463261 155.295 28.290 0.018 0.00000 -1 ACTUAL_TF
46.0441 0.0312898 -1.6076275 0.6604792 -0.45145817 0.74380278 -0.43209586 -0.23714154 0.003396 1789349547.467567444 155.450 28.134 0.016 0.00000 -1 ACTUAL_TF
46.1013 0.0312778 -1.6074119 0.6604750 -0.45145698 0.74380824 -0.43208910 -0.23713900 0.003535 1789349547.523519516 155.666 27.918 0.014 0.00000 -1 ACTUAL_TF
46.1538 0.0312662 -1.6072349 0.6604845 -0.45145628 0.74380400 -0.43209379 -0.23714509 0.003426 1789349547.579522610 155.844 27.741 0.004 0.00000 -1 ACTUAL_TF
46.2101 0.0312639 -1.6070252 0.6604904 -0.45144873 0.74380443 -0.43210125 -0.23714454 0.003521 1789349547.635584354 156.053 27.531 0.006 0.00000 -1 ACTUAL_TF
46.2645 0.0312456 -1.6068177 0.6604923 -0.45144780 0.74380425 -0.43209985 -0.23714941 0.003581 1789349547.691574335 156.261 27.323 0.006 0.00000 -1 ACTUAL_TF
46.3200 0.0312541 -1.6066630 0.6605042 -0.45144331 0.74380061 -0.43211105 -0.23714897 0.003343 1789349547.747322798 156.416 27.168 0.012 0.00000 -1 ACTUAL_TF
46.3868 0.0312561 -1.6064652 0.6605125 -0.45143525 0.74379935 -0.43212147 -0.23714927 0.003381 1789349547.804381132 156.614 26.971 0.021 0.00000 -1 ACTUAL_TF
46.4388 0.0312422 -1.6062821 0.6605155 -0.45143515 0.74379801 -0.43212118 -0.23715420 0.003364 1789349547.859656572 156.797 26.787 0.017 0.00000 -1 ACTUAL_TF
46.4912 0.0312416 -1.6060725 0.6605252 -0.45143189 0.74379247 -0.43213268 -0.23715681 0.003481 1789349547.915505886 157.007 26.578 0.026 0.00000 -1 ACTUAL_TF
46.5481 0.0312363 -1.6058749 0.6605235 -0.45143838 0.74379134 -0.43212759 -0.23715726 0.003498 1789349547.971396923 157.204 26.380 0.022 0.00000 -1 ACTUAL_TF
46.6093 0.0312374 -1.6056705 0.6605303 -0.45143231 0.74379323 -0.43213228 -0.23715439 0.003544 1789349548.027390480 157.409 26.176 0.029 0.00000 -1 ACTUAL_TF
46.6575 0.0312282 -1.6054837 0.6605284 -0.45144675 0.74378753 -0.43212499 -0.23715806 0.003478 1789349548.083701849 157.596 25.989 0.023 0.00000 -1 ACTUAL_TF
46.7252 0.0312288 -1.6052852 0.6605307 -0.45145197 0.74378377 -0.43212501 -0.23715985 0.003504 1789349548.139371395 157.794 25.790 0.027 0.00000 -1 ACTUAL_TF
46.7825 0.0312173 -1.6050602 0.6605247 -0.45145223 0.74379033 -0.43211591 -0.23715535 0.003663 1789349548.195248127 158.019 25.565 0.017 0.00000 -1 ACTUAL_TF
46.8353 0.0312076 -1.6048624 0.6605160 -0.45146134 0.74379428 -0.43210170 -0.23715152 0.003623 1789349548.251402378 158.217 25.367 0.010 0.00000 -1 ACTUAL_TF
46.8882 0.0312000 -1.6046527 0.6605185 -0.45145778 0.74379567 -0.43210309 -0.23715142 0.003660 1789349548.307421684 158.427 25.157 0.008 0.00000 -1 ACTUAL_TF
46.9419 0.0311956 -1.6044609 0.6605160 -0.45146291 0.74379653 -0.43209747 -0.23714921 0.003591 1789349548.363358974 158.619 24.966 0.010 0.00000 -1 ACTUAL_TF
46.9970 0.0311838 -1.6042429 0.6605138 -0.45146724 0.74379740 -0.43209111 -0.23714980 0.003682 1789349548.419420481 158.837 24.747 0.011 0.00000 -1 ACTUAL_TF
47.0526 0.0311890 -1.6040659 0.6605111 -0.45147404 0.74379761 -0.43208643 -0.23714475 0.003526 1789349548.475447416 159.014 24.571 0.020 0.00000 -1 ACTUAL_TF
47.1164 0.0311736 -1.6038545 0.6605138 -0.45146930 0.74379961 -0.43208630 -0.23714772 0.003604 1789349548.531420708 159.225 24.359 0.016 0.00000 -1 ACTUAL_TF
47.1665 0.0311655 -1.6036664 0.6605077 -0.45147417 0.74380407 -0.43207626 -0.23714277 0.003534 1789349548.587303638 159.414 24.171 0.024 0.00000 -1 ACTUAL_TF
47.2179 0.0311491 -1.6034606 0.6605153 -0.45146621 0.74380365 -0.43208150 -0.23714969 0.003577 1789349548.643499374 159.620 23.964 0.022 0.00000 -1 ACTUAL_TF
47.2765 0.0311377 -1.6032177 0.6605108 -0.45147127 0.74380916 -0.43206968 -0.23714431 0.003809 1789349548.699400425 159.863 23.721 0.030 0.00000 -1 ACTUAL_TF
47.3268 0.0311331 -1.6030536 0.6605135 -0.45147175 0.74380558 -0.43207322 -0.23714818 0.003545 1789349548.755431175 160.027 23.557 0.030 0.00000 -1 ACTUAL_TF
47.3911 0.0311329 -1.6028437 0.6605159 -0.45147083 0.74380870 -0.43207124 -0.23714375 0.003605 1789349548.811484814 160.237 23.347 0.028 0.00000 -1 ACTUAL_TF
47.4425 0.0311394 -1.6026794 0.6605219 -0.45147113 0.74380524 -0.43207686 -0.23714379 0.003405 1789349548.867474318 160.401 23.183 0.022 0.00000 -1 ACTUAL_TF
47.4968 0.0311258 -1.6024585 0.6605202 -0.45147014 0.74380925 -0.43207123 -0.23714333 0.003570 1789349548.923442364 160.622 22.962 0.027 0.00000 -1 ACTUAL_TF
47.5532 0.0311187 -1.6022818 0.6605277 -0.45146958 0.74380486 -0.43207687 -0.23714789 0.003448 1789349548.979410410 160.799 22.785 0.023 0.00000 -1 ACTUAL_TF
47.6098 0.0311178 -1.6020699 0.6605333 -0.45146842 0.74380248 -0.43208195 -0.23714832 0.003548 1789349549.035476685 161.011 22.573 0.019 0.00000 -1 ACTUAL_TF
47.6674 0.0311108 -1.6018468 0.6605344 -0.45147368 0.74380038 -0.43207954 -0.23714927 0.003682 1789349549.091353178 161.234 22.350 0.021 0.00000 -1 ACTUAL_TF
47.7214 0.0311091 -1.6016885 0.6605440 -0.45146993 0.74379614 -0.43208857 -0.23715328 0.003425 1789349549.147454262 161.393 22.192 0.013 0.00000 -1 ACTUAL_TF
47.7861 0.0311037 -1.6014851 0.6605534 -0.45146956 0.74378999 -0.43209639 -0.23715900 0.003483 1789349549.203735828 161.596 21.988 0.006 0.00000 -1 ACTUAL_TF
47.8359 0.0311093 -1.6013163 0.6605584 -0.45147217 0.74378618 -0.43210080 -0.23715798 0.003348 1789349549.259472370 161.765 21.820 0.009 0.00000 -1 ACTUAL_TF
47.9006 0.0311013 -1.6010959 0.6605688 -0.45147247 0.74378155 -0.43210632 -0.23716185 0.003526 1789349549.315487385 161.985 21.599 0.009 0.00000 -1 ACTUAL_TF
47.9456 0.0311053 -1.6009395 0.6605786 -0.45146978 0.74377672 -0.43211595 -0.23716456 0.003309 1789349549.371409178 162.142 21.443 0.020 0.00000 -1 ACTUAL_TF
48.0023 0.0311063 -1.6007142 0.6605824 -0.45147290 0.74377366 -0.43211849 -0.23716361 0.003524 1789349549.427399158 162.367 21.217 0.026 0.00000 -1 ACTUAL_TF
48.0572 0.0310994 -1.6005433 0.6605864 -0.45147071 0.74377377 -0.43211950 -0.23716557 0.003383 1789349549.483442307 162.538 21.046 0.026 0.00000 -1 ACTUAL_TF
48.1243 0.0310941 -1.6003274 0.6605920 -0.45147085 0.74377380 -0.43212029 -0.23716380 0.003525 1789349549.539454937 162.754 20.830 0.028 0.00000 -1 ACTUAL_TF
48.1701 0.0310888 -1.6001046 0.6605846 -0.45147890 0.74377792 -0.43210823 -0.23715753 0.003663 1789349549.595386267 162.977 20.608 0.023 0.00000 -1 ACTUAL_TF
48.2304 0.0310855 -1.5999241 0.6605867 -0.45147515 0.74378096 -0.43210874 -0.23715421 0.003531 1789349549.651425838 163.157 20.427 0.025 0.00000 -1 ACTUAL_TF
48.2797 0.0310793 -1.5997054 0.6605899 -0.45147350 0.74378431 -0.43210656 -0.23715081 0.003644 1789349549.707429886 163.376 20.208 0.025 0.00000 -1 ACTUAL_TF
48.3403 0.0310708 -1.5995370 0.6605955 -0.45146233 0.74378874 -0.43211083 -0.23715039 0.003452 1789349549.763563633 163.545 20.040 0.023 0.00000 -1 ACTUAL_TF
48.4015 0.0310660 -1.5993031 0.6605911 -0.45147036 0.74379035 -0.43210188 -0.23714634 0.003671 1789349549.819520473 163.779 19.806 0.022 0.00000 -1 ACTUAL_TF
48.4538 0.0310647 -1.5991423 0.6605990 -0.45146051 0.74379193 -0.43210942 -0.23714640 0.003434 1789349549.875367165 163.939 19.645 0.027 0.00000 -1 ACTUAL_TF
48.5096 0.0310554 -1.5989291 0.6605992 -0.45146006 0.74379457 -0.43210616 -0.23714493 0.003545 1789349549.931508064 164.153 19.431 0.023 0.00000 -1 ACTUAL_TF
48.5667 0.0310404 -1.5987011 0.6605975 -0.45145738 0.74380049 -0.43210056 -0.23714166 0.003699 1789349549.987826586 164.381 19.203 0.013 0.00000 -1 ACTUAL_TF
48.6193 0.0310372 -1.5985096 0.6605936 -0.45145784 0.74380643 -0.43209309 -0.23713577 0.003620 1789349550.043584824 164.573 19.012 0.014 0.00000 -1 ACTUAL_TF
48.6739 0.0310283 -1.5982951 0.6605930 -0.45145644 0.74381070 -0.43208890 -0.23713270 0.003673 1789349550.100092888 164.787 18.797 0.013 0.00000 -1 ACTUAL_TF
48.7329 0.0310271 -1.5981120 0.6605939 -0.45145483 0.74381360 -0.43208740 -0.23712937 0.003563 1789349550.155483246 164.970 18.614 0.017 0.00000 -1 ACTUAL_TF
48.7834 0.0310273 -1.5979122 0.6605991 -0.45145305 0.74381285 -0.43209092 -0.23712871 0.003567 1789349550.211375952 165.170 18.414 0.021 0.00000 -1 ACTUAL_TF
48.8419 0.0310188 -1.5977232 0.6605966 -0.45145459 0.74381703 -0.43208359 -0.23712602 0.003510 1789349550.267416716 165.359 18.225 0.020 0.00000 -1 ACTUAL_TF
48.9065 0.0310109 -1.5975055 0.6605955 -0.45145416 0.74381840 -0.43208231 -0.23712488 0.003621 1789349550.323554754 165.577 18.007 0.021 0.00000 -1 ACTUAL_TF
48.9527 0.0310039 -1.5973279 0.6606003 -0.45145229 0.74381814 -0.43208377 -0.23712661 0.003490 1789349550.379390240 165.755 17.830 0.017 0.00000 -1 ACTUAL_TF
49.0112 0.0309987 -1.5971204 0.6606070 -0.45145245 0.74381491 -0.43208782 -0.23712905 0.003555 1789349550.435408354 165.962 17.622 0.016 0.00000 -1 ACTUAL_TF
49.0765 0.0310026 -1.5969293 0.6606209 -0.45144588 0.74380939 -0.43210194 -0.23713314 0.003517 1789349550.491314411 166.153 17.431 0.024 0.00000 -1 ACTUAL_TF
49.1272 0.0309938 -1.5967527 0.6606232 -0.45144784 0.74380907 -0.43209988 -0.23713417 0.003407 1789349550.547444344 166.330 17.254 0.020 0.00000 -1 ACTUAL_TF
49.1815 0.0309819 -1.5965432 0.6606258 -0.45144863 0.74380649 -0.43210131 -0.23713814 0.003509 1789349550.603453159 166.540 17.044 0.014 0.00000 -1 ACTUAL_TF
49.2329 0.0309685 -1.5963667 0.6606308 -0.45145521 0.74380106 -0.43210012 -0.23714480 0.003405 1789349550.659470797 166.717 16.867 0.009 0.00000 -1 ACTUAL_TF
49.2942 0.0309616 -1.5961686 0.6606451 -0.45144394 0.74379819 -0.43211459 -0.23714889 0.003449 1789349550.715443611 166.915 16.669 0.020 0.00000 -1 ACTUAL_TF
49.3435 0.0309615 -1.5959874 0.6606488 -0.45145395 0.74379179 -0.43211378 -0.23715138 0.003386 1789349550.771353960 167.096 16.488 0.023 0.00000 -1 ACTUAL_TF
49.4016 0.0309509 -1.5957837 0.6606540 -0.45145498 0.74378692 -0.43211788 -0.23715724 0.003464 1789349550.827338457 167.300 16.284 0.024 0.00000 -1 ACTUAL_TF
49.4551 0.0309423 -1.5955747 0.6606623 -0.45144946 0.74378597 -0.43212318 -0.23716108 0.003545 1789349550.883373260 167.510 16.075 0.029 0.00000 -1 ACTUAL_TF
49.5114 0.0309404 -1.5954057 0.6606655 -0.45144801 0.74378447 -0.43212694 -0.23716169 0.003387 1789349550.939441442 167.679 15.906 0.030 0.00000 -1 ACTUAL_TF
49.5708 0.0309300 -1.5952011 0.6606678 -0.45144531 0.74378742 -0.43212515 -0.23716081 0.003470 1789349550.995348930 167.883 15.701 0.030 0.00000 -1 ACTUAL_TF
49.6293 0.0309267 -1.5950053 0.6606629 -0.45144875 0.74379028 -0.43211876 -0.23715697 0.003476 1789349551.051450491 168.079 15.505 0.023 0.00000 -1 ACTUAL_TF
49.6784 0.0309191 -1.5947913 0.6606641 -0.45145406 0.74378935 -0.43211464 -0.23715726 0.003583 1789349551.107325077 168.293 15.291 0.021 0.00000 -1 ACTUAL_TF
49.7381 0.0309181 -1.5945887 0.6606533 -0.45145285 0.74380049 -0.43210327 -0.23714535 0.003595 1789349551.163343430 168.496 15.089 0.009 0.00000 -1 ACTUAL_TF
49.7969 0.0309185 -1.5943851 0.6606630 -0.45146042 0.74379059 -0.43210863 -0.23715224 0.003605 1789349551.219500303 168.699 14.885 0.018 0.00000 -1 ACTUAL_TF
49.8468 0.0309315 -1.5942199 0.6606637 -0.45145939 0.74379124 -0.43211188 -0.23714624 0.003412 1789349551.275429249 168.864 14.720 0.030 0.00000 -1 ACTUAL_TF
49.9077 0.0309230 -1.5939990 0.6606652 -0.45146525 0.74378983 -0.43210739 -0.23714769 0.003575 1789349551.331335783 169.085 14.499 0.027 0.00000 -1 ACTUAL_TF
49.9673 0.0309118 -1.5937701 0.6606640 -0.45146793 0.74379017 -0.43210368 -0.23714828 0.003731 1789349551.387321472 169.314 14.270 0.021 0.00000 -1 ACTUAL_TF
50.0138 0.0309040 -1.5935929 0.6606627 -0.45146877 0.74379152 -0.43209974 -0.23714961 0.003561 1789349551.443350792 169.492 14.093 0.017 0.00000 -1 ACTUAL_TF
50.0797 0.0309017 -1.5933877 0.6606702 -0.45147157 0.74378670 -0.43210309 -0.23715329 0.003593 1789349551.499368191 169.697 13.887 0.022 0.00000 -1 ACTUAL_TF
50.1325 0.0309028 -1.5932134 0.6606701 -0.45147880 0.74378321 -0.43210205 -0.23715238 0.003446 1789349551.555552483 169.871 13.713 0.027 0.00000 -1 ACTUAL_TF
50.1825 0.0308884 -1.5929809 0.6606697 -0.45147955 0.74378685 -0.43209461 -0.23715308 0.003663 1789349551.611423254 170.104 13.480 0.018 0.00000 -1 ACTUAL_TF
50.2444 0.0308857 -1.5928129 0.6606770 -0.45147849 0.74378174 -0.43210302 -0.23715582 0.003464 1789349551.667461634 170.272 13.312 0.022 0.00000 -1 ACTUAL_TF
50.2943 0.0308770 -1.5925845 0.6606711 -0.45148394 0.74378489 -0.43209342 -0.23715303 0.003650 1789349551.723446369 170.500 13.084 0.017 0.00000 -1 ACTUAL_TF
50.3551 0.0308681 -1.5923689 0.6606699 -0.45148401 0.74378702 -0.43209006 -0.23715234 0.003713 1789349551.779358864 170.716 12.868 0.015 0.00000 -1 ACTUAL_TF
50.4073 0.0308609 -1.5922165 0.6606852 -0.45147180 0.74378448 -0.43210397 -0.23715823 0.003419 1789349551.835428238 170.869 12.716 0.015 0.00000 -1 ACTUAL_TF
50.4695 0.0308446 -1.5920087 0.6606863 -0.45147078 0.74378518 -0.43210184 -0.23716183 0.003509 1789349551.891529083 171.077 12.507 0.009 0.00000 -1 ACTUAL_TF
50.5323 0.0308358 -1.5918220 0.6606883 -0.45146623 0.74378731 -0.43210372 -0.23716038 0.003460 1789349551.947361469 171.264 12.321 0.009 0.00000 -1 ACTUAL_TF
50.5819 0.0308296 -1.5916082 0.6606834 -0.45146869 0.74379146 -0.43209587 -0.23715700 0.003568 1789349552.003404379 171.478 12.107 0.003 0.00000 -1 ACTUAL_TF
50.6364 0.0308262 -1.5914504 0.6606950 -0.45146101 0.74378948 -0.43210542 -0.23716045 0.003344 1789349552.059487581 171.636 11.949 0.011 0.00000 -1 ACTUAL_TF
50.6938 0.0308166 -1.5912288 0.6606980 -0.45146466 0.74378594 -0.43210627 -0.23716305 0.003529 1789349552.115453005 171.857 11.727 0.012 0.00000 -1 ACTUAL_TF
50.7468 0.0308167 -1.5910711 0.6607092 -0.45145620 0.74378212 -0.43211950 -0.23716701 0.003317 1789349552.171483278 172.015 11.569 0.020 0.00000 -1 ACTUAL_TF
50.8001 0.0308111 -1.5908570 0.6607133 -0.45145324 0.74378164 -0.43212308 -0.23716763 0.003472 1789349552.227394104 172.229 11.355 0.021 0.00000 -1 ACTUAL_TF
50.8691 0.0308125 -1.5906550 0.6607252 -0.45145614 0.74377341 -0.43213127 -0.23717299 0.003513 1789349552.283466578 172.431 11.153 0.031 0.00000 -1 ACTUAL_TF
50.9224 0.0307963 -1.5904644 0.6607199 -0.45145847 0.74377802 -0.43212144 -0.23717202 0.003484 1789349552.339474678 172.622 10.962 0.023 0.00000 -1 ACTUAL_TF
50.9722 0.0308008 -1.5902621 0.6607276 -0.45145483 0.74377489 -0.43213038 -0.23717248 0.003525 1789349552.395411015 172.825 10.760 0.028 0.00000 -1 ACTUAL_TF
51.0251 0.0307956 -1.5900709 0.6607211 -0.45146322 0.74377696 -0.43212023 -0.23716849 0.003492 1789349552.451446056 173.016 10.569 0.020 0.00000 -1 ACTUAL_TF
51.0791 0.0307904 -1.5898436 0.6607145 -0.45146876 0.74378114 -0.43210940 -0.23716456 0.003664 1789349552.507371426 173.243 10.341 0.012 0.00000 -1 ACTUAL_TF
51.1395 0.0307944 -1.5896768 0.6607161 -0.45146821 0.74378139 -0.43211069 -0.23716250 0.003459 1789349552.563360691 173.410 10.175 0.018 0.00000 -1 ACTUAL_TF
51.1963 0.0307919 -1.5894566 0.6607174 -0.45147312 0.74378167 -0.43210628 -0.23716032 0.003602 1789349552.619328260 173.630 9.955 0.020 0.00000 -1 ACTUAL_TF
51.2497 0.0307979 -1.5892355 0.6607157 -0.45147808 0.74378189 -0.43210283 -0.23715647 0.003698 1789349552.675683975 173.851 9.734 0.031 0.00000 -1 ACTUAL_TF
51.3066 0.0307879 -1.5890424 0.6607096 -0.45148253 0.74378629 -0.43209295 -0.23715221 0.003630 1789349552.731428385 174.044 9.541 0.026 0.00000 -1 ACTUAL_TF
51.3695 0.0307785 -1.5888365 0.6607177 -0.45147515 0.74378526 -0.43210013 -0.23715641 0.003646 1789349552.787420273 174.250 9.334 0.022 0.00000 -1 ACTUAL_TF
51.4212 0.0307732 -1.5886496 0.6607152 -0.45147779 0.74378750 -0.43209481 -0.23715405 0.003553 1789349552.843494892 174.437 9.147 0.023 0.00000 -1 ACTUAL_TF
51.4730 0.0307540 -1.5884306 0.6607127 -0.45147506 0.74379341 -0.43208792 -0.23715324 0.003665 1789349552.899479866 174.656 8.928 0.013 0.00000 -1 ACTUAL_TF
51.5334 0.0307527 -1.5882610 0.6607216 -0.45147226 0.74379152 -0.43209282 -0.23715557 0.003476 1789349552.955473900 174.826 8.758 0.013 0.00000 -1 ACTUAL_TF
51.5822 0.0307469 -1.5880415 0.6607216 -0.45146992 0.74379501 -0.43209107 -0.23715228 0.003611 1789349553.011378288 175.045 8.539 0.014 0.00000 -1 ACTUAL_TF
51.6396 0.0307387 -1.5878582 0.6607216 -0.45147165 0.74379565 -0.43208860 -0.23715150 0.003510 1789349553.067392588 175.229 8.355 0.012 0.00000 -1 ACTUAL_TF
51.7005 0.0307316 -1.5876472 0.6607227 -0.45146408 0.74380135 -0.43208819 -0.23714877 0.003590 1789349553.123328924 175.440 8.144 0.013 0.00000 -1 ACTUAL_TF
51.7609 0.0307256 -1.5874402 0.6607275 -0.45146219 0.74380030 -0.43209172 -0.23714920 0.003622 1789349553.179371595 175.647 7.937 0.011 0.00000 -1 ACTUAL_TF
51.8087 0.0307139 -1.5872459 0.6607205 -0.45146570 0.74380634 -0.43207993 -0.23714508 0.003578 1789349553.235399723 175.842 7.743 0.017 0.00000 -1 ACTUAL_TF
51.8670 0.0307112 -1.5870531 0.6607324 -0.45145760 0.74380263 -0.43209256 -0.23714911 0.003539 1789349553.291449547 176.035 7.550 0.008 0.00000 -1 ACTUAL_TF
51.9256 0.0307008 -1.5868742 0.6607405 -0.45145750 0.74379999 -0.43209500 -0.23715315 0.003438 1789349553.347414970 176.214 7.371 0.002 0.00000 -1 ACTUAL_TF
51.9760 0.0306927 -1.5866627 0.6607469 -0.45145141 0.74380024 -0.43210099 -0.23715304 0.003541 1789349553.403455496 176.426 7.159 0.004 0.00000 -1 ACTUAL_TF
52.0289 0.0306989 -1.5864837 0.6607482 -0.45145498 0.74379880 -0.43210121 -0.23715035 0.003437 1789349553.459513903 176.604 6.980 0.008 0.00000 -1 ACTUAL_TF
52.0907 0.0306929 -1.5862669 0.6607511 -0.45145339 0.74379960 -0.43210201 -0.23714943 0.003568 1789349553.515476942 176.821 6.763 0.008 0.00000 -1 ACTUAL_TF
52.1442 0.0306920 -1.5860833 0.6607527 -0.45145726 0.74379780 -0.43210186 -0.23714797 0.003485 1789349553.571285248 177.005 6.580 0.012 0.00000 -1 ACTUAL_TF
52.1964 0.0306955 -1.5858898 0.6607668 -0.45144963 0.74379494 -0.43211421 -0.23714895 0.003477 1789349553.627364635 177.198 6.386 0.024 0.00000 -1 ACTUAL_TF
52.2547 0.0306863 -1.5856858 0.6607743 -0.45144539 0.74379310 -0.43211931 -0.23715352 0.003525 1789349553.683553696 177.402 6.182 0.024 0.00000 -1 ACTUAL_TF
52.3128 0.0306784 -1.5855068 0.6607785 -0.45144028 0.74379458 -0.43212212 -0.23715346 0.003429 1789349553.739505768 177.582 6.003 0.024 0.00000 -1 ACTUAL_TF
52.3727 0.0306609 -1.5852659 0.6607737 -0.45144590 0.74379826 -0.43211088 -0.23715170 0.003696 1789349553.795408487 177.823 5.762 0.012 0.00000 -1 ACTUAL_TF
52.4302 0.0306601 -1.5851099 0.6607846 -0.45144219 0.74379271 -0.43212147 -0.23715689 0.003424 1789349553.851513863 177.979 5.605 0.022 0.00000 -1 ACTUAL_TF
52.4793 0.0306606 -1.5848903 0.6607803 -0.45144419 0.74379798 -0.43211438 -0.23714949 0.003574 1789349553.907495737 178.198 5.386 0.019 0.00000 -1 ACTUAL_TF
52.5387 0.0306554 -1.5847104 0.6607820 -0.45144815 0.74379622 -0.43211262 -0.23715065 0.003466 1789349553.963462830 178.378 5.206 0.018 0.00000 -1 ACTUAL_TF
52.5923 0.0306517 -1.5844936 0.6607738 -0.45145400 0.74380262 -0.43209877 -0.23714468 0.003590 1789349554.019379377 178.595 4.989 0.015 0.00000 -1 ACTUAL_TF
52.6474 0.0306358 -1.5842554 0.6607717 -0.45145609 0.74380624 -0.43209140 -0.23714277 0.003792 1789349554.075402975 178.834 4.751 0.007 0.00000 -1 ACTUAL_TF
52.7102 0.0306358 -1.5840733 0.6607795 -0.45145224 0.74380689 -0.43209562 -0.23714038 0.003630 1789349554.131456852 179.016 4.569 0.011 0.00000 -1 ACTUAL_TF
52.7601 0.0306303 -1.5838685 0.6607848 -0.45145454 0.74380334 -0.43209708 -0.23714446 0.003639 1789349554.187445641 179.221 4.364 0.012 0.00000 -1 ACTUAL_TF
52.8186 0.0306262 -1.5836960 0.6607866 -0.45144819 0.74380792 -0.43209713 -0.23714210 0.003473 1789349554.243397713 179.393 4.191 0.013 0.00000 -1 ACTUAL_TF
52.8774 0.0306301 -1.5834791 0.6607926 -0.45144983 0.74380451 -0.43210127 -0.23714212 0.003595 1789349554.299316883 179.610 3.974 0.023 0.00000 -1 ACTUAL_TF
52.9295 0.0306330 -1.5832902 0.6607911 -0.45145265 0.74380662 -0.43209770 -0.23713665 0.003528 1789349554.355359793 179.799 3.786 0.030 0.00000 -1 ACTUAL_TF
52.9938 0.0306336 -1.5830690 0.6607924 -0.45145059 0.74380983 -0.43209688 -0.23713198 0.003626 1789349554.412750006 180.020 3.565 0.036 0.00000 -1 ACTUAL_TF
53.0424 0.0306300 -1.5828897 0.6607983 -0.45145197 0.74380621 -0.43209986 -0.23713532 0.003521 1789349554.467526674 180.199 3.385 0.038 0.00000 -1 ACTUAL_TF
53.0940 0.0306294 -1.5826529 0.6607951 -0.45145827 0.74380852 -0.43209269 -0.23712913 0.003736 1789349554.523396730 180.436 3.148 0.044 0.00000 -1 ACTUAL_TF
53.1561 0.0306212 -1.5824286 0.6607953 -0.45146262 0.74380885 -0.43208757 -0.23712915 0.003816 1789349554.579468727 180.660 2.924 0.042 0.00000 -1 ACTUAL_TF
53.2041 0.0306115 -1.5822597 0.6608061 -0.45145913 0.74380387 -0.43209564 -0.23713673 0.003579 1789349554.635461807 180.829 2.755 0.037 0.00000 -1 ACTUAL_TF
53.2617 0.0306007 -1.5820445 0.6608137 -0.45146047 0.74379947 -0.43209919 -0.23714147 0.003663 1789349554.691356659 181.045 2.539 0.034 0.00000 -1 ACTUAL_TF
53.3180 0.0306086 -1.5818796 0.6608254 -0.45146174 0.74379067 -0.43211089 -0.23714533 0.003452 1789349554.747280359 181.210 2.375 0.049 0.00000 -1 ACTUAL_TF
53.3803 0.0305915 -1.5816517 0.6608272 -0.45146762 0.74378884 -0.43210549 -0.23714974 0.003639 1789349554.803344250 181.438 2.146 0.039 0.00000 -1 ACTUAL_TF
53.4285 0.0305831 -1.5814716 0.6608374 -0.45146391 0.74378484 -0.43211384 -0.23715413 0.003515 1789349554.859347820 181.618 1.966 0.041 0.00000 -1 ACTUAL_TF
53.4868 0.0305676 -1.5812468 0.6608393 -0.45146525 0.74378582 -0.43210905 -0.23715723 0.003667 1789349554.915373087 181.843 1.741 0.034 0.00000 -1 ACTUAL_TF
53.5446 0.0305578 -1.5810486 0.6608528 -0.45145940 0.74378050 -0.43212005 -0.23716501 0.003631 1789349554.971483231 182.042 1.542 0.041 0.00000 -1 ACTUAL_TF
53.6010 0.0305468 -1.5808854 0.6608623 -0.45145583 0.74377678 -0.43212613 -0.23717238 0.003419 1789349555.027462006 182.206 1.379 0.046 0.00000 -1 ACTUAL_TF
53.6545 0.0305352 -1.5806868 0.6608747 -0.45144765 0.74377397 -0.43213659 -0.23717771 0.003463 1789349555.083405733 182.405 1.180 0.055 0.00000 -1 ACTUAL_TF
53.7157 0.0305161 -1.5804908 0.6608756 -0.45144843 0.74377588 -0.43213109 -0.23718024 0.003477 1789349555.139490843 182.601 0.983 0.055 0.00000 -1 ACTUAL_TF
53.7672 0.0305193 -1.5802937 0.6608867 -0.45144153 0.74377353 -0.43214175 -0.23718136 0.003494 1789349555.195347071 182.798 0.786 0.062 0.00000 -1 ACTUAL_TF
53.8268 0.0305119 -1.5801057 0.6608846 -0.45144649 0.74377539 -0.43213455 -0.23717919 0.003452 1789349555.251432180 182.986 0.598 0.058 0.00000 -1 ACTUAL_TF
53.8796 0.0305070 -1.5798945 0.6608850 -0.45144703 0.74377826 -0.43213018 -0.23717712 0.003549 1789349555.307406187 183.197 0.387 0.056 0.00000 -1 ACTUAL_TF
53.9397 0.0305049 -1.5797294 0.6608884 -0.45144680 0.74377814 -0.43213073 -0.23717693 0.003370 1789349555.363341570 183.363 0.222 0.057 0.00000 -1 ACTUAL_TF
53.9873 0.0304966 -1.5795122 0.6608828 -0.45144562 0.74378756 -0.43211954 -0.23717003 0.003523 1789349555.419369698 183.580 0.005 0.049 0.00000 -1 ACTUAL_TF
54.0477 0.0304903 -1.5792950 0.6608772 -0.45145281 0.74379190 -0.43210836 -0.23716309 0.003630 1789349555.475415230 183.797 -0.213 0.040 0.00000 -1 ACTUAL_TF
54.1075 0.0304866 -1.5791200 0.6608811 -0.45145064 0.74379274 -0.43210922 -0.23716303 0.003481 1789349555.531322241 183.972 -0.388 0.042 0.00000 -1 ACTUAL_TF
54.1657 0.0304816 -1.5789268 0.6608848 -0.45144868 0.74379414 -0.43210908 -0.23716264 0.003469 1789349555.587469816 184.165 -0.581 0.043 0.00000 -1 ACTUAL_TF
54.2166 0.0304840 -1.5787440 0.6608801 -0.45145809 0.74379568 -0.43209998 -0.23715648 0.003409 1789349555.643402100 184.348 -0.764 0.037 0.00000 -1 ACTUAL_TF
54.2796 0.0304829 -1.5785410 0.6608854 -0.45146234 0.74379201 -0.43210169 -0.23715678 0.003476 1789349555.699315310 184.551 -0.967 0.040 0.00000 -1 ACTUAL_TF
54.3305 0.0304776 -1.5783731 0.6608828 -0.45146691 0.74379453 -0.43209417 -0.23715387 0.003332 1789349555.755380630 184.719 -1.135 0.036 0.00000 -1 ACTUAL_TF
54.3876 0.0304791 -1.5781872 0.6608912 -0.45146297 0.74379285 -0.43210088 -0.23715441 0.003330 1789349555.811363697 184.905 -1.320 0.044 0.00000 -1 ACTUAL_TF
54.4401 0.0304820 -1.5780207 0.6608976 -0.45146066 0.74379171 -0.43210640 -0.23715231 0.003224 1789349555.867357492 185.071 -1.487 0.051 0.00000 -1 ACTUAL_TF
54.5019 0.0304742 -1.5778302 0.6609000 -0.45146330 0.74379148 -0.43210368 -0.23715297 0.003278 1789349555.923365116 185.262 -1.678 0.050 0.00000 -1 ACTUAL_TF
54.5489 0.0304686 -1.5776425 0.6609023 -0.45146432 0.74379233 -0.43210153 -0.23715228 0.003300 1789349555.979372740 185.450 -1.865 0.049 0.00000 -1 ACTUAL_TF
54.6095 0.0304647 -1.5774857 0.6609033 -0.45146293 0.74379529 -0.43209932 -0.23714968 0.003149 1789349556.035455465 185.606 -2.022 0.049 0.00000 -1 ACTUAL_TF
54.6640 0.0304553 -1.5772991 0.6609056 -0.45146525 0.74379538 -0.43209668 -0.23714980 0.003198 1789349556.091851234 185.793 -2.209 0.047 0.00000 -1 ACTUAL_TF
54.7240 0.0304468 -1.5771434 0.6609066 -0.45146396 0.74379827 -0.43209355 -0.23714888 0.003083 1789349556.147308588 185.949 -2.365 0.045 0.00000 -1 ACTUAL_TF
54.7776 0.0304464 -1.5769824 0.6609206 -0.45145909 0.74379202 -0.43210676 -0.23715370 0.003022 1789349556.203443766 186.110 -2.526 0.057 0.00000 -1 ACTUAL_TF
54.8425 0.0304423 -1.5768368 0.6609223 -0.45145787 0.74379405 -0.43210508 -0.23715272 0.002896 1789349556.259356260 186.256 -2.672 0.057 0.00000 -1 ACTUAL_TF
54.8909 0.0304379 -1.5766796 0.6609324 -0.45145395 0.74379065 -0.43211339 -0.23715568 0.002871 1789349556.315384626 186.413 -2.829 0.065 0.00000 -1 ACTUAL_TF
54.9540 0.0304285 -1.5765143 0.6609378 -0.45145351 0.74378943 -0.43211429 -0.23715871 0.002896 1789349556.371478319 186.579 -2.995 0.067 0.00000 -1 ACTUAL_TF
54.9989 0.0304316 -1.5763887 0.6609424 -0.45145228 0.74378855 -0.43211792 -0.23715720 0.002702 1789349556.427387238 186.704 -3.120 0.072 0.00000 -1 ACTUAL_TF
55.0564 0.0304294 -1.5762348 0.6609498 -0.45144745 0.74378805 -0.43212322 -0.23715831 0.002716 1789349556.483454704 186.858 -3.274 0.077 0.00000 -1 ACTUAL_TF
55.1159 0.0304201 -1.5761044 0.6609511 -0.45144659 0.74379012 -0.43212011 -0.23715912 0.002602 1789349556.539420366 186.989 -3.405 0.076 0.00000 -1 ACTUAL_TF
55.1754 0.0304130 -1.5759402 0.6609578 -0.45144421 0.74378900 -0.43212380 -0.23716044 0.002702 1789349556.595430851 187.153 -3.569 0.080 0.00000 -1 ACTUAL_TF
55.2288 0.0304117 -1.5758213 0.6609674 -0.45143692 0.74378737 -0.43213287 -0.23716290 0.002530 1789349556.651474714 187.272 -3.688 0.088 0.00000 -1 ACTUAL_TF
55.2809 0.0304109 -1.5756730 0.6609771 -0.45143653 0.74378207 -0.43214033 -0.23716666 0.002568 1789349556.707421064 187.421 -3.836 0.097 0.00000 -1 ACTUAL_TF
55.3435 0.0304134 -1.5755488 0.6609831 -0.45143629 0.74377949 -0.43214497 -0.23716677 0.002463 1789349556.763480186 187.545 -3.961 0.102 0.00000 -1 ACTUAL_TF
55.3938 0.0304187 -1.5754051 0.6609914 -0.45143442 0.74377629 -0.43215281 -0.23716607 0.002496 1789349556.819448709 187.689 -4.104 0.111 0.00000 -1 ACTUAL_TF
55.4496 0.0304160 -1.5752639 0.6610008 -0.45143485 0.74377064 -0.43215927 -0.23717120 0.002506 1789349556.875449419 187.830 -4.246 0.118 0.00000 -1 ACTUAL_TF
55.5113 0.0304171 -1.5751119 0.6609981 -0.45143843 0.74377409 -0.43215276 -0.23716545 0.002568 1789349556.931467772 187.982 -4.397 0.116 0.00000 -1 ACTUAL_TF
55.5600 0.0304173 -1.5749613 0.6610029 -0.45143959 0.74377227 -0.43215458 -0.23716559 0.002606 1789349556.987392187 188.132 -4.548 0.120 0.00000 -1 ACTUAL_TF
55.6170 0.0304161 -1.5748506 0.6610071 -0.45143595 0.74377315 -0.43215763 -0.23716423 0.002412 1789349557.043917418 188.243 -4.659 0.123 0.00000 -1 ACTUAL_TF
55.6769 0.0304150 -1.5747278 0.6610042 -0.45144112 0.74377514 -0.43215086 -0.23716046 0.002353 1789349557.099364996 188.366 -4.781 0.120 0.00000 -1 ACTUAL_TF
55.7275 0.0304158 -1.5746639 0.6610023 -0.45144194 0.74377770 -0.43214737 -0.23715724 0.001990 1789349557.155332804 188.430 -4.845 0.119 0.00000 -1 ACTUAL_TF
55.7852 0.0304134 -1.5746217 0.6610031 -0.45144145 0.74377818 -0.43214687 -0.23715757 0.001619 1789349557.211465836 188.472 -4.888 0.118 0.00000 -1 ACTUAL_TF
