WELD FEEDBACK LOG
result=completed
started=2026-09-14 14:30:13
ended=2026-09-14 14:31:09
elapsed_seconds=55.349

================ OPERATOR OVERVIEW ================
REQUESTED : 150 A / 20.0 V · FE-SOLID 1.2 mm · LSM · CO2 100%
RX ECHO   : 150 A / 20.0 V · MATCH=YES
CURRENT FB: no positive feedback A
VOLTAGE FB: no positive feedback V
WIRE FEED : no positive feedback m/min
WCR       : NOT DETECTED
SAMPLES   : RX 1383 / welding 0 / TCP 990
===================================================

[commanded]
current_a=150
voltage_tenths=200
voltage=20.0
material=FE-SOLID
diameter_mm=1.2
mode=LSM
gas=CO2 100%
synergic=False
correction=0.0
pre_gas_s=0.0
post_gas_s=0.0
preflow_seconds=0.0

[rx_setting_echo]
current_a=150
voltage_v=20.0

[rx_welding_setting_echo]

[execution_conditions]
mode=sequence_execute
run_all=True
touch_io_backend=fastech_ethernet
touch_input_port=4
touch_sensing_output_port=0
fastech_ip=192.168.0.3
fastech_poll_target_hz=100.0
hicomm_source_ip=192.168.1.2
hicomm_welder_ip=192.168.1.10
hicomm_port=60000
gui_velocity_percent=36.95263157894737
gui_speed_mode=scale
gui_tcp_speed_mm_s=10.0
gui_interpolation_step_mm=6.0
seam_wall_offset_mm=0.0
seam_floor_offset_mm=0.0
seam_orientation_mode=Wait poses + fixed World-XYZ tilt
weld_fixed_tilt_x_deg=0.0
weld_fixed_tilt_y_deg=0.0
weld_fixed_tilt_z_deg=-0.0
weld_weave_enabled=False
weld_weave_pattern=circle
weld_weave_amplitude_mm=2.8
weld_weave_cycles=4
weld_weave_samples_per_cycle=8
weld_weave_axis=tool_x
weld_lead_in_mm=0.0
weld_lead_out_mm=5.0
weld_safe_approach_mm=30.0
weld_approach_mode=taught_wait
weld_pre_start_lead_mm=0.0
weld_tcp_speed_mm_s=3.5
weld_adaptive_line_energy=False
weld_adaptive_min_percent=85.0
weld_adaptive_max_percent=100.0
weld_adaptive_filter_tau_s=0.7
weld_adaptive_baseline_mm=6.0
weld_arc_off_delay_ms=500.0
weld_arc_stabilize_s=0.0
tcp_tracking.parent_frame=World
tcp_tracking.child_frame=right_manipulator_ee_point
tcp_tracking.timestamp_source=TF_header_stamp
initial_fastech_di0=False
initial_fastech_do0=True
robot_connected.left=True
robot_connected.right=True
robot_connected.head=True
hicomm_connected=True
execution_allowed=True
steps[0].sequence_number=1
steps[0].type=named_pose
steps[0].parallel_slot=1
steps[0].duration=0.0
steps[0].planning_group=right_manipulator
steps[0].velocity_scale=0.3695263157894737
steps[0].tcp_speed_m_s=0.0
steps[0].pose_name=weld_start_wait
steps[0].pose_label=3 · Weld start wait pose
steps[0].touch_guard=False
steps[0].continue_after_touch=False
steps[0].weld_scenario_id=weld-18236021509404
steps[0].weld_scenario_stage=start_wait
steps[0].target_tcp.position_m.x=0.039515047342488785
steps[0].target_tcp.position_m.y=-1.7654141043684486
steps[0].target_tcp.position_m.z=0.659172281502552
steps[0].target_tcp.orientation_xyzw.x=-0.4512590142769249
steps[0].target_tcp.orientation_xyzw.y=0.7439419069834176
steps[0].target_tcp.orientation_xyzw.z=-0.43189544427157756
steps[0].target_tcp.orientation_xyzw.w=-0.2374490814577953
steps[0].joint_names[0]=right_manipulator_joint1
steps[0].joint_names[1]=right_manipulator_joint2
steps[0].joint_names[2]=right_manipulator_joint3
steps[0].joint_names[3]=right_manipulator_joint4
steps[0].joint_names[4]=right_manipulator_joint5
steps[0].joint_names[5]=right_manipulator_joint6
steps[0].joint_positions_rad[0]=5.0573487690148715
steps[0].joint_positions_rad[1]=1.2017904572082259
steps[0].joint_positions_rad[2]=1.7616516331573706
steps[0].joint_positions_rad[3]=3.4848208548792052
steps[0].joint_positions_rad[4]=0.861725092608419
steps[0].joint_positions_rad[5]=1.5004875424362596
steps[1].sequence_number=2
steps[1].type=motion
steps[1].parallel_slot=2
steps[1].duration=0.0
steps[1].planning_group=right_manipulator
steps[1].velocity_scale=0.3695263157894737
steps[1].tcp_speed_m_s=0.0
steps[1].interpolation_step=0.006
steps[1].path_kind=taught_wait_align_weld_attitude
steps[1].touch_guard=False
steps[1].continue_after_touch=False
steps[1].accept_initial_touch=False
steps[1].weld_scenario_id=weld-18236021509404
steps[1].weld_scenario_stage=start_safe
steps[1].waypoint_count=1
steps[1].waypoints[0].position_m.x=0.039515047342488785
steps[1].waypoints[0].position_m.y=-1.7654141043684486
steps[1].waypoints[0].position_m.z=0.659172281502552
steps[1].waypoints[0].orientation_xyzw.x=-0.45123518376360294
steps[1].waypoints[0].orientation_xyzw.y=0.7439493749542972
steps[1].waypoints[0].orientation_xyzw.z=-0.43191439566086876
steps[1].waypoints[0].orientation_xyzw.w=-0.2374364994263616
steps[2].sequence_number=3
steps[2].type=motion
steps[2].parallel_slot=3
steps[2].duration=0.0
steps[2].planning_group=right_manipulator
steps[2].velocity_scale=0.3695263157894737
steps[2].tcp_speed_m_s=0.0
steps[2].interpolation_step=0.006
steps[2].path_kind=taught_wait_to_weld_start
steps[2].touch_guard=False
steps[2].continue_after_touch=True
steps[2].accept_initial_touch=False
steps[2].weld_scenario_id=weld-18236021509404
steps[2].weld_scenario_stage=start_contact
steps[2].waypoint_count=1
steps[2].waypoints[0].position_m.x=0.03953647985137665
steps[2].waypoints[0].position_m.y=-1.7654416161646946
steps[2].waypoints[0].position_m.z=0.6553082294984767
steps[2].waypoints[0].orientation_xyzw.x=-0.45123518376360294
steps[2].waypoints[0].orientation_xyzw.y=0.7439493749542972
steps[2].waypoints[0].orientation_xyzw.z=-0.43191439566086876
steps[2].waypoints[0].orientation_xyzw.w=-0.2374364994263616
steps[3].sequence_number=4
steps[3].type=digital_weld
steps[3].parallel_slot=5
steps[3].duration=0.0
steps[3].command=on
steps[3].weld_scenario_id=weld-18236021509404
steps[3].weld_scenario_stage=arc_on
steps[3].arc_stabilize_s=0.0
steps[3].settings.current_a=150
steps[3].settings.voltage_tenths=200
steps[3].settings.voltage=20.0
steps[3].settings.material=FE-SOLID
steps[3].settings.diameter_mm=1.2
steps[3].settings.mode=LSM
steps[3].settings.gas=CO2 100%
steps[3].settings.synergic=False
steps[3].settings.correction=0.0
steps[3].settings.pre_gas_s=0.0
steps[3].settings.post_gas_s=0.0
steps[3].settings.preflow_seconds=0.0
steps[4].sequence_number=5
steps[4].type=motion
steps[4].parallel_slot=5
steps[4].duration=0.0
steps[4].planning_group=right_manipulator
steps[4].velocity_scale=0.3695263157894737
steps[4].tcp_speed_m_s=0.0035
steps[4].interpolation_step=0.006
steps[4].path_kind=continuous_lead_to_lead_over_taught_goal_fastech_di0_ignored
steps[4].touch_guard=False
steps[4].weld_scenario_id=weld-18236021509404
steps[4].weld_scenario_stage=weld_motion
steps[4].lead_in_mm=0.0
steps[4].lead_out_mm=5.0
steps[4].linear_motion_profile=True
steps[4].adaptive_line_energy=False
steps[4].adaptive_min_factor=0.85
steps[4].adaptive_max_factor=1.0
steps[4].adaptive_filter_tau_s=0.7
steps[4].adaptive_baseline_mm=6.0
steps[4].adaptive_end_freeze_mm=10.0
steps[4].adaptive_current_deadband_a=8.0
steps[4].adaptive_power_deadband_ratio=0.05
steps[4].adaptive_slew_m_s2=0.00025
steps[4].adaptive_update_period_s=0.5
steps[4].arc_stabilize_s=0.0
steps[4].waypoint_count=2
steps[4].waypoints[0].position_m.x=0.03953647985137665
steps[4].waypoints[0].position_m.y=-1.7654416161646946
steps[4].waypoints[0].position_m.z=0.6553082294984767
steps[4].waypoints[0].orientation_xyzw.x=-0.45123518376360294
steps[4].waypoints[0].orientation_xyzw.y=0.7439493749542972
steps[4].waypoints[0].orientation_xyzw.z=-0.43191439566086876
steps[4].waypoints[0].orientation_xyzw.w=-0.2374364994263616
steps[4].waypoints[1].position_m.x=0.034089561026126286
steps[4].waypoints[1].position_m.y=-1.5759614952551413
steps[4].waypoints[1].position_m.z=0.6576915096793079
steps[4].waypoints[1].orientation_xyzw.x=-0.45121760047811105
steps[4].waypoints[1].orientation_xyzw.y=0.7439479471495388
steps[4].waypoints[1].orientation_xyzw.z=-0.4319339660405982
steps[4].waypoints[1].orientation_xyzw.w=-0.23743878775634408
steps[4].lead_start.position_m.x=0.03953647985137665
steps[4].lead_start.position_m.y=-1.7654416161646946
steps[4].lead_start.position_m.z=0.6553082294984767
steps[4].lead_start.orientation_xyzw.x=-0.45123518376360294
steps[4].lead_start.orientation_xyzw.y=0.7439493749542972
steps[4].lead_start.orientation_xyzw.z=-0.43191439566086876
steps[4].lead_start.orientation_xyzw.w=-0.2374364994263616
steps[4].usable_seam_start.position_m.x=0.03953647985137665
steps[4].usable_seam_start.position_m.y=-1.7654416161646946
steps[4].usable_seam_start.position_m.z=0.6553082294984767
steps[4].usable_seam_start.orientation_xyzw.x=-0.45123518376360294
steps[4].usable_seam_start.orientation_xyzw.y=0.7439493749542972
steps[4].usable_seam_start.orientation_xyzw.z=-0.43191439566086876
steps[4].usable_seam_start.orientation_xyzw.w=-0.2374364994263616
steps[4].usable_seam_goal.position_m.x=0.034233223573022054
steps[4].usable_seam_goal.position_m.y=-1.5809590356315086
steps[4].usable_seam_goal.position_m.z=0.6576286506370257
steps[4].usable_seam_goal.orientation_xyzw.x=-0.45121760047811105
steps[4].usable_seam_goal.orientation_xyzw.y=0.7439479471495388
steps[4].usable_seam_goal.orientation_xyzw.z=-0.4319339660405982
steps[4].usable_seam_goal.orientation_xyzw.w=-0.23743878775634408
steps[4].lead_end.position_m.x=0.034089561026126286
steps[4].lead_end.position_m.y=-1.5759614952551413
steps[4].lead_end.position_m.z=0.6576915096793079
steps[4].lead_end.orientation_xyzw.x=-0.45121760047811105
steps[4].lead_end.orientation_xyzw.y=0.7439479471495388
steps[4].lead_end.orientation_xyzw.z=-0.4319339660405982
steps[4].lead_end.orientation_xyzw.w=-0.23743878775634408
steps[5].sequence_number=6
steps[5].type=digital_weld
steps[5].parallel_slot=5
steps[5].duration=0.0
steps[5].velocity_scale=0.3695263157894737
steps[5].tcp_speed_m_s=0.0035
steps[5].command=off
steps[5].weld_scenario_id=weld-18236021509404
steps[5].weld_scenario_stage=arc_off
steps[5].adaptive_line_energy=False
steps[5].trigger_before_goal=True
steps[5].arc_off_delay_s=0.5
steps[5].settings.current_a=150
steps[5].settings.voltage_tenths=200
steps[5].settings.voltage=20.0
steps[5].settings.material=FE-SOLID
steps[5].settings.diameter_mm=1.2
steps[5].settings.mode=LSM
steps[5].settings.gas=CO2 100%
steps[5].settings.synergic=False
steps[5].settings.correction=0.0
steps[5].settings.pre_gas_s=0.0
steps[5].settings.post_gas_s=0.0
steps[5].settings.preflow_seconds=0.0
steps[6].sequence_number=7
steps[6].type=motion
steps[6].parallel_slot=6
steps[6].duration=0.0
steps[6].planning_group=right_manipulator
steps[6].velocity_scale=0.3695263157894737
steps[6].tcp_speed_m_s=0.0
steps[6].interpolation_step=0.006
steps[6].path_kind=weld_end_to_taught_wait_fixed_attitude
steps[6].pose_name=weld_goal_wait
steps[6].pose_label=5 · Weld goal wait pose
steps[6].touch_guard=False
steps[6].continue_after_touch=False
steps[6].weld_scenario_id=weld-18236021509404
steps[6].weld_scenario_stage=goal_wait
steps[6].waypoint_count=1
steps[6].waypoints[0].position_m.x=0.0342300028759292
steps[6].waypoints[0].position_m.y=-1.5809596557687406
steps[6].waypoints[0].position_m.z=0.6627398871627423
steps[6].waypoints[0].orientation_xyzw.x=-0.45121760047811105
steps[6].waypoints[0].orientation_xyzw.y=0.7439479471495388
steps[6].waypoints[0].orientation_xyzw.z=-0.4319339660405982
steps[6].waypoints[0].orientation_xyzw.w=-0.23743878775634408
steps[7].sequence_number=8
steps[7].type=named_pose
steps[7].parallel_slot=7
steps[7].duration=0.0
steps[7].planning_group=right_manipulator
steps[7].velocity_scale=0.3695263157894737
steps[7].tcp_speed_m_s=0.0
steps[7].pose_name=weld_finish
steps[7].pose_label=7 · Weld end pose
steps[7].touch_guard=False
steps[7].continue_after_touch=False
steps[7].weld_scenario_id=weld-18236021509404
steps[7].weld_scenario_stage=finish
steps[7].target_tcp.position_m.x=0.03422474832923322
steps[7].target_tcp.position_m.y=-1.5809703817997534
steps[7].target_tcp.position_m.z=0.7228015395716307
steps[7].target_tcp.orientation_xyzw.x=-0.4512299576233499
steps[7].target_tcp.orientation_xyzw.y=0.7439245017784334
steps[7].target_tcp.orientation_xyzw.z=-0.43195005582484886
steps[7].target_tcp.orientation_xyzw.w=-0.23745949185039886
steps[7].joint_names[0]=right_manipulator_joint1
steps[7].joint_names[1]=right_manipulator_joint2
steps[7].joint_names[2]=right_manipulator_joint3
steps[7].joint_names[3]=right_manipulator_joint4
steps[7].joint_names[4]=right_manipulator_joint5
steps[7].joint_names[5]=right_manipulator_joint6
steps[7].joint_positions_rad[0]=5.128568620782424
steps[7].joint_positions_rad[1]=1.1059773780382272
steps[7].joint_positions_rad[2]=2.020871616282724
steps[7].joint_positions_rad[3]=3.5184659005107215
steps[7].joint_positions_rad[4]=1.0171583591020217
steps[7].joint_positions_rad[5]=1.5638023331401305
steps[8].sequence_number=9
steps[8].type=digital_output
steps[8].parallel_slot=8
steps[8].duration=0.0
steps[8].port=0
steps[8].value=True
steps[8].weld_scenario_id=weld-18236021509404
steps[8].weld_scenario_stage=touch_output_on
hicomm_cyclic_period_ms=40.0
arc_wait_recognition=True
arc_wait_main_welding=True
arc_wait_established=True
arc_establishment_timeout_s=5.0

[summary]
rx_samples=1383
welding_samples=0
wcr_seen=0
current_a.min=None
current_a.average=None
current_a.max=None
voltage_v.min=None
voltage_v.average=None
voltage_v.max=None
wire_feed_m_min.min=None
wire_feed_m_min.average=None
wire_feed_m_min.max=None

[arc_off_control]

[adaptive_speed_control]
enabled=False

[adaptive_speed_samples]
elapsed_s event along_mm remaining_mm filtered_current_a filtered_voltage_v power_w line_energy_j_mm governed_speed_mm_s commanded_speed_mm_s

[teaching_snapshot_yaml]
robot_start:
  planning_group: right_manipulator
  joint_state:
    names:
    - right_manipulator_joint1
    - right_manipulator_joint2
    - right_manipulator_joint3
    - right_manipulator_joint4
    - right_manipulator_joint5
    - right_manipulator_joint6
    positions_rad:
    - 5.124612228667003
    - 0.9375659949204503
    - 2.1044165775751638
    - 3.534853662278524
    - 0.9383253953052864
    - 1.526064142071217
  tcp_pose_world:
    position_m:
      x: 0.030481211467913605
      y: -1.5794683969443724
      z: 0.8540638386410224
    orientation_xyzw:
      x: -0.45146253742684717
      y: 0.7438018747073104
      z: -0.432087406945218
      w: -0.23715147320090735
weld_wait:
  planning_group: right_manipulator
  joint_state:
    names:
    - right_manipulator_joint1
    - right_manipulator_joint2
    - right_manipulator_joint3
    - right_manipulator_joint4
    - right_manipulator_joint5
    - right_manipulator_joint6
    positions_rad:
    - 5.0539883923514095
    - 1.1589907953295624
    - 1.7920730554474003
    - 3.4834730290515163
    - 0.8498595115296255
    - 1.4963527185278027
  tcp_pose_world:
    position_m:
      x: 0.03548682596294217
      y: -1.762881729602661
      z: 0.6962272742564597
    orientation_xyzw:
      x: -0.4514898308016516
      y: 0.743783752703836
      z: -0.43208294921709756
      w: -0.23716447223888731
weld_start_wait:
  planning_group: right_manipulator
  joint_state:
    names:
    - right_manipulator_joint1
    - right_manipulator_joint2
    - right_manipulator_joint3
    - right_manipulator_joint4
    - right_manipulator_joint5
    - right_manipulator_joint6
    positions_rad:
    - 5.0573487690148715
    - 1.2017904572082259
    - 1.7616516331573706
    - 3.4848208548792052
    - 0.861725092608419
    - 1.5004875424362596
  tcp_pose_world:
    position_m:
      x: 0.039515047342488785
      y: -1.7654141043684486
      z: 0.659172281502552
    orientation_xyzw:
      x: -0.4512590142769249
      y: 0.7439419069834176
      z: -0.43189544427157756
      w: -0.2374490814577953
weld_start:
  planning_group: right_manipulator
  joint_state:
    names:
    - right_manipulator_joint1
    - right_manipulator_joint2
    - right_manipulator_joint3
    - right_manipulator_joint4
    - right_manipulator_joint5
    - right_manipulator_joint6
    positions_rad:
    - 5.0573487690148715
    - 1.20617974615884
    - 1.7588381366237564
    - 3.4843500079984793
    - 0.8632325083644311
    - 1.5012583944137832
  tcp_pose_world:
    position_m:
      x: 0.03953647985137665
      y: -1.7654416161646946
      z: 0.6553082294984767
    orientation_xyzw:
      x: -0.45123518376360294
      y: 0.7439493749542972
      z: -0.43191439566086876
      w: -0.2374364994263616
weld_goal_wait:
  planning_group: right_manipulator
  joint_state:
    names:
    - right_manipulator_joint1
    - right_manipulator_joint2
    - right_manipulator_joint3
    - right_manipulator_joint4
    - right_manipulator_joint5
    - right_manipulator_joint6
    positions_rad:
    - 5.128568620782424
    - 1.1805501496181898
    - 1.9771720722717228
    - 3.5117376903327453
    - 1.0457762221228224
    - 1.5769018899100122
  tcp_pose_world:
    position_m:
      x: 0.0342300028759292
      y: -1.5809596557687406
      z: 0.6627398871627423
    orientation_xyzw:
      x: -0.45125113943905704
      y: 0.7439483742634135
      z: -0.43189659321214224
      w: -0.23744169464843834
weld_end:
  planning_group: right_manipulator
  joint_state:
    names:
    - right_manipulator_joint1
    - right_manipulator_joint2
    - right_manipulator_joint3
    - right_manipulator_joint4
    - right_manipulator_joint5
    - right_manipulator_joint6
    positions_rad:
    - 5.128568620782424
    - 1.1868569145536612
    - 1.9732764002291547
    - 3.5112250318229052
    - 1.0480923733228644
    - 1.5779840654189659
  tcp_pose_world:
    position_m:
      x: 0.034233223573022054
      y: -1.5809590356315086
      z: 0.6576286506370257
    orientation_xyzw:
      x: -0.45121760047811105
      y: 0.7439479471495388
      z: -0.4319339660405982
      w: -0.23743878775634408
weld_finish:
  planning_group: right_manipulator
  joint_state:
    names:
    - right_manipulator_joint1
    - right_manipulator_joint2
    - right_manipulator_joint3
    - right_manipulator_joint4
    - right_manipulator_joint5
    - right_manipulator_joint6
    positions_rad:
    - 5.128568620782424
    - 1.1059773780382272
    - 2.020871616282724
    - 3.5184659005107215
    - 1.0171583591020217
    - 1.5638023331401305
  tcp_pose_world:
    position_m:
      x: 0.03422474832923322
      y: -1.5809703817997534
      z: 0.7228015395716307
    orientation_xyzw:
      x: -0.4512299576233499
      y: 0.7439245017784334
      z: -0.43195005582484886
      w: -0.23745949185039886

[touch_snapshot_yaml]
{}

[samples]
elapsed_s raw0 state arc gas fwd wcr current_a voltage_v wire_feed_m_min set_current_a set_voltage_v error db collision
0.025 0x00 idle 0 0 0 0 0 0.0 0.0 150 20.0 0 0 0
0.063 0x00 idle 0 0 0 0 0 0.0 0.0 150 20.0 0 0 0
0.107 0x00 idle 0 0 0 0 0 0.0 0.0 150 20.0 0 0 0
0.146 0x00 idle 0 0 0 0 0 0.0 0.0 150 20.0 0 0 0
0.189 0x00 idle 0 0 0 0 0 0.0 0.0 150 20.0 0 0 0
0.225 0x00 idle 0 0 0 0 0 0.0 0.0 150 20.0 0 0 0
0.267 0x00 idle 0 0 0 0 0 0.0 0.0 150 20.0 0 0 0
0.306 0x00 idle 0 0 0 0 0 0.0 0.0 150 20.0 0 0 0
0.348 0x00 idle 0 0 0 0 0 0.0 0.0 150 20.0 0 0 0
0.387 0x00 idle 0 0 0 0 0 0.0 0.0 150 20.0 0 0 0
0.425 0x00 idle 0 0 0 0 0 0.0 0.0 150 20.0 0 0 0
0.464 0x00 idle 0 0 0 0 0 0.0 0.0 150 20.0 0 0 0
0.504 0x00 idle 0 0 0 0 0 0.0 0.0 150 20.0 0 0 0
0.546 0x00 idle 0 0 0 0 0 0.0 0.0 150 20.0 0 0 0
0.587 0x00 idle 0 0 0 0 0 0.0 0.0 150 20.0 0 0 0
0.622 0x00 idle 0 0 0 0 0 0.0 0.0 150 20.0 0 0 0
0.663 0x00 idle 0 0 0 0 0 0.0 0.0 150 20.0 0 0 0
0.707 0x00 idle 0 0 0 0 0 0.0 0.0 150 20.0 0 0 0
0.744 0x00 idle 0 0 0 0 0 0.0 0.0 150 20.0 0 0 0
0.790 0x00 idle 0 0 0 0 0 0.0 0.0 150 20.0 0 0 0
0.827 0x00 idle 0 0 0 0 0 0.0 0.0 150 20.0 0 0 0
0.867 0x00 idle 0 0 0 0 0 0.0 0.0 150 20.0 0 0 0
0.903 0x00 idle 0 0 0 0 0 0.0 0.0 150 20.0 0 0 0
0.944 0x00 idle 0 0 0 0 0 0.0 0.0 150 20.0 0 0 0
0.987 0x00 idle 0 0 0 0 0 0.0 0.0 150 20.0 0 0 0
1.027 0x00 idle 0 0 0 0 0 0.0 0.0 150 20.0 0 0 0
1.062 0x00 idle 0 0 0 0 0 0.0 0.0 150 20.0 0 0 0
1.108 0x00 idle 0 0 0 0 0 0.0 0.0 150 20.0 0 0 0
1.149 0x00 idle 0 0 0 0 0 0.0 0.0 150 20.0 0 0 0
1.190 0x00 idle 0 0 0 0 0 0.0 0.0 150 20.0 0 0 0
1.226 0x00 idle 0 0 0 0 0 0.0 0.0 150 20.0 0 0 0
1.269 0x00 idle 0 0 0 0 0 0.0 0.0 150 20.0 0 0 0
1.313 0x00 idle 0 0 0 0 0 0.0 0.0 150 20.0 0 0 0
1.347 0x00 idle 0 0 0 0 0 0.0 0.0 150 20.0 0 0 0
1.390 0x00 idle 0 0 0 0 0 0.0 0.0 150 20.0 0 0 0
1.425 0x00 idle 0 0 0 0 0 0.0 0.0 150 20.0 0 0 0
1.463 0x00 idle 0 0 0 0 0 0.0 0.0 150 20.0 0 0 0
1.507 0x00 idle 0 0 0 0 0 0.0 0.0 150 20.0 0 0 0
1.546 0x00 idle 0 0 0 0 0 0.0 0.0 150 20.0 0 0 0
1.590 0x00 idle 0 0 0 0 0 0.0 0.0 150 20.0 0 0 0
1.623 0x00 idle 0 0 0 0 0 0.0 0.0 150 20.0 0 0 0
1.667 0x00 idle 0 0 0 0 0 0.0 0.0 150 20.0 0 0 0
1.707 0x00 idle 0 0 0 0 0 0.0 0.0 150 20.0 0 0 0
1.746 0x00 idle 0 0 0 0 0 0.0 0.0 150 20.0 0 0 0
1.786 0x00 idle 0 0 0 0 0 0.0 0.0 150 20.0 0 0 0
1.825 0x00 idle 0 0 0 0 0 0.0 0.0 150 20.0 0 0 0
1.864 0x00 idle 0 0 0 0 0 0.0 0.0 150 20.0 0 0 0
1.907 0x00 idle 0 0 0 0 0 0.0 0.0 150 20.0 0 0 0
1.948 0x00 idle 0 0 0 0 0 0.0 0.0 150 20.0 0 0 0
1.987 0x00 idle 0 0 0 0 0 0.0 0.0 150 20.0 0 0 0
2.023 0x00 idle 0 0 0 0 0 0.0 0.0 150 20.0 0 0 0
2.063 0x00 idle 0 0 0 0 0 0.0 0.0 150 20.0 0 0 0
2.109 0x00 idle 0 0 0 0 0 0.0 0.0 150 20.0 0 0 0
2.152 0x00 idle 0 0 0 0 0 0.0 0.0 150 20.0 0 0 0
2.186 0x00 idle 0 0 0 0 0 0.0 0.0 150 20.0 0 0 0
2.224 0x00 idle 0 0 0 0 0 0.0 0.0 150 20.0 0 0 0
2.263 0x00 idle 0 0 0 0 0 0.0 0.0 150 20.0 0 0 0
2.306 0x00 idle 0 0 0 0 0 0.0 0.0 150 20.0 0 0 0
2.349 0x00 idle 0 0 0 0 0 0.0 0.0 150 20.0 0 0 0
2.383 0x00 idle 0 0 0 0 0 0.0 0.0 150 20.0 0 0 0
2.424 0x00 idle 0 0 0 0 0 0.0 0.0 150 20.0 0 0 0
2.466 0x00 idle 0 0 0 0 0 0.0 0.0 150 20.0 0 0 0
2.502 0x00 idle 0 0 0 0 0 0.0 0.0 150 20.0 0 0 0
2.543 0x00 idle 0 0 0 0 0 0.0 0.0 150 20.0 0 0 0
2.586 0x00 idle 0 0 0 0 0 0.0 0.0 150 20.0 0 0 0
2.627 0x00 idle 0 0 0 0 0 0.0 0.0 150 20.0 0 0 0
2.662 0x00 idle 0 0 0 0 0 0.0 0.0 150 20.0 0 0 0
2.712 0x00 idle 0 0 0 0 0 0.0 0.0 150 20.0 0 0 0
2.744 0x00 idle 0 0 0 0 0 0.0 0.0 150 20.0 0 0 0
2.788 0x00 idle 0 0 0 0 0 0.0 0.0 150 20.0 0 0 0
2.824 0x00 idle 0 0 0 0 0 0.0 0.0 150 20.0 0 0 0
2.863 0x00 idle 0 0 0 0 0 0.0 0.0 150 20.0 0 0 0
2.904 0x00 idle 0 0 0 0 0 0.0 0.0 150 20.0 0 0 0
2.950 0x00 idle 0 0 0 0 0 0.0 0.0 150 20.0 0 0 0
2.986 0x00 idle 0 0 0 0 0 0.0 0.0 150 20.0 0 0 0
3.023 0x00 idle 0 0 0 0 0 0.0 0.0 150 20.0 0 0 0
3.063 0x00 idle 0 0 0 0 0 0.0 0.0 150 20.0 0 0 0
3.106 0x00 idle 0 0 0 0 0 0.0 0.0 150 20.0 0 0 0
3.145 0x00 idle 0 0 0 0 0 0.0 0.0 150 20.0 0 0 0
3.186 0x00 idle 0 0 0 0 0 0.0 0.0 150 20.0 0 0 0
3.229 0x00 idle 0 0 0 0 0 0.0 0.0 150 20.0 0 0 0
3.263 0x00 idle 0 0 0 0 0 0.0 0.0 150 20.0 0 0 0
3.310 0x00 idle 0 0 0 0 0 0.0 0.0 150 20.0 0 0 0
3.347 0x00 idle 0 0 0 0 0 0.0 0.0 150 20.0 0 0 0
3.387 0x00 idle 0 0 0 0 0 0.0 0.0 150 20.0 0 0 0
3.426 0x00 idle 0 0 0 0 0 0.0 0.0 150 20.0 0 0 0
3.469 0x00 idle 0 0 0 0 0 0.0 0.0 150 20.0 0 0 0
3.504 0x00 idle 0 0 0 0 0 0.0 0.0 150 20.0 0 0 0
3.544 0x00 idle 0 0 0 0 0 0.0 0.0 150 20.0 0 0 0
3.584 0x00 idle 0 0 0 0 0 0.0 0.0 150 20.0 0 0 0
3.622 0x00 idle 0 0 0 0 0 0.0 0.0 150 20.0 0 0 0
3.664 0x00 idle 0 0 0 0 0 0.0 0.0 150 20.0 0 0 0
3.703 0x00 idle 0 0 0 0 0 0.0 0.0 150 20.0 0 0 0
3.746 0x00 idle 0 0 0 0 0 0.0 0.0 150 20.0 0 0 0
3.782 0x00 idle 0 0 0 0 0 0.0 0.0 150 20.0 0 0 0
3.823 0x00 idle 0 0 0 0 0 0.0 0.0 150 20.0 0 0 0
3.863 0x00 idle 0 0 0 0 0 0.0 0.0 150 20.0 0 0 0
3.905 0x00 idle 0 0 0 0 0 0.0 0.0 150 20.0 0 0 0
3.947 0x00 idle 0 0 0 0 0 0.0 0.0 150 20.0 0 0 0
3.985 0x00 idle 0 0 0 0 0 0.0 0.0 150 20.0 0 0 0
4.024 0x00 idle 0 0 0 0 0 0.0 0.0 150 20.0 0 0 0
4.063 0x00 idle 0 0 0 0 0 0.0 0.0 150 20.0 0 0 0
4.106 0x00 idle 0 0 0 0 0 0.0 0.0 150 20.0 0 0 0
4.145 0x00 idle 0 0 0 0 0 0.0 0.0 150 20.0 0 0 0
4.186 0x00 idle 0 0 0 0 0 0.0 0.0 150 20.0 0 0 0
4.228 0x00 idle 0 0 0 0 0 0.0 0.0 150 20.0 0 0 0
4.267 0x00 idle 0 0 0 0 0 0.0 0.0 150 20.0 0 0 0
4.310 0x00 idle 0 0 0 0 0 0.0 0.0 150 20.0 0 0 0
4.346 0x00 idle 0 0 0 0 0 0.0 0.0 150 20.0 0 0 0
4.382 0x00 idle 0 0 0 0 0 0.0 0.0 150 20.0 0 0 0
4.427 0x00 idle 0 0 0 0 0 0.0 0.0 150 20.0 0 0 0
4.469 0x00 idle 0 0 0 0 0 0.0 0.0 150 20.0 0 0 0
4.506 0x00 idle 0 0 0 0 0 0.0 0.0 150 20.0 0 0 0
4.544 0x00 idle 0 0 0 0 0 0.0 0.0 150 20.0 0 0 0
4.592 0x00 idle 0 0 0 0 0 0.0 0.0 150 20.0 0 0 0
4.626 0x00 idle 0 0 0 0 0 0.0 0.0 150 20.0 0 0 0
4.673 0x00 idle 0 0 0 0 0 0.0 0.0 150 20.0 0 0 0
4.707 0x00 idle 0 0 0 0 0 0.0 0.0 150 20.0 0 0 0
4.746 0x00 idle 0 0 0 0 0 0.0 0.0 150 20.0 0 0 0
4.791 0x00 idle 0 0 0 0 0 0.0 0.0 150 20.0 0 0 0
4.824 0x00 idle 0 0 0 0 0 0.0 0.0 150 20.0 0 0 0
4.867 0x00 idle 0 0 0 0 0 0.0 0.0 150 20.0 0 0 0
4.907 0x00 idle 0 0 0 0 0 0.0 0.0 150 20.0 0 0 0
4.942 0x00 idle 0 0 0 0 0 0.0 0.0 150 20.0 0 0 0
4.988 0x00 idle 0 0 0 0 0 0.0 0.0 150 20.0 0 0 0
5.024 0x00 idle 0 0 0 0 0 0.0 0.0 150 20.0 0 0 0
5.064 0x00 idle 0 0 0 0 0 0.0 0.0 150 20.0 0 0 0
5.106 0x00 idle 0 0 0 0 0 0.0 0.0 150 20.0 0 0 0
5.143 0x00 idle 0 0 0 0 0 0.0 0.0 150 20.0 0 0 0
5.190 0x00 idle 0 0 0 0 0 0.0 0.0 150 20.0 0 0 0
5.223 0x00 idle 0 0 0 0 0 0.0 0.0 150 20.0 0 0 0
5.268 0x00 idle 0 0 0 0 0 0.0 0.0 150 20.0 0 0 0
5.307 0x00 idle 0 0 0 0 0 0.0 0.0 150 20.0 0 0 0
5.351 0x00 idle 0 0 0 0 0 0.0 0.0 150 20.0 0 0 0
5.388 0x00 idle 0 0 0 0 0 0.0 0.0 150 20.0 0 0 0
5.424 0x00 idle 0 0 0 0 0 0.0 0.0 150 20.0 0 0 0
5.466 0x00 idle 0 0 0 0 0 0.0 0.0 150 20.0 0 0 0
5.503 0x00 idle 0 0 0 0 0 0.0 0.0 150 20.0 0 0 0
5.547 0x00 idle 0 0 0 0 0 0.0 0.0 150 20.0 0 0 0
5.584 0x00 idle 0 0 0 0 0 0.0 0.0 150 20.0 0 0 0
5.624 0x00 idle 0 0 0 0 0 0.0 0.0 150 20.0 0 0 0
5.666 0x00 idle 0 0 0 0 0 0.0 0.0 150 20.0 0 0 0
5.709 0x00 idle 0 0 0 0 0 0.0 0.0 150 20.0 0 0 0
5.745 0x00 idle 0 0 0 0 0 0.0 0.0 150 20.0 0 0 0
5.789 0x00 idle 0 0 0 0 0 0.0 0.0 150 20.0 0 0 0
5.825 0x00 idle 0 0 0 0 0 0.0 0.0 150 20.0 0 0 0
5.864 0x00 idle 0 0 0 0 0 0.0 0.0 150 20.0 0 0 0
5.905 0x00 idle 0 0 0 0 0 0.0 0.0 150 20.0 0 0 0
5.944 0x00 idle 0 0 0 0 0 0.0 0.0 150 20.0 0 0 0
5.986 0x00 idle 0 0 0 0 0 0.0 0.0 150 20.0 0 0 0
6.023 0x00 idle 0 0 0 0 0 0.0 0.0 150 20.0 0 0 0
6.074 0x00 idle 0 0 0 0 0 0.0 0.0 150 20.0 0 0 0
6.104 0x00 idle 0 0 0 0 0 0.0 0.0 150 20.0 0 0 0
6.150 0x00 idle 0 0 0 0 0 0.0 0.0 150 20.0 0 0 0
6.190 0x00 idle 0 0 0 0 0 0.0 0.0 150 20.0 0 0 0
6.222 0x00 idle 0 0 0 0 0 0.0 0.0 150 20.0 0 0 0
6.264 0x00 idle 0 0 0 0 0 0.0 0.0 150 20.0 0 0 0
6.303 0x00 idle 0 0 0 0 0 0.0 0.0 150 20.0 0 0 0
6.343 0x00 idle 0 0 0 0 0 0.0 0.0 150 20.0 0 0 0
6.388 0x00 idle 0 0 0 0 0 0.0 0.0 150 20.0 0 0 0
6.428 0x00 idle 0 0 0 0 0 0.0 0.0 150 20.0 0 0 0
6.470 0x00 idle 0 0 0 0 0 0.0 0.0 150 20.0 0 0 0
6.503 0x00 idle 0 0 0 0 0 0.0 0.0 150 20.0 0 0 0
6.544 0x00 idle 0 0 0 0 0 0.0 0.0 150 20.0 0 0 0
6.592 0x00 idle 0 0 0 0 0 0.0 0.0 150 20.0 0 0 0
6.625 0x00 idle 0 0 0 0 0 0.0 0.0 150 20.0 0 0 0
6.666 0x00 idle 0 0 0 0 0 0.0 0.0 150 20.0 0 0 0
6.709 0x00 idle 0 0 0 0 0 0.0 0.0 150 20.0 0 0 0
6.749 0x00 idle 0 0 0 0 0 0.0 0.0 150 20.0 0 0 0
6.790 0x00 idle 0 0 0 0 0 0.0 0.0 150 20.0 0 0 0
6.823 0x00 idle 0 0 0 0 0 0.0 0.0 150 20.0 0 0 0
6.863 0x00 idle 0 0 0 0 0 0.0 0.0 150 20.0 0 0 0
6.911 0x00 idle 0 0 0 0 0 0.0 0.0 150 20.0 0 0 0
6.944 0x00 idle 0 0 0 0 0 0.0 0.0 150 20.0 0 0 0
6.985 0x00 idle 0 0 0 0 0 0.0 0.0 150 20.0 0 0 0
7.027 0x00 idle 0 0 0 0 0 0.0 0.0 150 20.0 0 0 0
7.064 0x00 idle 0 0 0 0 0 0.0 0.0 150 20.0 0 0 0
7.103 0x00 idle 0 0 0 0 0 0.0 0.0 150 20.0 0 0 0
7.146 0x00 idle 0 0 0 0 0 0.0 0.0 150 20.0 0 0 0
7.193 0x00 idle 0 0 0 0 0 0.0 0.0 150 20.0 0 0 0
7.228 0x00 idle 0 0 0 0 0 0.0 0.0 150 20.0 0 0 0
7.266 0x00 idle 0 0 0 0 0 0.0 0.0 150 20.0 0 0 0
7.306 0x00 idle 0 0 0 0 0 0.0 0.0 150 20.0 0 0 0
7.354 0x00 idle 0 0 0 0 0 0.0 0.0 150 20.0 0 0 0
7.387 0x00 idle 0 0 0 0 0 0.0 0.0 150 20.0 0 0 0
7.429 0x00 idle 0 0 0 0 0 0.0 0.0 150 20.0 0 0 0
7.462 0x00 idle 0 0 0 0 0 0.0 0.0 150 20.0 0 0 0
7.509 0x00 idle 0 0 0 0 0 0.0 0.0 150 20.0 0 0 0
7.543 0x00 idle 0 0 0 0 0 0.0 0.0 150 20.0 0 0 0
7.587 0x00 idle 0 0 0 0 0 0.0 0.0 150 20.0 0 0 0
7.626 0x00 idle 0 0 0 0 0 0.0 0.0 150 20.0 0 0 0
7.667 0x00 idle 0 0 0 0 0 0.0 0.0 150 20.0 0 0 0
7.708 0x00 idle 0 0 0 0 0 0.0 0.0 150 20.0 0 0 0
7.753 0x00 idle 0 0 0 0 0 0.0 0.0 150 20.0 0 0 0
7.784 0x00 idle 0 0 0 0 0 0.0 0.0 150 20.0 0 0 0
7.828 0x00 idle 0 0 0 0 0 0.0 0.0 150 20.0 0 0 0
7.866 0x00 idle 0 0 0 0 0 0.0 0.0 150 20.0 0 0 0
7.904 0x00 idle 0 0 0 0 0 0.0 0.0 150 20.0 0 0 0
7.944 0x00 idle 0 0 0 0 0 0.0 0.0 150 20.0 0 0 0
7.986 0x00 idle 0 0 0 0 0 0.0 0.0 150 20.0 0 0 0
8.029 0x00 idle 0 0 0 0 0 0.0 0.0 150 20.0 0 0 0
8.063 0x00 idle 0 0 0 0 0 0.0 0.0 150 20.0 0 0 0
8.109 0x00 idle 0 0 0 0 0 0.0 0.0 150 20.0 0 0 0
8.150 0x00 idle 0 0 0 0 0 0.0 0.0 150 20.0 0 0 0
8.187 0x00 idle 0 0 0 0 0 0.0 0.0 150 20.0 0 0 0
8.228 0x00 idle 0 0 0 0 0 0.0 0.0 150 20.0 0 0 0
8.272 0x00 idle 0 0 0 0 0 0.0 0.0 150 20.0 0 0 0
8.306 0x00 idle 0 0 0 0 0 0.0 0.0 150 20.0 0 0 0
8.344 0x00 idle 0 0 0 0 0 0.0 0.0 150 20.0 0 0 0
8.390 0x00 idle 0 0 0 0 0 0.0 0.0 150 20.0 0 0 0
8.428 0x00 idle 0 0 0 0 0 0.0 0.0 150 20.0 0 0 0
8.467 0x00 idle 0 0 0 0 0 0.0 0.0 150 20.0 0 0 0
8.503 0x00 idle 0 0 0 0 0 0.0 0.0 150 20.0 0 0 0
8.543 0x00 idle 0 0 0 0 0 0.0 0.0 150 20.0 0 0 0
8.584 0x00 idle 0 0 0 0 0 0.0 0.0 150 20.0 0 0 0
8.625 0x00 idle 0 0 0 0 0 0.0 0.0 150 20.0 0 0 0
8.663 0x00 idle 0 0 0 0 0 0.0 0.0 150 20.0 0 0 0
8.703 0x00 idle 0 0 0 0 0 0.0 0.0 150 20.0 0 0 0
8.747 0x00 idle 0 0 0 0 0 0.0 0.0 150 20.0 0 0 0
8.783 0x00 idle 0 0 0 0 0 0.0 0.0 150 20.0 0 0 0
8.822 0x00 idle 0 0 0 0 0 0.0 0.0 150 20.0 0 0 0
8.862 0x00 idle 0 0 0 0 0 0.0 0.0 150 20.0 0 0 0
8.904 0x00 idle 0 0 0 0 0 0.0 0.0 150 20.0 0 0 0
8.948 0x00 idle 0 0 0 0 0 0.0 0.0 150 20.0 0 0 0
8.985 0x00 idle 0 0 0 0 0 0.0 0.0 150 20.0 0 0 0
9.027 0x00 idle 0 0 0 0 0 0.0 0.0 150 20.0 0 0 0
9.064 0x00 idle 0 0 0 0 0 0.0 0.0 150 20.0 0 0 0
9.106 0x00 idle 0 0 0 0 0 0.0 0.0 150 20.0 0 0 0
9.143 0x00 idle 0 0 0 0 0 0.0 0.0 150 20.0 0 0 0
9.189 0x00 idle 0 0 0 0 0 0.0 0.0 150 20.0 0 0 0
9.233 0x00 idle 0 0 0 0 0 0.0 0.0 150 20.0 0 0 0
9.268 0x00 idle 0 0 0 0 0 0.0 0.0 150 20.0 0 0 0
9.307 0x00 idle 0 0 0 0 0 0.0 0.0 150 20.0 0 0 0
9.347 0x00 idle 0 0 0 0 0 0.0 0.0 150 20.0 0 0 0
9.386 0x00 idle 0 0 0 0 0 0.0 0.0 150 20.0 0 0 0
9.425 0x00 idle 0 0 0 0 0 0.0 0.0 150 20.0 0 0 0
9.466 0x00 idle 0 0 0 0 0 0.0 0.0 150 20.0 0 0 0
9.503 0x00 idle 0 0 0 0 0 0.0 0.0 150 20.0 0 0 0
9.548 0x00 idle 0 0 0 0 0 0.0 0.0 150 20.0 0 0 0
9.582 0x00 idle 0 0 0 0 0 0.0 0.0 150 20.0 0 0 0
9.623 0x00 idle 0 0 0 0 0 0.0 0.0 150 20.0 0 0 0
9.666 0x00 idle 0 0 0 0 0 0.0 0.0 150 20.0 0 0 0
9.704 0x00 idle 0 0 0 0 0 0.0 0.0 150 20.0 0 0 0
9.743 0x00 idle 0 0 0 0 0 0.0 0.0 150 20.0 0 0 0
9.786 0x00 idle 0 0 0 0 0 0.0 0.0 150 20.0 0 0 0
9.823 0x00 idle 0 0 0 0 0 0.0 0.0 150 20.0 0 0 0
9.863 0x00 idle 0 0 0 0 0 0.0 0.0 150 20.0 0 0 0
9.904 0x00 idle 0 0 0 0 0 0.0 0.0 150 20.0 0 0 0
9.944 0x00 idle 0 0 0 0 0 0.0 0.0 150 20.0 0 0 0
9.993 0x00 idle 0 0 0 0 0 0.0 0.0 150 20.0 0 0 0
10.023 0x00 idle 0 0 0 0 0 0.0 0.0 150 20.0 0 0 0
10.066 0x00 idle 0 0 0 0 0 0.0 0.0 150 20.0 0 0 0
10.108 0x00 idle 0 0 0 0 0 0.0 0.0 150 20.0 0 0 0
10.145 0x00 idle 0 0 0 0 0 0.0 0.0 150 20.0 0 0 0
10.187 0x00 idle 0 0 0 0 0 0.0 0.0 150 20.0 0 0 0
10.225 0x00 idle 0 0 0 0 0 0.0 0.0 150 20.0 0 0 0
10.266 0x00 idle 0 0 0 0 0 0.0 0.0 150 20.0 0 0 0
10.305 0x00 idle 0 0 0 0 0 0.0 0.0 150 20.0 0 0 0
10.348 0x00 idle 0 0 0 0 0 0.0 0.0 150 20.0 0 0 0
10.387 0x00 idle 0 0 0 0 0 0.0 0.0 150 20.0 0 0 0
10.429 0x00 idle 0 0 0 0 0 0.0 0.0 150 20.0 0 0 0
10.465 0x00 idle 0 0 0 0 0 0.0 0.0 150 20.0 0 0 0
10.509 0x00 idle 0 0 0 0 0 0.0 0.0 150 20.0 0 0 0
10.544 0x00 idle 0 0 0 0 0 0.0 0.0 150 20.0 0 0 0
10.586 0x00 idle 0 0 0 0 0 0.0 0.0 150 20.0 0 0 0
10.628 0x00 idle 0 0 0 0 0 0.0 0.0 150 20.0 0 0 0
10.670 0x00 idle 0 0 0 0 0 0.0 0.0 150 20.0 0 0 0
10.710 0x00 idle 0 0 0 0 0 0.0 0.0 150 20.0 0 0 0
10.747 0x00 idle 0 0 0 0 0 0.0 0.0 150 20.0 0 0 0
10.784 0x00 idle 0 0 0 0 0 0.0 0.0 150 20.0 0 0 0
10.825 0x00 idle 0 0 0 0 0 0.0 0.0 150 20.0 0 0 0
10.867 0x00 idle 0 0 0 0 0 0.0 0.0 150 20.0 0 0 0
10.905 0x00 idle 0 0 0 0 0 0.0 0.0 150 20.0 0 0 0
10.945 0x00 idle 0 0 0 0 0 0.0 0.0 150 20.0 0 0 0
10.987 0x00 idle 0 0 0 0 0 0.0 0.0 150 20.0 0 0 0
11.023 0x00 idle 0 0 0 0 0 0.0 0.0 150 20.0 0 0 0
11.069 0x00 idle 0 0 0 0 0 0.0 0.0 150 20.0 0 0 0
11.109 0x00 idle 0 0 0 0 0 0.0 0.0 150 20.0 0 0 0
11.148 0x00 idle 0 0 0 0 0 0.0 0.0 150 20.0 0 0 0
11.184 0x00 idle 0 0 0 0 0 0.0 0.0 150 20.0 0 0 0
11.232 0x00 idle 0 0 0 0 0 0.0 0.0 150 20.0 0 0 0
11.263 0x00 idle 0 0 0 0 0 0.0 0.0 150 20.0 0 0 0
11.309 0x00 idle 0 0 0 0 0 0.0 0.0 150 20.0 0 0 0
11.349 0x00 idle 0 0 0 0 0 0.0 0.0 150 20.0 0 0 0
11.383 0x00 idle 0 0 0 0 0 0.0 0.0 150 20.0 0 0 0
11.423 0x00 idle 0 0 0 0 0 0.0 0.0 150 20.0 0 0 0
11.463 0x00 idle 0 0 0 0 0 0.0 0.0 150 20.0 0 0 0
11.506 0x00 idle 0 0 0 0 0 0.0 0.0 150 20.0 0 0 0
11.549 0x00 idle 0 0 0 0 0 0.0 0.0 150 20.0 0 0 0
11.585 0x00 idle 0 0 0 0 0 0.0 0.0 150 20.0 0 0 0
11.634 0x00 idle 0 0 0 0 0 0.0 0.0 150 20.0 0 0 0
11.669 0x00 idle 0 0 0 0 0 0.0 0.0 150 20.0 0 0 0
11.706 0x00 idle 0 0 0 0 0 0.0 0.0 150 20.0 0 0 0
11.750 0x00 idle 0 0 0 0 0 0.0 0.0 150 20.0 0 0 0
11.792 0x00 idle 0 0 0 0 0 0.0 0.0 150 20.0 0 0 0
11.823 0x00 idle 0 0 0 0 0 0.0 0.0 150 20.0 0 0 0
11.867 0x00 idle 0 0 0 0 0 0.0 0.0 150 20.0 0 0 0
11.906 0x00 idle 0 0 0 0 0 0.0 0.0 150 20.0 0 0 0
11.944 0x00 idle 0 0 0 0 0 0.0 0.0 150 20.0 0 0 0
11.984 0x00 idle 0 0 0 0 0 0.0 0.0 150 20.0 0 0 0
12.022 0x00 idle 0 0 0 0 0 0.0 0.0 150 20.0 0 0 0
12.067 0x00 idle 0 0 0 0 0 0.0 0.0 150 20.0 0 0 0
12.104 0x00 idle 0 0 0 0 0 0.0 0.0 150 20.0 0 0 0
12.147 0x00 idle 0 0 0 0 0 0.0 0.0 150 20.0 0 0 0
12.184 0x00 idle 0 0 0 0 0 0.0 0.0 150 20.0 0 0 0
12.224 0x00 idle 0 0 0 0 0 0.0 0.0 150 20.0 0 0 0
12.265 0x00 idle 0 0 0 0 0 0.0 0.0 150 20.0 0 0 0
12.306 0x00 idle 0 0 0 0 0 0.0 0.0 150 20.0 0 0 0
12.343 0x00 idle 0 0 0 0 0 0.0 0.0 150 20.0 0 0 0
12.393 0x00 idle 0 0 0 0 0 0.0 0.0 150 20.0 0 0 0
12.423 0x00 idle 0 0 0 0 0 0.0 0.0 150 20.0 0 0 0
12.463 0x00 idle 0 0 0 0 0 0.0 0.0 150 20.0 0 0 0
12.513 0x00 idle 0 0 0 0 0 0.0 0.0 150 20.0 0 0 0
12.546 0x00 idle 0 0 0 0 0 0.0 0.0 150 20.0 0 0 0
12.584 0x00 idle 0 0 0 0 0 0.0 0.0 150 20.0 0 0 0
12.625 0x00 idle 0 0 0 0 0 0.0 0.0 150 20.0 0 0 0
12.671 0x00 idle 0 0 0 0 0 0.0 0.0 150 20.0 0 0 0
12.708 0x00 idle 0 0 0 0 0 0.0 0.0 150 20.0 0 0 0
12.747 0x00 idle 0 0 0 0 0 0.0 0.0 150 20.0 0 0 0
12.786 0x00 idle 0 0 0 0 0 0.0 0.0 150 20.0 0 0 0
12.824 0x00 idle 0 0 0 0 0 0.0 0.0 150 20.0 0 0 0
12.866 0x00 idle 0 0 0 0 0 0.0 0.0 150 20.0 0 0 0
12.905 0x00 idle 0 0 0 0 0 0.0 0.0 150 20.0 0 0 0
12.944 0x00 idle 0 0 0 0 0 0.0 0.0 150 20.0 0 0 0
12.985 0x00 idle 0 0 0 0 0 0.0 0.0 150 20.0 0 0 0
13.025 0x00 idle 0 0 0 0 0 0.0 0.0 150 20.0 0 0 0
13.070 0x00 idle 0 0 0 0 0 0.0 0.0 150 20.0 0 0 0
13.105 0x00 idle 0 0 0 0 0 0.0 0.0 150 20.0 0 0 0
13.145 0x00 idle 0 0 0 0 0 0.0 0.0 150 20.0 0 0 0
13.188 0x00 idle 0 0 0 0 0 0.0 0.0 150 20.0 0 0 0
13.224 0x00 idle 0 0 0 0 0 0.0 0.0 150 20.0 0 0 0
13.270 0x00 idle 0 0 0 0 0 0.0 0.0 150 20.0 0 0 0
13.310 0x00 idle 0 0 0 0 0 0.0 0.0 150 20.0 0 0 0
13.351 0x00 idle 0 0 0 0 0 0.0 0.0 150 20.0 0 0 0
13.386 0x00 idle 0 0 0 0 0 0.0 0.0 150 20.0 0 0 0
13.426 0x00 idle 0 0 0 0 0 0.0 0.0 150 20.0 0 0 0
13.464 0x00 idle 0 0 0 0 0 0.0 0.0 150 20.0 0 0 0
13.507 0x00 idle 0 0 0 0 0 0.0 0.0 150 20.0 0 0 0
13.546 0x00 idle 0 0 0 0 0 0.0 0.0 150 20.0 0 0 0
13.587 0x00 idle 0 0 0 0 0 0.0 0.0 150 20.0 0 0 0
13.637 0x00 idle 0 0 0 0 0 0.0 0.0 150 20.0 0 0 0
13.663 0x00 idle 0 0 0 0 0 0.0 0.0 150 20.0 0 0 0
13.706 0x00 idle 0 0 0 0 0 0.0 0.0 150 20.0 0 0 0
13.746 0x00 idle 0 0 0 0 0 0.0 0.0 150 20.0 0 0 0
13.791 0x00 idle 0 0 0 0 0 0.0 0.0 150 20.0 0 0 0
13.821 0x00 idle 0 0 0 0 0 0.0 0.0 150 20.0 0 0 0
13.865 0x00 idle 0 0 0 0 0 0.0 0.0 150 20.0 0 0 0
13.903 0x00 idle 0 0 0 0 0 0.0 0.0 150 20.0 0 0 0
13.948 0x00 idle 0 0 0 0 0 0.0 0.0 150 20.0 0 0 0
13.991 0x00 idle 0 0 0 0 0 0.0 0.0 150 20.0 0 0 0
14.027 0x00 idle 0 0 0 0 0 0.0 0.0 150 20.0 0 0 0
14.070 0x00 idle 0 0 0 0 0 0.0 0.0 150 20.0 0 0 0
14.104 0x00 idle 0 0 0 0 0 0.0 0.0 150 20.0 0 0 0
14.148 0x00 idle 0 0 0 0 0 0.0 0.0 150 20.0 0 0 0
14.194 0x00 idle 0 0 0 0 0 0.0 0.0 150 20.0 0 0 0
14.224 0x00 idle 0 0 0 0 0 0.0 0.0 150 20.0 0 0 0
14.267 0x00 idle 0 0 0 0 0 0.0 0.0 150 20.0 0 0 0
14.306 0x00 idle 0 0 0 0 0 0.0 0.0 150 20.0 0 0 0
14.352 0x00 idle 0 0 0 0 0 0.0 0.0 150 20.0 0 0 0
14.391 0x00 idle 0 0 0 0 0 0.0 0.0 150 20.0 0 0 0
14.430 0x00 idle 0 0 0 0 0 0.0 0.0 150 20.0 0 0 0
14.467 0x00 idle 0 0 0 0 0 0.0 0.0 150 20.0 0 0 0
14.507 0x00 idle 0 0 0 0 0 0.0 0.0 150 20.0 0 0 0
14.545 0x00 idle 0 0 0 0 0 0.0 0.0 150 20.0 0 0 0
14.584 0x00 idle 0 0 0 0 0 0.0 0.0 150 20.0 0 0 0
14.626 0x00 idle 0 0 0 0 0 0.0 0.0 150 20.0 0 0 0
14.668 0x00 idle 0 0 0 0 0 0.0 0.0 150 20.0 0 0 0
14.713 0x00 idle 0 0 0 0 0 0.0 0.0 150 20.0 0 0 0
14.747 0x00 idle 0 0 0 0 0 0.0 0.0 150 20.0 0 0 0
14.784 0x00 idle 0 0 0 0 0 0.0 0.0 150 20.0 0 0 0
14.825 0x00 idle 0 0 0 0 0 0.0 0.0 150 20.0 0 0 0
14.870 0x00 idle 0 0 0 0 0 0.0 0.0 150 20.0 0 0 0
14.902 0x00 idle 0 0 0 0 0 0.0 0.0 150 20.0 0 0 0
14.948 0x00 idle 0 0 0 0 0 0.0 0.0 150 20.0 0 0 0
14.987 0x00 idle 0 0 0 0 0 0.0 0.0 150 20.0 0 0 0
15.025 0x00 idle 0 0 0 0 0 0.0 0.0 150 20.0 0 0 0
15.068 0x00 idle 0 0 0 0 0 0.0 0.0 150 20.0 0 0 0
15.103 0x00 idle 0 0 0 0 0 0.0 0.0 150 20.0 0 0 0
15.144 0x00 idle 0 0 0 0 0 0.0 0.0 150 20.0 0 0 0
15.196 0x00 idle 0 0 0 0 0 0.0 0.0 150 20.0 0 0 0
15.224 0x00 idle 0 0 0 0 0 0.0 0.0 150 20.0 0 0 0
15.268 0x00 idle 0 0 0 0 0 0.0 0.0 150 20.0 0 0 0
15.306 0x00 idle 0 0 0 0 0 0.0 0.0 150 20.0 0 0 0
15.345 0x00 idle 0 0 0 0 0 0.0 0.0 150 20.0 0 0 0
15.389 0x00 idle 0 0 0 0 0 0.0 0.0 150 20.0 0 0 0
15.425 0x00 idle 0 0 0 0 0 0.0 0.0 150 20.0 0 0 0
15.465 0x00 idle 0 0 0 0 0 0.0 0.0 150 20.0 0 0 0
15.506 0x00 idle 0 0 0 0 0 0.0 0.0 150 20.0 0 0 0
15.546 0x00 idle 0 0 0 0 0 0.0 0.0 150 20.0 0 0 0
15.589 0x00 idle 0 0 0 0 0 0.0 0.0 150 20.0 0 0 0
15.624 0x00 idle 0 0 0 0 0 0.0 0.0 150 20.0 0 0 0
15.663 0x00 idle 0 0 0 0 0 0.0 0.0 150 20.0 0 0 0
15.704 0x00 idle 0 0 0 0 0 0.0 0.0 150 20.0 0 0 0
15.746 0x00 idle 0 0 0 0 0 0.0 0.0 150 20.0 0 0 0
15.786 0x00 idle 0 0 0 0 0 0.0 0.0 150 20.0 0 0 0
15.828 0x00 idle 0 0 0 0 0 0.0 0.0 150 20.0 0 0 0
15.870 0x00 idle 0 0 0 0 0 0.0 0.0 150 20.0 0 0 0
15.907 0x00 idle 0 0 0 0 0 0.0 0.0 150 20.0 0 0 0
15.944 0x00 idle 0 0 0 0 0 0.0 0.0 150 20.0 0 0 0
15.987 0x00 idle 0 0 0 0 0 0.0 0.0 150 20.0 0 0 0
16.034 0x00 idle 0 0 0 0 0 0.0 0.0 150 20.0 0 0 0
16.064 0x00 idle 0 0 0 0 0 0.0 0.0 150 20.0 0 0 0
16.106 0x00 idle 0 0 0 0 0 0.0 0.0 150 20.0 0 0 0
16.144 0x00 idle 0 0 0 0 0 0.0 0.0 150 20.0 0 0 0
16.185 0x00 idle 0 0 0 0 0 0.0 0.0 150 20.0 0 0 0
16.228 0x00 idle 0 0 0 0 0 0.0 0.0 150 20.0 0 0 0
16.268 0x00 idle 0 0 0 0 0 0.0 0.0 150 20.0 0 0 0
16.305 0x00 idle 0 0 0 0 0 0.0 0.0 150 20.0 0 0 0
16.348 0x00 idle 0 0 0 0 0 0.0 0.0 150 20.0 0 0 0
16.393 0x00 idle 0 0 0 0 0 0.0 0.0 150 20.0 0 0 0
16.429 0x00 idle 0 0 0 0 0 0.0 0.0 150 20.0 0 0 0
16.464 0x00 idle 0 0 0 0 0 0.0 0.0 150 20.0 0 0 0
16.505 0x00 idle 0 0 0 0 0 0.0 0.0 150 20.0 0 0 0
16.545 0x00 idle 0 0 0 0 0 0.0 0.0 150 20.0 0 0 0
16.587 0x00 idle 0 0 0 0 0 0.0 0.0 150 20.0 0 0 0
16.626 0x00 idle 0 0 0 0 0 0.0 0.0 150 20.0 0 0 0
16.664 0x00 idle 0 0 0 0 0 0.0 0.0 150 20.0 0 0 0
16.707 0x00 idle 0 0 0 0 0 0.0 0.0 150 20.0 0 0 0
16.744 0x00 idle 0 0 0 0 0 0.0 0.0 150 20.0 0 0 0
16.784 0x00 idle 0 0 0 0 0 0.0 0.0 150 20.0 0 0 0
16.824 0x00 idle 0 0 0 0 0 0.0 0.0 150 20.0 0 0 0
16.868 0x00 idle 0 0 0 0 0 0.0 0.0 150 20.0 0 0 0
16.909 0x00 idle 0 0 0 0 0 0.0 0.0 150 20.0 0 0 0
16.946 0x00 idle 0 0 0 0 0 0.0 0.0 150 20.0 0 0 0
16.995 0x00 idle 0 0 0 0 0 0.0 0.0 150 20.0 0 0 0
17.023 0x00 idle 0 0 0 0 0 0.0 0.0 150 20.0 0 0 0
17.069 0x00 idle 0 0 0 0 0 0.0 0.0 150 20.0 0 0 0
17.103 0x00 idle 0 0 0 0 0 0.0 0.0 150 20.0 0 0 0
17.152 0x00 idle 0 0 0 0 0 0.0 0.0 150 20.0 0 0 0
17.190 0x00 idle 0 0 0 0 0 0.0 0.0 150 20.0 0 0 0
17.234 0x00 idle 0 0 0 0 0 0.0 0.0 150 20.0 0 0 0
17.265 0x00 idle 0 0 0 0 0 0.0 0.0 150 20.0 0 0 0
17.301 0x00 idle 0 0 0 0 0 0.0 0.0 150 20.0 0 0 0
17.348 0x00 idle 0 0 0 0 0 0.0 0.0 150 20.0 0 0 0
17.390 0x00 idle 0 0 0 0 0 0.0 0.0 150 20.0 0 0 0
17.429 0x00 idle 0 0 0 0 0 0.0 0.0 150 20.0 0 0 0
17.464 0x00 idle 0 0 0 0 0 0.0 0.0 150 20.0 0 0 0
17.510 0x00 idle 0 0 0 0 0 0.0 0.0 150 20.0 0 0 0
17.546 0x00 idle 0 0 0 0 0 0.0 0.0 150 20.0 0 0 0
17.589 0x00 idle 0 0 0 0 0 0.0 0.0 150 20.0 0 0 0
17.627 0x00 idle 0 0 0 0 0 0.0 0.0 150 20.0 0 0 0
17.663 0x00 idle 0 0 0 0 0 0.0 0.0 150 20.0 0 0 0
17.707 0x00 idle 0 0 0 0 0 0.0 0.0 150 20.0 0 0 0
17.745 0x00 idle 0 0 0 0 0 0.0 0.0 150 20.0 0 0 0
17.791 0x00 idle 0 0 0 0 0 0.0 0.0 150 20.0 0 0 0
17.826 0x00 idle 0 0 0 0 0 0.0 0.0 150 20.0 0 0 0
17.863 0x00 idle 0 0 0 0 0 0.0 0.0 150 20.0 0 0 0
17.910 0x00 idle 0 0 0 0 0 0.0 0.0 150 20.0 0 0 0
17.945 0x00 idle 0 0 0 0 0 0.0 0.0 150 20.0 0 0 0
17.993 0x00 idle 0 0 0 0 0 0.0 0.0 150 20.0 0 0 0
18.030 0x00 idle 0 0 0 0 0 0.0 0.0 150 20.0 0 0 0
18.064 0x00 idle 0 0 0 0 0 0.0 0.0 150 20.0 0 0 0
18.107 0x00 idle 0 0 0 0 0 0.0 0.0 150 20.0 0 0 0
18.143 0x00 idle 0 0 0 0 0 0.0 0.0 150 20.0 0 0 0
18.188 0x00 idle 0 0 0 0 0 0.0 0.0 150 20.0 0 0 0
18.224 0x00 idle 0 0 0 0 0 0.0 0.0 150 20.0 0 0 0
18.267 0x00 idle 0 0 0 0 0 0.0 0.0 150 20.0 0 0 0
18.303 0x00 idle 0 0 0 0 0 0.0 0.0 150 20.0 0 0 0
18.344 0x00 idle 0 0 0 0 0 0.0 0.0 150 20.0 0 0 0
18.384 0x00 idle 0 0 0 0 0 0.0 0.0 150 20.0 0 0 0
18.428 0x00 idle 0 0 0 0 0 0.0 0.0 150 20.0 0 0 0
18.467 0x00 idle 0 0 0 0 0 0.0 0.0 150 20.0 0 0 0
18.505 0x00 idle 0 0 0 0 0 0.0 0.0 150 20.0 0 0 0
18.543 0x00 idle 0 0 0 0 0 0.0 0.0 150 20.0 0 0 0
18.586 0x00 idle 0 0 0 0 0 0.0 0.0 150 20.0 0 0 0
18.628 0x00 idle 0 0 0 0 0 0.0 0.0 150 20.0 0 0 0
18.665 0x00 idle 0 0 0 0 0 0.0 0.0 150 20.0 0 0 0
18.702 0x00 idle 0 0 0 0 0 0.0 0.0 150 20.0 0 0 0
18.748 0x00 idle 0 0 0 0 0 0.0 0.0 150 20.0 0 0 0
18.784 0x00 idle 0 0 0 0 0 0.0 0.0 150 20.0 0 0 0
18.823 0x00 idle 0 0 0 0 0 0.0 0.0 150 20.0 0 0 0
18.866 0x00 idle 0 0 0 0 0 0.0 0.0 150 20.0 0 0 0
18.906 0x00 idle 0 0 0 0 0 0.0 0.0 150 20.0 0 0 0
18.952 0x00 idle 0 0 0 0 0 0.0 0.0 150 20.0 0 0 0
18.987 0x00 idle 0 0 0 0 0 0.0 0.0 150 20.0 0 0 0
19.027 0x00 idle 0 0 0 0 0 0.0 0.0 150 20.0 0 0 0
19.063 0x00 idle 0 0 0 0 0 0.0 0.0 150 20.0 0 0 0
19.102 0x00 idle 0 0 0 0 0 0.0 0.0 150 20.0 0 0 0
19.142 0x00 idle 0 0 0 0 0 0.0 0.0 150 20.0 0 0 0
19.190 0x00 idle 0 0 0 0 0 0.0 0.0 150 20.0 0 0 0
19.227 0x00 idle 0 0 0 0 0 0.0 0.0 150 20.0 0 0 0
19.264 0x00 idle 0 0 0 0 0 0.0 0.0 150 20.0 0 0 0
19.304 0x00 idle 0 0 0 0 0 0.0 0.0 150 20.0 0 0 0
19.347 0x00 idle 0 0 0 0 0 0.0 0.0 150 20.0 0 0 0
19.396 0x00 idle 0 0 0 0 0 0.0 0.0 150 20.0 0 0 0
19.425 0x00 idle 0 0 0 0 0 0.0 0.0 150 20.0 0 0 0
19.469 0x00 idle 0 0 0 0 0 0.0 0.0 150 20.0 0 0 0
19.506 0x00 idle 0 0 0 0 0 0.0 0.0 150 20.0 0 0 0
19.547 0x00 idle 0 0 0 0 0 0.0 0.0 150 20.0 0 0 0
19.586 0x00 idle 0 0 0 0 0 0.0 0.0 150 20.0 0 0 0
19.625 0x00 idle 0 0 0 0 0 0.0 0.0 150 20.0 0 0 0
19.664 0x00 idle 0 0 0 0 0 0.0 0.0 150 20.0 0 0 0
19.707 0x00 idle 0 0 0 0 0 0.0 0.0 150 20.0 0 0 0
19.749 0x00 idle 0 0 0 0 0 0.0 0.0 150 20.0 0 0 0
19.795 0x00 idle 0 0 0 0 0 0.0 0.0 150 20.0 0 0 0
19.824 0x00 idle 0 0 0 0 0 0.0 0.0 150 20.0 0 0 0
19.864 0x00 idle 0 0 0 0 0 0.0 0.0 150 20.0 0 0 0
19.905 0x00 idle 0 0 0 0 0 0.0 0.0 150 20.0 0 0 0
19.944 0x00 idle 0 0 0 0 0 0.0 0.0 150 20.0 0 0 0
19.987 0x00 idle 0 0 0 0 0 0.0 0.0 150 20.0 0 0 0
20.028 0x00 idle 0 0 0 0 0 0.0 0.0 150 20.0 0 0 0
20.063 0x00 idle 0 0 0 0 0 0.0 0.0 150 20.0 0 0 0
20.104 0x00 idle 0 0 0 0 0 0.0 0.0 150 20.0 0 0 0
20.149 0x00 idle 0 0 0 0 0 0.0 0.0 150 20.0 0 0 0
20.187 0x00 idle 0 0 0 0 0 0.0 0.0 150 20.0 0 0 0
20.230 0x00 idle 0 0 0 0 0 0.0 0.0 150 20.0 0 0 0
20.266 0x00 idle 0 0 0 0 0 0.0 0.0 150 20.0 0 0 0
20.307 0x00 idle 0 0 0 0 0 0.0 0.0 150 20.0 0 0 0
20.345 0x00 idle 0 0 0 0 0 0.0 0.0 150 20.0 0 0 0
20.384 0x00 idle 0 0 0 0 0 0.0 0.0 150 20.0 0 0 0
20.433 0x00 idle 0 0 0 0 0 0.0 0.0 150 20.0 0 0 0
20.467 0x00 idle 0 0 0 0 0 0.0 0.0 150 20.0 0 0 0
20.511 0x00 idle 0 0 0 0 0 0.0 0.0 150 20.0 0 0 0
20.546 0x00 idle 0 0 0 0 0 0.0 0.0 150 20.0 0 0 0
20.584 0x00 idle 0 0 0 0 0 0.0 0.0 150 20.0 0 0 0
20.624 0x00 idle 0 0 0 0 0 0.0 0.0 150 20.0 0 0 0
20.663 0x00 idle 0 0 0 0 0 0.0 0.0 150 20.0 0 0 0
20.709 0x00 idle 0 0 0 0 0 0.0 0.0 150 20.0 0 0 0
20.752 0x00 idle 0 0 0 0 0 0.0 0.0 150 20.0 0 0 0
20.788 0x00 idle 0 0 0 0 0 0.0 0.0 150 20.0 0 0 0
20.822 0x00 idle 0 0 0 0 0 0.0 0.0 150 20.0 0 0 0
20.863 0x00 idle 0 0 0 0 0 0.0 0.0 150 20.0 0 0 0
20.910 0x00 idle 0 0 0 0 0 0.0 0.0 150 20.0 0 0 0
20.946 0x00 idle 0 0 0 0 0 0.0 0.0 150 20.0 0 0 0
20.985 0x00 idle 0 0 0 0 0 0.0 0.0 150 20.0 0 0 0
21.024 0x00 idle 0 0 0 0 0 0.0 0.0 150 20.0 0 0 0
21.072 0x00 idle 0 0 0 0 0 0.0 0.0 150 20.0 0 0 0
21.104 0x00 idle 0 0 0 0 0 0.0 0.0 150 20.0 0 0 0
21.145 0x00 idle 0 0 0 0 0 0.0 0.0 150 20.0 0 0 0
21.183 0x00 idle 0 0 0 0 0 0.0 0.0 150 20.0 0 0 0
21.225 0x00 idle 0 0 0 0 0 0.0 0.0 150 20.0 0 0 0
21.270 0x00 idle 0 0 0 0 0 0.0 0.0 150 20.0 0 0 0
21.307 0x00 idle 0 0 0 0 0 0.0 0.0 150 20.0 0 0 0
21.343 0x00 idle 0 0 0 0 0 0.0 0.0 150 20.0 0 0 0
21.384 0x00 idle 0 0 0 0 0 0.0 0.0 150 20.0 0 0 0
21.429 0x00 idle 0 0 0 0 0 0.0 0.0 150 20.0 0 0 0
21.465 0x00 idle 0 0 0 0 0 0.0 0.0 150 20.0 0 0 0
21.505 0x00 idle 0 0 0 0 0 0.0 0.0 150 20.0 0 0 0
21.545 0x00 idle 0 0 0 0 0 0.0 0.0 150 20.0 0 0 0
21.589 0x00 idle 0 0 0 0 0 0.0 0.0 150 20.0 0 0 0
21.633 0x00 idle 0 0 0 0 0 0.0 0.0 150 20.0 0 0 0
21.665 0x00 idle 0 0 0 0 0 0.0 0.0 150 20.0 0 0 0
21.707 0x00 idle 0 0 0 0 0 0.0 0.0 150 20.0 0 0 0
21.745 0x00 idle 0 0 0 0 0 0.0 0.0 150 20.0 0 0 0
21.787 0x00 idle 0 0 0 0 0 0.0 0.0 150 20.0 0 0 0
21.824 0x00 idle 0 0 0 0 0 0.0 0.0 150 20.0 0 0 0
21.864 0x00 idle 0 0 0 0 0 0.0 0.0 150 20.0 0 0 0
21.904 0x00 idle 0 0 0 0 0 0.0 0.0 150 20.0 0 0 0
21.946 0x00 idle 0 0 0 0 0 0.0 0.0 150 20.0 0 0 0
21.983 0x00 idle 0 0 0 0 0 0.0 0.0 150 20.0 0 0 0
22.028 0x00 idle 0 0 0 0 0 0.0 0.0 150 20.0 0 0 0
22.066 0x00 idle 0 0 0 0 0 0.0 0.0 150 20.0 0 0 0
22.109 0x00 idle 0 0 0 0 0 0.0 0.0 150 20.0 0 0 0
22.145 0x00 idle 0 0 0 0 0 0.0 0.0 150 20.0 0 0 0
22.188 0x00 idle 0 0 0 0 0 0.0 0.0 150 20.0 0 0 0
22.236 0x00 idle 0 0 0 0 0 0.0 0.0 150 20.0 0 0 0
22.265 0x00 idle 0 0 0 0 0 0.0 0.0 150 20.0 0 0 0
22.309 0x00 idle 0 0 0 0 0 0.0 0.0 150 20.0 0 0 0
22.342 0x00 idle 0 0 0 0 0 0.0 0.0 150 20.0 0 0 0
22.389 0x00 idle 0 0 0 0 0 0.0 0.0 150 20.0 0 0 0
22.424 0x00 idle 0 0 0 0 0 0.0 0.0 150 20.0 0 0 0
22.464 0x00 idle 0 0 0 0 0 0.0 0.0 150 20.0 0 0 0
22.503 0x00 idle 0 0 0 0 0 0.0 0.0 150 20.0 0 0 0
22.543 0x00 idle 0 0 0 0 0 0.0 0.0 150 20.0 0 0 0
22.591 0x00 idle 0 0 0 0 0 0.0 0.0 150 20.0 0 0 0
22.625 0x00 idle 0 0 0 0 0 0.0 0.0 150 20.0 0 0 0
22.670 0x00 idle 0 0 0 0 0 0.0 0.0 150 20.0 0 0 0
22.705 0x00 idle 0 0 0 0 0 0.0 0.0 150 20.0 0 0 0
22.750 0x00 idle 0 0 0 0 0 0.0 0.0 150 20.0 0 0 0
22.788 0x00 idle 0 0 0 0 0 0.0 0.0 150 20.0 0 0 0
22.831 0x00 idle 0 0 0 0 0 0.0 0.0 150 20.0 0 0 0
22.862 0x00 idle 0 0 0 0 0 0.0 0.0 150 20.0 0 0 0
22.909 0x00 idle 0 0 0 0 0 0.0 0.0 150 20.0 0 0 0
22.944 0x00 idle 0 0 0 0 0 0.0 0.0 150 20.0 0 0 0
22.995 0x00 idle 0 0 0 0 0 0.0 0.0 150 20.0 0 0 0
23.026 0x00 idle 0 0 0 0 0 0.0 0.0 150 20.0 0 0 0
23.067 0x00 idle 0 0 0 0 0 0.0 0.0 150 20.0 0 0 0
23.104 0x00 idle 0 0 0 0 0 0.0 0.0 150 20.0 0 0 0
23.147 0x00 idle 0 0 0 0 0 0.0 0.0 150 20.0 0 0 0
23.190 0x00 idle 0 0 0 0 0 0.0 0.0 150 20.0 0 0 0
23.223 0x00 idle 0 0 0 0 0 0.0 0.0 150 20.0 0 0 0
23.265 0x00 idle 0 0 0 0 0 0.0 0.0 150 20.0 0 0 0
23.304 0x00 idle 0 0 0 0 0 0.0 0.0 150 20.0 0 0 0
23.352 0x00 idle 0 0 0 0 0 0.0 0.0 150 20.0 0 0 0
23.388 0x00 idle 0 0 0 0 0 0.0 0.0 150 20.0 0 0 0
23.425 0x00 idle 0 0 0 0 0 0.0 0.0 150 20.0 0 0 0
23.467 0x00 idle 0 0 0 0 0 0.0 0.0 150 20.0 0 0 0
23.505 0x00 idle 0 0 0 0 0 0.0 0.0 150 20.0 0 0 0
23.544 0x00 idle 0 0 0 0 0 0.0 0.0 150 20.0 0 0 0
23.586 0x00 idle 0 0 0 0 0 0.0 0.0 150 20.0 0 0 0
23.625 0x00 idle 0 0 0 0 0 0.0 0.0 150 20.0 0 0 0
23.663 0x00 idle 0 0 0 0 0 0.0 0.0 150 20.0 0 0 0
23.703 0x00 idle 0 0 0 0 0 0.0 0.0 150 20.0 0 0 0
23.746 0x00 idle 0 0 0 0 0 0.0 0.0 150 20.0 0 0 0
23.788 0x00 idle 0 0 0 0 0 0.0 0.0 150 20.0 0 0 0
23.826 0x00 idle 0 0 0 0 0 0.0 0.0 150 20.0 0 0 0
23.866 0x00 idle 0 0 0 0 0 0.0 0.0 150 20.0 0 0 0
23.906 0x00 idle 0 0 0 0 0 0.0 0.0 150 20.0 0 0 0
23.942 0x00 idle 0 0 0 0 0 0.0 0.0 150 20.0 0 0 0
23.989 0x00 idle 0 0 0 0 0 0.0 0.0 150 20.0 0 0 0
24.027 0x00 idle 0 0 0 0 0 0.0 0.0 150 20.0 0 0 0
24.068 0x00 idle 0 0 0 0 0 0.0 0.0 150 20.0 0 0 0
24.107 0x00 idle 0 0 0 0 0 0.0 0.0 150 20.0 0 0 0
24.145 0x00 idle 0 0 0 0 0 0.0 0.0 150 20.0 0 0 0
24.184 0x00 idle 0 0 0 0 0 0.0 0.0 150 20.0 0 0 0
24.226 0x00 idle 0 0 0 0 0 0.0 0.0 150 20.0 0 0 0
24.264 0x00 idle 0 0 0 0 0 0.0 0.0 150 20.0 0 0 0
24.303 0x00 idle 0 0 0 0 0 0.0 0.0 150 20.0 0 0 0
24.344 0x00 idle 0 0 0 0 0 0.0 0.0 150 20.0 0 0 0
24.386 0x00 idle 0 0 0 0 0 0.0 0.0 150 20.0 0 0 0
24.422 0x00 idle 0 0 0 0 0 0.0 0.0 150 20.0 0 0 0
24.465 0x00 idle 0 0 0 0 0 0.0 0.0 150 20.0 0 0 0
24.504 0x00 idle 0 0 0 0 0 0.0 0.0 150 20.0 0 0 0
24.547 0x00 idle 0 0 0 0 0 0.0 0.0 150 20.0 0 0 0
24.586 0x00 idle 0 0 0 0 0 0.0 0.0 150 20.0 0 0 0
24.627 0x00 idle 0 0 0 0 0 0.0 0.0 150 20.0 0 0 0
24.665 0x00 idle 0 0 0 0 0 0.0 0.0 150 20.0 0 0 0
24.713 0x00 idle 0 0 0 0 0 0.0 0.0 150 20.0 0 0 0
24.744 0x00 idle 0 0 0 0 0 0.0 0.0 150 20.0 0 0 0
24.783 0x00 idle 0 0 0 0 0 0.0 0.0 150 20.0 0 0 0
24.826 0x00 idle 0 0 0 0 0 0.0 0.0 150 20.0 0 0 0
24.869 0x00 idle 0 0 0 0 0 0.0 0.0 150 20.0 0 0 0
24.909 0x00 idle 0 0 0 0 0 0.0 0.0 150 20.0 0 0 0
24.948 0x00 idle 0 0 0 0 0 0.0 0.0 150 20.0 0 0 0
24.983 0x00 idle 0 0 0 0 0 0.0 0.0 150 20.0 0 0 0
25.026 0x00 idle 0 0 0 0 0 0.0 0.0 150 20.0 0 0 0
25.062 0x00 idle 0 0 0 0 0 0.0 0.0 150 20.0 0 0 0
25.104 0x00 idle 0 0 0 0 0 0.0 0.0 150 20.0 0 0 0
25.145 0x00 idle 0 0 0 0 0 0.0 0.0 150 20.0 0 0 0
25.187 0x00 idle 0 0 0 0 0 0.0 0.0 150 20.0 0 0 0
25.224 0x00 idle 0 0 0 0 0 0.0 0.0 150 20.0 0 0 0
25.265 0x00 idle 0 0 0 0 0 0.0 0.0 150 20.0 0 0 0
25.306 0x00 idle 0 0 0 0 0 0.0 0.0 150 20.0 0 0 0
25.344 0x00 idle 0 0 0 0 0 0.0 0.0 150 20.0 0 0 0
25.385 0x00 idle 0 0 0 0 0 0.0 0.0 150 20.0 0 0 0
25.423 0x00 idle 0 0 0 0 0 0.0 0.0 150 20.0 0 0 0
25.465 0x00 idle 0 0 0 0 0 0.0 0.0 150 20.0 0 0 0
25.509 0x00 idle 0 0 0 0 0 0.0 0.0 150 20.0 0 0 0
25.550 0x00 idle 0 0 0 0 0 0.0 0.0 150 20.0 0 0 0
25.586 0x00 idle 0 0 0 0 0 0.0 0.0 150 20.0 0 0 0
25.629 0x00 idle 0 0 0 0 0 0.0 0.0 150 20.0 0 0 0
25.669 0x00 idle 0 0 0 0 0 0.0 0.0 150 20.0 0 0 0
25.706 0x00 idle 0 0 0 0 0 0.0 0.0 150 20.0 0 0 0
25.746 0x00 idle 0 0 0 0 0 0.0 0.0 150 20.0 0 0 0
25.791 0x00 idle 0 0 0 0 0 0.0 0.0 150 20.0 0 0 0
25.824 0x00 idle 0 0 0 0 0 0.0 0.0 150 20.0 0 0 0
25.868 0x00 idle 0 0 0 0 0 0.0 0.0 150 20.0 0 0 0
25.913 0x00 idle 0 0 0 0 0 0.0 0.0 150 20.0 0 0 0
25.951 0x00 idle 0 0 0 0 0 0.0 0.0 150 20.0 0 0 0
25.984 0x00 idle 0 0 0 0 0 0.0 0.0 150 20.0 0 0 0
26.025 0x00 idle 0 0 0 0 0 0.0 0.0 150 20.0 0 0 0
26.064 0x00 idle 0 0 0 0 0 0.0 0.0 150 20.0 0 0 0
26.105 0x00 idle 0 0 0 0 0 0.0 0.0 150 20.0 0 0 0
26.147 0x00 idle 0 0 0 0 0 0.0 0.0 150 20.0 0 0 0
26.196 0x00 idle 0 0 0 0 0 0.0 0.0 150 20.0 0 0 0
26.226 0x00 idle 0 0 0 0 0 0.0 0.0 150 20.0 0 0 0
26.265 0x00 idle 0 0 0 0 0 0.0 0.0 150 20.0 0 0 0
26.308 0x00 idle 0 0 0 0 0 0.0 0.0 150 20.0 0 0 0
26.343 0x00 idle 0 0 0 0 0 0.0 0.0 150 20.0 0 0 0
26.384 0x00 idle 0 0 0 0 0 0.0 0.0 150 20.0 0 0 0
26.426 0x00 idle 0 0 0 0 0 0.0 0.0 150 20.0 0 0 0
26.464 0x00 idle 0 0 0 0 0 0.0 0.0 150 20.0 0 0 0
26.504 0x00 idle 0 0 0 0 0 0.0 0.0 150 20.0 0 0 0
26.545 0x00 idle 0 0 0 0 0 0.0 0.0 150 20.0 0 0 0
26.582 0x00 idle 0 0 0 0 0 0.0 0.0 150 20.0 0 0 0
26.633 0x00 idle 0 0 0 0 0 0.0 0.0 150 20.0 0 0 0
26.663 0x00 idle 0 0 0 0 0 0.0 0.0 150 20.0 0 0 0
26.705 0x00 idle 0 0 0 0 0 0.0 0.0 150 20.0 0 0 0
26.744 0x00 idle 0 0 0 0 0 0.0 0.0 150 20.0 0 0 0
26.784 0x00 idle 0 0 0 0 0 0.0 0.0 150 20.0 0 0 0
26.828 0x00 idle 0 0 0 0 0 0.0 0.0 150 20.0 0 0 0
26.865 0x00 idle 0 0 0 0 0 0.0 0.0 150 20.0 0 0 0
26.908 0x00 idle 0 0 0 0 0 0.0 0.0 150 20.0 0 0 0
26.942 0x00 idle 0 0 0 0 0 0.0 0.0 150 20.0 0 0 0
26.985 0x00 idle 0 0 0 0 0 0.0 0.0 150 20.0 0 0 0
27.025 0x00 idle 0 0 0 0 0 0.0 0.0 150 20.0 0 0 0
27.067 0x00 idle 0 0 0 0 0 0.0 0.0 150 20.0 0 0 0
27.102 0x00 idle 0 0 0 0 0 0.0 0.0 150 20.0 0 0 0
27.146 0x00 idle 0 0 0 0 0 0.0 0.0 150 20.0 0 0 0
27.189 0x00 idle 0 0 0 0 0 0.0 0.0 150 20.0 0 0 0
27.233 0x00 idle 0 0 0 0 0 0.0 0.0 150 20.0 0 0 0
27.266 0x00 idle 0 0 0 0 0 0.0 0.0 150 20.0 0 0 0
27.306 0x00 idle 0 0 0 0 0 0.0 0.0 150 20.0 0 0 0
27.352 0x00 idle 0 0 0 0 0 0.0 0.0 150 20.0 0 0 0
27.391 0x00 idle 0 0 0 0 0 0.0 0.0 150 20.0 0 0 0
27.423 0x00 idle 0 0 0 0 0 0.0 0.0 150 20.0 0 0 0
27.467 0x00 idle 0 0 0 0 0 0.0 0.0 150 20.0 0 0 0
27.509 0x00 idle 0 0 0 0 0 0.0 0.0 150 20.0 0 0 0
27.543 0x00 idle 0 0 0 0 0 0.0 0.0 150 20.0 0 0 0
27.595 0x00 idle 0 0 0 0 0 0.0 0.0 150 20.0 0 0 0
27.622 0x00 idle 0 0 0 0 0 0.0 0.0 150 20.0 0 0 0
27.667 0x00 idle 0 0 0 0 0 0.0 0.0 150 20.0 0 0 0
27.710 0x00 idle 0 0 0 0 0 0.0 0.0 150 20.0 0 0 0
27.743 0x00 idle 0 0 0 0 0 0.0 0.0 150 20.0 0 0 0
27.787 0x00 idle 0 0 0 0 0 0.0 0.0 150 20.0 0 0 0
27.830 0x00 idle 0 0 0 0 0 0.0 0.0 150 20.0 0 0 0
27.867 0x00 idle 0 0 0 0 0 0.0 0.0 150 20.0 0 0 0
27.907 0x00 idle 0 0 0 0 0 0.0 0.0 150 20.0 0 0 0
27.952 0x00 idle 0 0 0 0 0 0.0 0.0 150 20.0 0 0 0
27.985 0x00 idle 0 0 0 0 0 0.0 0.0 150 20.0 0 0 0
28.023 0x00 idle 0 0 0 0 0 0.0 0.0 150 20.0 0 0 0
28.066 0x00 idle 0 0 0 0 0 0.0 0.0 150 20.0 0 0 0
28.108 0x00 idle 0 0 0 0 0 0.0 0.0 150 20.0 0 0 0
28.146 0x00 idle 0 0 0 0 0 0.0 0.0 150 20.0 0 0 0
28.184 0x00 idle 0 0 0 0 0 0.0 0.0 150 20.0 0 0 0
28.225 0x00 idle 0 0 0 0 0 0.0 0.0 150 20.0 0 0 0
28.262 0x00 idle 0 0 0 0 0 0.0 0.0 150 20.0 0 0 0
28.304 0x00 idle 0 0 0 0 0 0.0 0.0 150 20.0 0 0 0
28.348 0x00 idle 0 0 0 0 0 0.0 0.0 150 20.0 0 0 0
28.387 0x00 idle 0 0 0 0 0 0.0 0.0 150 20.0 0 0 0
28.428 0x00 idle 0 0 0 0 0 0.0 0.0 150 20.0 0 0 0
28.468 0x00 idle 0 0 0 0 0 0.0 0.0 150 20.0 0 0 0
28.506 0x00 idle 0 0 0 0 0 0.0 0.0 150 20.0 0 0 0
28.546 0x00 idle 0 0 0 0 0 0.0 0.0 150 20.0 0 0 0
28.585 0x00 idle 0 0 0 0 0 0.0 0.0 150 20.0 0 0 0
28.624 0x00 idle 0 0 0 0 0 0.0 0.0 150 20.0 0 0 0
28.663 0x00 idle 0 0 0 0 0 0.0 0.0 150 20.0 0 0 0
28.709 0x00 idle 0 0 0 0 0 0.0 0.0 150 20.0 0 0 0
28.750 0x00 idle 0 0 0 0 0 0.0 0.0 150 20.0 0 0 0
28.787 0x00 idle 0 0 0 0 0 0.0 0.0 150 20.0 0 0 0
28.829 0x00 idle 0 0 0 0 0 0.0 0.0 150 20.0 0 0 0
28.865 0x00 idle 0 0 0 0 0 0.0 0.0 150 20.0 0 0 0
28.903 0x00 idle 0 0 0 0 0 0.0 0.0 150 20.0 0 0 0
28.947 0x00 idle 0 0 0 0 0 0.0 0.0 150 20.0 0 0 0
28.984 0x00 idle 0 0 0 0 0 0.0 0.0 150 20.0 0 0 0
29.029 0x00 idle 0 0 0 0 0 0.0 0.0 150 20.0 0 0 0
29.067 0x00 idle 0 0 0 0 0 0.0 0.0 150 20.0 0 0 0
29.107 0x00 idle 0 0 0 0 0 0.0 0.0 150 20.0 0 0 0
29.145 0x00 idle 0 0 0 0 0 0.0 0.0 150 20.0 0 0 0
29.183 0x00 idle 0 0 0 0 0 0.0 0.0 150 20.0 0 0 0
29.229 0x00 idle 0 0 0 0 0 0.0 0.0 150 20.0 0 0 0
29.269 0x00 idle 0 0 0 0 0 0.0 0.0 150 20.0 0 0 0
29.305 0x00 idle 0 0 0 0 0 0.0 0.0 150 20.0 0 0 0
29.349 0x00 idle 0 0 0 0 0 0.0 0.0 150 20.0 0 0 0
29.384 0x00 idle 0 0 0 0 0 0.0 0.0 150 20.0 0 0 0
29.424 0x00 idle 0 0 0 0 0 0.0 0.0 150 20.0 0 0 0
29.463 0x00 idle 0 0 0 0 0 0.0 0.0 150 20.0 0 0 0
29.502 0x00 idle 0 0 0 0 0 0.0 0.0 150 20.0 0 0 0
29.544 0x00 idle 0 0 0 0 0 0.0 0.0 150 20.0 0 0 0
29.586 0x00 idle 0 0 0 0 0 0.0 0.0 150 20.0 0 0 0
29.622 0x00 idle 0 0 0 0 0 0.0 0.0 150 20.0 0 0 0
29.664 0x00 idle 0 0 0 0 0 0.0 0.0 150 20.0 0 0 0
29.709 0x00 idle 0 0 0 0 0 0.0 0.0 150 20.0 0 0 0
29.751 0x00 idle 0 0 0 0 0 0.0 0.0 150 20.0 0 0 0
29.785 0x00 idle 0 0 0 0 0 0.0 0.0 150 20.0 0 0 0
29.826 0x00 idle 0 0 0 0 0 0.0 0.0 150 20.0 0 0 0
29.868 0x00 idle 0 0 0 0 0 0.0 0.0 150 20.0 0 0 0
29.904 0x00 idle 0 0 0 0 0 0.0 0.0 150 20.0 0 0 0
29.948 0x00 idle 0 0 0 0 0 0.0 0.0 150 20.0 0 0 0
29.984 0x00 idle 0 0 0 0 0 0.0 0.0 150 20.0 0 0 0
30.022 0x00 idle 0 0 0 0 0 0.0 0.0 150 20.0 0 0 0
30.063 0x00 idle 0 0 0 0 0 0.0 0.0 150 20.0 0 0 0
30.105 0x00 idle 0 0 0 0 0 0.0 0.0 150 20.0 0 0 0
30.147 0x00 idle 0 0 0 0 0 0.0 0.0 150 20.0 0 0 0
30.189 0x00 idle 0 0 0 0 0 0.0 0.0 150 20.0 0 0 0
30.233 0x00 idle 0 0 0 0 0 0.0 0.0 150 20.0 0 0 0
30.264 0x00 idle 0 0 0 0 0 0.0 0.0 150 20.0 0 0 0
30.304 0x00 idle 0 0 0 0 0 0.0 0.0 150 20.0 0 0 0
30.346 0x00 idle 0 0 0 0 0 0.0 0.0 150 20.0 0 0 0
30.389 0x00 idle 0 0 0 0 0 0.0 0.0 150 20.0 0 0 0
30.424 0x00 idle 0 0 0 0 0 0.0 0.0 150 20.0 0 0 0
30.463 0x00 idle 0 0 0 0 0 0.0 0.0 150 20.0 0 0 0
30.506 0x00 idle 0 0 0 0 0 0.0 0.0 150 20.0 0 0 0
30.549 0x00 idle 0 0 0 0 0 0.0 0.0 150 20.0 0 0 0
30.587 0x00 idle 0 0 0 0 0 0.0 0.0 150 20.0 0 0 0
30.622 0x00 idle 0 0 0 0 0 0.0 0.0 150 20.0 0 0 0
30.665 0x00 idle 0 0 0 0 0 0.0 0.0 150 20.0 0 0 0
30.708 0x00 idle 0 0 0 0 0 0.0 0.0 150 20.0 0 0 0
30.745 0x00 idle 0 0 0 0 0 0.0 0.0 150 20.0 0 0 0
30.785 0x00 idle 0 0 0 0 0 0.0 0.0 150 20.0 0 0 0
30.825 0x00 idle 0 0 0 0 0 0.0 0.0 150 20.0 0 0 0
30.875 0x00 idle 0 0 0 0 0 0.0 0.0 150 20.0 0 0 0
30.904 0x00 idle 0 0 0 0 0 0.0 0.0 150 20.0 0 0 0
30.949 0x00 idle 0 0 0 0 0 0.0 0.0 150 20.0 0 0 0
30.991 0x00 idle 0 0 0 0 0 0.0 0.0 150 20.0 0 0 0
31.026 0x00 idle 0 0 0 0 0 0.0 0.0 150 20.0 0 0 0
31.062 0x00 idle 0 0 0 0 0 0.0 0.0 150 20.0 0 0 0
31.103 0x00 idle 0 0 0 0 0 0.0 0.0 150 20.0 0 0 0
31.142 0x00 idle 0 0 0 0 0 0.0 0.0 150 20.0 0 0 0
31.193 0x00 idle 0 0 0 0 0 0.0 0.0 150 20.0 0 0 0
31.225 0x00 idle 0 0 0 0 0 0.0 0.0 150 20.0 0 0 0
31.270 0x00 idle 0 0 0 0 0 0.0 0.0 150 20.0 0 0 0
31.308 0x00 idle 0 0 0 0 0 0.0 0.0 150 20.0 0 0 0
31.348 0x00 idle 0 0 0 0 0 0.0 0.0 150 20.0 0 0 0
31.387 0x00 idle 0 0 0 0 0 0.0 0.0 150 20.0 0 0 0
31.424 0x00 idle 0 0 0 0 0 0.0 0.0 150 20.0 0 0 0
31.462 0x00 idle 0 0 0 0 0 0.0 0.0 150 20.0 0 0 0
31.508 0x00 idle 0 0 0 0 0 0.0 0.0 150 20.0 0 0 0
31.548 0x00 idle 0 0 0 0 0 0.0 0.0 150 20.0 0 0 0
31.589 0x00 idle 0 0 0 0 0 0.0 0.0 150 20.0 0 0 0
31.622 0x00 idle 0 0 0 0 0 0.0 0.0 150 20.0 0 0 0
31.666 0x00 idle 0 0 0 0 0 0.0 0.0 150 20.0 0 0 0
31.713 0x00 idle 0 0 0 0 0 0.0 0.0 150 20.0 0 0 0
31.746 0x00 idle 0 0 0 0 0 0.0 0.0 150 20.0 0 0 0
31.783 0x00 idle 0 0 0 0 0 0.0 0.0 150 20.0 0 0 0
31.830 0x00 idle 0 0 0 0 0 0.0 0.0 150 20.0 0 0 0
31.871 0x00 idle 0 0 0 0 0 0.0 0.0 150 20.0 0 0 0
31.906 0x00 idle 0 0 0 0 0 0.0 0.0 150 20.0 0 0 0
31.947 0x00 idle 0 0 0 0 0 0.0 0.0 150 20.0 0 0 0
31.988 0x00 idle 0 0 0 0 0 0.0 0.0 150 20.0 0 0 0
32.027 0x00 idle 0 0 0 0 0 0.0 0.0 150 20.0 0 0 0
32.064 0x00 idle 0 0 0 0 0 0.0 0.0 150 20.0 0 0 0
32.107 0x00 idle 0 0 0 0 0 0.0 0.0 150 20.0 0 0 0
32.145 0x00 idle 0 0 0 0 0 0.0 0.0 150 20.0 0 0 0
32.193 0x00 idle 0 0 0 0 0 0.0 0.0 150 20.0 0 0 0
32.229 0x00 idle 0 0 0 0 0 0.0 0.0 150 20.0 0 0 0
32.275 0x00 idle 0 0 0 0 0 0.0 0.0 150 20.0 0 0 0
32.308 0x00 idle 0 0 0 0 0 0.0 0.0 150 20.0 0 0 0
32.345 0x00 idle 0 0 0 0 0 0.0 0.0 150 20.0 0 0 0
32.385 0x00 idle 0 0 0 0 0 0.0 0.0 150 20.0 0 0 0
32.425 0x00 idle 0 0 0 0 0 0.0 0.0 150 20.0 0 0 0
32.463 0x00 idle 0 0 0 0 0 0.0 0.0 150 20.0 0 0 0
32.506 0x00 idle 0 0 0 0 0 0.0 0.0 150 20.0 0 0 0
32.553 0x00 idle 0 0 0 0 0 0.0 0.0 150 20.0 0 0 0
32.587 0x00 idle 0 0 0 0 0 0.0 0.0 150 20.0 0 0 0
32.627 0x00 idle 0 0 0 0 0 0.0 0.0 150 20.0 0 0 0
32.668 0x00 idle 0 0 0 0 0 0.0 0.0 150 20.0 0 0 0
32.704 0x00 idle 0 0 0 0 0 0.0 0.0 150 20.0 0 0 0
32.746 0x00 idle 0 0 0 0 0 0.0 0.0 150 20.0 0 0 0
32.789 0x00 idle 0 0 0 0 0 0.0 0.0 150 20.0 0 0 0
32.826 0x00 idle 0 0 0 0 0 0.0 0.0 150 20.0 0 0 0
32.864 0x00 idle 0 0 0 0 0 0.0 0.0 150 20.0 0 0 0
32.904 0x00 idle 0 0 0 0 0 0.0 0.0 150 20.0 0 0 0
32.943 0x00 idle 0 0 0 0 0 0.0 0.0 150 20.0 0 0 0
32.990 0x00 idle 0 0 0 0 0 0.0 0.0 150 20.0 0 0 0
33.023 0x00 idle 0 0 0 0 0 0.0 0.0 150 20.0 0 0 0
33.065 0x00 idle 0 0 0 0 0 0.0 0.0 150 20.0 0 0 0
33.102 0x00 idle 0 0 0 0 0 0.0 0.0 150 20.0 0 0 0
33.147 0x00 idle 0 0 0 0 0 0.0 0.0 150 20.0 0 0 0
33.190 0x00 idle 0 0 0 0 0 0.0 0.0 150 20.0 0 0 0
33.225 0x00 idle 0 0 0 0 0 0.0 0.0 150 20.0 0 0 0
33.264 0x00 idle 0 0 0 0 0 0.0 0.0 150 20.0 0 0 0
33.302 0x00 idle 0 0 0 0 0 0.0 0.0 150 20.0 0 0 0
33.348 0x00 idle 0 0 0 0 0 0.0 0.0 150 20.0 0 0 0
33.390 0x00 idle 0 0 0 0 0 0.0 0.0 150 20.0 0 0 0
33.427 0x00 idle 0 0 0 0 0 0.0 0.0 150 20.0 0 0 0
33.463 0x00 idle 0 0 0 0 0 0.0 0.0 150 20.0 0 0 0
33.507 0x00 idle 0 0 0 0 0 0.0 0.0 150 20.0 0 0 0
33.543 0x00 idle 0 0 0 0 0 0.0 0.0 150 20.0 0 0 0
33.588 0x00 idle 0 0 0 0 0 0.0 0.0 150 20.0 0 0 0
33.624 0x00 idle 0 0 0 0 0 0.0 0.0 150 20.0 0 0 0
33.672 0x00 idle 0 0 0 0 0 0.0 0.0 150 20.0 0 0 0
33.706 0x00 idle 0 0 0 0 0 0.0 0.0 150 20.0 0 0 0
33.744 0x00 idle 0 0 0 0 0 0.0 0.0 150 20.0 0 0 0
33.787 0x00 idle 0 0 0 0 0 0.0 0.0 150 20.0 0 0 0
33.827 0x00 idle 0 0 0 0 0 0.0 0.0 150 20.0 0 0 0
33.870 0x00 idle 0 0 0 0 0 0.0 0.0 150 20.0 0 0 0
33.917 0x00 idle 0 0 0 0 0 0.0 0.0 150 20.0 0 0 0
33.946 0x00 idle 0 0 0 0 0 0.0 0.0 150 20.0 0 0 0
33.988 0x00 idle 0 0 0 0 0 0.0 0.0 150 20.0 0 0 0
34.023 0x00 idle 0 0 0 0 0 0.0 0.0 150 20.0 0 0 0
34.067 0x00 idle 0 0 0 0 0 0.0 0.0 150 20.0 0 0 0
34.107 0x00 idle 0 0 0 0 0 0.0 0.0 150 20.0 0 0 0
34.150 0x00 idle 0 0 0 0 0 0.0 0.0 150 20.0 0 0 0
34.192 0x00 idle 0 0 0 0 0 0.0 0.0 150 20.0 0 0 0
34.224 0x00 idle 0 0 0 0 0 0.0 0.0 150 20.0 0 0 0
34.269 0x00 idle 0 0 0 0 0 0.0 0.0 150 20.0 0 0 0
34.307 0x00 idle 0 0 0 0 0 0.0 0.0 150 20.0 0 0 0
34.356 0x00 idle 0 0 0 0 0 0.0 0.0 150 20.0 0 0 0
34.385 0x00 idle 0 0 0 0 0 0.0 0.0 150 20.0 0 0 0
34.428 0x00 idle 0 0 0 0 0 0.0 0.0 150 20.0 0 0 0
34.464 0x00 idle 0 0 0 0 0 0.0 0.0 150 20.0 0 0 0
34.504 0x00 idle 0 0 0 0 0 0.0 0.0 150 20.0 0 0 0
34.544 0x00 idle 0 0 0 0 0 0.0 0.0 150 20.0 0 0 0
34.588 0x00 idle 0 0 0 0 0 0.0 0.0 150 20.0 0 0 0
34.626 0x00 idle 0 0 0 0 0 0.0 0.0 150 20.0 0 0 0
34.662 0x00 idle 0 0 0 0 0 0.0 0.0 150 20.0 0 0 0
34.705 0x00 idle 0 0 0 0 0 0.0 0.0 150 20.0 0 0 0
34.749 0x00 idle 0 0 0 0 0 0.0 0.0 150 20.0 0 0 0
34.795 0x00 idle 0 0 0 0 0 0.0 0.0 150 20.0 0 0 0
34.827 0x00 idle 0 0 0 0 0 0.0 0.0 150 20.0 0 0 0
34.865 0x00 idle 0 0 0 0 0 0.0 0.0 150 20.0 0 0 0
34.904 0x00 idle 0 0 0 0 0 0.0 0.0 150 20.0 0 0 0
34.949 0x00 idle 0 0 0 0 0 0.0 0.0 150 20.0 0 0 0
34.988 0x00 idle 0 0 0 0 0 0.0 0.0 150 20.0 0 0 0
35.032 0x00 idle 0 0 0 0 0 0.0 0.0 150 20.0 0 0 0
35.067 0x00 idle 0 0 0 0 0 0.0 0.0 150 20.0 0 0 0
35.105 0x00 idle 0 0 0 0 0 0.0 0.0 150 20.0 0 0 0
35.148 0x00 idle 0 0 0 0 0 0.0 0.0 150 20.0 0 0 0
35.185 0x00 idle 0 0 0 0 0 0.0 0.0 150 20.0 0 0 0
35.228 0x00 idle 0 0 0 0 0 0.0 0.0 150 20.0 0 0 0
35.266 0x00 idle 0 0 0 0 0 0.0 0.0 150 20.0 0 0 0
35.303 0x00 idle 0 0 0 0 0 0.0 0.0 150 20.0 0 0 0
35.354 0x00 idle 0 0 0 0 0 0.0 0.0 150 20.0 0 0 0
35.389 0x00 idle 0 0 0 0 0 0.0 0.0 150 20.0 0 0 0
35.424 0x00 idle 0 0 0 0 0 0.0 0.0 150 20.0 0 0 0
35.466 0x00 idle 0 0 0 0 0 0.0 0.0 150 20.0 0 0 0
35.504 0x00 idle 0 0 0 0 0 0.0 0.0 150 20.0 0 0 0
35.547 0x00 idle 0 0 0 0 0 0.0 0.0 150 20.0 0 0 0
35.586 0x00 idle 0 0 0 0 0 0.0 0.0 150 20.0 0 0 0
35.632 0x00 idle 0 0 0 0 0 0.0 0.0 150 20.0 0 0 0
35.672 0x00 idle 0 0 0 0 0 0.0 0.0 150 20.0 0 0 0
35.704 0x00 idle 0 0 0 0 0 0.0 0.0 150 20.0 0 0 0
35.751 0x00 idle 0 0 0 0 0 0.0 0.0 150 20.0 0 0 0
35.786 0x00 idle 0 0 0 0 0 0.0 0.0 150 20.0 0 0 0
35.825 0x00 idle 0 0 0 0 0 0.0 0.0 150 20.0 0 0 0
35.867 0x00 idle 0 0 0 0 0 0.0 0.0 150 20.0 0 0 0
35.907 0x00 idle 0 0 0 0 0 0.0 0.0 150 20.0 0 0 0
35.947 0x00 idle 0 0 0 0 0 0.0 0.0 150 20.0 0 0 0
35.983 0x00 idle 0 0 0 0 0 0.0 0.0 150 20.0 0 0 0
36.023 0x00 idle 0 0 0 0 0 0.0 0.0 150 20.0 0 0 0
36.063 0x00 idle 0 0 0 0 0 0.0 0.0 150 20.0 0 0 0
36.106 0x00 idle 0 0 0 0 0 0.0 0.0 150 20.0 0 0 0
36.148 0x00 idle 0 0 0 0 0 0.0 0.0 150 20.0 0 0 0
36.184 0x00 idle 0 0 0 0 0 0.0 0.0 150 20.0 0 0 0
36.224 0x00 idle 0 0 0 0 0 0.0 0.0 150 20.0 0 0 0
36.269 0x00 idle 0 0 0 0 0 0.0 0.0 150 20.0 0 0 0
36.303 0x00 idle 0 0 0 0 0 0.0 0.0 150 20.0 0 0 0
36.347 0x00 idle 0 0 0 0 0 0.0 0.0 150 20.0 0 0 0
36.385 0x00 idle 0 0 0 0 0 0.0 0.0 150 20.0 0 0 0
36.423 0x00 idle 0 0 0 0 0 0.0 0.0 150 20.0 0 0 0
36.465 0x00 idle 0 0 0 0 0 0.0 0.0 150 20.0 0 0 0
36.504 0x00 idle 0 0 0 0 0 0.0 0.0 150 20.0 0 0 0
36.548 0x00 idle 0 0 0 0 0 0.0 0.0 150 20.0 0 0 0
36.586 0x00 idle 0 0 0 0 0 0.0 0.0 150 20.0 0 0 0
36.626 0x00 idle 0 0 0 0 0 0.0 0.0 150 20.0 0 0 0
36.664 0x00 idle 0 0 0 0 0 0.0 0.0 150 20.0 0 0 0
36.706 0x00 idle 0 0 0 0 0 0.0 0.0 150 20.0 0 0 0
36.747 0x00 idle 0 0 0 0 0 0.0 0.0 150 20.0 0 0 0
36.786 0x00 idle 0 0 0 0 0 0.0 0.0 150 20.0 0 0 0
36.822 0x00 idle 0 0 0 0 0 0.0 0.0 150 20.0 0 0 0
36.871 0x00 idle 0 0 0 0 0 0.0 0.0 150 20.0 0 0 0
36.903 0x00 idle 0 0 0 0 0 0.0 0.0 150 20.0 0 0 0
36.949 0x00 idle 0 0 0 0 0 0.0 0.0 150 20.0 0 0 0
36.988 0x00 idle 0 0 0 0 0 0.0 0.0 150 20.0 0 0 0
37.030 0x00 idle 0 0 0 0 0 0.0 0.0 150 20.0 0 0 0
37.068 0x00 idle 0 0 0 0 0 0.0 0.0 150 20.0 0 0 0
37.105 0x00 idle 0 0 0 0 0 0.0 0.0 150 20.0 0 0 0
37.146 0x00 idle 0 0 0 0 0 0.0 0.0 150 20.0 0 0 0
37.185 0x00 idle 0 0 0 0 0 0.0 0.0 150 20.0 0 0 0
37.225 0x00 idle 0 0 0 0 0 0.0 0.0 150 20.0 0 0 0
37.265 0x00 idle 0 0 0 0 0 0.0 0.0 150 20.0 0 0 0
37.307 0x00 idle 0 0 0 0 0 0.0 0.0 150 20.0 0 0 0
37.349 0x00 idle 0 0 0 0 0 0.0 0.0 150 20.0 0 0 0
37.387 0x00 idle 0 0 0 0 0 0.0 0.0 150 20.0 0 0 0
37.431 0x00 idle 0 0 0 0 0 0.0 0.0 150 20.0 0 0 0
37.469 0x00 idle 0 0 0 0 0 0.0 0.0 150 20.0 0 0 0
37.507 0x00 idle 0 0 0 0 0 0.0 0.0 150 20.0 0 0 0
37.543 0x00 idle 0 0 0 0 0 0.0 0.0 150 20.0 0 0 0
37.585 0x00 idle 0 0 0 0 0 0.0 0.0 150 20.0 0 0 0
37.629 0x00 idle 0 0 0 0 0 0.0 0.0 150 20.0 0 0 0
37.664 0x00 idle 0 0 0 0 0 0.0 0.0 150 20.0 0 0 0
37.706 0x00 idle 0 0 0 0 0 0.0 0.0 150 20.0 0 0 0
37.743 0x00 idle 0 0 0 0 0 0.0 0.0 150 20.0 0 0 0
37.788 0x00 idle 0 0 0 0 0 0.0 0.0 150 20.0 0 0 0
37.831 0x00 idle 0 0 0 0 0 0.0 0.0 150 20.0 0 0 0
37.865 0x00 idle 0 0 0 0 0 0.0 0.0 150 20.0 0 0 0
37.904 0x00 idle 0 0 0 0 0 0.0 0.0 150 20.0 0 0 0
37.943 0x00 idle 0 0 0 0 0 0.0 0.0 150 20.0 0 0 0
37.986 0x00 idle 0 0 0 0 0 0.0 0.0 150 20.0 0 0 0
38.026 0x00 idle 0 0 0 0 0 0.0 0.0 150 20.0 0 0 0
38.067 0x00 idle 0 0 0 0 0 0.0 0.0 150 20.0 0 0 0
38.104 0x00 idle 0 0 0 0 0 0.0 0.0 150 20.0 0 0 0
38.142 0x00 idle 0 0 0 0 0 0.0 0.0 150 20.0 0 0 0
38.187 0x00 idle 0 0 0 0 0 0.0 0.0 150 20.0 0 0 0
38.227 0x00 idle 0 0 0 0 0 0.0 0.0 150 20.0 0 0 0
38.269 0x00 idle 0 0 0 0 0 0.0 0.0 150 20.0 0 0 0
38.306 0x00 idle 0 0 0 0 0 0.0 0.0 150 20.0 0 0 0
38.347 0x00 idle 0 0 0 0 0 0.0 0.0 150 20.0 0 0 0
38.386 0x00 idle 0 0 0 0 0 0.0 0.0 150 20.0 0 0 0
38.424 0x00 idle 0 0 0 0 0 0.0 0.0 150 20.0 0 0 0
38.469 0x00 idle 0 0 0 0 0 0.0 0.0 150 20.0 0 0 0
38.507 0x00 idle 0 0 0 0 0 0.0 0.0 150 20.0 0 0 0
38.543 0x00 idle 0 0 0 0 0 0.0 0.0 150 20.0 0 0 0
38.590 0x00 idle 0 0 0 0 0 0.0 0.0 150 20.0 0 0 0
38.626 0x00 idle 0 0 0 0 0 0.0 0.0 150 20.0 0 0 0
38.669 0x00 idle 0 0 0 0 0 0.0 0.0 150 20.0 0 0 0
38.707 0x00 idle 0 0 0 0 0 0.0 0.0 150 20.0 0 0 0
38.752 0x00 idle 0 0 0 0 0 0.0 0.0 150 20.0 0 0 0
38.789 0x00 idle 0 0 0 0 0 0.0 0.0 150 20.0 0 0 0
38.827 0x00 idle 0 0 0 0 0 0.0 0.0 150 20.0 0 0 0
38.867 0x00 idle 0 0 0 0 0 0.0 0.0 150 20.0 0 0 0
38.903 0x00 idle 0 0 0 0 0 0.0 0.0 150 20.0 0 0 0
38.942 0x00 idle 0 0 0 0 0 0.0 0.0 150 20.0 0 0 0
38.986 0x00 idle 0 0 0 0 0 0.0 0.0 150 20.0 0 0 0
39.025 0x00 idle 0 0 0 0 0 0.0 0.0 150 20.0 0 0 0
39.067 0x00 idle 0 0 0 0 0 0.0 0.0 150 20.0 0 0 0
39.112 0x00 idle 0 0 0 0 0 0.0 0.0 150 20.0 0 0 0
39.147 0x00 idle 0 0 0 0 0 0.0 0.0 150 20.0 0 0 0
39.188 0x00 idle 0 0 0 0 0 0.0 0.0 150 20.0 0 0 0
39.226 0x00 idle 0 0 0 0 0 0.0 0.0 150 20.0 0 0 0
39.270 0x00 idle 0 0 0 0 0 0.0 0.0 150 20.0 0 0 0
39.304 0x00 idle 0 0 0 0 0 0.0 0.0 150 20.0 0 0 0
39.350 0x00 idle 0 0 0 0 0 0.0 0.0 150 20.0 0 0 0
39.385 0x00 idle 0 0 0 0 0 0.0 0.0 150 20.0 0 0 0
39.429 0x00 idle 0 0 0 0 0 0.0 0.0 150 20.0 0 0 0
39.471 0x00 idle 0 0 0 0 0 0.0 0.0 150 20.0 0 0 0
39.504 0x00 idle 0 0 0 0 0 0.0 0.0 150 20.0 0 0 0
39.545 0x00 idle 0 0 0 0 0 0.0 0.0 150 20.0 0 0 0
39.585 0x00 idle 0 0 0 0 0 0.0 0.0 150 20.0 0 0 0
39.630 0x00 idle 0 0 0 0 0 0.0 0.0 150 20.0 0 0 0
39.667 0x00 idle 0 0 0 0 0 0.0 0.0 150 20.0 0 0 0
39.707 0x00 idle 0 0 0 0 0 0.0 0.0 150 20.0 0 0 0
39.753 0x00 idle 0 0 0 0 0 0.0 0.0 150 20.0 0 0 0
39.789 0x00 idle 0 0 0 0 0 0.0 0.0 150 20.0 0 0 0
39.826 0x00 idle 0 0 0 0 0 0.0 0.0 150 20.0 0 0 0
39.868 0x00 idle 0 0 0 0 0 0.0 0.0 150 20.0 0 0 0
39.903 0x00 idle 0 0 0 0 0 0.0 0.0 150 20.0 0 0 0
39.945 0x00 idle 0 0 0 0 0 0.0 0.0 150 20.0 0 0 0
39.984 0x00 idle 0 0 0 0 0 0.0 0.0 150 20.0 0 0 0
40.028 0x00 idle 0 0 0 0 0 0.0 0.0 150 20.0 0 0 0
40.062 0x00 idle 0 0 0 0 0 0.0 0.0 150 20.0 0 0 0
40.102 0x00 idle 0 0 0 0 0 0.0 0.0 150 20.0 0 0 0
40.147 0x00 idle 0 0 0 0 0 0.0 0.0 150 20.0 0 0 0
40.188 0x00 idle 0 0 0 0 0 0.0 0.0 150 20.0 0 0 0
40.229 0x00 idle 0 0 0 0 0 0.0 0.0 150 20.0 0 0 0
40.265 0x00 idle 0 0 0 0 0 0.0 0.0 150 20.0 0 0 0
40.305 0x00 idle 0 0 0 0 0 0.0 0.0 150 20.0 0 0 0
40.346 0x00 idle 0 0 0 0 0 0.0 0.0 150 20.0 0 0 0
40.390 0x00 idle 0 0 0 0 0 0.0 0.0 150 20.0 0 0 0
40.426 0x00 idle 0 0 0 0 0 0.0 0.0 150 20.0 0 0 0
40.466 0x00 idle 0 0 0 0 0 0.0 0.0 150 20.0 0 0 0
40.507 0x00 idle 0 0 0 0 0 0.0 0.0 150 20.0 0 0 0
40.544 0x00 idle 0 0 0 0 0 0.0 0.0 150 20.0 0 0 0
40.586 0x00 idle 0 0 0 0 0 0.0 0.0 150 20.0 0 0 0
40.625 0x00 idle 0 0 0 0 0 0.0 0.0 150 20.0 0 0 0
40.669 0x00 idle 0 0 0 0 0 0.0 0.0 150 20.0 0 0 0
40.703 0x00 idle 0 0 0 0 0 0.0 0.0 150 20.0 0 0 0
40.743 0x00 idle 0 0 0 0 0 0.0 0.0 150 20.0 0 0 0
40.791 0x00 idle 0 0 0 0 0 0.0 0.0 150 20.0 0 0 0
40.823 0x00 idle 0 0 0 0 0 0.0 0.0 150 20.0 0 0 0
40.864 0x00 idle 0 0 0 0 0 0.0 0.0 150 20.0 0 0 0
40.905 0x00 idle 0 0 0 0 0 0.0 0.0 150 20.0 0 0 0
40.946 0x00 idle 0 0 0 0 0 0.0 0.0 150 20.0 0 0 0
40.986 0x00 idle 0 0 0 0 0 0.0 0.0 150 20.0 0 0 0
41.024 0x00 idle 0 0 0 0 0 0.0 0.0 150 20.0 0 0 0
41.066 0x00 idle 0 0 0 0 0 0.0 0.0 150 20.0 0 0 0
41.108 0x00 idle 0 0 0 0 0 0.0 0.0 150 20.0 0 0 0
41.148 0x00 idle 0 0 0 0 0 0.0 0.0 150 20.0 0 0 0
41.186 0x00 idle 0 0 0 0 0 0.0 0.0 150 20.0 0 0 0
41.226 0x00 idle 0 0 0 0 0 0.0 0.0 150 20.0 0 0 0
41.269 0x00 idle 0 0 0 0 0 0.0 0.0 150 20.0 0 0 0
41.304 0x00 idle 0 0 0 0 0 0.0 0.0 150 20.0 0 0 0
41.345 0x00 idle 0 0 0 0 0 0.0 0.0 150 20.0 0 0 0
41.386 0x00 idle 0 0 0 0 0 0.0 0.0 150 20.0 0 0 0
41.426 0x00 idle 0 0 0 0 0 0.0 0.0 150 20.0 0 0 0
41.467 0x00 idle 0 0 0 0 0 0.0 0.0 150 20.0 0 0 0
41.507 0x00 idle 0 0 0 0 0 0.0 0.0 150 20.0 0 0 0
41.543 0x00 idle 0 0 0 0 0 0.0 0.0 150 20.0 0 0 0
41.589 0x00 idle 0 0 0 0 0 0.0 0.0 150 20.0 0 0 0
41.624 0x00 idle 0 0 0 0 0 0.0 0.0 150 20.0 0 0 0
41.664 0x00 idle 0 0 0 0 0 0.0 0.0 150 20.0 0 0 0
41.705 0x00 idle 0 0 0 0 0 0.0 0.0 150 20.0 0 0 0
41.749 0x00 idle 0 0 0 0 0 0.0 0.0 150 20.0 0 0 0
41.784 0x00 idle 0 0 0 0 0 0.0 0.0 150 20.0 0 0 0
41.825 0x00 idle 0 0 0 0 0 0.0 0.0 150 20.0 0 0 0
41.871 0x00 idle 0 0 0 0 0 0.0 0.0 150 20.0 0 0 0
41.909 0x00 idle 0 0 0 0 0 0.0 0.0 150 20.0 0 0 0
41.943 0x00 idle 0 0 0 0 0 0.0 0.0 150 20.0 0 0 0
41.983 0x00 idle 0 0 0 0 0 0.0 0.0 150 20.0 0 0 0
42.023 0x00 idle 0 0 0 0 0 0.0 0.0 150 20.0 0 0 0
42.063 0x00 idle 0 0 0 0 0 0.0 0.0 150 20.0 0 0 0
42.109 0x00 idle 0 0 0 0 0 0.0 0.0 150 20.0 0 0 0
42.144 0x00 idle 0 0 0 0 0 0.0 0.0 150 20.0 0 0 0
42.184 0x00 idle 0 0 0 0 0 0.0 0.0 150 20.0 0 0 0
42.226 0x00 idle 0 0 0 0 0 0.0 0.0 150 20.0 0 0 0
42.265 0x00 idle 0 0 0 0 0 0.0 0.0 150 20.0 0 0 0
42.306 0x00 idle 0 0 0 0 0 0.0 0.0 150 20.0 0 0 0
42.346 0x00 idle 0 0 0 0 0 0.0 0.0 150 20.0 0 0 0
42.385 0x00 idle 0 0 0 0 0 0.0 0.0 150 20.0 0 0 0
42.423 0x00 idle 0 0 0 0 0 0.0 0.0 150 20.0 0 0 0
42.464 0x00 idle 0 0 0 0 0 0.0 0.0 150 20.0 0 0 0
42.510 0x00 idle 0 0 0 0 0 0.0 0.0 150 20.0 0 0 0
42.545 0x00 idle 0 0 0 0 0 0.0 0.0 150 20.0 0 0 0
42.592 0x00 idle 0 0 0 0 0 0.0 0.0 150 20.0 0 0 0
42.623 0x00 idle 0 0 0 0 0 0.0 0.0 150 20.0 0 0 0
42.668 0x00 idle 0 0 0 0 0 0.0 0.0 150 20.0 0 0 0
42.707 0x00 idle 0 0 0 0 0 0.0 0.0 150 20.0 0 0 0
42.749 0x00 idle 0 0 0 0 0 0.0 0.0 150 20.0 0 0 0
42.784 0x00 idle 0 0 0 0 0 0.0 0.0 150 20.0 0 0 0
42.827 0x00 idle 0 0 0 0 0 0.0 0.0 150 20.0 0 0 0
42.867 0x00 idle 0 0 0 0 0 0.0 0.0 150 20.0 0 0 0
42.904 0x00 idle 0 0 0 0 0 0.0 0.0 150 20.0 0 0 0
42.946 0x00 idle 0 0 0 0 0 0.0 0.0 150 20.0 0 0 0
42.986 0x00 idle 0 0 0 0 0 0.0 0.0 150 20.0 0 0 0
43.024 0x00 idle 0 0 0 0 0 0.0 0.0 150 20.0 0 0 0
43.064 0x00 idle 0 0 0 0 0 0.0 0.0 150 20.0 0 0 0
43.109 0x00 idle 0 0 0 0 0 0.0 0.0 150 20.0 0 0 0
43.144 0x00 idle 0 0 0 0 0 0.0 0.0 150 20.0 0 0 0
43.195 0x00 idle 0 0 0 0 0 0.0 0.0 150 20.0 0 0 0
43.222 0x00 idle 0 0 0 0 0 0.0 0.0 150 20.0 0 0 0
43.268 0x00 idle 0 0 0 0 0 0.0 0.0 150 20.0 0 0 0
43.309 0x00 idle 0 0 0 0 0 0.0 0.0 150 20.0 0 0 0
43.342 0x00 idle 0 0 0 0 0 0.0 0.0 150 20.0 0 0 0
43.385 0x00 idle 0 0 0 0 0 0.0 0.0 150 20.0 0 0 0
43.423 0x00 idle 0 0 0 0 0 0.0 0.0 150 20.0 0 0 0
43.463 0x00 idle 0 0 0 0 0 0.0 0.0 150 20.0 0 0 0
43.502 0x00 idle 0 0 0 0 0 0.0 0.0 150 20.0 0 0 0
43.545 0x00 idle 0 0 0 0 0 0.0 0.0 150 20.0 0 0 0
43.589 0x00 idle 0 0 0 0 0 0.0 0.0 150 20.0 0 0 0
43.626 0x00 idle 0 0 0 0 0 0.0 0.0 150 20.0 0 0 0
43.665 0x00 idle 0 0 0 0 0 0.0 0.0 150 20.0 0 0 0
43.701 0x00 idle 0 0 0 0 0 0.0 0.0 150 20.0 0 0 0
43.746 0x00 idle 0 0 0 0 0 0.0 0.0 150 20.0 0 0 0
43.785 0x00 idle 0 0 0 0 0 0.0 0.0 150 20.0 0 0 0
43.825 0x00 idle 0 0 0 0 0 0.0 0.0 150 20.0 0 0 0
43.863 0x00 idle 0 0 0 0 0 0.0 0.0 150 20.0 0 0 0
43.909 0x00 idle 0 0 0 0 0 0.0 0.0 150 20.0 0 0 0
43.941 0x00 idle 0 0 0 0 0 0.0 0.0 150 20.0 0 0 0
43.983 0x00 idle 0 0 0 0 0 0.0 0.0 150 20.0 0 0 0
44.023 0x00 idle 0 0 0 0 0 0.0 0.0 150 20.0 0 0 0
44.064 0x00 idle 0 0 0 0 0 0.0 0.0 150 20.0 0 0 0
44.104 0x00 idle 0 0 0 0 0 0.0 0.0 150 20.0 0 0 0
44.148 0x00 idle 0 0 0 0 0 0.0 0.0 150 20.0 0 0 0
44.187 0x00 idle 0 0 0 0 0 0.0 0.0 150 20.0 0 0 0
44.224 0x00 idle 0 0 0 0 0 0.0 0.0 150 20.0 0 0 0
44.264 0x00 idle 0 0 0 0 0 0.0 0.0 150 20.0 0 0 0
44.307 0x00 idle 0 0 0 0 0 0.0 0.0 150 20.0 0 0 0
44.343 0x00 idle 0 0 0 0 0 0.0 0.0 150 20.0 0 0 0
44.385 0x00 idle 0 0 0 0 0 0.0 0.0 150 20.0 0 0 0
44.421 0x00 idle 0 0 0 0 0 0.0 0.0 150 20.0 0 0 0
44.465 0x00 idle 0 0 0 0 0 0.0 0.0 150 20.0 0 0 0
44.507 0x00 idle 0 0 0 0 0 0.0 0.0 150 20.0 0 0 0
44.543 0x00 idle 0 0 0 0 0 0.0 0.0 150 20.0 0 0 0
44.585 0x00 idle 0 0 0 0 0 0.0 0.0 150 20.0 0 0 0
44.622 0x00 idle 0 0 0 0 0 0.0 0.0 150 20.0 0 0 0
44.669 0x00 idle 0 0 0 0 0 0.0 0.0 150 20.0 0 0 0
44.709 0x00 idle 0 0 0 0 0 0.0 0.0 150 20.0 0 0 0
44.744 0x00 idle 0 0 0 0 0 0.0 0.0 150 20.0 0 0 0
44.784 0x00 idle 0 0 0 0 0 0.0 0.0 150 20.0 0 0 0
44.824 0x00 idle 0 0 0 0 0 0.0 0.0 150 20.0 0 0 0
44.869 0x00 idle 0 0 0 0 0 0.0 0.0 150 20.0 0 0 0
44.903 0x00 idle 0 0 0 0 0 0.0 0.0 150 20.0 0 0 0
44.944 0x00 idle 0 0 0 0 0 0.0 0.0 150 20.0 0 0 0
44.986 0x00 idle 0 0 0 0 0 0.0 0.0 150 20.0 0 0 0
45.023 0x00 idle 0 0 0 0 0 0.0 0.0 150 20.0 0 0 0
45.067 0x00 idle 0 0 0 0 0 0.0 0.0 150 20.0 0 0 0
45.105 0x00 idle 0 0 0 0 0 0.0 0.0 150 20.0 0 0 0
45.143 0x00 idle 0 0 0 0 0 0.0 0.0 150 20.0 0 0 0
45.186 0x00 idle 0 0 0 0 0 0.0 0.0 150 20.0 0 0 0
45.227 0x00 idle 0 0 0 0 0 0.0 0.0 150 20.0 0 0 0
45.266 0x00 idle 0 0 0 0 0 0.0 0.0 150 20.0 0 0 0
45.302 0x00 idle 0 0 0 0 0 0.0 0.0 150 20.0 0 0 0
45.350 0x00 idle 0 0 0 0 0 0.0 0.0 150 20.0 0 0 0
45.386 0x00 idle 0 0 0 0 0 0.0 0.0 150 20.0 0 0 0
45.424 0x00 idle 0 0 0 0 0 0.0 0.0 150 20.0 0 0 0
45.465 0x00 idle 0 0 0 0 0 0.0 0.0 150 20.0 0 0 0
45.510 0x00 idle 0 0 0 0 0 0.0 0.0 150 20.0 0 0 0
45.555 0x00 idle 0 0 0 0 0 0.0 0.0 150 20.0 0 0 0
45.586 0x00 idle 0 0 0 0 0 0.0 0.0 150 20.0 0 0 0
45.623 0x00 idle 0 0 0 0 0 0.0 0.0 150 20.0 0 0 0
45.664 0x00 idle 0 0 0 0 0 0.0 0.0 150 20.0 0 0 0
45.709 0x00 idle 0 0 0 0 0 0.0 0.0 150 20.0 0 0 0
45.744 0x00 idle 0 0 0 0 0 0.0 0.0 150 20.0 0 0 0
45.789 0x00 idle 0 0 0 0 0 0.0 0.0 150 20.0 0 0 0
45.823 0x00 idle 0 0 0 0 0 0.0 0.0 150 20.0 0 0 0
45.868 0x00 idle 0 0 0 0 0 0.0 0.0 150 20.0 0 0 0
45.906 0x00 idle 0 0 0 0 0 0.0 0.0 150 20.0 0 0 0
45.943 0x00 idle 0 0 0 0 0 0.0 0.0 150 20.0 0 0 0
45.991 0x00 idle 0 0 0 0 0 0.0 0.0 150 20.0 0 0 0
46.027 0x00 idle 0 0 0 0 0 0.0 0.0 150 20.0 0 0 0
46.067 0x00 idle 0 0 0 0 0 0.0 0.0 150 20.0 0 0 0
46.103 0x00 idle 0 0 0 0 0 0.0 0.0 150 20.0 0 0 0
46.147 0x00 idle 0 0 0 0 0 0.0 0.0 150 20.0 0 0 0
46.184 0x00 idle 0 0 0 0 0 0.0 0.0 150 20.0 0 0 0
46.224 0x00 idle 0 0 0 0 0 0.0 0.0 150 20.0 0 0 0
46.265 0x00 idle 0 0 0 0 0 0.0 0.0 150 20.0 0 0 0
46.307 0x00 idle 0 0 0 0 0 0.0 0.0 150 20.0 0 0 0
46.349 0x00 idle 0 0 0 0 0 0.0 0.0 150 20.0 0 0 0
46.385 0x00 idle 0 0 0 0 0 0.0 0.0 150 20.0 0 0 0
46.425 0x00 idle 0 0 0 0 0 0.0 0.0 150 20.0 0 0 0
46.474 0x00 idle 0 0 0 0 0 0.0 0.0 150 20.0 0 0 0
46.503 0x00 idle 0 0 0 0 0 0.0 0.0 150 20.0 0 0 0
46.547 0x00 idle 0 0 0 0 0 0.0 0.0 150 20.0 0 0 0
46.586 0x00 idle 0 0 0 0 0 0.0 0.0 150 20.0 0 0 0
46.623 0x00 idle 0 0 0 0 0 0.0 0.0 150 20.0 0 0 0
46.669 0x00 idle 0 0 0 0 0 0.0 0.0 150 20.0 0 0 0
46.704 0x00 idle 0 0 0 0 0 0.0 0.0 150 20.0 0 0 0
46.748 0x00 idle 0 0 0 0 0 0.0 0.0 150 20.0 0 0 0
46.786 0x00 idle 0 0 0 0 0 0.0 0.0 150 20.0 0 0 0
46.823 0x00 idle 0 0 0 0 0 0.0 0.0 150 20.0 0 0 0
46.868 0x00 idle 0 0 0 0 0 0.0 0.0 150 20.0 0 0 0
46.904 0x00 idle 0 0 0 0 0 0.0 0.0 150 20.0 0 0 0
46.945 0x00 idle 0 0 0 0 0 0.0 0.0 150 20.0 0 0 0
46.986 0x00 idle 0 0 0 0 0 0.0 0.0 150 20.0 0 0 0
47.026 0x00 idle 0 0 0 0 0 0.0 0.0 150 20.0 0 0 0
47.065 0x00 idle 0 0 0 0 0 0.0 0.0 150 20.0 0 0 0
47.107 0x00 idle 0 0 0 0 0 0.0 0.0 150 20.0 0 0 0
47.145 0x00 idle 0 0 0 0 0 0.0 0.0 150 20.0 0 0 0
47.186 0x00 idle 0 0 0 0 0 0.0 0.0 150 20.0 0 0 0
47.231 0x00 idle 0 0 0 0 0 0.0 0.0 150 20.0 0 0 0
47.269 0x00 idle 0 0 0 0 0 0.0 0.0 150 20.0 0 0 0
47.305 0x00 idle 0 0 0 0 0 0.0 0.0 150 20.0 0 0 0
47.346 0x00 idle 0 0 0 0 0 0.0 0.0 150 20.0 0 0 0
47.396 0x00 idle 0 0 0 0 0 0.0 0.0 150 20.0 0 0 0
47.423 0x00 idle 0 0 0 0 0 0.0 0.0 150 20.0 0 0 0
47.464 0x00 idle 0 0 0 0 0 0.0 0.0 150 20.0 0 0 0
47.505 0x00 idle 0 0 0 0 0 0.0 0.0 150 20.0 0 0 0
47.545 0x00 idle 0 0 0 0 0 0.0 0.0 150 20.0 0 0 0
47.587 0x00 idle 0 0 0 0 0 0.0 0.0 150 20.0 0 0 0
47.624 0x00 idle 0 0 0 0 0 0.0 0.0 150 20.0 0 0 0
47.668 0x00 idle 0 0 0 0 0 0.0 0.0 150 20.0 0 0 0
47.704 0x00 idle 0 0 0 0 0 0.0 0.0 150 20.0 0 0 0
47.742 0x00 idle 0 0 0 0 0 0.0 0.0 150 20.0 0 0 0
47.789 0x00 idle 0 0 0 0 0 0.0 0.0 150 20.0 0 0 0
47.823 0x00 idle 0 0 0 0 0 0.0 0.0 150 20.0 0 0 0
47.866 0x00 idle 0 0 0 0 0 0.0 0.0 150 20.0 0 0 0
47.903 0x00 idle 0 0 0 0 0 0.0 0.0 150 20.0 0 0 0
47.945 0x00 idle 0 0 0 0 0 0.0 0.0 150 20.0 0 0 0
47.986 0x00 idle 0 0 0 0 0 0.0 0.0 150 20.0 0 0 0
48.025 0x00 idle 0 0 0 0 0 0.0 0.0 150 20.0 0 0 0
48.064 0x00 idle 0 0 0 0 0 0.0 0.0 150 20.0 0 0 0
48.103 0x00 idle 0 0 0 0 0 0.0 0.0 150 20.0 0 0 0
48.148 0x00 idle 0 0 0 0 0 0.0 0.0 150 20.0 0 0 0
48.184 0x00 idle 0 0 0 0 0 0.0 0.0 150 20.0 0 0 0
48.223 0x00 idle 0 0 0 0 0 0.0 0.0 150 20.0 0 0 0
48.266 0x00 idle 0 0 0 0 0 0.0 0.0 150 20.0 0 0 0
48.305 0x00 idle 0 0 0 0 0 0.0 0.0 150 20.0 0 0 0
48.347 0x00 idle 0 0 0 0 0 0.0 0.0 150 20.0 0 0 0
48.389 0x00 idle 0 0 0 0 0 0.0 0.0 150 20.0 0 0 0
48.422 0x00 idle 0 0 0 0 0 0.0 0.0 150 20.0 0 0 0
48.465 0x00 idle 0 0 0 0 0 0.0 0.0 150 20.0 0 0 0
48.504 0x00 idle 0 0 0 0 0 0.0 0.0 150 20.0 0 0 0
48.546 0x00 idle 0 0 0 0 0 0.0 0.0 150 20.0 0 0 0
48.585 0x00 idle 0 0 0 0 0 0.0 0.0 150 20.0 0 0 0
48.627 0x00 idle 0 0 0 0 0 0.0 0.0 150 20.0 0 0 0
48.663 0x00 idle 0 0 0 0 0 0.0 0.0 150 20.0 0 0 0
48.704 0x00 idle 0 0 0 0 0 0.0 0.0 150 20.0 0 0 0
48.744 0x00 idle 0 0 0 0 0 0.0 0.0 150 20.0 0 0 0
48.789 0x00 idle 0 0 0 0 0 0.0 0.0 150 20.0 0 0 0
48.829 0x00 idle 0 0 0 0 0 0.0 0.0 150 20.0 0 0 0
48.866 0x00 idle 0 0 0 0 0 0.0 0.0 150 20.0 0 0 0
48.908 0x00 idle 0 0 0 0 0 0.0 0.0 150 20.0 0 0 0
48.947 0x00 idle 0 0 0 0 0 0.0 0.0 150 20.0 0 0 0
48.990 0x00 idle 0 0 0 0 0 0.0 0.0 150 20.0 0 0 0
49.027 0x00 idle 0 0 0 0 0 0.0 0.0 150 20.0 0 0 0
49.062 0x00 idle 0 0 0 0 0 0.0 0.0 150 20.0 0 0 0
49.102 0x00 idle 0 0 0 0 0 0.0 0.0 150 20.0 0 0 0
49.143 0x00 idle 0 0 0 0 0 0.0 0.0 150 20.0 0 0 0
49.185 0x00 idle 0 0 0 0 0 0.0 0.0 150 20.0 0 0 0
49.226 0x00 idle 0 0 0 0 0 0.0 0.0 150 20.0 0 0 0
49.266 0x00 idle 0 0 0 0 0 0.0 0.0 150 20.0 0 0 0
49.304 0x00 idle 0 0 0 0 0 0.0 0.0 150 20.0 0 0 0
49.351 0x00 idle 0 0 0 0 0 0.0 0.0 150 20.0 0 0 0
49.387 0x00 idle 0 0 0 0 0 0.0 0.0 150 20.0 0 0 0
49.425 0x00 idle 0 0 0 0 0 0.0 0.0 150 20.0 0 0 0
49.468 0x00 idle 0 0 0 0 0 0.0 0.0 150 20.0 0 0 0
49.511 0x00 idle 0 0 0 0 0 0.0 0.0 150 20.0 0 0 0
49.546 0x00 idle 0 0 0 0 0 0.0 0.0 150 20.0 0 0 0
49.588 0x00 idle 0 0 0 0 0 0.0 0.0 150 20.0 0 0 0
49.625 0x00 idle 0 0 0 0 0 0.0 0.0 150 20.0 0 0 0
49.667 0x00 idle 0 0 0 0 0 0.0 0.0 150 20.0 0 0 0
49.707 0x00 idle 0 0 0 0 0 0.0 0.0 150 20.0 0 0 0
49.748 0x00 idle 0 0 0 0 0 0.0 0.0 150 20.0 0 0 0
49.786 0x00 idle 0 0 0 0 0 0.0 0.0 150 20.0 0 0 0
49.826 0x00 idle 0 0 0 0 0 0.0 0.0 150 20.0 0 0 0
49.868 0x00 idle 0 0 0 0 0 0.0 0.0 150 20.0 0 0 0
49.907 0x00 idle 0 0 0 0 0 0.0 0.0 150 20.0 0 0 0
49.945 0x00 idle 0 0 0 0 0 0.0 0.0 150 20.0 0 0 0
49.987 0x00 idle 0 0 0 0 0 0.0 0.0 150 20.0 0 0 0
50.027 0x00 idle 0 0 0 0 0 0.0 0.0 150 20.0 0 0 0
50.063 0x00 idle 0 0 0 0 0 0.0 0.0 150 20.0 0 0 0
50.108 0x00 idle 0 0 0 0 0 0.0 0.0 150 20.0 0 0 0
50.143 0x00 idle 0 0 0 0 0 0.0 0.0 150 20.0 0 0 0
50.187 0x00 idle 0 0 0 0 0 0.0 0.0 150 20.0 0 0 0
50.227 0x00 idle 0 0 0 0 0 0.0 0.0 150 20.0 0 0 0
50.267 0x00 idle 0 0 0 0 0 0.0 0.0 150 20.0 0 0 0
50.309 0x00 idle 0 0 0 0 0 0.0 0.0 150 20.0 0 0 0
50.344 0x00 idle 0 0 0 0 0 0.0 0.0 150 20.0 0 0 0
50.381 0x00 idle 0 0 0 0 0 0.0 0.0 150 20.0 0 0 0
50.425 0x00 idle 0 0 0 0 0 0.0 0.0 150 20.0 0 0 0
50.464 0x00 idle 0 0 0 0 0 0.0 0.0 150 20.0 0 0 0
50.505 0x00 idle 0 0 0 0 0 0.0 0.0 150 20.0 0 0 0
50.543 0x00 idle 0 0 0 0 0 0.0 0.0 150 20.0 0 0 0
50.584 0x00 idle 0 0 0 0 0 0.0 0.0 150 20.0 0 0 0
50.627 0x00 idle 0 0 0 0 0 0.0 0.0 150 20.0 0 0 0
50.665 0x00 idle 0 0 0 0 0 0.0 0.0 150 20.0 0 0 0
50.703 0x00 idle 0 0 0 0 0 0.0 0.0 150 20.0 0 0 0
50.743 0x00 idle 0 0 0 0 0 0.0 0.0 150 20.0 0 0 0
50.788 0x00 idle 0 0 0 0 0 0.0 0.0 150 20.0 0 0 0
50.824 0x00 idle 0 0 0 0 0 0.0 0.0 150 20.0 0 0 0
50.865 0x00 idle 0 0 0 0 0 0.0 0.0 150 20.0 0 0 0
50.902 0x00 idle 0 0 0 0 0 0.0 0.0 150 20.0 0 0 0
50.944 0x00 idle 0 0 0 0 0 0.0 0.0 150 20.0 0 0 0
50.991 0x00 idle 0 0 0 0 0 0.0 0.0 150 20.0 0 0 0
51.030 0x00 idle 0 0 0 0 0 0.0 0.0 150 20.0 0 0 0
51.064 0x00 idle 0 0 0 0 0 0.0 0.0 150 20.0 0 0 0
51.111 0x00 idle 0 0 0 0 0 0.0 0.0 150 20.0 0 0 0
51.146 0x00 idle 0 0 0 0 0 0.0 0.0 150 20.0 0 0 0
51.189 0x00 idle 0 0 0 0 0 0.0 0.0 150 20.0 0 0 0
51.229 0x00 idle 0 0 0 0 0 0.0 0.0 150 20.0 0 0 0
51.262 0x00 idle 0 0 0 0 0 0.0 0.0 150 20.0 0 0 0
51.304 0x00 idle 0 0 0 0 0 0.0 0.0 150 20.0 0 0 0
51.344 0x00 idle 0 0 0 0 0 0.0 0.0 150 20.0 0 0 0
51.390 0x00 idle 0 0 0 0 0 0.0 0.0 150 20.0 0 0 0
51.426 0x00 idle 0 0 0 0 0 0.0 0.0 150 20.0 0 0 0
51.464 0x00 idle 0 0 0 0 0 0.0 0.0 150 20.0 0 0 0
51.503 0x00 idle 0 0 0 0 0 0.0 0.0 150 20.0 0 0 0
51.543 0x00 idle 0 0 0 0 0 0.0 0.0 150 20.0 0 0 0
51.582 0x00 idle 0 0 0 0 0 0.0 0.0 150 20.0 0 0 0
51.627 0x00 idle 0 0 0 0 0 0.0 0.0 150 20.0 0 0 0
51.664 0x00 idle 0 0 0 0 0 0.0 0.0 150 20.0 0 0 0
51.708 0x00 idle 0 0 0 0 0 0.0 0.0 150 20.0 0 0 0
51.745 0x00 idle 0 0 0 0 0 0.0 0.0 150 20.0 0 0 0
51.786 0x00 idle 0 0 0 0 0 0.0 0.0 150 20.0 0 0 0
51.824 0x00 idle 0 0 0 0 0 0.0 0.0 150 20.0 0 0 0
51.872 0x00 idle 0 0 0 0 0 0.0 0.0 150 20.0 0 0 0
51.909 0x00 idle 0 0 0 0 0 0.0 0.0 150 20.0 0 0 0
51.948 0x00 idle 0 0 0 0 0 0.0 0.0 150 20.0 0 0 0
51.986 0x00 idle 0 0 0 0 0 0.0 0.0 150 20.0 0 0 0
52.027 0x00 idle 0 0 0 0 0 0.0 0.0 150 20.0 0 0 0
52.062 0x00 idle 0 0 0 0 0 0.0 0.0 150 20.0 0 0 0
52.104 0x00 idle 0 0 0 0 0 0.0 0.0 150 20.0 0 0 0
52.145 0x00 idle 0 0 0 0 0 0.0 0.0 150 20.0 0 0 0
52.186 0x00 idle 0 0 0 0 0 0.0 0.0 150 20.0 0 0 0
52.224 0x00 idle 0 0 0 0 0 0.0 0.0 150 20.0 0 0 0
52.263 0x00 idle 0 0 0 0 0 0.0 0.0 150 20.0 0 0 0
52.307 0x00 idle 0 0 0 0 0 0.0 0.0 150 20.0 0 0 0
52.344 0x00 idle 0 0 0 0 0 0.0 0.0 150 20.0 0 0 0
52.390 0x00 idle 0 0 0 0 0 0.0 0.0 150 20.0 0 0 0
52.425 0x00 idle 0 0 0 0 0 0.0 0.0 150 20.0 0 0 0
52.465 0x00 idle 0 0 0 0 0 0.0 0.0 150 20.0 0 0 0
52.506 0x00 idle 0 0 0 0 0 0.0 0.0 150 20.0 0 0 0
52.550 0x00 idle 0 0 0 0 0 0.0 0.0 150 20.0 0 0 0
52.590 0x00 idle 0 0 0 0 0 0.0 0.0 150 20.0 0 0 0
52.622 0x00 idle 0 0 0 0 0 0.0 0.0 150 20.0 0 0 0
52.667 0x00 idle 0 0 0 0 0 0.0 0.0 150 20.0 0 0 0
52.706 0x00 idle 0 0 0 0 0 0.0 0.0 150 20.0 0 0 0
52.747 0x00 idle 0 0 0 0 0 0.0 0.0 150 20.0 0 0 0
52.788 0x00 idle 0 0 0 0 0 0.0 0.0 150 20.0 0 0 0
52.827 0x00 idle 0 0 0 0 0 0.0 0.0 150 20.0 0 0 0
52.871 0x00 idle 0 0 0 0 0 0.0 0.0 150 20.0 0 0 0
52.906 0x00 idle 0 0 0 0 0 0.0 0.0 150 20.0 0 0 0
52.943 0x00 idle 0 0 0 0 0 0.0 0.0 150 20.0 0 0 0
52.988 0x00 idle 0 0 0 0 0 0.0 0.0 150 20.0 0 0 0
53.024 0x00 idle 0 0 0 0 0 0.0 0.0 150 20.0 0 0 0
53.067 0x00 idle 0 0 0 0 0 0.0 0.0 150 20.0 0 0 0
53.110 0x00 idle 0 0 0 0 0 0.0 0.0 150 20.0 0 0 0
53.146 0x00 idle 0 0 0 0 0 0.0 0.0 150 20.0 0 0 0
53.187 0x00 idle 0 0 0 0 0 0.0 0.0 150 20.0 0 0 0
53.228 0x00 idle 0 0 0 0 0 0.0 0.0 150 20.0 0 0 0
53.266 0x00 idle 0 0 0 0 0 0.0 0.0 150 20.0 0 0 0
53.304 0x00 idle 0 0 0 0 0 0.0 0.0 150 20.0 0 0 0
53.343 0x00 idle 0 0 0 0 0 0.0 0.0 150 20.0 0 0 0
53.390 0x00 idle 0 0 0 0 0 0.0 0.0 150 20.0 0 0 0
53.426 0x00 idle 0 0 0 0 0 0.0 0.0 150 20.0 0 0 0
53.462 0x00 idle 0 0 0 0 0 0.0 0.0 150 20.0 0 0 0
53.507 0x00 idle 0 0 0 0 0 0.0 0.0 150 20.0 0 0 0
53.544 0x00 idle 0 0 0 0 0 0.0 0.0 150 20.0 0 0 0
53.586 0x00 idle 0 0 0 0 0 0.0 0.0 150 20.0 0 0 0
53.626 0x00 idle 0 0 0 0 0 0.0 0.0 150 20.0 0 0 0
53.664 0x00 idle 0 0 0 0 0 0.0 0.0 150 20.0 0 0 0
53.708 0x00 idle 0 0 0 0 0 0.0 0.0 150 20.0 0 0 0
53.746 0x00 idle 0 0 0 0 0 0.0 0.0 150 20.0 0 0 0
53.785 0x00 idle 0 0 0 0 0 0.0 0.0 150 20.0 0 0 0
53.825 0x00 idle 0 0 0 0 0 0.0 0.0 150 20.0 0 0 0
53.864 0x00 idle 0 0 0 0 0 0.0 0.0 150 20.0 0 0 0
53.905 0x00 idle 0 0 0 0 0 0.0 0.0 150 20.0 0 0 0
53.947 0x00 idle 0 0 0 0 0 0.0 0.0 150 20.0 0 0 0
53.986 0x00 idle 0 0 0 0 0 0.0 0.0 150 20.0 0 0 0
54.025 0x00 idle 0 0 0 0 0 0.0 0.0 150 20.0 0 0 0
54.064 0x00 idle 0 0 0 0 0 0.0 0.0 150 20.0 0 0 0
54.103 0x00 idle 0 0 0 0 0 0.0 0.0 150 20.0 0 0 0
54.143 0x00 idle 0 0 0 0 0 0.0 0.0 150 20.0 0 0 0
54.189 0x00 idle 0 0 0 0 0 0.0 0.0 150 20.0 0 0 0
54.231 0x00 idle 0 0 0 0 0 0.0 0.0 150 20.0 0 0 0
54.269 0x00 idle 0 0 0 0 0 0.0 0.0 150 20.0 0 0 0
54.307 0x00 idle 0 0 0 0 0 0.0 0.0 150 20.0 0 0 0
54.347 0x00 idle 0 0 0 0 0 0.0 0.0 150 20.0 0 0 0
54.388 0x00 idle 0 0 0 0 0 0.0 0.0 150 20.0 0 0 0
54.430 0x00 idle 0 0 0 0 0 0.0 0.0 150 20.0 0 0 0
54.464 0x00 idle 0 0 0 0 0 0.0 0.0 150 20.0 0 0 0
54.510 0x00 idle 0 0 0 0 0 0.0 0.0 150 20.0 0 0 0
54.550 0x00 idle 0 0 0 0 0 0.0 0.0 150 20.0 0 0 0
54.585 0x00 idle 0 0 0 0 0 0.0 0.0 150 20.0 0 0 0
54.624 0x00 idle 0 0 0 0 0 0.0 0.0 150 20.0 0 0 0
54.664 0x00 idle 0 0 0 0 0 0.0 0.0 150 20.0 0 0 0
54.704 0x00 idle 0 0 0 0 0 0.0 0.0 150 20.0 0 0 0
54.746 0x00 idle 0 0 0 0 0 0.0 0.0 150 20.0 0 0 0
54.787 0x00 idle 0 0 0 0 0 0.0 0.0 150 20.0 0 0 0
54.831 0x00 idle 0 0 0 0 0 0.0 0.0 150 20.0 0 0 0
54.863 0x00 idle 0 0 0 0 0 0.0 0.0 150 20.0 0 0 0
54.904 0x00 idle 0 0 0 0 0 0.0 0.0 150 20.0 0 0 0
54.944 0x00 idle 0 0 0 0 0 0.0 0.0 150 20.0 0 0 0
54.985 0x00 idle 0 0 0 0 0 0.0 0.0 150 20.0 0 0 0
55.022 0x00 idle 0 0 0 0 0 0.0 0.0 150 20.0 0 0 0
55.065 0x00 idle 0 0 0 0 0 0.0 0.0 150 20.0 0 0 0
55.103 0x00 idle 0 0 0 0 0 0.0 0.0 150 20.0 0 0 0
55.145 0x00 idle 0 0 0 0 0 0.0 0.0 150 20.0 0 0 0
55.185 0x00 idle 0 0 0 0 0 0.0 0.0 150 20.0 0 0 0
55.229 0x00 idle 0 0 0 0 0 0.0 0.0 150 20.0 0 0 0
55.265 0x00 idle 0 0 0 0 0 0.0 0.0 150 20.0 0 0 0
55.304 0x00 idle 0 0 0 0 0 0.0 0.0 150 20.0 0 0 0

[tcp_trajectory]
elapsed_s x_m y_m z_m qx qy qz qw speed_m_s tf_stamp_s along_mm remaining_mm cross_track_mm progress waypoint phase
0.0014 0.0391872 -1.7655281 0.6563160 -0.45115290 0.74401410 -0.43185081 -0.23750571 0.000000 1789363813.866550922 -0.064 184.637 1.068 0.00000 -1 ACTUAL_TF
0.0235 0.0393072 -1.7655039 0.6559276 -0.45119449 0.74398494 -0.43186654 -0.23748944 0.007308 1789363813.922279358 -0.048 184.621 0.662 0.00000 -1 ACTUAL_TF
0.0861 0.0393843 -1.7654927 0.6556938 -0.45121817 0.74396324 -0.43188334 -0.23748186 0.006431 1789363813.978483200 -0.042 184.615 0.416 0.00000 -1 ACTUAL_TF
0.1407 0.0394238 -1.7654901 0.6555845 -0.45122731 0.74395361 -0.43189263 -0.23747777 0.005126 1789363814.034305573 -0.042 184.615 0.299 0.00000 -1 ACTUAL_TF
0.1997 0.0394244 -1.7654807 0.6555754 -0.45122973 0.74395311 -0.43189097 -0.23747776 0.003659 1789363814.090311766 -0.032 184.606 0.291 0.00000 -1 ACTUAL_TF
0.2450 0.0393994 -1.7654191 0.6555507 -0.45123513 0.74396462 -0.43186718 -0.23747470 0.002940 1789363814.146476984 0.029 184.544 0.278 0.00000 -1 ACTUAL_TF
0.3024 0.0393791 -1.7653706 0.6555312 -0.45123834 0.74397436 -0.43184819 -0.23747266 0.002359 1789363814.202387571 0.078 184.495 0.271 0.00000 -1 ACTUAL_TF
0.3589 0.0393645 -1.7653354 0.6555170 -0.45124090 0.74398127 -0.43183446 -0.23747109 0.001869 1789363814.258332253 0.114 184.460 0.267 0.00000 -1 ACTUAL_TF
0.4196 0.0393446 -1.7652826 0.6554959 -0.45124784 0.74398965 -0.43181466 -0.23746767 0.001631 1789363814.314342499 0.167 184.407 0.264 0.00000 -1 ACTUAL_TF
0.4702 0.0393215 -1.7652210 0.6554713 -0.45125618 0.74399926 -0.43179163 -0.23746358 0.001518 1789363814.370347738 0.229 184.345 0.263 0.00000 -1 ACTUAL_TF
0.5299 0.0393026 -1.7651682 0.6554503 -0.45126459 0.74400668 -0.43177221 -0.23745964 0.001383 1789363814.426457882 0.282 184.292 0.265 0.00000 -1 ACTUAL_TF
0.5934 0.0392691 -1.7650872 0.6554255 -0.45127383 0.74401551 -0.43174772 -0.23745896 0.001457 1789363814.482368231 0.363 184.210 0.281 0.00000 -1 ACTUAL_TF
0.6403 0.0392373 -1.7650232 0.6554178 -0.45127853 0.74401504 -0.43173919 -0.23746702 0.001404 1789363814.538535357 0.428 184.145 0.305 0.00000 -1 ACTUAL_TF
0.7062 0.0392087 -1.7649302 0.6554075 -0.45128498 0.74401101 -0.43173291 -0.23747880 0.001508 1789363814.594366074 0.522 184.052 0.326 0.00000 -1 ACTUAL_TF
0.7554 0.0391900 -1.7648217 0.6553879 -0.45128683 0.74401394 -0.43172518 -0.23748015 0.001655 1789363814.650331974 0.631 183.943 0.336 0.00000 -1 ACTUAL_TF
0.8060 0.0392095 -1.7646917 0.6553758 -0.45126841 0.74402562 -0.43173397 -0.23746260 0.001865 1789363814.706339359 0.760 183.814 0.311 0.00000 -1 ACTUAL_TF
0.8676 0.0392090 -1.7645632 0.6553634 -0.45127946 0.74401949 -0.43173076 -0.23746661 0.001997 1789363814.762350321 0.888 183.685 0.305 0.00000 -1 ACTUAL_TF
0.9238 0.0392124 -1.7644159 0.6553533 -0.45128325 0.74401529 -0.43173374 -0.23746716 0.002185 1789363814.818633318 1.035 183.538 0.296 0.00000 -1 ACTUAL_TF
0.9815 0.0392236 -1.7642620 0.6553450 -0.45127798 0.74401755 -0.43173933 -0.23745994 0.002361 1789363814.874378681 1.188 183.385 0.280 0.00000 -1 ACTUAL_TF
1.0308 0.0392384 -1.7641401 0.6553467 -0.45127434 0.74401389 -0.43174999 -0.23745893 0.002312 1789363814.930347681 1.310 183.263 0.261 0.00000 -1 ACTUAL_TF
1.0875 0.0392490 -1.7639764 0.6553391 -0.45127558 0.74401325 -0.43175274 -0.23745356 0.002498 1789363814.986348152 1.473 183.100 0.246 0.00000 -1 ACTUAL_TF
1.1452 0.0392468 -1.7638260 0.6553335 -0.45128604 0.74401057 -0.43174626 -0.23745388 0.002550 1789363815.042672396 1.623 182.950 0.243 0.00000 -1 ACTUAL_TF
1.2067 0.0392618 -1.7636536 0.6553410 -0.45128454 0.74400830 -0.43175408 -0.23744962 0.002718 1789363815.098381519 1.795 182.778 0.223 0.00000 -1 ACTUAL_TF
1.2622 0.0392739 -1.7635307 0.6553494 -0.45127674 0.74400703 -0.43176620 -0.23744638 0.002565 1789363815.154424191 1.918 182.655 0.208 0.00000 -1 ACTUAL_TF
1.3127 0.0392798 -1.7633649 0.6553522 -0.45128160 0.74400320 -0.43176808 -0.23744575 0.002686 1789363815.210341930 2.084 182.490 0.198 0.00000 -1 ACTUAL_TF
1.3721 0.0392872 -1.7631986 0.6553528 -0.45127910 0.74400267 -0.43177343 -0.23744244 0.002771 1789363815.266388893 2.250 182.324 0.185 0.00000 -1 ACTUAL_TF
1.4243 0.0392936 -1.7630612 0.6553527 -0.45127762 0.74400411 -0.43177492 -0.23743802 0.002676 1789363815.322409391 2.387 182.187 0.175 0.00000 -1 ACTUAL_TF
1.4837 0.0392962 -1.7628719 0.6553510 -0.45127710 0.74400422 -0.43177710 -0.23743469 0.002884 1789363815.378592968 2.576 181.998 0.167 0.00000 -1 ACTUAL_TF
1.5426 0.0392989 -1.7627323 0.6553553 -0.45126918 0.74400399 -0.43178618 -0.23743395 0.002770 1789363815.434405804 2.715 181.858 0.160 0.00000 -1 ACTUAL_TF
1.5925 0.0393018 -1.7625563 0.6553694 -0.45126886 0.74399647 -0.43179714 -0.23743820 0.002885 1789363815.490402937 2.891 181.682 0.154 0.00000 -1 ACTUAL_TF
1.6489 0.0393064 -1.7624255 0.6553793 -0.45125557 0.74399512 -0.43181294 -0.23743895 0.002713 1789363815.547199249 3.022 181.551 0.147 0.00000 -1 ACTUAL_TF
1.7097 0.0393076 -1.7622417 0.6553868 -0.45125537 0.74398962 -0.43182114 -0.23744166 0.002900 1789363815.602346659 3.206 181.367 0.142 0.00000 -1 ACTUAL_TF
1.7585 0.0393183 -1.7620878 0.6553860 -0.45125234 0.74398622 -0.43183069 -0.23744069 0.002857 1789363815.658326149 3.359 181.214 0.127 0.00000 -1 ACTUAL_TF
1.8158 0.0393163 -1.7618909 0.6553884 -0.45124839 0.74398610 -0.43183581 -0.23743926 0.003053 1789363815.714389086 3.556 181.017 0.123 0.00000 -1 ACTUAL_TF
1.8795 0.0393092 -1.7616904 0.6553940 -0.45124291 0.74398241 -0.43184581 -0.23744305 0.003212 1789363815.770432711 3.757 180.816 0.125 0.00000 -1 ACTUAL_TF
1.9283 0.0393129 -1.7615262 0.6554010 -0.45123315 0.74397969 -0.43185956 -0.23744512 0.003132 1789363815.826252460 3.921 180.652 0.119 0.00000 -1 ACTUAL_TF
1.9888 0.0393150 -1.7613259 0.6554048 -0.45123289 0.74397174 -0.43187101 -0.23744969 0.003263 1789363815.882380247 4.121 180.452 0.112 0.00000 -1 ACTUAL_TF
2.0481 0.0393097 -1.7611640 0.6554056 -0.45122450 0.74397151 -0.43187895 -0.23745192 0.003151 1789363815.938450813 4.283 180.290 0.113 0.00000 -1 ACTUAL_TF
2.0988 0.0393107 -1.7609487 0.6554026 -0.45122719 0.74397042 -0.43187954 -0.23744915 0.003362 1789363815.994293928 4.498 180.075 0.104 0.00000 -1 ACTUAL_TF
2.1529 0.0393104 -1.7607799 0.6554006 -0.45121885 0.74397226 -0.43188596 -0.23744755 0.003256 1789363816.050409794 4.667 179.906 0.098 0.00000 -1 ACTUAL_TF
2.2077 0.0393064 -1.7605343 0.6553846 -0.45122670 0.74397656 -0.43187477 -0.23743953 0.003600 1789363816.106307983 4.912 179.661 0.090 0.00000 -1 ACTUAL_TF
2.2670 0.0393029 -1.7603108 0.6553768 -0.45122564 0.74397768 -0.43187514 -0.23743734 0.003714 1789363816.162488699 5.136 179.438 0.086 0.00000 -1 ACTUAL_TF
2.3249 0.0393066 -1.7601147 0.6553632 -0.45123217 0.74398231 -0.43186551 -0.23742794 0.003655 1789363816.218436718 5.332 179.242 0.078 0.00000 -1 ACTUAL_TF
2.3743 0.0393173 -1.7599157 0.6553629 -0.45123241 0.74397969 -0.43187115 -0.23742546 0.003629 1789363816.274276733 5.530 179.043 0.062 0.00000 -1 ACTUAL_TF
2.4336 0.0393100 -1.7597238 0.6553492 -0.45123463 0.74398363 -0.43186452 -0.23742094 0.003570 1789363816.330358505 5.722 178.851 0.069 0.00000 -1 ACTUAL_TF
2.4916 0.0393143 -1.7594941 0.6553380 -0.45124235 0.74398269 -0.43186029 -0.23741691 0.003735 1789363816.386197329 5.951 178.622 0.068 0.00000 -1 ACTUAL_TF
2.5494 0.0393159 -1.7593127 0.6553397 -0.45124059 0.74397811 -0.43186893 -0.23741889 0.003583 1789363816.442415237 6.133 178.441 0.064 0.00000 -1 ACTUAL_TF
2.5969 0.0393210 -1.7590964 0.6553349 -0.45124703 0.74397707 -0.43186606 -0.23741513 0.003652 1789363816.499161243 6.349 178.225 0.063 0.00000 -1 ACTUAL_TF
2.6568 0.0393205 -1.7589170 0.6553374 -0.45124669 0.74397495 -0.43187017 -0.23741493 0.003534 1789363816.554237843 6.528 178.045 0.060 0.00000 -1 ACTUAL_TF
2.7177 0.0393257 -1.7587203 0.6553382 -0.45124646 0.74397157 -0.43187624 -0.23741492 0.003515 1789363816.610928774 6.724 177.849 0.057 0.00000 -1 ACTUAL_TF
2.7651 0.0393236 -1.7585016 0.6553307 -0.45124987 0.74397116 -0.43187436 -0.23741316 0.003648 1789363816.666225672 6.943 177.630 0.066 0.00000 -1 ACTUAL_TF
2.8230 0.0393117 -1.7583230 0.6553255 -0.45125139 0.74397248 -0.43186961 -0.23741479 0.003506 1789363816.722630262 7.122 177.452 0.075 0.00000 -1 ACTUAL_TF
2.8839 0.0393073 -1.7581200 0.6553306 -0.45124786 0.74396872 -0.43187789 -0.23741821 0.003547 1789363816.778412104 7.325 177.248 0.072 0.00000 -1 ACTUAL_TF
2.9408 0.0393065 -1.7579400 0.6553325 -0.45125344 0.74396754 -0.43187466 -0.23741715 0.003447 1789363816.834379673 7.505 177.069 0.072 0.00000 -1 ACTUAL_TF
2.9885 0.0393016 -1.7577370 0.6553376 -0.45124696 0.74396563 -0.43188298 -0.23742033 0.003499 1789363816.890518904 7.708 176.865 0.069 0.00000 -1 ACTUAL_TF
3.0480 0.0393026 -1.7575790 0.6553432 -0.45124405 0.74396211 -0.43189065 -0.23742295 0.003299 1789363816.946300745 7.866 176.707 0.064 0.00000 -1 ACTUAL_TF
3.1081 0.0393063 -1.7573781 0.6553471 -0.45124421 0.74395841 -0.43189661 -0.23742340 0.003384 1789363817.002437592 8.067 176.507 0.063 0.00000 -1 ACTUAL_TF
3.1563 0.0393091 -1.7571814 0.6553546 -0.45124256 0.74395252 -0.43190670 -0.23742664 0.003425 1789363817.058305740 8.263 176.310 0.058 0.00000 -1 ACTUAL_TF
3.2154 0.0392957 -1.7570043 0.6553585 -0.45123469 0.74395725 -0.43190746 -0.23742537 0.003349 1789363817.114305258 8.441 176.133 0.056 0.00000 -1 ACTUAL_TF
3.2788 0.0392909 -1.7568049 0.6553668 -0.45123554 0.74395210 -0.43191256 -0.23743063 0.003415 1789363817.170291901 8.640 175.933 0.050 0.00000 -1 ACTUAL_TF
3.3283 0.0392916 -1.7566218 0.6553684 -0.45123281 0.74395590 -0.43191184 -0.23742521 0.003371 1789363817.226296186 8.823 175.750 0.052 0.00000 -1 ACTUAL_TF
3.3842 0.0392873 -1.7564271 0.6553791 -0.45123139 0.74394656 -0.43192459 -0.23743400 0.003404 1789363817.282323837 9.018 175.555 0.044 0.00000 -1 ACTUAL_TF
3.4432 0.0392857 -1.7562624 0.6553852 -0.45122530 0.74394714 -0.43192971 -0.23743443 0.003266 1789363817.338294268 9.183 175.391 0.041 0.00000 -1 ACTUAL_TF
3.4985 0.0392783 -1.7560532 0.6553833 -0.45122937 0.74394201 -0.43193182 -0.23743895 0.003408 1789363817.394272566 9.392 175.181 0.045 0.00000 -1 ACTUAL_TF
3.5562 0.0392680 -1.7558674 0.6553777 -0.45123563 0.74394027 -0.43192705 -0.23744116 0.003382 1789363817.450314045 9.578 174.995 0.051 0.00000 -1 ACTUAL_TF
3.6072 0.0392725 -1.7556757 0.6553895 -0.45123222 0.74393558 -0.43193723 -0.23744381 0.003396 1789363817.506381989 9.770 174.804 0.045 0.00000 -1 ACTUAL_TF
3.6660 0.0392611 -1.7554557 0.6553843 -0.45123881 0.74393438 -0.43193124 -0.23744595 0.003555 1789363817.562503576 9.990 174.584 0.051 0.00000 -1 ACTUAL_TF
3.7236 0.0392619 -1.7552742 0.6553855 -0.45124242 0.74393545 -0.43192768 -0.23744222 0.003463 1789363817.618350506 10.171 174.402 0.054 0.00000 -1 ACTUAL_TF
3.7727 0.0392613 -1.7550570 0.6553814 -0.45125172 0.74393598 -0.43191946 -0.23743783 0.003588 1789363817.674376011 10.388 174.185 0.062 0.00000 -1 ACTUAL_TF
3.8328 0.0392685 -1.7548967 0.6553843 -0.45125172 0.74393403 -0.43192360 -0.23743640 0.003372 1789363817.730349064 10.548 174.025 0.067 0.00000 -1 ACTUAL_TF
3.8940 0.0392622 -1.7546773 0.6553756 -0.45125603 0.74393865 -0.43191389 -0.23743141 0.003528 1789363817.786792040 10.768 173.806 0.077 0.00000 -1 ACTUAL_TF
3.9412 0.0392516 -1.7544899 0.6553710 -0.45125757 0.74393861 -0.43191166 -0.23743266 0.003484 1789363817.842321634 10.955 173.618 0.081 0.00000 -1 ACTUAL_TF
3.9984 0.0392512 -1.7542801 0.6553799 -0.45126275 0.74393624 -0.43191037 -0.23743259 0.003564 1789363817.898300171 11.165 173.408 0.077 0.00000 -1 ACTUAL_TF
4.0539 0.0392516 -1.7540856 0.6553929 -0.45125621 0.74393562 -0.43191826 -0.23743260 0.003539 1789363817.954312086 11.360 173.214 0.072 0.00000 -1 ACTUAL_TF
4.1096 0.0392479 -1.7539112 0.6553972 -0.45125846 0.74393537 -0.43191676 -0.23743183 0.003413 1789363818.010291815 11.534 173.039 0.071 0.00000 -1 ACTUAL_TF
4.1677 0.0392367 -1.7536971 0.6553902 -0.45126483 0.74393773 -0.43190682 -0.23743044 0.003538 1789363818.066254139 11.748 172.825 0.076 0.00000 -1 ACTUAL_TF
4.2317 0.0392339 -1.7535348 0.6553960 -0.45125815 0.74393976 -0.43191122 -0.23742873 0.003345 1789363818.122389793 11.911 172.663 0.074 0.00000 -1 ACTUAL_TF
4.2912 0.0392285 -1.7533120 0.6554000 -0.45126383 0.74394021 -0.43190548 -0.23742697 0.003531 1789363818.178602695 12.134 172.440 0.073 0.00000 -1 ACTUAL_TF
4.3437 0.0392214 -1.7531427 0.6553987 -0.45125887 0.74394775 -0.43190110 -0.23742077 0.003383 1789363818.234392643 12.303 172.270 0.075 0.00000 -1 ACTUAL_TF
4.3908 0.0392146 -1.7529486 0.6554094 -0.45125349 0.74394529 -0.43190879 -0.23742471 0.003412 1789363818.290298462 12.497 172.076 0.067 0.00000 -1 ACTUAL_TF
4.4515 0.0392078 -1.7527599 0.6554056 -0.45125492 0.74395204 -0.43189898 -0.23741870 0.003399 1789363818.346344471 12.686 171.887 0.072 0.00000 -1 ACTUAL_TF
4.5007 0.0391992 -1.7525643 0.6554171 -0.45125346 0.74394599 -0.43190735 -0.23742520 0.003431 1789363818.402312040 12.882 171.691 0.062 0.00000 -1 ACTUAL_TF
4.5601 0.0391859 -1.7523607 0.6554226 -0.45125466 0.74394717 -0.43190350 -0.23742619 0.003496 1789363818.458289862 13.086 171.487 0.056 0.00000 -1 ACTUAL_TF
4.6144 0.0391745 -1.7521916 0.6554270 -0.45125261 0.74394291 -0.43190940 -0.23743270 0.003355 1789363818.514311790 13.255 171.318 0.051 0.00000 -1 ACTUAL_TF
4.6813 0.0391611 -1.7519831 0.6554286 -0.45124711 0.74394803 -0.43190741 -0.23743075 0.003467 1789363818.570318699 13.464 171.109 0.050 0.00000 -1 ACTUAL_TF
4.7355 0.0391553 -1.7518191 0.6554354 -0.45124282 0.74394747 -0.43191208 -0.23743216 0.003307 1789363818.626319647 13.628 170.945 0.045 0.00000 -1 ACTUAL_TF
4.7840 0.0391353 -1.7516307 0.6554510 -0.45124667 0.74393834 -0.43191650 -0.23744541 0.003333 1789363818.682339907 13.817 170.756 0.031 0.00000 -1 ACTUAL_TF
4.8460 0.0391319 -1.7514518 0.6554540 -0.45124410 0.74394206 -0.43191516 -0.23744107 0.003292 1789363818.738339424 13.996 170.577 0.030 0.00000 -1 ACTUAL_TF
4.8981 0.0391184 -1.7512399 0.6554539 -0.45124351 0.74394195 -0.43191456 -0.23744365 0.003442 1789363818.794328213 14.209 170.365 0.034 0.00000 -1 ACTUAL_TF
4.9620 0.0391107 -1.7510615 0.6554577 -0.45124182 0.74394067 -0.43191744 -0.23744564 0.003365 1789363818.850386381 14.387 170.186 0.034 0.00000 -1 ACTUAL_TF
5.0092 0.0391011 -1.7508604 0.6554647 -0.45124108 0.74393858 -0.43191987 -0.23744914 0.003436 1789363818.906331539 14.588 169.985 0.031 0.00000 -1 ACTUAL_TF
5.0676 0.0390921 -1.7506613 0.6554754 -0.45124156 0.74393579 -0.43192212 -0.23745289 0.003466 1789363818.962754965 14.788 169.785 0.027 0.00000 -1 ACTUAL_TF
5.1251 0.0390909 -1.7504995 0.6554871 -0.45124083 0.74393204 -0.43192793 -0.23745545 0.003301 1789363819.018378735 14.950 169.624 0.018 0.00000 -1 ACTUAL_TF
5.1726 0.0390946 -1.7502974 0.6555034 -0.45123616 0.74393358 -0.43193180 -0.23745248 0.003397 1789363819.074401855 15.152 169.421 0.008 0.00000 -1 ACTUAL_TF
5.2371 0.0390829 -1.7501087 0.6554933 -0.45123794 0.74394005 -0.43192164 -0.23744730 0.003391 1789363819.130447865 15.341 169.233 0.015 0.00000 -1 ACTUAL_TF
5.2999 0.0390749 -1.7499048 0.6554938 -0.45123600 0.74394194 -0.43192084 -0.23744651 0.003469 1789363819.186373711 15.545 169.029 0.018 0.00000 -1 ACTUAL_TF
5.3506 0.0390708 -1.7497200 0.6554879 -0.45123883 0.74394785 -0.43191160 -0.23743942 0.003419 1789363819.242374659 15.730 168.844 0.023 0.00000 -1 ACTUAL_TF
5.3990 0.0390616 -1.7495176 0.6554940 -0.45123722 0.74394736 -0.43191315 -0.23744121 0.003477 1789363819.298463345 15.932 168.641 0.022 0.00000 -1 ACTUAL_TF
5.4625 0.0390583 -1.7493144 0.6555088 -0.45123032 0.74394794 -0.43191964 -0.23744068 0.003525 1789363819.354489326 16.136 168.438 0.015 0.00000 -1 ACTUAL_TF
5.5156 0.0390677 -1.7491621 0.6555236 -0.45122710 0.74394470 -0.43192897 -0.23744001 0.003291 1789363819.410326004 16.288 168.286 0.011 0.00000 -1 ACTUAL_TF
5.5736 0.0390624 -1.7489590 0.6555242 -0.45122391 0.74394411 -0.43193219 -0.23744206 0.003392 1789363819.466337204 16.491 168.082 0.009 0.00000 -1 ACTUAL_TF
5.6222 0.0390535 -1.7487877 0.6555249 -0.45121950 0.74394565 -0.43193409 -0.23744216 0.003293 1789363819.522355318 16.662 167.911 0.008 0.00000 -1 ACTUAL_TF
5.6776 0.0390493 -1.7485806 0.6555264 -0.45121741 0.74394652 -0.43193537 -0.23744107 0.003416 1789363819.578283548 16.869 167.704 0.007 0.00000 -1 ACTUAL_TF
5.7409 0.0390500 -1.7483878 0.6555197 -0.45122619 0.74394869 -0.43192571 -0.23743515 0.003424 1789363819.634345055 17.062 167.511 0.005 0.00000 -1 ACTUAL_TF
5.7991 0.0390546 -1.7481839 0.6555266 -0.45122445 0.74395166 -0.43192573 -0.23742912 0.003488 1789363819.690432787 17.266 167.308 0.014 0.00000 -1 ACTUAL_TF
5.8476 0.0390507 -1.7480255 0.6555355 -0.45122231 0.74394545 -0.43193472 -0.23743628 0.003294 1789363819.746307373 17.424 167.149 0.017 0.00000 -1 ACTUAL_TF
5.9112 0.0390521 -1.7478004 0.6555204 -0.45122340 0.74395633 -0.43192227 -0.23742278 0.003512 1789363819.802417755 17.649 166.924 0.025 0.00000 -1 ACTUAL_TF
5.9613 0.0390398 -1.7475929 0.6555185 -0.45121987 0.74395803 -0.43192205 -0.23742456 0.003573 1789363819.858381748 17.857 166.717 0.022 0.00000 -1 ACTUAL_TF
6.0115 0.0390411 -1.7474250 0.6555223 -0.45122005 0.74395464 -0.43192701 -0.23742580 0.003401 1789363819.914342642 18.025 166.549 0.026 0.00000 -1 ACTUAL_TF
6.0737 0.0390310 -1.7472208 0.6555295 -0.45121536 0.74395491 -0.43193057 -0.23742739 0.003476 1789363819.970377445 18.229 166.344 0.020 0.00000 -1 ACTUAL_TF
6.1262 0.0390238 -1.7470345 0.6555248 -0.45122080 0.74395806 -0.43192168 -0.23742338 0.003433 1789363820.026377201 18.416 166.158 0.022 0.00000 -1 ACTUAL_TF
6.1885 0.0390234 -1.7468463 0.6555365 -0.45121431 0.74395409 -0.43193336 -0.23742690 0.003413 1789363820.082386017 18.604 165.970 0.022 0.00000 -1 ACTUAL_TF
6.2441 0.0390121 -1.7466610 0.6555318 -0.45121249 0.74396169 -0.43192493 -0.23742188 0.003385 1789363820.138290167 18.789 165.784 0.020 0.00000 -1 ACTUAL_TF
6.3010 0.0390062 -1.7464694 0.6555450 -0.45121257 0.74395145 -0.43193676 -0.23743229 0.003399 1789363820.194323540 18.981 165.592 0.015 0.00000 -1 ACTUAL_TF
6.3516 0.0389979 -1.7462429 0.6555476 -0.45121542 0.74395238 -0.43193293 -0.23743094 0.003592 1789363820.250398159 19.208 165.366 0.013 0.00000 -1 ACTUAL_TF
6.4123 0.0389876 -1.7460756 0.6555524 -0.45120964 0.74395149 -0.43193827 -0.23743498 0.003413 1789363820.306339264 19.375 165.198 0.008 0.00000 -1 ACTUAL_TF
6.4682 0.0389770 -1.7458797 0.6555609 -0.45120885 0.74394614 -0.43194449 -0.23744195 0.003439 1789363820.362443686 19.572 165.002 0.007 0.00000 -1 ACTUAL_TF
6.5167 0.0389816 -1.7457211 0.6555708 -0.45121097 0.74394063 -0.43195064 -0.23744398 0.003262 1789363820.418282032 19.730 164.843 0.019 0.00000 -1 ACTUAL_TF
6.5785 0.0389746 -1.7455168 0.6555709 -0.45120948 0.74394006 -0.43195201 -0.23744613 0.003378 1789363820.474290133 19.934 164.639 0.016 0.00000 -1 ACTUAL_TF
6.6364 0.0389595 -1.7453381 0.6555743 -0.45121285 0.74393677 -0.43195130 -0.23745131 0.003324 1789363820.530383587 20.114 164.460 0.013 0.00000 -1 ACTUAL_TF
6.6927 0.0389469 -1.7450967 0.6555602 -0.45122324 0.74394182 -0.43193412 -0.23744698 0.003625 1789363820.586330175 20.355 164.218 0.006 0.00000 -1 ACTUAL_TF
6.7510 0.0389421 -1.7449291 0.6555583 -0.45122191 0.74394596 -0.43193073 -0.23744269 0.003436 1789363820.642336607 20.523 164.051 0.009 0.00000 -1 ACTUAL_TF
6.7984 0.0389387 -1.7447255 0.6555591 -0.45122633 0.74394510 -0.43192796 -0.23744206 0.003496 1789363820.698333025 20.726 163.847 0.010 0.00000 -1 ACTUAL_TF
6.8587 0.0389276 -1.7445147 0.6555587 -0.45122804 0.74394923 -0.43192024 -0.23743992 0.003575 1789363820.754516125 20.937 163.636 0.015 0.00000 -1 ACTUAL_TF
6.9175 0.0389316 -1.7443415 0.6555563 -0.45122851 0.74395226 -0.43191796 -0.23743367 0.003433 1789363820.810326099 21.110 163.463 0.017 0.00000 -1 ACTUAL_TF
6.9756 0.0389186 -1.7441090 0.6555478 -0.45123931 0.74395268 -0.43190574 -0.23743405 0.003651 1789363820.866334915 21.343 163.231 0.029 0.00000 -1 ACTUAL_TF
7.0235 0.0389187 -1.7439328 0.6555513 -0.45123854 0.74395308 -0.43190721 -0.23743157 0.003500 1789363820.922338486 21.519 163.054 0.027 0.00000 -1 ACTUAL_TF
7.0827 0.0389165 -1.7437219 0.6555512 -0.45124042 0.74395376 -0.43190488 -0.23743013 0.003575 1789363820.978600740 21.730 162.844 0.031 0.00000 -1 ACTUAL_TF
7.1413 0.0389197 -1.7435559 0.6555552 -0.45123958 0.74395205 -0.43190925 -0.23742912 0.003398 1789363821.034236431 21.896 162.678 0.031 0.00000 -1 ACTUAL_TF
7.1934 0.0389178 -1.7433551 0.6555617 -0.45123986 0.74394826 -0.43191364 -0.23743248 0.003452 1789363821.090373039 22.097 162.477 0.029 0.00000 -1 ACTUAL_TF
7.2523 0.0389179 -1.7431406 0.6555605 -0.45124518 0.74395121 -0.43190634 -0.23742641 0.003565 1789363821.146404266 22.311 162.262 0.036 0.00000 -1 ACTUAL_TF
7.3023 0.0389240 -1.7429947 0.6555798 -0.45124197 0.74394133 -0.43192294 -0.23743327 0.003284 1789363821.202445745 22.457 162.116 0.035 0.00000 -1 ACTUAL_TF
7.3638 0.0389078 -1.7427631 0.6555780 -0.45124010 0.74394609 -0.43191742 -0.23743194 0.003541 1789363821.258516788 22.689 161.885 0.028 0.00000 -1 ACTUAL_TF
7.4216 0.0389005 -1.7425838 0.6555779 -0.45124666 0.74394534 -0.43191198 -0.23743173 0.003442 1789363821.314383030 22.868 161.705 0.028 0.00000 -1 ACTUAL_TF
7.4748 0.0388949 -1.7423824 0.6555791 -0.45124679 0.74394380 -0.43191324 -0.23743401 0.003489 1789363821.370377779 23.070 161.504 0.029 0.00000 -1 ACTUAL_TF
7.5295 0.0388882 -1.7422171 0.6555807 -0.45124825 0.74393963 -0.43191606 -0.23743918 0.003329 1789363821.426355362 23.235 161.338 0.028 0.00000 -1 ACTUAL_TF
7.5837 0.0388825 -1.7420116 0.6555890 -0.45124963 0.74393610 -0.43191968 -0.23744102 0.003431 1789363821.482405901 23.441 161.133 0.024 0.00000 -1 ACTUAL_TF
7.6445 0.0388812 -1.7418470 0.6555997 -0.45124445 0.74393722 -0.43192376 -0.23743994 0.003287 1789363821.538339138 23.605 160.968 0.024 0.00000 -1 ACTUAL_TF
7.7001 0.0388695 -1.7416433 0.6556157 -0.45124355 0.74393070 -0.43193109 -0.23744874 0.003396 1789363821.594394207 23.810 160.764 0.019 0.00000 -1 ACTUAL_TF
7.7543 0.0388716 -1.7414334 0.6556165 -0.45124078 0.74393753 -0.43192678 -0.23744044 0.003502 1789363821.650386333 24.019 160.554 0.026 0.00000 -1 ACTUAL_TF
7.8128 0.0388634 -1.7412550 0.6556156 -0.45124510 0.74393588 -0.43192445 -0.23744167 0.003409 1789363821.706319809 24.198 160.375 0.022 0.00000 -1 ACTUAL_TF
7.8629 0.0388550 -1.7410377 0.6556128 -0.45124979 0.74393354 -0.43192198 -0.23744456 0.003550 1789363821.762404442 24.415 160.158 0.020 0.00000 -1 ACTUAL_TF
7.9211 0.0388418 -1.7408730 0.6556178 -0.45124166 0.74393522 -0.43192619 -0.23744711 0.003371 1789363821.818381548 24.580 159.993 0.012 0.00000 -1 ACTUAL_TF
7.9780 0.0388286 -1.7406583 0.6556133 -0.45124019 0.74393878 -0.43192246 -0.23744553 0.003512 1789363821.874410391 24.795 159.778 0.008 0.00000 -1 ACTUAL_TF
8.0287 0.0388215 -1.7405001 0.6556204 -0.45123519 0.74393756 -0.43192799 -0.23744879 0.003308 1789363821.930335283 24.954 159.620 0.003 0.00000 -1 ACTUAL_TF
8.0851 0.0388143 -1.7402817 0.6556251 -0.45123810 0.74393519 -0.43192821 -0.23745028 0.003487 1789363821.986335516 25.172 159.401 0.001 0.00000 -1 ACTUAL_TF
8.1494 0.0388045 -1.7400933 0.6556201 -0.45123581 0.74394072 -0.43192312 -0.23744656 0.003450 1789363822.042415857 25.361 159.213 0.008 0.00000 -1 ACTUAL_TF
8.1985 0.0387970 -1.7398837 0.6556209 -0.45123906 0.74394046 -0.43192030 -0.23744634 0.003540 1789363822.098377705 25.571 159.003 0.010 0.00000 -1 ACTUAL_TF
8.2628 0.0387974 -1.7396905 0.6556251 -0.45123969 0.74394099 -0.43191965 -0.23744465 0.003513 1789363822.154386997 25.764 158.810 0.007 0.00000 -1 ACTUAL_TF
8.3127 0.0387880 -1.7395068 0.6556196 -0.45124302 0.74394434 -0.43191171 -0.23744228 0.003445 1789363822.210391998 25.947 158.626 0.015 0.00000 -1 ACTUAL_TF
8.3716 0.0387838 -1.7392804 0.6556112 -0.45124914 0.74394984 -0.43190011 -0.23743452 0.003624 1789363822.266434908 26.174 158.400 0.026 0.00000 -1 ACTUAL_TF
8.4294 0.0387841 -1.7391076 0.6556168 -0.45123663 0.74395300 -0.43190924 -0.23743178 0.003464 1789363822.322381735 26.347 158.227 0.023 0.00000 -1 ACTUAL_TF
8.4782 0.0387842 -1.7389030 0.6556217 -0.45124672 0.74394539 -0.43190917 -0.23743659 0.003521 1789363822.378399611 26.551 158.022 0.023 0.00000 -1 ACTUAL_TF
8.5372 0.0387879 -1.7387294 0.6556290 -0.45125610 0.74394077 -0.43190750 -0.23743625 0.003397 1789363822.434355259 26.725 157.849 0.025 0.00000 -1 ACTUAL_TF
8.5951 0.0387838 -1.7385507 0.6556523 -0.45124409 0.74394136 -0.43191882 -0.23743665 0.003343 1789363822.490377188 26.904 157.670 0.021 0.00000 -1 ACTUAL_TF
8.6517 0.0387797 -1.7383372 0.6556508 -0.45124832 0.74394274 -0.43191320 -0.23743450 0.003483 1789363822.546421289 27.117 157.456 0.022 0.00000 -1 ACTUAL_TF
8.7015 0.0387708 -1.7381593 0.6556549 -0.45124776 0.74394292 -0.43191286 -0.23743562 0.003393 1789363822.602396011 27.295 157.278 0.019 0.00000 -1 ACTUAL_TF
8.7592 0.0387650 -1.7379382 0.6556580 -0.45124757 0.74394457 -0.43191169 -0.23743293 0.003560 1789363822.658405304 27.516 157.057 0.020 0.00000 -1 ACTUAL_TF
8.8180 0.0387606 -1.7377756 0.6556606 -0.45124781 0.74394120 -0.43191521 -0.23743664 0.003364 1789363822.714412928 27.679 156.894 0.020 0.00000 -1 ACTUAL_TF
8.8725 0.0387533 -1.7375673 0.6556631 -0.45124493 0.74394361 -0.43191474 -0.23743542 0.003471 1789363822.770415545 27.888 156.686 0.019 0.00000 -1 ACTUAL_TF
8.9302 0.0387600 -1.7374080 0.6556756 -0.45124373 0.74394224 -0.43191981 -0.23743274 0.003288 1789363822.826317787 28.047 156.527 0.033 0.00000 -1 ACTUAL_TF
8.9886 0.0387537 -1.7372099 0.6556826 -0.45124457 0.74393922 -0.43192218 -0.23743631 0.003363 1789363822.882356405 28.245 156.328 0.035 0.00000 -1 ACTUAL_TF
9.0393 0.0387405 -1.7370143 0.6556970 -0.45124206 0.74393377 -0.43192953 -0.23744478 0.003408 1789363822.938305140 28.441 156.132 0.038 0.00000 -1 ACTUAL_TF
9.0984 0.0387333 -1.7368444 0.6557086 -0.45123278 0.74393272 -0.43193933 -0.23744791 0.003295 1789363822.994552851 28.611 155.962 0.045 0.00000 -1 ACTUAL_TF
9.1560 0.0387243 -1.7366119 0.6557063 -0.45123508 0.74393708 -0.43193219 -0.23744286 0.003549 1789363823.050709009 28.844 155.730 0.039 0.00000 -1 ACTUAL_TF
9.2082 0.0387160 -1.7364543 0.6557128 -0.45122958 0.74393393 -0.43194032 -0.23744837 0.003336 1789363823.106339693 29.002 155.572 0.042 0.00000 -1 ACTUAL_TF
9.2675 0.0387050 -1.7362575 0.6557200 -0.45122893 0.74393177 -0.43194229 -0.23745280 0.003382 1789363823.162892580 29.199 155.375 0.045 0.00000 -1 ACTUAL_TF
9.3164 0.0386992 -1.7360920 0.6557240 -0.45122335 0.74393401 -0.43194533 -0.23745087 0.003255 1789363823.218846083 29.364 155.209 0.047 0.00000 -1 ACTUAL_TF
9.3797 0.0386801 -1.7358884 0.6557311 -0.45121712 0.74393400 -0.43194890 -0.23745622 0.003384 1789363823.274363518 29.569 155.005 0.052 0.00000 -1 ACTUAL_TF
9.4371 0.0386706 -1.7357111 0.6557344 -0.45121296 0.74393417 -0.43195198 -0.23745802 0.003320 1789363823.330379963 29.746 154.827 0.053 0.00000 -1 ACTUAL_TF
9.4967 0.0386628 -1.7354900 0.6557336 -0.45121310 0.74393672 -0.43194856 -0.23745597 0.003509 1789363823.386381149 29.967 154.606 0.050 0.00000 -1 ACTUAL_TF
9.5464 0.0386530 -1.7352701 0.6557266 -0.45121617 0.74394077 -0.43194066 -0.23745180 0.003634 1789363823.442479372 30.187 154.386 0.042 0.00000 -1 ACTUAL_TF
9.6052 0.0386426 -1.7351072 0.6557349 -0.45121138 0.74393818 -0.43194728 -0.23745702 0.003421 1789363823.498388052 30.351 154.223 0.050 0.00000 -1 ACTUAL_TF
9.6552 0.0386355 -1.7348959 0.6557310 -0.45121017 0.74394282 -0.43194263 -0.23745319 0.003528 1789363823.554344893 30.562 154.012 0.045 0.00000 -1 ACTUAL_TF
9.7143 0.0386388 -1.7347300 0.6557344 -0.45121192 0.74394179 -0.43194395 -0.23745071 0.003358 1789363823.610419512 30.728 153.846 0.043 0.00000 -1 ACTUAL_TF
9.7742 0.0386347 -1.7345009 0.6557289 -0.45121158 0.74395234 -0.43193237 -0.23743939 0.003580 1789363823.666357756 30.957 153.617 0.034 0.00000 -1 ACTUAL_TF
9.8288 0.0386233 -1.7343311 0.6557312 -0.45121228 0.74395188 -0.43193106 -0.23744185 0.003417 1789363823.722362518 31.127 153.447 0.037 0.00000 -1 ACTUAL_TF
9.8794 0.0386178 -1.7340960 0.6557238 -0.45121393 0.74395887 -0.43192153 -0.23743417 0.003653 1789363823.778363943 31.362 153.212 0.028 0.00000 -1 ACTUAL_TF
9.9384 0.0386212 -1.7339172 0.6557374 -0.45120972 0.74395580 -0.43193029 -0.23743583 0.003517 1789363823.834370136 31.541 153.033 0.034 0.00000 -1 ACTUAL_TF
10.0051 0.0386104 -1.7337342 0.6557317 -0.45121257 0.74395716 -0.43192502 -0.23743577 0.003446 1789363823.890314579 31.724 152.850 0.029 0.00000 -1 ACTUAL_TF
10.0547 0.0386020 -1.7335198 0.6557235 -0.45120771 0.74396508 -0.43191927 -0.23743063 0.003562 1789363823.946353912 31.938 152.635 0.022 0.00000 -1 ACTUAL_TF
10.1037 0.0385948 -1.7333498 0.6557250 -0.45121050 0.74396105 -0.43192145 -0.23743400 0.003404 1789363824.002359390 32.108 152.465 0.023 0.00000 -1 ACTUAL_TF
10.1579 0.0385913 -1.7331234 0.6557209 -0.45121361 0.74396509 -0.43191421 -0.23742859 0.003598 1789363824.058282614 32.335 152.239 0.017 0.00000 -1 ACTUAL_TF
10.2215 0.0385930 -1.7329454 0.6557197 -0.45121478 0.74396420 -0.43191528 -0.23742720 0.003470 1789363824.114429235 32.513 152.061 0.010 0.00000 -1 ACTUAL_TF
10.2694 0.0385952 -1.7327405 0.6557215 -0.45121694 0.74396247 -0.43191646 -0.23742638 0.003526 1789363824.170465469 32.717 151.856 0.002 0.00000 -1 ACTUAL_TF
10.3296 0.0385909 -1.7325739 0.6557215 -0.45121745 0.74396215 -0.43191632 -0.23742666 0.003361 1789363824.226506710 32.884 151.689 0.001 0.00000 -1 ACTUAL_TF
10.3903 0.0385918 -1.7323565 0.6557190 -0.45122321 0.74396472 -0.43190896 -0.23742108 0.003518 1789363824.282449007 33.101 151.472 0.008 0.00000 -1 ACTUAL_TF
10.4431 0.0385890 -1.7321399 0.6557174 -0.45122685 0.74396408 -0.43190671 -0.23742025 0.003625 1789363824.338345528 33.318 151.256 0.014 0.00000 -1 ACTUAL_TF
10.4983 0.0385837 -1.7319617 0.6557149 -0.45123126 0.74396232 -0.43190450 -0.23742140 0.003491 1789363824.394460678 33.496 151.077 0.017 0.00000 -1 ACTUAL_TF
10.5532 0.0385822 -1.7317590 0.6557204 -0.45122945 0.74395956 -0.43191067 -0.23742227 0.003531 1789363824.450423479 33.699 150.875 0.018 0.00000 -1 ACTUAL_TF
10.6151 0.0385742 -1.7315806 0.6557243 -0.45122960 0.74395714 -0.43191244 -0.23742632 0.003429 1789363824.506359100 33.877 150.696 0.015 0.00000 -1 ACTUAL_TF
10.6672 0.0385717 -1.7313880 0.6557267 -0.45122904 0.74395488 -0.43191645 -0.23742718 0.003432 1789363824.562429190 34.070 150.503 0.017 0.00000 -1 ACTUAL_TF
10.7254 0.0385594 -1.7312043 0.6557191 -0.45122729 0.74395795 -0.43191284 -0.23742747 0.003389 1789363824.618446112 34.254 150.320 0.021 0.00000 -1 ACTUAL_TF
10.7757 0.0385460 -1.7309941 0.6557183 -0.45122240 0.74396249 -0.43191089 -0.23742608 0.003502 1789363824.674359322 34.464 150.109 0.023 0.00000 -1 ACTUAL_TF
10.8297 0.0385407 -1.7308059 0.6557191 -0.45122544 0.74396035 -0.43191071 -0.23742733 0.003459 1789363824.730416536 34.652 149.921 0.025 0.00000 -1 ACTUAL_TF
10.8877 0.0385363 -1.7306071 0.6557305 -0.45121974 0.74395445 -0.43192331 -0.23743373 0.003490 1789363824.786325216 34.851 149.722 0.016 0.00000 -1 ACTUAL_TF
10.9512 0.0385315 -1.7304121 0.6557410 -0.45120853 0.74394979 -0.43193910 -0.23744091 0.003489 1789363824.842351437 35.047 149.527 0.008 0.00000 -1 ACTUAL_TF
10.9987 0.0385326 -1.7302502 0.6557485 -0.45120876 0.74394645 -0.43194377 -0.23744245 0.003309 1789363824.898473024 35.208 149.365 0.008 0.00000 -1 ACTUAL_TF
11.0591 0.0385243 -1.7300299 0.6557413 -0.45121251 0.74394785 -0.43193814 -0.23744116 0.003497 1789363824.954489708 35.429 149.145 0.014 0.00000 -1 ACTUAL_TF
11.1124 0.0385119 -1.7298467 0.6557385 -0.45121315 0.74394829 -0.43193593 -0.23744259 0.003434 1789363825.010366917 35.612 148.961 0.017 0.00000 -1 ACTUAL_TF
11.1663 0.0385088 -1.7296391 0.6557418 -0.45121505 0.74394883 -0.43193396 -0.23744087 0.003516 1789363825.066370487 35.820 148.754 0.017 0.00000 -1 ACTUAL_TF
11.2290 0.0385041 -1.7294547 0.6557403 -0.45122201 0.74395106 -0.43192493 -0.23743709 0.003448 1789363825.122444391 36.004 148.569 0.021 0.00000 -1 ACTUAL_TF
11.2826 0.0385027 -1.7292439 0.6557422 -0.45122622 0.74394787 -0.43192542 -0.23743817 0.003543 1789363825.178422213 36.215 148.358 0.022 0.00000 -1 ACTUAL_TF
11.3357 0.0384897 -1.7290191 0.6557338 -0.45123314 0.74395517 -0.43190861 -0.23743277 0.003690 1789363825.234328270 36.440 148.133 0.033 0.00000 -1 ACTUAL_TF
11.4023 0.0385021 -1.7288554 0.6557395 -0.45123565 0.74395265 -0.43191206 -0.23742960 0.003464 1789363825.290289879 36.603 147.970 0.034 0.00000 -1 ACTUAL_TF
11.4470 0.0384885 -1.7286435 0.6557314 -0.45124013 0.74395596 -0.43190251 -0.23742809 0.003562 1789363825.346329451 36.815 147.758 0.041 0.00000 -1 ACTUAL_TF
11.5052 0.0384924 -1.7284688 0.6557345 -0.45124385 0.74395021 -0.43190731 -0.23743031 0.003429 1789363825.402374744 36.990 147.583 0.043 0.00000 -1 ACTUAL_TF
11.5580 0.0384865 -1.7282513 0.6557315 -0.45124706 0.74395542 -0.43189766 -0.23742542 0.003567 1789363825.458305836 37.208 147.366 0.048 0.00000 -1 ACTUAL_TF
11.6221 0.0384832 -1.7280676 0.6557325 -0.45125480 0.74395160 -0.43189525 -0.23742706 0.003477 1789363825.514548302 37.391 147.182 0.050 0.00000 -1 ACTUAL_TF
11.6748 0.0384889 -1.7278696 0.6557493 -0.45124949 0.74395115 -0.43190299 -0.23742451 0.003501 1789363825.570445776 37.589 146.984 0.045 0.00000 -1 ACTUAL_TF
11.7270 0.0384916 -1.7277113 0.6557600 -0.45125274 0.74394712 -0.43190587 -0.23742571 0.003388 1789363825.621236801 37.747 146.826 0.046 0.00000 -1 ACTUAL_TF
11.7801 0.0384826 -1.7275348 0.6557606 -0.45125195 0.74394968 -0.43190258 -0.23742519 0.003367 1789363825.674516201 37.924 146.649 0.043 0.00000 -1 ACTUAL_TF
11.8324 0.0384807 -1.7273252 0.6557610 -0.45125292 0.74395065 -0.43190179 -0.23742174 0.003479 1789363825.730536938 38.134 146.440 0.048 0.00000 -1 ACTUAL_TF
11.8984 0.0384669 -1.7271364 0.6557536 -0.45125419 0.74395513 -0.43189352 -0.23742032 0.003439 1789363825.787176847 38.323 146.251 0.048 0.00000 -1 ACTUAL_TF
11.9470 0.0384575 -1.7269322 0.6557576 -0.45125337 0.74395395 -0.43189514 -0.23742263 0.003517 1789363825.842421532 38.527 146.046 0.045 0.00000 -1 ACTUAL_TF
12.0008 0.0384530 -1.7267652 0.6557607 -0.45124752 0.74395523 -0.43189941 -0.23742198 0.003358 1789363825.898388624 38.694 145.879 0.044 0.00000 -1 ACTUAL_TF
12.0571 0.0384469 -1.7265554 0.6557629 -0.45124745 0.74395468 -0.43190021 -0.23742235 0.003477 1789363825.954293013 38.904 145.669 0.045 0.00000 -1 ACTUAL_TF
12.1190 0.0384405 -1.7263563 0.6557785 -0.45125291 0.74394536 -0.43190591 -0.23743082 0.003504 1789363826.010309935 39.103 145.470 0.035 0.00000 -1 ACTUAL_TF
12.1703 0.0384300 -1.7261855 0.6557855 -0.45124226 0.74395177 -0.43190738 -0.23742830 0.003357 1789363826.067161798 39.275 145.299 0.027 0.00000 -1 ACTUAL_TF
12.2337 0.0384286 -1.7259892 0.6558014 -0.45123917 0.74394773 -0.43191597 -0.23743120 0.003421 1789363826.122298002 39.471 145.102 0.026 0.00000 -1 ACTUAL_TF
12.2855 0.0384132 -1.7257980 0.6558028 -0.45124114 0.74394944 -0.43191080 -0.23743151 0.003420 1789363826.178410530 39.663 144.911 0.017 0.00000 -1 ACTUAL_TF
12.3357 0.0384054 -1.7255826 0.6558026 -0.45124220 0.74395028 -0.43190865 -0.23743077 0.003549 1789363826.234417677 39.878 144.695 0.016 0.00000 -1 ACTUAL_TF
12.3986 0.0384061 -1.7254328 0.6558174 -0.45123833 0.74394066 -0.43192458 -0.23743931 0.003291 1789363826.290367126 40.028 144.545 0.021 0.00000 -1 ACTUAL_TF
12.4480 0.0383942 -1.7252368 0.6558258 -0.45123033 0.74394063 -0.43193080 -0.23744331 0.003355 1789363826.346471310 40.224 144.349 0.018 0.00000 -1 ACTUAL_TF
12.5130 0.0383782 -1.7250322 0.6558352 -0.45123021 0.74393674 -0.43193449 -0.23744898 0.003450 1789363826.402442694 40.429 144.144 0.019 0.00000 -1 ACTUAL_TF
12.5636 0.0383695 -1.7248499 0.6558411 -0.45123021 0.74393654 -0.43193397 -0.23745055 0.003395 1789363826.458295345 40.612 143.961 0.022 0.00000 -1 ACTUAL_TF
12.6179 0.0383586 -1.7246400 0.6558426 -0.45122918 0.74393762 -0.43193300 -0.23745089 0.003502 1789363826.514332771 40.822 143.751 0.022 0.00000 -1 ACTUAL_TF
12.6768 0.0383603 -1.7244668 0.6558466 -0.45123293 0.74393528 -0.43193350 -0.23745021 0.003376 1789363826.570555687 40.995 143.578 0.023 0.00000 -1 ACTUAL_TF
12.7298 0.0383541 -1.7242567 0.6558451 -0.45123214 0.74393625 -0.43193266 -0.23745018 0.003493 1789363826.626362324 41.205 143.368 0.019 0.00000 -1 ACTUAL_TF
12.7868 0.0383608 -1.7240883 0.6558446 -0.45123367 0.74393747 -0.43193182 -0.23744498 0.003347 1789363826.682406902 41.373 143.200 0.021 0.00000 -1 ACTUAL_TF
12.8471 0.0383477 -1.7238713 0.6558424 -0.45123589 0.74393978 -0.43192598 -0.23744416 0.003504 1789363826.738593340 41.591 142.983 0.013 0.00000 -1 ACTUAL_TF
12.8961 0.0383455 -1.7236880 0.6558421 -0.45124294 0.74393859 -0.43192141 -0.23744277 0.003436 1789363826.794507265 41.774 142.799 0.013 0.00000 -1 ACTUAL_TF
12.9587 0.0383448 -1.7234814 0.6558435 -0.45123963 0.74394224 -0.43192134 -0.23743776 0.003512 1789363826.850498676 41.981 142.593 0.016 0.00000 -1 ACTUAL_TF
13.0084 0.0383400 -1.7232762 0.6558482 -0.45123888 0.74394100 -0.43192388 -0.23743844 0.003559 1789363826.906461239 42.186 142.388 0.018 0.00000 -1 ACTUAL_TF
13.0721 0.0383446 -1.7231019 0.6558492 -0.45124282 0.74394185 -0.43192095 -0.23743364 0.003426 1789363826.962430954 42.360 142.213 0.027 0.00000 -1 ACTUAL_TF
13.1208 0.0383252 -1.7228757 0.6558460 -0.45124413 0.74394461 -0.43191405 -0.23743508 0.003615 1789363827.018401623 42.587 141.987 0.013 0.00000 -1 ACTUAL_TF
13.1842 0.0383310 -1.7227080 0.6558445 -0.45124344 0.74394493 -0.43191622 -0.23743139 0.003429 1789363827.074403048 42.754 141.819 0.023 0.00000 -1 ACTUAL_TF
13.2442 0.0383150 -1.7224822 0.6558394 -0.45124579 0.74394923 -0.43190764 -0.23742909 0.003614 1789363827.130398989 42.980 141.593 0.016 0.00000 -1 ACTUAL_TF
13.2993 0.0383102 -1.7223126 0.6558385 -0.45124194 0.74395377 -0.43190563 -0.23742582 0.003439 1789363827.186373472 43.150 141.424 0.018 0.00000 -1 ACTUAL_TF
13.3508 0.0383058 -1.7221015 0.6558408 -0.45123833 0.74395636 -0.43190658 -0.23742284 0.003538 1789363827.242388248 43.361 141.212 0.020 0.00000 -1 ACTUAL_TF
13.3986 0.0382970 -1.7219007 0.6558483 -0.45124212 0.74395359 -0.43190585 -0.23742564 0.003553 1789363827.298441887 43.562 141.012 0.014 0.00000 -1 ACTUAL_TF
13.4616 0.0382963 -1.7217176 0.6558485 -0.45124071 0.74395752 -0.43190322 -0.23742080 0.003468 1789363827.354432106 43.745 140.828 0.019 0.00000 -1 ACTUAL_TF
13.5105 0.0382833 -1.7214998 0.6558444 -0.45124000 0.74396047 -0.43189951 -0.23741964 0.003598 1789363827.410368681 43.963 140.610 0.019 0.00000 -1 ACTUAL_TF
13.5712 0.0382739 -1.7213409 0.6558480 -0.45123435 0.74395946 -0.43190543 -0.23742281 0.003371 1789363827.466392517 44.122 140.451 0.016 0.00000 -1 ACTUAL_TF
13.6297 0.0382577 -1.7211218 0.6558492 -0.45123142 0.74396152 -0.43190400 -0.23742452 0.003535 1789363827.522487640 44.342 140.232 0.017 0.00000 -1 ACTUAL_TF
13.6914 0.0382478 -1.7209645 0.6558583 -0.45122468 0.74395899 -0.43191272 -0.23742938 0.003321 1789363827.578428984 44.499 140.074 0.014 0.00000 -1 ACTUAL_TF
13.7395 0.0382356 -1.7207591 0.6558666 -0.45122552 0.74395679 -0.43191315 -0.23743389 0.003425 1789363827.634571075 44.705 139.868 0.017 0.00000 -1 ACTUAL_TF
13.7920 0.0382344 -1.7205940 0.6558775 -0.45121964 0.74395476 -0.43192213 -0.23743509 0.003287 1789363827.690369129 44.870 139.703 0.014 0.00000 -1 ACTUAL_TF
13.8488 0.0382141 -1.7203779 0.6558823 -0.45121503 0.74395791 -0.43192037 -0.23743719 0.003464 1789363827.746382713 45.087 139.487 0.028 0.00000 -1 ACTUAL_TF
13.9085 0.0382040 -1.7201861 0.6558985 -0.45120815 0.74395051 -0.43193514 -0.23744658 0.003458 1789363827.802313328 45.279 139.294 0.038 0.00000 -1 ACTUAL_TF
13.9606 0.0381966 -1.7200078 0.6558981 -0.45121435 0.74394763 -0.43193249 -0.23744863 0.003373 1789363827.858527899 45.457 139.116 0.038 0.00000 -1 ACTUAL_TF
14.0196 0.0381887 -1.7198009 0.6559044 -0.45121354 0.74394526 -0.43193551 -0.23745211 0.003475 1789363827.914343357 45.664 138.909 0.042 0.00000 -1 ACTUAL_TF
14.0752 0.0381835 -1.7196297 0.6559080 -0.45121224 0.74394376 -0.43193825 -0.23745429 0.003349 1789363827.970411777 45.836 138.738 0.043 0.00000 -1 ACTUAL_TF
14.1293 0.0381731 -1.7194157 0.6559103 -0.45121723 0.74394107 -0.43193620 -0.23745696 0.003493 1789363828.026382446 46.050 138.523 0.046 0.00000 -1 ACTUAL_TF
14.1934 0.0381687 -1.7192352 0.6559058 -0.45121818 0.74394578 -0.43192966 -0.23745229 0.003413 1789363828.082346201 46.231 138.343 0.043 0.00000 -1 ACTUAL_TF
14.2436 0.0381658 -1.7190231 0.6559020 -0.45122592 0.74394485 -0.43192351 -0.23745171 0.003524 1789363828.138445377 46.443 138.131 0.038 0.00000 -1 ACTUAL_TF
14.2967 0.0381592 -1.7188106 0.6559035 -0.45122572 0.74394651 -0.43192202 -0.23744958 0.003608 1789363828.194352150 46.655 137.918 0.038 0.00000 -1 ACTUAL_TF
14.3568 0.0381519 -1.7186258 0.6559018 -0.45123259 0.74394753 -0.43191431 -0.23744737 0.003514 1789363828.250467539 46.840 137.733 0.039 0.00000 -1 ACTUAL_TF
14.4052 0.0381466 -1.7184175 0.6559008 -0.45123232 0.74394928 -0.43191235 -0.23744597 0.003580 1789363828.306254625 47.048 137.525 0.038 0.00000 -1 ACTUAL_TF
14.4652 0.0381416 -1.7182548 0.6559056 -0.45123340 0.74394303 -0.43191825 -0.23745275 0.003375 1789363828.362481117 47.211 137.362 0.039 0.00000 -1 ACTUAL_TF
14.5170 0.0381459 -1.7180458 0.6559100 -0.45123212 0.74394324 -0.43192081 -0.23744987 0.003485 1789363828.418359756 47.420 137.153 0.029 0.00000 -1 ACTUAL_TF
14.5806 0.0381412 -1.7178637 0.6559140 -0.45123359 0.74394208 -0.43192080 -0.23745075 0.003418 1789363828.474241018 47.602 136.971 0.029 0.00000 -1 ACTUAL_TF
14.6334 0.0381440 -1.7176646 0.6559240 -0.45122699 0.74394109 -0.43193010 -0.23744945 0.003458 1789363828.530385017 47.801 136.772 0.024 0.00000 -1 ACTUAL_TF
14.6854 0.0381530 -1.7174835 0.6559265 -0.45123083 0.74394077 -0.43192914 -0.23744490 0.003393 1789363828.586319447 47.982 136.591 0.016 0.00000 -1 ACTUAL_TF
14.7497 0.0381525 -1.7172787 0.6559379 -0.45122782 0.74393871 -0.43193584 -0.23744492 0.003472 1789363828.642409563 48.187 136.386 0.024 0.00000 -1 ACTUAL_TF
14.8003 0.0381600 -1.7170702 0.6559343 -0.45123006 0.74394228 -0.43193144 -0.23743746 0.003548 1789363828.698438883 48.395 136.178 0.023 0.00000 -1 ACTUAL_TF
14.8631 0.0381496 -1.7168818 0.6559259 -0.45123022 0.74394732 -0.43192387 -0.23743514 0.003497 1789363828.754348993 48.584 135.990 0.011 0.00000 -1 ACTUAL_TF
14.9109 0.0381549 -1.7166765 0.6559256 -0.45123118 0.74394501 -0.43192781 -0.23743340 0.003541 1789363828.810726404 48.789 135.785 0.021 0.00000 -1 ACTUAL_TF
14.9713 0.0381449 -1.7164923 0.6559253 -0.45123067 0.74394606 -0.43192623 -0.23743392 0.003474 1789363828.866331816 48.973 135.600 0.016 0.00000 -1 ACTUAL_TF
15.0231 0.0381346 -1.7162853 0.6559320 -0.45123254 0.74394211 -0.43192818 -0.23743921 0.003540 1789363828.922444105 49.180 135.393 0.012 0.00000 -1 ACTUAL_TF
15.0834 0.0381311 -1.7161037 0.6559387 -0.45124041 0.74393815 -0.43192613 -0.23744039 0.003452 1789363828.978464842 49.362 135.211 0.016 0.00000 -1 ACTUAL_TF
15.1428 0.0381354 -1.7159296 0.6559603 -0.45123292 0.74393257 -0.43194117 -0.23744474 0.003356 1789363829.034494877 49.536 135.037 0.037 0.00000 -1 ACTUAL_TF
15.1953 0.0381410 -1.7157224 0.6559645 -0.45123192 0.74393370 -0.43194260 -0.23744052 0.003461 1789363829.090442896 49.743 134.830 0.046 0.00000 -1 ACTUAL_TF
15.2487 0.0381349 -1.7155356 0.6559629 -0.45123482 0.74393381 -0.43193955 -0.23744020 0.003423 1789363829.146483898 49.930 134.643 0.043 0.00000 -1 ACTUAL_TF
15.3099 0.0381189 -1.7153082 0.6559635 -0.45123701 0.74393365 -0.43193668 -0.23744176 0.003620 1789363829.202344656 50.158 134.416 0.034 0.00000 -1 ACTUAL_TF
15.3624 0.0381051 -1.7151477 0.6559689 -0.45122976 0.74393249 -0.43194264 -0.23744832 0.003372 1789363829.260077715 50.319 134.255 0.031 0.00000 -1 ACTUAL_TF
15.4162 0.0381046 -1.7149464 0.6559757 -0.45122508 0.74393034 -0.43195045 -0.23744975 0.003469 1789363829.314563513 50.520 134.053 0.038 0.00000 -1 ACTUAL_TF
15.4759 0.0381006 -1.7147629 0.6559749 -0.45123061 0.74392881 -0.43194767 -0.23744909 0.003414 1789363829.370424271 50.703 133.870 0.036 0.00000 -1 ACTUAL_TF
15.5268 0.0380962 -1.7145650 0.6559789 -0.45123108 0.74392689 -0.43194942 -0.23745106 0.003453 1789363829.426326036 50.901 133.672 0.038 0.00000 -1 ACTUAL_TF
15.5862 0.0380814 -1.7143760 0.6559762 -0.45122624 0.74393271 -0.43194572 -0.23744876 0.003432 1789363829.482342005 51.091 133.483 0.029 0.00000 -1 ACTUAL_TF
15.6447 0.0380733 -1.7141578 0.6559791 -0.45122603 0.74393316 -0.43194454 -0.23744986 0.003571 1789363829.538413048 51.309 133.264 0.028 0.00000 -1 ACTUAL_TF
15.6945 0.0380666 -1.7139482 0.6559777 -0.45123056 0.74393302 -0.43194061 -0.23744884 0.003623 1789363829.594408989 51.519 133.055 0.024 0.00000 -1 ACTUAL_TF
15.7533 0.0380629 -1.7137700 0.6559721 -0.45122822 0.74393863 -0.43193633 -0.23744350 0.003491 1789363829.650413275 51.697 132.877 0.018 0.00000 -1 ACTUAL_TF
15.8173 0.0380576 -1.7135550 0.6559693 -0.45123214 0.74393994 -0.43193054 -0.23744248 0.003594 1789363829.706528187 51.912 132.662 0.015 0.00000 -1 ACTUAL_TF
15.8689 0.0380624 -1.7133807 0.6559634 -0.45123425 0.74394395 -0.43192580 -0.23743453 0.003454 1789363829.762336254 52.086 132.487 0.022 0.00000 -1 ACTUAL_TF
15.9216 0.0380589 -1.7131693 0.6559597 -0.45123708 0.74394376 -0.43192355 -0.23743383 0.003549 1789363829.818405151 52.297 132.276 0.026 0.00000 -1 ACTUAL_TF
15.9809 0.0380508 -1.7129813 0.6559544 -0.45123770 0.74394961 -0.43191565 -0.23742870 0.003492 1789363829.874447346 52.485 132.088 0.026 0.00000 -1 ACTUAL_TF
16.0434 0.0380436 -1.7127503 0.6559477 -0.45124758 0.74394925 -0.43190653 -0.23742766 0.003682 1789363829.930491447 52.716 131.857 0.032 0.00000 -1 ACTUAL_TF
16.0900 0.0380347 -1.7125353 0.6559483 -0.45124858 0.74395229 -0.43190151 -0.23742534 0.003733 1789363829.986376286 52.932 131.642 0.032 0.00000 -1 ACTUAL_TF
16.1481 0.0380334 -1.7123814 0.6559572 -0.45124559 0.74394641 -0.43191159 -0.23743111 0.003440 1789363830.042318344 53.085 131.488 0.029 0.00000 -1 ACTUAL_TF
16.1997 0.0380231 -1.7121703 0.6559570 -0.45124982 0.74394531 -0.43190803 -0.23743299 0.003540 1789363830.098327875 53.297 131.277 0.028 0.00000 -1 ACTUAL_TF
16.2646 0.0380256 -1.7120014 0.6559603 -0.45125095 0.74394453 -0.43190901 -0.23743148 0.003379 1789363830.154589653 53.466 131.108 0.032 0.00000 -1 ACTUAL_TF
16.3131 0.0380078 -1.7117880 0.6559588 -0.45124450 0.74395094 -0.43190567 -0.23742978 0.003516 1789363830.210399389 53.679 130.894 0.028 0.00000 -1 ACTUAL_TF
16.3685 0.0380075 -1.7115964 0.6559620 -0.45125136 0.74394745 -0.43190430 -0.23743017 0.003491 1789363830.266246319 53.871 130.702 0.030 0.00000 -1 ACTUAL_TF
16.4329 0.0380016 -1.7113995 0.6559700 -0.45125068 0.74394284 -0.43191018 -0.23743519 0.003491 1789363830.322685480 54.068 130.505 0.026 0.00000 -1 ACTUAL_TF
16.4833 0.0379990 -1.7112394 0.6559785 -0.45124264 0.74393994 -0.43192160 -0.23743880 0.003308 1789363830.378332615 54.228 130.345 0.024 0.00000 -1 ACTUAL_TF
16.5371 0.0379885 -1.7110324 0.6559821 -0.45124091 0.74393920 -0.43192276 -0.23744227 0.003421 1789363830.434581995 54.435 130.138 0.019 0.00000 -1 ACTUAL_TF
16.5985 0.0379816 -1.7108173 0.6559831 -0.45124216 0.74394203 -0.43191872 -0.23743840 0.003549 1789363830.490545034 54.651 129.923 0.020 0.00000 -1 ACTUAL_TF
16.6480 0.0379750 -1.7106587 0.6559896 -0.45123625 0.74394003 -0.43192624 -0.23744220 0.003337 1789363830.546452284 54.809 129.764 0.015 0.00000 -1 ACTUAL_TF
16.7113 0.0379674 -1.7104289 0.6559868 -0.45123482 0.74394322 -0.43192338 -0.23744011 0.003571 1789363830.602301598 55.039 129.534 0.018 0.00000 -1 ACTUAL_TF
16.7623 0.0379588 -1.7102436 0.6559842 -0.45123877 0.74394484 -0.43191777 -0.23743777 0.003495 1789363830.658242941 55.225 129.349 0.020 0.00000 -1 ACTUAL_TF
16.8174 0.0379500 -1.7100281 0.6559832 -0.45123675 0.74394849 -0.43191499 -0.23743521 0.003600 1789363830.714299917 55.440 129.133 0.023 0.00000 -1 ACTUAL_TF
16.8684 0.0379452 -1.7098784 0.6559971 -0.45122760 0.74394538 -0.43192672 -0.23744102 0.003327 1789363830.770253420 55.590 128.983 0.012 0.00000 -1 ACTUAL_TF
16.9276 0.0379407 -1.7096618 0.6559960 -0.45122538 0.74394919 -0.43192472 -0.23743693 0.003490 1789363830.826212645 55.807 128.767 0.016 0.00000 -1 ACTUAL_TF
16.9945 0.0379315 -1.7094529 0.6560009 -0.45122520 0.74394631 -0.43192838 -0.23743964 0.003561 1789363830.882351637 56.016 128.557 0.012 0.00000 -1 ACTUAL_TF
17.0405 0.0379228 -1.7092657 0.6560049 -0.45121790 0.74394806 -0.43193249 -0.23744054 0.003497 1789363830.938333750 56.203 128.370 0.010 0.00000 -1 ACTUAL_TF
17.1006 0.0379246 -1.7090668 0.6560145 -0.45121401 0.74394763 -0.43193805 -0.23743917 0.003514 1789363830.994347095 56.402 128.171 0.009 0.00000 -1 ACTUAL_TF
17.1503 0.0379193 -1.7088778 0.6560097 -0.45121887 0.74395091 -0.43192964 -0.23743496 0.003472 1789363831.050410748 56.591 127.982 0.013 0.00000 -1 ACTUAL_TF
17.2077 0.0379217 -1.7086837 0.6560187 -0.45121636 0.74395090 -0.43193282 -0.23743398 0.003472 1789363831.106362581 56.785 127.788 0.017 0.00000 -1 ACTUAL_TF
17.2636 0.0379153 -1.7084887 0.6560112 -0.45122267 0.74395542 -0.43192144 -0.23742852 0.003478 1789363831.162288904 56.980 127.593 0.021 0.00000 -1 ACTUAL_TF
17.3250 0.0379078 -1.7082748 0.6560053 -0.45122144 0.74396086 -0.43191600 -0.23742372 0.003581 1789363831.218364000 57.194 127.379 0.026 0.00000 -1 ACTUAL_TF
17.3770 0.0378997 -1.7080898 0.6560011 -0.45122472 0.74396512 -0.43190740 -0.23741978 0.003499 1789363831.274326324 57.379 127.194 0.031 0.00000 -1 ACTUAL_TF
17.4421 0.0378936 -1.7078971 0.6560134 -0.45121975 0.74395983 -0.43191835 -0.23742587 0.003483 1789363831.330364466 57.572 127.001 0.022 0.00000 -1 ACTUAL_TF
17.5043 0.0378832 -1.7076871 0.6560174 -0.45121426 0.74396128 -0.43192078 -0.23742737 0.003567 1789363831.386301041 57.783 126.791 0.019 0.00000 -1 ACTUAL_TF
17.5454 0.0378834 -1.7075168 0.6560202 -0.45121873 0.74395957 -0.43191935 -0.23742682 0.003410 1789363831.442196608 57.953 126.621 0.021 0.00000 -1 ACTUAL_TF
17.6034 0.0378825 -1.7073162 0.6560267 -0.45122221 0.74395454 -0.43192333 -0.23742872 0.003461 1789363831.498292446 58.153 126.420 0.021 0.00000 -1 ACTUAL_TF
17.6540 0.0378714 -1.7071394 0.6560265 -0.45121808 0.74396012 -0.43191922 -0.23742656 0.003368 1789363831.554466963 58.330 126.243 0.019 0.00000 -1 ACTUAL_TF
17.7160 0.0378598 -1.7069311 0.6560298 -0.45121845 0.74395917 -0.43191855 -0.23743006 0.003476 1789363831.610465050 58.539 126.034 0.015 0.00000 -1 ACTUAL_TF
17.7676 0.0378560 -1.7067523 0.6560362 -0.45121870 0.74395870 -0.43191934 -0.23742961 0.003394 1789363831.666342735 58.718 125.855 0.012 0.00000 -1 ACTUAL_TF
17.8313 0.0378461 -1.7065412 0.6560416 -0.45121985 0.74395832 -0.43191818 -0.23743072 0.003508 1789363831.722362041 58.929 125.644 0.008 0.00000 -1 ACTUAL_TF
17.8835 0.0378385 -1.7063637 0.6560459 -0.45122241 0.74395871 -0.43191500 -0.23743044 0.003407 1789363831.778390646 59.107 125.466 0.005 0.00000 -1 ACTUAL_TF
17.9362 0.0378318 -1.7061802 0.6560562 -0.45121954 0.74395563 -0.43192043 -0.23743563 0.003371 1789363831.834347248 59.291 125.283 0.003 0.00000 -1 ACTUAL_TF
18.0033 0.0378229 -1.7059793 0.6560681 -0.45121778 0.74395161 -0.43192653 -0.23744051 0.003438 1789363831.890396833 59.492 125.082 0.013 0.00000 -1 ACTUAL_TF
18.0529 0.0378059 -1.7058005 0.6560733 -0.45121734 0.74394924 -0.43192792 -0.23744624 0.003369 1789363831.946408033 59.671 124.902 0.022 0.00000 -1 ACTUAL_TF
18.1031 0.0377934 -1.7055858 0.6560859 -0.45121717 0.74394181 -0.43193619 -0.23745477 0.003510 1789363832.002517700 59.886 124.687 0.033 0.00000 -1 ACTUAL_TF
18.1584 0.0377875 -1.7054330 0.6560960 -0.45121165 0.74393740 -0.43194639 -0.23746052 0.003280 1789363832.058361292 60.039 124.534 0.041 0.00000 -1 ACTUAL_TF
18.2172 0.0377729 -1.7052119 0.6560930 -0.45121368 0.74394078 -0.43193871 -0.23746007 0.003481 1789363832.114483833 60.261 124.313 0.042 0.00000 -1 ACTUAL_TF
18.2826 0.0377812 -1.7050461 0.6561013 -0.45120916 0.74394006 -0.43194628 -0.23745714 0.003329 1789363832.170356989 60.426 124.147 0.039 0.00000 -1 ACTUAL_TF
18.3322 0.0377735 -1.7048377 0.6561041 -0.45121157 0.74393555 -0.43194912 -0.23746153 0.003447 1789363832.226404667 60.635 123.939 0.040 0.00000 -1 ACTUAL_TF
18.3819 0.0377675 -1.7046376 0.6561132 -0.45120431 0.74393486 -0.43195703 -0.23746308 0.003488 1789363832.282294750 60.835 123.738 0.045 0.00000 -1 ACTUAL_TF
18.4437 0.0377655 -1.7044554 0.6561186 -0.45120400 0.74393245 -0.43196106 -0.23746389 0.003416 1789363832.338408709 61.017 123.556 0.047 0.00000 -1 ACTUAL_TF
18.5006 0.0377559 -1.7042188 0.6561112 -0.45120968 0.74393670 -0.43194997 -0.23745998 0.003663 1789363832.394301653 61.254 123.319 0.039 0.00000 -1 ACTUAL_TF
18.5513 0.0377516 -1.7040567 0.6561207 -0.45120884 0.74393268 -0.43195568 -0.23746378 0.003433 1789363832.450385332 61.416 123.157 0.045 0.00000 -1 ACTUAL_TF
18.6111 0.0377467 -1.7038461 0.6561171 -0.45121541 0.74393230 -0.43195006 -0.23746270 0.003532 1789363832.506399870 61.627 122.947 0.039 0.00000 -1 ACTUAL_TF
18.6714 0.0377538 -1.7036747 0.6561164 -0.45121351 0.74393548 -0.43194973 -0.23745695 0.003390 1789363832.562429428 61.798 122.775 0.032 0.00000 -1 ACTUAL_TF
18.7376 0.0377490 -1.7034503 0.6561104 -0.45122540 0.74393617 -0.43193797 -0.23745359 0.003576 1789363832.618455648 62.022 122.551 0.023 0.00000 -1 ACTUAL_TF
18.7748 0.0377371 -1.7032555 0.6561071 -0.45122891 0.74394232 -0.43192664 -0.23744825 0.003550 1789363832.674359798 62.217 122.356 0.020 0.00000 -1 ACTUAL_TF
18.8392 0.0377391 -1.7030213 0.6560993 -0.45123900 0.74394514 -0.43191491 -0.23744158 0.003741 1789363832.730345964 62.451 122.122 0.007 0.00000 -1 ACTUAL_TF
18.8874 0.0377421 -1.7028213 0.6561057 -0.45124430 0.74394017 -0.43191731 -0.23744272 0.003691 1789363832.786340952 62.651 121.922 0.011 0.00000 -1 ACTUAL_TF
18.9542 0.0377441 -1.7026591 0.6561081 -0.45124246 0.74393781 -0.43192299 -0.23744328 0.003453 1789363832.842307329 62.813 121.760 0.016 0.00000 -1 ACTUAL_TF
19.0064 0.0377425 -1.7024398 0.6561029 -0.45124743 0.74393940 -0.43191738 -0.23743905 0.003588 1789363832.898530483 63.032 121.541 0.017 0.00000 -1 ACTUAL_TF
19.0612 0.0377340 -1.7022687 0.6561052 -0.45124704 0.74393830 -0.43191801 -0.23744209 0.003432 1789363832.954338551 63.204 121.370 0.014 0.00000 -1 ACTUAL_TF
19.1102 0.0377385 -1.7020357 0.6561014 -0.45124883 0.74394269 -0.43191356 -0.23743302 0.003647 1789363833.010507345 63.436 121.137 0.025 0.00000 -1 ACTUAL_TF
19.1743 0.0377310 -1.7018743 0.6561025 -0.45124621 0.74394192 -0.43191650 -0.23743506 0.003423 1789363833.066273212 63.598 120.975 0.022 0.00000 -1 ACTUAL_TF
19.2416 0.0377237 -1.7016450 0.6560975 -0.45125258 0.74394478 -0.43190673 -0.23743179 0.003624 1789363833.122297287 63.827 120.746 0.025 0.00000 -1 ACTUAL_TF
19.2876 0.0377230 -1.7014515 0.6561058 -0.45124285 0.74394790 -0.43191334 -0.23742844 0.003571 1789363833.178522587 64.021 120.553 0.027 0.00000 -1 ACTUAL_TF
19.3380 0.0377062 -1.7012646 0.6560982 -0.45124706 0.74395259 -0.43190151 -0.23742732 0.003508 1789363833.234383345 64.208 120.365 0.023 0.00000 -1 ACTUAL_TF
19.4034 0.0377033 -1.7010541 0.6560995 -0.45124780 0.74395464 -0.43189914 -0.23742377 0.003583 1789363833.290379286 64.418 120.155 0.026 0.00000 -1 ACTUAL_TF
19.4542 0.0376917 -1.7008752 0.6561025 -0.45124192 0.74395560 -0.43190240 -0.23742603 0.003467 1789363833.346478224 64.598 119.976 0.021 0.00000 -1 ACTUAL_TF
19.5032 0.0376836 -1.7006616 0.6561056 -0.45124461 0.74395417 -0.43190148 -0.23742705 0.003574 1789363833.402415752 64.811 119.762 0.020 0.00000 -1 ACTUAL_TF
19.5607 0.0376764 -1.7004832 0.6561099 -0.45123948 0.74395354 -0.43190662 -0.23742942 0.003460 1789363833.458306551 64.990 119.583 0.017 0.00000 -1 ACTUAL_TF
19.6204 0.0376801 -1.7002970 0.6561235 -0.45123486 0.74394924 -0.43191783 -0.23743127 0.003422 1789363833.514329195 65.176 119.397 0.017 0.00000 -1 ACTUAL_TF
19.6730 0.0376639 -1.7001205 0.6561235 -0.45122895 0.74395020 -0.43192019 -0.23743522 0.003343 1789363833.570480108 65.353 119.220 0.008 0.00000 -1 ACTUAL_TF
19.7292 0.0376511 -1.6998950 0.6561137 -0.45123616 0.74395467 -0.43190777 -0.23743010 0.003551 1789363833.626481533 65.579 118.995 0.019 0.00000 -1 ACTUAL_TF
19.7945 0.0376427 -1.6996888 0.6561222 -0.45122573 0.74395358 -0.43191799 -0.23743475 0.003593 1789363833.682396173 65.785 118.788 0.014 0.00000 -1 ACTUAL_TF
19.8438 0.0376351 -1.6995068 0.6561251 -0.45123116 0.74395094 -0.43191586 -0.23743658 0.003491 1789363833.738402128 65.967 118.606 0.014 0.00000 -1 ACTUAL_TF
19.9032 0.0376288 -1.6993151 0.6561415 -0.45122425 0.74394117 -0.43193369 -0.23744789 0.003465 1789363833.794991255 66.159 118.414 0.007 0.00000 -1 ACTUAL_TF
19.9544 0.0376305 -1.6991474 0.6561494 -0.45122039 0.74393778 -0.43194223 -0.23745030 0.003334 1789363833.850425720 66.327 118.246 0.007 0.00000 -1 ACTUAL_TF
20.0072 0.0376289 -1.6989369 0.6561544 -0.45122410 0.74393467 -0.43194350 -0.23745068 0.003465 1789363833.906288862 66.537 118.036 0.011 0.00000 -1 ACTUAL_TF
20.0655 0.0376099 -1.6987507 0.6561526 -0.45122190 0.74393770 -0.43193954 -0.23745258 0.003425 1789363833.962473392 66.724 117.849 0.011 0.00000 -1 ACTUAL_TF
20.1225 0.0376075 -1.6985386 0.6561478 -0.45122559 0.74393791 -0.43193608 -0.23745118 0.003534 1789363834.018465042 66.936 117.637 0.006 0.00000 -1 ACTUAL_TF
20.1827 0.0376098 -1.6983287 0.6561489 -0.45122945 0.74393917 -0.43193262 -0.23744624 0.003597 1789363834.074508190 67.146 117.428 0.004 0.00000 -1 ACTUAL_TF
20.2314 0.0376037 -1.6981311 0.6561368 -0.45123321 0.74394840 -0.43191843 -0.23743596 0.003582 1789363834.130360842 67.343 117.230 0.018 0.00000 -1 ACTUAL_TF
20.2905 0.0375931 -1.6979145 0.6561379 -0.45123580 0.74394930 -0.43191345 -0.23743728 0.003668 1789363834.186414719 67.560 117.013 0.020 0.00000 -1 ACTUAL_TF
20.3489 0.0375965 -1.6977433 0.6561349 -0.45123661 0.74395411 -0.43190852 -0.23742964 0.003485 1789363834.242437840 67.731 116.842 0.026 0.00000 -1 ACTUAL_TF
20.3990 0.0375903 -1.6975353 0.6561348 -0.45124122 0.74395274 -0.43190540 -0.23743083 0.003554 1789363834.298438311 67.939 116.634 0.028 0.00000 -1 ACTUAL_TF
20.4571 0.0375757 -1.6973543 0.6561307 -0.45124142 0.74395769 -0.43189749 -0.23742935 0.003460 1789363834.354486704 68.120 116.453 0.034 0.00000 -1 ACTUAL_TF
20.5151 0.0375725 -1.6971421 0.6561326 -0.45123940 0.74395805 -0.43189938 -0.23742863 0.003561 1789363834.410415411 68.333 116.241 0.035 0.00000 -1 ACTUAL_TF
20.5766 0.0375640 -1.6969502 0.6561298 -0.45124486 0.74396078 -0.43189090 -0.23742513 0.003521 1789363834.466434479 68.525 116.049 0.040 0.00000 -1 ACTUAL_TF
20.6292 0.0375569 -1.6967446 0.6561313 -0.45124189 0.74396287 -0.43189138 -0.23742333 0.003566 1789363834.522471189 68.730 115.843 0.041 0.00000 -1 ACTUAL_TF
20.6814 0.0375509 -1.6965479 0.6561413 -0.45123498 0.74395974 -0.43190093 -0.23742891 0.003551 1789363834.578511000 68.927 115.646 0.034 0.00000 -1 ACTUAL_TF
20.7367 0.0375503 -1.6963705 0.6561378 -0.45123934 0.74396227 -0.43189478 -0.23742389 0.003437 1789363834.634460211 69.105 115.469 0.039 0.00000 -1 ACTUAL_TF
20.8009 0.0375404 -1.6961581 0.6561399 -0.45123738 0.74396588 -0.43189218 -0.23742103 0.003546 1789363834.690405607 69.317 115.256 0.040 0.00000 -1 ACTUAL_TF
20.8469 0.0375318 -1.6959857 0.6561488 -0.45122933 0.74396709 -0.43189782 -0.23742228 0.003409 1789363834.746355295 69.490 115.083 0.034 0.00000 -1 ACTUAL_TF
20.9112 0.0375224 -1.6957804 0.6561548 -0.45123009 0.74396583 -0.43189836 -0.23742378 0.003488 1789363834.802353382 69.695 114.878 0.032 0.00000 -1 ACTUAL_TF
20.9619 0.0375199 -1.6956058 0.6561603 -0.45122907 0.74396610 -0.43189990 -0.23742210 0.003377 1789363834.858410358 69.870 114.703 0.028 0.00000 -1 ACTUAL_TF
21.0206 0.0375025 -1.6953953 0.6561670 -0.45122264 0.74396462 -0.43190534 -0.23742905 0.003496 1789363834.914380789 70.081 114.492 0.030 0.00000 -1 ACTUAL_TF
21.0706 0.0374964 -1.6951831 0.6561661 -0.45122663 0.74396457 -0.43190199 -0.23742772 0.003585 1789363834.970369577 70.293 114.280 0.033 0.00000 -1 ACTUAL_TF
21.1288 0.0374959 -1.6950320 0.6561805 -0.45121180 0.74396359 -0.43191778 -0.23743024 0.003325 1789363835.026223898 70.445 114.129 0.021 0.00000 -1 ACTUAL_TF
21.1911 0.0374903 -1.6948102 0.6561842 -0.45122086 0.74395814 -0.43191570 -0.23743387 0.003512 1789363835.082416534 70.666 113.907 0.020 0.00000 -1 ACTUAL_TF
21.2424 0.0374819 -1.6946331 0.6561809 -0.45121686 0.74396241 -0.43191376 -0.23743164 0.003408 1789363835.138410330 70.844 113.730 0.026 0.00000 -1 ACTUAL_TF
21.3005 0.0374821 -1.6944263 0.6561918 -0.45121596 0.74395429 -0.43192585 -0.23743679 0.003496 1789363835.194361210 71.051 113.523 0.016 0.00000 -1 ACTUAL_TF
21.3529 0.0374852 -1.6942541 0.6561958 -0.45121837 0.74395478 -0.43192417 -0.23743375 0.003371 1789363835.250346184 71.223 113.351 0.009 0.00000 -1 ACTUAL_TF
21.4218 0.0374786 -1.6940511 0.6562089 -0.45121645 0.74394513 -0.43193733 -0.23744369 0.003450 1789363835.306335926 71.426 113.148 0.006 0.00000 -1 ACTUAL_TF
21.4721 0.0374730 -1.6938858 0.6562155 -0.45120938 0.74394589 -0.43194286 -0.23744466 0.003301 1789363835.362379789 71.591 112.982 0.010 0.00000 -1 ACTUAL_TF
21.5162 0.0374653 -1.6936538 0.6562112 -0.45122086 0.74394319 -0.43193556 -0.23744462 0.003555 1789363835.418362141 71.823 112.750 0.008 0.00000 -1 ACTUAL_TF
21.5742 0.0374566 -1.6934440 0.6562152 -0.45122011 0.74394160 -0.43193767 -0.23744718 0.003614 1789363835.474344969 72.033 112.540 0.010 0.00000 -1 ACTUAL_TF
21.6404 0.0374538 -1.6932737 0.6562183 -0.45122023 0.74394124 -0.43193810 -0.23744727 0.003443 1789363835.530277729 72.204 112.370 0.008 0.00000 -1 ACTUAL_TF
21.6925 0.0374462 -1.6930699 0.6562228 -0.45122046 0.74393924 -0.43193929 -0.23745095 0.003501 1789363835.586389303 72.408 112.166 0.011 0.00000 -1 ACTUAL_TF
21.7441 0.0374406 -1.6928714 0.6562115 -0.45123000 0.74394496 -0.43192334 -0.23744390 0.003517 1789363835.642373085 72.606 111.967 0.014 0.00000 -1 ACTUAL_TF
21.8039 0.0374374 -1.6926581 0.6562111 -0.45123394 0.74394497 -0.43191998 -0.23744250 0.003604 1789363835.698413134 72.819 111.754 0.014 0.00000 -1 ACTUAL_TF
21.8553 0.0374310 -1.6924704 0.6562063 -0.45123790 0.74394865 -0.43191218 -0.23743765 0.003529 1789363835.754405737 73.007 111.566 0.021 0.00000 -1 ACTUAL_TF
21.9098 0.0374251 -1.6922655 0.6562100 -0.45123868 0.74394731 -0.43191290 -0.23743905 0.003570 1789363835.810346842 73.212 111.361 0.020 0.00000 -1 ACTUAL_TF
21.9747 0.0374238 -1.6921009 0.6562160 -0.45123334 0.74394816 -0.43191687 -0.23743931 0.003381 1789363835.866344452 73.377 111.197 0.015 0.00000 -1 ACTUAL_TF
22.0233 0.0374125 -1.6918853 0.6562132 -0.45123561 0.74394799 -0.43191398 -0.23744080 0.003525 1789363835.922292233 73.593 110.981 0.022 0.00000 -1 ACTUAL_TF
22.0854 0.0374071 -1.6916792 0.6562244 -0.45123172 0.74394843 -0.43191737 -0.23744061 0.003575 1789363835.978220940 73.799 110.775 0.015 0.00000 -1 ACTUAL_TF
22.1468 0.0373968 -1.6914984 0.6562225 -0.45123164 0.74395244 -0.43191178 -0.23743838 0.003472 1789363836.034266949 73.980 110.594 0.021 0.00000 -1 ACTUAL_TF
22.2019 0.0373918 -1.6912934 0.6562263 -0.45122538 0.74395541 -0.43191387 -0.23743716 0.003526 1789363836.090422392 74.185 110.388 0.020 0.00000 -1 ACTUAL_TF
22.2506 0.0373835 -1.6910973 0.6562199 -0.45123440 0.74395702 -0.43190288 -0.23743497 0.003521 1789363836.146377802 74.381 110.192 0.028 0.00000 -1 ACTUAL_TF
22.3100 0.0373761 -1.6908825 0.6562175 -0.45123502 0.74396121 -0.43189710 -0.23743117 0.003618 1789363836.202307701 74.596 109.977 0.033 0.00000 -1 ACTUAL_TF
22.3566 0.0373742 -1.6907205 0.6562261 -0.45123182 0.74395858 -0.43190308 -0.23743462 0.003399 1789363836.258453369 74.758 109.815 0.026 0.00000 -1 ACTUAL_TF
22.4149 0.0373694 -1.6905085 0.6562230 -0.45123845 0.74395694 -0.43189878 -0.23743501 0.003516 1789363836.314423800 74.970 109.603 0.031 0.00000 -1 ACTUAL_TF
22.4736 0.0373693 -1.6903012 0.6562292 -0.45123981 0.74395302 -0.43190260 -0.23743775 0.003574 1789363836.370357037 75.177 109.396 0.025 0.00000 -1 ACTUAL_TF
22.5349 0.0373632 -1.6901209 0.6562329 -0.45124291 0.74395290 -0.43190017 -0.23743665 0.003459 1789363836.426880360 75.358 109.216 0.024 0.00000 -1 ACTUAL_TF
22.5852 0.0373582 -1.6899123 0.6562379 -0.45123525 0.74395218 -0.43190815 -0.23743895 0.003547 1789363836.482516527 75.566 109.007 0.022 0.00000 -1 ACTUAL_TF
22.6635 0.0373465 -1.6897275 0.6562358 -0.45124668 0.74394915 -0.43189963 -0.23744221 0.003477 1789363836.538423061 75.751 108.822 0.028 0.00000 -1 ACTUAL_TF
22.7009 0.0373423 -1.6895279 0.6562450 -0.45123986 0.74394804 -0.43190781 -0.23744378 0.003502 1789363836.594544649 75.951 108.622 0.022 0.00000 -1 ACTUAL_TF
22.7545 0.0373415 -1.6893655 0.6562549 -0.45123580 0.74394811 -0.43191161 -0.23744435 0.003323 1789363836.650588751 76.114 108.460 0.013 0.00000 -1 ACTUAL_TF
22.8161 0.0373341 -1.6891540 0.6562641 -0.45123208 0.74394383 -0.43192030 -0.23744903 0.003464 1789363836.706404448 76.325 108.248 0.010 0.00000 -1 ACTUAL_TF
22.8657 0.0373278 -1.6889691 0.6562656 -0.45123660 0.74394166 -0.43191847 -0.23745056 0.003417 1789363836.762347221 76.510 108.063 0.011 0.00000 -1 ACTUAL_TF
22.9263 0.0373271 -1.6887667 0.6562747 -0.45123282 0.74393534 -0.43193005 -0.23745650 0.003477 1789363836.818354845 76.713 107.861 0.006 0.00000 -1 ACTUAL_TF
22.9769 0.0373283 -1.6885691 0.6562843 -0.45122862 0.74393270 -0.43193842 -0.23745751 0.003497 1789363836.874218702 76.910 107.663 0.009 0.00000 -1 ACTUAL_TF
23.0419 0.0373196 -1.6883714 0.6562794 -0.45123755 0.74393314 -0.43192956 -0.23745529 0.003505 1789363836.930386543 77.108 107.465 0.002 0.00000 -1 ACTUAL_TF
23.0900 0.0373270 -1.6881789 0.6562896 -0.45123858 0.74392740 -0.43193750 -0.23745686 0.003488 1789363836.986326218 77.300 107.273 0.015 0.00000 -1 ACTUAL_TF
23.1545 0.0373259 -1.6879828 0.6562806 -0.45124202 0.74393241 -0.43192918 -0.23744979 0.003492 1789363837.042376995 77.496 107.077 0.016 0.00000 -1 ACTUAL_TF
23.2013 0.0373165 -1.6877762 0.6562829 -0.45123414 0.74393851 -0.43192847 -0.23744693 0.003552 1789363837.098416090 77.703 106.870 0.013 0.00000 -1 ACTUAL_TF
23.2631 0.0373102 -1.6875945 0.6562859 -0.45123363 0.74394169 -0.43192517 -0.23744396 0.003460 1789363837.154438257 77.885 106.688 0.012 0.00000 -1 ACTUAL_TF
23.3148 0.0373045 -1.6873744 0.6562828 -0.45123949 0.74394363 -0.43191747 -0.23744070 0.003602 1789363837.210449219 78.105 106.468 0.014 0.00000 -1 ACTUAL_TF
23.3766 0.0373032 -1.6871726 0.6562912 -0.45123586 0.74394168 -0.43192417 -0.23744155 0.003607 1789363837.266272306 78.307 106.266 0.017 0.00000 -1 ACTUAL_TF
23.4317 0.0373086 -1.6870057 0.6562947 -0.45123653 0.74394216 -0.43192463 -0.23743795 0.003420 1789363837.322261333 78.474 106.100 0.027 0.00000 -1 ACTUAL_TF
23.4834 0.0372969 -1.6867886 0.6562974 -0.45123587 0.74393922 -0.43192753 -0.23744311 0.003558 1789363837.378287792 78.691 105.882 0.021 0.00000 -1 ACTUAL_TF
23.5360 0.0372958 -1.6866148 0.6563004 -0.45123573 0.74393670 -0.43193133 -0.23744436 0.003419 1789363837.434416533 78.865 105.709 0.025 0.00000 -1 ACTUAL_TF
23.5942 0.0372825 -1.6863911 0.6562982 -0.45123709 0.74394020 -0.43192500 -0.23744234 0.003595 1789363837.490376472 79.089 105.485 0.019 0.00000 -1 ACTUAL_TF
23.6551 0.0372810 -1.6862263 0.6563032 -0.45123173 0.74393979 -0.43193117 -0.23744259 0.003400 1789363837.546359062 79.254 105.320 0.022 0.00000 -1 ACTUAL_TF
23.7070 0.0372733 -1.6860222 0.6563072 -0.45122623 0.74394002 -0.43193546 -0.23744453 0.003476 1789363837.602298260 79.458 105.115 0.020 0.00000 -1 ACTUAL_TF
23.7677 0.0372706 -1.6858464 0.6563067 -0.45123008 0.74394171 -0.43193064 -0.23744066 0.003371 1789363837.658545494 79.634 104.940 0.022 0.00000 -1 ACTUAL_TF
23.8178 0.0372629 -1.6856311 0.6563033 -0.45122802 0.74394629 -0.43192714 -0.23743657 0.003516 1789363837.714457035 79.849 104.724 0.022 0.00000 -1 ACTUAL_TF
23.8770 0.0372505 -1.6854019 0.6562998 -0.45123154 0.74394958 -0.43191871 -0.23743495 0.003686 1789363837.770666838 80.079 104.495 0.021 0.00000 -1 ACTUAL_TF
23.9262 0.0372505 -1.6852244 0.6563039 -0.45122817 0.74395113 -0.43192113 -0.23743207 0.003538 1789363837.826263189 80.256 104.317 0.024 0.00000 -1 ACTUAL_TF
23.9861 0.0372433 -1.6850223 0.6563113 -0.45122238 0.74395162 -0.43192551 -0.23743358 0.003560 1789363837.882341146 80.458 104.115 0.020 0.00000 -1 ACTUAL_TF
24.0394 0.0372403 -1.6848530 0.6563151 -0.45121624 0.74395270 -0.43193049 -0.23743279 0.003397 1789363837.938445807 80.628 103.946 0.022 0.00000 -1 ACTUAL_TF
24.1054 0.0372347 -1.6846436 0.6563221 -0.45121676 0.74394921 -0.43193452 -0.23743542 0.003501 1789363837.994444609 80.837 103.736 0.021 0.00000 -1 ACTUAL_TF
24.1532 0.0372362 -1.6844694 0.6563201 -0.45121866 0.74395096 -0.43193168 -0.23743149 0.003386 1789363838.050306320 81.011 103.562 0.028 0.00000 -1 ACTUAL_TF
24.2106 0.0372259 -1.6842484 0.6563243 -0.45121505 0.74395195 -0.43193324 -0.23743240 0.003555 1789363838.106354952 81.232 103.341 0.024 0.00000 -1 ACTUAL_TF
24.2702 0.0372241 -1.6840488 0.6563378 -0.45120708 0.74394820 -0.43194633 -0.23743550 0.003561 1789363838.162320852 81.432 103.141 0.028 0.00000 -1 ACTUAL_TF
24.3161 0.0372138 -1.6838625 0.6563379 -0.45120853 0.74394998 -0.43194225 -0.23743459 0.003491 1789363838.218402386 81.619 102.955 0.023 0.00000 -1 ACTUAL_TF
24.3775 0.0372063 -1.6836598 0.6563436 -0.45120122 0.74395020 -0.43194840 -0.23743659 0.003533 1789363838.274290323 81.822 102.752 0.022 0.00000 -1 ACTUAL_TF
24.4334 0.0371966 -1.6834960 0.6563489 -0.45119863 0.74394814 -0.43195189 -0.23744164 0.003352 1789363838.330321550 81.986 102.588 0.019 0.00000 -1 ACTUAL_TF
24.4906 0.0371863 -1.6832894 0.6563577 -0.45119558 0.74394565 -0.43195734 -0.23744533 0.003455 1789363838.386378050 82.193 102.381 0.020 0.00000 -1 ACTUAL_TF
24.5520 0.0371889 -1.6831166 0.6563614 -0.45118957 0.74395004 -0.43195879 -0.23744033 0.003343 1789363838.442438841 82.365 102.208 0.026 0.00000 -1 ACTUAL_TF
24.5976 0.0371726 -1.6828813 0.6563578 -0.45119360 0.74395288 -0.43194992 -0.23743990 0.003604 1789363838.498415947 82.601 101.973 0.015 0.00000 -1 ACTUAL_TF
24.6557 0.0371661 -1.6826981 0.6563520 -0.45119618 0.74395738 -0.43194201 -0.23743529 0.003506 1789363838.554385185 82.784 101.789 0.009 0.00000 -1 ACTUAL_TF
24.7192 0.0371641 -1.6824881 0.6563540 -0.45119742 0.74395898 -0.43193986 -0.23743185 0.003578 1789363838.610488653 82.994 101.579 0.013 0.00000 -1 ACTUAL_TF
24.7698 0.0371519 -1.6822657 0.6563474 -0.45119857 0.74396485 -0.43193054 -0.23742822 0.003700 1789363838.666394234 83.217 101.357 0.010 0.00000 -1 ACTUAL_TF
24.8201 0.0371458 -1.6820950 0.6563502 -0.45120009 0.74396241 -0.43193181 -0.23743067 0.003506 1789363838.722318172 83.387 101.186 0.008 0.00000 -1 ACTUAL_TF
24.8780 0.0371399 -1.6818780 0.6563486 -0.45120447 0.74396531 -0.43192394 -0.23742758 0.003610 1789363838.778689623 83.604 100.969 0.012 0.00000 -1 ACTUAL_TF
24.9467 0.0371316 -1.6816960 0.6563506 -0.45120385 0.74396733 -0.43192191 -0.23742613 0.003509 1789363838.834334373 83.787 100.787 0.011 0.00000 -1 ACTUAL_TF
24.9961 0.0371237 -1.6814953 0.6563558 -0.45119942 0.74396689 -0.43192593 -0.23742858 0.003532 1789363838.890389442 83.988 100.586 0.008 0.00000 -1 ACTUAL_TF
25.0442 0.0371164 -1.6813063 0.6563550 -0.45120729 0.74396591 -0.43191953 -0.23742837 0.003485 1789363838.946410179 84.177 100.397 0.012 0.00000 -1 ACTUAL_TF
25.1030 0.0371072 -1.6810897 0.6563503 -0.45121039 0.74396621 -0.43191538 -0.23742907 0.003602 1789363839.002351761 84.393 100.180 0.019 0.00000 -1 ACTUAL_TF
25.1590 0.0371119 -1.6809030 0.6563611 -0.45120754 0.74396405 -0.43192192 -0.23742936 0.003523 1789363839.058421135 84.580 99.993 0.012 0.00000 -1 ACTUAL_TF
25.2251 0.0371061 -1.6807254 0.6563638 -0.45121231 0.74395946 -0.43192284 -0.23743302 0.003416 1789363839.114510059 84.758 99.816 0.011 0.00000 -1 ACTUAL_TF
25.2717 0.0371075 -1.6805137 0.6563641 -0.45121332 0.74396004 -0.43192278 -0.23742940 0.003525 1789363839.170519114 84.969 99.604 0.017 0.00000 -1 ACTUAL_TF
25.3317 0.0371089 -1.6803310 0.6563709 -0.45121662 0.74395523 -0.43192634 -0.23743172 0.003448 1789363839.226451874 85.152 99.422 0.021 0.00000 -1 ACTUAL_TF
25.3842 0.0371035 -1.6801229 0.6563759 -0.45121580 0.74395247 -0.43193086 -0.23743367 0.003529 1789363839.282478333 85.360 99.213 0.020 0.00000 -1 ACTUAL_TF
25.4422 0.0371026 -1.6799373 0.6563727 -0.45122311 0.74395182 -0.43192557 -0.23743146 0.003459 1789363839.338809252 85.546 99.028 0.026 0.00000 -1 ACTUAL_TF
25.4970 0.0371063 -1.6797555 0.6563920 -0.45121860 0.74393951 -0.43194571 -0.23744196 0.003410 1789363839.394273520 85.727 98.846 0.034 0.00000 -1 ACTUAL_TF
25.5564 0.0370975 -1.6795650 0.6563827 -0.45121868 0.74394880 -0.43193372 -0.23743450 0.003405 1789363839.450555086 85.918 98.655 0.030 0.00000 -1 ACTUAL_TF
25.6060 0.0370930 -1.6793474 0.6563827 -0.45122153 0.74394814 -0.43193196 -0.23743435 0.003554 1789363839.506346464 86.136 98.438 0.033 0.00000 -1 ACTUAL_TF
25.6771 0.0370857 -1.6791222 0.6563835 -0.45122319 0.74394688 -0.43193237 -0.23743440 0.003693 1789363839.562406778 86.361 98.212 0.032 0.00000 -1 ACTUAL_TF
25.7301 0.0370837 -1.6789603 0.6563898 -0.45121629 0.74394749 -0.43193830 -0.23743484 0.003450 1789363839.618599176 86.523 98.051 0.034 0.00000 -1 ACTUAL_TF
25.7778 0.0370808 -1.6787441 0.6563913 -0.45121864 0.74394600 -0.43193884 -0.23743405 0.003574 1789363839.674576283 86.739 97.834 0.037 0.00000 -1 ACTUAL_TF
25.8330 0.0370839 -1.6785788 0.6563997 -0.45121506 0.74394561 -0.43194427 -0.23743218 0.003390 1789363839.730482817 86.904 97.669 0.044 0.00000 -1 ACTUAL_TF
25.8962 0.0370682 -1.6783630 0.6564021 -0.45121575 0.74394403 -0.43194379 -0.23743672 0.003535 1789363839.786363602 87.120 97.453 0.035 0.00000 -1 ACTUAL_TF
25.9595 0.0370606 -1.6781854 0.6563986 -0.45121073 0.74395204 -0.43193890 -0.23743003 0.003425 1789363839.842460632 87.298 97.275 0.033 0.00000 -1 ACTUAL_TF
26.0005 0.0370427 -1.6779812 0.6564085 -0.45121642 0.74394090 -0.43194441 -0.23744411 0.003498 1789363839.898432016 87.503 97.070 0.020 0.00000 -1 ACTUAL_TF
26.0612 0.0370257 -1.6777432 0.6564037 -0.45122325 0.74394417 -0.43193238 -0.23744278 0.003727 1789363839.954426765 87.741 96.832 0.013 0.00000 -1 ACTUAL_TF
26.1113 0.0370131 -1.6775752 0.6564054 -0.45121583 0.74394933 -0.43193163 -0.23744206 0.003515 1789363840.010231256 87.910 96.664 0.008 0.00000 -1 ACTUAL_TF
26.1767 0.0370075 -1.6773622 0.6564016 -0.45122302 0.74395061 -0.43192300 -0.23744010 0.003599 1789363840.066374302 88.122 96.451 0.015 0.00000 -1 ACTUAL_TF
26.2331 0.0370020 -1.6771895 0.6564051 -0.45122604 0.74395052 -0.43192029 -0.23743957 0.003444 1789363840.122420549 88.295 96.278 0.013 0.00000 -1 ACTUAL_TF
26.2822 0.0369940 -1.6769720 0.6564022 -0.45123304 0.74395066 -0.43191351 -0.23743817 0.003576 1789363840.178459883 88.513 96.061 0.019 0.00000 -1 ACTUAL_TF
26.3349 0.0369783 -1.6767883 0.6564049 -0.45122844 0.74395498 -0.43191091 -0.23743810 0.003491 1789363840.234472990 88.697 95.876 0.021 0.00000 -1 ACTUAL_TF
26.3935 0.0369752 -1.6765619 0.6564093 -0.45123393 0.74395478 -0.43190665 -0.23743604 0.003661 1789363840.290298939 88.923 95.650 0.018 0.00000 -1 ACTUAL_TF
26.4540 0.0369698 -1.6764054 0.6564174 -0.45122802 0.74395372 -0.43191294 -0.23743913 0.003400 1789363840.346465111 89.080 95.493 0.013 0.00000 -1 ACTUAL_TF
26.5035 0.0369668 -1.6762094 0.6564263 -0.45122550 0.74394998 -0.43192003 -0.23744275 0.003433 1789363840.402387619 89.276 95.297 0.006 0.00000 -1 ACTUAL_TF
26.5663 0.0369604 -1.6759976 0.6564263 -0.45122856 0.74395037 -0.43191641 -0.23744230 0.003538 1789363840.458369255 89.488 95.085 0.008 0.00000 -1 ACTUAL_TF
26.6164 0.0369583 -1.6758230 0.6564302 -0.45122625 0.74395012 -0.43191978 -0.23744135 0.003411 1789363840.514463902 89.663 94.911 0.006 0.00000 -1 ACTUAL_TF
26.6760 0.0369380 -1.6755872 0.6564186 -0.45123082 0.74395579 -0.43190641 -0.23743921 0.003661 1789363840.570276022 89.899 94.675 0.025 0.00000 -1 ACTUAL_TF
26.7282 0.0369371 -1.6754104 0.6564256 -0.45123269 0.74395303 -0.43190846 -0.23744058 0.003510 1789363840.626331568 90.076 94.498 0.019 0.00000 -1 ACTUAL_TF
26.7925 0.0369370 -1.6752001 0.6564239 -0.45123245 0.74395432 -0.43190806 -0.23743774 0.003584 1789363840.682305098 90.286 94.288 0.020 0.00000 -1 ACTUAL_TF
26.8417 0.0369356 -1.6750385 0.6564343 -0.45122992 0.74394888 -0.43191720 -0.23744297 0.003374 1789363840.738454580 90.448 94.126 0.011 0.00000 -1 ACTUAL_TF
26.9065 0.0369366 -1.6748244 0.6564369 -0.45123358 0.74394662 -0.43191758 -0.23744238 0.003507 1789363840.794534922 90.661 93.912 0.012 0.00000 -1 ACTUAL_TF
26.9530 0.0369415 -1.6746229 0.6564482 -0.45122783 0.74394250 -0.43192989 -0.23744384 0.003540 1789363840.850389481 90.863 93.710 0.016 0.00000 -1 ACTUAL_TF
27.0026 0.0369429 -1.6744584 0.6564539 -0.45123036 0.74393844 -0.43193353 -0.23744513 0.003360 1789363840.906379223 91.027 93.546 0.022 0.00000 -1 ACTUAL_TF
27.0629 0.0369350 -1.6742306 0.6564567 -0.45123459 0.74393445 -0.43193427 -0.23744822 0.003571 1789363840.962455273 91.255 93.318 0.021 0.00000 -1 ACTUAL_TF
27.1223 0.0369316 -1.6740479 0.6564636 -0.45123402 0.74393299 -0.43193692 -0.23744909 0.003481 1789363841.018344641 91.438 93.135 0.023 0.00000 -1 ACTUAL_TF
27.1744 0.0369216 -1.6738414 0.6564678 -0.45123142 0.74393352 -0.43193801 -0.23745035 0.003544 1789363841.074379683 91.645 92.929 0.020 0.00000 -1 ACTUAL_TF
27.2374 0.0369161 -1.6736821 0.6564753 -0.45122759 0.74392884 -0.43194674 -0.23745645 0.003335 1789363841.130473375 91.804 92.769 0.022 0.00000 -1 ACTUAL_TF
27.2877 0.0369098 -1.6734745 0.6564795 -0.45122783 0.74392764 -0.43194782 -0.23745775 0.003449 1789363841.186384678 92.012 92.561 0.022 0.00000 -1 ACTUAL_TF
27.3551 0.0369045 -1.6733010 0.6564871 -0.45122706 0.74392310 -0.43195438 -0.23746154 0.003344 1789363841.242417097 92.186 92.388 0.026 0.00000 -1 ACTUAL_TF
27.4062 0.0368913 -1.6730692 0.6564841 -0.45123079 0.74392827 -0.43194376 -0.23745756 0.003583 1789363841.298468590 92.418 92.156 0.017 0.00000 -1 ACTUAL_TF
27.4553 0.0368804 -1.6728640 0.6564920 -0.45122249 0.74392890 -0.43195023 -0.23745961 0.003613 1789363841.354348898 92.623 91.950 0.020 0.00000 -1 ACTUAL_TF
27.5203 0.0368803 -1.6726775 0.6564909 -0.45122690 0.74393224 -0.43194288 -0.23745413 0.003529 1789363841.410314798 92.810 91.764 0.019 0.00000 -1 ACTUAL_TF
27.5662 0.0368723 -1.6724730 0.6564879 -0.45122857 0.74393462 -0.43193781 -0.23745269 0.003567 1789363841.466311216 93.014 91.559 0.013 0.00000 -1 ACTUAL_TF
27.6245 0.0368589 -1.6722777 0.6564830 -0.45122798 0.74394074 -0.43193040 -0.23744813 0.003544 1789363841.522394419 93.210 91.364 0.003 0.00000 -1 ACTUAL_TF
27.6885 0.0368503 -1.6720634 0.6564781 -0.45122930 0.74394765 -0.43192041 -0.23744215 0.003629 1789363841.578461409 93.424 91.149 0.005 0.00000 -1 ACTUAL_TF
27.7420 0.0368411 -1.6718814 0.6564776 -0.45122512 0.74395286 -0.43191749 -0.23743910 0.003519 1789363841.634338617 93.606 90.967 0.009 0.00000 -1 ACTUAL_TF
27.7978 0.0368406 -1.6716755 0.6564847 -0.45121727 0.74395437 -0.43192374 -0.23743789 0.003565 1789363841.690423250 93.812 90.761 0.003 0.00000 -1 ACTUAL_TF
27.8473 0.0368322 -1.6714841 0.6564792 -0.45122519 0.74395650 -0.43191358 -0.23743465 0.003525 1789363841.746295214 94.004 90.570 0.011 0.00000 -1 ACTUAL_TF
27.9096 0.0368349 -1.6712943 0.6564939 -0.45121501 0.74395636 -0.43192490 -0.23743384 0.003483 1789363841.802538633 94.194 90.380 0.005 0.00000 -1 ACTUAL_TF
27.9657 0.0368335 -1.6710824 0.6564943 -0.45121604 0.74395565 -0.43192617 -0.23743179 0.003575 1789363841.858408213 94.405 90.168 0.010 0.00000 -1 ACTUAL_TF
28.0133 0.0368272 -1.6709040 0.6564963 -0.45121202 0.74396194 -0.43192232 -0.23742672 0.003462 1789363841.914271116 94.584 89.990 0.008 0.00000 -1 ACTUAL_TF
28.0768 0.0368259 -1.6707009 0.6565059 -0.45120453 0.74396107 -0.43193091 -0.23742808 0.003510 1789363841.970426321 94.787 89.786 0.014 0.00000 -1 ACTUAL_TF
28.1244 0.0368262 -1.6705085 0.6565042 -0.45120980 0.74396141 -0.43192713 -0.23742386 0.003489 1789363842.026320219 94.979 89.594 0.019 0.00000 -1 ACTUAL_TF
28.1919 0.0368264 -1.6703012 0.6565104 -0.45119959 0.74396546 -0.43193282 -0.23742023 0.003550 1789363842.082464933 95.187 89.387 0.026 0.00000 -1 ACTUAL_TF
28.2440 0.0368291 -1.6701372 0.6565147 -0.45120303 0.74396302 -0.43193392 -0.23741935 0.003366 1789363842.138366461 95.350 89.223 0.033 0.00000 -1 ACTUAL_TF
28.2997 0.0368191 -1.6699169 0.6565090 -0.45120521 0.74396701 -0.43192655 -0.23741610 0.003539 1789363842.194319725 95.571 89.003 0.029 0.00000 -1 ACTUAL_TF
28.3582 0.0368095 -1.6697146 0.6565177 -0.45119840 0.74396675 -0.43193287 -0.23741833 0.003562 1789363842.250408411 95.773 88.800 0.025 0.00000 -1 ACTUAL_TF
28.4108 0.0367980 -1.6695225 0.6565127 -0.45119682 0.74397128 -0.43192752 -0.23741689 0.003525 1789363842.306388378 95.966 88.608 0.019 0.00000 -1 ACTUAL_TF
28.4646 0.0367941 -1.6693163 0.6565182 -0.45119721 0.74396657 -0.43193322 -0.23742054 0.003573 1789363842.362366199 96.172 88.401 0.021 0.00000 -1 ACTUAL_TF
28.5270 0.0367890 -1.6691445 0.6565255 -0.45119544 0.74396379 -0.43193815 -0.23742365 0.003423 1789363842.418322802 96.344 88.229 0.022 0.00000 -1 ACTUAL_TF
28.5766 0.0367840 -1.6689329 0.6565304 -0.45119889 0.74396055 -0.43193903 -0.23742563 0.003533 1789363842.474216461 96.556 88.018 0.023 0.00000 -1 ACTUAL_TF
28.6346 0.0367861 -1.6687590 0.6565346 -0.45119857 0.74396018 -0.43194096 -0.23742392 0.003404 1789363842.530238867 96.729 87.844 0.031 0.00000 -1 ACTUAL_TF
28.6936 0.0367783 -1.6685557 0.6565391 -0.45119919 0.74395649 -0.43194444 -0.23742795 0.003459 1789363842.587009907 96.933 87.640 0.030 0.00000 -1 ACTUAL_TF
28.7485 0.0367630 -1.6683733 0.6565437 -0.45119910 0.74395468 -0.43194504 -0.23743270 0.003413 1789363842.642393827 97.116 87.458 0.022 0.00000 -1 ACTUAL_TF
28.8037 0.0367571 -1.6681813 0.6565601 -0.45119610 0.74394558 -0.43195879 -0.23744190 0.003424 1789363842.698288918 97.308 87.265 0.033 0.00000 -1 ACTUAL_TF
28.8642 0.0367435 -1.6679674 0.6565631 -0.45119666 0.74394284 -0.43195991 -0.23744737 0.003521 1789363842.755471945 97.522 87.051 0.030 0.00000 -1 ACTUAL_TF
28.9098 0.0367387 -1.6677770 0.6565642 -0.45119979 0.74393895 -0.43196188 -0.23745003 0.003506 1789363842.810349703 97.713 86.861 0.029 0.00000 -1 ACTUAL_TF
28.9691 0.0367363 -1.6675713 0.6565655 -0.45120614 0.74393514 -0.43196090 -0.23745168 0.003557 1789363842.866299629 97.918 86.655 0.029 0.00000 -1 ACTUAL_TF
29.0304 0.0367399 -1.6673947 0.6565608 -0.45120964 0.74393800 -0.43195542 -0.23744605 0.003435 1789363842.922420263 98.095 86.479 0.029 0.00000 -1 ACTUAL_TF
29.0859 0.0367270 -1.6671588 0.6565545 -0.45121572 0.74394275 -0.43194276 -0.23744264 0.003671 1789363842.978404760 98.331 86.243 0.019 0.00000 -1 ACTUAL_TF
29.1443 0.0367220 -1.6669774 0.6565495 -0.45121807 0.74394618 -0.43193636 -0.23743908 0.003540 1789363843.034515858 98.512 86.061 0.016 0.00000 -1 ACTUAL_TF
29.1939 0.0367239 -1.6667554 0.6565467 -0.45121941 0.74395178 -0.43193012 -0.23743033 0.003669 1789363843.090440750 98.734 85.839 0.024 0.00000 -1 ACTUAL_TF
29.2511 0.0367170 -1.6665243 0.6565432 -0.45122990 0.74395168 -0.43192051 -0.23742820 0.003810 1789363843.146327496 98.965 85.608 0.026 0.00000 -1 ACTUAL_TF
29.3144 0.0367106 -1.6663567 0.6565447 -0.45122508 0.74395417 -0.43192118 -0.23742835 0.003567 1789363843.202183485 99.133 85.441 0.024 0.00000 -1 ACTUAL_TF
29.3635 0.0367084 -1.6661413 0.6565401 -0.45122857 0.74395746 -0.43191472 -0.23742313 0.003647 1789363843.258395672 99.348 85.225 0.032 0.00000 -1 ACTUAL_TF
29.4159 0.0367018 -1.6659707 0.6565415 -0.45122830 0.74395705 -0.43191559 -0.23742335 0.003468 1789363843.314381599 99.519 85.054 0.031 0.00000 -1 ACTUAL_TF
29.4747 0.0366941 -1.6657378 0.6565349 -0.45123333 0.74396020 -0.43190674 -0.23742002 0.003677 1789363843.370331526 99.752 84.822 0.036 0.00000 -1 ACTUAL_TF
29.5342 0.0366871 -1.6655746 0.6565444 -0.45123075 0.74395692 -0.43191263 -0.23742449 0.003451 1789363843.426345825 99.915 84.658 0.029 0.00000 -1 ACTUAL_TF
29.5817 0.0366782 -1.6653401 0.6565391 -0.45123835 0.74395731 -0.43190499 -0.23742272 0.003675 1789363843.482256174 100.150 84.424 0.034 0.00000 -1 ACTUAL_TF
29.6487 0.0366799 -1.6651560 0.6565532 -0.45123333 0.74395296 -0.43191618 -0.23742554 0.003539 1789363843.539575338 100.334 84.239 0.031 0.00000 -1 ACTUAL_TF
29.6994 0.0366612 -1.6649600 0.6565419 -0.45124743 0.74395450 -0.43189849 -0.23742609 0.003554 1789363843.594522953 100.530 84.043 0.033 0.00000 -1 ACTUAL_TF
29.7583 0.0366526 -1.6647584 0.6565471 -0.45124667 0.74395503 -0.43189821 -0.23742639 0.003570 1789363843.650458336 100.732 83.841 0.029 0.00000 -1 ACTUAL_TF
29.8073 0.0366443 -1.6645748 0.6565482 -0.45124155 0.74395731 -0.43190013 -0.23742548 0.003487 1789363843.706310749 100.916 83.657 0.030 0.00000 -1 ACTUAL_TF
29.8700 0.0366320 -1.6643644 0.6565540 -0.45124513 0.74395398 -0.43189930 -0.23743064 0.003567 1789363843.762469053 101.127 83.447 0.026 0.00000 -1 ACTUAL_TF
29.9211 0.0366265 -1.6642053 0.6565633 -0.45123876 0.74395073 -0.43190902 -0.23743521 0.003353 1789363843.818330050 101.286 83.287 0.018 0.00000 -1 ACTUAL_TF
29.9837 0.0366170 -1.6640010 0.6565721 -0.45123667 0.74394863 -0.43191265 -0.23743919 0.003443 1789363843.874366283 101.490 83.083 0.013 0.00000 -1 ACTUAL_TF
30.0315 0.0366050 -1.6638228 0.6565746 -0.45123387 0.74394846 -0.43191448 -0.23744168 0.003366 1789363843.930443287 101.669 82.904 0.016 0.00000 -1 ACTUAL_TF
30.0893 0.0365979 -1.6636055 0.6565704 -0.45123469 0.74395328 -0.43190864 -0.23743567 0.003521 1789363843.986453056 101.886 82.687 0.022 0.00000 -1 ACTUAL_TF
30.1482 0.0365904 -1.6634010 0.6565826 -0.45123151 0.74394857 -0.43191633 -0.23744249 0.003564 1789363844.042380810 102.091 82.482 0.016 0.00000 -1 ACTUAL_TF
30.1995 0.0365906 -1.6632135 0.6565850 -0.45123054 0.74394714 -0.43192086 -0.23744057 0.003499 1789363844.098412514 102.279 82.295 0.012 0.00000 -1 ACTUAL_TF
30.2567 0.0365828 -1.6630205 0.6566013 -0.45122524 0.74394049 -0.43193321 -0.23744901 0.003487 1789363844.154475927 102.472 82.101 0.011 0.00000 -1 ACTUAL_TF
30.3228 0.0365869 -1.6628592 0.6566084 -0.45122554 0.74393548 -0.43194030 -0.23745125 0.003303 1789363844.210660219 102.633 81.940 0.010 0.00000 -1 ACTUAL_TF
30.3749 0.0365742 -1.6626472 0.6566116 -0.45122655 0.74393358 -0.43194024 -0.23745539 0.003457 1789363844.266349316 102.845 81.728 0.013 0.00000 -1 ACTUAL_TF
30.4268 0.0365630 -1.6624571 0.6566113 -0.45122916 0.74393550 -0.43193472 -0.23745445 0.003441 1789363844.322274685 103.036 81.538 0.015 0.00000 -1 ACTUAL_TF
30.4876 0.0365563 -1.6622479 0.6566147 -0.45121869 0.74394064 -0.43193845 -0.23745146 0.003517 1789363844.378903627 103.245 81.328 0.016 0.00000 -1 ACTUAL_TF
30.5391 0.0365468 -1.6620654 0.6566160 -0.45122463 0.74393955 -0.43193343 -0.23745272 0.003451 1789363844.434369087 103.428 81.146 0.019 0.00000 -1 ACTUAL_TF
30.5951 0.0365411 -1.6618497 0.6566145 -0.45122597 0.74394191 -0.43192915 -0.23745055 0.003569 1789363844.490514755 103.643 80.930 0.018 0.00000 -1 ACTUAL_TF
30.6534 0.0365467 -1.6616466 0.6566194 -0.45122553 0.74394339 -0.43192948 -0.23744616 0.003590 1789363844.546353340 103.846 80.727 0.008 0.00000 -1 ACTUAL_TF
30.7121 0.0365448 -1.6614604 0.6566263 -0.45123058 0.74394059 -0.43192891 -0.23744637 0.003509 1789363844.602435827 104.033 80.541 0.010 0.00000 -1 ACTUAL_TF
30.7623 0.0365462 -1.6612496 0.6566276 -0.45122940 0.74394231 -0.43192910 -0.23744288 0.003588 1789363844.658377171 104.243 80.330 0.010 0.00000 -1 ACTUAL_TF
30.8225 0.0365383 -1.6610708 0.6566327 -0.45122696 0.74394309 -0.43192973 -0.23744390 0.003470 1789363844.714373589 104.422 80.151 0.012 0.00000 -1 ACTUAL_TF
30.8761 0.0365325 -1.6608570 0.6566371 -0.45122861 0.74394299 -0.43192879 -0.23744282 0.003578 1789363844.770237684 104.636 79.937 0.014 0.00000 -1 ACTUAL_TF
30.9374 0.0365246 -1.6606627 0.6566303 -0.45123867 0.74394369 -0.43191809 -0.23744095 0.003542 1789363844.826478481 104.831 79.743 0.004 0.00000 -1 ACTUAL_TF
30.9909 0.0365175 -1.6604428 0.6566278 -0.45123947 0.74394736 -0.43191272 -0.23743772 0.003660 1789363844.882425308 105.050 79.523 0.001 0.00000 -1 ACTUAL_TF
31.0410 0.0365125 -1.6602405 0.6566342 -0.45123425 0.74395053 -0.43191382 -0.23743569 0.003644 1789363844.938548088 105.253 79.320 0.003 0.00000 -1 ACTUAL_TF
31.1008 0.0365108 -1.6600746 0.6566392 -0.45123314 0.74394847 -0.43191792 -0.23743680 0.003441 1789363844.994469881 105.419 79.155 0.007 0.00000 -1 ACTUAL_TF
31.1512 0.0364946 -1.6598314 0.6566287 -0.45123801 0.74395595 -0.43190290 -0.23743143 0.003718 1789363845.050398350 105.662 78.911 0.010 0.00000 -1 ACTUAL_TF
31.2124 0.0364904 -1.6596727 0.6566365 -0.45123263 0.74395432 -0.43191007 -0.23743374 0.003453 1789363845.106452227 105.821 78.752 0.006 0.00000 -1 ACTUAL_TF
31.2726 0.0364853 -1.6594585 0.6566370 -0.45123498 0.74395486 -0.43190772 -0.23743182 0.003565 1789363845.162415028 106.035 78.538 0.006 0.00000 -1 ACTUAL_TF
31.3253 0.0364889 -1.6592948 0.6566423 -0.45123052 0.74395492 -0.43191286 -0.23743078 0.003373 1789363845.218457699 106.199 78.374 0.004 0.00000 -1 ACTUAL_TF
31.3821 0.0364816 -1.6590844 0.6566486 -0.45122780 0.74395308 -0.43191744 -0.23743337 0.003488 1789363845.274545193 106.410 78.164 0.004 0.00000 -1 ACTUAL_TF
31.4312 0.0364763 -1.6589000 0.6566507 -0.45122567 0.74395346 -0.43191945 -0.23743259 0.003432 1789363845.330423355 106.594 77.979 0.003 0.00000 -1 ACTUAL_TF
31.4924 0.0364651 -1.6587051 0.6566613 -0.45121943 0.74395061 -0.43192766 -0.23743845 0.003449 1789363845.386474609 106.789 77.784 0.011 0.00000 -1 ACTUAL_TF
31.5484 0.0364620 -1.6584788 0.6566588 -0.45122178 0.74395661 -0.43191891 -0.23743111 0.003628 1789363845.442410707 107.015 77.558 0.005 0.00000 -1 ACTUAL_TF
31.5997 0.0364568 -1.6583224 0.6566715 -0.45121179 0.74395335 -0.43193238 -0.23743577 0.003380 1789363845.498469353 107.172 77.401 0.016 0.00000 -1 ACTUAL_TF
31.6629 0.0364542 -1.6581151 0.6566774 -0.45120950 0.74394901 -0.43194034 -0.23743927 0.003478 1789363845.554399729 107.380 77.194 0.019 0.00000 -1 ACTUAL_TF
31.7158 0.0364536 -1.6579456 0.6566870 -0.45120924 0.74394524 -0.43194606 -0.23744117 0.003345 1789363845.610364676 107.549 77.024 0.028 0.00000 -1 ACTUAL_TF
31.7667 0.0364431 -1.6577109 0.6566814 -0.45120969 0.74394875 -0.43194104 -0.23743843 0.003602 1789363845.666290998 107.784 76.789 0.018 0.00000 -1 ACTUAL_TF
31.8268 0.0364532 -1.6575555 0.6566956 -0.45120341 0.74394221 -0.43195759 -0.23744075 0.003359 1789363845.722279072 107.939 76.634 0.035 0.00000 -1 ACTUAL_TF
31.8907 0.0364488 -1.6573317 0.6566980 -0.45120686 0.74394307 -0.43195431 -0.23743747 0.003549 1789363845.778351784 108.163 76.410 0.036 0.00000 -1 ACTUAL_TF
31.9448 0.0364441 -1.6571118 0.6566955 -0.45120403 0.74394667 -0.43195251 -0.23743483 0.003660 1789363845.834514618 108.383 76.191 0.033 0.00000 -1 ACTUAL_TF
31.9970 0.0364400 -1.6569391 0.6566974 -0.45120301 0.74394773 -0.43195255 -0.23743339 0.003491 1789363845.890304565 108.556 76.018 0.033 0.00000 -1 ACTUAL_TF
32.0459 0.0364358 -1.6567199 0.6566913 -0.45120551 0.74395480 -0.43194195 -0.23742578 0.003616 1789363845.946402311 108.775 75.799 0.029 0.00000 -1 ACTUAL_TF
32.1042 0.0364284 -1.6565314 0.6566902 -0.45120921 0.74395493 -0.43193831 -0.23742497 0.003543 1789363846.002351999 108.963 75.610 0.026 0.00000 -1 ACTUAL_TF
32.1636 0.0364231 -1.6563077 0.6566861 -0.45121680 0.74395666 -0.43192914 -0.23742179 0.003680 1789363846.058293104 109.187 75.386 0.024 0.00000 -1 ACTUAL_TF
32.2192 0.0364164 -1.6561219 0.6566876 -0.45121543 0.74395766 -0.43192895 -0.23742161 0.003569 1789363846.114460707 109.373 75.200 0.023 0.00000 -1 ACTUAL_TF
32.2729 0.0364138 -1.6559077 0.6566879 -0.45121428 0.74395810 -0.43193015 -0.23742023 0.003647 1789363846.170406103 109.587 74.986 0.026 0.00000 -1 ACTUAL_TF
32.3272 0.0364098 -1.6557489 0.6566955 -0.45121093 0.74395297 -0.43193909 -0.23742641 0.003406 1789363846.226355791 109.746 74.827 0.028 0.00000 -1 ACTUAL_TF
32.3800 0.0364025 -1.6555404 0.6567016 -0.45120724 0.74395282 -0.43194210 -0.23742841 0.003502 1789363846.282348394 109.955 74.619 0.028 0.00000 -1 ACTUAL_TF
32.4388 0.0363942 -1.6553125 0.6566964 -0.45121829 0.74395344 -0.43193044 -0.23742668 0.003675 1789363846.338280439 110.183 74.391 0.024 0.00000 -1 ACTUAL_TF
32.5003 0.0363828 -1.6551250 0.6566956 -0.45121502 0.74395782 -0.43192726 -0.23742496 0.003576 1789363846.394417524 110.370 74.203 0.018 0.00000 -1 ACTUAL_TF
32.5508 0.0363821 -1.6549394 0.6567144 -0.45120700 0.74394949 -0.43194565 -0.23743286 0.003504 1789363846.450355291 110.556 74.017 0.028 0.00000 -1 ACTUAL_TF
32.6086 0.0363708 -1.6547484 0.6567054 -0.45121530 0.74395462 -0.43193019 -0.23742911 0.003478 1789363846.506407022 110.747 73.826 0.017 0.00000 -1 ACTUAL_TF
32.6692 0.0363655 -1.6545357 0.6567080 -0.45121178 0.74395764 -0.43193023 -0.23742630 0.003577 1789363846.562292099 110.960 73.613 0.018 0.00000 -1 ACTUAL_TF
32.7374 0.0363577 -1.6543610 0.6567094 -0.45120906 0.74395737 -0.43193241 -0.23742832 0.003439 1789363846.618376017 111.135 73.438 0.015 0.00000 -1 ACTUAL_TF
32.7858 0.0363556 -1.6541573 0.6567184 -0.45120949 0.74395258 -0.43193836 -0.23743170 0.003498 1789363846.674458742 111.339 73.235 0.021 0.00000 -1 ACTUAL_TF
32.8343 0.0363612 -1.6539466 0.6567182 -0.45121011 0.74395312 -0.43193914 -0.23742741 0.003576 1789363846.730549574 111.549 73.024 0.031 0.00000 -1 ACTUAL_TF
32.8920 0.0363491 -1.6537749 0.6567229 -0.45120707 0.74395314 -0.43194051 -0.23743062 0.003431 1789363846.786223412 111.721 72.852 0.025 0.00000 -1 ACTUAL_TF
32.9517 0.0363496 -1.6535707 0.6567300 -0.45119470 0.74395493 -0.43195099 -0.23742946 0.003489 1789363846.842630386 111.925 72.648 0.033 0.00000 -1 ACTUAL_TF
33.0011 0.0363422 -1.6533744 0.6567233 -0.45121242 0.74395201 -0.43193752 -0.23742944 0.003496 1789363846.898581982 112.122 72.452 0.028 0.00000 -1 ACTUAL_TF
33.0638 0.0363427 -1.6531847 0.6567365 -0.45120675 0.74394781 -0.43194887 -0.23743272 0.003464 1789363846.954649925 112.311 72.262 0.037 0.00000 -1 ACTUAL_TF
33.1112 0.0363307 -1.6530088 0.6567434 -0.45120588 0.74394418 -0.43195274 -0.23743871 0.003375 1789363847.010371208 112.488 72.086 0.034 0.00000 -1 ACTUAL_TF
33.1669 0.0363291 -1.6528075 0.6567507 -0.45120764 0.74393747 -0.43195975 -0.23744364 0.003441 1789363847.066417456 112.689 71.884 0.040 0.00000 -1 ACTUAL_TF
33.2283 0.0363208 -1.6526287 0.6567590 -0.45120669 0.74393270 -0.43196583 -0.23744932 0.003369 1789363847.122380257 112.868 71.705 0.042 0.00000 -1 ACTUAL_TF
33.2874 0.0363124 -1.6524203 0.6567656 -0.45120866 0.74392907 -0.43196790 -0.23745316 0.003475 1789363847.178437710 113.077 71.497 0.044 0.00000 -1 ACTUAL_TF
33.3369 0.0363070 -1.6522034 0.6567643 -0.45121437 0.74392749 -0.43196454 -0.23745340 0.003595 1789363847.234428644 113.294 71.280 0.041 0.00000 -1 ACTUAL_TF
33.4009 0.0362996 -1.6520127 0.6567593 -0.45122281 0.74392911 -0.43195456 -0.23745044 0.003540 1789363847.290367603 113.484 71.089 0.034 0.00000 -1 ACTUAL_TF
33.4505 0.0362945 -1.6518016 0.6567572 -0.45122443 0.74393123 -0.43195061 -0.23744792 0.003608 1789363847.346460104 113.695 70.878 0.032 0.00000 -1 ACTUAL_TF
33.5064 0.0362765 -1.6516083 0.6567466 -0.45122851 0.74393767 -0.43193667 -0.23744535 0.003565 1789363847.402559280 113.889 70.684 0.014 0.00000 -1 ACTUAL_TF
33.5631 0.0362653 -1.6513981 0.6567469 -0.45122790 0.74393884 -0.43193501 -0.23744585 0.003625 1789363847.458446503 114.099 70.474 0.008 0.00000 -1 ACTUAL_TF
33.6263 0.0362595 -1.6512156 0.6567494 -0.45122490 0.74394087 -0.43193539 -0.23744450 0.003515 1789363847.514505148 114.282 70.291 0.008 0.00000 -1 ACTUAL_TF
33.6775 0.0362402 -1.6509961 0.6567416 -0.45122671 0.74394482 -0.43192669 -0.23744452 0.003644 1789363847.570394754 114.502 70.071 0.009 0.00000 -1 ACTUAL_TF
33.7290 0.0362308 -1.6508037 0.6567379 -0.45123493 0.74394544 -0.43191788 -0.23744296 0.003585 1789363847.626282692 114.694 69.879 0.016 0.00000 -1 ACTUAL_TF
33.7953 0.0362258 -1.6506025 0.6567388 -0.45122663 0.74395150 -0.43191818 -0.23743922 0.003585 1789363847.682432890 114.896 69.678 0.017 0.00000 -1 ACTUAL_TF
33.8462 0.0362196 -1.6504026 0.6567509 -0.45122514 0.74394561 -0.43192669 -0.23744500 0.003582 1789363847.738439798 115.096 69.478 0.011 0.00000 -1 ACTUAL_TF
33.8971 0.0362067 -1.6502014 0.6567346 -0.45123463 0.74395421 -0.43190646 -0.23743683 0.003594 1789363847.794300795 115.297 69.276 0.029 0.00000 -1 ACTUAL_TF
33.9583 0.0362000 -1.6499789 0.6567413 -0.45123044 0.74395408 -0.43191004 -0.23743870 0.003704 1789363847.850520611 115.520 69.054 0.026 0.00000 -1 ACTUAL_TF
34.0106 0.0361889 -1.6498098 0.6567449 -0.45122415 0.74395494 -0.43191379 -0.23744114 0.003501 1789363847.906504154 115.689 68.884 0.029 0.00000 -1 ACTUAL_TF
34.0741 0.0361817 -1.6495973 0.6567444 -0.45122549 0.74395599 -0.43191116 -0.23744006 0.003590 1789363847.962538719 115.902 68.672 0.032 0.00000 -1 ACTUAL_TF
34.1190 0.0361855 -1.6494294 0.6567434 -0.45122639 0.74395705 -0.43191070 -0.23743588 0.003414 1789363848.018440008 116.070 68.504 0.029 0.00000 -1 ACTUAL_TF
34.1776 0.0361808 -1.6492299 0.6567537 -0.45122138 0.74395554 -0.43191704 -0.23743860 0.003461 1789363848.074409723 116.269 68.304 0.022 0.00000 -1 ACTUAL_TF
34.2357 0.0361664 -1.6490278 0.6567640 -0.45121831 0.74394938 -0.43192608 -0.23744728 0.003511 1789363848.130328894 116.472 68.102 0.025 0.00000 -1 ACTUAL_TF
34.2934 0.0361619 -1.6488158 0.6567590 -0.45122264 0.74395314 -0.43191768 -0.23744257 0.003593 1789363848.186367750 116.684 67.890 0.027 0.00000 -1 ACTUAL_TF
34.3448 0.0361600 -1.6486120 0.6567648 -0.45122402 0.74394878 -0.43192233 -0.23744515 0.003608 1789363848.242329597 116.887 67.686 0.022 0.00000 -1 ACTUAL_TF
34.4015 0.0361580 -1.6484479 0.6567723 -0.45121742 0.74394663 -0.43193101 -0.23744862 0.003405 1789363848.298392773 117.052 67.522 0.017 0.00000 -1 ACTUAL_TF
34.4547 0.0361627 -1.6482421 0.6567723 -0.45122243 0.74394568 -0.43192856 -0.23744655 0.003487 1789363848.354349136 117.257 67.316 0.011 0.00000 -1 ACTUAL_TF
34.5163 0.0361691 -1.6480647 0.6567725 -0.45122620 0.74394367 -0.43192982 -0.23744338 0.003387 1789363848.410632849 117.434 67.139 0.014 0.00000 -1 ACTUAL_TF
34.5665 0.0361581 -1.6478546 0.6567770 -0.45122576 0.74394139 -0.43193178 -0.23744780 0.003502 1789363848.466439009 117.645 66.929 0.010 0.00000 -1 ACTUAL_TF
34.6300 0.0361539 -1.6476536 0.6567761 -0.45122823 0.74394313 -0.43192800 -0.23744453 0.003528 1789363848.522453308 117.846 66.728 0.014 0.00000 -1 ACTUAL_TF
34.6784 0.0361469 -1.6474497 0.6567811 -0.45122589 0.74394208 -0.43193089 -0.23744701 0.003565 1789363848.578337431 118.050 66.524 0.011 0.00000 -1 ACTUAL_TF
34.7390 0.0361414 -1.6472361 0.6567876 -0.45122749 0.74393963 -0.43193277 -0.23744824 0.003640 1789363848.634409904 118.264 66.310 0.008 0.00000 -1 ACTUAL_TF
34.7933 0.0361330 -1.6470668 0.6567909 -0.45122191 0.74393779 -0.43193962 -0.23745213 0.003457 1789363848.690336943 118.433 66.140 0.006 0.00000 -1 ACTUAL_TF
34.8552 0.0361296 -1.6468498 0.6567894 -0.45122500 0.74394220 -0.43193151 -0.23744721 0.003583 1789363848.746326923 118.650 65.923 0.011 0.00000 -1 ACTUAL_TF
34.9071 0.0361368 -1.6466889 0.6567985 -0.45121923 0.74393847 -0.43194405 -0.23744703 0.003372 1789363848.802377224 118.811 65.763 0.014 0.00000 -1 ACTUAL_TF
34.9673 0.0361244 -1.6464513 0.6567917 -0.45122548 0.74394503 -0.43192919 -0.23744164 0.003631 1789363848.858583450 119.048 65.525 0.016 0.00000 -1 ACTUAL_TF
35.0178 0.0361136 -1.6462540 0.6567856 -0.45122604 0.74395014 -0.43192190 -0.23743783 0.003604 1789363848.914405107 119.246 65.327 0.022 0.00000 -1 ACTUAL_TF
35.0748 0.0361097 -1.6460344 0.6567791 -0.45122782 0.74395412 -0.43191613 -0.23743247 0.003702 1789363848.970267534 119.465 65.108 0.032 0.00000 -1 ACTUAL_TF
35.1356 0.0361121 -1.6458357 0.6567822 -0.45122728 0.74395438 -0.43191716 -0.23743080 0.003654 1789363849.026407003 119.664 64.909 0.033 0.00000 -1 ACTUAL_TF
35.1846 0.0360972 -1.6456541 0.6567838 -0.45122981 0.74395180 -0.43191618 -0.23743585 0.003535 1789363849.082365990 119.846 64.727 0.031 0.00000 -1 ACTUAL_TF
35.2473 0.0360915 -1.6454248 0.6567755 -0.45123248 0.74395958 -0.43190489 -0.23742695 0.003695 1789363849.138759851 120.075 64.498 0.043 0.00000 -1 ACTUAL_TF
35.2994 0.0360846 -1.6452574 0.6567822 -0.45122535 0.74395873 -0.43191240 -0.23742950 0.003490 1789363849.194414854 120.243 64.331 0.038 0.00000 -1 ACTUAL_TF
35.3529 0.0360872 -1.6450274 0.6567855 -0.45122774 0.74395888 -0.43191172 -0.23742574 0.003678 1789363849.250301600 120.473 64.101 0.039 0.00000 -1 ACTUAL_TF
35.4066 0.0360891 -1.6448471 0.6567861 -0.45123315 0.74395580 -0.43191143 -0.23742562 0.003539 1789363849.306409359 120.653 63.921 0.044 0.00000 -1 ACTUAL_TF
35.4719 0.0360991 -1.6446348 0.6567888 -0.45123489 0.74395780 -0.43191053 -0.23741769 0.003614 1789363849.362510681 120.865 63.709 0.053 0.00000 -1 ACTUAL_TF
35.5224 0.0360893 -1.6444675 0.6567956 -0.45123048 0.74395531 -0.43191625 -0.23742349 0.003428 1789363849.418489695 121.032 63.541 0.046 0.00000 -1 ACTUAL_TF
35.5823 0.0360829 -1.6442502 0.6567935 -0.45123290 0.74396117 -0.43190716 -0.23741702 0.003568 1789363849.474318504 121.250 63.324 0.049 0.00000 -1 ACTUAL_TF
35.6342 0.0360749 -1.6440373 0.6567956 -0.45123714 0.74395594 -0.43190939 -0.23742131 0.003640 1789363849.530301571 121.463 63.111 0.049 0.00000 -1 ACTUAL_TF
35.6922 0.0360735 -1.6438611 0.6568034 -0.45123107 0.74395653 -0.43191480 -0.23742114 0.003493 1789363849.586283207 121.639 62.934 0.047 0.00000 -1 ACTUAL_TF
35.7546 0.0360657 -1.6436695 0.6568200 -0.45122594 0.74394733 -0.43193011 -0.23743189 0.003474 1789363849.642372370 121.831 62.742 0.036 0.00000 -1 ACTUAL_TF
35.8041 0.0360577 -1.6434871 0.6568239 -0.45122759 0.74394643 -0.43192930 -0.23743302 0.003409 1789363849.698428631 122.014 62.560 0.033 0.00000 -1 ACTUAL_TF
35.8597 0.0360568 -1.6433038 0.6568416 -0.45122363 0.74393894 -0.43194291 -0.23743927 0.003375 1789363849.754328966 122.197 62.376 0.032 0.00000 -1 ACTUAL_TF
35.9070 0.0360428 -1.6431210 0.6568444 -0.45122447 0.74393970 -0.43193926 -0.23744193 0.003343 1789363849.810402632 122.380 62.193 0.023 0.00000 -1 ACTUAL_TF
35.9643 0.0360324 -1.6429170 0.6568525 -0.45122447 0.74393494 -0.43194396 -0.23744830 0.003437 1789363849.866356850 122.584 61.989 0.018 0.00000 -1 ACTUAL_TF
36.0248 0.0360331 -1.6427134 0.6568632 -0.45121914 0.74393127 -0.43195455 -0.23745067 0.003498 1789363849.922341347 122.788 61.785 0.027 0.00000 -1 ACTUAL_TF
36.0855 0.0360208 -1.6425304 0.6568677 -0.45122103 0.74392682 -0.43195710 -0.23745636 0.003427 1789363849.978599548 122.971 61.602 0.022 0.00000 -1 ACTUAL_TF
36.1355 0.0360129 -1.6423222 0.6568725 -0.45121537 0.74392877 -0.43195974 -0.23745621 0.003520 1789363850.034374237 123.180 61.394 0.022 0.00000 -1 ACTUAL_TF
36.1947 0.0360132 -1.6421635 0.6568820 -0.45121778 0.74392344 -0.43196442 -0.23745983 0.003316 1789363850.090355635 123.338 61.235 0.031 0.00000 -1 ACTUAL_TF
36.2584 0.0360104 -1.6419596 0.6568883 -0.45120310 0.74392984 -0.43197138 -0.23745500 0.003413 1789363850.146415234 123.542 61.031 0.036 0.00000 -1 ACTUAL_TF
36.3056 0.0359962 -1.6417601 0.6568783 -0.45122105 0.74392876 -0.43195457 -0.23745488 0.003462 1789363850.202399254 123.742 60.831 0.021 0.00000 -1 ACTUAL_TF
36.3670 0.0359869 -1.6415350 0.6568769 -0.45121582 0.74393574 -0.43195033 -0.23745064 0.003632 1789363850.258324623 123.967 60.606 0.016 0.00000 -1 ACTUAL_TF
36.4140 0.0359836 -1.6413432 0.6568697 -0.45121945 0.74394134 -0.43194072 -0.23744371 0.003571 1789363850.314335108 124.159 60.414 0.015 0.00000 -1 ACTUAL_TF
36.4719 0.0359814 -1.6411315 0.6568699 -0.45121706 0.74394574 -0.43193824 -0.23743895 0.003632 1789363850.370436192 124.371 60.203 0.018 0.00000 -1 ACTUAL_TF
36.5313 0.0359793 -1.6409099 0.6568633 -0.45122092 0.74394949 -0.43193067 -0.23743364 0.003733 1789363850.426307917 124.592 59.981 0.025 0.00000 -1 ACTUAL_TF
36.5917 0.0359797 -1.6407349 0.6568660 -0.45122169 0.74394817 -0.43193256 -0.23743287 0.003550 1789363850.482338667 124.767 59.806 0.030 0.00000 -1 ACTUAL_TF
36.6430 0.0359769 -1.6405094 0.6568602 -0.45123070 0.74395096 -0.43192163 -0.23742688 0.003693 1789363850.538371563 124.993 59.581 0.037 0.00000 -1 ACTUAL_TF
36.7005 0.0359612 -1.6403364 0.6568685 -0.45122355 0.74395221 -0.43192481 -0.23743078 0.003516 1789363850.594380140 125.166 59.407 0.025 0.00000 -1 ACTUAL_TF
36.7482 0.0359543 -1.6401240 0.6568692 -0.45122446 0.74395119 -0.43192492 -0.23743204 0.003602 1789363850.650281668 125.378 59.195 0.025 0.00000 -1 ACTUAL_TF
36.8052 0.0359441 -1.6399433 0.6568751 -0.45122836 0.74394780 -0.43192462 -0.23743581 0.003491 1789363850.706325293 125.559 59.014 0.019 0.00000 -1 ACTUAL_TF
36.8671 0.0359356 -1.6397171 0.6568705 -0.45123016 0.74395386 -0.43191531 -0.23743032 0.003653 1789363850.762480974 125.786 58.788 0.023 0.00000 -1 ACTUAL_TF
36.9236 0.0359221 -1.6395047 0.6568744 -0.45123382 0.74395117 -0.43191361 -0.23743490 0.003698 1789363850.818480968 125.999 58.575 0.019 0.00000 -1 ACTUAL_TF
36.9808 0.0359192 -1.6393343 0.6568760 -0.45123178 0.74395611 -0.43190994 -0.23742996 0.003501 1789363850.874487162 126.169 58.404 0.020 0.00000 -1 ACTUAL_TF
37.0291 0.0359151 -1.6391140 0.6568776 -0.45123679 0.74395468 -0.43190788 -0.23742866 0.003633 1789363850.930386543 126.389 58.184 0.022 0.00000 -1 ACTUAL_TF
37.0905 0.0359042 -1.6389424 0.6568808 -0.45122759 0.74395937 -0.43191023 -0.23742717 0.003466 1789363850.986302137 126.561 58.012 0.019 0.00000 -1 ACTUAL_TF
37.1423 0.0358931 -1.6387136 0.6568799 -0.45123393 0.74395922 -0.43190314 -0.23742850 0.003651 1789363851.042401314 126.790 57.783 0.022 0.00000 -1 ACTUAL_TF
37.2065 0.0358841 -1.6385520 0.6568894 -0.45122205 0.74396011 -0.43191287 -0.23743059 0.003424 1789363851.098456144 126.952 57.621 0.016 0.00000 -1 ACTUAL_TF
37.2559 0.0358679 -1.6383489 0.6568941 -0.45122410 0.74395519 -0.43191475 -0.23743872 0.003488 1789363851.154494762 127.156 57.418 0.020 0.00000 -1 ACTUAL_TF
37.3181 0.0358649 -1.6381752 0.6568975 -0.45122352 0.74395463 -0.43191708 -0.23743734 0.003373 1789363851.210445642 127.329 57.244 0.017 0.00000 -1 ACTUAL_TF
37.3695 0.0358431 -1.6379535 0.6569003 -0.45122284 0.74395546 -0.43191424 -0.23744119 0.003556 1789363851.266402245 127.552 57.022 0.031 0.00000 -1 ACTUAL_TF
37.4304 0.0358377 -1.6377458 0.6569073 -0.45122117 0.74395383 -0.43191792 -0.23744275 0.003603 1789363851.322375298 127.759 56.814 0.029 0.00000 -1 ACTUAL_TF
37.4824 0.0358367 -1.6375922 0.6569205 -0.45121574 0.74394770 -0.43193046 -0.23744946 0.003347 1789363851.378455162 127.913 56.660 0.025 0.00000 -1 ACTUAL_TF
37.5345 0.0358395 -1.6373931 0.6569337 -0.45120875 0.74394391 -0.43194334 -0.23745119 0.003413 1789363851.434372902 128.112 56.461 0.022 0.00000 -1 ACTUAL_TF
37.5981 0.0358283 -1.6372146 0.6569405 -0.45121006 0.74393874 -0.43194759 -0.23745720 0.003349 1789363851.490325928 128.291 56.282 0.029 0.00000 -1 ACTUAL_TF
37.6508 0.0358183 -1.6369966 0.6569394 -0.45120944 0.74394076 -0.43194462 -0.23745744 0.003511 1789363851.546443224 128.509 56.064 0.030 0.00000 -1 ACTUAL_TF
37.7041 0.0358227 -1.6368369 0.6569525 -0.45120694 0.74393603 -0.43195435 -0.23745929 0.003318 1789363851.602370024 128.669 55.905 0.032 0.00000 -1 ACTUAL_TF
37.7636 0.0358085 -1.6366125 0.6569537 -0.45120741 0.74393501 -0.43195407 -0.23746210 0.003526 1789363851.658408880 128.894 55.680 0.035 0.00000 -1 ACTUAL_TF
37.8166 0.0358024 -1.6364489 0.6569642 -0.45120082 0.74393496 -0.43195984 -0.23746430 0.003347 1789363851.714377403 129.057 55.516 0.042 0.00000 -1 ACTUAL_TF
37.8759 0.0357970 -1.6362066 0.6569530 -0.45121175 0.74394185 -0.43194160 -0.23745513 0.003642 1789363851.770417929 129.300 55.274 0.031 0.00000 -1 ACTUAL_TF
37.9241 0.0358020 -1.6360058 0.6569570 -0.45121355 0.74394166 -0.43194176 -0.23745202 0.003627 1789363851.826362133 129.500 55.073 0.025 0.00000 -1 ACTUAL_TF
37.9860 0.0357900 -1.6358107 0.6569452 -0.45122013 0.74394752 -0.43192694 -0.23744810 0.003588 1789363851.882343769 129.695 54.878 0.021 0.00000 -1 ACTUAL_TF
38.0450 0.0357943 -1.6355957 0.6569454 -0.45122409 0.74394910 -0.43192311 -0.23744261 0.003661 1789363851.938479185 129.910 54.663 0.010 0.00000 -1 ACTUAL_TF
38.0961 0.0357994 -1.6354075 0.6569443 -0.45123306 0.74394692 -0.43191986 -0.23743828 0.003570 1789363851.994573593 130.098 54.475 0.001 0.00000 -1 ACTUAL_TF
38.1542 0.0357944 -1.6351859 0.6569456 -0.45123018 0.74395138 -0.43191726 -0.23743450 0.003692 1789363852.050291538 130.320 54.254 0.003 0.00000 -1 ACTUAL_TF
38.2076 0.0357880 -1.6350123 0.6569451 -0.45123006 0.74395164 -0.43191641 -0.23743550 0.003513 1789363852.106397867 130.493 54.080 0.004 0.00000 -1 ACTUAL_TF
38.2700 0.0357897 -1.6347941 0.6569478 -0.45123059 0.74395296 -0.43191592 -0.23743121 0.003628 1789363852.162407637 130.712 53.862 0.010 0.00000 -1 ACTUAL_TF
38.3202 0.0357874 -1.6345837 0.6569464 -0.45122716 0.74395793 -0.43191394 -0.23742575 0.003668 1789363852.218331099 130.922 53.652 0.015 0.00000 -1 ACTUAL_TF
38.3801 0.0357781 -1.6344028 0.6569490 -0.45123050 0.74395591 -0.43191277 -0.23742786 0.003538 1789363852.274355412 131.103 53.470 0.011 0.00000 -1 ACTUAL_TF
38.4378 0.0357740 -1.6341799 0.6569493 -0.45122953 0.74396030 -0.43190917 -0.23742251 0.003670 1789363852.330422878 131.326 53.247 0.015 0.00000 -1 ACTUAL_TF
38.5023 0.0357729 -1.6339911 0.6569497 -0.45123272 0.74396047 -0.43190718 -0.23741954 0.003580 1789363852.386436939 131.515 53.059 0.019 0.00000 -1 ACTUAL_TF
38.5501 0.0357739 -1.6337859 0.6569594 -0.45122832 0.74396174 -0.43191067 -0.23741756 0.003605 1789363852.442527294 131.720 52.854 0.023 0.00000 -1 ACTUAL_TF
38.5995 0.0357758 -1.6336189 0.6569650 -0.45122534 0.74396164 -0.43191446 -0.23741666 0.003422 1789363852.498312950 131.887 52.687 0.029 0.00000 -1 ACTUAL_TF
38.6649 0.0357659 -1.6334041 0.6569716 -0.45122475 0.74396026 -0.43191632 -0.23741872 0.003546 1789363852.554438114 132.102 52.472 0.025 0.00000 -1 ACTUAL_TF
38.7167 0.0357508 -1.6332198 0.6569730 -0.45122455 0.74396148 -0.43191379 -0.23741988 0.003476 1789363852.610250235 132.286 52.287 0.015 0.00000 -1 ACTUAL_TF
38.7655 0.0357518 -1.6330211 0.6569872 -0.45121620 0.74395844 -0.43192632 -0.23742250 0.003498 1789363852.666346550 132.485 52.088 0.026 0.00000 -1 ACTUAL_TF
38.8260 0.0357460 -1.6328260 0.6569960 -0.45121259 0.74395476 -0.43193468 -0.23742566 0.003487 1789363852.722796917 132.680 51.893 0.029 0.00000 -1 ACTUAL_TF
38.8851 0.0357380 -1.6326354 0.6569965 -0.45121184 0.74395728 -0.43193204 -0.23742399 0.003472 1789363852.778337955 132.871 51.702 0.026 0.00000 -1 ACTUAL_TF
38.9337 0.0357348 -1.6324250 0.6570049 -0.45121352 0.74395019 -0.43193914 -0.23743009 0.003555 1789363852.834485292 133.082 51.492 0.032 0.00000 -1 ACTUAL_TF
38.9978 0.0357333 -1.6322611 0.6570111 -0.45120813 0.74394821 -0.43194750 -0.23743133 0.003368 1789363852.890467167 133.246 51.328 0.037 0.00000 -1 ACTUAL_TF
39.0474 0.0357284 -1.6320601 0.6570167 -0.45120376 0.74394487 -0.43195596 -0.23743474 0.003439 1789363852.946264744 133.447 51.127 0.040 0.00000 -1 ACTUAL_TF
39.1080 0.0357278 -1.6318843 0.6570235 -0.45120526 0.74394075 -0.43196012 -0.23743722 0.003346 1789363853.002438784 133.623 50.951 0.047 0.00000 -1 ACTUAL_TF
39.1661 0.0357176 -1.6316733 0.6570297 -0.45120517 0.74393691 -0.43196434 -0.23744173 0.003476 1789363853.058359385 133.834 50.740 0.047 0.00000 -1 ACTUAL_TF
39.2160 0.0357091 -1.6314586 0.6570292 -0.45120656 0.74393543 -0.43196346 -0.23744534 0.003581 1789363853.114550591 134.049 50.525 0.043 0.00000 -1 ACTUAL_TF
39.2754 0.0357010 -1.6312642 0.6570240 -0.45121654 0.74393693 -0.43195207 -0.23744238 0.003551 1789363853.170426130 134.243 50.330 0.035 0.00000 -1 ACTUAL_TF
39.3254 0.0356926 -1.6310719 0.6570353 -0.45121076 0.74393243 -0.43196198 -0.23744946 0.003519 1789363853.226433516 134.436 50.138 0.042 0.00000 -1 ACTUAL_TF
39.3919 0.0356938 -1.6308951 0.6570284 -0.45121751 0.74393515 -0.43195336 -0.23744380 0.003415 1789363853.282228231 134.612 49.961 0.037 0.00000 -1 ACTUAL_TF
39.4455 0.0356832 -1.6306607 0.6570271 -0.45121561 0.74394201 -0.43194644 -0.23743848 0.003645 1789363853.338339567 134.847 49.726 0.032 0.00000 -1 ACTUAL_TF
39.4974 0.0356744 -1.6304857 0.6570262 -0.45122615 0.74393682 -0.43194193 -0.23744290 0.003491 1789363853.394284010 135.022 49.551 0.027 0.00000 -1 ACTUAL_TF
39.5591 0.0356626 -1.6302681 0.6570267 -0.45122296 0.74394032 -0.43193906 -0.23744323 0.003609 1789363853.450380087 135.240 49.333 0.022 0.00000 -1 ACTUAL_TF
39.6106 0.0356590 -1.6300826 0.6570242 -0.45122706 0.74394333 -0.43193223 -0.23743844 0.003520 1789363853.506430149 135.425 49.148 0.019 0.00000 -1 ACTUAL_TF
39.6636 0.0356491 -1.6298734 0.6570297 -0.45122593 0.74394124 -0.43193484 -0.23744240 0.003585 1789363853.562444210 135.635 48.939 0.019 0.00000 -1 ACTUAL_TF
39.7251 0.0356402 -1.6296547 0.6570269 -0.45122551 0.74394636 -0.43192835 -0.23743894 0.003682 1789363853.618484735 135.854 48.720 0.013 0.00000 -1 ACTUAL_TF
39.7760 0.0356322 -1.6294848 0.6570299 -0.45122053 0.74394730 -0.43193183 -0.23743915 0.003489 1789363853.674417496 136.024 48.550 0.012 0.00000 -1 ACTUAL_TF
39.8374 0.0356231 -1.6292560 0.6570269 -0.45122359 0.74395012 -0.43192555 -0.23743592 0.003669 1789363853.730446577 136.253 48.321 0.006 0.00000 -1 ACTUAL_TF
39.8876 0.0356181 -1.6290828 0.6570251 -0.45122299 0.74395286 -0.43192250 -0.23743402 0.003497 1789363853.786408663 136.426 48.147 0.002 0.00000 -1 ACTUAL_TF
39.9476 0.0356143 -1.6288658 0.6570249 -0.45122428 0.74395472 -0.43191977 -0.23743070 0.003612 1789363853.842363358 136.643 47.930 0.004 0.00000 -1 ACTUAL_TF
40.0086 0.0356165 -1.6286847 0.6570208 -0.45122792 0.74395697 -0.43191463 -0.23742606 0.003498 1789363853.898393154 136.824 47.750 0.014 0.00000 -1 ACTUAL_TF
40.0564 0.0356031 -1.6284514 0.6570166 -0.45123313 0.74395955 -0.43190536 -0.23742495 0.003700 1789363853.954424381 137.057 47.516 0.015 0.00000 -1 ACTUAL_TF
40.1123 0.0356025 -1.6282515 0.6570264 -0.45123144 0.74395458 -0.43191408 -0.23742788 0.003664 1789363854.010327339 137.257 47.316 0.012 0.00000 -1 ACTUAL_TF
40.1723 0.0355917 -1.6280676 0.6570293 -0.45123591 0.74394952 -0.43191494 -0.23743365 0.003552 1789363854.066317320 137.441 47.132 0.008 0.00000 -1 ACTUAL_TF
40.2252 0.0355860 -1.6278489 0.6570305 -0.45123700 0.74395035 -0.43191343 -0.23743173 0.003657 1789363854.122361660 137.660 46.913 0.010 0.00000 -1 ACTUAL_TF
40.2849 0.0355798 -1.6276811 0.6570363 -0.45123230 0.74394890 -0.43191931 -0.23743452 0.003459 1789363854.178441525 137.828 46.745 0.006 0.00000 -1 ACTUAL_TF
40.3360 0.0355706 -1.6274690 0.6570356 -0.45123566 0.74394734 -0.43191763 -0.23743608 0.003559 1789363854.234430075 138.040 46.533 0.008 0.00000 -1 ACTUAL_TF
40.3956 0.0355612 -1.6272828 0.6570340 -0.45123757 0.74394827 -0.43191341 -0.23743722 0.003492 1789363854.290338993 138.227 46.347 0.013 0.00000 -1 ACTUAL_TF
40.4459 0.0355608 -1.6270755 0.6570402 -0.45123637 0.74394624 -0.43191892 -0.23743584 0.003554 1789363854.346407413 138.434 46.139 0.009 0.00000 -1 ACTUAL_TF
40.5037 0.0355502 -1.6268919 0.6570435 -0.45123352 0.74394560 -0.43192110 -0.23743927 0.003474 1789363854.402336121 138.618 45.955 0.008 0.00000 -1 ACTUAL_TF
40.5639 0.0355460 -1.6266971 0.6570572 -0.45122769 0.74393984 -0.43193420 -0.23744459 0.003477 1789363854.458386898 138.813 45.761 0.004 0.00000 -1 ACTUAL_TF
40.6220 0.0355407 -1.6264940 0.6570635 -0.45122199 0.74394064 -0.43193854 -0.23744501 0.003524 1789363854.514364719 139.016 45.557 0.008 0.00000 -1 ACTUAL_TF
40.6753 0.0355320 -1.6263386 0.6570744 -0.45121503 0.74393634 -0.43194880 -0.23745307 0.003302 1789363854.570407867 139.172 45.402 0.017 0.00000 -1 ACTUAL_TF
40.7339 0.0355212 -1.6261224 0.6570729 -0.45121339 0.74393879 -0.43194645 -0.23745277 0.003474 1789363854.626286268 139.388 45.185 0.016 0.00000 -1 ACTUAL_TF
40.7836 0.0355157 -1.6259367 0.6570736 -0.45121126 0.74394330 -0.43194322 -0.23744857 0.003423 1789363854.682487249 139.574 44.999 0.015 0.00000 -1 ACTUAL_TF
40.8426 0.0355023 -1.6257231 0.6570709 -0.45120857 0.74394756 -0.43193915 -0.23744774 0.003544 1789363854.738395929 139.788 44.786 0.019 0.00000 -1 ACTUAL_TF
40.8996 0.0354968 -1.6255349 0.6570668 -0.45121405 0.74395191 -0.43192859 -0.23744289 0.003490 1789363854.794421673 139.976 44.597 0.018 0.00000 -1 ACTUAL_TF
40.9575 0.0354942 -1.6253238 0.6570699 -0.45121004 0.74395483 -0.43192943 -0.23743985 0.003576 1789363854.850319624 140.187 44.386 0.014 0.00000 -1 ACTUAL_TF
41.0046 0.0354979 -1.6251329 0.6570804 -0.45120495 0.74395213 -0.43193874 -0.23744104 0.003528 1789363854.906311989 140.378 44.195 0.009 0.00000 -1 ACTUAL_TF
41.0617 0.0354853 -1.6249426 0.6570780 -0.45120900 0.74395274 -0.43193245 -0.23744289 0.003490 1789363854.962382555 140.569 44.005 0.013 0.00000 -1 ACTUAL_TF
41.1211 0.0354912 -1.6247387 0.6570895 -0.45120593 0.74394745 -0.43194380 -0.23744462 0.003536 1789363855.018464327 140.772 43.801 0.012 0.00000 -1 ACTUAL_TF
41.1829 0.0354794 -1.6245523 0.6570873 -0.45120405 0.74395175 -0.43193942 -0.23744272 0.003478 1789363855.074356556 140.959 43.614 0.010 0.00000 -1 ACTUAL_TF
41.2473 0.0354751 -1.6243413 0.6570906 -0.45120443 0.74395198 -0.43193893 -0.23744212 0.003564 1789363855.130416632 141.170 43.403 0.009 0.00000 -1 ACTUAL_TF
41.2840 0.0354676 -1.6241453 0.6570871 -0.45121361 0.74395052 -0.43193235 -0.23744126 0.003547 1789363855.186357260 141.366 43.207 0.007 0.00000 -1 ACTUAL_TF
41.3421 0.0354733 -1.6239488 0.6570922 -0.45121262 0.74394743 -0.43193859 -0.23744146 0.003535 1789363855.242435694 141.562 43.011 0.006 0.00000 -1 ACTUAL_TF
41.4004 0.0354622 -1.6237627 0.6570912 -0.45121748 0.74394654 -0.43193348 -0.23744431 0.003474 1789363855.298414230 141.749 42.825 0.002 0.00000 -1 ACTUAL_TF
41.4596 0.0354653 -1.6235410 0.6570897 -0.45122430 0.74394718 -0.43192835 -0.23743868 0.003619 1789363855.354404688 141.970 42.603 0.009 0.00000 -1 ACTUAL_TF
41.5186 0.0354654 -1.6233063 0.6570883 -0.45123071 0.74394778 -0.43192297 -0.23743438 0.003790 1789363855.410449743 142.205 42.369 0.017 0.00000 -1 ACTUAL_TF
41.5667 0.0354626 -1.6231388 0.6570961 -0.45122699 0.74394463 -0.43193068 -0.23743731 0.003552 1789363855.466396809 142.372 42.201 0.017 0.00000 -1 ACTUAL_TF
41.6279 0.0354633 -1.6229195 0.6570952 -0.45123119 0.74394351 -0.43192925 -0.23743545 0.003657 1789363855.522586346 142.592 41.982 0.024 0.00000 -1 ACTUAL_TF
41.6784 0.0354616 -1.6227367 0.6570958 -0.45123680 0.74394107 -0.43192807 -0.23743456 0.003543 1789363855.578375816 142.774 41.799 0.028 0.00000 -1 ACTUAL_TF
41.7411 0.0354607 -1.6225483 0.6571080 -0.45122992 0.74393831 -0.43193844 -0.23743744 0.003491 1789363855.634402514 142.963 41.611 0.032 0.00000 -1 ACTUAL_TF
41.7910 0.0354486 -1.6223635 0.6571050 -0.45123000 0.74394258 -0.43193153 -0.23743649 0.003436 1789363855.690401554 143.148 41.426 0.025 0.00000 -1 ACTUAL_TF
41.8530 0.0354370 -1.6221273 0.6571043 -0.45123141 0.74394270 -0.43193031 -0.23743564 0.003671 1789363855.746463776 143.384 41.189 0.021 0.00000 -1 ACTUAL_TF
41.9050 0.0354295 -1.6219326 0.6571188 -0.45122715 0.74393600 -0.43194198 -0.23744349 0.003618 1789363855.802374363 143.579 40.994 0.019 0.00000 -1 ACTUAL_TF
41.9627 0.0354266 -1.6217737 0.6571282 -0.45121971 0.74393411 -0.43195157 -0.23744610 0.003385 1789363855.858435631 143.738 40.835 0.024 0.00000 -1 ACTUAL_TF
42.0156 0.0354266 -1.6215791 0.6571399 -0.45120985 0.74393077 -0.43196605 -0.23744899 0.003412 1789363855.914485931 143.933 40.641 0.034 0.00000 -1 ACTUAL_TF
42.0783 0.0354277 -1.6214016 0.6571415 -0.45121571 0.74393057 -0.43196167 -0.23744645 0.003339 1789363855.970561504 144.110 40.463 0.039 0.00000 -1 ACTUAL_TF
42.1248 0.0354252 -1.6211917 0.6571484 -0.45121270 0.74392721 -0.43196934 -0.23744873 0.003467 1789363856.026336670 144.320 40.253 0.044 0.00000 -1 ACTUAL_TF
42.1880 0.0354171 -1.6209992 0.6571438 -0.45121907 0.74393201 -0.43195715 -0.23744375 0.003457 1789363856.082456350 144.513 40.061 0.038 0.00000 -1 ACTUAL_TF
42.2384 0.0354069 -1.6207788 0.6571459 -0.45121151 0.74393570 -0.43195910 -0.23744303 0.003597 1789363856.138688326 144.733 39.840 0.034 0.00000 -1 ACTUAL_TF
42.2990 0.0354014 -1.6206172 0.6571495 -0.45120504 0.74393873 -0.43196132 -0.23744180 0.003389 1789363856.194415808 144.895 39.678 0.034 0.00000 -1 ACTUAL_TF
42.3503 0.0353942 -1.6204017 0.6571480 -0.45120388 0.74394199 -0.43195776 -0.23744024 0.003527 1789363856.250418663 145.111 39.463 0.031 0.00000 -1 ACTUAL_TF
42.4103 0.0353864 -1.6201783 0.6571437 -0.45120943 0.74394666 -0.43194653 -0.23743549 0.003669 1789363856.306303740 145.334 39.239 0.027 0.00000 -1 ACTUAL_TF
42.4638 0.0353942 -1.6200016 0.6571417 -0.45121184 0.74394627 -0.43194755 -0.23743027 0.003514 1789363856.362428188 145.510 39.063 0.039 0.00000 -1 ACTUAL_TF
42.5256 0.0353835 -1.6197916 0.6571416 -0.45121143 0.74394808 -0.43194424 -0.23743140 0.003578 1789363856.418824196 145.721 38.853 0.034 0.00000 -1 ACTUAL_TF
42.5766 0.0353770 -1.6195823 0.6571410 -0.45121762 0.74394924 -0.43193706 -0.23742909 0.003635 1789363856.474397898 145.930 38.643 0.034 0.00000 -1 ACTUAL_TF
42.6333 0.0353725 -1.6193669 0.6571399 -0.45121371 0.74395417 -0.43193527 -0.23742433 0.003693 1789363856.530692577 146.146 38.428 0.036 0.00000 -1 ACTUAL_TF
42.6970 0.0353649 -1.6192053 0.6571471 -0.45122031 0.74394590 -0.43193807 -0.23743258 0.003460 1789363856.586229563 146.307 38.266 0.032 0.00000 -1 ACTUAL_TF
42.7475 0.0353534 -1.6189909 0.6571459 -0.45122206 0.74394739 -0.43193360 -0.23743272 0.003566 1789363856.642537117 146.522 38.051 0.027 0.00000 -1 ACTUAL_TF
42.8046 0.0353432 -1.6187785 0.6571480 -0.45122355 0.74394907 -0.43192938 -0.23743232 0.003637 1789363856.698433638 146.735 37.839 0.023 0.00000 -1 ACTUAL_TF
42.8580 0.0353333 -1.6186053 0.6571531 -0.45122182 0.74394783 -0.43193182 -0.23743505 0.003475 1789363856.754454136 146.908 37.665 0.018 0.00000 -1 ACTUAL_TF
42.9168 0.0353210 -1.6183714 0.6571539 -0.45122668 0.74394817 -0.43192626 -0.23743484 0.003691 1789363856.810313225 147.142 37.431 0.013 0.00000 -1 ACTUAL_TF
42.9672 0.0353180 -1.6181873 0.6571541 -0.45123014 0.74394813 -0.43192366 -0.23743316 0.003569 1789363856.866389513 147.326 37.247 0.016 0.00000 -1 ACTUAL_TF
43.0297 0.0353078 -1.6179818 0.6571624 -0.45122921 0.74394581 -0.43192661 -0.23743681 0.003604 1789363856.922281981 147.532 37.041 0.010 0.00000 -1 ACTUAL_TF
43.0799 0.0352985 -1.6178158 0.6571712 -0.45122430 0.74394328 -0.43193310 -0.23744225 0.003414 1789363856.978319645 147.698 36.875 0.008 0.00000 -1 ACTUAL_TF
43.1358 0.0352881 -1.6176053 0.6571765 -0.45122115 0.74394214 -0.43193751 -0.23744378 0.003517 1789363857.034390926 147.909 36.664 0.009 0.00000 -1 ACTUAL_TF
43.2016 0.0352826 -1.6174268 0.6571781 -0.45122250 0.74394234 -0.43193611 -0.23744316 0.003417 1789363857.090498447 148.088 36.486 0.008 0.00000 -1 ACTUAL_TF
43.2512 0.0352683 -1.6172039 0.6571792 -0.45122110 0.74394668 -0.43193114 -0.23744124 0.003593 1789363857.146316290 148.311 36.262 0.009 0.00000 -1 ACTUAL_TF
43.3060 0.0352632 -1.6170026 0.6571883 -0.45121452 0.74394451 -0.43193977 -0.23744485 0.003593 1789363857.202380419 148.512 36.061 0.014 0.00000 -1 ACTUAL_TF
43.3563 0.0352582 -1.6168197 0.6571882 -0.45121857 0.74394177 -0.43193946 -0.23744629 0.003498 1789363857.258258104 148.695 35.878 0.012 0.00000 -1 ACTUAL_TF
43.4134 0.0352593 -1.6166208 0.6571992 -0.45122044 0.74393567 -0.43194615 -0.23744968 0.003514 1789363857.314324856 148.894 35.679 0.019 0.00000 -1 ACTUAL_TF
43.4712 0.0352508 -1.6164320 0.6571930 -0.45122128 0.74394044 -0.43193939 -0.23744546 0.003474 1789363857.370278120 149.083 35.490 0.011 0.00000 -1 ACTUAL_TF
43.5366 0.0352477 -1.6162282 0.6572009 -0.45122805 0.74393122 -0.43194442 -0.23745232 0.003524 1789363857.426274538 149.287 35.286 0.016 0.00000 -1 ACTUAL_TF
43.5862 0.0352482 -1.6160687 0.6572088 -0.45122309 0.74393004 -0.43195093 -0.23745360 0.003320 1789363857.482442856 149.447 35.127 0.023 0.00000 -1 ACTUAL_TF
43.6427 0.0352393 -1.6158419 0.6572133 -0.45122716 0.74392533 -0.43195229 -0.23745816 0.003541 1789363857.538430452 149.674 34.900 0.024 0.00000 -1 ACTUAL_TF
43.7024 0.0352295 -1.6156456 0.6572019 -0.45123678 0.74393243 -0.43193388 -0.23745111 0.003532 1789363857.594504118 149.870 34.704 0.010 0.00000 -1 ACTUAL_TF
43.7534 0.0352301 -1.6154506 0.6572088 -0.45123330 0.74393074 -0.43194023 -0.23745149 0.003517 1789363857.650533199 150.065 34.508 0.015 0.00000 -1 ACTUAL_TF
43.8103 0.0352250 -1.6152333 0.6572056 -0.45123866 0.74393559 -0.43192945 -0.23744570 0.003629 1789363857.706392288 150.282 34.291 0.010 0.00000 -1 ACTUAL_TF
43.8684 0.0352094 -1.6150471 0.6572008 -0.45124204 0.74393768 -0.43192152 -0.23744715 0.003541 1789363857.762423038 150.469 34.105 0.004 0.00000 -1 ACTUAL_TF
43.9265 0.0352069 -1.6148252 0.6571984 -0.45123524 0.74394638 -0.43191812 -0.23743899 0.003671 1789363857.818260670 150.691 33.883 0.004 0.00000 -1 ACTUAL_TF
43.9748 0.0351959 -1.6146436 0.6572065 -0.45124194 0.74393763 -0.43192107 -0.23744831 0.003543 1789363857.874412298 150.872 33.701 0.006 0.00000 -1 ACTUAL_TF
44.0362 0.0351924 -1.6144329 0.6572077 -0.45123321 0.74394438 -0.43192147 -0.23744304 0.003608 1789363857.930455923 151.083 33.490 0.003 0.00000 -1 ACTUAL_TF
44.0954 0.0351967 -1.6142682 0.6572123 -0.45123539 0.74394212 -0.43192365 -0.23744200 0.003410 1789363857.986358166 151.248 33.326 0.006 0.00000 -1 ACTUAL_TF
44.1444 0.0351855 -1.6140568 0.6572147 -0.45123352 0.74394353 -0.43192303 -0.23744227 0.003522 1789363858.042309046 151.459 33.114 0.003 0.00000 -1 ACTUAL_TF
44.2044 0.0351695 -1.6138382 0.6572160 -0.45123546 0.74394358 -0.43191969 -0.23744451 0.003638 1789363858.098386765 151.678 32.895 0.009 0.00000 -1 ACTUAL_TF
44.2558 0.0351563 -1.6136553 0.6572159 -0.45123542 0.74394668 -0.43191437 -0.23744454 0.003530 1789363858.154350519 151.862 32.712 0.017 0.00000 -1 ACTUAL_TF
44.3181 0.0351532 -1.6134442 0.6572192 -0.45122807 0.74394804 -0.43192017 -0.23744370 0.003594 1789363858.210759640 152.073 32.501 0.014 0.00000 -1 ACTUAL_TF
44.3670 0.0351486 -1.6132560 0.6572193 -0.45122950 0.74395019 -0.43191685 -0.23744031 0.003532 1789363858.266340017 152.261 32.313 0.013 0.00000 -1 ACTUAL_TF
44.4264 0.0351379 -1.6130422 0.6572232 -0.45122884 0.74394967 -0.43191706 -0.23744279 0.003618 1789363858.322408438 152.475 32.098 0.018 0.00000 -1 ACTUAL_TF
44.4797 0.0351438 -1.6128731 0.6572304 -0.45123072 0.74394525 -0.43192272 -0.23744277 0.003443 1789363858.378229618 152.644 31.930 0.008 0.00000 -1 ACTUAL_TF
44.5393 0.0351409 -1.6126692 0.6572375 -0.45122588 0.74394184 -0.43193173 -0.23744624 0.003501 1789363858.434314013 152.848 31.726 0.009 0.00000 -1 ACTUAL_TF
44.5893 0.0351319 -1.6124921 0.6572436 -0.45122747 0.74393849 -0.43193396 -0.23744970 0.003401 1789363858.490330935 153.025 31.548 0.014 0.00000 -1 ACTUAL_TF
44.6508 0.0351242 -1.6122893 0.6572550 -0.45122234 0.74393420 -0.43194349 -0.23745555 0.003470 1789363858.546342373 153.228 31.345 0.023 0.00000 -1 ACTUAL_TF
44.7159 0.0351172 -1.6120572 0.6572556 -0.45122419 0.74393515 -0.43194131 -0.23745298 0.003672 1789363858.602362633 153.460 31.113 0.021 0.00000 -1 ACTUAL_TF
44.7654 0.0351123 -1.6118917 0.6572668 -0.45121752 0.74393253 -0.43195066 -0.23745687 0.003460 1789363858.658317566 153.626 30.947 0.029 0.00000 -1 ACTUAL_TF
44.8117 0.0351093 -1.6116851 0.6572758 -0.45121771 0.74392718 -0.43195777 -0.23746033 0.003530 1789363858.714307785 153.833 30.741 0.034 0.00000 -1 ACTUAL_TF
44.8711 0.0351193 -1.6115080 0.6572730 -0.45121975 0.74392922 -0.43195569 -0.23745385 0.003423 1789363858.770225763 154.009 30.564 0.030 0.00000 -1 ACTUAL_TF
44.9264 0.0351197 -1.6113085 0.6572858 -0.45121236 0.74392527 -0.43196905 -0.23745595 0.003467 1789363858.826225758 154.209 30.364 0.041 0.00000 -1 ACTUAL_TF
44.9853 0.0351164 -1.6111247 0.6572832 -0.45121088 0.74392922 -0.43196595 -0.23745205 0.003411 1789363858.882304907 154.393 30.181 0.038 0.00000 -1 ACTUAL_TF
45.0448 0.0351142 -1.6109088 0.6572877 -0.45121165 0.74392780 -0.43196754 -0.23745214 0.003544 1789363858.938285589 154.609 29.965 0.041 0.00000 -1 ACTUAL_TF
45.1022 0.0351087 -1.6106802 0.6572862 -0.45121394 0.74393079 -0.43196199 -0.23744852 0.003705 1789363858.994349480 154.837 29.736 0.038 0.00000 -1 ACTUAL_TF
45.1541 0.0351030 -1.6105086 0.6572847 -0.45120708 0.74393716 -0.43196040 -0.23744450 0.003511 1789363859.050459385 155.009 29.564 0.034 0.00000 -1 ACTUAL_TF
45.2061 0.0350917 -1.6102771 0.6572735 -0.45121147 0.74394777 -0.43194233 -0.23743576 0.003703 1789363859.106387377 155.241 29.333 0.021 0.00000 -1 ACTUAL_TF
45.2650 0.0350952 -1.6101078 0.6572760 -0.45120875 0.74394825 -0.43194613 -0.23743254 0.003499 1789363859.162396669 155.410 29.164 0.028 0.00000 -1 ACTUAL_TF
45.3195 0.0350871 -1.6098790 0.6572709 -0.45121519 0.74395209 -0.43193548 -0.23742764 0.003678 1789363859.218331099 155.639 28.935 0.023 0.00000 -1 ACTUAL_TF
45.3788 0.0350838 -1.6097121 0.6572744 -0.45120619 0.74395537 -0.43193960 -0.23742695 0.003466 1789363859.274489880 155.806 28.768 0.025 0.00000 -1 ACTUAL_TF
45.4319 0.0350755 -1.6094803 0.6572690 -0.45120949 0.74395874 -0.43193163 -0.23742464 0.003671 1789363859.330421209 156.037 28.536 0.022 0.00000 -1 ACTUAL_TF
45.4922 0.0350673 -1.6093148 0.6572769 -0.45120430 0.74395857 -0.43193594 -0.23742718 0.003458 1789363859.386452675 156.203 28.370 0.020 0.00000 -1 ACTUAL_TF
45.5552 0.0350634 -1.6091043 0.6572787 -0.45120197 0.74395906 -0.43193775 -0.23742678 0.003547 1789363859.442516088 156.414 28.160 0.021 0.00000 -1 ACTUAL_TF
45.6029 0.0350551 -1.6088850 0.6572719 -0.45120620 0.74396329 -0.43192849 -0.23742234 0.003661 1789363859.498458862 156.633 27.940 0.020 0.00000 -1 ACTUAL_TF
45.6619 0.0350499 -1.6087052 0.6572759 -0.45120253 0.74396297 -0.43193248 -0.23742306 0.003525 1789363859.554521561 156.813 27.760 0.019 0.00000 -1 ACTUAL_TF
45.7077 0.0350411 -1.6084859 0.6572753 -0.45120470 0.74396281 -0.43193008 -0.23742382 0.003647 1789363859.610343933 157.032 27.541 0.018 0.00000 -1 ACTUAL_TF
45.7662 0.0350362 -1.6083062 0.6572733 -0.45119881 0.74396947 -0.43192764 -0.23741855 0.003516 1789363859.666363716 157.212 27.361 0.020 0.00000 -1 ACTUAL_TF
45.8298 0.0350395 -1.6080954 0.6572782 -0.45120486 0.74396495 -0.43192872 -0.23741926 0.003590 1789363859.722386122 157.423 27.151 0.028 0.00000 -1 ACTUAL_TF
45.8792 0.0350256 -1.6079140 0.6572796 -0.45121223 0.74396015 -0.43192576 -0.23742569 0.003488 1789363859.778375864 157.605 26.969 0.020 0.00000 -1 ACTUAL_TF
45.9418 0.0350271 -1.6077050 0.6572807 -0.45120045 0.74396753 -0.43192948 -0.23741818 0.003560 1789363859.834457636 157.813 26.760 0.028 0.00000 -1 ACTUAL_TF
45.9931 0.0350145 -1.6074980 0.6572874 -0.45120232 0.74396106 -0.43193413 -0.23742645 0.003605 1789363859.890375614 158.021 26.553 0.020 0.00000 -1 ACTUAL_TF
46.0537 0.0350064 -1.6073056 0.6572832 -0.45120804 0.74396263 -0.43192689 -0.23742384 0.003554 1789363859.946424007 158.213 26.360 0.021 0.00000 -1 ACTUAL_TF
46.1012 0.0349958 -1.6070880 0.6572885 -0.45121211 0.74395909 -0.43192649 -0.23742789 0.003658 1789363860.002323389 158.431 26.142 0.016 0.00000 -1 ACTUAL_TF
46.1627 0.0349863 -1.6069095 0.6572902 -0.45121220 0.74395878 -0.43192596 -0.23742966 0.003516 1789363860.058450699 158.610 25.964 0.014 0.00000 -1 ACTUAL_TF
46.2183 0.0349880 -1.6067233 0.6573032 -0.45120885 0.74395030 -0.43194019 -0.23743673 0.003465 1789363860.114242554 158.796 25.777 0.014 0.00000 -1 ACTUAL_TF
46.2720 0.0349759 -1.6065364 0.6573002 -0.45121263 0.74395203 -0.43193325 -0.23743675 0.003428 1789363860.170302391 158.983 25.590 0.010 0.00000 -1 ACTUAL_TF
46.3328 0.0349666 -1.6063336 0.6573111 -0.45120880 0.74394567 -0.43194455 -0.23744339 0.003490 1789363860.226239204 159.186 25.387 0.004 0.00000 -1 ACTUAL_TF
46.3810 0.0349568 -1.6061459 0.6573151 -0.45120536 0.74394839 -0.43194354 -0.23744325 0.003447 1789363860.282393217 159.374 25.199 0.003 0.00000 -1 ACTUAL_TF
46.4407 0.0349530 -1.6059393 0.6573211 -0.45120210 0.74394618 -0.43194968 -0.23744519 0.003524 1789363860.338222980 159.581 24.992 0.007 0.00000 -1 ACTUAL_TF
46.5012 0.0349447 -1.6057368 0.6573297 -0.45119620 0.74394334 -0.43195831 -0.23744962 0.003551 1789363860.394323826 159.784 24.790 0.013 0.00000 -1 ACTUAL_TF
46.5527 0.0349418 -1.6055634 0.6573280 -0.45119114 0.74394959 -0.43195578 -0.23744425 0.003414 1789363860.450378656 159.957 24.616 0.009 0.00000 -1 ACTUAL_TF
46.6144 0.0349337 -1.6053460 0.6573313 -0.45119317 0.74394956 -0.43195357 -0.23744449 0.003555 1789363860.506417274 160.175 24.399 0.009 0.00000 -1 ACTUAL_TF
46.6671 0.0349266 -1.6051570 0.6573250 -0.45120096 0.74395216 -0.43194255 -0.23744158 0.003502 1789363860.562403440 160.364 24.210 0.002 0.00000 -1 ACTUAL_TF
46.7269 0.0349268 -1.6049475 0.6573307 -0.45119719 0.74395357 -0.43194499 -0.23743990 0.003573 1789363860.618464947 160.573 24.000 0.005 0.00000 -1 ACTUAL_TF
46.7776 0.0349223 -1.6047517 0.6573220 -0.45120620 0.74395758 -0.43193174 -0.23743432 0.003553 1789363860.674379826 160.769 23.805 0.009 0.00000 -1 ACTUAL_TF
46.8347 0.0349235 -1.6045325 0.6573230 -0.45121480 0.74395578 -0.43192693 -0.23743238 0.003662 1789363860.730336189 160.988 23.586 0.016 0.00000 -1 ACTUAL_TF
46.8934 0.0349236 -1.6043190 0.6573288 -0.45121834 0.74395267 -0.43192782 -0.23743377 0.003710 1789363860.786264896 161.201 23.372 0.020 0.00000 -1 ACTUAL_TF
46.9426 0.0349263 -1.6041514 0.6573310 -0.45122034 0.74395141 -0.43192900 -0.23743176 0.003494 1789363860.842294931 161.369 23.205 0.027 0.00000 -1 ACTUAL_TF
47.0032 0.0349227 -1.6039362 0.6573345 -0.45122641 0.74394895 -0.43192658 -0.23743235 0.003598 1789363860.898367882 161.584 22.989 0.029 0.00000 -1 ACTUAL_TF
47.0622 0.0349138 -1.6037565 0.6573358 -0.45122415 0.74395108 -0.43192555 -0.23743182 0.003482 1789363860.954407454 161.764 22.809 0.026 0.00000 -1 ACTUAL_TF
47.1157 0.0349079 -1.6035310 0.6573316 -0.45122987 0.74395306 -0.43191788 -0.23742873 0.003646 1789363861.010397911 161.989 22.584 0.029 0.00000 -1 ACTUAL_TF
47.1675 0.0349016 -1.6033504 0.6573371 -0.45123571 0.74394917 -0.43191740 -0.23743066 0.003517 1789363861.066593647 162.170 22.403 0.027 0.00000 -1 ACTUAL_TF
47.2290 0.0348944 -1.6031416 0.6573414 -0.45123471 0.74394771 -0.43191935 -0.23743360 0.003588 1789363861.122299433 162.379 22.194 0.025 0.00000 -1 ACTUAL_TF
47.2806 0.0349037 -1.6029746 0.6573425 -0.45123545 0.74394838 -0.43192057 -0.23742786 0.003406 1789363861.178379059 162.546 22.028 0.039 0.00000 -1 ACTUAL_TF
47.3427 0.0348900 -1.6027638 0.6573433 -0.45123744 0.74394834 -0.43191782 -0.23742923 0.003517 1789363861.234332085 162.757 21.816 0.032 0.00000 -1 ACTUAL_TF
47.3932 0.0348775 -1.6025349 0.6573450 -0.45123698 0.74395174 -0.43191352 -0.23742727 0.003689 1789363861.290350914 162.986 21.587 0.027 0.00000 -1 ACTUAL_TF
47.4538 0.0348695 -1.6023761 0.6573559 -0.45123031 0.74394803 -0.43192371 -0.23743304 0.003435 1789363861.346442938 163.145 21.428 0.021 0.00000 -1 ACTUAL_TF
47.5016 0.0348531 -1.6021621 0.6573595 -0.45122477 0.74395021 -0.43192479 -0.23743476 0.003557 1789363861.402324915 163.360 21.214 0.011 0.00000 -1 ACTUAL_TF
47.5600 0.0348506 -1.6019906 0.6573607 -0.45122867 0.74394882 -0.43192290 -0.23743515 0.003409 1789363861.458343029 163.531 21.042 0.013 0.00000 -1 ACTUAL_TF
47.6185 0.0348307 -1.6017760 0.6573693 -0.45122168 0.74394740 -0.43192935 -0.23744117 0.003539 1789363861.514454603 163.746 20.827 0.003 0.00000 -1 ACTUAL_TF
47.6774 0.0348338 -1.6015991 0.6573670 -0.45122596 0.74394904 -0.43192455 -0.23743659 0.003423 1789363861.570567369 163.923 20.650 0.007 0.00000 -1 ACTUAL_TF
47.7262 0.0348190 -1.6013796 0.6573757 -0.45122473 0.74394403 -0.43193079 -0.23744328 0.003578 1789363861.626473904 164.143 20.431 0.004 0.00000 -1 ACTUAL_TF
47.7865 0.0348125 -1.6011676 0.6573805 -0.45122289 0.74394299 -0.43193394 -0.23744432 0.003643 1789363861.682398558 164.355 20.218 0.006 0.00000 -1 ACTUAL_TF
47.8430 0.0348066 -1.6010062 0.6573887 -0.45121768 0.74393827 -0.43194440 -0.23744999 0.003417 1789363861.738335848 164.517 20.057 0.013 0.00000 -1 ACTUAL_TF
47.8980 0.0347943 -1.6007876 0.6573943 -0.45122390 0.74393443 -0.43194219 -0.23745422 0.003564 1789363861.794374228 164.735 19.838 0.017 0.00000 -1 ACTUAL_TF
47.9581 0.0347894 -1.6006040 0.6573956 -0.45122128 0.74393438 -0.43194462 -0.23745490 0.003479 1789363861.850368261 164.919 19.654 0.016 0.00000 -1 ACTUAL_TF
48.0060 0.0347846 -1.6003960 0.6573999 -0.45122141 0.74393563 -0.43194261 -0.23745440 0.003551 1789363861.906317949 165.127 19.446 0.017 0.00000 -1 ACTUAL_TF
48.0647 0.0347800 -1.6002263 0.6574010 -0.45122063 0.74393476 -0.43194490 -0.23745446 0.003394 1789363861.962410688 165.297 19.276 0.016 0.00000 -1 ACTUAL_TF
48.1210 0.0347741 -1.5999800 0.6573919 -0.45123009 0.74393961 -0.43193021 -0.23744800 0.003698 1789363862.018333673 165.543 19.030 0.006 0.00000 -1 ACTUAL_TF
48.1814 0.0347771 -1.5998102 0.6573961 -0.45123031 0.74393821 -0.43193303 -0.23744683 0.003499 1789363862.074319839 165.713 18.860 0.005 0.00000 -1 ACTUAL_TF
48.2326 0.0347754 -1.5995962 0.6573976 -0.45122830 0.74394060 -0.43193251 -0.23744411 0.003585 1789363862.130838633 165.927 18.646 0.007 0.00000 -1 ACTUAL_TF
48.2911 0.0347842 -1.5993749 0.6573980 -0.45123376 0.74393945 -0.43193167 -0.23743889 0.003710 1789363862.186226130 166.148 18.426 0.022 0.00000 -1 ACTUAL_TF
48.3502 0.0347748 -1.5991899 0.6573954 -0.45123222 0.74394545 -0.43192535 -0.23743448 0.003585 1789363862.242437601 166.333 18.240 0.018 0.00000 -1 ACTUAL_TF
48.4012 0.0347697 -1.5989810 0.6574006 -0.45123287 0.74394296 -0.43192860 -0.23743515 0.003631 1789363862.298362732 166.542 18.031 0.018 0.00000 -1 ACTUAL_TF
48.4586 0.0347603 -1.5987893 0.6573982 -0.45123049 0.74394930 -0.43192245 -0.23743101 0.003569 1789363862.354408026 166.734 17.840 0.016 0.00000 -1 ACTUAL_TF
48.5112 0.0347538 -1.5985819 0.6574011 -0.45122338 0.74395374 -0.43192397 -0.23742784 0.003609 1789363862.410465717 166.941 17.632 0.015 0.00000 -1 ACTUAL_TF
48.5713 0.0347471 -1.5984155 0.6574032 -0.45121733 0.74395839 -0.43192369 -0.23742528 0.003420 1789363862.466381073 167.108 17.466 0.013 0.00000 -1 ACTUAL_TF
48.6306 0.0347495 -1.5982103 0.6574072 -0.45121672 0.74395785 -0.43192646 -0.23742310 0.003494 1789363862.522348881 167.313 17.260 0.021 0.00000 -1 ACTUAL_TF
48.6797 0.0347459 -1.5980243 0.6574085 -0.45121825 0.74395865 -0.43192470 -0.23742090 0.003441 1789363862.578449965 167.499 17.074 0.023 0.00000 -1 ACTUAL_TF
48.7420 0.0347376 -1.5978039 0.6574014 -0.45121451 0.74396742 -0.43191812 -0.23741249 0.003590 1789363862.634476900 167.719 16.854 0.025 0.00000 -1 ACTUAL_TF
48.7974 0.0347233 -1.5975893 0.6574033 -0.45121414 0.74396872 -0.43191509 -0.23741459 0.003668 1789363862.690319777 167.934 16.639 0.020 0.00000 -1 ACTUAL_TF
48.8528 0.0347196 -1.5974073 0.6574073 -0.45120349 0.74397466 -0.43191906 -0.23740902 0.003542 1789363862.746410131 168.116 16.457 0.020 0.00000 -1 ACTUAL_TF
48.9139 0.0347129 -1.5972074 0.6574152 -0.45121109 0.74396586 -0.43192202 -0.23741677 0.003553 1789363862.802340984 168.317 16.257 0.016 0.00000 -1 ACTUAL_TF
48.9616 0.0347081 -1.5970463 0.6574242 -0.45120176 0.74396357 -0.43193391 -0.23742005 0.003351 1789363862.858391285 168.478 16.096 0.013 0.00000 -1 ACTUAL_TF
49.0173 0.0347064 -1.5968325 0.6574264 -0.45119847 0.74396667 -0.43193388 -0.23741663 0.003494 1789363862.914290428 168.692 15.882 0.017 0.00000 -1 ACTUAL_TF
49.0741 0.0346970 -1.5966519 0.6574315 -0.45119983 0.74396427 -0.43193506 -0.23741940 0.003413 1789363862.970385790 168.872 15.701 0.013 0.00000 -1 ACTUAL_TF
49.1313 0.0346947 -1.5964407 0.6574318 -0.45119886 0.74396487 -0.43193560 -0.23741839 0.003521 1789363863.026395559 169.084 15.490 0.017 0.00000 -1 ACTUAL_TF
49.1882 0.0346913 -1.5962379 0.6574437 -0.45119994 0.74395656 -0.43194530 -0.23742473 0.003554 1789363863.082293749 169.286 15.287 0.020 0.00000 -1 ACTUAL_TF
49.2472 0.0346849 -1.5960413 0.6574419 -0.45120774 0.74395663 -0.43193753 -0.23742382 0.003540 1789363863.138420105 169.483 15.090 0.018 0.00000 -1 ACTUAL_TF
49.2960 0.0346820 -1.5958481 0.6574518 -0.45120503 0.74394967 -0.43194907 -0.23742979 0.003514 1789363863.194426060 169.677 14.897 0.023 0.00000 -1 ACTUAL_TF
49.3507 0.0346692 -1.5956756 0.6574606 -0.45120355 0.74394579 -0.43195351 -0.23743671 0.003389 1789363863.250322819 169.849 14.724 0.021 0.00000 -1 ACTUAL_TF
49.4093 0.0346608 -1.5954643 0.6574599 -0.45120429 0.74394643 -0.43195116 -0.23743758 0.003505 1789363863.306372643 170.061 14.513 0.017 0.00000 -1 ACTUAL_TF
49.4693 0.0346497 -1.5952853 0.6574665 -0.45120692 0.74394209 -0.43195264 -0.23744348 0.003413 1789363863.362450123 170.240 14.333 0.019 0.00000 -1 ACTUAL_TF
49.5226 0.0346415 -1.5950629 0.6574625 -0.45121104 0.74394383 -0.43194599 -0.23744230 0.003584 1789363863.418347359 170.463 14.111 0.012 0.00000 -1 ACTUAL_TF
49.5766 0.0346340 -1.5948618 0.6574534 -0.45122018 0.74394975 -0.43193015 -0.23743516 0.003588 1789363863.474339247 170.664 13.910 0.001 0.00000 -1 ACTUAL_TF
49.6373 0.0346399 -1.5946653 0.6574563 -0.45121709 0.74394971 -0.43193518 -0.23743201 0.003566 1789363863.530299187 170.860 13.713 0.013 0.00000 -1 ACTUAL_TF
49.6988 0.0346349 -1.5944490 0.6574566 -0.45122179 0.74395010 -0.43193004 -0.23743121 0.003654 1789363863.586332798 171.076 13.497 0.014 0.00000 -1 ACTUAL_TF
49.7460 0.0346266 -1.5942642 0.6574605 -0.45121905 0.74394889 -0.43193369 -0.23743356 0.003549 1789363863.642335415 171.261 13.312 0.011 0.00000 -1 ACTUAL_TF
49.8040 0.0346153 -1.5940360 0.6574611 -0.45122209 0.74395001 -0.43192871 -0.23743336 0.003708 1789363863.698338509 171.490 13.084 0.007 0.00000 -1 ACTUAL_TF
49.8642 0.0346118 -1.5938783 0.6574682 -0.45121330 0.74394970 -0.43193715 -0.23743567 0.003442 1789363863.754339218 171.648 12.926 0.007 0.00000 -1 ACTUAL_TF
49.9115 0.0346107 -1.5936671 0.6574692 -0.45121244 0.74395018 -0.43193861 -0.23743313 0.003541 1789363863.810320854 171.859 12.715 0.012 0.00000 -1 ACTUAL_TF
49.9728 0.0346171 -1.5934994 0.6574745 -0.45121991 0.74394439 -0.43194043 -0.23743379 0.003376 1789363863.866452217 172.026 12.547 0.024 0.00000 -1 ACTUAL_TF
50.0295 0.0346234 -1.5932962 0.6574815 -0.45122030 0.74393869 -0.43194880 -0.23743567 0.003453 1789363863.922434092 172.229 12.344 0.036 0.00000 -1 ACTUAL_TF
50.0803 0.0346108 -1.5930527 0.6574753 -0.45123108 0.74394155 -0.43193422 -0.23743275 0.003720 1789363863.978576899 172.473 12.101 0.030 0.00000 -1 ACTUAL_TF
50.1426 0.0346035 -1.5928907 0.6574813 -0.45122729 0.74393923 -0.43193967 -0.23743730 0.003477 1789363864.034380436 172.635 11.938 0.027 0.00000 -1 ACTUAL_TF
50.1946 0.0346064 -1.5926604 0.6574792 -0.45123455 0.74393777 -0.43193691 -0.23743311 0.003668 1789363864.090368509 172.865 11.708 0.037 0.00000 -1 ACTUAL_TF
50.2468 0.0346012 -1.5925018 0.6574870 -0.45123517 0.74393397 -0.43194005 -0.23743811 0.003419 1789363864.146372557 173.024 11.549 0.036 0.00000 -1 ACTUAL_TF
50.3002 0.0345959 -1.5922921 0.6574921 -0.45123303 0.74393184 -0.43194475 -0.23744032 0.003517 1789363864.202380419 173.234 11.340 0.037 0.00000 -1 ACTUAL_TF
50.3584 0.0345959 -1.5921208 0.6574947 -0.45123675 0.74392815 -0.43194663 -0.23744138 0.003381 1789363864.258304596 173.405 11.168 0.042 0.00000 -1 ACTUAL_TF
50.4141 0.0345876 -1.5919111 0.6575004 -0.45123398 0.74392871 -0.43194809 -0.23744224 0.003492 1789363864.314284801 173.615 10.958 0.041 0.00000 -1 ACTUAL_TF
50.4726 0.0345718 -1.5917288 0.6575023 -0.45122804 0.74393166 -0.43194781 -0.23744477 0.003424 1789363864.370341539 173.798 10.776 0.030 0.00000 -1 ACTUAL_TF
50.5326 0.0345647 -1.5914997 0.6574967 -0.45124062 0.74393033 -0.43193769 -0.23744348 0.003625 1789363864.426342249 174.027 10.547 0.028 0.00000 -1 ACTUAL_TF
50.5825 0.0345526 -1.5912823 0.6574962 -0.45122422 0.74394224 -0.43193764 -0.23743743 0.003700 1789363864.482525110 174.244 10.329 0.023 0.00000 -1 ACTUAL_TF
50.6442 0.0345408 -1.5911204 0.6575094 -0.45122654 0.74393278 -0.43194515 -0.23744898 0.003463 1789363864.538487196 174.407 10.167 0.018 0.00000 -1 ACTUAL_TF
50.7009 0.0345277 -1.5909128 0.6575148 -0.45122028 0.74393316 -0.43194938 -0.23745200 0.003542 1789363864.594331026 174.615 9.959 0.014 0.00000 -1 ACTUAL_TF
50.7514 0.0345284 -1.5907568 0.6575248 -0.45121221 0.74393016 -0.43196129 -0.23745505 0.003315 1789363864.650455236 174.771 9.803 0.024 0.00000 -1 ACTUAL_TF
50.8075 0.0345077 -1.5905306 0.6575246 -0.45121365 0.74393102 -0.43195709 -0.23745726 0.003539 1789363864.706407309 174.997 9.576 0.016 0.00000 -1 ACTUAL_TF
50.8672 0.0344924 -1.5903349 0.6575227 -0.45121214 0.74393780 -0.43194826 -0.23745496 0.003531 1789363864.762284994 175.193 9.380 0.016 0.00000 -1 ACTUAL_TF
50.9251 0.0344840 -1.5901154 0.6575223 -0.45121576 0.74393757 -0.43194467 -0.23745534 0.003648 1789363864.818314075 175.413 9.160 0.015 0.00000 -1 ACTUAL_TF
50.9753 0.0344755 -1.5898973 0.6575195 -0.45121556 0.74394188 -0.43193968 -0.23745130 0.003721 1789363864.874423027 175.631 8.942 0.015 0.00000 -1 ACTUAL_TF
51.0343 0.0344718 -1.5897314 0.6575236 -0.45121602 0.74393913 -0.43194232 -0.23745423 0.003494 1789363864.930378437 175.797 8.776 0.015 0.00000 -1 ACTUAL_TF
51.0947 0.0344659 -1.5895126 0.6575183 -0.45121656 0.74394525 -0.43193370 -0.23744969 0.003620 1789363864.986342430 176.016 8.557 0.013 0.00000 -1 ACTUAL_TF
51.1432 0.0344613 -1.5893342 0.6575212 -0.45121934 0.74394529 -0.43193204 -0.23744731 0.003490 1789363865.042342186 176.194 8.379 0.013 0.00000 -1 ACTUAL_TF
51.2031 0.0344516 -1.5891023 0.6575190 -0.45121884 0.74394947 -0.43192675 -0.23744481 0.003686 1789363865.098360777 176.426 8.147 0.017 0.00000 -1 ACTUAL_TF
51.2554 0.0344465 -1.5889140 0.6575189 -0.45122949 0.74394455 -0.43192308 -0.23744663 0.003589 1789363865.154373169 176.615 7.959 0.018 0.00000 -1 ACTUAL_TF
51.3187 0.0344422 -1.5887088 0.6575223 -0.45122082 0.74394865 -0.43192662 -0.23744381 0.003609 1789363865.210534096 176.820 7.753 0.016 0.00000 -1 ACTUAL_TF
51.3695 0.0344412 -1.5885394 0.6575285 -0.45122448 0.74394504 -0.43192780 -0.23744604 0.003437 1789363865.266377449 176.989 7.584 0.011 0.00000 -1 ACTUAL_TF
51.4253 0.0344388 -1.5883205 0.6575272 -0.45122840 0.74394576 -0.43192385 -0.23744351 0.003579 1789363865.322378397 177.208 7.365 0.011 0.00000 -1 ACTUAL_TF
51.4847 0.0344363 -1.5880987 0.6575261 -0.45123095 0.74394725 -0.43192100 -0.23743921 0.003694 1789363865.378357172 177.430 7.143 0.013 0.00000 -1 ACTUAL_TF
51.5413 0.0344367 -1.5879237 0.6575367 -0.45122402 0.74394647 -0.43192924 -0.23743982 0.003523 1789363865.434425592 177.605 6.968 0.005 0.00000 -1 ACTUAL_TF
51.5973 0.0344276 -1.5877156 0.6575403 -0.45122270 0.74394604 -0.43193033 -0.23744169 0.003583 1789363865.490434408 177.813 6.760 0.003 0.00000 -1 ACTUAL_TF
51.6470 0.0344242 -1.5875248 0.6575319 -0.45122781 0.74395224 -0.43191876 -0.23743361 0.003532 1789363865.546383858 178.004 6.569 0.014 0.00000 -1 ACTUAL_TF
51.7059 0.0344236 -1.5873409 0.6575461 -0.45121979 0.74394632 -0.43193414 -0.23743941 0.003462 1789363865.602337122 178.188 6.385 0.007 0.00000 -1 ACTUAL_TF
51.7596 0.0344102 -1.5871468 0.6575435 -0.45122307 0.74395131 -0.43192367 -0.23743658 0.003464 1789363865.658427238 178.382 6.191 0.007 0.00000 -1 ACTUAL_TF
51.8194 0.0344046 -1.5869455 0.6575534 -0.45121091 0.74395198 -0.43193472 -0.23743749 0.003502 1789363865.714571953 178.584 5.989 0.001 0.00000 -1 ACTUAL_TF
51.8724 0.0343996 -1.5867209 0.6575565 -0.45121844 0.74394697 -0.43193415 -0.23743993 0.003659 1789363865.770370960 178.809 5.765 0.001 0.00000 -1 ACTUAL_TF
51.9326 0.0343939 -1.5865520 0.6575640 -0.45120858 0.74394809 -0.43194160 -0.23744159 0.003468 1789363865.826336861 178.978 5.596 0.006 0.00000 -1 ACTUAL_TF
51.9855 0.0343849 -1.5863385 0.6575631 -0.45120791 0.74395162 -0.43193740 -0.23743945 0.003573 1789363865.882332563 179.191 5.382 0.004 0.00000 -1 ACTUAL_TF
52.0400 0.0343872 -1.5861751 0.6575723 -0.45120618 0.74394908 -0.43194311 -0.23744031 0.003378 1789363865.938285589 179.355 5.219 0.010 0.00000 -1 ACTUAL_TF
52.0995 0.0343807 -1.5859685 0.6575813 -0.45120324 0.74394517 -0.43195071 -0.23744431 0.003472 1789363865.994351387 179.562 5.012 0.016 0.00000 -1 ACTUAL_TF
52.1497 0.0343671 -1.5857729 0.6575761 -0.45120402 0.74395154 -0.43194110 -0.23744038 0.003482 1789363866.050329208 179.757 4.816 0.009 0.00000 -1 ACTUAL_TF
52.2083 0.0343632 -1.5855457 0.6575834 -0.45119916 0.74395057 -0.43194713 -0.23744165 0.003653 1789363866.106443405 179.985 4.589 0.013 0.00000 -1 ACTUAL_TF
52.2680 0.0343621 -1.5853772 0.6575924 -0.45119306 0.74394829 -0.43195650 -0.23744335 0.003462 1789363866.162402153 180.153 4.420 0.019 0.00000 -1 ACTUAL_TF
52.3159 0.0343618 -1.5851574 0.6575919 -0.45119704 0.74394894 -0.43195252 -0.23744099 0.003602 1789363866.218300343 180.373 4.200 0.018 0.00000 -1 ACTUAL_TF
52.3750 0.0343630 -1.5849421 0.6575951 -0.45119520 0.74394978 -0.43195431 -0.23743861 0.003674 1789363866.274372101 180.588 3.985 0.023 0.00000 -1 ACTUAL_TF
52.4371 0.0343689 -1.5847618 0.6575956 -0.45120091 0.74394801 -0.43195347 -0.23743483 0.003539 1789363866.330312252 180.768 3.805 0.030 0.00000 -1 ACTUAL_TF
52.4957 0.0343642 -1.5845291 0.6575920 -0.45120860 0.74394942 -0.43194512 -0.23743098 0.003720 1789363866.386515141 181.001 3.573 0.029 0.00000 -1 ACTUAL_TF
52.5439 0.0343476 -1.5843265 0.6575836 -0.45121243 0.74395714 -0.43193047 -0.23742617 0.003698 1789363866.442324877 181.204 3.370 0.018 0.00000 -1 ACTUAL_TF
52.5956 0.0343480 -1.5840958 0.6575863 -0.45121509 0.74395602 -0.43193009 -0.23742531 0.003822 1789363866.498404503 181.434 3.139 0.025 0.00000 -1 ACTUAL_TF
52.6561 0.0343422 -1.5839357 0.6575927 -0.45120909 0.74395611 -0.43193522 -0.23742710 0.003535 1789363866.554383516 181.595 2.979 0.023 0.00000 -1 ACTUAL_TF
52.7136 0.0343413 -1.5837172 0.6575963 -0.45120921 0.74395568 -0.43193641 -0.23742605 0.003644 1789363866.610414505 181.813 2.760 0.029 0.00000 -1 ACTUAL_TF
52.7727 0.0343434 -1.5835343 0.6575972 -0.45121521 0.74395362 -0.43193454 -0.23742451 0.003533 1789363866.666334867 181.996 2.578 0.036 0.00000 -1 ACTUAL_TF
52.8233 0.0343400 -1.5833187 0.6575996 -0.45121249 0.74395606 -0.43193440 -0.23742229 0.003628 1789363866.722344160 182.211 2.362 0.039 0.00000 -1 ACTUAL_TF
52.8763 0.0343177 -1.5830761 0.6575957 -0.45121197 0.74396322 -0.43192435 -0.23741913 0.003840 1789363866.778571844 182.455 2.119 0.024 0.00000 -1 ACTUAL_TF
52.9323 0.0343159 -1.5829009 0.6576028 -0.45120999 0.74396055 -0.43192971 -0.23742151 0.003631 1789363866.834322453 182.630 1.944 0.027 0.00000 -1 ACTUAL_TF
52.9960 0.0343081 -1.5826824 0.6576017 -0.45120734 0.74396621 -0.43192478 -0.23741776 0.003713 1789363866.890321016 182.848 1.725 0.026 0.00000 -1 ACTUAL_TF
53.0457 0.0343008 -1.5825165 0.6576124 -0.45119950 0.74396387 -0.43193427 -0.23742273 0.003491 1789363866.946281433 183.015 1.559 0.023 0.00000 -1 ACTUAL_TF
53.1055 0.0342920 -1.5822966 0.6576102 -0.45120447 0.74396600 -0.43192657 -0.23742060 0.003622 1789363867.002311468 183.235 1.339 0.020 0.00000 -1 ACTUAL_TF
53.1633 0.0343011 -1.5821334 0.6576207 -0.45120304 0.74395991 -0.43193780 -0.23742201 0.003412 1789363867.058369637 183.398 1.176 0.035 0.00000 -1 ACTUAL_TF
53.2122 0.0342890 -1.5819325 0.6576316 -0.45120104 0.74395434 -0.43194485 -0.23743044 0.003468 1789363867.114363194 183.599 0.975 0.032 0.00000 -1 ACTUAL_TF
53.2712 0.0342905 -1.5817090 0.6576384 -0.45120786 0.74394747 -0.43194813 -0.23743302 0.003624 1789363867.170461655 183.822 0.751 0.040 0.00000 -1 ACTUAL_TF
53.3262 0.0342848 -1.5815254 0.6576436 -0.45121164 0.74394328 -0.43194984 -0.23743586 0.003524 1789363867.226315022 184.006 0.567 0.042 0.00000 -1 ACTUAL_TF
53.3838 0.0342808 -1.5813266 0.6576520 -0.45121425 0.74393725 -0.43195481 -0.23744076 0.003532 1789363867.282328129 184.205 0.368 0.046 0.00000 -1 ACTUAL_TF
53.4462 0.0342751 -1.5811766 0.6576648 -0.45120729 0.74393240 -0.43196625 -0.23744835 0.003280 1789363867.338329315 184.355 0.218 0.053 0.00000 -1 ACTUAL_TF
53.4924 0.0342675 -1.5809666 0.6576624 -0.45121017 0.74393605 -0.43195862 -0.23744533 0.003421 1789363867.394358397 184.565 0.008 0.048 0.00000 -1 ACTUAL_TF
53.5494 0.0342711 -1.5808139 0.6576779 -0.45120666 0.74392692 -0.43197493 -0.23745094 0.003218 1789363867.450320482 184.718 -0.145 0.063 0.00000 -1 ACTUAL_TF
53.6094 0.0342592 -1.5805936 0.6576811 -0.45121309 0.74392362 -0.43197270 -0.23745311 0.003435 1789363867.506319761 184.939 -0.365 0.060 0.00000 -1 ACTUAL_TF
53.6627 0.0342496 -1.5804224 0.6576873 -0.45121151 0.74392182 -0.43197505 -0.23745748 0.003322 1789363867.562393665 185.110 -0.537 0.061 0.00000 -1 ACTUAL_TF
53.7204 0.0342416 -1.5802330 0.6576932 -0.45120742 0.74392223 -0.43197822 -0.23745821 0.003341 1789363867.618407965 185.300 -0.726 0.063 0.00000 -1 ACTUAL_TF
53.7806 0.0342408 -1.5800498 0.6577000 -0.45120516 0.74392059 -0.43198318 -0.23745861 0.003322 1789363867.674356699 185.483 -0.909 0.069 0.00000 -1 ACTUAL_TF
53.8298 0.0342227 -1.5798819 0.6577038 -0.45120274 0.74392157 -0.43198236 -0.23746163 0.003229 1789363867.730404615 185.651 -1.078 0.065 0.00000 -1 ACTUAL_TF
53.8892 0.0342057 -1.5796630 0.6576946 -0.45120730 0.74393065 -0.43196540 -0.23745536 0.003438 1789363867.786382914 185.870 -1.297 0.051 0.00000 -1 ACTUAL_TF
53.9513 0.0341981 -1.5794877 0.6576910 -0.45120908 0.74393572 -0.43195744 -0.23745058 0.003346 1789363867.842441559 186.046 -1.472 0.044 0.00000 -1 ACTUAL_TF
53.9997 0.0341904 -1.5792959 0.6576921 -0.45120948 0.74393782 -0.43195412 -0.23744928 0.003361 1789363867.898961782 186.238 -1.664 0.043 0.00000 -1 ACTUAL_TF
54.0533 0.0341844 -1.5791347 0.6576918 -0.45120598 0.74394305 -0.43195095 -0.23744532 0.003225 1789363867.954411268 186.399 -1.826 0.040 0.00000 -1 ACTUAL_TF
54.1104 0.0341774 -1.5789472 0.6576940 -0.45120850 0.74394287 -0.43194832 -0.23744586 0.003265 1789363868.010317802 186.587 -2.013 0.040 0.00000 -1 ACTUAL_TF
54.1672 0.0341732 -1.5787723 0.6576982 -0.45120506 0.74394435 -0.43194961 -0.23744544 0.003224 1789363868.066229820 186.762 -2.188 0.042 0.00000 -1 ACTUAL_TF
54.2251 0.0341589 -1.5786053 0.6576944 -0.45120914 0.74394813 -0.43193934 -0.23744452 0.003153 1789363868.122389078 186.929 -2.356 0.037 0.00000 -1 ACTUAL_TF
54.2784 0.0341569 -1.5784402 0.6577046 -0.45120574 0.74394422 -0.43194800 -0.23744746 0.003094 1789363868.178363085 187.094 -2.521 0.044 0.00000 -1 ACTUAL_TF
54.3397 0.0341468 -1.5782777 0.6576993 -0.45121253 0.74394761 -0.43193666 -0.23744459 0.003037 1789363868.234437227 187.257 -2.683 0.038 0.00000 -1 ACTUAL_TF
54.3864 0.0341448 -1.5781407 0.6577057 -0.45120778 0.74394738 -0.43194141 -0.23744567 0.002927 1789363868.285791636 187.394 -2.820 0.042 0.00000 -1 ACTUAL_TF
54.4460 0.0341406 -1.5779827 0.6577093 -0.45120727 0.74394744 -0.43194141 -0.23744647 0.002950 1789363868.338411093 187.552 -2.979 0.044 0.00000 -1 ACTUAL_TF
54.4979 0.0341330 -1.5778384 0.6577110 -0.45120612 0.74394932 -0.43193974 -0.23744581 0.002841 1789363868.394304514 187.696 -3.123 0.044 0.00000 -1 ACTUAL_TF
54.5542 0.0341284 -1.5776709 0.6577124 -0.45120831 0.74394979 -0.43193682 -0.23744549 0.002885 1789363868.450383902 187.864 -3.291 0.044 0.00000 -1 ACTUAL_TF
54.6106 0.0341255 -1.5775325 0.6577113 -0.45121025 0.74395222 -0.43193190 -0.23744314 0.002762 1789363868.506317616 188.002 -3.429 0.041 0.00000 -1 ACTUAL_TF
54.6679 0.0341302 -1.5773637 0.6577166 -0.45121292 0.74394906 -0.43193546 -0.23744147 0.002837 1789363868.562407732 188.171 -3.598 0.043 0.00000 -1 ACTUAL_TF
54.7189 0.0341318 -1.5772356 0.6577189 -0.45120996 0.74395130 -0.43193619 -0.23743875 0.002673 1789363868.618389368 188.299 -3.726 0.044 0.00000 -1 ACTUAL_TF
54.7752 0.0341287 -1.5770610 0.6577207 -0.45121709 0.74394860 -0.43193343 -0.23743867 0.002807 1789363868.674347639 188.474 -3.900 0.044 0.00000 -1 ACTUAL_TF
54.8405 0.0341255 -1.5769406 0.6577290 -0.45121321 0.74394596 -0.43194004 -0.23744230 0.002611 1789363868.730377436 188.594 -4.021 0.050 0.00000 -1 ACTUAL_TF
54.8885 0.0341263 -1.5767803 0.6577316 -0.45121436 0.74394612 -0.43193985 -0.23743997 0.002687 1789363868.786356211 188.754 -4.181 0.052 0.00000 -1 ACTUAL_TF
54.9481 0.0341194 -1.5766261 0.6577377 -0.45121729 0.74394192 -0.43194231 -0.23744308 0.002709 1789363868.842320919 188.909 -4.335 0.056 0.00000 -1 ACTUAL_TF
55.0049 0.0341144 -1.5764957 0.6577428 -0.45120960 0.74394472 -0.43194598 -0.23744227 0.002596 1789363868.898332834 189.039 -4.466 0.059 0.00000 -1 ACTUAL_TF
55.0534 0.0341115 -1.5763559 0.6577497 -0.45120652 0.74394335 -0.43195107 -0.23744314 0.002567 1789363868.954370975 189.179 -4.606 0.064 0.00000 -1 ACTUAL_TF
55.1288 0.0341082 -1.5762455 0.6577575 -0.45120892 0.74393712 -0.43195600 -0.23744914 0.002390 1789363869.010354757 189.290 -4.716 0.070 0.00000 -1 ACTUAL_TF
55.1667 0.0341166 -1.5761510 0.6577621 -0.45120643 0.74393652 -0.43196140 -0.23744589 0.002182 1789363869.066359758 189.384 -4.811 0.076 0.00000 -1 ACTUAL_TF
55.2289 0.0341118 -1.5760851 0.6577603 -0.45120474 0.74394050 -0.43195772 -0.23744337 0.001881 1789363869.122470379 189.450 -4.877 0.073 0.00000 -1 ACTUAL_TF
55.2879 0.0341149 -1.5760530 0.6577644 -0.45120228 0.74393902 -0.43196285 -0.23744334 0.001491 1789363869.178456306 189.482 -4.909 0.077 0.00000 -1 ACTUAL_TF
55.3480 0.0341163 -1.5760365 0.6577664 -0.45120165 0.74393792 -0.43196467 -0.23744467 0.001130 1789363869.236012459 189.499 -4.925 0.080 0.00000 -1 ACTUAL_TF
