WELD FEEDBACK LOG
result=completed
started=2026-09-14 12:07:27
ended=2026-09-14 12:08:23
elapsed_seconds=56.087

================ OPERATOR OVERVIEW ================
REQUESTED : 100 A / 10.0 V · FE-SOLID 1.2 mm · LSM · CO2 100%
RX ECHO   : 100 A / 10.0 V · MATCH=YES
CURRENT FB: avg 76.27 · min 1.00 · max 187.00 A
VOLTAGE FB: avg 18.07 · min 3.00 · max 60.90 V
WIRE FEED : avg 3.20 · min 3.20 · max 3.20 m/min
WCR       : DETECTED
SAMPLES   : RX 1403 / welding 1323 / TCP 985
===================================================

[commanded]
current_a=100
voltage_tenths=100
voltage=10.0
material=FE-SOLID
diameter_mm=1.2
mode=LSM
gas=CO2 100%
synergic=False
correction=0.0
pre_gas_s=0.0
post_gas_s=0.0
preflow_seconds=0.0

[rx_setting_echo]
current_a=100
voltage_v=10.0

[rx_welding_setting_echo]
current_a=100
voltage_v=10.0

[execution_conditions]
mode=sequence_execute
run_all=True
touch_io_backend=fastech_ethernet
touch_input_port=4
touch_sensing_output_port=0
fastech_ip=192.168.0.3
fastech_poll_target_hz=100.0
hicomm_source_ip=192.168.1.2
hicomm_welder_ip=192.168.1.10
hicomm_port=60000
gui_velocity_percent=36.95263157894737
gui_speed_mode=scale
gui_tcp_speed_mm_s=10.0
gui_interpolation_step_mm=6.0
seam_wall_offset_mm=0.0
seam_floor_offset_mm=0.0
seam_orientation_mode=Wait poses + fixed World-XYZ tilt
weld_fixed_tilt_x_deg=0.0
weld_fixed_tilt_y_deg=0.0
weld_fixed_tilt_z_deg=-0.0
weld_weave_enabled=False
weld_weave_pattern=circle
weld_weave_amplitude_mm=2.8
weld_weave_cycles=4
weld_weave_samples_per_cycle=8
weld_weave_axis=tool_x
weld_lead_in_mm=0.0
weld_lead_out_mm=5.0
weld_safe_approach_mm=30.0
weld_approach_mode=taught_wait
weld_pre_start_lead_mm=0.0
weld_tcp_speed_mm_s=3.5
weld_adaptive_line_energy=False
weld_adaptive_min_percent=85.0
weld_adaptive_max_percent=100.0
weld_adaptive_filter_tau_s=0.7
weld_adaptive_baseline_mm=6.0
weld_arc_off_delay_ms=500.0
weld_arc_stabilize_s=0.0
tcp_tracking.parent_frame=World
tcp_tracking.child_frame=right_manipulator_ee_point
tcp_tracking.timestamp_source=TF_header_stamp
initial_fastech_di0=False
initial_fastech_do0=False
robot_connected.left=True
robot_connected.right=True
robot_connected.head=True
hicomm_connected=True
execution_allowed=True
steps[0].sequence_number=1
steps[0].type=named_pose
steps[0].parallel_slot=1
steps[0].duration=0.0
steps[0].planning_group=right_manipulator
steps[0].velocity_scale=0.3695263157894737
steps[0].tcp_speed_m_s=0.0
steps[0].pose_name=weld_start_wait
steps[0].pose_label=3 · Weld start wait pose
steps[0].touch_guard=False
steps[0].continue_after_touch=False
steps[0].weld_scenario_id=weld-9703259113299
steps[0].weld_scenario_stage=start_wait
steps[0].target_tcp.position_m.x=0.03555377922684433
steps[0].target_tcp.position_m.y=-1.7629982231980013
steps[0].target_tcp.position_m.z=0.6634279946324684
steps[0].target_tcp.orientation_xyzw.x=-0.45144924746906906
steps[0].target_tcp.orientation_xyzw.y=0.7437969507722324
steps[0].target_tcp.orientation_xyzw.z=-0.43211738686962725
steps[0].target_tcp.orientation_xyzw.w=-0.23713759074955934
steps[0].joint_names[0]=right_manipulator_joint1
steps[0].joint_names[1]=right_manipulator_joint2
steps[0].joint_names[2]=right_manipulator_joint3
steps[0].joint_names[3]=right_manipulator_joint4
steps[0].joint_names[4]=right_manipulator_joint5
steps[0].joint_names[5]=right_manipulator_joint6
steps[0].joint_positions_rad[0]=5.0539883923514095
steps[0].joint_positions_rad[1]=1.1962923611377574
steps[0].joint_positions_rad[2]=1.7691810553492973
steps[0].joint_positions_rad[3]=3.479269761903044
steps[0].joint_positions_rad[4]=0.8634793168184542
steps[0].joint_positions_rad[5]=1.5028455052654157
steps[1].sequence_number=2
steps[1].type=motion
steps[1].parallel_slot=2
steps[1].duration=0.0
steps[1].planning_group=right_manipulator
steps[1].velocity_scale=0.3695263157894737
steps[1].tcp_speed_m_s=0.0
steps[1].interpolation_step=0.006
steps[1].path_kind=taught_wait_align_weld_attitude
steps[1].touch_guard=False
steps[1].continue_after_touch=False
steps[1].accept_initial_touch=False
steps[1].weld_scenario_id=weld-9703259113299
steps[1].weld_scenario_stage=start_safe
steps[1].waypoint_count=1
steps[1].waypoints[0].position_m.x=0.03555377922684433
steps[1].waypoints[0].position_m.y=-1.7629982231980013
steps[1].waypoints[0].position_m.z=0.6634279946324684
steps[1].waypoints[0].orientation_xyzw.x=-0.4514482126691748
steps[1].waypoints[0].orientation_xyzw.y=0.7437903121013001
steps[1].waypoints[0].orientation_xyzw.z=-0.43212868422881806
steps[1].waypoints[0].orientation_xyzw.w=-0.23713979667851745
steps[2].sequence_number=3
steps[2].type=motion
steps[2].parallel_slot=3
steps[2].duration=0.0
steps[2].planning_group=right_manipulator
steps[2].velocity_scale=0.3695263157894737
steps[2].tcp_speed_m_s=0.0
steps[2].interpolation_step=0.006
steps[2].path_kind=taught_wait_to_weld_start
steps[2].touch_guard=False
steps[2].continue_after_touch=True
steps[2].accept_initial_touch=False
steps[2].weld_scenario_id=weld-9703259113299
steps[2].weld_scenario_stage=start_contact
steps[2].waypoint_count=1
steps[2].waypoints[0].position_m.x=0.035558048364724315
steps[2].waypoints[0].position_m.y=-1.7630072241246002
steps[2].waypoints[0].position_m.z=0.6585365274538237
steps[2].waypoints[0].orientation_xyzw.x=-0.4514482126691748
steps[2].waypoints[0].orientation_xyzw.y=0.7437903121013001
steps[2].waypoints[0].orientation_xyzw.z=-0.43212868422881806
steps[2].waypoints[0].orientation_xyzw.w=-0.23713979667851745
steps[3].sequence_number=4
steps[3].type=digital_output
steps[3].parallel_slot=4
steps[3].duration=0.0
steps[3].port=0
steps[3].value=False
steps[3].weld_scenario_id=weld-9703259113299
steps[3].weld_scenario_stage=touch_output_off
steps[4].sequence_number=5
steps[4].type=digital_weld
steps[4].parallel_slot=5
steps[4].duration=0.0
steps[4].command=on
steps[4].weld_scenario_id=weld-9703259113299
steps[4].weld_scenario_stage=arc_on
steps[4].arc_stabilize_s=0.0
steps[4].settings.current_a=100
steps[4].settings.voltage_tenths=100
steps[4].settings.voltage=10.0
steps[4].settings.material=FE-SOLID
steps[4].settings.diameter_mm=1.2
steps[4].settings.mode=LSM
steps[4].settings.gas=CO2 100%
steps[4].settings.synergic=False
steps[4].settings.correction=0.0
steps[4].settings.pre_gas_s=0.0
steps[4].settings.post_gas_s=0.0
steps[4].settings.preflow_seconds=0.0
steps[5].sequence_number=6
steps[5].type=motion
steps[5].parallel_slot=5
steps[5].duration=0.0
steps[5].planning_group=right_manipulator
steps[5].velocity_scale=0.3695263157894737
steps[5].tcp_speed_m_s=0.0035
steps[5].interpolation_step=0.006
steps[5].path_kind=continuous_lead_to_lead_over_taught_goal_fastech_di0_ignored
steps[5].touch_guard=False
steps[5].weld_scenario_id=weld-9703259113299
steps[5].weld_scenario_stage=weld_motion
steps[5].lead_in_mm=0.0
steps[5].lead_out_mm=5.0
steps[5].linear_motion_profile=True
steps[5].adaptive_line_energy=False
steps[5].adaptive_min_factor=0.85
steps[5].adaptive_max_factor=1.0
steps[5].adaptive_filter_tau_s=0.7
steps[5].adaptive_baseline_mm=6.0
steps[5].adaptive_end_freeze_mm=10.0
steps[5].adaptive_current_deadband_a=8.0
steps[5].adaptive_power_deadband_ratio=0.05
steps[5].adaptive_slew_m_s2=0.00025
steps[5].adaptive_update_period_s=0.5
steps[5].arc_stabilize_s=0.0
steps[5].waypoint_count=2
steps[5].waypoints[0].position_m.x=0.035558048364724315
steps[5].waypoints[0].position_m.y=-1.7630072241246002
steps[5].waypoints[0].position_m.z=0.6585365274538237
steps[5].waypoints[0].orientation_xyzw.x=-0.4514482126691748
steps[5].waypoints[0].orientation_xyzw.y=0.7437903121013001
steps[5].waypoints[0].orientation_xyzw.z=-0.43212868422881806
steps[5].waypoints[0].orientation_xyzw.w=-0.23713979667851745
steps[5].waypoints[1].position_m.x=0.028884580893884924
steps[5].waypoints[1].position_m.y=-1.5771631187036232
steps[5].waypoints[1].position_m.z=0.661586947189671
steps[5].waypoints[1].orientation_xyzw.x=-0.4520499302428043
steps[5].waypoints[1].orientation_xyzw.y=0.7431380642941273
steps[5].waypoints[1].orientation_xyzw.z=-0.432630320837748
steps[5].waypoints[1].orientation_xyzw.w=-0.23712377244063995
steps[5].lead_start.position_m.x=0.035558048364724315
steps[5].lead_start.position_m.y=-1.7630072241246002
steps[5].lead_start.position_m.z=0.6585365274538237
steps[5].lead_start.orientation_xyzw.x=-0.4514482126691748
steps[5].lead_start.orientation_xyzw.y=0.7437903121013001
steps[5].lead_start.orientation_xyzw.z=-0.43212868422881806
steps[5].lead_start.orientation_xyzw.w=-0.23713979667851745
steps[5].usable_seam_start.position_m.x=0.035558048364724315
steps[5].usable_seam_start.position_m.y=-1.7630072241246002
steps[5].usable_seam_start.position_m.z=0.6585365274538237
steps[5].usable_seam_start.orientation_xyzw.x=-0.4514482126691748
steps[5].usable_seam_start.orientation_xyzw.y=0.7437903121013001
steps[5].usable_seam_start.orientation_xyzw.z=-0.43212868422881806
steps[5].usable_seam_start.orientation_xyzw.w=-0.23713979667851745
steps[5].usable_seam_goal.position_m.x=0.02906398588502268
steps[5].usable_seam_goal.position_m.y=-1.5821592260843431
steps[5].usable_seam_goal.position_m.z=0.6615049417662435
steps[5].usable_seam_goal.orientation_xyzw.x=-0.4520499302428043
steps[5].usable_seam_goal.orientation_xyzw.y=0.7431380642941273
steps[5].usable_seam_goal.orientation_xyzw.z=-0.432630320837748
steps[5].usable_seam_goal.orientation_xyzw.w=-0.23712377244063995
steps[5].lead_end.position_m.x=0.028884580893884924
steps[5].lead_end.position_m.y=-1.5771631187036232
steps[5].lead_end.position_m.z=0.661586947189671
steps[5].lead_end.orientation_xyzw.x=-0.4520499302428043
steps[5].lead_end.orientation_xyzw.y=0.7431380642941273
steps[5].lead_end.orientation_xyzw.z=-0.432630320837748
steps[5].lead_end.orientation_xyzw.w=-0.23712377244063995
steps[6].sequence_number=7
steps[6].type=digital_weld
steps[6].parallel_slot=5
steps[6].duration=0.0
steps[6].velocity_scale=0.3695263157894737
steps[6].tcp_speed_m_s=0.0035
steps[6].command=off
steps[6].weld_scenario_id=weld-9703259113299
steps[6].weld_scenario_stage=arc_off
steps[6].adaptive_line_energy=False
steps[6].trigger_before_goal=True
steps[6].arc_off_delay_s=0.5
steps[6].settings.current_a=100
steps[6].settings.voltage_tenths=100
steps[6].settings.voltage=10.0
steps[6].settings.material=FE-SOLID
steps[6].settings.diameter_mm=1.2
steps[6].settings.mode=LSM
steps[6].settings.gas=CO2 100%
steps[6].settings.synergic=False
steps[6].settings.correction=0.0
steps[6].settings.pre_gas_s=0.0
steps[6].settings.post_gas_s=0.0
steps[6].settings.preflow_seconds=0.0
steps[7].sequence_number=8
steps[7].type=motion
steps[7].parallel_slot=6
steps[7].duration=0.0
steps[7].planning_group=right_manipulator
steps[7].velocity_scale=0.3695263157894737
steps[7].tcp_speed_m_s=0.0
steps[7].interpolation_step=0.006
steps[7].path_kind=weld_end_to_taught_wait_fixed_attitude
steps[7].pose_name=weld_goal_wait
steps[7].pose_label=5 · Weld goal wait pose
steps[7].touch_guard=False
steps[7].continue_after_touch=False
steps[7].weld_scenario_id=weld-9703259113299
steps[7].weld_scenario_stage=goal_wait
steps[7].waypoint_count=1
steps[7].waypoints[0].position_m.x=0.02905242072422909
steps[7].waypoints[0].position_m.y=-1.5821314542364806
steps[7].waypoints[0].position_m.z=0.664654885759401
steps[7].waypoints[0].orientation_xyzw.x=-0.4520499302428043
steps[7].waypoints[0].orientation_xyzw.y=0.7431380642941273
steps[7].waypoints[0].orientation_xyzw.z=-0.432630320837748
steps[7].waypoints[0].orientation_xyzw.w=-0.23712377244063995
steps[8].sequence_number=9
steps[8].type=named_pose
steps[8].parallel_slot=7
steps[8].duration=0.0
steps[8].planning_group=right_manipulator
steps[8].velocity_scale=0.3695263157894737
steps[8].tcp_speed_m_s=0.0
steps[8].pose_name=weld_finish
steps[8].pose_label=7 · Weld end pose
steps[8].touch_guard=False
steps[8].continue_after_touch=False
steps[8].weld_scenario_id=weld-9703259113299
steps[8].weld_scenario_stage=finish
steps[8].target_tcp.position_m.x=0.030481985415025448
steps[8].target_tcp.position_m.y=-1.5794638403622467
steps[8].target_tcp.position_m.z=0.7023869455098894
steps[8].target_tcp.orientation_xyzw.x=-0.45147309409624453
steps[8].target_tcp.orientation_xyzw.y=0.7437978870162864
steps[8].target_tcp.orientation_xyzw.z=-0.4320835314365064
steps[8].target_tcp.orientation_xyzw.w=-0.23715094441858917
steps[8].joint_names[0]=right_manipulator_joint1
steps[8].joint_names[1]=right_manipulator_joint2
steps[8].joint_names[2]=right_manipulator_joint3
steps[8].joint_names[3]=right_manipulator_joint4
steps[8].joint_names[4]=right_manipulator_joint5
steps[8].joint_names[5]=right_manipulator_joint6
steps[8].joint_positions_rad[0]=5.124612228667003
steps[8].joint_positions_rad[1]=1.1314740828404823
steps[8].joint_positions_rad[2]=2.009594593804838
steps[8].joint_positions_rad[3]=3.5103403297087805
steps[8].joint_positions_rad[4]=1.0303149075192313
steps[8].joint_positions_rad[5]=1.5702723498504234
steps[9].sequence_number=10
steps[9].type=digital_output
steps[9].parallel_slot=8
steps[9].duration=0.0
steps[9].port=0
steps[9].value=True
steps[9].weld_scenario_id=weld-9703259113299
steps[9].weld_scenario_stage=touch_output_on
hicomm_cyclic_period_ms=40.0
arc_wait_recognition=True
arc_wait_main_welding=True
arc_wait_established=True
arc_establishment_timeout_s=5.0

[summary]
rx_samples=1403
welding_samples=1323
wcr_seen=1
current_a.min=1.0
current_a.average=76.2737003058104
current_a.max=187.0
voltage_v.min=3.0
voltage_v.average=18.07195767195764
voltage_v.max=60.9
wire_feed_m_min.min=3.2
wire_feed_m_min.average=3.199999999999922
wire_feed_m_min.max=3.2

[arc_off_control]
arc_established_elapsed_s=0.8518967020008859
delay_s=0.5
speed_source=tcp_setpoint_projected_along_seam
trigger_speed_m_s=0.0035
calculated_pre_off_distance_m=0.00175
seam_length_m=0.18098890221831082
trigger_along_m=0.17923890221831082
actual_along_m=0.17944028899212164
actual_remaining_to_goal_m=0.0015486132261891827
tcp_x_m=0.02916009485788046
tcp_y_m=-1.5837055320006355
tcp_z_m=0.6615011212837671
command_elapsed_s=52.868577871000525
sequence_clear_elapsed_s=56.08407579800041
extinction_current_threshold_a=10.0
feedback_current_extinguished_elapsed_s=53.283167031999255
feedback_extinction_delay_s=0.4145891609987302
feedback_recommended_pre_off_distance_m=0.0014510620634955557
wcr_clear_elapsed_s=53.76856968900029
wcr_clear_delay_s=0.8999918179997621

[adaptive_speed_control]
enabled=False

[adaptive_speed_samples]
elapsed_s event along_mm remaining_mm filtered_current_a filtered_voltage_v power_w line_energy_j_mm governed_speed_mm_s commanded_speed_mm_s

[teaching_snapshot_yaml]
robot_start:
  planning_group: right_manipulator
  joint_state:
    names:
    - right_manipulator_joint1
    - right_manipulator_joint2
    - right_manipulator_joint3
    - right_manipulator_joint4
    - right_manipulator_joint5
    - right_manipulator_joint6
    positions_rad:
    - 5.035029881183354
    - 1.2636964356954448
    - 1.9258673391357821
    - 3.3830883675542873
    - 1.500601525730915
    - 1.8136513181797673
  tcp_pose_world:
    position_m:
      x: 0.01556545751256777
      y: -1.7159808817302935
      z: 0.7627047053950697
    orientation_xyzw:
      x: -0.32362288768645114
      y: 0.6734378245853714
      z: -0.6201634640919881
      w: -0.2390543887667213
weld_wait:
  planning_group: right_manipulator
  joint_state:
    names:
    - right_manipulator_joint1
    - right_manipulator_joint2
    - right_manipulator_joint3
    - right_manipulator_joint4
    - right_manipulator_joint5
    - right_manipulator_joint6
    positions_rad:
    - 5.0539883923514095
    - 1.1589907953295624
    - 1.7920730554474003
    - 3.4834730290515163
    - 0.8498595115296255
    - 1.4963527185278027
  tcp_pose_world:
    position_m:
      x: 0.03548682596294217
      y: -1.762881729602661
      z: 0.6962272742564597
    orientation_xyzw:
      x: -0.4514898308016516
      y: 0.743783752703836
      z: -0.43208294921709756
      w: -0.23716447223888731
weld_start_wait:
  planning_group: right_manipulator
  joint_state:
    names:
    - right_manipulator_joint1
    - right_manipulator_joint2
    - right_manipulator_joint3
    - right_manipulator_joint4
    - right_manipulator_joint5
    - right_manipulator_joint6
    positions_rad:
    - 5.0539883923514095
    - 1.1962923611377574
    - 1.7691810553492973
    - 3.479269761903044
    - 0.8634793168184542
    - 1.5028455052654157
  tcp_pose_world:
    position_m:
      x: 0.03555377922684433
      y: -1.7629982231980013
      z: 0.6634279946324684
    orientation_xyzw:
      x: -0.45144924746906906
      y: 0.7437969507722324
      z: -0.43211738686962725
      w: -0.23713759074955934
weld_start:
  planning_group: right_manipulator
  joint_state:
    names:
    - right_manipulator_joint1
    - right_manipulator_joint2
    - right_manipulator_joint3
    - right_manipulator_joint4
    - right_manipulator_joint5
    - right_manipulator_joint6
    positions_rad:
    - 5.0539883923514095
    - 1.2018473156974991
    - 1.7656726069292268
    - 3.4786772085605016
    - 0.8654347428488449
    - 1.5037453873977535
  tcp_pose_world:
    position_m:
      x: 0.035558048364724315
      y: -1.7630072241246002
      z: 0.6585365274538237
    orientation_xyzw:
      x: -0.4514482126691748
      y: 0.7437903121013001
      z: -0.43212868422881806
      w: -0.23713979667851745
weld_goal_wait:
  planning_group: right_manipulator
  joint_state:
    names:
    - right_manipulator_joint1
    - right_manipulator_joint2
    - right_manipulator_joint3
    - right_manipulator_joint4
    - right_manipulator_joint5
    - right_manipulator_joint6
    positions_rad:
    - 5.121308843650868
    - 1.178636402058859
    - 1.9796629268392738
    - 3.5018997069498834
    - 1.0474506846582097
    - 1.5769207983537519
  tcp_pose_world:
    position_m:
      x: 0.02905242072422909
      y: -1.5821314542364806
      z: 0.664654885759401
    orientation_xyzw:
      x: -0.4520789070401178
      y: 0.7431345186473195
      z: -0.43260578624162477
      w: -0.23712440345627658
weld_end:
  planning_group: right_manipulator
  joint_state:
    names:
    - right_manipulator_joint1
    - right_manipulator_joint2
    - right_manipulator_joint3
    - right_manipulator_joint4
    - right_manipulator_joint5
    - right_manipulator_joint6
    positions_rad:
    - 5.121308843650868
    - 1.182532074101427
    - 1.9772366539281572
    - 3.501607291862193
    - 1.0488745437350206
    - 1.5775739386110939
  tcp_pose_world:
    position_m:
      x: 0.02906398588502268
      y: -1.5821592260843431
      z: 0.6615049417662435
    orientation_xyzw:
      x: -0.4520499302428043
      y: 0.7431380642941273
      z: -0.432630320837748
      w: -0.23712377244063995
weld_finish:
  planning_group: right_manipulator
  joint_state:
    names:
    - right_manipulator_joint1
    - right_manipulator_joint2
    - right_manipulator_joint3
    - right_manipulator_joint4
    - right_manipulator_joint5
    - right_manipulator_joint6
    positions_rad:
    - 5.124612228667003
    - 1.1314740828404823
    - 2.009594593804838
    - 3.5103403297087805
    - 1.0303149075192313
    - 1.5702723498504234
  tcp_pose_world:
    position_m:
      x: 0.030481985415025448
      y: -1.5794638403622467
      z: 0.7023869455098894
    orientation_xyzw:
      x: -0.45147309409624453
      y: 0.7437978870162864
      z: -0.4320835314365064
      w: -0.23715094441858917

[touch_snapshot_yaml]
{}

[samples]
elapsed_s raw0 state arc gas fwd wcr current_a voltage_v wire_feed_m_min set_current_a set_voltage_v error db collision
0.014 0x00 idle 0 0 0 0 0 0.0 0.0 100 10.0 0 0 0
0.043 0x00 idle 0 0 0 0 0 0.0 0.0 100 10.0 0 0 0
0.084 0x00 idle 0 0 0 0 0 0.0 0.0 100 10.0 0 0 0
0.124 0x09 main_weld 1 1 0 0 0 0.0 0.0 100 10.0 0 0 0
0.165 0x09 main_weld 1 1 0 0 0 0.0 0.0 100 10.0 0 0 0
0.204 0x09 main_weld 1 1 0 0 0 0.0 0.0 100 10.0 0 0 0
0.249 0x09 main_weld 1 1 0 0 0 0.0 0.0 100 10.0 0 0 0
0.286 0x09 main_weld 1 1 0 0 0 0.0 0.0 100 10.0 0 0 0
0.323 0x09 main_weld 1 1 0 0 0 0.0 0.0 100 10.0 0 0 0
0.365 0x09 main_weld 1 1 0 0 0 0.0 0.0 100 10.0 0 0 0
0.405 0x09 main_weld 1 1 0 0 0 0.0 0.0 100 10.0 0 0 0
0.443 0x09 main_weld 1 1 0 0 0 0.0 0.0 100 10.0 0 0 0
0.486 0x09 main_weld 1 1 0 0 0 0.0 0.0 100 10.0 0 0 0
0.528 0x09 main_weld 1 1 0 0 0 0.0 0.0 100 10.0 0 0 0
0.565 0x09 main_weld 1 1 0 0 0 0.0 0.0 100 10.0 0 0 0
0.603 0x09 main_weld 1 1 0 0 0 0.0 0.0 100 10.0 0 0 0
0.645 0x09 main_weld 1 1 0 0 0 0.0 0.0 100 10.0 0 0 0
0.684 0x09 main_weld 1 1 0 0 0 0.0 0.0 100 10.0 0 0 0
0.728 0x09 main_weld 1 1 0 0 0 0.0 0.0 100 10.0 0 0 0
0.767 0x09 main_weld 1 1 0 0 0 0.0 0.0 100 10.0 0 0 0
0.804 0x09 main_weld 1 1 0 0 0 0.0 0.0 100 10.0 0 0 0
0.850 0x2B main_weld 1 1 1 1 0 3.1 3.2 100 10.0 0 0 0
0.889 0x2B main_weld 1 1 1 1 1 3.1 3.2 100 10.0 0 0 0
0.936 0x2B main_weld 1 1 1 1 1 3.1 3.2 100 10.0 0 0 0
0.970 0x2B main_weld 1 1 1 1 1 3.1 3.2 100 10.0 0 0 0
1.003 0x2B main_weld 1 1 1 1 1 3.1 3.2 100 10.0 0 0 0
1.043 0x2B main_weld 1 1 1 1 1 12.6 3.2 100 10.0 0 0 0
1.083 0x2B main_weld 1 1 1 1 141 12.6 3.2 100 10.0 0 0 0
1.131 0x2B main_weld 1 1 1 1 141 12.6 3.2 100 10.0 0 0 0
1.172 0x2B main_weld 1 1 1 1 74 12.6 3.2 100 10.0 0 0 0
1.205 0x2B main_weld 1 1 1 1 74 12.6 3.2 100 10.0 0 0 0
1.244 0x2B main_weld 1 1 1 1 74 12.6 3.2 100 10.0 0 0 0
1.285 0x2B main_weld 1 1 1 1 74 12.6 3.2 100 10.0 0 0 0
1.327 0x2B main_weld 1 1 1 1 3 27.3 3.2 100 10.0 0 0 0
1.369 0x2B main_weld 1 1 1 1 3 27.3 3.2 100 10.0 0 0 0
1.408 0x2B main_weld 1 1 1 1 3 27.3 3.2 100 10.0 0 0 0
1.446 0x2B main_weld 1 1 1 1 3 27.3 3.2 100 10.0 0 0 0
1.488 0x2B main_weld 1 1 1 1 3 18.8 3.2 100 10.0 0 0 0
1.525 0x2B main_weld 1 1 1 1 129 18.8 3.2 100 10.0 0 0 0
1.564 0x2B main_weld 1 1 1 1 129 18.8 3.2 100 10.0 0 0 0
1.604 0x2B main_weld 1 1 1 1 100 18.8 3.2 100 10.0 0 0 0
1.646 0x2B main_weld 1 1 1 1 100 18.8 3.2 100 10.0 0 0 0
1.685 0x2B main_weld 1 1 1 1 100 14.4 3.2 100 10.0 0 0 0
1.725 0x2B main_weld 1 1 1 1 100 14.4 3.2 100 10.0 0 0 0
1.763 0x2B main_weld 1 1 1 1 100 14.4 3.2 100 10.0 0 0 0
1.804 0x2B main_weld 1 1 1 1 25 14.4 3.2 100 10.0 0 0 0
1.844 0x2B main_weld 1 1 1 1 25 41.1 3.2 100 10.0 0 0 0
1.883 0x2B main_weld 1 1 1 1 25 41.1 3.2 100 10.0 0 0 0
1.931 0x2B main_weld 1 1 1 1 25 15.7 3.2 100 10.0 0 0 0
1.968 0x2B main_weld 1 1 1 1 96 15.7 3.2 100 10.0 0 0 0
2.003 0x2B main_weld 1 1 1 1 96 15.7 3.2 100 10.0 0 0 0
2.045 0x2B main_weld 1 1 1 1 96 15.7 3.2 100 10.0 0 0 0
2.089 0x2B main_weld 1 1 1 1 96 15.7 3.2 100 10.0 0 0 0
2.124 0x2B main_weld 1 1 1 1 96 36.0 3.2 100 10.0 0 0 0
2.163 0x2B main_weld 1 1 1 1 112 36.0 3.2 100 10.0 0 0 0
2.203 0x2B main_weld 1 1 1 1 112 36.0 3.2 100 10.0 0 0 0
2.251 0x2B main_weld 1 1 1 1 1 36.0 3.2 100 10.0 0 0 0
2.283 0x2B main_weld 1 1 1 1 1 56.8 3.2 100 10.0 0 0 0
2.329 0x2B main_weld 1 1 1 1 1 56.8 3.2 100 10.0 0 0 0
2.364 0x2B main_weld 1 1 1 1 1 56.8 3.2 100 10.0 0 0 0
2.404 0x2B main_weld 1 1 1 1 168 56.8 3.2 100 10.0 0 0 0
2.446 0x2B main_weld 1 1 1 1 168 56.8 3.2 100 10.0 0 0 0
2.491 0x2B main_weld 1 1 1 1 168 13.8 3.2 100 10.0 0 0 0
2.538 0x2B main_weld 1 1 1 1 168 13.8 3.2 100 10.0 0 0 0
2.571 0x2B main_weld 1 1 1 1 168 30.6 3.2 100 10.0 0 0 0
2.604 0x2B main_weld 1 1 1 1 82 30.6 3.2 100 10.0 0 0 0
2.648 0x2B main_weld 1 1 1 1 82 30.6 3.2 100 10.0 0 0 0
2.694 0x2B main_weld 1 1 1 1 82 30.6 3.2 100 10.0 0 0 0
2.731 0x2B main_weld 1 1 1 1 82 30.6 3.2 100 10.0 0 0 0
2.766 0x2B main_weld 1 1 1 1 44 30.8 3.2 100 10.0 0 0 0
2.809 0x2B main_weld 1 1 1 1 44 30.8 3.2 100 10.0 0 0 0
2.851 0x2B main_weld 1 1 1 1 44 30.8 3.2 100 10.0 0 0 0
2.886 0x2B main_weld 1 1 1 1 44 30.8 3.2 100 10.0 0 0 0
2.932 0x2B main_weld 1 1 1 1 44 12.0 3.2 100 10.0 0 0 0
2.963 0x2B main_weld 1 1 1 1 184 12.0 3.2 100 10.0 0 0 0
3.003 0x2B main_weld 1 1 1 1 184 12.0 3.2 100 10.0 0 0 0
3.047 0x2B main_weld 1 1 1 1 25 12.0 3.2 100 10.0 0 0 0
3.087 0x2B main_weld 1 1 1 1 25 12.0 3.2 100 10.0 0 0 0
3.125 0x2B main_weld 1 1 1 1 25 24.2 3.2 100 10.0 0 0 0
3.169 0x2B main_weld 1 1 1 1 25 24.2 3.2 100 10.0 0 0 0
3.206 0x2B main_weld 1 1 1 1 25 24.2 3.2 100 10.0 0 0 0
3.249 0x2B main_weld 1 1 1 1 42 24.2 3.2 100 10.0 0 0 0
3.285 0x2B main_weld 1 1 1 1 42 17.6 3.2 100 10.0 0 0 0
3.324 0x2B main_weld 1 1 1 1 42 17.6 3.2 100 10.0 0 0 0
3.367 0x2B main_weld 1 1 1 1 42 11.6 3.2 100 10.0 0 0 0
3.415 0x2B main_weld 1 1 1 1 187 11.6 3.2 100 10.0 0 0 0
3.455 0x2B main_weld 1 1 1 1 187 11.6 3.2 100 10.0 0 0 0
3.487 0x2B main_weld 1 1 1 1 187 11.6 3.2 100 10.0 0 0 0
3.530 0x2B main_weld 1 1 1 1 187 11.6 3.2 100 10.0 0 0 0
3.566 0x2B main_weld 1 1 1 1 187 47.2 3.2 100 10.0 0 0 0
3.605 0x2B main_weld 1 1 1 1 33 47.2 3.2 100 10.0 0 0 0
3.650 0x2B main_weld 1 1 1 1 33 47.2 3.2 100 10.0 0 0 0
3.684 0x2B main_weld 1 1 1 1 67 47.2 3.2 100 10.0 0 0 0
3.731 0x2B main_weld 1 1 1 1 67 32.7 3.2 100 10.0 0 0 0
3.773 0x2B main_weld 1 1 1 1 67 32.7 3.2 100 10.0 0 0 0
3.815 0x2B main_weld 1 1 1 1 67 32.7 3.2 100 10.0 0 0 0
3.846 0x2B main_weld 1 1 1 1 181 12.0 3.2 100 10.0 0 0 0
3.889 0x2B main_weld 1 1 1 1 181 12.0 3.2 100 10.0 0 0 0
3.924 0x2B main_weld 1 1 1 1 181 12.0 3.2 100 10.0 0 0 0
3.966 0x2B main_weld 1 1 1 1 181 12.0 3.2 100 10.0 0 0 0
4.006 0x2B main_weld 1 1 1 1 181 38.3 3.2 100 10.0 0 0 0
4.043 0x2B main_weld 1 1 1 1 49 38.3 3.2 100 10.0 0 0 0
4.091 0x2B main_weld 1 1 1 1 49 38.3 3.2 100 10.0 0 0 0
4.126 0x2B main_weld 1 1 1 1 49 38.3 3.2 100 10.0 0 0 0
4.169 0x2B main_weld 1 1 1 1 49 14.4 3.2 100 10.0 0 0 0
4.206 0x2B main_weld 1 1 1 1 49 14.4 3.2 100 10.0 0 0 0
4.244 0x2B main_weld 1 1 1 1 49 14.4 3.2 100 10.0 0 0 0
4.288 0x2B main_weld 1 1 1 1 49 14.4 3.2 100 10.0 0 0 0
4.328 0x2B main_weld 1 1 1 1 120 14.4 3.2 100 10.0 0 0 0
4.368 0x2B main_weld 1 1 1 1 120 13.5 3.2 100 10.0 0 0 0
4.411 0x2B main_weld 1 1 1 1 120 13.5 3.2 100 10.0 0 0 0
4.454 0x2B main_weld 1 1 1 1 120 39.9 3.2 100 10.0 0 0 0
4.490 0x2B main_weld 1 1 1 1 31 39.9 3.2 100 10.0 0 0 0
4.528 0x2B main_weld 1 1 1 1 31 39.9 3.2 100 10.0 0 0 0
4.569 0x2B main_weld 1 1 1 1 31 39.9 3.2 100 10.0 0 0 0
4.606 0x2B main_weld 1 1 1 1 31 39.9 3.2 100 10.0 0 0 0
4.643 0x2B main_weld 1 1 1 1 31 12.9 3.2 100 10.0 0 0 0
4.686 0x2B main_weld 1 1 1 1 171 12.9 3.2 100 10.0 0 0 0
4.724 0x2B main_weld 1 1 1 1 171 12.9 3.2 100 10.0 0 0 0
4.765 0x2B main_weld 1 1 1 1 171 12.9 3.2 100 10.0 0 0 0
4.802 0x2B main_weld 1 1 1 1 171 19.3 3.2 100 10.0 0 0 0
4.843 0x2B main_weld 1 1 1 1 32 19.3 3.2 100 10.0 0 0 0
4.884 0x2B main_weld 1 1 1 1 32 19.3 3.2 100 10.0 0 0 0
4.930 0x2B main_weld 1 1 1 1 32 19.3 3.2 100 10.0 0 0 0
4.969 0x2B main_weld 1 1 1 1 32 19.3 3.2 100 10.0 0 0 0
5.013 0x2B main_weld 1 1 1 1 154 11.8 3.2 100 10.0 0 0 0
5.053 0x2B main_weld 1 1 1 1 154 11.8 3.2 100 10.0 0 0 0
5.084 0x2B main_weld 1 1 1 1 154 11.8 3.2 100 10.0 0 0 0
5.125 0x2B main_weld 1 1 1 1 69 11.8 3.2 100 10.0 0 0 0
5.165 0x2B main_weld 1 1 1 1 69 14.8 3.2 100 10.0 0 0 0
5.209 0x2B main_weld 1 1 1 1 69 14.8 3.2 100 10.0 0 0 0
5.252 0x2B main_weld 1 1 1 1 69 14.8 3.2 100 10.0 0 0 0
5.283 0x2B main_weld 1 1 1 1 85 13.6 3.2 100 10.0 0 0 0
5.325 0x2B main_weld 1 1 1 1 85 13.6 3.2 100 10.0 0 0 0
5.367 0x2B main_weld 1 1 1 1 85 13.6 3.2 100 10.0 0 0 0
5.411 0x2B main_weld 1 1 1 1 85 13.6 3.2 100 10.0 0 0 0
5.452 0x2B main_weld 1 1 1 1 85 14.0 3.2 100 10.0 0 0 0
5.496 0x2B main_weld 1 1 1 1 128 14.0 3.2 100 10.0 0 0 0
5.522 0x2B main_weld 1 1 1 1 128 14.0 3.2 100 10.0 0 0 0
5.564 0x2B main_weld 1 1 1 1 33 14.0 3.2 100 10.0 0 0 0
5.617 0x2B main_weld 1 1 1 1 33 14.0 3.2 100 10.0 0 0 0
5.657 0x2B main_weld 1 1 1 1 33 26.4 3.2 100 10.0 0 0 0
5.688 0x2B main_weld 1 1 1 1 33 26.4 3.2 100 10.0 0 0 0
5.736 0x2B main_weld 1 1 1 1 33 26.4 3.2 100 10.0 0 0 0
5.764 0x2B main_weld 1 1 1 1 104 26.4 3.2 100 10.0 0 0 0
5.804 0x2B main_weld 1 1 1 1 104 12.6 3.2 100 10.0 0 0 0
5.845 0x2B main_weld 1 1 1 1 104 12.6 3.2 100 10.0 0 0 0
5.889 0x2B main_weld 1 1 1 1 104 12.4 3.2 100 10.0 0 0 0
5.928 0x2B main_weld 1 1 1 1 158 12.4 3.2 100 10.0 0 0 0
5.968 0x2B main_weld 1 1 1 1 158 12.4 3.2 100 10.0 0 0 0
6.003 0x2B main_weld 1 1 1 1 158 12.4 3.2 100 10.0 0 0 0
6.047 0x2B main_weld 1 1 1 1 158 12.4 3.2 100 10.0 0 0 0
6.090 0x2B main_weld 1 1 1 1 158 15.9 3.2 100 10.0 0 0 0
6.129 0x2B main_weld 1 1 1 1 45 15.9 3.2 100 10.0 0 0 0
6.168 0x2B main_weld 1 1 1 1 45 15.9 3.2 100 10.0 0 0 0
6.207 0x2B main_weld 1 1 1 1 103 15.9 3.2 100 10.0 0 0 0
6.246 0x2B main_weld 1 1 1 1 103 13.3 3.2 100 10.0 0 0 0
6.287 0x2B main_weld 1 1 1 1 103 13.3 3.2 100 10.0 0 0 0
6.326 0x2B main_weld 1 1 1 1 103 13.3 3.2 100 10.0 0 0 0
6.375 0x2B main_weld 1 1 1 1 54 14.9 3.2 100 10.0 0 0 0
6.404 0x2B main_weld 1 1 1 1 54 14.9 3.2 100 10.0 0 0 0
6.446 0x2B main_weld 1 1 1 1 54 14.9 3.2 100 10.0 0 0 0
6.488 0x2B main_weld 1 1 1 1 54 14.9 3.2 100 10.0 0 0 0
6.528 0x2B main_weld 1 1 1 1 54 13.5 3.2 100 10.0 0 0 0
6.567 0x2B main_weld 1 1 1 1 94 13.5 3.2 100 10.0 0 0 0
6.604 0x2B main_weld 1 1 1 1 94 13.5 3.2 100 10.0 0 0 0
6.644 0x2B main_weld 1 1 1 1 94 13.5 3.2 100 10.0 0 0 0
6.684 0x2B main_weld 1 1 1 1 94 13.5 3.2 100 10.0 0 0 0
6.738 0x2B main_weld 1 1 1 1 103 12.6 3.2 100 10.0 0 0 0
6.764 0x2B main_weld 1 1 1 1 103 12.6 3.2 100 10.0 0 0 0
6.804 0x2B main_weld 1 1 1 1 103 12.6 3.2 100 10.0 0 0 0
6.849 0x2B main_weld 1 1 1 1 102 12.6 3.2 100 10.0 0 0 0
6.886 0x2B main_weld 1 1 1 1 102 12.8 3.2 100 10.0 0 0 0
6.931 0x2B main_weld 1 1 1 1 102 12.8 3.2 100 10.0 0 0 0
6.971 0x2B main_weld 1 1 1 1 102 12.8 3.2 100 10.0 0 0 0
7.012 0x2B main_weld 1 1 1 1 100 12.8 3.2 100 10.0 0 0 0
7.044 0x2B main_weld 1 1 1 1 100 12.8 3.2 100 10.0 0 0 0
7.089 0x2B main_weld 1 1 1 1 100 12.8 3.2 100 10.0 0 0 0
7.127 0x2B main_weld 1 1 1 1 100 12.8 3.2 100 10.0 0 0 0
7.165 0x2B main_weld 1 1 1 1 100 13.0 3.2 100 10.0 0 0 0
7.204 0x2B main_weld 1 1 1 1 132 13.0 3.2 100 10.0 0 0 0
7.245 0x2B main_weld 1 1 1 1 132 13.0 3.2 100 10.0 0 0 0
7.297 0x2B main_weld 1 1 1 1 132 13.0 3.2 100 10.0 0 0 0
7.326 0x2B main_weld 1 1 1 1 132 14.2 3.2 100 10.0 0 0 0
7.363 0x2B main_weld 1 1 1 1 82 14.2 3.2 100 10.0 0 0 0
7.409 0x2B main_weld 1 1 1 1 82 14.2 3.2 100 10.0 0 0 0
7.444 0x2B main_weld 1 1 1 1 108 14.2 3.2 100 10.0 0 0 0
7.485 0x2B main_weld 1 1 1 1 108 14.2 3.2 100 10.0 0 0 0
7.528 0x2B main_weld 1 1 1 1 108 13.0 3.2 100 10.0 0 0 0
7.572 0x2B main_weld 1 1 1 1 108 13.0 3.2 100 10.0 0 0 0
7.611 0x2B main_weld 1 1 1 1 108 14.0 3.2 100 10.0 0 0 0
7.645 0x2B main_weld 1 1 1 1 79 14.0 3.2 100 10.0 0 0 0
7.688 0x2B main_weld 1 1 1 1 79 14.0 3.2 100 10.0 0 0 0
7.739 0x2B main_weld 1 1 1 1 79 14.0 3.2 100 10.0 0 0 0
7.771 0x2B main_weld 1 1 1 1 79 14.0 3.2 100 10.0 0 0 0
7.812 0x2B main_weld 1 1 1 1 97 13.5 3.2 100 10.0 0 0 0
7.853 0x2B main_weld 1 1 1 1 97 13.5 3.2 100 10.0 0 0 0
7.886 0x2B main_weld 1 1 1 1 97 13.5 3.2 100 10.0 0 0 0
7.937 0x2B main_weld 1 1 1 1 97 13.5 3.2 100 10.0 0 0 0
7.969 0x2B main_weld 1 1 1 1 97 13.3 3.2 100 10.0 0 0 0
8.008 0x2B main_weld 1 1 1 1 86 13.3 3.2 100 10.0 0 0 0
8.058 0x2B main_weld 1 1 1 1 86 13.3 3.2 100 10.0 0 0 0
8.097 0x2B main_weld 1 1 1 1 108 13.3 3.2 100 10.0 0 0 0
8.131 0x2B main_weld 1 1 1 1 108 13.3 3.2 100 10.0 0 0 0
8.170 0x2B main_weld 1 1 1 1 108 13.0 3.2 100 10.0 0 0 0
8.207 0x2B main_weld 1 1 1 1 108 13.0 3.2 100 10.0 0 0 0
8.249 0x2B main_weld 1 1 1 1 108 13.6 3.2 100 10.0 0 0 0
8.283 0x2B main_weld 1 1 1 1 93 13.6 3.2 100 10.0 0 0 0
8.323 0x2B main_weld 1 1 1 1 93 13.6 3.2 100 10.0 0 0 0
8.364 0x2B main_weld 1 1 1 1 93 13.6 3.2 100 10.0 0 0 0
8.405 0x2B main_weld 1 1 1 1 93 15.2 3.2 100 10.0 0 0 0
8.445 0x2B main_weld 1 1 1 1 68 15.2 3.2 100 10.0 0 0 0
8.485 0x2B main_weld 1 1 1 1 68 15.2 3.2 100 10.0 0 0 0
8.527 0x2B main_weld 1 1 1 1 43 15.2 3.2 100 10.0 0 0 0
8.563 0x2B main_weld 1 1 1 1 43 15.2 3.2 100 10.0 0 0 0
8.608 0x2B main_weld 1 1 1 1 43 15.6 3.2 100 10.0 0 0 0
8.650 0x2B main_weld 1 1 1 1 43 15.6 3.2 100 10.0 0 0 0
8.691 0x2B main_weld 1 1 1 1 43 15.6 3.2 100 10.0 0 0 0
8.725 0x2B main_weld 1 1 1 1 43 15.6 3.2 100 10.0 0 0 0
8.768 0x2B main_weld 1 1 1 1 43 13.3 3.2 100 10.0 0 0 0
8.804 0x2B main_weld 1 1 1 1 86 13.3 3.2 100 10.0 0 0 0
8.846 0x2B main_weld 1 1 1 1 86 13.3 3.2 100 10.0 0 0 0
8.884 0x2B main_weld 1 1 1 1 66 14.0 3.2 100 10.0 0 0 0
8.924 0x2B main_weld 1 1 1 1 66 14.0 3.2 100 10.0 0 0 0
8.966 0x2B main_weld 1 1 1 1 66 14.0 3.2 100 10.0 0 0 0
9.003 0x2B main_weld 1 1 1 1 66 14.0 3.2 100 10.0 0 0 0
9.045 0x2B main_weld 1 1 1 1 66 14.4 3.2 100 10.0 0 0 0
9.088 0x2B main_weld 1 1 1 1 86 14.4 3.2 100 10.0 0 0 0
9.122 0x2B main_weld 1 1 1 1 86 14.4 3.2 100 10.0 0 0 0
9.165 0x2B main_weld 1 1 1 1 86 14.4 3.2 100 10.0 0 0 0
9.203 0x2B main_weld 1 1 1 1 86 14.4 3.2 100 10.0 0 0 0
9.247 0x2B main_weld 1 1 1 1 62 14.3 3.2 100 10.0 0 0 0
9.286 0x2B main_weld 1 1 1 1 62 14.3 3.2 100 10.0 0 0 0
9.323 0x2B main_weld 1 1 1 1 62 14.3 3.2 100 10.0 0 0 0
9.364 0x2B main_weld 1 1 1 1 49 14.3 3.2 100 10.0 0 0 0
9.405 0x2B main_weld 1 1 1 1 49 15.2 3.2 100 10.0 0 0 0
9.445 0x2B main_weld 1 1 1 1 49 15.2 3.2 100 10.0 0 0 0
9.489 0x2B main_weld 1 1 1 1 49 12.5 3.2 100 10.0 0 0 0
9.531 0x2B main_weld 1 1 1 1 109 12.5 3.2 100 10.0 0 0 0
9.566 0x2B main_weld 1 1 1 1 109 12.5 3.2 100 10.0 0 0 0
9.604 0x2B main_weld 1 1 1 1 109 12.5 3.2 100 10.0 0 0 0
9.650 0x2B main_weld 1 1 1 1 109 12.5 3.2 100 10.0 0 0 0
9.685 0x2B main_weld 1 1 1 1 109 20.2 3.2 100 10.0 0 0 0
9.727 0x2B main_weld 1 1 1 1 117 20.2 3.2 100 10.0 0 0 0
9.770 0x2B main_weld 1 1 1 1 117 20.2 3.2 100 10.0 0 0 0
9.816 0x2B main_weld 1 1 1 1 117 20.2 3.2 100 10.0 0 0 0
9.848 0x2B main_weld 1 1 1 1 117 32.9 3.2 100 10.0 0 0 0
9.887 0x2B main_weld 1 1 1 1 28 32.9 3.2 100 10.0 0 0 0
9.937 0x2B main_weld 1 1 1 1 28 32.9 3.2 100 10.0 0 0 0
9.967 0x2B main_weld 1 1 1 1 68 32.9 3.2 100 10.0 0 0 0
10.005 0x2B main_weld 1 1 1 1 68 32.9 3.2 100 10.0 0 0 0
10.056 0x2B main_weld 1 1 1 1 68 13.6 3.2 100 10.0 0 0 0
10.088 0x2B main_weld 1 1 1 1 68 13.6 3.2 100 10.0 0 0 0
10.135 0x2B main_weld 1 1 1 1 68 13.4 3.2 100 10.0 0 0 0
10.166 0x2B main_weld 1 1 1 1 122 13.4 3.2 100 10.0 0 0 0
10.205 0x2B main_weld 1 1 1 1 122 13.4 3.2 100 10.0 0 0 0
10.245 0x2B main_weld 1 1 1 1 122 13.4 3.2 100 10.0 0 0 0
10.292 0x2B main_weld 1 1 1 1 122 13.4 3.2 100 10.0 0 0 0
10.329 0x2B main_weld 1 1 1 1 50 15.7 3.2 100 10.0 0 0 0
10.363 0x2B main_weld 1 1 1 1 50 15.7 3.2 100 10.0 0 0 0
10.409 0x2B main_weld 1 1 1 1 50 15.7 3.2 100 10.0 0 0 0
10.444 0x2B main_weld 1 1 1 1 57 15.7 3.2 100 10.0 0 0 0
10.486 0x2B main_weld 1 1 1 1 57 15.3 3.2 100 10.0 0 0 0
10.538 0x2B main_weld 1 1 1 1 57 15.3 3.2 100 10.0 0 0 0
10.569 0x2B main_weld 1 1 1 1 57 15.3 3.2 100 10.0 0 0 0
10.611 0x2B main_weld 1 1 1 1 55 15.3 3.2 100 10.0 0 0 0
10.650 0x2B main_weld 1 1 1 1 55 15.3 3.2 100 10.0 0 0 0
10.691 0x2B main_weld 1 1 1 1 55 14.7 3.2 100 10.0 0 0 0
10.727 0x2B main_weld 1 1 1 1 55 14.7 3.2 100 10.0 0 0 0
10.770 0x2B main_weld 1 1 1 1 55 14.8 3.2 100 10.0 0 0 0
10.810 0x2B main_weld 1 1 1 1 56 14.8 3.2 100 10.0 0 0 0
10.852 0x2B main_weld 1 1 1 1 56 14.8 3.2 100 10.0 0 0 0
10.888 0x2B main_weld 1 1 1 1 56 14.8 3.2 100 10.0 0 0 0
10.938 0x2B main_weld 1 1 1 1 56 15.3 3.2 100 10.0 0 0 0
10.969 0x2B main_weld 1 1 1 1 57 15.3 3.2 100 10.0 0 0 0
11.010 0x2B main_weld 1 1 1 1 57 15.3 3.2 100 10.0 0 0 0
11.047 0x2B main_weld 1 1 1 1 57 15.3 3.2 100 10.0 0 0 0
11.086 0x2B main_weld 1 1 1 1 57 15.3 3.2 100 10.0 0 0 0
11.131 0x2B main_weld 1 1 1 1 57 15.0 3.2 100 10.0 0 0 0
11.173 0x2B main_weld 1 1 1 1 68 15.0 3.2 100 10.0 0 0 0
11.211 0x2B main_weld 1 1 1 1 68 15.0 3.2 100 10.0 0 0 0
11.250 0x2B main_weld 1 1 1 1 91 15.0 3.2 100 10.0 0 0 0
11.287 0x2B main_weld 1 1 1 1 91 13.6 3.2 100 10.0 0 0 0
11.327 0x2B main_weld 1 1 1 1 91 13.6 3.2 100 10.0 0 0 0
11.364 0x2B main_weld 1 1 1 1 91 13.6 3.2 100 10.0 0 0 0
11.408 0x2B main_weld 1 1 1 1 88 13.6 3.2 100 10.0 0 0 0
11.445 0x2B main_weld 1 1 1 1 88 13.6 3.2 100 10.0 0 0 0
11.486 0x2B main_weld 1 1 1 1 88 13.6 3.2 100 10.0 0 0 0
11.532 0x2B main_weld 1 1 1 1 88 13.6 3.2 100 10.0 0 0 0
11.565 0x2B main_weld 1 1 1 1 88 13.1 3.2 100 10.0 0 0 0
11.608 0x2B main_weld 1 1 1 1 98 13.1 3.2 100 10.0 0 0 0
11.649 0x2B main_weld 1 1 1 1 98 13.1 3.2 100 10.0 0 0 0
11.690 0x2B main_weld 1 1 1 1 98 13.1 3.2 100 10.0 0 0 0
11.727 0x2B main_weld 1 1 1 1 98 13.1 3.2 100 10.0 0 0 0
11.771 0x2B main_weld 1 1 1 1 72 14.3 3.2 100 10.0 0 0 0
11.804 0x2B main_weld 1 1 1 1 72 14.3 3.2 100 10.0 0 0 0
11.846 0x2B main_weld 1 1 1 1 72 14.3 3.2 100 10.0 0 0 0
11.885 0x2B main_weld 1 1 1 1 56 14.3 3.2 100 10.0 0 0 0
11.938 0x2B main_weld 1 1 1 1 56 17.0 3.2 100 10.0 0 0 0
11.970 0x2B main_weld 1 1 1 1 56 17.0 3.2 100 10.0 0 0 0
12.004 0x2B main_weld 1 1 1 1 56 14.0 3.2 100 10.0 0 0 0
12.044 0x2B main_weld 1 1 1 1 79 14.0 3.2 100 10.0 0 0 0
12.084 0x2B main_weld 1 1 1 1 79 14.0 3.2 100 10.0 0 0 0
12.125 0x2B main_weld 1 1 1 1 79 14.0 3.2 100 10.0 0 0 0
12.164 0x2B main_weld 1 1 1 1 79 14.0 3.2 100 10.0 0 0 0
12.210 0x2B main_weld 1 1 1 1 79 14.7 3.2 100 10.0 0 0 0
12.243 0x2B main_weld 1 1 1 1 128 14.7 3.2 100 10.0 0 0 0
12.290 0x2B main_weld 1 1 1 1 128 14.7 3.2 100 10.0 0 0 0
12.328 0x2B main_weld 1 1 1 1 128 14.7 3.2 100 10.0 0 0 0
12.366 0x2B main_weld 1 1 1 1 128 55.9 3.2 100 10.0 0 0 0
12.404 0x2B main_weld 1 1 1 1 0 55.9 3.2 100 10.0 0 0 0
12.453 0x2B main_weld 1 1 1 1 0 55.9 3.2 100 10.0 0 0 0
12.485 0x2B main_weld 1 1 1 1 70 55.9 3.2 100 10.0 0 0 0
12.533 0x2B main_weld 1 1 1 1 70 55.9 3.2 100 10.0 0 0 0
12.571 0x2B main_weld 1 1 1 1 70 30.4 3.2 100 10.0 0 0 0
12.611 0x2B main_weld 1 1 1 1 70 30.4 3.2 100 10.0 0 0 0
12.650 0x2B main_weld 1 1 1 1 70 30.4 3.2 100 10.0 0 0 0
12.689 0x2B main_weld 1 1 1 1 3 30.4 3.2 100 10.0 0 0 0
12.728 0x2B main_weld 1 1 1 1 3 51.7 3.2 100 10.0 0 0 0
12.769 0x2B main_weld 1 1 1 1 3 51.7 3.2 100 10.0 0 0 0
12.806 0x2B main_weld 1 1 1 1 3 51.7 3.2 100 10.0 0 0 0
12.852 0x2B main_weld 1 1 1 1 70 20.2 3.2 100 10.0 0 0 0
12.889 0x2B main_weld 1 1 1 1 70 20.2 3.2 100 10.0 0 0 0
12.937 0x2B main_weld 1 1 1 1 70 20.2 3.2 100 10.0 0 0 0
12.965 0x2B main_weld 1 1 1 1 70 20.2 3.2 100 10.0 0 0 0
13.007 0x2B main_weld 1 1 1 1 70 14.0 3.2 100 10.0 0 0 0
13.057 0x2B main_weld 1 1 1 1 74 14.0 3.2 100 10.0 0 0 0
13.087 0x2B main_weld 1 1 1 1 74 14.0 3.2 100 10.0 0 0 0
13.133 0x2B main_weld 1 1 1 1 74 14.0 3.2 100 10.0 0 0 0
13.171 0x2B main_weld 1 1 1 1 74 14.0 3.2 100 10.0 0 0 0
13.208 0x2B main_weld 1 1 1 1 74 12.9 3.2 100 10.0 0 0 0
13.246 0x2B main_weld 1 1 1 1 74 12.9 3.2 100 10.0 0 0 0
13.286 0x2B main_weld 1 1 1 1 74 12.9 3.2 100 10.0 0 0 0
13.325 0x2B main_weld 1 1 1 1 72 12.9 3.2 100 10.0 0 0 0
13.363 0x2B main_weld 1 1 1 1 72 14.6 3.2 100 10.0 0 0 0
13.406 0x2B main_weld 1 1 1 1 72 14.6 3.2 100 10.0 0 0 0
13.450 0x2B main_weld 1 1 1 1 72 15.6 3.2 100 10.0 0 0 0
13.488 0x2B main_weld 1 1 1 1 94 15.6 3.2 100 10.0 0 0 0
13.525 0x2B main_weld 1 1 1 1 94 15.6 3.2 100 10.0 0 0 0
13.566 0x2B main_weld 1 1 1 1 94 15.6 3.2 100 10.0 0 0 0
13.610 0x2B main_weld 1 1 1 1 94 15.6 3.2 100 10.0 0 0 0
13.650 0x2B main_weld 1 1 1 1 94 15.0 3.2 100 10.0 0 0 0
13.688 0x2B main_weld 1 1 1 1 82 15.0 3.2 100 10.0 0 0 0
13.734 0x2B main_weld 1 1 1 1 82 15.0 3.2 100 10.0 0 0 0
13.767 0x2B main_weld 1 1 1 1 82 15.0 3.2 100 10.0 0 0 0
13.811 0x2B main_weld 1 1 1 1 82 13.5 3.2 100 10.0 0 0 0
13.852 0x2B main_weld 1 1 1 1 88 13.5 3.2 100 10.0 0 0 0
13.896 0x2B main_weld 1 1 1 1 88 13.5 3.2 100 10.0 0 0 0
13.933 0x2B main_weld 1 1 1 1 73 13.5 3.2 100 10.0 0 0 0
13.972 0x2B main_weld 1 1 1 1 73 13.5 3.2 100 10.0 0 0 0
14.017 0x2B main_weld 1 1 1 1 73 13.8 3.2 100 10.0 0 0 0
14.049 0x2B main_weld 1 1 1 1 73 13.8 3.2 100 10.0 0 0 0
14.099 0x2B main_weld 1 1 1 1 73 13.9 3.2 100 10.0 0 0 0
14.130 0x2B main_weld 1 1 1 1 58 13.9 3.2 100 10.0 0 0 0
14.177 0x2B main_weld 1 1 1 1 58 13.9 3.2 100 10.0 0 0 0
14.204 0x2B main_weld 1 1 1 1 58 13.9 3.2 100 10.0 0 0 0
14.251 0x2B main_weld 1 1 1 1 58 13.9 3.2 100 10.0 0 0 0
14.285 0x2B main_weld 1 1 1 1 100 13.2 3.2 100 10.0 0 0 0
14.330 0x2B main_weld 1 1 1 1 100 13.2 3.2 100 10.0 0 0 0
14.366 0x2B main_weld 1 1 1 1 100 13.2 3.2 100 10.0 0 0 0
14.408 0x2B main_weld 1 1 1 1 22 13.2 3.2 100 10.0 0 0 0
14.459 0x2B main_weld 1 1 1 1 22 22.8 3.2 100 10.0 0 0 0
14.483 0x2B main_weld 1 1 1 1 22 22.8 3.2 100 10.0 0 0 0
14.526 0x2B main_weld 1 1 1 1 22 22.8 3.2 100 10.0 0 0 0
14.568 0x2B main_weld 1 1 1 1 88 22.8 3.2 100 10.0 0 0 0
14.605 0x2B main_weld 1 1 1 1 88 22.8 3.2 100 10.0 0 0 0
14.651 0x2B main_weld 1 1 1 1 88 13.2 3.2 100 10.0 0 0 0
14.689 0x2B main_weld 1 1 1 1 88 13.2 3.2 100 10.0 0 0 0
14.735 0x2B main_weld 1 1 1 1 88 13.2 3.2 100 10.0 0 0 0
14.767 0x2B main_weld 1 1 1 1 103 13.2 3.2 100 10.0 0 0 0
14.818 0x2B main_weld 1 1 1 1 103 13.6 3.2 100 10.0 0 0 0
14.847 0x2B main_weld 1 1 1 1 103 13.6 3.2 100 10.0 0 0 0
14.891 0x2B main_weld 1 1 1 1 103 14.2 3.2 100 10.0 0 0 0
14.925 0x2B main_weld 1 1 1 1 61 14.2 3.2 100 10.0 0 0 0
14.963 0x2B main_weld 1 1 1 1 61 14.2 3.2 100 10.0 0 0 0
15.006 0x2B main_weld 1 1 1 1 61 14.2 3.2 100 10.0 0 0 0
15.053 0x2B main_weld 1 1 1 1 61 14.2 3.2 100 10.0 0 0 0
15.088 0x2B main_weld 1 1 1 1 61 13.8 3.2 100 10.0 0 0 0
15.125 0x2B main_weld 1 1 1 1 100 13.8 3.2 100 10.0 0 0 0
15.166 0x2B main_weld 1 1 1 1 100 13.8 3.2 100 10.0 0 0 0
15.205 0x2B main_weld 1 1 1 1 27 13.8 3.2 100 10.0 0 0 0
15.248 0x2B main_weld 1 1 1 1 27 45.7 3.2 100 10.0 0 0 0
15.285 0x2B main_weld 1 1 1 1 27 45.7 3.2 100 10.0 0 0 0
15.326 0x2B main_weld 1 1 1 1 27 45.7 3.2 100 10.0 0 0 0
15.371 0x2B main_weld 1 1 1 1 66 29.1 3.2 100 10.0 0 0 0
15.408 0x2B main_weld 1 1 1 1 66 29.1 3.2 100 10.0 0 0 0
15.444 0x2B main_weld 1 1 1 1 66 29.1 3.2 100 10.0 0 0 0
15.488 0x2B main_weld 1 1 1 1 66 29.1 3.2 100 10.0 0 0 0
15.529 0x2B main_weld 1 1 1 1 66 14.9 3.2 100 10.0 0 0 0
15.563 0x2B main_weld 1 1 1 1 62 14.9 3.2 100 10.0 0 0 0
15.605 0x2B main_weld 1 1 1 1 62 14.9 3.2 100 10.0 0 0 0
15.648 0x2B main_weld 1 1 1 1 62 14.9 3.2 100 10.0 0 0 0
15.683 0x2B main_weld 1 1 1 1 62 14.9 3.2 100 10.0 0 0 0
15.730 0x2B main_weld 1 1 1 1 86 13.1 3.2 100 10.0 0 0 0
15.766 0x2B main_weld 1 1 1 1 86 13.1 3.2 100 10.0 0 0 0
15.805 0x2B main_weld 1 1 1 1 86 13.1 3.2 100 10.0 0 0 0
15.849 0x2B main_weld 1 1 1 1 147 13.1 3.2 100 10.0 0 0 0
15.891 0x2B main_weld 1 1 1 1 147 12.2 3.2 100 10.0 0 0 0
15.930 0x2B main_weld 1 1 1 1 147 12.2 3.2 100 10.0 0 0 0
15.971 0x2B main_weld 1 1 1 1 147 14.6 3.2 100 10.0 0 0 0
16.006 0x2B main_weld 1 1 1 1 69 14.6 3.2 100 10.0 0 0 0
16.046 0x2B main_weld 1 1 1 1 69 14.6 3.2 100 10.0 0 0 0
16.094 0x2B main_weld 1 1 1 1 69 14.6 3.2 100 10.0 0 0 0
16.125 0x2B main_weld 1 1 1 1 69 14.6 3.2 100 10.0 0 0 0
16.172 0x2B main_weld 1 1 1 1 69 15.1 3.2 100 10.0 0 0 0
16.214 0x2B main_weld 1 1 1 1 73 15.1 3.2 100 10.0 0 0 0
16.254 0x2B main_weld 1 1 1 1 73 15.1 3.2 100 10.0 0 0 0
16.285 0x2B main_weld 1 1 1 1 67 15.1 3.2 100 10.0 0 0 0
16.331 0x2B main_weld 1 1 1 1 67 14.3 3.2 100 10.0 0 0 0
16.378 0x2B main_weld 1 1 1 1 67 14.3 3.2 100 10.0 0 0 0
16.404 0x2B main_weld 1 1 1 1 67 14.3 3.2 100 10.0 0 0 0
16.449 0x2B main_weld 1 1 1 1 51 14.3 3.2 100 10.0 0 0 0
16.485 0x2B main_weld 1 1 1 1 51 14.3 3.2 100 10.0 0 0 0
16.530 0x2B main_weld 1 1 1 1 51 16.1 3.2 100 10.0 0 0 0
16.567 0x2B main_weld 1 1 1 1 51 16.1 3.2 100 10.0 0 0 0
16.604 0x2B main_weld 1 1 1 1 51 14.1 3.2 100 10.0 0 0 0
16.649 0x2B main_weld 1 1 1 1 73 14.1 3.2 100 10.0 0 0 0
16.684 0x2B main_weld 1 1 1 1 73 14.1 3.2 100 10.0 0 0 0
16.727 0x2B main_weld 1 1 1 1 73 14.1 3.2 100 10.0 0 0 0
16.771 0x2B main_weld 1 1 1 1 73 14.1 3.2 100 10.0 0 0 0
16.811 0x2B main_weld 1 1 1 1 124 12.0 3.2 100 10.0 0 0 0
16.847 0x2B main_weld 1 1 1 1 124 12.0 3.2 100 10.0 0 0 0
16.884 0x2B main_weld 1 1 1 1 124 12.0 3.2 100 10.0 0 0 0
16.932 0x2B main_weld 1 1 1 1 124 12.0 3.2 100 10.0 0 0 0
16.964 0x2B main_weld 1 1 1 1 124 37.6 3.2 100 10.0 0 0 0
17.003 0x2B main_weld 1 1 1 1 55 37.6 3.2 100 10.0 0 0 0
17.047 0x2B main_weld 1 1 1 1 55 37.6 3.2 100 10.0 0 0 0
17.088 0x2B main_weld 1 1 1 1 44 37.6 3.2 100 10.0 0 0 0
17.127 0x2B main_weld 1 1 1 1 44 37.6 3.2 100 10.0 0 0 0
17.170 0x2B main_weld 1 1 1 1 44 16.3 3.2 100 10.0 0 0 0
17.210 0x2B main_weld 1 1 1 1 44 16.3 3.2 100 10.0 0 0 0
17.246 0x2B main_weld 1 1 1 1 44 13.6 3.2 100 10.0 0 0 0
17.285 0x2B main_weld 1 1 1 1 86 13.6 3.2 100 10.0 0 0 0
17.333 0x2B main_weld 1 1 1 1 86 13.6 3.2 100 10.0 0 0 0
17.367 0x2B main_weld 1 1 1 1 86 13.6 3.2 100 10.0 0 0 0
17.404 0x2B main_weld 1 1 1 1 86 30.5 3.2 100 10.0 0 0 0
17.447 0x2B main_weld 1 1 1 1 52 30.5 3.2 100 10.0 0 0 0
17.486 0x2B main_weld 1 1 1 1 52 30.5 3.2 100 10.0 0 0 0
17.525 0x2B main_weld 1 1 1 1 52 30.5 3.2 100 10.0 0 0 0
17.565 0x2B main_weld 1 1 1 1 52 30.5 3.2 100 10.0 0 0 0
17.609 0x2B main_weld 1 1 1 1 52 16.8 3.2 100 10.0 0 0 0
17.647 0x2B main_weld 1 1 1 1 55 16.8 3.2 100 10.0 0 0 0
17.684 0x2B main_weld 1 1 1 1 55 16.8 3.2 100 10.0 0 0 0
17.730 0x2B main_weld 1 1 1 1 55 16.8 3.2 100 10.0 0 0 0
17.765 0x2B main_weld 1 1 1 1 55 15.1 3.2 100 10.0 0 0 0
17.805 0x2B main_weld 1 1 1 1 56 15.1 3.2 100 10.0 0 0 0
17.849 0x2B main_weld 1 1 1 1 56 15.4 3.2 100 10.0 0 0 0
17.885 0x2B main_weld 1 1 1 1 55 15.4 3.2 100 10.0 0 0 0
17.925 0x2B main_weld 1 1 1 1 55 15.4 3.2 100 10.0 0 0 0
17.967 0x2B main_weld 1 1 1 1 55 15.4 3.2 100 10.0 0 0 0
18.010 0x2B main_weld 1 1 1 1 55 15.4 3.2 100 10.0 0 0 0
18.042 0x2B main_weld 1 1 1 1 55 13.2 3.2 100 10.0 0 0 0
18.099 0x2B main_weld 1 1 1 1 103 13.2 3.2 100 10.0 0 0 0
18.131 0x2B main_weld 1 1 1 1 103 13.2 3.2 100 10.0 0 0 0
18.171 0x2B main_weld 1 1 1 1 104 13.2 3.2 100 10.0 0 0 0
18.220 0x2B main_weld 1 1 1 1 104 13.2 3.2 100 10.0 0 0 0
18.245 0x2B main_weld 1 1 1 1 104 14.0 3.2 100 10.0 0 0 0
18.284 0x2B main_weld 1 1 1 1 104 14.0 3.2 100 10.0 0 0 0
18.328 0x2B main_weld 1 1 1 1 104 14.0 3.2 100 10.0 0 0 0
18.364 0x2B main_weld 1 1 1 1 44 14.0 3.2 100 10.0 0 0 0
18.405 0x2B main_weld 1 1 1 1 44 15.3 3.2 100 10.0 0 0 0
18.448 0x2B main_weld 1 1 1 1 44 15.3 3.2 100 10.0 0 0 0
18.482 0x2B main_weld 1 1 1 1 44 15.0 3.2 100 10.0 0 0 0
18.523 0x2B main_weld 1 1 1 1 44 15.0 3.2 100 10.0 0 0 0
18.564 0x2B main_weld 1 1 1 1 44 15.0 3.2 100 10.0 0 0 0
18.603 0x2B main_weld 1 1 1 1 44 15.0 3.2 100 10.0 0 0 0
18.647 0x2B main_weld 1 1 1 1 44 15.0 3.2 100 10.0 0 0 0
18.692 0x2B main_weld 1 1 1 1 44 13.6 3.2 100 10.0 0 0 0
18.743 0x2B main_weld 1 1 1 1 70 13.6 3.2 100 10.0 0 0 0
18.775 0x2B main_weld 1 1 1 1 70 13.6 3.2 100 10.0 0 0 0
18.810 0x2B main_weld 1 1 1 1 70 13.6 3.2 100 10.0 0 0 0
18.847 0x2B main_weld 1 1 1 1 70 13.1 3.2 100 10.0 0 0 0
18.883 0x2B main_weld 1 1 1 1 109 13.1 3.2 100 10.0 0 0 0
18.924 0x2B main_weld 1 1 1 1 109 13.1 3.2 100 10.0 0 0 0
18.969 0x2B main_weld 1 1 1 1 127 13.1 3.2 100 10.0 0 0 0
19.008 0x2B main_weld 1 1 1 1 127 13.1 3.2 100 10.0 0 0 0
19.048 0x2B main_weld 1 1 1 1 127 12.0 3.2 100 10.0 0 0 0
19.086 0x2B main_weld 1 1 1 1 127 12.0 3.2 100 10.0 0 0 0
19.129 0x2B main_weld 1 1 1 1 127 15.2 3.2 100 10.0 0 0 0
19.169 0x2B main_weld 1 1 1 1 54 15.2 3.2 100 10.0 0 0 0
19.204 0x2B main_weld 1 1 1 1 54 15.2 3.2 100 10.0 0 0 0
19.250 0x2B main_weld 1 1 1 1 54 15.2 3.2 100 10.0 0 0 0
19.288 0x2B main_weld 1 1 1 1 54 15.2 3.2 100 10.0 0 0 0
19.335 0x2B main_weld 1 1 1 1 22 16.1 3.2 100 10.0 0 0 0
19.364 0x2B main_weld 1 1 1 1 22 16.1 3.2 100 10.0 0 0 0
19.404 0x2B main_weld 1 1 1 1 22 16.1 3.2 100 10.0 0 0 0
19.448 0x2B main_weld 1 1 1 1 22 16.1 3.2 100 10.0 0 0 0
19.487 0x2B main_weld 1 1 1 1 22 26.3 3.2 100 10.0 0 0 0
19.527 0x2B main_weld 1 1 1 1 61 26.3 3.2 100 10.0 0 0 0
19.564 0x2B main_weld 1 1 1 1 61 26.3 3.2 100 10.0 0 0 0
19.611 0x2B main_weld 1 1 1 1 51 26.3 3.2 100 10.0 0 0 0
19.644 0x2B main_weld 1 1 1 1 51 26.3 3.2 100 10.0 0 0 0
19.691 0x2B main_weld 1 1 1 1 51 16.2 3.2 100 10.0 0 0 0
19.723 0x2B main_weld 1 1 1 1 51 16.2 3.2 100 10.0 0 0 0
19.764 0x2B main_weld 1 1 1 1 51 15.3 3.2 100 10.0 0 0 0
19.815 0x2B main_weld 1 1 1 1 21 15.3 3.2 100 10.0 0 0 0
19.849 0x2B main_weld 1 1 1 1 21 15.3 3.2 100 10.0 0 0 0
19.892 0x2B main_weld 1 1 1 1 21 15.3 3.2 100 10.0 0 0 0
19.925 0x2B main_weld 1 1 1 1 21 15.2 3.2 100 10.0 0 0 0
19.965 0x2B main_weld 1 1 1 1 39 15.2 3.2 100 10.0 0 0 0
20.004 0x2B main_weld 1 1 1 1 39 15.2 3.2 100 10.0 0 0 0
20.046 0x2B main_weld 1 1 1 1 39 15.2 3.2 100 10.0 0 0 0
20.084 0x2B main_weld 1 1 1 1 39 15.2 3.2 100 10.0 0 0 0
20.136 0x2B main_weld 1 1 1 1 115 12.5 3.2 100 10.0 0 0 0
20.168 0x2B main_weld 1 1 1 1 115 12.5 3.2 100 10.0 0 0 0
20.205 0x2B main_weld 1 1 1 1 115 12.5 3.2 100 10.0 0 0 0
20.247 0x2B main_weld 1 1 1 1 115 12.5 3.2 100 10.0 0 0 0
20.289 0x2B main_weld 1 1 1 1 115 14.0 3.2 100 10.0 0 0 0
20.324 0x2B main_weld 1 1 1 1 115 14.0 3.2 100 10.0 0 0 0
20.367 0x2B main_weld 1 1 1 1 115 14.0 3.2 100 10.0 0 0 0
20.405 0x2B main_weld 1 1 1 1 51 40.0 3.2 100 10.0 0 0 0
20.455 0x2B main_weld 1 1 1 1 51 40.0 3.2 100 10.0 0 0 0
20.489 0x2B main_weld 1 1 1 1 51 40.0 3.2 100 10.0 0 0 0
20.531 0x2B main_weld 1 1 1 1 51 40.0 3.2 100 10.0 0 0 0
20.568 0x2B main_weld 1 1 1 1 51 47.2 3.2 100 10.0 0 0 0
20.607 0x2B main_weld 1 1 1 1 16 47.2 3.2 100 10.0 0 0 0
20.649 0x2B main_weld 1 1 1 1 16 47.2 3.2 100 10.0 0 0 0
20.691 0x2B main_weld 1 1 1 1 16 47.2 3.2 100 10.0 0 0 0
20.731 0x2B main_weld 1 1 1 1 16 47.2 3.2 100 10.0 0 0 0
20.766 0x2B main_weld 1 1 1 1 70 14.0 3.2 100 10.0 0 0 0
20.803 0x2B main_weld 1 1 1 1 70 14.0 3.2 100 10.0 0 0 0
20.845 0x2B main_weld 1 1 1 1 70 14.0 3.2 100 10.0 0 0 0
20.885 0x2B main_weld 1 1 1 1 124 14.0 3.2 100 10.0 0 0 0
20.929 0x2B main_weld 1 1 1 1 124 12.8 3.2 100 10.0 0 0 0
20.984 0x2B main_weld 1 1 1 1 124 12.8 3.2 100 10.0 0 0 0
21.016 0x2B main_weld 1 1 1 1 124 12.8 3.2 100 10.0 0 0 0
21.066 0x2B main_weld 1 1 1 1 118 12.8 3.2 100 10.0 0 0 0
21.092 0x2B main_weld 1 1 1 1 118 12.8 3.2 100 10.0 0 0 0
21.139 0x2B main_weld 1 1 1 1 118 20.4 3.2 100 10.0 0 0 0
21.166 0x2B main_weld 1 1 1 1 118 20.4 3.2 100 10.0 0 0 0
21.214 0x2B main_weld 1 1 1 1 118 36.9 3.2 100 10.0 0 0 0
21.253 0x2B main_weld 1 1 1 1 3 36.9 3.2 100 10.0 0 0 0
21.285 0x2B main_weld 1 1 1 1 3 36.9 3.2 100 10.0 0 0 0
21.322 0x2B main_weld 1 1 1 1 3 36.9 3.2 100 10.0 0 0 0
21.363 0x2B main_weld 1 1 1 1 3 15.7 3.2 100 10.0 0 0 0
21.403 0x2B main_weld 1 1 1 1 33 15.7 3.2 100 10.0 0 0 0
21.443 0x2B main_weld 1 1 1 1 33 15.7 3.2 100 10.0 0 0 0
21.483 0x2B main_weld 1 1 1 1 33 15.7 3.2 100 10.0 0 0 0
21.526 0x2B main_weld 1 1 1 1 33 15.7 3.2 100 10.0 0 0 0
21.564 0x2B main_weld 1 1 1 1 33 13.9 3.2 100 10.0 0 0 0
21.605 0x2B main_weld 1 1 1 1 99 13.9 3.2 100 10.0 0 0 0
21.643 0x2B main_weld 1 1 1 1 99 13.9 3.2 100 10.0 0 0 0
21.684 0x2B main_weld 1 1 1 1 92 13.9 3.2 100 10.0 0 0 0
21.725 0x2B main_weld 1 1 1 1 92 16.6 3.2 100 10.0 0 0 0
21.765 0x2B main_weld 1 1 1 1 92 16.6 3.2 100 10.0 0 0 0
21.805 0x2B main_weld 1 1 1 1 92 16.6 3.2 100 10.0 0 0 0
21.845 0x2B main_weld 1 1 1 1 60 16.1 3.2 100 10.0 0 0 0
21.888 0x2B main_weld 1 1 1 1 60 16.1 3.2 100 10.0 0 0 0
21.929 0x2B main_weld 1 1 1 1 60 16.1 3.2 100 10.0 0 0 0
21.966 0x2B main_weld 1 1 1 1 60 16.1 3.2 100 10.0 0 0 0
22.004 0x2B main_weld 1 1 1 1 60 13.3 3.2 100 10.0 0 0 0
22.043 0x2B main_weld 1 1 1 1 64 13.3 3.2 100 10.0 0 0 0
22.085 0x2B main_weld 1 1 1 1 64 13.3 3.2 100 10.0 0 0 0
22.130 0x2B main_weld 1 1 1 1 58 13.3 3.2 100 10.0 0 0 0
22.172 0x2B main_weld 1 1 1 1 58 13.3 3.2 100 10.0 0 0 0
22.208 0x2B main_weld 1 1 1 1 58 16.0 3.2 100 10.0 0 0 0
22.251 0x2B main_weld 1 1 1 1 58 16.0 3.2 100 10.0 0 0 0
22.287 0x2B main_weld 1 1 1 1 58 16.0 3.2 100 10.0 0 0 0
22.332 0x2B main_weld 1 1 1 1 117 16.0 3.2 100 10.0 0 0 0
22.371 0x2B main_weld 1 1 1 1 117 13.2 3.2 100 10.0 0 0 0
22.408 0x2B main_weld 1 1 1 1 117 13.2 3.2 100 10.0 0 0 0
22.450 0x2B main_weld 1 1 1 1 117 33.2 3.2 100 10.0 0 0 0
22.488 0x2B main_weld 1 1 1 1 39 33.2 3.2 100 10.0 0 0 0
22.524 0x2B main_weld 1 1 1 1 39 33.2 3.2 100 10.0 0 0 0
22.565 0x2B main_weld 1 1 1 1 39 33.2 3.2 100 10.0 0 0 0
22.611 0x2B main_weld 1 1 1 1 39 33.2 3.2 100 10.0 0 0 0
22.649 0x2B main_weld 1 1 1 1 103 14.8 3.2 100 10.0 0 0 0
22.694 0x2B main_weld 1 1 1 1 103 14.8 3.2 100 10.0 0 0 0
22.734 0x2B main_weld 1 1 1 1 103 14.8 3.2 100 10.0 0 0 0
22.770 0x2B main_weld 1 1 1 1 103 14.8 3.2 100 10.0 0 0 0
22.806 0x2B main_weld 1 1 1 1 103 12.8 3.2 100 10.0 0 0 0
22.847 0x2B main_weld 1 1 1 1 132 12.8 3.2 100 10.0 0 0 0
22.890 0x2B main_weld 1 1 1 1 132 12.8 3.2 100 10.0 0 0 0
22.927 0x2B main_weld 1 1 1 1 31 12.8 3.2 100 10.0 0 0 0
22.970 0x2B main_weld 1 1 1 1 31 12.8 3.2 100 10.0 0 0 0
23.006 0x2B main_weld 1 1 1 1 31 15.9 3.2 100 10.0 0 0 0
23.047 0x2B main_weld 1 1 1 1 31 15.9 3.2 100 10.0 0 0 0
23.086 0x2B main_weld 1 1 1 1 31 15.9 3.2 100 10.0 0 0 0
23.127 0x2B main_weld 1 1 1 1 124 15.9 3.2 100 10.0 0 0 0
23.166 0x2B main_weld 1 1 1 1 124 13.1 3.2 100 10.0 0 0 0
23.203 0x2B main_weld 1 1 1 1 124 13.1 3.2 100 10.0 0 0 0
23.244 0x2B main_weld 1 1 1 1 124 13.1 3.2 100 10.0 0 0 0
23.281 0x2B main_weld 1 1 1 1 62 16.6 3.2 100 10.0 0 0 0
23.327 0x2B main_weld 1 1 1 1 62 16.6 3.2 100 10.0 0 0 0
23.364 0x2B main_weld 1 1 1 1 62 16.6 3.2 100 10.0 0 0 0
23.404 0x2B main_weld 1 1 1 1 62 16.6 3.2 100 10.0 0 0 0
23.446 0x2B main_weld 1 1 1 1 62 14.8 3.2 100 10.0 0 0 0
23.484 0x2B main_weld 1 1 1 1 62 14.8 3.2 100 10.0 0 0 0
23.532 0x2B main_weld 1 1 1 1 62 14.8 3.2 100 10.0 0 0 0
23.573 0x2B main_weld 1 1 1 1 92 14.8 3.2 100 10.0 0 0 0
23.605 0x2B main_weld 1 1 1 1 92 14.8 3.2 100 10.0 0 0 0
23.644 0x2B main_weld 1 1 1 1 92 13.3 3.2 100 10.0 0 0 0
23.685 0x2B main_weld 1 1 1 1 92 13.3 3.2 100 10.0 0 0 0
23.725 0x2B main_weld 1 1 1 1 92 13.3 3.2 100 10.0 0 0 0
23.767 0x2B main_weld 1 1 1 1 50 13.3 3.2 100 10.0 0 0 0
23.811 0x2B main_weld 1 1 1 1 50 16.1 3.2 100 10.0 0 0 0
23.843 0x2B main_weld 1 1 1 1 50 16.1 3.2 100 10.0 0 0 0
23.886 0x2B main_weld 1 1 1 1 50 15.3 3.2 100 10.0 0 0 0
23.929 0x2B main_weld 1 1 1 1 46 15.3 3.2 100 10.0 0 0 0
23.965 0x2B main_weld 1 1 1 1 46 15.3 3.2 100 10.0 0 0 0
24.009 0x2B main_weld 1 1 1 1 46 15.3 3.2 100 10.0 0 0 0
24.049 0x2B main_weld 1 1 1 1 46 15.3 3.2 100 10.0 0 0 0
24.087 0x2B main_weld 1 1 1 1 46 15.1 3.2 100 10.0 0 0 0
24.126 0x2B main_weld 1 1 1 1 75 15.1 3.2 100 10.0 0 0 0
24.163 0x2B main_weld 1 1 1 1 75 15.1 3.2 100 10.0 0 0 0
24.205 0x2B main_weld 1 1 1 1 70 15.1 3.2 100 10.0 0 0 0
24.250 0x2B main_weld 1 1 1 1 70 15.0 3.2 100 10.0 0 0 0
24.286 0x2B main_weld 1 1 1 1 70 15.0 3.2 100 10.0 0 0 0
24.327 0x2B main_weld 1 1 1 1 70 15.0 3.2 100 10.0 0 0 0
24.362 0x2B main_weld 1 1 1 1 67 15.0 3.2 100 10.0 0 0 0
24.405 0x2B main_weld 1 1 1 1 67 15.0 3.2 100 10.0 0 0 0
24.446 0x2B main_weld 1 1 1 1 67 15.0 3.2 100 10.0 0 0 0
24.489 0x2B main_weld 1 1 1 1 67 15.0 3.2 100 10.0 0 0 0
24.533 0x2B main_weld 1 1 1 1 67 15.9 3.2 100 10.0 0 0 0
24.570 0x2B main_weld 1 1 1 1 66 15.9 3.2 100 10.0 0 0 0
24.605 0x2B main_weld 1 1 1 1 66 15.9 3.2 100 10.0 0 0 0
24.645 0x2B main_weld 1 1 1 1 40 15.9 3.2 100 10.0 0 0 0
24.688 0x2B main_weld 1 1 1 1 40 15.9 3.2 100 10.0 0 0 0
24.728 0x2B main_weld 1 1 1 1 40 15.4 3.2 100 10.0 0 0 0
24.767 0x2B main_weld 1 1 1 1 40 15.4 3.2 100 10.0 0 0 0
24.807 0x2B main_weld 1 1 1 1 40 15.4 3.2 100 10.0 0 0 0
24.845 0x2B main_weld 1 1 1 1 57 15.4 3.2 100 10.0 0 0 0
24.887 0x2B main_weld 1 1 1 1 57 16.2 3.2 100 10.0 0 0 0
24.931 0x2B main_weld 1 1 1 1 57 16.2 3.2 100 10.0 0 0 0
24.964 0x2B main_weld 1 1 1 1 57 12.9 3.2 100 10.0 0 0 0
25.003 0x2B main_weld 1 1 1 1 134 12.9 3.2 100 10.0 0 0 0
25.042 0x2B main_weld 1 1 1 1 134 12.9 3.2 100 10.0 0 0 0
25.083 0x2B main_weld 1 1 1 1 134 12.9 3.2 100 10.0 0 0 0
25.126 0x2B main_weld 1 1 1 1 134 12.9 3.2 100 10.0 0 0 0
25.165 0x2B main_weld 1 1 1 1 134 14.5 3.2 100 10.0 0 0 0
25.205 0x2B main_weld 1 1 1 1 69 14.5 3.2 100 10.0 0 0 0
25.251 0x2B main_weld 1 1 1 1 69 14.5 3.2 100 10.0 0 0 0
25.285 0x2B main_weld 1 1 1 1 69 14.5 3.2 100 10.0 0 0 0
25.325 0x2B main_weld 1 1 1 1 69 14.5 3.2 100 10.0 0 0 0
25.366 0x2B main_weld 1 1 1 1 104 14.5 3.2 100 10.0 0 0 0
25.407 0x2B main_weld 1 1 1 1 104 14.5 3.2 100 10.0 0 0 0
25.445 0x2B main_weld 1 1 1 1 81 14.5 3.2 100 10.0 0 0 0
25.483 0x2B main_weld 1 1 1 1 81 14.5 3.2 100 10.0 0 0 0
25.524 0x2B main_weld 1 1 1 1 81 17.1 3.2 100 10.0 0 0 0
25.566 0x2B main_weld 1 1 1 1 81 17.1 3.2 100 10.0 0 0 0
25.607 0x2B main_weld 1 1 1 1 81 14.1 3.2 100 10.0 0 0 0
25.647 0x2B main_weld 1 1 1 1 81 14.1 3.2 100 10.0 0 0 0
25.683 0x2B main_weld 1 1 1 1 81 14.1 3.2 100 10.0 0 0 0
25.731 0x2B main_weld 1 1 1 1 81 14.1 3.2 100 10.0 0 0 0
25.772 0x2B main_weld 1 1 1 1 81 14.1 3.2 100 10.0 0 0 0
25.803 0x2B main_weld 1 1 1 1 10 45.4 3.2 100 10.0 0 0 0
25.845 0x2B main_weld 1 1 1 1 10 45.4 3.2 100 10.0 0 0 0
25.887 0x2B main_weld 1 1 1 1 10 45.4 3.2 100 10.0 0 0 0
25.925 0x2B main_weld 1 1 1 1 10 45.4 3.2 100 10.0 0 0 0
25.965 0x2B main_weld 1 1 1 1 10 14.5 3.2 100 10.0 0 0 0
26.003 0x2B main_weld 1 1 1 1 61 14.5 3.2 100 10.0 0 0 0
26.043 0x2B main_weld 1 1 1 1 61 14.5 3.2 100 10.0 0 0 0
26.084 0x2B main_weld 1 1 1 1 62 14.5 3.2 100 10.0 0 0 0
26.124 0x2B main_weld 1 1 1 1 62 14.5 3.2 100 10.0 0 0 0
26.163 0x2B main_weld 1 1 1 1 62 15.0 3.2 100 10.0 0 0 0
26.205 0x2B main_weld 1 1 1 1 62 15.0 3.2 100 10.0 0 0 0
26.247 0x2B main_weld 1 1 1 1 62 13.3 3.2 100 10.0 0 0 0
26.284 0x2B main_weld 1 1 1 1 96 13.3 3.2 100 10.0 0 0 0
26.326 0x2B main_weld 1 1 1 1 96 13.3 3.2 100 10.0 0 0 0
26.362 0x2B main_weld 1 1 1 1 96 13.3 3.2 100 10.0 0 0 0
26.404 0x2B main_weld 1 1 1 1 96 13.3 3.2 100 10.0 0 0 0
26.445 0x2B main_weld 1 1 1 1 87 13.3 3.2 100 10.0 0 0 0
26.483 0x2B main_weld 1 1 1 1 87 13.3 3.2 100 10.0 0 0 0
26.523 0x2B main_weld 1 1 1 1 87 13.3 3.2 100 10.0 0 0 0
26.564 0x2B main_weld 1 1 1 1 87 13.3 3.2 100 10.0 0 0 0
26.612 0x2B main_weld 1 1 1 1 87 13.1 3.2 100 10.0 0 0 0
26.644 0x2B main_weld 1 1 1 1 87 13.1 3.2 100 10.0 0 0 0
26.683 0x2B main_weld 1 1 1 1 87 13.1 3.2 100 10.0 0 0 0
26.725 0x2B main_weld 1 1 1 1 87 13.1 3.2 100 10.0 0 0 0
26.763 0x2B main_weld 1 1 1 1 87 12.3 3.2 100 10.0 0 0 0
26.805 0x2B main_weld 1 1 1 1 126 12.3 3.2 100 10.0 0 0 0
26.850 0x2B main_weld 1 1 1 1 126 12.3 3.2 100 10.0 0 0 0
26.892 0x2B main_weld 1 1 1 1 56 17.6 3.2 100 10.0 0 0 0
26.924 0x2B main_weld 1 1 1 1 56 17.6 3.2 100 10.0 0 0 0
26.966 0x2B main_weld 1 1 1 1 56 17.6 3.2 100 10.0 0 0 0
27.010 0x2B main_weld 1 1 1 1 56 17.6 3.2 100 10.0 0 0 0
27.046 0x2B main_weld 1 1 1 1 56 15.4 3.2 100 10.0 0 0 0
27.086 0x2B main_weld 1 1 1 1 70 15.4 3.2 100 10.0 0 0 0
27.132 0x2B main_weld 1 1 1 1 70 15.4 3.2 100 10.0 0 0 0
27.169 0x2B main_weld 1 1 1 1 70 15.4 3.2 100 10.0 0 0 0
27.205 0x2B main_weld 1 1 1 1 70 15.4 3.2 100 10.0 0 0 0
27.245 0x2B main_weld 1 1 1 1 34 18.0 3.2 100 10.0 0 0 0
27.285 0x2B main_weld 1 1 1 1 34 18.0 3.2 100 10.0 0 0 0
27.329 0x2B main_weld 1 1 1 1 34 18.0 3.2 100 10.0 0 0 0
27.368 0x2B main_weld 1 1 1 1 87 18.0 3.2 100 10.0 0 0 0
27.412 0x2B main_weld 1 1 1 1 87 13.6 3.2 100 10.0 0 0 0
27.451 0x2B main_weld 1 1 1 1 87 13.6 3.2 100 10.0 0 0 0
27.486 0x2B main_weld 1 1 1 1 87 12.4 3.2 100 10.0 0 0 0
27.526 0x2B main_weld 1 1 1 1 126 12.4 3.2 100 10.0 0 0 0
27.565 0x2B main_weld 1 1 1 1 126 12.4 3.2 100 10.0 0 0 0
27.603 0x2B main_weld 1 1 1 1 126 12.4 3.2 100 10.0 0 0 0
27.644 0x2B main_weld 1 1 1 1 126 12.4 3.2 100 10.0 0 0 0
27.687 0x2B main_weld 1 1 1 1 126 13.2 3.2 100 10.0 0 0 0
27.729 0x2B main_weld 1 1 1 1 97 13.2 3.2 100 10.0 0 0 0
27.767 0x2B main_weld 1 1 1 1 97 13.2 3.2 100 10.0 0 0 0
27.804 0x2B main_weld 1 1 1 1 97 13.2 3.2 100 10.0 0 0 0
27.844 0x2B main_weld 1 1 1 1 97 17.7 3.2 100 10.0 0 0 0
27.884 0x2B main_weld 1 1 1 1 50 17.7 3.2 100 10.0 0 0 0
27.923 0x2B main_weld 1 1 1 1 50 17.7 3.2 100 10.0 0 0 0
27.966 0x2B main_weld 1 1 1 1 62 17.7 3.2 100 10.0 0 0 0
28.005 0x2B main_weld 1 1 1 1 62 17.7 3.2 100 10.0 0 0 0
28.046 0x2B main_weld 1 1 1 1 62 15.6 3.2 100 10.0 0 0 0
28.083 0x2B main_weld 1 1 1 1 62 15.6 3.2 100 10.0 0 0 0
28.132 0x2B main_weld 1 1 1 1 62 14.0 3.2 100 10.0 0 0 0
28.174 0x2B main_weld 1 1 1 1 81 14.0 3.2 100 10.0 0 0 0
28.203 0x2B main_weld 1 1 1 1 81 14.0 3.2 100 10.0 0 0 0
28.247 0x2B main_weld 1 1 1 1 81 14.0 3.2 100 10.0 0 0 0
28.286 0x2B main_weld 1 1 1 1 81 14.0 3.2 100 10.0 0 0 0
28.327 0x2B main_weld 1 1 1 1 120 13.1 3.2 100 10.0 0 0 0
28.364 0x2B main_weld 1 1 1 1 120 13.1 3.2 100 10.0 0 0 0
28.405 0x2B main_weld 1 1 1 1 120 13.1 3.2 100 10.0 0 0 0
28.442 0x2B main_weld 1 1 1 1 78 13.1 3.2 100 10.0 0 0 0
28.485 0x2B main_weld 1 1 1 1 78 14.8 3.2 100 10.0 0 0 0
28.527 0x2B main_weld 1 1 1 1 78 14.8 3.2 100 10.0 0 0 0
28.565 0x2B main_weld 1 1 1 1 78 15.5 3.2 100 10.0 0 0 0
28.610 0x2B main_weld 1 1 1 1 54 15.5 3.2 100 10.0 0 0 0
28.647 0x2B main_weld 1 1 1 1 54 15.5 3.2 100 10.0 0 0 0
28.692 0x2B main_weld 1 1 1 1 54 15.5 3.2 100 10.0 0 0 0
28.731 0x2B main_weld 1 1 1 1 54 15.5 3.2 100 10.0 0 0 0
28.764 0x2B main_weld 1 1 1 1 54 16.6 3.2 100 10.0 0 0 0
28.817 0x2B main_weld 1 1 1 1 72 16.6 3.2 100 10.0 0 0 0
28.850 0x2B main_weld 1 1 1 1 72 16.6 3.2 100 10.0 0 0 0
28.885 0x2B main_weld 1 1 1 1 72 16.6 3.2 100 10.0 0 0 0
28.928 0x2B main_weld 1 1 1 1 72 13.3 3.2 100 10.0 0 0 0
28.964 0x2B main_weld 1 1 1 1 93 13.3 3.2 100 10.0 0 0 0
29.005 0x2B main_weld 1 1 1 1 93 13.3 3.2 100 10.0 0 0 0
29.046 0x2B main_weld 1 1 1 1 93 13.3 3.2 100 10.0 0 0 0
29.091 0x2B main_weld 1 1 1 1 93 13.3 3.2 100 10.0 0 0 0
29.126 0x2B main_weld 1 1 1 1 93 15.6 3.2 100 10.0 0 0 0
29.164 0x2B main_weld 1 1 1 1 50 15.6 3.2 100 10.0 0 0 0
29.204 0x2B main_weld 1 1 1 1 50 15.6 3.2 100 10.0 0 0 0
29.255 0x2B main_weld 1 1 1 1 79 15.6 3.2 100 10.0 0 0 0
29.290 0x2B main_weld 1 1 1 1 79 13.8 3.2 100 10.0 0 0 0
29.327 0x2B main_weld 1 1 1 1 79 13.8 3.2 100 10.0 0 0 0
29.370 0x2B main_weld 1 1 1 1 79 13.8 3.2 100 10.0 0 0 0
29.407 0x2B main_weld 1 1 1 1 70 14.6 3.2 100 10.0 0 0 0
29.446 0x2B main_weld 1 1 1 1 70 14.6 3.2 100 10.0 0 0 0
29.484 0x2B main_weld 1 1 1 1 70 14.6 3.2 100 10.0 0 0 0
29.532 0x2B main_weld 1 1 1 1 70 14.6 3.2 100 10.0 0 0 0
29.567 0x2B main_weld 1 1 1 1 70 16.9 3.2 100 10.0 0 0 0
29.607 0x2B main_weld 1 1 1 1 40 16.9 3.2 100 10.0 0 0 0
29.647 0x2B main_weld 1 1 1 1 40 16.9 3.2 100 10.0 0 0 0
29.688 0x2B main_weld 1 1 1 1 40 16.9 3.2 100 10.0 0 0 0
29.728 0x2B main_weld 1 1 1 1 40 16.9 3.2 100 10.0 0 0 0
29.764 0x2B main_weld 1 1 1 1 126 13.3 3.2 100 10.0 0 0 0
29.808 0x2B main_weld 1 1 1 1 126 13.3 3.2 100 10.0 0 0 0
29.852 0x2B main_weld 1 1 1 1 126 13.3 3.2 100 10.0 0 0 0
29.882 0x2B main_weld 1 1 1 1 129 13.3 3.2 100 10.0 0 0 0
29.928 0x2B main_weld 1 1 1 1 129 15.8 3.2 100 10.0 0 0 0
29.966 0x2B main_weld 1 1 1 1 129 15.8 3.2 100 10.0 0 0 0
30.004 0x2B main_weld 1 1 1 1 129 53.2 3.2 100 10.0 0 0 0
30.049 0x2B main_weld 1 1 1 1 2 53.2 3.2 100 10.0 0 0 0
30.085 0x2B main_weld 1 1 1 1 2 53.2 3.2 100 10.0 0 0 0
30.127 0x2B main_weld 1 1 1 1 2 53.2 3.2 100 10.0 0 0 0
30.167 0x2B main_weld 1 1 1 1 2 53.2 3.2 100 10.0 0 0 0
30.207 0x2B main_weld 1 1 1 1 2 16.6 3.2 100 10.0 0 0 0
30.254 0x2B main_weld 1 1 1 1 55 16.6 3.2 100 10.0 0 0 0
30.296 0x2B main_weld 1 1 1 1 55 16.6 3.2 100 10.0 0 0 0
30.327 0x2B main_weld 1 1 1 1 73 16.6 3.2 100 10.0 0 0 0
30.363 0x2B main_weld 1 1 1 1 73 14.2 3.2 100 10.0 0 0 0
30.404 0x2B main_weld 1 1 1 1 73 14.2 3.2 100 10.0 0 0 0
30.449 0x2B main_weld 1 1 1 1 73 14.2 3.2 100 10.0 0 0 0
30.487 0x2B main_weld 1 1 1 1 88 14.2 3.2 100 10.0 0 0 0
30.526 0x2B main_weld 1 1 1 1 88 14.2 3.2 100 10.0 0 0 0
30.564 0x2B main_weld 1 1 1 1 88 13.6 3.2 100 10.0 0 0 0
30.603 0x2B main_weld 1 1 1 1 88 13.6 3.2 100 10.0 0 0 0
30.644 0x2B main_weld 1 1 1 1 88 14.1 3.2 100 10.0 0 0 0
30.684 0x2B main_weld 1 1 1 1 144 14.1 3.2 100 10.0 0 0 0
30.726 0x2B main_weld 1 1 1 1 144 14.1 3.2 100 10.0 0 0 0
30.772 0x2B main_weld 1 1 1 1 144 14.1 3.2 100 10.0 0 0 0
30.808 0x2B main_weld 1 1 1 1 144 14.1 3.2 100 10.0 0 0 0
30.847 0x2B main_weld 1 1 1 1 6 43.6 3.2 100 10.0 0 0 0
30.889 0x2B main_weld 1 1 1 1 6 43.6 3.2 100 10.0 0 0 0
30.938 0x2B main_weld 1 1 1 1 6 43.6 3.2 100 10.0 0 0 0
30.967 0x2B main_weld 1 1 1 1 6 43.6 3.2 100 10.0 0 0 0
31.005 0x2B main_weld 1 1 1 1 6 23.8 3.2 100 10.0 0 0 0
31.047 0x2B main_weld 1 1 1 1 46 23.8 3.2 100 10.0 0 0 0
31.087 0x2B main_weld 1 1 1 1 46 23.8 3.2 100 10.0 0 0 0
31.126 0x2B main_weld 1 1 1 1 140 23.8 3.2 100 10.0 0 0 0
31.167 0x2B main_weld 1 1 1 1 140 23.8 3.2 100 10.0 0 0 0
31.208 0x2B main_weld 1 1 1 1 140 12.6 3.2 100 10.0 0 0 0
31.244 0x2B main_weld 1 1 1 1 140 12.6 3.2 100 10.0 0 0 0
31.284 0x2B main_weld 1 1 1 1 140 12.6 3.2 100 10.0 0 0 0
31.331 0x2B main_weld 1 1 1 1 72 12.6 3.2 100 10.0 0 0 0
31.371 0x2B main_weld 1 1 1 1 72 15.1 3.2 100 10.0 0 0 0
31.405 0x2B main_weld 1 1 1 1 72 15.1 3.2 100 10.0 0 0 0
31.450 0x2B main_weld 1 1 1 1 72 14.7 3.2 100 10.0 0 0 0
31.485 0x2B main_weld 1 1 1 1 78 14.7 3.2 100 10.0 0 0 0
31.529 0x2B main_weld 1 1 1 1 78 14.7 3.2 100 10.0 0 0 0
31.567 0x2B main_weld 1 1 1 1 78 14.7 3.2 100 10.0 0 0 0
31.607 0x2B main_weld 1 1 1 1 78 14.7 3.2 100 10.0 0 0 0
31.651 0x2B main_weld 1 1 1 1 78 14.5 3.2 100 10.0 0 0 0
31.686 0x2B main_weld 1 1 1 1 92 14.5 3.2 100 10.0 0 0 0
31.730 0x2B main_weld 1 1 1 1 92 14.5 3.2 100 10.0 0 0 0
31.766 0x2B main_weld 1 1 1 1 31 14.5 3.2 100 10.0 0 0 0
31.810 0x2B main_weld 1 1 1 1 31 16.2 3.2 100 10.0 0 0 0
31.846 0x2B main_weld 1 1 1 1 31 16.2 3.2 100 10.0 0 0 0
31.882 0x2B main_weld 1 1 1 1 31 16.2 3.2 100 10.0 0 0 0
31.934 0x2B main_weld 1 1 1 1 90 13.7 3.2 100 10.0 0 0 0
31.964 0x2B main_weld 1 1 1 1 90 13.7 3.2 100 10.0 0 0 0
32.006 0x2B main_weld 1 1 1 1 90 13.7 3.2 100 10.0 0 0 0
32.046 0x2B main_weld 1 1 1 1 90 13.7 3.2 100 10.0 0 0 0
32.084 0x2B main_weld 1 1 1 1 90 14.1 3.2 100 10.0 0 0 0
32.128 0x2B main_weld 1 1 1 1 106 14.1 3.2 100 10.0 0 0 0
32.163 0x2B main_weld 1 1 1 1 106 14.1 3.2 100 10.0 0 0 0
32.206 0x2B main_weld 1 1 1 1 106 14.1 3.2 100 10.0 0 0 0
32.245 0x2B main_weld 1 1 1 1 106 14.1 3.2 100 10.0 0 0 0
32.286 0x2B main_weld 1 1 1 1 92 13.9 3.2 100 10.0 0 0 0
32.327 0x2B main_weld 1 1 1 1 92 13.9 3.2 100 10.0 0 0 0
32.365 0x2B main_weld 1 1 1 1 92 13.9 3.2 100 10.0 0 0 0
32.408 0x2B main_weld 1 1 1 1 43 13.9 3.2 100 10.0 0 0 0
32.450 0x2B main_weld 1 1 1 1 43 14.6 3.2 100 10.0 0 0 0
32.487 0x2B main_weld 1 1 1 1 43 14.6 3.2 100 10.0 0 0 0
32.528 0x2B main_weld 1 1 1 1 43 14.8 3.2 100 10.0 0 0 0
32.568 0x2B main_weld 1 1 1 1 68 14.8 3.2 100 10.0 0 0 0
32.613 0x2B main_weld 1 1 1 1 68 14.8 3.2 100 10.0 0 0 0
32.646 0x2B main_weld 1 1 1 1 68 14.8 3.2 100 10.0 0 0 0
32.688 0x2B main_weld 1 1 1 1 68 14.8 3.2 100 10.0 0 0 0
32.726 0x2B main_weld 1 1 1 1 68 14.8 3.2 100 10.0 0 0 0
32.768 0x2B main_weld 1 1 1 1 66 14.8 3.2 100 10.0 0 0 0
32.808 0x2B main_weld 1 1 1 1 66 14.5 3.2 100 10.0 0 0 0
32.847 0x2B main_weld 1 1 1 1 66 14.5 3.2 100 10.0 0 0 0
32.890 0x2B main_weld 1 1 1 1 66 13.0 3.2 100 10.0 0 0 0
32.932 0x2B main_weld 1 1 1 1 118 13.0 3.2 100 10.0 0 0 0
32.966 0x2B main_weld 1 1 1 1 118 13.0 3.2 100 10.0 0 0 0
33.008 0x2B main_weld 1 1 1 1 63 13.0 3.2 100 10.0 0 0 0
33.047 0x2B main_weld 1 1 1 1 63 13.0 3.2 100 10.0 0 0 0
33.092 0x2B main_weld 1 1 1 1 63 14.8 3.2 100 10.0 0 0 0
33.128 0x2B main_weld 1 1 1 1 63 14.8 3.2 100 10.0 0 0 0
33.167 0x2B main_weld 1 1 1 1 63 14.8 3.2 100 10.0 0 0 0
33.209 0x2B main_weld 1 1 1 1 64 14.8 3.2 100 10.0 0 0 0
33.251 0x2B main_weld 1 1 1 1 64 32.2 3.2 100 10.0 0 0 0
33.298 0x2B main_weld 1 1 1 1 64 32.2 3.2 100 10.0 0 0 0
33.325 0x2B main_weld 1 1 1 1 64 32.2 3.2 100 10.0 0 0 0
33.365 0x2B main_weld 1 1 1 1 75 20.7 3.2 100 10.0 0 0 0
33.409 0x2B main_weld 1 1 1 1 75 20.7 3.2 100 10.0 0 0 0
33.454 0x2B main_weld 1 1 1 1 75 20.7 3.2 100 10.0 0 0 0
33.484 0x2B main_weld 1 1 1 1 75 20.7 3.2 100 10.0 0 0 0
33.525 0x2B main_weld 1 1 1 1 75 13.8 3.2 100 10.0 0 0 0
33.563 0x2B main_weld 1 1 1 1 93 13.8 3.2 100 10.0 0 0 0
33.607 0x2B main_weld 1 1 1 1 93 13.8 3.2 100 10.0 0 0 0
33.643 0x2B main_weld 1 1 1 1 97 13.8 3.2 100 10.0 0 0 0
33.683 0x2B main_weld 1 1 1 1 97 13.8 3.2 100 10.0 0 0 0
33.724 0x2B main_weld 1 1 1 1 97 13.7 3.2 100 10.0 0 0 0
33.763 0x2B main_weld 1 1 1 1 97 13.7 3.2 100 10.0 0 0 0
33.803 0x2B main_weld 1 1 1 1 97 15.2 3.2 100 10.0 0 0 0
33.846 0x2B main_weld 1 1 1 1 63 15.2 3.2 100 10.0 0 0 0
33.889 0x2B main_weld 1 1 1 1 63 15.2 3.2 100 10.0 0 0 0
33.927 0x2B main_weld 1 1 1 1 63 15.2 3.2 100 10.0 0 0 0
33.967 0x2B main_weld 1 1 1 1 63 13.3 3.2 100 10.0 0 0 0
34.005 0x2B main_weld 1 1 1 1 80 13.3 3.2 100 10.0 0 0 0
34.045 0x2B main_weld 1 1 1 1 80 13.3 3.2 100 10.0 0 0 0
34.089 0x2B main_weld 1 1 1 1 80 13.3 3.2 100 10.0 0 0 0
34.125 0x2B main_weld 1 1 1 1 80 13.3 3.2 100 10.0 0 0 0
34.164 0x2B main_weld 1 1 1 1 80 14.5 3.2 100 10.0 0 0 0
34.205 0x2B main_weld 1 1 1 1 79 14.5 3.2 100 10.0 0 0 0
34.246 0x2B main_weld 1 1 1 1 79 14.5 3.2 100 10.0 0 0 0
34.285 0x2B main_weld 1 1 1 1 73 14.5 3.2 100 10.0 0 0 0
34.325 0x2B main_weld 1 1 1 1 73 14.1 3.2 100 10.0 0 0 0
34.369 0x2B main_weld 1 1 1 1 73 14.1 3.2 100 10.0 0 0 0
34.412 0x2B main_weld 1 1 1 1 73 14.1 3.2 100 10.0 0 0 0
34.444 0x2B main_weld 1 1 1 1 75 14.1 3.2 100 10.0 0 0 0
34.484 0x2B main_weld 1 1 1 1 75 14.1 3.2 100 10.0 0 0 0
34.523 0x2B main_weld 1 1 1 1 75 14.1 3.2 100 10.0 0 0 0
34.563 0x2B main_weld 1 1 1 1 75 14.1 3.2 100 10.0 0 0 0
34.603 0x2B main_weld 1 1 1 1 75 14.4 3.2 100 10.0 0 0 0
34.645 0x2B main_weld 1 1 1 1 60 14.4 3.2 100 10.0 0 0 0
34.686 0x2B main_weld 1 1 1 1 60 14.4 3.2 100 10.0 0 0 0
34.726 0x2B main_weld 1 1 1 1 100 14.4 3.2 100 10.0 0 0 0
34.765 0x2B main_weld 1 1 1 1 100 14.4 3.2 100 10.0 0 0 0
34.805 0x2B main_weld 1 1 1 1 100 15.0 3.2 100 10.0 0 0 0
34.844 0x2B main_weld 1 1 1 1 100 15.0 3.2 100 10.0 0 0 0
34.883 0x2B main_weld 1 1 1 1 100 15.0 3.2 100 10.0 0 0 0
34.927 0x2B main_weld 1 1 1 1 85 15.0 3.2 100 10.0 0 0 0
34.964 0x2B main_weld 1 1 1 1 85 13.4 3.2 100 10.0 0 0 0
35.007 0x2B main_weld 1 1 1 1 85 13.4 3.2 100 10.0 0 0 0
35.044 0x2B main_weld 1 1 1 1 85 13.4 3.2 100 10.0 0 0 0
35.084 0x2B main_weld 1 1 1 1 84 13.4 3.2 100 10.0 0 0 0
35.127 0x2B main_weld 1 1 1 1 84 13.4 3.2 100 10.0 0 0 0
35.176 0x2B main_weld 1 1 1 1 84 14.2 3.2 100 10.0 0 0 0
35.203 0x2B main_weld 1 1 1 1 84 14.2 3.2 100 10.0 0 0 0
35.248 0x2B main_weld 1 1 1 1 84 14.0 3.2 100 10.0 0 0 0
35.283 0x2B main_weld 1 1 1 1 72 14.0 3.2 100 10.0 0 0 0
35.324 0x2B main_weld 1 1 1 1 72 14.0 3.2 100 10.0 0 0 0
35.365 0x2B main_weld 1 1 1 1 72 14.0 3.2 100 10.0 0 0 0
35.405 0x2B main_weld 1 1 1 1 72 15.9 3.2 100 10.0 0 0 0
35.446 0x2B main_weld 1 1 1 1 18 15.9 3.2 100 10.0 0 0 0
35.489 0x2B main_weld 1 1 1 1 18 15.9 3.2 100 10.0 0 0 0
35.525 0x2B main_weld 1 1 1 1 130 15.9 3.2 100 10.0 0 0 0
35.567 0x2B main_weld 1 1 1 1 130 15.9 3.2 100 10.0 0 0 0
35.604 0x2B main_weld 1 1 1 1 130 13.2 3.2 100 10.0 0 0 0
35.645 0x2B main_weld 1 1 1 1 130 13.2 3.2 100 10.0 0 0 0
35.684 0x2B main_weld 1 1 1 1 130 32.3 3.2 100 10.0 0 0 0
35.727 0x2B main_weld 1 1 1 1 130 32.3 3.2 100 10.0 0 0 0
35.764 0x2B main_weld 1 1 1 1 130 32.3 3.2 100 10.0 0 0 0
35.806 0x2B main_weld 1 1 1 1 51 32.3 3.2 100 10.0 0 0 0
35.849 0x2B main_weld 1 1 1 1 51 32.3 3.2 100 10.0 0 0 0
35.884 0x2B main_weld 1 1 1 1 80 14.7 3.2 100 10.0 0 0 0
35.928 0x2B main_weld 1 1 1 1 80 14.7 3.2 100 10.0 0 0 0
35.969 0x2B main_weld 1 1 1 1 80 14.7 3.2 100 10.0 0 0 0
36.004 0x2B main_weld 1 1 1 1 80 14.7 3.2 100 10.0 0 0 0
36.043 0x2B main_weld 1 1 1 1 80 13.8 3.2 100 10.0 0 0 0
36.092 0x2B main_weld 1 1 1 1 68 13.8 3.2 100 10.0 0 0 0
36.130 0x2B main_weld 1 1 1 1 68 13.8 3.2 100 10.0 0 0 0
36.166 0x2B main_weld 1 1 1 1 75 13.8 3.2 100 10.0 0 0 0
36.206 0x2B main_weld 1 1 1 1 75 13.8 3.2 100 10.0 0 0 0
36.248 0x2B main_weld 1 1 1 1 75 14.3 3.2 100 10.0 0 0 0
36.286 0x2B main_weld 1 1 1 1 75 14.3 3.2 100 10.0 0 0 0
36.328 0x2B main_weld 1 1 1 1 75 12.8 3.2 100 10.0 0 0 0
36.368 0x2B main_weld 1 1 1 1 105 12.8 3.2 100 10.0 0 0 0
36.415 0x2B main_weld 1 1 1 1 105 12.8 3.2 100 10.0 0 0 0
36.449 0x2B main_weld 1 1 1 1 105 12.8 3.2 100 10.0 0 0 0
36.489 0x2B main_weld 1 1 1 1 105 28.8 3.2 100 10.0 0 0 0
36.529 0x2B main_weld 1 1 1 1 90 28.8 3.2 100 10.0 0 0 0
36.569 0x2B main_weld 1 1 1 1 90 28.8 3.2 100 10.0 0 0 0
36.604 0x2B main_weld 1 1 1 1 9 28.8 3.2 100 10.0 0 0 0
36.652 0x2B main_weld 1 1 1 1 9 28.8 3.2 100 10.0 0 0 0
36.684 0x2B main_weld 1 1 1 1 9 53.1 3.2 100 10.0 0 0 0
36.732 0x2B main_weld 1 1 1 1 9 53.1 3.2 100 10.0 0 0 0
36.764 0x2B main_weld 1 1 1 1 9 53.1 3.2 100 10.0 0 0 0
36.807 0x2B main_weld 1 1 1 1 123 53.1 3.2 100 10.0 0 0 0
36.843 0x2B main_weld 1 1 1 1 123 13.9 3.2 100 10.0 0 0 0
36.885 0x2B main_weld 1 1 1 1 123 13.9 3.2 100 10.0 0 0 0
36.928 0x2B main_weld 1 1 1 1 123 13.9 3.2 100 10.0 0 0 0
36.968 0x2B main_weld 1 1 1 1 70 15.5 3.2 100 10.0 0 0 0
37.003 0x2B main_weld 1 1 1 1 70 15.5 3.2 100 10.0 0 0 0
37.044 0x2B main_weld 1 1 1 1 70 15.5 3.2 100 10.0 0 0 0
37.092 0x2B main_weld 1 1 1 1 70 15.5 3.2 100 10.0 0 0 0
37.126 0x2B main_weld 1 1 1 1 70 14.3 3.2 100 10.0 0 0 0
37.166 0x2B main_weld 1 1 1 1 69 14.3 3.2 100 10.0 0 0 0
37.207 0x2B main_weld 1 1 1 1 69 14.3 3.2 100 10.0 0 0 0
37.248 0x2B main_weld 1 1 1 1 69 14.3 3.2 100 10.0 0 0 0
37.288 0x2B main_weld 1 1 1 1 69 14.3 3.2 100 10.0 0 0 0
37.328 0x2B main_weld 1 1 1 1 126 13.6 3.2 100 10.0 0 0 0
37.365 0x2B main_weld 1 1 1 1 126 13.6 3.2 100 10.0 0 0 0
37.412 0x2B main_weld 1 1 1 1 126 13.6 3.2 100 10.0 0 0 0
37.454 0x2B main_weld 1 1 1 1 52 13.6 3.2 100 10.0 0 0 0
37.492 0x2B main_weld 1 1 1 1 52 16.3 3.2 100 10.0 0 0 0
37.530 0x2B main_weld 1 1 1 1 52 16.3 3.2 100 10.0 0 0 0
37.567 0x2B main_weld 1 1 1 1 52 14.6 3.2 100 10.0 0 0 0
37.604 0x2B main_weld 1 1 1 1 58 14.6 3.2 100 10.0 0 0 0
37.648 0x2B main_weld 1 1 1 1 58 14.6 3.2 100 10.0 0 0 0
37.684 0x2B main_weld 1 1 1 1 58 14.6 3.2 100 10.0 0 0 0
37.734 0x2B main_weld 1 1 1 1 58 14.6 3.2 100 10.0 0 0 0
37.767 0x2B main_weld 1 1 1 1 127 13.2 3.2 100 10.0 0 0 0
37.809 0x2B main_weld 1 1 1 1 127 13.2 3.2 100 10.0 0 0 0
37.846 0x2B main_weld 1 1 1 1 127 13.2 3.2 100 10.0 0 0 0
37.893 0x2B main_weld 1 1 1 1 127 13.2 3.2 100 10.0 0 0 0
37.924 0x2B main_weld 1 1 1 1 127 27.7 3.2 100 10.0 0 0 0
37.971 0x2B main_weld 1 1 1 1 69 27.7 3.2 100 10.0 0 0 0
38.007 0x2B main_weld 1 1 1 1 69 27.7 3.2 100 10.0 0 0 0
38.044 0x2B main_weld 1 1 1 1 69 27.7 3.2 100 10.0 0 0 0
38.084 0x2B main_weld 1 1 1 1 69 27.7 3.2 100 10.0 0 0 0
38.123 0x2B main_weld 1 1 1 1 69 17.8 3.2 100 10.0 0 0 0
38.163 0x2B main_weld 1 1 1 1 69 17.8 3.2 100 10.0 0 0 0
38.203 0x2B main_weld 1 1 1 1 69 11.8 3.2 100 10.0 0 0 0
38.243 0x2B main_weld 1 1 1 1 162 11.8 3.2 100 10.0 0 0 0
38.282 0x2B main_weld 1 1 1 1 162 11.8 3.2 100 10.0 0 0 0
38.325 0x2B main_weld 1 1 1 1 162 11.8 3.2 100 10.0 0 0 0
38.368 0x2B main_weld 1 1 1 1 162 11.8 3.2 100 10.0 0 0 0
38.404 0x2B main_weld 1 1 1 1 26 16.3 3.2 100 10.0 0 0 0
38.446 0x2B main_weld 1 1 1 1 26 16.3 3.2 100 10.0 0 0 0
38.484 0x2B main_weld 1 1 1 1 26 16.3 3.2 100 10.0 0 0 0
38.524 0x2B main_weld 1 1 1 1 26 16.3 3.2 100 10.0 0 0 0
38.563 0x2B main_weld 1 1 1 1 26 14.1 3.2 100 10.0 0 0 0
38.605 0x2B main_weld 1 1 1 1 88 14.1 3.2 100 10.0 0 0 0
38.648 0x2B main_weld 1 1 1 1 88 14.1 3.2 100 10.0 0 0 0
38.687 0x2B main_weld 1 1 1 1 82 14.1 3.2 100 10.0 0 0 0
38.730 0x2B main_weld 1 1 1 1 82 14.1 3.2 100 10.0 0 0 0
38.766 0x2B main_weld 1 1 1 1 82 13.7 3.2 100 10.0 0 0 0
38.806 0x2B main_weld 1 1 1 1 82 13.7 3.2 100 10.0 0 0 0
38.847 0x2B main_weld 1 1 1 1 82 17.2 3.2 100 10.0 0 0 0
38.886 0x2B main_weld 1 1 1 1 22 17.2 3.2 100 10.0 0 0 0
38.927 0x2B main_weld 1 1 1 1 22 17.2 3.2 100 10.0 0 0 0
38.965 0x2B main_weld 1 1 1 1 22 17.2 3.2 100 10.0 0 0 0
39.008 0x2B main_weld 1 1 1 1 22 12.6 3.2 100 10.0 0 0 0
39.048 0x2B main_weld 1 1 1 1 135 12.6 3.2 100 10.0 0 0 0
39.084 0x2B main_weld 1 1 1 1 135 12.6 3.2 100 10.0 0 0 0
39.126 0x2B main_weld 1 1 1 1 135 12.6 3.2 100 10.0 0 0 0
39.171 0x2B main_weld 1 1 1 1 135 12.6 3.2 100 10.0 0 0 0
39.206 0x2B main_weld 1 1 1 1 135 15.8 3.2 100 10.0 0 0 0
39.249 0x2B main_weld 1 1 1 1 60 15.8 3.2 100 10.0 0 0 0
39.286 0x2B main_weld 1 1 1 1 60 15.8 3.2 100 10.0 0 0 0
39.334 0x2B main_weld 1 1 1 1 68 15.8 3.2 100 10.0 0 0 0
39.363 0x2B main_weld 1 1 1 1 68 14.0 3.2 100 10.0 0 0 0
39.410 0x2B main_weld 1 1 1 1 68 14.0 3.2 100 10.0 0 0 0
39.456 0x2B main_weld 1 1 1 1 68 14.0 3.2 100 10.0 0 0 0
39.491 0x2B main_weld 1 1 1 1 121 14.0 3.2 100 10.0 0 0 0
39.527 0x2B main_weld 1 1 1 1 121 14.0 3.2 100 10.0 0 0 0
39.567 0x2B main_weld 1 1 1 1 121 12.8 3.2 100 10.0 0 0 0
39.605 0x2B main_weld 1 1 1 1 121 12.8 3.2 100 10.0 0 0 0
39.649 0x2B main_weld 1 1 1 1 121 14.1 3.2 100 10.0 0 0 0
39.687 0x2B main_weld 1 1 1 1 100 14.1 3.2 100 10.0 0 0 0
39.725 0x2B main_weld 1 1 1 1 100 14.1 3.2 100 10.0 0 0 0
39.772 0x2B main_weld 1 1 1 1 100 14.1 3.2 100 10.0 0 0 0
39.806 0x2B main_weld 1 1 1 1 100 16.0 3.2 100 10.0 0 0 0
39.849 0x2B main_weld 1 1 1 1 51 16.0 3.2 100 10.0 0 0 0
39.888 0x2B main_weld 1 1 1 1 51 16.0 3.2 100 10.0 0 0 0
39.925 0x2B main_weld 1 1 1 1 51 16.0 3.2 100 10.0 0 0 0
39.963 0x2B main_weld 1 1 1 1 97 16.0 3.2 100 10.0 0 0 0
40.007 0x2B main_weld 1 1 1 1 97 13.2 3.2 100 10.0 0 0 0
40.050 0x2B main_weld 1 1 1 1 97 13.2 3.2 100 10.0 0 0 0
40.088 0x2B main_weld 1 1 1 1 97 14.9 3.2 100 10.0 0 0 0
40.130 0x2B main_weld 1 1 1 1 21 14.9 3.2 100 10.0 0 0 0
40.164 0x2B main_weld 1 1 1 1 21 14.9 3.2 100 10.0 0 0 0
40.202 0x2B main_weld 1 1 1 1 21 14.9 3.2 100 10.0 0 0 0
40.245 0x2B main_weld 1 1 1 1 21 14.9 3.2 100 10.0 0 0 0
40.287 0x2B main_weld 1 1 1 1 91 13.4 3.2 100 10.0 0 0 0
40.326 0x2B main_weld 1 1 1 1 91 13.4 3.2 100 10.0 0 0 0
40.367 0x2B main_weld 1 1 1 1 91 13.4 3.2 100 10.0 0 0 0
40.411 0x2B main_weld 1 1 1 1 91 13.4 3.2 100 10.0 0 0 0
40.447 0x2B main_weld 1 1 1 1 91 13.7 3.2 100 10.0 0 0 0
40.486 0x2B main_weld 1 1 1 1 93 13.7 3.2 100 10.0 0 0 0
40.526 0x2B main_weld 1 1 1 1 93 13.7 3.2 100 10.0 0 0 0
40.573 0x2B main_weld 1 1 1 1 64 13.7 3.2 100 10.0 0 0 0
40.610 0x2B main_weld 1 1 1 1 64 13.7 3.2 100 10.0 0 0 0
40.642 0x2B main_weld 1 1 1 1 64 14.9 3.2 100 10.0 0 0 0
40.684 0x2B main_weld 1 1 1 1 64 14.9 3.2 100 10.0 0 0 0
40.738 0x2B main_weld 1 1 1 1 64 15.8 3.2 100 10.0 0 0 0
40.766 0x2B main_weld 1 1 1 1 58 15.8 3.2 100 10.0 0 0 0
40.803 0x2B main_weld 1 1 1 1 58 15.8 3.2 100 10.0 0 0 0
40.849 0x2B main_weld 1 1 1 1 58 15.8 3.2 100 10.0 0 0 0
40.890 0x2B main_weld 1 1 1 1 58 15.8 3.2 100 10.0 0 0 0
40.925 0x2B main_weld 1 1 1 1 90 13.9 3.2 100 10.0 0 0 0
40.975 0x2B main_weld 1 1 1 1 90 13.9 3.2 100 10.0 0 0 0
41.014 0x2B main_weld 1 1 1 1 90 13.9 3.2 100 10.0 0 0 0
41.047 0x2B main_weld 1 1 1 1 90 13.9 3.2 100 10.0 0 0 0
41.088 0x2B main_weld 1 1 1 1 90 14.1 3.2 100 10.0 0 0 0
41.136 0x2B main_weld 1 1 1 1 84 14.1 3.2 100 10.0 0 0 0
41.178 0x2B main_weld 1 1 1 1 84 14.1 3.2 100 10.0 0 0 0
41.203 0x2B main_weld 1 1 1 1 84 14.1 3.2 100 10.0 0 0 0
41.244 0x2B main_weld 1 1 1 1 84 14.1 3.2 100 10.0 0 0 0
41.283 0x2B main_weld 1 1 1 1 111 13.6 3.2 100 10.0 0 0 0
41.323 0x2B main_weld 1 1 1 1 111 13.6 3.2 100 10.0 0 0 0
41.367 0x2B main_weld 1 1 1 1 111 13.6 3.2 100 10.0 0 0 0
41.408 0x2B main_weld 1 1 1 1 49 13.6 3.2 100 10.0 0 0 0
41.453 0x2B main_weld 1 1 1 1 49 24.7 3.2 100 10.0 0 0 0
41.494 0x2B main_weld 1 1 1 1 49 24.7 3.2 100 10.0 0 0 0
41.526 0x2B main_weld 1 1 1 1 49 20.9 3.2 100 10.0 0 0 0
41.566 0x2B main_weld 1 1 1 1 49 20.9 3.2 100 10.0 0 0 0
41.610 0x2B main_weld 1 1 1 1 49 20.9 3.2 100 10.0 0 0 0
41.648 0x2B main_weld 1 1 1 1 49 20.9 3.2 100 10.0 0 0 0
41.693 0x2B main_weld 1 1 1 1 49 20.9 3.2 100 10.0 0 0 0
41.731 0x2B main_weld 1 1 1 1 49 20.9 3.2 100 10.0 0 0 0
41.772 0x2B main_weld 1 1 1 1 43 20.9 3.2 100 10.0 0 0 0
41.805 0x2B main_weld 1 1 1 1 43 14.6 3.2 100 10.0 0 0 0
41.848 0x2B main_weld 1 1 1 1 114 14.6 3.2 100 10.0 0 0 0
41.891 0x2B main_weld 1 1 1 1 114 13.2 3.2 100 10.0 0 0 0
41.931 0x2B main_weld 1 1 1 1 114 13.2 3.2 100 10.0 0 0 0
41.967 0x2B main_weld 1 1 1 1 114 13.2 3.2 100 10.0 0 0 0
42.006 0x2B main_weld 1 1 1 1 68 14.1 3.2 100 10.0 0 0 0
42.047 0x2B main_weld 1 1 1 1 68 14.1 3.2 100 10.0 0 0 0
42.085 0x2B main_weld 1 1 1 1 68 14.1 3.2 100 10.0 0 0 0
42.137 0x2B main_weld 1 1 1 1 68 14.1 3.2 100 10.0 0 0 0
42.167 0x2B main_weld 1 1 1 1 68 13.5 3.2 100 10.0 0 0 0
42.206 0x2B main_weld 1 1 1 1 99 13.5 3.2 100 10.0 0 0 0
42.247 0x2B main_weld 1 1 1 1 99 13.5 3.2 100 10.0 0 0 0
42.284 0x2B main_weld 1 1 1 1 99 13.5 3.2 100 10.0 0 0 0
42.337 0x2B main_weld 1 1 1 1 99 14.1 3.2 100 10.0 0 0 0
42.378 0x2B main_weld 1 1 1 1 85 14.1 3.2 100 10.0 0 0 0
42.415 0x2B main_weld 1 1 1 1 85 14.1 3.2 100 10.0 0 0 0
42.462 0x2B main_weld 1 1 1 1 38 14.1 3.2 100 10.0 0 0 0
42.486 0x2B main_weld 1 1 1 1 38 14.1 3.2 100 10.0 0 0 0
42.537 0x2B main_weld 1 1 1 1 38 17.1 3.2 100 10.0 0 0 0
42.568 0x2B main_weld 1 1 1 1 38 17.1 3.2 100 10.0 0 0 0
42.606 0x2B main_weld 1 1 1 1 38 14.6 3.2 100 10.0 0 0 0
42.647 0x2B main_weld 1 1 1 1 73 14.6 3.2 100 10.0 0 0 0
42.688 0x2B main_weld 1 1 1 1 73 14.6 3.2 100 10.0 0 0 0
42.730 0x2B main_weld 1 1 1 1 73 14.6 3.2 100 10.0 0 0 0
42.768 0x2B main_weld 1 1 1 1 73 14.6 3.2 100 10.0 0 0 0
42.812 0x2B main_weld 1 1 1 1 97 18.6 3.2 100 10.0 0 0 0
42.849 0x2B main_weld 1 1 1 1 97 18.6 3.2 100 10.0 0 0 0
42.889 0x2B main_weld 1 1 1 1 97 18.6 3.2 100 10.0 0 0 0
42.928 0x2B main_weld 1 1 1 1 97 18.6 3.2 100 10.0 0 0 0
42.967 0x2B main_weld 1 1 1 1 97 16.8 3.2 100 10.0 0 0 0
43.009 0x2B main_weld 1 1 1 1 28 16.8 3.2 100 10.0 0 0 0
43.053 0x2B main_weld 1 1 1 1 28 16.8 3.2 100 10.0 0 0 0
43.089 0x2B main_weld 1 1 1 1 28 16.8 3.2 100 10.0 0 0 0
43.132 0x2B main_weld 1 1 1 1 28 16.8 3.2 100 10.0 0 0 0
43.164 0x2B main_weld 1 1 1 1 28 12.8 3.2 100 10.0 0 0 0
43.205 0x2B main_weld 1 1 1 1 136 12.8 3.2 100 10.0 0 0 0
43.249 0x2B main_weld 1 1 1 1 136 12.8 3.2 100 10.0 0 0 0
43.287 0x2B main_weld 1 1 1 1 68 12.8 3.2 100 10.0 0 0 0
43.324 0x2B main_weld 1 1 1 1 68 15.3 3.2 100 10.0 0 0 0
43.365 0x2B main_weld 1 1 1 1 68 15.3 3.2 100 10.0 0 0 0
43.406 0x2B main_weld 1 1 1 1 68 15.3 3.2 100 10.0 0 0 0
43.444 0x2B main_weld 1 1 1 1 75 13.3 3.2 100 10.0 0 0 0
43.489 0x2B main_weld 1 1 1 1 75 13.3 3.2 100 10.0 0 0 0
43.531 0x2B main_weld 1 1 1 1 75 13.3 3.2 100 10.0 0 0 0
43.574 0x2B main_weld 1 1 1 1 75 13.3 3.2 100 10.0 0 0 0
43.611 0x2B main_weld 1 1 1 1 75 15.3 3.2 100 10.0 0 0 0
43.647 0x2B main_weld 1 1 1 1 68 15.3 3.2 100 10.0 0 0 0
43.693 0x2B main_weld 1 1 1 1 68 15.3 3.2 100 10.0 0 0 0
43.726 0x2B main_weld 1 1 1 1 72 15.3 3.2 100 10.0 0 0 0
43.764 0x2B main_weld 1 1 1 1 72 15.3 3.2 100 10.0 0 0 0
43.805 0x2B main_weld 1 1 1 1 72 14.0 3.2 100 10.0 0 0 0
43.847 0x2B main_weld 1 1 1 1 72 14.0 3.2 100 10.0 0 0 0
43.885 0x2B main_weld 1 1 1 1 72 14.0 3.2 100 10.0 0 0 0
43.939 0x2B main_weld 1 1 1 1 100 14.0 3.2 100 10.0 0 0 0
43.970 0x2B main_weld 1 1 1 1 100 13.4 3.2 100 10.0 0 0 0
44.007 0x2B main_weld 1 1 1 1 100 13.4 3.2 100 10.0 0 0 0
44.048 0x2B main_weld 1 1 1 1 100 12.8 3.2 100 10.0 0 0 0
44.092 0x2B main_weld 1 1 1 1 121 12.8 3.2 100 10.0 0 0 0
44.123 0x2B main_weld 1 1 1 1 121 12.8 3.2 100 10.0 0 0 0
44.166 0x2B main_weld 1 1 1 1 121 12.8 3.2 100 10.0 0 0 0
44.212 0x2B main_weld 1 1 1 1 121 12.8 3.2 100 10.0 0 0 0
44.246 0x2B main_weld 1 1 1 1 121 23.1 3.2 100 10.0 0 0 0
44.287 0x2B main_weld 1 1 1 1 44 23.1 3.2 100 10.0 0 0 0
44.331 0x2B main_weld 1 1 1 1 44 23.1 3.2 100 10.0 0 0 0
44.365 0x2B main_weld 1 1 1 1 15 23.1 3.2 100 10.0 0 0 0
44.405 0x2B main_weld 1 1 1 1 15 43.0 3.2 100 10.0 0 0 0
44.451 0x2B main_weld 1 1 1 1 15 43.0 3.2 100 10.0 0 0 0
44.492 0x2B main_weld 1 1 1 1 15 13.3 3.2 100 10.0 0 0 0
44.528 0x2B main_weld 1 1 1 1 138 13.3 3.2 100 10.0 0 0 0
44.574 0x2B main_weld 1 1 1 1 138 13.3 3.2 100 10.0 0 0 0
44.606 0x2B main_weld 1 1 1 1 138 13.3 3.2 100 10.0 0 0 0
44.649 0x2B main_weld 1 1 1 1 138 13.3 3.2 100 10.0 0 0 0
44.688 0x2B main_weld 1 1 1 1 138 54.1 3.2 100 10.0 0 0 0
44.729 0x2B main_weld 1 1 1 1 138 54.1 3.2 100 10.0 0 0 0
44.767 0x2B main_weld 1 1 1 1 138 54.1 3.2 100 10.0 0 0 0
44.815 0x2B main_weld 1 1 1 1 9 54.1 3.2 100 10.0 0 0 0
44.850 0x2B main_weld 1 1 1 1 9 54.1 3.2 100 10.0 0 0 0
44.888 0x2B main_weld 1 1 1 1 120 26.3 3.2 100 10.0 0 0 0
44.927 0x2B main_weld 1 1 1 1 120 26.3 3.2 100 10.0 0 0 0
44.964 0x2B main_weld 1 1 1 1 120 26.3 3.2 100 10.0 0 0 0
45.009 0x2B main_weld 1 1 1 1 120 26.3 3.2 100 10.0 0 0 0
45.049 0x2B main_weld 1 1 1 1 120 14.3 3.2 100 10.0 0 0 0
45.095 0x2B main_weld 1 1 1 1 61 14.3 3.2 100 10.0 0 0 0
45.127 0x2B main_weld 1 1 1 1 61 14.3 3.2 100 10.0 0 0 0
45.165 0x2B main_weld 1 1 1 1 39 14.3 3.2 100 10.0 0 0 0
45.204 0x2B main_weld 1 1 1 1 39 14.3 3.2 100 10.0 0 0 0
45.246 0x2B main_weld 1 1 1 1 39 16.0 3.2 100 10.0 0 0 0
45.287 0x2B main_weld 1 1 1 1 39 16.0 3.2 100 10.0 0 0 0
45.333 0x2B main_weld 1 1 1 1 85 13.8 3.2 100 10.0 0 0 0
45.365 0x2B main_weld 1 1 1 1 85 13.8 3.2 100 10.0 0 0 0
45.412 0x2B main_weld 1 1 1 1 85 13.8 3.2 100 10.0 0 0 0
45.445 0x2B main_weld 1 1 1 1 85 13.8 3.2 100 10.0 0 0 0
45.490 0x2B main_weld 1 1 1 1 85 16.2 3.2 100 10.0 0 0 0
45.529 0x2B main_weld 1 1 1 1 48 16.2 3.2 100 10.0 0 0 0
45.570 0x2B main_weld 1 1 1 1 48 16.2 3.2 100 10.0 0 0 0
45.609 0x2B main_weld 1 1 1 1 48 16.2 3.2 100 10.0 0 0 0
45.649 0x2B main_weld 1 1 1 1 48 16.2 3.2 100 10.0 0 0 0
45.686 0x2B main_weld 1 1 1 1 48 16.9 3.2 100 10.0 0 0 0
45.726 0x2B main_weld 1 1 1 1 50 16.9 3.2 100 10.0 0 0 0
45.766 0x2B main_weld 1 1 1 1 50 16.9 3.2 100 10.0 0 0 0
45.818 0x2B main_weld 1 1 1 1 129 16.9 3.2 100 10.0 0 0 0
45.847 0x2B main_weld 1 1 1 1 129 13.0 3.2 100 10.0 0 0 0
45.885 0x2B main_weld 1 1 1 1 129 13.0 3.2 100 10.0 0 0 0
45.928 0x2B main_weld 1 1 1 1 129 13.0 3.2 100 10.0 0 0 0
45.965 0x2B main_weld 1 1 1 1 57 16.2 3.2 100 10.0 0 0 0
46.007 0x2B main_weld 1 1 1 1 57 16.2 3.2 100 10.0 0 0 0
46.049 0x2B main_weld 1 1 1 1 57 16.2 3.2 100 10.0 0 0 0
46.087 0x2B main_weld 1 1 1 1 57 16.2 3.2 100 10.0 0 0 0
46.128 0x2B main_weld 1 1 1 1 57 14.1 3.2 100 10.0 0 0 0
46.169 0x2B main_weld 1 1 1 1 94 14.1 3.2 100 10.0 0 0 0
46.203 0x2B main_weld 1 1 1 1 94 14.1 3.2 100 10.0 0 0 0
46.244 0x2B main_weld 1 1 1 1 94 14.1 3.2 100 10.0 0 0 0
46.286 0x2B main_weld 1 1 1 1 94 14.1 3.2 100 10.0 0 0 0
46.323 0x2B main_weld 1 1 1 1 39 15.7 3.2 100 10.0 0 0 0
46.365 0x2B main_weld 1 1 1 1 39 15.7 3.2 100 10.0 0 0 0
46.405 0x2B main_weld 1 1 1 1 39 15.7 3.2 100 10.0 0 0 0
46.449 0x2B main_weld 1 1 1 1 56 15.7 3.2 100 10.0 0 0 0
46.493 0x2B main_weld 1 1 1 1 56 15.7 3.2 100 10.0 0 0 0
46.534 0x2B main_weld 1 1 1 1 56 15.7 3.2 100 10.0 0 0 0
46.567 0x2B main_weld 1 1 1 1 56 14.1 3.2 100 10.0 0 0 0
46.606 0x2B main_weld 1 1 1 1 109 14.1 3.2 100 10.0 0 0 0
46.650 0x2B main_weld 1 1 1 1 109 14.1 3.2 100 10.0 0 0 0
46.687 0x2B main_weld 1 1 1 1 109 14.1 3.2 100 10.0 0 0 0
46.730 0x2B main_weld 1 1 1 1 109 14.1 3.2 100 10.0 0 0 0
46.765 0x2B main_weld 1 1 1 1 109 14.9 3.2 100 10.0 0 0 0
46.808 0x2B main_weld 1 1 1 1 108 14.9 3.2 100 10.0 0 0 0
46.843 0x2B main_weld 1 1 1 1 108 14.9 3.2 100 10.0 0 0 0
46.882 0x2B main_weld 1 1 1 1 108 14.9 3.2 100 10.0 0 0 0
46.926 0x2B main_weld 1 1 1 1 108 30.3 3.2 100 10.0 0 0 0
46.965 0x2B main_weld 1 1 1 1 40 30.3 3.2 100 10.0 0 0 0
47.012 0x2B main_weld 1 1 1 1 40 30.3 3.2 100 10.0 0 0 0
47.056 0x2B main_weld 1 1 1 1 90 30.3 3.2 100 10.0 0 0 0
47.084 0x2B main_weld 1 1 1 1 90 30.3 3.2 100 10.0 0 0 0
47.128 0x2B main_weld 1 1 1 1 90 18.7 3.2 100 10.0 0 0 0
47.169 0x2B main_weld 1 1 1 1 90 18.7 3.2 100 10.0 0 0 0
47.205 0x2B main_weld 1 1 1 1 90 18.7 3.2 100 10.0 0 0 0
47.244 0x2B main_weld 1 1 1 1 63 18.7 3.2 100 10.0 0 0 0
47.290 0x2B main_weld 1 1 1 1 63 28.2 3.2 100 10.0 0 0 0
47.329 0x2B main_weld 1 1 1 1 63 28.2 3.2 100 10.0 0 0 0
47.368 0x2B main_weld 1 1 1 1 63 28.2 3.2 100 10.0 0 0 0
47.407 0x2B main_weld 1 1 1 1 64 15.3 3.2 100 10.0 0 0 0
47.451 0x2B main_weld 1 1 1 1 64 15.3 3.2 100 10.0 0 0 0
47.486 0x2B main_weld 1 1 1 1 64 15.3 3.2 100 10.0 0 0 0
47.530 0x2B main_weld 1 1 1 1 64 15.3 3.2 100 10.0 0 0 0
47.570 0x2B main_weld 1 1 1 1 64 13.2 3.2 100 10.0 0 0 0
47.618 0x2B main_weld 1 1 1 1 108 13.2 3.2 100 10.0 0 0 0
47.645 0x2B main_weld 1 1 1 1 108 13.2 3.2 100 10.0 0 0 0
47.688 0x2B main_weld 1 1 1 1 74 13.2 3.2 100 10.0 0 0 0
47.735 0x2B main_weld 1 1 1 1 74 13.2 3.2 100 10.0 0 0 0
47.767 0x2B main_weld 1 1 1 1 74 28.2 3.2 100 10.0 0 0 0
47.806 0x2B main_weld 1 1 1 1 74 28.2 3.2 100 10.0 0 0 0
47.850 0x2B main_weld 1 1 1 1 38 28.2 3.2 100 10.0 0 0 0
47.887 0x2B main_weld 1 1 1 1 38 28.2 3.2 100 10.0 0 0 0
47.925 0x2B main_weld 1 1 1 1 38 14.7 3.2 100 10.0 0 0 0
47.967 0x2B main_weld 1 1 1 1 38 14.7 3.2 100 10.0 0 0 0
48.008 0x2B main_weld 1 1 1 1 38 13.0 3.2 100 10.0 0 0 0
48.045 0x2B main_weld 1 1 1 1 124 13.0 3.2 100 10.0 0 0 0
48.093 0x2B main_weld 1 1 1 1 124 13.0 3.2 100 10.0 0 0 0
48.127 0x2B main_weld 1 1 1 1 124 13.0 3.2 100 10.0 0 0 0
48.172 0x2B main_weld 1 1 1 1 124 13.0 3.2 100 10.0 0 0 0
48.204 0x2B main_weld 1 1 1 1 124 16.7 3.2 100 10.0 0 0 0
48.249 0x2B main_weld 1 1 1 1 50 16.7 3.2 100 10.0 0 0 0
48.286 0x2B main_weld 1 1 1 1 50 16.7 3.2 100 10.0 0 0 0
48.328 0x2B main_weld 1 1 1 1 87 16.7 3.2 100 10.0 0 0 0
48.364 0x2B main_weld 1 1 1 1 87 14.9 3.2 100 10.0 0 0 0
48.403 0x2B main_weld 1 1 1 1 87 14.9 3.2 100 10.0 0 0 0
48.446 0x2B main_weld 1 1 1 1 87 14.9 3.2 100 10.0 0 0 0
48.488 0x2B main_weld 1 1 1 1 33 16.2 3.2 100 10.0 0 0 0
48.530 0x2B main_weld 1 1 1 1 33 16.2 3.2 100 10.0 0 0 0
48.569 0x2B main_weld 1 1 1 1 33 16.2 3.2 100 10.0 0 0 0
48.605 0x2B main_weld 1 1 1 1 33 16.2 3.2 100 10.0 0 0 0
48.646 0x2B main_weld 1 1 1 1 33 16.2 3.2 100 10.0 0 0 0
48.695 0x2B main_weld 1 1 1 1 40 16.2 3.2 100 10.0 0 0 0
48.728 0x2B main_weld 1 1 1 1 40 16.2 3.2 100 10.0 0 0 0
48.771 0x2B main_weld 1 1 1 1 40 16.2 3.2 100 10.0 0 0 0
48.807 0x2B main_weld 1 1 1 1 40 16.2 3.2 100 10.0 0 0 0
48.849 0x2B main_weld 1 1 1 1 66 15.3 3.2 100 10.0 0 0 0
48.887 0x2B main_weld 1 1 1 1 66 15.3 3.2 100 10.0 0 0 0
48.926 0x2B main_weld 1 1 1 1 66 15.3 3.2 100 10.0 0 0 0
48.966 0x2B main_weld 1 1 1 1 66 15.3 3.2 100 10.0 0 0 0
49.004 0x2B main_weld 1 1 1 1 66 13.8 3.2 100 10.0 0 0 0
49.045 0x2B main_weld 1 1 1 1 130 13.8 3.2 100 10.0 0 0 0
49.086 0x2B main_weld 1 1 1 1 130 13.8 3.2 100 10.0 0 0 0
49.124 0x2B main_weld 1 1 1 1 68 13.8 3.2 100 10.0 0 0 0
49.169 0x2B main_weld 1 1 1 1 68 13.8 3.2 100 10.0 0 0 0
49.205 0x2B main_weld 1 1 1 1 68 21.7 3.2 100 10.0 0 0 0
49.244 0x2B main_weld 1 1 1 1 68 21.7 3.2 100 10.0 0 0 0
49.285 0x2B main_weld 1 1 1 1 68 14.9 3.2 100 10.0 0 0 0
49.324 0x2B main_weld 1 1 1 1 67 14.9 3.2 100 10.0 0 0 0
49.364 0x2B main_weld 1 1 1 1 67 14.9 3.2 100 10.0 0 0 0
49.405 0x2B main_weld 1 1 1 1 67 14.9 3.2 100 10.0 0 0 0
49.448 0x2B main_weld 1 1 1 1 67 14.7 3.2 100 10.0 0 0 0
49.485 0x2B main_weld 1 1 1 1 58 14.7 3.2 100 10.0 0 0 0
49.531 0x2B main_weld 1 1 1 1 58 14.7 3.2 100 10.0 0 0 0
49.564 0x2B main_weld 1 1 1 1 58 14.7 3.2 100 10.0 0 0 0
49.603 0x2B main_weld 1 1 1 1 58 14.7 3.2 100 10.0 0 0 0
49.647 0x2B main_weld 1 1 1 1 62 19.8 3.2 100 10.0 0 0 0
49.692 0x2B main_weld 1 1 1 1 62 19.8 3.2 100 10.0 0 0 0
49.728 0x2B main_weld 1 1 1 1 62 19.8 3.2 100 10.0 0 0 0
49.768 0x2B main_weld 1 1 1 1 49 19.8 3.2 100 10.0 0 0 0
49.806 0x2B main_weld 1 1 1 1 49 15.6 3.2 100 10.0 0 0 0
49.850 0x2B main_weld 1 1 1 1 49 15.6 3.2 100 10.0 0 0 0
49.888 0x2B main_weld 1 1 1 1 49 12.6 3.2 100 10.0 0 0 0
49.928 0x2B main_weld 1 1 1 1 132 12.6 3.2 100 10.0 0 0 0
49.964 0x2B main_weld 1 1 1 1 132 12.6 3.2 100 10.0 0 0 0
50.003 0x2B main_weld 1 1 1 1 132 12.6 3.2 100 10.0 0 0 0
50.047 0x2B main_weld 1 1 1 1 132 12.6 3.2 100 10.0 0 0 0
50.088 0x2B main_weld 1 1 1 1 132 15.9 3.2 100 10.0 0 0 0
50.132 0x2B main_weld 1 1 1 1 44 15.9 3.2 100 10.0 0 0 0
50.164 0x2B main_weld 1 1 1 1 44 15.9 3.2 100 10.0 0 0 0
50.207 0x2B main_weld 1 1 1 1 72 15.9 3.2 100 10.0 0 0 0
50.252 0x2B main_weld 1 1 1 1 72 14.8 3.2 100 10.0 0 0 0
50.301 0x2B main_weld 1 1 1 1 72 14.8 3.2 100 10.0 0 0 0
50.326 0x2B main_weld 1 1 1 1 72 14.8 3.2 100 10.0 0 0 0
50.365 0x2B main_weld 1 1 1 1 72 15.2 3.2 100 10.0 0 0 0
50.408 0x2B main_weld 1 1 1 1 61 15.2 3.2 100 10.0 0 0 0
50.445 0x2B main_weld 1 1 1 1 61 15.2 3.2 100 10.0 0 0 0
50.484 0x2B main_weld 1 1 1 1 61 15.2 3.2 100 10.0 0 0 0
50.538 0x2B main_weld 1 1 1 1 61 15.5 3.2 100 10.0 0 0 0
50.570 0x2B main_weld 1 1 1 1 33 15.5 3.2 100 10.0 0 0 0
50.605 0x2B main_weld 1 1 1 1 33 15.5 3.2 100 10.0 0 0 0
50.656 0x2B main_weld 1 1 1 1 33 15.5 3.2 100 10.0 0 0 0
50.687 0x2B main_weld 1 1 1 1 33 15.5 3.2 100 10.0 0 0 0
50.727 0x2B main_weld 1 1 1 1 33 15.5 3.2 100 10.0 0 0 0
50.770 0x2B main_weld 1 1 1 1 94 15.5 3.2 100 10.0 0 0 0
50.806 0x2B main_weld 1 1 1 1 94 13.0 3.2 100 10.0 0 0 0
50.845 0x2B main_weld 1 1 1 1 140 13.0 3.2 100 10.0 0 0 0
50.885 0x2B main_weld 1 1 1 1 140 17.8 3.2 100 10.0 0 0 0
50.927 0x2B main_weld 1 1 1 1 140 17.8 3.2 100 10.0 0 0 0
50.971 0x2B main_weld 1 1 1 1 140 17.8 3.2 100 10.0 0 0 0
51.003 0x2B main_weld 1 1 1 1 14 17.8 3.2 100 10.0 0 0 0
51.049 0x2B main_weld 1 1 1 1 14 17.8 3.2 100 10.0 0 0 0
51.089 0x2B main_weld 1 1 1 1 14 45.3 3.2 100 10.0 0 0 0
51.135 0x2B main_weld 1 1 1 1 14 45.3 3.2 100 10.0 0 0 0
51.164 0x2B main_weld 1 1 1 1 14 45.3 3.2 100 10.0 0 0 0
51.216 0x2B main_weld 1 1 1 1 2 45.3 3.2 100 10.0 0 0 0
51.247 0x2B main_weld 1 1 1 1 2 56.4 3.2 100 10.0 0 0 0
51.286 0x2B main_weld 1 1 1 1 2 56.4 3.2 100 10.0 0 0 0
51.334 0x2B main_weld 1 1 1 1 2 15.2 3.2 100 10.0 0 0 0
51.365 0x2B main_weld 1 1 1 1 123 15.2 3.2 100 10.0 0 0 0
51.405 0x2B main_weld 1 1 1 1 123 15.2 3.2 100 10.0 0 0 0
51.450 0x2B main_weld 1 1 1 1 123 15.2 3.2 100 10.0 0 0 0
51.495 0x2B main_weld 1 1 1 1 123 15.2 3.2 100 10.0 0 0 0
51.526 0x2B main_weld 1 1 1 1 123 14.9 3.2 100 10.0 0 0 0
51.563 0x2B main_weld 1 1 1 1 63 14.9 3.2 100 10.0 0 0 0
51.608 0x2B main_weld 1 1 1 1 63 14.9 3.2 100 10.0 0 0 0
51.650 0x2B main_weld 1 1 1 1 103 14.9 3.2 100 10.0 0 0 0
51.693 0x2B main_weld 1 1 1 1 103 13.1 3.2 100 10.0 0 0 0
51.723 0x2B main_weld 1 1 1 1 103 13.1 3.2 100 10.0 0 0 0
51.776 0x2B main_weld 1 1 1 1 103 13.1 3.2 100 10.0 0 0 0
51.809 0x2B main_weld 1 1 1 1 104 15.8 3.2 100 10.0 0 0 0
51.849 0x2B main_weld 1 1 1 1 104 15.8 3.2 100 10.0 0 0 0
51.884 0x2B main_weld 1 1 1 1 104 15.8 3.2 100 10.0 0 0 0
51.933 0x2B main_weld 1 1 1 1 104 15.8 3.2 100 10.0 0 0 0
51.987 0x2B main_weld 1 1 1 1 104 33.5 3.2 100 10.0 0 0 0
52.008 0x2B main_weld 1 1 1 1 39 33.5 3.2 100 10.0 0 0 0
52.058 0x2B main_weld 1 1 1 1 39 33.5 3.2 100 10.0 0 0 0
52.089 0x2B main_weld 1 1 1 1 39 33.5 3.2 100 10.0 0 0 0
52.129 0x2B main_weld 1 1 1 1 39 33.5 3.2 100 10.0 0 0 0
52.163 0x2B main_weld 1 1 1 1 39 14.9 3.2 100 10.0 0 0 0
52.206 0x2B main_weld 1 1 1 1 78 14.9 3.2 100 10.0 0 0 0
52.255 0x2B main_weld 1 1 1 1 78 14.9 3.2 100 10.0 0 0 0
52.284 0x2B main_weld 1 1 1 1 109 14.9 3.2 100 10.0 0 0 0
52.333 0x2B main_weld 1 1 1 1 109 14.7 3.2 100 10.0 0 0 0
52.368 0x2B main_weld 1 1 1 1 109 14.7 3.2 100 10.0 0 0 0
52.406 0x2B main_weld 1 1 1 1 109 14.7 3.2 100 10.0 0 0 0
52.457 0x2B main_weld 1 1 1 1 79 14.4 3.2 100 10.0 0 0 0
52.482 0x2B main_weld 1 1 1 1 79 14.4 3.2 100 10.0 0 0 0
52.527 0x2B main_weld 1 1 1 1 79 14.4 3.2 100 10.0 0 0 0
52.566 0x2B main_weld 1 1 1 1 79 14.4 3.2 100 10.0 0 0 0
52.611 0x2B main_weld 1 1 1 1 79 35.0 3.2 100 10.0 0 0 0
52.655 0x2B main_weld 1 1 1 1 36 35.0 3.2 100 10.0 0 0 0
52.689 0x2B main_weld 1 1 1 1 36 35.0 3.2 100 10.0 0 0 0
52.726 0x2B main_weld 1 1 1 1 36 35.0 3.2 100 10.0 0 0 0
52.770 0x2B main_weld 1 1 1 1 36 35.0 3.2 100 10.0 0 0 0
52.808 0x2B main_weld 1 1 1 1 62 17.4 3.2 100 10.0 0 0 0
52.850 0x2B main_weld 1 1 1 1 62 17.4 3.2 100 10.0 0 0 0
52.886 0x2B main_weld 1 1 1 1 62 17.4 3.2 100 10.0 0 0 0
52.933 0x2B main_weld 1 1 1 1 104 17.4 3.2 100 10.0 0 0 0
52.972 0x28 idle 0 1 0 1 104 13.5 3.2 100 10.0 0 0 0
53.006 0x28 idle 0 1 0 1 104 13.5 3.2 100 10.0 0 0 0
53.050 0x28 idle 0 1 0 1 104 13.5 3.2 100 10.0 0 0 0
53.086 0x28 idle 0 1 0 1 64 13.5 3.2 100 10.0 0 0 0
53.126 0x28 idle 0 1 0 1 64 13.5 3.2 100 10.0 0 0 0
53.168 0x28 idle 0 1 0 1 64 31.5 3.2 100 10.0 0 0 0
53.208 0x28 idle 0 1 0 1 64 31.5 3.2 100 10.0 0 0 0
53.247 0x28 idle 0 1 0 1 64 60.9 3.2 100 10.0 0 0 0
53.283 0x28 idle 0 1 0 1 0 60.9 3.2 100 10.0 0 0 0
53.326 0x28 idle 0 1 0 1 0 60.9 3.2 100 10.0 0 0 0
53.364 0x28 idle 0 1 0 1 0 60.9 3.2 100 10.0 0 0 0
53.406 0x28 idle 0 1 0 1 0 57.1 3.2 100 10.0 0 0 0
53.449 0x28 idle 0 1 0 1 0 57.1 3.2 100 10.0 0 0 0
53.486 0x28 idle 0 1 0 1 0 57.1 3.2 100 10.0 0 0 0
53.525 0x28 idle 0 1 0 1 0 57.1 3.2 100 10.0 0 0 0
53.562 0x28 idle 0 1 0 1 0 57.1 3.2 100 10.0 0 0 0
53.606 0x28 idle 0 1 0 1 0 4.2 3.2 100 10.0 0 0 0
53.643 0x28 idle 0 1 0 1 0 4.2 3.2 100 10.0 0 0 0
53.682 0x28 idle 0 1 0 1 0 3.0 3.2 100 10.0 0 0 0
53.729 0x28 idle 0 1 0 1 0 3.0 3.2 100 10.0 0 0 0
53.769 0x08 idle 0 1 0 0 0 0.0 0.0 100 10.0 0 0 0
53.805 0x08 idle 0 1 0 0 0 0.0 0.0 100 10.0 0 0 0
53.845 0x08 idle 0 1 0 0 0 0.0 0.0 100 10.0 0 0 0
53.885 0x08 idle 0 1 0 0 0 0.0 0.0 100 10.0 0 0 0
53.929 0x08 idle 0 1 0 0 0 0.0 0.0 100 10.0 0 0 0
53.963 0x08 idle 0 1 0 0 0 0.0 0.0 100 10.0 0 0 0
54.003 0x08 idle 0 1 0 0 0 0.0 0.0 100 10.0 0 0 0
54.045 0x08 idle 0 1 0 0 0 0.0 0.0 100 10.0 0 0 0
54.086 0x08 idle 0 1 0 0 0 0.0 0.0 100 10.0 0 0 0
54.127 0x08 idle 0 1 0 0 0 0.0 0.0 100 10.0 0 0 0
54.167 0x08 idle 0 1 0 0 0 0.0 0.0 100 10.0 0 0 0
54.204 0x08 idle 0 1 0 0 0 0.0 0.0 100 10.0 0 0 0
54.251 0x08 idle 0 1 0 0 0 0.0 0.0 100 10.0 0 0 0
54.287 0x08 idle 0 1 0 0 0 0.0 0.0 100 10.0 0 0 0
54.329 0x08 idle 0 1 0 0 0 0.0 0.0 100 10.0 0 0 0
54.366 0x08 idle 0 1 0 0 0 0.0 0.0 100 10.0 0 0 0
54.404 0x08 idle 0 1 0 0 0 0.0 0.0 100 10.0 0 0 0
54.450 0x08 idle 0 1 0 0 0 0.0 0.0 100 10.0 0 0 0
54.488 0x08 idle 0 1 0 0 0 0.0 0.0 100 10.0 0 0 0
54.531 0x08 idle 0 1 0 0 0 0.0 0.0 100 10.0 0 0 0
54.566 0x08 idle 0 1 0 0 0 0.0 0.0 100 10.0 0 0 0
54.604 0x08 idle 0 1 0 0 0 0.0 0.0 100 10.0 0 0 0
54.645 0x08 idle 0 1 0 0 0 0.0 0.0 100 10.0 0 0 0
54.685 0x08 idle 0 1 0 0 0 0.0 0.0 100 10.0 0 0 0
54.725 0x08 idle 0 1 0 0 0 0.0 0.0 100 10.0 0 0 0
54.765 0x08 idle 0 1 0 0 0 0.0 0.0 100 10.0 0 0 0
54.804 0x08 idle 0 1 0 0 0 0.0 0.0 100 10.0 0 0 0
54.843 0x08 idle 0 1 0 0 0 0.0 0.0 100 10.0 0 0 0
54.885 0x08 idle 0 1 0 0 0 0.0 0.0 100 10.0 0 0 0
54.926 0x08 idle 0 1 0 0 0 0.0 0.0 100 10.0 0 0 0
54.964 0x08 idle 0 1 0 0 0 0.0 0.0 100 10.0 0 0 0
55.003 0x08 idle 0 1 0 0 0 0.0 0.0 100 10.0 0 0 0
55.043 0x08 idle 0 1 0 0 0 0.0 0.0 100 10.0 0 0 0
55.086 0x08 idle 0 1 0 0 0 0.0 0.0 100 10.0 0 0 0
55.131 0x08 idle 0 1 0 0 0 0.0 0.0 100 10.0 0 0 0
55.164 0x08 idle 0 1 0 0 0 0.0 0.0 100 10.0 0 0 0
55.204 0x08 idle 0 1 0 0 0 0.0 0.0 100 10.0 0 0 0
55.247 0x08 idle 0 1 0 0 0 0.0 0.0 100 10.0 0 0 0
55.285 0x08 idle 0 1 0 0 0 0.0 0.0 100 10.0 0 0 0
55.326 0x08 idle 0 1 0 0 0 0.0 0.0 100 10.0 0 0 0
55.365 0x08 idle 0 1 0 0 0 0.0 0.0 100 10.0 0 0 0
55.405 0x08 idle 0 1 0 0 0 0.0 0.0 100 10.0 0 0 0
55.446 0x08 idle 0 1 0 0 0 0.0 0.0 100 10.0 0 0 0
55.484 0x08 idle 0 1 0 0 0 0.0 0.0 100 10.0 0 0 0
55.526 0x08 idle 0 1 0 0 0 0.0 0.0 100 10.0 0 0 0
55.564 0x08 idle 0 1 0 0 0 0.0 0.0 100 10.0 0 0 0
55.606 0x08 idle 0 1 0 0 0 0.0 0.0 100 10.0 0 0 0
55.645 0x08 idle 0 1 0 0 0 0.0 0.0 100 10.0 0 0 0
55.685 0x08 idle 0 1 0 0 0 0.0 0.0 100 10.0 0 0 0
55.725 0x08 idle 0 1 0 0 0 0.0 0.0 100 10.0 0 0 0
55.767 0x08 idle 0 1 0 0 0 0.0 0.0 100 10.0 0 0 0
55.808 0x08 idle 0 1 0 0 0 0.0 0.0 100 10.0 0 0 0
55.846 0x08 idle 0 1 0 0 0 0.0 0.0 100 10.0 0 0 0
55.885 0x08 idle 0 1 0 0 0 0.0 0.0 100 10.0 0 0 0
55.934 0x08 idle 0 1 0 0 0 0.0 0.0 100 10.0 0 0 0
55.965 0x08 idle 0 1 0 0 0 0.0 0.0 100 10.0 0 0 0
56.006 0x08 idle 0 1 0 0 0 0.0 0.0 100 10.0 0 0 0
56.044 0x08 idle 0 1 0 0 0 0.0 0.0 100 10.0 0 0 0
56.084 0x00 idle 0 0 0 0 0 0.0 0.0 100 10.0 0 0 0

[tcp_trajectory]
elapsed_s x_m y_m z_m qx qy qz qw speed_m_s tf_stamp_s along_mm remaining_mm cross_track_mm progress waypoint phase
0.0018 0.0358305 -1.7628842 0.6590578 -0.45148992 0.74379660 -0.43210941 -0.23707577 0.000000 1789355247.146421671 0.122 180.867 0.588 0.00000 -1 ACTUAL_TF
0.0172 0.0357747 -1.7629252 0.6588522 -0.45149439 0.74378539 -0.43211573 -0.23709091 0.003877 1789355247.202374697 0.079 180.910 0.383 0.00000 -1 ACTUAL_TF
0.0605 0.0357304 -1.7629222 0.6587266 -0.45149704 0.74378688 -0.43210693 -0.23709724 0.003428 1789355247.258358002 0.082 180.907 0.258 0.00000 -1 ACTUAL_TF
0.1173 0.0357102 -1.7629494 0.6586607 -0.45149327 0.74378093 -0.43211640 -0.23710584 0.002795 1789355247.314546108 0.054 180.935 0.197 0.00000 -1 ACTUAL_TF
0.1749 0.0356959 -1.7629692 0.6586437 -0.45148711 0.74377683 -0.43212571 -0.23711344 0.002116 1789355247.370594501 0.035 180.954 0.175 0.00000 -1 ACTUAL_TF
0.2346 0.0356840 -1.7629787 0.6586245 -0.45148458 0.74377481 -0.43212967 -0.23711737 0.001609 1789355247.427980900 0.025 180.963 0.154 0.00000 -1 ACTUAL_TF
0.2933 0.0356711 -1.7629842 0.6586102 -0.45148128 0.74377443 -0.43213192 -0.23712077 0.001237 1789355247.482364178 0.020 180.969 0.135 0.00000 -1 ACTUAL_TF
0.3428 0.0356624 -1.7629914 0.6586064 -0.45147743 0.74377458 -0.43213382 -0.23712416 0.000930 1789355247.538403034 0.013 180.976 0.126 0.00000 -1 ACTUAL_TF
0.4001 0.0356571 -1.7629918 0.6585996 -0.45147749 0.74377446 -0.43213344 -0.23712511 0.000697 1789355247.594366312 0.013 180.976 0.118 0.00000 -1 ACTUAL_TF
0.4596 0.0356545 -1.7629987 0.6586026 -0.45147347 0.74377475 -0.43213647 -0.23712634 0.000530 1789355247.650430441 0.006 180.983 0.117 0.00000 -1 ACTUAL_TF
0.5084 0.0356448 -1.7629990 0.6585991 -0.45147232 0.74377533 -0.43213577 -0.23712799 0.000427 1789355247.706336975 0.006 180.983 0.107 0.00000 -1 ACTUAL_TF
0.5697 0.0356389 -1.7629981 0.6585953 -0.45147111 0.74377604 -0.43213507 -0.23712935 0.000337 1789355247.762370348 0.007 180.982 0.100 0.00000 -1 ACTUAL_TF
0.6301 0.0356347 -1.7630005 0.6585966 -0.45146775 0.74377698 -0.43213648 -0.23713021 0.000262 1789355247.818351269 0.005 180.984 0.097 0.00000 -1 ACTUAL_TF
0.6755 0.0356304 -1.7630027 0.6585935 -0.45146636 0.74377783 -0.43213604 -0.23713101 0.000214 1789355247.874304533 0.003 180.986 0.092 0.00000 -1 ACTUAL_TF
0.7398 0.0356303 -1.7630041 0.6585947 -0.45146582 0.74377706 -0.43213743 -0.23713190 0.000160 1789355247.930402517 0.002 180.987 0.093 0.00000 -1 ACTUAL_TF
0.7905 0.0356260 -1.7630063 0.6585915 -0.45146444 0.74377790 -0.43213699 -0.23713271 0.000143 1789355247.987196684 -0.001 180.990 0.087 0.00000 -1 ACTUAL_TF
0.8464 0.0356195 -1.7630043 0.6585867 -0.45146354 0.74377947 -0.43213489 -0.23713330 0.000145 1789355248.042400837 0.002 180.987 0.079 0.00000 -1 ACTUAL_TF
0.9128 0.0356141 -1.7630034 0.6585830 -0.45146094 0.74378103 -0.43213464 -0.23713385 0.000137 1789355248.098373652 0.003 180.986 0.073 0.00000 -1 ACTUAL_TF
0.9636 0.0356138 -1.7630231 0.6585930 -0.45145532 0.74377695 -0.43214458 -0.23713921 0.000214 1789355248.154572964 -0.017 181.006 0.079 0.00000 -1 ACTUAL_TF
1.0111 0.0356111 -1.7630169 0.6585877 -0.45145615 0.74377741 -0.43214280 -0.23713944 0.000196 1789355248.210376501 -0.011 181.000 0.074 0.00000 -1 ACTUAL_TF
1.0697 0.0356079 -1.7630223 0.6585894 -0.45145408 0.74377764 -0.43214394 -0.23714057 0.000172 1789355248.266529799 -0.016 181.005 0.073 0.00000 -1 ACTUAL_TF
1.1925 0.0356064 -1.7630180 0.6585877 -0.45145477 0.74377825 -0.43214236 -0.23714025 0.000133 1789355248.378441095 -0.012 181.001 0.070 0.00000 -1 ACTUAL_TF
1.2388 0.0356001 -1.7630004 0.6585807 -0.45145756 0.74378074 -0.43213589 -0.23713891 0.000200 1789355248.434565544 0.006 180.983 0.061 0.00000 -1 ACTUAL_TF
1.2976 0.0355866 -1.7629606 0.6585650 -0.45146242 0.74378722 -0.43212177 -0.23713506 0.000381 1789355248.490352631 0.046 180.943 0.041 0.00000 -1 ACTUAL_TF
1.3585 0.0355707 -1.7629207 0.6585512 -0.45146780 0.74379114 -0.43210977 -0.23713438 0.000508 1789355248.546466351 0.086 180.903 0.021 0.00000 -1 ACTUAL_TF
1.4095 0.0355398 -1.7628613 0.6585417 -0.45146626 0.74379004 -0.43210802 -0.23714394 0.000713 1789355248.603208780 0.147 180.842 0.013 0.00000 -1 ACTUAL_TF
1.4682 0.0355120 -1.7628257 0.6585489 -0.45145601 0.74378018 -0.43212520 -0.23716310 0.000746 1789355248.658761740 0.183 180.806 0.041 0.00000 -1 ACTUAL_TF
1.5166 0.0354723 -1.7626929 0.6585067 -0.45146228 0.74379664 -0.43209465 -0.23715517 0.001303 1789355248.714463949 0.317 180.672 0.082 0.00000 -1 ACTUAL_TF
1.5740 0.0354734 -1.7626032 0.6584907 -0.45140848 0.74383024 -0.43210831 -0.23712730 0.001401 1789355248.770430326 0.406 180.583 0.088 0.00000 -1 ACTUAL_TF
1.6358 0.0354358 -1.7624539 0.6584548 -0.45142688 0.74382918 -0.43208712 -0.23713424 0.001828 1789355248.826338053 0.556 180.433 0.137 0.00000 -1 ACTUAL_TF
1.6919 0.0354162 -1.7622969 0.6584254 -0.45144195 0.74382232 -0.43207845 -0.23714284 0.002139 1789355248.882549047 0.713 180.276 0.169 0.00000 -1 ACTUAL_TF
1.7437 0.0354095 -1.7621797 0.6584067 -0.45144733 0.74381757 -0.43207785 -0.23714862 0.002124 1789355248.939477444 0.830 180.159 0.186 0.00000 -1 ACTUAL_TF
1.8012 0.0354058 -1.7619959 0.6583687 -0.45146039 0.74381721 -0.43206645 -0.23714563 0.002512 1789355248.994380236 1.013 179.976 0.218 0.00000 -1 ACTUAL_TF
1.8584 0.0353786 -1.7618435 0.6583388 -0.45145897 0.74382151 -0.43205934 -0.23714783 0.002597 1789355249.050748348 1.166 179.823 0.257 0.00000 -1 ACTUAL_TF
1.9171 0.0353630 -1.7616649 0.6583152 -0.45145967 0.74381312 -0.43206724 -0.23715840 0.002795 1789355249.106332302 1.345 179.644 0.284 0.00000 -1 ACTUAL_TF
1.9698 0.0353454 -1.7614813 0.6582649 -0.45147263 0.74382613 -0.43203741 -0.23714728 0.002980 1789355249.162326813 1.528 179.461 0.336 0.00000 -1 ACTUAL_TF
2.0174 0.0353446 -1.7613129 0.6582385 -0.45147214 0.74382424 -0.43204069 -0.23714817 0.002997 1789355249.218484163 1.696 179.293 0.360 0.00000 -1 ACTUAL_TF
2.0867 0.0353145 -1.7611184 0.6581981 -0.45147891 0.74382742 -0.43202691 -0.23715041 0.003175 1789355249.274423361 1.890 179.098 0.409 0.00000 -1 ACTUAL_TF
2.1429 0.0353241 -1.7609769 0.6581833 -0.45148115 0.74382768 -0.43202665 -0.23714580 0.002988 1789355249.330338478 2.031 178.958 0.419 0.00000 -1 ACTUAL_TF
2.1932 0.0353052 -1.7607714 0.6581506 -0.45148691 0.74383257 -0.43201348 -0.23714349 0.003209 1789355249.386425018 2.237 178.752 0.456 0.00000 -1 ACTUAL_TF
2.2501 0.0353033 -1.7606251 0.6581423 -0.45148476 0.74383426 -0.43201457 -0.23714029 0.003032 1789355249.442424774 2.383 178.606 0.465 0.00000 -1 ACTUAL_TF
2.3045 0.0352926 -1.7604403 0.6581360 -0.45148663 0.74383521 -0.43201123 -0.23713983 0.003115 1789355249.498384237 2.568 178.421 0.475 0.00000 -1 ACTUAL_TF
2.3576 0.0352975 -1.7602825 0.6581515 -0.45149046 0.74383108 -0.43201446 -0.23713962 0.003030 1789355249.554425001 2.726 178.263 0.460 0.00000 -1 ACTUAL_TF
2.4231 0.0353009 -1.7601092 0.6581683 -0.45148653 0.74383476 -0.43201609 -0.23713261 0.003051 1789355249.610556364 2.899 178.090 0.443 0.00000 -1 ACTUAL_TF
2.4734 0.0353148 -1.7599462 0.6581512 -0.45149798 0.74383573 -0.43200768 -0.23712306 0.003020 1789355249.666411161 3.061 177.928 0.455 0.00000 -1 ACTUAL_TF
2.5349 0.0352958 -1.7597399 0.6581614 -0.45150345 0.74383772 -0.43199890 -0.23712241 0.003228 1789355249.722266436 3.268 177.721 0.453 0.00000 -1 ACTUAL_TF
2.5879 0.0352871 -1.7595460 0.6581770 -0.45150357 0.74383977 -0.43199677 -0.23711962 0.003301 1789355249.778333664 3.462 177.527 0.441 0.00000 -1 ACTUAL_TF
2.6471 0.0352843 -1.7594076 0.6582048 -0.45149399 0.74383732 -0.43200959 -0.23712219 0.003065 1789355249.834474325 3.601 177.388 0.417 0.00000 -1 ACTUAL_TF
2.7098 0.0352792 -1.7592037 0.6582199 -0.45149702 0.74383644 -0.43200827 -0.23712158 0.003241 1789355249.890483141 3.805 177.184 0.405 0.00000 -1 ACTUAL_TF
2.7503 0.0352735 -1.7590259 0.6582289 -0.45150496 0.74382939 -0.43200995 -0.23712551 0.003225 1789355249.946346045 3.983 177.006 0.399 0.00000 -1 ACTUAL_TF
2.8068 0.0352759 -1.7588378 0.6582692 -0.45150405 0.74382120 -0.43202232 -0.23713042 0.003287 1789355250.002435923 4.172 176.817 0.361 0.00000 -1 ACTUAL_TF
2.8664 0.0352878 -1.7587081 0.6583165 -0.45149721 0.74381625 -0.43203804 -0.23713033 0.003039 1789355250.058740139 4.302 176.687 0.313 0.00000 -1 ACTUAL_TF
2.9152 0.0352696 -1.7584516 0.6582900 -0.45150698 0.74382146 -0.43202168 -0.23712520 0.003522 1789355250.114361763 4.558 176.431 0.345 0.00000 -1 ACTUAL_TF
2.9804 0.0352552 -1.7582286 0.6582912 -0.45151316 0.74381934 -0.43201784 -0.23712708 0.003645 1789355250.171179533 4.782 176.207 0.349 0.00000 -1 ACTUAL_TF
3.0323 0.0352630 -1.7580649 0.6583094 -0.45150890 0.74381662 -0.43202784 -0.23712545 0.003446 1789355250.226517677 4.945 176.044 0.330 0.00000 -1 ACTUAL_TF
3.0926 0.0352704 -1.7578725 0.6583493 -0.45150396 0.74381086 -0.43204218 -0.23712683 0.003470 1789355250.282292128 5.138 175.851 0.290 0.00000 -1 ACTUAL_TF
3.1407 0.0352694 -1.7576858 0.6583600 -0.45150974 0.74380955 -0.43203970 -0.23712445 0.003431 1789355250.338265657 5.325 175.664 0.281 0.00000 -1 ACTUAL_TF
3.2042 0.0352694 -1.7574631 0.6583669 -0.45151359 0.74380335 -0.43204531 -0.23712633 0.003590 1789355250.394523144 5.547 175.441 0.276 0.00000 -1 ACTUAL_TF
3.2606 0.0352727 -1.7572916 0.6583970 -0.45150793 0.74380154 -0.43205465 -0.23712579 0.003449 1789355250.450343847 5.719 175.270 0.247 0.00000 -1 ACTUAL_TF
3.3087 0.0352749 -1.7571033 0.6584347 -0.45150692 0.74378549 -0.43207676 -0.23713776 0.003442 1789355250.506416321 5.908 175.081 0.211 0.00000 -1 ACTUAL_TF
3.3761 0.0352944 -1.7569854 0.6584955 -0.45149140 0.74377711 -0.43210613 -0.23714010 0.003128 1789355250.562406778 6.026 174.963 0.148 0.00000 -1 ACTUAL_TF
3.4234 0.0352787 -1.7567409 0.6584735 -0.45150102 0.74378033 -0.43209206 -0.23713732 0.003509 1789355250.618331194 6.270 174.719 0.175 0.00000 -1 ACTUAL_TF
3.4774 0.0352734 -1.7565307 0.6584790 -0.45149854 0.74377817 -0.43209746 -0.23713895 0.003582 1789355250.674363136 6.481 174.508 0.172 0.00000 -1 ACTUAL_TF
3.5344 0.0352748 -1.7563550 0.6584933 -0.45150289 0.74377228 -0.43210251 -0.23713995 0.003452 1789355250.730355978 6.657 174.332 0.159 0.00000 -1 ACTUAL_TF
3.5880 0.0352737 -1.7561719 0.6585255 -0.45149049 0.74376656 -0.43212235 -0.23714536 0.003411 1789355250.786461592 6.840 174.149 0.129 0.00000 -1 ACTUAL_TF
3.6502 0.0352763 -1.7560052 0.6585476 -0.45149288 0.74375872 -0.43213119 -0.23714927 0.003279 1789355250.843052626 7.007 173.982 0.108 0.00000 -1 ACTUAL_TF
3.7033 0.0352719 -1.7557913 0.6585520 -0.45149542 0.74375791 -0.43213045 -0.23714833 0.003456 1789355250.898371220 7.221 173.768 0.106 0.00000 -1 ACTUAL_TF
3.7601 0.0352678 -1.7556402 0.6585714 -0.45148636 0.74375162 -0.43214660 -0.23715588 0.003235 1789355250.954380751 7.372 173.617 0.090 0.00000 -1 ACTUAL_TF
3.8195 0.0352708 -1.7554460 0.6585907 -0.45148833 0.74374591 -0.43215382 -0.23715688 0.003308 1789355251.010498762 7.567 173.422 0.072 0.00000 -1 ACTUAL_TF
3.8807 0.0352571 -1.7552536 0.6585802 -0.45149779 0.74374998 -0.43213871 -0.23715363 0.003353 1789355251.066377163 7.759 173.230 0.087 0.00000 -1 ACTUAL_TF
3.9307 0.0352499 -1.7550435 0.6585843 -0.45148960 0.74375675 -0.43213951 -0.23714656 0.003471 1789355251.122490406 7.969 173.020 0.086 0.00000 -1 ACTUAL_TF
3.9816 0.0352392 -1.7548368 0.6585868 -0.45149319 0.74375874 -0.43213335 -0.23714468 0.003541 1789355251.178380489 8.176 172.813 0.088 0.00000 -1 ACTUAL_TF
4.0429 0.0352296 -1.7546622 0.6585939 -0.45150085 0.74375525 -0.43213002 -0.23714710 0.003415 1789355251.234459877 8.351 172.638 0.085 0.00000 -1 ACTUAL_TF
4.0903 0.0352296 -1.7544772 0.6586135 -0.45148158 0.74376029 -0.43214398 -0.23714256 0.003389 1789355251.290362597 8.536 172.452 0.067 0.00000 -1 ACTUAL_TF
4.1523 0.0352129 -1.7542899 0.6586141 -0.45149053 0.74375701 -0.43213751 -0.23714760 0.003379 1789355251.346384048 8.724 172.265 0.073 0.00000 -1 ACTUAL_TF
4.2130 0.0352059 -1.7540746 0.6586103 -0.45149260 0.74376198 -0.43212999 -0.23714177 0.003520 1789355251.402347088 8.940 172.049 0.079 0.00000 -1 ACTUAL_TF
4.2615 0.0351871 -1.7538991 0.6586134 -0.45148675 0.74376329 -0.43213248 -0.23714428 0.003409 1789355251.458377600 9.116 171.873 0.085 0.00000 -1 ACTUAL_TF
4.3237 0.0351818 -1.7536954 0.6586197 -0.45149157 0.74376120 -0.43213135 -0.23714369 0.003462 1789355251.515258551 9.319 171.669 0.081 0.00000 -1 ACTUAL_TF
4.3747 0.0351789 -1.7534818 0.6586292 -0.45148796 0.74376297 -0.43213388 -0.23714039 0.003582 1789355251.570613861 9.533 171.456 0.074 0.00000 -1 ACTUAL_TF
4.4370 0.0351718 -1.7533053 0.6586266 -0.45149306 0.74376433 -0.43212770 -0.23713770 0.003453 1789355251.626641989 9.710 171.279 0.079 0.00000 -1 ACTUAL_TF
4.4948 0.0351703 -1.7530882 0.6586206 -0.45149216 0.74376995 -0.43212321 -0.23712996 0.003587 1789355251.682361364 9.927 171.062 0.085 0.00000 -1 ACTUAL_TF
4.5491 0.0351702 -1.7529257 0.6586294 -0.45148810 0.74376716 -0.43213122 -0.23713188 0.003382 1789355251.738361597 10.089 170.900 0.077 0.00000 -1 ACTUAL_TF
4.5987 0.0351623 -1.7526899 0.6586198 -0.45149139 0.74377436 -0.43212060 -0.23712237 0.003635 1789355251.794247150 10.325 170.664 0.090 0.00000 -1 ACTUAL_TF
4.6504 0.0351576 -1.7525212 0.6586204 -0.45148537 0.74377705 -0.43212331 -0.23712045 0.003447 1789355251.850350380 10.494 170.495 0.091 0.00000 -1 ACTUAL_TF
4.7095 0.0351463 -1.7523145 0.6586248 -0.45148392 0.74377314 -0.43212882 -0.23712541 0.003522 1789355251.906362057 10.701 170.288 0.092 0.00000 -1 ACTUAL_TF
4.7670 0.0351387 -1.7521378 0.6586288 -0.45148497 0.74377361 -0.43212761 -0.23712419 0.003413 1789355251.962396145 10.878 170.111 0.091 0.00000 -1 ACTUAL_TF
4.8237 0.0351438 -1.7519596 0.6586441 -0.45147910 0.74376614 -0.43214398 -0.23712894 0.003347 1789355252.018384218 11.056 169.933 0.076 0.00000 -1 ACTUAL_TF
4.8817 0.0351399 -1.7517586 0.6586489 -0.45147634 0.74376754 -0.43214576 -0.23712656 0.003420 1789355252.074423075 11.257 169.732 0.074 0.00000 -1 ACTUAL_TF
4.9499 0.0351281 -1.7515780 0.6586520 -0.45147487 0.74376613 -0.43214849 -0.23712880 0.003366 1789355252.130321026 11.438 169.551 0.075 0.00000 -1 ACTUAL_TF
4.9978 0.0351281 -1.7513513 0.6586504 -0.45148186 0.74376460 -0.43214525 -0.23712618 0.003570 1789355252.186326027 11.664 169.325 0.078 0.00000 -1 ACTUAL_TF
5.0513 0.0351255 -1.7511969 0.6586593 -0.45147216 0.74376310 -0.43215667 -0.23712855 0.003308 1789355252.243741989 11.819 169.170 0.072 0.00000 -1 ACTUAL_TF
5.0984 0.0351223 -1.7509939 0.6586681 -0.45147201 0.74375849 -0.43216315 -0.23713149 0.003429 1789355252.298474312 12.022 168.967 0.066 0.00000 -1 ACTUAL_TF
5.1563 0.0351310 -1.7508368 0.6586828 -0.45147292 0.74375152 -0.43217387 -0.23713208 0.003248 1789355252.354371786 12.179 168.810 0.054 0.00000 -1 ACTUAL_TF
5.2173 0.0351286 -1.7506353 0.6586929 -0.45146784 0.74374881 -0.43218304 -0.23713357 0.003353 1789355252.410446167 12.380 168.609 0.049 0.00000 -1 ACTUAL_TF
5.2695 0.0351173 -1.7504172 0.6586936 -0.45147400 0.74375012 -0.43217540 -0.23713165 0.003519 1789355252.466392517 12.599 168.390 0.051 0.00000 -1 ACTUAL_TF
5.3301 0.0351114 -1.7502364 0.6586975 -0.45147935 0.74374789 -0.43217352 -0.23713185 0.003428 1789355252.522631645 12.780 168.209 0.050 0.00000 -1 ACTUAL_TF
5.3874 0.0351031 -1.7500224 0.6586955 -0.45148245 0.74375113 -0.43216695 -0.23712777 0.003550 1789355252.578500509 12.994 167.995 0.055 0.00000 -1 ACTUAL_TF
5.4438 0.0350951 -1.7498610 0.6587019 -0.45148145 0.74374970 -0.43216970 -0.23712914 0.003350 1789355252.634539604 13.155 167.834 0.051 0.00000 -1 ACTUAL_TF
5.5052 0.0350884 -1.7496575 0.6587090 -0.45148490 0.74374844 -0.43216829 -0.23712912 0.003438 1789355252.690498352 13.359 167.630 0.048 0.00000 -1 ACTUAL_TF
5.5586 0.0350867 -1.7494855 0.6587100 -0.45148886 0.74374837 -0.43216524 -0.23712733 0.003330 1789355252.746383905 13.531 167.458 0.051 0.00000 -1 ACTUAL_TF
5.6087 0.0350703 -1.7492565 0.6587101 -0.45149099 0.74375086 -0.43215944 -0.23712605 0.003564 1789355252.802226067 13.760 167.229 0.052 0.00000 -1 ACTUAL_TF
5.6653 0.0350586 -1.7490847 0.6587170 -0.45149515 0.74374391 -0.43216318 -0.23713312 0.003414 1789355252.858441830 13.933 167.056 0.048 0.00000 -1 ACTUAL_TF
5.7178 0.0350481 -1.7488880 0.6587271 -0.45149739 0.74374125 -0.43216388 -0.23713592 0.003447 1789355252.914466381 14.130 166.859 0.041 0.00000 -1 ACTUAL_TF
5.7725 0.0350388 -1.7486960 0.6587355 -0.45149205 0.74373873 -0.43217179 -0.23713957 0.003444 1789355252.970407486 14.322 166.667 0.036 0.00000 -1 ACTUAL_TF
5.8302 0.0350374 -1.7485268 0.6587390 -0.45149794 0.74373527 -0.43217149 -0.23713975 0.003320 1789355253.026296616 14.491 166.498 0.035 0.00000 -1 ACTUAL_TF
5.8886 0.0350199 -1.7483064 0.6587353 -0.45150341 0.74373802 -0.43216180 -0.23713839 0.003508 1789355253.082290173 14.712 166.277 0.044 0.00000 -1 ACTUAL_TF
5.9457 0.0350164 -1.7481299 0.6587411 -0.45150537 0.74373684 -0.43216241 -0.23713721 0.003399 1789355253.138477802 14.889 166.100 0.040 0.00000 -1 ACTUAL_TF
5.9979 0.0350142 -1.7479452 0.6587629 -0.45149842 0.74373333 -0.43217382 -0.23714069 0.003375 1789355253.194505215 15.074 165.915 0.021 0.00000 -1 ACTUAL_TF
6.0552 0.0350034 -1.7477597 0.6587579 -0.45150652 0.74373492 -0.43216404 -0.23713810 0.003359 1789355253.250469685 15.259 165.730 0.030 0.00000 -1 ACTUAL_TF
6.1180 0.0349971 -1.7475442 0.6587553 -0.45150457 0.74374229 -0.43215790 -0.23712988 0.003509 1789355253.306361675 15.475 165.514 0.035 0.00000 -1 ACTUAL_TF
6.1731 0.0349935 -1.7473646 0.6587733 -0.45150822 0.74373008 -0.43216945 -0.23714017 0.003422 1789355253.362429380 15.655 165.334 0.020 0.00000 -1 ACTUAL_TF
6.2350 0.0349800 -1.7471924 0.6587750 -0.45150340 0.74373075 -0.43217263 -0.23714145 0.003323 1789355253.418313980 15.827 165.162 0.023 0.00000 -1 ACTUAL_TF
6.2802 0.0349794 -1.7469861 0.6587814 -0.45150623 0.74373097 -0.43217120 -0.23713799 0.003431 1789355253.474323273 16.033 164.955 0.018 0.00000 -1 ACTUAL_TF
6.3356 0.0349755 -1.7468149 0.6587944 -0.45149510 0.74373114 -0.43218228 -0.23713843 0.003317 1789355253.530590534 16.205 164.784 0.008 0.00000 -1 ACTUAL_TF
6.3950 0.0349636 -1.7466036 0.6587955 -0.45150730 0.74372661 -0.43217550 -0.23714179 0.003458 1789355253.586486816 16.416 164.573 0.012 0.00000 -1 ACTUAL_TF
6.4439 0.0349655 -1.7464271 0.6587986 -0.45150491 0.74372811 -0.43217751 -0.23713794 0.003370 1789355253.642297268 16.593 164.396 0.011 0.00000 -1 ACTUAL_TF
6.5075 0.0349674 -1.7462436 0.6588100 -0.45150840 0.74371926 -0.43218618 -0.23714329 0.003341 1789355253.698452473 16.776 164.213 0.011 0.00000 -1 ACTUAL_TF
6.5587 0.0349525 -1.7460727 0.6588203 -0.45150979 0.74371076 -0.43219343 -0.23715407 0.003261 1789355253.754362345 16.948 164.041 0.006 0.00000 -1 ACTUAL_TF
6.6203 0.0349472 -1.7458586 0.6588182 -0.45151356 0.74371127 -0.43219003 -0.23715150 0.003431 1789355253.810301542 17.162 163.827 0.005 0.00000 -1 ACTUAL_TF
6.6680 0.0349485 -1.7456563 0.6588338 -0.45151109 0.74370580 -0.43220076 -0.23715380 0.003487 1789355253.866411209 17.364 163.625 0.018 0.00000 -1 ACTUAL_TF
6.7312 0.0349417 -1.7454962 0.6588407 -0.45150840 0.74370212 -0.43220745 -0.23715825 0.003302 1789355253.922282696 17.524 163.464 0.021 0.00000 -1 ACTUAL_TF
6.7818 0.0349310 -1.7452811 0.6588351 -0.45151107 0.74370326 -0.43220341 -0.23715697 0.003462 1789355253.978462219 17.740 163.249 0.012 0.00000 -1 ACTUAL_TF
6.8502 0.0349165 -1.7450893 0.6588251 -0.45151575 0.74370799 -0.43219223 -0.23715359 0.003456 1789355254.034445286 17.932 163.057 0.006 0.00000 -1 ACTUAL_TF
6.8965 0.0349144 -1.7448953 0.6588291 -0.45151727 0.74370686 -0.43219323 -0.23715244 0.003458 1789355254.090468645 18.126 162.863 0.008 0.00000 -1 ACTUAL_TF
6.9591 0.0349003 -1.7447113 0.6588226 -0.45151908 0.74371453 -0.43218135 -0.23714659 0.003410 1789355254.146467447 18.310 162.679 0.014 0.00000 -1 ACTUAL_TF
7.0087 0.0348910 -1.7445006 0.6588188 -0.45151946 0.74371605 -0.43217927 -0.23714490 0.003518 1789355254.202392578 18.521 162.468 0.022 0.00000 -1 ACTUAL_TF
7.0620 0.0348880 -1.7443142 0.6588219 -0.45152139 0.74371699 -0.43217717 -0.23714210 0.003461 1789355254.258417130 18.707 162.282 0.021 0.00000 -1 ACTUAL_TF
7.1230 0.0348758 -1.7440905 0.6588112 -0.45152211 0.74372368 -0.43216783 -0.23713676 0.003627 1789355254.314279318 18.931 162.058 0.036 0.00000 -1 ACTUAL_TF
7.1721 0.0348687 -1.7438955 0.6588248 -0.45152634 0.74371756 -0.43217142 -0.23714133 0.003583 1789355254.370501757 19.126 161.863 0.026 0.00000 -1 ACTUAL_TF
7.2305 0.0348708 -1.7437128 0.6588168 -0.45152777 0.74372099 -0.43216806 -0.23713399 0.003490 1789355254.426378965 19.309 161.680 0.037 0.00000 -1 ACTUAL_TF
7.2975 0.0348658 -1.7435160 0.6588247 -0.45152450 0.74372170 -0.43217063 -0.23713331 0.003499 1789355254.482324839 19.506 161.483 0.033 0.00000 -1 ACTUAL_TF
7.3442 0.0348447 -1.7433292 0.6588208 -0.45153123 0.74371956 -0.43216498 -0.23713753 0.003455 1789355254.538413525 19.693 161.296 0.039 0.00000 -1 ACTUAL_TF
7.4074 0.0348406 -1.7431054 0.6588246 -0.45152961 0.74372330 -0.43216293 -0.23713258 0.003618 1789355254.594422340 19.917 161.072 0.039 0.00000 -1 ACTUAL_TF
7.4622 0.0348358 -1.7429510 0.6588348 -0.45152594 0.74371805 -0.43217276 -0.23713814 0.003362 1789355254.650406122 20.071 160.918 0.031 0.00000 -1 ACTUAL_TF
7.5180 0.0348267 -1.7427492 0.6588410 -0.45152495 0.74371493 -0.43217751 -0.23714114 0.003436 1789355254.706436872 20.273 160.715 0.028 0.00000 -1 ACTUAL_TF
7.5727 0.0348163 -1.7425346 0.6588383 -0.45152360 0.74371972 -0.43217271 -0.23713745 0.003557 1789355254.762387276 20.488 160.501 0.035 0.00000 -1 ACTUAL_TF
7.6268 0.0348151 -1.7423680 0.6588453 -0.45152567 0.74371634 -0.43217614 -0.23713785 0.003382 1789355254.818434954 20.655 160.334 0.030 0.00000 -1 ACTUAL_TF
7.6933 0.0348081 -1.7421760 0.6588596 -0.45153123 0.74370950 -0.43217873 -0.23714398 0.003400 1789355254.874468803 20.847 160.142 0.019 0.00000 -1 ACTUAL_TF
7.7455 0.0348071 -1.7419922 0.6588686 -0.45153363 0.74370465 -0.43218342 -0.23714609 0.003367 1789355254.930342913 21.031 159.958 0.013 0.00000 -1 ACTUAL_TF
7.7946 0.0348020 -1.7417775 0.6588650 -0.45153142 0.74370765 -0.43218296 -0.23714172 0.003504 1789355254.986530066 21.246 159.743 0.021 0.00000 -1 ACTUAL_TF
7.8473 0.0348037 -1.7416092 0.6588653 -0.45153355 0.74370421 -0.43218628 -0.23714239 0.003358 1789355255.042326927 21.414 159.575 0.026 0.00000 -1 ACTUAL_TF
7.9024 0.0347998 -1.7414040 0.6588717 -0.45153687 0.74370184 -0.43218700 -0.23714222 0.003450 1789355255.098360777 21.619 159.370 0.026 0.00000 -1 ACTUAL_TF
7.9607 0.0348109 -1.7412427 0.6588811 -0.45153524 0.74369976 -0.43219343 -0.23714012 0.003282 1789355255.154383898 21.780 159.209 0.037 0.00000 -1 ACTUAL_TF
8.0138 0.0348022 -1.7410426 0.6588910 -0.45153571 0.74369584 -0.43219790 -0.23714335 0.003374 1789355255.210294724 21.980 159.008 0.033 0.00000 -1 ACTUAL_TF
8.0804 0.0347970 -1.7408214 0.6588997 -0.45153367 0.74369536 -0.43220165 -0.23714192 0.003545 1789355255.266440630 22.202 158.787 0.036 0.00000 -1 ACTUAL_TF
8.1330 0.0347817 -1.7406390 0.6588990 -0.45153621 0.74369369 -0.43219992 -0.23714547 0.003459 1789355255.322557449 22.385 158.604 0.027 0.00000 -1 ACTUAL_TF
8.1833 0.0347794 -1.7404335 0.6588970 -0.45153493 0.74369630 -0.43219886 -0.23714167 0.003527 1789355255.378330708 22.590 158.399 0.033 0.00000 -1 ACTUAL_TF
8.2386 0.0347717 -1.7402845 0.6589094 -0.45153208 0.74368943 -0.43220985 -0.23714861 0.003268 1789355255.434526682 22.739 158.250 0.030 0.00000 -1 ACTUAL_TF
8.2992 0.0347603 -1.7400713 0.6589083 -0.45153171 0.74369251 -0.43220601 -0.23714665 0.003435 1789355255.490350246 22.953 158.036 0.026 0.00000 -1 ACTUAL_TF
8.3466 0.0347624 -1.7399037 0.6589127 -0.45153109 0.74369405 -0.43220691 -0.23714135 0.003301 1789355255.546450853 23.120 157.869 0.034 0.00000 -1 ACTUAL_TF
8.4052 0.0347454 -1.7396732 0.6589096 -0.45153012 0.74370054 -0.43219898 -0.23713732 0.003550 1789355255.602409601 23.351 157.638 0.027 0.00000 -1 ACTUAL_TF
8.4657 0.0347416 -1.7394809 0.6589244 -0.45153020 0.74369698 -0.43220419 -0.23713883 0.003518 1789355255.658450842 23.544 157.445 0.028 0.00000 -1 ACTUAL_TF
8.5186 0.0347284 -1.7392856 0.6589143 -0.45153546 0.74370571 -0.43218813 -0.23713068 0.003511 1789355255.714504004 23.739 157.250 0.025 0.00000 -1 ACTUAL_TF
8.5814 0.0347267 -1.7390973 0.6589287 -0.45153031 0.74370310 -0.43219759 -0.23713144 0.003470 1789355255.770462036 23.928 157.061 0.027 0.00000 -1 ACTUAL_TF
8.6328 0.0347094 -1.7389179 0.6589277 -0.45152745 0.74370584 -0.43219554 -0.23713203 0.003394 1789355255.826551914 24.107 156.881 0.017 0.00000 -1 ACTUAL_TF
8.6937 0.0346979 -1.7387034 0.6589257 -0.45152764 0.74370964 -0.43219034 -0.23712922 0.003528 1789355255.882469177 24.322 156.667 0.016 0.00000 -1 ACTUAL_TF
8.7431 0.0346888 -1.7385447 0.6589320 -0.45152340 0.74370903 -0.43219468 -0.23713128 0.003324 1789355255.938353062 24.481 156.508 0.011 0.00000 -1 ACTUAL_TF
8.7998 0.0346738 -1.7383156 0.6589378 -0.45152140 0.74371066 -0.43219392 -0.23713139 0.003555 1789355255.994441748 24.711 156.278 0.005 0.00000 -1 ACTUAL_TF
8.8519 0.0346642 -1.7381419 0.6589487 -0.45152193 0.74371041 -0.43219351 -0.23713191 0.003423 1789355256.050407887 24.885 156.104 0.004 0.00000 -1 ACTUAL_TF
8.9107 0.0346660 -1.7379657 0.6589671 -0.45151636 0.74370599 -0.43220592 -0.23713376 0.003342 1789355256.106562376 25.061 155.928 0.021 0.00000 -1 ACTUAL_TF
8.9715 0.0346539 -1.7377464 0.6589594 -0.45151800 0.74371104 -0.43219778 -0.23712963 0.003519 1789355256.162445784 25.280 155.708 0.009 0.00000 -1 ACTUAL_TF
9.0192 0.0346334 -1.7375600 0.6589545 -0.45152129 0.74371324 -0.43219003 -0.23713060 0.003458 1789355256.219083071 25.467 155.521 0.011 0.00000 -1 ACTUAL_TF
9.0819 0.0346219 -1.7373444 0.6589482 -0.45151800 0.74371681 -0.43218895 -0.23712761 0.003591 1789355256.274431229 25.683 155.306 0.017 0.00000 -1 ACTUAL_TF
9.1401 0.0346169 -1.7371715 0.6589508 -0.45151813 0.74371562 -0.43219069 -0.23712795 0.003441 1789355256.330380678 25.856 155.133 0.017 0.00000 -1 ACTUAL_TF
9.1872 0.0346120 -1.7369733 0.6589607 -0.45151368 0.74370909 -0.43220362 -0.23713335 0.003474 1789355256.386309624 26.055 154.934 0.012 0.00000 -1 ACTUAL_TF
9.2455 0.0345998 -1.7367933 0.6589623 -0.45151411 0.74371095 -0.43220044 -0.23713249 0.003397 1789355256.442399025 26.235 154.754 0.018 0.00000 -1 ACTUAL_TF
9.3061 0.0346002 -1.7366051 0.6589739 -0.45151312 0.74370586 -0.43220857 -0.23713551 0.003389 1789355256.498335600 26.423 154.566 0.011 0.00000 -1 ACTUAL_TF
9.3545 0.0345888 -1.7364305 0.6589764 -0.45151635 0.74370263 -0.43220921 -0.23713833 0.003309 1789355256.554353237 26.598 154.391 0.015 0.00000 -1 ACTUAL_TF
9.4139 0.0345898 -1.7362282 0.6589873 -0.45151676 0.74369871 -0.43221551 -0.23713833 0.003401 1789355256.610390902 26.800 154.189 0.013 0.00000 -1 ACTUAL_TF
9.4751 0.0345831 -1.7360393 0.6590018 -0.45150875 0.74369450 -0.43222825 -0.23714355 0.003395 1789355256.666453123 26.990 153.999 0.024 0.00000 -1 ACTUAL_TF
9.5274 0.0345742 -1.7358514 0.6589994 -0.45151260 0.74369078 -0.43222892 -0.23714670 0.003384 1789355256.722481489 27.178 153.811 0.019 0.00000 -1 ACTUAL_TF
9.5818 0.0345695 -1.7356541 0.6590098 -0.45151217 0.74368520 -0.43223640 -0.23715139 0.003430 1789355256.778378487 27.375 153.614 0.025 0.00000 -1 ACTUAL_TF
9.6453 0.0345615 -1.7354830 0.6590086 -0.45151546 0.74368656 -0.43223159 -0.23714963 0.003314 1789355256.834623337 27.546 153.443 0.022 0.00000 -1 ACTUAL_TF
9.6924 0.0345545 -1.7352737 0.6590047 -0.45151856 0.74368528 -0.43223024 -0.23715018 0.003446 1789355256.890403748 27.756 153.233 0.015 0.00000 -1 ACTUAL_TF
9.7511 0.0345495 -1.7350944 0.6590061 -0.45152374 0.74368531 -0.43222636 -0.23714730 0.003375 1789355256.946332693 27.935 153.054 0.013 0.00000 -1 ACTUAL_TF
9.8065 0.0345493 -1.7348845 0.6590111 -0.45151709 0.74368779 -0.43223132 -0.23714314 0.003486 1789355257.002370596 28.145 152.844 0.013 0.00000 -1 ACTUAL_TF
9.8682 0.0345456 -1.7346542 0.6590117 -0.45152934 0.74368742 -0.43222112 -0.23713959 0.003675 1789355257.058346748 28.375 152.614 0.011 0.00000 -1 ACTUAL_TF
9.9193 0.0345412 -1.7344860 0.6590112 -0.45152679 0.74369239 -0.43221826 -0.23713407 0.003473 1789355257.114368200 28.543 152.446 0.010 0.00000 -1 ACTUAL_TF
9.9760 0.0345285 -1.7342709 0.6590079 -0.45153122 0.74369237 -0.43221388 -0.23713368 0.003584 1789355257.170454741 28.759 152.230 0.002 0.00000 -1 ACTUAL_TF
10.0424 0.0345320 -1.7340904 0.6590031 -0.45153079 0.74369919 -0.43220833 -0.23712323 0.003477 1789355257.226395845 28.939 152.050 0.015 0.00000 -1 ACTUAL_TF
10.0931 0.0345232 -1.7338788 0.6590014 -0.45153565 0.74369793 -0.43220508 -0.23712384 0.003568 1789355257.282455444 29.151 151.838 0.017 0.00000 -1 ACTUAL_TF
10.1448 0.0345179 -1.7337075 0.6590101 -0.45153348 0.74369594 -0.43221005 -0.23712515 0.003418 1789355257.338351965 29.322 151.667 0.014 0.00000 -1 ACTUAL_TF
10.1988 0.0345005 -1.7334983 0.6590130 -0.45153221 0.74369727 -0.43220829 -0.23712662 0.003516 1789355257.394454241 29.532 151.457 0.008 0.00000 -1 ACTUAL_TF
10.2622 0.0344948 -1.7333231 0.6590225 -0.45153105 0.74369685 -0.43221048 -0.23712615 0.003403 1789355257.450380087 29.707 151.282 0.003 0.00000 -1 ACTUAL_TF
10.3129 0.0344786 -1.7331094 0.6590204 -0.45153756 0.74369455 -0.43220565 -0.23712976 0.003530 1789355257.506381512 29.921 151.068 0.009 0.00000 -1 ACTUAL_TF
10.3652 0.0344747 -1.7328970 0.6590139 -0.45154480 0.74369733 -0.43219671 -0.23712353 0.003611 1789355257.562306404 30.133 150.855 0.017 0.00000 -1 ACTUAL_TF
10.4285 0.0344655 -1.7327364 0.6590206 -0.45154380 0.74369136 -0.43220442 -0.23713014 0.003390 1789355257.618320465 30.294 150.694 0.014 0.00000 -1 ACTUAL_TF
10.4790 0.0344534 -1.7324961 0.6590104 -0.45155541 0.74369452 -0.43218933 -0.23712560 0.003662 1789355257.674353123 30.535 150.454 0.028 0.00000 -1 ACTUAL_TF
10.5415 0.0344501 -1.7323322 0.6590171 -0.45155271 0.74369293 -0.43219397 -0.23712725 0.003441 1789355257.730414391 30.699 150.290 0.024 0.00000 -1 ACTUAL_TF
10.5919 0.0344409 -1.7321171 0.6590252 -0.45155920 0.74369064 -0.43219114 -0.23712725 0.003562 1789355257.786481857 30.914 150.075 0.020 0.00000 -1 ACTUAL_TF
10.6468 0.0344386 -1.7319635 0.6590376 -0.45155137 0.74369126 -0.43219828 -0.23712722 0.003314 1789355257.842871428 31.068 149.921 0.010 0.00000 -1 ACTUAL_TF
10.7031 0.0344323 -1.7317682 0.6590522 -0.45155490 0.74368331 -0.43220459 -0.23713392 0.003378 1789355257.898395061 31.264 149.725 0.005 0.00000 -1 ACTUAL_TF
10.7590 0.0344248 -1.7315612 0.6590571 -0.45156148 0.74367879 -0.43220436 -0.23713601 0.003477 1789355257.954283476 31.471 149.518 0.006 0.00000 -1 ACTUAL_TF
10.8200 0.0344155 -1.7313795 0.6590574 -0.45156032 0.74368048 -0.43220294 -0.23713549 0.003408 1789355258.010296822 31.653 149.336 0.007 0.00000 -1 ACTUAL_TF
10.8714 0.0344154 -1.7311815 0.6590744 -0.45155331 0.74367994 -0.43221243 -0.23713325 0.003446 1789355258.066501617 31.851 149.138 0.015 0.00000 -1 ACTUAL_TF
10.9359 0.0344138 -1.7310210 0.6590935 -0.45155378 0.74367101 -0.43222312 -0.23714086 0.003282 1789355258.122293711 32.012 148.977 0.032 0.00000 -1 ACTUAL_TF
10.9881 0.0344091 -1.7308242 0.6591093 -0.45154849 0.74366721 -0.43223342 -0.23714409 0.003353 1789355258.178431511 32.209 148.780 0.045 0.00000 -1 ACTUAL_TF
11.0411 0.0344034 -1.7306646 0.6591165 -0.45154599 0.74365882 -0.43224598 -0.23715226 0.003204 1789355258.234354734 32.368 148.621 0.050 0.00000 -1 ACTUAL_TF
11.1034 0.0343951 -1.7304614 0.6591206 -0.45155011 0.74365367 -0.43224811 -0.23715666 0.003331 1789355258.290422916 32.572 148.417 0.050 0.00000 -1 ACTUAL_TF
11.1547 0.0343934 -1.7302980 0.6591223 -0.45154444 0.74365272 -0.43225569 -0.23715662 0.003205 1789355258.346580982 32.735 148.254 0.050 0.00000 -1 ACTUAL_TF
11.2093 0.0343921 -1.7300757 0.6591300 -0.45154989 0.74364771 -0.43225745 -0.23715876 0.003438 1789355258.402446508 32.957 148.031 0.055 0.00000 -1 ACTUAL_TF
11.2606 0.0343897 -1.7298590 0.6591299 -0.45155453 0.74364871 -0.43225362 -0.23715379 0.003567 1789355258.458453417 33.174 147.815 0.054 0.00000 -1 ACTUAL_TF
11.3131 0.0343943 -1.7296905 0.6591359 -0.45154966 0.74365282 -0.43225519 -0.23714729 0.003402 1789355258.514364481 33.342 147.647 0.062 0.00000 -1 ACTUAL_TF
11.3715 0.0343863 -1.7294836 0.6591390 -0.45156015 0.74364822 -0.43225067 -0.23714998 0.003492 1789355258.570314407 33.549 147.439 0.061 0.00000 -1 ACTUAL_TF
11.4404 0.0343770 -1.7292924 0.6591312 -0.45156280 0.74365524 -0.43223943 -0.23714340 0.003466 1789355258.626583099 33.741 147.248 0.051 0.00000 -1 ACTUAL_TF
11.4915 0.0343671 -1.7290589 0.6591141 -0.45156811 0.74366442 -0.43222421 -0.23713226 0.003685 1789355258.682419538 33.974 147.015 0.035 0.00000 -1 ACTUAL_TF
11.5426 0.0343552 -1.7288727 0.6591089 -0.45157101 0.74366575 -0.43221887 -0.23713228 0.003579 1789355258.738449574 34.160 146.828 0.026 0.00000 -1 ACTUAL_TF
11.6089 0.0343513 -1.7286598 0.6591040 -0.45157650 0.74366515 -0.43221518 -0.23713042 0.003636 1789355258.794953585 34.373 146.616 0.027 0.00000 -1 ACTUAL_TF
11.6573 0.0343451 -1.7284549 0.6591097 -0.45157204 0.74366403 -0.43222134 -0.23713122 0.003653 1789355258.850486279 34.578 146.411 0.028 0.00000 -1 ACTUAL_TF
11.7084 0.0343392 -1.7282821 0.6591073 -0.45157522 0.74366431 -0.43221784 -0.23713068 0.003484 1789355258.906430483 34.751 146.238 0.028 0.00000 -1 ACTUAL_TF
11.7759 0.0343343 -1.7280636 0.6591041 -0.45157861 0.74366603 -0.43221343 -0.23712685 0.003610 1789355258.962441683 34.970 146.019 0.032 0.00000 -1 ACTUAL_TF
11.8223 0.0343227 -1.7278817 0.6590974 -0.45158110 0.74366987 -0.43220614 -0.23712334 0.003504 1789355259.018471241 35.152 145.837 0.030 0.00000 -1 ACTUAL_TF
11.8812 0.0343185 -1.7276905 0.6591124 -0.45157801 0.74366365 -0.43221723 -0.23712854 0.003481 1789355259.074419498 35.343 145.646 0.029 0.00000 -1 ACTUAL_TF
11.9456 0.0343073 -1.7275007 0.6591061 -0.45158438 0.74366731 -0.43220606 -0.23712530 0.003455 1789355259.130476952 35.533 145.456 0.028 0.00000 -1 ACTUAL_TF
11.9970 0.0342974 -1.7272854 0.6591031 -0.45158223 0.74366905 -0.43220610 -0.23712385 0.003572 1789355259.186542511 35.749 145.240 0.030 0.00000 -1 ACTUAL_TF
12.0466 0.0342977 -1.7271312 0.6591250 -0.45157612 0.74366639 -0.43221608 -0.23712564 0.003336 1789355259.242424726 35.903 145.086 0.028 0.00000 -1 ACTUAL_TF
12.1054 0.0342822 -1.7269188 0.6591212 -0.45157998 0.74366563 -0.43221225 -0.23712765 0.003477 1789355259.298402786 36.116 144.873 0.021 0.00000 -1 ACTUAL_TF
12.1538 0.0342749 -1.7267133 0.6591183 -0.45158087 0.74366347 -0.43221420 -0.23712916 0.003536 1789355259.354408264 36.321 144.668 0.024 0.00000 -1 ACTUAL_TF
12.2107 0.0342613 -1.7265408 0.6591225 -0.45157441 0.74366285 -0.43221989 -0.23713303 0.003404 1789355259.410303354 36.494 144.495 0.018 0.00000 -1 ACTUAL_TF
12.2787 0.0342457 -1.7263267 0.6591197 -0.45157374 0.74366370 -0.43221860 -0.23713403 0.003530 1789355259.466466904 36.709 144.280 0.020 0.00000 -1 ACTUAL_TF
12.3264 0.0342427 -1.7261430 0.6591177 -0.45157844 0.74366506 -0.43221368 -0.23712977 0.003456 1789355259.522398710 36.892 144.097 0.025 0.00000 -1 ACTUAL_TF
12.3896 0.0342399 -1.7259429 0.6591267 -0.45157827 0.74365917 -0.43222192 -0.23713355 0.003492 1789355259.578400135 37.092 143.896 0.022 0.00000 -1 ACTUAL_TF
12.4495 0.0342381 -1.7257832 0.6591360 -0.45157374 0.74365766 -0.43222865 -0.23713466 0.003301 1789355259.634445667 37.252 143.737 0.020 0.00000 -1 ACTUAL_TF
12.4994 0.0342297 -1.7255738 0.6591405 -0.45156996 0.74365719 -0.43223313 -0.23713515 0.003434 1789355259.690423489 37.462 143.527 0.019 0.00000 -1 ACTUAL_TF
12.5551 0.0342258 -1.7254039 0.6591509 -0.45156648 0.74365257 -0.43224234 -0.23713945 0.003316 1789355259.746427774 37.632 143.357 0.018 0.00000 -1 ACTUAL_TF
12.6087 0.0342251 -1.7252067 0.6591603 -0.45156471 0.74364775 -0.43225119 -0.23714181 0.003381 1789355259.802281618 37.829 143.160 0.025 0.00000 -1 ACTUAL_TF
12.6649 0.0342209 -1.7249967 0.6591629 -0.45156469 0.74364722 -0.43225234 -0.23714143 0.003490 1789355259.858376026 38.039 142.950 0.028 0.00000 -1 ACTUAL_TF
12.7195 0.0342129 -1.7248132 0.6591641 -0.45156676 0.74364346 -0.43225516 -0.23714413 0.003429 1789355259.914272547 38.223 142.766 0.026 0.00000 -1 ACTUAL_TF
12.7805 0.0342000 -1.7245984 0.6591566 -0.45156978 0.74364760 -0.43224689 -0.23714049 0.003552 1789355259.970341921 38.438 142.551 0.024 0.00000 -1 ACTUAL_TF
12.8318 0.0342049 -1.7244335 0.6591626 -0.45156260 0.74365096 -0.43225166 -0.23713491 0.003372 1789355260.026310921 38.602 142.386 0.033 0.00000 -1 ACTUAL_TF
12.8872 0.0341883 -1.7242043 0.6591564 -0.45157059 0.74365191 -0.43224201 -0.23713432 0.003589 1789355260.082452059 38.832 142.157 0.029 0.00000 -1 ACTUAL_TF
12.9437 0.0341780 -1.7240328 0.6591592 -0.45156914 0.74365388 -0.43224040 -0.23713384 0.003435 1789355260.138299465 39.004 141.985 0.026 0.00000 -1 ACTUAL_TF
13.0044 0.0341712 -1.7238125 0.6591534 -0.45157288 0.74365528 -0.43223584 -0.23713065 0.003578 1789355260.194653988 39.224 141.765 0.034 0.00000 -1 ACTUAL_TF
13.0550 0.0341609 -1.7235820 0.6591474 -0.45157963 0.74365695 -0.43222762 -0.23712752 0.003750 1789355260.250266552 39.455 141.534 0.041 0.00000 -1 ACTUAL_TF
13.1123 0.0341541 -1.7234204 0.6591526 -0.45157590 0.74365590 -0.43223277 -0.23712854 0.003492 1789355260.306264162 39.617 141.372 0.038 0.00000 -1 ACTUAL_TF
13.1770 0.0341486 -1.7232229 0.6591689 -0.45157542 0.74365367 -0.43223617 -0.23713027 0.003506 1789355260.362295628 39.814 141.175 0.028 0.00000 -1 ACTUAL_TF
13.2289 0.0341342 -1.7230351 0.6591560 -0.45158249 0.74365791 -0.43222358 -0.23712643 0.003462 1789355260.418476343 40.002 140.987 0.038 0.00000 -1 ACTUAL_TF
13.2800 0.0341151 -1.7228053 0.6591478 -0.45158872 0.74365881 -0.43221474 -0.23712787 0.003643 1789355260.475255013 40.232 140.756 0.049 0.00000 -1 ACTUAL_TF
13.3361 0.0341084 -1.7226368 0.6591513 -0.45158570 0.74366173 -0.43221467 -0.23712458 0.003467 1789355260.530429840 40.401 140.588 0.048 0.00000 -1 ACTUAL_TF
13.3909 0.0340975 -1.7224398 0.6591611 -0.45158829 0.74365751 -0.43221694 -0.23712873 0.003485 1789355260.586434364 40.599 140.390 0.041 0.00000 -1 ACTUAL_TF
13.4487 0.0340855 -1.7222555 0.6591607 -0.45159266 0.74365793 -0.43221149 -0.23712903 0.003429 1789355260.642398596 40.783 140.206 0.046 0.00000 -1 ACTUAL_TF
13.5090 0.0340672 -1.7220419 0.6591578 -0.45159386 0.74366209 -0.43220415 -0.23712709 0.003549 1789355260.698417425 40.997 139.992 0.055 0.00000 -1 ACTUAL_TF
13.5593 0.0340546 -1.7218347 0.6591570 -0.45160121 0.74366151 -0.43219731 -0.23712740 0.003594 1789355260.754515171 41.205 139.784 0.061 0.00000 -1 ACTUAL_TF
13.6191 0.0340478 -1.7216687 0.6591683 -0.45159488 0.74365872 -0.43220668 -0.23713110 0.003409 1789355260.810438156 41.371 139.618 0.053 0.00000 -1 ACTUAL_TF
13.6713 0.0340374 -1.7214514 0.6591665 -0.45159712 0.74366106 -0.43220191 -0.23712819 0.003555 1789355260.866303444 41.588 139.401 0.059 0.00000 -1 ACTUAL_TF
13.7289 0.0340347 -1.7213024 0.6591884 -0.45158763 0.74365149 -0.43222340 -0.23713711 0.003294 1789355260.922377110 41.738 139.251 0.042 0.00000 -1 ACTUAL_TF
13.7968 0.0340278 -1.7210997 0.6591969 -0.45158692 0.74365039 -0.43222547 -0.23713816 0.003394 1789355260.978343487 41.941 139.048 0.037 0.00000 -1 ACTUAL_TF
13.8417 0.0340194 -1.7209169 0.6591915 -0.45159221 0.74365243 -0.43221828 -0.23713476 0.003354 1789355261.034493685 42.124 138.865 0.045 0.00000 -1 ACTUAL_TF
13.8951 0.0340143 -1.7207226 0.6592075 -0.45158533 0.74364843 -0.43223054 -0.23713807 0.003392 1789355261.090533733 42.318 138.671 0.034 0.00000 -1 ACTUAL_TF
13.9518 0.0340046 -1.7205201 0.6592191 -0.45157470 0.74364663 -0.43224260 -0.23714196 0.003464 1789355261.146422386 42.521 138.468 0.031 0.00000 -1 ACTUAL_TF
14.0082 0.0339972 -1.7203398 0.6592217 -0.45157808 0.74364208 -0.43224527 -0.23714493 0.003393 1789355261.202387810 42.701 138.287 0.032 0.00000 -1 ACTUAL_TF
14.0704 0.0339879 -1.7201446 0.6592320 -0.45157256 0.74363950 -0.43225380 -0.23714802 0.003421 1789355261.258519173 42.897 138.092 0.032 0.00000 -1 ACTUAL_TF
14.1249 0.0339878 -1.7199866 0.6592470 -0.45156897 0.74363287 -0.43226611 -0.23715318 0.003246 1789355261.314423561 43.055 137.934 0.026 0.00000 -1 ACTUAL_TF
14.1918 0.0339766 -1.7197662 0.6592387 -0.45157569 0.74363580 -0.43225618 -0.23714931 0.003455 1789355261.370443583 43.276 137.713 0.030 0.00000 -1 ACTUAL_TF
14.2310 0.0339621 -1.7195790 0.6592383 -0.45158171 0.74363516 -0.43225007 -0.23715098 0.003425 1789355261.426438093 43.463 137.526 0.038 0.00000 -1 ACTUAL_TF
14.2924 0.0339586 -1.7193761 0.6592460 -0.45157850 0.74363332 -0.43225604 -0.23715197 0.003485 1789355261.482445717 43.666 137.323 0.033 0.00000 -1 ACTUAL_TF
14.3453 0.0339605 -1.7191891 0.6592452 -0.45158611 0.74363622 -0.43224755 -0.23714387 0.003440 1789355261.538552046 43.853 137.136 0.026 0.00000 -1 ACTUAL_TF
14.3991 0.0339556 -1.7189766 0.6592446 -0.45159241 0.74363623 -0.43224198 -0.23714197 0.003547 1789355261.594517708 44.065 136.923 0.026 0.00000 -1 ACTUAL_TF
14.4628 0.0339545 -1.7187628 0.6592525 -0.45159206 0.74363466 -0.43224606 -0.23714015 0.003632 1789355261.650361538 44.279 136.710 0.018 0.00000 -1 ACTUAL_TF
14.5107 0.0339577 -1.7185892 0.6592530 -0.45159650 0.74363303 -0.43224541 -0.23713797 0.003472 1789355261.706417084 44.453 136.536 0.014 0.00000 -1 ACTUAL_TF
14.5664 0.0339455 -1.7183872 0.6592599 -0.45159394 0.74363181 -0.43224910 -0.23713997 0.003514 1789355261.762490034 44.655 136.334 0.014 0.00000 -1 ACTUAL_TF
14.6242 0.0339391 -1.7182031 0.6592571 -0.45160125 0.74363037 -0.43224453 -0.23713889 0.003448 1789355261.818423510 44.839 136.150 0.018 0.00000 -1 ACTUAL_TF
14.6864 0.0339333 -1.7180030 0.6592740 -0.45159563 0.74362444 -0.43225736 -0.23714478 0.003488 1789355261.874494076 45.040 135.949 0.009 0.00000 -1 ACTUAL_TF
14.7370 0.0339288 -1.7178113 0.6592707 -0.45160311 0.74362953 -0.43224544 -0.23713632 0.003469 1789355261.930484056 45.231 135.758 0.010 0.00000 -1 ACTUAL_TF
14.7940 0.0339318 -1.7176261 0.6592895 -0.45159679 0.74362430 -0.43225939 -0.23713932 0.003426 1789355261.986492395 45.416 135.572 0.009 0.00000 -1 ACTUAL_TF
14.8468 0.0339057 -1.7174034 0.6592863 -0.45159996 0.74362712 -0.43225011 -0.23714137 0.003591 1789355262.042869329 45.640 135.349 0.015 0.00000 -1 ACTUAL_TF
14.9024 0.0339079 -1.7172380 0.6592935 -0.45159316 0.74362672 -0.43225923 -0.23713894 0.003408 1789355262.098421812 45.805 135.184 0.009 0.00000 -1 ACTUAL_TF
14.9557 0.0338938 -1.7169976 0.6592782 -0.45160181 0.74363375 -0.43224193 -0.23713195 0.003681 1789355262.154321432 46.046 134.943 0.018 0.00000 -1 ACTUAL_TF
15.0187 0.0338874 -1.7168387 0.6592835 -0.45160424 0.74362681 -0.43224769 -0.23713862 0.003427 1789355262.210412025 46.205 134.784 0.017 0.00000 -1 ACTUAL_TF
15.0702 0.0338876 -1.7166348 0.6592888 -0.45160273 0.74362715 -0.43225067 -0.23713498 0.003491 1789355262.266463518 46.409 134.580 0.010 0.00000 -1 ACTUAL_TF
15.1302 0.0338871 -1.7164698 0.6592981 -0.45160190 0.74362436 -0.43225587 -0.23713581 0.003331 1789355262.322359800 46.574 134.415 0.002 0.00000 -1 ACTUAL_TF
15.1840 0.0338671 -1.7162473 0.6593062 -0.45160191 0.74362132 -0.43225783 -0.23714176 0.003529 1789355262.378365040 46.797 134.192 0.012 0.00000 -1 ACTUAL_TF
15.2413 0.0338756 -1.7160877 0.6593142 -0.45160440 0.74361884 -0.43226087 -0.23713923 0.003327 1789355262.434378147 46.956 134.033 0.008 0.00000 -1 ACTUAL_TF
15.2918 0.0338689 -1.7158890 0.6593232 -0.45160560 0.74361425 -0.43226585 -0.23714228 0.003397 1789355262.490272284 47.155 133.834 0.014 0.00000 -1 ACTUAL_TF
15.3573 0.0338600 -1.7156631 0.6593237 -0.45161017 0.74361289 -0.43226324 -0.23714262 0.003587 1789355262.546363831 47.381 133.608 0.010 0.00000 -1 ACTUAL_TF
15.4107 0.0338547 -1.7155000 0.6593322 -0.45160433 0.74361088 -0.43227152 -0.23714493 0.003384 1789355262.602510691 47.544 133.445 0.016 0.00000 -1 ACTUAL_TF
15.4789 0.0338440 -1.7152878 0.6593311 -0.45161148 0.74360469 -0.43227154 -0.23715071 0.003492 1789355262.659271002 47.757 133.232 0.011 0.00000 -1 ACTUAL_TF
15.5268 0.0338464 -1.7151280 0.6593411 -0.45160637 0.74360118 -0.43228271 -0.23715108 0.003315 1789355262.714428902 47.917 133.072 0.020 0.00000 -1 ACTUAL_TF
15.5756 0.0338401 -1.7149136 0.6593432 -0.45161192 0.74359599 -0.43228395 -0.23715452 0.003471 1789355262.770396709 48.131 132.858 0.019 0.00000 -1 ACTUAL_TF
15.6407 0.0338348 -1.7147494 0.6593484 -0.45161171 0.74359389 -0.43228689 -0.23715614 0.003309 1789355262.826432943 48.295 132.694 0.022 0.00000 -1 ACTUAL_TF
15.6856 0.0338367 -1.7145201 0.6593525 -0.45161516 0.74359317 -0.43228664 -0.23715227 0.003541 1789355262.882636786 48.524 132.464 0.028 0.00000 -1 ACTUAL_TF
15.7470 0.0338309 -1.7143503 0.6593552 -0.45161336 0.74359416 -0.43228748 -0.23715110 0.003394 1789355262.938330889 48.694 132.294 0.028 0.00000 -1 ACTUAL_TF
15.7988 0.0338280 -1.7141443 0.6593606 -0.45161722 0.74359462 -0.43228414 -0.23714836 0.003479 1789355262.994351625 48.900 132.088 0.033 0.00000 -1 ACTUAL_TF
15.8629 0.0338240 -1.7139331 0.6593621 -0.45161896 0.74359629 -0.43228134 -0.23714494 0.003567 1789355263.050357342 49.112 131.877 0.035 0.00000 -1 ACTUAL_TF
15.9101 0.0338186 -1.7137442 0.6593577 -0.45162021 0.74360408 -0.43227102 -0.23713694 0.003507 1789355263.106500149 49.301 131.688 0.032 0.00000 -1 ACTUAL_TF
15.9710 0.0338098 -1.7135252 0.6593552 -0.45162520 0.74360357 -0.43226746 -0.23713551 0.003630 1789355263.162436485 49.520 131.469 0.029 0.00000 -1 ACTUAL_TF
16.0187 0.0338000 -1.7133365 0.6593483 -0.45162485 0.74361122 -0.43225862 -0.23712831 0.003555 1789355263.218423843 49.708 131.280 0.026 0.00000 -1 ACTUAL_TF
16.0789 0.0337924 -1.7131306 0.6593539 -0.45162076 0.74361312 -0.43226055 -0.23712662 0.003596 1789355263.274258614 49.915 131.074 0.025 0.00000 -1 ACTUAL_TF
16.1343 0.0337825 -1.7129574 0.6593584 -0.45161538 0.74361402 -0.43226380 -0.23712813 0.003446 1789355263.330308199 50.088 130.901 0.022 0.00000 -1 ACTUAL_TF
16.1935 0.0337720 -1.7127458 0.6593611 -0.45161806 0.74361392 -0.43226166 -0.23712724 0.003547 1789355263.386319160 50.300 130.689 0.019 0.00000 -1 ACTUAL_TF
16.2484 0.0337704 -1.7125274 0.6593581 -0.45161766 0.74361786 -0.43225876 -0.23712092 0.003652 1789355263.442359686 50.518 130.471 0.026 0.00000 -1 ACTUAL_TF
16.3035 0.0337611 -1.7123490 0.6593622 -0.45161542 0.74362010 -0.43225820 -0.23711918 0.003514 1789355263.498344660 50.697 130.292 0.023 0.00000 -1 ACTUAL_TF
16.3572 0.0337505 -1.7121400 0.6593633 -0.45161194 0.74362267 -0.43225768 -0.23711869 0.003582 1789355263.554305553 50.906 130.083 0.021 0.00000 -1 ACTUAL_TF
16.4195 0.0337394 -1.7119534 0.6593622 -0.45161218 0.74362101 -0.43225908 -0.23712089 0.003506 1789355263.610433102 51.093 129.896 0.019 0.00000 -1 ACTUAL_TF
16.4661 0.0337353 -1.7117449 0.6593624 -0.45161187 0.74362280 -0.43225809 -0.23711767 0.003573 1789355263.666368961 51.301 129.688 0.024 0.00000 -1 ACTUAL_TF
16.5262 0.0337262 -1.7115903 0.6593733 -0.45160521 0.74362034 -0.43226648 -0.23712278 0.003321 1789355263.723141909 51.456 129.533 0.016 0.00000 -1 ACTUAL_TF
16.5872 0.0337148 -1.7113827 0.6593756 -0.45160538 0.74361961 -0.43226672 -0.23712431 0.003457 1789355263.778255224 51.664 129.325 0.013 0.00000 -1 ACTUAL_TF
16.6474 0.0337109 -1.7111829 0.6593920 -0.45159958 0.74361592 -0.43227765 -0.23712702 0.003423 1789355263.838189125 51.864 129.125 0.015 0.00000 -1 ACTUAL_TF
16.6995 0.0337002 -1.7110096 0.6593967 -0.45160004 0.74361326 -0.43227993 -0.23713031 0.003394 1789355263.890426397 52.038 128.951 0.012 0.00000 -1 ACTUAL_TF
16.7520 0.0336910 -1.7108065 0.6594008 -0.45159817 0.74361268 -0.43228234 -0.23713129 0.003467 1789355263.946356535 52.241 128.748 0.010 0.00000 -1 ACTUAL_TF
16.8065 0.0336876 -1.7106197 0.6593937 -0.45160668 0.74361272 -0.43227499 -0.23712835 0.003427 1789355264.002390862 52.428 128.561 0.011 0.00000 -1 ACTUAL_TF
16.8661 0.0336941 -1.7104292 0.6594017 -0.45160739 0.74360860 -0.43228159 -0.23712792 0.003423 1789355264.058299541 52.618 128.371 0.024 0.00000 -1 ACTUAL_TF
16.9187 0.0336825 -1.7102438 0.6593978 -0.45160911 0.74360600 -0.43228257 -0.23713098 0.003391 1789355264.114312172 52.804 128.185 0.020 0.00000 -1 ACTUAL_TF
16.9831 0.0336795 -1.7100356 0.6594060 -0.45161101 0.74360202 -0.43228655 -0.23713260 0.003489 1789355264.170337677 53.012 127.977 0.024 0.00000 -1 ACTUAL_TF
17.0404 0.0336675 -1.7098665 0.6594145 -0.45160848 0.74359791 -0.43229269 -0.23713911 0.003352 1789355264.226344585 53.182 127.807 0.019 0.00000 -1 ACTUAL_TF
17.0898 0.0336649 -1.7096651 0.6594191 -0.45160807 0.74359653 -0.43229578 -0.23713861 0.003421 1789355264.282589197 53.383 127.606 0.023 0.00000 -1 ACTUAL_TF
17.1448 0.0336499 -1.7094588 0.6594252 -0.45161109 0.74359064 -0.43229882 -0.23714576 0.003507 1789355264.338423967 53.590 127.399 0.018 0.00000 -1 ACTUAL_TF
17.1992 0.0336498 -1.7092915 0.6594312 -0.45161378 0.74359007 -0.43229824 -0.23714348 0.003350 1789355264.394490480 53.757 127.232 0.024 0.00000 -1 ACTUAL_TF
17.2602 0.0336473 -1.7090762 0.6594334 -0.45161863 0.74358977 -0.43229524 -0.23714066 0.003500 1789355264.450418949 53.972 127.017 0.028 0.00000 -1 ACTUAL_TF
17.3112 0.0336350 -1.7088823 0.6594226 -0.45162609 0.74359696 -0.43227908 -0.23713336 0.003487 1789355264.506725788 54.166 126.823 0.021 0.00000 -1 ACTUAL_TF
17.3754 0.0336187 -1.7086683 0.6594269 -0.45162454 0.74359490 -0.43228202 -0.23713742 0.003598 1789355264.562404394 54.381 126.608 0.012 0.00000 -1 ACTUAL_TF
17.4253 0.0336097 -1.7084775 0.6594198 -0.45163027 0.74359989 -0.43227011 -0.23713256 0.003536 1789355264.618746042 54.572 126.417 0.015 0.00000 -1 ACTUAL_TF
17.4842 0.0336029 -1.7082703 0.6594282 -0.45162814 0.74359836 -0.43227456 -0.23713332 0.003586 1789355264.674798012 54.779 126.210 0.012 0.00000 -1 ACTUAL_TF
17.5366 0.0335966 -1.7080904 0.6594288 -0.45163376 0.74359689 -0.43227133 -0.23713312 0.003480 1789355264.730430841 54.959 126.030 0.014 0.00000 -1 ACTUAL_TF
17.5907 0.0335937 -1.7079039 0.6594429 -0.45162768 0.74359464 -0.43228077 -0.23713453 0.003435 1789355264.786605597 55.146 125.843 0.015 0.00000 -1 ACTUAL_TF
17.6432 0.0335784 -1.7076842 0.6594382 -0.45162734 0.74359730 -0.43227713 -0.23713347 0.003591 1789355264.842340708 55.366 125.623 0.009 0.00000 -1 ACTUAL_TF
17.7048 0.0335657 -1.7074981 0.6594370 -0.45162665 0.74360065 -0.43227336 -0.23713116 0.003511 1789355264.898424864 55.552 125.437 0.011 0.00000 -1 ACTUAL_TF
17.7585 0.0335538 -1.7072761 0.6594355 -0.45163062 0.74360069 -0.43226930 -0.23713087 0.003651 1789355264.954356432 55.774 125.214 0.016 0.00000 -1 ACTUAL_TF
17.8215 0.0335381 -1.7071129 0.6594407 -0.45162394 0.74360362 -0.43227040 -0.23713241 0.003433 1789355265.010394335 55.938 125.051 0.018 0.00000 -1 ACTUAL_TF
17.8739 0.0335263 -1.7069039 0.6594429 -0.45162638 0.74360250 -0.43226903 -0.23713377 0.003516 1789355265.066810131 56.147 124.842 0.022 0.00000 -1 ACTUAL_TF
17.9468 0.0335184 -1.7067328 0.6594455 -0.45162656 0.74360337 -0.43226792 -0.23713271 0.003385 1789355265.122482777 56.319 124.670 0.024 0.00000 -1 ACTUAL_TF
17.9919 0.0335075 -1.7065282 0.6594491 -0.45162966 0.74360085 -0.43226763 -0.23713524 0.003470 1789355265.178355694 56.524 124.465 0.027 0.00000 -1 ACTUAL_TF
18.0389 0.0334926 -1.7063362 0.6594648 -0.45162745 0.74359394 -0.43227696 -0.23714410 0.003462 1789355265.234465122 56.716 124.273 0.030 0.00000 -1 ACTUAL_TF
18.0971 0.0334828 -1.7061450 0.6594698 -0.45162975 0.74359209 -0.43227662 -0.23714615 0.003449 1789355265.290484190 56.908 124.081 0.033 0.00000 -1 ACTUAL_TF
18.1562 0.0334734 -1.7059400 0.6594790 -0.45163066 0.74358534 -0.43228382 -0.23715246 0.003514 1789355265.346527100 57.113 123.876 0.036 0.00000 -1 ACTUAL_TF
18.2278 0.0334720 -1.7057785 0.6594872 -0.45162596 0.74358148 -0.43229405 -0.23715487 0.003328 1789355265.402396679 57.275 123.714 0.033 0.00000 -1 ACTUAL_TF
18.2597 0.0334632 -1.7055740 0.6594943 -0.45162901 0.74357564 -0.43229821 -0.23715980 0.003428 1789355265.458337545 57.479 123.510 0.036 0.00000 -1 ACTUAL_TF
18.3186 0.0334691 -1.7054121 0.6594984 -0.45162879 0.74357353 -0.43230323 -0.23715767 0.003265 1789355265.514497042 57.641 123.348 0.027 0.00000 -1 ACTUAL_TF
18.3714 0.0334540 -1.7052112 0.6595071 -0.45162151 0.74357284 -0.43231021 -0.23716099 0.003369 1789355265.570357323 57.842 123.146 0.036 0.00000 -1 ACTUAL_TF
18.4323 0.0334457 -1.7050125 0.6595117 -0.45162578 0.74356971 -0.43230992 -0.23716319 0.003426 1789355265.626219511 58.041 122.948 0.038 0.00000 -1 ACTUAL_TF
18.4881 0.0334384 -1.7048066 0.6595178 -0.45162508 0.74356726 -0.43231396 -0.23716485 0.003501 1789355265.682301521 58.247 122.741 0.039 0.00000 -1 ACTUAL_TF
18.5419 0.0334368 -1.7046023 0.6595233 -0.45161652 0.74357068 -0.43231965 -0.23716004 0.003541 1789355265.738554955 58.452 122.537 0.037 0.00000 -1 ACTUAL_TF
18.5974 0.0334332 -1.7044401 0.6595327 -0.45162111 0.74356339 -0.43232463 -0.23716508 0.003353 1789355265.794313431 58.614 122.375 0.041 0.00000 -1 ACTUAL_TF
18.6633 0.0334284 -1.7042155 0.6595274 -0.45162806 0.74356946 -0.43231129 -0.23715712 0.003549 1789355265.850387335 58.839 122.150 0.032 0.00000 -1 ACTUAL_TF
18.7151 0.0334314 -1.7040548 0.6595362 -0.45162033 0.74357081 -0.43231909 -0.23715339 0.003350 1789355265.906198978 58.999 121.990 0.033 0.00000 -1 ACTUAL_TF
18.7804 0.0334305 -1.7038143 0.6595242 -0.45163497 0.74357411 -0.43230308 -0.23714435 0.003630 1789355265.962412596 59.239 121.750 0.016 0.00000 -1 ACTUAL_TF
18.8216 0.0334275 -1.7036279 0.6595229 -0.45163460 0.74357840 -0.43229911 -0.23713885 0.003539 1789355266.018440962 59.426 121.563 0.012 0.00000 -1 ACTUAL_TF
18.8810 0.0334286 -1.7034057 0.6595193 -0.45163994 0.74358098 -0.43229307 -0.23713162 0.003669 1789355266.074369669 59.648 121.341 0.012 0.00000 -1 ACTUAL_TF
18.9473 0.0334299 -1.7032352 0.6595250 -0.45164200 0.74357844 -0.43229581 -0.23713065 0.003482 1789355266.130359888 59.818 121.171 0.020 0.00000 -1 ACTUAL_TF
18.9883 0.0334226 -1.7030251 0.6595278 -0.45164033 0.74357987 -0.43229578 -0.23712939 0.003565 1789355266.186321974 60.028 120.961 0.020 0.00000 -1 ACTUAL_TF
19.0406 0.0334185 -1.7028114 0.6595283 -0.45164654 0.74357865 -0.43229239 -0.23712756 0.003641 1789355266.242319822 60.242 120.747 0.022 0.00000 -1 ACTUAL_TF
19.1050 0.0334114 -1.7026200 0.6595277 -0.45164904 0.74358002 -0.43228848 -0.23712562 0.003574 1789355266.298321962 60.433 120.555 0.022 0.00000 -1 ACTUAL_TF
19.1591 0.0334015 -1.7024108 0.6595319 -0.45164691 0.74357716 -0.43229411 -0.23712841 0.003623 1789355266.354382753 60.643 120.346 0.019 0.00000 -1 ACTUAL_TF
19.2176 0.0333899 -1.7022154 0.6595242 -0.45165791 0.74357996 -0.43228006 -0.23712429 0.003585 1789355266.410404921 60.838 120.150 0.018 0.00000 -1 ACTUAL_TF
19.2705 0.0333919 -1.7020117 0.6595292 -0.45165254 0.74358263 -0.43228368 -0.23711955 0.003602 1789355266.466369152 61.042 119.947 0.026 0.00000 -1 ACTUAL_TF
19.3293 0.0333880 -1.7018580 0.6595409 -0.45165198 0.74357746 -0.43229095 -0.23712357 0.003345 1789355266.522525072 61.196 119.793 0.026 0.00000 -1 ACTUAL_TF
19.3788 0.0333766 -1.7016327 0.6595328 -0.45165929 0.74358322 -0.43227658 -0.23711778 0.003555 1789355266.578322649 61.421 119.568 0.025 0.00000 -1 ACTUAL_TF
19.4441 0.0333661 -1.7014180 0.6595366 -0.45165878 0.74358270 -0.43227790 -0.23711799 0.003636 1789355266.634519577 61.636 119.353 0.022 0.00000 -1 ACTUAL_TF
19.4948 0.0333620 -1.7012408 0.6595397 -0.45165971 0.74357963 -0.43228107 -0.23712005 0.003496 1789355266.690452099 61.814 119.175 0.024 0.00000 -1 ACTUAL_TF
19.5535 0.0333553 -1.7010393 0.6595439 -0.45165757 0.74357806 -0.43228503 -0.23712180 0.003529 1789355266.746412754 62.015 118.974 0.024 0.00000 -1 ACTUAL_TF
19.6136 0.0333545 -1.7008867 0.6595559 -0.45165722 0.74356944 -0.43229677 -0.23712811 0.003291 1789355266.802327871 62.168 118.821 0.027 0.00000 -1 ACTUAL_TF
19.6635 0.0333410 -1.7006760 0.6595560 -0.45165705 0.74356982 -0.43229606 -0.23712855 0.003434 1789355266.858383656 62.379 118.610 0.021 0.00000 -1 ACTUAL_TF
19.7228 0.0333279 -1.7004816 0.6595476 -0.45166287 0.74357353 -0.43228513 -0.23712574 0.003447 1789355266.914427280 62.574 118.415 0.021 0.00000 -1 ACTUAL_TF
19.7838 0.0333179 -1.7002840 0.6595587 -0.45165945 0.74356942 -0.43229337 -0.23713012 0.003476 1789355266.970401764 62.772 118.217 0.014 0.00000 -1 ACTUAL_TF
19.8358 0.0333131 -1.7001053 0.6595672 -0.45165812 0.74356548 -0.43230039 -0.23713224 0.003393 1789355267.026284218 62.950 118.039 0.014 0.00000 -1 ACTUAL_TF
19.8899 0.0333040 -1.6999092 0.6595830 -0.45164815 0.74356097 -0.43231455 -0.23713953 0.003428 1789355267.082416058 63.147 117.842 0.016 0.00000 -1 ACTUAL_TF
19.9393 0.0332961 -1.6997115 0.6595975 -0.45164623 0.74355263 -0.43232679 -0.23714705 0.003461 1789355267.138490200 63.345 117.644 0.025 0.00000 -1 ACTUAL_TF
19.9974 0.0332997 -1.6995525 0.6596049 -0.45164506 0.74354889 -0.43233386 -0.23714811 0.003279 1789355267.194289446 63.504 117.485 0.034 0.00000 -1 ACTUAL_TF
20.0579 0.0332959 -1.6993435 0.6596087 -0.45164493 0.74354600 -0.43233867 -0.23714864 0.003410 1789355267.250525475 63.713 117.276 0.036 0.00000 -1 ACTUAL_TF
20.1205 0.0332857 -1.6991579 0.6596103 -0.45164383 0.74354845 -0.43233647 -0.23714707 0.003386 1789355267.306345940 63.899 117.090 0.033 0.00000 -1 ACTUAL_TF
20.1719 0.0332804 -1.6989370 0.6596077 -0.45164916 0.74355099 -0.43232950 -0.23714164 0.003554 1789355267.362384796 64.120 116.869 0.030 0.00000 -1 ACTUAL_TF
20.2289 0.0332710 -1.6987539 0.6596074 -0.45164606 0.74355356 -0.43232913 -0.23714017 0.003472 1789355267.418229342 64.303 116.686 0.026 0.00000 -1 ACTUAL_TF
20.2831 0.0332648 -1.6985346 0.6596007 -0.45165327 0.74355941 -0.43231617 -0.23713174 0.003602 1789355267.474432707 64.522 116.467 0.023 0.00000 -1 ACTUAL_TF
20.3324 0.0332519 -1.6983223 0.6596032 -0.45165485 0.74356321 -0.43230939 -0.23712915 0.003662 1789355267.530368090 64.735 116.254 0.017 0.00000 -1 ACTUAL_TF
20.3944 0.0332521 -1.6981391 0.6596010 -0.45165816 0.74356751 -0.43230295 -0.23712109 0.003545 1789355267.586350918 64.918 116.071 0.023 0.00000 -1 ACTUAL_TF
20.4491 0.0332400 -1.6979301 0.6596050 -0.45165805 0.74356792 -0.43230245 -0.23712094 0.003604 1789355267.642317533 65.127 115.862 0.019 0.00000 -1 ACTUAL_TF
20.5107 0.0332362 -1.6977437 0.6596046 -0.45165784 0.74357208 -0.43229850 -0.23711551 0.003520 1789355267.698420763 65.314 115.675 0.022 0.00000 -1 ACTUAL_TF
20.5652 0.0332270 -1.6975298 0.6596149 -0.45165905 0.74356827 -0.43230187 -0.23711900 0.003608 1789355267.754624605 65.528 115.461 0.020 0.00000 -1 ACTUAL_TF
20.6188 0.0332214 -1.6973531 0.6596132 -0.45165939 0.74357112 -0.43229839 -0.23711575 0.003474 1789355267.810586452 65.705 115.284 0.021 0.00000 -1 ACTUAL_TF
20.6730 0.0332092 -1.6971340 0.6596100 -0.45166273 0.74357264 -0.43229284 -0.23711478 0.003610 1789355267.866429090 65.924 115.065 0.018 0.00000 -1 ACTUAL_TF
20.7283 0.0332059 -1.6969691 0.6596182 -0.45166574 0.74356845 -0.43229594 -0.23711652 0.003415 1789355267.922278643 66.089 114.900 0.019 0.00000 -1 ACTUAL_TF
20.7798 0.0331951 -1.6967631 0.6596184 -0.45166577 0.74356989 -0.43229421 -0.23711510 0.003493 1789355267.978362083 66.295 114.694 0.017 0.00000 -1 ACTUAL_TF
20.8459 0.0331810 -1.6965448 0.6596283 -0.45166895 0.74356819 -0.43229249 -0.23711751 0.003621 1789355268.034274817 66.514 114.475 0.010 0.00000 -1 ACTUAL_TF
20.8953 0.0331743 -1.6963668 0.6596365 -0.45166358 0.74357115 -0.43229440 -0.23711496 0.003489 1789355268.090321541 66.692 114.297 0.011 0.00000 -1 ACTUAL_TF
20.9564 0.0331669 -1.6961500 0.6596338 -0.45167356 0.74356860 -0.43228857 -0.23711458 0.003604 1789355268.146330595 66.909 114.080 0.010 0.00000 -1 ACTUAL_TF
21.0112 0.0331521 -1.6959905 0.6596391 -0.45167249 0.74356362 -0.43229390 -0.23712250 0.003378 1789355268.202578068 67.069 113.920 0.003 0.00000 -1 ACTUAL_TF
21.0669 0.0331486 -1.6957920 0.6596522 -0.45167139 0.74355704 -0.43230354 -0.23712766 0.003435 1789355268.258303881 67.268 113.721 0.013 0.00000 -1 ACTUAL_TF
21.1272 0.0331366 -1.6956175 0.6596500 -0.45167089 0.74355808 -0.43230192 -0.23712833 0.003340 1789355268.314435720 67.442 113.546 0.008 0.00000 -1 ACTUAL_TF
21.1784 0.0331263 -1.6953958 0.6596578 -0.45167510 0.74355122 -0.43230600 -0.23713436 0.003525 1789355268.370541573 67.664 113.324 0.012 0.00000 -1 ACTUAL_TF
21.2395 0.0331253 -1.6952360 0.6596669 -0.45167102 0.74354807 -0.43231512 -0.23713540 0.003328 1789355268.426319122 67.824 113.165 0.018 0.00000 -1 ACTUAL_TF
21.2901 0.0331207 -1.6950166 0.6596696 -0.45167749 0.74354545 -0.43231290 -0.23713533 0.003504 1789355268.482434273 68.044 112.945 0.018 0.00000 -1 ACTUAL_TF
21.3452 0.0331211 -1.6948271 0.6596860 -0.45167354 0.74353847 -0.43232632 -0.23714026 0.003473 1789355268.538331985 68.233 112.756 0.032 0.00000 -1 ACTUAL_TF
21.4035 0.0331123 -1.6946566 0.6596952 -0.45166830 0.74353474 -0.43233561 -0.23714501 0.003347 1789355268.594342709 68.404 112.585 0.038 0.00000 -1 ACTUAL_TF
21.4511 0.0331008 -1.6944423 0.6596941 -0.45167074 0.74353569 -0.43233172 -0.23714447 0.003492 1789355268.650362968 68.619 112.370 0.033 0.00000 -1 ACTUAL_TF
21.5080 0.0331004 -1.6942785 0.6597139 -0.45166486 0.74352914 -0.43234696 -0.23714843 0.003328 1789355268.706369400 68.783 112.206 0.050 0.00000 -1 ACTUAL_TF
21.5627 0.0330894 -1.6940640 0.6597129 -0.45166751 0.74352996 -0.43234313 -0.23714778 0.003476 1789355268.762591124 68.997 111.992 0.045 0.00000 -1 ACTUAL_TF
21.6170 0.0330783 -1.6938978 0.6597159 -0.45166633 0.74352715 -0.43234681 -0.23715215 0.003329 1789355268.818360806 69.164 111.825 0.045 0.00000 -1 ACTUAL_TF
21.6823 0.0330632 -1.6936603 0.6597075 -0.45167222 0.74353121 -0.43233565 -0.23714853 0.003602 1789355268.874541998 69.402 111.587 0.033 0.00000 -1 ACTUAL_TF
21.7354 0.0330673 -1.6934698 0.6597145 -0.45167113 0.74352916 -0.43234104 -0.23714722 0.003543 1789355268.930505276 69.592 111.397 0.037 0.00000 -1 ACTUAL_TF
21.7937 0.0330495 -1.6932784 0.6597066 -0.45167890 0.74353276 -0.43232765 -0.23714556 0.003512 1789355268.986446857 69.784 111.205 0.026 0.00000 -1 ACTUAL_TF
21.8415 0.0330435 -1.6930634 0.6597079 -0.45168311 0.74353381 -0.43232295 -0.23714281 0.003611 1789355269.042445421 69.999 110.990 0.024 0.00000 -1 ACTUAL_TF
21.9055 0.0330312 -1.6928764 0.6597093 -0.45168549 0.74353522 -0.43231838 -0.23714216 0.003530 1789355269.098519325 70.186 110.803 0.023 0.00000 -1 ACTUAL_TF
21.9577 0.0330206 -1.6926633 0.6597098 -0.45168629 0.74353608 -0.43231640 -0.23714156 0.003616 1789355269.154430628 70.399 110.589 0.022 0.00000 -1 ACTUAL_TF
22.0114 0.0330122 -1.6924821 0.6597130 -0.45169091 0.74353172 -0.43231713 -0.23714512 0.003505 1789355269.210320473 70.581 110.408 0.023 0.00000 -1 ACTUAL_TF
22.0757 0.0330076 -1.6922966 0.6597226 -0.45168288 0.74353170 -0.43232528 -0.23714560 0.003449 1789355269.266317606 70.767 110.222 0.028 0.00000 -1 ACTUAL_TF
22.1279 0.0329895 -1.6920959 0.6597077 -0.45168571 0.74354148 -0.43230946 -0.23713839 0.003498 1789355269.322258234 70.967 110.021 0.023 0.00000 -1 ACTUAL_TF
22.1941 0.0329704 -1.6918796 0.6597068 -0.45169139 0.74354038 -0.43230363 -0.23714164 0.003609 1789355269.378400564 71.184 109.805 0.034 0.00000 -1 ACTUAL_TF
22.2490 0.0329595 -1.6916691 0.6597055 -0.45168711 0.74354327 -0.43230345 -0.23714105 0.003657 1789355269.434329748 71.395 109.594 0.037 0.00000 -1 ACTUAL_TF
22.2970 0.0329536 -1.6914835 0.6597021 -0.45168344 0.74355056 -0.43229942 -0.23713254 0.003553 1789355269.490438461 71.581 109.408 0.037 0.00000 -1 ACTUAL_TF
22.3521 0.0329401 -1.6912721 0.6597073 -0.45169363 0.74354126 -0.43229939 -0.23714234 0.003604 1789355269.547376871 71.792 109.196 0.042 0.00000 -1 ACTUAL_TF
22.4075 0.0329438 -1.6910990 0.6597062 -0.45168990 0.74354775 -0.43229717 -0.23713317 0.003453 1789355269.603185892 71.965 109.024 0.034 0.00000 -1 ACTUAL_TF
22.4629 0.0329411 -1.6908873 0.6597086 -0.45169023 0.74354444 -0.43230200 -0.23713410 0.003567 1789355269.658420324 72.177 108.812 0.030 0.00000 -1 ACTUAL_TF
22.5212 0.0329263 -1.6907102 0.6597090 -0.45169457 0.74354365 -0.43229753 -0.23713647 0.003447 1789355269.714565516 72.354 108.634 0.038 0.00000 -1 ACTUAL_TF
22.5842 0.0329281 -1.6905149 0.6597227 -0.45168537 0.74353974 -0.43231238 -0.23713917 0.003462 1789355269.770560503 72.550 108.439 0.027 0.00000 -1 ACTUAL_TF
22.6329 0.0329193 -1.6903003 0.6597257 -0.45168811 0.74353719 -0.43231296 -0.23714090 0.003579 1789355269.826284885 72.764 108.224 0.028 0.00000 -1 ACTUAL_TF
22.6954 0.0329122 -1.6901177 0.6597282 -0.45168906 0.74353615 -0.43231362 -0.23714113 0.003482 1789355269.882444620 72.947 108.042 0.029 0.00000 -1 ACTUAL_TF
22.7489 0.0329105 -1.6899150 0.6597336 -0.45168933 0.74353083 -0.43232036 -0.23714504 0.003526 1789355269.938314676 73.150 107.839 0.023 0.00000 -1 ACTUAL_TF
22.8009 0.0329111 -1.6897484 0.6597367 -0.45168702 0.74352978 -0.43232517 -0.23714394 0.003357 1789355269.994563818 73.316 107.672 0.016 0.00000 -1 ACTUAL_TF
22.8576 0.0329065 -1.6895456 0.6597453 -0.45168291 0.74352710 -0.43233315 -0.23714563 0.003439 1789355270.050512314 73.519 107.469 0.014 0.00000 -1 ACTUAL_TF
22.9096 0.0328976 -1.6893623 0.6597458 -0.45168659 0.74352324 -0.43233419 -0.23714881 0.003389 1789355270.106560230 73.703 107.286 0.016 0.00000 -1 ACTUAL_TF
22.9743 0.0328990 -1.6891553 0.6597534 -0.45168618 0.74351596 -0.43234518 -0.23715241 0.003487 1789355270.162322044 73.910 107.079 0.008 0.00000 -1 ACTUAL_TF
23.0263 0.0329029 -1.6889680 0.6597515 -0.45169042 0.74351735 -0.43234170 -0.23714629 0.003444 1789355270.218357801 74.097 106.892 0.004 0.00000 -1 ACTUAL_TF
23.0800 0.0329016 -1.6887666 0.6597584 -0.45168878 0.74351208 -0.43235032 -0.23715022 0.003489 1789355270.274407387 74.298 106.691 0.010 0.00000 -1 ACTUAL_TF
23.1345 0.0329014 -1.6885352 0.6597486 -0.45169848 0.74351730 -0.43233668 -0.23714026 0.003685 1789355270.330330849 74.529 106.460 0.020 0.00000 -1 ACTUAL_TF
23.1944 0.0328934 -1.6883680 0.6597495 -0.45169303 0.74352034 -0.43233819 -0.23713836 0.003477 1789355270.386292219 74.697 106.292 0.020 0.00000 -1 ACTUAL_TF
23.2491 0.0328900 -1.6881305 0.6597436 -0.45169856 0.74352691 -0.43232610 -0.23712926 0.003703 1789355270.442430735 74.934 106.055 0.030 0.00000 -1 ACTUAL_TF
23.3042 0.0328881 -1.6879622 0.6597478 -0.45169733 0.74352406 -0.43233162 -0.23713046 0.003495 1789355270.498377562 75.102 105.887 0.032 0.00000 -1 ACTUAL_TF
23.3593 0.0328802 -1.6877537 0.6597509 -0.45169336 0.74352671 -0.43233269 -0.23712777 0.003564 1789355270.554393768 75.311 105.678 0.032 0.00000 -1 ACTUAL_TF
23.4159 0.0328766 -1.6875741 0.6597476 -0.45169556 0.74352832 -0.43232948 -0.23712438 0.003458 1789355270.610367537 75.491 105.498 0.038 0.00000 -1 ACTUAL_TF
23.4760 0.0328633 -1.6873547 0.6597543 -0.45169459 0.74352449 -0.43233471 -0.23712872 0.003597 1789355270.666405678 75.710 105.279 0.032 0.00000 -1 ACTUAL_TF
23.5323 0.0328505 -1.6871372 0.6597501 -0.45169507 0.74352762 -0.43233011 -0.23712638 0.003686 1789355270.722399235 75.928 105.061 0.036 0.00000 -1 ACTUAL_TF
23.5823 0.0328475 -1.6869621 0.6597550 -0.45169238 0.74352778 -0.43233353 -0.23712475 0.003522 1789355270.778210640 76.103 104.886 0.036 0.00000 -1 ACTUAL_TF
23.6406 0.0328338 -1.6867433 0.6597541 -0.45169163 0.74353168 -0.43232858 -0.23712296 0.003636 1789355270.834377289 76.322 104.667 0.037 0.00000 -1 ACTUAL_TF
23.7019 0.0328291 -1.6865793 0.6597632 -0.45168705 0.74352982 -0.43233578 -0.23712441 0.003425 1789355270.890377045 76.486 104.502 0.032 0.00000 -1 ACTUAL_TF
23.7501 0.0328192 -1.6863664 0.6597650 -0.45168224 0.74353404 -0.43233557 -0.23712073 0.003540 1789355270.946358204 76.700 104.289 0.032 0.00000 -1 ACTUAL_TF
23.8109 0.0328116 -1.6861855 0.6597674 -0.45168350 0.74353394 -0.43233419 -0.23712115 0.003449 1789355271.002315283 76.881 104.108 0.032 0.00000 -1 ACTUAL_TF
23.8617 0.0328000 -1.6859629 0.6597608 -0.45168798 0.74354017 -0.43232231 -0.23711474 0.003609 1789355271.058298349 77.103 103.886 0.041 0.00000 -1 ACTUAL_TF
23.9153 0.0327946 -1.6857972 0.6597667 -0.45168218 0.74353897 -0.43232979 -0.23711592 0.003415 1789355271.114335060 77.269 103.720 0.038 0.00000 -1 ACTUAL_TF
23.9747 0.0327902 -1.6855792 0.6597728 -0.45168429 0.74353781 -0.43233042 -0.23711440 0.003558 1789355271.170380592 77.487 103.502 0.037 0.00000 -1 ACTUAL_TF
24.0331 0.0327794 -1.6853649 0.6597726 -0.45168605 0.74353689 -0.43232922 -0.23711612 0.003635 1789355271.226634264 77.702 103.287 0.039 0.00000 -1 ACTUAL_TF
24.0901 0.0327773 -1.6852110 0.6597860 -0.45168098 0.74353218 -0.43234059 -0.23711981 0.003376 1789355271.282382011 77.856 103.133 0.030 0.00000 -1 ACTUAL_TF
24.1389 0.0327779 -1.6849965 0.6597937 -0.45168218 0.74353054 -0.43234289 -0.23711847 0.003513 1789355271.338371515 78.070 102.919 0.031 0.00000 -1 ACTUAL_TF
24.1975 0.0327678 -1.6848110 0.6597904 -0.45168755 0.74353009 -0.43233755 -0.23711940 0.003455 1789355271.394345284 78.256 102.733 0.034 0.00000 -1 ACTUAL_TF
24.2552 0.0327698 -1.6846170 0.6598064 -0.45168534 0.74352075 -0.43235339 -0.23712400 0.003452 1789355271.450849533 78.450 102.539 0.031 0.00000 -1 ACTUAL_TF
24.3061 0.0327653 -1.6844421 0.6598095 -0.45168627 0.74352097 -0.43235241 -0.23712334 0.003361 1789355271.506388187 78.625 102.364 0.033 0.00000 -1 ACTUAL_TF
24.3639 0.0327495 -1.6842481 0.6598234 -0.45167813 0.74351399 -0.43236756 -0.23713310 0.003400 1789355271.562324286 78.820 102.169 0.020 0.00000 -1 ACTUAL_TF
24.4233 0.0327503 -1.6840319 0.6598256 -0.45168468 0.74351130 -0.43236647 -0.23713103 0.003537 1789355271.618387222 79.036 101.953 0.029 0.00000 -1 ACTUAL_TF
24.4882 0.0327515 -1.6838686 0.6598375 -0.45168632 0.74350346 -0.43237529 -0.23713642 0.003353 1789355271.674350500 79.199 101.790 0.035 0.00000 -1 ACTUAL_TF
24.5387 0.0327399 -1.6836641 0.6598406 -0.45168396 0.74350297 -0.43237733 -0.23713873 0.003444 1789355271.730402470 79.404 101.585 0.031 0.00000 -1 ACTUAL_TF
24.5875 0.0327250 -1.6834875 0.6598445 -0.45168594 0.74350473 -0.43237175 -0.23713962 0.003356 1789355271.786642551 79.581 101.408 0.023 0.00000 -1 ACTUAL_TF
24.6472 0.0327180 -1.6832707 0.6598446 -0.45168806 0.74350692 -0.43236788 -0.23713580 0.003516 1789355271.842430592 79.798 101.191 0.023 0.00000 -1 ACTUAL_TF
24.7092 0.0327071 -1.6830741 0.6598341 -0.45169828 0.74350995 -0.43235431 -0.23713154 0.003518 1789355271.898395300 79.994 100.994 0.024 0.00000 -1 ACTUAL_TF
24.7604 0.0326995 -1.6828621 0.6598358 -0.45169935 0.74351170 -0.43235121 -0.23712970 0.003599 1789355271.954420567 80.207 100.782 0.025 0.00000 -1 ACTUAL_TF
24.8145 0.0326922 -1.6826999 0.6598445 -0.45170069 0.74350740 -0.43235451 -0.23713457 0.003391 1789355272.010382891 80.369 100.620 0.021 0.00000 -1 ACTUAL_TF
24.8793 0.0326911 -1.6824834 0.6598459 -0.45169949 0.74351048 -0.43235387 -0.23712837 0.003535 1789355272.066334963 80.586 100.403 0.027 0.00000 -1 ACTUAL_TF
24.9269 0.0326687 -1.6822613 0.6598401 -0.45170281 0.74351402 -0.43234403 -0.23712891 0.003670 1789355272.122350931 80.808 100.181 0.024 0.00000 -1 ACTUAL_TF
24.9858 0.0326640 -1.6820787 0.6598444 -0.45169708 0.74351692 -0.43234715 -0.23712501 0.003548 1789355272.178316355 80.991 99.998 0.024 0.00000 -1 ACTUAL_TF
25.0429 0.0326506 -1.6818702 0.6598442 -0.45170052 0.74351616 -0.43234363 -0.23712727 0.003603 1789355272.234319925 81.200 99.789 0.025 0.00000 -1 ACTUAL_TF
25.0998 0.0326346 -1.6816802 0.6598432 -0.45170249 0.74351880 -0.43233712 -0.23712712 0.003544 1789355272.290275812 81.390 99.599 0.028 0.00000 -1 ACTUAL_TF
25.1492 0.0326335 -1.6814835 0.6598541 -0.45169711 0.74351690 -0.43234619 -0.23712680 0.003536 1789355272.346271992 81.587 99.402 0.021 0.00000 -1 ACTUAL_TF
25.2090 0.0326218 -1.6812978 0.6598536 -0.45170033 0.74351549 -0.43234394 -0.23712918 0.003470 1789355272.402388573 81.773 99.216 0.024 0.00000 -1 ACTUAL_TF
25.2631 0.0326183 -1.6810873 0.6598548 -0.45169910 0.74351974 -0.43234139 -0.23712282 0.003555 1789355272.458482027 81.983 99.006 0.026 0.00000 -1 ACTUAL_TF
25.3149 0.0326092 -1.6809218 0.6598700 -0.45169531 0.74351516 -0.43234998 -0.23712875 0.003382 1789355272.514367580 82.149 98.840 0.014 0.00000 -1 ACTUAL_TF
25.3717 0.0325990 -1.6807123 0.6598767 -0.45169604 0.74351267 -0.43235189 -0.23713170 0.003492 1789355272.570363760 82.359 98.630 0.011 0.00000 -1 ACTUAL_TF
25.4286 0.0325966 -1.6805113 0.6598897 -0.45169710 0.74350455 -0.43236203 -0.23713666 0.003525 1789355272.626304388 82.560 98.429 0.001 0.00000 -1 ACTUAL_TF
25.4847 0.0325921 -1.6803253 0.6598893 -0.45170712 0.74350236 -0.43235590 -0.23713559 0.003464 1789355272.682309866 82.746 98.243 0.005 0.00000 -1 ACTUAL_TF
25.5396 0.0325953 -1.6801437 0.6599072 -0.45170410 0.74349376 -0.43237005 -0.23714252 0.003402 1789355272.738322496 82.928 98.061 0.017 0.00000 -1 ACTUAL_TF
25.5990 0.0325957 -1.6799616 0.6599065 -0.45170189 0.74349678 -0.43237044 -0.23713654 0.003359 1789355272.794193745 83.110 97.879 0.021 0.00000 -1 ACTUAL_TF
25.6567 0.0325741 -1.6797271 0.6599035 -0.45171592 0.74349363 -0.43235869 -0.23714114 0.003611 1789355272.850286484 83.345 97.644 0.007 0.00000 -1 ACTUAL_TF
25.7150 0.0325674 -1.6795658 0.6599119 -0.45171523 0.74348825 -0.43236603 -0.23714593 0.003393 1789355272.906335592 83.506 97.483 0.008 0.00000 -1 ACTUAL_TF
25.7673 0.0325625 -1.6793649 0.6599217 -0.45170897 0.74348795 -0.43237294 -0.23714619 0.003453 1789355272.962343216 83.707 97.281 0.015 0.00000 -1 ACTUAL_TF
25.8259 0.0325543 -1.6791577 0.6599269 -0.45171518 0.74348095 -0.43237632 -0.23715012 0.003528 1789355273.018339634 83.915 97.074 0.016 0.00000 -1 ACTUAL_TF
25.8801 0.0325598 -1.6789980 0.6599378 -0.45171158 0.74347855 -0.43238452 -0.23714961 0.003329 1789355273.074274302 84.074 96.914 0.029 0.00000 -1 ACTUAL_TF
25.9421 0.0325451 -1.6787537 0.6599259 -0.45172003 0.74348417 -0.43236911 -0.23714398 0.003641 1789355273.130368948 84.319 96.670 0.014 0.00000 -1 ACTUAL_TF
25.9942 0.0325399 -1.6785869 0.6599395 -0.45171722 0.74347777 -0.43238020 -0.23714917 0.003445 1789355273.186398268 84.486 96.503 0.022 0.00000 -1 ACTUAL_TF
26.0495 0.0325309 -1.6783700 0.6599363 -0.45171990 0.74348067 -0.43237407 -0.23714614 0.003575 1789355273.242361307 84.703 96.286 0.016 0.00000 -1 ACTUAL_TF
26.1072 0.0325257 -1.6782049 0.6599389 -0.45171737 0.74348197 -0.43237499 -0.23714520 0.003387 1789355273.298366308 84.868 96.121 0.017 0.00000 -1 ACTUAL_TF
26.1638 0.0325145 -1.6779828 0.6599376 -0.45172336 0.74348381 -0.43236724 -0.23714216 0.003563 1789355273.354364872 85.090 95.899 0.011 0.00000 -1 ACTUAL_TF
26.2140 0.0325109 -1.6778050 0.6599352 -0.45172493 0.74348688 -0.43236256 -0.23713808 0.003445 1789355273.410492420 85.268 95.721 0.012 0.00000 -1 ACTUAL_TF
26.2757 0.0325039 -1.6775954 0.6599360 -0.45172706 0.74348683 -0.43236130 -0.23713646 0.003536 1789355273.466418028 85.478 95.511 0.013 0.00000 -1 ACTUAL_TF
26.3275 0.0324831 -1.6773650 0.6599340 -0.45172973 0.74349061 -0.43235247 -0.23713561 0.003716 1789355273.522351742 85.709 95.280 0.008 0.00000 -1 ACTUAL_TF
26.3773 0.0324738 -1.6771772 0.6599340 -0.45173453 0.74349148 -0.43234715 -0.23713346 0.003603 1789355273.578661203 85.897 95.092 0.011 0.00000 -1 ACTUAL_TF
26.4351 0.0324628 -1.6769671 0.6599394 -0.45173223 0.74348967 -0.43235117 -0.23713617 0.003656 1789355273.634367704 86.107 94.882 0.011 0.00000 -1 ACTUAL_TF
26.4946 0.0324580 -1.6767978 0.6599444 -0.45173192 0.74348726 -0.43235459 -0.23713809 0.003466 1789355273.690416098 86.277 94.712 0.008 0.00000 -1 ACTUAL_TF
26.5532 0.0324521 -1.6765922 0.6599492 -0.45173136 0.74348555 -0.43235811 -0.23713809 0.003529 1789355273.746390820 86.482 94.507 0.006 0.00000 -1 ACTUAL_TF
26.6062 0.0324481 -1.6764100 0.6599445 -0.45173683 0.74348504 -0.43235395 -0.23713689 0.003443 1789355273.802597046 86.664 94.324 0.013 0.00000 -1 ACTUAL_TF
26.6649 0.0324362 -1.6761743 0.6599383 -0.45174299 0.74348765 -0.43234532 -0.23713267 0.003680 1789355273.858352900 86.900 94.089 0.024 0.00000 -1 ACTUAL_TF
26.7212 0.0324258 -1.6759657 0.6599428 -0.45174126 0.74348669 -0.43234729 -0.23713539 0.003694 1789355273.914437771 87.109 93.880 0.023 0.00000 -1 ACTUAL_TF
26.7722 0.0324241 -1.6757829 0.6599436 -0.45174707 0.74348705 -0.43234283 -0.23713135 0.003564 1789355273.970509768 87.292 93.697 0.025 0.00000 -1 ACTUAL_TF
26.8337 0.0324214 -1.6755806 0.6599523 -0.45174495 0.74348301 -0.43235068 -0.23713374 0.003583 1789355274.026370049 87.494 93.495 0.019 0.00000 -1 ACTUAL_TF
26.8954 0.0324092 -1.6754245 0.6599649 -0.45173851 0.74347785 -0.43236186 -0.23714178 0.003349 1789355274.082383394 87.651 93.338 0.010 0.00000 -1 ACTUAL_TF
26.9480 0.0324030 -1.6752120 0.6599695 -0.45173689 0.74347669 -0.43236542 -0.23714202 0.003482 1789355274.138439178 87.864 93.125 0.008 0.00000 -1 ACTUAL_TF
26.9998 0.0323935 -1.6750506 0.6599809 -0.45173259 0.74347123 -0.43237547 -0.23714900 0.003306 1789355274.194430828 88.025 92.964 0.006 0.00000 -1 ACTUAL_TF
27.0569 0.0323923 -1.6748331 0.6599862 -0.45173205 0.74347160 -0.43237713 -0.23714586 0.003481 1789355274.250362396 88.243 92.746 0.002 0.00000 -1 ACTUAL_TF
27.1142 0.0323925 -1.6746538 0.6599922 -0.45173207 0.74346774 -0.43238317 -0.23714691 0.003391 1789355274.306795597 88.422 92.567 0.009 0.00000 -1 ACTUAL_TF
27.1649 0.0323910 -1.6744378 0.6599923 -0.45173638 0.74346741 -0.43238076 -0.23714410 0.003540 1789355274.362351894 88.638 92.351 0.014 0.00000 -1 ACTUAL_TF
27.2266 0.0323973 -1.6742617 0.6600163 -0.45172586 0.74345890 -0.43240334 -0.23714966 0.003430 1789355274.418367624 88.814 92.175 0.035 0.00000 -1 ACTUAL_TF
27.2770 0.0323876 -1.6740764 0.6600150 -0.45172743 0.74346065 -0.43239946 -0.23714825 0.003396 1789355274.474330425 89.000 91.989 0.030 0.00000 -1 ACTUAL_TF
27.3401 0.0323839 -1.6738668 0.6600201 -0.45172433 0.74346045 -0.43240370 -0.23714705 0.003477 1789355274.531519890 89.209 91.780 0.034 0.00000 -1 ACTUAL_TF
27.3965 0.0323746 -1.6736800 0.6600244 -0.45171787 0.74346484 -0.43240471 -0.23714378 0.003454 1789355274.586551189 89.396 91.593 0.032 0.00000 -1 ACTUAL_TF
27.4493 0.0323693 -1.6734665 0.6600259 -0.45171630 0.74346700 -0.43240384 -0.23714158 0.003566 1789355274.642344713 89.610 91.379 0.033 0.00000 -1 ACTUAL_TF
27.5001 0.0323665 -1.6732776 0.6600203 -0.45172251 0.74347035 -0.43239534 -0.23713475 0.003509 1789355274.698310137 89.799 91.190 0.032 0.00000 -1 ACTUAL_TF
27.5581 0.0323675 -1.6730817 0.6600243 -0.45171660 0.74347427 -0.43239785 -0.23712913 0.003504 1789355274.754442453 89.994 90.994 0.040 0.00000 -1 ACTUAL_TF
27.6241 0.0323581 -1.6728636 0.6600211 -0.45171697 0.74347963 -0.43239116 -0.23712382 0.003621 1789355274.810494661 90.213 90.776 0.037 0.00000 -1 ACTUAL_TF
27.6709 0.0323414 -1.6726611 0.6600089 -0.45172357 0.74348800 -0.43237410 -0.23711610 0.003626 1789355274.866474867 90.415 90.574 0.030 0.00000 -1 ACTUAL_TF
27.7251 0.0323402 -1.6724351 0.6600131 -0.45172257 0.74348965 -0.43237441 -0.23711229 0.003751 1789355274.922354937 90.641 90.348 0.036 0.00000 -1 ACTUAL_TF
27.7837 0.0323353 -1.6722794 0.6600210 -0.45171727 0.74348600 -0.43238395 -0.23711643 0.003461 1789355274.978373766 90.797 90.192 0.036 0.00000 -1 ACTUAL_TF
27.8413 0.0323304 -1.6720673 0.6600242 -0.45171652 0.74348652 -0.43238492 -0.23711445 0.003560 1789355275.034373283 91.009 89.980 0.038 0.00000 -1 ACTUAL_TF
27.8942 0.0323261 -1.6718986 0.6600321 -0.45172080 0.74348242 -0.43238663 -0.23711603 0.003397 1789355275.090398312 91.178 89.811 0.040 0.00000 -1 ACTUAL_TF
27.9525 0.0323082 -1.6716764 0.6600278 -0.45171971 0.74348627 -0.43238187 -0.23711472 0.003569 1789355275.146519661 91.401 89.588 0.031 0.00000 -1 ACTUAL_TF
28.0110 0.0323009 -1.6714714 0.6600314 -0.45171991 0.74348634 -0.43238185 -0.23711415 0.003585 1789355275.203153372 91.606 89.383 0.031 0.00000 -1 ACTUAL_TF
28.0609 0.0322841 -1.6712857 0.6600317 -0.45172113 0.74348709 -0.43237835 -0.23711584 0.003522 1789355275.258419275 91.792 89.197 0.022 0.00000 -1 ACTUAL_TF
28.1208 0.0322794 -1.6710665 0.6600388 -0.45172326 0.74348468 -0.43238031 -0.23711577 0.003643 1789355275.314304352 92.011 88.978 0.024 0.00000 -1 ACTUAL_TF
28.1838 0.0322715 -1.6708875 0.6600386 -0.45172727 0.74348502 -0.43237600 -0.23711492 0.003509 1789355275.370351791 92.191 88.798 0.024 0.00000 -1 ACTUAL_TF
28.2370 0.0322635 -1.6706709 0.6600405 -0.45173170 0.74348344 -0.43237399 -0.23711511 0.003616 1789355275.426459312 92.407 88.582 0.024 0.00000 -1 ACTUAL_TF
28.2854 0.0322657 -1.6705080 0.6600483 -0.45173361 0.74347864 -0.43237937 -0.23711671 0.003407 1789355275.482310295 92.570 88.419 0.030 0.00000 -1 ACTUAL_TF
28.3397 0.0322555 -1.6703000 0.6600518 -0.45173693 0.74347675 -0.43237825 -0.23711837 0.003495 1789355275.538591385 92.778 88.211 0.027 0.00000 -1 ACTUAL_TF
28.3979 0.0322457 -1.6701188 0.6600549 -0.45173976 0.74347441 -0.43237860 -0.23711967 0.003422 1789355275.594402790 92.960 88.029 0.024 0.00000 -1 ACTUAL_TF
28.4573 0.0322345 -1.6698905 0.6600574 -0.45174305 0.74347219 -0.43237771 -0.23712197 0.003620 1789355275.650391102 93.188 87.801 0.022 0.00000 -1 ACTUAL_TF
28.5144 0.0322250 -1.6697295 0.6600674 -0.45174265 0.74346658 -0.43238428 -0.23712835 0.003401 1789355275.706328630 93.350 87.639 0.016 0.00000 -1 ACTUAL_TF
28.5639 0.0322198 -1.6695259 0.6600727 -0.45173838 0.74346822 -0.43238717 -0.23712609 0.003471 1789355275.762397766 93.554 87.435 0.019 0.00000 -1 ACTUAL_TF
28.6241 0.0322061 -1.6693245 0.6600847 -0.45174259 0.74345806 -0.43239447 -0.23713662 0.003513 1789355275.818389893 93.755 87.233 0.016 0.00000 -1 ACTUAL_TF
28.6851 0.0322008 -1.6691561 0.6600868 -0.45173458 0.74346134 -0.43239919 -0.23713297 0.003361 1789355275.874433756 93.924 87.065 0.016 0.00000 -1 ACTUAL_TF
28.7500 0.0321859 -1.6689498 0.6600956 -0.45173657 0.74345236 -0.43240712 -0.23714286 0.003460 1789355275.930508614 94.131 86.858 0.016 0.00000 -1 ACTUAL_TF
28.7923 0.0321832 -1.6687792 0.6601041 -0.45173567 0.74344806 -0.43241405 -0.23714542 0.003339 1789355275.986425877 94.301 86.687 0.023 0.00000 -1 ACTUAL_TF
28.8477 0.0321765 -1.6685612 0.6601154 -0.45173231 0.74344561 -0.43242064 -0.23714751 0.003509 1789355276.042353392 94.520 86.469 0.030 0.00000 -1 ACTUAL_TF
28.8969 0.0321671 -1.6683885 0.6601162 -0.45173059 0.74344610 -0.43242191 -0.23714692 0.003382 1789355276.098422050 94.693 86.296 0.027 0.00000 -1 ACTUAL_TF
28.9553 0.0321549 -1.6681764 0.6601165 -0.45173711 0.74344555 -0.43241529 -0.23714831 0.003506 1789355276.154377699 94.905 86.084 0.024 0.00000 -1 ACTUAL_TF
29.0223 0.0321514 -1.6679565 0.6601110 -0.45173888 0.74345331 -0.43240553 -0.23713840 0.003631 1789355276.210467339 95.125 85.864 0.016 0.00000 -1 ACTUAL_TF
29.0730 0.0321440 -1.6677917 0.6601156 -0.45174368 0.74345001 -0.43240521 -0.23714019 0.003426 1789355276.266429186 95.290 85.699 0.017 0.00000 -1 ACTUAL_TF
29.1235 0.0321245 -1.6675478 0.6601062 -0.45175520 0.74345368 -0.43238808 -0.23713796 0.003710 1789355276.322444677 95.534 85.455 0.006 0.00000 -1 ACTUAL_TF
29.1853 0.0321116 -1.6673570 0.6601037 -0.45175956 0.74345577 -0.43238081 -0.23713635 0.003622 1789355276.378408909 95.725 85.264 0.012 0.00000 -1 ACTUAL_TF
29.2377 0.0321070 -1.6671438 0.6601044 -0.45176327 0.74345689 -0.43237686 -0.23713298 0.003677 1789355276.434432745 95.938 85.051 0.010 0.00000 -1 ACTUAL_TF
29.2970 0.0321058 -1.6669788 0.6601083 -0.45175586 0.74345878 -0.43238277 -0.23713038 0.003448 1789355276.491098881 96.103 84.886 0.006 0.00000 -1 ACTUAL_TF
29.3498 0.0320938 -1.6667600 0.6601062 -0.45177069 0.74345532 -0.43237172 -0.23713314 0.003602 1789355276.546446323 96.322 84.667 0.013 0.00000 -1 ACTUAL_TF
29.4086 0.0320970 -1.6665959 0.6601167 -0.45177453 0.74344708 -0.43237967 -0.23713715 0.003403 1789355276.602369308 96.486 84.503 0.003 0.00000 -1 ACTUAL_TF
29.4595 0.0320879 -1.6663589 0.6601117 -0.45176605 0.74345966 -0.43237371 -0.23712472 0.003654 1789355276.658356190 96.723 84.265 0.011 0.00000 -1 ACTUAL_TF
29.5209 0.0320880 -1.6661448 0.6601160 -0.45177683 0.74345310 -0.43237299 -0.23712609 0.003705 1789355276.714307308 96.937 84.051 0.013 0.00000 -1 ACTUAL_TF
29.5789 0.0320787 -1.6659601 0.6601175 -0.45178219 0.74345141 -0.43236925 -0.23712800 0.003582 1789355276.770432949 97.122 83.867 0.013 0.00000 -1 ACTUAL_TF
29.6286 0.0320873 -1.6657675 0.6601235 -0.45177915 0.74345023 -0.43237654 -0.23712419 0.003542 1789355276.826372623 97.315 83.674 0.023 0.00000 -1 ACTUAL_TF
29.6836 0.0320729 -1.6655763 0.6601234 -0.45177712 0.74345404 -0.43237276 -0.23712301 0.003506 1789355276.882420063 97.506 83.483 0.018 0.00000 -1 ACTUAL_TF
29.7449 0.0320689 -1.6653561 0.6601241 -0.45178269 0.74345387 -0.43236888 -0.23711999 0.003632 1789355276.938501835 97.726 83.263 0.023 0.00000 -1 ACTUAL_TF
29.8077 0.0320642 -1.6651981 0.6601342 -0.45177700 0.74344925 -0.43237972 -0.23712555 0.003392 1789355276.994448662 97.885 83.104 0.020 0.00000 -1 ACTUAL_TF
29.8531 0.0320550 -1.6649701 0.6601356 -0.45178273 0.74344775 -0.43237661 -0.23712501 0.003597 1789355277.050430536 98.113 82.876 0.020 0.00000 -1 ACTUAL_TF
29.9129 0.0320496 -1.6647706 0.6601514 -0.45177777 0.74344085 -0.43239058 -0.23713062 0.003593 1789355277.106315136 98.313 82.676 0.019 0.00000 -1 ACTUAL_TF
29.9643 0.0320392 -1.6645713 0.6601412 -0.45178159 0.74344766 -0.43237826 -0.23712446 0.003583 1789355277.162426472 98.512 82.477 0.019 0.00000 -1 ACTUAL_TF
30.0250 0.0320407 -1.6643895 0.6601601 -0.45177882 0.74343759 -0.43239467 -0.23713141 0.003486 1789355277.218510866 98.694 82.295 0.024 0.00000 -1 ACTUAL_TF
30.0806 0.0320274 -1.6642098 0.6601578 -0.45177895 0.74344015 -0.43239065 -0.23713046 0.003398 1789355277.274971247 98.874 82.115 0.017 0.00000 -1 ACTUAL_TF
30.1371 0.0320181 -1.6640064 0.6601669 -0.45177302 0.74343380 -0.43240371 -0.23713783 0.003480 1789355277.330504417 99.078 81.911 0.016 0.00000 -1 ACTUAL_TF
30.1906 0.0320064 -1.6638196 0.6601686 -0.45177603 0.74343343 -0.43240153 -0.23713725 0.003439 1789355277.386444807 99.265 81.724 0.011 0.00000 -1 ACTUAL_TF
30.2482 0.0319874 -1.6636163 0.6601775 -0.45177270 0.74342883 -0.43240824 -0.23714578 0.003501 1789355277.442530870 99.469 81.520 0.010 0.00000 -1 ACTUAL_TF
30.3039 0.0319889 -1.6634631 0.6601916 -0.45176399 0.74342610 -0.43242137 -0.23714697 0.003276 1789355277.498440742 99.622 81.367 0.022 0.00000 -1 ACTUAL_TF
30.3666 0.0319738 -1.6632580 0.6601957 -0.45176505 0.74342669 -0.43241823 -0.23714885 0.003396 1789355277.554392099 99.827 81.162 0.022 0.00000 -1 ACTUAL_TF
30.4131 0.0319644 -1.6630383 0.6601905 -0.45176951 0.74342709 -0.43241377 -0.23714722 0.003556 1789355277.610378504 100.047 80.942 0.014 0.00000 -1 ACTUAL_TF
30.4703 0.0319507 -1.6628447 0.6601862 -0.45177508 0.74343069 -0.43240355 -0.23714398 0.003530 1789355277.666369915 100.241 80.748 0.012 0.00000 -1 ACTUAL_TF
30.5256 0.0319387 -1.6626365 0.6601895 -0.45177266 0.74343103 -0.43240472 -0.23714536 0.003587 1789355277.722396135 100.450 80.539 0.016 0.00000 -1 ACTUAL_TF
30.5845 0.0319334 -1.6624493 0.6601869 -0.45177871 0.74343332 -0.43239688 -0.23714096 0.003514 1789355277.778427362 100.637 80.352 0.014 0.00000 -1 ACTUAL_TF
30.6354 0.0319230 -1.6622438 0.6601928 -0.45177109 0.74343463 -0.43240225 -0.23714157 0.003560 1789355277.834538937 100.843 80.146 0.017 0.00000 -1 ACTUAL_TF
30.6936 0.0319228 -1.6620723 0.6601926 -0.45177600 0.74343338 -0.43240032 -0.23713964 0.003413 1789355277.890426397 101.014 79.975 0.011 0.00000 -1 ACTUAL_TF
30.7498 0.0319108 -1.6618538 0.6601911 -0.45177902 0.74343133 -0.43239985 -0.23714119 0.003561 1789355277.946455956 101.233 79.756 0.016 0.00000 -1 ACTUAL_TF
30.8103 0.0318945 -1.6616225 0.6601885 -0.45177849 0.74343798 -0.43239199 -0.23713570 0.003736 1789355278.002381325 101.464 79.525 0.026 0.00000 -1 ACTUAL_TF
30.8647 0.0318958 -1.6614539 0.6601910 -0.45177646 0.74343874 -0.43239465 -0.23713234 0.003518 1789355278.058428049 101.633 79.356 0.020 0.00000 -1 ACTUAL_TF
30.9189 0.0318880 -1.6612407 0.6601952 -0.45177670 0.74343966 -0.43239346 -0.23713115 0.003608 1789355278.114302158 101.846 79.143 0.020 0.00000 -1 ACTUAL_TF
30.9714 0.0318822 -1.6610473 0.6601917 -0.45178232 0.74343983 -0.43238872 -0.23712855 0.003563 1789355278.170289993 102.040 78.949 0.023 0.00000 -1 ACTUAL_TF
31.0337 0.0318786 -1.6608303 0.6601936 -0.45178497 0.74344147 -0.43238513 -0.23712490 0.003656 1789355278.226290941 102.257 78.732 0.023 0.00000 -1 ACTUAL_TF
31.0968 0.0318885 -1.6606551 0.6601949 -0.45178382 0.74344272 -0.43238802 -0.23711789 0.003499 1789355278.282355547 102.431 78.558 0.022 0.00000 -1 ACTUAL_TF
31.1457 0.0318841 -1.6604374 0.6601905 -0.45179100 0.74344153 -0.43238373 -0.23711579 0.003616 1789355278.338354349 102.649 78.340 0.031 0.00000 -1 ACTUAL_TF
31.2021 0.0318739 -1.6602494 0.6601951 -0.45178755 0.74344284 -0.43238520 -0.23711556 0.003536 1789355278.394581079 102.837 78.152 0.029 0.00000 -1 ACTUAL_TF
31.2594 0.0318750 -1.6600336 0.6601977 -0.45178609 0.74344361 -0.43238750 -0.23711172 0.003636 1789355278.450361729 103.053 77.936 0.033 0.00000 -1 ACTUAL_TF
31.3118 0.0318684 -1.6598130 0.6602042 -0.45178600 0.74344233 -0.43239034 -0.23711074 0.003728 1789355278.506376743 103.274 77.715 0.031 0.00000 -1 ACTUAL_TF
31.3703 0.0318653 -1.6596594 0.6602167 -0.45177839 0.74343781 -0.43240327 -0.23711583 0.003434 1789355278.562446356 103.427 77.561 0.024 0.00000 -1 ACTUAL_TF
31.4232 0.0318493 -1.6594382 0.6602141 -0.45178491 0.74343807 -0.43239601 -0.23711583 0.003582 1789355278.618945360 103.649 77.340 0.025 0.00000 -1 ACTUAL_TF
31.4789 0.0318423 -1.6592687 0.6602170 -0.45177488 0.74344360 -0.43239944 -0.23711136 0.003425 1789355278.674399137 103.819 77.170 0.024 0.00000 -1 ACTUAL_TF
31.5403 0.0318284 -1.6590493 0.6602236 -0.45177464 0.74344244 -0.43240043 -0.23711364 0.003577 1789355278.730350256 104.038 76.950 0.020 0.00000 -1 ACTUAL_TF
31.5935 0.0318192 -1.6588980 0.6602397 -0.45176431 0.74343621 -0.43241706 -0.23712256 0.003318 1789355278.786518574 104.190 76.799 0.006 0.00000 -1 ACTUAL_TF
31.6462 0.0318202 -1.6586920 0.6602486 -0.45176444 0.74343062 -0.43242529 -0.23712482 0.003425 1789355278.842599392 104.396 76.593 0.008 0.00000 -1 ACTUAL_TF
31.7054 0.0318140 -1.6584802 0.6602538 -0.45176766 0.74342632 -0.43242781 -0.23712757 0.003537 1789355278.898422480 104.608 76.381 0.010 0.00000 -1 ACTUAL_TF
31.7629 0.0317960 -1.6582973 0.6602547 -0.45176451 0.74342858 -0.43242626 -0.23712928 0.003459 1789355278.954500437 104.792 76.197 0.002 0.00000 -1 ACTUAL_TF
31.8181 0.0317878 -1.6580950 0.6602592 -0.45176491 0.74342730 -0.43242785 -0.23712964 0.003509 1789355279.010370016 104.994 75.995 0.003 0.00000 -1 ACTUAL_TF
31.8669 0.0317826 -1.6579136 0.6602625 -0.45176617 0.74342804 -0.43242666 -0.23712710 0.003427 1789355279.066488028 105.176 75.813 0.002 0.00000 -1 ACTUAL_TF
31.9300 0.0317734 -1.6576976 0.6602607 -0.45177076 0.74342954 -0.43242032 -0.23712518 0.003559 1789355279.122383595 105.392 75.597 0.005 0.00000 -1 ACTUAL_TF
31.9908 0.0317672 -1.6575270 0.6602636 -0.45176638 0.74343170 -0.43242193 -0.23712386 0.003404 1789355279.178466082 105.562 75.426 0.005 0.00000 -1 ACTUAL_TF
32.0429 0.0317624 -1.6573114 0.6602675 -0.45177010 0.74343157 -0.43241930 -0.23712194 0.003538 1789355279.234493494 105.778 75.211 0.004 0.00000 -1 ACTUAL_TF
32.0961 0.0317487 -1.6571361 0.6602735 -0.45177038 0.74342741 -0.43242279 -0.23712811 0.003420 1789355279.290471792 105.954 75.035 0.008 0.00000 -1 ACTUAL_TF
32.1559 0.0317417 -1.6569215 0.6602665 -0.45177591 0.74343060 -0.43241380 -0.23712395 0.003545 1789355279.346452236 106.168 74.820 0.013 0.00000 -1 ACTUAL_TF
32.2064 0.0317375 -1.6567136 0.6602757 -0.45177207 0.74342734 -0.43242234 -0.23712592 0.003597 1789355279.402406216 106.376 74.612 0.007 0.00000 -1 ACTUAL_TF
32.2666 0.0317359 -1.6565267 0.6602771 -0.45178022 0.74342265 -0.43242171 -0.23712625 0.003520 1789355279.458407164 106.563 74.426 0.007 0.00000 -1 ACTUAL_TF
32.3188 0.0317303 -1.6563048 0.6602765 -0.45177923 0.74342637 -0.43241906 -0.23712130 0.003652 1789355279.514427423 106.785 74.204 0.012 0.00000 -1 ACTUAL_TF
32.3824 0.0317251 -1.6561429 0.6602847 -0.45177830 0.74342204 -0.43242570 -0.23712455 0.003424 1789355279.570551395 106.947 74.042 0.007 0.00000 -1 ACTUAL_TF
32.4281 0.0317189 -1.6559324 0.6602917 -0.45177541 0.74342039 -0.43243050 -0.23712648 0.003531 1789355279.626267195 107.158 73.831 0.006 0.00000 -1 ACTUAL_TF
32.4905 0.0317069 -1.6557349 0.6602844 -0.45178463 0.74342268 -0.43241880 -0.23712309 0.003530 1789355279.682423353 107.356 73.633 0.013 0.00000 -1 ACTUAL_TF
32.5418 0.0317014 -1.6555256 0.6602892 -0.45178129 0.74342352 -0.43242226 -0.23712051 0.003593 1789355279.738395929 107.565 73.424 0.012 0.00000 -1 ACTUAL_TF
32.6087 0.0316882 -1.6553352 0.6602857 -0.45178725 0.74342462 -0.43241368 -0.23712133 0.003538 1789355279.794376373 107.756 73.233 0.018 0.00000 -1 ACTUAL_TF
32.6619 0.0316871 -1.6551295 0.6602921 -0.45178876 0.74342142 -0.43241796 -0.23712068 0.003577 1789355279.850478888 107.961 73.027 0.015 0.00000 -1 ACTUAL_TF
32.7088 0.0316813 -1.6549347 0.6603046 -0.45178337 0.74341705 -0.43242824 -0.23712588 0.003552 1789355279.906411171 108.156 72.832 0.007 0.00000 -1 ACTUAL_TF
32.7766 0.0316690 -1.6547412 0.6603012 -0.45179103 0.74341704 -0.43242074 -0.23712503 0.003527 1789355279.962296486 108.350 72.639 0.012 0.00000 -1 ACTUAL_TF
32.8313 0.0316623 -1.6545369 0.6603085 -0.45180195 0.74340707 -0.43242237 -0.23713248 0.003564 1789355280.018347025 108.555 72.434 0.008 0.00000 -1 ACTUAL_TF
32.8864 0.0316510 -1.6543519 0.6603067 -0.45180317 0.74340995 -0.43241768 -0.23712969 0.003484 1789355280.074526787 108.740 72.249 0.014 0.00000 -1 ACTUAL_TF
32.9444 0.0316415 -1.6541497 0.6603179 -0.45179860 0.74340606 -0.43242613 -0.23713519 0.003524 1789355280.130581856 108.942 72.046 0.009 0.00000 -1 ACTUAL_TF
32.9905 0.0316318 -1.6539580 0.6603170 -0.45180667 0.74340361 -0.43242105 -0.23713675 0.003499 1789355280.186389685 109.134 71.854 0.014 0.00000 -1 ACTUAL_TF
33.0522 0.0316242 -1.6537471 0.6603224 -0.45180786 0.74339826 -0.43242670 -0.23714095 0.003578 1789355280.242491961 109.345 71.643 0.013 0.00000 -1 ACTUAL_TF
33.1072 0.0316188 -1.6535592 0.6603413 -0.45180280 0.74338818 -0.43244413 -0.23715039 0.003515 1789355280.298587561 109.534 71.455 0.012 0.00000 -1 ACTUAL_TF
33.1608 0.0316258 -1.6533972 0.6603466 -0.45180014 0.74338832 -0.43244871 -0.23714669 0.003332 1789355280.354474545 109.696 71.293 0.012 0.00000 -1 ACTUAL_TF
33.2185 0.0316160 -1.6531867 0.6603506 -0.45180295 0.74338651 -0.43244805 -0.23714819 0.003462 1789355280.410444021 109.906 71.083 0.012 0.00000 -1 ACTUAL_TF
33.2809 0.0316097 -1.6529994 0.6603513 -0.45180617 0.74338595 -0.43244602 -0.23714752 0.003425 1789355280.466542959 110.094 70.895 0.009 0.00000 -1 ACTUAL_TF
33.3308 0.0316033 -1.6527788 0.6603485 -0.45180674 0.74338867 -0.43244297 -0.23714349 0.003583 1789355280.522399426 110.314 70.675 0.004 0.00000 -1 ACTUAL_TF
33.3825 0.0316065 -1.6525915 0.6603468 -0.45181752 0.74338909 -0.43243449 -0.23713710 0.003512 1789355280.578392744 110.501 70.488 0.013 0.00000 -1 ACTUAL_TF
33.4507 0.0316161 -1.6523953 0.6603529 -0.45181596 0.74338915 -0.43243897 -0.23713170 0.003509 1789355280.634483099 110.697 70.292 0.030 0.00000 -1 ACTUAL_TF
33.4967 0.0316073 -1.6522081 0.6603537 -0.45182051 0.74338780 -0.43243559 -0.23713345 0.003462 1789355280.690400362 110.884 70.104 0.028 0.00000 -1 ACTUAL_TF
33.5541 0.0315955 -1.6519993 0.6603603 -0.45181950 0.74338940 -0.43243429 -0.23713272 0.003545 1789355280.746348143 111.094 69.895 0.024 0.00000 -1 ACTUAL_TF
33.6104 0.0315868 -1.6517719 0.6603582 -0.45182133 0.74339347 -0.43242819 -0.23712760 0.003697 1789355280.802514076 111.321 69.668 0.023 0.00000 -1 ACTUAL_TF
33.6596 0.0315805 -1.6516103 0.6603715 -0.45181564 0.74339091 -0.43243677 -0.23713082 0.003459 1789355280.858422995 111.483 69.506 0.024 0.00000 -1 ACTUAL_TF
33.7197 0.0315688 -1.6513956 0.6603746 -0.45181509 0.74339216 -0.43243504 -0.23713111 0.003575 1789355280.914326191 111.698 69.291 0.020 0.00000 -1 ACTUAL_TF
33.7789 0.0315690 -1.6512204 0.6603761 -0.45182162 0.74338979 -0.43243331 -0.23712923 0.003441 1789355280.970344543 111.873 69.116 0.026 0.00000 -1 ACTUAL_TF
33.8396 0.0315532 -1.6509980 0.6603803 -0.45181835 0.74339139 -0.43243336 -0.23713035 0.003602 1789355281.026378155 112.096 68.893 0.018 0.00000 -1 ACTUAL_TF
33.8906 0.0315518 -1.6508266 0.6603777 -0.45182242 0.74339169 -0.43243038 -0.23712710 0.003440 1789355281.082386971 112.267 68.722 0.022 0.00000 -1 ACTUAL_TF
33.9401 0.0315371 -1.6506047 0.6603796 -0.45182133 0.74339420 -0.43242736 -0.23712683 0.003601 1789355281.138318777 112.490 68.499 0.015 0.00000 -1 ACTUAL_TF
33.9977 0.0315188 -1.6503807 0.6603748 -0.45182167 0.74339915 -0.43241987 -0.23712430 0.003724 1789355281.194347858 112.714 68.275 0.012 0.00000 -1 ACTUAL_TF
34.0607 0.0315077 -1.6502141 0.6603849 -0.45181814 0.74339520 -0.43242673 -0.23713090 0.003503 1789355281.250361919 112.881 68.108 0.003 0.00000 -1 ACTUAL_TF
34.1078 0.0314952 -1.6500062 0.6603900 -0.45182100 0.74338996 -0.43242976 -0.23713634 0.003568 1789355281.306385279 113.089 67.900 0.005 0.00000 -1 ACTUAL_TF
34.1684 0.0314870 -1.6498257 0.6603939 -0.45181617 0.74339214 -0.43243135 -0.23713583 0.003465 1789355281.362406969 113.270 67.719 0.007 0.00000 -1 ACTUAL_TF
34.2185 0.0314741 -1.6496180 0.6604001 -0.45181564 0.74339117 -0.43243309 -0.23713672 0.003542 1789355281.418345690 113.478 67.511 0.012 0.00000 -1 ACTUAL_TF
34.2795 0.0314596 -1.6494317 0.6604038 -0.45181670 0.74338963 -0.43243242 -0.23714072 0.003477 1789355281.474543333 113.665 67.324 0.020 0.00000 -1 ACTUAL_TF
34.3447 0.0314521 -1.6492126 0.6604030 -0.45181833 0.74339057 -0.43243038 -0.23713842 0.003611 1789355281.530417442 113.884 67.105 0.020 0.00000 -1 ACTUAL_TF
34.3975 0.0314483 -1.6490066 0.6604086 -0.45181694 0.74338794 -0.43243596 -0.23713912 0.003571 1789355281.589678526 114.090 66.899 0.016 0.00000 -1 ACTUAL_TF
34.4511 0.0314469 -1.6488427 0.6604145 -0.45181317 0.74338869 -0.43243899 -0.23713844 0.003431 1789355281.642540693 114.254 66.735 0.012 0.00000 -1 ACTUAL_TF
34.4993 0.0314420 -1.6486369 0.6604245 -0.45181272 0.74338439 -0.43244554 -0.23714080 0.003509 1789355281.698365450 114.460 66.529 0.014 0.00000 -1 ACTUAL_TF
34.5551 0.0314350 -1.6484510 0.6604273 -0.45181288 0.74338457 -0.43244503 -0.23714088 0.003454 1789355281.754302025 114.646 66.343 0.014 0.00000 -1 ACTUAL_TF
34.6103 0.0314256 -1.6482460 0.6604397 -0.45180445 0.74338289 -0.43245552 -0.23714308 0.003520 1789355281.810280800 114.851 66.138 0.023 0.00000 -1 ACTUAL_TF
34.6741 0.0314203 -1.6480735 0.6604474 -0.45180744 0.74338044 -0.43245593 -0.23714432 0.003384 1789355281.866595268 115.024 65.965 0.027 0.00000 -1 ACTUAL_TF
34.7256 0.0314131 -1.6478717 0.6604534 -0.45180435 0.74337891 -0.43246118 -0.23714543 0.003456 1789355281.922335625 115.226 65.763 0.029 0.00000 -1 ACTUAL_TF
34.7823 0.0314109 -1.6476992 0.6604545 -0.45180160 0.74338333 -0.43245884 -0.23714108 0.003343 1789355281.978343248 115.398 65.590 0.026 0.00000 -1 ACTUAL_TF
34.8407 0.0314058 -1.6474765 0.6604517 -0.45180989 0.74338238 -0.43245306 -0.23713880 0.003533 1789355282.034377813 115.621 65.368 0.019 0.00000 -1 ACTUAL_TF
34.8932 0.0314082 -1.6472585 0.6604515 -0.45180980 0.74338440 -0.43245259 -0.23713351 0.003637 1789355282.090548992 115.839 65.150 0.016 0.00000 -1 ACTUAL_TF
34.9494 0.0314054 -1.6470701 0.6604456 -0.45181357 0.74338785 -0.43244644 -0.23712673 0.003559 1789355282.146400213 116.027 64.962 0.012 0.00000 -1 ACTUAL_TF
35.0082 0.0313969 -1.6468551 0.6604446 -0.45181276 0.74338806 -0.43244683 -0.23712689 0.003644 1789355282.202404499 116.242 64.747 0.010 0.00000 -1 ACTUAL_TF
35.0730 0.0313945 -1.6466615 0.6604417 -0.45181975 0.74338949 -0.43243969 -0.23712212 0.003587 1789355282.258458138 116.436 64.553 0.015 0.00000 -1 ACTUAL_TF
35.1206 0.0313839 -1.6464535 0.6604435 -0.45181755 0.74338838 -0.43244309 -0.23712358 0.003626 1789355282.314483404 116.644 64.345 0.013 0.00000 -1 ACTUAL_TF
35.1742 0.0313776 -1.6462960 0.6604546 -0.45181343 0.74338493 -0.43245060 -0.23712854 0.003386 1789355282.370426893 116.802 64.187 0.011 0.00000 -1 ACTUAL_TF
35.2339 0.0313646 -1.6460716 0.6604485 -0.45181608 0.74339065 -0.43244098 -0.23712311 0.003575 1789355282.426417112 117.026 63.962 0.009 0.00000 -1 ACTUAL_TF
35.2902 0.0313581 -1.6458912 0.6604567 -0.45181721 0.74338581 -0.43244623 -0.23712656 0.003472 1789355282.482341766 117.207 63.782 0.006 0.00000 -1 ACTUAL_TF
35.3419 0.0313481 -1.6456711 0.6604512 -0.45181962 0.74338840 -0.43244046 -0.23712438 0.003607 1789355282.538531542 117.427 63.562 0.012 0.00000 -1 ACTUAL_TF
35.3993 0.0313426 -1.6454625 0.6604594 -0.45182032 0.74338559 -0.43244413 -0.23712514 0.003647 1789355282.594349146 117.636 63.353 0.008 0.00000 -1 ACTUAL_TF
35.4540 0.0313369 -1.6452743 0.6604581 -0.45182659 0.74338643 -0.43243767 -0.23712235 0.003561 1789355282.650384665 117.824 63.165 0.013 0.00000 -1 ACTUAL_TF
35.5100 0.0313311 -1.6450857 0.6604685 -0.45182567 0.74338049 -0.43244558 -0.23712831 0.003508 1789355282.706232309 118.013 62.976 0.008 0.00000 -1 ACTUAL_TF
35.5683 0.0313145 -1.6448837 0.6604602 -0.45182869 0.74338632 -0.43243413 -0.23712518 0.003541 1789355282.762306452 118.215 62.774 0.015 0.00000 -1 ACTUAL_TF
35.6216 0.0313056 -1.6446844 0.6604750 -0.45182702 0.74337612 -0.43244776 -0.23713545 0.003548 1789355282.818441391 118.415 62.574 0.005 0.00000 -1 ACTUAL_TF
35.6806 0.0312976 -1.6445223 0.6604934 -0.45182205 0.74336632 -0.43246436 -0.23714537 0.003361 1789355282.874316931 118.578 62.411 0.013 0.00000 -1 ACTUAL_TF
35.7376 0.0312935 -1.6443166 0.6604976 -0.45182027 0.74336618 -0.43246683 -0.23714468 0.003454 1789355282.930342436 118.783 62.206 0.013 0.00000 -1 ACTUAL_TF
35.7898 0.0312839 -1.6441209 0.6604907 -0.45182779 0.74336833 -0.43245705 -0.23714146 0.003468 1789355282.986346006 118.979 62.010 0.006 0.00000 -1 ACTUAL_TF
35.8506 0.0312831 -1.6439326 0.6605094 -0.45182527 0.74335884 -0.43247241 -0.23714801 0.003439 1789355283.042464733 119.168 61.821 0.018 0.00000 -1 ACTUAL_TF
35.8994 0.0312728 -1.6437134 0.6605080 -0.45181964 0.74336300 -0.43247214 -0.23714620 0.003584 1789355283.098426819 119.387 61.602 0.013 0.00000 -1 ACTUAL_TF
35.9597 0.0312621 -1.6435346 0.6605143 -0.45182135 0.74335999 -0.43247380 -0.23714931 0.003470 1789355283.154350281 119.566 61.423 0.018 0.00000 -1 ACTUAL_TF
36.0200 0.0312638 -1.6433193 0.6605232 -0.45182265 0.74335333 -0.43248258 -0.23715173 0.003582 1789355283.210437298 119.781 61.208 0.022 0.00000 -1 ACTUAL_TF
36.0749 0.0312616 -1.6431533 0.6605292 -0.45181724 0.74335269 -0.43248953 -0.23715137 0.003395 1789355283.266588926 119.947 61.041 0.026 0.00000 -1 ACTUAL_TF
36.1249 0.0312595 -1.6429320 0.6605288 -0.45181535 0.74335678 -0.43248836 -0.23714428 0.003565 1789355283.322434425 120.169 60.820 0.025 0.00000 -1 ACTUAL_TF
36.1852 0.0312493 -1.6427409 0.6605235 -0.45182785 0.74335482 -0.43247846 -0.23714467 0.003521 1789355283.378471136 120.360 60.629 0.016 0.00000 -1 ACTUAL_TF
36.2421 0.0312584 -1.6425436 0.6605262 -0.45182193 0.74335959 -0.43248116 -0.23713605 0.003523 1789355283.434467793 120.557 60.432 0.029 0.00000 -1 ACTUAL_TF
36.2946 0.0312432 -1.6423192 0.6605209 -0.45183056 0.74336164 -0.43246982 -0.23713386 0.003672 1789355283.490438700 120.781 60.207 0.019 0.00000 -1 ACTUAL_TF
36.3588 0.0312312 -1.6421096 0.6605149 -0.45183839 0.74336560 -0.43245705 -0.23712981 0.003696 1789355283.546394587 120.991 59.998 0.016 0.00000 -1 ACTUAL_TF
36.4122 0.0312232 -1.6418942 0.6605135 -0.45184364 0.74336658 -0.43245084 -0.23712808 0.003741 1789355283.602447987 121.207 59.782 0.018 0.00000 -1 ACTUAL_TF
36.4646 0.0312231 -1.6417285 0.6605175 -0.45183765 0.74336851 -0.43245561 -0.23712475 0.003507 1789355283.658404350 121.372 59.617 0.022 0.00000 -1 ACTUAL_TF
36.5272 0.0312195 -1.6415278 0.6605272 -0.45184210 0.74336012 -0.43246201 -0.23713090 0.003529 1789355283.714549065 121.573 59.416 0.024 0.00000 -1 ACTUAL_TF
36.5912 0.0312196 -1.6413500 0.6605282 -0.45184456 0.74336234 -0.43245852 -0.23712561 0.003425 1789355283.770410061 121.751 59.238 0.031 0.00000 -1 ACTUAL_TF
36.6399 0.0312098 -1.6411367 0.6605340 -0.45184731 0.74335812 -0.43246139 -0.23712838 0.003541 1789355283.826469421 121.964 59.025 0.028 0.00000 -1 ACTUAL_TF
36.6905 0.0311913 -1.6409038 0.6605265 -0.45185007 0.74336578 -0.43244810 -0.23712332 0.003731 1789355283.882462978 122.198 58.791 0.023 0.00000 -1 ACTUAL_TF
36.7441 0.0311849 -1.6407206 0.6605289 -0.45185144 0.74336403 -0.43244957 -0.23712354 0.003596 1789355283.938342333 122.381 58.608 0.023 0.00000 -1 ACTUAL_TF
36.8033 0.0311777 -1.6405037 0.6605292 -0.45185353 0.74336568 -0.43244643 -0.23712010 0.003680 1789355283.994308710 122.598 58.391 0.026 0.00000 -1 ACTUAL_TF
36.8548 0.0311669 -1.6403362 0.6605331 -0.45185625 0.74336229 -0.43244729 -0.23712395 0.003472 1789355284.050576210 122.766 58.223 0.022 0.00000 -1 ACTUAL_TF
36.9152 0.0311609 -1.6401237 0.6605346 -0.45185480 0.74336509 -0.43244579 -0.23712068 0.003572 1789355284.106412411 122.978 58.010 0.024 0.00000 -1 ACTUAL_TF
36.9650 0.0311602 -1.6399501 0.6605352 -0.45185750 0.74336493 -0.43244472 -0.23711801 0.003429 1789355284.162471533 123.152 57.837 0.030 0.00000 -1 ACTUAL_TF
37.0204 0.0311510 -1.6397426 0.6605404 -0.45185461 0.74336534 -0.43244745 -0.23711727 0.003517 1789355284.218312025 123.360 57.629 0.027 0.00000 -1 ACTUAL_TF
37.0819 0.0311382 -1.6395435 0.6605426 -0.45186121 0.74336010 -0.43244737 -0.23712124 0.003530 1789355284.274339676 123.559 57.430 0.025 0.00000 -1 ACTUAL_TF
37.1325 0.0311324 -1.6393308 0.6605501 -0.45186055 0.74335681 -0.43245264 -0.23712321 0.003609 1789355284.330493450 123.772 57.217 0.023 0.00000 -1 ACTUAL_TF
37.1928 0.0311359 -1.6391374 0.6605594 -0.45186095 0.74335219 -0.43245960 -0.23712423 0.003566 1789355284.386367798 123.965 57.024 0.028 0.00000 -1 ACTUAL_TF
37.2476 0.0311221 -1.6389512 0.6605610 -0.45186021 0.74335269 -0.43245862 -0.23712585 0.003496 1789355284.442357302 124.152 56.837 0.022 0.00000 -1 ACTUAL_TF
37.3046 0.0311105 -1.6387451 0.6605632 -0.45185867 0.74335228 -0.43246000 -0.23712755 0.003554 1789355284.498307228 124.358 56.631 0.019 0.00000 -1 ACTUAL_TF
37.3686 0.0311049 -1.6385777 0.6605712 -0.45185599 0.74334876 -0.43246735 -0.23713031 0.003386 1789355284.554365873 124.526 56.463 0.017 0.00000 -1 ACTUAL_TF
37.4250 0.0310956 -1.6383517 0.6605786 -0.45186340 0.74334032 -0.43247134 -0.23713535 0.003580 1789355284.610477448 124.752 56.237 0.014 0.00000 -1 ACTUAL_TF
37.4796 0.0310896 -1.6381749 0.6605885 -0.45185862 0.74333903 -0.43247774 -0.23713681 0.003458 1789355284.666314125 124.929 56.060 0.014 0.00000 -1 ACTUAL_TF
37.5364 0.0310798 -1.6379672 0.6605957 -0.45185559 0.74333498 -0.43248546 -0.23714122 0.003532 1789355284.722453356 125.137 55.852 0.014 0.00000 -1 ACTUAL_TF
37.5870 0.0310772 -1.6377720 0.6606052 -0.45185492 0.74333091 -0.43249182 -0.23714365 0.003513 1789355284.778790712 125.332 55.656 0.021 0.00000 -1 ACTUAL_TF
37.6376 0.0310614 -1.6375936 0.6606133 -0.45185483 0.74333125 -0.43248995 -0.23714618 0.003426 1789355284.834412336 125.511 55.477 0.020 0.00000 -1 ACTUAL_TF
37.7003 0.0310512 -1.6373667 0.6606037 -0.45186315 0.74333562 -0.43247714 -0.23713998 0.003616 1789355284.890426397 125.738 55.251 0.007 0.00000 -1 ACTUAL_TF
37.7526 0.0310422 -1.6371827 0.6605997 -0.45186274 0.74334161 -0.43246991 -0.23713519 0.003519 1789355284.946344137 125.922 55.067 0.003 0.00000 -1 ACTUAL_TF
37.8085 0.0310291 -1.6369741 0.6606043 -0.45186046 0.74334276 -0.43246945 -0.23713677 0.003585 1789355285.002306461 126.131 54.857 0.003 0.00000 -1 ACTUAL_TF
37.8694 0.0310140 -1.6367737 0.6605921 -0.45186586 0.74334932 -0.43245572 -0.23713095 0.003587 1789355285.058323145 126.332 54.657 0.020 0.00000 -1 ACTUAL_TF
37.9198 0.0310126 -1.6365831 0.6605999 -0.45185855 0.74335154 -0.43246104 -0.23712822 0.003531 1789355285.114448547 126.523 54.466 0.013 0.00000 -1 ACTUAL_TF
37.9810 0.0309922 -1.6363870 0.6605920 -0.45186318 0.74335758 -0.43244709 -0.23712589 0.003521 1789355285.170878649 126.719 54.270 0.030 0.00000 -1 ACTUAL_TF
38.0294 0.0309829 -1.6361795 0.6605938 -0.45186100 0.74335858 -0.43244851 -0.23712434 0.003588 1789355285.226303101 126.927 54.062 0.032 0.00000 -1 ACTUAL_TF
38.0870 0.0309731 -1.6359761 0.6606095 -0.45185056 0.74335467 -0.43246288 -0.23713028 0.003606 1789355285.282326937 127.131 53.858 0.026 0.00000 -1 ACTUAL_TF
38.1438 0.0309656 -1.6357802 0.6606028 -0.45185414 0.74336363 -0.43244872 -0.23712119 0.003575 1789355285.338307619 127.327 53.662 0.032 0.00000 -1 ACTUAL_TF
38.1966 0.0309594 -1.6355730 0.6606057 -0.45185148 0.74336386 -0.43245154 -0.23712040 0.003611 1789355285.394432545 127.534 53.455 0.032 0.00000 -1 ACTUAL_TF
38.2535 0.0309657 -1.6354040 0.6606097 -0.45185182 0.74336297 -0.43245489 -0.23711640 0.003435 1789355285.450352907 127.703 53.286 0.024 0.00000 -1 ACTUAL_TF
38.3085 0.0309523 -1.6351954 0.6606102 -0.45185423 0.74336231 -0.43245254 -0.23711819 0.003524 1789355285.506376743 127.912 53.077 0.029 0.00000 -1 ACTUAL_TF
38.3685 0.0309348 -1.6350080 0.6606078 -0.45185377 0.74336706 -0.43244553 -0.23711694 0.003476 1789355285.562309742 128.099 52.889 0.040 0.00000 -1 ACTUAL_TF
38.4289 0.0309293 -1.6347955 0.6606165 -0.45185057 0.74336526 -0.43245178 -0.23711730 0.003572 1789355285.618358374 128.312 52.677 0.035 0.00000 -1 ACTUAL_TF
38.4733 0.0309141 -1.6345993 0.6606128 -0.45185415 0.74336855 -0.43244381 -0.23711471 0.003554 1789355285.674422503 128.509 52.480 0.046 0.00000 -1 ACTUAL_TF
38.5299 0.0309127 -1.6344007 0.6606245 -0.45184800 0.74336322 -0.43245759 -0.23711801 0.003553 1789355285.730448723 128.707 52.282 0.036 0.00000 -1 ACTUAL_TF
38.5868 0.0309089 -1.6341941 0.6606291 -0.45185041 0.74335922 -0.43246096 -0.23711979 0.003596 1789355285.786389589 128.914 52.075 0.032 0.00000 -1 ACTUAL_TF
38.6453 0.0309188 -1.6340311 0.6606393 -0.45184944 0.74335364 -0.43247190 -0.23711917 0.003394 1789355285.842335224 129.077 51.912 0.016 0.00000 -1 ACTUAL_TF
38.7068 0.0309139 -1.6338077 0.6606420 -0.45185460 0.74335217 -0.43246986 -0.23711766 0.003570 1789355285.898499250 129.300 51.689 0.016 0.00000 -1 ACTUAL_TF
38.7643 0.0309041 -1.6336317 0.6606484 -0.45185352 0.74334968 -0.43247402 -0.23711996 0.003444 1789355285.954470158 129.476 51.512 0.014 0.00000 -1 ACTUAL_TF
38.8138 0.0309010 -1.6334261 0.6606602 -0.45185071 0.74334219 -0.43248652 -0.23712599 0.003516 1789355286.010391712 129.682 51.307 0.005 0.00000 -1 ACTUAL_TF
38.8690 0.0308941 -1.6332339 0.6606592 -0.45185849 0.74334076 -0.43248158 -0.23712465 0.003492 1789355286.066368580 129.874 51.114 0.008 0.00000 -1 ACTUAL_TF
38.9299 0.0308822 -1.6330365 0.6606779 -0.45185530 0.74333026 -0.43249635 -0.23713669 0.003508 1789355286.122409821 130.072 50.916 0.012 0.00000 -1 ACTUAL_TF
38.9822 0.0308764 -1.6328241 0.6606802 -0.45185906 0.74332757 -0.43249670 -0.23713733 0.003594 1789355286.178375244 130.285 50.704 0.010 0.00000 -1 ACTUAL_TF
39.0439 0.0308741 -1.6326542 0.6606838 -0.45186038 0.74332375 -0.43250122 -0.23713856 0.003427 1789355286.234357119 130.455 50.534 0.008 0.00000 -1 ACTUAL_TF
39.0988 0.0308670 -1.6324479 0.6606896 -0.45186228 0.74332227 -0.43250158 -0.23713891 0.003507 1789355286.290275097 130.661 50.328 0.010 0.00000 -1 ACTUAL_TF
39.1517 0.0308555 -1.6322627 0.6606955 -0.45186702 0.74331949 -0.43249979 -0.23714186 0.003448 1789355286.346376181 130.847 50.142 0.015 0.00000 -1 ACTUAL_TF
39.2112 0.0308450 -1.6320303 0.6606881 -0.45187267 0.74332423 -0.43248895 -0.23713602 0.003660 1789355286.402397871 131.079 49.910 0.010 0.00000 -1 ACTUAL_TF
39.2681 0.0308444 -1.6318530 0.6606901 -0.45187564 0.74332379 -0.43248766 -0.23713408 0.003513 1789355286.458316326 131.257 49.732 0.004 0.00000 -1 ACTUAL_TF
39.3178 0.0308323 -1.6316390 0.6606902 -0.45187913 0.74332345 -0.43248380 -0.23713554 0.003606 1789355286.514362097 131.471 49.518 0.009 0.00000 -1 ACTUAL_TF
39.3793 0.0308437 -1.6314737 0.6607004 -0.45187971 0.74332027 -0.43249068 -0.23713183 0.003414 1789355286.570346594 131.636 49.353 0.010 0.00000 -1 ACTUAL_TF
39.4380 0.0308340 -1.6312686 0.6607151 -0.45187227 0.74332231 -0.43249567 -0.23713055 0.003489 1789355286.626533747 131.841 49.148 0.017 0.00000 -1 ACTUAL_TF
39.4930 0.0308208 -1.6310310 0.6607066 -0.45188845 0.74332168 -0.43248003 -0.23713021 0.003720 1789355286.682421446 132.079 48.910 0.004 0.00000 -1 ACTUAL_TF
39.5440 0.0308167 -1.6308726 0.6607150 -0.45187437 0.74332630 -0.43248836 -0.23712735 0.003456 1789355286.738313913 132.238 48.751 0.010 0.00000 -1 ACTUAL_TF
39.5986 0.0308157 -1.6306355 0.6607050 -0.45188446 0.74332824 -0.43247783 -0.23712126 0.003690 1789355286.794341087 132.474 48.514 0.012 0.00000 -1 ACTUAL_TF
39.6623 0.0308126 -1.6304671 0.6607102 -0.45188250 0.74332528 -0.43248385 -0.23712326 0.003483 1789355286.850473166 132.643 48.346 0.014 0.00000 -1 ACTUAL_TF
39.7178 0.0308105 -1.6302399 0.6607009 -0.45189126 0.74333053 -0.43247063 -0.23711424 0.003656 1789355286.906513929 132.870 48.119 0.025 0.00000 -1 ACTUAL_TF
39.7713 0.0308164 -1.6300736 0.6607098 -0.45188916 0.74332437 -0.43248232 -0.23711624 0.003451 1789355286.962554932 133.036 47.953 0.033 0.00000 -1 ACTUAL_TF
39.8241 0.0307971 -1.6298339 0.6606937 -0.45189748 0.74333288 -0.43246226 -0.23711028 0.003704 1789355287.018682480 133.276 47.713 0.036 0.00000 -1 ACTUAL_TF
39.8858 0.0307919 -1.6296275 0.6606993 -0.45190145 0.74332788 -0.43246525 -0.23711295 0.003703 1789355287.074480295 133.482 47.507 0.035 0.00000 -1 ACTUAL_TF
39.9425 0.0307887 -1.6294605 0.6607059 -0.45189899 0.74332414 -0.43247271 -0.23711574 0.003487 1789355287.130503178 133.649 47.339 0.035 0.00000 -1 ACTUAL_TF
39.9960 0.0307800 -1.6292507 0.6607138 -0.45189839 0.74331964 -0.43247862 -0.23712023 0.003555 1789355287.187103271 133.860 47.129 0.031 0.00000 -1 ACTUAL_TF
40.0469 0.0307653 -1.6290653 0.6607150 -0.45189995 0.74332090 -0.43247454 -0.23712077 0.003498 1789355287.242362022 134.045 46.944 0.026 0.00000 -1 ACTUAL_TF
40.0990 0.0307568 -1.6288584 0.6607194 -0.45190027 0.74331925 -0.43247647 -0.23712179 0.003557 1789355287.298426390 134.252 46.736 0.025 0.00000 -1 ACTUAL_TF
40.1612 0.0307454 -1.6286774 0.6607255 -0.45190406 0.74331476 -0.43247768 -0.23712642 0.003463 1789355287.354375124 134.434 46.555 0.019 0.00000 -1 ACTUAL_TF
40.2121 0.0307392 -1.6284595 0.6607308 -0.45189747 0.74331937 -0.43247913 -0.23712191 0.003594 1789355287.410282612 134.652 46.337 0.019 0.00000 -1 ACTUAL_TF
40.2775 0.0307316 -1.6282936 0.6607376 -0.45189371 0.74331641 -0.43248614 -0.23712555 0.003403 1789355287.466481209 134.818 46.171 0.015 0.00000 -1 ACTUAL_TF
40.3255 0.0307340 -1.6280889 0.6607496 -0.45189123 0.74330980 -0.43249836 -0.23712872 0.003484 1789355287.522325993 135.023 45.966 0.021 0.00000 -1 ACTUAL_TF
40.3926 0.0307240 -1.6278977 0.6607660 -0.45188778 0.74330284 -0.43250997 -0.23713594 0.003467 1789355287.578413010 135.214 45.775 0.021 0.00000 -1 ACTUAL_TF
40.4420 0.0307067 -1.6277048 0.6607661 -0.45188755 0.74330619 -0.43250490 -0.23713513 0.003465 1789355287.634358168 135.408 45.581 0.011 0.00000 -1 ACTUAL_TF
40.5001 0.0306983 -1.6274965 0.6607757 -0.45188497 0.74330173 -0.43251274 -0.23713969 0.003507 1789355287.692231417 135.616 45.373 0.016 0.00000 -1 ACTUAL_TF
40.5519 0.0306869 -1.6273055 0.6607759 -0.45189014 0.74330185 -0.43250784 -0.23713843 0.003514 1789355287.746453524 135.808 45.181 0.012 0.00000 -1 ACTUAL_TF
40.6097 0.0306907 -1.6270887 0.6607713 -0.45188583 0.74331181 -0.43250215 -0.23712577 0.003618 1789355287.802637100 136.024 44.965 0.014 0.00000 -1 ACTUAL_TF
40.6674 0.0306814 -1.6269260 0.6607783 -0.45189034 0.74330386 -0.43250671 -0.23713381 0.003409 1789355287.858445168 136.187 44.802 0.013 0.00000 -1 ACTUAL_TF
40.7321 0.0306869 -1.6267006 0.6607724 -0.45188976 0.74331253 -0.43250000 -0.23711998 0.003589 1789355287.914702654 136.412 44.577 0.023 0.00000 -1 ACTUAL_TF
40.7741 0.0306735 -1.6264894 0.6607787 -0.45188881 0.74331036 -0.43250269 -0.23712368 0.003653 1789355287.970384359 136.624 44.365 0.018 0.00000 -1 ACTUAL_TF
40.8388 0.0306667 -1.6263045 0.6607785 -0.45188985 0.74331083 -0.43250091 -0.23712347 0.003548 1789355288.026415825 136.809 44.180 0.018 0.00000 -1 ACTUAL_TF
40.8920 0.0306662 -1.6260968 0.6607805 -0.45189453 0.74330648 -0.43250337 -0.23712369 0.003596 1789355288.082422972 137.016 43.973 0.025 0.00000 -1 ACTUAL_TF
40.9505 0.0306652 -1.6259181 0.6607822 -0.45189856 0.74330647 -0.43250072 -0.23712091 0.003475 1789355288.138405085 137.195 43.794 0.030 0.00000 -1 ACTUAL_TF
40.9987 0.0306581 -1.6257226 0.6607906 -0.45189341 0.74330263 -0.43251020 -0.23712543 0.003477 1789355288.194630861 137.391 43.598 0.030 0.00000 -1 ACTUAL_TF
41.0570 0.0306507 -1.6255350 0.6607881 -0.45189695 0.74330376 -0.43250514 -0.23712436 0.003444 1789355288.250416040 137.578 43.411 0.030 0.00000 -1 ACTUAL_TF
41.1172 0.0306399 -1.6253280 0.6607958 -0.45189259 0.74330267 -0.43251027 -0.23712672 0.003522 1789355288.306404829 137.786 43.203 0.026 0.00000 -1 ACTUAL_TF
41.1694 0.0306290 -1.6251512 0.6608002 -0.45189725 0.74329995 -0.43250906 -0.23712860 0.003405 1789355288.362957716 137.963 43.026 0.021 0.00000 -1 ACTUAL_TF
41.2219 0.0306209 -1.6249391 0.6608000 -0.45189608 0.74330127 -0.43250806 -0.23712853 0.003532 1789355288.418441296 138.175 42.814 0.021 0.00000 -1 ACTUAL_TF
41.2841 0.0306051 -1.6247168 0.6607993 -0.45189673 0.74330462 -0.43250226 -0.23712733 0.003664 1789355288.474513292 138.398 42.591 0.015 0.00000 -1 ACTUAL_TF
41.3346 0.0305926 -1.6245242 0.6607945 -0.45190322 0.74330613 -0.43249365 -0.23712597 0.003604 1789355288.530263662 138.590 42.399 0.017 0.00000 -1 ACTUAL_TF
41.3905 0.0305878 -1.6243336 0.6608062 -0.45189920 0.74330172 -0.43250311 -0.23713019 0.003543 1789355288.586435556 138.781 42.208 0.011 0.00000 -1 ACTUAL_TF
41.4507 0.0305760 -1.6241593 0.6608114 -0.45189541 0.74330080 -0.43250731 -0.23713266 0.003417 1789355288.642416239 138.956 42.033 0.006 0.00000 -1 ACTUAL_TF
41.5035 0.0305565 -1.6239531 0.6608181 -0.45188868 0.74330222 -0.43251012 -0.23713588 0.003498 1789355288.698625088 139.163 41.826 0.008 0.00000 -1 ACTUAL_TF
41.5577 0.0305433 -1.6237591 0.6608147 -0.45189045 0.74330538 -0.43250411 -0.23713356 0.003494 1789355288.754451275 139.357 41.632 0.016 0.00000 -1 ACTUAL_TF
41.6182 0.0305268 -1.6235545 0.6608197 -0.45188887 0.74330257 -0.43250748 -0.23713926 0.003543 1789355288.810581684 139.562 41.427 0.024 0.00000 -1 ACTUAL_TF
41.6736 0.0305256 -1.6233541 0.6608328 -0.45188649 0.74329587 -0.43251911 -0.23714354 0.003559 1789355288.866431952 139.763 41.226 0.018 0.00000 -1 ACTUAL_TF
41.7290 0.0305299 -1.6231914 0.6608439 -0.45188495 0.74329158 -0.43252836 -0.23714308 0.003363 1789355288.922544003 139.925 41.064 0.015 0.00000 -1 ACTUAL_TF
41.7916 0.0305079 -1.6229512 0.6608404 -0.45188584 0.74329440 -0.43252194 -0.23714423 0.003648 1789355288.978479147 140.166 40.823 0.021 0.00000 -1 ACTUAL_TF
41.8458 0.0305091 -1.6227975 0.6608562 -0.45187957 0.74328876 -0.43253619 -0.23714789 0.003381 1789355289.034482956 140.320 40.669 0.023 0.00000 -1 ACTUAL_TF
41.8985 0.0304968 -1.6225695 0.6608565 -0.45188398 0.74328631 -0.43253473 -0.23714985 0.003590 1789355289.090519190 140.548 40.441 0.023 0.00000 -1 ACTUAL_TF
41.9533 0.0304922 -1.6224005 0.6608604 -0.45187851 0.74329102 -0.43253483 -0.23714528 0.003421 1789355289.146383047 140.717 40.272 0.023 0.00000 -1 ACTUAL_TF
42.0071 0.0304812 -1.6221754 0.6608572 -0.45187682 0.74329568 -0.43253077 -0.23714130 0.003601 1789355289.202425480 140.942 40.046 0.022 0.00000 -1 ACTUAL_TF
42.0651 0.0304795 -1.6219925 0.6608518 -0.45188429 0.74329792 -0.43252196 -0.23713614 0.003503 1789355289.258324146 141.125 39.864 0.015 0.00000 -1 ACTUAL_TF
42.1192 0.0304714 -1.6217708 0.6608506 -0.45188701 0.74330111 -0.43251639 -0.23713110 0.003639 1789355289.314390898 141.347 39.642 0.016 0.00000 -1 ACTUAL_TF
42.1847 0.0304634 -1.6215490 0.6608488 -0.45188882 0.74330265 -0.43251258 -0.23712978 0.003730 1789355289.370708704 141.569 39.420 0.018 0.00000 -1 ACTUAL_TF
42.2472 0.0304636 -1.6213650 0.6608528 -0.45188987 0.74330312 -0.43251283 -0.23712585 0.003602 1789355289.426393986 141.753 39.236 0.012 0.00000 -1 ACTUAL_TF
42.2819 0.0304632 -1.6211449 0.6608511 -0.45189451 0.74330301 -0.43251011 -0.23712232 0.003701 1789355289.482397079 141.973 39.016 0.014 0.00000 -1 ACTUAL_TF
42.3470 0.0304665 -1.6209749 0.6608580 -0.45189539 0.74329822 -0.43251706 -0.23712295 0.003500 1789355289.538527727 142.143 38.846 0.013 0.00000 -1 ACTUAL_TF
42.3973 0.0304596 -1.6207549 0.6608594 -0.45190129 0.74329735 -0.43251294 -0.23712199 0.003631 1789355289.594434023 142.363 38.626 0.015 0.00000 -1 ACTUAL_TF
42.4590 0.0304640 -1.6205948 0.6608664 -0.45190174 0.74329304 -0.43251960 -0.23712248 0.003402 1789355289.650331497 142.523 38.466 0.021 0.00000 -1 ACTUAL_TF
42.5156 0.0304547 -1.6203661 0.6608656 -0.45190637 0.74329495 -0.43251321 -0.23711934 0.003603 1789355289.706538200 142.751 38.238 0.022 0.00000 -1 ACTUAL_TF
42.5725 0.0304512 -1.6201634 0.6608770 -0.45190919 0.74328721 -0.43252068 -0.23712458 0.003612 1789355289.762469530 142.954 38.035 0.023 0.00000 -1 ACTUAL_TF
42.6319 0.0304419 -1.6199615 0.6608684 -0.45191515 0.74329327 -0.43250798 -0.23711736 0.003614 1789355289.818372250 143.156 37.833 0.026 0.00000 -1 ACTUAL_TF
42.6844 0.0304349 -1.6197538 0.6608706 -0.45191784 0.74329116 -0.43250818 -0.23711851 0.003642 1789355289.874425888 143.364 37.625 0.027 0.00000 -1 ACTUAL_TF
42.7404 0.0304263 -1.6195892 0.6608777 -0.45192415 0.74328312 -0.43251086 -0.23712680 0.003433 1789355289.930441141 143.529 37.460 0.022 0.00000 -1 ACTUAL_TF
42.7950 0.0304264 -1.6193834 0.6608868 -0.45191831 0.74328292 -0.43251850 -0.23712463 0.003504 1789355289.986587524 143.735 37.254 0.027 0.00000 -1 ACTUAL_TF
42.8467 0.0304234 -1.6192086 0.6608916 -0.45192073 0.74327932 -0.43252154 -0.23712574 0.003392 1789355290.042437315 143.910 37.079 0.029 0.00000 -1 ACTUAL_TF
42.9020 0.0304111 -1.6189934 0.6609021 -0.45191666 0.74327663 -0.43252857 -0.23712913 0.003533 1789355290.098344564 144.125 36.864 0.024 0.00000 -1 ACTUAL_TF
42.9583 0.0304064 -1.6188176 0.6609101 -0.45191608 0.74327488 -0.43253155 -0.23713028 0.003415 1789355290.154397726 144.301 36.688 0.027 0.00000 -1 ACTUAL_TF
43.0143 0.0303981 -1.6185957 0.6609053 -0.45191929 0.74327887 -0.43252450 -0.23712453 0.003580 1789355290.210407257 144.523 36.466 0.026 0.00000 -1 ACTUAL_TF
43.0705 0.0303853 -1.6183920 0.6609171 -0.45191700 0.74327418 -0.43253178 -0.23713029 0.003600 1789355290.266465664 144.727 36.262 0.021 0.00000 -1 ACTUAL_TF
43.1332 0.0303740 -1.6182252 0.6609246 -0.45191389 0.74327184 -0.43253649 -0.23713497 0.003419 1789355290.322311878 144.894 36.094 0.019 0.00000 -1 ACTUAL_TF
43.1834 0.0303721 -1.6180168 0.6609315 -0.45191474 0.74326969 -0.43253959 -0.23713443 0.003508 1789355290.378422499 145.103 35.886 0.025 0.00000 -1 ACTUAL_TF
43.2371 0.0303653 -1.6178476 0.6609378 -0.45191214 0.74326815 -0.43254372 -0.23713669 0.003362 1789355290.434538603 145.272 35.717 0.027 0.00000 -1 ACTUAL_TF
43.2985 0.0303582 -1.6176261 0.6609474 -0.45191443 0.74326257 -0.43254915 -0.23713988 0.003543 1789355290.490500212 145.494 35.495 0.032 0.00000 -1 ACTUAL_TF
43.3492 0.0303497 -1.6174302 0.6609452 -0.45192786 0.74325859 -0.43254142 -0.23714087 0.003533 1789355290.546380758 145.690 35.299 0.027 0.00000 -1 ACTUAL_TF
43.4112 0.0303449 -1.6172174 0.6609477 -0.45192354 0.74326396 -0.43254005 -0.23713479 0.003614 1789355290.602349758 145.903 35.086 0.029 0.00000 -1 ACTUAL_TF
43.4643 0.0303399 -1.6170176 0.6609492 -0.45193314 0.74325888 -0.43253719 -0.23713762 0.003599 1789355290.658378601 146.103 34.886 0.029 0.00000 -1 ACTUAL_TF
43.5215 0.0303253 -1.6168373 0.6609515 -0.45193518 0.74326099 -0.43253118 -0.23713807 0.003488 1789355290.714462757 146.284 34.705 0.022 0.00000 -1 ACTUAL_TF
43.5795 0.0303105 -1.6166095 0.6609436 -0.45193458 0.74327050 -0.43251966 -0.23713044 0.003666 1789355290.770429611 146.512 34.477 0.010 0.00000 -1 ACTUAL_TF
43.6334 0.0303042 -1.6164191 0.6609465 -0.45194042 0.74326672 -0.43251952 -0.23713140 0.003588 1789355290.826352835 146.702 34.287 0.011 0.00000 -1 ACTUAL_TF
43.6954 0.0302953 -1.6162073 0.6609484 -0.45194243 0.74326598 -0.43251858 -0.23713160 0.003647 1789355290.882391930 146.914 34.075 0.009 0.00000 -1 ACTUAL_TF
43.7428 0.0302855 -1.6160102 0.6609417 -0.45195040 0.74326973 -0.43250661 -0.23712649 0.003611 1789355290.938382864 147.111 33.878 0.010 0.00000 -1 ACTUAL_TF
43.8042 0.0302858 -1.6158216 0.6609509 -0.45194838 0.74326520 -0.43251530 -0.23712868 0.003541 1789355290.994256973 147.300 33.689 0.013 0.00000 -1 ACTUAL_TF
43.8545 0.0302732 -1.6156366 0.6609516 -0.45195054 0.74326598 -0.43251130 -0.23712942 0.003470 1789355291.050365686 147.485 33.504 0.008 0.00000 -1 ACTUAL_TF
43.9193 0.0302606 -1.6154270 0.6609573 -0.45194701 0.74326526 -0.43251580 -0.23713021 0.003554 1789355291.106410980 147.695 33.294 0.003 0.00000 -1 ACTUAL_TF
43.9779 0.0302479 -1.6152079 0.6609582 -0.45194582 0.74326744 -0.43251348 -0.23712985 0.003658 1789355291.162678242 147.914 33.074 0.005 0.00000 -1 ACTUAL_TF
44.0280 0.0302449 -1.6150321 0.6609627 -0.45194747 0.74326533 -0.43251562 -0.23712944 0.003497 1789355291.219031811 148.090 32.899 0.003 0.00000 -1 ACTUAL_TF
44.0815 0.0302353 -1.6148233 0.6609717 -0.45194385 0.74326474 -0.43251945 -0.23713120 0.003581 1789355291.274420023 148.299 32.689 0.003 0.00000 -1 ACTUAL_TF
44.1354 0.0302321 -1.6146503 0.6609725 -0.45194645 0.74326549 -0.43251755 -0.23712735 0.003433 1789355291.330421209 148.472 32.516 0.002 0.00000 -1 ACTUAL_TF
44.1912 0.0302241 -1.6144357 0.6609743 -0.45194517 0.74326438 -0.43252010 -0.23712864 0.003555 1789355291.386372805 148.687 32.302 0.001 0.00000 -1 ACTUAL_TF
44.2487 0.0302163 -1.6142621 0.6609800 -0.45194638 0.74326148 -0.43252271 -0.23713063 0.003417 1789355291.442519188 148.861 32.128 0.002 0.00000 -1 ACTUAL_TF
44.3083 0.0302115 -1.6140617 0.6609933 -0.45194123 0.74325522 -0.43253568 -0.23713644 0.003472 1789355291.498325586 149.062 31.927 0.012 0.00000 -1 ACTUAL_TF
44.3587 0.0302014 -1.6138258 0.6609922 -0.45194481 0.74325638 -0.43253153 -0.23713354 0.003692 1789355291.554468393 149.298 31.691 0.007 0.00000 -1 ACTUAL_TF
44.4215 0.0302015 -1.6136682 0.6610078 -0.45193881 0.74324924 -0.43254697 -0.23713919 0.003431 1789355291.610576630 149.455 31.533 0.021 0.00000 -1 ACTUAL_TF
44.4756 0.0301925 -1.6134654 0.6610194 -0.45193682 0.74324547 -0.43255305 -0.23714369 0.003498 1789355291.666241646 149.659 31.330 0.029 0.00000 -1 ACTUAL_TF
44.5300 0.0301939 -1.6132995 0.6610236 -0.45193408 0.74324399 -0.43255925 -0.23714226 0.003337 1789355291.722311020 149.824 31.164 0.032 0.00000 -1 ACTUAL_TF
44.5847 0.0301747 -1.6130982 0.6610334 -0.45193054 0.74324004 -0.43256519 -0.23715056 0.003418 1789355291.778434753 150.026 30.962 0.036 0.00000 -1 ACTUAL_TF
44.6449 0.0301690 -1.6129178 0.6610396 -0.45192517 0.74324095 -0.43256979 -0.23714956 0.003347 1789355291.835204601 150.207 30.782 0.040 0.00000 -1 ACTUAL_TF
44.6998 0.0301577 -1.6126975 0.6610436 -0.45192617 0.74323950 -0.43257018 -0.23715146 0.003543 1789355291.890357494 150.428 30.561 0.040 0.00000 -1 ACTUAL_TF
44.7510 0.0301541 -1.6125174 0.6610474 -0.45192282 0.74324147 -0.43257239 -0.23714765 0.003441 1789355291.946578741 150.608 30.381 0.041 0.00000 -1 ACTUAL_TF
44.8145 0.0301483 -1.6123191 0.6610580 -0.45192093 0.74323889 -0.43257736 -0.23715026 0.003477 1789355292.002389908 150.806 30.183 0.048 0.00000 -1 ACTUAL_TF
44.8680 0.0301387 -1.6120952 0.6610499 -0.45192188 0.74324863 -0.43256438 -0.23714163 0.003635 1789355292.058404922 151.030 29.959 0.036 0.00000 -1 ACTUAL_TF
44.9181 0.0301237 -1.6119198 0.6610484 -0.45191794 0.74325317 -0.43256173 -0.23713975 0.003489 1789355292.114320040 151.206 29.783 0.033 0.00000 -1 ACTUAL_TF
44.9833 0.0301135 -1.6116744 0.6610393 -0.45192535 0.74325965 -0.43254757 -0.23713112 0.003757 1789355292.170411825 151.451 29.537 0.021 0.00000 -1 ACTUAL_TF
45.0478 0.0301049 -1.6115054 0.6610432 -0.45191845 0.74326399 -0.43254853 -0.23712892 0.003537 1789355292.226399660 151.621 29.368 0.024 0.00000 -1 ACTUAL_TF
45.0887 0.0300901 -1.6112670 0.6610367 -0.45192304 0.74327003 -0.43253612 -0.23712387 0.003754 1789355292.282454014 151.859 29.130 0.021 0.00000 -1 ACTUAL_TF
45.1427 0.0300817 -1.6111051 0.6610442 -0.45191870 0.74326961 -0.43254021 -0.23712601 0.003500 1789355292.338321447 152.022 28.967 0.026 0.00000 -1 ACTUAL_TF
45.2016 0.0300708 -1.6108906 0.6610473 -0.45191982 0.74326925 -0.43253966 -0.23712599 0.003600 1789355292.394325495 152.236 28.753 0.029 0.00000 -1 ACTUAL_TF
45.2548 0.0300635 -1.6106705 0.6610451 -0.45191648 0.74327375 -0.43253776 -0.23712172 0.003697 1789355292.450477362 152.456 28.533 0.026 0.00000 -1 ACTUAL_TF
45.3200 0.0300609 -1.6104976 0.6610460 -0.45192138 0.74327082 -0.43253772 -0.23712165 0.003515 1789355292.506417513 152.629 28.360 0.022 0.00000 -1 ACTUAL_TF
45.3741 0.0300590 -1.6102669 0.6610458 -0.45192314 0.74327317 -0.43253535 -0.23711526 0.003696 1789355292.562451601 152.860 28.129 0.015 0.00000 -1 ACTUAL_TF
45.4205 0.0300523 -1.6100991 0.6610505 -0.45192098 0.74327124 -0.43253967 -0.23711755 0.003488 1789355292.618377447 153.028 27.961 0.016 0.00000 -1 ACTUAL_TF
45.4883 0.0300428 -1.6098551 0.6610424 -0.45192694 0.74327523 -0.43252957 -0.23711209 0.003747 1789355292.674541235 153.272 27.717 0.018 0.00000 -1 ACTUAL_TF
45.5414 0.0300440 -1.6096939 0.6610527 -0.45192327 0.74327216 -0.43253806 -0.23711324 0.003490 1789355292.730403423 153.433 27.556 0.009 0.00000 -1 ACTUAL_TF
45.5937 0.0300389 -1.6094771 0.6610482 -0.45192746 0.74327438 -0.43253231 -0.23710875 0.003606 1789355292.786373854 153.650 27.339 0.010 0.00000 -1 ACTUAL_TF
45.6474 0.0300488 -1.6093177 0.6610578 -0.45192565 0.74326798 -0.43254456 -0.23710992 0.003381 1789355292.842363119 153.809 27.180 0.010 0.00000 -1 ACTUAL_TF
45.7042 0.0300421 -1.6090868 0.6610603 -0.45192960 0.74326675 -0.43254307 -0.23710898 0.003595 1789355292.898785114 154.040 26.949 0.011 0.00000 -1 ACTUAL_TF
45.7623 0.0300426 -1.6088732 0.6610632 -0.45193670 0.74326054 -0.43254582 -0.23710989 0.003670 1789355292.954339981 154.253 26.736 0.020 0.00000 -1 ACTUAL_TF
45.8141 0.0300411 -1.6086923 0.6610714 -0.45193808 0.74325624 -0.43255047 -0.23711225 0.003538 1789355293.010415554 154.434 26.555 0.024 0.00000 -1 ACTUAL_TF
45.8699 0.0300521 -1.6084950 0.6610754 -0.45193509 0.74325545 -0.43255736 -0.23710788 0.003536 1789355293.066397667 154.631 26.358 0.042 0.00000 -1 ACTUAL_TF
45.9282 0.0300403 -1.6083089 0.6610757 -0.45194150 0.74325237 -0.43255429 -0.23711088 0.003473 1789355293.122427464 154.817 26.171 0.037 0.00000 -1 ACTUAL_TF
45.9807 0.0300285 -1.6080964 0.6610818 -0.45195017 0.74324523 -0.43255389 -0.23711751 0.003572 1789355293.178416491 155.030 25.959 0.033 0.00000 -1 ACTUAL_TF
46.0357 0.0300204 -1.6079281 0.6610918 -0.45194098 0.74324304 -0.43256540 -0.23712087 0.003404 1789355293.234493971 155.199 25.790 0.033 0.00000 -1 ACTUAL_TF
46.0975 0.0300087 -1.6077291 0.6611023 -0.45194082 0.74323471 -0.43257482 -0.23713009 0.003455 1789355293.290358782 155.398 25.590 0.032 0.00000 -1 ACTUAL_TF
46.1579 0.0300052 -1.6075351 0.6611171 -0.45193408 0.74322946 -0.43258781 -0.23713571 0.003459 1789355293.346443415 155.593 25.396 0.041 0.00000 -1 ACTUAL_TF
46.2062 0.0300002 -1.6073594 0.6611186 -0.45193339 0.74322984 -0.43258842 -0.23713473 0.003362 1789355293.402491808 155.768 25.221 0.042 0.00000 -1 ACTUAL_TF
46.2621 0.0299909 -1.6071427 0.6611214 -0.45193661 0.74322929 -0.43258595 -0.23713482 0.003518 1789355293.458383083 155.985 25.004 0.040 0.00000 -1 ACTUAL_TF
46.3187 0.0299774 -1.6069539 0.6611202 -0.45193911 0.74323307 -0.43257812 -0.23713249 0.003476 1789355293.514385939 156.174 24.814 0.032 0.00000 -1 ACTUAL_TF
46.3740 0.0299712 -1.6067371 0.6611189 -0.45193568 0.74323762 -0.43257648 -0.23712776 0.003594 1789355293.570467710 156.391 24.598 0.030 0.00000 -1 ACTUAL_TF
46.4316 0.0299688 -1.6065493 0.6611135 -0.45193984 0.74324149 -0.43256886 -0.23712161 0.003527 1789355293.626216888 156.579 24.410 0.030 0.00000 -1 ACTUAL_TF
46.4991 0.0299536 -1.6063213 0.6611081 -0.45194225 0.74324902 -0.43255646 -0.23711601 0.003691 1789355293.682337046 156.807 24.182 0.022 0.00000 -1 ACTUAL_TF
46.5464 0.0299562 -1.6061528 0.6611147 -0.45193826 0.74324708 -0.43256447 -0.23711509 0.003477 1789355293.738924265 156.976 24.013 0.031 0.00000 -1 ACTUAL_TF
46.6127 0.0299468 -1.6059309 0.6611165 -0.45194918 0.74324284 -0.43255902 -0.23711750 0.003634 1789355293.794472694 157.198 23.791 0.029 0.00000 -1 ACTUAL_TF
46.6577 0.0299394 -1.6057269 0.6611183 -0.45194497 0.74324814 -0.43255724 -0.23711217 0.003640 1789355293.850338697 157.402 23.587 0.029 0.00000 -1 ACTUAL_TF
46.7125 0.0299287 -1.6055342 0.6611168 -0.45195118 0.74324730 -0.43255152 -0.23711339 0.003583 1789355293.906260729 157.595 23.394 0.026 0.00000 -1 ACTUAL_TF
46.7659 0.0299201 -1.6053089 0.6611145 -0.45196144 0.74324452 -0.43254573 -0.23711312 0.003715 1789355293.962300301 157.820 23.169 0.027 0.00000 -1 ACTUAL_TF
46.8213 0.0299176 -1.6051172 0.6611136 -0.45197107 0.74324392 -0.43253840 -0.23711002 0.003626 1789355294.018420696 158.012 22.977 0.033 0.00000 -1 ACTUAL_TF
46.8784 0.0299099 -1.6049104 0.6611187 -0.45197348 0.74323948 -0.43254149 -0.23711370 0.003649 1789355294.074315786 158.219 22.770 0.032 0.00000 -1 ACTUAL_TF
46.9402 0.0299135 -1.6047409 0.6611218 -0.45197640 0.74323666 -0.43254448 -0.23711154 0.003462 1789355294.130371332 158.388 22.601 0.041 0.00000 -1 ACTUAL_TF
46.9940 0.0299001 -1.6045253 0.6611252 -0.45197681 0.74323780 -0.43254200 -0.23711171 0.003580 1789355294.186382294 158.604 22.385 0.035 0.00000 -1 ACTUAL_TF
47.0486 0.0298848 -1.6043421 0.6611276 -0.45197705 0.74323730 -0.43254131 -0.23711407 0.003494 1789355294.242251158 158.788 22.201 0.028 0.00000 -1 ACTUAL_TF
47.1019 0.0298712 -1.6041264 0.6611267 -0.45197940 0.74323835 -0.43253692 -0.23711429 0.003600 1789355294.298402071 159.004 21.985 0.025 0.00000 -1 ACTUAL_TF
47.1585 0.0298656 -1.6039194 0.6611320 -0.45198054 0.74323469 -0.43254136 -0.23711550 0.003630 1789355294.354369164 159.211 21.778 0.026 0.00000 -1 ACTUAL_TF
47.2229 0.0298648 -1.6037598 0.6611446 -0.45197930 0.74322895 -0.43255045 -0.23711925 0.003398 1789355294.410451889 159.370 21.618 0.026 0.00000 -1 ACTUAL_TF
47.2736 0.0298416 -1.6035307 0.6611453 -0.45197963 0.74322978 -0.43254661 -0.23712306 0.003614 1789355294.466362953 159.600 21.389 0.014 0.00000 -1 ACTUAL_TF
47.3263 0.0298435 -1.6033656 0.6611525 -0.45197949 0.74322551 -0.43255346 -0.23712420 0.003415 1789355294.522398472 159.765 21.224 0.018 0.00000 -1 ACTUAL_TF
47.3866 0.0298191 -1.6031418 0.6611544 -0.45197911 0.74322572 -0.43255126 -0.23712827 0.003596 1789355294.578440666 159.990 20.999 0.006 0.00000 -1 ACTUAL_TF
47.4402 0.0298164 -1.6029869 0.6611691 -0.45196645 0.74322248 -0.43256824 -0.23713159 0.003351 1789355294.634422541 160.145 20.844 0.008 0.00000 -1 ACTUAL_TF
47.5012 0.0298088 -1.6027972 0.6611848 -0.45196529 0.74321381 -0.43257971 -0.23714004 0.003368 1789355294.690307140 160.335 20.654 0.019 0.00000 -1 ACTUAL_TF
47.5519 0.0298050 -1.6025994 0.6612012 -0.45196115 0.74320914 -0.43259025 -0.23714336 0.003420 1789355294.746397495 160.533 20.456 0.033 0.00000 -1 ACTUAL_TF
47.6095 0.0297922 -1.6024111 0.6612004 -0.45196294 0.74321098 -0.43258522 -0.23714335 0.003406 1789355294.802312613 160.722 20.267 0.028 0.00000 -1 ACTUAL_TF
47.6613 0.0297879 -1.6021975 0.6612080 -0.45196356 0.74320865 -0.43258852 -0.23714345 0.003527 1789355294.858419418 160.935 20.054 0.032 0.00000 -1 ACTUAL_TF
47.7285 0.0297901 -1.6020326 0.6612155 -0.45196196 0.74320522 -0.43259585 -0.23714387 0.003355 1789355294.914288521 161.100 19.889 0.039 0.00000 -1 ACTUAL_TF
47.7763 0.0297875 -1.6017982 0.6612105 -0.45197300 0.74320515 -0.43258697 -0.23713926 0.003607 1789355294.970186710 161.334 19.655 0.033 0.00000 -1 ACTUAL_TF
47.8318 0.0297775 -1.6016230 0.6612096 -0.45197229 0.74320876 -0.43258226 -0.23713790 0.003462 1789355295.026370287 161.510 19.479 0.028 0.00000 -1 ACTUAL_TF
47.8862 0.0297675 -1.6014051 0.6612081 -0.45197663 0.74320966 -0.43257690 -0.23713659 0.003593 1789355295.082367420 161.728 19.261 0.023 0.00000 -1 ACTUAL_TF
47.9498 0.0297639 -1.6012284 0.6612073 -0.45197770 0.74321223 -0.43257351 -0.23713266 0.003460 1789355295.138421535 161.905 19.084 0.022 0.00000 -1 ACTUAL_TF
48.0006 0.0297513 -1.6009975 0.6612062 -0.45198298 0.74321226 -0.43256833 -0.23713195 0.003661 1789355295.194445133 162.136 18.853 0.015 0.00000 -1 ACTUAL_TF
48.0615 0.0297401 -1.6007795 0.6612075 -0.45198518 0.74321212 -0.43256624 -0.23713202 0.003735 1789355295.250273228 162.354 18.635 0.011 0.00000 -1 ACTUAL_TF
48.1143 0.0297320 -1.6005854 0.6612058 -0.45198798 0.74321444 -0.43256129 -0.23712843 0.003655 1789355295.306294441 162.548 18.441 0.007 0.00000 -1 ACTUAL_TF
48.1698 0.0297217 -1.6003633 0.6612036 -0.45198879 0.74321842 -0.43255578 -0.23712446 0.003747 1789355295.362427473 162.770 18.218 0.005 0.00000 -1 ACTUAL_TF
48.2211 0.0297192 -1.6002105 0.6612148 -0.45198266 0.74321463 -0.43256691 -0.23712772 0.003443 1789355295.418466091 162.923 18.065 0.009 0.00000 -1 ACTUAL_TF
48.2780 0.0297047 -1.5999910 0.6612114 -0.45198666 0.74321785 -0.43255829 -0.23712572 0.003593 1789355295.474276543 163.143 17.846 0.001 0.00000 -1 ACTUAL_TF
48.3360 0.0296984 -1.5998069 0.6612159 -0.45198244 0.74321901 -0.43256124 -0.23712476 0.003500 1789355295.530405760 163.328 17.661 0.001 0.00000 -1 ACTUAL_TF
48.3918 0.0296823 -1.5995753 0.6612060 -0.45198446 0.74322652 -0.43254999 -0.23711788 0.003695 1789355295.586368561 163.559 17.430 0.015 0.00000 -1 ACTUAL_TF
48.4518 0.0296751 -1.5993648 0.6612131 -0.45197825 0.74322946 -0.43255247 -0.23711597 0.003715 1789355295.642396212 163.770 17.219 0.012 0.00000 -1 ACTUAL_TF
48.5036 0.0296680 -1.5991804 0.6612097 -0.45198010 0.74323135 -0.43254942 -0.23711211 0.003591 1789355295.698301792 163.954 17.034 0.017 0.00000 -1 ACTUAL_TF
48.5574 0.0296590 -1.5989695 0.6612151 -0.45197924 0.74322984 -0.43255230 -0.23711322 0.003643 1789355295.754418850 164.166 16.823 0.016 0.00000 -1 ACTUAL_TF
48.6195 0.0296544 -1.5988082 0.6612279 -0.45197187 0.74322547 -0.43256479 -0.23711819 0.003417 1789355295.810412407 164.327 16.662 0.008 0.00000 -1 ACTUAL_TF
48.6705 0.0296502 -1.5985894 0.6612274 -0.45196946 0.74323038 -0.43256184 -0.23711277 0.003565 1789355295.866398335 164.546 16.443 0.009 0.00000 -1 ACTUAL_TF
48.7373 0.0296424 -1.5984165 0.6612356 -0.45196749 0.74322700 -0.43256813 -0.23711565 0.003423 1789355295.922398567 164.719 16.270 0.006 0.00000 -1 ACTUAL_TF
48.7853 0.0296464 -1.5982146 0.6612484 -0.45196082 0.74322249 -0.43258267 -0.23711596 0.003473 1789355295.978774309 164.921 16.068 0.009 0.00000 -1 ACTUAL_TF
48.8413 0.0296402 -1.5980253 0.6612416 -0.45196678 0.74322513 -0.43257434 -0.23711152 0.003449 1789355296.034648895 165.110 15.879 0.007 0.00000 -1 ACTUAL_TF
48.8968 0.0296336 -1.5978225 0.6612544 -0.45195744 0.74322223 -0.43258766 -0.23711411 0.003509 1789355296.090338945 165.313 15.676 0.010 0.00000 -1 ACTUAL_TF
48.9593 0.0296313 -1.5976424 0.6612791 -0.45195408 0.74321061 -0.43260533 -0.23712471 0.003428 1789355296.146506071 165.494 15.495 0.031 0.00000 -1 ACTUAL_TF
49.0091 0.0296151 -1.5974550 0.6612792 -0.45195198 0.74321480 -0.43260075 -0.23712393 0.003410 1789355296.202363968 165.682 15.307 0.025 0.00000 -1 ACTUAL_TF
49.0597 0.0296219 -1.5972511 0.6612885 -0.45195340 0.74320873 -0.43260969 -0.23712392 0.003480 1789355296.258382082 165.885 15.104 0.035 0.00000 -1 ACTUAL_TF
49.1202 0.0296140 -1.5970673 0.6612867 -0.45195909 0.74320716 -0.43260586 -0.23712499 0.003420 1789355296.314503670 166.069 14.920 0.030 0.00000 -1 ACTUAL_TF
49.1781 0.0296133 -1.5968574 0.6612887 -0.45195786 0.74320928 -0.43260613 -0.23712021 0.003521 1789355296.370379448 166.279 14.710 0.033 0.00000 -1 ACTUAL_TF
49.2349 0.0296085 -1.5966561 0.6612829 -0.45197103 0.74320959 -0.43259366 -0.23711690 0.003544 1789355296.426360846 166.480 14.509 0.029 0.00000 -1 ACTUAL_TF
49.2912 0.0296116 -1.5964645 0.6612889 -0.45197180 0.74320413 -0.43260135 -0.23711849 0.003506 1789355296.482502937 166.672 14.317 0.039 0.00000 -1 ACTUAL_TF
49.3432 0.0296053 -1.5962486 0.6612849 -0.45197619 0.74320831 -0.43259266 -0.23711286 0.003613 1789355296.538380384 166.887 14.101 0.037 0.00000 -1 ACTUAL_TF
49.4063 0.0295875 -1.5960621 0.6612865 -0.45198329 0.74320577 -0.43258639 -0.23711877 0.003533 1789355296.594394207 167.074 13.914 0.026 0.00000 -1 ACTUAL_TF
49.4530 0.0295766 -1.5958256 0.6612839 -0.45198648 0.74320687 -0.43258265 -0.23711605 0.003742 1789355296.650390625 167.311 13.678 0.022 0.00000 -1 ACTUAL_TF
49.5135 0.0295662 -1.5956600 0.6612925 -0.45198423 0.74320371 -0.43258767 -0.23712109 0.003510 1789355296.706343889 167.477 13.512 0.020 0.00000 -1 ACTUAL_TF
49.5694 0.0295637 -1.5954566 0.6612965 -0.45198693 0.74319907 -0.43259192 -0.23712275 0.003545 1789355296.762419462 167.681 13.308 0.024 0.00000 -1 ACTUAL_TF
49.6238 0.0295561 -1.5952686 0.6612983 -0.45198995 0.74319901 -0.43258971 -0.23712120 0.003488 1789355296.818508148 167.869 13.120 0.023 0.00000 -1 ACTUAL_TF
49.6914 0.0295506 -1.5950708 0.6613036 -0.45198756 0.74319641 -0.43259518 -0.23712392 0.003506 1789355296.874281645 168.067 12.922 0.025 0.00000 -1 ACTUAL_TF
49.7390 0.0295324 -1.5948837 0.6612999 -0.45199018 0.74319878 -0.43258780 -0.23712495 0.003461 1789355296.930307865 168.254 12.735 0.012 0.00000 -1 ACTUAL_TF
49.7913 0.0295244 -1.5946760 0.6613061 -0.45198927 0.74319733 -0.43259089 -0.23712559 0.003536 1789355296.986357689 168.462 12.527 0.013 0.00000 -1 ACTUAL_TF
49.8455 0.0295167 -1.5944410 0.6613025 -0.45199013 0.74320097 -0.43258690 -0.23711981 0.003735 1789355297.042351484 168.697 12.292 0.012 0.00000 -1 ACTUAL_TF
49.9074 0.0295055 -1.5942788 0.6613114 -0.45198752 0.74319806 -0.43259119 -0.23712609 0.003486 1789355297.098423243 168.860 12.129 0.008 0.00000 -1 ACTUAL_TF
49.9579 0.0295009 -1.5940665 0.6613161 -0.45198671 0.74319531 -0.43259718 -0.23712533 0.003575 1789355297.154551029 169.072 11.917 0.011 0.00000 -1 ACTUAL_TF
50.0224 0.0294950 -1.5938876 0.6613179 -0.45199330 0.74319329 -0.43259327 -0.23712623 0.003464 1789355297.210407495 169.251 11.738 0.011 0.00000 -1 ACTUAL_TF
50.0749 0.0294855 -1.5936760 0.6613201 -0.45199604 0.74319061 -0.43259297 -0.23712997 0.003557 1789355297.266546726 169.463 11.526 0.009 0.00000 -1 ACTUAL_TF
50.1254 0.0294815 -1.5934998 0.6613243 -0.45200161 0.74318701 -0.43259286 -0.23713081 0.003436 1789355297.322415590 169.639 11.350 0.012 0.00000 -1 ACTUAL_TF
50.1787 0.0294728 -1.5932753 0.6613244 -0.45200606 0.74318529 -0.43259086 -0.23713138 0.003608 1789355297.378484249 169.864 11.125 0.010 0.00000 -1 ACTUAL_TF
50.2438 0.0294637 -1.5930600 0.6613294 -0.45200432 0.74318303 -0.43259534 -0.23713361 0.003682 1789355297.434377193 170.079 10.910 0.009 0.00000 -1 ACTUAL_TF
50.2979 0.0294558 -1.5928910 0.6613362 -0.45200580 0.74317974 -0.43259749 -0.23713718 0.003485 1789355297.490317822 170.249 10.740 0.010 0.00000 -1 ACTUAL_TF
50.3559 0.0294432 -1.5926952 0.6613482 -0.45200302 0.74317173 -0.43260941 -0.23714585 0.003492 1789355297.546358824 170.445 10.544 0.016 0.00000 -1 ACTUAL_TF
50.4058 0.0294490 -1.5925293 0.6613574 -0.45199781 0.74317045 -0.43261813 -0.23714387 0.003333 1789355297.602463484 170.611 10.378 0.026 0.00000 -1 ACTUAL_TF
50.4614 0.0294301 -1.5923239 0.6613598 -0.45199758 0.74316963 -0.43261714 -0.23714869 0.003439 1789355297.658470154 170.817 10.172 0.022 0.00000 -1 ACTUAL_TF
50.5329 0.0294231 -1.5921191 0.6613559 -0.45200176 0.74317185 -0.43261119 -0.23714462 0.003506 1789355297.714408398 171.021 9.967 0.015 0.00000 -1 ACTUAL_TF
50.5803 0.0294134 -1.5919090 0.6613605 -0.45200055 0.74317271 -0.43261100 -0.23714457 0.003578 1789355297.770592928 171.232 9.757 0.016 0.00000 -1 ACTUAL_TF
50.6376 0.0294088 -1.5917356 0.6613596 -0.45199560 0.74317771 -0.43261002 -0.23714012 0.003436 1789355297.826440334 171.405 9.584 0.012 0.00000 -1 ACTUAL_TF
50.6895 0.0294037 -1.5915343 0.6613786 -0.45199520 0.74317051 -0.43261971 -0.23714576 0.003491 1789355297.882305384 171.607 9.382 0.028 0.00000 -1 ACTUAL_TF
50.7402 0.0293920 -1.5913054 0.6613749 -0.45199984 0.74318099 -0.43260207 -0.23713626 0.003670 1789355297.938398123 171.836 9.153 0.020 0.00000 -1 ACTUAL_TF
50.8043 0.0293894 -1.5911461 0.6613775 -0.45199399 0.74318347 -0.43260552 -0.23713336 0.003423 1789355297.994400024 171.995 8.994 0.020 0.00000 -1 ACTUAL_TF
50.8518 0.0293758 -1.5909074 0.6613711 -0.45200496 0.74318417 -0.43259365 -0.23713191 0.003671 1789355298.050654650 172.234 8.755 0.010 0.00000 -1 ACTUAL_TF
50.9116 0.0293776 -1.5907315 0.6613798 -0.45199526 0.74318649 -0.43260217 -0.23712758 0.003516 1789355298.106486559 172.410 8.579 0.017 0.00000 -1 ACTUAL_TF
50.9737 0.0293675 -1.5905183 0.6613814 -0.45200448 0.74318095 -0.43259954 -0.23713216 0.003606 1789355298.162441254 172.623 8.366 0.014 0.00000 -1 ACTUAL_TF
51.0266 0.0293641 -1.5903465 0.6613857 -0.45200196 0.74318001 -0.43260371 -0.23713230 0.003446 1789355298.218378544 172.795 8.194 0.016 0.00000 -1 ACTUAL_TF
51.0887 0.0293588 -1.5901239 0.6613828 -0.45200768 0.74318089 -0.43259783 -0.23712938 0.003604 1789355298.274431944 173.018 7.971 0.012 0.00000 -1 ACTUAL_TF
51.1403 0.0293613 -1.5899049 0.6613855 -0.45201469 0.74317885 -0.43259679 -0.23712431 0.003696 1789355298.330454350 173.237 7.752 0.021 0.00000 -1 ACTUAL_TF
51.1994 0.0293551 -1.5897101 0.6613880 -0.45201921 0.74317542 -0.43259743 -0.23712526 0.003626 1789355298.386719465 173.432 7.557 0.021 0.00000 -1 ACTUAL_TF
51.2481 0.0293528 -1.5895005 0.6613912 -0.45201754 0.74317545 -0.43259953 -0.23712454 0.003667 1789355298.442407131 173.641 7.348 0.026 0.00000 -1 ACTUAL_TF
51.3113 0.0293380 -1.5892958 0.6613871 -0.45202598 0.74317840 -0.43258767 -0.23712083 0.003664 1789355298.498599529 173.846 7.143 0.018 0.00000 -1 ACTUAL_TF
51.3629 0.0293378 -1.5890958 0.6613926 -0.45202428 0.74317639 -0.43259355 -0.23711965 0.003640 1789355298.554414511 174.046 6.943 0.025 0.00000 -1 ACTUAL_TF
51.4153 0.0293389 -1.5889340 0.6614043 -0.45202603 0.74316633 -0.43260534 -0.23712633 0.003416 1789355298.610477209 174.208 6.781 0.033 0.00000 -1 ACTUAL_TF
51.4770 0.0293278 -1.5887234 0.6614076 -0.45202338 0.74316691 -0.43260681 -0.23712689 0.003520 1789355298.666522264 174.419 6.570 0.030 0.00000 -1 ACTUAL_TF
51.5247 0.0293225 -1.5885568 0.6614134 -0.45201900 0.74316605 -0.43261225 -0.23712800 0.003359 1789355298.722400188 174.585 6.403 0.032 0.00000 -1 ACTUAL_TF
51.5835 0.0293125 -1.5883340 0.6614230 -0.45201772 0.74316326 -0.43261732 -0.23712994 0.003548 1789355298.778389692 174.809 6.180 0.033 0.00000 -1 ACTUAL_TF
51.6433 0.0292961 -1.5881134 0.6614194 -0.45201402 0.74317095 -0.43261039 -0.23712552 0.003668 1789355298.834415197 175.030 5.959 0.022 0.00000 -1 ACTUAL_TF
51.6964 0.0292902 -1.5879398 0.6614254 -0.45201863 0.74316448 -0.43261454 -0.23712944 0.003498 1789355298.890430450 175.203 5.786 0.024 0.00000 -1 ACTUAL_TF
51.7618 0.0292811 -1.5877404 0.6614326 -0.45201125 0.74316472 -0.43262177 -0.23712955 0.003519 1789355298.946404696 175.403 5.586 0.026 0.00000 -1 ACTUAL_TF
51.8119 0.0292611 -1.5875563 0.6614328 -0.45201029 0.74316702 -0.43261729 -0.23713237 0.003453 1789355299.002577066 175.588 5.401 0.017 0.00000 -1 ACTUAL_TF
51.8622 0.0292500 -1.5873446 0.6614396 -0.45201045 0.74316585 -0.43261880 -0.23713296 0.003556 1789355299.058423758 175.800 5.189 0.020 0.00000 -1 ACTUAL_TF
51.9322 0.0292408 -1.5871554 0.6614402 -0.45200699 0.74316954 -0.43261788 -0.23712968 0.003504 1789355299.114415169 175.989 5.000 0.017 0.00000 -1 ACTUAL_TF
51.9823 0.0292312 -1.5869577 0.6614562 -0.45199960 0.74316199 -0.43263302 -0.23713982 0.003516 1789355299.170470953 176.187 4.802 0.030 0.00000 -1 ACTUAL_TF
52.0331 0.0292285 -1.5867329 0.6614492 -0.45200287 0.74316874 -0.43262293 -0.23713082 0.003665 1789355299.226533175 176.412 4.577 0.019 0.00000 -1 ACTUAL_TF
52.0842 0.0292200 -1.5865499 0.6614469 -0.45200937 0.74316882 -0.43261635 -0.23713018 0.003549 1789355299.282393694 176.595 4.394 0.014 0.00000 -1 ACTUAL_TF
52.1440 0.0292200 -1.5863372 0.6614537 -0.45199775 0.74317248 -0.43262522 -0.23712467 0.003626 1789355299.338334799 176.808 4.181 0.018 0.00000 -1 ACTUAL_TF
52.2036 0.0292103 -1.5861367 0.6614401 -0.45201427 0.74317959 -0.43260087 -0.23711536 0.003614 1789355299.394417763 177.008 3.981 0.004 0.00000 -1 ACTUAL_TF
52.2553 0.0292087 -1.5859310 0.6614504 -0.45200517 0.74317854 -0.43261193 -0.23711581 0.003634 1789355299.450395823 177.214 3.775 0.012 0.00000 -1 ACTUAL_TF
52.3176 0.0292040 -1.5857352 0.6614527 -0.45200466 0.74317918 -0.43261301 -0.23711279 0.003594 1789355299.506372929 177.410 3.579 0.013 0.00000 -1 ACTUAL_TF
52.3658 0.0291994 -1.5855131 0.6614547 -0.45200630 0.74317912 -0.43261212 -0.23711147 0.003706 1789355299.562359571 177.632 3.357 0.016 0.00000 -1 ACTUAL_TF
52.4274 0.0291986 -1.5853361 0.6614563 -0.45200993 0.74317770 -0.43261157 -0.23711002 0.003540 1789355299.618481636 177.809 3.180 0.021 0.00000 -1 ACTUAL_TF
52.4761 0.0292033 -1.5851243 0.6614630 -0.45201356 0.74317216 -0.43261745 -0.23710973 0.003613 1789355299.674513340 178.020 2.968 0.034 0.00000 -1 ACTUAL_TF
52.5391 0.0291978 -1.5849063 0.6614693 -0.45201320 0.74317230 -0.43261865 -0.23710776 0.003701 1789355299.730340481 178.239 2.750 0.036 0.00000 -1 ACTUAL_TF
52.5913 0.0291946 -1.5847096 0.6614718 -0.45201547 0.74317124 -0.43261882 -0.23710649 0.003644 1789355299.786370039 178.435 2.554 0.040 0.00000 -1 ACTUAL_TF
52.6557 0.0291841 -1.5844830 0.6614717 -0.45202122 0.74317077 -0.43261403 -0.23710572 0.003764 1789355299.842473507 178.662 2.327 0.037 0.00000 -1 ACTUAL_TF
52.7038 0.0291717 -1.5842966 0.6614752 -0.45201980 0.74317102 -0.43261417 -0.23710738 0.003636 1789355299.898442984 178.849 2.140 0.031 0.00000 -1 ACTUAL_TF
52.7585 0.0291605 -1.5840838 0.6614811 -0.45202270 0.74316695 -0.43261612 -0.23711107 0.003674 1789355299.955094576 179.062 1.927 0.028 0.00000 -1 ACTUAL_TF
52.8214 0.0291639 -1.5839225 0.6614912 -0.45201681 0.74316374 -0.43262700 -0.23711248 0.003449 1789355300.010405540 179.223 1.766 0.040 0.00000 -1 ACTUAL_TF
52.8713 0.0291601 -1.5837055 0.6615011 -0.45201613 0.74315842 -0.43263569 -0.23711463 0.003578 1789355300.066412449 179.440 1.549 0.046 0.00000 -1 ACTUAL_TF
52.9326 0.0291410 -1.5835212 0.6615111 -0.45201265 0.74315429 -0.43264269 -0.23712143 0.003498 1789355300.122448921 179.625 1.364 0.040 0.00000 -1 ACTUAL_TF
52.9854 0.0291281 -1.5833043 0.6615162 -0.45200653 0.74315668 -0.43264439 -0.23712249 0.003613 1789355300.178472996 179.843 1.146 0.038 0.00000 -1 ACTUAL_TF
53.0465 0.0291214 -1.5830763 0.6615191 -0.45201039 0.74315506 -0.43264378 -0.23712132 0.003752 1789355300.234390736 180.071 0.918 0.038 0.00000 -1 ACTUAL_TF
53.0961 0.0291144 -1.5829169 0.6615319 -0.45200513 0.74314923 -0.43265595 -0.23712743 0.003482 1789355300.290521622 180.230 0.758 0.046 0.00000 -1 ACTUAL_TF
53.1489 0.0291022 -1.5826902 0.6615286 -0.45200538 0.74315543 -0.43264753 -0.23712287 0.003655 1789355300.346450329 180.457 0.532 0.038 0.00000 -1 ACTUAL_TF
53.2076 0.0290908 -1.5825347 0.6615440 -0.45199909 0.74314799 -0.43266180 -0.23713215 0.003399 1789355300.402404070 180.613 0.376 0.047 0.00000 -1 ACTUAL_TF
53.2587 0.0290852 -1.5823209 0.6615540 -0.45200674 0.74313766 -0.43266795 -0.23713872 0.003526 1789355300.458411932 180.827 0.161 0.054 0.00000 -1 ACTUAL_TF
53.3166 0.0290815 -1.5821487 0.6615535 -0.45200786 0.74314002 -0.43266396 -0.23713649 0.003391 1789355300.514391422 181.000 -0.011 0.052 0.00000 -1 ACTUAL_TF
53.3772 0.0290680 -1.5819204 0.6615554 -0.45201239 0.74313909 -0.43266005 -0.23713787 0.003595 1789355300.570577145 181.228 -0.239 0.048 0.00000 -1 ACTUAL_TF
53.4406 0.0290744 -1.5817180 0.6615561 -0.45201998 0.74313696 -0.43265770 -0.23713436 0.003603 1789355300.626478195 181.430 -0.441 0.051 0.00000 -1 ACTUAL_TF
53.4922 0.0290537 -1.5815389 0.6615524 -0.45202593 0.74313952 -0.43264631 -0.23713578 0.003487 1789355300.682539940 181.610 -0.621 0.039 0.00000 -1 ACTUAL_TF
53.5440 0.0290526 -1.5813272 0.6615461 -0.45203266 0.74314442 -0.43263559 -0.23712718 0.003577 1789355300.738467693 181.821 -0.832 0.033 0.00000 -1 ACTUAL_TF
53.5935 0.0290453 -1.5811559 0.6615457 -0.45203535 0.74314585 -0.43263112 -0.23712571 0.003422 1789355300.794539690 181.993 -1.004 0.030 0.00000 -1 ACTUAL_TF
53.6509 0.0290369 -1.5809605 0.6615491 -0.45203781 0.74314459 -0.43263045 -0.23712620 0.003443 1789355300.850541115 182.188 -1.200 0.029 0.00000 -1 ACTUAL_TF
53.7143 0.0290229 -1.5807939 0.6615512 -0.45203816 0.74314525 -0.43262846 -0.23712708 0.003308 1789355300.906409502 182.355 -1.366 0.025 0.00000 -1 ACTUAL_TF
53.7771 0.0290150 -1.5805844 0.6615488 -0.45204516 0.74314661 -0.43262058 -0.23712384 0.003439 1789355300.962383509 182.565 -1.576 0.020 0.00000 -1 ACTUAL_TF
53.8288 0.0290160 -1.5804373 0.6615590 -0.45204098 0.74314262 -0.43263038 -0.23712643 0.003197 1789355301.018386364 182.712 -1.723 0.029 0.00000 -1 ACTUAL_TF
53.8789 0.0290086 -1.5802477 0.6615585 -0.45204276 0.74314530 -0.43262540 -0.23712371 0.003254 1789355301.074388742 182.902 -1.913 0.026 0.00000 -1 ACTUAL_TF
53.9397 0.0290046 -1.5800676 0.6615665 -0.45203840 0.74314404 -0.43263247 -0.23712311 0.003244 1789355301.130399704 183.082 -2.093 0.031 0.00000 -1 ACTUAL_TF
53.9865 0.0289985 -1.5798966 0.6615638 -0.45204745 0.74314384 -0.43262440 -0.23712119 0.003188 1789355301.186383963 183.253 -2.264 0.027 0.00000 -1 ACTUAL_TF
54.0473 0.0289893 -1.5797109 0.6615631 -0.45205038 0.74314592 -0.43261914 -0.23711870 0.003226 1789355301.242477179 183.439 -2.450 0.022 0.00000 -1 ACTUAL_TF
54.1081 0.0289933 -1.5795807 0.6615727 -0.45204643 0.74314215 -0.43262944 -0.23711923 0.002959 1789355301.298433542 183.569 -2.580 0.034 0.00000 -1 ACTUAL_TF
54.1587 0.0289870 -1.5794163 0.6615725 -0.45204459 0.74314644 -0.43262585 -0.23711585 0.002952 1789355301.354429483 183.734 -2.745 0.031 0.00000 -1 ACTUAL_TF
54.2135 0.0289829 -1.5792857 0.6615771 -0.45204802 0.74314263 -0.43262790 -0.23711751 0.002767 1789355301.410428762 183.864 -2.875 0.033 0.00000 -1 ACTUAL_TF
54.2800 0.0289778 -1.5791242 0.6615767 -0.45204995 0.74314474 -0.43262392 -0.23711448 0.002802 1789355301.466424465 184.026 -3.037 0.032 0.00000 -1 ACTUAL_TF
54.3288 0.0289746 -1.5789741 0.6615835 -0.45204759 0.74314290 -0.43262860 -0.23711622 0.002768 1789355301.522361517 184.176 -3.187 0.036 0.00000 -1 ACTUAL_TF
54.3796 0.0289723 -1.5788491 0.6615904 -0.45204977 0.74313774 -0.43263367 -0.23711898 0.002609 1789355301.578307390 184.301 -3.312 0.041 0.00000 -1 ACTUAL_TF
54.4376 0.0289700 -1.5786952 0.6615910 -0.45205356 0.74313773 -0.43263072 -0.23711718 0.002650 1789355301.634386539 184.455 -3.466 0.042 0.00000 -1 ACTUAL_TF
54.4938 0.0289770 -1.5785875 0.6616023 -0.45205272 0.74313030 -0.43264326 -0.23711918 0.002437 1789355301.690343380 184.563 -3.574 0.057 0.00000 -1 ACTUAL_TF
54.5535 0.0289662 -1.5784608 0.6616030 -0.45205432 0.74313107 -0.43263941 -0.23712073 0.002461 1789355301.740852356 184.690 -3.701 0.051 0.00000 -1 ACTUAL_TF
54.6012 0.0289662 -1.5783235 0.6616092 -0.45205637 0.74312686 -0.43264382 -0.23712198 0.002491 1789355301.794526815 184.827 -3.838 0.057 0.00000 -1 ACTUAL_TF
54.6527 0.0289620 -1.5781985 0.6616125 -0.45205692 0.74312604 -0.43264475 -0.23712183 0.002406 1789355301.851213932 184.952 -3.963 0.059 0.00000 -1 ACTUAL_TF
54.7151 0.0289586 -1.5780511 0.6616155 -0.45205695 0.74312620 -0.43264493 -0.23712093 0.002486 1789355301.906362534 185.099 -4.111 0.060 0.00000 -1 ACTUAL_TF
54.7769 0.0289559 -1.5779415 0.6616232 -0.45204924 0.74312624 -0.43265220 -0.23712223 0.002328 1789355301.962471008 185.209 -4.220 0.065 0.00000 -1 ACTUAL_TF
54.8236 0.0289507 -1.5777889 0.6616277 -0.45205464 0.74312186 -0.43265252 -0.23712508 0.002450 1789355302.018350124 185.362 -4.373 0.067 0.00000 -1 ACTUAL_TF
54.8769 0.0289419 -1.5776662 0.6616322 -0.45205489 0.74312014 -0.43265399 -0.23712729 0.002373 1789355302.074451923 185.485 -4.496 0.066 0.00000 -1 ACTUAL_TF
54.9332 0.0289336 -1.5775363 0.6616461 -0.45204870 0.74311427 -0.43266701 -0.23713373 0.002363 1789355302.130432606 185.615 -4.626 0.074 0.00000 -1 ACTUAL_TF
54.9882 0.0289295 -1.5774198 0.6616477 -0.45205047 0.74311404 -0.43266563 -0.23713360 0.002278 1789355302.186424971 185.732 -4.743 0.074 0.00000 -1 ACTUAL_TF
55.0451 0.0289270 -1.5773287 0.6616559 -0.45204778 0.74311029 -0.43267300 -0.23713705 0.002085 1789355302.242448568 185.823 -4.834 0.080 0.00000 -1 ACTUAL_TF
55.1066 0.0289275 -1.5772783 0.6616595 -0.45204570 0.74310933 -0.43267623 -0.23713813 0.001729 1789355302.298606873 185.873 -4.885 0.084 0.00000 -1 ACTUAL_TF
