WELD FEEDBACK LOG
result=completed
started=2026-09-16 18:42:44
ended=2026-09-16 18:43:12
elapsed_seconds=27.555

================ OPERATOR OVERVIEW ================
REQUESTED : 220 A / 26.0 V · FE-SOLID 1.2 mm · LSM · CO2 100%
RX ECHO   : 220 A / 26.0 V · MATCH=YES
CURRENT FB: avg 221.31 · min 50.00 · max 234.00 A
VOLTAGE FB: avg 25.01 · min 3.00 · max 59.10 V
WIRE FEED : avg 10.20 · min 10.20 · max 10.20 m/min
ARC ON    : 25.123 s
NET WELD  : 23.436 s
WIRE USED : 4148.139 mm (base 4148.139 + alpha 0.000)
WCR       : DETECTED
SAMPLES   : RX 689 / welding 612 / TCP 432
===================================================

[commanded]
current_a=220
voltage_tenths=260
voltage=26.0
material=FE-SOLID
diameter_mm=1.2
mode=LSM
gas=CO2 100%
synergic=False
correction=0.0
hot_start_enabled=True
hot_start_percent=10.0
hot_start_hold_adjustment=1
crater_enabled=False
crater_percent=27.27272727272727
crater_current_a=60.0
crater_voltage_v=25.0
crater_seconds=1.0
wire_consumable_alpha_mm=0.0
hot_start_current_a=242

[rx_setting_echo]
current_a=220
voltage_v=26.0
hot_start_current_a=0
hot_start_hold_adjustment=-15

[rx_welding_setting_echo]
current_a=220
voltage_v=26.0
hot_start_current_a=0
hot_start_hold_adjustment=-15

[execution_conditions]
mode=sequence_execute
run_all=True
touch_io_backend=fastech_ethernet
touch_input_port=4
touch_sensing_output_port=0
fastech_ip=192.168.0.3
fastech_poll_target_hz=100.0
hicomm_source_ip=192.168.1.2
hicomm_welder_ip=192.168.1.10
hicomm_port=60000
gui_velocity_percent=36.95263157894737
gui_speed_mode=scale
gui_tcp_speed_mm_s=10.0
gui_interpolation_step_mm=5.0
seam_orientation_mode=Wait poses + fixed World-XYZ tilt
weld_fixed_tilt_x_deg=0.0
weld_fixed_tilt_y_deg=0.5
weld_fixed_tilt_z_deg=-0.0
weld_weave_enabled=False
weld_weave_pattern=circle
weld_weave_pitch_mm=8.0
weld_weave_left_dwell_s=0.2
weld_weave_right_dwell_s=0.2
weld_weave_amplitude_mm=2.7
weld_weave_cycles=0
weld_weave_samples_per_cycle=12
weld_weave_axis=tool_y
weld_lead_in_mm=0.0
weld_lead_out_mm=0.0
weld_safe_approach_mm=30.0
weld_approach_mode=taught_wait
weld_pre_start_lead_mm=0.0
weld_tcp_speed_mm_s=7.0
weld_arc_off_delay_ms=0.0
tcp_tracking.parent_frame=World
tcp_tracking.child_frame=right_manipulator_ee_point
tcp_tracking.timestamp_source=TF_header_stamp
initial_fastech_di0=False
initial_fastech_do0=True
robot_connected.left=True
robot_connected.right=True
robot_connected.head=True
hicomm_connected=True
execution_allowed=True
steps[0].sequence_number=1
steps[0].type=named_pose
steps[0].parallel_slot=1
steps[0].duration=0.0
steps[0].planning_group=right_manipulator
steps[0].velocity_scale=0.3695263157894737
steps[0].tcp_speed_m_s=0.0
steps[0].pose_name=weld_start_wait
steps[0].pose_label=3 · Weld start wait pose
steps[0].touch_guard=False
steps[0].continue_after_touch=False
steps[0].weld_scenario_id=weld-13921582412809
steps[0].weld_scenario_stage=start_wait
steps[0].target_tcp.position_m.x=-0.017555591463911946
steps[0].target_tcp.position_m.y=-1.7292363250507272
steps[0].target_tcp.position_m.z=0.6760770508377278
steps[0].target_tcp.orientation_xyzw.x=-0.296446223082373
steps[0].target_tcp.orientation_xyzw.y=0.7357450133895489
steps[0].target_tcp.orientation_xyzw.z=-0.5929409323478689
steps[0].target_tcp.orientation_xyzw.w=-0.13863608058167418
steps[0].joint_names[0]=right_manipulator_joint1
steps[0].joint_names[1]=right_manipulator_joint2
steps[0].joint_names[2]=right_manipulator_joint3
steps[0].joint_names[3]=right_manipulator_joint4
steps[0].joint_names[4]=right_manipulator_joint5
steps[0].joint_names[5]=right_manipulator_joint6
steps[0].joint_positions_rad[0]=4.915166859473285
steps[0].joint_positions_rad[1]=1.3048139118715596
steps[0].joint_positions_rad[2]=1.8548333760123166
steps[0].joint_positions_rad[3]=3.190790027355154
steps[0].joint_positions_rad[4]=1.327459170094667
steps[0].joint_positions_rad[5]=2.0062077186885294
steps[1].sequence_number=2
steps[1].type=motion
steps[1].parallel_slot=2
steps[1].duration=0.0
steps[1].planning_group=right_manipulator
steps[1].velocity_scale=0.3695263157894737
steps[1].tcp_speed_m_s=0.0
steps[1].interpolation_step=0.005
steps[1].path_kind=taught_wait_align_weld_attitude
steps[1].touch_guard=False
steps[1].continue_after_touch=False
steps[1].accept_initial_touch=False
steps[1].weld_scenario_id=weld-13921582412809
steps[1].weld_scenario_stage=start_safe
steps[1].waypoint_count=1
steps[1].waypoints[0].position_m.x=-0.017555591463911946
steps[1].waypoints[0].position_m.y=-1.7292363250507272
steps[1].waypoints[0].position_m.z=0.6760770508377278
steps[1].waypoints[0].orientation_xyzw.x=-0.29642338698382287
steps[1].waypoints[0].orientation_xyzw.y=0.7356864995502294
steps[1].waypoints[0].orientation_xyzw.z=-0.5930189871132647
steps[1].waypoints[0].orientation_xyzw.w=-0.1386615698444482
steps[2].sequence_number=3
steps[2].type=motion
steps[2].parallel_slot=3
steps[2].duration=0.0
steps[2].planning_group=right_manipulator
steps[2].velocity_scale=0.3695263157894737
steps[2].tcp_speed_m_s=0.0
steps[2].interpolation_step=0.005
steps[2].path_kind=taught_wait_to_weld_start
steps[2].touch_guard=False
steps[2].continue_after_touch=True
steps[2].accept_initial_touch=False
steps[2].weld_scenario_id=weld-13921582412809
steps[2].weld_scenario_stage=start_contact
steps[2].waypoint_count=1
steps[2].waypoints[0].position_m.x=-0.016248133800116915
steps[2].waypoints[0].position_m.y=-1.7293485688415404
steps[2].waypoints[0].position_m.z=0.6753759261386318
steps[2].waypoints[0].orientation_xyzw.x=-0.29642338698382287
steps[2].waypoints[0].orientation_xyzw.y=0.7356864995502294
steps[2].waypoints[0].orientation_xyzw.z=-0.5930189871132647
steps[2].waypoints[0].orientation_xyzw.w=-0.1386615698444482
steps[3].sequence_number=4
steps[3].type=digital_output
steps[3].parallel_slot=4
steps[3].duration=0.0
steps[3].port=0
steps[3].value=False
steps[3].weld_scenario_id=weld-13921582412809
steps[3].weld_scenario_stage=touch_output_off
steps[4].sequence_number=5
steps[4].type=digital_weld
steps[4].parallel_slot=5
steps[4].duration=0.0
steps[4].command=on
steps[4].weld_scenario_id=weld-13921582412809
steps[4].weld_scenario_stage=arc_on
steps[4].settings.current_a=220
steps[4].settings.voltage_tenths=260
steps[4].settings.voltage=26.0
steps[4].settings.material=FE-SOLID
steps[4].settings.diameter_mm=1.2
steps[4].settings.mode=LSM
steps[4].settings.gas=CO2 100%
steps[4].settings.synergic=False
steps[4].settings.correction=0.0
steps[4].settings.hot_start_enabled=True
steps[4].settings.hot_start_percent=10.0
steps[4].settings.hot_start_hold_adjustment=1
steps[4].settings.crater_enabled=False
steps[4].settings.crater_percent=27.27272727272727
steps[4].settings.crater_current_a=60.0
steps[4].settings.crater_voltage_v=25.0
steps[4].settings.crater_seconds=1.0
steps[4].settings.wire_consumable_alpha_mm=0.0
steps[4].settings.hot_start_current_a=242
steps[5].sequence_number=6
steps[5].type=motion
steps[5].parallel_slot=5
steps[5].duration=0.0
steps[5].planning_group=right_manipulator
steps[5].velocity_scale=0.3695263157894737
steps[5].tcp_speed_m_s=0.007
steps[5].interpolation_step=0.005
steps[5].path_kind=continuous_taught_start_to_taught_goal_weld_fastech_di0_ignored
steps[5].touch_guard=False
steps[5].weld_scenario_id=weld-13921582412809
steps[5].weld_scenario_stage=weld_motion
steps[5].lead_in_mm=0.0
steps[5].lead_out_mm=0.0
steps[5].linear_motion_profile=True
steps[5].weld_weave_amplitude_mm=2.7
steps[5].weld_weave_pitch_mm=8.0
steps[5].weld_weave_cycles=0
steps[5].weld_weave_actual_pitch_mm=0.0
steps[5].weld_weave_left_dwell_s=0.2
steps[5].weld_weave_right_dwell_s=0.2
steps[5].weld_weave_axis=tool_y
steps[5].waypoint_count=2
steps[5].waypoints[0].position_m.x=-0.016248133800116915
steps[5].waypoints[0].position_m.y=-1.7293485688415404
steps[5].waypoints[0].position_m.z=0.6753759261386318
steps[5].waypoints[0].orientation_xyzw.x=-0.29642338698382287
steps[5].waypoints[0].orientation_xyzw.y=0.7356864995502294
steps[5].waypoints[0].orientation_xyzw.z=-0.5930189871132647
steps[5].waypoints[0].orientation_xyzw.w=-0.1386615698444482
steps[5].waypoints[1].position_m.x=-0.01821891226806366
steps[5].waypoints[1].position_m.y=-1.5733722726987356
steps[5].waypoints[1].position_m.z=0.6779455701663604
steps[5].waypoints[1].orientation_xyzw.x=-0.2964419815167124
steps[5].waypoints[1].orientation_xyzw.y=0.7357323254147686
steps[5].waypoints[1].orientation_xyzw.z=-0.5929577085980107
steps[5].waypoints[1].orientation_xyzw.w=-0.1386407326452759
steps[5].lead_start.position_m.x=-0.016248133800116915
steps[5].lead_start.position_m.y=-1.7293485688415404
steps[5].lead_start.position_m.z=0.6753759261386318
steps[5].lead_start.orientation_xyzw.x=-0.29642338698382287
steps[5].lead_start.orientation_xyzw.y=0.7356864995502294
steps[5].lead_start.orientation_xyzw.z=-0.5930189871132647
steps[5].lead_start.orientation_xyzw.w=-0.1386615698444482
steps[5].usable_seam_start.position_m.x=-0.016248133800116915
steps[5].usable_seam_start.position_m.y=-1.7293485688415404
steps[5].usable_seam_start.position_m.z=0.6753759261386318
steps[5].usable_seam_start.orientation_xyzw.x=-0.29642338698382287
steps[5].usable_seam_start.orientation_xyzw.y=0.7356864995502294
steps[5].usable_seam_start.orientation_xyzw.z=-0.5930189871132647
steps[5].usable_seam_start.orientation_xyzw.w=-0.1386615698444482
steps[5].usable_seam_goal.position_m.x=-0.01821891226806366
steps[5].usable_seam_goal.position_m.y=-1.5733722726987356
steps[5].usable_seam_goal.position_m.z=0.6779455701663604
steps[5].usable_seam_goal.orientation_xyzw.x=-0.2964419815167124
steps[5].usable_seam_goal.orientation_xyzw.y=0.7357323254147686
steps[5].usable_seam_goal.orientation_xyzw.z=-0.5929577085980107
steps[5].usable_seam_goal.orientation_xyzw.w=-0.1386407326452759
steps[5].lead_end.position_m.x=-0.01821891226806366
steps[5].lead_end.position_m.y=-1.5733722726987356
steps[5].lead_end.position_m.z=0.6779455701663604
steps[5].lead_end.orientation_xyzw.x=-0.2964419815167124
steps[5].lead_end.orientation_xyzw.y=0.7357323254147686
steps[5].lead_end.orientation_xyzw.z=-0.5929577085980107
steps[5].lead_end.orientation_xyzw.w=-0.1386407326452759
steps[6].sequence_number=7
steps[6].type=digital_weld
steps[6].parallel_slot=5
steps[6].duration=0.0
steps[6].velocity_scale=0.3695263157894737
steps[6].tcp_speed_m_s=0.007
steps[6].command=off
steps[6].weld_scenario_id=weld-13921582412809
steps[6].weld_scenario_stage=arc_off
steps[6].path_to_seam_speed_factor=1.0
steps[6].trigger_before_goal=True
steps[6].arc_off_delay_s=0.0
steps[6].settings.current_a=220
steps[6].settings.voltage_tenths=260
steps[6].settings.voltage=26.0
steps[6].settings.material=FE-SOLID
steps[6].settings.diameter_mm=1.2
steps[6].settings.mode=LSM
steps[6].settings.gas=CO2 100%
steps[6].settings.synergic=False
steps[6].settings.correction=0.0
steps[6].settings.hot_start_enabled=True
steps[6].settings.hot_start_percent=10.0
steps[6].settings.hot_start_hold_adjustment=1
steps[6].settings.crater_enabled=False
steps[6].settings.crater_percent=27.27272727272727
steps[6].settings.crater_current_a=60.0
steps[6].settings.crater_voltage_v=25.0
steps[6].settings.crater_seconds=1.0
steps[6].settings.wire_consumable_alpha_mm=0.0
steps[6].settings.hot_start_current_a=242
steps[7].sequence_number=8
steps[7].type=motion
steps[7].parallel_slot=6
steps[7].duration=0.0
steps[7].planning_group=right_manipulator
steps[7].velocity_scale=0.3695263157894737
steps[7].tcp_speed_m_s=0.0
steps[7].interpolation_step=0.005
steps[7].path_kind=weld_end_to_taught_wait_fixed_attitude
steps[7].pose_name=weld_goal_wait
steps[7].pose_label=5 · Weld goal wait pose
steps[7].touch_guard=False
steps[7].continue_after_touch=False
steps[7].weld_scenario_id=weld-13921582412809
steps[7].weld_scenario_stage=goal_wait
steps[7].waypoint_count=1
steps[7].waypoints[0].position_m.x=-0.019222061932786583
steps[7].waypoints[0].position_m.y=-1.5733058176699921
steps[7].waypoints[0].position_m.z=0.6792786924170766
steps[7].waypoints[0].orientation_xyzw.x=-0.2964419815167124
steps[7].waypoints[0].orientation_xyzw.y=0.7357323254147686
steps[7].waypoints[0].orientation_xyzw.z=-0.5929577085980107
steps[7].waypoints[0].orientation_xyzw.w=-0.1386407326452759
steps[8].sequence_number=9
steps[8].type=named_pose
steps[8].parallel_slot=7
steps[8].duration=0.0
steps[8].planning_group=right_manipulator
steps[8].velocity_scale=0.3695263157894737
steps[8].tcp_speed_m_s=0.0
steps[8].pose_name=weld_finish
steps[8].pose_label=7 · Weld end pose
steps[8].touch_guard=False
steps[8].continue_after_touch=False
steps[8].weld_scenario_id=weld-13921582412809
steps[8].weld_scenario_stage=finish
steps[8].target_tcp.position_m.x=-0.019223228851241586
steps[8].target_tcp.position_m.y=-1.573423365851092
steps[8].target_tcp.position_m.z=0.711941160995069
steps[8].target_tcp.orientation_xyzw.x=-0.29641618530490194
steps[8].target_tcp.orientation_xyzw.y=0.7357012053638926
steps[8].target_tcp.orientation_xyzw.z=-0.5930081439028192
steps[8].target_tcp.orientation_xyzw.w=-0.13864531286826437
steps[8].joint_names[0]=right_manipulator_joint1
steps[8].joint_names[1]=right_manipulator_joint2
steps[8].joint_names[2]=right_manipulator_joint3
steps[8].joint_names[3]=right_manipulator_joint4
steps[8].joint_names[4]=right_manipulator_joint5
steps[8].joint_names[5]=right_manipulator_joint6
steps[8].joint_positions_rad[0]=4.958661073764241
steps[8].joint_positions_rad[1]=1.280911907930044
steps[8].joint_positions_rad[2]=2.048699652303234
steps[8].joint_positions_rad[3]=3.2316040363250544
steps[8].joint_positions_rad[4]=1.4968348838431615
steps[8].joint_positions_rad[5]=2.022705602167407
steps[9].sequence_number=10
steps[9].type=digital_output
steps[9].parallel_slot=8
steps[9].duration=0.0
steps[9].port=0
steps[9].value=True
steps[9].weld_scenario_id=weld-13921582412809
steps[9].weld_scenario_stage=touch_output_on
hicomm_cyclic_period_ms=40.0
arc_wait_recognition=True
arc_wait_main_welding=True
arc_wait_established=True
arc_establishment_timeout_s=5.0

[summary]
rx_samples=689
welding_samples=612
wcr_seen=1
current_a.min=50.0
current_a.average=221.30872483221478
current_a.max=234.0
voltage_v.min=3.0
voltage_v.average=25.013136288998346
voltage_v.max=59.1
wire_feed_m_min.min=10.2
wire_feed_m_min.average=10.199999999999887
wire_feed_m_min.max=10.2

[production_metrics]
arc_started_elapsed_s=0.06952104199990572
arc_completed_elapsed_s=25.192469510999217
arc_on_time_s=25.12294846899931
main_weld_arc_time_s=24.24191048600005
crater_arc_time_s=0.0
weld_motion_start_elapsed_s=0.8005005840004742
weld_motion_complete_elapsed_s=24.23631267000019
weld_motion_duration_s=23.435812085999714
net_weld_arc_time_s=23.435812085999714
wire_feed_average_m_min=9.906811688743622
wire_consumable_base_mm=4148.138659139768
wire_consumable_alpha_mm=0.0
wire_consumable_mm=4148.138659139768
wire_consumable_formula=integral(WFS*1000/60*dt)+alpha
weld_motion_start_unix_time=1789551765.465511
weld_motion_start_wall_time=2026-09-16 18:42:45.465
weld_motion_complete_unix_time=1789551788.9013226
weld_motion_complete_wall_time=2026-09-16 18:43:08.901

[arc_off_control]
arc_established_elapsed_s=0.7912882529999479
fallback=weld_motion_completed_before_trigger
delay_s=0.0
command_elapsed_s=24.24503903999903
sequence_clear_elapsed_s=27.549580249999053
extinction_current_threshold_a=10.0
feedback_current_extinguished_elapsed_s=24.674114962999738
feedback_extinction_delay_s=0.42907592300070974
wcr_clear_elapsed_s=25.192469510999217
wcr_clear_delay_s=0.9474304710001888

[teaching_snapshot_yaml]
robot_start:
  planning_group: right_manipulator
  joint_state:
    names:
    - right_manipulator_joint1
    - right_manipulator_joint2
    - right_manipulator_joint3
    - right_manipulator_joint4
    - right_manipulator_joint5
    - right_manipulator_joint6
    positions_rad:
    - 5.27240967968313
    - 1.0710261184710546
    - 2.180025851451385
    - 3.6894743983235436
    - 1.4802383302458966
    - 1.475784459638848
  tcp_pose_world:
    position_m:
      x: 0.0409882833240674
      y: -1.5365128539727777
      z: 0.8899872668309907
    orientation_xyzw:
      x: -0.4355837586611503
      y: 0.6337556876271521
      z: -0.5283180348228105
      w: -0.3598618786031996
weld_wait:
  planning_group: right_manipulator
  joint_state:
    names:
    - right_manipulator_joint1
    - right_manipulator_joint2
    - right_manipulator_joint3
    - right_manipulator_joint4
    - right_manipulator_joint5
    - right_manipulator_joint6
    positions_rad:
    - 4.916685393926849
    - 1.2589881000462393
    - 1.8874228777457798
    - 3.192476074641283
    - 1.3142228600028096
    - 2.005596390060302
  tcp_pose_world:
    position_m:
      x: -0.0162514293110973
      y: -1.7292313924207103
      z: 0.714811989704669
    orientation_xyzw:
      x: -0.29642702668850723
      y: 0.7357579055308358
      z: -0.5929384026494848
      w: -0.13861952590081303
weld_start_wait:
  planning_group: right_manipulator
  joint_state:
    names:
    - right_manipulator_joint1
    - right_manipulator_joint2
    - right_manipulator_joint3
    - right_manipulator_joint4
    - right_manipulator_joint5
    - right_manipulator_joint6
    positions_rad:
    - 4.915166859473285
    - 1.3048139118715596
    - 1.8548333760123166
    - 3.190790027355154
    - 1.327459170094667
    - 2.0062077186885294
  tcp_pose_world:
    position_m:
      x: -0.017555591463911946
      y: -1.7292363250507272
      z: 0.6760770508377278
    orientation_xyzw:
      x: -0.296446223082373
      y: 0.7357450133895489
      z: -0.5929409323478689
      w: -0.13863608058167418
weld_start:
  planning_group: right_manipulator
  joint_state:
    names:
    - right_manipulator_joint1
    - right_manipulator_joint2
    - right_manipulator_joint3
    - right_manipulator_joint4
    - right_manipulator_joint5
    - right_manipulator_joint6
    positions_rad:
    - 4.9166779370757965
    - 1.3057328356056916
    - 1.853903133843552
    - 3.1923050996993
    - 1.3276527819059158
    - 2.006222898706743
  tcp_pose_world:
    position_m:
      x: -0.016248133800116915
      y: -1.7293485688415404
      z: 0.6753759261386318
    orientation_xyzw:
      x: -0.29642338698382287
      y: 0.7356864995502294
      z: -0.5930189871132647
      w: -0.1386615698444482
weld_goal_wait:
  planning_group: right_manipulator
  joint_state:
    names:
    - right_manipulator_joint1
    - right_manipulator_joint2
    - right_manipulator_joint3
    - right_manipulator_joint4
    - right_manipulator_joint5
    - right_manipulator_joint6
    positions_rad:
    - 4.958699423283939
    - 1.3212662552957968
    - 2.0193604055221583
    - 3.2315774047141534
    - 1.5075157577110332
    - 2.0237156060108195
  tcp_pose_world:
    position_m:
      x: -0.019222061932786583
      y: -1.5733058176699921
      z: 0.6792786924170766
    orientation_xyzw:
      x: -0.2964419473568147
      y: 0.7357843850819262
      z: -0.5928979860129363
      w: -0.13861994336572
weld_end:
  planning_group: right_manipulator
  joint_state:
    names:
    - right_manipulator_joint1
    - right_manipulator_joint2
    - right_manipulator_joint3
    - right_manipulator_joint4
    - right_manipulator_joint5
    - right_manipulator_joint6
    positions_rad:
    - 4.960103974442847
    - 1.322936989405658
    - 2.0178985963998137
    - 3.2329252305418428
    - 1.507861302862471
    - 2.0239737994785028
  tcp_pose_world:
    position_m:
      x: -0.01821891226806366
      y: -1.5733722726987356
      z: 0.6779455701663604
    orientation_xyzw:
      x: -0.2964419815167124
      y: 0.7357323254147686
      z: -0.5929577085980107
      w: -0.1386407326452759
weld_finish:
  planning_group: right_manipulator
  joint_state:
    names:
    - right_manipulator_joint1
    - right_manipulator_joint2
    - right_manipulator_joint3
    - right_manipulator_joint4
    - right_manipulator_joint5
    - right_manipulator_joint6
    positions_rad:
    - 4.958661073764241
    - 1.280911907930044
    - 2.048699652303234
    - 3.2316040363250544
    - 1.4968348838431615
    - 2.022705602167407
  tcp_pose_world:
    position_m:
      x: -0.019223228851241586
      y: -1.573423365851092
      z: 0.711941160995069
    orientation_xyzw:
      x: -0.29641618530490194
      y: 0.7357012053638926
      z: -0.5930081439028192
      w: -0.13864531286826437

[touch_snapshot_yaml]
{}

[samples]
elapsed_s raw0 state arc gas fwd wcr current_a voltage_v wire_feed_m_min set_current_a set_voltage_v error db collision
0.032 0x00 idle 0 0 0 0 0 0.0 0.0 220 26.0 0 0 0
0.070 0x09 main_weld 1 1 0 0 0 0.0 0.0 220 26.0 0 0 0
0.112 0x09 main_weld 1 1 0 0 0 0.0 0.0 220 26.0 0 0 0
0.155 0x09 main_weld 1 1 0 0 0 0.0 0.0 220 26.0 0 0 0
0.189 0x09 main_weld 1 1 0 0 0 0.0 0.0 220 26.0 0 0 0
0.232 0x09 main_weld 1 1 0 0 0 0.0 0.0 220 26.0 0 0 0
0.272 0x09 main_weld 1 1 0 0 0 0.0 0.0 220 26.0 0 0 0
0.314 0x09 main_weld 1 1 0 0 0 0.0 0.0 220 26.0 0 0 0
0.354 0x09 main_weld 1 1 0 0 0 0.0 0.0 220 26.0 0 0 0
0.391 0x09 main_weld 1 1 0 0 0 0.0 0.0 220 26.0 0 0 0
0.431 0x09 main_weld 1 1 0 0 0 0.0 0.0 220 26.0 0 0 0
0.471 0x09 main_weld 1 1 0 0 0 0.0 0.0 220 26.0 0 0 0
0.512 0x09 main_weld 1 1 0 0 0 0.0 0.0 220 26.0 0 0 0
0.550 0x09 main_weld 1 1 0 0 0 0.0 0.0 220 26.0 0 0 0
0.597 0x09 main_weld 1 1 0 0 0 0.0 0.0 220 26.0 0 0 0
0.630 0x09 main_weld 1 1 0 0 0 0.0 0.0 220 26.0 0 0 0
0.672 0x09 main_weld 1 1 0 0 0 0.0 0.0 220 26.0 0 0 0
0.712 0x09 main_weld 1 1 0 0 0 0.0 0.0 220 26.0 0 0 0
0.752 0x09 main_weld 1 1 0 0 0 0.0 0.0 220 26.0 0 0 0
0.792 0x2B main_weld 1 1 1 1 0 0.0 10.2 220 26.0 0 0 0
0.843 0x2B main_weld 1 1 1 1 50 3.1 10.2 220 26.0 0 0 0
0.886 0x2B main_weld 1 1 1 1 50 3.1 10.2 220 26.0 0 0 0
0.912 0x2B main_weld 1 1 1 1 50 8.1 10.2 220 26.0 0 0 0
0.950 0x2B main_weld 1 1 1 1 50 8.1 10.2 220 26.0 0 0 0
0.994 0x2B main_weld 1 1 1 1 50 8.1 10.2 220 26.0 0 0 0
1.032 0x2B main_weld 1 1 1 1 204 8.1 10.2 220 26.0 0 0 0
1.080 0x2B main_weld 1 1 1 1 204 25.4 10.2 220 26.0 0 0 0
1.118 0x2B main_weld 1 1 1 1 204 25.4 10.2 220 26.0 0 0 0
1.158 0x2B main_weld 1 1 1 1 204 25.4 10.2 220 26.0 0 0 0
1.191 0x2B main_weld 1 1 1 1 224 25.4 10.2 220 26.0 0 0 0
1.239 0x2B main_weld 1 1 1 1 224 25.4 10.2 220 26.0 0 0 0
1.278 0x2B main_weld 1 1 1 1 224 25.6 10.2 220 26.0 0 0 0
1.322 0x2B main_weld 1 1 1 1 224 25.6 10.2 220 26.0 0 0 0
1.354 0x2B main_weld 1 1 1 1 224 25.3 10.2 220 26.0 0 0 0
1.390 0x2B main_weld 1 1 1 1 226 25.3 10.2 220 26.0 0 0 0
1.439 0x2B main_weld 1 1 1 1 226 25.3 10.2 220 26.0 0 0 0
1.470 0x2B main_weld 1 1 1 1 226 25.3 10.2 220 26.0 0 0 0
1.511 0x2B main_weld 1 1 1 1 226 25.3 10.2 220 26.0 0 0 0
1.551 0x2B main_weld 1 1 1 1 230 25.0 10.2 220 26.0 0 0 0
1.594 0x2B main_weld 1 1 1 1 230 25.0 10.2 220 26.0 0 0 0
1.632 0x2B main_weld 1 1 1 1 230 25.0 10.2 220 26.0 0 0 0
1.680 0x2B main_weld 1 1 1 1 230 25.0 10.2 220 26.0 0 0 0
1.716 0x2B main_weld 1 1 1 1 230 25.2 10.2 220 26.0 0 0 0
1.756 0x2B main_weld 1 1 1 1 234 25.2 10.2 220 26.0 0 0 0
1.800 0x2B main_weld 1 1 1 1 234 25.2 10.2 220 26.0 0 0 0
1.834 0x2B main_weld 1 1 1 1 234 25.2 10.2 220 26.0 0 0 0
1.874 0x2B main_weld 1 1 1 1 234 25.2 10.2 220 26.0 0 0 0
1.914 0x2B main_weld 1 1 1 1 232 25.6 10.2 220 26.0 0 0 0
1.956 0x2B main_weld 1 1 1 1 232 25.6 10.2 220 26.0 0 0 0
2.002 0x2B main_weld 1 1 1 1 232 25.6 10.2 220 26.0 0 0 0
2.036 0x2B main_weld 1 1 1 1 232 25.6 10.2 220 26.0 0 0 0
2.076 0x2B main_weld 1 1 1 1 232 25.3 10.2 220 26.0 0 0 0
2.116 0x2B main_weld 1 1 1 1 226 25.3 10.2 220 26.0 0 0 0
2.152 0x2B main_weld 1 1 1 1 226 25.3 10.2 220 26.0 0 0 0
2.191 0x2B main_weld 1 1 1 1 230 25.3 10.2 220 26.0 0 0 0
2.239 0x2B main_weld 1 1 1 1 230 25.3 10.2 220 26.0 0 0 0
2.272 0x2B main_weld 1 1 1 1 230 25.4 10.2 220 26.0 0 0 0
2.313 0x2B main_weld 1 1 1 1 230 25.4 10.2 220 26.0 0 0 0
2.358 0x2B main_weld 1 1 1 1 230 25.4 10.2 220 26.0 0 0 0
2.390 0x2B main_weld 1 1 1 1 230 25.4 10.2 220 26.0 0 0 0
2.429 0x2B main_weld 1 1 1 1 230 25.2 10.2 220 26.0 0 0 0
2.471 0x2B main_weld 1 1 1 1 230 25.2 10.2 220 26.0 0 0 0
2.516 0x2B main_weld 1 1 1 1 230 25.4 10.2 220 26.0 0 0 0
2.556 0x2B main_weld 1 1 1 1 225 25.4 10.2 220 26.0 0 0 0
2.597 0x2B main_weld 1 1 1 1 225 25.4 10.2 220 26.0 0 0 0
2.637 0x2B main_weld 1 1 1 1 225 25.4 10.2 220 26.0 0 0 0
2.670 0x2B main_weld 1 1 1 1 225 25.4 10.2 220 26.0 0 0 0
2.710 0x2B main_weld 1 1 1 1 225 25.3 10.2 220 26.0 0 0 0
2.751 0x2B main_weld 1 1 1 1 223 25.3 10.2 220 26.0 0 0 0
2.795 0x2B main_weld 1 1 1 1 223 25.3 10.2 220 26.0 0 0 0
2.837 0x2B main_weld 1 1 1 1 223 25.3 10.2 220 26.0 0 0 0
2.872 0x2B main_weld 1 1 1 1 223 24.9 10.2 220 26.0 0 0 0
2.916 0x2B main_weld 1 1 1 1 231 24.9 10.2 220 26.0 0 0 0
2.953 0x2B main_weld 1 1 1 1 231 24.9 10.2 220 26.0 0 0 0
2.990 0x2B main_weld 1 1 1 1 231 24.9 10.2 220 26.0 0 0 0
3.031 0x2B main_weld 1 1 1 1 231 24.9 10.2 220 26.0 0 0 0
3.076 0x2B main_weld 1 1 1 1 231 25.3 10.2 220 26.0 0 0 0
3.117 0x2B main_weld 1 1 1 1 222 25.3 10.2 220 26.0 0 0 0
3.153 0x2B main_weld 1 1 1 1 222 25.3 10.2 220 26.0 0 0 0
3.196 0x2B main_weld 1 1 1 1 222 25.3 10.2 220 26.0 0 0 0
3.233 0x2B main_weld 1 1 1 1 222 25.2 10.2 220 26.0 0 0 0
3.270 0x2B main_weld 1 1 1 1 230 25.2 10.2 220 26.0 0 0 0
3.317 0x2B main_weld 1 1 1 1 230 25.2 10.2 220 26.0 0 0 0
3.354 0x2B main_weld 1 1 1 1 230 25.2 10.2 220 26.0 0 0 0
3.402 0x2B main_weld 1 1 1 1 230 25.2 10.2 220 26.0 0 0 0
3.437 0x2B main_weld 1 1 1 1 230 25.0 10.2 220 26.0 0 0 0
3.477 0x2B main_weld 1 1 1 1 228 25.0 10.2 220 26.0 0 0 0
3.511 0x2B main_weld 1 1 1 1 228 25.0 10.2 220 26.0 0 0 0
3.558 0x2B main_weld 1 1 1 1 228 25.0 10.2 220 26.0 0 0 0
3.597 0x2B main_weld 1 1 1 1 228 25.0 10.2 220 26.0 0 0 0
3.632 0x2B main_weld 1 1 1 1 222 25.0 10.2 220 26.0 0 0 0
3.676 0x2B main_weld 1 1 1 1 222 25.0 10.2 220 26.0 0 0 0
3.713 0x2B main_weld 1 1 1 1 222 25.0 10.2 220 26.0 0 0 0
3.759 0x2B main_weld 1 1 1 1 222 25.0 10.2 220 26.0 0 0 0
3.795 0x2B main_weld 1 1 1 1 222 25.0 10.2 220 26.0 0 0 0
3.833 0x2B main_weld 1 1 1 1 224 25.0 10.2 220 26.0 0 0 0
3.874 0x2B main_weld 1 1 1 1 224 25.0 10.2 220 26.0 0 0 0
3.912 0x2B main_weld 1 1 1 1 230 25.0 10.2 220 26.0 0 0 0
3.956 0x2B main_weld 1 1 1 1 230 25.0 10.2 220 26.0 0 0 0
3.995 0x2B main_weld 1 1 1 1 230 25.0 10.2 220 26.0 0 0 0
4.044 0x2B main_weld 1 1 1 1 230 25.0 10.2 220 26.0 0 0 0
4.074 0x2B main_weld 1 1 1 1 228 25.0 10.2 220 26.0 0 0 0
4.110 0x2B main_weld 1 1 1 1 228 25.0 10.2 220 26.0 0 0 0
4.152 0x2B main_weld 1 1 1 1 228 25.0 10.2 220 26.0 0 0 0
4.200 0x2B main_weld 1 1 1 1 228 25.0 10.2 220 26.0 0 0 0
4.243 0x2B main_weld 1 1 1 1 228 25.0 10.2 220 26.0 0 0 0
4.272 0x2B main_weld 1 1 1 1 229 25.0 10.2 220 26.0 0 0 0
4.319 0x2B main_weld 1 1 1 1 229 25.0 10.2 220 26.0 0 0 0
4.354 0x2B main_weld 1 1 1 1 229 25.0 10.2 220 26.0 0 0 0
4.391 0x2B main_weld 1 1 1 1 229 25.0 10.2 220 26.0 0 0 0
4.431 0x2B main_weld 1 1 1 1 220 25.1 10.2 220 26.0 0 0 0
4.473 0x2B main_weld 1 1 1 1 220 25.1 10.2 220 26.0 0 0 0
4.520 0x2B main_weld 1 1 1 1 220 25.1 10.2 220 26.0 0 0 0
4.552 0x2B main_weld 1 1 1 1 220 25.1 10.2 220 26.0 0 0 0
4.597 0x2B main_weld 1 1 1 1 220 25.0 10.2 220 26.0 0 0 0
4.631 0x2B main_weld 1 1 1 1 231 25.0 10.2 220 26.0 0 0 0
4.671 0x2B main_weld 1 1 1 1 231 25.0 10.2 220 26.0 0 0 0
4.714 0x2B main_weld 1 1 1 1 231 25.0 10.2 220 26.0 0 0 0
4.752 0x2B main_weld 1 1 1 1 231 25.0 10.2 220 26.0 0 0 0
4.794 0x2B main_weld 1 1 1 1 225 25.0 10.2 220 26.0 0 0 0
4.830 0x2B main_weld 1 1 1 1 225 25.0 10.2 220 26.0 0 0 0
4.872 0x2B main_weld 1 1 1 1 225 25.0 10.2 220 26.0 0 0 0
4.911 0x2B main_weld 1 1 1 1 225 25.0 10.2 220 26.0 0 0 0
4.954 0x2B main_weld 1 1 1 1 225 24.9 10.2 220 26.0 0 0 0
4.996 0x2B main_weld 1 1 1 1 225 24.9 10.2 220 26.0 0 0 0
5.033 0x2B main_weld 1 1 1 1 225 24.9 10.2 220 26.0 0 0 0
5.071 0x2B main_weld 1 1 1 1 218 24.9 10.2 220 26.0 0 0 0
5.113 0x2B main_weld 1 1 1 1 218 24.9 10.2 220 26.0 0 0 0
5.152 0x2B main_weld 1 1 1 1 218 25.3 10.2 220 26.0 0 0 0
5.191 0x2B main_weld 1 1 1 1 218 25.3 10.2 220 26.0 0 0 0
5.230 0x2B main_weld 1 1 1 1 218 25.3 10.2 220 26.0 0 0 0
5.272 0x2B main_weld 1 1 1 1 228 25.3 10.2 220 26.0 0 0 0
5.313 0x2B main_weld 1 1 1 1 228 25.0 10.2 220 26.0 0 0 0
5.352 0x2B main_weld 1 1 1 1 228 25.0 10.2 220 26.0 0 0 0
5.392 0x2B main_weld 1 1 1 1 228 25.0 10.2 220 26.0 0 0 0
5.433 0x2B main_weld 1 1 1 1 225 25.0 10.2 220 26.0 0 0 0
5.472 0x2B main_weld 1 1 1 1 225 25.0 10.2 220 26.0 0 0 0
5.511 0x2B main_weld 1 1 1 1 225 25.0 10.2 220 26.0 0 0 0
5.551 0x2B main_weld 1 1 1 1 225 25.0 10.2 220 26.0 0 0 0
5.590 0x2B main_weld 1 1 1 1 225 25.0 10.2 220 26.0 0 0 0
5.639 0x2B main_weld 1 1 1 1 226 25.0 10.2 220 26.0 0 0 0
5.672 0x2B main_weld 1 1 1 1 226 25.0 10.2 220 26.0 0 0 0
5.710 0x2B main_weld 1 1 1 1 226 25.0 10.2 220 26.0 0 0 0
5.755 0x2B main_weld 1 1 1 1 226 25.0 10.2 220 26.0 0 0 0
5.793 0x2B main_weld 1 1 1 1 224 25.0 10.2 220 26.0 0 0 0
5.835 0x2B main_weld 1 1 1 1 224 25.0 10.2 220 26.0 0 0 0
5.875 0x2B main_weld 1 1 1 1 224 25.0 10.2 220 26.0 0 0 0
5.914 0x2B main_weld 1 1 1 1 224 25.0 10.2 220 26.0 0 0 0
5.953 0x2B main_weld 1 1 1 1 224 25.6 10.2 220 26.0 0 0 0
5.994 0x2B main_weld 1 1 1 1 222 25.6 10.2 220 26.0 0 0 0
6.033 0x2B main_weld 1 1 1 1 222 25.6 10.2 220 26.0 0 0 0
6.074 0x2B main_weld 1 1 1 1 222 25.6 10.2 220 26.0 0 0 0
6.112 0x2B main_weld 1 1 1 1 222 25.0 10.2 220 26.0 0 0 0
6.154 0x2B main_weld 1 1 1 1 226 25.0 10.2 220 26.0 0 0 0
6.195 0x2B main_weld 1 1 1 1 226 25.0 10.2 220 26.0 0 0 0
6.230 0x2B main_weld 1 1 1 1 226 25.0 10.2 220 26.0 0 0 0
6.278 0x2B main_weld 1 1 1 1 226 25.0 10.2 220 26.0 0 0 0
6.315 0x2B main_weld 1 1 1 1 226 25.3 10.2 220 26.0 0 0 0
6.355 0x2B main_weld 1 1 1 1 226 25.3 10.2 220 26.0 0 0 0
6.391 0x2B main_weld 1 1 1 1 226 25.3 10.2 220 26.0 0 0 0
6.433 0x2B main_weld 1 1 1 1 224 25.3 10.2 220 26.0 0 0 0
6.474 0x2B main_weld 1 1 1 1 224 25.0 10.2 220 26.0 0 0 0
6.512 0x2B main_weld 1 1 1 1 224 25.0 10.2 220 26.0 0 0 0
6.554 0x2B main_weld 1 1 1 1 224 25.0 10.2 220 26.0 0 0 0
6.598 0x2B main_weld 1 1 1 1 223 25.0 10.2 220 26.0 0 0 0
6.633 0x2B main_weld 1 1 1 1 223 25.0 10.2 220 26.0 0 0 0
6.671 0x2B main_weld 1 1 1 1 223 25.0 10.2 220 26.0 0 0 0
6.711 0x2B main_weld 1 1 1 1 223 25.0 10.2 220 26.0 0 0 0
6.763 0x2B main_weld 1 1 1 1 223 25.0 10.2 220 26.0 0 0 0
6.789 0x2B main_weld 1 1 1 1 225 25.0 10.2 220 26.0 0 0 0
6.840 0x2B main_weld 1 1 1 1 225 25.0 10.2 220 26.0 0 0 0
6.875 0x2B main_weld 1 1 1 1 225 25.0 10.2 220 26.0 0 0 0
6.922 0x2B main_weld 1 1 1 1 225 25.0 10.2 220 26.0 0 0 0
6.955 0x2B main_weld 1 1 1 1 228 25.0 10.2 220 26.0 0 0 0
6.998 0x2B main_weld 1 1 1 1 228 25.0 10.2 220 26.0 0 0 0
7.031 0x2B main_weld 1 1 1 1 228 25.0 10.2 220 26.0 0 0 0
7.073 0x2B main_weld 1 1 1 1 228 25.0 10.2 220 26.0 0 0 0
7.113 0x2B main_weld 1 1 1 1 228 25.0 10.2 220 26.0 0 0 0
7.155 0x2B main_weld 1 1 1 1 224 25.0 10.2 220 26.0 0 0 0
7.190 0x2B main_weld 1 1 1 1 224 25.0 10.2 220 26.0 0 0 0
7.230 0x2B main_weld 1 1 1 1 224 25.0 10.2 220 26.0 0 0 0
7.278 0x2B main_weld 1 1 1 1 224 25.0 10.2 220 26.0 0 0 0
7.314 0x2B main_weld 1 1 1 1 223 25.3 10.2 220 26.0 0 0 0
7.350 0x2B main_weld 1 1 1 1 223 25.3 10.2 220 26.0 0 0 0
7.393 0x2B main_weld 1 1 1 1 223 25.3 10.2 220 26.0 0 0 0
7.435 0x2B main_weld 1 1 1 1 223 25.3 10.2 220 26.0 0 0 0
7.471 0x2B main_weld 1 1 1 1 223 25.0 10.2 220 26.0 0 0 0
7.512 0x2B main_weld 1 1 1 1 230 25.0 10.2 220 26.0 0 0 0
7.559 0x2B main_weld 1 1 1 1 230 25.0 10.2 220 26.0 0 0 0
7.601 0x2B main_weld 1 1 1 1 230 25.0 10.2 220 26.0 0 0 0
7.634 0x2B main_weld 1 1 1 1 230 25.0 10.2 220 26.0 0 0 0
7.674 0x2B main_weld 1 1 1 1 223 25.3 10.2 220 26.0 0 0 0
7.714 0x2B main_weld 1 1 1 1 223 25.3 10.2 220 26.0 0 0 0
7.753 0x2B main_weld 1 1 1 1 223 25.3 10.2 220 26.0 0 0 0
7.797 0x2B main_weld 1 1 1 1 223 25.3 10.2 220 26.0 0 0 0
7.833 0x2B main_weld 1 1 1 1 223 25.0 10.2 220 26.0 0 0 0
7.873 0x2B main_weld 1 1 1 1 229 25.0 10.2 220 26.0 0 0 0
7.911 0x2B main_weld 1 1 1 1 229 25.0 10.2 220 26.0 0 0 0
7.953 0x2B main_weld 1 1 1 1 225 25.0 10.2 220 26.0 0 0 0
7.994 0x2B main_weld 1 1 1 1 225 25.0 10.2 220 26.0 0 0 0
8.034 0x2B main_weld 1 1 1 1 225 25.1 10.2 220 26.0 0 0 0
8.072 0x2B main_weld 1 1 1 1 225 25.1 10.2 220 26.0 0 0 0
8.118 0x2B main_weld 1 1 1 1 225 25.1 10.2 220 26.0 0 0 0
8.155 0x2B main_weld 1 1 1 1 216 25.1 10.2 220 26.0 0 0 0
8.191 0x2B main_weld 1 1 1 1 216 25.3 10.2 220 26.0 0 0 0
8.242 0x2B main_weld 1 1 1 1 216 25.3 10.2 220 26.0 0 0 0
8.271 0x2B main_weld 1 1 1 1 216 25.3 10.2 220 26.0 0 0 0
8.312 0x2B main_weld 1 1 1 1 223 25.3 10.2 220 26.0 0 0 0
8.353 0x2B main_weld 1 1 1 1 223 25.3 10.2 220 26.0 0 0 0
8.397 0x2B main_weld 1 1 1 1 223 25.1 10.2 220 26.0 0 0 0
8.435 0x2B main_weld 1 1 1 1 223 25.1 10.2 220 26.0 0 0 0
8.472 0x2B main_weld 1 1 1 1 223 25.0 10.2 220 26.0 0 0 0
8.517 0x2B main_weld 1 1 1 1 225 25.0 10.2 220 26.0 0 0 0
8.556 0x2B main_weld 1 1 1 1 225 25.0 10.2 220 26.0 0 0 0
8.593 0x2B main_weld 1 1 1 1 225 25.0 10.2 220 26.0 0 0 0
8.640 0x2B main_weld 1 1 1 1 225 25.1 10.2 220 26.0 0 0 0
8.673 0x2B main_weld 1 1 1 1 220 25.1 10.2 220 26.0 0 0 0
8.714 0x2B main_weld 1 1 1 1 220 25.1 10.2 220 26.0 0 0 0
8.753 0x2B main_weld 1 1 1 1 220 25.1 10.2 220 26.0 0 0 0
8.797 0x2B main_weld 1 1 1 1 220 25.1 10.2 220 26.0 0 0 0
8.834 0x2B main_weld 1 1 1 1 220 25.0 10.2 220 26.0 0 0 0
8.872 0x2B main_weld 1 1 1 1 222 25.0 10.2 220 26.0 0 0 0
8.912 0x2B main_weld 1 1 1 1 222 25.0 10.2 220 26.0 0 0 0
8.957 0x2B main_weld 1 1 1 1 222 25.0 10.2 220 26.0 0 0 0
8.995 0x2B main_weld 1 1 1 1 222 25.0 10.2 220 26.0 0 0 0
9.034 0x2B main_weld 1 1 1 1 222 25.0 10.2 220 26.0 0 0 0
9.071 0x2B main_weld 1 1 1 1 222 25.0 10.2 220 26.0 0 0 0
9.116 0x2B main_weld 1 1 1 1 228 25.0 10.2 220 26.0 0 0 0
9.153 0x2B main_weld 1 1 1 1 228 25.0 10.2 220 26.0 0 0 0
9.190 0x2B main_weld 1 1 1 1 228 25.0 10.2 220 26.0 0 0 0
9.235 0x2B main_weld 1 1 1 1 228 25.0 10.2 220 26.0 0 0 0
9.280 0x2B main_weld 1 1 1 1 228 25.0 10.2 220 26.0 0 0 0
9.314 0x2B main_weld 1 1 1 1 224 25.0 10.2 220 26.0 0 0 0
9.350 0x2B main_weld 1 1 1 1 224 25.0 10.2 220 26.0 0 0 0
9.395 0x2B main_weld 1 1 1 1 224 25.0 10.2 220 26.0 0 0 0
9.437 0x2B main_weld 1 1 1 1 224 25.0 10.2 220 26.0 0 0 0
9.476 0x2B main_weld 1 1 1 1 228 25.0 10.2 220 26.0 0 0 0
9.512 0x2B main_weld 1 1 1 1 228 25.0 10.2 220 26.0 0 0 0
9.551 0x2B main_weld 1 1 1 1 228 25.0 10.2 220 26.0 0 0 0
9.592 0x2B main_weld 1 1 1 1 228 25.0 10.2 220 26.0 0 0 0
9.637 0x2B main_weld 1 1 1 1 228 25.0 10.2 220 26.0 0 0 0
9.671 0x2B main_weld 1 1 1 1 224 25.0 10.2 220 26.0 0 0 0
9.712 0x2B main_weld 1 1 1 1 224 25.0 10.2 220 26.0 0 0 0
9.757 0x2B main_weld 1 1 1 1 224 25.0 10.2 220 26.0 0 0 0
9.798 0x2B main_weld 1 1 1 1 224 25.0 10.2 220 26.0 0 0 0
9.837 0x2B main_weld 1 1 1 1 226 25.1 10.2 220 26.0 0 0 0
9.870 0x2B main_weld 1 1 1 1 226 25.1 10.2 220 26.0 0 0 0
9.910 0x2B main_weld 1 1 1 1 226 25.1 10.2 220 26.0 0 0 0
9.950 0x2B main_weld 1 1 1 1 226 25.1 10.2 220 26.0 0 0 0
9.992 0x2B main_weld 1 1 1 1 226 25.2 10.2 220 26.0 0 0 0
10.033 0x2B main_weld 1 1 1 1 223 25.2 10.2 220 26.0 0 0 0
10.076 0x2B main_weld 1 1 1 1 223 25.2 10.2 220 26.0 0 0 0
10.113 0x2B main_weld 1 1 1 1 223 25.2 10.2 220 26.0 0 0 0
10.151 0x2B main_weld 1 1 1 1 223 25.2 10.2 220 26.0 0 0 0
10.189 0x2B main_weld 1 1 1 1 224 25.0 10.2 220 26.0 0 0 0
10.230 0x2B main_weld 1 1 1 1 224 25.0 10.2 220 26.0 0 0 0
10.270 0x2B main_weld 1 1 1 1 224 25.0 10.2 220 26.0 0 0 0
10.310 0x2B main_weld 1 1 1 1 224 25.0 10.2 220 26.0 0 0 0
10.351 0x2B main_weld 1 1 1 1 224 25.0 10.2 220 26.0 0 0 0
10.394 0x2B main_weld 1 1 1 1 224 25.0 10.2 220 26.0 0 0 0
10.432 0x2B main_weld 1 1 1 1 224 25.0 10.2 220 26.0 0 0 0
10.476 0x2B main_weld 1 1 1 1 224 25.0 10.2 220 26.0 0 0 0
10.512 0x2B main_weld 1 1 1 1 224 25.0 10.2 220 26.0 0 0 0
10.552 0x2B main_weld 1 1 1 1 225 25.0 10.2 220 26.0 0 0 0
10.593 0x2B main_weld 1 1 1 1 225 25.0 10.2 220 26.0 0 0 0
10.635 0x2B main_weld 1 1 1 1 225 25.0 10.2 220 26.0 0 0 0
10.672 0x2B main_weld 1 1 1 1 222 25.0 10.2 220 26.0 0 0 0
10.712 0x2B main_weld 1 1 1 1 222 25.0 10.2 220 26.0 0 0 0
10.755 0x2B main_weld 1 1 1 1 222 25.0 10.2 220 26.0 0 0 0
10.793 0x2B main_weld 1 1 1 1 222 25.0 10.2 220 26.0 0 0 0
10.833 0x2B main_weld 1 1 1 1 225 25.0 10.2 220 26.0 0 0 0
10.870 0x2B main_weld 1 1 1 1 225 25.0 10.2 220 26.0 0 0 0
10.910 0x2B main_weld 1 1 1 1 225 25.0 10.2 220 26.0 0 0 0
10.959 0x2B main_weld 1 1 1 1 225 25.0 10.2 220 26.0 0 0 0
10.991 0x2B main_weld 1 1 1 1 225 25.0 10.2 220 26.0 0 0 0
11.039 0x2B main_weld 1 1 1 1 224 25.0 10.2 220 26.0 0 0 0
11.071 0x2B main_weld 1 1 1 1 224 25.0 10.2 220 26.0 0 0 0
11.109 0x2B main_weld 1 1 1 1 224 25.0 10.2 220 26.0 0 0 0
11.154 0x2B main_weld 1 1 1 1 224 25.0 10.2 220 26.0 0 0 0
11.193 0x2B main_weld 1 1 1 1 224 25.0 10.2 220 26.0 0 0 0
11.236 0x2B main_weld 1 1 1 1 224 25.0 10.2 220 26.0 0 0 0
11.272 0x2B main_weld 1 1 1 1 224 25.0 10.2 220 26.0 0 0 0
11.312 0x2B main_weld 1 1 1 1 224 25.0 10.2 220 26.0 0 0 0
11.352 0x2B main_weld 1 1 1 1 224 25.4 10.2 220 26.0 0 0 0
11.393 0x2B main_weld 1 1 1 1 222 25.4 10.2 220 26.0 0 0 0
11.430 0x2B main_weld 1 1 1 1 222 25.4 10.2 220 26.0 0 0 0
11.472 0x2B main_weld 1 1 1 1 222 25.4 10.2 220 26.0 0 0 0
11.512 0x2B main_weld 1 1 1 1 222 25.0 10.2 220 26.0 0 0 0
11.549 0x2B main_weld 1 1 1 1 220 25.0 10.2 220 26.0 0 0 0
11.598 0x2B main_weld 1 1 1 1 220 25.0 10.2 220 26.0 0 0 0
11.634 0x2B main_weld 1 1 1 1 220 25.0 10.2 220 26.0 0 0 0
11.672 0x2B main_weld 1 1 1 1 220 25.0 10.2 220 26.0 0 0 0
11.715 0x2B main_weld 1 1 1 1 220 25.3 10.2 220 26.0 0 0 0
11.756 0x2B main_weld 1 1 1 1 226 25.3 10.2 220 26.0 0 0 0
11.793 0x2B main_weld 1 1 1 1 226 25.3 10.2 220 26.0 0 0 0
11.835 0x2B main_weld 1 1 1 1 226 25.3 10.2 220 26.0 0 0 0
11.871 0x2B main_weld 1 1 1 1 226 25.0 10.2 220 26.0 0 0 0
11.912 0x2B main_weld 1 1 1 1 220 25.0 10.2 220 26.0 0 0 0
11.951 0x2B main_weld 1 1 1 1 220 25.0 10.2 220 26.0 0 0 0
11.991 0x2B main_weld 1 1 1 1 220 25.0 10.2 220 26.0 0 0 0
12.037 0x2B main_weld 1 1 1 1 220 25.0 10.2 220 26.0 0 0 0
12.074 0x2B main_weld 1 1 1 1 220 25.0 10.2 220 26.0 0 0 0
12.114 0x2B main_weld 1 1 1 1 222 25.0 10.2 220 26.0 0 0 0
12.156 0x2B main_weld 1 1 1 1 222 25.0 10.2 220 26.0 0 0 0
12.199 0x2B main_weld 1 1 1 1 222 25.0 10.2 220 26.0 0 0 0
12.244 0x2B main_weld 1 1 1 1 222 25.1 10.2 220 26.0 0 0 0
12.275 0x2B main_weld 1 1 1 1 224 25.1 10.2 220 26.0 0 0 0
12.312 0x2B main_weld 1 1 1 1 224 25.1 10.2 220 26.0 0 0 0
12.357 0x2B main_weld 1 1 1 1 220 25.1 10.2 220 26.0 0 0 0
12.393 0x2B main_weld 1 1 1 1 220 25.1 10.2 220 26.0 0 0 0
12.435 0x2B main_weld 1 1 1 1 220 25.3 10.2 220 26.0 0 0 0
12.470 0x2B main_weld 1 1 1 1 220 25.3 10.2 220 26.0 0 0 0
12.513 0x2B main_weld 1 1 1 1 220 25.3 10.2 220 26.0 0 0 0
12.552 0x2B main_weld 1 1 1 1 217 25.3 10.2 220 26.0 0 0 0
12.601 0x2B main_weld 1 1 1 1 217 25.1 10.2 220 26.0 0 0 0
12.635 0x2B main_weld 1 1 1 1 217 25.1 10.2 220 26.0 0 0 0
12.673 0x2B main_weld 1 1 1 1 217 25.1 10.2 220 26.0 0 0 0
12.710 0x2B main_weld 1 1 1 1 217 25.0 10.2 220 26.0 0 0 0
12.754 0x2B main_weld 1 1 1 1 217 25.0 10.2 220 26.0 0 0 0
12.794 0x2B main_weld 1 1 1 1 217 25.0 10.2 220 26.0 0 0 0
12.834 0x2B main_weld 1 1 1 1 225 25.0 10.2 220 26.0 0 0 0
12.875 0x2B main_weld 1 1 1 1 225 25.0 10.2 220 26.0 0 0 0
12.916 0x2B main_weld 1 1 1 1 222 25.0 10.2 220 26.0 0 0 0
12.950 0x2B main_weld 1 1 1 1 222 25.0 10.2 220 26.0 0 0 0
12.991 0x2B main_weld 1 1 1 1 222 25.0 10.2 220 26.0 0 0 0
13.035 0x2B main_weld 1 1 1 1 222 25.0 10.2 220 26.0 0 0 0
13.075 0x2B main_weld 1 1 1 1 220 25.0 10.2 220 26.0 0 0 0
13.115 0x2B main_weld 1 1 1 1 220 25.0 10.2 220 26.0 0 0 0
13.150 0x2B main_weld 1 1 1 1 220 25.0 10.2 220 26.0 0 0 0
13.192 0x2B main_weld 1 1 1 1 220 25.0 10.2 220 26.0 0 0 0
13.239 0x2B main_weld 1 1 1 1 220 25.0 10.2 220 26.0 0 0 0
13.274 0x2B main_weld 1 1 1 1 224 25.0 10.2 220 26.0 0 0 0
13.314 0x2B main_weld 1 1 1 1 224 25.0 10.2 220 26.0 0 0 0
13.353 0x2B main_weld 1 1 1 1 222 25.0 10.2 220 26.0 0 0 0
13.393 0x2B main_weld 1 1 1 1 222 25.0 10.2 220 26.0 0 0 0
13.434 0x2B main_weld 1 1 1 1 222 25.0 10.2 220 26.0 0 0 0
13.474 0x2B main_weld 1 1 1 1 222 25.0 10.2 220 26.0 0 0 0
13.513 0x2B main_weld 1 1 1 1 222 25.0 10.2 220 26.0 0 0 0
13.554 0x2B main_weld 1 1 1 1 223 25.0 10.2 220 26.0 0 0 0
13.594 0x2B main_weld 1 1 1 1 223 25.0 10.2 220 26.0 0 0 0
13.630 0x2B main_weld 1 1 1 1 223 25.0 10.2 220 26.0 0 0 0
13.672 0x2B main_weld 1 1 1 1 223 25.0 10.2 220 26.0 0 0 0
13.716 0x2B main_weld 1 1 1 1 223 25.0 10.2 220 26.0 0 0 0
13.752 0x2B main_weld 1 1 1 1 223 25.0 10.2 220 26.0 0 0 0
13.794 0x2B main_weld 1 1 1 1 223 25.0 10.2 220 26.0 0 0 0
13.833 0x2B main_weld 1 1 1 1 223 25.0 10.2 220 26.0 0 0 0
13.875 0x2B main_weld 1 1 1 1 223 25.0 10.2 220 26.0 0 0 0
13.915 0x2B main_weld 1 1 1 1 224 25.0 10.2 220 26.0 0 0 0
13.955 0x2B main_weld 1 1 1 1 224 25.0 10.2 220 26.0 0 0 0
13.993 0x2B main_weld 1 1 1 1 224 25.0 10.2 220 26.0 0 0 0
14.041 0x2B main_weld 1 1 1 1 224 25.0 10.2 220 26.0 0 0 0
14.079 0x2B main_weld 1 1 1 1 218 25.0 10.2 220 26.0 0 0 0
14.116 0x2B main_weld 1 1 1 1 218 25.0 10.2 220 26.0 0 0 0
14.156 0x2B main_weld 1 1 1 1 218 25.0 10.2 220 26.0 0 0 0
14.197 0x2B main_weld 1 1 1 1 218 25.0 10.2 220 26.0 0 0 0
14.235 0x2B main_weld 1 1 1 1 218 25.0 10.2 220 26.0 0 0 0
14.275 0x2B main_weld 1 1 1 1 223 25.0 10.2 220 26.0 0 0 0
14.312 0x2B main_weld 1 1 1 1 223 25.0 10.2 220 26.0 0 0 0
14.352 0x2B main_weld 1 1 1 1 223 25.0 10.2 220 26.0 0 0 0
14.391 0x2B main_weld 1 1 1 1 223 25.2 10.2 220 26.0 0 0 0
14.434 0x2B main_weld 1 1 1 1 228 25.2 10.2 220 26.0 0 0 0
14.473 0x2B main_weld 1 1 1 1 228 25.2 10.2 220 26.0 0 0 0
14.515 0x2B main_weld 1 1 1 1 228 25.2 10.2 220 26.0 0 0 0
14.555 0x2B main_weld 1 1 1 1 228 25.2 10.2 220 26.0 0 0 0
14.594 0x2B main_weld 1 1 1 1 216 25.2 10.2 220 26.0 0 0 0
14.637 0x2B main_weld 1 1 1 1 216 25.2 10.2 220 26.0 0 0 0
14.672 0x2B main_weld 1 1 1 1 216 25.2 10.2 220 26.0 0 0 0
14.713 0x2B main_weld 1 1 1 1 216 25.2 10.2 220 26.0 0 0 0
14.760 0x2B main_weld 1 1 1 1 216 25.3 10.2 220 26.0 0 0 0
14.794 0x2B main_weld 1 1 1 1 228 25.3 10.2 220 26.0 0 0 0
14.841 0x2B main_weld 1 1 1 1 228 25.3 10.2 220 26.0 0 0 0
14.870 0x2B main_weld 1 1 1 1 228 25.3 10.2 220 26.0 0 0 0
14.914 0x2B main_weld 1 1 1 1 228 25.3 10.2 220 26.0 0 0 0
14.955 0x2B main_weld 1 1 1 1 226 25.3 10.2 220 26.0 0 0 0
14.995 0x2B main_weld 1 1 1 1 226 25.3 10.2 220 26.0 0 0 0
15.033 0x2B main_weld 1 1 1 1 226 25.3 10.2 220 26.0 0 0 0
15.076 0x2B main_weld 1 1 1 1 217 25.3 10.2 220 26.0 0 0 0
15.115 0x2B main_weld 1 1 1 1 217 25.1 10.2 220 26.0 0 0 0
15.156 0x2B main_weld 1 1 1 1 217 25.1 10.2 220 26.0 0 0 0
15.197 0x2B main_weld 1 1 1 1 217 25.1 10.2 220 26.0 0 0 0
15.234 0x2B main_weld 1 1 1 1 225 25.1 10.2 220 26.0 0 0 0
15.275 0x2B main_weld 1 1 1 1 225 25.1 10.2 220 26.0 0 0 0
15.314 0x2B main_weld 1 1 1 1 225 25.0 10.2 220 26.0 0 0 0
15.358 0x2B main_weld 1 1 1 1 225 25.0 10.2 220 26.0 0 0 0
15.396 0x2B main_weld 1 1 1 1 225 25.0 10.2 220 26.0 0 0 0
15.435 0x2B main_weld 1 1 1 1 224 25.0 10.2 220 26.0 0 0 0
15.472 0x2B main_weld 1 1 1 1 224 25.0 10.2 220 26.0 0 0 0
15.515 0x2B main_weld 1 1 1 1 224 25.0 10.2 220 26.0 0 0 0
15.551 0x2B main_weld 1 1 1 1 224 25.0 10.2 220 26.0 0 0 0
15.591 0x2B main_weld 1 1 1 1 218 25.1 10.2 220 26.0 0 0 0
15.633 0x2B main_weld 1 1 1 1 218 25.1 10.2 220 26.0 0 0 0
15.677 0x2B main_weld 1 1 1 1 218 25.1 10.2 220 26.0 0 0 0
15.714 0x2B main_weld 1 1 1 1 218 25.1 10.2 220 26.0 0 0 0
15.751 0x2B main_weld 1 1 1 1 218 25.0 10.2 220 26.0 0 0 0
15.795 0x2B main_weld 1 1 1 1 226 25.0 10.2 220 26.0 0 0 0
15.830 0x2B main_weld 1 1 1 1 226 25.0 10.2 220 26.0 0 0 0
15.882 0x2B main_weld 1 1 1 1 226 25.0 10.2 220 26.0 0 0 0
15.911 0x2B main_weld 1 1 1 1 226 25.0 10.2 220 26.0 0 0 0
15.949 0x2B main_weld 1 1 1 1 222 25.0 10.2 220 26.0 0 0 0
16.002 0x2B main_weld 1 1 1 1 222 25.0 10.2 220 26.0 0 0 0
16.034 0x2B main_weld 1 1 1 1 222 25.0 10.2 220 26.0 0 0 0
16.074 0x2B main_weld 1 1 1 1 222 25.0 10.2 220 26.0 0 0 0
16.117 0x2B main_weld 1 1 1 1 222 25.3 10.2 220 26.0 0 0 0
16.153 0x2B main_weld 1 1 1 1 224 25.3 10.2 220 26.0 0 0 0
16.194 0x2B main_weld 1 1 1 1 224 25.3 10.2 220 26.0 0 0 0
16.236 0x2B main_weld 1 1 1 1 224 25.3 10.2 220 26.0 0 0 0
16.277 0x2B main_weld 1 1 1 1 224 25.3 10.2 220 26.0 0 0 0
16.312 0x2B main_weld 1 1 1 1 222 25.0 10.2 220 26.0 0 0 0
16.355 0x2B main_weld 1 1 1 1 222 25.0 10.2 220 26.0 0 0 0
16.390 0x2B main_weld 1 1 1 1 222 25.0 10.2 220 26.0 0 0 0
16.433 0x2B main_weld 1 1 1 1 222 25.0 10.2 220 26.0 0 0 0
16.472 0x2B main_weld 1 1 1 1 222 25.3 10.2 220 26.0 0 0 0
16.519 0x2B main_weld 1 1 1 1 226 25.3 10.2 220 26.0 0 0 0
16.554 0x2B main_weld 1 1 1 1 226 25.3 10.2 220 26.0 0 0 0
16.593 0x2B main_weld 1 1 1 1 224 25.3 10.2 220 26.0 0 0 0
16.637 0x2B main_weld 1 1 1 1 224 25.0 10.2 220 26.0 0 0 0
16.673 0x2B main_weld 1 1 1 1 224 25.0 10.2 220 26.0 0 0 0
16.716 0x2B main_weld 1 1 1 1 224 25.0 10.2 220 26.0 0 0 0
16.751 0x2B main_weld 1 1 1 1 223 25.0 10.2 220 26.0 0 0 0
16.796 0x2B main_weld 1 1 1 1 223 25.0 10.2 220 26.0 0 0 0
16.834 0x2B main_weld 1 1 1 1 223 25.0 10.2 220 26.0 0 0 0
16.872 0x2B main_weld 1 1 1 1 223 25.0 10.2 220 26.0 0 0 0
16.913 0x2B main_weld 1 1 1 1 223 25.0 10.2 220 26.0 0 0 0
16.952 0x2B main_weld 1 1 1 1 226 25.0 10.2 220 26.0 0 0 0
16.991 0x2B main_weld 1 1 1 1 226 25.0 10.2 220 26.0 0 0 0
17.036 0x2B main_weld 1 1 1 1 226 25.0 10.2 220 26.0 0 0 0
17.078 0x2B main_weld 1 1 1 1 226 25.0 10.2 220 26.0 0 0 0
17.114 0x2B main_weld 1 1 1 1 226 25.0 10.2 220 26.0 0 0 0
17.156 0x2B main_weld 1 1 1 1 224 25.0 10.2 220 26.0 0 0 0
17.195 0x2B main_weld 1 1 1 1 224 25.0 10.2 220 26.0 0 0 0
17.232 0x2B main_weld 1 1 1 1 224 25.0 10.2 220 26.0 0 0 0
17.271 0x2B main_weld 1 1 1 1 224 25.0 10.2 220 26.0 0 0 0
17.311 0x2B main_weld 1 1 1 1 223 25.0 10.2 220 26.0 0 0 0
17.355 0x2B main_weld 1 1 1 1 223 25.0 10.2 220 26.0 0 0 0
17.398 0x2B main_weld 1 1 1 1 223 25.0 10.2 220 26.0 0 0 0
17.437 0x2B main_weld 1 1 1 1 223 25.0 10.2 220 26.0 0 0 0
17.470 0x2B main_weld 1 1 1 1 223 25.0 10.2 220 26.0 0 0 0
17.519 0x2B main_weld 1 1 1 1 230 25.0 10.2 220 26.0 0 0 0
17.553 0x2B main_weld 1 1 1 1 230 25.0 10.2 220 26.0 0 0 0
17.597 0x2B main_weld 1 1 1 1 230 25.0 10.2 220 26.0 0 0 0
17.636 0x2B main_weld 1 1 1 1 230 25.0 10.2 220 26.0 0 0 0
17.675 0x2B main_weld 1 1 1 1 222 25.0 10.2 220 26.0 0 0 0
17.720 0x2B main_weld 1 1 1 1 222 25.0 10.2 220 26.0 0 0 0
17.750 0x2B main_weld 1 1 1 1 220 25.0 10.2 220 26.0 0 0 0
17.793 0x2B main_weld 1 1 1 1 220 25.0 10.2 220 26.0 0 0 0
17.836 0x2B main_weld 1 1 1 1 220 25.0 10.2 220 26.0 0 0 0
17.871 0x2B main_weld 1 1 1 1 220 25.0 10.2 220 26.0 0 0 0
17.916 0x2B main_weld 1 1 1 1 220 25.0 10.2 220 26.0 0 0 0
17.952 0x2B main_weld 1 1 1 1 225 25.0 10.2 220 26.0 0 0 0
17.990 0x2B main_weld 1 1 1 1 225 25.0 10.2 220 26.0 0 0 0
18.043 0x2B main_weld 1 1 1 1 225 25.0 10.2 220 26.0 0 0 0
18.069 0x2B main_weld 1 1 1 1 225 25.0 10.2 220 26.0 0 0 0
18.120 0x2B main_weld 1 1 1 1 226 25.3 10.2 220 26.0 0 0 0
18.163 0x2B main_weld 1 1 1 1 226 25.3 10.2 220 26.0 0 0 0
18.198 0x2B main_weld 1 1 1 1 226 25.3 10.2 220 26.0 0 0 0
18.236 0x2B main_weld 1 1 1 1 226 25.3 10.2 220 26.0 0 0 0
18.271 0x2B main_weld 1 1 1 1 226 25.0 10.2 220 26.0 0 0 0
18.314 0x2B main_weld 1 1 1 1 225 25.0 10.2 220 26.0 0 0 0
18.354 0x2B main_weld 1 1 1 1 225 25.0 10.2 220 26.0 0 0 0
18.392 0x2B main_weld 1 1 1 1 225 25.0 10.2 220 26.0 0 0 0
18.433 0x2B main_weld 1 1 1 1 225 25.0 10.2 220 26.0 0 0 0
18.472 0x2B main_weld 1 1 1 1 225 25.0 10.2 220 26.0 0 0 0
18.515 0x2B main_weld 1 1 1 1 225 25.0 10.2 220 26.0 0 0 0
18.553 0x2B main_weld 1 1 1 1 225 25.0 10.2 220 26.0 0 0 0
18.593 0x2B main_weld 1 1 1 1 225 25.0 10.2 220 26.0 0 0 0
18.642 0x2B main_weld 1 1 1 1 225 25.3 10.2 220 26.0 0 0 0
18.673 0x2B main_weld 1 1 1 1 224 25.3 10.2 220 26.0 0 0 0
18.716 0x2B main_weld 1 1 1 1 224 25.3 10.2 220 26.0 0 0 0
18.760 0x2B main_weld 1 1 1 1 224 25.3 10.2 220 26.0 0 0 0
18.801 0x2B main_weld 1 1 1 1 224 25.0 10.2 220 26.0 0 0 0
18.833 0x2B main_weld 1 1 1 1 225 25.0 10.2 220 26.0 0 0 0
18.873 0x2B main_weld 1 1 1 1 225 25.0 10.2 220 26.0 0 0 0
18.911 0x2B main_weld 1 1 1 1 225 25.0 10.2 220 26.0 0 0 0
18.967 0x2B main_weld 1 1 1 1 225 25.0 10.2 220 26.0 0 0 0
18.993 0x2B main_weld 1 1 1 1 225 25.0 10.2 220 26.0 0 0 0
19.040 0x2B main_weld 1 1 1 1 229 25.0 10.2 220 26.0 0 0 0
19.075 0x2B main_weld 1 1 1 1 229 25.0 10.2 220 26.0 0 0 0
19.119 0x2B main_weld 1 1 1 1 229 25.0 10.2 220 26.0 0 0 0
19.154 0x2B main_weld 1 1 1 1 229 25.3 10.2 220 26.0 0 0 0
19.192 0x2B main_weld 1 1 1 1 222 25.3 10.2 220 26.0 0 0 0
19.233 0x2B main_weld 1 1 1 1 222 25.3 10.2 220 26.0 0 0 0
19.273 0x2B main_weld 1 1 1 1 226 25.3 10.2 220 26.0 0 0 0
19.314 0x2B main_weld 1 1 1 1 226 25.3 10.2 220 26.0 0 0 0
19.357 0x2B main_weld 1 1 1 1 226 25.4 10.2 220 26.0 0 0 0
19.393 0x2B main_weld 1 1 1 1 226 25.4 10.2 220 26.0 0 0 0
19.433 0x2B main_weld 1 1 1 1 226 25.4 10.2 220 26.0 0 0 0
19.473 0x2B main_weld 1 1 1 1 225 25.4 10.2 220 26.0 0 0 0
19.510 0x2B main_weld 1 1 1 1 225 25.4 10.2 220 26.0 0 0 0
19.551 0x2B main_weld 1 1 1 1 225 25.0 10.2 220 26.0 0 0 0
19.590 0x2B main_weld 1 1 1 1 225 25.0 10.2 220 26.0 0 0 0
19.632 0x2B main_weld 1 1 1 1 225 25.0 10.2 220 26.0 0 0 0
19.672 0x2B main_weld 1 1 1 1 226 25.0 10.2 220 26.0 0 0 0
19.713 0x2B main_weld 1 1 1 1 226 25.0 10.2 220 26.0 0 0 0
19.749 0x2B main_weld 1 1 1 1 226 25.0 10.2 220 26.0 0 0 0
19.793 0x2B main_weld 1 1 1 1 226 25.0 10.2 220 26.0 0 0 0
19.835 0x2B main_weld 1 1 1 1 228 25.0 10.2 220 26.0 0 0 0
19.880 0x2B main_weld 1 1 1 1 228 25.0 10.2 220 26.0 0 0 0
19.912 0x2B main_weld 1 1 1 1 228 25.0 10.2 220 26.0 0 0 0
19.952 0x2B main_weld 1 1 1 1 228 25.0 10.2 220 26.0 0 0 0
19.997 0x2B main_weld 1 1 1 1 213 25.1 10.2 220 26.0 0 0 0
20.032 0x2B main_weld 1 1 1 1 213 25.1 10.2 220 26.0 0 0 0
20.077 0x2B main_weld 1 1 1 1 213 25.1 10.2 220 26.0 0 0 0
20.111 0x2B main_weld 1 1 1 1 213 25.1 10.2 220 26.0 0 0 0
20.152 0x2B main_weld 1 1 1 1 213 25.3 10.2 220 26.0 0 0 0
20.194 0x2B main_weld 1 1 1 1 228 25.3 10.2 220 26.0 0 0 0
20.233 0x2B main_weld 1 1 1 1 228 25.3 10.2 220 26.0 0 0 0
20.271 0x2B main_weld 1 1 1 1 228 25.3 10.2 220 26.0 0 0 0
20.316 0x2B main_weld 1 1 1 1 228 25.3 10.2 220 26.0 0 0 0
20.351 0x2B main_weld 1 1 1 1 226 25.0 10.2 220 26.0 0 0 0
20.392 0x2B main_weld 1 1 1 1 226 25.0 10.2 220 26.0 0 0 0
20.435 0x2B main_weld 1 1 1 1 226 25.0 10.2 220 26.0 0 0 0
20.481 0x2B main_weld 1 1 1 1 226 25.0 10.2 220 26.0 0 0 0
20.511 0x2B main_weld 1 1 1 1 226 25.0 10.2 220 26.0 0 0 0
20.553 0x2B main_weld 1 1 1 1 222 25.0 10.2 220 26.0 0 0 0
20.598 0x2B main_weld 1 1 1 1 222 25.0 10.2 220 26.0 0 0 0
20.630 0x2B main_weld 1 1 1 1 222 25.0 10.2 220 26.0 0 0 0
20.673 0x2B main_weld 1 1 1 1 222 25.0 10.2 220 26.0 0 0 0
20.717 0x2B main_weld 1 1 1 1 225 25.0 10.2 220 26.0 0 0 0
20.757 0x2B main_weld 1 1 1 1 225 25.0 10.2 220 26.0 0 0 0
20.794 0x2B main_weld 1 1 1 1 225 25.0 10.2 220 26.0 0 0 0
20.831 0x2B main_weld 1 1 1 1 223 25.0 10.2 220 26.0 0 0 0
20.874 0x2B main_weld 1 1 1 1 223 25.0 10.2 220 26.0 0 0 0
20.915 0x2B main_weld 1 1 1 1 223 25.0 10.2 220 26.0 0 0 0
20.957 0x2B main_weld 1 1 1 1 223 25.0 10.2 220 26.0 0 0 0
20.996 0x2B main_weld 1 1 1 1 224 25.0 10.2 220 26.0 0 0 0
21.035 0x2B main_weld 1 1 1 1 224 25.0 10.2 220 26.0 0 0 0
21.071 0x2B main_weld 1 1 1 1 224 25.3 10.2 220 26.0 0 0 0
21.115 0x2B main_weld 1 1 1 1 224 25.3 10.2 220 26.0 0 0 0
21.151 0x2B main_weld 1 1 1 1 224 25.0 10.2 220 26.0 0 0 0
21.194 0x2B main_weld 1 1 1 1 226 25.0 10.2 220 26.0 0 0 0
21.235 0x2B main_weld 1 1 1 1 226 25.0 10.2 220 26.0 0 0 0
21.273 0x2B main_weld 1 1 1 1 226 25.0 10.2 220 26.0 0 0 0
21.319 0x2B main_weld 1 1 1 1 226 25.3 10.2 220 26.0 0 0 0
21.351 0x2B main_weld 1 1 1 1 225 25.3 10.2 220 26.0 0 0 0
21.396 0x2B main_weld 1 1 1 1 225 25.3 10.2 220 26.0 0 0 0
21.432 0x2B main_weld 1 1 1 1 225 25.3 10.2 220 26.0 0 0 0
21.471 0x2B main_weld 1 1 1 1 225 25.3 10.2 220 26.0 0 0 0
21.511 0x2B main_weld 1 1 1 1 225 25.0 10.2 220 26.0 0 0 0
21.549 0x2B main_weld 1 1 1 1 223 25.0 10.2 220 26.0 0 0 0
21.597 0x2B main_weld 1 1 1 1 223 25.0 10.2 220 26.0 0 0 0
21.634 0x2B main_weld 1 1 1 1 223 25.0 10.2 220 26.0 0 0 0
21.676 0x2B main_weld 1 1 1 1 223 25.0 10.2 220 26.0 0 0 0
21.718 0x2B main_weld 1 1 1 1 223 25.0 10.2 220 26.0 0 0 0
21.750 0x2B main_weld 1 1 1 1 223 25.0 10.2 220 26.0 0 0 0
21.793 0x2B main_weld 1 1 1 1 223 25.0 10.2 220 26.0 0 0 0
21.837 0x2B main_weld 1 1 1 1 219 25.0 10.2 220 26.0 0 0 0
21.875 0x2B main_weld 1 1 1 1 219 25.1 10.2 220 26.0 0 0 0
21.916 0x2B main_weld 1 1 1 1 219 25.1 10.2 220 26.0 0 0 0
21.953 0x2B main_weld 1 1 1 1 219 25.1 10.2 220 26.0 0 0 0
21.990 0x2B main_weld 1 1 1 1 222 25.1 10.2 220 26.0 0 0 0
22.036 0x2B main_weld 1 1 1 1 222 25.0 10.2 220 26.0 0 0 0
22.077 0x2B main_weld 1 1 1 1 222 25.0 10.2 220 26.0 0 0 0
22.112 0x2B main_weld 1 1 1 1 222 25.0 10.2 220 26.0 0 0 0
22.155 0x2B main_weld 1 1 1 1 226 25.0 10.2 220 26.0 0 0 0
22.193 0x2B main_weld 1 1 1 1 226 25.0 10.2 220 26.0 0 0 0
22.236 0x2B main_weld 1 1 1 1 226 25.4 10.2 220 26.0 0 0 0
22.272 0x2B main_weld 1 1 1 1 226 25.4 10.2 220 26.0 0 0 0
22.315 0x2B main_weld 1 1 1 1 226 25.2 10.2 220 26.0 0 0 0
22.353 0x2B main_weld 1 1 1 1 224 25.2 10.2 220 26.0 0 0 0
22.396 0x2B main_weld 1 1 1 1 224 25.2 10.2 220 26.0 0 0 0
22.432 0x2B main_weld 1 1 1 1 224 25.2 10.2 220 26.0 0 0 0
22.475 0x2B main_weld 1 1 1 1 224 25.2 10.2 220 26.0 0 0 0
22.510 0x2B main_weld 1 1 1 1 217 25.1 10.2 220 26.0 0 0 0
22.550 0x2B main_weld 1 1 1 1 217 25.1 10.2 220 26.0 0 0 0
22.590 0x2B main_weld 1 1 1 1 217 25.1 10.2 220 26.0 0 0 0
22.634 0x2B main_weld 1 1 1 1 217 25.1 10.2 220 26.0 0 0 0
22.675 0x2B main_weld 1 1 1 1 217 25.0 10.2 220 26.0 0 0 0
22.724 0x2B main_weld 1 1 1 1 226 25.0 10.2 220 26.0 0 0 0
22.754 0x2B main_weld 1 1 1 1 226 25.0 10.2 220 26.0 0 0 0
22.791 0x2B main_weld 1 1 1 1 226 25.0 10.2 220 26.0 0 0 0
22.834 0x2B main_weld 1 1 1 1 226 25.0 10.2 220 26.0 0 0 0
22.870 0x2B main_weld 1 1 1 1 226 25.1 10.2 220 26.0 0 0 0
22.912 0x2B main_weld 1 1 1 1 218 25.1 10.2 220 26.0 0 0 0
22.957 0x2B main_weld 1 1 1 1 218 25.1 10.2 220 26.0 0 0 0
23.001 0x2B main_weld 1 1 1 1 218 25.1 10.2 220 26.0 0 0 0
23.033 0x2B main_weld 1 1 1 1 218 25.0 10.2 220 26.0 0 0 0
23.074 0x2B main_weld 1 1 1 1 223 25.0 10.2 220 26.0 0 0 0
23.111 0x2B main_weld 1 1 1 1 223 25.0 10.2 220 26.0 0 0 0
23.151 0x2B main_weld 1 1 1 1 223 25.0 10.2 220 26.0 0 0 0
23.191 0x2B main_weld 1 1 1 1 223 25.0 10.2 220 26.0 0 0 0
23.234 0x2B main_weld 1 1 1 1 219 25.0 10.2 220 26.0 0 0 0
23.273 0x2B main_weld 1 1 1 1 219 25.0 10.2 220 26.0 0 0 0
23.312 0x2B main_weld 1 1 1 1 219 25.0 10.2 220 26.0 0 0 0
23.350 0x2B main_weld 1 1 1 1 225 25.0 10.2 220 26.0 0 0 0
23.394 0x2B main_weld 1 1 1 1 225 25.0 10.2 220 26.0 0 0 0
23.432 0x2B main_weld 1 1 1 1 225 25.0 10.2 220 26.0 0 0 0
23.471 0x2B main_weld 1 1 1 1 225 25.0 10.2 220 26.0 0 0 0
23.511 0x2B main_weld 1 1 1 1 219 25.0 10.2 220 26.0 0 0 0
23.561 0x2B main_weld 1 1 1 1 219 25.0 10.2 220 26.0 0 0 0
23.595 0x2B main_weld 1 1 1 1 219 25.4 10.2 220 26.0 0 0 0
23.638 0x2B main_weld 1 1 1 1 219 25.4 10.2 220 26.0 0 0 0
23.677 0x2B main_weld 1 1 1 1 219 25.4 10.2 220 26.0 0 0 0
23.710 0x2B main_weld 1 1 1 1 222 25.4 10.2 220 26.0 0 0 0
23.751 0x2B main_weld 1 1 1 1 222 25.0 10.2 220 26.0 0 0 0
23.797 0x2B main_weld 1 1 1 1 222 25.0 10.2 220 26.0 0 0 0
23.835 0x2B main_weld 1 1 1 1 222 25.1 10.2 220 26.0 0 0 0
23.874 0x2B main_weld 1 1 1 1 220 25.1 10.2 220 26.0 0 0 0
23.912 0x2B main_weld 1 1 1 1 220 25.1 10.2 220 26.0 0 0 0
23.954 0x2B main_weld 1 1 1 1 220 25.1 10.2 220 26.0 0 0 0
23.991 0x2B main_weld 1 1 1 1 220 25.1 10.2 220 26.0 0 0 0
24.034 0x2B main_weld 1 1 1 1 220 25.0 10.2 220 26.0 0 0 0
24.073 0x2B main_weld 1 1 1 1 224 25.0 10.2 220 26.0 0 0 0
24.116 0x2B main_weld 1 1 1 1 224 25.0 10.2 220 26.0 0 0 0
24.150 0x2B main_weld 1 1 1 1 224 25.0 10.2 220 26.0 0 0 0
24.200 0x2B main_weld 1 1 1 1 224 25.0 10.2 220 26.0 0 0 0
24.248 0x2B main_weld 1 1 1 1 222 25.0 10.2 220 26.0 0 0 0
24.270 0x2B main_weld 1 1 1 1 222 25.0 10.2 220 26.0 0 0 0
24.311 0x28 idle 0 1 0 1 222 25.0 10.2 220 26.0 0 0 0
24.357 0x28 idle 0 1 0 1 222 25.0 10.2 220 26.0 0 0 0
24.390 0x28 idle 0 1 0 1 222 24.8 10.2 220 26.0 0 0 0
24.432 0x28 idle 0 1 0 1 223 24.8 10.2 220 26.0 0 0 0
24.471 0x28 idle 0 1 0 1 223 24.8 10.2 220 26.0 0 0 0
24.510 0x28 idle 0 1 0 1 61 24.8 10.2 220 26.0 0 0 0
24.553 0x28 idle 0 1 0 1 61 43.5 10.2 220 26.0 0 0 0
24.592 0x28 idle 0 1 0 1 61 43.5 10.2 220 26.0 0 0 0
24.632 0x28 idle 0 1 0 1 61 43.5 10.2 220 26.0 0 0 0
24.674 0x28 idle 0 1 0 1 0 43.5 10.2 220 26.0 0 0 0
24.713 0x28 idle 0 1 0 1 0 43.5 10.2 220 26.0 0 0 0
24.753 0x28 idle 0 1 0 1 0 59.1 10.2 220 26.0 0 0 0
24.789 0x28 idle 0 1 0 1 0 59.1 10.2 220 26.0 0 0 0
24.830 0x28 idle 0 1 0 1 0 23.4 10.2 220 26.0 0 0 0
24.870 0x28 idle 0 1 0 1 0 23.4 10.2 220 26.0 0 0 0
24.911 0x28 idle 0 1 0 1 0 23.4 10.2 220 26.0 0 0 0
24.953 0x28 idle 0 1 0 1 0 23.4 10.2 220 26.0 0 0 0
24.992 0x28 idle 0 1 0 1 0 23.4 10.2 220 26.0 0 0 0
25.031 0x28 idle 0 1 0 1 0 3.0 10.2 220 26.0 0 0 0
25.078 0x28 idle 0 1 0 1 0 3.0 10.2 220 26.0 0 0 0
25.111 0x28 idle 0 1 0 1 0 3.0 10.2 220 26.0 0 0 0
25.151 0x28 idle 0 1 0 1 0 3.0 10.2 220 26.0 0 0 0
25.192 0x08 idle 0 1 0 0 0 0.0 10.2 220 26.0 0 0 0
25.230 0x08 idle 0 1 0 0 0 0.0 10.2 220 26.0 0 0 0
25.275 0x08 idle 0 1 0 0 0 0.0 0.0 220 26.0 0 0 0
25.311 0x08 idle 0 1 0 0 0 0.0 0.0 220 26.0 0 0 0
25.351 0x08 idle 0 1 0 0 0 0.0 0.0 220 26.0 0 0 0
25.391 0x08 idle 0 1 0 0 0 0.0 0.0 220 26.0 0 0 0
25.431 0x08 idle 0 1 0 0 0 0.0 0.0 220 26.0 0 0 0
25.473 0x08 idle 0 1 0 0 0 0.0 0.0 220 26.0 0 0 0
25.519 0x08 idle 0 1 0 0 0 0.0 0.0 220 26.0 0 0 0
25.550 0x08 idle 0 1 0 0 0 0.0 0.0 220 26.0 0 0 0
25.593 0x08 idle 0 1 0 0 0 0.0 0.0 220 26.0 0 0 0
25.632 0x08 idle 0 1 0 0 0 0.0 0.0 220 26.0 0 0 0
25.671 0x08 idle 0 1 0 0 0 0.0 0.0 220 26.0 0 0 0
25.711 0x08 idle 0 1 0 0 0 0.0 0.0 220 26.0 0 0 0
25.751 0x08 idle 0 1 0 0 0 0.0 0.0 220 26.0 0 0 0
25.791 0x08 idle 0 1 0 0 0 0.0 0.0 220 26.0 0 0 0
25.833 0x08 idle 0 1 0 0 0 0.0 0.0 220 26.0 0 0 0
25.872 0x08 idle 0 1 0 0 0 0.0 0.0 220 26.0 0 0 0
25.913 0x08 idle 0 1 0 0 0 0.0 0.0 220 26.0 0 0 0
25.953 0x08 idle 0 1 0 0 0 0.0 0.0 220 26.0 0 0 0
25.991 0x08 idle 0 1 0 0 0 0.0 0.0 220 26.0 0 0 0
26.031 0x08 idle 0 1 0 0 0 0.0 0.0 220 26.0 0 0 0
26.075 0x08 idle 0 1 0 0 0 0.0 0.0 220 26.0 0 0 0
26.113 0x08 idle 0 1 0 0 0 0.0 0.0 220 26.0 0 0 0
26.150 0x08 idle 0 1 0 0 0 0.0 0.0 220 26.0 0 0 0
26.190 0x08 idle 0 1 0 0 0 0.0 0.0 220 26.0 0 0 0
26.230 0x08 idle 0 1 0 0 0 0.0 0.0 220 26.0 0 0 0
26.270 0x08 idle 0 1 0 0 0 0.0 0.0 220 26.0 0 0 0
26.309 0x08 idle 0 1 0 0 0 0.0 0.0 220 26.0 0 0 0
26.353 0x08 idle 0 1 0 0 0 0.0 0.0 220 26.0 0 0 0
26.390 0x08 idle 0 1 0 0 0 0.0 0.0 220 26.0 0 0 0
26.430 0x08 idle 0 1 0 0 0 0.0 0.0 220 26.0 0 0 0
26.472 0x08 idle 0 1 0 0 0 0.0 0.0 220 26.0 0 0 0
26.511 0x08 idle 0 1 0 0 0 0.0 0.0 220 26.0 0 0 0
26.551 0x08 idle 0 1 0 0 0 0.0 0.0 220 26.0 0 0 0
26.592 0x08 idle 0 1 0 0 0 0.0 0.0 220 26.0 0 0 0
26.632 0x08 idle 0 1 0 0 0 0.0 0.0 220 26.0 0 0 0
26.672 0x08 idle 0 1 0 0 0 0.0 0.0 220 26.0 0 0 0
26.714 0x08 idle 0 1 0 0 0 0.0 0.0 220 26.0 0 0 0
26.752 0x08 idle 0 1 0 0 0 0.0 0.0 220 26.0 0 0 0
26.789 0x08 idle 0 1 0 0 0 0.0 0.0 220 26.0 0 0 0
26.831 0x08 idle 0 1 0 0 0 0.0 0.0 220 26.0 0 0 0
26.873 0x08 idle 0 1 0 0 0 0.0 0.0 220 26.0 0 0 0
26.910 0x08 idle 0 1 0 0 0 0.0 0.0 220 26.0 0 0 0
26.951 0x08 idle 0 1 0 0 0 0.0 0.0 220 26.0 0 0 0
26.991 0x08 idle 0 1 0 0 0 0.0 0.0 220 26.0 0 0 0
27.037 0x08 idle 0 1 0 0 0 0.0 0.0 220 26.0 0 0 0
27.073 0x08 idle 0 1 0 0 0 0.0 0.0 220 26.0 0 0 0
27.110 0x08 idle 0 1 0 0 0 0.0 0.0 220 26.0 0 0 0
27.151 0x08 idle 0 1 0 0 0 0.0 0.0 220 26.0 0 0 0
27.193 0x08 idle 0 1 0 0 0 0.0 0.0 220 26.0 0 0 0
27.233 0x08 idle 0 1 0 0 0 0.0 0.0 220 26.0 0 0 0
27.272 0x08 idle 0 1 0 0 0 0.0 0.0 220 26.0 0 0 0
27.315 0x08 idle 0 1 0 0 0 0.0 0.0 220 26.0 0 0 0
27.351 0x08 idle 0 1 0 0 0 0.0 0.0 220 26.0 0 0 0
27.389 0x08 idle 0 1 0 0 0 0.0 0.0 220 26.0 0 0 0
27.432 0x08 idle 0 1 0 0 0 0.0 0.0 220 26.0 0 0 0
27.477 0x08 idle 0 1 0 0 0 0.0 0.0 220 26.0 0 0 0
27.511 0x08 idle 0 1 0 0 0 0.0 0.0 220 26.0 0 0 0
27.549 0x00 idle 0 0 0 0 0 0.0 0.0 220 26.0 0 0 0

[tcp_trajectory]
elapsed_s x_m y_m z_m qx qy qz qw speed_m_s tf_stamp_s along_mm remaining_mm cross_track_mm progress waypoint phase
0.0018 -0.0167911 -1.7294115 0.6758004 -0.29641614 0.73569339 -0.59300601 -0.13869599 0.000000 1789551764.632810354 -0.049 156.059 0.690 0.00000 -1 ACTUAL_TF
0.0349 -0.0166455 -1.7294243 0.6756738 -0.29640402 0.73569690 -0.59300806 -0.13869448 0.003461 1789551764.688673496 -0.066 156.076 0.498 0.00000 -1 ACTUAL_TF
0.0962 -0.0165378 -1.7294357 0.6755903 -0.29639505 0.73569300 -0.59301798 -0.13869196 0.003153 1789551764.744867802 -0.080 156.090 0.362 0.00000 -1 ACTUAL_TF
0.1546 -0.0164790 -1.7294526 0.6755629 -0.29638692 0.73568752 -0.59302877 -0.13869227 0.002565 1789551764.801106215 -0.098 156.108 0.299 0.00000 -1 ACTUAL_TF
0.2037 -0.0164337 -1.7294568 0.6755342 -0.29638256 0.73568432 -0.59303554 -0.13868959 0.002086 1789551764.856716871 -0.103 156.113 0.246 0.00000 -1 ACTUAL_TF
0.2541 -0.0164139 -1.7294563 0.6755197 -0.29638094 0.73568374 -0.59303720 -0.13868906 0.001591 1789551764.912862778 -0.103 156.113 0.222 0.00000 -1 ACTUAL_TF
0.3147 -0.0163903 -1.7294582 0.6755101 -0.29638157 0.73568099 -0.59304091 -0.13868641 0.001251 1789551764.968818426 -0.106 156.115 0.198 0.00000 -1 ACTUAL_TF
0.3747 -0.0163752 -1.7294551 0.6755005 -0.29638429 0.73567985 -0.59304144 -0.13868441 0.000973 1789551765.024811268 -0.103 156.113 0.180 0.00000 -1 ACTUAL_TF
0.4265 -0.0163637 -1.7294518 0.6754943 -0.29638458 0.73567973 -0.59304197 -0.13868217 0.000753 1789551765.080836058 -0.100 156.110 0.168 0.00000 -1 ACTUAL_TF
0.4830 -0.0163511 -1.7294513 0.6754925 -0.29638692 0.73567756 -0.59304392 -0.13868032 0.000595 1789551765.136833191 -0.100 156.109 0.158 0.00000 -1 ACTUAL_TF
0.5401 -0.0163488 -1.7294477 0.6754879 -0.29638732 0.73567862 -0.59304244 -0.13868017 0.000451 1789551765.192835808 -0.096 156.106 0.153 0.00000 -1 ACTUAL_TF
0.5983 -0.0163410 -1.7294438 0.6754846 -0.29638898 0.73567799 -0.59304267 -0.13867899 0.000365 1789551765.248684406 -0.092 156.102 0.145 0.00000 -1 ACTUAL_TF
0.6469 -0.0163317 -1.7294431 0.6754814 -0.29639170 0.73567685 -0.59304323 -0.13867679 0.000309 1789551765.304697752 -0.092 156.102 0.137 0.00000 -1 ACTUAL_TF
0.7107 -0.0163278 -1.7294388 0.6754766 -0.29639357 0.73567736 -0.59304199 -0.13867541 0.000256 1789551765.360850811 -0.088 156.097 0.130 0.00000 -1 ACTUAL_TF
0.7610 -0.0163252 -1.7294361 0.6754735 -0.29639363 0.73567729 -0.59304202 -0.13867552 0.000206 1789551765.416724920 -0.085 156.095 0.126 0.00000 -1 ACTUAL_TF
0.8245 -0.0163201 -1.7294352 0.6754738 -0.29639358 0.73567731 -0.59304254 -0.13867327 0.000172 1789551765.472787380 -0.084 156.094 0.123 0.00000 -1 ACTUAL_TF
0.8793 -0.0163163 -1.7294310 0.6754689 -0.29639544 0.73567783 -0.59304130 -0.13867189 0.000160 1789551765.529329777 -0.080 156.090 0.117 0.00000 -1 ACTUAL_TF
0.9266 -0.0163122 -1.7294277 0.6754658 -0.29639687 0.73567725 -0.59304154 -0.13867086 0.000145 1789551765.584774256 -0.077 156.087 0.112 0.00000 -1 ACTUAL_TF
1.0404 -0.0163092 -1.7294267 0.6754658 -0.29639958 0.73567617 -0.59304207 -0.13866860 0.000110 1789551765.696787596 -0.076 156.086 0.110 0.00000 -1 ACTUAL_TF
1.1562 -0.0163084 -1.7294229 0.6754659 -0.29640108 0.73567556 -0.59304233 -0.13866746 0.000087 1789551765.808839560 -0.072 156.082 0.110 0.00000 -1 ACTUAL_TF
1.2137 -0.0163166 -1.7293822 0.6754588 -0.29640248 0.73568123 -0.59303507 -0.13866545 0.000287 1789551765.864779949 -0.031 156.041 0.108 0.00000 -1 ACTUAL_TF
1.2650 -0.0163282 -1.7293297 0.6754596 -0.29640336 0.73568085 -0.59303483 -0.13866663 0.000489 1789551765.920720577 0.021 155.989 0.115 0.00000 -1 ACTUAL_TF
1.3260 -0.0163532 -1.7292501 0.6754845 -0.29639297 0.73566627 -0.59305532 -0.13867850 0.000807 1789551765.976890326 0.102 155.908 0.149 0.00000 -1 ACTUAL_TF
1.3762 -0.0163682 -1.7291366 0.6754943 -0.29638597 0.73566277 -0.59306130 -0.13868646 0.001183 1789551766.032670498 0.215 155.794 0.164 0.00000 -1 ACTUAL_TF
1.4373 -0.0163778 -1.7289955 0.6754951 -0.29638613 0.73566390 -0.59305913 -0.13868943 0.001584 1789551766.088824987 0.357 155.653 0.169 0.00000 -1 ACTUAL_TF
1.4853 -0.0163625 -1.7288217 0.6755170 -0.29638560 0.73564906 -0.59307716 -0.13869219 0.002053 1789551766.144702435 0.531 155.479 0.171 0.00000 -1 ACTUAL_TF
1.5449 -0.0163515 -1.7286533 0.6755185 -0.29639044 0.73564824 -0.59307626 -0.13869002 0.002341 1789551766.200689793 0.699 155.311 0.162 0.00000 -1 ACTUAL_TF
1.6028 -0.0163585 -1.7284385 0.6755333 -0.29638701 0.73564080 -0.59308565 -0.13869668 0.002792 1789551766.256742239 0.914 155.096 0.173 0.00000 -1 ACTUAL_TF
1.6600 -0.0163683 -1.7282200 0.6755357 -0.29638723 0.73564181 -0.59308344 -0.13870029 0.003124 1789551766.312827587 1.132 154.877 0.176 0.00000 -1 ACTUAL_TF
1.7223 -0.0163684 -1.7279574 0.6755359 -0.29639029 0.73564419 -0.59307881 -0.13870092 0.003598 1789551766.368696690 1.395 154.615 0.171 0.00000 -1 ACTUAL_TF
1.7721 -0.0163514 -1.7276747 0.6755317 -0.29640195 0.73564682 -0.59307107 -0.13869516 0.004033 1789551766.424776077 1.677 154.333 0.152 0.00000 -1 ACTUAL_TF
1.8266 -0.0163581 -1.7274421 0.6755285 -0.29640243 0.73565275 -0.59306309 -0.13869680 0.004070 1789551766.480777979 1.910 154.100 0.148 0.00000 -1 ACTUAL_TF
1.8796 -0.0163509 -1.7271080 0.6755271 -0.29640108 0.73566058 -0.59305614 -0.13868787 0.004641 1789551766.536735058 2.244 153.766 0.136 0.00000 -1 ACTUAL_TF
1.9430 -0.0163415 -1.7268459 0.6755354 -0.29636663 0.73567431 -0.59306275 -0.13866036 0.004653 1789551766.592806339 2.506 153.504 0.133 0.00000 -1 ACTUAL_TF
1.9961 -0.0163450 -1.7264898 0.6755391 -0.29637384 0.73567366 -0.59305921 -0.13866357 0.005167 1789551766.648738623 2.862 153.148 0.131 0.00000 -1 ACTUAL_TF
2.0578 -0.0163522 -1.7261994 0.6755476 -0.29637561 0.73567033 -0.59306068 -0.13867120 0.005166 1789551766.705017805 3.153 152.857 0.136 0.00000 -1 ACTUAL_TF
2.1139 -0.0163536 -1.7258135 0.6755494 -0.29638196 0.73567000 -0.59305777 -0.13867180 0.005693 1789551766.760762453 3.538 152.471 0.130 0.00000 -1 ACTUAL_TF
2.1638 -0.0163497 -1.7254028 0.6755516 -0.29639009 0.73566902 -0.59305488 -0.13867197 0.006186 1789551766.816753626 3.949 152.061 0.122 0.00000 -1 ACTUAL_TF
2.2233 -0.0163560 -1.7250405 0.6755626 -0.29639080 0.73566354 -0.59306025 -0.13867657 0.006269 1789551766.872848988 4.312 151.698 0.127 0.00000 -1 ACTUAL_TF
2.2746 -0.0163417 -1.7246145 0.6755608 -0.29640122 0.73566285 -0.59305665 -0.13867331 0.006676 1789551766.928747416 4.737 151.273 0.112 0.00000 -1 ACTUAL_TF
2.3405 -0.0163422 -1.7242261 0.6755714 -0.29640555 0.73565708 -0.59306159 -0.13867358 0.006752 1789551766.984819412 5.126 150.884 0.115 0.00000 -1 ACTUAL_TF
2.3928 -0.0163277 -1.7237937 0.6755994 -0.29640304 0.73563916 -0.59308476 -0.13867490 0.007056 1789551767.040654898 5.558 150.452 0.132 0.00000 -1 ACTUAL_TF
2.4448 -0.0163295 -1.7234303 0.6756119 -0.29639759 0.73563366 -0.59309410 -0.13867581 0.006883 1789551767.096780300 5.922 150.088 0.139 0.00000 -1 ACTUAL_TF
2.5042 -0.0163289 -1.7229717 0.6755934 -0.29640451 0.73564682 -0.59307569 -0.13866994 0.007281 1789551767.152684450 6.380 149.630 0.112 0.00000 -1 ACTUAL_TF
2.5570 -0.0163327 -1.7225220 0.6755875 -0.29640862 0.73565364 -0.59306553 -0.13866844 0.007474 1789551767.209445477 6.830 149.180 0.099 0.00000 -1 ACTUAL_TF
2.6141 -0.0163453 -1.7221169 0.6755569 -0.29641612 0.73567525 -0.59303588 -0.13866451 0.007438 1789551767.264714718 7.234 148.776 0.062 0.00000 -1 ACTUAL_TF
2.6660 -0.0163342 -1.7216898 0.6755554 -0.29642350 0.73567456 -0.59303422 -0.13865954 0.007491 1789551767.320809603 7.661 148.349 0.054 0.00000 -1 ACTUAL_TF
2.7223 -0.0163420 -1.7212969 0.6755420 -0.29643047 0.73568271 -0.59302096 -0.13865811 0.007354 1789551767.376707792 8.054 147.956 0.034 0.00000 -1 ACTUAL_TF
2.7856 -0.0163395 -1.7208710 0.6755393 -0.29643407 0.73568475 -0.59301702 -0.13865641 0.007430 1789551767.432706356 8.480 147.530 0.028 0.00000 -1 ACTUAL_TF
2.8391 -0.0163436 -1.7205334 0.6755600 -0.29642973 0.73567505 -0.59303033 -0.13866025 0.007014 1789551767.488672972 8.817 147.192 0.042 0.00000 -1 ACTUAL_TF
2.8913 -0.0163490 -1.7201184 0.6755732 -0.29642639 0.73566742 -0.59304052 -0.13866427 0.007130 1789551767.544799089 9.233 146.777 0.048 0.00000 -1 ACTUAL_TF
2.9438 -0.0163471 -1.7197347 0.6755670 -0.29643251 0.73567347 -0.59303127 -0.13865868 0.007043 1789551767.600889921 9.616 146.394 0.040 0.00000 -1 ACTUAL_TF
3.0060 -0.0163570 -1.7193109 0.6755765 -0.29642916 0.73566952 -0.59303737 -0.13866071 0.007203 1789551767.656842470 10.040 145.970 0.040 0.00000 -1 ACTUAL_TF
3.0687 -0.0163629 -1.7189034 0.6756012 -0.29642221 0.73565710 -0.59305463 -0.13866763 0.007227 1789551767.712905169 10.448 145.562 0.056 0.00000 -1 ACTUAL_TF
3.1169 -0.0163611 -1.7185174 0.6755858 -0.29643348 0.73566854 -0.59303655 -0.13866015 0.007135 1789551767.768738270 10.834 145.176 0.039 0.00000 -1 ACTUAL_TF
3.1752 -0.0163634 -1.7181357 0.6755931 -0.29642855 0.73566651 -0.59304108 -0.13866208 0.007045 1789551767.824587822 11.215 144.794 0.042 0.00000 -1 ACTUAL_TF
3.2261 -0.0163734 -1.7177644 0.6755967 -0.29642866 0.73566999 -0.59303634 -0.13866371 0.006911 1789551767.880877495 11.587 144.423 0.037 0.00000 -1 ACTUAL_TF
3.2809 -0.0163718 -1.7173352 0.6756006 -0.29643233 0.73567072 -0.59303387 -0.13866254 0.007148 1789551767.936626911 12.016 143.994 0.039 0.00000 -1 ACTUAL_TF
3.3407 -0.0163750 -1.7169720 0.6755932 -0.29643850 0.73567797 -0.59302269 -0.13865869 0.006946 1789551767.992743731 12.379 143.631 0.032 0.00000 -1 ACTUAL_TF
3.4031 -0.0163917 -1.7165484 0.6756009 -0.29643422 0.73567941 -0.59302231 -0.13866180 0.007132 1789551768.048766136 12.803 143.207 0.023 0.00000 -1 ACTUAL_TF
3.4586 -0.0163951 -1.7161852 0.6755986 -0.29643999 0.73568555 -0.59301262 -0.13865834 0.006937 1789551768.104794979 13.166 142.844 0.020 0.00000 -1 ACTUAL_TF
3.5168 -0.0163950 -1.7157574 0.6756117 -0.29643999 0.73568151 -0.59301824 -0.13865577 0.007152 1789551768.160722971 13.594 142.416 0.028 0.00000 -1 ACTUAL_TF
3.5730 -0.0163946 -1.7153794 0.6756382 -0.29642862 0.73567087 -0.59303694 -0.13865651 0.007032 1789551768.216852903 13.972 142.038 0.044 0.00000 -1 ACTUAL_TF
3.6147 -0.0164096 -1.7150033 0.6756396 -0.29643126 0.73567586 -0.59302893 -0.13865868 0.006947 1789551768.272617102 14.349 141.661 0.034 0.00000 -1 ACTUAL_TF
3.6791 -0.0164115 -1.7146085 0.6756833 -0.29642399 0.73564978 -0.59306266 -0.13866834 0.006984 1789551768.328796148 14.744 141.266 0.068 0.00000 -1 ACTUAL_TF
3.7320 -0.0164222 -1.7142316 0.6756803 -0.29642838 0.73565528 -0.59305344 -0.13866920 0.006911 1789551768.384734869 15.121 140.889 0.058 0.00000 -1 ACTUAL_TF
3.7915 -0.0164365 -1.7138024 0.6756747 -0.29643235 0.73566457 -0.59303963 -0.13867045 0.007134 1789551768.440856457 15.550 140.460 0.043 0.00000 -1 ACTUAL_TF
3.8440 -0.0164442 -1.7134411 0.6756591 -0.29643981 0.73567877 -0.59301940 -0.13866571 0.006933 1789551768.496789932 15.911 140.099 0.022 0.00000 -1 ACTUAL_TF
3.8945 -0.0164460 -1.7130451 0.6756788 -0.29643373 0.73567224 -0.59303010 -0.13866759 0.006964 1789551768.553143024 16.307 139.703 0.035 0.00000 -1 ACTUAL_TF
3.9552 -0.0164478 -1.7126285 0.6756844 -0.29642654 0.73567357 -0.59303336 -0.13866193 0.007120 1789551768.608809233 16.724 139.286 0.035 0.00000 -1 ACTUAL_TF
4.0174 -0.0164602 -1.7122683 0.6756920 -0.29642150 0.73567535 -0.59303330 -0.13866355 0.006920 1789551768.664661884 17.084 138.925 0.035 0.00000 -1 ACTUAL_TF
4.0691 -0.0164636 -1.7118090 0.6756821 -0.29643313 0.73568657 -0.59301502 -0.13865734 0.007306 1789551768.720663548 17.544 138.466 0.018 0.00000 -1 ACTUAL_TF
4.1299 -0.0164680 -1.7114864 0.6757040 -0.29642652 0.73567404 -0.59303239 -0.13866364 0.006843 1789551768.776750803 17.866 138.143 0.034 0.00000 -1 ACTUAL_TF
4.1854 -0.0164707 -1.7110626 0.6757091 -0.29642916 0.73567140 -0.59303424 -0.13866408 0.007064 1789551768.832682848 18.290 137.720 0.033 0.00000 -1 ACTUAL_TF
4.2362 -0.0164702 -1.7106989 0.6757060 -0.29643441 0.73567529 -0.59302789 -0.13865943 0.006890 1789551768.888760567 18.654 137.356 0.027 0.00000 -1 ACTUAL_TF
4.2960 -0.0164728 -1.7103018 0.6757267 -0.29642858 0.73566361 -0.59304424 -0.13866389 0.006952 1789551768.944797039 19.051 136.959 0.040 0.00000 -1 ACTUAL_TF
4.3461 -0.0164842 -1.7099461 0.6757267 -0.29642727 0.73566764 -0.59303972 -0.13866466 0.006772 1789551769.000824213 19.407 136.603 0.032 0.00000 -1 ACTUAL_TF
4.3968 -0.0164926 -1.7094883 0.6757315 -0.29642827 0.73567062 -0.59303637 -0.13866101 0.007200 1789551769.056685448 19.865 136.145 0.029 0.00000 -1 ACTUAL_TF
4.4549 -0.0164954 -1.7090665 0.6757237 -0.29643057 0.73567936 -0.59302529 -0.13865717 0.007295 1789551769.112804413 20.287 135.723 0.016 0.00000 -1 ACTUAL_TF
4.5218 -0.0165028 -1.7087396 0.6757436 -0.29642372 0.73566940 -0.59303942 -0.13866419 0.006861 1789551769.168837547 20.614 135.396 0.029 0.00000 -1 ACTUAL_TF
4.5715 -0.0165136 -1.7083052 0.6757463 -0.29642333 0.73567418 -0.59303390 -0.13866331 0.007133 1789551769.224775076 21.048 134.962 0.024 0.00000 -1 ACTUAL_TF
4.6262 -0.0165102 -1.7079710 0.6757528 -0.29642161 0.73567339 -0.59303613 -0.13866161 0.006785 1789551769.280737877 21.382 134.627 0.026 0.00000 -1 ACTUAL_TF
4.6812 -0.0165218 -1.7075505 0.6757613 -0.29642068 0.73567349 -0.59303617 -0.13866289 0.007002 1789551769.336784601 21.803 134.207 0.026 0.00000 -1 ACTUAL_TF
4.7412 -0.0165423 -1.7071833 0.6757646 -0.29641610 0.73567505 -0.59303547 -0.13866741 0.006874 1789551769.392696381 22.171 133.839 0.027 0.00000 -1 ACTUAL_TF
4.7952 -0.0165495 -1.7067392 0.6757762 -0.29641818 0.73567257 -0.59303752 -0.13866733 0.007186 1789551769.448854446 22.615 133.395 0.032 0.00000 -1 ACTUAL_TF
4.8559 -0.0165575 -1.7063239 0.6757784 -0.29641954 0.73567424 -0.59303437 -0.13866907 0.007256 1789551769.504830360 23.030 132.980 0.030 0.00000 -1 ACTUAL_TF
4.9046 -0.0165583 -1.7059980 0.6757979 -0.29641455 0.73566475 -0.59304784 -0.13867246 0.006829 1789551769.560798883 23.356 132.654 0.040 0.00000 -1 ACTUAL_TF
4.9673 -0.0165644 -1.7055818 0.6758214 -0.29641145 0.73565443 -0.59306083 -0.13867830 0.007005 1789551769.617014408 23.773 132.237 0.056 0.00000 -1 ACTUAL_TF
5.0153 -0.0165591 -1.7052449 0.6758256 -0.29641487 0.73565406 -0.59306040 -0.13867477 0.006717 1789551769.672753334 24.110 131.900 0.053 0.00000 -1 ACTUAL_TF
5.0758 -0.0165704 -1.7047736 0.6758041 -0.29642453 0.73567351 -0.59303266 -0.13866959 0.007232 1789551769.728708982 24.581 131.429 0.026 0.00000 -1 ACTUAL_TF
5.1367 -0.0165770 -1.7044006 0.6757965 -0.29642562 0.73568524 -0.59301859 -0.13866517 0.007065 1789551769.784619570 24.954 131.056 0.017 0.00000 -1 ACTUAL_TF
5.1909 -0.0165798 -1.7039837 0.6757989 -0.29642472 0.73568903 -0.59301503 -0.13866224 0.007173 1789551769.840778589 25.371 130.639 0.012 0.00000 -1 ACTUAL_TF
5.2505 -0.0165805 -1.7036459 0.6758167 -0.29642097 0.73568152 -0.59302548 -0.13866539 0.006833 1789551769.896768808 25.709 130.301 0.019 0.00000 -1 ACTUAL_TF
5.2993 -0.0165866 -1.7032233 0.6758202 -0.29642704 0.73568127 -0.59302203 -0.13866850 0.007048 1789551769.952772141 26.131 129.879 0.016 0.00000 -1 ACTUAL_TF
5.3605 -0.0165828 -1.7027888 0.6758117 -0.29643854 0.73569124 -0.59300467 -0.13866526 0.007265 1789551770.008699656 26.565 129.444 0.002 0.00000 -1 ACTUAL_TF
5.4098 -0.0165657 -1.7024460 0.6758283 -0.29644502 0.73568084 -0.59301506 -0.13866218 0.006922 1789551770.064806223 26.908 129.102 0.024 0.00000 -1 ACTUAL_TF
5.4712 -0.0165682 -1.7020065 0.6758519 -0.29644000 0.73567126 -0.59302894 -0.13866437 0.007205 1789551770.120777130 27.348 128.662 0.036 0.00000 -1 ACTUAL_TF
5.5195 -0.0165728 -1.7016301 0.6758423 -0.29644402 0.73568184 -0.59301535 -0.13865771 0.007057 1789551770.176867485 27.724 128.286 0.027 0.00000 -1 ACTUAL_TF
5.5776 -0.0165771 -1.7012349 0.6758756 -0.29643377 0.73566565 -0.59303944 -0.13866249 0.007071 1789551770.232710600 28.120 127.890 0.045 0.00000 -1 ACTUAL_TF
5.6395 -0.0165868 -1.7009039 0.6758970 -0.29642791 0.73565653 -0.59305199 -0.13866972 0.006726 1789551770.288741827 28.451 127.559 0.056 0.00000 -1 ACTUAL_TF
5.6885 -0.0165981 -1.7004770 0.6758932 -0.29643101 0.73566490 -0.59304025 -0.13866891 0.006993 1789551770.344820976 28.878 127.132 0.044 0.00000 -1 ACTUAL_TF
5.7489 -0.0166025 -1.7000432 0.6758869 -0.29643765 0.73567434 -0.59302663 -0.13866293 0.007219 1789551770.400837421 29.312 126.698 0.032 0.00000 -1 ACTUAL_TF
5.8022 -0.0166073 -1.6996814 0.6758948 -0.29643442 0.73567406 -0.59302813 -0.13866489 0.007000 1789551770.456599236 29.674 126.336 0.034 0.00000 -1 ACTUAL_TF
5.8628 -0.0166112 -1.6992728 0.6759069 -0.29643193 0.73567226 -0.59303130 -0.13866619 0.007090 1789551770.512598753 30.083 125.927 0.039 0.00000 -1 ACTUAL_TF
5.9125 -0.0166190 -1.6988907 0.6758932 -0.29644161 0.73568422 -0.59301257 -0.13866214 0.007001 1789551770.568884134 30.465 125.545 0.021 0.00000 -1 ACTUAL_TF
5.9734 -0.0166165 -1.6985000 0.6759028 -0.29643984 0.73568087 -0.59301703 -0.13866462 0.006960 1789551770.625820637 30.855 125.155 0.028 0.00000 -1 ACTUAL_TF
6.0281 -0.0166334 -1.6981384 0.6759129 -0.29643688 0.73568171 -0.59301655 -0.13866860 0.006853 1789551770.680668592 31.217 124.793 0.025 0.00000 -1 ACTUAL_TF
6.0858 -0.0166433 -1.6976978 0.6759018 -0.29644214 0.73569422 -0.59299991 -0.13866211 0.007160 1789551770.736626148 31.658 124.352 0.007 0.00000 -1 ACTUAL_TF
6.1498 -0.0166417 -1.6973321 0.6759139 -0.29644154 0.73568793 -0.59300801 -0.13866213 0.006967 1789551770.792792320 32.023 123.987 0.015 0.00000 -1 ACTUAL_TF
6.1994 -0.0166485 -1.6969222 0.6759422 -0.29643045 0.73567580 -0.59302752 -0.13866675 0.007085 1789551770.848627806 32.434 123.576 0.033 0.00000 -1 ACTUAL_TF
6.2513 -0.0166474 -1.6965136 0.6759700 -0.29642627 0.73566090 -0.59304736 -0.13866990 0.007149 1789551770.904736042 32.843 123.167 0.055 0.00000 -1 ACTUAL_TF
6.3149 -0.0166380 -1.6961706 0.6759811 -0.29643018 0.73565531 -0.59305291 -0.13866748 0.006845 1789551770.960687876 33.186 122.824 0.066 0.00000 -1 ACTUAL_TF
6.3623 -0.0166352 -1.6957540 0.6759857 -0.29643160 0.73565431 -0.59305370 -0.13866630 0.007002 1789551771.017235518 33.602 122.408 0.068 0.00000 -1 ACTUAL_TF
6.4207 -0.0166517 -1.6953755 0.6759639 -0.29643719 0.73567543 -0.59302528 -0.13866391 0.006955 1789551771.072674036 33.981 122.029 0.038 0.00000 -1 ACTUAL_TF
6.4789 -0.0166630 -1.6949564 0.6759663 -0.29643265 0.73567936 -0.59302279 -0.13866336 0.007106 1789551771.128887892 34.400 121.610 0.031 0.00000 -1 ACTUAL_TF
6.5274 -0.0166708 -1.6945965 0.6759636 -0.29642995 0.73568388 -0.59301862 -0.13866298 0.006909 1789551771.184689283 34.760 121.250 0.022 0.00000 -1 ACTUAL_TF
6.5967 -0.0166807 -1.6941657 0.6759635 -0.29642997 0.73569096 -0.59301021 -0.13866139 0.007141 1789551771.240803957 35.190 120.819 0.014 0.00000 -1 ACTUAL_TF
6.6424 -0.0166821 -1.6937441 0.6759595 -0.29643417 0.73569636 -0.59300216 -0.13865815 0.007257 1789551771.296814203 35.612 120.398 0.016 0.00000 -1 ACTUAL_TF
6.7040 -0.0166829 -1.6934053 0.6759589 -0.29643653 0.73569886 -0.59299811 -0.13865719 0.006894 1789551771.352823734 35.951 120.059 0.021 0.00000 -1 ACTUAL_TF
6.7544 -0.0166947 -1.6929823 0.6759671 -0.29643366 0.73569831 -0.59300006 -0.13865789 0.007094 1789551771.408803940 36.374 119.636 0.015 0.00000 -1 ACTUAL_TF
6.8128 -0.0167092 -1.6926154 0.6759685 -0.29643386 0.73570166 -0.59299590 -0.13865747 0.006934 1789551771.464793444 36.741 119.269 0.013 0.00000 -1 ACTUAL_TF
6.8769 -0.0167180 -1.6921989 0.6759945 -0.29642393 0.73569035 -0.59301382 -0.13866210 0.007092 1789551771.520743370 37.158 118.852 0.007 0.00000 -1 ACTUAL_TF
6.9283 -0.0167274 -1.6918420 0.6760087 -0.29641846 0.73568342 -0.59302406 -0.13866676 0.006878 1789551771.576761246 37.515 118.495 0.016 0.00000 -1 ACTUAL_TF
6.9792 -0.0167381 -1.6914118 0.6760178 -0.29641741 0.73568221 -0.59302560 -0.13866884 0.007120 1789551771.632748842 37.945 118.065 0.020 0.00000 -1 ACTUAL_TF
7.0391 -0.0167329 -1.6910760 0.6760190 -0.29642356 0.73568191 -0.59302333 -0.13866700 0.006783 1789551771.688776255 38.281 117.729 0.013 0.00000 -1 ACTUAL_TF
7.1011 -0.0167358 -1.6906445 0.6760107 -0.29642850 0.73569197 -0.59300904 -0.13866416 0.007059 1789551771.744786501 38.712 117.298 0.003 0.00000 -1 ACTUAL_TF
7.1469 -0.0167499 -1.6901863 0.6759981 -0.29643115 0.73570293 -0.59299456 -0.13866227 0.007405 1789551771.800631523 39.170 116.839 0.024 0.00000 -1 ACTUAL_TF
7.2108 -0.0167471 -1.6898611 0.6760158 -0.29642632 0.73569462 -0.59300659 -0.13866528 0.006924 1789551771.856769085 39.496 116.514 0.011 0.00000 -1 ACTUAL_TF
7.2637 -0.0167513 -1.6893819 0.6759907 -0.29643594 0.73571400 -0.59298047 -0.13865357 0.007419 1789551771.912731647 39.975 116.035 0.044 0.00000 -1 ACTUAL_TF
7.3160 -0.0167568 -1.6890619 0.6760087 -0.29642831 0.73570673 -0.59299209 -0.13865877 0.006912 1789551771.968679905 40.295 115.715 0.031 0.00000 -1 ACTUAL_TF
7.3749 -0.0167589 -1.6886363 0.6760123 -0.29643304 0.73570813 -0.59298865 -0.13865588 0.007118 1789551772.024695396 40.720 115.290 0.035 0.00000 -1 ACTUAL_TF
7.4280 -0.0167539 -1.6883087 0.6760339 -0.29643013 0.73569656 -0.59300413 -0.13865735 0.006741 1789551772.080738544 41.048 114.962 0.022 0.00000 -1 ACTUAL_TF
7.4951 -0.0167571 -1.6878897 0.6760423 -0.29643207 0.73569536 -0.59300477 -0.13865679 0.006964 1789551772.136723042 41.467 114.543 0.022 0.00000 -1 ACTUAL_TF
7.5542 -0.0167690 -1.6874258 0.6760396 -0.29643523 0.73570239 -0.59299544 -0.13865263 0.007358 1789551772.192789555 41.931 114.079 0.028 0.00000 -1 ACTUAL_TF
7.5984 -0.0167764 -1.6871148 0.6760788 -0.29642226 0.73568105 -0.59302616 -0.13866223 0.006836 1789551772.248606205 42.243 113.767 0.009 0.00000 -1 ACTUAL_TF
7.6518 -0.0167844 -1.6866485 0.6760727 -0.29643060 0.73568847 -0.59301308 -0.13866096 0.007274 1789551772.304828167 42.709 113.301 0.007 0.00000 -1 ACTUAL_TF
7.7066 -0.0167978 -1.6863199 0.6760807 -0.29642607 0.73568868 -0.59301380 -0.13866645 0.006860 1789551772.360635996 43.038 112.972 0.007 0.00000 -1 ACTUAL_TF
7.7641 -0.0168095 -1.6858825 0.6760685 -0.29643444 0.73570232 -0.59299334 -0.13866367 0.007145 1789551772.416685343 43.475 112.535 0.026 0.00000 -1 ACTUAL_TF
7.8201 -0.0168156 -1.6855447 0.6760824 -0.29643034 0.73569868 -0.59299973 -0.13866442 0.006810 1789551772.472783089 43.813 112.197 0.021 0.00000 -1 ACTUAL_TF
7.8715 -0.0168194 -1.6850952 0.6760830 -0.29643407 0.73570298 -0.59299309 -0.13866207 0.007177 1789551772.528741360 44.263 111.747 0.025 0.00000 -1 ACTUAL_TF
7.9312 -0.0168202 -1.6847628 0.6761022 -0.29642844 0.73569615 -0.59300444 -0.13866175 0.006808 1789551772.584719658 44.595 111.415 0.012 0.00000 -1 ACTUAL_TF
7.9935 -0.0168227 -1.6842913 0.6760802 -0.29644202 0.73571260 -0.59297902 -0.13865415 0.007290 1789551772.640816689 45.066 110.944 0.038 0.00000 -1 ACTUAL_TF
8.0418 -0.0168170 -1.6839151 0.6761054 -0.29643898 0.73569974 -0.59299592 -0.13865665 0.007126 1789551772.696727991 45.443 110.567 0.020 0.00000 -1 ACTUAL_TF
8.0980 -0.0168364 -1.6835399 0.6761009 -0.29644194 0.73570689 -0.59298468 -0.13866039 0.007000 1789551772.752765417 45.818 110.192 0.031 0.00000 -1 ACTUAL_TF
8.1626 -0.0168381 -1.6831309 0.6761181 -0.29643877 0.73570022 -0.59299464 -0.13865999 0.007090 1789551772.808847904 46.227 109.783 0.020 0.00000 -1 ACTUAL_TF
8.2099 -0.0168410 -1.6827679 0.6761396 -0.29643707 0.73569187 -0.59300580 -0.13866021 0.006909 1789551772.864904642 46.591 109.419 0.006 0.00000 -1 ACTUAL_TF
8.2638 -0.0168390 -1.6823655 0.6761628 -0.29643362 0.73568032 -0.59302136 -0.13866233 0.007001 1789551772.920766830 46.993 109.017 0.013 0.00000 -1 ACTUAL_TF
8.3252 -0.0168399 -1.6819934 0.6761641 -0.29643683 0.73568361 -0.59301585 -0.13866156 0.006898 1789551772.976670265 47.365 108.644 0.010 0.00000 -1 ACTUAL_TF
8.3772 -0.0168403 -1.6815877 0.6761648 -0.29643854 0.73568501 -0.59301320 -0.13866182 0.006999 1789551773.032731533 47.771 108.239 0.012 0.00000 -1 ACTUAL_TF
8.4399 -0.0168357 -1.6811729 0.6761795 -0.29644025 0.73568134 -0.59301729 -0.13866016 0.007122 1789551773.088746786 48.186 107.824 0.023 0.00000 -1 ACTUAL_TF
8.4952 -0.0168510 -1.6807855 0.6761649 -0.29644596 0.73569481 -0.59299830 -0.13865768 0.007065 1789551773.144725323 48.573 107.437 0.015 0.00000 -1 ACTUAL_TF
8.5498 -0.0168549 -1.6803847 0.6761906 -0.29643900 0.73568094 -0.59301771 -0.13866318 0.007088 1789551773.200974941 48.974 107.036 0.014 0.00000 -1 ACTUAL_TF
8.6054 -0.0168610 -1.6800003 0.6761771 -0.29644910 0.73569395 -0.59299744 -0.13865921 0.007031 1789551773.256736517 49.359 106.651 0.016 0.00000 -1 ACTUAL_TF
8.6664 -0.0168705 -1.6795633 0.6761785 -0.29644904 0.73569599 -0.59299522 -0.13865802 0.007261 1789551773.312789440 49.796 106.214 0.019 0.00000 -1 ACTUAL_TF
8.7134 -0.0168730 -1.6792217 0.6762021 -0.29644163 0.73568613 -0.59301056 -0.13866057 0.006915 1789551773.368860483 50.138 105.872 0.009 0.00000 -1 ACTUAL_TF
8.7764 -0.0168751 -1.6788204 0.6762109 -0.29643908 0.73568416 -0.59301441 -0.13866000 0.006993 1789551773.424789906 50.539 105.471 0.012 0.00000 -1 ACTUAL_TF
8.8314 -0.0168859 -1.6784622 0.6762163 -0.29643705 0.73568711 -0.59301153 -0.13866098 0.006814 1789551773.480836391 50.897 105.113 0.006 0.00000 -1 ACTUAL_TF
8.8812 -0.0168942 -1.6780448 0.6762426 -0.29643187 0.73567626 -0.59302642 -0.13866599 0.007014 1789551773.536743402 51.315 104.695 0.022 0.00000 -1 ACTUAL_TF
8.9402 -0.0168926 -1.6776420 0.6762614 -0.29643066 0.73566885 -0.59303601 -0.13866684 0.007071 1789551773.592719555 51.718 104.292 0.035 0.00000 -1 ACTUAL_TF
9.0024 -0.0169048 -1.6772573 0.6762367 -0.29643859 0.73568762 -0.59300968 -0.13866294 0.007016 1789551773.648730278 52.103 103.907 0.003 0.00000 -1 ACTUAL_TF
9.0515 -0.0169198 -1.6768236 0.6762361 -0.29643543 0.73569337 -0.59300365 -0.13866495 0.007239 1789551773.704641819 52.536 103.474 0.010 0.00000 -1 ACTUAL_TF
9.1137 -0.0169128 -1.6764944 0.6762384 -0.29643668 0.73569375 -0.59300324 -0.13866204 0.006823 1789551773.760913610 52.865 103.145 0.009 0.00000 -1 ACTUAL_TF
9.1635 -0.0169198 -1.6760636 0.6762391 -0.29643923 0.73569848 -0.59299629 -0.13866122 0.007091 1789551773.816752672 53.296 102.714 0.015 0.00000 -1 ACTUAL_TF
9.2166 -0.0169265 -1.6757028 0.6762376 -0.29644343 0.73570509 -0.59298699 -0.13865693 0.006901 1789551773.872627258 53.657 102.353 0.022 0.00000 -1 ACTUAL_TF
9.2724 -0.0169271 -1.6752860 0.6762517 -0.29643575 0.73570392 -0.59299264 -0.13865540 0.007060 1789551773.928752899 54.074 101.936 0.015 0.00000 -1 ACTUAL_TF
9.3288 -0.0169375 -1.6748594 0.6762659 -0.29643174 0.73569882 -0.59300035 -0.13865803 0.007229 1789551773.984750986 54.501 101.509 0.008 0.00000 -1 ACTUAL_TF
9.3857 -0.0169386 -1.6745201 0.6762780 -0.29643065 0.73569637 -0.59300400 -0.13865777 0.006877 1789551774.040832281 54.840 101.170 0.003 0.00000 -1 ACTUAL_TF
9.4509 -0.0169524 -1.6740761 0.6762973 -0.29642495 0.73568939 -0.59301428 -0.13866304 0.007194 1789551774.096874475 55.285 100.725 0.012 0.00000 -1 ACTUAL_TF
9.5047 -0.0169472 -1.6737478 0.6763086 -0.29642485 0.73568155 -0.59302382 -0.13866404 0.006799 1789551774.152766943 55.613 100.397 0.017 0.00000 -1 ACTUAL_TF
9.5530 -0.0169662 -1.6733295 0.6763213 -0.29642046 0.73568032 -0.59302638 -0.13866900 0.007006 1789551774.208699703 56.032 99.978 0.025 0.00000 -1 ACTUAL_TF
9.6148 -0.0169703 -1.6729503 0.6763115 -0.29642319 0.73568874 -0.59301537 -0.13866557 0.006934 1789551774.264760733 56.411 99.599 0.012 0.00000 -1 ACTUAL_TF
9.6655 -0.0169773 -1.6725328 0.6763114 -0.29642230 0.73569610 -0.59300669 -0.13866555 0.007094 1789551774.320683479 56.828 99.182 0.011 0.00000 -1 ACTUAL_TF
9.7262 -0.0169863 -1.6721495 0.6762989 -0.29642798 0.73570832 -0.59299015 -0.13865930 0.007020 1789551774.376725435 57.211 98.799 0.025 0.00000 -1 ACTUAL_TF
9.7772 -0.0169952 -1.6717456 0.6763167 -0.29641885 0.73570274 -0.59300061 -0.13866371 0.007084 1789551774.432606220 57.615 98.394 0.021 0.00000 -1 ACTUAL_TF
9.8376 -0.0170011 -1.6713097 0.6763057 -0.29642569 0.73571687 -0.59298110 -0.13865754 0.007289 1789551774.488753319 58.051 97.959 0.033 0.00000 -1 ACTUAL_TF
9.8939 -0.0170001 -1.6709851 0.6763277 -0.29642125 0.73570583 -0.59299641 -0.13866012 0.006842 1789551774.544845819 58.376 97.634 0.018 0.00000 -1 ACTUAL_TF
9.9486 -0.0169982 -1.6705348 0.6763262 -0.29642839 0.73571116 -0.59298746 -0.13865486 0.007201 1789551774.600869894 58.826 97.184 0.020 0.00000 -1 ACTUAL_TF
10.0077 -0.0169921 -1.6702078 0.6763513 -0.29642882 0.73569556 -0.59300525 -0.13866063 0.006803 1789551774.656724930 59.154 96.856 0.003 0.00000 -1 ACTUAL_TF
10.0596 -0.0169892 -1.6697846 0.6763613 -0.29643000 0.73569080 -0.59301085 -0.13865945 0.007022 1789551774.712909222 59.577 96.433 0.012 0.00000 -1 ACTUAL_TF
10.1117 -0.0169759 -1.6694424 0.6763744 -0.29640988 0.73569226 -0.59302324 -0.13864169 0.006753 1789551774.768879414 59.919 96.091 0.031 0.00000 -1 ACTUAL_TF
10.1700 -0.0169919 -1.6689904 0.6763781 -0.29641489 0.73568967 -0.59302183 -0.13865080 0.007157 1789551774.824717522 60.371 95.639 0.020 0.00000 -1 ACTUAL_TF
10.2274 -0.0169903 -1.6685820 0.6763974 -0.29642023 0.73567950 -0.59303024 -0.13865731 0.007196 1789551774.880811453 60.780 95.230 0.033 0.00000 -1 ACTUAL_TF
10.2843 -0.0169993 -1.6681938 0.6763838 -0.29642614 0.73569410 -0.59301044 -0.13865193 0.007120 1789551774.936779499 61.168 94.842 0.022 0.00000 -1 ACTUAL_TF
10.3423 -0.0169985 -1.6677721 0.6763827 -0.29642373 0.73570577 -0.59299945 -0.13864214 0.007243 1789551774.992774963 61.589 94.421 0.029 0.00000 -1 ACTUAL_TF
10.3973 -0.0170025 -1.6674385 0.6764006 -0.29641751 0.73570035 -0.59300862 -0.13864502 0.006858 1789551775.048848629 61.923 94.087 0.028 0.00000 -1 ACTUAL_TF
10.4550 -0.0170113 -1.6670116 0.6763956 -0.29642301 0.73570629 -0.59299844 -0.13864528 0.007090 1789551775.104802132 62.350 93.660 0.026 0.00000 -1 ACTUAL_TF
10.5112 -0.0170213 -1.6666329 0.6763857 -0.29643299 0.73571552 -0.59298195 -0.13864547 0.006994 1789551775.160789251 62.729 93.281 0.030 0.00000 -1 ACTUAL_TF
10.5628 -0.0170356 -1.6662006 0.6763820 -0.29643665 0.73572474 -0.59296937 -0.13864250 0.007217 1789551775.216688633 63.161 92.849 0.036 0.00000 -1 ACTUAL_TF
10.6271 -0.0170425 -1.6658533 0.6763911 -0.29642922 0.73572350 -0.59297458 -0.13864266 0.006911 1789551775.272755146 63.508 92.502 0.032 0.00000 -1 ACTUAL_TF
10.6781 -0.0170557 -1.6654400 0.6764074 -0.29642579 0.73571936 -0.59298082 -0.13864530 0.007061 1789551775.328586340 63.922 92.088 0.021 0.00000 -1 ACTUAL_TF
10.7429 -0.0170597 -1.6650250 0.6764243 -0.29642074 0.73571335 -0.59299021 -0.13864785 0.007160 1789551775.384802341 64.337 91.673 0.011 0.00000 -1 ACTUAL_TF
10.7909 -0.0170625 -1.6647043 0.6764603 -0.29640909 0.73569393 -0.59301838 -0.13865530 0.006746 1789551775.440629482 64.658 91.351 0.020 0.00000 -1 ACTUAL_TF
10.8418 -0.0170552 -1.6642877 0.6764777 -0.29640757 0.73568895 -0.59302598 -0.13865250 0.006954 1789551775.496673346 65.075 90.935 0.033 0.00000 -1 ACTUAL_TF
10.8960 -0.0170699 -1.6639193 0.6764722 -0.29640853 0.73569930 -0.59301239 -0.13865363 0.006844 1789551775.552663803 65.444 90.566 0.019 0.00000 -1 ACTUAL_TF
10.9586 -0.0170740 -1.6634911 0.6764744 -0.29641191 0.73570235 -0.59300736 -0.13865173 0.007080 1789551775.608767986 65.872 90.138 0.015 0.00000 -1 ACTUAL_TF
11.0113 -0.0170797 -1.6631184 0.6764673 -0.29642192 0.73570786 -0.59299606 -0.13864945 0.006952 1789551775.664813280 66.244 89.766 0.005 0.00000 -1 ACTUAL_TF
11.0648 -0.0170856 -1.6626908 0.6764699 -0.29642394 0.73571140 -0.59299078 -0.13864890 0.007161 1789551775.720710993 66.672 89.338 0.006 0.00000 -1 ACTUAL_TF
11.1229 -0.0170821 -1.6622483 0.6764603 -0.29642695 0.73572084 -0.59297989 -0.13863897 0.007381 1789551775.776801825 67.114 88.896 0.025 0.00000 -1 ACTUAL_TF
11.1853 -0.0170843 -1.6619090 0.6764679 -0.29642417 0.73571898 -0.59298336 -0.13863992 0.006988 1789551775.832698107 67.454 88.556 0.025 0.00000 -1 ACTUAL_TF
11.2371 -0.0170702 -1.6614845 0.6764770 -0.29643138 0.73571550 -0.59298524 -0.13863495 0.007165 1789551775.888755560 67.878 88.132 0.039 0.00000 -1 ACTUAL_TF
11.2969 -0.0170788 -1.6611295 0.6764857 -0.29643524 0.73571346 -0.59298523 -0.13863753 0.006918 1789551775.944762707 68.233 87.777 0.034 0.00000 -1 ACTUAL_TF
11.3476 -0.0170819 -1.6607324 0.6765162 -0.29642556 0.73569928 -0.59300612 -0.13864414 0.006971 1789551776.000898600 68.631 87.379 0.035 0.00000 -1 ACTUAL_TF
11.4006 -0.0170902 -1.6603560 0.6765115 -0.29643015 0.73570195 -0.59300085 -0.13864271 0.006903 1789551776.056746721 69.007 87.003 0.030 0.00000 -1 ACTUAL_TF
11.4577 -0.0170998 -1.6599434 0.6765294 -0.29642298 0.73569300 -0.59301434 -0.13864785 0.007048 1789551776.112663746 69.420 86.590 0.027 0.00000 -1 ACTUAL_TF
11.5143 -0.0171002 -1.6596182 0.6765544 -0.29641783 0.73568090 -0.59303074 -0.13865289 0.006670 1789551776.169037819 69.746 86.264 0.041 0.00000 -1 ACTUAL_TF
11.5711 -0.0171023 -1.6591877 0.6765492 -0.29642259 0.73569084 -0.59301711 -0.13864827 0.006987 1789551776.224739552 70.176 85.834 0.037 0.00000 -1 ACTUAL_TF
11.6311 -0.0171224 -1.6587627 0.6765469 -0.29642397 0.73569960 -0.59300491 -0.13865098 0.007173 1789551776.280685902 70.601 85.409 0.019 0.00000 -1 ACTUAL_TF
11.6822 -0.0171341 -1.6583884 0.6765495 -0.29642537 0.73570100 -0.59300204 -0.13865287 0.007026 1789551776.336723804 70.975 85.034 0.012 0.00000 -1 ACTUAL_TF
11.7454 -0.0171370 -1.6579680 0.6765525 -0.29642505 0.73570184 -0.59300183 -0.13864999 0.007169 1789551776.392750502 71.396 84.614 0.013 0.00000 -1 ACTUAL_TF
11.7934 -0.0171494 -1.6575792 0.6765373 -0.29643153 0.73571614 -0.59298187 -0.13864565 0.007105 1789551776.448735476 71.784 84.225 0.022 0.00000 -1 ACTUAL_TF
11.8515 -0.0171537 -1.6571869 0.6765442 -0.29643056 0.73571218 -0.59298642 -0.13864928 0.007075 1789551776.504745245 72.177 83.833 0.021 0.00000 -1 ACTUAL_TF
11.9117 -0.0171632 -1.6568223 0.6765495 -0.29643256 0.73571583 -0.59298067 -0.13865020 0.006909 1789551776.560667038 72.542 83.468 0.021 0.00000 -1 ACTUAL_TF
11.9624 -0.0171583 -1.6564019 0.6765721 -0.29642600 0.73570784 -0.59299478 -0.13864631 0.007082 1789551776.616918325 72.962 83.048 0.013 0.00000 -1 ACTUAL_TF
12.0249 -0.0171618 -1.6559667 0.6765800 -0.29643111 0.73570391 -0.59299633 -0.13864958 0.007303 1789551776.672598124 73.397 82.612 0.014 0.00000 -1 ACTUAL_TF
12.0774 -0.0171704 -1.6556307 0.6766015 -0.29642442 0.73568990 -0.59301529 -0.13865710 0.006911 1789551776.728756905 73.734 82.276 0.014 0.00000 -1 ACTUAL_TF
12.1303 -0.0171765 -1.6552168 0.6766146 -0.29641412 0.73568842 -0.59302241 -0.13865654 0.007060 1789551776.784664631 74.148 81.862 0.019 0.00000 -1 ACTUAL_TF
12.1962 -0.0171694 -1.6548664 0.6766060 -0.29641500 0.73569877 -0.59301217 -0.13864358 0.006816 1789551776.840797186 74.498 81.512 0.020 0.00000 -1 ACTUAL_TF
12.2469 -0.0171851 -1.6544305 0.6765966 -0.29642257 0.73571007 -0.59299414 -0.13864451 0.007110 1789551776.896740675 74.934 81.076 0.017 0.00000 -1 ACTUAL_TF
12.2988 -0.0171949 -1.6540737 0.6766060 -0.29642106 0.73570759 -0.59299697 -0.13864880 0.006891 1789551776.952727795 75.291 80.719 0.011 0.00000 -1 ACTUAL_TF
12.3546 -0.0172026 -1.6536040 0.6765954 -0.29642609 0.73571735 -0.59298385 -0.13864240 0.007334 1789551777.008877277 75.760 80.249 0.029 0.00000 -1 ACTUAL_TF
12.4119 -0.0172027 -1.6532911 0.6766203 -0.29641797 0.73570519 -0.59300166 -0.13864808 0.006819 1789551777.064754248 76.074 79.936 0.011 0.00000 -1 ACTUAL_TF
12.4662 -0.0172095 -1.6528668 0.6766281 -0.29641731 0.73570726 -0.59299977 -0.13864662 0.007038 1789551777.120960951 76.498 79.512 0.009 0.00000 -1 ACTUAL_TF
12.5305 -0.0172166 -1.6524569 0.6766470 -0.29641610 0.73569962 -0.59300853 -0.13865229 0.007133 1789551777.176769257 76.908 79.102 0.005 0.00000 -1 ACTUAL_TF
12.5811 -0.0172151 -1.6521174 0.6766604 -0.29641548 0.73569309 -0.59301687 -0.13865259 0.006816 1789551777.232695818 77.248 78.762 0.015 0.00000 -1 ACTUAL_TF
12.6380 -0.0172240 -1.6516560 0.6766592 -0.29641809 0.73570382 -0.59300258 -0.13865117 0.007243 1789551777.288713217 77.709 78.301 0.007 0.00000 -1 ACTUAL_TF
12.6930 -0.0172251 -1.6512987 0.6766728 -0.29642124 0.73569702 -0.59300939 -0.13865138 0.006988 1789551777.344633341 78.067 77.943 0.014 0.00000 -1 ACTUAL_TF
12.7493 -0.0172117 -1.6508884 0.6767026 -0.29642176 0.73568615 -0.59302324 -0.13864867 0.007090 1789551777.400800228 78.477 77.533 0.044 0.00000 -1 ACTUAL_TF
12.8081 -0.0172135 -1.6505528 0.6767163 -0.29641842 0.73568080 -0.59303150 -0.13864892 0.006762 1789551777.456816435 78.813 77.197 0.052 0.00000 -1 ACTUAL_TF
12.8593 -0.0172172 -1.6501176 0.6767028 -0.29642870 0.73569338 -0.59301138 -0.13864622 0.007068 1789551777.512758493 79.248 76.762 0.039 0.00000 -1 ACTUAL_TF
12.9145 -0.0172256 -1.6496854 0.6766988 -0.29643673 0.73569948 -0.59299944 -0.13864777 0.007262 1789551777.568801641 79.680 76.330 0.031 0.00000 -1 ACTUAL_TF
12.9740 -0.0172240 -1.6493460 0.6767014 -0.29644068 0.73569983 -0.59299728 -0.13864668 0.006899 1789551777.624886990 80.020 75.990 0.036 0.00000 -1 ACTUAL_TF
13.0236 -0.0172329 -1.6488971 0.6767066 -0.29643676 0.73570688 -0.59299187 -0.13864083 0.007246 1789551777.680619955 80.468 75.541 0.032 0.00000 -1 ACTUAL_TF
13.0879 -0.0172434 -1.6485292 0.6767003 -0.29643769 0.73571843 -0.59297796 -0.13863704 0.007046 1789551777.736582756 80.836 75.174 0.027 0.00000 -1 ACTUAL_TF
13.1382 -0.0172508 -1.6481242 0.6767123 -0.29643936 0.73571336 -0.59298203 -0.13864297 0.007101 1789551777.792631388 81.242 74.768 0.024 0.00000 -1 ACTUAL_TF
13.1965 -0.0172674 -1.6477894 0.6767348 -0.29643401 0.73569992 -0.59299789 -0.13865789 0.006767 1789551777.848742962 81.577 74.433 0.019 0.00000 -1 ACTUAL_TF
13.2477 -0.0172810 -1.6473849 0.6767577 -0.29642928 0.73568990 -0.59301046 -0.13866740 0.006906 1789551777.904816628 81.982 74.028 0.032 0.00000 -1 ACTUAL_TF
13.3077 -0.0172826 -1.6470497 0.6767733 -0.29642338 0.73568551 -0.59301927 -0.13866562 0.006629 1789551777.960904121 82.317 73.693 0.042 0.00000 -1 ACTUAL_TF
13.3699 -0.0172972 -1.6465942 0.6767805 -0.29642040 0.73568970 -0.59301643 -0.13866188 0.007086 1789551778.016798973 82.773 73.237 0.041 0.00000 -1 ACTUAL_TF
13.4227 -0.0173064 -1.6461953 0.6768033 -0.29641660 0.73567936 -0.59302980 -0.13866769 0.007105 1789551778.072705984 83.172 72.838 0.058 0.00000 -1 ACTUAL_TF
13.4748 -0.0173133 -1.6458032 0.6767784 -0.29643257 0.73569848 -0.59299953 -0.13866162 0.007075 1789551778.128807545 83.564 72.446 0.028 0.00000 -1 ACTUAL_TF
13.5293 -0.0173210 -1.6453745 0.6767717 -0.29643847 0.73570667 -0.59298658 -0.13866092 0.007252 1789551778.184752703 83.993 72.017 0.017 0.00000 -1 ACTUAL_TF
13.5898 -0.0173260 -1.6450455 0.6767905 -0.29643207 0.73569992 -0.59299728 -0.13866462 0.006842 1789551778.240729332 84.322 71.688 0.029 0.00000 -1 ACTUAL_TF
13.6445 -0.0173305 -1.6446077 0.6767825 -0.29643765 0.73571068 -0.59298222 -0.13866004 0.007136 1789551778.296729088 84.759 71.250 0.016 0.00000 -1 ACTUAL_TF
13.7077 -0.0173410 -1.6442762 0.6767951 -0.29643297 0.73570822 -0.59298650 -0.13866480 0.006774 1789551778.352717638 85.091 70.919 0.025 0.00000 -1 ACTUAL_TF
13.7524 -0.0173460 -1.6438193 0.6767983 -0.29643409 0.73571197 -0.59298153 -0.13866378 0.007195 1789551778.408594847 85.548 70.462 0.022 0.00000 -1 ACTUAL_TF
13.8121 -0.0173465 -1.6434035 0.6768070 -0.29643317 0.73570663 -0.59298852 -0.13866415 0.007257 1789551778.464787722 85.964 70.046 0.020 0.00000 -1 ACTUAL_TF
13.8750 -0.0173421 -1.6430364 0.6768156 -0.29643942 0.73570601 -0.59298746 -0.13865859 0.007048 1789551778.520769835 86.331 69.679 0.018 0.00000 -1 ACTUAL_TF
13.9280 -0.0173300 -1.6426463 0.6768346 -0.29643834 0.73569330 -0.59300398 -0.13865771 0.007029 1789551778.576684713 86.721 69.289 0.033 0.00000 -1 ACTUAL_TF
13.9788 -0.0173442 -1.6423022 0.6768627 -0.29643044 0.73567961 -0.59302224 -0.13866911 0.006771 1789551778.632701397 87.066 68.944 0.053 0.00000 -1 ACTUAL_TF
14.0465 -0.0173507 -1.6418732 0.6768653 -0.29643272 0.73568168 -0.59301894 -0.13866737 0.007038 1789551778.688711882 87.495 68.515 0.048 0.00000 -1 ACTUAL_TF
14.1009 -0.0173556 -1.6415168 0.6768783 -0.29642316 0.73567990 -0.59302603 -0.13866698 0.006835 1789551778.744782209 87.852 68.158 0.055 0.00000 -1 ACTUAL_TF
14.1520 -0.0173665 -1.6410915 0.6768679 -0.29642470 0.73569227 -0.59301073 -0.13866350 0.007066 1789551778.800741911 88.277 67.733 0.038 0.00000 -1 ACTUAL_TF
14.2071 -0.0173768 -1.6407074 0.6768462 -0.29643693 0.73570918 -0.59298477 -0.13865861 0.007008 1789551778.856751680 88.661 67.349 0.013 0.00000 -1 ACTUAL_TF
14.2598 -0.0173682 -1.6403137 0.6768539 -0.29643715 0.73570335 -0.59299219 -0.13865737 0.007020 1789551778.912635088 89.054 66.956 0.012 0.00000 -1 ACTUAL_TF
14.3200 -0.0173818 -1.6398870 0.6768524 -0.29643554 0.73571075 -0.59298385 -0.13865718 0.007192 1789551778.968846321 89.481 66.529 0.004 0.00000 -1 ACTUAL_TF
14.3726 -0.0173934 -1.6395032 0.6768372 -0.29644106 0.73572654 -0.59296281 -0.13865155 0.007101 1789551779.024626732 89.865 66.145 0.021 0.00000 -1 ACTUAL_TF
14.4267 -0.0174042 -1.6390520 0.6768439 -0.29644188 0.73572916 -0.59295868 -0.13865361 0.007385 1789551779.080715895 90.316 65.694 0.025 0.00000 -1 ACTUAL_TF
14.4825 -0.0174057 -1.6387228 0.6768669 -0.29643642 0.73571827 -0.59297399 -0.13865757 0.006937 1789551779.136746645 90.645 65.364 0.013 0.00000 -1 ACTUAL_TF
14.5407 -0.0174091 -1.6383092 0.6768750 -0.29643526 0.73571546 -0.59297839 -0.13865619 0.007073 1789551779.192726135 91.059 64.951 0.011 0.00000 -1 ACTUAL_TF
14.5961 -0.0173982 -1.6379691 0.6768911 -0.29643583 0.73570844 -0.59298754 -0.13865305 0.006776 1789551779.248722076 91.399 64.611 0.011 0.00000 -1 ACTUAL_TF
14.6496 -0.0173948 -1.6375528 0.6769096 -0.29643361 0.73569604 -0.59300328 -0.13865627 0.006973 1789551779.304789305 91.816 64.194 0.025 0.00000 -1 ACTUAL_TF
14.7078 -0.0173892 -1.6371321 0.6769247 -0.29643690 0.73569149 -0.59300775 -0.13865425 0.007136 1789551779.360796213 92.236 63.773 0.038 0.00000 -1 ACTUAL_TF
14.7602 -0.0174031 -1.6367598 0.6769230 -0.29643639 0.73569974 -0.59299846 -0.13865130 0.006994 1789551779.416717768 92.609 63.401 0.026 0.00000 -1 ACTUAL_TF
14.8207 -0.0174063 -1.6363070 0.6768988 -0.29644321 0.73571733 -0.59297498 -0.13864383 0.007324 1789551779.472739697 93.061 62.949 0.020 0.00000 -1 ACTUAL_TF
14.8706 -0.0174103 -1.6359818 0.6769175 -0.29643817 0.73570752 -0.59298819 -0.13865017 0.006870 1789551779.528807878 93.387 62.623 0.018 0.00000 -1 ACTUAL_TF
14.9310 -0.0174119 -1.6355591 0.6769222 -0.29644259 0.73570866 -0.59298458 -0.13865007 0.007075 1789551779.584765196 93.809 62.200 0.021 0.00000 -1 ACTUAL_TF
14.9931 -0.0174069 -1.6352085 0.6769118 -0.29644582 0.73571545 -0.59297616 -0.13864316 0.006834 1789551779.640712023 94.160 61.850 0.034 0.00000 -1 ACTUAL_TF
15.0470 -0.0174117 -1.6347845 0.6769185 -0.29645059 0.73571768 -0.59297113 -0.13864263 0.007049 1789551779.696876764 94.584 61.426 0.035 0.00000 -1 ACTUAL_TF
15.0954 -0.0174288 -1.6344102 0.6769050 -0.29645140 0.73572790 -0.59295826 -0.13864170 0.006946 1789551779.752776623 94.958 61.052 0.040 0.00000 -1 ACTUAL_TF
15.1564 -0.0174345 -1.6339655 0.6769288 -0.29645061 0.73571747 -0.59297133 -0.13864286 0.007249 1789551779.808771133 95.403 60.607 0.026 0.00000 -1 ACTUAL_TF
15.2100 -0.0174441 -1.6335530 0.6769376 -0.29644658 0.73571697 -0.59297336 -0.13864549 0.007284 1789551779.864801884 95.816 60.194 0.022 0.00000 -1 ACTUAL_TF
15.2653 -0.0174421 -1.6332301 0.6769695 -0.29643625 0.73570052 -0.59299793 -0.13864974 0.006836 1789551779.920824289 96.139 59.871 0.023 0.00000 -1 ACTUAL_TF
15.3280 -0.0174510 -1.6328063 0.6769893 -0.29643377 0.73569452 -0.59300559 -0.13865410 0.007061 1789551779.976750612 96.563 59.447 0.028 0.00000 -1 ACTUAL_TF
15.3788 -0.0174409 -1.6324635 0.6769820 -0.29643905 0.73569794 -0.59300018 -0.13864779 0.006781 1789551780.032740593 96.906 59.104 0.033 0.00000 -1 ACTUAL_TF
15.4416 -0.0174534 -1.6320350 0.6769811 -0.29644328 0.73570538 -0.59298864 -0.13864864 0.007041 1789551780.088804245 97.334 58.676 0.024 0.00000 -1 ACTUAL_TF
15.4902 -0.0174565 -1.6316287 0.6769629 -0.29644986 0.73571813 -0.59297074 -0.13864348 0.007105 1789551780.144873381 97.740 58.270 0.035 0.00000 -1 ACTUAL_TF
15.5438 -0.0174567 -1.6312262 0.6769812 -0.29644730 0.73570966 -0.59298235 -0.13864428 0.007135 1789551780.200776815 98.143 57.867 0.033 0.00000 -1 ACTUAL_TF
15.6075 -0.0174665 -1.6307971 0.6769840 -0.29644527 0.73571336 -0.59297944 -0.13864137 0.007299 1789551780.256650686 98.572 57.438 0.031 0.00000 -1 ACTUAL_TF
15.6588 -0.0174692 -1.6304576 0.6769889 -0.29644331 0.73571346 -0.59298019 -0.13864186 0.006922 1789551780.312860727 98.912 57.098 0.033 0.00000 -1 ACTUAL_TF
15.7157 -0.0174758 -1.6300259 0.6769671 -0.29644993 0.73572740 -0.59296088 -0.13863631 0.007171 1789551780.368633509 99.343 56.667 0.053 0.00000 -1 ACTUAL_TF
15.7706 -0.0174837 -1.6296976 0.6769941 -0.29644308 0.73571452 -0.59297879 -0.13864270 0.006781 1789551780.424738646 99.672 56.338 0.033 0.00000 -1 ACTUAL_TF
15.8271 -0.0174940 -1.6292471 0.6769916 -0.29644545 0.73572269 -0.59296805 -0.13864022 0.007162 1789551780.480704308 100.122 55.888 0.038 0.00000 -1 ACTUAL_TF
15.8812 -0.0175104 -1.6288816 0.6770111 -0.29643858 0.73571473 -0.59297977 -0.13864701 0.006976 1789551780.536713362 100.488 55.522 0.021 0.00000 -1 ACTUAL_TF
15.9448 -0.0175224 -1.6284710 0.6770217 -0.29642953 0.73571250 -0.59298693 -0.13864754 0.007086 1789551780.592672825 100.899 55.111 0.016 0.00000 -1 ACTUAL_TF
15.9994 -0.0175357 -1.6281520 0.6770432 -0.29641859 0.73570498 -0.59299926 -0.13865811 0.006672 1789551780.648752689 101.219 54.791 0.009 0.00000 -1 ACTUAL_TF
16.0519 -0.0175467 -1.6277052 0.6770221 -0.29643002 0.73572566 -0.59296936 -0.13865185 0.007070 1789551780.704696655 101.665 54.345 0.032 0.00000 -1 ACTUAL_TF
16.1070 -0.0175532 -1.6272880 0.6770279 -0.29643066 0.73572833 -0.59296650 -0.13864853 0.007183 1789551780.760729074 102.082 53.928 0.033 0.00000 -1 ACTUAL_TF
16.1672 -0.0175587 -1.6269228 0.6770451 -0.29642419 0.73572519 -0.59297371 -0.13864819 0.006990 1789551780.816649914 102.448 53.562 0.025 0.00000 -1 ACTUAL_TF
16.2188 -0.0175654 -1.6265125 0.6770691 -0.29641729 0.73571463 -0.59298930 -0.13865229 0.007091 1789551780.872747421 102.858 53.151 0.018 0.00000 -1 ACTUAL_TF
16.2743 -0.0175699 -1.6261524 0.6770671 -0.29642084 0.73571869 -0.59298323 -0.13864915 0.006894 1789551780.928728104 103.218 52.791 0.020 0.00000 -1 ACTUAL_TF
16.3364 -0.0175628 -1.6257546 0.6770810 -0.29641953 0.73571215 -0.59299236 -0.13864758 0.006958 1789551780.984732151 103.616 52.394 0.006 0.00000 -1 ACTUAL_TF
16.3836 -0.0175764 -1.6253975 0.6770971 -0.29641688 0.73570748 -0.59299828 -0.13865271 0.006787 1789551781.040737152 103.974 52.036 0.017 0.00000 -1 ACTUAL_TF
16.4414 -0.0175667 -1.6249787 0.6771007 -0.29642158 0.73571098 -0.59299353 -0.13864443 0.006992 1789551781.096822023 104.392 51.618 0.005 0.00000 -1 ACTUAL_TF
16.5035 -0.0175687 -1.6245650 0.6771284 -0.29641126 0.73569799 -0.59301397 -0.13864797 0.007117 1789551781.152791977 104.807 51.203 0.026 0.00000 -1 ACTUAL_TF
16.5557 -0.0175666 -1.6242073 0.6771429 -0.29641492 0.73569198 -0.59301898 -0.13865062 0.006902 1789551781.208712816 105.164 50.845 0.036 0.00000 -1 ACTUAL_TF
16.6076 -0.0175782 -1.6237886 0.6771575 -0.29641187 0.73569105 -0.59302139 -0.13865178 0.007079 1789551781.264650345 105.583 50.427 0.043 0.00000 -1 ACTUAL_TF
16.6697 -0.0175712 -1.6234592 0.6771600 -0.29641572 0.73569382 -0.59301713 -0.13864706 0.006715 1789551781.320818663 105.913 50.097 0.042 0.00000 -1 ACTUAL_TF
16.7227 -0.0175763 -1.6230286 0.6771512 -0.29642169 0.73570792 -0.59299805 -0.13864107 0.007007 1789551781.376841068 106.343 49.667 0.028 0.00000 -1 ACTUAL_TF
16.7835 -0.0175933 -1.6226594 0.6771471 -0.29642121 0.73571982 -0.59298357 -0.13864090 0.006887 1789551781.432780504 106.712 49.298 0.014 0.00000 -1 ACTUAL_TF
16.8345 -0.0175928 -1.6222342 0.6771539 -0.29642140 0.73571757 -0.59298701 -0.13863776 0.007100 1789551781.488774300 107.138 48.872 0.016 0.00000 -1 ACTUAL_TF
16.8898 -0.0175970 -1.6218567 0.6771487 -0.29643155 0.73572393 -0.59297456 -0.13863552 0.006998 1789551781.544630289 107.515 48.495 0.010 0.00000 -1 ACTUAL_TF
16.9516 -0.0176014 -1.6214523 0.6771760 -0.29642376 0.73571738 -0.59298575 -0.13863903 0.007064 1789551781.600773573 107.920 48.090 0.025 0.00000 -1 ACTUAL_TF
16.9998 -0.0176061 -1.6210522 0.6772012 -0.29641605 0.73570713 -0.59300100 -0.13864472 0.007094 1789551781.656733274 108.320 47.690 0.042 0.00000 -1 ACTUAL_TF
17.0567 -0.0175926 -1.6206903 0.6771952 -0.29642538 0.73570884 -0.59299647 -0.13863510 0.006911 1789551781.712594032 108.682 47.328 0.041 0.00000 -1 ACTUAL_TF
17.1183 -0.0176004 -1.6202820 0.6772235 -0.29641945 0.73569910 -0.59301053 -0.13863927 0.007025 1789551781.768750668 109.091 46.919 0.057 0.00000 -1 ACTUAL_TF
17.1747 -0.0175996 -1.6199254 0.6772423 -0.29641689 0.73569179 -0.59302043 -0.13864121 0.006831 1789551781.824736595 109.447 46.563 0.071 0.00000 -1 ACTUAL_TF
17.2242 -0.0175999 -1.6194950 0.6772425 -0.29642154 0.73569150 -0.59301874 -0.13864004 0.007089 1789551781.880681276 109.878 46.132 0.067 0.00000 -1 ACTUAL_TF
17.2840 -0.0176065 -1.6191274 0.6772367 -0.29642461 0.73569938 -0.59300813 -0.13863708 0.006929 1789551781.936775684 110.245 45.765 0.057 0.00000 -1 ACTUAL_TF
17.3470 -0.0176210 -1.6186902 0.6772197 -0.29643059 0.73571476 -0.59298655 -0.13863495 0.007196 1789551781.992755651 110.682 45.328 0.033 0.00000 -1 ACTUAL_TF
17.4012 -0.0176260 -1.6182824 0.6772333 -0.29643312 0.73571026 -0.59298990 -0.13863906 0.007225 1789551782.048731327 111.090 44.920 0.038 0.00000 -1 ACTUAL_TF
17.4522 -0.0176207 -1.6179456 0.6772391 -0.29643905 0.73570711 -0.59299090 -0.13863885 0.006862 1789551782.104717255 111.427 44.583 0.045 0.00000 -1 ACTUAL_TF
17.5040 -0.0176421 -1.6174828 0.6772178 -0.29644083 0.73572405 -0.59296910 -0.13863836 0.007285 1789551782.160781622 111.890 44.120 0.020 0.00000 -1 ACTUAL_TF
17.5662 -0.0176503 -1.6171578 0.6772329 -0.29642810 0.73572215 -0.59297799 -0.13863771 0.006844 1789551782.216752768 112.215 43.795 0.018 0.00000 -1 ACTUAL_TF
17.6207 -0.0176614 -1.6167315 0.6772416 -0.29643455 0.73571730 -0.59297920 -0.13864443 0.007082 1789551782.272608519 112.641 43.369 0.014 0.00000 -1 ACTUAL_TF
17.6769 -0.0176702 -1.6163740 0.6772490 -0.29643437 0.73571154 -0.59298527 -0.13864941 0.006869 1789551782.328740120 112.999 43.011 0.013 0.00000 -1 ACTUAL_TF
17.7305 -0.0176711 -1.6159653 0.6772619 -0.29643048 0.73570470 -0.59299540 -0.13865073 0.006998 1789551782.384760141 113.408 42.602 0.020 0.00000 -1 ACTUAL_TF
17.7913 -0.0176681 -1.6156180 0.6772719 -0.29642958 0.73569923 -0.59300325 -0.13864811 0.006760 1789551782.440757751 113.755 42.255 0.028 0.00000 -1 ACTUAL_TF
17.8522 -0.0176790 -1.6152123 0.6772957 -0.29642588 0.73568854 -0.59301648 -0.13865617 0.006908 1789551782.496821165 114.161 41.849 0.041 0.00000 -1 ACTUAL_TF
17.8997 -0.0176797 -1.6147568 0.6772822 -0.29643693 0.73569803 -0.59300085 -0.13864900 0.007278 1789551782.552786827 114.617 41.393 0.025 0.00000 -1 ACTUAL_TF
17.9495 -0.0176841 -1.6144039 0.6772781 -0.29643592 0.73570631 -0.59299130 -0.13864809 0.006988 1789551782.608721018 114.969 41.041 0.018 0.00000 -1 ACTUAL_TF
18.0129 -0.0176809 -1.6139741 0.6772719 -0.29643886 0.73571158 -0.59298456 -0.13864263 0.007179 1789551782.665104389 115.399 40.611 0.025 0.00000 -1 ACTUAL_TF
18.0629 -0.0176969 -1.6136039 0.6772771 -0.29644000 0.73571646 -0.59297740 -0.13864495 0.007026 1789551782.720656872 115.769 40.241 0.015 0.00000 -1 ACTUAL_TF
18.1319 -0.0176993 -1.6131924 0.6772755 -0.29644347 0.73572535 -0.59296522 -0.13864247 0.007117 1789551782.776825428 116.181 39.829 0.022 0.00000 -1 ACTUAL_TF
18.1898 -0.0177000 -1.6128655 0.6772869 -0.29643962 0.73572107 -0.59297265 -0.13864161 0.006736 1789551782.832763433 116.508 39.502 0.021 0.00000 -1 ACTUAL_TF
18.2372 -0.0177152 -1.6124024 0.6772796 -0.29644461 0.73573294 -0.59295609 -0.13863877 0.007204 1789551782.888606548 116.971 39.039 0.025 0.00000 -1 ACTUAL_TF
18.2945 -0.0177252 -1.6119942 0.6772925 -0.29643441 0.73573108 -0.59296413 -0.13863607 0.007227 1789551782.944735289 117.379 38.631 0.018 0.00000 -1 ACTUAL_TF
18.3471 -0.0177413 -1.6116590 0.6773093 -0.29642493 0.73572661 -0.59297319 -0.13864132 0.006861 1789551783.000675201 117.715 38.295 0.008 0.00000 -1 ACTUAL_TF
18.3976 -0.0177472 -1.6112483 0.6773245 -0.29642456 0.73571819 -0.59298230 -0.13864781 0.007003 1789551783.056705236 118.126 37.884 0.007 0.00000 -1 ACTUAL_TF
18.4577 -0.0177639 -1.6109077 0.6773386 -0.29642005 0.73571417 -0.59298821 -0.13865352 0.006732 1789551783.112664700 118.467 37.543 0.022 0.00000 -1 ACTUAL_TF
18.5171 -0.0177689 -1.6104788 0.6773450 -0.29640615 0.73571988 -0.59299009 -0.13864487 0.007009 1789551783.168702602 118.896 37.114 0.022 0.00000 -1 ACTUAL_TF
18.5751 -0.0177757 -1.6101090 0.6773401 -0.29641036 0.73572730 -0.59297925 -0.13864288 0.006885 1789551783.224779367 119.266 36.744 0.021 0.00000 -1 ACTUAL_TF
18.6315 -0.0177839 -1.6096784 0.6773294 -0.29642353 0.73573215 -0.59296537 -0.13864832 0.007129 1789551783.280737162 119.696 36.314 0.030 0.00000 -1 ACTUAL_TF
18.6846 -0.0177932 -1.6093452 0.6773506 -0.29642204 0.73572314 -0.59297544 -0.13865625 0.006779 1789551783.336757660 120.030 35.980 0.029 0.00000 -1 ACTUAL_TF
18.7418 -0.0177793 -1.6089172 0.6773431 -0.29642021 0.73573156 -0.59296929 -0.13864183 0.007039 1789551783.392772436 120.457 35.553 0.019 0.00000 -1 ACTUAL_TF
18.7987 -0.0177782 -1.6084949 0.6773471 -0.29642868 0.73573464 -0.59296204 -0.13863837 0.007188 1789551783.448813200 120.879 35.130 0.020 0.00000 -1 ACTUAL_TF
18.8497 -0.0177906 -1.6081256 0.6773401 -0.29644086 0.73574252 -0.59294557 -0.13864091 0.007013 1789551783.504760027 121.249 34.761 0.035 0.00000 -1 ACTUAL_TF
18.9064 -0.0177737 -1.6077181 0.6773704 -0.29643875 0.73572485 -0.59296869 -0.13864033 0.007096 1789551783.560859442 121.656 34.354 0.015 0.00000 -1 ACTUAL_TF
18.9651 -0.0177754 -1.6073348 0.6773610 -0.29644535 0.73573249 -0.59295709 -0.13863528 0.007015 1789551783.617054462 122.040 33.970 0.029 0.00000 -1 ACTUAL_TF
19.0222 -0.0177754 -1.6069249 0.6773772 -0.29644480 0.73572285 -0.59296874 -0.13863777 0.007119 1789551783.672770977 122.450 33.560 0.025 0.00000 -1 ACTUAL_TF
19.0716 -0.0177847 -1.6065994 0.6774136 -0.29642875 0.73570728 -0.59299438 -0.13864509 0.006740 1789551783.728725195 122.776 33.234 0.021 0.00000 -1 ACTUAL_TF
19.1388 -0.0177820 -1.6061809 0.6774231 -0.29643041 0.73570299 -0.59299912 -0.13864402 0.006955 1789551783.784856319 123.194 32.816 0.029 0.00000 -1 ACTUAL_TF
19.1816 -0.0177827 -1.6057708 0.6774238 -0.29643619 0.73570702 -0.59299141 -0.13864325 0.007070 1789551783.840747833 123.604 32.406 0.029 0.00000 -1 ACTUAL_TF
19.2394 -0.0177952 -1.6053999 0.6774183 -0.29643956 0.73571473 -0.59298026 -0.13864280 0.006939 1789551783.896683216 123.975 32.035 0.019 0.00000 -1 ACTUAL_TF
19.2955 -0.0178017 -1.6049823 0.6774297 -0.29643960 0.73571485 -0.59298006 -0.13864297 0.007098 1789551783.952641964 124.393 31.617 0.018 0.00000 -1 ACTUAL_TF
19.3547 -0.0178005 -1.6046241 0.6774307 -0.29644387 0.73571843 -0.59297454 -0.13863846 0.006882 1789551784.008788824 124.751 31.259 0.024 0.00000 -1 ACTUAL_TF
19.4091 -0.0178146 -1.6041956 0.6774309 -0.29644610 0.73572271 -0.59296775 -0.13864000 0.007115 1789551784.064765930 125.180 30.830 0.016 0.00000 -1 ACTUAL_TF
19.4712 -0.0178121 -1.6038578 0.6774363 -0.29644507 0.73572088 -0.59297061 -0.13863967 0.006766 1789551784.121529102 125.517 30.492 0.023 0.00000 -1 ACTUAL_TF
19.5214 -0.0178140 -1.6034421 0.6774518 -0.29644137 0.73572252 -0.59297113 -0.13863671 0.006997 1789551784.176731586 125.933 30.077 0.025 0.00000 -1 ACTUAL_TF
19.5818 -0.0178240 -1.6030776 0.6774582 -0.29644197 0.73572257 -0.59297022 -0.13863902 0.006853 1789551784.232694626 126.298 29.712 0.020 0.00000 -1 ACTUAL_TF
19.6325 -0.0178284 -1.6026677 0.6774742 -0.29644536 0.73571259 -0.59297921 -0.13864625 0.006993 1789551784.288731813 126.708 29.302 0.023 0.00000 -1 ACTUAL_TF
19.6976 -0.0178327 -1.6022412 0.6774944 -0.29644201 0.73570537 -0.59298991 -0.13864600 0.007189 1789551784.344587564 127.135 28.875 0.032 0.00000 -1 ACTUAL_TF
19.7541 -0.0178405 -1.6018767 0.6774916 -0.29644409 0.73570978 -0.59298373 -0.13864458 0.006978 1789551784.400786400 127.499 28.511 0.024 0.00000 -1 ACTUAL_TF
19.8025 -0.0178459 -1.6014720 0.6774934 -0.29644325 0.73571021 -0.59298330 -0.13864594 0.007061 1789551784.456588030 127.904 28.106 0.021 0.00000 -1 ACTUAL_TF
19.8632 -0.0178484 -1.6010986 0.6774933 -0.29644853 0.73571710 -0.59297288 -0.13864267 0.006937 1789551784.512762785 128.277 27.733 0.021 0.00000 -1 ACTUAL_TF
19.9179 -0.0178631 -1.6007037 0.6775058 -0.29644168 0.73571621 -0.59297664 -0.13864594 0.006974 1789551784.568744421 128.673 27.337 0.015 0.00000 -1 ACTUAL_TF
19.9727 -0.0178656 -1.6003511 0.6775217 -0.29643914 0.73571253 -0.59298244 -0.13864607 0.006775 1789551784.624689817 129.025 26.984 0.024 0.00000 -1 ACTUAL_TF
20.0252 -0.0178835 -1.5999267 0.6775238 -0.29644011 0.73571471 -0.59297780 -0.13865232 0.007022 1789551784.680589437 129.450 26.560 0.016 0.00000 -1 ACTUAL_TF
20.0895 -0.0178874 -1.5995145 0.6775332 -0.29643830 0.73571173 -0.59298222 -0.13865304 0.007119 1789551784.736712217 129.862 26.148 0.018 0.00000 -1 ACTUAL_TF
20.1381 -0.0178802 -1.5991779 0.6775380 -0.29644207 0.73570926 -0.59298379 -0.13865135 0.006789 1789551784.792677641 130.199 25.811 0.022 0.00000 -1 ACTUAL_TF
20.2015 -0.0178943 -1.5987286 0.6775386 -0.29644367 0.73571360 -0.59297680 -0.13865487 0.007093 1789551784.850292206 130.648 25.362 0.012 0.00000 -1 ACTUAL_TF
20.2479 -0.0178980 -1.5984012 0.6775553 -0.29643747 0.73570636 -0.59298845 -0.13865672 0.006774 1789551784.904652596 130.976 25.034 0.023 0.00000 -1 ACTUAL_TF
20.3127 -0.0178942 -1.5979449 0.6775537 -0.29644818 0.73570708 -0.59298338 -0.13865165 0.007185 1789551784.960694075 131.432 24.578 0.019 0.00000 -1 ACTUAL_TF
20.3581 -0.0179069 -1.5976249 0.6775748 -0.29643756 0.73569542 -0.59300126 -0.13865974 0.006748 1789551785.016690969 131.752 24.257 0.029 0.00000 -1 ACTUAL_TF
20.4205 -0.0179211 -1.5971993 0.6775820 -0.29643731 0.73569806 -0.59299737 -0.13866293 0.007006 1789551785.072694540 132.178 23.832 0.029 0.00000 -1 ACTUAL_TF
20.4798 -0.0179205 -1.5968555 0.6775687 -0.29644545 0.73570627 -0.59298371 -0.13866040 0.006749 1789551785.128632784 132.522 23.488 0.010 0.00000 -1 ACTUAL_TF
20.5340 -0.0179344 -1.5963942 0.6775512 -0.29644974 0.73572568 -0.59295868 -0.13865527 0.007194 1789551785.184731483 132.983 23.027 0.016 0.00000 -1 ACTUAL_TF
20.5878 -0.0179361 -1.5959787 0.6775626 -0.29645018 0.73572438 -0.59296087 -0.13865183 0.007264 1789551785.240693331 133.399 22.611 0.011 0.00000 -1 ACTUAL_TF
20.6470 -0.0179478 -1.5956209 0.6775585 -0.29644862 0.73573264 -0.59295117 -0.13865281 0.006998 1789551785.296831608 133.756 22.254 0.023 0.00000 -1 ACTUAL_TF
20.7024 -0.0179678 -1.5952012 0.6775577 -0.29644798 0.73573920 -0.59294262 -0.13865597 0.007153 1789551785.352748871 134.176 21.834 0.038 0.00000 -1 ACTUAL_TF
20.7539 -0.0179794 -1.5948669 0.6775689 -0.29644118 0.73573590 -0.59294927 -0.13865955 0.006798 1789551785.408805609 134.511 21.499 0.039 0.00000 -1 ACTUAL_TF
20.8114 -0.0179810 -1.5944656 0.6775994 -0.29643615 0.73571929 -0.59297155 -0.13866318 0.006919 1789551785.464712620 134.912 21.097 0.029 0.00000 -1 ACTUAL_TF
20.8711 -0.0179764 -1.5941283 0.6776059 -0.29643566 0.73571724 -0.59297540 -0.13865862 0.006646 1789551785.520856619 135.250 20.760 0.020 0.00000 -1 ACTUAL_TF
20.9214 -0.0179824 -1.5936913 0.6776194 -0.29643491 0.73571633 -0.59297743 -0.13865640 0.006998 1789551785.576777458 135.687 20.323 0.022 0.00000 -1 ACTUAL_TF
20.9862 -0.0179892 -1.5932882 0.6776518 -0.29642335 0.73569969 -0.59300168 -0.13866568 0.007066 1789551785.632753134 136.091 19.919 0.041 0.00000 -1 ACTUAL_TF
21.0343 -0.0179849 -1.5929239 0.6776538 -0.29643020 0.73570587 -0.59299214 -0.13865909 0.006897 1789551785.688764811 136.455 19.555 0.033 0.00000 -1 ACTUAL_TF
21.0924 -0.0179815 -1.5925081 0.6776537 -0.29643004 0.73571714 -0.59298019 -0.13865069 0.007056 1789551785.744766474 136.870 19.140 0.024 0.00000 -1 ACTUAL_TF
21.1468 -0.0179880 -1.5921698 0.6776589 -0.29642882 0.73571911 -0.59297786 -0.13865279 0.006756 1789551785.800655365 137.209 18.801 0.024 0.00000 -1 ACTUAL_TF
21.2061 -0.0179843 -1.5917465 0.6776601 -0.29643373 0.73572579 -0.59296829 -0.13864781 0.006990 1789551785.856811285 137.632 18.378 0.017 0.00000 -1 ACTUAL_TF
21.2547 -0.0179752 -1.5913817 0.6776723 -0.29643495 0.73572302 -0.59297230 -0.13864275 0.006853 1789551785.912699223 137.997 18.013 0.029 0.00000 -1 ACTUAL_TF
21.3185 -0.0179698 -1.5909571 0.6776821 -0.29643534 0.73572154 -0.59297525 -0.13863713 0.007070 1789551785.968755484 138.421 17.589 0.038 0.00000 -1 ACTUAL_TF
21.3770 -0.0179648 -1.5905878 0.6776741 -0.29644897 0.73572871 -0.59296136 -0.13862932 0.006929 1789551786.024727345 138.790 17.220 0.039 0.00000 -1 ACTUAL_TF
21.4244 -0.0179682 -1.5901818 0.6776934 -0.29644212 0.73572151 -0.59297381 -0.13862897 0.007027 1789551786.080765963 139.197 16.813 0.046 0.00000 -1 ACTUAL_TF
21.4829 -0.0179706 -1.5897840 0.6777144 -0.29643553 0.73571172 -0.59298895 -0.13863024 0.007054 1789551786.136721373 139.595 16.415 0.057 0.00000 -1 ACTUAL_TF
21.5330 -0.0179864 -1.5894383 0.6777411 -0.29642858 0.73570216 -0.59300156 -0.13864188 0.006802 1789551786.192605257 139.941 16.069 0.067 0.00000 -1 ACTUAL_TF
21.5959 -0.0179939 -1.5890266 0.6777574 -0.29642107 0.73569636 -0.59301225 -0.13864300 0.006965 1789551786.248698711 140.353 15.657 0.075 0.00000 -1 ACTUAL_TF
21.6499 -0.0180018 -1.5886742 0.6777863 -0.29641640 0.73568090 -0.59303215 -0.13864992 0.006762 1789551786.304931164 140.706 15.304 0.096 0.00000 -1 ACTUAL_TF
21.7089 -0.0180086 -1.5882503 0.6777757 -0.29641665 0.73569573 -0.59301543 -0.13864220 0.006988 1789551786.361359596 141.130 14.880 0.078 0.00000 -1 ACTUAL_TF
21.7612 -0.0180151 -1.5878556 0.6777391 -0.29643190 0.73572088 -0.59297931 -0.13863063 0.007043 1789551786.416656733 141.524 14.486 0.038 0.00000 -1 ACTUAL_TF
21.8216 -0.0180196 -1.5874207 0.6777217 -0.29644190 0.73573049 -0.59296318 -0.13862724 0.007258 1789551786.472741604 141.958 14.052 0.023 0.00000 -1 ACTUAL_TF
21.8733 -0.0180133 -1.5870288 0.6777332 -0.29643727 0.73572485 -0.59297299 -0.13862510 0.007190 1789551786.528514624 142.350 13.660 0.035 0.00000 -1 ACTUAL_TF
21.9295 -0.0180269 -1.5866397 0.6777104 -0.29644539 0.73574032 -0.59295007 -0.13862369 0.007116 1789551786.584686995 142.739 13.271 0.029 0.00000 -1 ACTUAL_TF
21.9882 -0.0180306 -1.5862241 0.6777236 -0.29643937 0.73573516 -0.59295914 -0.13862516 0.007212 1789551786.640615463 143.155 12.855 0.028 0.00000 -1 ACTUAL_TF
22.0474 -0.0180407 -1.5858507 0.6777255 -0.29644100 0.73573829 -0.59295416 -0.13862631 0.007043 1789551786.696789026 143.528 12.482 0.025 0.00000 -1 ACTUAL_TF
22.0984 -0.0180519 -1.5854359 0.6777417 -0.29643674 0.73573235 -0.59296194 -0.13863371 0.007156 1789551786.752755404 143.943 12.067 0.015 0.00000 -1 ACTUAL_TF
22.1527 -0.0180531 -1.5850684 0.6777388 -0.29644410 0.73573572 -0.59295468 -0.13863115 0.006983 1789551786.808613777 144.311 11.699 0.023 0.00000 -1 ACTUAL_TF
22.2176 -0.0180544 -1.5846732 0.6777676 -0.29643626 0.73572009 -0.59297711 -0.13863488 0.007006 1789551786.864738226 144.706 11.303 0.023 0.00000 -1 ACTUAL_TF
22.2643 -0.0180601 -1.5842576 0.6778011 -0.29643096 0.73570714 -0.59299445 -0.13864083 0.007133 1789551786.920882225 145.123 10.887 0.041 0.00000 -1 ACTUAL_TF
22.3251 -0.0180809 -1.5838827 0.6777955 -0.29642767 0.73571221 -0.59298889 -0.13864473 0.007008 1789551786.976781368 145.498 10.512 0.024 0.00000 -1 ACTUAL_TF
22.3873 -0.0180975 -1.5834062 0.6777725 -0.29644173 0.73573370 -0.59295577 -0.13864229 0.007464 1789551787.032755375 145.974 10.036 0.009 0.00000 -1 ACTUAL_TF
22.4333 -0.0181095 -1.5830863 0.6777916 -0.29643073 0.73572821 -0.59296640 -0.13864941 0.006944 1789551787.088733912 146.294 9.716 0.015 0.00000 -1 ACTUAL_TF
22.4962 -0.0181111 -1.5826470 0.6777880 -0.29643828 0.73573126 -0.59295919 -0.13864796 0.007211 1789551787.144796610 146.733 9.277 0.010 0.00000 -1 ACTUAL_TF
22.5448 -0.0181045 -1.5823018 0.6777866 -0.29644653 0.73573299 -0.59295328 -0.13864639 0.006898 1789551787.200773478 147.078 8.932 0.012 0.00000 -1 ACTUAL_TF
22.6018 -0.0180992 -1.5818835 0.6777913 -0.29644874 0.73573695 -0.59294849 -0.13864116 0.007077 1789551787.256597996 147.497 8.513 0.019 0.00000 -1 ACTUAL_TF
22.6565 -0.0181182 -1.5815130 0.6777886 -0.29645505 0.73574440 -0.59293515 -0.13864520 0.006939 1789551787.312668800 147.867 8.143 0.023 0.00000 -1 ACTUAL_TF
22.7241 -0.0181243 -1.5810861 0.6778105 -0.29644885 0.73573422 -0.59294994 -0.13864923 0.007140 1789551787.368851185 148.294 7.716 0.008 0.00000 -1 ACTUAL_TF
22.7659 -0.0181216 -1.5806849 0.6778265 -0.29644918 0.73572647 -0.59295949 -0.13864881 0.007152 1789551787.424763680 148.696 7.314 0.005 0.00000 -1 ACTUAL_TF
22.8272 -0.0181260 -1.5803739 0.6778588 -0.29643742 0.73571138 -0.59298309 -0.13865310 0.006686 1789551787.480641365 149.007 7.003 0.029 0.00000 -1 ACTUAL_TF
22.8901 -0.0181236 -1.5799856 0.6778773 -0.29643777 0.73569994 -0.59299616 -0.13865714 0.006756 1789551787.536832333 149.396 6.614 0.042 0.00000 -1 ACTUAL_TF
22.9490 -0.0181275 -1.5796636 0.6778703 -0.29644061 0.73570392 -0.59299021 -0.13865541 0.006455 1789551787.592814445 149.718 6.292 0.031 0.00000 -1 ACTUAL_TF
23.0023 -0.0181496 -1.5792632 0.6778639 -0.29643297 0.73572178 -0.59297250 -0.13865265 0.006666 1789551787.648835421 150.118 5.892 0.016 0.00000 -1 ACTUAL_TF
23.0504 -0.0181593 -1.5789272 0.6778676 -0.29642773 0.73572650 -0.59296978 -0.13865051 0.006471 1789551787.704700232 150.454 5.556 0.017 0.00000 -1 ACTUAL_TF
23.1026 -0.0181646 -1.5785159 0.6778646 -0.29643996 0.73572894 -0.59296030 -0.13865190 0.006733 1789551787.760712862 150.865 5.145 0.011 0.00000 -1 ACTUAL_TF
23.1675 -0.0181697 -1.5781295 0.6778655 -0.29644040 0.73573369 -0.59295534 -0.13864701 0.006778 1789551787.816869259 151.252 4.758 0.011 0.00000 -1 ACTUAL_TF
23.2155 -0.0181700 -1.5778472 0.6778886 -0.29643265 0.73572450 -0.59296984 -0.13865033 0.006265 1789551787.872745514 151.534 4.475 0.018 0.00000 -1 ACTUAL_TF
23.2716 -0.0181768 -1.5774700 0.6778778 -0.29644084 0.73573494 -0.59295358 -0.13864695 0.006404 1789551787.928828716 151.911 4.098 0.010 0.00000 -1 ACTUAL_TF
23.3292 -0.0181724 -1.5771720 0.6778792 -0.29644729 0.73573504 -0.59295076 -0.13864468 0.006082 1789551787.984743595 152.209 3.801 0.004 0.00000 -1 ACTUAL_TF
23.3878 -0.0181879 -1.5768010 0.6778727 -0.29644640 0.73574164 -0.59294301 -0.13864475 0.006243 1789551788.040854216 152.580 3.430 0.021 0.00000 -1 ACTUAL_TF
23.4436 -0.0181885 -1.5765004 0.6778805 -0.29644902 0.73573950 -0.59294458 -0.13864375 0.005985 1789551788.096702814 152.881 3.129 0.016 0.00000 -1 ACTUAL_TF
23.4941 -0.0181945 -1.5761618 0.6778933 -0.29644839 0.73573604 -0.59294796 -0.13864899 0.006003 1789551788.152768373 153.220 2.790 0.013 0.00000 -1 ACTUAL_TF
23.5548 -0.0181933 -1.5759107 0.6779106 -0.29644577 0.73571990 -0.59296753 -0.13865657 0.005551 1789551788.208749294 153.471 2.539 0.009 0.00000 -1 ACTUAL_TF
23.6097 -0.0181935 -1.5755988 0.6779321 -0.29644240 0.73571015 -0.59298087 -0.13865847 0.005557 1789551788.264886379 153.783 2.227 0.023 0.00000 -1 ACTUAL_TF
23.6687 -0.0181900 -1.5752680 0.6779237 -0.29645242 0.73571865 -0.59296626 -0.13865443 0.005668 1789551788.320685148 154.114 1.896 0.011 0.00000 -1 ACTUAL_TF
23.7239 -0.0181862 -1.5749918 0.6779129 -0.29646055 0.73572448 -0.59295654 -0.13864769 0.005448 1789551788.376734972 154.390 1.620 0.014 0.00000 -1 ACTUAL_TF
23.7828 -0.0181900 -1.5747020 0.6779176 -0.29646009 0.73572732 -0.59295343 -0.13864684 0.005366 1789551788.432751417 154.680 1.330 0.014 0.00000 -1 ACTUAL_TF
23.8357 -0.0181944 -1.5744592 0.6779173 -0.29646005 0.73573146 -0.59294879 -0.13864482 0.005056 1789551788.488803864 154.922 1.087 0.015 0.00000 -1 ACTUAL_TF
23.8960 -0.0181940 -1.5741939 0.6779319 -0.29645977 0.73572565 -0.59295583 -0.13864612 0.004963 1789551788.544794321 155.188 0.822 0.015 0.00000 -1 ACTUAL_TF
23.9488 -0.0182014 -1.5739976 0.6779423 -0.29645599 0.73572140 -0.59296202 -0.13865035 0.004528 1789551788.600778341 155.384 0.625 0.012 0.00000 -1 ACTUAL_TF
23.9997 -0.0182000 -1.5737780 0.6779382 -0.29646021 0.73572519 -0.59295611 -0.13864645 0.004348 1789551788.656722069 155.604 0.406 0.014 0.00000 -1 ACTUAL_TF
24.0587 -0.0181990 -1.5736299 0.6779536 -0.29645493 0.73571798 -0.59296770 -0.13864646 0.003840 1789551788.712800503 155.752 0.258 0.021 0.00000 -1 ACTUAL_TF
24.1146 -0.0182024 -1.5735353 0.6779527 -0.29645518 0.73571880 -0.59296639 -0.13864719 0.003195 1789551788.768772364 155.847 0.163 0.017 0.00000 -1 ACTUAL_TF
24.1727 -0.0182000 -1.5734836 0.6779645 -0.29645216 0.73571230 -0.59297546 -0.13864929 0.002522 1789551788.824625015 155.899 0.111 0.027 0.00000 -1 ACTUAL_TF
24.2380 -0.0181976 -1.5734455 0.6779609 -0.29645389 0.73571524 -0.59297146 -0.13864712 0.001970 1789551788.880886555 155.937 0.073 0.026 0.00000 -1 ACTUAL_TF
