WELD FEEDBACK LOG
result=completed
started=2026-09-15 17:21:44
ended=2026-09-15 17:22:11
elapsed_seconds=26.557

================ OPERATOR OVERVIEW ================
REQUESTED : 230 A / 26.5 V · FE-SOLID 1.2 mm · LSM · CO2 100%
RX ECHO   : 230 A / 26.5 V · MATCH=YES
CURRENT FB: avg 231.77 · min 1.00 · max 244.00 A
VOLTAGE FB: avg 26.17 · min 3.30 · max 60.80 V
WIRE FEED : avg 10.80 · min 10.80 · max 10.80 m/min
ARC ON    : 24.078 s
NET WELD  : 23.234 s
WIRE USED : 4182.599 mm (base 4182.599 + alpha 0.000)
WCR       : DETECTED
SAMPLES   : RX 664 / welding 584 / TCP 446
===================================================

[commanded]
current_a=230
voltage_tenths=265
voltage=26.5
material=FE-SOLID
diameter_mm=1.2
mode=LSM
gas=CO2 100%
synergic=False
correction=0.0
hot_start_enabled=True
hot_start_percent=20.0
hot_start_hold_adjustment=-1
crater_enabled=False
crater_percent=26.08695652173913
crater_current_a=60.0
crater_voltage_v=25.0
crater_seconds=1.0
wire_consumable_alpha_mm=0.0
hot_start_current_a=276

[rx_setting_echo]
current_a=230
voltage_v=26.5
hot_start_current_a=0
hot_start_hold_adjustment=-15

[rx_welding_setting_echo]
current_a=230
voltage_v=26.5
hot_start_current_a=0
hot_start_hold_adjustment=-15

[execution_conditions]
mode=sequence_execute
run_all=True
touch_io_backend=fastech_ethernet
touch_input_port=4
touch_sensing_output_port=0
fastech_ip=192.168.0.3
fastech_poll_target_hz=100.0
hicomm_source_ip=192.168.1.2
hicomm_welder_ip=192.168.1.10
hicomm_port=60000
gui_velocity_percent=36.95263157894737
gui_speed_mode=scale
gui_tcp_speed_mm_s=10.0
gui_interpolation_step_mm=5.0
seam_orientation_mode=Keep reference orientation
weld_fixed_tilt_x_deg=0.0
weld_fixed_tilt_y_deg=0.0
weld_fixed_tilt_z_deg=-0.0
weld_weave_enabled=False
weld_weave_pattern=circle
weld_weave_amplitude_mm=2.7
weld_weave_cycles=4
weld_weave_samples_per_cycle=8
weld_weave_axis=tool_y
weld_lead_in_mm=1.0
weld_lead_out_mm=6.0
weld_safe_approach_mm=31.0
weld_approach_mode=taught_wait
weld_pre_start_lead_mm=0.0
weld_tcp_speed_mm_s=7.0
weld_arc_off_delay_ms=500.0
tcp_tracking.parent_frame=World
tcp_tracking.child_frame=right_manipulator_ee_point
tcp_tracking.timestamp_source=TF_header_stamp
initial_fastech_di0=False
initial_fastech_do0=True
robot_connected.left=True
robot_connected.right=True
robot_connected.head=True
hicomm_connected=True
execution_allowed=True
steps[0].sequence_number=1
steps[0].type=named_pose
steps[0].parallel_slot=1
steps[0].duration=0.0
steps[0].planning_group=right_manipulator
steps[0].velocity_scale=0.3695263157894737
steps[0].tcp_speed_m_s=0.0
steps[0].pose_name=weld_start_wait
steps[0].pose_label=3 · Weld start wait pose
steps[0].touch_guard=False
steps[0].continue_after_touch=False
steps[0].weld_scenario_id=weld-29469612364458
steps[0].weld_scenario_stage=start_wait
steps[0].target_tcp.position_m.x=0.024710203302121148
steps[0].target_tcp.position_m.y=-1.7170499624461286
steps[0].target_tcp.position_m.z=0.6823950266728886
steps[0].target_tcp.orientation_xyzw.x=-0.42220886079606906
steps[0].target_tcp.orientation_xyzw.y=0.6849521219070859
steps[0].target_tcp.orientation_xyzw.z=-0.5084860527499799
steps[0].target_tcp.orientation_xyzw.w=-0.30663040083953
steps[0].joint_names[0]=right_manipulator_joint1
steps[0].joint_names[1]=right_manipulator_joint2
steps[0].joint_names[2]=right_manipulator_joint3
steps[0].joint_names[3]=right_manipulator_joint4
steps[0].joint_names[4]=right_manipulator_joint5
steps[0].joint_names[5]=right_manipulator_joint6
steps[0].joint_positions_rad[0]=5.10844471032135
steps[0].joint_positions_rad[1]=1.260913166040203
steps[0].joint_positions_rad[2]=1.85864169637113
steps[0].joint_positions_rad[3]=3.530544135002558
steps[0].joint_positions_rad[4]=1.2511018142682422
steps[0].joint_positions_rad[5]=1.5142098794270564
steps[1].sequence_number=2
steps[1].type=motion
steps[1].parallel_slot=2
steps[1].duration=0.0
steps[1].planning_group=right_manipulator
steps[1].velocity_scale=0.3695263157894737
steps[1].tcp_speed_m_s=0.0
steps[1].interpolation_step=0.005
steps[1].path_kind=taught_wait_align_weld_attitude
steps[1].touch_guard=False
steps[1].continue_after_touch=False
steps[1].accept_initial_touch=False
steps[1].weld_scenario_id=weld-29469612364458
steps[1].weld_scenario_stage=start_safe
steps[1].waypoint_count=1
steps[1].waypoints[0].position_m.x=0.024710203302121148
steps[1].waypoints[0].position_m.y=-1.7170499624461286
steps[1].waypoints[0].position_m.z=0.6823950266728886
steps[1].waypoints[0].orientation_xyzw.x=-0.4222013277188013
steps[1].waypoints[0].orientation_xyzw.y=0.684961076366802
steps[1].waypoints[0].orientation_xyzw.z=-0.5084822095749256
steps[1].waypoints[0].orientation_xyzw.w=-0.30662714374418115
steps[2].sequence_number=3
steps[2].type=motion
steps[2].parallel_slot=3
steps[2].duration=0.0
steps[2].planning_group=right_manipulator
steps[2].velocity_scale=0.3695263157894737
steps[2].tcp_speed_m_s=0.0
steps[2].interpolation_step=0.005
steps[2].path_kind=taught_wait_to_weld_start
steps[2].touch_guard=False
steps[2].continue_after_touch=True
steps[2].accept_initial_touch=False
steps[2].weld_scenario_id=weld-29469612364458
steps[2].weld_scenario_stage=start_contact
steps[2].waypoint_count=1
steps[2].waypoints[0].position_m.x=0.024696415585178818
steps[2].waypoints[0].position_m.y=-1.7179827493025872
steps[2].waypoints[0].position_m.z=0.678061529015544
steps[2].waypoints[0].orientation_xyzw.x=-0.4222013277188013
steps[2].waypoints[0].orientation_xyzw.y=0.684961076366802
steps[2].waypoints[0].orientation_xyzw.z=-0.5084822095749256
steps[2].waypoints[0].orientation_xyzw.w=-0.30662714374418115
steps[3].sequence_number=4
steps[3].type=digital_output
steps[3].parallel_slot=4
steps[3].duration=0.0
steps[3].port=0
steps[3].value=False
steps[3].weld_scenario_id=weld-29469612364458
steps[3].weld_scenario_stage=touch_output_off
steps[4].sequence_number=5
steps[4].type=digital_weld
steps[4].parallel_slot=5
steps[4].duration=0.0
steps[4].command=on
steps[4].weld_scenario_id=weld-29469612364458
steps[4].weld_scenario_stage=arc_on
steps[4].settings.current_a=230
steps[4].settings.voltage_tenths=265
steps[4].settings.voltage=26.5
steps[4].settings.material=FE-SOLID
steps[4].settings.diameter_mm=1.2
steps[4].settings.mode=LSM
steps[4].settings.gas=CO2 100%
steps[4].settings.synergic=False
steps[4].settings.correction=0.0
steps[4].settings.hot_start_enabled=True
steps[4].settings.hot_start_percent=20.0
steps[4].settings.hot_start_hold_adjustment=-1
steps[4].settings.crater_enabled=False
steps[4].settings.crater_percent=26.08695652173913
steps[4].settings.crater_current_a=60.0
steps[4].settings.crater_voltage_v=25.0
steps[4].settings.crater_seconds=1.0
steps[4].settings.wire_consumable_alpha_mm=0.0
steps[4].settings.hot_start_current_a=276
steps[5].sequence_number=6
steps[5].type=motion
steps[5].parallel_slot=5
steps[5].duration=0.0
steps[5].planning_group=right_manipulator
steps[5].velocity_scale=0.3695263157894737
steps[5].tcp_speed_m_s=0.007
steps[5].interpolation_step=0.005
steps[5].path_kind=continuous_lead_to_lead_over_taught_goal_fastech_di0_ignored
steps[5].touch_guard=False
steps[5].weld_scenario_id=weld-29469612364458
steps[5].weld_scenario_stage=weld_motion
steps[5].lead_in_mm=1.0
steps[5].lead_out_mm=6.0
steps[5].linear_motion_profile=True
steps[5].waypoint_count=2
steps[5].waypoints[0].position_m.x=0.024696415585178818
steps[5].waypoints[0].position_m.y=-1.7179827493025872
steps[5].waypoints[0].position_m.z=0.678061529015544
steps[5].waypoints[0].orientation_xyzw.x=-0.4222013277188013
steps[5].waypoints[0].orientation_xyzw.y=0.684961076366802
steps[5].waypoints[0].orientation_xyzw.z=-0.5084822095749256
steps[5].waypoints[0].orientation_xyzw.w=-0.30662714374418115
steps[5].waypoints[1].position_m.x=0.022191122052930976
steps[5].waypoints[1].position_m.y=-1.557305613259731
steps[5].waypoints[1].position_m.z=0.6790815013218281
steps[5].waypoints[1].orientation_xyzw.x=-0.4221909759963734
steps[5].waypoints[1].orientation_xyzw.y=0.684951226704305
steps[5].waypoints[1].orientation_xyzw.z=-0.5085029263670966
steps[5].waypoints[1].orientation_xyzw.w=-0.30662904412269326
steps[5].lead_start.position_m.x=0.024696415585178818
steps[5].lead_start.position_m.y=-1.7179827493025872
steps[5].lead_start.position_m.z=0.678061529015544
steps[5].lead_start.orientation_xyzw.x=-0.4222013277188013
steps[5].lead_start.orientation_xyzw.y=0.684961076366802
steps[5].lead_start.orientation_xyzw.z=-0.5084822095749256
steps[5].lead_start.orientation_xyzw.w=-0.30662714374418115
steps[5].usable_seam_start.position_m.x=0.024680825696930753
steps[5].usable_seam_start.position_m.y=-1.716982890977531
steps[5].usable_seam_start.position_m.z=0.6780678760779006
steps[5].usable_seam_start.orientation_xyzw.x=-0.4222013277188013
steps[5].usable_seam_start.orientation_xyzw.y=0.684961076366802
steps[5].usable_seam_start.orientation_xyzw.z=-0.5084822095749256
steps[5].usable_seam_start.orientation_xyzw.w=-0.30662714374418115
steps[5].usable_seam_goal.position_m.x=0.022284661382419357
steps[5].usable_seam_goal.position_m.y=-1.5633047632100672
steps[5].usable_seam_goal.position_m.z=0.6790434189476877
steps[5].usable_seam_goal.orientation_xyzw.x=-0.4221909759963734
steps[5].usable_seam_goal.orientation_xyzw.y=0.684951226704305
steps[5].usable_seam_goal.orientation_xyzw.z=-0.5085029263670966
steps[5].usable_seam_goal.orientation_xyzw.w=-0.30662904412269326
steps[5].lead_end.position_m.x=0.022191122052930976
steps[5].lead_end.position_m.y=-1.557305613259731
steps[5].lead_end.position_m.z=0.6790815013218281
steps[5].lead_end.orientation_xyzw.x=-0.4221909759963734
steps[5].lead_end.orientation_xyzw.y=0.684951226704305
steps[5].lead_end.orientation_xyzw.z=-0.5085029263670966
steps[5].lead_end.orientation_xyzw.w=-0.30662904412269326
steps[6].sequence_number=7
steps[6].type=digital_weld
steps[6].parallel_slot=5
steps[6].duration=0.0
steps[6].velocity_scale=0.3695263157894737
steps[6].tcp_speed_m_s=0.007
steps[6].command=off
steps[6].weld_scenario_id=weld-29469612364458
steps[6].weld_scenario_stage=arc_off
steps[6].trigger_before_goal=True
steps[6].arc_off_delay_s=0.5
steps[6].settings.current_a=230
steps[6].settings.voltage_tenths=265
steps[6].settings.voltage=26.5
steps[6].settings.material=FE-SOLID
steps[6].settings.diameter_mm=1.2
steps[6].settings.mode=LSM
steps[6].settings.gas=CO2 100%
steps[6].settings.synergic=False
steps[6].settings.correction=0.0
steps[6].settings.hot_start_enabled=True
steps[6].settings.hot_start_percent=20.0
steps[6].settings.hot_start_hold_adjustment=-1
steps[6].settings.crater_enabled=False
steps[6].settings.crater_percent=26.08695652173913
steps[6].settings.crater_current_a=60.0
steps[6].settings.crater_voltage_v=25.0
steps[6].settings.crater_seconds=1.0
steps[6].settings.wire_consumable_alpha_mm=0.0
steps[6].settings.hot_start_current_a=276
steps[7].sequence_number=8
steps[7].type=motion
steps[7].parallel_slot=6
steps[7].duration=0.0
steps[7].planning_group=right_manipulator
steps[7].velocity_scale=0.3695263157894737
steps[7].tcp_speed_m_s=0.0
steps[7].interpolation_step=0.005
steps[7].path_kind=weld_end_to_taught_wait_fixed_attitude
steps[7].pose_name=weld_goal_wait
steps[7].pose_label=5 · Weld goal wait pose
steps[7].touch_guard=False
steps[7].continue_after_touch=False
steps[7].weld_scenario_id=weld-29469612364458
steps[7].weld_scenario_stage=goal_wait
steps[7].waypoint_count=1
steps[7].waypoints[0].position_m.x=0.022274859269433622
steps[7].waypoints[0].position_m.y=-1.5633101335415196
steps[7].waypoints[0].position_m.z=0.6835081302550383
steps[7].waypoints[0].orientation_xyzw.x=-0.4221909759963734
steps[7].waypoints[0].orientation_xyzw.y=0.684951226704305
steps[7].waypoints[0].orientation_xyzw.z=-0.5085029263670966
steps[7].waypoints[0].orientation_xyzw.w=-0.30662904412269326
steps[8].sequence_number=9
steps[8].type=named_pose
steps[8].parallel_slot=7
steps[8].duration=0.0
steps[8].planning_group=right_manipulator
steps[8].velocity_scale=0.3695263157894737
steps[8].tcp_speed_m_s=0.0
steps[8].pose_name=weld_finish
steps[8].pose_label=7 · Weld end pose
steps[8].touch_guard=False
steps[8].continue_after_touch=False
steps[8].weld_scenario_id=weld-29469612364458
steps[8].weld_scenario_stage=finish
steps[8].target_tcp.position_m.x=0.02224953856972578
steps[8].target_tcp.position_m.y=-1.5632180773495106
steps[8].target_tcp.position_m.z=0.6959970218891536
steps[8].target_tcp.orientation_xyzw.x=-0.4222013174157658
steps[8].target_tcp.orientation_xyzw.y=0.684969894694638
steps[8].target_tcp.orientation_xyzw.z=-0.5084781582758001
steps[8].target_tcp.orientation_xyzw.w=-0.3066141769241255
steps[8].joint_names[0]=right_manipulator_joint1
steps[8].joint_names[1]=right_manipulator_joint2
steps[8].joint_names[2]=right_manipulator_joint3
steps[8].joint_names[3]=right_manipulator_joint4
steps[8].joint_names[4]=right_manipulator_joint5
steps[8].joint_names[5]=right_manipulator_joint6
steps[8].joint_positions_rad[0]=5.187885207741759
steps[8].joint_positions_rad[1]=1.2549823062925964
steps[8].joint_positions_rad[2]=2.028059354906793
steps[8].joint_positions_rad[3]=3.592260230104054
steps[8].joint_positions_rad[4]=1.3983715599143705
steps[8].joint_positions_rad[5]=1.5872980718573546
steps[9].sequence_number=10
steps[9].type=digital_output
steps[9].parallel_slot=8
steps[9].duration=0.0
steps[9].port=0
steps[9].value=True
steps[9].weld_scenario_id=weld-29469612364458
steps[9].weld_scenario_stage=touch_output_on
hicomm_cyclic_period_ms=40.0
arc_wait_recognition=True
arc_wait_main_welding=True
arc_wait_established=True
arc_establishment_timeout_s=5.0

[summary]
rx_samples=664
welding_samples=584
wcr_seen=1
current_a.min=1.0
current_a.average=231.76666666666668
current_a.max=244.0
voltage_v.min=3.3
voltage_v.average=26.17189655172412
voltage_v.max=60.8
wire_feed_m_min.min=10.8
wire_feed_m_min.average=10.80000000000011
wire_feed_m_min.max=10.8

[production_metrics]
arc_started_elapsed_s=0.07012978599959752
arc_completed_elapsed_s=24.147723597998265
arc_on_time_s=24.077593811998668
main_weld_arc_time_s=23.24680471800093
crater_arc_time_s=0.0
weld_motion_start_elapsed_s=0.9137796840004739
weld_motion_complete_elapsed_s=25.018563866997283
weld_motion_duration_s=24.10478418299681
net_weld_arc_time_s=23.23394391399779
wire_feed_average_m_min=10.422798972799821
wire_consumable_base_mm=4182.598667519851
wire_consumable_alpha_mm=0.0
wire_consumable_mm=4182.598667519851
wire_consumable_formula=integral(WFS*1000/60*dt)+alpha
weld_motion_start_unix_time=1789460505.8108017
weld_motion_start_wall_time=2026-09-15 17:21:45.810
weld_motion_complete_unix_time=1789460529.9155877
weld_motion_complete_wall_time=2026-09-15 17:22:09.915

[arc_off_control]
arc_established_elapsed_s=0.9113865689978411
delay_s=0.5
speed_source=tcp_setpoint_projected_along_seam
trigger_speed_m_s=0.007
calculated_pre_off_distance_m=0.0035
crater_source=disabled
seam_length_m=0.1536999031926367
trigger_along_m=0.1501999031926367
actual_along_m=0.1502654330971163
actual_remaining_to_goal_m=0.00343447009552042
tcp_x_m=0.02238430888981835
tcp_y_m=-1.5667381031937941
tcp_z_m=0.679033487339145
command_elapsed_s=23.22322027199698
sequence_clear_elapsed_s=26.550302796000324
extinction_current_threshold_a=10.0
feedback_current_extinguished_elapsed_s=23.674831162999908
feedback_extinction_delay_s=0.45161089100292884
feedback_recommended_pre_off_distance_m=0.003161276237020502
wcr_clear_elapsed_s=24.147723597998265
wcr_clear_delay_s=0.924503326001286

[teaching_snapshot_yaml]
robot_start:
  planning_group: right_manipulator
  joint_state:
    names:
    - right_manipulator_joint1
    - right_manipulator_joint2
    - right_manipulator_joint3
    - right_manipulator_joint4
    - right_manipulator_joint5
    - right_manipulator_joint6
    positions_rad:
    - 5.27240967968313
    - 1.0710261184710546
    - 2.180025851451385
    - 3.6894743983235436
    - 1.4802383302458966
    - 1.475784459638848
  tcp_pose_world:
    position_m:
      x: 0.0409882833240674
      y: -1.5365128539727777
      z: 0.8899872668309907
    orientation_xyzw:
      x: -0.4355837586611503
      y: 0.6337556876271521
      z: -0.5283180348228105
      w: -0.3598618786031996
weld_wait:
  planning_group: right_manipulator
  joint_state:
    names:
    - right_manipulator_joint1
    - right_manipulator_joint2
    - right_manipulator_joint3
    - right_manipulator_joint4
    - right_manipulator_joint5
    - right_manipulator_joint6
    positions_rad:
    - 5.10844471032135
    - 1.2217549774780594
    - 1.8852927483478799
    - 3.5321465590304584
    - 1.2396008199426805
    - 1.5093649236139297
  tcp_pose_world:
    position_m:
      x: 0.02467899873359275
      y: -1.7169327607399743
      z: 0.7155241495345861
    orientation_xyzw:
      x: -0.4221387551032218
      y: 0.6849715523867771
      z: -0.5085362940997739
      w: -0.3066001980495431
weld_start_wait:
  planning_group: right_manipulator
  joint_state:
    names:
    - right_manipulator_joint1
    - right_manipulator_joint2
    - right_manipulator_joint3
    - right_manipulator_joint4
    - right_manipulator_joint5
    - right_manipulator_joint6
    positions_rad:
    - 5.10844471032135
    - 1.260913166040203
    - 1.85864169637113
    - 3.530544135002558
    - 1.2511018142682422
    - 1.5142098794270564
  tcp_pose_world:
    position_m:
      x: 0.024710203302121148
      y: -1.7170499624461286
      z: 0.6823950266728886
    orientation_xyzw:
      x: -0.42220886079606906
      y: 0.6849521219070859
      z: -0.5084860527499799
      w: -0.30663040083953
weld_start:
  planning_group: right_manipulator
  joint_state:
    names:
    - right_manipulator_joint1
    - right_manipulator_joint2
    - right_manipulator_joint3
    - right_manipulator_joint4
    - right_manipulator_joint5
    - right_manipulator_joint6
    positions_rad:
    - 5.10844471032135
    - 1.2660011353027993
    - 1.8551713311546478
    - 3.5303542516168354
    - 1.2525863934179067
    - 1.5148706096935052
  tcp_pose_world:
    position_m:
      x: 0.024680825696930753
      y: -1.716982890977531
      z: 0.6780678760779006
    orientation_xyzw:
      x: -0.4222013277188013
      y: 0.684961076366802
      z: -0.5084822095749256
      w: -0.30662714374418115
weld_goal_wait:
  planning_group: right_manipulator
  joint_state:
    names:
    - right_manipulator_joint1
    - right_manipulator_joint2
    - right_manipulator_joint3
    - right_manipulator_joint4
    - right_manipulator_joint5
    - right_manipulator_joint6
    positions_rad:
    - 5.187869761407437
    - 1.270527177575389
    - 2.017188597653199
    - 3.5918996380924573
    - 1.4026507271539097
    - 1.5893597580152394
  tcp_pose_world:
    position_m:
      x: 0.022274859269433622
      y: -1.5633101335415196
      z: 0.6835081302550383
    orientation_xyzw:
      x: -0.42219061422018117
      y: 0.6849518956605714
      z: -0.508502445929544
      w: -0.3066288446624801
weld_end:
  planning_group: right_manipulator
  joint_state:
    names:
    - right_manipulator_joint1
    - right_manipulator_joint2
    - right_manipulator_joint3
    - right_manipulator_joint4
    - right_manipulator_joint5
    - right_manipulator_joint6
    positions_rad:
    - 5.187885207741759
    - 1.2760556336822846
    - 2.0133003824616833
    - 3.591793111648854
    - 1.4041278494525222
    - 1.590084936780068
  tcp_pose_world:
    position_m:
      x: 0.022284661382419357
      y: -1.5633047632100672
      z: 0.6790434189476877
    orientation_xyzw:
      x: -0.4221909759963734
      y: 0.684951226704305
      z: -0.5085029263670966
      w: -0.30662904412269326
weld_finish:
  planning_group: right_manipulator
  joint_state:
    names:
    - right_manipulator_joint1
    - right_manipulator_joint2
    - right_manipulator_joint3
    - right_manipulator_joint4
    - right_manipulator_joint5
    - right_manipulator_joint6
    positions_rad:
    - 5.187885207741759
    - 1.2549823062925964
    - 2.028059354906793
    - 3.592260230104054
    - 1.3983715599143705
    - 1.5872980718573546
  tcp_pose_world:
    position_m:
      x: 0.02224953856972578
      y: -1.5632180773495106
      z: 0.6959970218891536
    orientation_xyzw:
      x: -0.4222013174157658
      y: 0.684969894694638
      z: -0.5084781582758001
      w: -0.3066141769241255

[touch_snapshot_yaml]
{}

[samples]
elapsed_s raw0 state arc gas fwd wcr current_a voltage_v wire_feed_m_min set_current_a set_voltage_v error db collision
0.029 0x00 idle 0 0 0 0 0 0.0 0.0 230 26.5 0 0 0
0.070 0x09 main_weld 1 1 0 0 0 0.0 0.0 230 26.5 0 0 0
0.107 0x09 main_weld 1 1 0 0 0 0.0 0.0 230 26.5 0 0 0
0.151 0x09 main_weld 1 1 0 0 0 0.0 0.0 230 26.5 0 0 0
0.191 0x09 main_weld 1 1 0 0 0 0.0 0.0 230 26.5 0 0 0
0.230 0x09 main_weld 1 1 0 0 0 0.0 0.0 230 26.5 0 0 0
0.268 0x09 main_weld 1 1 0 0 0 0.0 0.0 230 26.5 0 0 0
0.309 0x09 main_weld 1 1 0 0 0 0.0 0.0 230 26.5 0 0 0
0.349 0x09 main_weld 1 1 0 0 0 0.0 0.0 230 26.5 0 0 0
0.394 0x09 main_weld 1 1 0 0 0 0.0 0.0 230 26.5 0 0 0
0.428 0x09 main_weld 1 1 0 0 0 0.0 0.0 230 26.5 0 0 0
0.470 0x09 main_weld 1 1 0 0 0 0.0 0.0 230 26.5 0 0 0
0.512 0x09 main_weld 1 1 0 0 0 0.0 0.0 230 26.5 0 0 0
0.551 0x09 main_weld 1 1 0 0 0 0.0 0.0 230 26.5 0 0 0
0.594 0x09 main_weld 1 1 0 0 0 0.0 0.0 230 26.5 0 0 0
0.628 0x09 main_weld 1 1 0 0 0 0.0 0.0 230 26.5 0 0 0
0.673 0x09 main_weld 1 1 0 0 0 0.0 0.0 230 26.5 0 0 0
0.712 0x09 main_weld 1 1 0 0 0 0.0 0.0 230 26.5 0 0 0
0.757 0x09 main_weld 1 1 0 0 0 0.0 0.0 230 26.5 0 0 0
0.788 0x09 main_weld 1 1 0 0 0 0.0 0.0 230 26.5 0 0 0
0.828 0x0B main_weld 1 1 1 0 0 0.0 0.0 230 26.5 0 0 0
0.869 0x2B main_weld 1 1 1 1 1 0.0 0.0 230 26.5 0 0 0
0.911 0x2B main_weld 1 1 1 1 1 0.0 10.8 230 26.5 0 0 0
0.966 0x2B main_weld 1 1 1 1 36 36.4 10.8 230 26.5 0 0 0
0.995 0x2B main_weld 1 1 1 1 36 36.4 10.8 230 26.5 0 0 0
1.039 0x2B main_weld 1 1 1 1 36 36.4 10.8 230 26.5 0 0 0
1.071 0x2B main_weld 1 1 1 1 36 36.4 10.8 230 26.5 0 0 0
1.109 0x2B main_weld 1 1 1 1 36 28.7 10.8 230 26.5 0 0 0
1.157 0x2B main_weld 1 1 1 1 204 28.7 10.8 230 26.5 0 0 0
1.191 0x2B main_weld 1 1 1 1 204 28.7 10.8 230 26.5 0 0 0
1.238 0x2B main_weld 1 1 1 1 204 28.7 10.8 230 26.5 0 0 0
1.267 0x2B main_weld 1 1 1 1 204 28.7 10.8 230 26.5 0 0 0
1.309 0x2B main_weld 1 1 1 1 204 26.0 10.8 230 26.5 0 0 0
1.352 0x2B main_weld 1 1 1 1 240 26.0 10.8 230 26.5 0 0 0
1.394 0x2B main_weld 1 1 1 1 240 26.0 10.8 230 26.5 0 0 0
1.439 0x2B main_weld 1 1 1 1 240 26.0 10.8 230 26.5 0 0 0
1.472 0x2B main_weld 1 1 1 1 240 25.8 10.8 230 26.5 0 0 0
1.508 0x2B main_weld 1 1 1 1 241 25.8 10.8 230 26.5 0 0 0
1.551 0x2B main_weld 1 1 1 1 241 25.8 10.8 230 26.5 0 0 0
1.588 0x2B main_weld 1 1 1 1 241 25.8 10.8 230 26.5 0 0 0
1.631 0x2B main_weld 1 1 1 1 241 25.8 10.8 230 26.5 0 0 0
1.669 0x2B main_weld 1 1 1 1 241 26.5 10.8 230 26.5 0 0 0
1.714 0x2B main_weld 1 1 1 1 242 26.5 10.8 230 26.5 0 0 0
1.749 0x2B main_weld 1 1 1 1 242 26.5 10.8 230 26.5 0 0 0
1.792 0x2B main_weld 1 1 1 1 240 26.5 10.8 230 26.5 0 0 0
1.832 0x2B main_weld 1 1 1 1 240 26.4 10.8 230 26.5 0 0 0
1.869 0x2B main_weld 1 1 1 1 240 26.4 10.8 230 26.5 0 0 0
1.909 0x2B main_weld 1 1 1 1 240 26.4 10.8 230 26.5 0 0 0
1.948 0x2B main_weld 1 1 1 1 241 26.4 10.8 230 26.5 0 0 0
1.999 0x2B main_weld 1 1 1 1 241 26.4 10.8 230 26.5 0 0 0
2.036 0x2B main_weld 1 1 1 1 241 26.3 10.8 230 26.5 0 0 0
2.075 0x2B main_weld 1 1 1 1 241 26.3 10.8 230 26.5 0 0 0
2.117 0x2B main_weld 1 1 1 1 241 26.1 10.8 230 26.5 0 0 0
2.153 0x2B main_weld 1 1 1 1 238 26.1 10.8 230 26.5 0 0 0
2.194 0x2B main_weld 1 1 1 1 238 26.1 10.8 230 26.5 0 0 0
2.233 0x2B main_weld 1 1 1 1 238 26.1 10.8 230 26.5 0 0 0
2.271 0x2B main_weld 1 1 1 1 238 26.1 10.8 230 26.5 0 0 0
2.312 0x2B main_weld 1 1 1 1 242 26.2 10.8 230 26.5 0 0 0
2.350 0x2B main_weld 1 1 1 1 242 26.2 10.8 230 26.5 0 0 0
2.394 0x2B main_weld 1 1 1 1 242 26.2 10.8 230 26.5 0 0 0
2.437 0x2B main_weld 1 1 1 1 242 26.2 10.8 230 26.5 0 0 0
2.475 0x2B main_weld 1 1 1 1 242 26.1 10.8 230 26.5 0 0 0
2.511 0x2B main_weld 1 1 1 1 237 26.1 10.8 230 26.5 0 0 0
2.553 0x2B main_weld 1 1 1 1 237 26.1 10.8 230 26.5 0 0 0
2.594 0x2B main_weld 1 1 1 1 237 26.1 10.8 230 26.5 0 0 0
2.631 0x2B main_weld 1 1 1 1 237 26.1 10.8 230 26.5 0 0 0
2.675 0x2B main_weld 1 1 1 1 240 25.8 10.8 230 26.5 0 0 0
2.712 0x2B main_weld 1 1 1 1 240 25.8 10.8 230 26.5 0 0 0
2.757 0x2B main_weld 1 1 1 1 240 25.8 10.8 230 26.5 0 0 0
2.791 0x2B main_weld 1 1 1 1 240 25.8 10.8 230 26.5 0 0 0
2.842 0x2B main_weld 1 1 1 1 240 25.8 10.8 230 26.5 0 0 0
2.875 0x2B main_weld 1 1 1 1 240 25.8 10.8 230 26.5 0 0 0
2.908 0x2B main_weld 1 1 1 1 240 25.8 10.8 230 26.5 0 0 0
2.955 0x2B main_weld 1 1 1 1 240 25.8 10.8 230 26.5 0 0 0
2.991 0x2B main_weld 1 1 1 1 240 25.8 10.8 230 26.5 0 0 0
3.030 0x2B main_weld 1 1 1 1 240 25.5 10.8 230 26.5 0 0 0
3.074 0x2B main_weld 1 1 1 1 240 25.5 10.8 230 26.5 0 0 0
3.108 0x2B main_weld 1 1 1 1 240 25.5 10.8 230 26.5 0 0 0
3.154 0x2B main_weld 1 1 1 1 240 25.5 10.8 230 26.5 0 0 0
3.188 0x2B main_weld 1 1 1 1 240 25.5 10.8 230 26.5 0 0 0
3.229 0x2B main_weld 1 1 1 1 242 25.5 10.8 230 26.5 0 0 0
3.268 0x2B main_weld 1 1 1 1 242 25.5 10.8 230 26.5 0 0 0
3.313 0x2B main_weld 1 1 1 1 241 25.5 10.8 230 26.5 0 0 0
3.347 0x2B main_weld 1 1 1 1 241 25.5 10.8 230 26.5 0 0 0
3.391 0x2B main_weld 1 1 1 1 241 25.7 10.8 230 26.5 0 0 0
3.432 0x2B main_weld 1 1 1 1 241 25.7 10.8 230 26.5 0 0 0
3.476 0x2B main_weld 1 1 1 1 241 25.7 10.8 230 26.5 0 0 0
3.515 0x2B main_weld 1 1 1 1 244 25.7 10.8 230 26.5 0 0 0
3.563 0x2B main_weld 1 1 1 1 244 25.8 10.8 230 26.5 0 0 0
3.590 0x2B main_weld 1 1 1 1 244 25.8 10.8 230 26.5 0 0 0
3.640 0x2B main_weld 1 1 1 1 244 25.7 10.8 230 26.5 0 0 0
3.674 0x2B main_weld 1 1 1 1 237 25.7 10.8 230 26.5 0 0 0
3.711 0x2B main_weld 1 1 1 1 237 25.7 10.8 230 26.5 0 0 0
3.758 0x2B main_weld 1 1 1 1 237 25.7 10.8 230 26.5 0 0 0
3.792 0x2B main_weld 1 1 1 1 237 25.7 10.8 230 26.5 0 0 0
3.843 0x2B main_weld 1 1 1 1 237 25.7 10.8 230 26.5 0 0 0
3.874 0x2B main_weld 1 1 1 1 243 25.7 10.8 230 26.5 0 0 0
3.914 0x2B main_weld 1 1 1 1 243 25.7 10.8 230 26.5 0 0 0
3.951 0x2B main_weld 1 1 1 1 243 25.7 10.8 230 26.5 0 0 0
3.988 0x2B main_weld 1 1 1 1 243 26.1 10.8 230 26.5 0 0 0
4.033 0x2B main_weld 1 1 1 1 243 26.1 10.8 230 26.5 0 0 0
4.070 0x2B main_weld 1 1 1 1 243 26.1 10.8 230 26.5 0 0 0
4.112 0x2B main_weld 1 1 1 1 243 26.1 10.8 230 26.5 0 0 0
4.154 0x2B main_weld 1 1 1 1 243 26.1 10.8 230 26.5 0 0 0
4.196 0x2B main_weld 1 1 1 1 243 25.9 10.8 230 26.5 0 0 0
4.237 0x2B main_weld 1 1 1 1 238 25.9 10.8 230 26.5 0 0 0
4.273 0x2B main_weld 1 1 1 1 238 25.9 10.8 230 26.5 0 0 0
4.311 0x2B main_weld 1 1 1 1 238 25.9 10.8 230 26.5 0 0 0
4.357 0x2B main_weld 1 1 1 1 238 25.9 10.8 230 26.5 0 0 0
4.389 0x2B main_weld 1 1 1 1 237 25.9 10.8 230 26.5 0 0 0
4.428 0x2B main_weld 1 1 1 1 237 25.9 10.8 230 26.5 0 0 0
4.473 0x2B main_weld 1 1 1 1 237 25.9 10.8 230 26.5 0 0 0
4.507 0x2B main_weld 1 1 1 1 237 25.9 10.8 230 26.5 0 0 0
4.556 0x2B main_weld 1 1 1 1 237 26.1 10.8 230 26.5 0 0 0
4.591 0x2B main_weld 1 1 1 1 238 26.1 10.8 230 26.5 0 0 0
4.641 0x2B main_weld 1 1 1 1 238 26.1 10.8 230 26.5 0 0 0
4.672 0x2B main_weld 1 1 1 1 238 26.1 10.8 230 26.5 0 0 0
4.713 0x2B main_weld 1 1 1 1 238 25.7 10.8 230 26.5 0 0 0
4.755 0x2B main_weld 1 1 1 1 231 25.7 10.8 230 26.5 0 0 0
4.789 0x2B main_weld 1 1 1 1 231 25.7 10.8 230 26.5 0 0 0
4.829 0x2B main_weld 1 1 1 1 243 25.7 10.8 230 26.5 0 0 0
4.876 0x2B main_weld 1 1 1 1 243 25.7 10.8 230 26.5 0 0 0
4.910 0x2B main_weld 1 1 1 1 243 25.5 10.8 230 26.5 0 0 0
4.952 0x2B main_weld 1 1 1 1 243 25.5 10.8 230 26.5 0 0 0
4.995 0x2B main_weld 1 1 1 1 243 25.5 10.8 230 26.5 0 0 0
5.038 0x2B main_weld 1 1 1 1 238 25.5 10.8 230 26.5 0 0 0
5.074 0x2B main_weld 1 1 1 1 238 25.9 10.8 230 26.5 0 0 0
5.110 0x2B main_weld 1 1 1 1 238 25.9 10.8 230 26.5 0 0 0
5.160 0x2B main_weld 1 1 1 1 238 25.9 10.8 230 26.5 0 0 0
5.190 0x2B main_weld 1 1 1 1 240 25.6 10.8 230 26.5 0 0 0
5.233 0x2B main_weld 1 1 1 1 240 25.6 10.8 230 26.5 0 0 0
5.277 0x2B main_weld 1 1 1 1 240 25.6 10.8 230 26.5 0 0 0
5.310 0x2B main_weld 1 1 1 1 240 25.6 10.8 230 26.5 0 0 0
5.354 0x2B main_weld 1 1 1 1 240 25.5 10.8 230 26.5 0 0 0
5.393 0x2B main_weld 1 1 1 1 240 25.5 10.8 230 26.5 0 0 0
5.431 0x2B main_weld 1 1 1 1 240 25.5 10.8 230 26.5 0 0 0
5.471 0x2B main_weld 1 1 1 1 240 25.5 10.8 230 26.5 0 0 0
5.510 0x2B main_weld 1 1 1 1 240 25.5 10.8 230 26.5 0 0 0
5.547 0x2B main_weld 1 1 1 1 237 25.8 10.8 230 26.5 0 0 0
5.595 0x2B main_weld 1 1 1 1 237 25.8 10.8 230 26.5 0 0 0
5.634 0x2B main_weld 1 1 1 1 237 25.8 10.8 230 26.5 0 0 0
5.675 0x2B main_weld 1 1 1 1 237 25.8 10.8 230 26.5 0 0 0
5.708 0x2B main_weld 1 1 1 1 237 25.5 10.8 230 26.5 0 0 0
5.749 0x2B main_weld 1 1 1 1 234 25.5 10.8 230 26.5 0 0 0
5.790 0x2B main_weld 1 1 1 1 234 25.5 10.8 230 26.5 0 0 0
5.830 0x2B main_weld 1 1 1 1 234 25.5 10.8 230 26.5 0 0 0
5.871 0x2B main_weld 1 1 1 1 234 25.5 10.8 230 26.5 0 0 0
5.910 0x2B main_weld 1 1 1 1 237 25.8 10.8 230 26.5 0 0 0
5.952 0x2B main_weld 1 1 1 1 237 25.8 10.8 230 26.5 0 0 0
5.988 0x2B main_weld 1 1 1 1 237 25.8 10.8 230 26.5 0 0 0
6.030 0x2B main_weld 1 1 1 1 240 25.8 10.8 230 26.5 0 0 0
6.069 0x2B main_weld 1 1 1 1 240 25.4 10.8 230 26.5 0 0 0
6.110 0x2B main_weld 1 1 1 1 240 25.4 10.8 230 26.5 0 0 0
6.153 0x2B main_weld 1 1 1 1 240 25.4 10.8 230 26.5 0 0 0
6.193 0x2B main_weld 1 1 1 1 230 25.4 10.8 230 26.5 0 0 0
6.230 0x2B main_weld 1 1 1 1 230 25.4 10.8 230 26.5 0 0 0
6.268 0x2B main_weld 1 1 1 1 230 25.8 10.8 230 26.5 0 0 0
6.309 0x2B main_weld 1 1 1 1 230 25.8 10.8 230 26.5 0 0 0
6.348 0x2B main_weld 1 1 1 1 230 25.7 10.8 230 26.5 0 0 0
6.388 0x2B main_weld 1 1 1 1 237 25.7 10.8 230 26.5 0 0 0
6.433 0x2B main_weld 1 1 1 1 237 25.7 10.8 230 26.5 0 0 0
6.468 0x2B main_weld 1 1 1 1 237 25.7 10.8 230 26.5 0 0 0
6.508 0x2B main_weld 1 1 1 1 237 25.6 10.8 230 26.5 0 0 0
6.552 0x2B main_weld 1 1 1 1 237 25.6 10.8 230 26.5 0 0 0
6.594 0x2B main_weld 1 1 1 1 237 25.6 10.8 230 26.5 0 0 0
6.631 0x2B main_weld 1 1 1 1 237 25.6 10.8 230 26.5 0 0 0
6.670 0x2B main_weld 1 1 1 1 237 25.6 10.8 230 26.5 0 0 0
6.710 0x2B main_weld 1 1 1 1 237 25.8 10.8 230 26.5 0 0 0
6.748 0x2B main_weld 1 1 1 1 232 25.8 10.8 230 26.5 0 0 0
6.789 0x2B main_weld 1 1 1 1 232 25.8 10.8 230 26.5 0 0 0
6.828 0x2B main_weld 1 1 1 1 232 25.8 10.8 230 26.5 0 0 0
6.878 0x2B main_weld 1 1 1 1 232 25.8 10.8 230 26.5 0 0 0
6.909 0x2B main_weld 1 1 1 1 234 25.8 10.8 230 26.5 0 0 0
6.954 0x2B main_weld 1 1 1 1 234 25.8 10.8 230 26.5 0 0 0
6.994 0x2B main_weld 1 1 1 1 234 25.8 10.8 230 26.5 0 0 0
7.030 0x2B main_weld 1 1 1 1 234 25.8 10.8 230 26.5 0 0 0
7.069 0x2B main_weld 1 1 1 1 234 25.5 10.8 230 26.5 0 0 0
7.116 0x2B main_weld 1 1 1 1 232 25.5 10.8 230 26.5 0 0 0
7.155 0x2B main_weld 1 1 1 1 232 25.5 10.8 230 26.5 0 0 0
7.192 0x2B main_weld 1 1 1 1 232 25.5 10.8 230 26.5 0 0 0
7.234 0x2B main_weld 1 1 1 1 232 25.5 10.8 230 26.5 0 0 0
7.277 0x2B main_weld 1 1 1 1 235 25.5 10.8 230 26.5 0 0 0
7.308 0x2B main_weld 1 1 1 1 235 25.5 10.8 230 26.5 0 0 0
7.354 0x2B main_weld 1 1 1 1 235 25.5 10.8 230 26.5 0 0 0
7.389 0x2B main_weld 1 1 1 1 235 25.5 10.8 230 26.5 0 0 0
7.435 0x2B main_weld 1 1 1 1 235 25.7 10.8 230 26.5 0 0 0
7.473 0x2B main_weld 1 1 1 1 235 25.7 10.8 230 26.5 0 0 0
7.510 0x2B main_weld 1 1 1 1 235 25.7 10.8 230 26.5 0 0 0
7.548 0x2B main_weld 1 1 1 1 235 25.7 10.8 230 26.5 0 0 0
7.592 0x2B main_weld 1 1 1 1 235 25.6 10.8 230 26.5 0 0 0
7.631 0x2B main_weld 1 1 1 1 235 25.6 10.8 230 26.5 0 0 0
7.678 0x2B main_weld 1 1 1 1 235 25.6 10.8 230 26.5 0 0 0
7.711 0x2B main_weld 1 1 1 1 231 25.6 10.8 230 26.5 0 0 0
7.750 0x2B main_weld 1 1 1 1 231 25.6 10.8 230 26.5 0 0 0
7.790 0x2B main_weld 1 1 1 1 231 26.0 10.8 230 26.5 0 0 0
7.830 0x2B main_weld 1 1 1 1 231 26.0 10.8 230 26.5 0 0 0
7.869 0x2B main_weld 1 1 1 1 231 26.0 10.8 230 26.5 0 0 0
7.910 0x2B main_weld 1 1 1 1 232 26.0 10.8 230 26.5 0 0 0
7.953 0x2B main_weld 1 1 1 1 232 26.0 10.8 230 26.5 0 0 0
7.989 0x2B main_weld 1 1 1 1 232 26.0 10.8 230 26.5 0 0 0
8.031 0x2B main_weld 1 1 1 1 232 26.0 10.8 230 26.5 0 0 0
8.068 0x2B main_weld 1 1 1 1 236 25.8 10.8 230 26.5 0 0 0
8.109 0x2B main_weld 1 1 1 1 236 25.8 10.8 230 26.5 0 0 0
8.147 0x2B main_weld 1 1 1 1 236 25.8 10.8 230 26.5 0 0 0
8.188 0x2B main_weld 1 1 1 1 236 25.8 10.8 230 26.5 0 0 0
8.232 0x2B main_weld 1 1 1 1 236 25.9 10.8 230 26.5 0 0 0
8.268 0x2B main_weld 1 1 1 1 231 25.9 10.8 230 26.5 0 0 0
8.311 0x2B main_weld 1 1 1 1 231 25.9 10.8 230 26.5 0 0 0
8.348 0x2B main_weld 1 1 1 1 231 25.9 10.8 230 26.5 0 0 0
8.390 0x2B main_weld 1 1 1 1 231 25.9 10.8 230 26.5 0 0 0
8.433 0x2B main_weld 1 1 1 1 231 26.0 10.8 230 26.5 0 0 0
8.468 0x2B main_weld 1 1 1 1 231 26.0 10.8 230 26.5 0 0 0
8.514 0x2B main_weld 1 1 1 1 231 26.0 10.8 230 26.5 0 0 0
8.554 0x2B main_weld 1 1 1 1 231 26.0 10.8 230 26.5 0 0 0
8.588 0x2B main_weld 1 1 1 1 231 25.8 10.8 230 26.5 0 0 0
8.631 0x2B main_weld 1 1 1 1 236 25.8 10.8 230 26.5 0 0 0
8.673 0x2B main_weld 1 1 1 1 236 25.8 10.8 230 26.5 0 0 0
8.709 0x2B main_weld 1 1 1 1 236 25.8 10.8 230 26.5 0 0 0
8.750 0x2B main_weld 1 1 1 1 236 25.8 10.8 230 26.5 0 0 0
8.790 0x2B main_weld 1 1 1 1 238 25.7 10.8 230 26.5 0 0 0
8.833 0x2B main_weld 1 1 1 1 238 25.7 10.8 230 26.5 0 0 0
8.868 0x2B main_weld 1 1 1 1 238 25.7 10.8 230 26.5 0 0 0
8.911 0x2B main_weld 1 1 1 1 238 25.7 10.8 230 26.5 0 0 0
8.949 0x2B main_weld 1 1 1 1 238 25.7 10.8 230 26.5 0 0 0
8.989 0x2B main_weld 1 1 1 1 236 25.7 10.8 230 26.5 0 0 0
9.029 0x2B main_weld 1 1 1 1 236 25.7 10.8 230 26.5 0 0 0
9.075 0x2B main_weld 1 1 1 1 229 25.7 10.8 230 26.5 0 0 0
9.119 0x2B main_weld 1 1 1 1 229 25.7 10.8 230 26.5 0 0 0
9.150 0x2B main_weld 1 1 1 1 229 25.6 10.8 230 26.5 0 0 0
9.189 0x2B main_weld 1 1 1 1 229 25.6 10.8 230 26.5 0 0 0
9.232 0x2B main_weld 1 1 1 1 229 25.6 10.8 230 26.5 0 0 0
9.271 0x2B main_weld 1 1 1 1 236 25.6 10.8 230 26.5 0 0 0
9.310 0x2B main_weld 1 1 1 1 236 25.8 10.8 230 26.5 0 0 0
9.351 0x2B main_weld 1 1 1 1 236 25.8 10.8 230 26.5 0 0 0
9.388 0x2B main_weld 1 1 1 1 236 25.8 10.8 230 26.5 0 0 0
9.431 0x2B main_weld 1 1 1 1 234 25.8 10.8 230 26.5 0 0 0
9.471 0x2B main_weld 1 1 1 1 234 25.8 10.8 230 26.5 0 0 0
9.513 0x2B main_weld 1 1 1 1 234 26.0 10.8 230 26.5 0 0 0
9.547 0x2B main_weld 1 1 1 1 234 26.0 10.8 230 26.5 0 0 0
9.588 0x2B main_weld 1 1 1 1 234 25.7 10.8 230 26.5 0 0 0
9.632 0x2B main_weld 1 1 1 1 232 25.7 10.8 230 26.5 0 0 0
9.673 0x2B main_weld 1 1 1 1 232 25.7 10.8 230 26.5 0 0 0
9.708 0x2B main_weld 1 1 1 1 232 25.7 10.8 230 26.5 0 0 0
9.754 0x2B main_weld 1 1 1 1 232 25.9 10.8 230 26.5 0 0 0
9.787 0x2B main_weld 1 1 1 1 234 25.9 10.8 230 26.5 0 0 0
9.839 0x2B main_weld 1 1 1 1 234 25.9 10.8 230 26.5 0 0 0
9.870 0x2B main_weld 1 1 1 1 234 25.9 10.8 230 26.5 0 0 0
9.915 0x2B main_weld 1 1 1 1 234 25.9 10.8 230 26.5 0 0 0
9.954 0x2B main_weld 1 1 1 1 234 25.7 10.8 230 26.5 0 0 0
9.990 0x2B main_weld 1 1 1 1 235 25.7 10.8 230 26.5 0 0 0
10.034 0x2B main_weld 1 1 1 1 235 25.7 10.8 230 26.5 0 0 0
10.071 0x2B main_weld 1 1 1 1 235 25.7 10.8 230 26.5 0 0 0
10.107 0x2B main_weld 1 1 1 1 235 25.7 10.8 230 26.5 0 0 0
10.148 0x2B main_weld 1 1 1 1 232 25.7 10.8 230 26.5 0 0 0
10.188 0x2B main_weld 1 1 1 1 232 25.7 10.8 230 26.5 0 0 0
10.238 0x2B main_weld 1 1 1 1 232 25.7 10.8 230 26.5 0 0 0
10.267 0x2B main_weld 1 1 1 1 232 25.7 10.8 230 26.5 0 0 0
10.308 0x2B main_weld 1 1 1 1 232 25.5 10.8 230 26.5 0 0 0
10.352 0x2B main_weld 1 1 1 1 232 25.5 10.8 230 26.5 0 0 0
10.388 0x2B main_weld 1 1 1 1 232 25.5 10.8 230 26.5 0 0 0
10.430 0x2B main_weld 1 1 1 1 238 25.5 10.8 230 26.5 0 0 0
10.471 0x2B main_weld 1 1 1 1 238 25.5 10.8 230 26.5 0 0 0
10.514 0x2B main_weld 1 1 1 1 238 25.5 10.8 230 26.5 0 0 0
10.549 0x2B main_weld 1 1 1 1 238 25.5 10.8 230 26.5 0 0 0
10.601 0x2B main_weld 1 1 1 1 236 25.5 10.8 230 26.5 0 0 0
10.629 0x2B main_weld 1 1 1 1 236 25.5 10.8 230 26.5 0 0 0
10.671 0x2B main_weld 1 1 1 1 236 25.8 10.8 230 26.5 0 0 0
10.715 0x2B main_weld 1 1 1 1 236 25.8 10.8 230 26.5 0 0 0
10.755 0x2B main_weld 1 1 1 1 236 25.8 10.8 230 26.5 0 0 0
10.790 0x2B main_weld 1 1 1 1 241 25.8 10.8 230 26.5 0 0 0
10.833 0x2B main_weld 1 1 1 1 241 25.8 10.8 230 26.5 0 0 0
10.871 0x2B main_weld 1 1 1 1 241 25.8 10.8 230 26.5 0 0 0
10.908 0x2B main_weld 1 1 1 1 241 25.8 10.8 230 26.5 0 0 0
10.950 0x2B main_weld 1 1 1 1 225 25.8 10.8 230 26.5 0 0 0
10.988 0x2B main_weld 1 1 1 1 225 25.8 10.8 230 26.5 0 0 0
11.029 0x2B main_weld 1 1 1 1 225 25.8 10.8 230 26.5 0 0 0
11.071 0x2B main_weld 1 1 1 1 225 25.8 10.8 230 26.5 0 0 0
11.108 0x2B main_weld 1 1 1 1 225 25.7 10.8 230 26.5 0 0 0
11.148 0x2B main_weld 1 1 1 1 235 25.7 10.8 230 26.5 0 0 0
11.191 0x2B main_weld 1 1 1 1 235 25.7 10.8 230 26.5 0 0 0
11.228 0x2B main_weld 1 1 1 1 235 25.7 10.8 230 26.5 0 0 0
11.274 0x2B main_weld 1 1 1 1 235 25.7 10.8 230 26.5 0 0 0
11.314 0x2B main_weld 1 1 1 1 236 25.6 10.8 230 26.5 0 0 0
11.349 0x2B main_weld 1 1 1 1 236 25.6 10.8 230 26.5 0 0 0
11.388 0x2B main_weld 1 1 1 1 236 25.6 10.8 230 26.5 0 0 0
11.431 0x2B main_weld 1 1 1 1 236 25.6 10.8 230 26.5 0 0 0
11.472 0x2B main_weld 1 1 1 1 236 25.8 10.8 230 26.5 0 0 0
11.509 0x2B main_weld 1 1 1 1 232 25.8 10.8 230 26.5 0 0 0
11.548 0x2B main_weld 1 1 1 1 232 25.8 10.8 230 26.5 0 0 0
11.590 0x2B main_weld 1 1 1 1 232 25.8 10.8 230 26.5 0 0 0
11.630 0x2B main_weld 1 1 1 1 232 25.8 10.8 230 26.5 0 0 0
11.669 0x2B main_weld 1 1 1 1 236 25.9 10.8 230 26.5 0 0 0
11.708 0x2B main_weld 1 1 1 1 236 25.9 10.8 230 26.5 0 0 0
11.751 0x2B main_weld 1 1 1 1 236 25.9 10.8 230 26.5 0 0 0
11.788 0x2B main_weld 1 1 1 1 232 25.9 10.8 230 26.5 0 0 0
11.832 0x2B main_weld 1 1 1 1 232 25.9 10.8 230 26.5 0 0 0
11.872 0x2B main_weld 1 1 1 1 232 25.9 10.8 230 26.5 0 0 0
11.914 0x2B main_weld 1 1 1 1 232 25.9 10.8 230 26.5 0 0 0
11.950 0x2B main_weld 1 1 1 1 232 25.9 10.8 230 26.5 0 0 0
11.989 0x2B main_weld 1 1 1 1 232 25.9 10.8 230 26.5 0 0 0
12.033 0x2B main_weld 1 1 1 1 235 25.6 10.8 230 26.5 0 0 0
12.069 0x2B main_weld 1 1 1 1 235 25.6 10.8 230 26.5 0 0 0
12.112 0x2B main_weld 1 1 1 1 235 25.6 10.8 230 26.5 0 0 0
12.152 0x2B main_weld 1 1 1 1 234 25.6 10.8 230 26.5 0 0 0
12.187 0x2B main_weld 1 1 1 1 234 25.8 10.8 230 26.5 0 0 0
12.234 0x2B main_weld 1 1 1 1 234 25.8 10.8 230 26.5 0 0 0
12.267 0x2B main_weld 1 1 1 1 234 25.8 10.8 230 26.5 0 0 0
12.308 0x2B main_weld 1 1 1 1 236 25.8 10.8 230 26.5 0 0 0
12.347 0x2B main_weld 1 1 1 1 236 25.8 10.8 230 26.5 0 0 0
12.391 0x2B main_weld 1 1 1 1 236 25.8 10.8 230 26.5 0 0 0
12.429 0x2B main_weld 1 1 1 1 236 25.8 10.8 230 26.5 0 0 0
12.476 0x2B main_weld 1 1 1 1 236 25.5 10.8 230 26.5 0 0 0
12.508 0x2B main_weld 1 1 1 1 232 25.5 10.8 230 26.5 0 0 0
12.553 0x2B main_weld 1 1 1 1 232 25.5 10.8 230 26.5 0 0 0
12.589 0x2B main_weld 1 1 1 1 232 25.5 10.8 230 26.5 0 0 0
12.632 0x2B main_weld 1 1 1 1 232 25.8 10.8 230 26.5 0 0 0
12.674 0x2B main_weld 1 1 1 1 237 25.8 10.8 230 26.5 0 0 0
12.710 0x2B main_weld 1 1 1 1 237 25.8 10.8 230 26.5 0 0 0
12.749 0x2B main_weld 1 1 1 1 237 25.8 10.8 230 26.5 0 0 0
12.789 0x2B main_weld 1 1 1 1 237 25.8 10.8 230 26.5 0 0 0
12.827 0x2B main_weld 1 1 1 1 237 25.5 10.8 230 26.5 0 0 0
12.870 0x2B main_weld 1 1 1 1 236 25.5 10.8 230 26.5 0 0 0
12.913 0x2B main_weld 1 1 1 1 236 25.5 10.8 230 26.5 0 0 0
12.948 0x2B main_weld 1 1 1 1 236 25.5 10.8 230 26.5 0 0 0
12.989 0x2B main_weld 1 1 1 1 236 25.5 10.8 230 26.5 0 0 0
13.032 0x2B main_weld 1 1 1 1 237 25.5 10.8 230 26.5 0 0 0
13.069 0x2B main_weld 1 1 1 1 237 25.5 10.8 230 26.5 0 0 0
13.109 0x2B main_weld 1 1 1 1 237 25.5 10.8 230 26.5 0 0 0
13.152 0x2B main_weld 1 1 1 1 237 25.5 10.8 230 26.5 0 0 0
13.187 0x2B main_weld 1 1 1 1 237 25.8 10.8 230 26.5 0 0 0
13.230 0x2B main_weld 1 1 1 1 231 25.8 10.8 230 26.5 0 0 0
13.269 0x2B main_weld 1 1 1 1 231 25.8 10.8 230 26.5 0 0 0
13.310 0x2B main_weld 1 1 1 1 236 25.8 10.8 230 26.5 0 0 0
13.350 0x2B main_weld 1 1 1 1 236 25.8 10.8 230 26.5 0 0 0
13.390 0x2B main_weld 1 1 1 1 236 25.8 10.8 230 26.5 0 0 0
13.431 0x2B main_weld 1 1 1 1 236 25.8 10.8 230 26.5 0 0 0
13.469 0x2B main_weld 1 1 1 1 237 25.8 10.8 230 26.5 0 0 0
13.506 0x2B main_weld 1 1 1 1 237 25.8 10.8 230 26.5 0 0 0
13.549 0x2B main_weld 1 1 1 1 237 25.9 10.8 230 26.5 0 0 0
13.591 0x2B main_weld 1 1 1 1 237 25.9 10.8 230 26.5 0 0 0
13.630 0x2B main_weld 1 1 1 1 237 25.9 10.8 230 26.5 0 0 0
13.667 0x2B main_weld 1 1 1 1 236 25.9 10.8 230 26.5 0 0 0
13.713 0x2B main_weld 1 1 1 1 236 25.5 10.8 230 26.5 0 0 0
13.747 0x2B main_weld 1 1 1 1 236 25.5 10.8 230 26.5 0 0 0
13.788 0x2B main_weld 1 1 1 1 236 25.5 10.8 230 26.5 0 0 0
13.830 0x2B main_weld 1 1 1 1 232 25.5 10.8 230 26.5 0 0 0
13.877 0x2B main_weld 1 1 1 1 232 25.5 10.8 230 26.5 0 0 0
13.911 0x2B main_weld 1 1 1 1 232 25.5 10.8 230 26.5 0 0 0
13.953 0x2B main_weld 1 1 1 1 232 25.5 10.8 230 26.5 0 0 0
13.989 0x2B main_weld 1 1 1 1 232 25.5 10.8 230 26.5 0 0 0
14.030 0x2B main_weld 1 1 1 1 232 25.5 10.8 230 26.5 0 0 0
14.070 0x2B main_weld 1 1 1 1 232 25.5 10.8 230 26.5 0 0 0
14.111 0x2B main_weld 1 1 1 1 232 25.5 10.8 230 26.5 0 0 0
14.152 0x2B main_weld 1 1 1 1 232 25.5 10.8 230 26.5 0 0 0
14.193 0x2B main_weld 1 1 1 1 235 25.5 10.8 230 26.5 0 0 0
14.236 0x2B main_weld 1 1 1 1 235 25.5 10.8 230 26.5 0 0 0
14.268 0x2B main_weld 1 1 1 1 235 25.5 10.8 230 26.5 0 0 0
14.308 0x2B main_weld 1 1 1 1 235 25.5 10.8 230 26.5 0 0 0
14.347 0x2B main_weld 1 1 1 1 235 25.5 10.8 230 26.5 0 0 0
14.391 0x2B main_weld 1 1 1 1 234 25.5 10.8 230 26.5 0 0 0
14.433 0x2B main_weld 1 1 1 1 234 25.5 10.8 230 26.5 0 0 0
14.468 0x2B main_weld 1 1 1 1 232 25.5 10.8 230 26.5 0 0 0
14.509 0x2B main_weld 1 1 1 1 232 25.5 10.8 230 26.5 0 0 0
14.552 0x2B main_weld 1 1 1 1 232 25.5 10.8 230 26.5 0 0 0
14.590 0x2B main_weld 1 1 1 1 232 25.5 10.8 230 26.5 0 0 0
14.629 0x2B main_weld 1 1 1 1 232 25.5 10.8 230 26.5 0 0 0
14.669 0x2B main_weld 1 1 1 1 237 25.5 10.8 230 26.5 0 0 0
14.711 0x2B main_weld 1 1 1 1 237 25.5 10.8 230 26.5 0 0 0
14.750 0x2B main_weld 1 1 1 1 237 25.5 10.8 230 26.5 0 0 0
14.790 0x2B main_weld 1 1 1 1 237 25.5 10.8 230 26.5 0 0 0
14.839 0x2B main_weld 1 1 1 1 232 25.5 10.8 230 26.5 0 0 0
14.872 0x2B main_weld 1 1 1 1 232 25.5 10.8 230 26.5 0 0 0
14.913 0x2B main_weld 1 1 1 1 232 25.5 10.8 230 26.5 0 0 0
14.950 0x2B main_weld 1 1 1 1 232 25.5 10.8 230 26.5 0 0 0
14.993 0x2B main_weld 1 1 1 1 232 25.5 10.8 230 26.5 0 0 0
15.035 0x2B main_weld 1 1 1 1 237 25.5 10.8 230 26.5 0 0 0
15.069 0x2B main_weld 1 1 1 1 237 25.5 10.8 230 26.5 0 0 0
15.111 0x2B main_weld 1 1 1 1 237 25.5 10.8 230 26.5 0 0 0
15.150 0x2B main_weld 1 1 1 1 237 25.5 10.8 230 26.5 0 0 0
15.191 0x2B main_weld 1 1 1 1 236 25.5 10.8 230 26.5 0 0 0
15.233 0x2B main_weld 1 1 1 1 236 25.5 10.8 230 26.5 0 0 0
15.276 0x2B main_weld 1 1 1 1 236 25.5 10.8 230 26.5 0 0 0
15.314 0x2B main_weld 1 1 1 1 236 25.5 10.8 230 26.5 0 0 0
15.355 0x2B main_weld 1 1 1 1 236 25.5 10.8 230 26.5 0 0 0
15.391 0x2B main_weld 1 1 1 1 235 25.5 10.8 230 26.5 0 0 0
15.440 0x2B main_weld 1 1 1 1 235 25.5 10.8 230 26.5 0 0 0
15.469 0x2B main_weld 1 1 1 1 235 25.5 10.8 230 26.5 0 0 0
15.507 0x2B main_weld 1 1 1 1 235 25.6 10.8 230 26.5 0 0 0
15.550 0x2B main_weld 1 1 1 1 231 25.6 10.8 230 26.5 0 0 0
15.594 0x2B main_weld 1 1 1 1 231 25.6 10.8 230 26.5 0 0 0
15.629 0x2B main_weld 1 1 1 1 231 25.6 10.8 230 26.5 0 0 0
15.668 0x2B main_weld 1 1 1 1 231 25.6 10.8 230 26.5 0 0 0
15.713 0x2B main_weld 1 1 1 1 231 25.5 10.8 230 26.5 0 0 0
15.748 0x2B main_weld 1 1 1 1 236 25.5 10.8 230 26.5 0 0 0
15.795 0x2B main_weld 1 1 1 1 236 25.5 10.8 230 26.5 0 0 0
15.843 0x2B main_weld 1 1 1 1 236 25.5 10.8 230 26.5 0 0 0
15.876 0x2B main_weld 1 1 1 1 236 25.8 10.8 230 26.5 0 0 0
15.908 0x2B main_weld 1 1 1 1 234 25.8 10.8 230 26.5 0 0 0
15.949 0x2B main_weld 1 1 1 1 234 25.8 10.8 230 26.5 0 0 0
15.989 0x2B main_weld 1 1 1 1 235 25.8 10.8 230 26.5 0 0 0
16.032 0x2B main_weld 1 1 1 1 235 25.8 10.8 230 26.5 0 0 0
16.067 0x2B main_weld 1 1 1 1 235 25.5 10.8 230 26.5 0 0 0
16.108 0x2B main_weld 1 1 1 1 235 25.5 10.8 230 26.5 0 0 0
16.148 0x2B main_weld 1 1 1 1 235 25.5 10.8 230 26.5 0 0 0
16.194 0x2B main_weld 1 1 1 1 236 25.5 10.8 230 26.5 0 0 0
16.231 0x2B main_weld 1 1 1 1 236 25.8 10.8 230 26.5 0 0 0
16.268 0x2B main_weld 1 1 1 1 236 25.8 10.8 230 26.5 0 0 0
16.307 0x2B main_weld 1 1 1 1 236 25.8 10.8 230 26.5 0 0 0
16.351 0x2B main_weld 1 1 1 1 231 25.8 10.8 230 26.5 0 0 0
16.393 0x2B main_weld 1 1 1 1 231 25.8 10.8 230 26.5 0 0 0
16.429 0x2B main_weld 1 1 1 1 231 25.5 10.8 230 26.5 0 0 0
16.467 0x2B main_weld 1 1 1 1 231 25.5 10.8 230 26.5 0 0 0
16.512 0x2B main_weld 1 1 1 1 231 25.6 10.8 230 26.5 0 0 0
16.560 0x2B main_weld 1 1 1 1 230 25.6 10.8 230 26.5 0 0 0
16.589 0x2B main_weld 1 1 1 1 230 25.6 10.8 230 26.5 0 0 0
16.628 0x2B main_weld 1 1 1 1 230 25.6 10.8 230 26.5 0 0 0
16.668 0x2B main_weld 1 1 1 1 230 25.6 10.8 230 26.5 0 0 0
16.713 0x2B main_weld 1 1 1 1 232 25.5 10.8 230 26.5 0 0 0
16.752 0x2B main_weld 1 1 1 1 232 25.5 10.8 230 26.5 0 0 0
16.790 0x2B main_weld 1 1 1 1 232 25.5 10.8 230 26.5 0 0 0
16.828 0x2B main_weld 1 1 1 1 232 25.5 10.8 230 26.5 0 0 0
16.867 0x2B main_weld 1 1 1 1 232 25.5 10.8 230 26.5 0 0 0
16.912 0x2B main_weld 1 1 1 1 236 25.5 10.8 230 26.5 0 0 0
16.948 0x2B main_weld 1 1 1 1 236 25.5 10.8 230 26.5 0 0 0
16.987 0x2B main_weld 1 1 1 1 236 25.5 10.8 230 26.5 0 0 0
17.034 0x2B main_weld 1 1 1 1 236 25.5 10.8 230 26.5 0 0 0
17.070 0x2B main_weld 1 1 1 1 234 25.5 10.8 230 26.5 0 0 0
17.108 0x2B main_weld 1 1 1 1 234 25.5 10.8 230 26.5 0 0 0
17.155 0x2B main_weld 1 1 1 1 234 25.5 10.8 230 26.5 0 0 0
17.188 0x2B main_weld 1 1 1 1 235 25.5 10.8 230 26.5 0 0 0
17.230 0x2B main_weld 1 1 1 1 235 25.5 10.8 230 26.5 0 0 0
17.273 0x2B main_weld 1 1 1 1 235 25.5 10.8 230 26.5 0 0 0
17.310 0x2B main_weld 1 1 1 1 235 25.5 10.8 230 26.5 0 0 0
17.352 0x2B main_weld 1 1 1 1 234 25.5 10.8 230 26.5 0 0 0
17.390 0x2B main_weld 1 1 1 1 234 25.5 10.8 230 26.5 0 0 0
17.431 0x2B main_weld 1 1 1 1 234 25.5 10.8 230 26.5 0 0 0
17.471 0x2B main_weld 1 1 1 1 234 25.5 10.8 230 26.5 0 0 0
17.511 0x2B main_weld 1 1 1 1 234 25.5 10.8 230 26.5 0 0 0
17.552 0x2B main_weld 1 1 1 1 236 25.5 10.8 230 26.5 0 0 0
17.591 0x2B main_weld 1 1 1 1 236 25.5 10.8 230 26.5 0 0 0
17.630 0x2B main_weld 1 1 1 1 236 25.5 10.8 230 26.5 0 0 0
17.670 0x2B main_weld 1 1 1 1 236 25.5 10.8 230 26.5 0 0 0
17.708 0x2B main_weld 1 1 1 1 235 25.5 10.8 230 26.5 0 0 0
17.749 0x2B main_weld 1 1 1 1 235 25.5 10.8 230 26.5 0 0 0
17.790 0x2B main_weld 1 1 1 1 235 25.5 10.8 230 26.5 0 0 0
17.829 0x2B main_weld 1 1 1 1 235 25.5 10.8 230 26.5 0 0 0
17.871 0x2B main_weld 1 1 1 1 235 25.5 10.8 230 26.5 0 0 0
17.910 0x2B main_weld 1 1 1 1 235 25.5 10.8 230 26.5 0 0 0
17.948 0x2B main_weld 1 1 1 1 235 25.5 10.8 230 26.5 0 0 0
17.992 0x2B main_weld 1 1 1 1 235 25.5 10.8 230 26.5 0 0 0
18.031 0x2B main_weld 1 1 1 1 235 25.5 10.8 230 26.5 0 0 0
18.072 0x2B main_weld 1 1 1 1 232 25.5 10.8 230 26.5 0 0 0
18.109 0x2B main_weld 1 1 1 1 232 25.5 10.8 230 26.5 0 0 0
18.156 0x2B main_weld 1 1 1 1 232 25.5 10.8 230 26.5 0 0 0
18.194 0x2B main_weld 1 1 1 1 232 25.5 10.8 230 26.5 0 0 0
18.244 0x2B main_weld 1 1 1 1 232 25.5 10.8 230 26.5 0 0 0
18.271 0x2B main_weld 1 1 1 1 238 25.5 10.8 230 26.5 0 0 0
18.315 0x2B main_weld 1 1 1 1 238 25.5 10.8 230 26.5 0 0 0
18.350 0x2B main_weld 1 1 1 1 238 25.5 10.8 230 26.5 0 0 0
18.389 0x2B main_weld 1 1 1 1 238 25.5 10.8 230 26.5 0 0 0
18.431 0x2B main_weld 1 1 1 1 237 25.5 10.8 230 26.5 0 0 0
18.468 0x2B main_weld 1 1 1 1 237 25.5 10.8 230 26.5 0 0 0
18.508 0x2B main_weld 1 1 1 1 237 25.5 10.8 230 26.5 0 0 0
18.549 0x2B main_weld 1 1 1 1 237 25.5 10.8 230 26.5 0 0 0
18.595 0x2B main_weld 1 1 1 1 237 25.5 10.8 230 26.5 0 0 0
18.632 0x2B main_weld 1 1 1 1 234 25.5 10.8 230 26.5 0 0 0
18.676 0x2B main_weld 1 1 1 1 234 25.5 10.8 230 26.5 0 0 0
18.710 0x2B main_weld 1 1 1 1 238 25.5 10.8 230 26.5 0 0 0
18.753 0x2B main_weld 1 1 1 1 238 25.5 10.8 230 26.5 0 0 0
18.790 0x2B main_weld 1 1 1 1 238 25.5 10.8 230 26.5 0 0 0
18.832 0x2B main_weld 1 1 1 1 238 25.5 10.8 230 26.5 0 0 0
18.868 0x2B main_weld 1 1 1 1 236 25.5 10.8 230 26.5 0 0 0
18.909 0x2B main_weld 1 1 1 1 236 25.5 10.8 230 26.5 0 0 0
18.954 0x2B main_weld 1 1 1 1 236 25.5 10.8 230 26.5 0 0 0
18.988 0x2B main_weld 1 1 1 1 236 25.5 10.8 230 26.5 0 0 0
19.035 0x2B main_weld 1 1 1 1 236 25.5 10.8 230 26.5 0 0 0
19.068 0x2B main_weld 1 1 1 1 232 25.5 10.8 230 26.5 0 0 0
19.110 0x2B main_weld 1 1 1 1 232 25.5 10.8 230 26.5 0 0 0
19.149 0x2B main_weld 1 1 1 1 232 25.5 10.8 230 26.5 0 0 0
19.195 0x2B main_weld 1 1 1 1 232 25.5 10.8 230 26.5 0 0 0
19.230 0x2B main_weld 1 1 1 1 237 25.5 10.8 230 26.5 0 0 0
19.274 0x2B main_weld 1 1 1 1 237 25.5 10.8 230 26.5 0 0 0
19.310 0x2B main_weld 1 1 1 1 237 25.5 10.8 230 26.5 0 0 0
19.356 0x2B main_weld 1 1 1 1 237 25.5 10.8 230 26.5 0 0 0
19.389 0x2B main_weld 1 1 1 1 237 25.5 10.8 230 26.5 0 0 0
19.431 0x2B main_weld 1 1 1 1 235 25.5 10.8 230 26.5 0 0 0
19.473 0x2B main_weld 1 1 1 1 235 25.5 10.8 230 26.5 0 0 0
19.510 0x2B main_weld 1 1 1 1 235 25.5 10.8 230 26.5 0 0 0
19.547 0x2B main_weld 1 1 1 1 235 25.5 10.8 230 26.5 0 0 0
19.588 0x2B main_weld 1 1 1 1 235 25.5 10.8 230 26.5 0 0 0
19.629 0x2B main_weld 1 1 1 1 235 25.5 10.8 230 26.5 0 0 0
19.669 0x2B main_weld 1 1 1 1 235 25.5 10.8 230 26.5 0 0 0
19.708 0x2B main_weld 1 1 1 1 235 25.5 10.8 230 26.5 0 0 0
19.756 0x2B main_weld 1 1 1 1 235 25.5 10.8 230 26.5 0 0 0
19.794 0x2B main_weld 1 1 1 1 236 25.5 10.8 230 26.5 0 0 0
19.831 0x2B main_weld 1 1 1 1 236 25.5 10.8 230 26.5 0 0 0
19.874 0x2B main_weld 1 1 1 1 236 25.5 10.8 230 26.5 0 0 0
19.913 0x2B main_weld 1 1 1 1 236 25.5 10.8 230 26.5 0 0 0
19.954 0x2B main_weld 1 1 1 1 240 25.8 10.8 230 26.5 0 0 0
19.995 0x2B main_weld 1 1 1 1 240 25.8 10.8 230 26.5 0 0 0
20.040 0x2B main_weld 1 1 1 1 240 25.8 10.8 230 26.5 0 0 0
20.069 0x2B main_weld 1 1 1 1 240 25.8 10.8 230 26.5 0 0 0
20.112 0x2B main_weld 1 1 1 1 240 25.6 10.8 230 26.5 0 0 0
20.152 0x2B main_weld 1 1 1 1 232 25.6 10.8 230 26.5 0 0 0
20.189 0x2B main_weld 1 1 1 1 232 25.6 10.8 230 26.5 0 0 0
20.233 0x2B main_weld 1 1 1 1 232 25.6 10.8 230 26.5 0 0 0
20.273 0x2B main_weld 1 1 1 1 232 25.6 10.8 230 26.5 0 0 0
20.312 0x2B main_weld 1 1 1 1 235 25.5 10.8 230 26.5 0 0 0
20.352 0x2B main_weld 1 1 1 1 235 25.5 10.8 230 26.5 0 0 0
20.390 0x2B main_weld 1 1 1 1 235 25.5 10.8 230 26.5 0 0 0
20.430 0x2B main_weld 1 1 1 1 237 25.5 10.8 230 26.5 0 0 0
20.468 0x2B main_weld 1 1 1 1 237 25.5 10.8 230 26.5 0 0 0
20.511 0x2B main_weld 1 1 1 1 237 25.5 10.8 230 26.5 0 0 0
20.560 0x2B main_weld 1 1 1 1 237 25.5 10.8 230 26.5 0 0 0
20.591 0x2B main_weld 1 1 1 1 235 25.5 10.8 230 26.5 0 0 0
20.629 0x2B main_weld 1 1 1 1 235 25.5 10.8 230 26.5 0 0 0
20.673 0x2B main_weld 1 1 1 1 235 25.5 10.8 230 26.5 0 0 0
20.710 0x2B main_weld 1 1 1 1 235 25.5 10.8 230 26.5 0 0 0
20.761 0x2B main_weld 1 1 1 1 235 25.5 10.8 230 26.5 0 0 0
20.790 0x2B main_weld 1 1 1 1 235 25.5 10.8 230 26.5 0 0 0
20.830 0x2B main_weld 1 1 1 1 235 25.5 10.8 230 26.5 0 0 0
20.878 0x2B main_weld 1 1 1 1 235 25.5 10.8 230 26.5 0 0 0
20.909 0x2B main_weld 1 1 1 1 235 25.8 10.8 230 26.5 0 0 0
20.956 0x2B main_weld 1 1 1 1 235 25.8 10.8 230 26.5 0 0 0
20.995 0x2B main_weld 1 1 1 1 235 25.8 10.8 230 26.5 0 0 0
21.029 0x2B main_weld 1 1 1 1 235 25.8 10.8 230 26.5 0 0 0
21.067 0x2B main_weld 1 1 1 1 235 25.8 10.8 230 26.5 0 0 0
21.113 0x2B main_weld 1 1 1 1 235 25.5 10.8 230 26.5 0 0 0
21.152 0x2B main_weld 1 1 1 1 234 25.5 10.8 230 26.5 0 0 0
21.193 0x2B main_weld 1 1 1 1 234 25.5 10.8 230 26.5 0 0 0
21.231 0x2B main_weld 1 1 1 1 234 25.5 10.8 230 26.5 0 0 0
21.274 0x2B main_weld 1 1 1 1 234 25.5 10.8 230 26.5 0 0 0
21.309 0x2B main_weld 1 1 1 1 240 25.5 10.8 230 26.5 0 0 0
21.356 0x2B main_weld 1 1 1 1 240 25.5 10.8 230 26.5 0 0 0
21.394 0x2B main_weld 1 1 1 1 236 25.5 10.8 230 26.5 0 0 0
21.432 0x2B main_weld 1 1 1 1 236 25.5 10.8 230 26.5 0 0 0
21.468 0x2B main_weld 1 1 1 1 236 25.5 10.8 230 26.5 0 0 0
21.510 0x2B main_weld 1 1 1 1 236 25.5 10.8 230 26.5 0 0 0
21.554 0x2B main_weld 1 1 1 1 236 25.5 10.8 230 26.5 0 0 0
21.595 0x2B main_weld 1 1 1 1 234 25.5 10.8 230 26.5 0 0 0
21.640 0x2B main_weld 1 1 1 1 234 25.5 10.8 230 26.5 0 0 0
21.678 0x2B main_weld 1 1 1 1 234 25.5 10.8 230 26.5 0 0 0
21.718 0x2B main_weld 1 1 1 1 234 25.5 10.8 230 26.5 0 0 0
21.749 0x2B main_weld 1 1 1 1 237 25.5 10.8 230 26.5 0 0 0
21.791 0x2B main_weld 1 1 1 1 237 25.5 10.8 230 26.5 0 0 0
21.831 0x2B main_weld 1 1 1 1 237 25.5 10.8 230 26.5 0 0 0
21.870 0x2B main_weld 1 1 1 1 237 25.5 10.8 230 26.5 0 0 0
21.910 0x2B main_weld 1 1 1 1 237 25.5 10.8 230 26.5 0 0 0
21.955 0x2B main_weld 1 1 1 1 238 25.5 10.8 230 26.5 0 0 0
21.992 0x2B main_weld 1 1 1 1 238 25.5 10.8 230 26.5 0 0 0
22.030 0x2B main_weld 1 1 1 1 238 25.5 10.8 230 26.5 0 0 0
22.081 0x2B main_weld 1 1 1 1 238 25.5 10.8 230 26.5 0 0 0
22.113 0x2B main_weld 1 1 1 1 235 25.5 10.8 230 26.5 0 0 0
22.151 0x2B main_weld 1 1 1 1 235 25.5 10.8 230 26.5 0 0 0
22.195 0x2B main_weld 1 1 1 1 235 25.5 10.8 230 26.5 0 0 0
22.232 0x2B main_weld 1 1 1 1 235 25.5 10.8 230 26.5 0 0 0
22.273 0x2B main_weld 1 1 1 1 235 25.6 10.8 230 26.5 0 0 0
22.311 0x2B main_weld 1 1 1 1 232 25.6 10.8 230 26.5 0 0 0
22.354 0x2B main_weld 1 1 1 1 232 25.6 10.8 230 26.5 0 0 0
22.392 0x2B main_weld 1 1 1 1 232 25.6 10.8 230 26.5 0 0 0
22.435 0x2B main_weld 1 1 1 1 232 25.6 10.8 230 26.5 0 0 0
22.468 0x2B main_weld 1 1 1 1 236 25.6 10.8 230 26.5 0 0 0
22.509 0x2B main_weld 1 1 1 1 236 25.6 10.8 230 26.5 0 0 0
22.549 0x2B main_weld 1 1 1 1 236 25.5 10.8 230 26.5 0 0 0
22.587 0x2B main_weld 1 1 1 1 236 25.5 10.8 230 26.5 0 0 0
22.632 0x2B main_weld 1 1 1 1 236 25.5 10.8 230 26.5 0 0 0
22.669 0x2B main_weld 1 1 1 1 236 25.5 10.8 230 26.5 0 0 0
22.718 0x2B main_weld 1 1 1 1 236 25.5 10.8 230 26.5 0 0 0
22.752 0x2B main_weld 1 1 1 1 236 25.5 10.8 230 26.5 0 0 0
22.790 0x2B main_weld 1 1 1 1 236 25.5 10.8 230 26.5 0 0 0
22.833 0x2B main_weld 1 1 1 1 231 25.5 10.8 230 26.5 0 0 0
22.872 0x2B main_weld 1 1 1 1 231 25.5 10.8 230 26.5 0 0 0
22.909 0x2B main_weld 1 1 1 1 231 25.5 10.8 230 26.5 0 0 0
22.948 0x2B main_weld 1 1 1 1 231 25.5 10.8 230 26.5 0 0 0
22.990 0x2B main_weld 1 1 1 1 231 25.5 10.8 230 26.5 0 0 0
23.031 0x2B main_weld 1 1 1 1 237 25.5 10.8 230 26.5 0 0 0
23.070 0x2B main_weld 1 1 1 1 237 25.5 10.8 230 26.5 0 0 0
23.127 0x2B main_weld 1 1 1 1 232 25.5 10.8 230 26.5 0 0 0
23.153 0x2B main_weld 1 1 1 1 232 25.5 10.8 230 26.5 0 0 0
23.191 0x2B main_weld 1 1 1 1 232 25.5 10.8 230 26.5 0 0 0
23.239 0x2B main_weld 1 1 1 1 232 25.5 10.8 230 26.5 0 0 0
23.281 0x2B main_weld 1 1 1 1 232 25.5 10.8 230 26.5 0 0 0
23.317 0x28 idle 0 1 0 1 234 25.5 10.8 230 26.5 0 0 0
23.355 0x28 idle 0 1 0 1 234 25.5 10.8 230 26.5 0 0 0
23.392 0x28 idle 0 1 0 1 234 25.5 10.8 230 26.5 0 0 0
23.436 0x28 idle 0 1 0 1 234 38.1 10.8 230 26.5 0 0 0
23.471 0x28 idle 0 1 0 1 124 38.1 10.8 230 26.5 0 0 0
23.512 0x28 idle 0 1 0 1 124 38.1 10.8 230 26.5 0 0 0
23.550 0x28 idle 0 1 0 1 124 38.1 10.8 230 26.5 0 0 0
23.590 0x28 idle 0 1 0 1 124 38.1 10.8 230 26.5 0 0 0
23.629 0x28 idle 0 1 0 1 124 60.8 10.8 230 26.5 0 0 0
23.675 0x28 idle 0 1 0 1 0 60.8 10.8 230 26.5 0 0 0
23.709 0x28 idle 0 1 0 1 0 60.8 10.8 230 26.5 0 0 0
23.751 0x28 idle 0 1 0 1 0 60.8 10.8 230 26.5 0 0 0
23.790 0x28 idle 0 1 0 1 0 49.8 10.8 230 26.5 0 0 0
23.838 0x28 idle 0 1 0 1 0 49.8 10.8 230 26.5 0 0 0
23.868 0x28 idle 0 1 0 1 0 49.8 10.8 230 26.5 0 0 0
23.910 0x28 idle 0 1 0 1 0 49.8 10.8 230 26.5 0 0 0
23.948 0x28 idle 0 1 0 1 0 49.8 10.8 230 26.5 0 0 0
23.989 0x28 idle 0 1 0 1 0 3.3 10.8 230 26.5 0 0 0
24.029 0x28 idle 0 1 0 1 0 3.3 10.8 230 26.5 0 0 0
24.068 0x28 idle 0 1 0 1 0 3.3 10.8 230 26.5 0 0 0
24.107 0x28 idle 0 1 0 1 0 3.3 10.8 230 26.5 0 0 0
24.148 0x08 idle 0 1 0 0 0 0.0 10.8 230 26.5 0 0 0
24.189 0x08 idle 0 1 0 0 0 0.0 10.8 230 26.5 0 0 0
24.235 0x08 idle 0 1 0 0 0 0.0 0.0 230 26.5 0 0 0
24.268 0x08 idle 0 1 0 0 0 0.0 0.0 230 26.5 0 0 0
24.312 0x08 idle 0 1 0 0 0 0.0 0.0 230 26.5 0 0 0
24.353 0x08 idle 0 1 0 0 0 0.0 0.0 230 26.5 0 0 0
24.392 0x08 idle 0 1 0 0 0 0.0 0.0 230 26.5 0 0 0
24.432 0x08 idle 0 1 0 0 0 0.0 0.0 230 26.5 0 0 0
24.469 0x08 idle 0 1 0 0 0 0.0 0.0 230 26.5 0 0 0
24.510 0x08 idle 0 1 0 0 0 0.0 0.0 230 26.5 0 0 0
24.551 0x08 idle 0 1 0 0 0 0.0 0.0 230 26.5 0 0 0
24.588 0x08 idle 0 1 0 0 0 0.0 0.0 230 26.5 0 0 0
24.631 0x08 idle 0 1 0 0 0 0.0 0.0 230 26.5 0 0 0
24.670 0x08 idle 0 1 0 0 0 0.0 0.0 230 26.5 0 0 0
24.707 0x08 idle 0 1 0 0 0 0.0 0.0 230 26.5 0 0 0
24.752 0x08 idle 0 1 0 0 0 0.0 0.0 230 26.5 0 0 0
24.791 0x08 idle 0 1 0 0 0 0.0 0.0 230 26.5 0 0 0
24.832 0x08 idle 0 1 0 0 0 0.0 0.0 230 26.5 0 0 0
24.871 0x08 idle 0 1 0 0 0 0.0 0.0 230 26.5 0 0 0
24.916 0x08 idle 0 1 0 0 0 0.0 0.0 230 26.5 0 0 0
24.952 0x08 idle 0 1 0 0 0 0.0 0.0 230 26.5 0 0 0
24.991 0x08 idle 0 1 0 0 0 0.0 0.0 230 26.5 0 0 0
25.029 0x08 idle 0 1 0 0 0 0.0 0.0 230 26.5 0 0 0
25.074 0x08 idle 0 1 0 0 0 0.0 0.0 230 26.5 0 0 0
25.115 0x08 idle 0 1 0 0 0 0.0 0.0 230 26.5 0 0 0
25.147 0x08 idle 0 1 0 0 0 0.0 0.0 230 26.5 0 0 0
25.192 0x08 idle 0 1 0 0 0 0.0 0.0 230 26.5 0 0 0
25.241 0x08 idle 0 1 0 0 0 0.0 0.0 230 26.5 0 0 0
25.268 0x08 idle 0 1 0 0 0 0.0 0.0 230 26.5 0 0 0
25.313 0x08 idle 0 1 0 0 0 0.0 0.0 230 26.5 0 0 0
25.351 0x08 idle 0 1 0 0 0 0.0 0.0 230 26.5 0 0 0
25.388 0x08 idle 0 1 0 0 0 0.0 0.0 230 26.5 0 0 0
25.428 0x08 idle 0 1 0 0 0 0.0 0.0 230 26.5 0 0 0
25.469 0x08 idle 0 1 0 0 0 0.0 0.0 230 26.5 0 0 0
25.508 0x08 idle 0 1 0 0 0 0.0 0.0 230 26.5 0 0 0
25.548 0x08 idle 0 1 0 0 0 0.0 0.0 230 26.5 0 0 0
25.594 0x08 idle 0 1 0 0 0 0.0 0.0 230 26.5 0 0 0
25.630 0x08 idle 0 1 0 0 0 0.0 0.0 230 26.5 0 0 0
25.668 0x08 idle 0 1 0 0 0 0.0 0.0 230 26.5 0 0 0
25.709 0x08 idle 0 1 0 0 0 0.0 0.0 230 26.5 0 0 0
25.749 0x08 idle 0 1 0 0 0 0.0 0.0 230 26.5 0 0 0
25.795 0x08 idle 0 1 0 0 0 0.0 0.0 230 26.5 0 0 0
25.827 0x08 idle 0 1 0 0 0 0.0 0.0 230 26.5 0 0 0
25.872 0x08 idle 0 1 0 0 0 0.0 0.0 230 26.5 0 0 0
25.910 0x08 idle 0 1 0 0 0 0.0 0.0 230 26.5 0 0 0
25.948 0x08 idle 0 1 0 0 0 0.0 0.0 230 26.5 0 0 0
25.988 0x08 idle 0 1 0 0 0 0.0 0.0 230 26.5 0 0 0
26.034 0x08 idle 0 1 0 0 0 0.0 0.0 230 26.5 0 0 0
26.067 0x08 idle 0 1 0 0 0 0.0 0.0 230 26.5 0 0 0
26.108 0x08 idle 0 1 0 0 0 0.0 0.0 230 26.5 0 0 0
26.148 0x08 idle 0 1 0 0 0 0.0 0.0 230 26.5 0 0 0
26.188 0x08 idle 0 1 0 0 0 0.0 0.0 230 26.5 0 0 0
26.229 0x08 idle 0 1 0 0 0 0.0 0.0 230 26.5 0 0 0
26.272 0x08 idle 0 1 0 0 0 0.0 0.0 230 26.5 0 0 0
26.309 0x08 idle 0 1 0 0 0 0.0 0.0 230 26.5 0 0 0
26.364 0x08 idle 0 1 0 0 0 0.0 0.0 230 26.5 0 0 0
26.394 0x08 idle 0 1 0 0 0 0.0 0.0 230 26.5 0 0 0
26.432 0x08 idle 0 1 0 0 0 0.0 0.0 230 26.5 0 0 0
26.473 0x08 idle 0 1 0 0 0 0.0 0.0 230 26.5 0 0 0
26.509 0x08 idle 0 1 0 0 0 0.0 0.0 230 26.5 0 0 0
26.549 0x00 idle 0 0 0 0 0 0.0 0.0 230 26.5 0 0 0

[tcp_trajectory]
elapsed_s x_m y_m z_m qx qy qz qw speed_m_s tf_stamp_s along_mm remaining_mm cross_track_mm progress waypoint phase
0.0023 0.0245112 -1.7180354 0.6785276 -0.42202419 0.68504940 -0.50850403 -0.30663749 0.000000 1789460504.869233608 -1.047 154.747 0.502 0.00000 -1 ACTUAL_TF
0.0369 0.0245501 -1.7180296 0.6783383 -0.42205667 0.68503708 -0.50850222 -0.30662333 0.003464 1789460504.925050735 -1.043 154.743 0.314 0.00000 -1 ACTUAL_TF
0.0944 0.0245834 -1.7180551 0.6782705 -0.42206612 0.68502324 -0.50851578 -0.30661874 0.002852 1789460504.981072664 -1.069 154.769 0.239 0.00000 -1 ACTUAL_TF
0.1529 0.0246017 -1.7180619 0.6782145 -0.42207554 0.68501575 -0.50852050 -0.30661469 0.002313 1789460505.037199736 -1.077 154.777 0.181 0.00000 -1 ACTUAL_TF
0.2120 0.0246185 -1.7180678 0.6781808 -0.42208196 0.68501036 -0.50852453 -0.30661120 0.001823 1789460505.093250751 -1.083 154.783 0.144 0.00000 -1 ACTUAL_TF
0.2600 0.0246292 -1.7180684 0.6781662 -0.42208553 0.68500675 -0.50852731 -0.30660975 0.001374 1789460505.149086475 -1.084 154.784 0.126 0.00000 -1 ACTUAL_TF
0.3206 0.0246330 -1.7180630 0.6781505 -0.42209129 0.68500564 -0.50852490 -0.30660829 0.001053 1789460505.205121994 -1.079 154.779 0.110 0.00000 -1 ACTUAL_TF
0.3833 0.0246443 -1.7180638 0.6781456 -0.42209454 0.68500232 -0.50852789 -0.30660626 0.000803 1789460505.261059761 -1.080 154.780 0.100 0.00000 -1 ACTUAL_TF
0.4318 0.0246487 -1.7180639 0.6781425 -0.42209711 0.68500070 -0.50852792 -0.30660630 0.000591 1789460505.317044020 -1.080 154.780 0.095 0.00000 -1 ACTUAL_TF
0.4922 0.0246542 -1.7180646 0.6781407 -0.42209799 0.68499885 -0.50852984 -0.30660603 0.000445 1789460505.373096943 -1.081 154.781 0.091 0.00000 -1 ACTUAL_TF
0.5421 0.0246575 -1.7180605 0.6781361 -0.42210016 0.68499872 -0.50852893 -0.30660484 0.000349 1789460505.429148674 -1.077 154.777 0.085 0.00000 -1 ACTUAL_TF
0.6062 0.0246615 -1.7180594 0.6781361 -0.42210272 0.68499715 -0.50852893 -0.30660484 0.000266 1789460505.485220909 -1.076 154.776 0.083 0.00000 -1 ACTUAL_TF
0.6537 0.0246647 -1.7180552 0.6781314 -0.42210492 0.68499704 -0.50852797 -0.30660365 0.000224 1789460505.541321278 -1.072 154.771 0.078 0.00000 -1 ACTUAL_TF
0.7068 0.0246687 -1.7180542 0.6781314 -0.42210752 0.68499543 -0.50852795 -0.30660369 0.000179 1789460505.597622156 -1.071 154.770 0.076 0.00000 -1 ACTUAL_TF
0.7693 0.0246719 -1.7180501 0.6781268 -0.42210969 0.68499530 -0.50852704 -0.30660250 0.000163 1789460505.653079510 -1.067 154.766 0.070 0.00000 -1 ACTUAL_TF
0.8191 0.0246714 -1.7180501 0.6781268 -0.42211097 0.68499452 -0.50852647 -0.30660345 0.000117 1789460505.709185123 -1.067 154.766 0.071 0.00000 -1 ACTUAL_TF
0.8877 0.0246746 -1.7180459 0.6781221 -0.42211317 0.68499441 -0.50852551 -0.30660226 0.000120 1789460505.765569210 -1.062 154.762 0.065 0.00000 -1 ACTUAL_TF
0.9366 0.0246786 -1.7180449 0.6781221 -0.42211577 0.68499280 -0.50852549 -0.30660230 0.000106 1789460505.821198702 -1.061 154.761 0.064 0.00000 -1 ACTUAL_TF
0.9943 0.0246866 -1.7180539 0.6781280 -0.42211549 0.68498788 -0.50853118 -0.30660424 0.000146 1789460505.877087593 -1.071 154.771 0.068 0.00000 -1 ACTUAL_TF
1.0543 0.0246853 -1.7180509 0.6781234 -0.42211638 0.68498853 -0.50852970 -0.30660400 0.000133 1789460505.932991028 -1.068 154.767 0.063 0.00000 -1 ACTUAL_TF
1.2205 0.0246853 -1.7180519 0.6781249 -0.42211577 0.68498756 -0.50853103 -0.30660482 0.000096 1789460506.101234436 -1.069 154.768 0.065 0.00000 -1 ACTUAL_TF
1.2732 0.0246734 -1.7180255 0.6781177 -0.42212095 0.68499033 -0.50852304 -0.30660474 0.000228 1789460506.156977654 -1.042 154.742 0.061 0.00000 -1 ACTUAL_TF
1.3235 0.0246545 -1.7179801 0.6781107 -0.42212794 0.68499136 -0.50851388 -0.30660801 0.000425 1789460506.213063955 -0.996 154.696 0.065 0.00000 -1 ACTUAL_TF
1.3855 0.0246327 -1.7179363 0.6781369 -0.42212211 0.68497068 -0.50853140 -0.30663318 0.000595 1789460506.269120455 -0.952 154.652 0.098 0.00000 -1 ACTUAL_TF
1.4460 0.0246225 -1.7178166 0.6781170 -0.42214668 0.68497112 -0.50850977 -0.30663426 0.001067 1789460506.325249434 -0.832 154.532 0.090 0.00000 -1 ACTUAL_TF
1.4921 0.0246389 -1.7176891 0.6781108 -0.42217292 0.68495832 -0.50850204 -0.30663951 0.001439 1789460506.381066084 -0.705 154.405 0.071 0.00000 -1 ACTUAL_TF
1.5513 0.0246068 -1.7175213 0.6781065 -0.42219040 0.68494825 -0.50848904 -0.30665951 0.001924 1789460506.436985016 -0.537 154.237 0.093 0.00000 -1 ACTUAL_TF
1.6090 0.0246040 -1.7173402 0.6780965 -0.42221578 0.68493840 -0.50847655 -0.30666728 0.002318 1789460506.493043423 -0.356 154.056 0.088 0.00000 -1 ACTUAL_TF
1.6612 0.0245902 -1.7171196 0.6780853 -0.42222331 0.68493983 -0.50846663 -0.30667018 0.002808 1789460506.549066067 -0.135 153.835 0.094 0.00000 -1 ACTUAL_TF
1.7261 0.0245946 -1.7168790 0.6780880 -0.42220304 0.68494569 -0.50848127 -0.30666072 0.003255 1789460506.605056763 0.105 153.595 0.087 0.00000 -1 ACTUAL_TF
1.7777 0.0245856 -1.7166613 0.6780769 -0.42220239 0.68495224 -0.50847500 -0.30665736 0.003444 1789460506.661195755 0.323 153.377 0.090 0.00000 -1 ACTUAL_TF
1.8291 0.0245803 -1.7163955 0.6780770 -0.42219607 0.68495148 -0.50848103 -0.30665777 0.003837 1789460506.717139006 0.589 153.111 0.091 0.00000 -1 ACTUAL_TF
1.8867 0.0245750 -1.7161496 0.6780709 -0.42219651 0.68495249 -0.50848040 -0.30665596 0.004007 1789460506.773000717 0.835 152.865 0.093 0.00000 -1 ACTUAL_TF
1.9473 0.0245632 -1.7158401 0.6780627 -0.42219195 0.68495754 -0.50847749 -0.30665579 0.004459 1789460506.829185247 1.144 152.556 0.101 0.00000 -1 ACTUAL_TF
1.9973 0.0245587 -1.7155476 0.6780407 -0.42220976 0.68496145 -0.50846038 -0.30665091 0.004696 1789460506.885091066 1.437 152.263 0.106 0.00000 -1 ACTUAL_TF
2.0596 0.0245662 -1.7152110 0.6780405 -0.42220983 0.68495623 -0.50846586 -0.30665337 0.005085 1789460506.941277504 1.773 151.927 0.095 0.00000 -1 ACTUAL_TF
2.1125 0.0245707 -1.7149164 0.6780293 -0.42221781 0.68495677 -0.50846042 -0.30665021 0.005142 1789460506.997174025 2.068 151.632 0.094 0.00000 -1 ACTUAL_TF
2.1625 0.0245751 -1.7145312 0.6780225 -0.42222896 0.68495006 -0.50845965 -0.30665111 0.005667 1789460507.053083658 2.453 151.247 0.091 0.00000 -1 ACTUAL_TF
2.2227 0.0245663 -1.7141349 0.6780161 -0.42222960 0.68494945 -0.50845861 -0.30665333 0.006088 1789460507.109150410 2.849 150.851 0.099 0.00000 -1 ACTUAL_TF
2.2800 0.0245685 -1.7137589 0.6780065 -0.42223703 0.68494794 -0.50845638 -0.30665017 0.006277 1789460507.165133715 3.225 150.475 0.103 0.00000 -1 ACTUAL_TF
2.3413 0.0245688 -1.7133446 0.6780174 -0.42223646 0.68493273 -0.50847157 -0.30665975 0.006613 1789460507.221155405 3.639 150.061 0.092 0.00000 -1 ACTUAL_TF
2.3972 0.0245591 -1.7129548 0.6780145 -0.42223688 0.68492959 -0.50847392 -0.30666226 0.006719 1789460507.277140379 4.029 149.671 0.098 0.00000 -1 ACTUAL_TF
2.4518 0.0245416 -1.7124876 0.6779948 -0.42224543 0.68493558 -0.50845908 -0.30666172 0.007213 1789460507.333084345 4.496 149.204 0.123 0.00000 -1 ACTUAL_TF
2.5053 0.0245628 -1.7121092 0.6779737 -0.42225570 0.68494315 -0.50845003 -0.30664569 0.007082 1789460507.389103651 4.874 148.826 0.132 0.00000 -1 ACTUAL_TF
2.5592 0.0245300 -1.7116496 0.6779590 -0.42225335 0.68495178 -0.50843976 -0.30664667 0.007425 1789460507.445145369 5.334 148.366 0.158 0.00000 -1 ACTUAL_TF
2.6120 0.0245292 -1.7111532 0.6779374 -0.42227309 0.68495276 -0.50842546 -0.30664101 0.007846 1789460507.501427650 5.830 147.869 0.178 0.00000 -1 ACTUAL_TF
2.6729 0.0245288 -1.7107845 0.6779396 -0.42226766 0.68494984 -0.50843302 -0.30664247 0.007477 1789460507.557161331 6.199 147.501 0.177 0.00000 -1 ACTUAL_TF
2.7387 0.0245351 -1.7103024 0.6779212 -0.42228379 0.68495071 -0.50842284 -0.30663521 0.007821 1789460507.613108158 6.681 147.019 0.194 0.00000 -1 ACTUAL_TF
2.7855 0.0245210 -1.7099488 0.6779219 -0.42227788 0.68494979 -0.50842530 -0.30664131 0.007370 1789460507.669102192 7.035 146.665 0.197 0.00000 -1 ACTUAL_TF
2.8466 0.0245035 -1.7095086 0.6779110 -0.42228044 0.68495322 -0.50841886 -0.30664079 0.007517 1789460507.725183964 7.475 146.225 0.213 0.00000 -1 ACTUAL_TF
2.8957 0.0245037 -1.7091737 0.6779223 -0.42226645 0.68494832 -0.50843476 -0.30664465 0.007061 1789460507.781065464 7.810 145.890 0.203 0.00000 -1 ACTUAL_TF
2.9573 0.0244848 -1.7086948 0.6779003 -0.42227558 0.68495741 -0.50841897 -0.30663795 0.007512 1789460507.837083817 8.289 145.411 0.230 0.00000 -1 ACTUAL_TF
3.0095 0.0244691 -1.7083619 0.6779104 -0.42225830 0.68495585 -0.50843067 -0.30664582 0.007041 1789460507.893206120 8.622 145.078 0.226 0.00000 -1 ACTUAL_TF
3.0640 0.0244634 -1.7078801 0.6778889 -0.42226990 0.68496339 -0.50841710 -0.30663554 0.007505 1789460507.949353695 9.104 144.596 0.249 0.00000 -1 ACTUAL_TF
3.1233 0.0244660 -1.7074876 0.6778992 -0.42226192 0.68495853 -0.50842888 -0.30663782 0.007366 1789460508.005117893 9.496 144.204 0.239 0.00000 -1 ACTUAL_TF
3.1738 0.0244604 -1.7071027 0.6778775 -0.42227158 0.68497143 -0.50841007 -0.30662691 0.007219 1789460508.061186790 9.881 143.819 0.262 0.00000 -1 ACTUAL_TF
3.2366 0.0244561 -1.7066582 0.6778604 -0.42227687 0.68498257 -0.50839783 -0.30661500 0.007441 1789460508.117084265 10.325 143.375 0.280 0.00000 -1 ACTUAL_TF
3.2885 0.0244565 -1.7062890 0.6778586 -0.42228504 0.68497918 -0.50839571 -0.30661486 0.007190 1789460508.172985792 10.695 143.005 0.283 0.00000 -1 ACTUAL_TF
3.3532 0.0244425 -1.7058532 0.6778571 -0.42228566 0.68498255 -0.50839053 -0.30661506 0.007361 1789460508.229176760 11.130 142.569 0.289 0.00000 -1 ACTUAL_TF
3.4030 0.0244367 -1.7054809 0.6778556 -0.42228894 0.68498209 -0.50838693 -0.30661753 0.007147 1789460508.285189152 11.503 142.197 0.293 0.00000 -1 ACTUAL_TF
3.4551 0.0244354 -1.7050856 0.6778626 -0.42228768 0.68497979 -0.50838936 -0.30662039 0.007110 1789460508.341484308 11.898 141.802 0.287 0.00000 -1 ACTUAL_TF
3.5073 0.0244274 -1.7046703 0.6778721 -0.42228123 0.68498127 -0.50839299 -0.30661995 0.007216 1789460508.397160530 12.314 141.386 0.281 0.00000 -1 ACTUAL_TF
3.5723 0.0244039 -1.7043065 0.6778758 -0.42227873 0.68498308 -0.50838990 -0.30662447 0.006999 1789460508.453295708 12.678 141.022 0.284 0.00000 -1 ACTUAL_TF
3.6210 0.0244072 -1.7038896 0.6779008 -0.42226243 0.68497440 -0.50841456 -0.30662542 0.007139 1789460508.509244204 13.095 140.605 0.260 0.00000 -1 ACTUAL_TF
3.6807 0.0244084 -1.7035256 0.6779062 -0.42227170 0.68497046 -0.50841348 -0.30662326 0.006948 1789460508.565243959 13.459 140.241 0.255 0.00000 -1 ACTUAL_TF
3.7609 0.0243992 -1.7031131 0.6779410 -0.42225399 0.68496003 -0.50843520 -0.30663491 0.007085 1789460508.621160984 13.871 139.828 0.225 0.00000 -1 ACTUAL_TF
3.7938 0.0244002 -1.7027522 0.6779468 -0.42226691 0.68495387 -0.50843263 -0.30663516 0.006897 1789460508.677050114 14.232 139.468 0.219 0.00000 -1 ACTUAL_TF
3.8529 0.0244155 -1.7023453 0.6779677 -0.42226065 0.68494888 -0.50844508 -0.30663426 0.007005 1789460508.733240128 14.639 139.061 0.197 0.00000 -1 ACTUAL_TF
3.9154 0.0244035 -1.7019771 0.6779556 -0.42226474 0.68496422 -0.50842576 -0.30662642 0.006879 1789460508.789199352 15.007 138.693 0.212 0.00000 -1 ACTUAL_TF
3.9650 0.0243999 -1.7015507 0.6779515 -0.42227086 0.68497113 -0.50841674 -0.30661750 0.007111 1789460508.844924212 15.434 138.266 0.218 0.00000 -1 ACTUAL_TF
4.0120 0.0243996 -1.7011360 0.6779764 -0.42225573 0.68496846 -0.50843161 -0.30661964 0.007201 1789460508.900986910 15.848 137.851 0.195 0.00000 -1 ACTUAL_TF
4.0751 0.0243851 -1.7007723 0.6779753 -0.42225432 0.68497220 -0.50842727 -0.30662041 0.006988 1789460508.957069397 16.212 137.488 0.200 0.00000 -1 ACTUAL_TF
4.1367 0.0243881 -1.7003494 0.6779838 -0.42225491 0.68497179 -0.50843030 -0.30661551 0.007156 1789460509.013120174 16.635 137.065 0.193 0.00000 -1 ACTUAL_TF
4.2004 0.0244003 -1.7000190 0.6779943 -0.42225687 0.68496924 -0.50843291 -0.30661418 0.006782 1789460509.069078922 16.965 136.734 0.182 0.00000 -1 ACTUAL_TF
4.2447 0.0243850 -1.6995939 0.6779957 -0.42225835 0.68497208 -0.50842777 -0.30661432 0.007023 1789460509.125155687 17.391 136.309 0.184 0.00000 -1 ACTUAL_TF
4.2953 0.0243748 -1.6992386 0.6780089 -0.42226102 0.68496961 -0.50842514 -0.30662054 0.006825 1789460509.181077242 17.746 135.954 0.174 0.00000 -1 ACTUAL_TF
4.3514 0.0243680 -1.6988251 0.6780301 -0.42224828 0.68496399 -0.50843985 -0.30662621 0.006999 1789460509.236984968 18.160 135.540 0.156 0.00000 -1 ACTUAL_TF
4.4095 0.0243608 -1.6984619 0.6780438 -0.42224207 0.68496122 -0.50844514 -0.30663221 0.006845 1789460509.293036222 18.523 135.177 0.145 0.00000 -1 ACTUAL_TF
4.4652 0.0243637 -1.6980657 0.6780725 -0.42222782 0.68495027 -0.50846843 -0.30663767 0.006918 1789460509.349068880 18.920 134.780 0.118 0.00000 -1 ACTUAL_TF
4.5258 0.0243330 -1.6976515 0.6780961 -0.42221545 0.68494282 -0.50847952 -0.30665294 0.007068 1789460509.405146122 19.334 134.366 0.105 0.00000 -1 ACTUAL_TF
4.5768 0.0243600 -1.6973132 0.6781091 -0.42221427 0.68493785 -0.50849242 -0.30664427 0.006766 1789460509.461185932 19.672 134.028 0.085 0.00000 -1 ACTUAL_TF
4.6328 0.0243321 -1.6968863 0.6780997 -0.42220264 0.68495654 -0.50848131 -0.30663696 0.007030 1789460509.517137527 20.099 133.601 0.102 0.00000 -1 ACTUAL_TF
4.7016 0.0243231 -1.6964600 0.6780764 -0.42221813 0.68497364 -0.50845500 -0.30662107 0.007208 1789460509.573160887 20.526 133.174 0.127 0.00000 -1 ACTUAL_TF
4.7460 0.0243328 -1.6960473 0.6780804 -0.42221520 0.68497819 -0.50845577 -0.30661364 0.007255 1789460509.629233360 20.938 132.762 0.122 0.00000 -1 ACTUAL_TF
4.7991 0.0243276 -1.6956991 0.6780868 -0.42220804 0.68498043 -0.50845866 -0.30661372 0.006951 1789460509.685013294 21.286 132.414 0.118 0.00000 -1 ACTUAL_TF
4.8535 0.0243409 -1.6952733 0.6780900 -0.42222107 0.68497620 -0.50845457 -0.30661200 0.007140 1789460509.741217375 21.712 131.988 0.116 0.00000 -1 ACTUAL_TF
4.9091 0.0243581 -1.6949331 0.6780934 -0.42221648 0.68497980 -0.50846044 -0.30660056 0.006825 1789460509.797147989 22.052 131.648 0.116 0.00000 -1 ACTUAL_TF
4.9727 0.0243381 -1.6945044 0.6780910 -0.42221875 0.68498450 -0.50845194 -0.30660102 0.007078 1789460509.853101730 22.481 131.219 0.120 0.00000 -1 ACTUAL_TF
5.0243 0.0243464 -1.6940722 0.6781136 -0.42222021 0.68497080 -0.50846527 -0.30660751 0.007267 1789460509.909256458 22.913 130.787 0.102 0.00000 -1 ACTUAL_TF
5.0849 0.0243313 -1.6936961 0.6781068 -0.42223787 0.68497019 -0.50845110 -0.30660804 0.007111 1789460509.965057850 23.289 130.411 0.110 0.00000 -1 ACTUAL_TF
5.1486 0.0243151 -1.6932807 0.6781152 -0.42223045 0.68497177 -0.50845337 -0.30661097 0.007203 1789460510.021122932 23.705 129.995 0.103 0.00000 -1 ACTUAL_TF
5.1879 0.0242916 -1.6929515 0.6781393 -0.42221545 0.68496421 -0.50846695 -0.30662599 0.006819 1789460510.076985836 24.035 129.665 0.082 0.00000 -1 ACTUAL_TF
5.2521 0.0242803 -1.6925333 0.6781467 -0.42221367 0.68496358 -0.50846670 -0.30663028 0.007010 1789460510.133104086 24.453 129.247 0.079 0.00000 -1 ACTUAL_TF
5.3053 0.0242992 -1.6922049 0.6781738 -0.42220347 0.68495059 -0.50849206 -0.30663128 0.006675 1789460510.189123154 24.781 128.919 0.052 0.00000 -1 ACTUAL_TF
5.3686 0.0242687 -1.6917466 0.6781726 -0.42220427 0.68495639 -0.50848170 -0.30663441 0.007130 1789460510.245178223 25.240 128.460 0.059 0.00000 -1 ACTUAL_TF
5.4146 0.0242709 -1.6913140 0.6781688 -0.42221681 0.68495736 -0.50847257 -0.30663011 0.007312 1789460510.301096201 25.672 128.028 0.063 0.00000 -1 ACTUAL_TF
5.4718 0.0242790 -1.6909317 0.6781615 -0.42223415 0.68495818 -0.50846236 -0.30662132 0.007167 1789460510.357096910 26.054 127.646 0.072 0.00000 -1 ACTUAL_TF
5.5317 0.0242804 -1.6905024 0.6781625 -0.42224292 0.68495470 -0.50846026 -0.30662052 0.007320 1789460510.413017273 26.484 127.216 0.074 0.00000 -1 ACTUAL_TF
5.5797 0.0242749 -1.6901721 0.6781767 -0.42223379 0.68495300 -0.50846754 -0.30662480 0.006895 1789460510.469049931 26.814 126.886 0.063 0.00000 -1 ACTUAL_TF
5.6416 0.0242536 -1.6897276 0.6781589 -0.42224176 0.68496694 -0.50844626 -0.30661797 0.007208 1789460510.525153875 27.259 126.441 0.082 0.00000 -1 ACTUAL_TF
5.6924 0.0242582 -1.6893752 0.6781788 -0.42222429 0.68496568 -0.50846367 -0.30661599 0.006940 1789460510.581048250 27.611 126.089 0.065 0.00000 -1 ACTUAL_TF
5.7593 0.0242424 -1.6889451 0.6781825 -0.42222123 0.68497061 -0.50846131 -0.30661312 0.007161 1789460510.637107611 28.041 125.659 0.063 0.00000 -1 ACTUAL_TF
5.8091 0.0242333 -1.6885876 0.6781861 -0.42221938 0.68497159 -0.50846228 -0.30661187 0.006928 1789460510.693130255 28.399 125.301 0.062 0.00000 -1 ACTUAL_TF
5.8621 0.0242431 -1.6882041 0.6782109 -0.42221173 0.68496062 -0.50848058 -0.30661656 0.006912 1789460510.749055862 28.782 124.917 0.041 0.00000 -1 ACTUAL_TF
5.9159 0.0242437 -1.6877938 0.6782295 -0.42220832 0.68495013 -0.50849445 -0.30662167 0.007028 1789460510.805334568 29.193 124.507 0.030 0.00000 -1 ACTUAL_TF
5.9796 0.0242286 -1.6874365 0.6782444 -0.42220724 0.68494111 -0.50850016 -0.30663382 0.006845 1789460510.861090660 29.550 124.149 0.014 0.00000 -1 ACTUAL_TF
6.0277 0.0242160 -1.6870153 0.6782642 -0.42219698 0.68493709 -0.50851029 -0.30664014 0.007046 1789460510.917210579 29.972 123.728 0.007 0.00000 -1 ACTUAL_TF
6.0851 0.0242084 -1.6866567 0.6782639 -0.42219956 0.68493934 -0.50850531 -0.30663982 0.006855 1789460510.973170996 30.330 123.369 0.004 0.00000 -1 ACTUAL_TF
6.1470 0.0241964 -1.6862146 0.6782492 -0.42220433 0.68495388 -0.50848783 -0.30662978 0.007166 1789460511.029261827 30.773 122.927 0.015 0.00000 -1 ACTUAL_TF
6.2039 0.0241901 -1.6858340 0.6782426 -0.42221535 0.68495693 -0.50847708 -0.30662561 0.007061 1789460511.085128784 31.153 122.547 0.024 0.00000 -1 ACTUAL_TF
6.2499 0.0242005 -1.6854417 0.6782614 -0.42220654 0.68495028 -0.50849287 -0.30662640 0.007050 1789460511.141054630 31.545 122.154 0.013 0.00000 -1 ACTUAL_TF
6.3078 0.0241970 -1.6850631 0.6782596 -0.42221069 0.68495361 -0.50848711 -0.30662279 0.006963 1789460511.197057486 31.924 121.776 0.018 0.00000 -1 ACTUAL_TF
6.3671 0.0242030 -1.6846548 0.6782749 -0.42220507 0.68494853 -0.50849816 -0.30662357 0.007063 1789460511.253062725 32.332 121.368 0.026 0.00000 -1 ACTUAL_TF
6.4229 0.0242015 -1.6841859 0.6782656 -0.42221628 0.68495822 -0.50848348 -0.30661084 0.007453 1789460511.309152365 32.801 120.899 0.034 0.00000 -1 ACTUAL_TF
6.4841 0.0242005 -1.6838652 0.6782878 -0.42220132 0.68495206 -0.50850005 -0.30661771 0.006935 1789460511.365282297 33.122 120.578 0.037 0.00000 -1 ACTUAL_TF
6.5365 0.0241951 -1.6834360 0.6782956 -0.42220090 0.68495107 -0.50850111 -0.30661873 0.007159 1789460511.421176910 33.551 120.149 0.040 0.00000 -1 ACTUAL_TF
6.5979 0.0242072 -1.6830958 0.6783034 -0.42219915 0.68494973 -0.50850720 -0.30661402 0.006836 1789460511.477147102 33.891 119.809 0.058 0.00000 -1 ACTUAL_TF
6.6447 0.0241768 -1.6826619 0.6783136 -0.42219410 0.68494992 -0.50850426 -0.30662544 0.007118 1789460511.533102751 34.326 119.374 0.042 0.00000 -1 ACTUAL_TF
6.7088 0.0241646 -1.6823478 0.6783456 -0.42217742 0.68493669 -0.50852807 -0.30663848 0.006676 1789460511.589089155 34.640 119.060 0.063 0.00000 -1 ACTUAL_TF
6.7596 0.0241503 -1.6819015 0.6783520 -0.42218393 0.68493352 -0.50852490 -0.30664185 0.007068 1789460511.645030975 35.087 118.613 0.064 0.00000 -1 ACTUAL_TF
6.8102 0.0241392 -1.6815721 0.6783648 -0.42217496 0.68493267 -0.50852930 -0.30664882 0.006714 1789460511.701059580 35.416 118.284 0.073 0.00000 -1 ACTUAL_TF
6.8738 0.0241327 -1.6811406 0.6783598 -0.42218069 0.68493992 -0.50851838 -0.30664282 0.007010 1789460511.757081270 35.848 117.852 0.065 0.00000 -1 ACTUAL_TF
6.9291 0.0241310 -1.6807206 0.6783684 -0.42218093 0.68493875 -0.50851945 -0.30664334 0.007157 1789460511.813108206 36.268 117.432 0.072 0.00000 -1 ACTUAL_TF
6.9832 0.0241177 -1.6803322 0.6783568 -0.42218415 0.68495291 -0.50850250 -0.30663540 0.007093 1789460511.869084358 36.656 117.044 0.057 0.00000 -1 ACTUAL_TF
7.0437 0.0241246 -1.6799165 0.6783701 -0.42218881 0.68494508 -0.50850715 -0.30663874 0.007191 1789460511.925159454 37.072 116.628 0.070 0.00000 -1 ACTUAL_TF
7.0961 0.0241273 -1.6795395 0.6783737 -0.42220018 0.68494110 -0.50850533 -0.30663500 0.007057 1789460511.981067181 37.449 116.251 0.075 0.00000 -1 ACTUAL_TF
7.1577 0.0241251 -1.6791239 0.6783890 -0.42219825 0.68493585 -0.50851172 -0.30663879 0.007164 1789460512.037156820 37.864 115.836 0.088 0.00000 -1 ACTUAL_TF
7.2098 0.0241131 -1.6788027 0.6784087 -0.42218424 0.68493284 -0.50852275 -0.30664650 0.006743 1789460512.093063593 38.186 115.514 0.102 0.00000 -1 ACTUAL_TF
7.2631 0.0241038 -1.6783864 0.6784308 -0.42218204 0.68492222 -0.50853344 -0.30665554 0.006955 1789460512.149028778 38.602 115.098 0.121 0.00000 -1 ACTUAL_TF
7.3192 0.0241245 -1.6779726 0.6784416 -0.42217962 0.68492155 -0.50854050 -0.30664865 0.007085 1789460512.205122232 39.016 114.684 0.136 0.00000 -1 ACTUAL_TF
7.3698 0.0240965 -1.6776051 0.6784397 -0.42218365 0.68492747 -0.50852860 -0.30664962 0.006933 1789460512.261166573 39.384 114.316 0.125 0.00000 -1 ACTUAL_TF
7.4289 0.0240961 -1.6772103 0.6784767 -0.42216144 0.68491626 -0.50855556 -0.30666052 0.006974 1789460512.317255974 39.779 113.921 0.160 0.00000 -1 ACTUAL_TF
7.4929 0.0241031 -1.6768424 0.6784761 -0.42217208 0.68491702 -0.50855001 -0.30665337 0.006853 1789460512.373251677 40.146 113.554 0.161 0.00000 -1 ACTUAL_TF
7.5463 0.0241117 -1.6764158 0.6784855 -0.42217628 0.68491438 -0.50855195 -0.30665027 0.007094 1789460512.428992271 40.573 113.127 0.172 0.00000 -1 ACTUAL_TF
7.5977 0.0241171 -1.6760846 0.6784973 -0.42217137 0.68491355 -0.50855760 -0.30664951 0.006741 1789460512.485014677 40.904 112.796 0.185 0.00000 -1 ACTUAL_TF
7.6554 0.0241244 -1.6756427 0.6784939 -0.42217507 0.68492290 -0.50855023 -0.30663577 0.007073 1789460512.541334629 41.346 112.354 0.186 0.00000 -1 ACTUAL_TF
7.7097 0.0241146 -1.6752905 0.6785012 -0.42217322 0.68492480 -0.50854883 -0.30663638 0.006848 1789460512.597067833 41.698 112.002 0.188 0.00000 -1 ACTUAL_TF
7.7711 0.0241175 -1.6748610 0.6785084 -0.42217634 0.68492537 -0.50855023 -0.30662850 0.007095 1789460512.653058529 42.127 111.572 0.197 0.00000 -1 ACTUAL_TF
7.8222 0.0241037 -1.6744542 0.6785289 -0.42215142 0.68493147 -0.50856248 -0.30662887 0.007151 1789460512.709020138 42.535 111.165 0.209 0.00000 -1 ACTUAL_TF
7.8889 0.0240991 -1.6740705 0.6785181 -0.42216414 0.68494104 -0.50854532 -0.30661843 0.007059 1789460512.765115023 42.918 110.782 0.198 0.00000 -1 ACTUAL_TF
7.9497 0.0241095 -1.6736694 0.6785351 -0.42215856 0.68493834 -0.50855508 -0.30661598 0.007093 1789460512.821110487 43.319 110.381 0.219 0.00000 -1 ACTUAL_TF
7.9934 0.0241244 -1.6733207 0.6785660 -0.42215137 0.68492344 -0.50857874 -0.30661991 0.006843 1789460512.877087355 43.668 110.032 0.254 0.00000 -1 ACTUAL_TF
8.0513 0.0241268 -1.6729202 0.6785960 -0.42213703 0.68491514 -0.50859968 -0.30662346 0.006940 1789460512.933137894 44.068 109.631 0.282 0.00000 -1 ACTUAL_TF
8.1065 0.0241086 -1.6725471 0.6785965 -0.42214570 0.68491792 -0.50858935 -0.30662245 0.006859 1789460512.989130020 44.442 109.258 0.274 0.00000 -1 ACTUAL_TF
8.1607 0.0241022 -1.6721539 0.6786358 -0.42212336 0.68490378 -0.50861892 -0.30663574 0.006919 1789460513.045110226 44.835 108.865 0.308 0.00000 -1 ACTUAL_TF
8.2119 0.0240943 -1.6717929 0.6786434 -0.42213091 0.68490091 -0.50861461 -0.30663890 0.006772 1789460513.101291180 45.196 108.504 0.312 0.00000 -1 ACTUAL_TF
8.2690 0.0240708 -1.6713773 0.6786504 -0.42212421 0.68490612 -0.50861150 -0.30664165 0.006982 1789460513.157019138 45.612 108.088 0.310 0.00000 -1 ACTUAL_TF
8.3286 0.0240444 -1.6709574 0.6786530 -0.42212517 0.68490784 -0.50860277 -0.30665097 0.007138 1789460513.213099957 46.033 107.667 0.304 0.00000 -1 ACTUAL_TF
8.3791 0.0240599 -1.6706102 0.6786507 -0.42212393 0.68491622 -0.50860208 -0.30663511 0.006857 1789460513.269149542 46.380 107.320 0.306 0.00000 -1 ACTUAL_TF
8.4383 0.0240316 -1.6701986 0.6786626 -0.42211953 0.68491606 -0.50860113 -0.30664309 0.007012 1789460513.325123072 46.792 106.908 0.308 0.00000 -1 ACTUAL_TF
8.4949 0.0240175 -1.6698237 0.6786596 -0.42211934 0.68492266 -0.50859376 -0.30664083 0.006922 1789460513.381022453 47.167 106.533 0.301 0.00000 -1 ACTUAL_TF
8.5560 0.0240095 -1.6693970 0.6786618 -0.42211636 0.68492521 -0.50859467 -0.30663774 0.007116 1789460513.437394619 47.593 106.107 0.300 0.00000 -1 ACTUAL_TF
8.6044 0.0240129 -1.6690166 0.6786466 -0.42212861 0.68493219 -0.50858143 -0.30662724 0.007035 1789460513.493028402 47.974 105.726 0.286 0.00000 -1 ACTUAL_TF
8.6630 0.0240067 -1.6685840 0.6786449 -0.42213634 0.68492644 -0.50857872 -0.30663394 0.007241 1789460513.549064159 48.406 105.294 0.282 0.00000 -1 ACTUAL_TF
8.7176 0.0239959 -1.6681529 0.6786337 -0.42214188 0.68493030 -0.50856835 -0.30663488 0.007374 1789460513.605194569 48.837 104.863 0.267 0.00000 -1 ACTUAL_TF
8.7716 0.0239785 -1.6678126 0.6786435 -0.42213892 0.68492191 -0.50857738 -0.30664272 0.006991 1789460513.661104679 49.178 104.522 0.271 0.00000 -1 ACTUAL_TF
8.8358 0.0239793 -1.6673558 0.6786393 -0.42214945 0.68491772 -0.50857488 -0.30664172 0.007326 1789460513.717431545 49.635 104.065 0.266 0.00000 -1 ACTUAL_TF
8.8960 0.0239704 -1.6670309 0.6786606 -0.42213710 0.68490480 -0.50859437 -0.30665526 0.006886 1789460513.773030281 49.960 103.740 0.284 0.00000 -1 ACTUAL_TF
8.9476 0.0239666 -1.6666038 0.6786768 -0.42213426 0.68489078 -0.50861042 -0.30666386 0.007112 1789460513.828991890 50.387 103.313 0.298 0.00000 -1 ACTUAL_TF
8.9969 0.0239718 -1.6662413 0.6786806 -0.42213959 0.68488339 -0.50861414 -0.30666686 0.006919 1789460513.885035992 50.749 102.951 0.302 0.00000 -1 ACTUAL_TF
9.0564 0.0239673 -1.6657849 0.6786456 -0.42215704 0.68490202 -0.50858400 -0.30665122 0.007288 1789460513.941197395 51.205 102.494 0.267 0.00000 -1 ACTUAL_TF
9.1188 0.0239878 -1.6654482 0.6786444 -0.42215772 0.68490118 -0.50858909 -0.30664372 0.006902 1789460513.997400761 51.542 102.158 0.273 0.00000 -1 ACTUAL_TF
9.1683 0.0239545 -1.6649722 0.6786087 -0.42217471 0.68491642 -0.50855753 -0.30663862 0.007411 1789460514.053043604 52.018 101.682 0.227 0.00000 -1 ACTUAL_TF
9.2223 0.0239463 -1.6645387 0.6785950 -0.42217888 0.68492207 -0.50854939 -0.30663377 0.007509 1789460514.109111547 52.452 101.248 0.211 0.00000 -1 ACTUAL_TF
9.2876 0.0239305 -1.6641995 0.6785996 -0.42217151 0.68492178 -0.50855288 -0.30663878 0.007075 1789460514.165138483 52.791 100.909 0.210 0.00000 -1 ACTUAL_TF
9.3346 0.0239362 -1.6637579 0.6785898 -0.42218013 0.68492456 -0.50854623 -0.30663173 0.007323 1789460514.221051455 53.232 100.468 0.203 0.00000 -1 ACTUAL_TF
9.3924 0.0239088 -1.6633976 0.6785808 -0.42217692 0.68493715 -0.50853281 -0.30663027 0.007065 1789460514.276969433 53.593 100.107 0.184 0.00000 -1 ACTUAL_TF
9.4512 0.0239089 -1.6629777 0.6785888 -0.42217733 0.68493204 -0.50853943 -0.30663015 0.007192 1789460514.333052397 54.013 99.687 0.191 0.00000 -1 ACTUAL_TF
9.5063 0.0239096 -1.6625946 0.6785878 -0.42217455 0.68493559 -0.50854015 -0.30662488 0.007085 1789460514.389099360 54.396 99.304 0.191 0.00000 -1 ACTUAL_TF
9.5557 0.0239088 -1.6621725 0.6785886 -0.42216194 0.68493963 -0.50854820 -0.30661984 0.007223 1789460514.445049286 54.818 98.882 0.191 0.00000 -1 ACTUAL_TF
9.6178 0.0239036 -1.6618359 0.6786004 -0.42214466 0.68493994 -0.50856174 -0.30662048 0.006862 1789460514.500985384 55.155 98.545 0.200 0.00000 -1 ACTUAL_TF
9.6693 0.0238988 -1.6614051 0.6785992 -0.42214122 0.68493522 -0.50856985 -0.30662231 0.007110 1789460514.557031155 55.585 98.114 0.198 0.00000 -1 ACTUAL_TF
9.7296 0.0238855 -1.6609793 0.6785963 -0.42213642 0.68493556 -0.50857325 -0.30662253 0.007260 1789460514.613023043 56.011 97.688 0.190 0.00000 -1 ACTUAL_TF
9.7858 0.0238414 -1.6606061 0.6785727 -0.42214093 0.68494663 -0.50855091 -0.30662864 0.007095 1789460514.669118166 56.385 97.315 0.152 0.00000 -1 ACTUAL_TF
9.8425 0.0238247 -1.6601896 0.6785727 -0.42213256 0.68494937 -0.50855261 -0.30663122 0.007201 1789460514.725099087 56.802 96.898 0.147 0.00000 -1 ACTUAL_TF
9.8931 0.0238147 -1.6597990 0.6785484 -0.42214950 0.68495939 -0.50853101 -0.30662136 0.007140 1789460514.781041861 57.192 96.508 0.120 0.00000 -1 ACTUAL_TF
9.9566 0.0238040 -1.6593858 0.6785563 -0.42215075 0.68495226 -0.50853399 -0.30663058 0.007211 1789460514.837092400 57.606 96.094 0.125 0.00000 -1 ACTUAL_TF
10.0069 0.0237950 -1.6590471 0.6785616 -0.42213967 0.68495263 -0.50854072 -0.30663386 0.006863 1789460514.893085003 57.945 95.755 0.127 0.00000 -1 ACTUAL_TF
10.0701 0.0238021 -1.6586072 0.6785479 -0.42215254 0.68495251 -0.50853352 -0.30662836 0.007159 1789460514.949162006 58.384 95.316 0.114 0.00000 -1 ACTUAL_TF
10.1207 0.0238198 -1.6581761 0.6785337 -0.42215810 0.68495718 -0.50853115 -0.30661421 0.007322 1789460515.005200148 58.815 94.885 0.108 0.00000 -1 ACTUAL_TF
10.1702 0.0238095 -1.6577950 0.6785143 -0.42217533 0.68496313 -0.50851158 -0.30660964 0.007171 1789460515.061184406 59.196 94.504 0.087 0.00000 -1 ACTUAL_TF
10.2291 0.0238123 -1.6573844 0.6785371 -0.42216737 0.68494678 -0.50853277 -0.30662200 0.007231 1789460515.116987467 59.607 94.093 0.109 0.00000 -1 ACTUAL_TF
10.2877 0.0238023 -1.6569984 0.6785216 -0.42218315 0.68495064 -0.50851616 -0.30661917 0.007127 1789460515.173129082 59.993 93.707 0.092 0.00000 -1 ACTUAL_TF
10.3459 0.0237933 -1.6565757 0.6785396 -0.42217609 0.68493871 -0.50853021 -0.30663226 0.007260 1789460515.229029655 60.415 93.284 0.104 0.00000 -1 ACTUAL_TF
10.4014 0.0238079 -1.6562393 0.6785455 -0.42217600 0.68493238 -0.50854041 -0.30662960 0.006882 1789460515.285145998 60.752 92.948 0.118 0.00000 -1 ACTUAL_TF
10.4589 0.0237951 -1.6558143 0.6785514 -0.42217401 0.68493078 -0.50854290 -0.30663177 0.007088 1789460515.341327906 61.177 92.523 0.117 0.00000 -1 ACTUAL_TF
10.5134 0.0237759 -1.6554497 0.6785384 -0.42218214 0.68493447 -0.50853062 -0.30663270 0.006926 1789460515.397116184 61.542 92.158 0.097 0.00000 -1 ACTUAL_TF
10.5697 0.0237762 -1.6550147 0.6785359 -0.42217906 0.68493861 -0.50853053 -0.30662785 0.007185 1789460515.452980995 61.977 91.723 0.097 0.00000 -1 ACTUAL_TF
10.6227 0.0237681 -1.6545806 0.6785273 -0.42218310 0.68494372 -0.50852194 -0.30662511 0.007351 1789460515.509093046 62.411 91.289 0.087 0.00000 -1 ACTUAL_TF
10.6805 0.0237558 -1.6542125 0.6785276 -0.42218219 0.68494473 -0.50852001 -0.30662733 0.007117 1789460515.565157652 62.779 90.921 0.081 0.00000 -1 ACTUAL_TF
10.7364 0.0237455 -1.6537804 0.6785226 -0.42219235 0.68494064 -0.50851427 -0.30663199 0.007300 1789460515.621091843 63.211 90.489 0.073 0.00000 -1 ACTUAL_TF
10.7931 0.0237511 -1.6534471 0.6785216 -0.42219013 0.68493962 -0.50851895 -0.30662955 0.006898 1789460515.677017450 63.544 90.156 0.079 0.00000 -1 ACTUAL_TF
10.8508 0.0237288 -1.6530286 0.6785208 -0.42218934 0.68494124 -0.50851446 -0.30663449 0.007073 1789460515.733029604 63.963 89.737 0.065 0.00000 -1 ACTUAL_TF
10.8978 0.0237160 -1.6526503 0.6785114 -0.42219302 0.68494853 -0.50850427 -0.30663002 0.006981 1789460515.788998842 64.341 89.359 0.052 0.00000 -1 ACTUAL_TF
10.9578 0.0237193 -1.6522348 0.6785230 -0.42218287 0.68494530 -0.50851743 -0.30662939 0.007108 1789460515.845137835 64.757 88.943 0.065 0.00000 -1 ACTUAL_TF
11.0186 0.0237145 -1.6518681 0.6785240 -0.42218441 0.68494472 -0.50851578 -0.30663131 0.006941 1789460515.901132107 65.124 88.576 0.065 0.00000 -1 ACTUAL_TF
11.0686 0.0236995 -1.6514444 0.6785195 -0.42218577 0.68494892 -0.50850849 -0.30663214 0.007131 1789460515.957103491 65.547 88.153 0.054 0.00000 -1 ACTUAL_TF
11.1261 0.0236905 -1.6510233 0.6785293 -0.42217746 0.68494693 -0.50851741 -0.30663322 0.007253 1789460516.013010502 65.969 87.731 0.057 0.00000 -1 ACTUAL_TF
11.1855 0.0236817 -1.6506836 0.6785398 -0.42216729 0.68494221 -0.50853085 -0.30663548 0.006893 1789460516.069160223 66.308 87.391 0.062 0.00000 -1 ACTUAL_TF
11.2469 0.0236718 -1.6502395 0.6785379 -0.42216354 0.68494597 -0.50853137 -0.30663138 0.007208 1789460516.125081778 66.753 86.947 0.056 0.00000 -1 ACTUAL_TF
11.3005 0.0236407 -1.6498829 0.6785331 -0.42215253 0.68495865 -0.50852427 -0.30663001 0.006965 1789460516.181048155 67.110 86.590 0.040 0.00000 -1 ACTUAL_TF
11.3526 0.0236341 -1.6494271 0.6785164 -0.42216257 0.68496725 -0.50851032 -0.30662010 0.007316 1789460516.237118959 67.565 86.134 0.021 0.00000 -1 ACTUAL_TF
11.4084 0.0236194 -1.6490868 0.6785230 -0.42215618 0.68496674 -0.50851118 -0.30662862 0.006948 1789460516.293057919 67.906 85.794 0.024 0.00000 -1 ACTUAL_TF
11.4573 0.0236198 -1.6486534 0.6785157 -0.42216244 0.68497160 -0.50850326 -0.30662229 0.007188 1789460516.349000931 68.339 85.361 0.015 0.00000 -1 ACTUAL_TF
11.5194 0.0236233 -1.6483329 0.6785283 -0.42215395 0.68496650 -0.50851631 -0.30662372 0.006747 1789460516.405112267 68.660 85.040 0.028 0.00000 -1 ACTUAL_TF
11.5834 0.0236326 -1.6478676 0.6785193 -0.42217279 0.68496666 -0.50850645 -0.30661375 0.007218 1789460516.461075068 69.125 84.575 0.032 0.00000 -1 ACTUAL_TF
11.6299 0.0236468 -1.6474407 0.6785262 -0.42217337 0.68496027 -0.50851652 -0.30661055 0.007342 1789460516.517060995 69.551 84.149 0.053 0.00000 -1 ACTUAL_TF
11.6917 0.0236548 -1.6470816 0.6785382 -0.42217022 0.68495454 -0.50852716 -0.30661004 0.007065 1789460516.573040724 69.910 83.790 0.069 0.00000 -1 ACTUAL_TF
11.7463 0.0236543 -1.6466901 0.6785552 -0.42216195 0.68494652 -0.50854088 -0.30661657 0.007043 1789460516.629088640 70.302 83.398 0.081 0.00000 -1 ACTUAL_TF
11.7977 0.0236242 -1.6463401 0.6785594 -0.42216308 0.68494223 -0.50853731 -0.30663054 0.006814 1789460516.685039997 70.652 83.048 0.062 0.00000 -1 ACTUAL_TF
11.8572 0.0236070 -1.6459013 0.6785512 -0.42217421 0.68494631 -0.50852179 -0.30663182 0.007123 1789460516.741024017 71.091 82.609 0.047 0.00000 -1 ACTUAL_TF
11.9103 0.0235966 -1.6455432 0.6785591 -0.42218003 0.68493634 -0.50852628 -0.30663863 0.006903 1789460516.797107220 71.450 82.250 0.048 0.00000 -1 ACTUAL_TF
11.9665 0.0236000 -1.6451216 0.6785653 -0.42218331 0.68493240 -0.50852994 -0.30663686 0.007082 1789460516.853339672 71.871 81.829 0.057 0.00000 -1 ACTUAL_TF
12.0322 0.0235892 -1.6446821 0.6785595 -0.42218150 0.68494019 -0.50852224 -0.30663473 0.007324 1789460516.909069538 72.311 81.389 0.048 0.00000 -1 ACTUAL_TF
12.0776 0.0236089 -1.6443393 0.6785529 -0.42219356 0.68494065 -0.50851728 -0.30662531 0.006963 1789460516.965183973 72.653 81.047 0.065 0.00000 -1 ACTUAL_TF
12.1372 0.0235773 -1.6438959 0.6785387 -0.42219547 0.68495406 -0.50849907 -0.30662292 0.007258 1789460517.021162033 73.097 80.603 0.037 0.00000 -1 ACTUAL_TF
12.1862 0.0235545 -1.6435371 0.6785383 -0.42219775 0.68495678 -0.50849000 -0.30662875 0.007010 1789460517.077044964 73.456 80.244 0.019 0.00000 -1 ACTUAL_TF
12.2460 0.0235504 -1.6431208 0.6785452 -0.42219726 0.68495247 -0.50849621 -0.30662875 0.007137 1789460517.133056879 73.872 79.828 0.023 0.00000 -1 ACTUAL_TF
12.3066 0.0235327 -1.6427452 0.6785420 -0.42219994 0.68495842 -0.50848705 -0.30662695 0.007010 1789460517.189088583 74.248 79.452 0.010 0.00000 -1 ACTUAL_TF
12.3542 0.0235166 -1.6423321 0.6785525 -0.42218725 0.68495874 -0.50849306 -0.30663375 0.007125 1789460517.245019436 74.661 79.038 0.011 0.00000 -1 ACTUAL_TF
12.4207 0.0235167 -1.6419570 0.6785411 -0.42220654 0.68495878 -0.50848028 -0.30662828 0.006997 1789460517.301034451 75.036 78.664 0.006 0.00000 -1 ACTUAL_TF
12.4711 0.0235375 -1.6415733 0.6785723 -0.42219148 0.68494420 -0.50851080 -0.30663099 0.006961 1789460517.357092381 75.420 78.280 0.041 0.00000 -1 ACTUAL_TF
12.5319 0.0235309 -1.6411586 0.6785832 -0.42218968 0.68494051 -0.50851434 -0.30663582 0.007094 1789460517.413126707 75.835 77.865 0.047 0.00000 -1 ACTUAL_TF
12.5831 0.0235091 -1.6407867 0.6785743 -0.42219009 0.68494792 -0.50850632 -0.30663202 0.006962 1789460517.469130278 76.207 77.493 0.028 0.00000 -1 ACTUAL_TF
12.6427 0.0235161 -1.6403938 0.6786106 -0.42216898 0.68493375 -0.50853692 -0.30664199 0.006989 1789460517.525095463 76.600 77.100 0.064 0.00000 -1 ACTUAL_TF
12.6930 0.0234937 -1.6400174 0.6786027 -0.42217040 0.68493746 -0.50852944 -0.30664414 0.006915 1789460517.581042290 76.976 76.723 0.048 0.00000 -1 ACTUAL_TF
12.7520 0.0234801 -1.6395945 0.6785996 -0.42216726 0.68494502 -0.50852402 -0.30664057 0.007108 1789460517.637020111 77.399 76.300 0.041 0.00000 -1 ACTUAL_TF
12.8108 0.0234894 -1.6392493 0.6785879 -0.42217193 0.68495088 -0.50851920 -0.30662907 0.006824 1789460517.693094254 77.744 75.955 0.034 0.00000 -1 ACTUAL_TF
12.8639 0.0234834 -1.6388054 0.6785789 -0.42218225 0.68495631 -0.50850685 -0.30662319 0.007152 1789460517.749184608 78.188 75.512 0.026 0.00000 -1 ACTUAL_TF
12.9219 0.0234618 -1.6384409 0.6785717 -0.42219142 0.68495985 -0.50849407 -0.30662386 0.006960 1789460517.805263519 78.553 75.147 0.008 0.00000 -1 ACTUAL_TF
12.9818 0.0234506 -1.6380309 0.6785858 -0.42217807 0.68495897 -0.50850166 -0.30663161 0.007078 1789460517.861074209 78.963 74.737 0.017 0.00000 -1 ACTUAL_TF
13.0327 0.0234470 -1.6375592 0.6785709 -0.42220048 0.68495854 -0.50848644 -0.30662695 0.007482 1789460517.917096376 79.435 74.265 0.005 0.00000 -1 ACTUAL_TF
13.0995 0.0234566 -1.6372258 0.6785780 -0.42219809 0.68495544 -0.50849334 -0.30662575 0.007023 1789460517.973130226 79.768 73.932 0.020 0.00000 -1 ACTUAL_TF
13.1421 0.0234452 -1.6367996 0.6785783 -0.42220211 0.68495419 -0.50849041 -0.30662786 0.007192 1789460518.029335499 80.194 73.505 0.015 0.00000 -1 ACTUAL_TF
13.1935 0.0234643 -1.6364601 0.6785847 -0.42219739 0.68495098 -0.50850291 -0.30662080 0.006865 1789460518.085074425 80.534 73.166 0.039 0.00000 -1 ACTUAL_TF
13.2521 0.0234464 -1.6360492 0.6785937 -0.42218695 0.68495089 -0.50850951 -0.30662442 0.007012 1789460518.141018867 80.945 72.755 0.030 0.00000 -1 ACTUAL_TF
13.3101 0.0234379 -1.6356444 0.6785886 -0.42219557 0.68495316 -0.50850046 -0.30662249 0.007076 1789460518.197044849 81.350 72.350 0.026 0.00000 -1 ACTUAL_TF
13.3695 0.0234327 -1.6352481 0.6786187 -0.42218550 0.68493708 -0.50852227 -0.30663611 0.007082 1789460518.253044605 81.746 71.954 0.041 0.00000 -1 ACTUAL_TF
13.4282 0.0234194 -1.6349227 0.6786411 -0.42217252 0.68492822 -0.50853783 -0.30664796 0.006707 1789460518.309037447 82.072 71.628 0.055 0.00000 -1 ACTUAL_TF
13.4757 0.0234198 -1.6345047 0.6786430 -0.42218030 0.68492352 -0.50853686 -0.30664935 0.006925 1789460518.365251541 82.490 71.210 0.057 0.00000 -1 ACTUAL_TF
13.5350 0.0234124 -1.6340733 0.6786323 -0.42218628 0.68493168 -0.50852593 -0.30664100 0.007166 1789460518.421113014 82.921 70.779 0.045 0.00000 -1 ACTUAL_TF
13.5947 0.0234127 -1.6337210 0.6786252 -0.42218891 0.68493961 -0.50851875 -0.30663159 0.006906 1789460518.477051735 83.273 70.427 0.042 0.00000 -1 ACTUAL_TF
13.6509 0.0233906 -1.6332672 0.6786066 -0.42219873 0.68495110 -0.50849704 -0.30662842 0.007249 1789460518.533546925 83.727 69.973 0.017 0.00000 -1 ACTUAL_TF
13.6997 0.0233773 -1.6328914 0.6785999 -0.42220075 0.68495826 -0.50848788 -0.30662483 0.007108 1789460518.589011669 84.103 69.597 0.008 0.00000 -1 ACTUAL_TF
13.7611 0.0233582 -1.6324576 0.6785892 -0.42220311 0.68496690 -0.50847610 -0.30662182 0.007298 1789460518.645112038 84.537 69.163 0.016 0.00000 -1 ACTUAL_TF
13.8213 0.0233417 -1.6321332 0.6785998 -0.42220227 0.68495856 -0.50847885 -0.30663705 0.006852 1789460518.701055288 84.862 68.838 0.017 0.00000 -1 ACTUAL_TF
13.8703 0.0233462 -1.6316933 0.6785877 -0.42220850 0.68496883 -0.50846791 -0.30662367 0.007152 1789460518.757102728 85.302 68.398 0.022 0.00000 -1 ACTUAL_TF
13.9274 0.0233547 -1.6312603 0.6785817 -0.42222116 0.68496461 -0.50846756 -0.30661624 0.007328 1789460518.813056946 85.734 67.966 0.032 0.00000 -1 ACTUAL_TF
13.9826 0.0233544 -1.6308983 0.6785950 -0.42221823 0.68495761 -0.50847700 -0.30662025 0.007067 1789460518.869153500 86.096 67.604 0.025 0.00000 -1 ACTUAL_TF
14.0502 0.0233501 -1.6304774 0.6786049 -0.42220117 0.68495804 -0.50848936 -0.30662228 0.007205 1789460518.925096750 86.517 67.182 0.022 0.00000 -1 ACTUAL_TF
14.0982 0.0233464 -1.6301242 0.6786081 -0.42220434 0.68495300 -0.50849293 -0.30662326 0.006934 1789460518.981150627 86.871 66.829 0.023 0.00000 -1 ACTUAL_TF
14.1489 0.0233424 -1.6297320 0.6786260 -0.42219141 0.68494803 -0.50850788 -0.30662737 0.006960 1789460519.037067652 87.263 66.437 0.022 0.00000 -1 ACTUAL_TF
14.2071 0.0233045 -1.6293794 0.6786305 -0.42218016 0.68495145 -0.50850645 -0.30663761 0.006771 1789460519.093110561 87.616 66.084 0.012 0.00000 -1 ACTUAL_TF
14.2678 0.0232968 -1.6289418 0.6786107 -0.42218476 0.68496243 -0.50849306 -0.30662893 0.007088 1789460519.149080515 88.054 65.646 0.020 0.00000 -1 ACTUAL_TF
14.3150 0.0232874 -1.6286006 0.6786133 -0.42217746 0.68496686 -0.50849476 -0.30662628 0.006792 1789460519.205017805 88.395 65.305 0.022 0.00000 -1 ACTUAL_TF
14.3727 0.0232851 -1.6281638 0.6786177 -0.42217428 0.68496770 -0.50849680 -0.30662540 0.007097 1789460519.260953188 88.832 64.868 0.018 0.00000 -1 ACTUAL_TF
14.4317 0.0232828 -1.6277377 0.6786162 -0.42218044 0.68496726 -0.50849284 -0.30662447 0.007243 1789460519.317140818 89.258 64.442 0.019 0.00000 -1 ACTUAL_TF
14.4897 0.0233079 -1.6273871 0.6786097 -0.42219979 0.68496061 -0.50848883 -0.30661934 0.006943 1789460519.373436451 89.608 64.092 0.036 0.00000 -1 ACTUAL_TF
14.5497 0.0233065 -1.6269599 0.6786024 -0.42220449 0.68496370 -0.50848329 -0.30661512 0.007165 1789460519.429058313 90.035 63.665 0.047 0.00000 -1 ACTUAL_TF
14.5954 0.0232692 -1.6265812 0.6785868 -0.42221207 0.68497487 -0.50846087 -0.30661693 0.007055 1789460519.485084295 90.414 63.286 0.055 0.00000 -1 ACTUAL_TF
14.6576 0.0232661 -1.6261585 0.6785892 -0.42221620 0.68497035 -0.50846431 -0.30661565 0.007203 1789460519.541083097 90.837 62.863 0.055 0.00000 -1 ACTUAL_TF
14.7123 0.0232539 -1.6258026 0.6786095 -0.42219947 0.68496746 -0.50847790 -0.30662258 0.006952 1789460519.597106218 91.193 62.507 0.038 0.00000 -1 ACTUAL_TF
14.7690 0.0232383 -1.6253851 0.6786167 -0.42219261 0.68496830 -0.50848051 -0.30662582 0.007101 1789460519.653197527 91.611 62.089 0.036 0.00000 -1 ACTUAL_TF
14.8223 0.0232278 -1.6250267 0.6786181 -0.42220106 0.68496354 -0.50847770 -0.30662950 0.006894 1789460519.709135294 91.969 61.731 0.039 0.00000 -1 ACTUAL_TF
14.8877 0.0232435 -1.6246354 0.6786414 -0.42219956 0.68494592 -0.50849935 -0.30663501 0.006927 1789460519.765153885 92.360 61.339 0.013 0.00000 -1 ACTUAL_TF
14.9438 0.0232415 -1.6242289 0.6786539 -0.42219863 0.68493815 -0.50850737 -0.30664036 0.007028 1789460519.821129322 92.767 60.933 0.007 0.00000 -1 ACTUAL_TF
14.9962 0.0232219 -1.6238595 0.6786461 -0.42220545 0.68494341 -0.50849666 -0.30663696 0.006903 1789460519.877096176 93.137 60.563 0.015 0.00000 -1 ACTUAL_TF
15.0477 0.0232165 -1.6233994 0.6786351 -0.42220806 0.68495433 -0.50848458 -0.30662900 0.007297 1789460519.933119535 93.597 60.103 0.027 0.00000 -1 ACTUAL_TF
15.1037 0.0232177 -1.6230759 0.6786442 -0.42219218 0.68495889 -0.50849258 -0.30662742 0.006842 1789460519.989096880 93.920 59.780 0.020 0.00000 -1 ACTUAL_TF
15.1576 0.0232176 -1.6226597 0.6786492 -0.42218672 0.68495877 -0.50849845 -0.30662547 0.007019 1789460520.045114279 94.336 59.364 0.019 0.00000 -1 ACTUAL_TF
15.2143 0.0232275 -1.6223151 0.6786464 -0.42219171 0.68495941 -0.50849761 -0.30661856 0.006762 1789460520.101050377 94.681 59.019 0.032 0.00000 -1 ACTUAL_TF
15.2718 0.0232451 -1.6219021 0.6786620 -0.42219439 0.68495048 -0.50850793 -0.30661771 0.006949 1789460520.157061577 95.093 58.606 0.048 0.00000 -1 ACTUAL_TF
15.3369 0.0232275 -1.6214680 0.6786523 -0.42220261 0.68495611 -0.50849446 -0.30661615 0.007190 1789460520.213114977 95.528 58.172 0.042 0.00000 -1 ACTUAL_TF
15.3898 0.0232177 -1.6210712 0.6786442 -0.42221322 0.68495916 -0.50848341 -0.30661307 0.007159 1789460520.269145250 95.925 57.775 0.046 0.00000 -1 ACTUAL_TF
15.4453 0.0232081 -1.6206556 0.6786537 -0.42221247 0.68495324 -0.50848835 -0.30661911 0.007240 1789460520.325114250 96.340 57.360 0.039 0.00000 -1 ACTUAL_TF
15.4947 0.0231869 -1.6203311 0.6786712 -0.42219448 0.68495330 -0.50849704 -0.30662935 0.006812 1789460520.381129265 96.665 57.035 0.017 0.00000 -1 ACTUAL_TF
15.5542 0.0231715 -1.6199154 0.6786748 -0.42219761 0.68494759 -0.50849700 -0.30663787 0.007001 1789460520.437022209 97.081 56.619 0.010 0.00000 -1 ACTUAL_TF
15.6041 0.0231799 -1.6195776 0.6786871 -0.42219177 0.68494266 -0.50850978 -0.30663572 0.006712 1789460520.493022442 97.419 56.281 0.018 0.00000 -1 ACTUAL_TF
15.6604 0.0231559 -1.6191266 0.6786832 -0.42219374 0.68494706 -0.50850272 -0.30663488 0.007118 1789460520.549027443 97.870 55.830 0.006 0.00000 -1 ACTUAL_TF
15.7210 0.0231579 -1.6187761 0.6786976 -0.42218981 0.68494034 -0.50851370 -0.30663710 0.006860 1789460520.605071306 98.221 55.479 0.010 0.00000 -1 ACTUAL_TF
15.7835 0.0231415 -1.6183454 0.6786891 -0.42218664 0.68495290 -0.50850326 -0.30663071 0.007110 1789460520.661123753 98.651 55.048 0.005 0.00000 -1 ACTUAL_TF
15.8330 0.0231501 -1.6179267 0.6786807 -0.42218536 0.68496064 -0.50850010 -0.30662044 0.007224 1789460520.717055798 99.070 54.630 0.021 0.00000 -1 ACTUAL_TF
15.8864 0.0231413 -1.6175944 0.6786937 -0.42218101 0.68495457 -0.50850560 -0.30663086 0.006838 1789460520.773080349 99.402 54.298 0.011 0.00000 -1 ACTUAL_TF
15.9469 0.0231325 -1.6171680 0.6786947 -0.42218496 0.68495478 -0.50850210 -0.30663078 0.007074 1789460520.829022408 99.829 53.871 0.010 0.00000 -1 ACTUAL_TF
15.9956 0.0231264 -1.6168424 0.6787006 -0.42217897 0.68495549 -0.50850515 -0.30663237 0.006693 1789460520.885118484 100.155 53.545 0.008 0.00000 -1 ACTUAL_TF
16.0627 0.0231201 -1.6163947 0.6787004 -0.42218475 0.68495485 -0.50850112 -0.30663252 0.007084 1789460520.941110134 100.602 53.098 0.010 0.00000 -1 ACTUAL_TF
16.1066 0.0231116 -1.6160211 0.6786900 -0.42219757 0.68495854 -0.50848849 -0.30662758 0.006966 1789460520.996997118 100.976 52.724 0.019 0.00000 -1 ACTUAL_TF
16.1659 0.0231025 -1.6156185 0.6787103 -0.42218705 0.68495057 -0.50850243 -0.30663674 0.007034 1789460521.053050756 101.379 52.321 0.002 0.00000 -1 ACTUAL_TF
16.2232 0.0231022 -1.6152885 0.6787284 -0.42217928 0.68494535 -0.50851298 -0.30664159 0.006692 1789460521.109115362 101.709 51.991 0.017 0.00000 -1 ACTUAL_TF
16.2834 0.0231112 -1.6148776 0.6787382 -0.42218126 0.68493904 -0.50851951 -0.30664215 0.006884 1789460521.165180683 102.120 51.580 0.031 0.00000 -1 ACTUAL_TF
16.3337 0.0231144 -1.6144379 0.6787379 -0.42219323 0.68493210 -0.50851868 -0.30664254 0.007180 1789460521.221043348 102.559 51.141 0.038 0.00000 -1 ACTUAL_TF
16.3903 0.0230986 -1.6140894 0.6787516 -0.42219021 0.68492448 -0.50852598 -0.30665162 0.006897 1789460521.277048111 102.908 50.792 0.038 0.00000 -1 ACTUAL_TF
16.4474 0.0230945 -1.6136737 0.6787565 -0.42219246 0.68492303 -0.50852471 -0.30665386 0.007056 1789460521.333014011 103.324 50.376 0.041 0.00000 -1 ACTUAL_TF
16.5133 0.0230810 -1.6132846 0.6787349 -0.42221506 0.68493212 -0.50849794 -0.30664682 0.007026 1789460521.389065981 103.713 49.987 0.019 0.00000 -1 ACTUAL_TF
16.5626 0.0230826 -1.6128894 0.6787297 -0.42220845 0.68493542 -0.50850076 -0.30664389 0.007037 1789460521.445033312 104.108 49.592 0.025 0.00000 -1 ACTUAL_TF
16.6128 0.0230705 -1.6125256 0.6787278 -0.42221005 0.68494203 -0.50849302 -0.30663977 0.006877 1789460521.500996828 104.472 49.228 0.019 0.00000 -1 ACTUAL_TF
16.6697 0.0230817 -1.6120941 0.6787303 -0.42221542 0.68494218 -0.50849315 -0.30663180 0.007126 1789460521.557013035 104.903 48.797 0.036 0.00000 -1 ACTUAL_TF
16.7270 0.0230679 -1.6117291 0.6787211 -0.42221798 0.68494948 -0.50848511 -0.30662531 0.006945 1789460521.613006115 105.268 48.432 0.032 0.00000 -1 ACTUAL_TF
16.7841 0.0230617 -1.6113252 0.6787373 -0.42220857 0.68494586 -0.50849465 -0.30663054 0.007028 1789460521.669001102 105.672 48.028 0.028 0.00000 -1 ACTUAL_TF
16.8395 0.0230474 -1.6108979 0.6787296 -0.42220928 0.68495269 -0.50848546 -0.30662953 0.007207 1789460521.725077391 106.100 47.600 0.024 0.00000 -1 ACTUAL_TF
16.8975 0.0230324 -1.6105372 0.6787222 -0.42221239 0.68495831 -0.50847724 -0.30662633 0.006981 1789460521.781046629 106.460 47.239 0.024 0.00000 -1 ACTUAL_TF
16.9537 0.0230228 -1.6101482 0.6787377 -0.42219530 0.68495170 -0.50849676 -0.30663228 0.006973 1789460521.837014675 106.850 46.850 0.011 0.00000 -1 ACTUAL_TF
17.0036 0.0230245 -1.6098074 0.6787632 -0.42218283 0.68494317 -0.50851662 -0.30663554 0.006712 1789460521.893038273 107.191 46.509 0.021 0.00000 -1 ACTUAL_TF
17.0598 0.0229971 -1.6094009 0.6787736 -0.42216942 0.68494568 -0.50852124 -0.30664073 0.006880 1789460521.949090958 107.598 46.102 0.024 0.00000 -1 ACTUAL_TF
17.1162 0.0229859 -1.6090430 0.6787875 -0.42216384 0.68494170 -0.50852923 -0.30664408 0.006735 1789460522.005082846 107.956 45.744 0.036 0.00000 -1 ACTUAL_TF
17.1763 0.0229841 -1.6086358 0.6788056 -0.42215228 0.68493910 -0.50854213 -0.30664440 0.006900 1789460522.061057568 108.363 45.337 0.050 0.00000 -1 ACTUAL_TF
17.2359 0.0229833 -1.6081948 0.6787945 -0.42215964 0.68494397 -0.50853396 -0.30663693 0.007194 1789460522.117024183 108.804 44.896 0.036 0.00000 -1 ACTUAL_TF
17.2871 0.0229964 -1.6078426 0.6787796 -0.42217271 0.68494662 -0.50852515 -0.30662763 0.006923 1789460522.173096418 109.156 44.544 0.026 0.00000 -1 ACTUAL_TF
17.3486 0.0229756 -1.6073924 0.6787640 -0.42217680 0.68496375 -0.50850362 -0.30661944 0.007258 1789460522.229197502 109.606 44.094 0.004 0.00000 -1 ACTUAL_TF
17.4012 0.0229803 -1.6070541 0.6787754 -0.42218024 0.68495507 -0.50851114 -0.30662164 0.006899 1789460522.285043240 109.944 43.756 0.017 0.00000 -1 ACTUAL_TF
17.4524 0.0229646 -1.6065998 0.6787669 -0.42219620 0.68495944 -0.50849355 -0.30661904 0.007262 1789460522.341105223 110.399 43.301 0.005 0.00000 -1 ACTUAL_TF
17.5128 0.0229602 -1.6062799 0.6787816 -0.42218249 0.68495754 -0.50850414 -0.30662463 0.006798 1789460522.397138357 110.719 42.981 0.012 0.00000 -1 ACTUAL_TF
17.5684 0.0229641 -1.6058505 0.6787781 -0.42218439 0.68496200 -0.50850167 -0.30661614 0.007062 1789460522.453085423 111.148 42.552 0.017 0.00000 -1 ACTUAL_TF
17.6238 0.0229870 -1.6054999 0.6787688 -0.42219336 0.68496300 -0.50850048 -0.30660351 0.006819 1789460522.509311676 111.498 42.202 0.045 0.00000 -1 ACTUAL_TF
17.6778 0.0229520 -1.6050392 0.6787540 -0.42219507 0.68497259 -0.50848461 -0.30660605 0.007251 1789460522.565264463 111.959 41.741 0.030 0.00000 -1 ACTUAL_TF
17.7325 0.0229479 -1.6046383 0.6787717 -0.42220132 0.68495776 -0.50849470 -0.30661384 0.007232 1789460522.621096373 112.360 41.340 0.021 0.00000 -1 ACTUAL_TF
17.7955 0.0229472 -1.6042921 0.6787890 -0.42220017 0.68494846 -0.50850316 -0.30662218 0.006922 1789460522.677029848 112.706 40.993 0.024 0.00000 -1 ACTUAL_TF
17.8487 0.0229313 -1.6038685 0.6787901 -0.42220503 0.68494277 -0.50850261 -0.30662910 0.007115 1789460522.733060837 113.130 40.570 0.015 0.00000 -1 ACTUAL_TF
17.8967 0.0229195 -1.6035592 0.6788150 -0.42218543 0.68493098 -0.50852470 -0.30664581 0.006643 1789460522.789080620 113.440 40.260 0.028 0.00000 -1 ACTUAL_TF
17.9575 0.0229115 -1.6031407 0.6788221 -0.42219187 0.68491904 -0.50852915 -0.30665622 0.006896 1789460522.845022440 113.858 39.841 0.032 0.00000 -1 ACTUAL_TF
18.0118 0.0229138 -1.6027623 0.6788105 -0.42219632 0.68493073 -0.50851674 -0.30664455 0.006854 1789460522.901035070 114.237 39.463 0.022 0.00000 -1 ACTUAL_TF
18.0781 0.0229130 -1.6023316 0.6787895 -0.42220782 0.68494000 -0.50850262 -0.30663144 0.007106 1789460522.957090855 114.667 39.033 0.021 0.00000 -1 ACTUAL_TF
18.1294 0.0229113 -1.6019685 0.6787875 -0.42220854 0.68494770 -0.50849523 -0.30662551 0.006915 1789460523.013200283 115.030 38.670 0.026 0.00000 -1 ACTUAL_TF
18.1809 0.0228849 -1.6015522 0.6787901 -0.42220724 0.68495266 -0.50848638 -0.30663088 0.007080 1789460523.069081545 115.447 38.253 0.011 0.00000 -1 ACTUAL_TF
18.2485 0.0228586 -1.6011378 0.6787894 -0.42220548 0.68496067 -0.50847576 -0.30663302 0.007177 1789460523.125171900 115.862 37.838 0.021 0.00000 -1 ACTUAL_TF
18.3004 0.0228402 -1.6008098 0.6788015 -0.42219846 0.68495664 -0.50848024 -0.30664429 0.006787 1789460523.181126356 116.190 37.510 0.029 0.00000 -1 ACTUAL_TF
18.3472 0.0228491 -1.6003832 0.6787957 -0.42219995 0.68496240 -0.50847850 -0.30663225 0.007038 1789460523.237091303 116.616 37.084 0.018 0.00000 -1 ACTUAL_TF
18.4072 0.0228290 -1.6000191 0.6787872 -0.42220169 0.68497335 -0.50846396 -0.30662949 0.006883 1789460523.293036938 116.981 36.719 0.036 0.00000 -1 ACTUAL_TF
18.4655 0.0228179 -1.5996125 0.6788029 -0.42217884 0.68497542 -0.50848045 -0.30662898 0.006997 1789460523.349076748 117.387 36.312 0.034 0.00000 -1 ACTUAL_TF
18.5208 0.0228219 -1.5992494 0.6787944 -0.42218534 0.68497542 -0.50847851 -0.30662324 0.006842 1789460523.405130148 117.750 35.950 0.031 0.00000 -1 ACTUAL_TF
18.5772 0.0228405 -1.5988225 0.6788040 -0.42218711 0.68496864 -0.50848916 -0.30661829 0.007077 1789460523.461169958 118.177 35.523 0.014 0.00000 -1 ACTUAL_TF
18.6314 0.0228474 -1.5984651 0.6788102 -0.42218021 0.68496468 -0.50850202 -0.30661531 0.006871 1789460523.517114639 118.534 35.166 0.018 0.00000 -1 ACTUAL_TF
18.6889 0.0228671 -1.5980936 0.6788347 -0.42216895 0.68495180 -0.50852712 -0.30661799 0.006804 1789460523.573202610 118.906 34.794 0.042 0.00000 -1 ACTUAL_TF
18.7480 0.0228629 -1.5976728 0.6788350 -0.42216738 0.68495251 -0.50852904 -0.30661536 0.007021 1789460523.629117250 119.326 34.373 0.044 0.00000 -1 ACTUAL_TF
18.7995 0.0228467 -1.5973110 0.6788227 -0.42218405 0.68495290 -0.50851360 -0.30661714 0.006855 1789460523.685147285 119.688 34.012 0.032 0.00000 -1 ACTUAL_TF
18.8598 0.0228327 -1.5968964 0.6788214 -0.42217748 0.68495789 -0.50850991 -0.30662116 0.007020 1789460523.741167307 120.103 33.597 0.026 0.00000 -1 ACTUAL_TF
18.9090 0.0228313 -1.5965151 0.6788137 -0.42219214 0.68495729 -0.50850023 -0.30661836 0.006951 1789460523.797312737 120.484 33.216 0.034 0.00000 -1 ACTUAL_TF
18.9701 0.0228345 -1.5961015 0.6788170 -0.42219022 0.68495569 -0.50850591 -0.30661517 0.007094 1789460523.853011847 120.898 32.802 0.043 0.00000 -1 ACTUAL_TF
19.0193 0.0228331 -1.5957576 0.6788086 -0.42219503 0.68495863 -0.50850018 -0.30661149 0.006806 1789460523.909073830 121.242 32.458 0.051 0.00000 -1 ACTUAL_TF
19.0814 0.0228276 -1.5953321 0.6788076 -0.42220122 0.68495970 -0.50849576 -0.30660789 0.007043 1789460523.965122461 121.667 32.033 0.054 0.00000 -1 ACTUAL_TF
19.1459 0.0228039 -1.5949738 0.6787976 -0.42220547 0.68496891 -0.50848043 -0.30660688 0.006856 1789460524.021062851 122.026 31.674 0.052 0.00000 -1 ACTUAL_TF
19.1969 0.0227806 -1.5945602 0.6788106 -0.42219681 0.68496687 -0.50848325 -0.30661870 0.007013 1789460524.077234030 122.440 31.260 0.035 0.00000 -1 ACTUAL_TF
19.2483 0.0227696 -1.5941179 0.6788134 -0.42220836 0.68496090 -0.50847872 -0.30662364 0.007290 1789460524.132995605 122.882 30.818 0.035 0.00000 -1 ACTUAL_TF
19.3085 0.0227690 -1.5937888 0.6788271 -0.42219710 0.68495500 -0.50849368 -0.30662752 0.006869 1789460524.188936710 123.211 30.489 0.024 0.00000 -1 ACTUAL_TF
19.3625 0.0227556 -1.5933640 0.6788276 -0.42220038 0.68495476 -0.50848943 -0.30663058 0.007079 1789460524.245077848 123.636 30.064 0.025 0.00000 -1 ACTUAL_TF
19.4195 0.0227698 -1.5930477 0.6788469 -0.42219160 0.68494667 -0.50850785 -0.30663020 0.006655 1789460524.301058531 123.952 29.748 0.023 0.00000 -1 ACTUAL_TF
19.4712 0.0227594 -1.5926309 0.6788499 -0.42219113 0.68494357 -0.50850972 -0.30663466 0.006891 1789460524.357098818 124.369 29.331 0.019 0.00000 -1 ACTUAL_TF
19.5308 0.0227253 -1.5922759 0.6788532 -0.42218303 0.68494783 -0.50850652 -0.30664161 0.006739 1789460524.412971020 124.725 28.975 0.013 0.00000 -1 ACTUAL_TF
19.5784 0.0227046 -1.5918322 0.6788363 -0.42219501 0.68495629 -0.50848639 -0.30663960 0.007099 1789460524.468963385 125.169 28.531 0.036 0.00000 -1 ACTUAL_TF
19.6407 0.0226954 -1.5914152 0.6788326 -0.42220152 0.68495990 -0.50847749 -0.30663733 0.007199 1789460524.525085211 125.586 28.114 0.042 0.00000 -1 ACTUAL_TF
19.7029 0.0226873 -1.5910917 0.6788531 -0.42219127 0.68495329 -0.50848886 -0.30664735 0.006773 1789460524.581179857 125.909 27.791 0.034 0.00000 -1 ACTUAL_TF
19.7534 0.0226847 -1.5906719 0.6788439 -0.42219511 0.68496091 -0.50847906 -0.30664130 0.006994 1789460524.637098551 126.329 27.371 0.037 0.00000 -1 ACTUAL_TF
19.8048 0.0226933 -1.5903504 0.6788655 -0.42218493 0.68495320 -0.50849722 -0.30664242 0.006627 1789460524.692972898 126.651 27.049 0.014 0.00000 -1 ACTUAL_TF
19.8643 0.0227103 -1.5898930 0.6788569 -0.42220072 0.68495637 -0.50848932 -0.30662669 0.007081 1789460524.749197483 127.108 26.592 0.021 0.00000 -1 ACTUAL_TF
19.9174 0.0227088 -1.5895280 0.6788583 -0.42220321 0.68495657 -0.50848879 -0.30662370 0.006912 1789460524.805200577 127.473 26.227 0.024 0.00000 -1 ACTUAL_TF
19.9769 0.0226986 -1.5891040 0.6788607 -0.42220376 0.68496055 -0.50848507 -0.30662024 0.007108 1789460524.861259699 127.897 25.803 0.022 0.00000 -1 ACTUAL_TF
20.0386 0.0226942 -1.5887891 0.6788892 -0.42218538 0.68495231 -0.50850573 -0.30662969 0.006661 1789460524.917573929 128.212 25.488 0.014 0.00000 -1 ACTUAL_TF
20.0867 0.0226908 -1.5883688 0.6788893 -0.42218323 0.68495947 -0.50850213 -0.30662263 0.006932 1789460524.973120928 128.632 25.068 0.016 0.00000 -1 ACTUAL_TF
20.1515 0.0226813 -1.5879630 0.6789025 -0.42217972 0.68495567 -0.50850800 -0.30662619 0.007030 1789460525.029087782 129.038 24.662 0.020 0.00000 -1 ACTUAL_TF
20.2003 0.0226890 -1.5876043 0.6789106 -0.42218553 0.68494594 -0.50851748 -0.30662421 0.006843 1789460525.085100889 129.397 24.303 0.033 0.00000 -1 ACTUAL_TF
20.2533 0.0226867 -1.5871942 0.6789339 -0.42217135 0.68493599 -0.50853822 -0.30663157 0.006993 1789460525.141037703 129.807 23.893 0.051 0.00000 -1 ACTUAL_TF
20.3143 0.0226809 -1.5868272 0.6789250 -0.42218447 0.68494186 -0.50852422 -0.30662362 0.006859 1789460525.197115898 130.174 23.526 0.043 0.00000 -1 ACTUAL_TF
20.3657 0.0226820 -1.5864452 0.6789206 -0.42217439 0.68494697 -0.50852749 -0.30662065 0.006845 1789460525.253185987 130.556 23.144 0.044 0.00000 -1 ACTUAL_TF
20.4207 0.0226559 -1.5860919 0.6789209 -0.42216735 0.68495702 -0.50851883 -0.30662226 0.006692 1789460525.309098244 130.909 22.791 0.027 0.00000 -1 ACTUAL_TF
20.4846 0.0226381 -1.5856731 0.6789137 -0.42216877 0.68496176 -0.50851393 -0.30661784 0.006930 1789460525.365119696 131.328 22.371 0.013 0.00000 -1 ACTUAL_TF
20.5516 0.0226339 -1.5853154 0.6789082 -0.42217933 0.68495825 -0.50850778 -0.30662134 0.006768 1789460525.421108246 131.686 22.014 0.008 0.00000 -1 ACTUAL_TF
20.5897 0.0226220 -1.5848861 0.6789032 -0.42219053 0.68495358 -0.50850216 -0.30662568 0.007039 1789460525.477091312 132.116 21.584 0.003 0.00000 -1 ACTUAL_TF
20.6538 0.0226230 -1.5844852 0.6789210 -0.42218127 0.68494756 -0.50851420 -0.30663191 0.007077 1789460525.533102751 132.516 21.183 0.014 0.00000 -1 ACTUAL_TF
20.7053 0.0226205 -1.5841265 0.6789172 -0.42219431 0.68494675 -0.50850608 -0.30662923 0.006872 1789460525.589195013 132.875 20.825 0.013 0.00000 -1 ACTUAL_TF
20.7616 0.0226264 -1.5837410 0.6789356 -0.42218613 0.68493821 -0.50852210 -0.30663298 0.006882 1789460525.645097494 133.261 20.439 0.032 0.00000 -1 ACTUAL_TF
20.8233 0.0225980 -1.5833931 0.6789400 -0.42218394 0.68493986 -0.50851605 -0.30664236 0.006688 1789460525.701082230 133.609 20.091 0.024 0.00000 -1 ACTUAL_TF
20.8786 0.0225853 -1.5829791 0.6789432 -0.42218457 0.68493951 -0.50851631 -0.30664185 0.006892 1789460525.757287741 134.023 19.677 0.025 0.00000 -1 ACTUAL_TF
20.9292 0.0225835 -1.5826262 0.6789495 -0.42218499 0.68493549 -0.50852045 -0.30664338 0.006723 1789460525.813080788 134.376 19.324 0.029 0.00000 -1 ACTUAL_TF
20.9926 0.0225762 -1.5822210 0.6789653 -0.42217301 0.68492923 -0.50853406 -0.30665128 0.006878 1789460525.869105339 134.781 18.919 0.042 0.00000 -1 ACTUAL_TF
21.0453 0.0225637 -1.5818002 0.6789625 -0.42217422 0.68492933 -0.50853198 -0.30665284 0.007069 1789460525.925114393 135.202 18.498 0.038 0.00000 -1 ACTUAL_TF
21.0924 0.0225797 -1.5814543 0.6789492 -0.42218611 0.68493091 -0.50852451 -0.30664534 0.006801 1789460525.981224537 135.548 18.152 0.024 0.00000 -1 ACTUAL_TF
21.1539 0.0225923 -1.5810347 0.6789393 -0.42219357 0.68493984 -0.50851413 -0.30663231 0.007016 1789460526.037088871 135.967 17.733 0.032 0.00000 -1 ACTUAL_TF
21.2125 0.0225621 -1.5806559 0.6789130 -0.42220474 0.68495215 -0.50848918 -0.30663082 0.006953 1789460526.093053579 136.346 17.354 0.021 0.00000 -1 ACTUAL_TF
21.2609 0.0225591 -1.5802413 0.6789114 -0.42219430 0.68495820 -0.50849339 -0.30662471 0.007091 1789460526.148973703 136.761 16.939 0.027 0.00000 -1 ACTUAL_TF
21.3228 0.0225559 -1.5798891 0.6789194 -0.42218610 0.68495908 -0.50849946 -0.30662395 0.006845 1789460526.205160379 137.113 16.587 0.023 0.00000 -1 ACTUAL_TF
21.3856 0.0225481 -1.5794669 0.6789177 -0.42218466 0.68496319 -0.50849549 -0.30662335 0.007052 1789460526.261201620 137.535 16.165 0.026 0.00000 -1 ACTUAL_TF
21.4327 0.0225558 -1.5791392 0.6789159 -0.42218641 0.68496076 -0.50849921 -0.30662020 0.006693 1789460526.317170858 137.863 15.837 0.036 0.00000 -1 ACTUAL_TF
21.4881 0.0225569 -1.5787211 0.6789196 -0.42218757 0.68496377 -0.50849849 -0.30661306 0.006926 1789460526.373159885 138.281 15.419 0.041 0.00000 -1 ACTUAL_TF
21.5431 0.0225371 -1.5783282 0.6789386 -0.42218382 0.68495281 -0.50850751 -0.30662777 0.006961 1789460526.429083347 138.674 15.026 0.021 0.00000 -1 ACTUAL_TF
21.6041 0.0225243 -1.5779458 0.6789352 -0.42219583 0.68494938 -0.50850045 -0.30663059 0.006921 1789460526.485118389 139.057 14.643 0.019 0.00000 -1 ACTUAL_TF
21.6564 0.0225105 -1.5775284 0.6789437 -0.42219386 0.68494837 -0.50850022 -0.30663593 0.007079 1789460526.541213036 139.474 14.226 0.010 0.00000 -1 ACTUAL_TF
21.7108 0.0225006 -1.5772214 0.6789718 -0.42216954 0.68494168 -0.50852205 -0.30664816 0.006611 1789460526.597096920 139.781 13.918 0.017 0.00000 -1 ACTUAL_TF
21.7720 0.0224890 -1.5768105 0.6789777 -0.42216690 0.68494294 -0.50852313 -0.30664720 0.006830 1789460526.653094053 140.192 13.507 0.021 0.00000 -1 ACTUAL_TF
21.8221 0.0225030 -1.5764738 0.6789865 -0.42217072 0.68493734 -0.50852982 -0.30664335 0.006584 1789460526.709172964 140.529 13.171 0.030 0.00000 -1 ACTUAL_TF
21.8820 0.0225023 -1.5760558 0.6789770 -0.42218102 0.68494123 -0.50851972 -0.30663723 0.006853 1789460526.765081167 140.947 12.753 0.024 0.00000 -1 ACTUAL_TF
21.9488 0.0225046 -1.5756564 0.6789619 -0.42219883 0.68494574 -0.50850378 -0.30662908 0.006935 1789460526.821165085 141.346 12.354 0.027 0.00000 -1 ACTUAL_TF
21.9912 0.0224955 -1.5752301 0.6789596 -0.42220132 0.68495245 -0.50849513 -0.30662501 0.007142 1789460526.877086163 141.772 11.927 0.026 0.00000 -1 ACTUAL_TF
22.0578 0.0224863 -1.5748158 0.6789641 -0.42220453 0.68494974 -0.50849489 -0.30662704 0.007220 1789460526.933069468 142.187 11.513 0.023 0.00000 -1 ACTUAL_TF
22.1063 0.0224718 -1.5745046 0.6789790 -0.42218638 0.68495123 -0.50850443 -0.30663286 0.006726 1789460526.989040136 142.498 11.202 0.014 0.00000 -1 ACTUAL_TF
22.1580 0.0224448 -1.5740904 0.6789775 -0.42218606 0.68495867 -0.50849324 -0.30663524 0.006926 1789460527.045185804 142.913 10.787 0.008 0.00000 -1 ACTUAL_TF
22.2233 0.0224610 -1.5737610 0.6789880 -0.42218688 0.68495095 -0.50850481 -0.30663218 0.006619 1789460527.101080656 143.242 10.458 0.017 0.00000 -1 ACTUAL_TF
22.2751 0.0224334 -1.5733206 0.6789947 -0.42218341 0.68495188 -0.50850234 -0.30663896 0.006993 1789460527.157194853 143.683 10.017 0.017 0.00000 -1 ACTUAL_TF
22.3293 0.0224366 -1.5729639 0.6789961 -0.42220014 0.68494263 -0.50850032 -0.30663996 0.006806 1789460527.213211536 144.040 9.660 0.014 0.00000 -1 ACTUAL_TF
22.3863 0.0224481 -1.5725666 0.6790106 -0.42220038 0.68493702 -0.50850829 -0.30663895 0.006898 1789460527.269098043 144.437 9.263 0.032 0.00000 -1 ACTUAL_TF
22.4465 0.0224482 -1.5722433 0.6790365 -0.42219452 0.68492367 -0.50852512 -0.30664892 0.006564 1789460527.325160265 144.760 8.940 0.055 0.00000 -1 ACTUAL_TF
22.4944 0.0224405 -1.5718458 0.6790506 -0.42217960 0.68491870 -0.50854223 -0.30665218 0.006730 1789460527.381057978 145.158 8.542 0.065 0.00000 -1 ACTUAL_TF
22.5543 0.0224399 -1.5714231 0.6790514 -0.42218322 0.68492071 -0.50854120 -0.30664443 0.006976 1789460527.437046528 145.580 8.120 0.066 0.00000 -1 ACTUAL_TF
22.6051 0.0224190 -1.5710753 0.6790693 -0.42215532 0.68492587 -0.50855449 -0.30664926 0.006750 1789460527.493109226 145.929 7.771 0.076 0.00000 -1 ACTUAL_TF
22.6648 0.0224108 -1.5706516 0.6790584 -0.42215510 0.68493522 -0.50854639 -0.30664211 0.006998 1789460527.549069881 146.352 7.348 0.063 0.00000 -1 ACTUAL_TF
22.7257 0.0224150 -1.5702650 0.6790303 -0.42217438 0.68494738 -0.50852462 -0.30662453 0.006975 1789460527.605078220 146.739 6.961 0.038 0.00000 -1 ACTUAL_TF
22.7778 0.0224219 -1.5698613 0.6790320 -0.42216905 0.68494983 -0.50852862 -0.30661972 0.007043 1789460527.661147833 147.142 6.558 0.046 0.00000 -1 ACTUAL_TF
22.8382 0.0223967 -1.5695099 0.6790341 -0.42217021 0.68495080 -0.50852129 -0.30662814 0.006821 1789460527.717026711 147.494 6.206 0.034 0.00000 -1 ACTUAL_TF
22.8881 0.0224050 -1.5690888 0.6790390 -0.42217315 0.68495012 -0.50852202 -0.30662441 0.007028 1789460527.773105621 147.915 5.785 0.044 0.00000 -1 ACTUAL_TF
22.9490 0.0223847 -1.5687116 0.6790277 -0.42218756 0.68495424 -0.50850451 -0.30662437 0.006943 1789460527.829136133 148.292 5.408 0.024 0.00000 -1 ACTUAL_TF
22.9979 0.0223742 -1.5682881 0.6790259 -0.42217988 0.68495669 -0.50850676 -0.30662575 0.007135 1789460527.884995461 148.716 4.984 0.018 0.00000 -1 ACTUAL_TF
23.0569 0.0223782 -1.5678566 0.6790256 -0.42218716 0.68495686 -0.50850360 -0.30662060 0.007300 1789460527.941148281 149.147 4.553 0.025 0.00000 -1 ACTUAL_TF
23.1132 0.0223920 -1.5674908 0.6790166 -0.42220123 0.68495503 -0.50849889 -0.30661313 0.007075 1789460527.997051477 149.513 4.187 0.042 0.00000 -1 ACTUAL_TF
23.1681 0.0224022 -1.5670972 0.6790170 -0.42219872 0.68494900 -0.50850766 -0.30661550 0.007060 1789460528.053088903 149.906 3.794 0.058 0.00000 -1 ACTUAL_TF
23.2224 0.0223843 -1.5667381 0.6790335 -0.42220237 0.68493838 -0.50851100 -0.30662866 0.006872 1789460528.109055281 150.265 3.434 0.048 0.00000 -1 ACTUAL_TF
23.2896 0.0223555 -1.5663408 0.6790404 -0.42219292 0.68493338 -0.50851821 -0.30664090 0.006948 1789460528.164973974 150.663 3.037 0.029 0.00000 -1 ACTUAL_TF
23.3373 0.0223367 -1.5659920 0.6790442 -0.42218876 0.68493207 -0.50852021 -0.30664623 0.006728 1789460528.221186399 151.012 2.688 0.021 0.00000 -1 ACTUAL_TF
23.3905 0.0223170 -1.5655856 0.6790496 -0.42218095 0.68493809 -0.50851795 -0.30664729 0.006885 1789460528.277298212 151.419 2.281 0.021 0.00000 -1 ACTUAL_TF
23.4478 0.0223123 -1.5651794 0.6790400 -0.42217628 0.68494908 -0.50851224 -0.30663862 0.006999 1789460528.333245277 151.825 1.875 0.009 0.00000 -1 ACTUAL_TF
23.5029 0.0223252 -1.5648538 0.6790373 -0.42218094 0.68494941 -0.50851250 -0.30663105 0.006642 1789460528.389311790 152.150 1.550 0.017 0.00000 -1 ACTUAL_TF
23.5613 0.0223002 -1.5644241 0.6790315 -0.42218356 0.68495869 -0.50849795 -0.30663084 0.006967 1789460528.445044041 152.580 1.119 0.005 0.00000 -1 ACTUAL_TF
23.6192 0.0223095 -1.5641129 0.6790419 -0.42218172 0.68495124 -0.50851012 -0.30662982 0.006542 1789460528.501162052 152.891 0.808 0.013 0.00000 -1 ACTUAL_TF
23.6706 0.0223136 -1.5636783 0.6790226 -0.42220077 0.68495889 -0.50849198 -0.30661658 0.006915 1789460528.557057142 153.326 0.374 0.030 0.00000 -1 ACTUAL_TF
23.7355 0.0222879 -1.5633746 0.6790378 -0.42218660 0.68496022 -0.50849580 -0.30662680 0.006476 1789460528.613035202 153.630 0.070 0.006 0.00000 -1 ACTUAL_TF
23.7875 0.0222818 -1.5629855 0.6790357 -0.42219104 0.68496091 -0.50849168 -0.30662598 0.006611 1789460528.669226408 154.019 -0.319 0.010 0.00000 -1 ACTUAL_TF
23.8382 0.0222818 -1.5626669 0.6790283 -0.42219581 0.68496268 -0.50848845 -0.30662081 0.006339 1789460528.725090981 154.338 -0.638 0.020 0.00000 -1 ACTUAL_TF
23.8997 0.0222456 -1.5622631 0.6790292 -0.42219859 0.68496463 -0.50847721 -0.30663125 0.006607 1789460528.781150818 154.742 -1.042 0.031 0.00000 -1 ACTUAL_TF
23.9496 0.0222489 -1.5619095 0.6790466 -0.42218936 0.68495910 -0.50849122 -0.30663309 0.006527 1789460528.836973429 155.096 -1.396 0.015 0.00000 -1 ACTUAL_TF
24.0088 0.0222626 -1.5615744 0.6790359 -0.42220074 0.68495892 -0.50849002 -0.30661983 0.006362 1789460528.893112898 155.430 -1.730 0.019 0.00000 -1 ACTUAL_TF
24.0660 0.0222609 -1.5612152 0.6790503 -0.42219554 0.68495186 -0.50850116 -0.30662427 0.006379 1789460528.949121475 155.790 -2.090 0.011 0.00000 -1 ACTUAL_TF
24.1231 0.0222621 -1.5609535 0.6790740 -0.42217902 0.68494308 -0.50852180 -0.30663239 0.005872 1789460529.005164623 156.051 -2.352 0.021 0.00000 -1 ACTUAL_TF
24.1696 0.0222537 -1.5606048 0.6790800 -0.42217796 0.68493932 -0.50852418 -0.30663831 0.005985 1789460529.060986996 156.400 -2.700 0.022 0.00000 -1 ACTUAL_TF
24.2344 0.0222468 -1.5602954 0.6790784 -0.42218383 0.68493790 -0.50852063 -0.30663929 0.005845 1789460529.117051125 156.710 -3.010 0.018 0.00000 -1 ACTUAL_TF
24.2967 0.0222422 -1.5599560 0.6790678 -0.42219459 0.68494430 -0.50850736 -0.30663218 0.005910 1789460529.173094749 157.049 -3.349 0.010 0.00000 -1 ACTUAL_TF
24.3448 0.0222437 -1.5596737 0.6790668 -0.42219109 0.68495001 -0.50850651 -0.30662565 0.005649 1789460529.229096889 157.331 -3.631 0.016 0.00000 -1 ACTUAL_TF
24.3984 0.0222422 -1.5593448 0.6790696 -0.42220223 0.68494411 -0.50850211 -0.30663081 0.005691 1789460529.285905361 157.660 -3.960 0.019 0.00000 -1 ACTUAL_TF
24.4597 0.0222453 -1.5590252 0.6790687 -0.42220338 0.68494627 -0.50850098 -0.30662626 0.005716 1789460529.341255665 157.980 -4.280 0.027 0.00000 -1 ACTUAL_TF
24.5096 0.0222454 -1.5587948 0.6790855 -0.42219543 0.68493948 -0.50851278 -0.30663282 0.005243 1789460529.397094488 158.210 -4.510 0.034 0.00000 -1 ACTUAL_TF
24.5673 0.0222587 -1.5584998 0.6790823 -0.42219656 0.68494315 -0.50851366 -0.30662159 0.005251 1789460529.453114271 158.505 -4.805 0.050 0.00000 -1 ACTUAL_TF
24.6283 0.0222442 -1.5582640 0.6790859 -0.42219882 0.68493952 -0.50851292 -0.30662782 0.004942 1789460529.509081125 158.741 -5.041 0.040 0.00000 -1 ACTUAL_TF
24.6794 0.0222296 -1.5580021 0.6790848 -0.42220062 0.68494303 -0.50850717 -0.30662703 0.004852 1789460529.565617085 159.003 -5.303 0.029 0.00000 -1 ACTUAL_TF
24.7457 0.0222205 -1.5578121 0.6790863 -0.42220831 0.68493734 -0.50850559 -0.30663177 0.004424 1789460529.621118784 159.193 -5.493 0.023 0.00000 -1 ACTUAL_TF
24.7989 0.0222091 -1.5576325 0.6790804 -0.42220891 0.68494316 -0.50849680 -0.30663253 0.004063 1789460529.677080631 159.373 -5.673 0.013 0.00000 -1 ACTUAL_TF
24.8474 0.0221994 -1.5575093 0.6790805 -0.42220633 0.68494454 -0.50849544 -0.30663526 0.003506 1789460529.733040571 159.496 -5.796 0.005 0.00000 -1 ACTUAL_TF
24.9125 0.0221970 -1.5574370 0.6790851 -0.42220582 0.68494220 -0.50849791 -0.30663709 0.002843 1789460529.789028883 159.568 -5.869 0.006 0.00000 -1 ACTUAL_TF
24.9631 0.0221957 -1.5573815 0.6790811 -0.42220530 0.68494482 -0.50849554 -0.30663588 0.002288 1789460529.845142603 159.624 -5.924 0.003 0.00000 -1 ACTUAL_TF
25.0140 0.0221991 -1.5573527 0.6790807 -0.42220637 0.68494537 -0.50849568 -0.30663296 0.001757 1789460529.901158810 159.653 -5.953 0.007 0.00000 -1 ACTUAL_TF
