WELD FEEDBACK LOG
result=completed
started=2026-09-16 12:13:45
ended=2026-09-16 12:14:20
elapsed_seconds=35.090

================ OPERATOR OVERVIEW ================
REQUESTED : 190 A / 23.5 V · FE-SOLID 1.2 mm · LSM · CO2 100%
RX ECHO   : 190 A / 23.5 V · MATCH=YES
CURRENT FB: no positive feedback A
VOLTAGE FB: no positive feedback V
WIRE FEED : no positive feedback m/min
ARC ON    : 0.000 s
NET WELD  : 0.000 s
WIRE USED : 0.000 mm (base 0.000 + alpha 0.000)
WCR       : NOT DETECTED
SAMPLES   : RX 876 / welding 0 / TCP 627
===================================================

[commanded]
current_a=190
voltage_tenths=235
voltage=23.5
material=FE-SOLID
diameter_mm=1.2
mode=LSM
gas=CO2 100%
synergic=False
correction=0.0
hot_start_enabled=True
hot_start_percent=10.0
hot_start_hold_adjustment=-1
crater_enabled=False
crater_percent=31.57894736842105
crater_current_a=60.0
crater_voltage_v=25.0
crater_seconds=1.0
wire_consumable_alpha_mm=0.0
hot_start_current_a=209

[rx_setting_echo]
current_a=190
voltage_v=23.5
hot_start_current_a=0
hot_start_hold_adjustment=-15

[rx_welding_setting_echo]

[execution_conditions]
mode=sequence_execute
run_all=True
touch_io_backend=fastech_ethernet
touch_input_port=4
touch_sensing_output_port=0
fastech_ip=192.168.0.3
fastech_poll_target_hz=100.0
hicomm_source_ip=192.168.1.2
hicomm_welder_ip=192.168.1.10
hicomm_port=60000
gui_velocity_percent=36.95263157894737
gui_speed_mode=scale
gui_tcp_speed_mm_s=10.0
gui_interpolation_step_mm=5.0
seam_orientation_mode=Wait poses + fixed World-XYZ tilt
weld_fixed_tilt_x_deg=0.0
weld_fixed_tilt_y_deg=0.0
weld_fixed_tilt_z_deg=-0.0
weld_weave_enabled=True
weld_weave_pattern=sine
capping_width_mm=2.0
capping_pitch_mm=5.0
capping_left_dwell_s=0.2
capping_right_dwell_s=0.2
weld_weave_amplitude_mm=3.0
weld_weave_cycles=8
weld_weave_samples_per_cycle=8
weld_weave_axis=tool_x
weld_lead_in_mm=0.0
weld_lead_out_mm=5.0
weld_safe_approach_mm=31.0
weld_approach_mode=taught_wait
weld_pre_start_lead_mm=0.0
weld_tcp_speed_mm_s=3.5
weld_arc_off_delay_ms=500.0
tcp_tracking.parent_frame=World
tcp_tracking.child_frame=right_manipulator_ee_point
tcp_tracking.timestamp_source=TF_header_stamp
initial_fastech_di0=False
initial_fastech_do0=True
robot_connected.left=True
robot_connected.right=True
robot_connected.head=True
hicomm_connected=True
execution_allowed=True
steps[0].sequence_number=1
steps[0].type=named_pose
steps[0].parallel_slot=1
steps[0].duration=0.0
steps[0].planning_group=right_manipulator
steps[0].velocity_scale=0.3695263157894737
steps[0].tcp_speed_m_s=0.0
steps[0].pose_name=weld_start_wait
steps[0].pose_label=3 · Weld start wait pose
steps[0].touch_guard=False
steps[0].continue_after_touch=False
steps[0].weld_scenario_id=weld-11471762627060
steps[0].weld_scenario_stage=start_wait
steps[0].target_tcp.position_m.x=0.1584453369077392
steps[0].target_tcp.position_m.y=-1.668706269510984
steps[0].target_tcp.position_m.z=0.6794388934220492
steps[0].target_tcp.orientation_xyzw.x=-0.40915278981783126
steps[0].target_tcp.orientation_xyzw.y=0.6649552253689487
steps[0].target_tcp.orientation_xyzw.z=-0.535291590956429
steps[0].target_tcp.orientation_xyzw.w=-0.322321974879392
steps[0].joint_names[0]=right_manipulator_joint1
steps[0].joint_names[1]=right_manipulator_joint2
steps[0].joint_names[2]=right_manipulator_joint3
steps[0].joint_names[3]=right_manipulator_joint4
steps[0].joint_names[4]=right_manipulator_joint5
steps[0].joint_names[5]=right_manipulator_joint6
steps[0].joint_positions_rad[0]=5.283645023689957
steps[0].joint_positions_rad[1]=1.3016661886211405
steps[0].joint_positions_rad[2]=1.8412402023343888
steps[0].joint_positions_rad[3]=3.7030714335850523
steps[0].joint_positions_rad[4]=1.3509738172556307
steps[0].joint_positions_rad[5]=1.5251148583006584
steps[1].sequence_number=2
steps[1].type=motion
steps[1].parallel_slot=2
steps[1].duration=0.0
steps[1].planning_group=right_manipulator
steps[1].velocity_scale=0.3695263157894737
steps[1].tcp_speed_m_s=0.0
steps[1].interpolation_step=0.005
steps[1].path_kind=taught_wait_align_weld_attitude
steps[1].touch_guard=False
steps[1].continue_after_touch=False
steps[1].accept_initial_touch=False
steps[1].weld_scenario_id=weld-11471762627060
steps[1].weld_scenario_stage=start_safe
steps[1].waypoint_count=1
steps[1].waypoints[0].position_m.x=0.1584453369077392
steps[1].waypoints[0].position_m.y=-1.668706269510984
steps[1].waypoints[0].position_m.z=0.6794388934220492
steps[1].waypoints[0].orientation_xyzw.x=-0.37702160240814364
steps[1].waypoints[0].orientation_xyzw.y=0.6836857234715228
steps[1].waypoints[0].orientation_xyzw.z=-0.5193344052333201
steps[1].waypoints[0].orientation_xyzw.w=-0.3474482959805243
steps[2].sequence_number=3
steps[2].type=motion
steps[2].parallel_slot=3
steps[2].duration=0.0
steps[2].planning_group=right_manipulator
steps[2].velocity_scale=0.3695263157894737
steps[2].tcp_speed_m_s=0.0
steps[2].interpolation_step=0.005
steps[2].path_kind=taught_wait_to_weld_start
steps[2].touch_guard=False
steps[2].continue_after_touch=True
steps[2].accept_initial_touch=False
steps[2].weld_scenario_id=weld-11471762627060
steps[2].weld_scenario_stage=start_contact
steps[2].waypoint_count=1
steps[2].waypoints[0].position_m.x=0.1582606914211344
steps[2].waypoints[0].position_m.y=-1.6816306271311774
steps[2].waypoints[0].position_m.z=0.6736916080339003
steps[2].waypoints[0].orientation_xyzw.x=-0.37702160240814364
steps[2].waypoints[0].orientation_xyzw.y=0.6836857234715228
steps[2].waypoints[0].orientation_xyzw.z=-0.5193344052333201
steps[2].waypoints[0].orientation_xyzw.w=-0.3474482959805243
steps[3].sequence_number=4
steps[3].type=digital_weld
steps[3].parallel_slot=5
steps[3].duration=0.0
steps[3].command=on
steps[3].weld_scenario_id=weld-11471762627060
steps[3].weld_scenario_stage=arc_on
steps[3].settings.current_a=190
steps[3].settings.voltage_tenths=235
steps[3].settings.voltage=23.5
steps[3].settings.material=FE-SOLID
steps[3].settings.diameter_mm=1.2
steps[3].settings.mode=LSM
steps[3].settings.gas=CO2 100%
steps[3].settings.synergic=False
steps[3].settings.correction=0.0
steps[3].settings.hot_start_enabled=True
steps[3].settings.hot_start_percent=10.0
steps[3].settings.hot_start_hold_adjustment=-1
steps[3].settings.crater_enabled=False
steps[3].settings.crater_percent=31.57894736842105
steps[3].settings.crater_current_a=60.0
steps[3].settings.crater_voltage_v=25.0
steps[3].settings.crater_seconds=1.0
steps[3].settings.wire_consumable_alpha_mm=0.0
steps[3].settings.hot_start_current_a=209
steps[4].sequence_number=5
steps[4].type=motion
steps[4].parallel_slot=5
steps[4].duration=0.0
steps[4].planning_group=right_manipulator
steps[4].velocity_scale=0.3695263157894737
steps[4].tcp_speed_m_s=0.0035
steps[4].interpolation_step=0.005
steps[4].path_kind=continuous_sine_weave_over_sensed_goal_fastech_di0_ignored
steps[4].touch_guard=False
steps[4].weld_scenario_id=weld-11471762627060
steps[4].weld_scenario_stage=weld_motion
steps[4].lead_in_mm=0.0
steps[4].lead_out_mm=5.0
steps[4].linear_motion_profile=True
steps[4].capping_width_mm=2.0
steps[4].capping_pitch_mm=5.0
steps[4].capping_left_dwell_s=0.2
steps[4].capping_right_dwell_s=0.2
steps[4].waypoint_count=66
steps[4].waypoints[0].position_m.x=0.1582606914211344
steps[4].waypoints[0].position_m.y=-1.6816306271311774
steps[4].waypoints[0].position_m.z=0.6736916080339003
steps[4].waypoints[0].orientation_xyzw.x=-0.37702160240814364
steps[4].waypoints[0].orientation_xyzw.y=0.6836857234715228
steps[4].waypoints[0].orientation_xyzw.z=-0.5193344052333201
steps[4].waypoints[0].orientation_xyzw.w=-0.3474482959805243
steps[4].waypoints[1].position_m.x=0.15910439089833311
steps[4].waypoints[1].position_m.y=-1.6831470354595757
steps[4].waypoints[1].position_m.z=0.6751957621900861
steps[4].waypoints[1].orientation_xyzw.x=-0.3770211312323945
steps[4].waypoints[1].orientation_xyzw.y=0.6836856435328091
steps[4].waypoints[1].orientation_xyzw.z=-0.5193348626852229
steps[4].waypoints[1].orientation_xyzw.w=-0.34744828080031553
steps[4].waypoints[2].position_m.x=0.15996906806088443
steps[4].waypoints[2].position_m.y=-1.6837840322270263
steps[4].waypoints[2].position_m.z=0.6758222198608775
steps[4].waypoints[2].orientation_xyzw.x=-0.37702066005648033
steps[4].waypoints[2].orientation_xyzw.y=0.6836855635937962
steps[4].waypoints[2].orientation_xyzw.z=-0.5193353201368985
steps[4].waypoints[2].orientation_xyzw.w=-0.3474482656199547
steps[4].waypoints[3].position_m.x=0.1608634121505686
steps[4].waypoints[3].position_m.y=-1.6831773532380776
steps[4].waypoints[3].position_m.z=0.6752074272583773
steps[4].waypoints[3].orientation_xyzw.x=-0.377020188880401
steps[4].waypoints[3].orientation_xyzw.y=0.6836854836544837
steps[4].waypoints[3].orientation_xyzw.z=-0.5193357775883465
steps[4].waypoints[3].orientation_xyzw.w=-0.34744825043944166
steps[4].waypoints[4].position_m.x=0.16177873392560535
steps[4].waypoints[4].position_m.y=-1.6816912626881813
steps[4].waypoints[4].position_m.z=0.6737149381704827
steps[4].waypoints[4].orientation_xyzw.x=-0.37701971770415654
steps[4].waypoints[4].orientation_xyzw.y=0.683685403714872
steps[4].waypoints[4].orientation_xyzw.z=-0.5193362350395672
steps[4].waypoints[4].orientation_xyzw.w=-0.3474482352587765
steps[4].waypoints[5].position_m.x=0.1626940557006421
steps[4].waypoints[5].position_m.y=-1.680205172138285
steps[4].waypoints[5].position_m.z=0.6722224490825881
steps[4].waypoints[5].orientation_xyzw.x=-0.3770192465277471
steps[4].waypoints[5].orientation_xyzw.y=0.6836853237749608
steps[4].waypoints[5].orientation_xyzw.z=-0.5193366924905604
steps[4].waypoints[5].orientation_xyzw.w=-0.34744822007795917
steps[4].waypoints[6].position_m.x=0.16358839979032627
steps[4].waypoints[6].position_m.y=-1.6795984931493362
steps[4].waypoints[6].position_m.z=0.6716076564800878
steps[4].waypoints[6].orientation_xyzw.x=-0.3770187753511725
steps[4].waypoints[6].orientation_xyzw.y=0.6836852438347504
steps[4].waypoints[6].orientation_xyzw.z=-0.5193371499413263
steps[4].waypoints[6].orientation_xyzw.w=-0.3474482048969898
steps[4].waypoints[7].position_m.x=0.16445307695287759
steps[4].waypoints[7].position_m.y=-1.6802354899167868
steps[4].waypoints[7].position_m.z=0.6722341141508793
steps[4].waypoints[7].orientation_xyzw.x=-0.3770183041744327
steps[4].waypoints[7].orientation_xyzw.y=0.6836851638942404
steps[4].waypoints[7].orientation_xyzw.z=-0.5193376073918647
steps[4].waypoints[7].orientation_xyzw.w=-0.34744818971586816
steps[4].waypoints[8].position_m.x=0.16529677643007631
steps[4].waypoints[8].position_m.y=-1.6817518982451851
steps[4].waypoints[8].position_m.z=0.6737382683070651
steps[4].waypoints[8].orientation_xyzw.x=-0.377017832997528
steps[4].waypoints[8].orientation_xyzw.y=0.6836850839534312
steps[4].waypoints[8].orientation_xyzw.z=-0.5193380648421758
steps[4].waypoints[8].orientation_xyzw.w=-0.3474481745345945
steps[4].waypoints[9].position_m.x=0.16614047590727504
steps[4].waypoints[9].position_m.y=-1.6832683065735834
steps[4].waypoints[9].position_m.z=0.675242422463251
steps[4].waypoints[9].orientation_xyzw.x=-0.37701736182045803
steps[4].waypoints[9].orientation_xyzw.y=0.6836850040123225
steps[4].waypoints[9].orientation_xyzw.z=-0.5193385222922595
steps[4].waypoints[9].orientation_xyzw.w=-0.34744815935316853
steps[4].waypoints[10].position_m.x=0.16700515306982636
steps[4].waypoints[10].position_m.y=-1.683905303341034
steps[4].waypoints[10].position_m.z=0.6758688801340423
steps[4].waypoints[10].orientation_xyzw.x=-0.37701689064322297
steps[4].waypoints[10].orientation_xyzw.y=0.6836849240709144
steps[4].waypoints[10].orientation_xyzw.z=-0.5193389797421157
steps[4].waypoints[10].orientation_xyzw.w=-0.3474481441715906
steps[4].waypoints[11].position_m.x=0.16789949715951052
steps[4].waypoints[11].position_m.y=-1.6832986243520853
steps[4].waypoints[11].position_m.z=0.6752540875315421
steps[4].waypoints[11].orientation_xyzw.x=-0.3770164194658229
steps[4].waypoints[11].orientation_xyzw.y=0.6836848441292069
steps[4].waypoints[11].orientation_xyzw.z=-0.5193394371917446
steps[4].waypoints[11].orientation_xyzw.w=-0.3474481289898604
steps[4].waypoints[12].position_m.x=0.16881481893454728
steps[4].waypoints[12].position_m.y=-1.681812533802189
steps[4].waypoints[12].position_m.z=0.6737615984436475
steps[4].waypoints[12].orientation_xyzw.x=-0.3770159482882577
steps[4].waypoints[12].orientation_xyzw.y=0.6836847641872001
steps[4].waypoints[12].orientation_xyzw.z=-0.5193398946411459
steps[4].waypoints[12].orientation_xyzw.w=-0.3474481138079781
steps[4].waypoints[13].position_m.x=0.16973014070958403
steps[4].waypoints[13].position_m.y=-1.6803264432522926
steps[4].waypoints[13].position_m.z=0.6722691093557529
steps[4].waypoints[13].orientation_xyzw.x=-0.3770154771105274
steps[4].waypoints[13].orientation_xyzw.y=0.6836846842448939
steps[4].waypoints[13].orientation_xyzw.z=-0.51934035209032
steps[4].waypoints[13].orientation_xyzw.w=-0.34744809862594367
steps[4].waypoints[14].position_m.x=0.1706244847992682
steps[4].waypoints[14].position_m.y=-1.679719764263344
steps[4].waypoints[14].position_m.z=0.6716543167532526
steps[4].waypoints[14].orientation_xyzw.x=-0.37701500593263193
steps[4].waypoints[14].orientation_xyzw.y=0.6836846043022884
steps[4].waypoints[14].orientation_xyzw.z=-0.5193408095392668
steps[4].waypoints[14].orientation_xyzw.w=-0.347448083443757
steps[4].waypoints[15].position_m.x=0.17148916196181951
steps[4].waypoints[15].position_m.y=-1.6803567610307946
steps[4].waypoints[15].position_m.z=0.6722807744240441
steps[4].waypoints[15].orientation_xyzw.x=-0.3770145347545714
steps[4].waypoints[15].orientation_xyzw.y=0.6836845243593834
steps[4].waypoints[15].orientation_xyzw.z=-0.5193412669879859
steps[4].waypoints[15].orientation_xyzw.w=-0.3474480682614183
steps[4].waypoints[16].position_m.x=0.17233286143901827
steps[4].waypoints[16].position_m.y=-1.681873169359193
steps[4].waypoints[16].position_m.z=0.6737849285802299
steps[4].waypoints[16].orientation_xyzw.x=-0.37701406357634576
steps[4].waypoints[16].orientation_xyzw.y=0.6836844444161791
steps[4].waypoints[16].orientation_xyzw.z=-0.5193417244364777
steps[4].waypoints[16].orientation_xyzw.w=-0.34744805307892734
steps[4].waypoints[17].position_m.x=0.17317656091621703
steps[4].waypoints[17].position_m.y=-1.6833895776875913
steps[4].waypoints[17].position_m.z=0.6752890827364156
steps[4].waypoints[17].orientation_xyzw.x=-0.3770135923979551
steps[4].waypoints[17].orientation_xyzw.y=0.6836843644726756
steps[4].waypoints[17].orientation_xyzw.z=-0.5193421818847421
steps[4].waypoints[17].orientation_xyzw.w=-0.3474480378962843
steps[4].waypoints[18].position_m.x=0.17404123807876834
steps[4].waypoints[18].position_m.y=-1.684026574455042
steps[4].waypoints[18].position_m.z=0.6759155404072071
steps[4].waypoints[18].orientation_xyzw.x=-0.3770131212193993
steps[4].waypoints[18].orientation_xyzw.y=0.6836842845288724
steps[4].waypoints[18].orientation_xyzw.z=-0.5193426393327791
steps[4].waypoints[18].orientation_xyzw.w=-0.3474480227134892
steps[4].waypoints[19].position_m.x=0.1749355821684525
steps[4].waypoints[19].position_m.y=-1.6834198954660933
steps[4].waypoints[19].position_m.z=0.6753007478047068
steps[4].waypoints[19].orientation_xyzw.x=-0.37701265004067835
steps[4].waypoints[19].orientation_xyzw.y=0.68368420458477
steps[4].waypoints[19].orientation_xyzw.z=-0.5193430967805887
steps[4].waypoints[19].orientation_xyzw.w=-0.3474480075305418
steps[4].waypoints[20].position_m.x=0.17585090394348923
steps[4].waypoints[20].position_m.y=-1.681933804916197
steps[4].waypoints[20].position_m.z=0.6738082587168123
steps[4].waypoints[20].orientation_xyzw.x=-0.3770121788617924
steps[4].waypoints[20].orientation_xyzw.y=0.6836841246403682
steps[4].waypoints[20].orientation_xyzw.z=-0.5193435542281709
steps[4].waypoints[20].orientation_xyzw.w=-0.3474479923474424
steps[4].waypoints[21].position_m.x=0.176766225718526
steps[4].waypoints[21].position_m.y=-1.6804477143663006
steps[4].waypoints[21].position_m.z=0.6723157696289176
steps[4].waypoints[21].orientation_xyzw.x=-0.3770117076827413
steps[4].waypoints[21].orientation_xyzw.y=0.6836840446956669
steps[4].waypoints[21].orientation_xyzw.z=-0.5193440116755257
steps[4].waypoints[21].orientation_xyzw.w=-0.34744797716419074
steps[4].waypoints[22].position_m.x=0.17766056980821016
steps[4].waypoints[22].position_m.y=-1.6798410353773519
steps[4].waypoints[22].position_m.z=0.6717009770264174
steps[4].waypoints[22].orientation_xyzw.x=-0.3770112365035251
steps[4].waypoints[22].orientation_xyzw.y=0.6836839647506663
steps[4].waypoints[22].orientation_xyzw.z=-0.5193444691226531
steps[4].waypoints[22].orientation_xyzw.w=-0.34744796198078703
steps[4].waypoints[23].position_m.x=0.17852524697076147
steps[4].waypoints[23].position_m.y=-1.6804780321448025
steps[4].waypoints[23].position_m.z=0.6723274346972088
steps[4].waypoints[23].orientation_xyzw.x=-0.37701076532414385
steps[4].waypoints[23].orientation_xyzw.y=0.6836838848053663
steps[4].waypoints[23].orientation_xyzw.z=-0.519344926569553
steps[4].waypoints[23].orientation_xyzw.w=-0.3474479467972312
steps[4].waypoints[24].position_m.x=0.1793689464479602
steps[4].waypoints[24].position_m.y=-1.6819944404732008
steps[4].waypoints[24].position_m.z=0.6738315888533947
steps[4].waypoints[24].orientation_xyzw.x=-0.37701029414459747
steps[4].waypoints[24].orientation_xyzw.y=0.683683804859767
steps[4].waypoints[24].orientation_xyzw.z=-0.5193453840162254
steps[4].waypoints[24].orientation_xyzw.w=-0.3474479316135231
steps[4].waypoints[25].position_m.x=0.18021264592515893
steps[4].waypoints[25].position_m.y=-1.683510848801599
steps[4].waypoints[25].position_m.z=0.6753357430095804
steps[4].waypoints[25].orientation_xyzw.x=-0.377009822964886
steps[4].waypoints[25].orientation_xyzw.y=0.6836837249138682
steps[4].waypoints[25].orientation_xyzw.z=-0.5193458414626706
steps[4].waypoints[25].orientation_xyzw.w=-0.34744791642966294
steps[4].waypoints[26].position_m.x=0.18107732308771016
steps[4].waypoints[26].position_m.y=-1.6841478455690497
steps[4].waypoints[26].position_m.z=0.6759622006803719
steps[4].waypoints[26].orientation_xyzw.x=-0.37700935178500944
steps[4].waypoints[26].orientation_xyzw.y=0.6836836449676701
steps[4].waypoints[26].orientation_xyzw.z=-0.5193462989088884
steps[4].waypoints[26].orientation_xyzw.w=-0.3474479012456506
steps[4].waypoints[27].position_m.x=0.18197166717739435
steps[4].waypoints[27].position_m.y=-1.683541166580101
steps[4].waypoints[27].position_m.z=0.6753474080778716
steps[4].waypoints[27].orientation_xyzw.x=-0.37700888060496784
steps[4].waypoints[27].orientation_xyzw.y=0.6836835650211727
steps[4].waypoints[27].orientation_xyzw.z=-0.5193467563548787
steps[4].waypoints[27].orientation_xyzw.w=-0.3474478860614862
steps[4].waypoints[28].position_m.x=0.18288698895243116
steps[4].waypoints[28].position_m.y=-1.6820550760302047
steps[4].waypoints[28].position_m.z=0.6738549189899771
steps[4].waypoints[28].orientation_xyzw.x=-0.37700840942476105
steps[4].waypoints[28].orientation_xyzw.y=0.6836834850743757
steps[4].waypoints[28].orientation_xyzw.z=-0.5193472138006415
steps[4].waypoints[28].orientation_xyzw.w=-0.34744787087716955
steps[4].waypoints[29].position_m.x=0.18380231072746797
steps[4].waypoints[29].position_m.y=-1.6805689854803083
steps[4].waypoints[29].position_m.z=0.6723624299020824
steps[4].waypoints[29].orientation_xyzw.x=-0.3770079382443892
steps[4].waypoints[29].orientation_xyzw.y=0.6836834051272795
steps[4].waypoints[29].orientation_xyzw.z=-0.5193476712461771
steps[4].waypoints[29].orientation_xyzw.w=-0.3474478556927008
steps[4].waypoints[30].position_m.x=0.18469665481715217
steps[4].waypoints[30].position_m.y=-1.6799623064913598
steps[4].waypoints[30].position_m.z=0.6717476372995822
steps[4].waypoints[30].orientation_xyzw.x=-0.3770074670638523
steps[4].waypoints[30].orientation_xyzw.y=0.683683325179884
steps[4].waypoints[30].orientation_xyzw.z=-0.5193481286914852
steps[4].waypoints[30].orientation_xyzw.w=-0.34744784050807986
steps[4].waypoints[31].position_m.x=0.18556133197970345
steps[4].waypoints[31].position_m.y=-1.6805993032588105
steps[4].waypoints[31].position_m.z=0.6723740949703736
steps[4].waypoints[31].orientation_xyzw.x=-0.37700699588315023
steps[4].waypoints[31].orientation_xyzw.y=0.6836832452321889
steps[4].waypoints[31].orientation_xyzw.z=-0.5193485861365658
steps[4].waypoints[31].orientation_xyzw.w=-0.34744782532330687
steps[4].waypoints[32].position_m.x=0.18640503145690213
steps[4].waypoints[32].position_m.y=-1.6821157115872087
steps[4].waypoints[32].position_m.z=0.6738782491265595
steps[4].waypoints[32].orientation_xyzw.x=-0.3770065247022832
steps[4].waypoints[32].orientation_xyzw.y=0.6836831652841945
steps[4].waypoints[32].orientation_xyzw.z=-0.519349043581419
steps[4].waypoints[32].orientation_xyzw.w=-0.34744781013838166
steps[4].waypoints[33].position_m.x=0.18724873093410085
steps[4].waypoints[33].position_m.y=-1.683632119915607
steps[4].waypoints[33].position_m.z=0.6753824032827453
steps[4].waypoints[33].orientation_xyzw.x=-0.37700605352125105
steps[4].waypoints[33].orientation_xyzw.y=0.6836830853359007
steps[4].waypoints[33].orientation_xyzw.z=-0.5193495010260448
steps[4].waypoints[33].orientation_xyzw.w=-0.34744779495330436
steps[4].waypoints[34].position_m.x=0.18811340809665217
steps[4].waypoints[34].position_m.y=-1.6842691166830577
steps[4].waypoints[34].position_m.z=0.6760088609535367
steps[4].waypoints[34].orientation_xyzw.x=-0.3770055823400537
steps[4].waypoints[34].orientation_xyzw.y=0.6836830053873076
steps[4].waypoints[34].orientation_xyzw.z=-0.5193499584704432
steps[4].waypoints[34].orientation_xyzw.w=-0.34744777976807484
steps[4].waypoints[35].position_m.x=0.18900775218633634
steps[4].waypoints[35].position_m.y=-1.683662437694109
steps[4].waypoints[35].position_m.z=0.6753940683510365
steps[4].waypoints[35].orientation_xyzw.x=-0.37700511115869145
steps[4].waypoints[35].orientation_xyzw.y=0.6836829254384151
steps[4].waypoints[35].orientation_xyzw.z=-0.5193504159146142
steps[4].waypoints[35].orientation_xyzw.w=-0.3474477645826933
steps[4].waypoints[36].position_m.x=0.1899230739613731
steps[4].waypoints[36].position_m.y=-1.6821763471442126
steps[4].waypoints[36].position_m.z=0.6739015792631419
steps[4].waypoints[36].orientation_xyzw.x=-0.37700463997716394
steps[4].waypoints[36].orientation_xyzw.y=0.6836828454892232
steps[4].waypoints[36].orientation_xyzw.z=-0.5193508733585577
steps[4].waypoints[36].orientation_xyzw.w=-0.3474477493971595
steps[4].waypoints[37].position_m.x=0.19083839573640984
steps[4].waypoints[37].position_m.y=-1.6806902565943163
steps[4].waypoints[37].position_m.z=0.6724090901752473
steps[4].waypoints[37].orientation_xyzw.x=-0.37700416879547144
steps[4].waypoints[37].orientation_xyzw.y=0.683682765539732
steps[4].waypoints[37].orientation_xyzw.z=-0.5193513308022738
steps[4].waypoints[37].orientation_xyzw.w=-0.34744773421147357
steps[4].waypoints[38].position_m.x=0.191732739826094
steps[4].waypoints[38].position_m.y=-1.6800835776053675
steps[4].waypoints[38].position_m.z=0.671794297572747
steps[4].waypoints[38].orientation_xyzw.x=-0.3770036976136138
steps[4].waypoints[38].orientation_xyzw.y=0.6836826855899414
steps[4].waypoints[38].orientation_xyzw.z=-0.5193517882457624
steps[4].waypoints[38].orientation_xyzw.w=-0.34744771902563554
steps[4].waypoints[39].position_m.x=0.19259741698864533
steps[4].waypoints[39].position_m.y=-1.6807205743728182
steps[4].waypoints[39].position_m.z=0.6724207552435385
steps[4].waypoints[39].orientation_xyzw.x=-0.3770032264315911
steps[4].waypoints[39].orientation_xyzw.y=0.6836826056398514
steps[4].waypoints[39].orientation_xyzw.z=-0.5193522456890237
steps[4].waypoints[39].orientation_xyzw.w=-0.34744770383964535
steps[4].waypoints[40].position_m.x=0.19344111646584405
steps[4].waypoints[40].position_m.y=-1.6822369827012165
steps[4].waypoints[40].position_m.z=0.6739249093997243
steps[4].waypoints[40].orientation_xyzw.x=-0.3770027552494033
steps[4].waypoints[40].orientation_xyzw.y=0.6836825256894619
steps[4].waypoints[40].orientation_xyzw.z=-0.5193527031320577
steps[4].waypoints[40].orientation_xyzw.w=-0.34744768865350295
steps[4].waypoints[41].position_m.x=0.1942848159430428
steps[4].waypoints[41].position_m.y=-1.6837533910296147
steps[4].waypoints[41].position_m.z=0.6754290635559101
steps[4].waypoints[41].orientation_xyzw.x=-0.3770022840670505
steps[4].waypoints[41].orientation_xyzw.y=0.6836824457387732
steps[4].waypoints[41].orientation_xyzw.z=-0.5193531605748641
steps[4].waypoints[41].orientation_xyzw.w=-0.3474476734672085
steps[4].waypoints[42].position_m.x=0.19514949310559412
steps[4].waypoints[42].position_m.y=-1.6843903877970654
steps[4].waypoints[42].position_m.z=0.6760555212267015
steps[4].waypoints[42].orientation_xyzw.x=-0.3770018128845325
steps[4].waypoints[42].orientation_xyzw.y=0.683682365787785
steps[4].waypoints[42].orientation_xyzw.z=-0.5193536180174432
steps[4].waypoints[42].orientation_xyzw.w=-0.34744765828076185
steps[4].waypoints[43].position_m.x=0.1960438371952783
steps[4].waypoints[43].position_m.y=-1.6837837088081167
steps[4].waypoints[43].position_m.z=0.6754407286242013
steps[4].waypoints[43].orientation_xyzw.x=-0.37700134170184946
steps[4].waypoints[43].orientation_xyzw.y=0.6836822858364975
steps[4].waypoints[43].orientation_xyzw.z=-0.5193540754597947
steps[4].waypoints[43].orientation_xyzw.w=-0.3474476430941631
steps[4].waypoints[44].position_m.x=0.19695915897031505
steps[4].waypoints[44].position_m.y=-1.6822976182582203
steps[4].waypoints[44].position_m.z=0.6739482395363067
steps[4].waypoints[44].orientation_xyzw.x=-0.37700087051900144
steps[4].waypoints[44].orientation_xyzw.y=0.6836822058849106
steps[4].waypoints[44].orientation_xyzw.z=-0.5193545329019189
steps[4].waypoints[44].orientation_xyzw.w=-0.3474476279074122
steps[4].waypoints[45].position_m.x=0.19787448074535177
steps[4].waypoints[45].position_m.y=-1.680811527708324
steps[4].waypoints[45].position_m.z=0.6724557504484121
steps[4].waypoints[45].orientation_xyzw.x=-0.3770003993359882
steps[4].waypoints[45].orientation_xyzw.y=0.6836821259330244
steps[4].waypoints[45].orientation_xyzw.z=-0.5193549903438157
steps[4].waypoints[45].orientation_xyzw.w=-0.34744761272050917
steps[4].waypoints[46].position_m.x=0.19876882483503594
steps[4].waypoints[46].position_m.y=-1.6802048487193753
steps[4].waypoints[46].position_m.z=0.6718409578459118
steps[4].waypoints[46].orientation_xyzw.x=-0.37699992815280997
steps[4].waypoints[46].orientation_xyzw.y=0.6836820459808387
steps[4].waypoints[46].orientation_xyzw.z=-0.519355447785485
steps[4].waypoints[46].orientation_xyzw.w=-0.34744759753345394
steps[4].waypoints[47].position_m.x=0.19963350199758725
steps[4].waypoints[47].position_m.y=-1.680841845486826
steps[4].waypoints[47].position_m.z=0.6724674155167033
steps[4].waypoints[47].orientation_xyzw.x=-0.37699945696946663
steps[4].waypoints[47].orientation_xyzw.y=0.6836819660283536
steps[4].waypoints[47].orientation_xyzw.z=-0.5193559052269269
steps[4].waypoints[47].orientation_xyzw.w=-0.3474475823462466
steps[4].waypoints[48].position_m.x=0.200477201474786
steps[4].waypoints[48].position_m.y=-1.6823582538152244
steps[4].waypoints[48].position_m.z=0.6739715696728891
steps[4].waypoints[48].orientation_xyzw.x=-0.37699898578595825
steps[4].waypoints[48].orientation_xyzw.y=0.6836818860755692
steps[4].waypoints[48].orientation_xyzw.z=-0.5193563626681413
steps[4].waypoints[48].orientation_xyzw.w=-0.34744756715888714
steps[4].waypoints[49].position_m.x=0.20132090095198477
steps[4].waypoints[49].position_m.y=-1.6838746621436227
steps[4].waypoints[49].position_m.z=0.6754757238290748
steps[4].waypoints[49].orientation_xyzw.x=-0.3769985146022848
steps[4].waypoints[49].orientation_xyzw.y=0.6836818061224854
steps[4].waypoints[49].orientation_xyzw.z=-0.5193568201091283
steps[4].waypoints[49].orientation_xyzw.w=-0.34744755197137545
steps[4].waypoints[50].position_m.x=0.20218557811453608
steps[4].waypoints[50].position_m.y=-1.6845116589110734
steps[4].waypoints[50].position_m.z=0.6761021814998663
steps[4].waypoints[50].orientation_xyzw.x=-0.3769980434184462
steps[4].waypoints[50].orientation_xyzw.y=0.6836817261691023
steps[4].waypoints[50].orientation_xyzw.z=-0.5193572775498879
steps[4].waypoints[50].orientation_xyzw.w=-0.3474475367837117
steps[4].waypoints[51].position_m.x=0.20307992220422025
steps[4].waypoints[51].position_m.y=-1.6839049799221246
steps[4].waypoints[51].position_m.z=0.675487388897366
steps[4].waypoints[51].orientation_xyzw.x=-0.3769975722344426
steps[4].waypoints[51].orientation_xyzw.y=0.6836816462154198
steps[4].waypoints[51].orientation_xyzw.z=-0.5193577349904202
steps[4].waypoints[51].orientation_xyzw.w=-0.34744752159589576
steps[4].waypoints[52].position_m.x=0.20399524397925697
steps[4].waypoints[52].position_m.y=-1.6824188893722283
steps[4].waypoints[52].position_m.z=0.6739948998094715
steps[4].waypoints[52].orientation_xyzw.x=-0.3769971010502739
steps[4].waypoints[52].orientation_xyzw.y=0.6836815662614378
steps[4].waypoints[52].orientation_xyzw.z=-0.5193581924307249
steps[4].waypoints[52].orientation_xyzw.w=-0.3474475064079277
steps[4].waypoints[53].position_m.x=0.20491056575429373
steps[4].waypoints[53].position_m.y=-1.680932798822332
steps[4].waypoints[53].position_m.z=0.6725024107215768
steps[4].waypoints[53].orientation_xyzw.x=-0.37699662986594007
steps[4].waypoints[53].orientation_xyzw.y=0.6836814863071566
steps[4].waypoints[53].orientation_xyzw.z=-0.5193586498708023
steps[4].waypoints[53].orientation_xyzw.w=-0.34744749121980756
steps[4].waypoints[54].position_m.x=0.2058049098439779
steps[4].waypoints[54].position_m.y=-1.6803261198333832
steps[4].waypoints[54].position_m.z=0.6718876181190766
steps[4].waypoints[54].orientation_xyzw.x=-0.37699615868144126
steps[4].waypoints[54].orientation_xyzw.y=0.6836814063525759
steps[4].waypoints[54].orientation_xyzw.z=-0.519359107310652
steps[4].waypoints[54].orientation_xyzw.w=-0.34744747603153525
steps[4].waypoints[55].position_m.x=0.2066695870065292
steps[4].waypoints[55].position_m.y=-1.6809631166008339
steps[4].waypoints[55].position_m.z=0.672514075789868
steps[4].waypoints[55].orientation_xyzw.x=-0.37699568749677725
steps[4].waypoints[55].orientation_xyzw.y=0.6836813263976959
steps[4].waypoints[55].orientation_xyzw.z=-0.5193595647502746
steps[4].waypoints[55].orientation_xyzw.w=-0.34744746084311073
steps[4].waypoints[56].position_m.x=0.20751328648372794
steps[4].waypoints[56].position_m.y=-1.6824795249292321
steps[4].waypoints[56].position_m.z=0.6740182299460539
steps[4].waypoints[56].orientation_xyzw.x=-0.37699521631194827
steps[4].waypoints[56].orientation_xyzw.y=0.6836812464425165
steps[4].waypoints[56].orientation_xyzw.z=-0.5193600221896696
steps[4].waypoints[56].orientation_xyzw.w=-0.34744744565453417
steps[4].waypoints[57].position_m.x=0.20835698596092667
steps[4].waypoints[57].position_m.y=-1.6839959332576304
steps[4].waypoints[57].position_m.z=0.6755223841022396
steps[4].waypoints[57].orientation_xyzw.x=-0.3769947451269541
steps[4].waypoints[57].orientation_xyzw.y=0.6836811664870376
steps[4].waypoints[57].orientation_xyzw.z=-0.5193604796288372
steps[4].waypoints[57].orientation_xyzw.w=-0.3474474304658053
steps[4].waypoints[58].position_m.x=0.20922166312347798
steps[4].waypoints[58].position_m.y=-1.684632930025081
steps[4].waypoints[58].position_m.z=0.6761488417730311
steps[4].waypoints[58].orientation_xyzw.x=-0.3769942739417949
steps[4].waypoints[58].orientation_xyzw.y=0.6836810865312594
steps[4].waypoints[58].orientation_xyzw.z=-0.5193609370677774
steps[4].waypoints[58].orientation_xyzw.w=-0.3474474152769244
steps[4].waypoints[59].position_m.x=0.21011600721316215
steps[4].waypoints[59].position_m.y=-1.6840262510361323
steps[4].waypoints[59].position_m.z=0.6755340491705308
steps[4].waypoints[59].orientation_xyzw.x=-0.3769938027564707
steps[4].waypoints[59].orientation_xyzw.y=0.683681006575182
steps[4].waypoints[59].orientation_xyzw.z=-0.5193613945064901
steps[4].waypoints[59].orientation_xyzw.w=-0.3474474000878913
steps[4].waypoints[60].position_m.x=0.2110313289881989
steps[4].waypoints[60].position_m.y=-1.682540160486236
steps[4].waypoints[60].position_m.z=0.6740415600826363
steps[4].waypoints[60].orientation_xyzw.x=-0.37699333157098147
steps[4].waypoints[60].orientation_xyzw.y=0.6836809266188051
steps[4].waypoints[60].orientation_xyzw.z=-0.5193618519449754
steps[4].waypoints[60].orientation_xyzw.w=-0.34744738489870614
steps[4].waypoints[61].position_m.x=0.21194665076323566
steps[4].waypoints[61].position_m.y=-1.6810540699363397
steps[4].waypoints[61].position_m.z=0.6725490709947416
steps[4].waypoints[61].orientation_xyzw.x=-0.3769928603853271
steps[4].waypoints[61].orientation_xyzw.y=0.6836808466621288
steps[4].waypoints[61].orientation_xyzw.z=-0.5193623093832332
steps[4].waypoints[61].orientation_xyzw.w=-0.34744736970936874
steps[4].waypoints[62].position_m.x=0.21284099485291982
steps[4].waypoints[62].position_m.y=-1.680447390947391
steps[4].waypoints[62].position_m.z=0.6719342783922414
steps[4].waypoints[62].orientation_xyzw.x=-0.3769923891995076
steps[4].waypoints[62].orientation_xyzw.y=0.6836807667051531
steps[4].waypoints[62].orientation_xyzw.z=-0.5193627668212637
steps[4].waypoints[62].orientation_xyzw.w=-0.3474473545198793
steps[4].waypoints[63].position_m.x=0.21370567201547114
steps[4].waypoints[63].position_m.y=-1.6810843877148416
steps[4].waypoints[63].position_m.z=0.6725607360630328
steps[4].waypoints[63].orientation_xyzw.x=-0.37699191801352305
steps[4].waypoints[63].orientation_xyzw.y=0.6836806867478781
steps[4].waypoints[63].orientation_xyzw.z=-0.5193632242590667
steps[4].waypoints[63].orientation_xyzw.w=-0.3474473393302376
steps[4].waypoints[64].position_m.x=0.21454937149266987
steps[4].waypoints[64].position_m.y=-1.6826007960432399
steps[4].waypoints[64].position_m.z=0.6740648902192187
steps[4].waypoints[64].orientation_xyzw.x=-0.3769914468273735
steps[4].waypoints[64].orientation_xyzw.y=0.6836806067903037
steps[4].waypoints[64].orientation_xyzw.z=-0.5193636816966424
steps[4].waypoints[64].orientation_xyzw.w=-0.3474473241404439
steps[4].waypoints[65].position_m.x=0.21954851910210224
steps[4].waypoints[65].position_m.y=-1.6826869593284923
steps[4].waypoints[65].position_m.z=0.6740980424043829
steps[4].waypoints[65].orientation_xyzw.x=-0.3769914468273735
steps[4].waypoints[65].orientation_xyzw.y=0.6836806067903037
steps[4].waypoints[65].orientation_xyzw.z=-0.5193636816966424
steps[4].waypoints[65].orientation_xyzw.w=-0.3474473241404439
steps[4].lead_start.position_m.x=0.1582606914211344
steps[4].lead_start.position_m.y=-1.6816306271311774
steps[4].lead_start.position_m.z=0.6736916080339003
steps[4].lead_start.orientation_xyzw.x=-0.37702160240814364
steps[4].lead_start.orientation_xyzw.y=0.6836857234715228
steps[4].lead_start.orientation_xyzw.z=-0.5193344052333201
steps[4].lead_start.orientation_xyzw.w=-0.3474482959805243
steps[4].usable_seam_start.position_m.x=0.1582606914211344
steps[4].usable_seam_start.position_m.y=-1.6816306271311774
steps[4].usable_seam_start.position_m.z=0.6736916080339003
steps[4].usable_seam_start.orientation_xyzw.x=-0.37702160240814364
steps[4].usable_seam_start.orientation_xyzw.y=0.6836857234715228
steps[4].usable_seam_start.orientation_xyzw.z=-0.5193344052333201
steps[4].usable_seam_start.orientation_xyzw.w=-0.3474482959805243
steps[4].usable_seam_goal.position_m.x=0.21454937149266987
steps[4].usable_seam_goal.position_m.y=-1.6826007960432399
steps[4].usable_seam_goal.position_m.z=0.6740648902192187
steps[4].usable_seam_goal.orientation_xyzw.x=-0.3769914468273735
steps[4].usable_seam_goal.orientation_xyzw.y=0.6836806067903037
steps[4].usable_seam_goal.orientation_xyzw.z=-0.5193636816966424
steps[4].usable_seam_goal.orientation_xyzw.w=-0.3474473241404439
steps[4].lead_end.position_m.x=0.21954851910210224
steps[4].lead_end.position_m.y=-1.6826869593284923
steps[4].lead_end.position_m.z=0.6740980424043829
steps[4].lead_end.orientation_xyzw.x=-0.3769914468273735
steps[4].lead_end.orientation_xyzw.y=0.6836806067903037
steps[4].lead_end.orientation_xyzw.z=-0.5193636816966424
steps[4].lead_end.orientation_xyzw.w=-0.3474473241404439
steps[5].sequence_number=6
steps[5].type=digital_weld
steps[5].parallel_slot=5
steps[5].duration=0.0
steps[5].velocity_scale=0.3695263157894737
steps[5].tcp_speed_m_s=0.0035
steps[5].command=off
steps[5].weld_scenario_id=weld-11471762627060
steps[5].weld_scenario_stage=arc_off
steps[5].path_to_seam_speed_factor=0.49700996602193104
steps[5].trigger_before_goal=True
steps[5].arc_off_delay_s=0.5
steps[5].settings.current_a=190
steps[5].settings.voltage_tenths=235
steps[5].settings.voltage=23.5
steps[5].settings.material=FE-SOLID
steps[5].settings.diameter_mm=1.2
steps[5].settings.mode=LSM
steps[5].settings.gas=CO2 100%
steps[5].settings.synergic=False
steps[5].settings.correction=0.0
steps[5].settings.hot_start_enabled=True
steps[5].settings.hot_start_percent=10.0
steps[5].settings.hot_start_hold_adjustment=-1
steps[5].settings.crater_enabled=False
steps[5].settings.crater_percent=31.57894736842105
steps[5].settings.crater_current_a=60.0
steps[5].settings.crater_voltage_v=25.0
steps[5].settings.crater_seconds=1.0
steps[5].settings.wire_consumable_alpha_mm=0.0
steps[5].settings.hot_start_current_a=209
steps[6].sequence_number=7
steps[6].type=motion
steps[6].parallel_slot=6
steps[6].duration=0.0
steps[6].planning_group=right_manipulator
steps[6].velocity_scale=0.3695263157894737
steps[6].tcp_speed_m_s=0.0
steps[6].interpolation_step=0.005
steps[6].path_kind=weld_end_to_taught_wait_fixed_attitude
steps[6].pose_name=weld_goal_wait
steps[6].pose_label=5 · Weld goal wait pose
steps[6].touch_guard=False
steps[6].continue_after_touch=False
steps[6].weld_scenario_id=weld-11471762627060
steps[6].weld_scenario_stage=goal_wait
steps[6].waypoint_count=1
steps[6].waypoints[0].position_m.x=0.2148218046203929
steps[6].waypoints[0].position_m.y=-1.6642972687613822
steps[6].waypoints[0].position_m.z=0.6805549186157998
steps[6].waypoints[0].orientation_xyzw.x=-0.3769914468273735
steps[6].waypoints[0].orientation_xyzw.y=0.6836806067903037
steps[6].waypoints[0].orientation_xyzw.z=-0.5193636816966424
steps[6].waypoints[0].orientation_xyzw.w=-0.3474473241404439
steps[7].sequence_number=8
steps[7].type=named_pose
steps[7].parallel_slot=7
steps[7].duration=0.0
steps[7].planning_group=right_manipulator
steps[7].velocity_scale=0.3695263157894737
steps[7].tcp_speed_m_s=0.0
steps[7].pose_name=weld_finish
steps[7].pose_label=7 · Weld end pose
steps[7].touch_guard=False
steps[7].continue_after_touch=False
steps[7].weld_scenario_id=weld-11471762627060
steps[7].weld_scenario_stage=finish
steps[7].target_tcp.position_m.x=0.21483870924918458
steps[7].target_tcp.position_m.y=-1.6371126833447565
steps[7].target_tcp.position_m.z=0.707026178211138
steps[7].target_tcp.orientation_xyzw.x=-0.4091007993503337
steps[7].target_tcp.orientation_xyzw.y=0.6649575791128136
steps[7].target_tcp.orientation_xyzw.z=-0.5353370411953684
steps[7].target_tcp.orientation_xyzw.w=-0.3223076267722075
steps[7].joint_names[0]=right_manipulator_joint1
steps[7].joint_names[1]=right_manipulator_joint2
steps[7].joint_names[2]=right_manipulator_joint3
steps[7].joint_names[3]=right_manipulator_joint4
steps[7].joint_names[4]=right_manipulator_joint5
steps[7].joint_names[5]=right_manipulator_joint6
steps[7].joint_positions_rad[0]=5.35910622580957
steps[7].joint_positions_rad[1]=1.269262841847874
steps[7].joint_positions_rad[2]=1.8630500269235382
steps[7].joint_positions_rad[3]=3.7799526331978957
steps[7].joint_positions_rad[4]=1.3424837928585125
steps[7].joint_positions_rad[5]=1.518846043410721
steps[8].sequence_number=9
steps[8].type=digital_output
steps[8].parallel_slot=8
steps[8].duration=0.0
steps[8].port=0
steps[8].value=True
steps[8].weld_scenario_id=weld-11471762627060
steps[8].weld_scenario_stage=touch_output_on
hicomm_cyclic_period_ms=40.0
arc_wait_recognition=True
arc_wait_main_welding=True
arc_wait_established=True
arc_establishment_timeout_s=5.0

[summary]
rx_samples=876
welding_samples=0
wcr_seen=0
current_a.min=None
current_a.average=None
current_a.max=None
voltage_v.min=None
voltage_v.average=None
voltage_v.max=None
wire_feed_m_min.min=None
wire_feed_m_min.average=None
wire_feed_m_min.max=None

[production_metrics]
arc_started_elapsed_s=None
arc_completed_elapsed_s=None
arc_on_time_s=0.0
main_weld_arc_time_s=0.0
crater_arc_time_s=0.0
weld_motion_start_elapsed_s=0.043456707999212085
weld_motion_complete_elapsed_s=35.081193388999964
weld_motion_duration_s=35.03773668100075
net_weld_arc_time_s=0.0
wire_feed_average_m_min=0.0
wire_consumable_base_mm=0.0
wire_consumable_alpha_mm=0.0
wire_consumable_mm=0.0
wire_consumable_formula=integral(WFS*1000/60*dt)+alpha
weld_motion_start_unix_time=1789528425.688219
weld_motion_start_wall_time=2026-09-16 12:13:45.688
weld_motion_complete_unix_time=1789528460.7259552
weld_motion_complete_wall_time=2026-09-16 12:14:20.725

[arc_off_control]

[teaching_snapshot_yaml]
robot_start:
  planning_group: right_manipulator
  joint_state:
    names:
    - right_manipulator_joint1
    - right_manipulator_joint2
    - right_manipulator_joint3
    - right_manipulator_joint4
    - right_manipulator_joint5
    - right_manipulator_joint6
    positions_rad:
    - 5.272090632984539
    - 1.1319069796756747
    - 2.106417676818249
    - 3.6901007738119302
    - 1.4686233526256796
    - 1.4680081624138712
  tcp_pose_world:
    position_m:
      x: 0.0593687026100857
      y: -1.566580876666292
      z: 0.8404797210507349
    orientation_xyzw:
      x: -0.435964943840794
      y: 0.633785310019272
      z: -0.5278153609885844
      w: -0.36008567487496485
weld_wait:
  planning_group: right_manipulator
  joint_state:
    names:
    - right_manipulator_joint1
    - right_manipulator_joint2
    - right_manipulator_joint3
    - right_manipulator_joint4
    - right_manipulator_joint5
    - right_manipulator_joint6
    positions_rad:
    - 5.298487353077186
    - 1.2695665753701975
    - 1.8988973736184953
    - 3.7149560562656396
    - 1.3724534098696102
    - 1.5394143022996754
  tcp_pose_world:
    position_m:
      x: 0.15265616248172292
      y: -1.6371269040256293
      z: 0.7070334890012251
    orientation_xyzw:
      x: -0.4091222549586806
      y: 0.6649595371663987
      z: -0.535318253845104
      w: -0.32230755735663724
weld_start_wait:
  planning_group: right_manipulator
  joint_state:
    names:
    - right_manipulator_joint1
    - right_manipulator_joint2
    - right_manipulator_joint3
    - right_manipulator_joint4
    - right_manipulator_joint5
    - right_manipulator_joint6
    positions_rad:
    - 5.283645023689957
    - 1.3016661886211405
    - 1.8412402023343888
    - 3.7030714335850523
    - 1.3509738172556307
    - 1.5251148583006584
  tcp_pose_world:
    position_m:
      x: 0.1584453369077392
      y: -1.668706269510984
      z: 0.6794388934220492
    orientation_xyzw:
      x: -0.40915278981783126
      y: 0.6649552253689487
      z: -0.535291590956429
      w: -0.322321974879392
weld_start:
  planning_group: right_manipulator
  joint_state:
    names:
    - right_manipulator_joint1
    - right_manipulator_joint2
    - right_manipulator_joint3
    - right_manipulator_joint4
    - right_manipulator_joint5
    - right_manipulator_joint6
    positions_rad:
    - 5.312285593125884
    - 1.3089484178692867
    - 1.7997841387429212
    - 3.8321146855278303
    - 1.324472387074831
    - 1.5029509264551024
  tcp_pose_world:
    position_m:
      x: 0.1582606914211344
      y: -1.6816306271311774
      z: 0.6736916080339003
    orientation_xyzw:
      x: -0.37702160240814364
      y: 0.6836857234715228
      z: -0.5193344052333201
      w: -0.3474482959805243
weld_goal_wait:
  planning_group: right_manipulator
  joint_state:
    names:
    - right_manipulator_joint1
    - right_manipulator_joint2
    - right_manipulator_joint3
    - right_manipulator_joint4
    - right_manipulator_joint5
    - right_manipulator_joint6
    positions_rad:
    - 5.340390594932929
    - 1.3007511264705893
    - 1.814342408482643
    - 3.7636104114847333
    - 1.328355190643424
    - 1.5086321548399946
  tcp_pose_world:
    position_m:
      x: 0.2148218046203929
      y: -1.6642972687613822
      z: 0.6805549186157998
    orientation_xyzw:
      x: -0.4091224247815551
      y: 0.6649515505832098
      z: -0.5353207879209054
      w: -0.3223196099178371
weld_end:
  planning_group: right_manipulator
  joint_state:
    names:
    - right_manipulator_joint1
    - right_manipulator_joint2
    - right_manipulator_joint3
    - right_manipulator_joint4
    - right_manipulator_joint5
    - right_manipulator_joint6
    positions_rad:
    - 5.362435283768569
    - 1.3103035167739026
    - 1.7644083107489972
    - 3.888625999996636
    - 1.3005841546705175
    - 1.477898891683453
  tcp_pose_world:
    position_m:
      x: 0.21454937149266987
      y: -1.6826007960432399
      z: 0.6740648902192187
    orientation_xyzw:
      x: -0.3769914468273735
      y: 0.6836806067903037
      z: -0.5193636816966424
      w: -0.3474473241404439
weld_finish:
  planning_group: right_manipulator
  joint_state:
    names:
    - right_manipulator_joint1
    - right_manipulator_joint2
    - right_manipulator_joint3
    - right_manipulator_joint4
    - right_manipulator_joint5
    - right_manipulator_joint6
    positions_rad:
    - 5.35910622580957
    - 1.269262841847874
    - 1.8630500269235382
    - 3.7799526331978957
    - 1.3424837928585125
    - 1.518846043410721
  tcp_pose_world:
    position_m:
      x: 0.21483870924918458
      y: -1.6371126833447565
      z: 0.707026178211138
    orientation_xyzw:
      x: -0.4091007993503337
      y: 0.6649575791128136
      z: -0.5353370411953684
      w: -0.3223076267722075

[touch_snapshot_yaml]
start_floor:
  position_m:
    x: 0.15836388392195666
    y: -1.6687407500701825
    z: 0.6736992070509
  orientation_xyzw:
    x: -0.4090796768525354
    y: 0.6649467601836309
    z: -0.5353648531985988
    w: -0.3223105615197259
start_wall:
  position_m:
    x: 0.15937772890842655
    y: -1.6816590637665625
    z: 0.6796540334060639
  orientation_xyzw:
    x: -0.4090600670258045
    y: 0.6649303166367906
    z: -0.5353932452882361
    w: -0.3223222122067801
goal_floor:
  position_m:
    x: 0.2146423894884788
    y: -1.6641952118938066
    z: 0.6740753801254666
  orientation_xyzw:
    x: -0.4091520762518808
    y: 0.6649700588681604
    z: -0.5352704287081771
    w: -0.32232742275241627
goal_wall:
  position_m:
    x: 0.21612483190781423
    y: -1.682637965868107
    z: 0.6805698429503664
  orientation_xyzw:
    x: -0.40913162467107794
    y: 0.6649497893175518
    z: -0.5353097784287776
    w: -0.3223298504623497

[samples]
elapsed_s raw0 state arc gas fwd wcr current_a voltage_v wire_feed_m_min set_current_a set_voltage_v error db collision
0.023 0x00 idle 0 0 0 0 0 0.0 0.0 190 23.5 0 0 0
0.061 0x00 idle 0 0 0 0 0 0.0 0.0 190 23.5 0 0 0
0.104 0x00 idle 0 0 0 0 0 0.0 0.0 190 23.5 0 0 0
0.138 0x00 idle 0 0 0 0 0 0.0 0.0 190 23.5 0 0 0
0.183 0x00 idle 0 0 0 0 0 0.0 0.0 190 23.5 0 0 0
0.217 0x00 idle 0 0 0 0 0 0.0 0.0 190 23.5 0 0 0
0.257 0x00 idle 0 0 0 0 0 0.0 0.0 190 23.5 0 0 0
0.298 0x00 idle 0 0 0 0 0 0.0 0.0 190 23.5 0 0 0
0.340 0x00 idle 0 0 0 0 0 0.0 0.0 190 23.5 0 0 0
0.380 0x00 idle 0 0 0 0 0 0.0 0.0 190 23.5 0 0 0
0.417 0x00 idle 0 0 0 0 0 0.0 0.0 190 23.5 0 0 0
0.457 0x00 idle 0 0 0 0 0 0.0 0.0 190 23.5 0 0 0
0.498 0x00 idle 0 0 0 0 0 0.0 0.0 190 23.5 0 0 0
0.537 0x00 idle 0 0 0 0 0 0.0 0.0 190 23.5 0 0 0
0.577 0x00 idle 0 0 0 0 0 0.0 0.0 190 23.5 0 0 0
0.618 0x00 idle 0 0 0 0 0 0.0 0.0 190 23.5 0 0 0
0.660 0x00 idle 0 0 0 0 0 0.0 0.0 190 23.5 0 0 0
0.701 0x00 idle 0 0 0 0 0 0.0 0.0 190 23.5 0 0 0
0.738 0x00 idle 0 0 0 0 0 0.0 0.0 190 23.5 0 0 0
0.779 0x00 idle 0 0 0 0 0 0.0 0.0 190 23.5 0 0 0
0.818 0x00 idle 0 0 0 0 0 0.0 0.0 190 23.5 0 0 0
0.858 0x00 idle 0 0 0 0 0 0.0 0.0 190 23.5 0 0 0
0.899 0x00 idle 0 0 0 0 0 0.0 0.0 190 23.5 0 0 0
0.941 0x00 idle 0 0 0 0 0 0.0 0.0 190 23.5 0 0 0
0.977 0x00 idle 0 0 0 0 0 0.0 0.0 190 23.5 0 0 0
1.018 0x00 idle 0 0 0 0 0 0.0 0.0 190 23.5 0 0 0
1.057 0x00 idle 0 0 0 0 0 0.0 0.0 190 23.5 0 0 0
1.098 0x00 idle 0 0 0 0 0 0.0 0.0 190 23.5 0 0 0
1.137 0x00 idle 0 0 0 0 0 0.0 0.0 190 23.5 0 0 0
1.178 0x00 idle 0 0 0 0 0 0.0 0.0 190 23.5 0 0 0
1.219 0x00 idle 0 0 0 0 0 0.0 0.0 190 23.5 0 0 0
1.257 0x00 idle 0 0 0 0 0 0.0 0.0 190 23.5 0 0 0
1.303 0x00 idle 0 0 0 0 0 0.0 0.0 190 23.5 0 0 0
1.336 0x00 idle 0 0 0 0 0 0.0 0.0 190 23.5 0 0 0
1.378 0x00 idle 0 0 0 0 0 0.0 0.0 190 23.5 0 0 0
1.419 0x00 idle 0 0 0 0 0 0.0 0.0 190 23.5 0 0 0
1.457 0x00 idle 0 0 0 0 0 0.0 0.0 190 23.5 0 0 0
1.502 0x00 idle 0 0 0 0 0 0.0 0.0 190 23.5 0 0 0
1.539 0x00 idle 0 0 0 0 0 0.0 0.0 190 23.5 0 0 0
1.578 0x00 idle 0 0 0 0 0 0.0 0.0 190 23.5 0 0 0
1.621 0x00 idle 0 0 0 0 0 0.0 0.0 190 23.5 0 0 0
1.659 0x00 idle 0 0 0 0 0 0.0 0.0 190 23.5 0 0 0
1.700 0x00 idle 0 0 0 0 0 0.0 0.0 190 23.5 0 0 0
1.741 0x00 idle 0 0 0 0 0 0.0 0.0 190 23.5 0 0 0
1.784 0x00 idle 0 0 0 0 0 0.0 0.0 190 23.5 0 0 0
1.821 0x00 idle 0 0 0 0 0 0.0 0.0 190 23.5 0 0 0
1.862 0x00 idle 0 0 0 0 0 0.0 0.0 190 23.5 0 0 0
1.899 0x00 idle 0 0 0 0 0 0.0 0.0 190 23.5 0 0 0
1.939 0x00 idle 0 0 0 0 0 0.0 0.0 190 23.5 0 0 0
1.977 0x00 idle 0 0 0 0 0 0.0 0.0 190 23.5 0 0 0
2.022 0x00 idle 0 0 0 0 0 0.0 0.0 190 23.5 0 0 0
2.059 0x00 idle 0 0 0 0 0 0.0 0.0 190 23.5 0 0 0
2.098 0x00 idle 0 0 0 0 0 0.0 0.0 190 23.5 0 0 0
2.137 0x00 idle 0 0 0 0 0 0.0 0.0 190 23.5 0 0 0
2.178 0x00 idle 0 0 0 0 0 0.0 0.0 190 23.5 0 0 0
2.217 0x00 idle 0 0 0 0 0 0.0 0.0 190 23.5 0 0 0
2.258 0x00 idle 0 0 0 0 0 0.0 0.0 190 23.5 0 0 0
2.298 0x00 idle 0 0 0 0 0 0.0 0.0 190 23.5 0 0 0
2.340 0x00 idle 0 0 0 0 0 0.0 0.0 190 23.5 0 0 0
2.378 0x00 idle 0 0 0 0 0 0.0 0.0 190 23.5 0 0 0
2.419 0x00 idle 0 0 0 0 0 0.0 0.0 190 23.5 0 0 0
2.459 0x00 idle 0 0 0 0 0 0.0 0.0 190 23.5 0 0 0
2.499 0x00 idle 0 0 0 0 0 0.0 0.0 190 23.5 0 0 0
2.542 0x00 idle 0 0 0 0 0 0.0 0.0 190 23.5 0 0 0
2.580 0x00 idle 0 0 0 0 0 0.0 0.0 190 23.5 0 0 0
2.626 0x00 idle 0 0 0 0 0 0.0 0.0 190 23.5 0 0 0
2.659 0x00 idle 0 0 0 0 0 0.0 0.0 190 23.5 0 0 0
2.697 0x00 idle 0 0 0 0 0 0.0 0.0 190 23.5 0 0 0
2.741 0x00 idle 0 0 0 0 0 0.0 0.0 190 23.5 0 0 0
2.779 0x00 idle 0 0 0 0 0 0.0 0.0 190 23.5 0 0 0
2.819 0x00 idle 0 0 0 0 0 0.0 0.0 190 23.5 0 0 0
2.858 0x00 idle 0 0 0 0 0 0.0 0.0 190 23.5 0 0 0
2.898 0x00 idle 0 0 0 0 0 0.0 0.0 190 23.5 0 0 0
2.938 0x00 idle 0 0 0 0 0 0.0 0.0 190 23.5 0 0 0
2.977 0x00 idle 0 0 0 0 0 0.0 0.0 190 23.5 0 0 0
3.017 0x00 idle 0 0 0 0 0 0.0 0.0 190 23.5 0 0 0
3.060 0x00 idle 0 0 0 0 0 0.0 0.0 190 23.5 0 0 0
3.097 0x00 idle 0 0 0 0 0 0.0 0.0 190 23.5 0 0 0
3.139 0x00 idle 0 0 0 0 0 0.0 0.0 190 23.5 0 0 0
3.180 0x00 idle 0 0 0 0 0 0.0 0.0 190 23.5 0 0 0
3.217 0x00 idle 0 0 0 0 0 0.0 0.0 190 23.5 0 0 0
3.261 0x00 idle 0 0 0 0 0 0.0 0.0 190 23.5 0 0 0
3.302 0x00 idle 0 0 0 0 0 0.0 0.0 190 23.5 0 0 0
3.341 0x00 idle 0 0 0 0 0 0.0 0.0 190 23.5 0 0 0
3.380 0x00 idle 0 0 0 0 0 0.0 0.0 190 23.5 0 0 0
3.424 0x00 idle 0 0 0 0 0 0.0 0.0 190 23.5 0 0 0
3.463 0x00 idle 0 0 0 0 0 0.0 0.0 190 23.5 0 0 0
3.502 0x00 idle 0 0 0 0 0 0.0 0.0 190 23.5 0 0 0
3.539 0x00 idle 0 0 0 0 0 0.0 0.0 190 23.5 0 0 0
3.579 0x00 idle 0 0 0 0 0 0.0 0.0 190 23.5 0 0 0
3.620 0x00 idle 0 0 0 0 0 0.0 0.0 190 23.5 0 0 0
3.658 0x00 idle 0 0 0 0 0 0.0 0.0 190 23.5 0 0 0
3.700 0x00 idle 0 0 0 0 0 0.0 0.0 190 23.5 0 0 0
3.740 0x00 idle 0 0 0 0 0 0.0 0.0 190 23.5 0 0 0
3.781 0x00 idle 0 0 0 0 0 0.0 0.0 190 23.5 0 0 0
3.820 0x00 idle 0 0 0 0 0 0.0 0.0 190 23.5 0 0 0
3.860 0x00 idle 0 0 0 0 0 0.0 0.0 190 23.5 0 0 0
3.899 0x00 idle 0 0 0 0 0 0.0 0.0 190 23.5 0 0 0
3.940 0x00 idle 0 0 0 0 0 0.0 0.0 190 23.5 0 0 0
3.986 0x00 idle 0 0 0 0 0 0.0 0.0 190 23.5 0 0 0
4.024 0x00 idle 0 0 0 0 0 0.0 0.0 190 23.5 0 0 0
4.059 0x00 idle 0 0 0 0 0 0.0 0.0 190 23.5 0 0 0
4.101 0x00 idle 0 0 0 0 0 0.0 0.0 190 23.5 0 0 0
4.139 0x00 idle 0 0 0 0 0 0.0 0.0 190 23.5 0 0 0
4.179 0x00 idle 0 0 0 0 0 0.0 0.0 190 23.5 0 0 0
4.217 0x00 idle 0 0 0 0 0 0.0 0.0 190 23.5 0 0 0
4.259 0x00 idle 0 0 0 0 0 0.0 0.0 190 23.5 0 0 0
4.303 0x00 idle 0 0 0 0 0 0.0 0.0 190 23.5 0 0 0
4.343 0x00 idle 0 0 0 0 0 0.0 0.0 190 23.5 0 0 0
4.380 0x00 idle 0 0 0 0 0 0.0 0.0 190 23.5 0 0 0
4.417 0x00 idle 0 0 0 0 0 0.0 0.0 190 23.5 0 0 0
4.460 0x00 idle 0 0 0 0 0 0.0 0.0 190 23.5 0 0 0
4.499 0x00 idle 0 0 0 0 0 0.0 0.0 190 23.5 0 0 0
4.537 0x00 idle 0 0 0 0 0 0.0 0.0 190 23.5 0 0 0
4.582 0x00 idle 0 0 0 0 0 0.0 0.0 190 23.5 0 0 0
4.617 0x00 idle 0 0 0 0 0 0.0 0.0 190 23.5 0 0 0
4.658 0x00 idle 0 0 0 0 0 0.0 0.0 190 23.5 0 0 0
4.702 0x00 idle 0 0 0 0 0 0.0 0.0 190 23.5 0 0 0
4.737 0x00 idle 0 0 0 0 0 0.0 0.0 190 23.5 0 0 0
4.777 0x00 idle 0 0 0 0 0 0.0 0.0 190 23.5 0 0 0
4.820 0x00 idle 0 0 0 0 0 0.0 0.0 190 23.5 0 0 0
4.861 0x00 idle 0 0 0 0 0 0.0 0.0 190 23.5 0 0 0
4.899 0x00 idle 0 0 0 0 0 0.0 0.0 190 23.5 0 0 0
4.939 0x00 idle 0 0 0 0 0 0.0 0.0 190 23.5 0 0 0
4.978 0x00 idle 0 0 0 0 0 0.0 0.0 190 23.5 0 0 0
5.019 0x00 idle 0 0 0 0 0 0.0 0.0 190 23.5 0 0 0
5.057 0x00 idle 0 0 0 0 0 0.0 0.0 190 23.5 0 0 0
5.099 0x00 idle 0 0 0 0 0 0.0 0.0 190 23.5 0 0 0
5.139 0x00 idle 0 0 0 0 0 0.0 0.0 190 23.5 0 0 0
5.179 0x00 idle 0 0 0 0 0 0.0 0.0 190 23.5 0 0 0
5.218 0x00 idle 0 0 0 0 0 0.0 0.0 190 23.5 0 0 0
5.258 0x00 idle 0 0 0 0 0 0.0 0.0 190 23.5 0 0 0
5.299 0x00 idle 0 0 0 0 0 0.0 0.0 190 23.5 0 0 0
5.338 0x00 idle 0 0 0 0 0 0.0 0.0 190 23.5 0 0 0
5.385 0x00 idle 0 0 0 0 0 0.0 0.0 190 23.5 0 0 0
5.419 0x00 idle 0 0 0 0 0 0.0 0.0 190 23.5 0 0 0
5.460 0x00 idle 0 0 0 0 0 0.0 0.0 190 23.5 0 0 0
5.499 0x00 idle 0 0 0 0 0 0.0 0.0 190 23.5 0 0 0
5.542 0x00 idle 0 0 0 0 0 0.0 0.0 190 23.5 0 0 0
5.578 0x00 idle 0 0 0 0 0 0.0 0.0 190 23.5 0 0 0
5.619 0x00 idle 0 0 0 0 0 0.0 0.0 190 23.5 0 0 0
5.659 0x00 idle 0 0 0 0 0 0.0 0.0 190 23.5 0 0 0
5.699 0x00 idle 0 0 0 0 0 0.0 0.0 190 23.5 0 0 0
5.737 0x00 idle 0 0 0 0 0 0.0 0.0 190 23.5 0 0 0
5.781 0x00 idle 0 0 0 0 0 0.0 0.0 190 23.5 0 0 0
5.819 0x00 idle 0 0 0 0 0 0.0 0.0 190 23.5 0 0 0
5.858 0x00 idle 0 0 0 0 0 0.0 0.0 190 23.5 0 0 0
5.900 0x00 idle 0 0 0 0 0 0.0 0.0 190 23.5 0 0 0
5.938 0x00 idle 0 0 0 0 0 0.0 0.0 190 23.5 0 0 0
5.982 0x00 idle 0 0 0 0 0 0.0 0.0 190 23.5 0 0 0
6.019 0x00 idle 0 0 0 0 0 0.0 0.0 190 23.5 0 0 0
6.061 0x00 idle 0 0 0 0 0 0.0 0.0 190 23.5 0 0 0
6.098 0x00 idle 0 0 0 0 0 0.0 0.0 190 23.5 0 0 0
6.139 0x00 idle 0 0 0 0 0 0.0 0.0 190 23.5 0 0 0
6.178 0x00 idle 0 0 0 0 0 0.0 0.0 190 23.5 0 0 0
6.219 0x00 idle 0 0 0 0 0 0.0 0.0 190 23.5 0 0 0
6.259 0x00 idle 0 0 0 0 0 0.0 0.0 190 23.5 0 0 0
6.298 0x00 idle 0 0 0 0 0 0.0 0.0 190 23.5 0 0 0
6.340 0x00 idle 0 0 0 0 0 0.0 0.0 190 23.5 0 0 0
6.378 0x00 idle 0 0 0 0 0 0.0 0.0 190 23.5 0 0 0
6.419 0x00 idle 0 0 0 0 0 0.0 0.0 190 23.5 0 0 0
6.458 0x00 idle 0 0 0 0 0 0.0 0.0 190 23.5 0 0 0
6.500 0x00 idle 0 0 0 0 0 0.0 0.0 190 23.5 0 0 0
6.540 0x00 idle 0 0 0 0 0 0.0 0.0 190 23.5 0 0 0
6.578 0x00 idle 0 0 0 0 0 0.0 0.0 190 23.5 0 0 0
6.619 0x00 idle 0 0 0 0 0 0.0 0.0 190 23.5 0 0 0
6.657 0x00 idle 0 0 0 0 0 0.0 0.0 190 23.5 0 0 0
6.699 0x00 idle 0 0 0 0 0 0.0 0.0 190 23.5 0 0 0
6.738 0x00 idle 0 0 0 0 0 0.0 0.0 190 23.5 0 0 0
6.785 0x00 idle 0 0 0 0 0 0.0 0.0 190 23.5 0 0 0
6.821 0x00 idle 0 0 0 0 0 0.0 0.0 190 23.5 0 0 0
6.857 0x00 idle 0 0 0 0 0 0.0 0.0 190 23.5 0 0 0
6.904 0x00 idle 0 0 0 0 0 0.0 0.0 190 23.5 0 0 0
6.941 0x00 idle 0 0 0 0 0 0.0 0.0 190 23.5 0 0 0
6.979 0x00 idle 0 0 0 0 0 0.0 0.0 190 23.5 0 0 0
7.028 0x00 idle 0 0 0 0 0 0.0 0.0 190 23.5 0 0 0
7.061 0x00 idle 0 0 0 0 0 0.0 0.0 190 23.5 0 0 0
7.099 0x00 idle 0 0 0 0 0 0.0 0.0 190 23.5 0 0 0
7.141 0x00 idle 0 0 0 0 0 0.0 0.0 190 23.5 0 0 0
7.179 0x00 idle 0 0 0 0 0 0.0 0.0 190 23.5 0 0 0
7.219 0x00 idle 0 0 0 0 0 0.0 0.0 190 23.5 0 0 0
7.258 0x00 idle 0 0 0 0 0 0.0 0.0 190 23.5 0 0 0
7.299 0x00 idle 0 0 0 0 0 0.0 0.0 190 23.5 0 0 0
7.343 0x00 idle 0 0 0 0 0 0.0 0.0 190 23.5 0 0 0
7.383 0x00 idle 0 0 0 0 0 0.0 0.0 190 23.5 0 0 0
7.420 0x00 idle 0 0 0 0 0 0.0 0.0 190 23.5 0 0 0
7.458 0x00 idle 0 0 0 0 0 0.0 0.0 190 23.5 0 0 0
7.500 0x00 idle 0 0 0 0 0 0.0 0.0 190 23.5 0 0 0
7.542 0x00 idle 0 0 0 0 0 0.0 0.0 190 23.5 0 0 0
7.579 0x00 idle 0 0 0 0 0 0.0 0.0 190 23.5 0 0 0
7.619 0x00 idle 0 0 0 0 0 0.0 0.0 190 23.5 0 0 0
7.660 0x00 idle 0 0 0 0 0 0.0 0.0 190 23.5 0 0 0
7.699 0x00 idle 0 0 0 0 0 0.0 0.0 190 23.5 0 0 0
7.741 0x00 idle 0 0 0 0 0 0.0 0.0 190 23.5 0 0 0
7.778 0x00 idle 0 0 0 0 0 0.0 0.0 190 23.5 0 0 0
7.819 0x00 idle 0 0 0 0 0 0.0 0.0 190 23.5 0 0 0
7.859 0x00 idle 0 0 0 0 0 0.0 0.0 190 23.5 0 0 0
7.900 0x00 idle 0 0 0 0 0 0.0 0.0 190 23.5 0 0 0
7.949 0x00 idle 0 0 0 0 0 0.0 0.0 190 23.5 0 0 0
7.983 0x00 idle 0 0 0 0 0 0.0 0.0 190 23.5 0 0 0
8.023 0x00 idle 0 0 0 0 0 0.0 0.0 190 23.5 0 0 0
8.057 0x00 idle 0 0 0 0 0 0.0 0.0 190 23.5 0 0 0
8.099 0x00 idle 0 0 0 0 0 0.0 0.0 190 23.5 0 0 0
8.140 0x00 idle 0 0 0 0 0 0.0 0.0 190 23.5 0 0 0
8.179 0x00 idle 0 0 0 0 0 0.0 0.0 190 23.5 0 0 0
8.221 0x00 idle 0 0 0 0 0 0.0 0.0 190 23.5 0 0 0
8.259 0x00 idle 0 0 0 0 0 0.0 0.0 190 23.5 0 0 0
8.299 0x00 idle 0 0 0 0 0 0.0 0.0 190 23.5 0 0 0
8.343 0x00 idle 0 0 0 0 0 0.0 0.0 190 23.5 0 0 0
8.379 0x00 idle 0 0 0 0 0 0.0 0.0 190 23.5 0 0 0
8.420 0x00 idle 0 0 0 0 0 0.0 0.0 190 23.5 0 0 0
8.459 0x00 idle 0 0 0 0 0 0.0 0.0 190 23.5 0 0 0
8.500 0x00 idle 0 0 0 0 0 0.0 0.0 190 23.5 0 0 0
8.540 0x00 idle 0 0 0 0 0 0.0 0.0 190 23.5 0 0 0
8.579 0x00 idle 0 0 0 0 0 0.0 0.0 190 23.5 0 0 0
8.617 0x00 idle 0 0 0 0 0 0.0 0.0 190 23.5 0 0 0
8.657 0x00 idle 0 0 0 0 0 0.0 0.0 190 23.5 0 0 0
8.700 0x00 idle 0 0 0 0 0 0.0 0.0 190 23.5 0 0 0
8.740 0x00 idle 0 0 0 0 0 0.0 0.0 190 23.5 0 0 0
8.779 0x00 idle 0 0 0 0 0 0.0 0.0 190 23.5 0 0 0
8.817 0x00 idle 0 0 0 0 0 0.0 0.0 190 23.5 0 0 0
8.857 0x00 idle 0 0 0 0 0 0.0 0.0 190 23.5 0 0 0
8.898 0x00 idle 0 0 0 0 0 0.0 0.0 190 23.5 0 0 0
8.938 0x00 idle 0 0 0 0 0 0.0 0.0 190 23.5 0 0 0
8.978 0x00 idle 0 0 0 0 0 0.0 0.0 190 23.5 0 0 0
9.019 0x00 idle 0 0 0 0 0 0.0 0.0 190 23.5 0 0 0
9.058 0x00 idle 0 0 0 0 0 0.0 0.0 190 23.5 0 0 0
9.098 0x00 idle 0 0 0 0 0 0.0 0.0 190 23.5 0 0 0
9.139 0x00 idle 0 0 0 0 0 0.0 0.0 190 23.5 0 0 0
9.178 0x00 idle 0 0 0 0 0 0.0 0.0 190 23.5 0 0 0
9.219 0x00 idle 0 0 0 0 0 0.0 0.0 190 23.5 0 0 0
9.260 0x00 idle 0 0 0 0 0 0.0 0.0 190 23.5 0 0 0
9.300 0x00 idle 0 0 0 0 0 0.0 0.0 190 23.5 0 0 0
9.344 0x00 idle 0 0 0 0 0 0.0 0.0 190 23.5 0 0 0
9.378 0x00 idle 0 0 0 0 0 0.0 0.0 190 23.5 0 0 0
9.418 0x00 idle 0 0 0 0 0 0.0 0.0 190 23.5 0 0 0
9.459 0x00 idle 0 0 0 0 0 0.0 0.0 190 23.5 0 0 0
9.500 0x00 idle 0 0 0 0 0 0.0 0.0 190 23.5 0 0 0
9.540 0x00 idle 0 0 0 0 0 0.0 0.0 190 23.5 0 0 0
9.579 0x00 idle 0 0 0 0 0 0.0 0.0 190 23.5 0 0 0
9.620 0x00 idle 0 0 0 0 0 0.0 0.0 190 23.5 0 0 0
9.659 0x00 idle 0 0 0 0 0 0.0 0.0 190 23.5 0 0 0
9.700 0x00 idle 0 0 0 0 0 0.0 0.0 190 23.5 0 0 0
9.738 0x00 idle 0 0 0 0 0 0.0 0.0 190 23.5 0 0 0
9.779 0x00 idle 0 0 0 0 0 0.0 0.0 190 23.5 0 0 0
9.817 0x00 idle 0 0 0 0 0 0.0 0.0 190 23.5 0 0 0
9.861 0x00 idle 0 0 0 0 0 0.0 0.0 190 23.5 0 0 0
9.903 0x00 idle 0 0 0 0 0 0.0 0.0 190 23.5 0 0 0
9.938 0x00 idle 0 0 0 0 0 0.0 0.0 190 23.5 0 0 0
9.978 0x00 idle 0 0 0 0 0 0.0 0.0 190 23.5 0 0 0
10.018 0x00 idle 0 0 0 0 0 0.0 0.0 190 23.5 0 0 0
10.060 0x00 idle 0 0 0 0 0 0.0 0.0 190 23.5 0 0 0
10.101 0x00 idle 0 0 0 0 0 0.0 0.0 190 23.5 0 0 0
10.140 0x00 idle 0 0 0 0 0 0.0 0.0 190 23.5 0 0 0
10.184 0x00 idle 0 0 0 0 0 0.0 0.0 190 23.5 0 0 0
10.218 0x00 idle 0 0 0 0 0 0.0 0.0 190 23.5 0 0 0
10.260 0x00 idle 0 0 0 0 0 0.0 0.0 190 23.5 0 0 0
10.299 0x00 idle 0 0 0 0 0 0.0 0.0 190 23.5 0 0 0
10.338 0x00 idle 0 0 0 0 0 0.0 0.0 190 23.5 0 0 0
10.379 0x00 idle 0 0 0 0 0 0.0 0.0 190 23.5 0 0 0
10.421 0x00 idle 0 0 0 0 0 0.0 0.0 190 23.5 0 0 0
10.462 0x00 idle 0 0 0 0 0 0.0 0.0 190 23.5 0 0 0
10.498 0x00 idle 0 0 0 0 0 0.0 0.0 190 23.5 0 0 0
10.538 0x00 idle 0 0 0 0 0 0.0 0.0 190 23.5 0 0 0
10.578 0x00 idle 0 0 0 0 0 0.0 0.0 190 23.5 0 0 0
10.620 0x00 idle 0 0 0 0 0 0.0 0.0 190 23.5 0 0 0
10.659 0x00 idle 0 0 0 0 0 0.0 0.0 190 23.5 0 0 0
10.699 0x00 idle 0 0 0 0 0 0.0 0.0 190 23.5 0 0 0
10.743 0x00 idle 0 0 0 0 0 0.0 0.0 190 23.5 0 0 0
10.781 0x00 idle 0 0 0 0 0 0.0 0.0 190 23.5 0 0 0
10.819 0x00 idle 0 0 0 0 0 0.0 0.0 190 23.5 0 0 0
10.860 0x00 idle 0 0 0 0 0 0.0 0.0 190 23.5 0 0 0
10.899 0x00 idle 0 0 0 0 0 0.0 0.0 190 23.5 0 0 0
10.938 0x00 idle 0 0 0 0 0 0.0 0.0 190 23.5 0 0 0
10.977 0x00 idle 0 0 0 0 0 0.0 0.0 190 23.5 0 0 0
11.022 0x00 idle 0 0 0 0 0 0.0 0.0 190 23.5 0 0 0
11.061 0x00 idle 0 0 0 0 0 0.0 0.0 190 23.5 0 0 0
11.098 0x00 idle 0 0 0 0 0 0.0 0.0 190 23.5 0 0 0
11.141 0x00 idle 0 0 0 0 0 0.0 0.0 190 23.5 0 0 0
11.183 0x00 idle 0 0 0 0 0 0.0 0.0 190 23.5 0 0 0
11.218 0x00 idle 0 0 0 0 0 0.0 0.0 190 23.5 0 0 0
11.259 0x00 idle 0 0 0 0 0 0.0 0.0 190 23.5 0 0 0
11.300 0x00 idle 0 0 0 0 0 0.0 0.0 190 23.5 0 0 0
11.337 0x00 idle 0 0 0 0 0 0.0 0.0 190 23.5 0 0 0
11.378 0x00 idle 0 0 0 0 0 0.0 0.0 190 23.5 0 0 0
11.418 0x00 idle 0 0 0 0 0 0.0 0.0 190 23.5 0 0 0
11.458 0x00 idle 0 0 0 0 0 0.0 0.0 190 23.5 0 0 0
11.500 0x00 idle 0 0 0 0 0 0.0 0.0 190 23.5 0 0 0
11.539 0x00 idle 0 0 0 0 0 0.0 0.0 190 23.5 0 0 0
11.582 0x00 idle 0 0 0 0 0 0.0 0.0 190 23.5 0 0 0
11.618 0x00 idle 0 0 0 0 0 0.0 0.0 190 23.5 0 0 0
11.657 0x00 idle 0 0 0 0 0 0.0 0.0 190 23.5 0 0 0
11.699 0x00 idle 0 0 0 0 0 0.0 0.0 190 23.5 0 0 0
11.739 0x00 idle 0 0 0 0 0 0.0 0.0 190 23.5 0 0 0
11.780 0x00 idle 0 0 0 0 0 0.0 0.0 190 23.5 0 0 0
11.820 0x00 idle 0 0 0 0 0 0.0 0.0 190 23.5 0 0 0
11.864 0x00 idle 0 0 0 0 0 0.0 0.0 190 23.5 0 0 0
11.898 0x00 idle 0 0 0 0 0 0.0 0.0 190 23.5 0 0 0
11.940 0x00 idle 0 0 0 0 0 0.0 0.0 190 23.5 0 0 0
11.981 0x00 idle 0 0 0 0 0 0.0 0.0 190 23.5 0 0 0
12.019 0x00 idle 0 0 0 0 0 0.0 0.0 190 23.5 0 0 0
12.059 0x00 idle 0 0 0 0 0 0.0 0.0 190 23.5 0 0 0
12.102 0x00 idle 0 0 0 0 0 0.0 0.0 190 23.5 0 0 0
12.139 0x00 idle 0 0 0 0 0 0.0 0.0 190 23.5 0 0 0
12.178 0x00 idle 0 0 0 0 0 0.0 0.0 190 23.5 0 0 0
12.218 0x00 idle 0 0 0 0 0 0.0 0.0 190 23.5 0 0 0
12.260 0x00 idle 0 0 0 0 0 0.0 0.0 190 23.5 0 0 0
12.300 0x00 idle 0 0 0 0 0 0.0 0.0 190 23.5 0 0 0
12.338 0x00 idle 0 0 0 0 0 0.0 0.0 190 23.5 0 0 0
12.381 0x00 idle 0 0 0 0 0 0.0 0.0 190 23.5 0 0 0
12.421 0x00 idle 0 0 0 0 0 0.0 0.0 190 23.5 0 0 0
12.457 0x00 idle 0 0 0 0 0 0.0 0.0 190 23.5 0 0 0
12.498 0x00 idle 0 0 0 0 0 0.0 0.0 190 23.5 0 0 0
12.540 0x00 idle 0 0 0 0 0 0.0 0.0 190 23.5 0 0 0
12.578 0x00 idle 0 0 0 0 0 0.0 0.0 190 23.5 0 0 0
12.618 0x00 idle 0 0 0 0 0 0.0 0.0 190 23.5 0 0 0
12.658 0x00 idle 0 0 0 0 0 0.0 0.0 190 23.5 0 0 0
12.700 0x00 idle 0 0 0 0 0 0.0 0.0 190 23.5 0 0 0
12.739 0x00 idle 0 0 0 0 0 0.0 0.0 190 23.5 0 0 0
12.781 0x00 idle 0 0 0 0 0 0.0 0.0 190 23.5 0 0 0
12.820 0x00 idle 0 0 0 0 0 0.0 0.0 190 23.5 0 0 0
12.861 0x00 idle 0 0 0 0 0 0.0 0.0 190 23.5 0 0 0
12.899 0x00 idle 0 0 0 0 0 0.0 0.0 190 23.5 0 0 0
12.941 0x00 idle 0 0 0 0 0 0.0 0.0 190 23.5 0 0 0
12.985 0x00 idle 0 0 0 0 0 0.0 0.0 190 23.5 0 0 0
13.019 0x00 idle 0 0 0 0 0 0.0 0.0 190 23.5 0 0 0
13.063 0x00 idle 0 0 0 0 0 0.0 0.0 190 23.5 0 0 0
13.100 0x00 idle 0 0 0 0 0 0.0 0.0 190 23.5 0 0 0
13.139 0x00 idle 0 0 0 0 0 0.0 0.0 190 23.5 0 0 0
13.181 0x00 idle 0 0 0 0 0 0.0 0.0 190 23.5 0 0 0
13.219 0x00 idle 0 0 0 0 0 0.0 0.0 190 23.5 0 0 0
13.265 0x00 idle 0 0 0 0 0 0.0 0.0 190 23.5 0 0 0
13.301 0x00 idle 0 0 0 0 0 0.0 0.0 190 23.5 0 0 0
13.342 0x00 idle 0 0 0 0 0 0.0 0.0 190 23.5 0 0 0
13.377 0x00 idle 0 0 0 0 0 0.0 0.0 190 23.5 0 0 0
13.419 0x00 idle 0 0 0 0 0 0.0 0.0 190 23.5 0 0 0
13.459 0x00 idle 0 0 0 0 0 0.0 0.0 190 23.5 0 0 0
13.498 0x00 idle 0 0 0 0 0 0.0 0.0 190 23.5 0 0 0
13.540 0x00 idle 0 0 0 0 0 0.0 0.0 190 23.5 0 0 0
13.578 0x00 idle 0 0 0 0 0 0.0 0.0 190 23.5 0 0 0
13.617 0x00 idle 0 0 0 0 0 0.0 0.0 190 23.5 0 0 0
13.659 0x00 idle 0 0 0 0 0 0.0 0.0 190 23.5 0 0 0
13.698 0x00 idle 0 0 0 0 0 0.0 0.0 190 23.5 0 0 0
13.740 0x00 idle 0 0 0 0 0 0.0 0.0 190 23.5 0 0 0
13.780 0x00 idle 0 0 0 0 0 0.0 0.0 190 23.5 0 0 0
13.819 0x00 idle 0 0 0 0 0 0.0 0.0 190 23.5 0 0 0
13.859 0x00 idle 0 0 0 0 0 0.0 0.0 190 23.5 0 0 0
13.901 0x00 idle 0 0 0 0 0 0.0 0.0 190 23.5 0 0 0
13.947 0x00 idle 0 0 0 0 0 0.0 0.0 190 23.5 0 0 0
13.981 0x00 idle 0 0 0 0 0 0.0 0.0 190 23.5 0 0 0
14.019 0x00 idle 0 0 0 0 0 0.0 0.0 190 23.5 0 0 0
14.061 0x00 idle 0 0 0 0 0 0.0 0.0 190 23.5 0 0 0
14.103 0x00 idle 0 0 0 0 0 0.0 0.0 190 23.5 0 0 0
14.140 0x00 idle 0 0 0 0 0 0.0 0.0 190 23.5 0 0 0
14.181 0x00 idle 0 0 0 0 0 0.0 0.0 190 23.5 0 0 0
14.226 0x00 idle 0 0 0 0 0 0.0 0.0 190 23.5 0 0 0
14.263 0x00 idle 0 0 0 0 0 0.0 0.0 190 23.5 0 0 0
14.299 0x00 idle 0 0 0 0 0 0.0 0.0 190 23.5 0 0 0
14.349 0x00 idle 0 0 0 0 0 0.0 0.0 190 23.5 0 0 0
14.382 0x00 idle 0 0 0 0 0 0.0 0.0 190 23.5 0 0 0
14.419 0x00 idle 0 0 0 0 0 0.0 0.0 190 23.5 0 0 0
14.460 0x00 idle 0 0 0 0 0 0.0 0.0 190 23.5 0 0 0
14.501 0x00 idle 0 0 0 0 0 0.0 0.0 190 23.5 0 0 0
14.539 0x00 idle 0 0 0 0 0 0.0 0.0 190 23.5 0 0 0
14.582 0x00 idle 0 0 0 0 0 0.0 0.0 190 23.5 0 0 0
14.621 0x00 idle 0 0 0 0 0 0.0 0.0 190 23.5 0 0 0
14.664 0x00 idle 0 0 0 0 0 0.0 0.0 190 23.5 0 0 0
14.699 0x00 idle 0 0 0 0 0 0.0 0.0 190 23.5 0 0 0
14.739 0x00 idle 0 0 0 0 0 0.0 0.0 190 23.5 0 0 0
14.778 0x00 idle 0 0 0 0 0 0.0 0.0 190 23.5 0 0 0
14.820 0x00 idle 0 0 0 0 0 0.0 0.0 190 23.5 0 0 0
14.858 0x00 idle 0 0 0 0 0 0.0 0.0 190 23.5 0 0 0
14.901 0x00 idle 0 0 0 0 0 0.0 0.0 190 23.5 0 0 0
14.943 0x00 idle 0 0 0 0 0 0.0 0.0 190 23.5 0 0 0
14.979 0x00 idle 0 0 0 0 0 0.0 0.0 190 23.5 0 0 0
15.019 0x00 idle 0 0 0 0 0 0.0 0.0 190 23.5 0 0 0
15.058 0x00 idle 0 0 0 0 0 0.0 0.0 190 23.5 0 0 0
15.097 0x00 idle 0 0 0 0 0 0.0 0.0 190 23.5 0 0 0
15.138 0x00 idle 0 0 0 0 0 0.0 0.0 190 23.5 0 0 0
15.188 0x00 idle 0 0 0 0 0 0.0 0.0 190 23.5 0 0 0
15.220 0x00 idle 0 0 0 0 0 0.0 0.0 190 23.5 0 0 0
15.259 0x00 idle 0 0 0 0 0 0.0 0.0 190 23.5 0 0 0
15.298 0x00 idle 0 0 0 0 0 0.0 0.0 190 23.5 0 0 0
15.341 0x00 idle 0 0 0 0 0 0.0 0.0 190 23.5 0 0 0
15.386 0x00 idle 0 0 0 0 0 0.0 0.0 190 23.5 0 0 0
15.423 0x00 idle 0 0 0 0 0 0.0 0.0 190 23.5 0 0 0
15.461 0x00 idle 0 0 0 0 0 0.0 0.0 190 23.5 0 0 0
15.502 0x00 idle 0 0 0 0 0 0.0 0.0 190 23.5 0 0 0
15.541 0x00 idle 0 0 0 0 0 0.0 0.0 190 23.5 0 0 0
15.583 0x00 idle 0 0 0 0 0 0.0 0.0 190 23.5 0 0 0
15.621 0x00 idle 0 0 0 0 0 0.0 0.0 190 23.5 0 0 0
15.659 0x00 idle 0 0 0 0 0 0.0 0.0 190 23.5 0 0 0
15.700 0x00 idle 0 0 0 0 0 0.0 0.0 190 23.5 0 0 0
15.741 0x00 idle 0 0 0 0 0 0.0 0.0 190 23.5 0 0 0
15.782 0x00 idle 0 0 0 0 0 0.0 0.0 190 23.5 0 0 0
15.817 0x00 idle 0 0 0 0 0 0.0 0.0 190 23.5 0 0 0
15.861 0x00 idle 0 0 0 0 0 0.0 0.0 190 23.5 0 0 0
15.902 0x00 idle 0 0 0 0 0 0.0 0.0 190 23.5 0 0 0
15.942 0x00 idle 0 0 0 0 0 0.0 0.0 190 23.5 0 0 0
15.979 0x00 idle 0 0 0 0 0 0.0 0.0 190 23.5 0 0 0
16.023 0x00 idle 0 0 0 0 0 0.0 0.0 190 23.5 0 0 0
16.061 0x00 idle 0 0 0 0 0 0.0 0.0 190 23.5 0 0 0
16.099 0x00 idle 0 0 0 0 0 0.0 0.0 190 23.5 0 0 0
16.140 0x00 idle 0 0 0 0 0 0.0 0.0 190 23.5 0 0 0
16.179 0x00 idle 0 0 0 0 0 0.0 0.0 190 23.5 0 0 0
16.219 0x00 idle 0 0 0 0 0 0.0 0.0 190 23.5 0 0 0
16.259 0x00 idle 0 0 0 0 0 0.0 0.0 190 23.5 0 0 0
16.299 0x00 idle 0 0 0 0 0 0.0 0.0 190 23.5 0 0 0
16.342 0x00 idle 0 0 0 0 0 0.0 0.0 190 23.5 0 0 0
16.382 0x00 idle 0 0 0 0 0 0.0 0.0 190 23.5 0 0 0
16.416 0x00 idle 0 0 0 0 0 0.0 0.0 190 23.5 0 0 0
16.462 0x00 idle 0 0 0 0 0 0.0 0.0 190 23.5 0 0 0
16.499 0x00 idle 0 0 0 0 0 0.0 0.0 190 23.5 0 0 0
16.540 0x00 idle 0 0 0 0 0 0.0 0.0 190 23.5 0 0 0
16.579 0x00 idle 0 0 0 0 0 0.0 0.0 190 23.5 0 0 0
16.622 0x00 idle 0 0 0 0 0 0.0 0.0 190 23.5 0 0 0
16.660 0x00 idle 0 0 0 0 0 0.0 0.0 190 23.5 0 0 0
16.700 0x00 idle 0 0 0 0 0 0.0 0.0 190 23.5 0 0 0
16.740 0x00 idle 0 0 0 0 0 0.0 0.0 190 23.5 0 0 0
16.780 0x00 idle 0 0 0 0 0 0.0 0.0 190 23.5 0 0 0
16.819 0x00 idle 0 0 0 0 0 0.0 0.0 190 23.5 0 0 0
16.860 0x00 idle 0 0 0 0 0 0.0 0.0 190 23.5 0 0 0
16.902 0x00 idle 0 0 0 0 0 0.0 0.0 190 23.5 0 0 0
16.940 0x00 idle 0 0 0 0 0 0.0 0.0 190 23.5 0 0 0
16.979 0x00 idle 0 0 0 0 0 0.0 0.0 190 23.5 0 0 0
17.018 0x00 idle 0 0 0 0 0 0.0 0.0 190 23.5 0 0 0
17.063 0x00 idle 0 0 0 0 0 0.0 0.0 190 23.5 0 0 0
17.098 0x00 idle 0 0 0 0 0 0.0 0.0 190 23.5 0 0 0
17.143 0x00 idle 0 0 0 0 0 0.0 0.0 190 23.5 0 0 0
17.182 0x00 idle 0 0 0 0 0 0.0 0.0 190 23.5 0 0 0
17.218 0x00 idle 0 0 0 0 0 0.0 0.0 190 23.5 0 0 0
17.262 0x00 idle 0 0 0 0 0 0.0 0.0 190 23.5 0 0 0
17.299 0x00 idle 0 0 0 0 0 0.0 0.0 190 23.5 0 0 0
17.338 0x00 idle 0 0 0 0 0 0.0 0.0 190 23.5 0 0 0
17.379 0x00 idle 0 0 0 0 0 0.0 0.0 190 23.5 0 0 0
17.418 0x00 idle 0 0 0 0 0 0.0 0.0 190 23.5 0 0 0
17.461 0x00 idle 0 0 0 0 0 0.0 0.0 190 23.5 0 0 0
17.500 0x00 idle 0 0 0 0 0 0.0 0.0 190 23.5 0 0 0
17.541 0x00 idle 0 0 0 0 0 0.0 0.0 190 23.5 0 0 0
17.580 0x00 idle 0 0 0 0 0 0.0 0.0 190 23.5 0 0 0
17.619 0x00 idle 0 0 0 0 0 0.0 0.0 190 23.5 0 0 0
17.660 0x00 idle 0 0 0 0 0 0.0 0.0 190 23.5 0 0 0
17.702 0x00 idle 0 0 0 0 0 0.0 0.0 190 23.5 0 0 0
17.743 0x00 idle 0 0 0 0 0 0.0 0.0 190 23.5 0 0 0
17.779 0x00 idle 0 0 0 0 0 0.0 0.0 190 23.5 0 0 0
17.817 0x00 idle 0 0 0 0 0 0.0 0.0 190 23.5 0 0 0
17.858 0x00 idle 0 0 0 0 0 0.0 0.0 190 23.5 0 0 0
17.898 0x00 idle 0 0 0 0 0 0.0 0.0 190 23.5 0 0 0
17.940 0x00 idle 0 0 0 0 0 0.0 0.0 190 23.5 0 0 0
17.978 0x00 idle 0 0 0 0 0 0.0 0.0 190 23.5 0 0 0
18.019 0x00 idle 0 0 0 0 0 0.0 0.0 190 23.5 0 0 0
18.059 0x00 idle 0 0 0 0 0 0.0 0.0 190 23.5 0 0 0
18.097 0x00 idle 0 0 0 0 0 0.0 0.0 190 23.5 0 0 0
18.138 0x00 idle 0 0 0 0 0 0.0 0.0 190 23.5 0 0 0
18.179 0x00 idle 0 0 0 0 0 0.0 0.0 190 23.5 0 0 0
18.218 0x00 idle 0 0 0 0 0 0.0 0.0 190 23.5 0 0 0
18.258 0x00 idle 0 0 0 0 0 0.0 0.0 190 23.5 0 0 0
18.301 0x00 idle 0 0 0 0 0 0.0 0.0 190 23.5 0 0 0
18.340 0x00 idle 0 0 0 0 0 0.0 0.0 190 23.5 0 0 0
18.379 0x00 idle 0 0 0 0 0 0.0 0.0 190 23.5 0 0 0
18.418 0x00 idle 0 0 0 0 0 0.0 0.0 190 23.5 0 0 0
18.458 0x00 idle 0 0 0 0 0 0.0 0.0 190 23.5 0 0 0
18.500 0x00 idle 0 0 0 0 0 0.0 0.0 190 23.5 0 0 0
18.539 0x00 idle 0 0 0 0 0 0.0 0.0 190 23.5 0 0 0
18.581 0x00 idle 0 0 0 0 0 0.0 0.0 190 23.5 0 0 0
18.619 0x00 idle 0 0 0 0 0 0.0 0.0 190 23.5 0 0 0
18.659 0x00 idle 0 0 0 0 0 0.0 0.0 190 23.5 0 0 0
18.699 0x00 idle 0 0 0 0 0 0.0 0.0 190 23.5 0 0 0
18.740 0x00 idle 0 0 0 0 0 0.0 0.0 190 23.5 0 0 0
18.779 0x00 idle 0 0 0 0 0 0.0 0.0 190 23.5 0 0 0
18.819 0x00 idle 0 0 0 0 0 0.0 0.0 190 23.5 0 0 0
18.862 0x00 idle 0 0 0 0 0 0.0 0.0 190 23.5 0 0 0
18.900 0x00 idle 0 0 0 0 0 0.0 0.0 190 23.5 0 0 0
18.941 0x00 idle 0 0 0 0 0 0.0 0.0 190 23.5 0 0 0
18.980 0x00 idle 0 0 0 0 0 0.0 0.0 190 23.5 0 0 0
19.021 0x00 idle 0 0 0 0 0 0.0 0.0 190 23.5 0 0 0
19.059 0x00 idle 0 0 0 0 0 0.0 0.0 190 23.5 0 0 0
19.101 0x00 idle 0 0 0 0 0 0.0 0.0 190 23.5 0 0 0
19.147 0x00 idle 0 0 0 0 0 0.0 0.0 190 23.5 0 0 0
19.179 0x00 idle 0 0 0 0 0 0.0 0.0 190 23.5 0 0 0
19.221 0x00 idle 0 0 0 0 0 0.0 0.0 190 23.5 0 0 0
19.258 0x00 idle 0 0 0 0 0 0.0 0.0 190 23.5 0 0 0
19.299 0x00 idle 0 0 0 0 0 0.0 0.0 190 23.5 0 0 0
19.338 0x00 idle 0 0 0 0 0 0.0 0.0 190 23.5 0 0 0
19.381 0x00 idle 0 0 0 0 0 0.0 0.0 190 23.5 0 0 0
19.417 0x00 idle 0 0 0 0 0 0.0 0.0 190 23.5 0 0 0
19.460 0x00 idle 0 0 0 0 0 0.0 0.0 190 23.5 0 0 0
19.498 0x00 idle 0 0 0 0 0 0.0 0.0 190 23.5 0 0 0
19.547 0x00 idle 0 0 0 0 0 0.0 0.0 190 23.5 0 0 0
19.577 0x00 idle 0 0 0 0 0 0.0 0.0 190 23.5 0 0 0
19.621 0x00 idle 0 0 0 0 0 0.0 0.0 190 23.5 0 0 0
19.661 0x00 idle 0 0 0 0 0 0.0 0.0 190 23.5 0 0 0
19.707 0x00 idle 0 0 0 0 0 0.0 0.0 190 23.5 0 0 0
19.740 0x00 idle 0 0 0 0 0 0.0 0.0 190 23.5 0 0 0
19.781 0x00 idle 0 0 0 0 0 0.0 0.0 190 23.5 0 0 0
19.819 0x00 idle 0 0 0 0 0 0.0 0.0 190 23.5 0 0 0
19.861 0x00 idle 0 0 0 0 0 0.0 0.0 190 23.5 0 0 0
19.898 0x00 idle 0 0 0 0 0 0.0 0.0 190 23.5 0 0 0
19.939 0x00 idle 0 0 0 0 0 0.0 0.0 190 23.5 0 0 0
19.979 0x00 idle 0 0 0 0 0 0.0 0.0 190 23.5 0 0 0
20.018 0x00 idle 0 0 0 0 0 0.0 0.0 190 23.5 0 0 0
20.057 0x00 idle 0 0 0 0 0 0.0 0.0 190 23.5 0 0 0
20.099 0x00 idle 0 0 0 0 0 0.0 0.0 190 23.5 0 0 0
20.137 0x00 idle 0 0 0 0 0 0.0 0.0 190 23.5 0 0 0
20.179 0x00 idle 0 0 0 0 0 0.0 0.0 190 23.5 0 0 0
20.220 0x00 idle 0 0 0 0 0 0.0 0.0 190 23.5 0 0 0
20.269 0x00 idle 0 0 0 0 0 0.0 0.0 190 23.5 0 0 0
20.302 0x00 idle 0 0 0 0 0 0.0 0.0 190 23.5 0 0 0
20.342 0x00 idle 0 0 0 0 0 0.0 0.0 190 23.5 0 0 0
20.380 0x00 idle 0 0 0 0 0 0.0 0.0 190 23.5 0 0 0
20.419 0x00 idle 0 0 0 0 0 0.0 0.0 190 23.5 0 0 0
20.460 0x00 idle 0 0 0 0 0 0.0 0.0 190 23.5 0 0 0
20.501 0x00 idle 0 0 0 0 0 0.0 0.0 190 23.5 0 0 0
20.538 0x00 idle 0 0 0 0 0 0.0 0.0 190 23.5 0 0 0
20.578 0x00 idle 0 0 0 0 0 0.0 0.0 190 23.5 0 0 0
20.619 0x00 idle 0 0 0 0 0 0.0 0.0 190 23.5 0 0 0
20.660 0x00 idle 0 0 0 0 0 0.0 0.0 190 23.5 0 0 0
20.701 0x00 idle 0 0 0 0 0 0.0 0.0 190 23.5 0 0 0
20.741 0x00 idle 0 0 0 0 0 0.0 0.0 190 23.5 0 0 0
20.781 0x00 idle 0 0 0 0 0 0.0 0.0 190 23.5 0 0 0
20.822 0x00 idle 0 0 0 0 0 0.0 0.0 190 23.5 0 0 0
20.860 0x00 idle 0 0 0 0 0 0.0 0.0 190 23.5 0 0 0
20.902 0x00 idle 0 0 0 0 0 0.0 0.0 190 23.5 0 0 0
20.939 0x00 idle 0 0 0 0 0 0.0 0.0 190 23.5 0 0 0
20.979 0x00 idle 0 0 0 0 0 0.0 0.0 190 23.5 0 0 0
21.020 0x00 idle 0 0 0 0 0 0.0 0.0 190 23.5 0 0 0
21.059 0x00 idle 0 0 0 0 0 0.0 0.0 190 23.5 0 0 0
21.099 0x00 idle 0 0 0 0 0 0.0 0.0 190 23.5 0 0 0
21.143 0x00 idle 0 0 0 0 0 0.0 0.0 190 23.5 0 0 0
21.178 0x00 idle 0 0 0 0 0 0.0 0.0 190 23.5 0 0 0
21.218 0x00 idle 0 0 0 0 0 0.0 0.0 190 23.5 0 0 0
21.260 0x00 idle 0 0 0 0 0 0.0 0.0 190 23.5 0 0 0
21.299 0x00 idle 0 0 0 0 0 0.0 0.0 190 23.5 0 0 0
21.339 0x00 idle 0 0 0 0 0 0.0 0.0 190 23.5 0 0 0
21.380 0x00 idle 0 0 0 0 0 0.0 0.0 190 23.5 0 0 0
21.418 0x00 idle 0 0 0 0 0 0.0 0.0 190 23.5 0 0 0
21.459 0x00 idle 0 0 0 0 0 0.0 0.0 190 23.5 0 0 0
21.500 0x00 idle 0 0 0 0 0 0.0 0.0 190 23.5 0 0 0
21.538 0x00 idle 0 0 0 0 0 0.0 0.0 190 23.5 0 0 0
21.580 0x00 idle 0 0 0 0 0 0.0 0.0 190 23.5 0 0 0
21.619 0x00 idle 0 0 0 0 0 0.0 0.0 190 23.5 0 0 0
21.666 0x00 idle 0 0 0 0 0 0.0 0.0 190 23.5 0 0 0
21.702 0x00 idle 0 0 0 0 0 0.0 0.0 190 23.5 0 0 0
21.743 0x00 idle 0 0 0 0 0 0.0 0.0 190 23.5 0 0 0
21.784 0x00 idle 0 0 0 0 0 0.0 0.0 190 23.5 0 0 0
21.820 0x00 idle 0 0 0 0 0 0.0 0.0 190 23.5 0 0 0
21.859 0x00 idle 0 0 0 0 0 0.0 0.0 190 23.5 0 0 0
21.902 0x00 idle 0 0 0 0 0 0.0 0.0 190 23.5 0 0 0
21.939 0x00 idle 0 0 0 0 0 0.0 0.0 190 23.5 0 0 0
21.978 0x00 idle 0 0 0 0 0 0.0 0.0 190 23.5 0 0 0
22.018 0x00 idle 0 0 0 0 0 0.0 0.0 190 23.5 0 0 0
22.059 0x00 idle 0 0 0 0 0 0.0 0.0 190 23.5 0 0 0
22.099 0x00 idle 0 0 0 0 0 0.0 0.0 190 23.5 0 0 0
22.138 0x00 idle 0 0 0 0 0 0.0 0.0 190 23.5 0 0 0
22.178 0x00 idle 0 0 0 0 0 0.0 0.0 190 23.5 0 0 0
22.219 0x00 idle 0 0 0 0 0 0.0 0.0 190 23.5 0 0 0
22.258 0x00 idle 0 0 0 0 0 0.0 0.0 190 23.5 0 0 0
22.298 0x00 idle 0 0 0 0 0 0.0 0.0 190 23.5 0 0 0
22.339 0x00 idle 0 0 0 0 0 0.0 0.0 190 23.5 0 0 0
22.379 0x00 idle 0 0 0 0 0 0.0 0.0 190 23.5 0 0 0
22.418 0x00 idle 0 0 0 0 0 0.0 0.0 190 23.5 0 0 0
22.458 0x00 idle 0 0 0 0 0 0.0 0.0 190 23.5 0 0 0
22.499 0x00 idle 0 0 0 0 0 0.0 0.0 190 23.5 0 0 0
22.541 0x00 idle 0 0 0 0 0 0.0 0.0 190 23.5 0 0 0
22.579 0x00 idle 0 0 0 0 0 0.0 0.0 190 23.5 0 0 0
22.619 0x00 idle 0 0 0 0 0 0.0 0.0 190 23.5 0 0 0
22.659 0x00 idle 0 0 0 0 0 0.0 0.0 190 23.5 0 0 0
22.700 0x00 idle 0 0 0 0 0 0.0 0.0 190 23.5 0 0 0
22.739 0x00 idle 0 0 0 0 0 0.0 0.0 190 23.5 0 0 0
22.788 0x00 idle 0 0 0 0 0 0.0 0.0 190 23.5 0 0 0
22.818 0x00 idle 0 0 0 0 0 0.0 0.0 190 23.5 0 0 0
22.857 0x00 idle 0 0 0 0 0 0.0 0.0 190 23.5 0 0 0
22.898 0x00 idle 0 0 0 0 0 0.0 0.0 190 23.5 0 0 0
22.938 0x00 idle 0 0 0 0 0 0.0 0.0 190 23.5 0 0 0
22.978 0x00 idle 0 0 0 0 0 0.0 0.0 190 23.5 0 0 0
23.020 0x00 idle 0 0 0 0 0 0.0 0.0 190 23.5 0 0 0
23.059 0x00 idle 0 0 0 0 0 0.0 0.0 190 23.5 0 0 0
23.098 0x00 idle 0 0 0 0 0 0.0 0.0 190 23.5 0 0 0
23.137 0x00 idle 0 0 0 0 0 0.0 0.0 190 23.5 0 0 0
23.177 0x00 idle 0 0 0 0 0 0.0 0.0 190 23.5 0 0 0
23.216 0x00 idle 0 0 0 0 0 0.0 0.0 190 23.5 0 0 0
23.257 0x00 idle 0 0 0 0 0 0.0 0.0 190 23.5 0 0 0
23.300 0x00 idle 0 0 0 0 0 0.0 0.0 190 23.5 0 0 0
23.344 0x00 idle 0 0 0 0 0 0.0 0.0 190 23.5 0 0 0
23.377 0x00 idle 0 0 0 0 0 0.0 0.0 190 23.5 0 0 0
23.420 0x00 idle 0 0 0 0 0 0.0 0.0 190 23.5 0 0 0
23.458 0x00 idle 0 0 0 0 0 0.0 0.0 190 23.5 0 0 0
23.500 0x00 idle 0 0 0 0 0 0.0 0.0 190 23.5 0 0 0
23.542 0x00 idle 0 0 0 0 0 0.0 0.0 190 23.5 0 0 0
23.580 0x00 idle 0 0 0 0 0 0.0 0.0 190 23.5 0 0 0
23.624 0x00 idle 0 0 0 0 0 0.0 0.0 190 23.5 0 0 0
23.658 0x00 idle 0 0 0 0 0 0.0 0.0 190 23.5 0 0 0
23.699 0x00 idle 0 0 0 0 0 0.0 0.0 190 23.5 0 0 0
23.738 0x00 idle 0 0 0 0 0 0.0 0.0 190 23.5 0 0 0
23.778 0x00 idle 0 0 0 0 0 0.0 0.0 190 23.5 0 0 0
23.818 0x00 idle 0 0 0 0 0 0.0 0.0 190 23.5 0 0 0
23.857 0x00 idle 0 0 0 0 0 0.0 0.0 190 23.5 0 0 0
23.899 0x00 idle 0 0 0 0 0 0.0 0.0 190 23.5 0 0 0
23.937 0x00 idle 0 0 0 0 0 0.0 0.0 190 23.5 0 0 0
23.978 0x00 idle 0 0 0 0 0 0.0 0.0 190 23.5 0 0 0
24.021 0x00 idle 0 0 0 0 0 0.0 0.0 190 23.5 0 0 0
24.058 0x00 idle 0 0 0 0 0 0.0 0.0 190 23.5 0 0 0
24.100 0x00 idle 0 0 0 0 0 0.0 0.0 190 23.5 0 0 0
24.140 0x00 idle 0 0 0 0 0 0.0 0.0 190 23.5 0 0 0
24.182 0x00 idle 0 0 0 0 0 0.0 0.0 190 23.5 0 0 0
24.221 0x00 idle 0 0 0 0 0 0.0 0.0 190 23.5 0 0 0
24.259 0x00 idle 0 0 0 0 0 0.0 0.0 190 23.5 0 0 0
24.300 0x00 idle 0 0 0 0 0 0.0 0.0 190 23.5 0 0 0
24.339 0x00 idle 0 0 0 0 0 0.0 0.0 190 23.5 0 0 0
24.379 0x00 idle 0 0 0 0 0 0.0 0.0 190 23.5 0 0 0
24.420 0x00 idle 0 0 0 0 0 0.0 0.0 190 23.5 0 0 0
24.458 0x00 idle 0 0 0 0 0 0.0 0.0 190 23.5 0 0 0
24.499 0x00 idle 0 0 0 0 0 0.0 0.0 190 23.5 0 0 0
24.539 0x00 idle 0 0 0 0 0 0.0 0.0 190 23.5 0 0 0
24.579 0x00 idle 0 0 0 0 0 0.0 0.0 190 23.5 0 0 0
24.619 0x00 idle 0 0 0 0 0 0.0 0.0 190 23.5 0 0 0
24.658 0x00 idle 0 0 0 0 0 0.0 0.0 190 23.5 0 0 0
24.700 0x00 idle 0 0 0 0 0 0.0 0.0 190 23.5 0 0 0
24.743 0x00 idle 0 0 0 0 0 0.0 0.0 190 23.5 0 0 0
24.779 0x00 idle 0 0 0 0 0 0.0 0.0 190 23.5 0 0 0
24.820 0x00 idle 0 0 0 0 0 0.0 0.0 190 23.5 0 0 0
24.860 0x00 idle 0 0 0 0 0 0.0 0.0 190 23.5 0 0 0
24.899 0x00 idle 0 0 0 0 0 0.0 0.0 190 23.5 0 0 0
24.940 0x00 idle 0 0 0 0 0 0.0 0.0 190 23.5 0 0 0
24.978 0x00 idle 0 0 0 0 0 0.0 0.0 190 23.5 0 0 0
25.019 0x00 idle 0 0 0 0 0 0.0 0.0 190 23.5 0 0 0
25.059 0x00 idle 0 0 0 0 0 0.0 0.0 190 23.5 0 0 0
25.097 0x00 idle 0 0 0 0 0 0.0 0.0 190 23.5 0 0 0
25.141 0x00 idle 0 0 0 0 0 0.0 0.0 190 23.5 0 0 0
25.178 0x00 idle 0 0 0 0 0 0.0 0.0 190 23.5 0 0 0
25.218 0x00 idle 0 0 0 0 0 0.0 0.0 190 23.5 0 0 0
25.258 0x00 idle 0 0 0 0 0 0.0 0.0 190 23.5 0 0 0
25.337 0x00 idle 0 0 0 0 0 0.0 0.0 190 23.5 0 0 0
25.372 0x00 idle 0 0 0 0 0 0.0 0.0 190 23.5 0 0 0
25.412 0x00 idle 0 0 0 0 0 0.0 0.0 190 23.5 0 0 0
25.458 0x00 idle 0 0 0 0 0 0.0 0.0 190 23.5 0 0 0
25.494 0x00 idle 0 0 0 0 0 0.0 0.0 190 23.5 0 0 0
25.536 0x00 idle 0 0 0 0 0 0.0 0.0 190 23.5 0 0 0
25.572 0x00 idle 0 0 0 0 0 0.0 0.0 190 23.5 0 0 0
25.614 0x00 idle 0 0 0 0 0 0.0 0.0 190 23.5 0 0 0
25.652 0x00 idle 0 0 0 0 0 0.0 0.0 190 23.5 0 0 0
25.695 0x00 idle 0 0 0 0 0 0.0 0.0 190 23.5 0 0 0
25.738 0x00 idle 0 0 0 0 0 0.0 0.0 190 23.5 0 0 0
25.772 0x00 idle 0 0 0 0 0 0.0 0.0 190 23.5 0 0 0
25.813 0x00 idle 0 0 0 0 0 0.0 0.0 190 23.5 0 0 0
25.852 0x00 idle 0 0 0 0 0 0.0 0.0 190 23.5 0 0 0
25.893 0x00 idle 0 0 0 0 0 0.0 0.0 190 23.5 0 0 0
25.938 0x00 idle 0 0 0 0 0 0.0 0.0 190 23.5 0 0 0
25.972 0x00 idle 0 0 0 0 0 0.0 0.0 190 23.5 0 0 0
26.012 0x00 idle 0 0 0 0 0 0.0 0.0 190 23.5 0 0 0
26.052 0x00 idle 0 0 0 0 0 0.0 0.0 190 23.5 0 0 0
26.092 0x00 idle 0 0 0 0 0 0.0 0.0 190 23.5 0 0 0
26.134 0x00 idle 0 0 0 0 0 0.0 0.0 190 23.5 0 0 0
26.172 0x00 idle 0 0 0 0 0 0.0 0.0 190 23.5 0 0 0
26.212 0x00 idle 0 0 0 0 0 0.0 0.0 190 23.5 0 0 0
26.255 0x00 idle 0 0 0 0 0 0.0 0.0 190 23.5 0 0 0
26.293 0x00 idle 0 0 0 0 0 0.0 0.0 190 23.5 0 0 0
26.334 0x00 idle 0 0 0 0 0 0.0 0.0 190 23.5 0 0 0
26.376 0x00 idle 0 0 0 0 0 0.0 0.0 190 23.5 0 0 0
26.414 0x00 idle 0 0 0 0 0 0.0 0.0 190 23.5 0 0 0
26.459 0x00 idle 0 0 0 0 0 0.0 0.0 190 23.5 0 0 0
26.500 0x00 idle 0 0 0 0 0 0.0 0.0 190 23.5 0 0 0
26.537 0x00 idle 0 0 0 0 0 0.0 0.0 190 23.5 0 0 0
26.572 0x00 idle 0 0 0 0 0 0.0 0.0 190 23.5 0 0 0
26.612 0x00 idle 0 0 0 0 0 0.0 0.0 190 23.5 0 0 0
26.652 0x00 idle 0 0 0 0 0 0.0 0.0 190 23.5 0 0 0
26.692 0x00 idle 0 0 0 0 0 0.0 0.0 190 23.5 0 0 0
26.733 0x00 idle 0 0 0 0 0 0.0 0.0 190 23.5 0 0 0
26.775 0x00 idle 0 0 0 0 0 0.0 0.0 190 23.5 0 0 0
26.837 0x00 idle 0 0 0 0 0 0.0 0.0 190 23.5 0 0 0
26.876 0x00 idle 0 0 0 0 0 0.0 0.0 190 23.5 0 0 0
26.908 0x00 idle 0 0 0 0 0 0.0 0.0 190 23.5 0 0 0
26.953 0x00 idle 0 0 0 0 0 0.0 0.0 190 23.5 0 0 0
26.991 0x00 idle 0 0 0 0 0 0.0 0.0 190 23.5 0 0 0
27.028 0x00 idle 0 0 0 0 0 0.0 0.0 190 23.5 0 0 0
27.070 0x00 idle 0 0 0 0 0 0.0 0.0 190 23.5 0 0 0
27.109 0x00 idle 0 0 0 0 0 0.0 0.0 190 23.5 0 0 0
27.150 0x00 idle 0 0 0 0 0 0.0 0.0 190 23.5 0 0 0
27.190 0x00 idle 0 0 0 0 0 0.0 0.0 190 23.5 0 0 0
27.229 0x00 idle 0 0 0 0 0 0.0 0.0 190 23.5 0 0 0
27.269 0x00 idle 0 0 0 0 0 0.0 0.0 190 23.5 0 0 0
27.309 0x00 idle 0 0 0 0 0 0.0 0.0 190 23.5 0 0 0
27.347 0x00 idle 0 0 0 0 0 0.0 0.0 190 23.5 0 0 0
27.390 0x00 idle 0 0 0 0 0 0.0 0.0 190 23.5 0 0 0
27.427 0x00 idle 0 0 0 0 0 0.0 0.0 190 23.5 0 0 0
27.468 0x00 idle 0 0 0 0 0 0.0 0.0 190 23.5 0 0 0
27.507 0x00 idle 0 0 0 0 0 0.0 0.0 190 23.5 0 0 0
27.549 0x00 idle 0 0 0 0 0 0.0 0.0 190 23.5 0 0 0
27.590 0x00 idle 0 0 0 0 0 0.0 0.0 190 23.5 0 0 0
27.628 0x00 idle 0 0 0 0 0 0.0 0.0 190 23.5 0 0 0
27.667 0x00 idle 0 0 0 0 0 0.0 0.0 190 23.5 0 0 0
27.707 0x00 idle 0 0 0 0 0 0.0 0.0 190 23.5 0 0 0
27.747 0x00 idle 0 0 0 0 0 0.0 0.0 190 23.5 0 0 0
27.788 0x00 idle 0 0 0 0 0 0.0 0.0 190 23.5 0 0 0
27.827 0x00 idle 0 0 0 0 0 0.0 0.0 190 23.5 0 0 0
27.870 0x00 idle 0 0 0 0 0 0.0 0.0 190 23.5 0 0 0
27.909 0x00 idle 0 0 0 0 0 0.0 0.0 190 23.5 0 0 0
27.950 0x00 idle 0 0 0 0 0 0.0 0.0 190 23.5 0 0 0
27.990 0x00 idle 0 0 0 0 0 0.0 0.0 190 23.5 0 0 0
28.026 0x00 idle 0 0 0 0 0 0.0 0.0 190 23.5 0 0 0
28.066 0x00 idle 0 0 0 0 0 0.0 0.0 190 23.5 0 0 0
28.108 0x00 idle 0 0 0 0 0 0.0 0.0 190 23.5 0 0 0
28.149 0x00 idle 0 0 0 0 0 0.0 0.0 190 23.5 0 0 0
28.190 0x00 idle 0 0 0 0 0 0.0 0.0 190 23.5 0 0 0
28.227 0x00 idle 0 0 0 0 0 0.0 0.0 190 23.5 0 0 0
28.270 0x00 idle 0 0 0 0 0 0.0 0.0 190 23.5 0 0 0
28.308 0x00 idle 0 0 0 0 0 0.0 0.0 190 23.5 0 0 0
28.350 0x00 idle 0 0 0 0 0 0.0 0.0 190 23.5 0 0 0
28.387 0x00 idle 0 0 0 0 0 0.0 0.0 190 23.5 0 0 0
28.427 0x00 idle 0 0 0 0 0 0.0 0.0 190 23.5 0 0 0
28.468 0x00 idle 0 0 0 0 0 0.0 0.0 190 23.5 0 0 0
28.508 0x00 idle 0 0 0 0 0 0.0 0.0 190 23.5 0 0 0
28.548 0x00 idle 0 0 0 0 0 0.0 0.0 190 23.5 0 0 0
28.587 0x00 idle 0 0 0 0 0 0.0 0.0 190 23.5 0 0 0
28.628 0x00 idle 0 0 0 0 0 0.0 0.0 190 23.5 0 0 0
28.668 0x00 idle 0 0 0 0 0 0.0 0.0 190 23.5 0 0 0
28.707 0x00 idle 0 0 0 0 0 0.0 0.0 190 23.5 0 0 0
28.747 0x00 idle 0 0 0 0 0 0.0 0.0 190 23.5 0 0 0
28.787 0x00 idle 0 0 0 0 0 0.0 0.0 190 23.5 0 0 0
28.827 0x00 idle 0 0 0 0 0 0.0 0.0 190 23.5 0 0 0
28.868 0x00 idle 0 0 0 0 0 0.0 0.0 190 23.5 0 0 0
28.906 0x00 idle 0 0 0 0 0 0.0 0.0 190 23.5 0 0 0
28.946 0x00 idle 0 0 0 0 0 0.0 0.0 190 23.5 0 0 0
28.987 0x00 idle 0 0 0 0 0 0.0 0.0 190 23.5 0 0 0
29.028 0x00 idle 0 0 0 0 0 0.0 0.0 190 23.5 0 0 0
29.066 0x00 idle 0 0 0 0 0 0.0 0.0 190 23.5 0 0 0
29.107 0x00 idle 0 0 0 0 0 0.0 0.0 190 23.5 0 0 0
29.149 0x00 idle 0 0 0 0 0 0.0 0.0 190 23.5 0 0 0
29.191 0x00 idle 0 0 0 0 0 0.0 0.0 190 23.5 0 0 0
29.226 0x00 idle 0 0 0 0 0 0.0 0.0 190 23.5 0 0 0
29.266 0x00 idle 0 0 0 0 0 0.0 0.0 190 23.5 0 0 0
29.308 0x00 idle 0 0 0 0 0 0.0 0.0 190 23.5 0 0 0
29.349 0x00 idle 0 0 0 0 0 0.0 0.0 190 23.5 0 0 0
29.395 0x00 idle 0 0 0 0 0 0.0 0.0 190 23.5 0 0 0
29.427 0x00 idle 0 0 0 0 0 0.0 0.0 190 23.5 0 0 0
29.468 0x00 idle 0 0 0 0 0 0.0 0.0 190 23.5 0 0 0
29.507 0x00 idle 0 0 0 0 0 0.0 0.0 190 23.5 0 0 0
29.547 0x00 idle 0 0 0 0 0 0.0 0.0 190 23.5 0 0 0
29.589 0x00 idle 0 0 0 0 0 0.0 0.0 190 23.5 0 0 0
29.631 0x00 idle 0 0 0 0 0 0.0 0.0 190 23.5 0 0 0
29.671 0x00 idle 0 0 0 0 0 0.0 0.0 190 23.5 0 0 0
29.708 0x00 idle 0 0 0 0 0 0.0 0.0 190 23.5 0 0 0
29.747 0x00 idle 0 0 0 0 0 0.0 0.0 190 23.5 0 0 0
29.791 0x00 idle 0 0 0 0 0 0.0 0.0 190 23.5 0 0 0
29.829 0x00 idle 0 0 0 0 0 0.0 0.0 190 23.5 0 0 0
29.870 0x00 idle 0 0 0 0 0 0.0 0.0 190 23.5 0 0 0
29.909 0x00 idle 0 0 0 0 0 0.0 0.0 190 23.5 0 0 0
29.949 0x00 idle 0 0 0 0 0 0.0 0.0 190 23.5 0 0 0
29.988 0x00 idle 0 0 0 0 0 0.0 0.0 190 23.5 0 0 0
30.027 0x00 idle 0 0 0 0 0 0.0 0.0 190 23.5 0 0 0
30.067 0x00 idle 0 0 0 0 0 0.0 0.0 190 23.5 0 0 0
30.108 0x00 idle 0 0 0 0 0 0.0 0.0 190 23.5 0 0 0
30.147 0x00 idle 0 0 0 0 0 0.0 0.0 190 23.5 0 0 0
30.187 0x00 idle 0 0 0 0 0 0.0 0.0 190 23.5 0 0 0
30.227 0x00 idle 0 0 0 0 0 0.0 0.0 190 23.5 0 0 0
30.265 0x00 idle 0 0 0 0 0 0.0 0.0 190 23.5 0 0 0
30.306 0x00 idle 0 0 0 0 0 0.0 0.0 190 23.5 0 0 0
30.348 0x00 idle 0 0 0 0 0 0.0 0.0 190 23.5 0 0 0
30.389 0x00 idle 0 0 0 0 0 0.0 0.0 190 23.5 0 0 0
30.425 0x00 idle 0 0 0 0 0 0.0 0.0 190 23.5 0 0 0
30.467 0x00 idle 0 0 0 0 0 0.0 0.0 190 23.5 0 0 0
30.507 0x00 idle 0 0 0 0 0 0.0 0.0 190 23.5 0 0 0
30.548 0x00 idle 0 0 0 0 0 0.0 0.0 190 23.5 0 0 0
30.587 0x00 idle 0 0 0 0 0 0.0 0.0 190 23.5 0 0 0
30.627 0x00 idle 0 0 0 0 0 0.0 0.0 190 23.5 0 0 0
30.668 0x00 idle 0 0 0 0 0 0.0 0.0 190 23.5 0 0 0
30.707 0x00 idle 0 0 0 0 0 0.0 0.0 190 23.5 0 0 0
30.749 0x00 idle 0 0 0 0 0 0.0 0.0 190 23.5 0 0 0
30.791 0x00 idle 0 0 0 0 0 0.0 0.0 190 23.5 0 0 0
30.826 0x00 idle 0 0 0 0 0 0.0 0.0 190 23.5 0 0 0
30.866 0x00 idle 0 0 0 0 0 0.0 0.0 190 23.5 0 0 0
30.907 0x00 idle 0 0 0 0 0 0.0 0.0 190 23.5 0 0 0
30.948 0x00 idle 0 0 0 0 0 0.0 0.0 190 23.5 0 0 0
30.988 0x00 idle 0 0 0 0 0 0.0 0.0 190 23.5 0 0 0
31.031 0x00 idle 0 0 0 0 0 0.0 0.0 190 23.5 0 0 0
31.069 0x00 idle 0 0 0 0 0 0.0 0.0 190 23.5 0 0 0
31.108 0x00 idle 0 0 0 0 0 0.0 0.0 190 23.5 0 0 0
31.147 0x00 idle 0 0 0 0 0 0.0 0.0 190 23.5 0 0 0
31.187 0x00 idle 0 0 0 0 0 0.0 0.0 190 23.5 0 0 0
31.226 0x00 idle 0 0 0 0 0 0.0 0.0 190 23.5 0 0 0
31.268 0x00 idle 0 0 0 0 0 0.0 0.0 190 23.5 0 0 0
31.307 0x00 idle 0 0 0 0 0 0.0 0.0 190 23.5 0 0 0
31.348 0x00 idle 0 0 0 0 0 0.0 0.0 190 23.5 0 0 0
31.388 0x00 idle 0 0 0 0 0 0.0 0.0 190 23.5 0 0 0
31.427 0x00 idle 0 0 0 0 0 0.0 0.0 190 23.5 0 0 0
31.467 0x00 idle 0 0 0 0 0 0.0 0.0 190 23.5 0 0 0
31.507 0x00 idle 0 0 0 0 0 0.0 0.0 190 23.5 0 0 0
31.548 0x00 idle 0 0 0 0 0 0.0 0.0 190 23.5 0 0 0
31.590 0x00 idle 0 0 0 0 0 0.0 0.0 190 23.5 0 0 0
31.631 0x00 idle 0 0 0 0 0 0.0 0.0 190 23.5 0 0 0
31.668 0x00 idle 0 0 0 0 0 0.0 0.0 190 23.5 0 0 0
31.708 0x00 idle 0 0 0 0 0 0.0 0.0 190 23.5 0 0 0
31.754 0x00 idle 0 0 0 0 0 0.0 0.0 190 23.5 0 0 0
31.787 0x00 idle 0 0 0 0 0 0.0 0.0 190 23.5 0 0 0
31.829 0x00 idle 0 0 0 0 0 0.0 0.0 190 23.5 0 0 0
31.876 0x00 idle 0 0 0 0 0 0.0 0.0 190 23.5 0 0 0
31.911 0x00 idle 0 0 0 0 0 0.0 0.0 190 23.5 0 0 0
31.947 0x00 idle 0 0 0 0 0 0.0 0.0 190 23.5 0 0 0
31.994 0x00 idle 0 0 0 0 0 0.0 0.0 190 23.5 0 0 0
32.030 0x00 idle 0 0 0 0 0 0.0 0.0 190 23.5 0 0 0
32.069 0x00 idle 0 0 0 0 0 0.0 0.0 190 23.5 0 0 0
32.109 0x00 idle 0 0 0 0 0 0.0 0.0 190 23.5 0 0 0
32.149 0x00 idle 0 0 0 0 0 0.0 0.0 190 23.5 0 0 0
32.189 0x00 idle 0 0 0 0 0 0.0 0.0 190 23.5 0 0 0
32.227 0x00 idle 0 0 0 0 0 0.0 0.0 190 23.5 0 0 0
32.267 0x00 idle 0 0 0 0 0 0.0 0.0 190 23.5 0 0 0
32.308 0x00 idle 0 0 0 0 0 0.0 0.0 190 23.5 0 0 0
32.349 0x00 idle 0 0 0 0 0 0.0 0.0 190 23.5 0 0 0
32.390 0x00 idle 0 0 0 0 0 0.0 0.0 190 23.5 0 0 0
32.429 0x00 idle 0 0 0 0 0 0.0 0.0 190 23.5 0 0 0
32.472 0x00 idle 0 0 0 0 0 0.0 0.0 190 23.5 0 0 0
32.507 0x00 idle 0 0 0 0 0 0.0 0.0 190 23.5 0 0 0
32.550 0x00 idle 0 0 0 0 0 0.0 0.0 190 23.5 0 0 0
32.587 0x00 idle 0 0 0 0 0 0.0 0.0 190 23.5 0 0 0
32.627 0x00 idle 0 0 0 0 0 0.0 0.0 190 23.5 0 0 0
32.667 0x00 idle 0 0 0 0 0 0.0 0.0 190 23.5 0 0 0
32.707 0x00 idle 0 0 0 0 0 0.0 0.0 190 23.5 0 0 0
32.750 0x00 idle 0 0 0 0 0 0.0 0.0 190 23.5 0 0 0
32.789 0x00 idle 0 0 0 0 0 0.0 0.0 190 23.5 0 0 0
32.826 0x00 idle 0 0 0 0 0 0.0 0.0 190 23.5 0 0 0
32.867 0x00 idle 0 0 0 0 0 0.0 0.0 190 23.5 0 0 0
32.907 0x00 idle 0 0 0 0 0 0.0 0.0 190 23.5 0 0 0
32.947 0x00 idle 0 0 0 0 0 0.0 0.0 190 23.5 0 0 0
32.988 0x00 idle 0 0 0 0 0 0.0 0.0 190 23.5 0 0 0
33.028 0x00 idle 0 0 0 0 0 0.0 0.0 190 23.5 0 0 0
33.066 0x00 idle 0 0 0 0 0 0.0 0.0 190 23.5 0 0 0
33.108 0x00 idle 0 0 0 0 0 0.0 0.0 190 23.5 0 0 0
33.147 0x00 idle 0 0 0 0 0 0.0 0.0 190 23.5 0 0 0
33.187 0x00 idle 0 0 0 0 0 0.0 0.0 190 23.5 0 0 0
33.226 0x00 idle 0 0 0 0 0 0.0 0.0 190 23.5 0 0 0
33.266 0x00 idle 0 0 0 0 0 0.0 0.0 190 23.5 0 0 0
33.310 0x00 idle 0 0 0 0 0 0.0 0.0 190 23.5 0 0 0
33.352 0x00 idle 0 0 0 0 0 0.0 0.0 190 23.5 0 0 0
33.388 0x00 idle 0 0 0 0 0 0.0 0.0 190 23.5 0 0 0
33.426 0x00 idle 0 0 0 0 0 0.0 0.0 190 23.5 0 0 0
33.467 0x00 idle 0 0 0 0 0 0.0 0.0 190 23.5 0 0 0
33.507 0x00 idle 0 0 0 0 0 0.0 0.0 190 23.5 0 0 0
33.548 0x00 idle 0 0 0 0 0 0.0 0.0 190 23.5 0 0 0
33.591 0x00 idle 0 0 0 0 0 0.0 0.0 190 23.5 0 0 0
33.629 0x00 idle 0 0 0 0 0 0.0 0.0 190 23.5 0 0 0
33.666 0x00 idle 0 0 0 0 0 0.0 0.0 190 23.5 0 0 0
33.707 0x00 idle 0 0 0 0 0 0.0 0.0 190 23.5 0 0 0
33.747 0x00 idle 0 0 0 0 0 0.0 0.0 190 23.5 0 0 0
33.787 0x00 idle 0 0 0 0 0 0.0 0.0 190 23.5 0 0 0
33.827 0x00 idle 0 0 0 0 0 0.0 0.0 190 23.5 0 0 0
33.871 0x00 idle 0 0 0 0 0 0.0 0.0 190 23.5 0 0 0
33.907 0x00 idle 0 0 0 0 0 0.0 0.0 190 23.5 0 0 0
33.947 0x00 idle 0 0 0 0 0 0.0 0.0 190 23.5 0 0 0
33.987 0x00 idle 0 0 0 0 0 0.0 0.0 190 23.5 0 0 0
34.026 0x00 idle 0 0 0 0 0 0.0 0.0 190 23.5 0 0 0
34.066 0x00 idle 0 0 0 0 0 0.0 0.0 190 23.5 0 0 0
34.107 0x00 idle 0 0 0 0 0 0.0 0.0 190 23.5 0 0 0
34.149 0x00 idle 0 0 0 0 0 0.0 0.0 190 23.5 0 0 0
34.187 0x00 idle 0 0 0 0 0 0.0 0.0 190 23.5 0 0 0
34.226 0x00 idle 0 0 0 0 0 0.0 0.0 190 23.5 0 0 0
34.269 0x00 idle 0 0 0 0 0 0.0 0.0 190 23.5 0 0 0
34.308 0x00 idle 0 0 0 0 0 0.0 0.0 190 23.5 0 0 0
34.348 0x00 idle 0 0 0 0 0 0.0 0.0 190 23.5 0 0 0
34.392 0x00 idle 0 0 0 0 0 0.0 0.0 190 23.5 0 0 0
34.431 0x00 idle 0 0 0 0 0 0.0 0.0 190 23.5 0 0 0
34.469 0x00 idle 0 0 0 0 0 0.0 0.0 190 23.5 0 0 0
34.508 0x00 idle 0 0 0 0 0 0.0 0.0 190 23.5 0 0 0
34.548 0x00 idle 0 0 0 0 0 0.0 0.0 190 23.5 0 0 0
34.586 0x00 idle 0 0 0 0 0 0.0 0.0 190 23.5 0 0 0
34.627 0x00 idle 0 0 0 0 0 0.0 0.0 190 23.5 0 0 0
34.674 0x00 idle 0 0 0 0 0 0.0 0.0 190 23.5 0 0 0
34.709 0x00 idle 0 0 0 0 0 0.0 0.0 190 23.5 0 0 0
34.748 0x00 idle 0 0 0 0 0 0.0 0.0 190 23.5 0 0 0
34.787 0x00 idle 0 0 0 0 0 0.0 0.0 190 23.5 0 0 0
34.828 0x00 idle 0 0 0 0 0 0.0 0.0 190 23.5 0 0 0
34.868 0x00 idle 0 0 0 0 0 0.0 0.0 190 23.5 0 0 0
34.907 0x00 idle 0 0 0 0 0 0.0 0.0 190 23.5 0 0 0
34.948 0x00 idle 0 0 0 0 0 0.0 0.0 190 23.5 0 0 0
34.994 0x00 idle 0 0 0 0 0 0.0 0.0 190 23.5 0 0 0
35.027 0x00 idle 0 0 0 0 0 0.0 0.0 190 23.5 0 0 0
35.069 0x00 idle 0 0 0 0 0 0.0 0.0 190 23.5 0 0 0

[tcp_trajectory]
elapsed_s x_m y_m z_m qx qy qz qw speed_m_s tf_stamp_s along_mm remaining_mm cross_track_mm progress waypoint phase
0.0021 0.1583473 -1.6810216 0.6739842 -0.37700317 0.68368798 -0.51936300 -0.34742110 0.000000 1789528425.626501083 0.078 56.220 0.677 0.00000 -1 ACTUAL_TF
0.0511 0.1583532 -1.6812995 0.6739022 -0.37700201 0.68367852 -0.51937141 -0.34742842 0.005187 1789528425.682381868 0.088 56.210 0.393 0.00000 -1 ACTUAL_TF
0.1027 0.1583545 -1.6814237 0.6738485 -0.37700341 0.68367909 -0.51937036 -0.34742735 0.004338 1789528425.739773035 0.091 56.207 0.261 0.00000 -1 ACTUAL_TF
0.1583 0.1583404 -1.6815236 0.6738141 -0.37699904 0.68368247 -0.51936711 -0.34743029 0.003622 1789528425.794418335 0.079 56.220 0.163 0.00000 -1 ACTUAL_TF
0.2154 0.1583302 -1.6815794 0.6737950 -0.37700501 0.68367722 -0.51936268 -0.34744075 0.002856 1789528425.850412607 0.069 56.229 0.116 0.00000 -1 ACTUAL_TF
0.2697 0.1583298 -1.6815843 0.6737915 -0.37700583 0.68367710 -0.51936225 -0.34744077 0.002032 1789528425.906392813 0.069 56.229 0.110 0.00000 -1 ACTUAL_TF
0.3266 0.1583096 -1.6815633 0.6737802 -0.37700719 0.68368275 -0.51935075 -0.34744536 0.001590 1789528425.962391615 0.048 56.250 0.112 0.00000 -1 ACTUAL_TF
0.3839 0.1582953 -1.6815487 0.6737747 -0.37700763 0.68368678 -0.51934285 -0.34744876 0.001226 1789528426.018438578 0.034 56.265 0.117 0.00000 -1 ACTUAL_TF
0.4480 0.1582786 -1.6815306 0.6737680 -0.37700916 0.68369124 -0.51933350 -0.34745229 0.000995 1789528426.074404955 0.017 56.282 0.126 0.00000 -1 ACTUAL_TF
0.4925 0.1582746 -1.6815269 0.6737666 -0.37700899 0.68369243 -0.51933135 -0.34745336 0.000727 1789528426.130404949 0.013 56.286 0.128 0.00000 -1 ACTUAL_TF
0.5469 0.1582722 -1.6815234 0.6737653 -0.37701007 0.68369286 -0.51932990 -0.34745350 0.000532 1789528426.186400175 0.010 56.288 0.130 0.00000 -1 ACTUAL_TF
0.6043 0.1582729 -1.6815179 0.6737558 -0.37701364 0.68369902 -0.51932262 -0.34744840 0.000431 1789528426.242415667 0.011 56.288 0.130 0.00000 -1 ACTUAL_TF
0.6613 0.1582781 -1.6815181 0.6737424 -0.37702469 0.68370471 -0.51930969 -0.34744452 0.000379 1789528426.298374891 0.016 56.282 0.124 0.00000 -1 ACTUAL_TF
0.7223 0.1582844 -1.6815217 0.6737171 -0.37706123 0.68370698 -0.51927750 -0.34744851 0.000407 1789528426.354388952 0.022 56.276 0.112 0.00000 -1 ACTUAL_TF
0.7775 0.1582985 -1.6815351 0.6736989 -0.37709185 0.68370940 -0.51925105 -0.34745006 0.000427 1789528426.410406113 0.036 56.262 0.096 0.00000 -1 ACTUAL_TF
0.8343 0.1583371 -1.6815768 0.6737085 -0.37711855 0.68371360 -0.51922937 -0.34744522 0.000608 1789528426.466417789 0.076 56.223 0.057 0.00000 -1 ACTUAL_TF
0.8925 0.1583623 -1.6816409 0.6737538 -0.37713985 0.68371011 -0.51921330 -0.34745298 0.000867 1789528426.522414446 0.102 56.196 0.062 0.00000 -1 ACTUAL_TF
0.9405 0.1583997 -1.6817470 0.6738262 -0.37714988 0.68371037 -0.51920238 -0.34745789 0.001323 1789528426.578489065 0.142 56.156 0.176 0.00000 -1 ACTUAL_TF
0.9953 0.1584468 -1.6818508 0.6739084 -0.37715611 0.68370997 -0.51919785 -0.34745869 0.001679 1789528426.634428024 0.191 56.107 0.306 0.00000 -1 ACTUAL_TF
1.0597 0.1585065 -1.6819775 0.6740077 -0.37716893 0.68370900 -0.51918873 -0.34746032 0.002096 1789528426.690373182 0.254 56.044 0.465 0.00000 -1 ACTUAL_TF
1.1142 0.1585688 -1.6821061 0.6741225 -0.37716739 0.68371098 -0.51918669 -0.34746113 0.002448 1789528426.746430635 0.319 55.979 0.636 0.00000 -1 ACTUAL_TF
1.1687 0.1586360 -1.6822229 0.6742256 -0.37716429 0.68370955 -0.51919098 -0.34746090 0.002624 1789528426.802352905 0.389 55.909 0.791 0.00000 -1 ACTUAL_TF
1.2248 0.1587127 -1.6823493 0.6743387 -0.37715556 0.68371155 -0.51919521 -0.34746012 0.002832 1789528426.858473063 0.469 55.830 0.959 0.00000 -1 ACTUAL_TF
1.2863 0.1587704 -1.6824370 0.6744165 -0.37715878 0.68371076 -0.51919173 -0.34746337 0.002683 1789528426.914441586 0.528 55.770 1.075 0.00000 -1 ACTUAL_TF
1.3337 0.1588351 -1.6825395 0.6745011 -0.37714457 0.68371719 -0.51919327 -0.34746384 0.002671 1789528426.970367670 0.595 55.703 1.207 0.00000 -1 ACTUAL_TF
1.3939 0.1588788 -1.6826171 0.6745588 -0.37713661 0.68372256 -0.51918789 -0.34746994 0.002437 1789528427.026492357 0.641 55.658 1.303 0.00000 -1 ACTUAL_TF
1.4476 0.1589172 -1.6826997 0.6746215 -0.37711706 0.68372459 -0.51919081 -0.34748283 0.002300 1789528427.082346678 0.681 55.617 1.405 0.00000 -1 ACTUAL_TF
1.5035 0.1589488 -1.6827631 0.6746596 -0.37709961 0.68373485 -0.51918400 -0.34749174 0.002037 1789528427.138868809 0.714 55.584 1.478 0.00000 -1 ACTUAL_TF
1.5619 0.1590032 -1.6827950 0.6746800 -0.37709320 0.68374235 -0.51917832 -0.34749242 0.001784 1789528427.194400072 0.769 55.529 1.514 0.00000 -1 ACTUAL_TF
1.6196 0.1590840 -1.6828277 0.6747047 -0.37708929 0.68374229 -0.51918005 -0.34749419 0.001733 1789528427.250499249 0.851 55.448 1.554 0.00000 -1 ACTUAL_TF
1.6715 0.1591531 -1.6828454 0.6747228 -0.37708719 0.68373779 -0.51918435 -0.34749891 0.001608 1789528427.306481123 0.920 55.378 1.578 0.00000 -1 ACTUAL_TF
1.7314 0.1592655 -1.6828652 0.6747459 -0.37708377 0.68373024 -0.51919678 -0.34749891 0.001749 1789528427.362488270 1.033 55.265 1.606 0.00000 -1 ACTUAL_TF
1.7817 0.1593554 -1.6828699 0.6747575 -0.37707812 0.68372756 -0.51920282 -0.34750128 0.001711 1789528427.418414116 1.123 55.175 1.615 0.00000 -1 ACTUAL_TF
1.8400 0.1594731 -1.6828750 0.6747682 -0.37706965 0.68372481 -0.51921338 -0.34750012 0.001831 1789528427.474447966 1.241 55.057 1.624 0.00000 -1 ACTUAL_TF
1.9009 0.1595964 -1.6828709 0.6747777 -0.37706157 0.68372260 -0.51922547 -0.34749517 0.001943 1789528427.530532122 1.364 54.934 1.625 0.00000 -1 ACTUAL_TF
1.9468 0.1597487 -1.6828699 0.6747970 -0.37704420 0.68371751 -0.51924564 -0.34749389 0.002184 1789528427.586462975 1.516 54.782 1.635 0.00000 -1 ACTUAL_TF
2.0208 0.1599297 -1.6828613 0.6748195 -0.37703115 0.68370738 -0.51927363 -0.34748615 0.002507 1789528427.642443180 1.697 54.601 1.640 0.00000 -1 ACTUAL_TF
2.0675 0.1600935 -1.6828449 0.6748379 -0.37701620 0.68370145 -0.51929586 -0.34748082 0.002642 1789528427.698491573 1.861 54.437 1.638 0.00000 -1 ACTUAL_TF
2.1221 0.1603023 -1.6828273 0.6748630 -0.37699986 0.68369095 -0.51932837 -0.34747062 0.002983 1789528427.754319191 2.070 54.229 1.640 0.00000 -1 ACTUAL_TF
2.1764 0.1604577 -1.6828097 0.6748817 -0.37698279 0.68368592 -0.51934907 -0.34746809 0.002930 1789528427.810479879 2.225 54.073 1.638 0.00000 -1 ACTUAL_TF
2.2333 0.1606722 -1.6827714 0.6748839 -0.37697463 0.68367620 -0.51937561 -0.34745641 0.003220 1789528427.866403341 2.439 53.860 1.610 0.00000 -1 ACTUAL_TF
2.2882 0.1608190 -1.6827218 0.6748533 -0.37696837 0.68367575 -0.51938275 -0.34745341 0.003099 1789528427.922449112 2.584 53.714 1.551 0.00000 -1 ACTUAL_TF
2.3421 0.1609716 -1.6826216 0.6747563 -0.37697901 0.68367986 -0.51937196 -0.34744992 0.003272 1789528427.978692055 2.735 53.564 1.409 0.00000 -1 ACTUAL_TF
2.4002 0.1611029 -1.6825467 0.6746817 -0.37698861 0.68367964 -0.51936830 -0.34744540 0.003198 1789528428.034371853 2.864 53.434 1.302 0.00000 -1 ACTUAL_TF
2.4608 0.1612296 -1.6824306 0.6745594 -0.37700631 0.68368404 -0.51934938 -0.34744581 0.003366 1789528428.090517998 2.988 53.310 1.131 0.00000 -1 ACTUAL_TF
2.5095 0.1613675 -1.6823258 0.6744510 -0.37702353 0.68368276 -0.51933940 -0.34744458 0.003452 1789528428.146475315 3.123 53.175 0.978 0.00000 -1 ACTUAL_TF
2.5728 0.1614761 -1.6822282 0.6743496 -0.37704120 0.68368341 -0.51932606 -0.34744407 0.003369 1789528428.202470064 3.230 53.069 0.836 0.00000 -1 ACTUAL_TF
2.6223 0.1615938 -1.6821271 0.6742544 -0.37705574 0.68367746 -0.51931971 -0.34744949 0.003332 1789528428.258527040 3.345 52.953 0.696 0.00000 -1 ACTUAL_TF
2.6803 0.1616721 -1.6820645 0.6741956 -0.37705335 0.68366123 -0.51932905 -0.34747004 0.002956 1789528428.314395905 3.422 52.877 0.610 0.00000 -1 ACTUAL_TF
2.7372 0.1617803 -1.6819636 0.6740881 -0.37706576 0.68366150 -0.51931897 -0.34747111 0.003048 1789528428.370434999 3.527 52.771 0.462 0.00000 -1 ACTUAL_TF
2.7963 0.1618725 -1.6818745 0.6739919 -0.37707965 0.68365972 -0.51931032 -0.34747247 0.002993 1789528428.426448345 3.617 52.681 0.331 0.00000 -1 ACTUAL_TF
2.8453 0.1619653 -1.6817710 0.6738901 -0.37708833 0.68364531 -0.51931190 -0.34748904 0.003017 1789528428.482516527 3.708 52.591 0.190 0.00000 -1 ACTUAL_TF
2.9017 0.1620335 -1.6816728 0.6737806 -0.37709754 0.68364862 -0.51929771 -0.34749374 0.002982 1789528428.538391590 3.773 52.525 0.068 0.00000 -1 ACTUAL_TF
2.9558 0.1621438 -1.6815522 0.6736512 -0.37705698 0.68367634 -0.51931343 -0.34745973 0.003203 1789528428.594472647 3.881 52.417 0.160 0.00000 -1 ACTUAL_TF
3.0113 0.1622225 -1.6814265 0.6735225 -0.37706820 0.68366616 -0.51930833 -0.34747520 0.003294 1789528428.650464296 3.957 52.342 0.335 0.00000 -1 ACTUAL_TF
3.0683 0.1622875 -1.6813059 0.6733927 -0.37707594 0.68366445 -0.51930176 -0.34747999 0.003318 1789528428.706407785 4.019 52.280 0.511 0.00000 -1 ACTUAL_TF
3.1249 0.1623709 -1.6811609 0.6732430 -0.37706663 0.68366052 -0.51930884 -0.34748723 0.003526 1789528428.762346268 4.098 52.200 0.720 0.00000 -1 ACTUAL_TF
3.1822 0.1624452 -1.6810235 0.6730935 -0.37707107 0.68366310 -0.51930540 -0.34748249 0.003625 1789528428.818412781 4.169 52.129 0.923 0.00000 -1 ACTUAL_TF
3.2390 0.1625143 -1.6808739 0.6729396 -0.37706183 0.68366253 -0.51930696 -0.34749130 0.003746 1789528428.874415398 4.235 52.063 1.139 0.00000 -1 ACTUAL_TF
3.3016 0.1626006 -1.6807360 0.6728076 -0.37706923 0.68365971 -0.51931001 -0.34748426 0.003745 1789528428.930353880 4.318 51.980 1.331 0.00000 -1 ACTUAL_TF
3.3510 0.1627176 -1.6806124 0.6726978 -0.37706028 0.68365301 -0.51932988 -0.34747746 0.003706 1789528428.986423969 4.432 51.866 1.499 0.00000 -1 ACTUAL_TF
3.4096 0.1627994 -1.6804672 0.6725516 -0.37706132 0.68365456 -0.51932855 -0.34747526 0.003783 1789528429.042340755 4.510 51.788 1.706 0.00000 -1 ACTUAL_TF
3.4625 0.1628612 -1.6803672 0.6724449 -0.37704998 0.68365503 -0.51933552 -0.34747622 0.003498 1789528429.098412275 4.570 51.729 1.853 0.00000 -1 ACTUAL_TF
3.5241 0.1629375 -1.6802512 0.6723288 -0.37704545 0.68365703 -0.51933542 -0.34747737 0.003419 1789528429.154348612 4.643 51.655 2.018 0.00000 -1 ACTUAL_TF
3.5708 0.1630191 -1.6801722 0.6722472 -0.37704337 0.68365710 -0.51933814 -0.34747542 0.003143 1789528429.210325718 4.723 51.575 2.133 0.00000 -1 ACTUAL_TF
3.6294 0.1631080 -1.6800921 0.6721652 -0.37703960 0.68365850 -0.51934048 -0.34747325 0.002976 1789528429.266389847 4.810 51.488 2.249 0.00000 -1 ACTUAL_TF
3.6872 0.1631893 -1.6800308 0.6721050 -0.37703974 0.68365906 -0.51934345 -0.34746756 0.002717 1789528429.322416306 4.890 51.409 2.336 0.00000 -1 ACTUAL_TF
3.7444 0.1632809 -1.6799958 0.6720683 -0.37703440 0.68365734 -0.51935091 -0.34746560 0.002463 1789528429.378368616 4.980 51.318 2.389 0.00000 -1 ACTUAL_TF
3.8038 0.1633638 -1.6799671 0.6720424 -0.37702996 0.68365704 -0.51935562 -0.34746394 0.002214 1789528429.434382200 5.063 51.236 2.429 0.00000 -1 ACTUAL_TF
3.8531 0.1634614 -1.6799524 0.6720249 -0.37702199 0.68365491 -0.51936584 -0.34746152 0.002087 1789528429.490374327 5.160 51.138 2.453 0.00000 -1 ACTUAL_TF
3.9145 0.1635722 -1.6799479 0.6720257 -0.37701204 0.68364963 -0.51938325 -0.34745667 0.002055 1789528429.546377897 5.271 51.028 2.458 0.00000 -1 ACTUAL_TF
3.9647 0.1636434 -1.6799521 0.6720349 -0.37699542 0.68364901 -0.51939520 -0.34745806 0.001824 1789528429.602387190 5.342 50.956 2.449 0.00000 -1 ACTUAL_TF
4.0287 0.1637347 -1.6799706 0.6720509 -0.37697471 0.68364544 -0.51941528 -0.34745754 0.001782 1789528429.658466578 5.434 50.865 2.427 0.00000 -1 ACTUAL_TF
4.0800 0.1638095 -1.6799841 0.6720647 -0.37696056 0.68364260 -0.51943100 -0.34745498 0.001662 1789528429.714407444 5.509 50.790 2.409 0.00000 -1 ACTUAL_TF
4.1359 0.1638830 -1.6800184 0.6720785 -0.37693627 0.68364590 -0.51944623 -0.34745207 0.001605 1789528429.770355225 5.583 50.715 2.376 0.00000 -1 ACTUAL_TF
4.1936 0.1639332 -1.6800239 0.6720542 -0.37693322 0.68366965 -0.51942787 -0.34743611 0.001423 1789528429.826452494 5.633 50.665 2.389 0.00000 -1 ACTUAL_TF
4.2512 0.1639904 -1.6800453 0.6720269 -0.37694077 0.68369077 -0.51940323 -0.34742320 0.001355 1789528429.882349730 5.690 50.608 2.395 0.00000 -1 ACTUAL_TF
4.3020 0.1640060 -1.6800631 0.6719904 -0.37700301 0.68368955 -0.51934133 -0.34745059 0.001177 1789528429.939341068 5.706 50.592 2.409 0.00000 -1 ACTUAL_TF
4.3593 0.1640447 -1.6801000 0.6719818 -0.37702435 0.68370415 -0.51930865 -0.34744754 0.001119 1789528429.994441509 5.745 50.553 2.390 0.00000 -1 ACTUAL_TF
4.4225 0.1641043 -1.6801847 0.6720329 -0.37705061 0.68371117 -0.51927792 -0.34745117 0.001403 1789528430.050404072 5.807 50.492 2.296 0.00000 -1 ACTUAL_TF
4.4734 0.1641833 -1.6802892 0.6721198 -0.37706333 0.68371519 -0.51926644 -0.34744661 0.001823 1789528430.106462240 5.888 50.410 2.163 0.00000 -1 ACTUAL_TF
4.5301 0.1642831 -1.6804213 0.6722387 -0.37708250 0.68372316 -0.51924578 -0.34744099 0.002369 1789528430.162381649 5.991 50.307 1.988 0.00000 -1 ACTUAL_TF
4.5876 0.1643854 -1.6805603 0.6723775 -0.37707741 0.68372144 -0.51925618 -0.34743438 0.002840 1789528430.218615770 6.097 50.202 1.794 0.00000 -1 ACTUAL_TF
4.6446 0.1645024 -1.6807210 0.6725438 -0.37709031 0.68372111 -0.51924886 -0.34743196 0.003379 1789528430.274526358 6.217 50.081 1.565 0.00000 -1 ACTUAL_TF
4.6928 0.1645908 -1.6808452 0.6726724 -0.37708620 0.68372448 -0.51925009 -0.34742794 0.003436 1789528430.330411434 6.309 49.989 1.388 0.00000 -1 ACTUAL_TF
4.7489 0.1646976 -1.6810049 0.6728381 -0.37708255 0.68371654 -0.51925988 -0.34743291 0.003766 1789528430.386352062 6.419 49.879 1.160 0.00000 -1 ACTUAL_TF
4.8054 0.1647868 -1.6811331 0.6729695 -0.37708138 0.68371898 -0.51925830 -0.34743173 0.003729 1789528430.442393541 6.512 49.787 0.979 0.00000 -1 ACTUAL_TF
4.8626 0.1648947 -1.6812925 0.6731302 -0.37706858 0.68372053 -0.51926603 -0.34743101 0.003951 1789528430.498486757 6.623 49.675 0.756 0.00000 -1 ACTUAL_TF
4.9212 0.1649812 -1.6814292 0.6732638 -0.37706006 0.68372846 -0.51925892 -0.34743528 0.003892 1789528430.554389000 6.713 49.585 0.569 0.00000 -1 ACTUAL_TF
4.9791 0.1650682 -1.6815431 0.6733805 -0.37704572 0.68373067 -0.51926633 -0.34743542 0.003713 1789528430.610454082 6.803 49.496 0.411 0.00000 -1 ACTUAL_TF
5.0368 0.1651796 -1.6816666 0.6735113 -0.37704027 0.68373064 -0.51926920 -0.34743710 0.003734 1789528430.666416883 6.917 49.381 0.241 0.00000 -1 ACTUAL_TF
5.0836 0.1652774 -1.6817635 0.6736096 -0.37702978 0.68372929 -0.51927856 -0.34743717 0.003520 1789528430.722414017 7.017 49.281 0.129 0.00000 -1 ACTUAL_TF
5.1418 0.1654092 -1.6818779 0.6737261 -0.37703507 0.68373006 -0.51927804 -0.34743069 0.003587 1789528430.778430462 7.152 49.147 0.125 0.00000 -1 ACTUAL_TF
5.1981 0.1655266 -1.6820000 0.6738558 -0.37702563 0.68372182 -0.51929316 -0.34743454 0.003656 1789528430.834365606 7.272 49.026 0.270 0.00000 -1 ACTUAL_TF
5.2526 0.1656644 -1.6821301 0.6739866 -0.37703227 0.68372451 -0.51928557 -0.34743339 0.003790 1789528430.890481710 7.413 48.885 0.446 0.00000 -1 ACTUAL_TF
5.3096 0.1657959 -1.6822548 0.6741083 -0.37703878 0.68372634 -0.51927776 -0.34743439 0.003824 1789528430.946400404 7.547 48.751 0.615 0.00000 -1 ACTUAL_TF
5.3648 0.1659137 -1.6823737 0.6742365 -0.37703788 0.68371477 -0.51928783 -0.34744307 0.003807 1789528431.002361298 7.668 48.630 0.786 0.00000 -1 ACTUAL_TF
5.4222 0.1660460 -1.6825034 0.6743626 -0.37704161 0.68371750 -0.51927974 -0.34744575 0.003863 1789528431.058476210 7.804 48.495 0.964 0.00000 -1 ACTUAL_TF
5.4780 0.1661748 -1.6826248 0.6744921 -0.37703096 0.68371328 -0.51929374 -0.34744471 0.003882 1789528431.114336014 7.935 48.363 1.138 0.00000 -1 ACTUAL_TF
5.5400 0.1663197 -1.6827530 0.6746244 -0.37702842 0.68371418 -0.51929380 -0.34744561 0.003969 1789528431.170484304 8.083 48.215 1.319 0.00000 -1 ACTUAL_TF
5.5883 0.1664495 -1.6828514 0.6747246 -0.37702845 0.68371478 -0.51929563 -0.34744165 0.003797 1789528431.226850271 8.215 48.083 1.457 0.00000 -1 ACTUAL_TF
5.6496 0.1665893 -1.6829602 0.6748380 -0.37701883 0.68370973 -0.51930633 -0.34744603 0.003794 1789528431.282394171 8.358 47.941 1.611 0.00000 -1 ACTUAL_TF
5.7092 0.1667125 -1.6830423 0.6749381 -0.37701856 0.68369860 -0.51931707 -0.34745218 0.003613 1789528431.338418961 8.483 47.815 1.738 0.00000 -1 ACTUAL_TF
5.7563 0.1668358 -1.6830886 0.6749678 -0.37702404 0.68370470 -0.51930823 -0.34744743 0.003252 1789528431.394416809 8.607 47.691 1.790 0.00000 -1 ACTUAL_TF
5.8123 0.1669438 -1.6831187 0.6749879 -0.37703031 0.68370383 -0.51930146 -0.34745246 0.002887 1789528431.450399637 8.716 47.582 1.823 0.00000 -1 ACTUAL_TF
5.8712 0.1670399 -1.6831388 0.6750107 -0.37702367 0.68370418 -0.51930397 -0.34745523 0.002559 1789528431.506527901 8.812 47.486 1.852 0.00000 -1 ACTUAL_TF
5.9296 0.1671701 -1.6831445 0.6750209 -0.37702780 0.68369830 -0.51930899 -0.34745482 0.002494 1789528431.562394142 8.943 47.355 1.861 0.00000 -1 ACTUAL_TF
5.9855 0.1672597 -1.6831456 0.6750308 -0.37702501 0.68369563 -0.51931103 -0.34746003 0.002228 1789528431.618399620 9.032 47.266 1.867 0.00000 -1 ACTUAL_TF
6.0454 0.1673806 -1.6831424 0.6750400 -0.37701878 0.68369301 -0.51931933 -0.34745956 0.002211 1789528431.674322367 9.153 47.145 1.869 0.00000 -1 ACTUAL_TF
6.0923 0.1674956 -1.6831332 0.6750504 -0.37701613 0.68368692 -0.51933262 -0.34745455 0.002166 1789528431.730487585 9.268 47.030 1.867 0.00000 -1 ACTUAL_TF
6.1511 0.1676277 -1.6831231 0.6750649 -0.37700523 0.68368217 -0.51934998 -0.34744978 0.002230 1789528431.786485910 9.400 46.898 1.868 0.00000 -1 ACTUAL_TF
6.2095 0.1677437 -1.6831148 0.6750799 -0.37699421 0.68367672 -0.51936753 -0.34744623 0.002190 1789528431.842418909 9.516 46.782 1.871 0.00000 -1 ACTUAL_TF
6.2586 0.1678760 -1.6830928 0.6750934 -0.37698524 0.68367134 -0.51938417 -0.34744167 0.002255 1789528431.898409605 9.648 46.650 1.863 0.00000 -1 ACTUAL_TF
6.3258 0.1680135 -1.6830742 0.6751083 -0.37697548 0.68366534 -0.51940371 -0.34743486 0.002314 1789528431.955381870 9.785 46.513 1.858 0.00000 -1 ACTUAL_TF
6.3755 0.1681119 -1.6830498 0.6751166 -0.37696598 0.68366428 -0.51941324 -0.34743300 0.002173 1789528432.010484695 9.883 46.415 1.846 0.00000 -1 ACTUAL_TF
6.4342 0.1682336 -1.6829979 0.6750953 -0.37696704 0.68366279 -0.51941793 -0.34742775 0.002239 1789528432.066489458 10.004 46.294 1.794 0.00000 -1 ACTUAL_TF
6.4918 0.1683117 -1.6829411 0.6750501 -0.37697286 0.68366433 -0.51941236 -0.34742674 0.002139 1789528432.122418404 10.081 46.217 1.721 0.00000 -1 ACTUAL_TF
6.5393 0.1683792 -1.6828110 0.6749082 -0.37700244 0.68366924 -0.51938160 -0.34743098 0.002591 1789528432.178354263 10.145 46.153 1.527 0.00000 -1 ACTUAL_TF
6.5960 0.1684357 -1.6827093 0.6748053 -0.37702036 0.68366708 -0.51936542 -0.34743996 0.002638 1789528432.234896183 10.199 46.099 1.382 0.00000 -1 ACTUAL_TF
6.6634 0.1684867 -1.6825754 0.6746630 -0.37703578 0.68365969 -0.51935226 -0.34745744 0.002937 1789528432.290467262 10.247 46.051 1.186 0.00000 -1 ACTUAL_TF
6.7115 0.1685568 -1.6824245 0.6744994 -0.37702295 0.68367742 -0.51935010 -0.34743972 0.003306 1789528432.346466541 10.313 45.985 0.963 0.00000 -1 ACTUAL_TF
6.7694 0.1686000 -1.6823102 0.6743839 -0.37703205 0.68366779 -0.51934471 -0.34745683 0.003215 1789528432.402469397 10.354 45.944 0.800 0.00000 -1 ACTUAL_TF
6.8274 0.1686766 -1.6821599 0.6742310 -0.37704111 0.68367000 -0.51933685 -0.34745440 0.003474 1789528432.458295822 10.427 45.871 0.586 0.00000 -1 ACTUAL_TF
6.8868 0.1687380 -1.6820329 0.6740966 -0.37703013 0.68367904 -0.51933747 -0.34744761 0.003473 1789528432.514429092 10.485 45.813 0.402 0.00000 -1 ACTUAL_TF
6.9352 0.1688122 -1.6818884 0.6739498 -0.37703049 0.68367806 -0.51933679 -0.34745016 0.003595 1789528432.570863962 10.556 45.742 0.203 0.00000 -1 ACTUAL_TF
6.9936 0.1688855 -1.6817537 0.6738109 -0.37703892 0.68367728 -0.51933467 -0.34744572 0.003633 1789528432.626459599 10.626 45.672 0.077 0.00000 -1 ACTUAL_TF
7.0535 0.1689756 -1.6816037 0.6736579 -0.37705143 0.68367516 -0.51932960 -0.34744390 0.003787 1789528432.682503462 10.712 45.586 0.236 0.00000 -1 ACTUAL_TF
7.1065 0.1690509 -1.6815019 0.6735568 -0.37704676 0.68367265 -0.51933564 -0.34744488 0.003519 1789528432.738540173 10.785 45.513 0.376 0.00000 -1 ACTUAL_TF
7.1644 0.1691530 -1.6813597 0.6734109 -0.37705613 0.68366922 -0.51933622 -0.34744058 0.003689 1789528432.794331312 10.884 45.414 0.579 0.00000 -1 ACTUAL_TF
7.2254 0.1692141 -1.6812551 0.6732927 -0.37706265 0.68366960 -0.51932899 -0.34744357 0.003485 1789528432.850580692 10.942 45.356 0.735 0.00000 -1 ACTUAL_TF
7.2727 0.1693041 -1.6811480 0.6731831 -0.37705734 0.68366357 -0.51933544 -0.34745156 0.003396 1789528432.906300068 11.030 45.268 0.889 0.00000 -1 ACTUAL_TF
7.3238 0.1693951 -1.6810398 0.6730686 -0.37705786 0.68366446 -0.51933257 -0.34745355 0.003349 1789528432.962453842 11.118 45.180 1.048 0.00000 -1 ACTUAL_TF
7.3815 0.1694888 -1.6809556 0.6729832 -0.37705980 0.68366244 -0.51933590 -0.34745044 0.003160 1789528433.018443108 11.210 45.088 1.169 0.00000 -1 ACTUAL_TF
7.4378 0.1695926 -1.6808620 0.6728881 -0.37705612 0.68366645 -0.51933485 -0.34744811 0.003109 1789528433.074953556 11.311 44.987 1.304 0.00000 -1 ACTUAL_TF
7.5001 0.1696918 -1.6807827 0.6728084 -0.37705253 0.68366588 -0.51933741 -0.34744929 0.002988 1789528433.130394697 11.409 44.890 1.418 0.00000 -1 ACTUAL_TF
7.5508 0.1698082 -1.6806902 0.6727095 -0.37704665 0.68366314 -0.51934292 -0.34745282 0.003048 1789528433.186412334 11.523 44.775 1.555 0.00000 -1 ACTUAL_TF
7.6071 0.1699341 -1.6806027 0.6726227 -0.37704642 0.68366124 -0.51934636 -0.34745167 0.003078 1789528433.242384434 11.647 44.652 1.680 0.00000 -1 ACTUAL_TF
7.6617 0.1700785 -1.6804982 0.6725135 -0.37704568 0.68366198 -0.51934555 -0.34745224 0.003274 1789528433.298388243 11.788 44.510 1.834 0.00000 -1 ACTUAL_TF
7.7204 0.1702373 -1.6804137 0.6724234 -0.37704013 0.68366384 -0.51934837 -0.34745037 0.003370 1789528433.354398727 11.945 44.353 1.960 0.00000 -1 ACTUAL_TF
7.7776 0.1703765 -1.6803422 0.6723542 -0.37704105 0.68366381 -0.51934999 -0.34744701 0.003276 1789528433.410341024 12.083 44.216 2.062 0.00000 -1 ACTUAL_TF
7.8367 0.1705309 -1.6802928 0.6722972 -0.37702701 0.68366533 -0.51935755 -0.34744796 0.003213 1789528433.466372490 12.236 44.062 2.139 0.00000 -1 ACTUAL_TF
7.8952 0.1706508 -1.6802611 0.6722715 -0.37701994 0.68366413 -0.51936624 -0.34744500 0.002928 1789528433.522405863 12.355 43.943 2.182 0.00000 -1 ACTUAL_TF
7.9442 0.1707843 -1.6802636 0.6722687 -0.37699649 0.68366169 -0.51938696 -0.34744427 0.002765 1789528433.578411102 12.488 43.810 2.185 0.00000 -1 ACTUAL_TF
8.0046 0.1708771 -1.6802773 0.6722845 -0.37697162 0.68366076 -0.51940494 -0.34744621 0.002442 1789528433.634733200 12.582 43.717 2.165 0.00000 -1 ACTUAL_TF
8.0557 0.1709827 -1.6803032 0.6723055 -0.37694240 0.68365811 -0.51942885 -0.34744738 0.002306 1789528433.690432310 12.688 43.610 2.134 0.00000 -1 ACTUAL_TF
8.1176 0.1710702 -1.6803256 0.6723199 -0.37692678 0.68365615 -0.51944610 -0.34744240 0.002104 1789528433.746387005 12.776 43.523 2.109 0.00000 -1 ACTUAL_TF
8.1646 0.1711530 -1.6803640 0.6723344 -0.37690148 0.68365994 -0.51945996 -0.34744166 0.001968 1789528433.802429914 12.859 43.439 2.073 0.00000 -1 ACTUAL_TF
8.2239 0.1712308 -1.6803589 0.6722771 -0.37691922 0.68370143 -0.51941445 -0.34740883 0.001897 1789528433.858375549 12.937 43.362 2.118 0.00000 -1 ACTUAL_TF
8.2820 0.1712585 -1.6803857 0.6722774 -0.37696618 0.68367704 -0.51938522 -0.34744958 0.001534 1789528433.914374352 12.965 43.334 2.099 0.00000 -1 ACTUAL_TF
8.3375 0.1713074 -1.6804163 0.6722659 -0.37697418 0.68369329 -0.51936137 -0.34744456 0.001389 1789528433.970476627 13.014 43.284 2.087 0.00000 -1 ACTUAL_TF
8.3975 0.1713467 -1.6804499 0.6722688 -0.37699679 0.68370300 -0.51933203 -0.34744477 0.001249 1789528434.026459694 13.054 43.244 2.063 0.00000 -1 ACTUAL_TF
8.4485 0.1714110 -1.6805309 0.6723306 -0.37700929 0.68370873 -0.51931653 -0.34744310 0.001519 1789528434.082502365 13.120 43.178 1.964 0.00000 -1 ACTUAL_TF
8.5066 0.1714737 -1.6806158 0.6724005 -0.37702014 0.68371127 -0.51930599 -0.34744209 0.001741 1789528434.138591766 13.185 43.114 1.856 0.00000 -1 ACTUAL_TF
8.5637 0.1715602 -1.6807311 0.6725111 -0.37703366 0.68370657 -0.51930313 -0.34744095 0.002196 1789528434.194354773 13.274 43.024 1.698 0.00000 -1 ACTUAL_TF
8.6195 0.1716425 -1.6808395 0.6726323 -0.37704619 0.68369865 -0.51930522 -0.34743981 0.002513 1789528434.250397682 13.359 42.939 1.537 0.00000 -1 ACTUAL_TF
8.6760 0.1717500 -1.6809847 0.6727968 -0.37706906 0.68368028 -0.51930987 -0.34744417 0.003067 1789528434.306445360 13.470 42.828 1.319 0.00000 -1 ACTUAL_TF
8.7330 0.1718579 -1.6811215 0.6729522 -0.37707841 0.68367687 -0.51931596 -0.34743165 0.003399 1789528434.362348318 13.581 42.717 1.114 0.00000 -1 ACTUAL_TF
8.7781 0.1719276 -1.6812427 0.6730761 -0.37708678 0.68367486 -0.51931441 -0.34742881 0.003380 1789528434.418393373 13.654 42.645 0.942 0.00000 -1 ACTUAL_TF
8.8342 0.1720123 -1.6814168 0.6732683 -0.37708940 0.68366713 -0.51932071 -0.34743177 0.003829 1789528434.474303007 13.743 42.555 0.684 0.00000 -1 ACTUAL_TF
8.8988 0.1720759 -1.6815519 0.6734074 -0.37708813 0.68366904 -0.51932073 -0.34742938 0.003771 1789528434.530443192 13.810 42.489 0.491 0.00000 -1 ACTUAL_TF
8.9456 0.1721500 -1.6817084 0.6735704 -0.37709205 0.68367120 -0.51931555 -0.34742860 0.003915 1789528434.586370468 13.887 42.411 0.268 0.00000 -1 ACTUAL_TF
9.0024 0.1722250 -1.6818472 0.6737123 -0.37708526 0.68367112 -0.51932327 -0.34742459 0.003877 1789528434.642389059 13.966 42.332 0.076 0.00000 -1 ACTUAL_TF
9.0596 0.1722957 -1.6819823 0.6738444 -0.37708599 0.68367846 -0.51931456 -0.34742236 0.003795 1789528434.698381424 14.040 42.259 0.125 0.00000 -1 ACTUAL_TF
9.1176 0.1723562 -1.6820868 0.6739436 -0.37708894 0.68368352 -0.51930560 -0.34742261 0.003493 1789528434.754412413 14.103 42.196 0.266 0.00000 -1 ACTUAL_TF
9.1744 0.1724441 -1.6822243 0.6740814 -0.37708047 0.68368560 -0.51930756 -0.34742477 0.003590 1789528434.810403824 14.194 42.105 0.458 0.00000 -1 ACTUAL_TF
9.2338 0.1725129 -1.6823222 0.6741610 -0.37707855 0.68370209 -0.51929018 -0.34742039 0.003282 1789528434.866464615 14.265 42.033 0.582 0.00000 -1 ACTUAL_TF
9.2860 0.1725781 -1.6824317 0.6742647 -0.37705901 0.68370153 -0.51930033 -0.34742752 0.003178 1789528434.922436476 14.333 41.966 0.732 0.00000 -1 ACTUAL_TF
9.3463 0.1726353 -1.6825337 0.6743441 -0.37705263 0.68371218 -0.51928403 -0.34743787 0.002981 1789528434.978497744 14.392 41.906 0.860 0.00000 -1 ACTUAL_TF
9.3952 0.1726870 -1.6826261 0.6744201 -0.37703513 0.68371986 -0.51928186 -0.34744497 0.002787 1789528435.034361601 14.446 41.852 0.979 0.00000 -1 ACTUAL_TF
9.4539 0.1727626 -1.6827158 0.6744998 -0.37702243 0.68372775 -0.51927611 -0.34745183 0.002709 1789528435.090458632 14.524 41.775 1.097 0.00000 -1 ACTUAL_TF
9.5086 0.1728534 -1.6827873 0.6745676 -0.37701262 0.68373247 -0.51927578 -0.34745368 0.002616 1789528435.146354675 14.616 41.682 1.194 0.00000 -1 ACTUAL_TF
9.5674 0.1729769 -1.6828484 0.6746302 -0.37702407 0.68372759 -0.51927001 -0.34745948 0.002640 1789528435.202445745 14.741 41.557 1.279 0.00000 -1 ACTUAL_TF
9.6244 0.1730962 -1.6829174 0.6746901 -0.37701849 0.68372899 -0.51926513 -0.34747007 0.002654 1789528435.258392096 14.862 41.437 1.368 0.00000 -1 ACTUAL_TF
9.6832 0.1732357 -1.6829634 0.6747401 -0.37701129 0.68373070 -0.51926931 -0.34746829 0.002688 1789528435.314451218 15.002 41.296 1.434 0.00000 -1 ACTUAL_TF
9.7399 0.1734092 -1.6830046 0.6747823 -0.37701242 0.68372946 -0.51926921 -0.34746964 0.002865 1789528435.370352983 15.177 41.121 1.489 0.00000 -1 ACTUAL_TF
9.7895 0.1735724 -1.6830299 0.6748072 -0.37701744 0.68372599 -0.51927185 -0.34746706 0.002900 1789528435.426371098 15.341 40.958 1.522 0.00000 -1 ACTUAL_TF
9.8460 0.1737643 -1.6830492 0.6748274 -0.37701254 0.68372984 -0.51927158 -0.34746521 0.003070 1789528435.482322693 15.533 40.765 1.547 0.00000 -1 ACTUAL_TF
9.9029 0.1739312 -1.6830576 0.6748450 -0.37701694 0.68372397 -0.51927669 -0.34746435 0.003049 1789528435.538326979 15.700 40.598 1.562 0.00000 -1 ACTUAL_TF
9.9601 0.1741240 -1.6830702 0.6748595 -0.37700998 0.68372225 -0.51928337 -0.34746531 0.003172 1789528435.594360352 15.893 40.405 1.577 0.00000 -1 ACTUAL_TF
10.0162 0.1742639 -1.6830708 0.6748619 -0.37700324 0.68372683 -0.51928000 -0.34746866 0.002969 1789528435.650413513 16.033 40.265 1.577 0.00000 -1 ACTUAL_TF
10.0719 0.1744488 -1.6830760 0.6748790 -0.37699089 0.68372240 -0.51929502 -0.34746832 0.003073 1789528435.706403255 16.218 40.080 1.589 0.00000 -1 ACTUAL_TF
10.1268 0.1746332 -1.6830700 0.6748971 -0.37698163 0.68371484 -0.51931351 -0.34746560 0.003146 1789528435.762358665 16.403 39.896 1.594 0.00000 -1 ACTUAL_TF
10.1851 0.1747943 -1.6830644 0.6749164 -0.37697481 0.68370444 -0.51933365 -0.34746336 0.003071 1789528435.818405151 16.564 39.735 1.601 0.00000 -1 ACTUAL_TF
10.2446 0.1749678 -1.6830527 0.6749372 -0.37696600 0.68369390 -0.51935568 -0.34746074 0.003089 1789528435.874325752 16.737 39.561 1.604 0.00000 -1 ACTUAL_TF
10.2909 0.1750966 -1.6830449 0.6749548 -0.37695515 0.68368658 -0.51937475 -0.34745841 0.002860 1789528435.930364370 16.866 39.432 1.609 0.00000 -1 ACTUAL_TF
10.3475 0.1752739 -1.6830258 0.6749744 -0.37694410 0.68367797 -0.51939968 -0.34745007 0.002964 1789528435.986324310 17.043 39.255 1.607 0.00000 -1 ACTUAL_TF
10.4058 0.1754052 -1.6830076 0.6749892 -0.37693142 0.68367382 -0.51941773 -0.34744502 0.002788 1789528436.042336226 17.174 39.124 1.603 0.00000 -1 ACTUAL_TF
10.4636 0.1755767 -1.6829680 0.6749816 -0.37692888 0.68366634 -0.51943687 -0.34743388 0.002895 1789528436.098383665 17.345 38.954 1.568 0.00000 -1 ACTUAL_TF
10.5194 0.1756861 -1.6829226 0.6749570 -0.37692863 0.68366557 -0.51944096 -0.34742955 0.002674 1789528436.154399872 17.453 38.845 1.518 0.00000 -1 ACTUAL_TF
10.5767 0.1758060 -1.6828443 0.6748889 -0.37694112 0.68366624 -0.51943517 -0.34742331 0.002723 1789528436.210348368 17.571 38.727 1.414 0.00000 -1 ACTUAL_TF
10.6332 0.1758921 -1.6827297 0.6747597 -0.37696919 0.68367278 -0.51940874 -0.34741952 0.002939 1789528436.266373634 17.654 38.644 1.240 0.00000 -1 ACTUAL_TF
10.6902 0.1759676 -1.6826210 0.6746404 -0.37699685 0.68367360 -0.51938769 -0.34741937 0.003012 1789528436.322362423 17.727 38.571 1.077 0.00000 -1 ACTUAL_TF
10.7389 0.1760313 -1.6824808 0.6744860 -0.37702904 0.68367878 -0.51935369 -0.34742507 0.003277 1789528436.378330708 17.788 38.511 0.868 0.00000 -1 ACTUAL_TF
10.7984 0.1760832 -1.6823940 0.6744100 -0.37703404 0.68365460 -0.51936435 -0.34745129 0.002971 1789528436.434388399 17.837 38.461 0.754 0.00000 -1 ACTUAL_TF
10.8550 0.1761442 -1.6822383 0.6742393 -0.37705682 0.68365835 -0.51934043 -0.34745492 0.003360 1789528436.490379333 17.895 38.404 0.523 0.00000 -1 ACTUAL_TF
10.9126 0.1761940 -1.6821226 0.6741219 -0.37703722 0.68366554 -0.51934861 -0.34744982 0.003275 1789528436.546357393 17.942 38.357 0.361 0.00000 -1 ACTUAL_TF
10.9675 0.1762511 -1.6819561 0.6739464 -0.37705820 0.68366545 -0.51933292 -0.34745068 0.003624 1789528436.602370024 17.995 38.304 0.136 0.00000 -1 ACTUAL_TF
11.0230 0.1762989 -1.6818297 0.6738140 -0.37705359 0.68366568 -0.51933698 -0.34744919 0.003550 1789528436.658385515 18.039 38.259 0.112 0.00000 -1 ACTUAL_TF
11.0811 0.1763607 -1.6816540 0.6736312 -0.37706468 0.68366271 -0.51933308 -0.34744881 0.003882 1789528436.714428902 18.097 38.201 0.340 0.00000 -1 ACTUAL_TF
11.1388 0.1764105 -1.6814874 0.6734528 -0.37706398 0.68366829 -0.51932797 -0.34744623 0.004056 1789528436.770274878 18.143 38.156 0.580 0.00000 -1 ACTUAL_TF
11.1881 0.1764477 -1.6813500 0.6733037 -0.37706320 0.68367180 -0.51932569 -0.34744358 0.003941 1789528436.826359987 18.176 38.122 0.782 0.00000 -1 ACTUAL_TF
11.2452 0.1765012 -1.6812062 0.6731609 -0.37706181 0.68366476 -0.51933072 -0.34745142 0.003881 1789528436.882395983 18.227 38.072 0.985 0.00000 -1 ACTUAL_TF
11.3043 0.1765477 -1.6811108 0.6730649 -0.37704195 0.68366846 -0.51934009 -0.34745169 0.003474 1789528436.939054966 18.271 38.028 1.121 0.00000 -1 ACTUAL_TF
11.3618 0.1766110 -1.6809857 0.6729383 -0.37704759 0.68366130 -0.51934218 -0.34745653 0.003456 1789528436.994413137 18.331 37.967 1.300 0.00000 -1 ACTUAL_TF
11.4175 0.1766663 -1.6808808 0.6728316 -0.37703071 0.68366677 -0.51935140 -0.34745032 0.003274 1789528437.050379992 18.384 37.914 1.450 0.00000 -1 ACTUAL_TF
11.4741 0.1767245 -1.6807706 0.6727164 -0.37702942 0.68366553 -0.51934782 -0.34745950 0.003201 1789528437.106393576 18.439 37.859 1.610 0.00000 -1 ACTUAL_TF
11.5325 0.1767879 -1.6806779 0.6726183 -0.37703340 0.68366698 -0.51934555 -0.34745572 0.003040 1789528437.162386179 18.501 37.798 1.746 0.00000 -1 ACTUAL_TF
11.5809 0.1768671 -1.6805974 0.6725396 -0.37702868 0.68365986 -0.51935486 -0.34746094 0.002865 1789528437.218405485 18.578 37.721 1.860 0.00000 -1 ACTUAL_TF
11.6387 0.1769508 -1.6805202 0.6724619 -0.37702548 0.68365693 -0.51935943 -0.34746334 0.002742 1789528437.274543762 18.660 37.639 1.971 0.00000 -1 ACTUAL_TF
11.6982 0.1770193 -1.6804476 0.6723830 -0.37703150 0.68365848 -0.51935457 -0.34746103 0.002598 1789528437.330768585 18.726 37.572 2.079 0.00000 -1 ACTUAL_TF
11.7527 0.1771141 -1.6803929 0.6723270 -0.37702263 0.68366070 -0.51935762 -0.34746173 0.002482 1789528437.386387110 18.820 37.478 2.159 0.00000 -1 ACTUAL_TF
11.8106 0.1771942 -1.6803392 0.6722752 -0.37702465 0.68366165 -0.51935577 -0.34746042 0.002323 1789528437.442429781 18.899 37.400 2.235 0.00000 -1 ACTUAL_TF
11.8630 0.1772992 -1.6803117 0.6722464 -0.37701545 0.68366134 -0.51936413 -0.34745851 0.002228 1789528437.498382330 19.003 37.295 2.276 0.00000 -1 ACTUAL_TF
11.9201 0.1773914 -1.6803035 0.6722411 -0.37700242 0.68366022 -0.51937584 -0.34745736 0.002057 1789528437.554379225 19.095 37.203 2.287 0.00000 -1 ACTUAL_TF
11.9782 0.1775101 -1.6803269 0.6722635 -0.37697314 0.68365683 -0.51940179 -0.34745700 0.002098 1789528437.610473633 19.214 37.084 2.257 0.00000 -1 ACTUAL_TF
12.0371 0.1776278 -1.6803665 0.6722944 -0.37693563 0.68365393 -0.51943163 -0.34745881 0.002155 1789528437.666393280 19.333 36.966 2.209 0.00000 -1 ACTUAL_TF
12.0897 0.1777201 -1.6804084 0.6723131 -0.37690602 0.68365696 -0.51944892 -0.34745910 0.002060 1789528437.722488403 19.426 36.872 2.167 0.00000 -1 ACTUAL_TF
12.1455 0.1778368 -1.6804262 0.6722720 -0.37691789 0.68368921 -0.51941456 -0.34743415 0.002112 1789528437.778486967 19.543 36.756 2.186 0.00000 -1 ACTUAL_TF
12.2012 0.1779001 -1.6804541 0.6722610 -0.37694918 0.68368430 -0.51938262 -0.34745762 0.001854 1789528437.834397316 19.606 36.692 2.175 0.00000 -1 ACTUAL_TF
12.2570 0.1780008 -1.6805033 0.6722599 -0.37697564 0.68369746 -0.51934597 -0.34745778 0.001898 1789528437.890427828 19.708 36.590 2.143 0.00000 -1 ACTUAL_TF
12.3138 0.1780871 -1.6805652 0.6722992 -0.37699930 0.68369704 -0.51932327 -0.34746687 0.001936 1789528437.946398973 19.795 36.503 2.074 0.00000 -1 ACTUAL_TF
12.3701 0.1781993 -1.6806613 0.6723656 -0.37700827 0.68370833 -0.51930371 -0.34746415 0.002223 1789528438.002400398 19.910 36.389 1.962 0.00000 -1 ACTUAL_TF
12.4264 0.1783088 -1.6807551 0.6724459 -0.37701074 0.68371095 -0.51929889 -0.34746353 0.002436 1789528438.058627844 20.021 36.277 1.841 0.00000 -1 ACTUAL_TF
12.4828 0.1784227 -1.6808591 0.6725476 -0.37701582 0.68371108 -0.51929308 -0.34746644 0.002699 1789528438.114417076 20.138 36.161 1.698 0.00000 -1 ACTUAL_TF
12.5400 0.1785392 -1.6809552 0.6726354 -0.37701975 0.68371794 -0.51928593 -0.34745936 0.002826 1789528438.170322895 20.256 36.042 1.571 0.00000 -1 ACTUAL_TF
12.5893 0.1786237 -1.6810364 0.6727174 -0.37703758 0.68371571 -0.51927106 -0.34746663 0.002745 1789528438.226351500 20.343 35.955 1.457 0.00000 -1 ACTUAL_TF
12.6480 0.1787442 -1.6811664 0.6728500 -0.37702461 0.68371675 -0.51928314 -0.34746060 0.003105 1789528438.282435656 20.466 35.832 1.274 0.00000 -1 ACTUAL_TF
12.7035 0.1788302 -1.6812643 0.6729504 -0.37702614 0.68371936 -0.51927862 -0.34746055 0.003056 1789528438.338344574 20.555 35.744 1.136 0.00000 -1 ACTUAL_TF
12.7593 0.1789517 -1.6814032 0.6730967 -0.37702757 0.68372107 -0.51927908 -0.34745495 0.003402 1789528438.394303799 20.680 35.619 0.936 0.00000 -1 ACTUAL_TF
12.8188 0.1790554 -1.6815208 0.6732202 -0.37702391 0.68371579 -0.51929081 -0.34745179 0.003441 1789528438.450788736 20.786 35.512 0.768 0.00000 -1 ACTUAL_TF
12.8708 0.1791685 -1.6816732 0.6733855 -0.37702721 0.68370889 -0.51929580 -0.34745433 0.003766 1789528438.506436586 20.903 35.395 0.547 0.00000 -1 ACTUAL_TF
12.9299 0.1792764 -1.6818073 0.6735319 -0.37702466 0.68370650 -0.51930626 -0.34744616 0.003849 1789528438.562330246 21.014 35.284 0.352 0.00000 -1 ACTUAL_TF
12.9853 0.1793928 -1.6819673 0.6737065 -0.37703033 0.68369918 -0.51931132 -0.34744685 0.004106 1789528438.618401051 21.134 35.164 0.128 0.00000 -1 ACTUAL_TF
13.0475 0.1795162 -1.6821298 0.6738844 -0.37703212 0.68369117 -0.51932410 -0.34744156 0.004325 1789528438.674376249 21.262 35.037 0.143 0.00000 -1 ACTUAL_TF
13.0923 0.1796116 -1.6822567 0.6740170 -0.37704278 0.68368765 -0.51932205 -0.34743999 0.004135 1789528438.730408430 21.360 34.938 0.317 0.00000 -1 ACTUAL_TF
13.1533 0.1797250 -1.6823990 0.6741657 -0.37704994 0.68369002 -0.51932087 -0.34742933 0.004154 1789528438.786366463 21.477 34.821 0.518 0.00000 -1 ACTUAL_TF
13.2135 0.1798241 -1.6825358 0.6743191 -0.37704089 0.68368241 -0.51933878 -0.34742734 0.004131 1789528438.842321873 21.579 34.719 0.721 0.00000 -1 ACTUAL_TF
13.2714 0.1799141 -1.6826478 0.6744267 -0.37704998 0.68369245 -0.51932581 -0.34741712 0.003848 1789528438.898666382 21.672 34.626 0.874 0.00000 -1 ACTUAL_TF
13.3193 0.1799884 -1.6827546 0.6745309 -0.37705580 0.68368976 -0.51932258 -0.34742092 0.003590 1789528438.954394102 21.749 34.549 1.022 0.00000 -1 ACTUAL_TF
13.3765 0.1800688 -1.6828752 0.6746545 -0.37705087 0.68368806 -0.51932526 -0.34742561 0.003536 1789528439.010304689 21.832 34.466 1.193 0.00000 -1 ACTUAL_TF
13.4339 0.1801326 -1.6829751 0.6747480 -0.37704764 0.68368786 -0.51932346 -0.34743219 0.003282 1789528439.066429377 21.898 34.400 1.329 0.00000 -1 ACTUAL_TF
13.4917 0.1801936 -1.6830828 0.6748470 -0.37704034 0.68368838 -0.51931890 -0.34744591 0.003147 1789528439.122381687 21.962 34.336 1.474 0.00000 -1 ACTUAL_TF
13.5476 0.1802453 -1.6831803 0.6749338 -0.37703234 0.68369082 -0.51931140 -0.34746099 0.002956 1789528439.178356886 22.016 34.282 1.604 0.00000 -1 ACTUAL_TF
13.5945 0.1802955 -1.6832608 0.6750061 -0.37701158 0.68369498 -0.51931480 -0.34747025 0.002708 1789528439.234366655 22.068 34.230 1.711 0.00000 -1 ACTUAL_TF
13.6537 0.1803744 -1.6833033 0.6750377 -0.37701027 0.68370027 -0.51930584 -0.34747464 0.002405 1789528439.290344954 22.148 34.151 1.762 0.00000 -1 ACTUAL_TF
13.7100 0.1804635 -1.6833284 0.6750595 -0.37701130 0.68370084 -0.51930448 -0.34747445 0.002193 1789528439.346378088 22.237 34.061 1.794 0.00000 -1 ACTUAL_TF
13.7690 0.1805707 -1.6833564 0.6750896 -0.37701171 0.68370063 -0.51930382 -0.34747540 0.002149 1789528439.402379036 22.345 33.953 1.833 0.00000 -1 ACTUAL_TF
13.8310 0.1806727 -1.6833727 0.6751079 -0.37701441 0.68370013 -0.51930399 -0.34747321 0.002067 1789528439.458400965 22.448 33.851 1.856 0.00000 -1 ACTUAL_TF
13.8799 0.1807892 -1.6833784 0.6751150 -0.37701452 0.68370233 -0.51930347 -0.34746954 0.002072 1789528439.514404058 22.564 33.734 1.863 0.00000 -1 ACTUAL_TF
13.9438 0.1809071 -1.6833822 0.6751309 -0.37701690 0.68369530 -0.51931401 -0.34746503 0.002089 1789528439.570421457 22.682 33.616 1.874 0.00000 -1 ACTUAL_TF
13.9923 0.1810326 -1.6833743 0.6751385 -0.37701497 0.68369202 -0.51932045 -0.34746398 0.002137 1789528439.626389503 22.808 33.491 1.872 0.00000 -1 ACTUAL_TF
14.0499 0.1811648 -1.6833739 0.6751565 -0.37699615 0.68368948 -0.51933647 -0.34746545 0.002210 1789528439.682401657 22.940 33.358 1.882 0.00000 -1 ACTUAL_TF
14.1088 0.1812959 -1.6833687 0.6751724 -0.37698531 0.68368391 -0.51935592 -0.34745909 0.002255 1789528439.738450050 23.071 33.227 1.887 0.00000 -1 ACTUAL_TF
14.1579 0.1814893 -1.6833393 0.6751922 -0.37697851 0.68367286 -0.51938376 -0.34744658 0.002632 1789528439.794397593 23.264 33.034 1.877 0.00000 -1 ACTUAL_TF
14.2238 0.1816207 -1.6833208 0.6752080 -0.37695958 0.68367154 -0.51940063 -0.34744451 0.002558 1789528439.850482464 23.395 32.903 1.874 0.00000 -1 ACTUAL_TF
14.2777 0.1818075 -1.6832875 0.6752264 -0.37694857 0.68366396 -0.51942569 -0.34743391 0.002810 1789528439.906555176 23.582 32.717 1.861 0.00000 -1 ACTUAL_TF
14.3282 0.1819568 -1.6832431 0.6752147 -0.37694658 0.68365936 -0.51943903 -0.34742519 0.002804 1789528439.962542295 23.730 32.568 1.821 0.00000 -1 ACTUAL_TF
14.3801 0.1821125 -1.6831616 0.6751557 -0.37694816 0.68366162 -0.51943785 -0.34742078 0.002958 1789528440.018466949 23.884 32.414 1.720 0.00000 -1 ACTUAL_TF
14.4393 0.1822460 -1.6830392 0.6750314 -0.37697470 0.68366222 -0.51942136 -0.34741544 0.003248 1789528440.074419022 24.014 32.284 1.544 0.00000 -1 ACTUAL_TF
14.4996 0.1823428 -1.6829204 0.6749029 -0.37699582 0.68366612 -0.51939906 -0.34741821 0.003345 1789528440.130439043 24.108 32.190 1.368 0.00000 -1 ACTUAL_TF
14.5582 0.1824466 -1.6827909 0.6747632 -0.37701514 0.68366632 -0.51937866 -0.34742733 0.003500 1789528440.186589956 24.209 32.089 1.176 0.00000 -1 ACTUAL_TF
14.6076 0.1825322 -1.6827040 0.6746852 -0.37701411 0.68364785 -0.51938808 -0.34745072 0.003228 1789528440.242452383 24.292 32.006 1.059 0.00000 -1 ACTUAL_TF
14.6683 0.1826507 -1.6825782 0.6745534 -0.37703309 0.68364729 -0.51937418 -0.34745199 0.003424 1789528440.298454285 24.408 31.890 0.876 0.00000 -1 ACTUAL_TF
14.7180 0.1827397 -1.6824777 0.6744439 -0.37704044 0.68364847 -0.51936465 -0.34745596 0.003324 1789528440.354466915 24.494 31.804 0.727 0.00000 -1 ACTUAL_TF
14.7730 0.1828457 -1.6823689 0.6743261 -0.37703801 0.68365054 -0.51936402 -0.34745545 0.003357 1789528440.410450697 24.598 31.700 0.567 0.00000 -1 ACTUAL_TF
14.8301 0.1829433 -1.6822744 0.6742231 -0.37701844 0.68366366 -0.51937281 -0.34743773 0.003262 1789528440.466547489 24.693 31.605 0.428 0.00000 -1 ACTUAL_TF
14.8883 0.1830364 -1.6821627 0.6740995 -0.37702910 0.68366347 -0.51936182 -0.34744297 0.003307 1789528440.522469759 24.783 31.515 0.265 0.00000 -1 ACTUAL_TF
14.9399 0.1831340 -1.6820562 0.6739804 -0.37703583 0.68366477 -0.51935273 -0.34744670 0.003318 1789528440.578455448 24.878 31.420 0.124 0.00000 -1 ACTUAL_TF
15.0007 0.1831983 -1.6819671 0.6738821 -0.37703375 0.68366703 -0.51934540 -0.34745548 0.003112 1789528440.634529114 24.940 31.358 0.097 0.00000 -1 ACTUAL_TF
15.0556 0.1832910 -1.6818404 0.6737386 -0.37703762 0.68367003 -0.51933817 -0.34745617 0.003320 1789528440.690431833 25.030 31.268 0.252 0.00000 -1 ACTUAL_TF
15.1116 0.1833686 -1.6817385 0.6736266 -0.37703503 0.68367554 -0.51933382 -0.34745465 0.003228 1789528440.746860743 25.105 31.193 0.399 0.00000 -1 ACTUAL_TF
15.1673 0.1834704 -1.6815999 0.6734806 -0.37703800 0.68367809 -0.51933107 -0.34745051 0.003467 1789528440.802923918 25.203 31.095 0.599 0.00000 -1 ACTUAL_TF
15.2244 0.1835671 -1.6814726 0.6733458 -0.37704933 0.68367800 -0.51932616 -0.34744573 0.003557 1789528440.858444214 25.297 31.001 0.785 0.00000 -1 ACTUAL_TF
15.2759 0.1836794 -1.6813371 0.6732140 -0.37704421 0.68367283 -0.51933692 -0.34744538 0.003666 1789528440.914517641 25.406 30.892 0.976 0.00000 -1 ACTUAL_TF
15.3337 0.1837634 -1.6812196 0.6730995 -0.37703633 0.68367436 -0.51933994 -0.34744640 0.003556 1789528440.970393419 25.487 30.811 1.141 0.00000 -1 ACTUAL_TF
15.3960 0.1838750 -1.6810580 0.6729417 -0.37703855 0.68367550 -0.51934025 -0.34744129 0.003840 1789528441.026323795 25.595 30.703 1.369 0.00000 -1 ACTUAL_TF
15.4476 0.1839702 -1.6809106 0.6727888 -0.37703698 0.68367476 -0.51934254 -0.34744101 0.003935 1789528441.082323074 25.687 30.612 1.582 0.00000 -1 ACTUAL_TF
15.5082 0.1840371 -1.6807972 0.6726668 -0.37703816 0.68367481 -0.51933972 -0.34744386 0.003716 1789528441.138335943 25.751 30.547 1.750 0.00000 -1 ACTUAL_TF
15.5654 0.1841187 -1.6806723 0.6725383 -0.37702867 0.68367501 -0.51934190 -0.34745049 0.003656 1789528441.194358349 25.829 30.469 1.930 0.00000 -1 ACTUAL_TF
15.6135 0.1841964 -1.6805736 0.6724281 -0.37703064 0.68367645 -0.51934000 -0.34744836 0.003455 1789528441.250326633 25.905 30.394 2.079 0.00000 -1 ACTUAL_TF
15.6732 0.1842801 -1.6804714 0.6723223 -0.37702896 0.68367914 -0.51933696 -0.34744945 0.003325 1789528441.306348085 25.986 30.312 2.227 0.00000 -1 ACTUAL_TF
15.7282 0.1843650 -1.6804166 0.6722670 -0.37702045 0.68367736 -0.51934560 -0.34744927 0.002944 1789528441.362418413 26.070 30.229 2.307 0.00000 -1 ACTUAL_TF
15.7869 0.1844597 -1.6803586 0.6722065 -0.37701398 0.68367927 -0.51934793 -0.34744904 0.002738 1789528441.418387651 26.163 30.135 2.392 0.00000 -1 ACTUAL_TF
15.8462 0.1845504 -1.6803235 0.6721656 -0.37700799 0.68367870 -0.51935277 -0.34744943 0.002482 1789528441.474392414 26.253 30.046 2.447 0.00000 -1 ACTUAL_TF
15.8959 0.1846219 -1.6803151 0.6721544 -0.37699320 0.68368068 -0.51935957 -0.34745143 0.002127 1789528441.530457258 26.324 29.974 2.462 0.00000 -1 ACTUAL_TF
15.9585 0.1847204 -1.6803125 0.6721551 -0.37697914 0.68367815 -0.51937489 -0.34744876 0.002017 1789528441.586433649 26.422 29.876 2.465 0.00000 -1 ACTUAL_TF
16.0098 0.1848121 -1.6803193 0.6721640 -0.37696683 0.68367340 -0.51939308 -0.34744426 0.001906 1789528441.642502069 26.514 29.784 2.456 0.00000 -1 ACTUAL_TF
16.0684 0.1849077 -1.6803413 0.6721858 -0.37694240 0.68367040 -0.51941533 -0.34744342 0.001871 1789528441.698639870 26.610 29.688 2.426 0.00000 -1 ACTUAL_TF
16.1157 0.1849898 -1.6803608 0.6722040 -0.37692655 0.68366542 -0.51943580 -0.34743980 0.001775 1789528441.754373312 26.693 29.605 2.401 0.00000 -1 ACTUAL_TF
16.1727 0.1850566 -1.6803934 0.6722198 -0.37690184 0.68366778 -0.51945051 -0.34743997 0.001649 1789528441.810379982 26.760 29.538 2.368 0.00000 -1 ACTUAL_TF
16.2323 0.1851152 -1.6804218 0.6722314 -0.37688925 0.68366672 -0.51946047 -0.34744084 0.001509 1789528441.866410494 26.819 29.479 2.340 0.00000 -1 ACTUAL_TF
16.2924 0.1851546 -1.6804182 0.6721716 -0.37696199 0.68368040 -0.51938538 -0.34744726 0.001441 1789528441.922316313 26.858 29.440 2.386 0.00000 -1 ACTUAL_TF
16.3430 0.1851949 -1.6804497 0.6721656 -0.37696554 0.68368588 -0.51937344 -0.34745047 0.001284 1789528441.978486538 26.899 29.399 2.369 0.00000 -1 ACTUAL_TF
16.4018 0.1852283 -1.6804851 0.6721626 -0.37699324 0.68369568 -0.51933983 -0.34745138 0.001160 1789528442.034482002 26.933 29.365 2.347 0.00000 -1 ACTUAL_TF
16.4594 0.1852881 -1.6805695 0.6722215 -0.37700977 0.68369696 -0.51932287 -0.34745625 0.001450 1789528442.090455770 26.995 29.303 2.247 0.00000 -1 ACTUAL_TF
16.5099 0.1853552 -1.6806513 0.6723001 -0.37703291 0.68369173 -0.51931099 -0.34745919 0.001721 1789528442.146470070 27.064 29.234 2.135 0.00000 -1 ACTUAL_TF
16.5693 0.1854661 -1.6807956 0.6724491 -0.37704128 0.68368495 -0.51931592 -0.34745611 0.002465 1789528442.202445745 27.178 29.120 1.930 0.00000 -1 ACTUAL_TF
16.6198 0.1855605 -1.6809113 0.6725762 -0.37704729 0.68368562 -0.51931697 -0.34744668 0.002776 1789528442.258481503 27.275 29.023 1.759 0.00000 -1 ACTUAL_TF
16.6822 0.1856754 -1.6810594 0.6727361 -0.37706902 0.68367374 -0.51931686 -0.34744665 0.003264 1789528442.314425707 27.394 28.904 1.543 0.00000 -1 ACTUAL_TF
16.7312 0.1857648 -1.6811877 0.6728707 -0.37707688 0.68367030 -0.51931713 -0.34744447 0.003391 1789528442.370366812 27.486 28.812 1.359 0.00000 -1 ACTUAL_TF
16.7915 0.1858688 -1.6813376 0.6730208 -0.37708630 0.68367377 -0.51931011 -0.34743791 0.003638 1789528442.426449537 27.594 28.704 1.149 0.00000 -1 ACTUAL_TF
16.8479 0.1859799 -1.6815143 0.6731967 -0.37706891 0.68367912 -0.51932248 -0.34742777 0.004009 1789528442.482436180 27.709 28.589 0.902 0.00000 -1 ACTUAL_TF
16.9057 0.1860666 -1.6816309 0.6733107 -0.37708014 0.68368592 -0.51930891 -0.34742249 0.003795 1789528442.538465261 27.799 28.500 0.741 0.00000 -1 ACTUAL_TF
16.9654 0.1861528 -1.6817731 0.6734409 -0.37707888 0.68368940 -0.51930328 -0.34742542 0.003789 1789528442.594421625 27.888 28.410 0.552 0.00000 -1 ACTUAL_TF
17.0122 0.1862383 -1.6818997 0.6735673 -0.37706818 0.68369484 -0.51930564 -0.34742280 0.003714 1789528442.650455952 27.977 28.322 0.376 0.00000 -1 ACTUAL_TF
17.0737 0.1863288 -1.6820296 0.6736946 -0.37706260 0.68370299 -0.51929892 -0.34742286 0.003682 1789528442.706744909 28.070 28.228 0.202 0.00000 -1 ACTUAL_TF
17.1306 0.1864010 -1.6821436 0.6738045 -0.37704730 0.68370477 -0.51930377 -0.34742872 0.003517 1789528442.762340307 28.145 28.153 0.079 0.00000 -1 ACTUAL_TF
17.1878 0.1864829 -1.6822735 0.6739239 -0.37703623 0.68370832 -0.51930155 -0.34743707 0.003502 1789528442.818453312 28.230 28.068 0.163 0.00000 -1 ACTUAL_TF
17.2375 0.1865514 -1.6823852 0.6740258 -0.37702399 0.68371250 -0.51929950 -0.34744518 0.003342 1789528442.874370575 28.301 27.997 0.305 0.00000 -1 ACTUAL_TF
17.2965 0.1866367 -1.6825073 0.6741389 -0.37701222 0.68371898 -0.51929466 -0.34745245 0.003340 1789528442.930439949 28.389 27.909 0.466 0.00000 -1 ACTUAL_TF
17.3533 0.1867358 -1.6826166 0.6742361 -0.37701353 0.68372344 -0.51928206 -0.34746107 0.003284 1789528442.986464500 28.491 27.807 0.610 0.00000 -1 ACTUAL_TF
17.4104 0.1868521 -1.6827190 0.6743420 -0.37700880 0.68372633 -0.51928317 -0.34745887 0.003305 1789528443.042413712 28.610 27.689 0.753 0.00000 -1 ACTUAL_TF
17.4660 0.1870023 -1.6828343 0.6744617 -0.37701529 0.68372087 -0.51928350 -0.34746207 0.003514 1789528443.098408937 28.763 27.536 0.915 0.00000 -1 ACTUAL_TF
17.5313 0.1871365 -1.6829292 0.6745481 -0.37700972 0.68372412 -0.51928622 -0.34745766 0.003454 1789528443.154431105 28.899 27.399 1.041 0.00000 -1 ACTUAL_TF
17.5787 0.1872973 -1.6830404 0.6746612 -0.37701550 0.68372224 -0.51928372 -0.34745882 0.003629 1789528443.210372686 29.062 27.236 1.196 0.00000 -1 ACTUAL_TF
17.6358 0.1874513 -1.6831426 0.6747676 -0.37701344 0.68371244 -0.51929677 -0.34746081 0.003682 1789528443.266392708 29.219 27.079 1.340 0.00000 -1 ACTUAL_TF
17.6871 0.1876132 -1.6832338 0.6748554 -0.37701763 0.68371555 -0.51928872 -0.34746218 0.003679 1789528443.322382450 29.383 26.915 1.464 0.00000 -1 ACTUAL_TF
17.7476 0.1877583 -1.6833158 0.6749426 -0.37701085 0.68370713 -0.51930301 -0.34746476 0.003583 1789528443.378379583 29.530 26.768 1.581 0.00000 -1 ACTUAL_TF
17.7971 0.1879126 -1.6833838 0.6750149 -0.37701708 0.68370438 -0.51930021 -0.34746760 0.003491 1789528443.434356928 29.686 26.612 1.677 0.00000 -1 ACTUAL_TF
17.8546 0.1880853 -1.6834400 0.6750763 -0.37701344 0.68370486 -0.51930682 -0.34746072 0.003471 1789528443.490367174 29.860 26.438 1.757 0.00000 -1 ACTUAL_TF
17.9124 0.1882053 -1.6834740 0.6751154 -0.37701626 0.68369918 -0.51930983 -0.34746435 0.003130 1789528443.546378613 29.981 26.318 1.806 0.00000 -1 ACTUAL_TF
17.9689 0.1883238 -1.6834904 0.6751340 -0.37701246 0.68370027 -0.51930684 -0.34747078 0.002839 1789528443.602423906 30.100 26.199 1.829 0.00000 -1 ACTUAL_TF
18.0242 0.1884431 -1.6834937 0.6751460 -0.37701366 0.68369774 -0.51931078 -0.34746858 0.002630 1789528443.658407688 30.219 26.079 1.837 0.00000 -1 ACTUAL_TF
18.0809 0.1885608 -1.6834902 0.6751533 -0.37700866 0.68369675 -0.51931483 -0.34746991 0.002473 1789528443.714397430 30.337 25.962 1.838 0.00000 -1 ACTUAL_TF
18.1370 0.1886793 -1.6834837 0.6751648 -0.37700543 0.68369080 -0.51932777 -0.34746577 0.002370 1789528443.770366192 30.455 25.843 1.839 0.00000 -1 ACTUAL_TF
18.1869 0.1888121 -1.6834733 0.6751805 -0.37699576 0.68368499 -0.51934388 -0.34746362 0.002378 1789528443.826375961 30.588 25.710 1.840 0.00000 -1 ACTUAL_TF
18.2428 0.1889431 -1.6834645 0.6751992 -0.37697832 0.68368085 -0.51936299 -0.34746211 0.002375 1789528443.882373571 30.719 25.579 1.845 0.00000 -1 ACTUAL_TF
18.3022 0.1890696 -1.6834498 0.6752141 -0.37696833 0.68367537 -0.51938238 -0.34745475 0.002348 1789528443.938481569 30.845 25.453 1.843 0.00000 -1 ACTUAL_TF
18.3584 0.1892136 -1.6834293 0.6752301 -0.37695711 0.68366976 -0.51940322 -0.34744680 0.002429 1789528443.994381189 30.989 25.309 1.838 0.00000 -1 ACTUAL_TF
18.4195 0.1893172 -1.6834090 0.6752409 -0.37694518 0.68366850 -0.51941548 -0.34744391 0.002269 1789528444.050384045 31.092 25.206 1.830 0.00000 -1 ACTUAL_TF
18.4762 0.1894373 -1.6833613 0.6752173 -0.37694510 0.68366695 -0.51942163 -0.34743785 0.002292 1789528444.106383085 31.211 25.087 1.778 0.00000 -1 ACTUAL_TF
18.5337 0.1895416 -1.6832985 0.6751793 -0.37695566 0.68366549 -0.51942089 -0.34743039 0.002288 1789528444.162375212 31.314 24.984 1.707 0.00000 -1 ACTUAL_TF
18.5803 0.1896271 -1.6831938 0.6750793 -0.37697674 0.68366739 -0.51940312 -0.34743034 0.002502 1789528444.218386889 31.397 24.901 1.561 0.00000 -1 ACTUAL_TF
18.6372 0.1896743 -1.6830825 0.6749600 -0.37699928 0.68367014 -0.51937778 -0.34743834 0.002662 1789528444.274384499 31.442 24.857 1.397 0.00000 -1 ACTUAL_TF
18.6968 0.1897419 -1.6829579 0.6748364 -0.37701747 0.68365285 -0.51937454 -0.34745746 0.002870 1789528444.330393314 31.506 24.792 1.221 0.00000 -1 ACTUAL_TF
18.7548 0.1898108 -1.6828107 0.6746820 -0.37703173 0.68365797 -0.51936024 -0.34745330 0.003211 1789528444.386344671 31.572 24.727 1.007 0.00000 -1 ACTUAL_TF
18.8110 0.1898625 -1.6826985 0.6745717 -0.37701829 0.68366093 -0.51936743 -0.34745132 0.003135 1789528444.442369223 31.621 24.678 0.850 0.00000 -1 ACTUAL_TF
18.8703 0.1899301 -1.6825390 0.6744071 -0.37703391 0.68365921 -0.51935911 -0.34745017 0.003473 1789528444.498416901 31.684 24.614 0.622 0.00000 -1 ACTUAL_TF
18.9197 0.1899920 -1.6824086 0.6742736 -0.37702926 0.68366533 -0.51936208 -0.34743874 0.003485 1789528444.554388285 31.743 24.555 0.437 0.00000 -1 ACTUAL_TF
18.9780 0.1900604 -1.6822328 0.6740875 -0.37704412 0.68367091 -0.51934883 -0.34743145 0.003860 1789528444.610348940 31.807 24.491 0.193 0.00000 -1 ACTUAL_TF
19.0381 0.1901061 -1.6820942 0.6739370 -0.37704522 0.68367096 -0.51934698 -0.34743292 0.003824 1789528444.666394711 31.850 24.449 0.092 0.00000 -1 ACTUAL_TF
19.0874 0.1901579 -1.6819346 0.6737632 -0.37705154 0.68367382 -0.51933687 -0.34743556 0.003972 1789528444.722377300 31.898 24.401 0.283 0.00000 -1 ACTUAL_TF
19.1476 0.1902014 -1.6818159 0.6736385 -0.37704809 0.68367775 -0.51933180 -0.34743913 0.003731 1789528444.778391838 31.938 24.360 0.451 0.00000 -1 ACTUAL_TF
19.1970 0.1902614 -1.6816734 0.6734857 -0.37704824 0.68368365 -0.51932391 -0.34743916 0.003777 1789528444.834347248 31.995 24.304 0.658 0.00000 -1 ACTUAL_TF
19.2610 0.1903315 -1.6815614 0.6733729 -0.37703840 0.68367870 -0.51933243 -0.34744685 0.003575 1789528444.890360832 32.062 24.236 0.818 0.00000 -1 ACTUAL_TF
19.3087 0.1904061 -1.6814628 0.6732693 -0.37703502 0.68367698 -0.51933933 -0.34744359 0.003367 1789528444.946347952 32.134 24.164 0.962 0.00000 -1 ACTUAL_TF
19.3671 0.1904833 -1.6813572 0.6731619 -0.37702567 0.68367321 -0.51934491 -0.34745281 0.003263 1789528445.002345800 32.209 24.089 1.113 0.00000 -1 ACTUAL_TF
19.4267 0.1905619 -1.6812622 0.6730643 -0.37703373 0.68366878 -0.51934569 -0.34745161 0.003126 1789528445.058361530 32.285 24.013 1.250 0.00000 -1 ACTUAL_TF
19.4880 0.1906522 -1.6811667 0.6729689 -0.37702716 0.68366507 -0.51935261 -0.34745570 0.003059 1789528445.114367962 32.373 23.925 1.387 0.00000 -1 ACTUAL_TF
19.5349 0.1907351 -1.6810939 0.6728951 -0.37701856 0.68366727 -0.51935773 -0.34745304 0.002852 1789528445.170406103 32.454 23.844 1.492 0.00000 -1 ACTUAL_TF
19.5959 0.1908290 -1.6810118 0.6728064 -0.37701197 0.68366702 -0.51935963 -0.34745784 0.002817 1789528445.226349831 32.546 23.752 1.614 0.00000 -1 ACTUAL_TF
19.6458 0.1909257 -1.6809381 0.6727303 -0.37701132 0.68366735 -0.51935842 -0.34745970 0.002736 1789528445.282631636 32.641 23.657 1.721 0.00000 -1 ACTUAL_TF
19.7033 0.1910604 -1.6808524 0.6726419 -0.37701520 0.68366758 -0.51935637 -0.34745811 0.002898 1789528445.338337421 32.774 23.525 1.847 0.00000 -1 ACTUAL_TF
19.7617 0.1912161 -1.6807917 0.6725767 -0.37700778 0.68366946 -0.51936154 -0.34745473 0.002980 1789528445.394878387 32.928 23.370 1.938 0.00000 -1 ACTUAL_TF
19.8194 0.1913752 -1.6807593 0.6725429 -0.37699839 0.68366619 -0.51937724 -0.34744788 0.002980 1789528445.450553417 33.086 23.212 1.988 0.00000 -1 ACTUAL_TF
19.8700 0.1915490 -1.6807289 0.6725203 -0.37697665 0.68366620 -0.51939473 -0.34744533 0.003041 1789528445.506466389 33.259 23.039 2.028 0.00000 -1 ACTUAL_TF
19.9255 0.1916897 -1.6807327 0.6725243 -0.37694297 0.68366734 -0.51941637 -0.34744726 0.002883 1789528445.562423229 33.400 22.898 2.025 0.00000 -1 ACTUAL_TF
19.9834 0.1918622 -1.6807492 0.6725431 -0.37690781 0.68366318 -0.51944946 -0.34744412 0.002952 1789528445.618422747 33.573 22.725 2.003 0.00000 -1 ACTUAL_TF
20.0369 0.1919876 -1.6807724 0.6725633 -0.37687916 0.68366206 -0.51947257 -0.34744286 0.002758 1789528445.674451113 33.699 22.599 1.975 0.00000 -1 ACTUAL_TF
20.0922 0.1921130 -1.6808015 0.6725833 -0.37685635 0.68366099 -0.51949263 -0.34743970 0.002629 1789528445.730390072 33.825 22.473 1.942 0.00000 -1 ACTUAL_TF
20.1491 0.1921916 -1.6807901 0.6725232 -0.37692710 0.68367689 -0.51941542 -0.34744710 0.002374 1789528445.786362886 33.903 22.395 1.993 0.00000 -1 ACTUAL_TF
20.2057 0.1922655 -1.6808179 0.6725310 -0.37691538 0.68367934 -0.51942181 -0.34744546 0.002086 1789528445.842438698 33.977 22.321 1.969 0.00000 -1 ACTUAL_TF
20.2648 0.1923277 -1.6808342 0.6725083 -0.37693745 0.68368961 -0.51938999 -0.34744886 0.001826 1789528445.898407698 34.040 22.259 1.975 0.00000 -1 ACTUAL_TF
20.3274 0.1923793 -1.6808579 0.6724907 -0.37696038 0.68369790 -0.51936006 -0.34745243 0.001596 1789528445.954451323 34.092 22.207 1.972 0.00000 -1 ACTUAL_TF
20.3752 0.1924497 -1.6809024 0.6724986 -0.37698469 0.68370424 -0.51933357 -0.34745317 0.001566 1789528446.010346174 34.163 22.136 1.937 0.00000 -1 ACTUAL_TF
20.4360 0.1925037 -1.6809619 0.6725352 -0.37700334 0.68370616 -0.51931295 -0.34745996 0.001568 1789528446.066491127 34.218 22.080 1.870 0.00000 -1 ACTUAL_TF
20.4862 0.1925809 -1.6810581 0.6726126 -0.37702077 0.68370384 -0.51929915 -0.34746624 0.001879 1789528446.122437954 34.297 22.001 1.750 0.00000 -1 ACTUAL_TF
20.5463 0.1926535 -1.6811569 0.6727142 -0.37702418 0.68370207 -0.51929833 -0.34746725 0.002167 1789528446.178500891 34.372 21.926 1.609 0.00000 -1 ACTUAL_TF
20.6061 0.1927408 -1.6812693 0.6728244 -0.37705129 0.68368943 -0.51928960 -0.34747576 0.002483 1789528446.234437943 34.462 21.836 1.454 0.00000 -1 ACTUAL_TF
20.6535 0.1928601 -1.6814160 0.6729834 -0.37705603 0.68368563 -0.51929777 -0.34746588 0.003061 1789528446.290438652 34.585 21.713 1.240 0.00000 -1 ACTUAL_TF
20.7116 0.1929546 -1.6815258 0.6730974 -0.37706815 0.68368344 -0.51929893 -0.34745530 0.003129 1789528446.346509933 34.682 21.616 1.083 0.00000 -1 ACTUAL_TF
20.7661 0.1930733 -1.6816678 0.6732616 -0.37707662 0.68367852 -0.51930694 -0.34744381 0.003517 1789528446.402456999 34.804 21.494 0.868 0.00000 -1 ACTUAL_TF
20.8263 0.1931563 -1.6817848 0.6733884 -0.37708578 0.68367554 -0.51930885 -0.34743689 0.003489 1789528446.458389044 34.890 21.408 0.697 0.00000 -1 ACTUAL_TF
20.8790 0.1932468 -1.6819308 0.6735420 -0.37708809 0.68367738 -0.51931075 -0.34742791 0.003675 1789528446.514457703 34.984 21.314 0.487 0.00000 -1 ACTUAL_TF
20.9452 0.1933252 -1.6820763 0.6736931 -0.37707705 0.68367975 -0.51932171 -0.34741885 0.003773 1789528446.570432663 35.066 21.232 0.280 0.00000 -1 ACTUAL_TF
20.9891 0.1934279 -1.6822551 0.6738864 -0.37706489 0.68367362 -0.51934089 -0.34741544 0.004156 1789528446.626413584 35.173 21.125 0.043 0.00000 -1 ACTUAL_TF
21.0450 0.1934837 -1.6823811 0.6740195 -0.37706705 0.68367497 -0.51933580 -0.34741805 0.003935 1789528446.682413578 35.232 21.066 0.172 0.00000 -1 ACTUAL_TF
21.1021 0.1935553 -1.6825271 0.6741719 -0.37706904 0.68366935 -0.51933700 -0.34742516 0.003950 1789528446.738346100 35.307 20.991 0.379 0.00000 -1 ACTUAL_TF
21.1583 0.1936299 -1.6826661 0.6743148 -0.37706567 0.68366615 -0.51933964 -0.34743116 0.003905 1789528446.794344187 35.385 20.913 0.576 0.00000 -1 ACTUAL_TF
21.2185 0.1936865 -1.6827627 0.6744075 -0.37706459 0.68366896 -0.51933390 -0.34743538 0.003512 1789528446.850400925 35.444 20.854 0.709 0.00000 -1 ACTUAL_TF
21.2763 0.1937598 -1.6828787 0.6745194 -0.37705923 0.68367019 -0.51933243 -0.34744100 0.003407 1789528446.906375885 35.520 20.778 0.869 0.00000 -1 ACTUAL_TF
21.3314 0.1938211 -1.6829784 0.6746115 -0.37706187 0.68366605 -0.51932718 -0.34745411 0.003184 1789528446.962295771 35.584 20.715 1.004 0.00000 -1 ACTUAL_TF
21.3780 0.1938826 -1.6830765 0.6746922 -0.37705136 0.68367645 -0.51931756 -0.34745942 0.002984 1789528447.018310070 35.647 20.651 1.130 0.00000 -1 ACTUAL_TF
21.4381 0.1939289 -1.6831586 0.6747549 -0.37704236 0.68368340 -0.51930832 -0.34746933 0.002696 1789528447.074267864 35.695 20.603 1.232 0.00000 -1 ACTUAL_TF
21.4986 0.1939799 -1.6832452 0.6748202 -0.37703042 0.68369312 -0.51929660 -0.34748068 0.002528 1789528447.130365372 35.748 20.550 1.339 0.00000 -1 ACTUAL_TF
21.5594 0.1940658 -1.6833170 0.6748789 -0.37701965 0.68370506 -0.51928902 -0.34748021 0.002446 1789528447.186431170 35.836 20.462 1.430 0.00000 -1 ACTUAL_TF
21.6103 0.1941507 -1.6833678 0.6749231 -0.37701224 0.68370670 -0.51928854 -0.34748572 0.002295 1789528447.242241144 35.922 20.376 1.496 0.00000 -1 ACTUAL_TF
21.6676 0.1942543 -1.6834104 0.6749553 -0.37701197 0.68371214 -0.51927979 -0.34748838 0.002230 1789528447.298326254 36.026 20.272 1.547 0.00000 -1 ACTUAL_TF
21.7185 0.1943616 -1.6834359 0.6749759 -0.37700954 0.68371676 -0.51927606 -0.34748752 0.002161 1789528447.354398966 36.134 20.164 1.578 0.00000 -1 ACTUAL_TF
21.7828 0.1945157 -1.6834550 0.6749967 -0.37700955 0.68371767 -0.51927765 -0.34748333 0.002352 1789528447.410419703 36.289 20.009 1.604 0.00000 -1 ACTUAL_TF
21.8291 0.1946793 -1.6834557 0.6750075 -0.37701345 0.68371566 -0.51928566 -0.34747108 0.002525 1789528447.466404438 36.453 19.846 1.609 0.00000 -1 ACTUAL_TF
21.8938 0.1948557 -1.6834455 0.6750172 -0.37701640 0.68371251 -0.51928752 -0.34747131 0.002716 1789528447.522376537 36.629 19.669 1.604 0.00000 -1 ACTUAL_TF
21.9408 0.1950145 -1.6834492 0.6750321 -0.37700137 0.68371192 -0.51930057 -0.34746927 0.002756 1789528447.578367233 36.788 19.511 1.614 0.00000 -1 ACTUAL_TF
21.9973 0.1952382 -1.6834345 0.6750506 -0.37699847 0.68370205 -0.51932050 -0.34746205 0.003134 1789528447.634355307 37.011 19.287 1.613 0.00000 -1 ACTUAL_TF
22.0538 0.1954191 -1.6834397 0.6750747 -0.37698319 0.68369382 -0.51934557 -0.34745735 0.003171 1789528447.690414906 37.192 19.106 1.630 0.00000 -1 ACTUAL_TF
22.1090 0.1956317 -1.6834264 0.6750979 -0.37696198 0.68368987 -0.51936952 -0.34745234 0.003368 1789528447.746404171 37.405 18.893 1.633 0.00000 -1 ACTUAL_TF
22.1682 0.1958661 -1.6834224 0.6751285 -0.37693485 0.68368334 -0.51940617 -0.34743983 0.003624 1789528447.802412271 37.639 18.659 1.648 0.00000 -1 ACTUAL_TF
22.2237 0.1960439 -1.6834158 0.6751534 -0.37691499 0.68367632 -0.51943470 -0.34743255 0.003500 1789528447.858378410 37.817 18.481 1.659 0.00000 -1 ACTUAL_TF
22.2784 0.1962228 -1.6833987 0.6751699 -0.37688966 0.68367383 -0.51945713 -0.34743138 0.003418 1789528447.914327383 37.996 18.302 1.657 0.00000 -1 ACTUAL_TF
22.3352 0.1963858 -1.6833683 0.6751683 -0.37688453 0.68366617 -0.51947775 -0.34742118 0.003280 1789528447.970377207 38.158 18.140 1.632 0.00000 -1 ACTUAL_TF
22.3924 0.1965325 -1.6833288 0.6751489 -0.37687505 0.68366438 -0.51948861 -0.34741875 0.003117 1789528448.026364326 38.304 17.994 1.589 0.00000 -1 ACTUAL_TF
22.4480 0.1966475 -1.6832719 0.6751014 -0.37687550 0.68366591 -0.51948887 -0.34741487 0.002915 1789528448.082359314 38.418 17.880 1.515 0.00000 -1 ACTUAL_TF
22.5024 0.1967646 -1.6831849 0.6750101 -0.37688638 0.68367008 -0.51947807 -0.34741102 0.002961 1789528448.138415575 38.533 17.765 1.387 0.00000 -1 ACTUAL_TF
22.5593 0.1968834 -1.6830937 0.6749142 -0.37689944 0.68367404 -0.51946638 -0.34740652 0.003026 1789528448.194430351 38.649 17.649 1.253 0.00000 -1 ACTUAL_TF
22.6180 0.1969625 -1.6830032 0.6748132 -0.37691178 0.68368220 -0.51944632 -0.34740708 0.002959 1789528448.250428915 38.726 17.572 1.116 0.00000 -1 ACTUAL_TF
22.6753 0.1970512 -1.6828855 0.6746761 -0.37693493 0.68368905 -0.51942035 -0.34740731 0.003149 1789528448.306424141 38.812 17.486 0.934 0.00000 -1 ACTUAL_TF
22.7340 0.1971095 -1.6827869 0.6745653 -0.37695350 0.68369286 -0.51939874 -0.34741196 0.003059 1789528448.362411022 38.868 17.430 0.785 0.00000 -1 ACTUAL_TF
22.7873 0.1971827 -1.6826416 0.6744012 -0.37698529 0.68369705 -0.51936587 -0.34741838 0.003378 1789528448.418469906 38.938 17.361 0.565 0.00000 -1 ACTUAL_TF
22.8428 0.1972393 -1.6825537 0.6743190 -0.37699141 0.68367133 -0.51937501 -0.34744867 0.003077 1789528448.474457026 38.992 17.306 0.446 0.00000 -1 ACTUAL_TF
22.8977 0.1972996 -1.6823963 0.6741433 -0.37702163 0.68367126 -0.51934593 -0.34745949 0.003460 1789528448.530380011 39.048 17.250 0.214 0.00000 -1 ACTUAL_TF
22.9537 0.1973461 -1.6822583 0.6739934 -0.37704512 0.68366136 -0.51933043 -0.34747665 0.003541 1789528448.586430788 39.092 17.207 0.063 0.00000 -1 ACTUAL_TF
23.0112 0.1974135 -1.6821042 0.6738264 -0.37702246 0.68367681 -0.51933624 -0.34746217 0.003747 1789528448.642466068 39.155 17.143 0.237 0.00000 -1 ACTUAL_TF
23.0585 0.1974732 -1.6819437 0.6736610 -0.37703932 0.68367185 -0.51932353 -0.34747262 0.003899 1789528448.698448181 39.211 17.087 0.465 0.00000 -1 ACTUAL_TF
23.1154 0.1975440 -1.6818127 0.6735317 -0.37704594 0.68366226 -0.51932961 -0.34747523 0.003786 1789528448.754421949 39.279 17.020 0.649 0.00000 -1 ACTUAL_TF
23.1702 0.1976217 -1.6816472 0.6733699 -0.37704719 0.68365975 -0.51933376 -0.34747259 0.003958 1789528448.810430288 39.352 16.946 0.882 0.00000 -1 ACTUAL_TF
23.2350 0.1976795 -1.6815114 0.6732315 -0.37704956 0.68365727 -0.51933453 -0.34747376 0.003855 1789528448.866429806 39.407 16.891 1.076 0.00000 -1 ACTUAL_TF
23.2900 0.1977477 -1.6813708 0.6730928 -0.37704204 0.68365473 -0.51934238 -0.34747518 0.003818 1789528448.922403812 39.472 16.826 1.275 0.00000 -1 ACTUAL_TF
23.3477 0.1978018 -1.6812613 0.6729835 -0.37703724 0.68365475 -0.51934562 -0.34747552 0.003550 1789528448.978423595 39.523 16.775 1.430 0.00000 -1 ACTUAL_TF
23.4058 0.1978701 -1.6811295 0.6728492 -0.37703678 0.68365053 -0.51935048 -0.34747705 0.003558 1789528449.034379959 39.588 16.710 1.619 0.00000 -1 ACTUAL_TF
23.4529 0.1979258 -1.6810168 0.6727303 -0.37703900 0.68365516 -0.51934471 -0.34747415 0.003410 1789528449.090858459 39.641 16.657 1.784 0.00000 -1 ACTUAL_TF
23.5134 0.1980070 -1.6809077 0.6726150 -0.37703549 0.68365736 -0.51934776 -0.34746908 0.003350 1789528449.146395683 39.720 16.578 1.944 0.00000 -1 ACTUAL_TF
23.5689 0.1980806 -1.6808108 0.6725121 -0.37702859 0.68366275 -0.51934745 -0.34746643 0.003198 1789528449.202455282 39.791 16.507 2.086 0.00000 -1 ACTUAL_TF
23.6240 0.1981600 -1.6807434 0.6724513 -0.37703170 0.68366154 -0.51934997 -0.34746166 0.002884 1789528449.258489609 39.869 16.429 2.178 0.00000 -1 ACTUAL_TF
23.6767 0.1982413 -1.6806791 0.6723860 -0.37702726 0.68366290 -0.51935007 -0.34746366 0.002676 1789528449.314409256 39.949 16.350 2.271 0.00000 -1 ACTUAL_TF
23.7322 0.1983142 -1.6806333 0.6723335 -0.37702637 0.68366326 -0.51935016 -0.34746377 0.002414 1789528449.370419979 40.020 16.278 2.342 0.00000 -1 ACTUAL_TF
23.7895 0.1984153 -1.6805921 0.6722941 -0.37702336 0.68366259 -0.51935629 -0.34745919 0.002311 1789528449.426416397 40.121 16.178 2.400 0.00000 -1 ACTUAL_TF
23.8436 0.1985079 -1.6805712 0.6722754 -0.37702072 0.68365861 -0.51936671 -0.34745432 0.002136 1789528449.482414007 40.213 16.086 2.430 0.00000 -1 ACTUAL_TF
23.9012 0.1986002 -1.6805516 0.6722573 -0.37700701 0.68366052 -0.51937404 -0.34745449 0.002010 1789528449.538413286 40.305 15.994 2.458 0.00000 -1 ACTUAL_TF
23.9594 0.1986794 -1.6805497 0.6722555 -0.37699522 0.68365888 -0.51938634 -0.34745212 0.001832 1789528449.594353199 40.384 15.915 2.462 0.00000 -1 ACTUAL_TF
24.0151 0.1987753 -1.6805673 0.6722727 -0.37697307 0.68365598 -0.51940766 -0.34744998 0.001812 1789528449.650398493 40.480 15.818 2.439 0.00000 -1 ACTUAL_TF
24.0761 0.1988558 -1.6806032 0.6722974 -0.37694110 0.68365543 -0.51943012 -0.34745216 0.001760 1789528449.706367016 40.561 15.737 2.398 0.00000 -1 ACTUAL_TF
24.1348 0.1989237 -1.6806452 0.6723162 -0.37691666 0.68365581 -0.51944774 -0.34745159 0.001671 1789528449.762303591 40.630 15.668 2.355 0.00000 -1 ACTUAL_TF
24.1839 0.1989821 -1.6806848 0.6723167 -0.37691178 0.68366156 -0.51943908 -0.34745852 0.001547 1789528449.818347216 40.689 15.609 2.328 0.00000 -1 ACTUAL_TF
24.2390 0.1990242 -1.6806927 0.6722740 -0.37696716 0.68367067 -0.51938029 -0.34746841 0.001407 1789528449.874379635 40.731 15.567 2.353 0.00000 -1 ACTUAL_TF
24.2984 0.1990892 -1.6807491 0.6722732 -0.37698883 0.68368421 -0.51934604 -0.34746945 0.001446 1789528449.930419207 40.797 15.501 2.316 0.00000 -1 ACTUAL_TF
24.3496 0.1991587 -1.6808206 0.6723249 -0.37701071 0.68368382 -0.51932671 -0.34747534 0.001614 1789528449.986387014 40.868 15.430 2.231 0.00000 -1 ACTUAL_TF
24.4074 0.1992547 -1.6809329 0.6724099 -0.37702646 0.68369483 -0.51930218 -0.34747326 0.002043 1789528450.042388678 40.966 15.332 2.094 0.00000 -1 ACTUAL_TF
24.4641 0.1993635 -1.6810651 0.6725279 -0.37701833 0.68370226 -0.51930515 -0.34746304 0.002545 1789528450.098330259 41.078 15.220 1.920 0.00000 -1 ACTUAL_TF
24.5225 0.1994857 -1.6812192 0.6726837 -0.37702623 0.68370408 -0.51929571 -0.34746499 0.003125 1789528450.154382467 41.204 15.094 1.703 0.00000 -1 ACTUAL_TF
24.5709 0.1996110 -1.6813608 0.6728244 -0.37702103 0.68371410 -0.51929371 -0.34745391 0.003450 1789528450.210399389 41.333 14.965 1.506 0.00000 -1 ACTUAL_TF
24.6288 0.1997022 -1.6814590 0.6729188 -0.37703010 0.68372263 -0.51927902 -0.34744924 0.003292 1789528450.266442537 41.426 14.872 1.372 0.00000 -1 ACTUAL_TF
24.6871 0.1998165 -1.6815841 0.6730432 -0.37702983 0.68372324 -0.51927853 -0.34744905 0.003432 1789528450.322391033 41.544 14.755 1.198 0.00000 -1 ACTUAL_TF
24.7469 0.1999132 -1.6816783 0.6731348 -0.37703462 0.68372196 -0.51927687 -0.34744887 0.003276 1789528450.378416300 41.643 14.656 1.069 0.00000 -1 ACTUAL_TF
24.8052 0.2000264 -1.6817893 0.6732503 -0.37703629 0.68372294 -0.51927482 -0.34744817 0.003346 1789528450.434310436 41.758 14.540 0.911 0.00000 -1 ACTUAL_TF
24.8538 0.2001431 -1.6818975 0.6733552 -0.37702585 0.68372808 -0.51928246 -0.34743798 0.003360 1789528450.490503788 41.878 14.421 0.764 0.00000 -1 ACTUAL_TF
24.9090 0.2003163 -1.6820416 0.6735141 -0.37701389 0.68372982 -0.51930086 -0.34742002 0.003829 1789528450.546485424 42.054 14.244 0.554 0.00000 -1 ACTUAL_TF
24.9659 0.2004231 -1.6821526 0.6736266 -0.37702443 0.68372859 -0.51929240 -0.34742367 0.003699 1789528450.602669716 42.164 14.135 0.401 0.00000 -1 ACTUAL_TF
25.0203 0.2005231 -1.6822634 0.6737335 -0.37701735 0.68373586 -0.51929321 -0.34741582 0.003576 1789528450.658460140 42.266 14.032 0.257 0.00000 -1 ACTUAL_TF
25.0776 0.2006365 -1.6823987 0.6738737 -0.37702143 0.68373535 -0.51929049 -0.34741647 0.003712 1789528450.714406490 42.383 13.915 0.106 0.00000 -1 ACTUAL_TF
25.1348 0.2007294 -1.6825185 0.6739946 -0.37702248 0.68373777 -0.51928665 -0.34741630 0.003637 1789528450.770416737 42.479 13.819 0.157 0.00000 -1 ACTUAL_TF
25.1944 0.2008647 -1.6827005 0.6741910 -0.37701328 0.68373247 -0.51929853 -0.34741895 0.004153 1789528450.826426506 42.618 13.680 0.399 0.00000 -1 ACTUAL_TF
25.2518 0.2009747 -1.6828437 0.6743428 -0.37700414 0.68372621 -0.51931342 -0.34741894 0.004169 1789528450.882529497 42.732 13.566 0.602 0.00000 -1 ACTUAL_TF
25.3310 0.2010947 -1.6829976 0.6745078 -0.37700944 0.68371890 -0.51931563 -0.34742427 0.004291 1789528450.938382387 42.856 13.443 0.824 0.00000 -1 ACTUAL_TF
25.3547 0.2011757 -1.6831069 0.6746201 -0.37701306 0.68371823 -0.51931044 -0.34742943 0.003949 1789528450.994378090 42.939 13.359 0.978 0.00000 -1 ACTUAL_TF
25.4122 0.2012778 -1.6832493 0.6747587 -0.37701539 0.68371467 -0.51930742 -0.34743841 0.003961 1789528451.050357580 43.045 13.254 1.175 0.00000 -1 ACTUAL_TF
25.4785 0.2013871 -1.6833814 0.6748978 -0.37701225 0.68370744 -0.51931466 -0.34744523 0.003955 1789528451.106398821 43.157 13.141 1.364 0.00000 -1 ACTUAL_TF
25.5244 0.2014681 -1.6834747 0.6749836 -0.37701351 0.68371060 -0.51930652 -0.34744981 0.003575 1789528451.162364721 43.240 13.058 1.490 0.00000 -1 ACTUAL_TF
25.5875 0.2015739 -1.6835597 0.6750689 -0.37701760 0.68370971 -0.51930395 -0.34745096 0.003361 1789528451.218372583 43.348 12.950 1.608 0.00000 -1 ACTUAL_TF
25.6434 0.2016776 -1.6836296 0.6751431 -0.37701796 0.68370256 -0.51931208 -0.34745249 0.003132 1789528451.274337769 43.454 12.845 1.708 0.00000 -1 ACTUAL_TF
25.6929 0.2017874 -1.6836776 0.6751997 -0.37701817 0.68370127 -0.51931433 -0.34745143 0.002903 1789528451.330344677 43.565 12.734 1.780 0.00000 -1 ACTUAL_TF
25.7514 0.2019062 -1.6837305 0.6752419 -0.37700210 0.68370760 -0.51932566 -0.34743948 0.002764 1789528451.386330843 43.685 12.614 1.845 0.00000 -1 ACTUAL_TF
25.8103 0.2020188 -1.6837465 0.6752631 -0.37701102 0.68370544 -0.51932143 -0.34744037 0.002554 1789528451.442375898 43.797 12.501 1.869 0.00000 -1 ACTUAL_TF
25.8675 0.2021048 -1.6837623 0.6752773 -0.37700586 0.68370481 -0.51932454 -0.34744256 0.002262 1789528451.498402119 43.884 12.414 1.889 0.00000 -1 ACTUAL_TF
25.9264 0.2022126 -1.6837668 0.6752894 -0.37700617 0.68370011 -0.51932795 -0.34744638 0.002166 1789528451.554376602 43.992 12.306 1.899 0.00000 -1 ACTUAL_TF
25.9710 0.2023296 -1.6837651 0.6753000 -0.37700512 0.68369460 -0.51933424 -0.34744897 0.002145 1789528451.610379219 44.109 12.189 1.903 0.00000 -1 ACTUAL_TF
26.0282 0.2024338 -1.6837637 0.6753117 -0.37700053 0.68368963 -0.51934524 -0.34744729 0.002063 1789528451.666450262 44.213 12.085 1.908 0.00000 -1 ACTUAL_TF
26.0847 0.2025650 -1.6837519 0.6753257 -0.37699534 0.68368303 -0.51935935 -0.34744481 0.002147 1789528451.723002911 44.344 11.954 1.908 0.00000 -1 ACTUAL_TF
26.1425 0.2026771 -1.6837446 0.6753405 -0.37698334 0.68367931 -0.51937558 -0.34744089 0.002116 1789528451.778404474 44.456 11.842 1.911 0.00000 -1 ACTUAL_TF
26.2004 0.2028070 -1.6837269 0.6753564 -0.37697067 0.68367491 -0.51939301 -0.34743725 0.002190 1789528451.834307909 44.586 11.712 1.908 0.00000 -1 ACTUAL_TF
26.2566 0.2029262 -1.6837113 0.6753711 -0.37695788 0.68367144 -0.51940965 -0.34743307 0.002180 1789528451.890444040 44.705 11.593 1.906 0.00000 -1 ACTUAL_TF
26.3127 0.2030683 -1.6836827 0.6753855 -0.37694505 0.68366833 -0.51942756 -0.34742633 0.002307 1789528451.946390867 44.847 11.452 1.894 0.00000 -1 ACTUAL_TF
26.3706 0.2031807 -1.6836401 0.6753730 -0.37694382 0.68366651 -0.51943515 -0.34741989 0.002263 1789528452.002399206 44.958 11.340 1.854 0.00000 -1 ACTUAL_TF
26.4287 0.2033064 -1.6835714 0.6753286 -0.37694605 0.68366703 -0.51943575 -0.34741555 0.002387 1789528452.058432579 45.082 11.216 1.774 0.00000 -1 ACTUAL_TF
26.4772 0.2033995 -1.6834720 0.6752383 -0.37695844 0.68366836 -0.51942260 -0.34741915 0.002546 1789528452.114399672 45.173 11.125 1.639 0.00000 -1 ACTUAL_TF
26.5373 0.2034535 -1.6833636 0.6751192 -0.37697424 0.68367167 -0.51939946 -0.34743011 0.002673 1789528452.171615601 45.224 11.074 1.477 0.00000 -1 ACTUAL_TF
26.5929 0.2035350 -1.6832261 0.6749813 -0.37699120 0.68365514 -0.51939480 -0.34745118 0.003027 1789528452.226387262 45.303 10.996 1.282 0.00000 -1 ACTUAL_TF
26.6506 0.2035929 -1.6831013 0.6748473 -0.37700877 0.68365536 -0.51937596 -0.34745985 0.003148 1789528452.282386303 45.357 10.941 1.098 0.00000 -1 ACTUAL_TF
26.7015 0.2036920 -1.6829556 0.6746926 -0.37698826 0.68366807 -0.51938576 -0.34744245 0.003458 1789528452.338447571 45.453 10.845 0.885 0.00000 -1 ACTUAL_TF
26.7578 0.2037587 -1.6828195 0.6745478 -0.37701180 0.68366532 -0.51936811 -0.34744868 0.003546 1789528452.394354582 45.516 10.782 0.686 0.00000 -1 ACTUAL_TF
26.8278 0.2038400 -1.6826645 0.6743787 -0.37702016 0.68366575 -0.51935655 -0.34745606 0.003784 1789528452.450423002 45.594 10.704 0.458 0.00000 -1 ACTUAL_TF
26.8728 0.2039360 -1.6825156 0.6742147 -0.37702175 0.68367155 -0.51935433 -0.34744624 0.003943 1789528452.506380320 45.686 10.612 0.241 0.00000 -1 ACTUAL_TF
26.9351 0.2040247 -1.6823921 0.6740913 -0.37702918 0.68366561 -0.51935494 -0.34744896 0.003810 1789528452.562354088 45.772 10.526 0.100 0.00000 -1 ACTUAL_TF
26.9835 0.2041292 -1.6822564 0.6739500 -0.37703825 0.68366577 -0.51934893 -0.34744778 0.003857 1789528452.618352175 45.873 10.425 0.171 0.00000 -1 ACTUAL_TF
27.0487 0.2042112 -1.6821682 0.6738616 -0.37702942 0.68366846 -0.51935159 -0.34744810 0.003499 1789528452.674422026 45.953 10.345 0.288 0.00000 -1 ACTUAL_TF
27.0962 0.2043198 -1.6820558 0.6737416 -0.37702806 0.68366818 -0.51935512 -0.34744484 0.003505 1789528452.730400562 46.059 10.239 0.448 0.00000 -1 ACTUAL_TF
27.1586 0.2044124 -1.6819669 0.6736531 -0.37702627 0.68366726 -0.51935795 -0.34744437 0.003288 1789528452.786490440 46.149 10.149 0.574 0.00000 -1 ACTUAL_TF
27.2088 0.2045232 -1.6818608 0.6735409 -0.37703322 0.68366469 -0.51935784 -0.34744204 0.003317 1789528452.842630625 46.258 10.041 0.729 0.00000 -1 ACTUAL_TF
27.2600 0.2046098 -1.6817725 0.6734426 -0.37703026 0.68366722 -0.51935575 -0.34744340 0.003171 1789528452.898428202 46.342 9.956 0.861 0.00000 -1 ACTUAL_TF
27.3207 0.2047187 -1.6816696 0.6733396 -0.37702737 0.68366523 -0.51935857 -0.34744624 0.003195 1789528452.954393148 46.448 9.850 1.008 0.00000 -1 ACTUAL_TF
27.3832 0.2048385 -1.6815561 0.6732188 -0.37702627 0.68366577 -0.51936048 -0.34744353 0.003331 1789528453.010428429 46.565 9.733 1.175 0.00000 -1 ACTUAL_TF
27.4295 0.2049297 -1.6814551 0.6731161 -0.37702260 0.68366650 -0.51935934 -0.34744778 0.003245 1789528453.066445112 46.654 9.644 1.320 0.00000 -1 ACTUAL_TF
27.4904 0.2050811 -1.6813284 0.6729920 -0.37702475 0.68365967 -0.51936853 -0.34744513 0.003508 1789528453.123011827 46.803 9.496 1.500 0.00000 -1 ACTUAL_TF
27.5515 0.2051779 -1.6812184 0.6728673 -0.37702847 0.68366364 -0.51936233 -0.34744256 0.003497 1789528453.178447962 46.897 9.402 1.667 0.00000 -1 ACTUAL_TF
27.6007 0.2052993 -1.6810901 0.6727304 -0.37702414 0.68366847 -0.51935605 -0.34744715 0.003645 1789528453.234443903 47.015 9.283 1.856 0.00000 -1 ACTUAL_TF
27.6578 0.2054238 -1.6809932 0.6726314 -0.37702779 0.68366551 -0.51935871 -0.34744502 0.003549 1789528453.290427685 47.137 9.161 1.997 0.00000 -1 ACTUAL_TF
27.7144 0.2055491 -1.6808946 0.6725287 -0.37702694 0.68366571 -0.51935708 -0.34744799 0.003500 1789528453.346466541 47.260 9.038 2.141 0.00000 -1 ACTUAL_TF
27.7709 0.2056447 -1.6808384 0.6724636 -0.37701808 0.68367018 -0.51935646 -0.34744974 0.003140 1789528453.402357578 47.354 8.944 2.228 0.00000 -1 ACTUAL_TF
27.8269 0.2057824 -1.6807938 0.6724225 -0.37701052 0.68366865 -0.51936710 -0.34744505 0.003004 1789528453.458346367 47.491 8.808 2.291 0.00000 -1 ACTUAL_TF
27.8841 0.2059004 -1.6807796 0.6724097 -0.37699488 0.68366786 -0.51938157 -0.34744194 0.002743 1789528453.514359951 47.608 8.690 2.312 0.00000 -1 ACTUAL_TF
27.9353 0.2059898 -1.6807862 0.6724129 -0.37697325 0.68366807 -0.51939699 -0.34744193 0.002401 1789528453.570319653 47.698 8.600 2.307 0.00000 -1 ACTUAL_TF
27.9946 0.2060996 -1.6808096 0.6724344 -0.37694749 0.68366439 -0.51942267 -0.34743874 0.002294 1789528453.626261234 47.808 8.490 2.277 0.00000 -1 ACTUAL_TF
28.0462 0.2061789 -1.6808350 0.6724552 -0.37692400 0.68366221 -0.51944329 -0.34743768 0.002065 1789528453.682322025 47.888 8.410 2.246 0.00000 -1 ACTUAL_TF
28.1050 0.2062610 -1.6808666 0.6724737 -0.37689830 0.68366378 -0.51946026 -0.34743711 0.001924 1789528453.738698244 47.971 8.327 2.212 0.00000 -1 ACTUAL_TF
28.1646 0.2063221 -1.6808914 0.6724855 -0.37688420 0.68366405 -0.51946947 -0.34743812 0.001708 1789528453.794384241 48.033 8.266 2.187 0.00000 -1 ACTUAL_TF
28.2125 0.2063885 -1.6808869 0.6724270 -0.37691342 0.68370137 -0.51941659 -0.34741203 0.001670 1789528453.850448132 48.098 8.200 2.232 0.00000 -1 ACTUAL_TF
28.2689 0.2064134 -1.6809202 0.6724326 -0.37694280 0.68368317 -0.51939762 -0.34744434 0.001393 1789528453.906479120 48.124 8.174 2.205 0.00000 -1 ACTUAL_TF
28.3257 0.2064542 -1.6809452 0.6724107 -0.37696456 0.68369594 -0.51936600 -0.34744286 0.001258 1789528453.962387085 48.165 8.133 2.204 0.00000 -1 ACTUAL_TF
28.3886 0.2064981 -1.6810002 0.6724308 -0.37699039 0.68369717 -0.51934032 -0.34745081 0.001272 1789528454.018456697 48.210 8.088 2.153 0.00000 -1 ACTUAL_TF
28.4408 0.2065819 -1.6810936 0.6724981 -0.37698742 0.68370984 -0.51933704 -0.34743399 0.001654 1789528454.074363947 48.296 8.002 2.041 0.00000 -1 ACTUAL_TF
28.4992 0.2066706 -1.6812052 0.6726060 -0.37699877 0.68370308 -0.51933812 -0.34743337 0.002115 1789528454.130439281 48.387 7.911 1.888 0.00000 -1 ACTUAL_TF
28.5476 0.2067529 -1.6812987 0.6727089 -0.37700988 0.68370274 -0.51933658 -0.34742428 0.002346 1789528454.186424255 48.472 7.827 1.750 0.00000 -1 ACTUAL_TF
28.6034 0.2068595 -1.6814314 0.6728620 -0.37703991 0.68368516 -0.51933509 -0.34742851 0.002865 1789528454.242586851 48.582 7.717 1.550 0.00000 -1 ACTUAL_TF
28.6605 0.2069686 -1.6815625 0.6730202 -0.37704960 0.68367409 -0.51934654 -0.34742267 0.003256 1789528454.298386097 48.694 7.604 1.346 0.00000 -1 ACTUAL_TF
28.7198 0.2070602 -1.6817182 0.6731868 -0.37706688 0.68366697 -0.51934278 -0.34742354 0.003595 1789528454.354426146 48.789 7.509 1.120 0.00000 -1 ACTUAL_TF
28.7761 0.2071273 -1.6818606 0.6733375 -0.37706524 0.68366272 -0.51934859 -0.34742500 0.003684 1789528454.410407066 48.860 7.438 0.914 0.00000 -1 ACTUAL_TF
28.8301 0.2071989 -1.6820199 0.6734935 -0.37706768 0.68366133 -0.51934791 -0.34742610 0.003835 1789528454.466359377 48.935 7.363 0.692 0.00000 -1 ACTUAL_TF
28.8879 0.2072629 -1.6821780 0.6736528 -0.37707019 0.68365390 -0.51934953 -0.34743559 0.003934 1789528454.522371531 49.003 7.295 0.470 0.00000 -1 ACTUAL_TF
28.9453 0.2073208 -1.6823027 0.6737804 -0.37707338 0.68364917 -0.51934869 -0.34744268 0.003757 1789528454.578496933 49.064 7.234 0.293 0.00000 -1 ACTUAL_TF
28.9995 0.2074038 -1.6824643 0.6739451 -0.37706647 0.68364287 -0.51935706 -0.34745006 0.003944 1789528454.634464979 49.151 7.147 0.074 0.00000 -1 ACTUAL_TF
29.0572 0.2074656 -1.6825734 0.6740472 -0.37706711 0.68364696 -0.51934956 -0.34745255 0.003627 1789528454.690452337 49.215 7.083 0.099 0.00000 -1 ACTUAL_TF
29.1132 0.2075535 -1.6827090 0.6741827 -0.37706018 0.68364515 -0.51935471 -0.34745592 0.003669 1789528454.746420622 49.306 6.992 0.282 0.00000 -1 ACTUAL_TF
29.1699 0.2076194 -1.6828107 0.6742784 -0.37705202 0.68365664 -0.51934716 -0.34745344 0.003396 1789528454.802405357 49.374 6.924 0.419 0.00000 -1 ACTUAL_TF
29.2285 0.2077034 -1.6829346 0.6744012 -0.37703541 0.68365918 -0.51935312 -0.34745758 0.003416 1789528454.858338356 49.461 6.837 0.591 0.00000 -1 ACTUAL_TF
29.2787 0.2077527 -1.6830155 0.6744691 -0.37704610 0.68366345 -0.51933089 -0.34747079 0.003015 1789528454.914378166 49.513 6.786 0.696 0.00000 -1 ACTUAL_TF
29.3314 0.2078420 -1.6831423 0.6745835 -0.37701853 0.68367689 -0.51933582 -0.34746689 0.003143 1789528454.970375538 49.605 6.693 0.865 0.00000 -1 ACTUAL_TF
29.3919 0.2079049 -1.6832443 0.6746652 -0.37700833 0.68368783 -0.51932018 -0.34747982 0.002977 1789528455.026414156 49.670 6.628 0.995 0.00000 -1 ACTUAL_TF
29.4503 0.2079962 -1.6833261 0.6747335 -0.37700083 0.68369977 -0.51931249 -0.34747596 0.002837 1789528455.082339525 49.763 6.535 1.100 0.00000 -1 ACTUAL_TF
29.5076 0.2081208 -1.6833940 0.6748009 -0.37699918 0.68370663 -0.51930597 -0.34747399 0.002827 1789528455.138355494 49.889 6.409 1.193 0.00000 -1 ACTUAL_TF
29.5581 0.2082274 -1.6834588 0.6748529 -0.37699436 0.68371384 -0.51929715 -0.34747820 0.002701 1789528455.194460154 49.997 6.301 1.274 0.00000 -1 ACTUAL_TF
29.6224 0.2084003 -1.6835373 0.6749197 -0.37697635 0.68372619 -0.51930214 -0.34746599 0.002971 1789528455.250373363 50.172 6.126 1.374 0.00000 -1 ACTUAL_TF
29.6750 0.2085688 -1.6836014 0.6749944 -0.37696926 0.68372744 -0.51931241 -0.34745588 0.003125 1789528455.306384563 50.342 5.956 1.469 0.00000 -1 ACTUAL_TF
29.7394 0.2087375 -1.6836453 0.6750379 -0.37697367 0.68372930 -0.51930151 -0.34746372 0.003150 1789528455.362407207 50.512 5.786 1.527 0.00000 -1 ACTUAL_TF
29.7896 0.2089275 -1.6836746 0.6750662 -0.37698025 0.68372844 -0.51929886 -0.34746224 0.003231 1789528455.419213533 50.703 5.596 1.565 0.00000 -1 ACTUAL_TF
29.8373 0.2090882 -1.6836912 0.6750900 -0.37698410 0.68372257 -0.51930308 -0.34746329 0.003147 1789528455.474539280 50.864 5.435 1.590 0.00000 -1 ACTUAL_TF
29.8992 0.2092718 -1.6837008 0.6750999 -0.37698771 0.68372382 -0.51930006 -0.34746143 0.003191 1789528455.530451536 51.047 5.251 1.601 0.00000 -1 ACTUAL_TF
29.9492 0.2094129 -1.6837148 0.6751148 -0.37698332 0.68372114 -0.51930460 -0.34746470 0.002997 1789528455.586478233 51.189 5.109 1.619 0.00000 -1 ACTUAL_TF
30.0056 0.2095736 -1.6837135 0.6751175 -0.37697399 0.68373204 -0.51929842 -0.34746261 0.002959 1789528455.642485380 51.350 4.949 1.617 0.00000 -1 ACTUAL_TF
30.0606 0.2097181 -1.6837176 0.6751346 -0.37696600 0.68372588 -0.51931142 -0.34746396 0.002852 1789528455.698390007 51.494 4.804 1.629 0.00000 -1 ACTUAL_TF
30.1161 0.2098826 -1.6837166 0.6751575 -0.37695346 0.68371749 -0.51932997 -0.34746636 0.002887 1789528455.754356146 51.659 4.640 1.641 0.00000 -1 ACTUAL_TF
30.1720 0.2100336 -1.6837064 0.6751761 -0.37695180 0.68370573 -0.51935019 -0.34746108 0.002837 1789528455.810409784 51.810 4.489 1.644 0.00000 -1 ACTUAL_TF
30.2287 0.2101873 -1.6836956 0.6751971 -0.37693788 0.68369879 -0.51937167 -0.34745772 0.002819 1789528455.866398573 51.963 4.335 1.648 0.00000 -1 ACTUAL_TF
30.2854 0.2103368 -1.6836834 0.6752167 -0.37692264 0.68369355 -0.51939303 -0.34745263 0.002782 1789528455.922518253 52.113 4.186 1.651 0.00000 -1 ACTUAL_TF
30.3409 0.2104795 -1.6836644 0.6752339 -0.37690867 0.68368911 -0.51941440 -0.34744458 0.002724 1789528455.978528976 52.255 4.043 1.648 0.00000 -1 ACTUAL_TF
30.3962 0.2106597 -1.6836327 0.6752490 -0.37690152 0.68368015 -0.51943994 -0.34743178 0.002891 1789528456.034474134 52.435 3.863 1.634 0.00000 -1 ACTUAL_TF
30.4526 0.2107718 -1.6835921 0.6752377 -0.37689643 0.68367972 -0.51944761 -0.34742669 0.002666 1789528456.090420961 52.546 3.752 1.597 0.00000 -1 ACTUAL_TF
30.5066 0.2109114 -1.6835261 0.6751977 -0.37690227 0.68367759 -0.51945255 -0.34741716 0.002720 1789528456.146498919 52.684 3.614 1.521 0.00000 -1 ACTUAL_TF
30.5719 0.2110058 -1.6834319 0.6751078 -0.37692607 0.68367781 -0.51943966 -0.34741017 0.002768 1789528456.202321768 52.777 3.522 1.390 0.00000 -1 ACTUAL_TF
30.6180 0.2110887 -1.6833114 0.6749866 -0.37695087 0.68368061 -0.51941704 -0.34741158 0.002954 1789528456.258371115 52.857 3.442 1.219 0.00000 -1 ACTUAL_TF
30.6789 0.2111761 -1.6832154 0.6748761 -0.37697410 0.68367883 -0.51940374 -0.34740977 0.002980 1789528456.314440489 52.942 3.357 1.071 0.00000 -1 ACTUAL_TF
30.7421 0.2112378 -1.6830584 0.6747205 -0.37700086 0.68365617 -0.51939637 -0.34743634 0.003317 1789528456.370387554 53.000 3.299 0.851 0.00000 -1 ACTUAL_TF
30.7898 0.2112774 -1.6829007 0.6745461 -0.37702543 0.68365656 -0.51936956 -0.34744897 0.003599 1789528456.426408768 53.035 3.263 0.616 0.00000 -1 ACTUAL_TF
30.8481 0.2113232 -1.6827696 0.6744080 -0.37700691 0.68367001 -0.51937138 -0.34743987 0.003567 1789528456.482455969 53.078 3.220 0.428 0.00000 -1 ACTUAL_TF
30.9096 0.2113705 -1.6826129 0.6742452 -0.37702691 0.68365992 -0.51936012 -0.34745487 0.003723 1789528456.538929701 53.121 3.177 0.212 0.00000 -1 ACTUAL_TF
30.9580 0.2114358 -1.6824847 0.6741215 -0.37702987 0.68365824 -0.51936319 -0.34745039 0.003632 1789528456.594440222 53.184 3.115 0.099 0.00000 -1 ACTUAL_TF
31.0259 0.2114901 -1.6823253 0.6739605 -0.37703080 0.68365390 -0.51936542 -0.34745458 0.003793 1789528456.650313854 53.234 3.064 0.238 0.00000 -1 ACTUAL_TF
31.0720 0.2115439 -1.6821791 0.6738090 -0.37703642 0.68365070 -0.51936650 -0.34745315 0.003818 1789528456.706384182 53.284 3.014 0.439 0.00000 -1 ACTUAL_TF
31.1225 0.2115935 -1.6820225 0.6736465 -0.37703754 0.68365057 -0.51936488 -0.34745464 0.003909 1789528456.762446404 53.330 2.968 0.661 0.00000 -1 ACTUAL_TF
31.1782 0.2116384 -1.6819191 0.6735430 -0.37702305 0.68364736 -0.51937683 -0.34745880 0.003556 1789528456.818446636 53.373 2.926 0.807 0.00000 -1 ACTUAL_TF
31.2351 0.2116926 -1.6817755 0.6733956 -0.37702436 0.68364613 -0.51937567 -0.34746154 0.003630 1789528456.874421358 53.423 2.875 1.012 0.00000 -1 ACTUAL_TF
31.2932 0.2117452 -1.6816464 0.6732622 -0.37702232 0.68363835 -0.51937973 -0.34747298 0.003574 1789528456.930442333 53.473 2.825 1.198 0.00000 -1 ACTUAL_TF
31.3488 0.2117926 -1.6815526 0.6731596 -0.37701751 0.68363819 -0.51938241 -0.34747451 0.003290 1789528456.986377478 53.518 2.780 1.337 0.00000 -1 ACTUAL_TF
31.4057 0.2118548 -1.6814361 0.6730392 -0.37700799 0.68363544 -0.51938729 -0.34748294 0.003259 1789528457.042454958 53.577 2.721 1.505 0.00000 -1 ACTUAL_TF
31.4648 0.2119194 -1.6813427 0.6729395 -0.37701139 0.68363752 -0.51938507 -0.34747850 0.003092 1789528457.098376274 53.640 2.659 1.642 0.00000 -1 ACTUAL_TF
31.5232 0.2119894 -1.6812495 0.6728371 -0.37700845 0.68363983 -0.51938324 -0.34747986 0.002995 1789528457.154420614 53.707 2.591 1.782 0.00000 -1 ACTUAL_TF
31.5818 0.2120601 -1.6811841 0.6727710 -0.37700629 0.68363729 -0.51938716 -0.34748136 0.002716 1789528457.210980177 53.776 2.522 1.876 0.00000 -1 ACTUAL_TF
31.6294 0.2121474 -1.6811037 0.6726851 -0.37700829 0.68363797 -0.51938510 -0.34748092 0.002693 1789528457.266500235 53.862 2.436 1.995 0.00000 -1 ACTUAL_TF
31.6894 0.2122565 -1.6810339 0.6726191 -0.37701070 0.68363640 -0.51938839 -0.34747647 0.002665 1789528457.322443247 53.969 2.329 2.092 0.00000 -1 ACTUAL_TF
31.7464 0.2123362 -1.6809980 0.6725766 -0.37700562 0.68363662 -0.51939163 -0.34747671 0.002386 1789528457.378446341 54.048 2.250 2.149 0.00000 -1 ACTUAL_TF
31.7960 0.2124450 -1.6809758 0.6725531 -0.37699342 0.68363710 -0.51940168 -0.34747399 0.002276 1789528457.434658527 54.156 2.142 2.183 0.00000 -1 ACTUAL_TF
31.8644 0.2125396 -1.6809900 0.6725627 -0.37697208 0.68363511 -0.51942137 -0.34747161 0.002110 1789528457.490435362 54.251 2.047 2.168 0.00000 -1 ACTUAL_TF
31.9105 0.2126430 -1.6810201 0.6725865 -0.37693620 0.68363552 -0.51944588 -0.34747309 0.002067 1789528457.546490431 54.355 1.943 2.131 0.00000 -1 ACTUAL_TF
31.9757 0.2127325 -1.6810632 0.6726087 -0.37690002 0.68364058 -0.51946675 -0.34747118 0.001993 1789528457.602429628 54.446 1.853 2.086 0.00000 -1 ACTUAL_TF
32.0265 0.2128433 -1.6810957 0.6725969 -0.37688725 0.68366291 -0.51945991 -0.34745133 0.002017 1789528457.658404112 54.557 1.741 2.073 0.00000 -1 ACTUAL_TF
32.0882 0.2129129 -1.6811164 0.6725681 -0.37693548 0.68366578 -0.51940840 -0.34747038 0.001830 1789528457.714472055 54.627 1.672 2.080 0.00000 -1 ACTUAL_TF
32.1351 0.2130131 -1.6811490 0.6725431 -0.37695268 0.68368924 -0.51937188 -0.34746015 0.001862 1789528457.770416975 54.727 1.571 2.077 0.00000 -1 ACTUAL_TF
32.1909 0.2131264 -1.6811942 0.6725471 -0.37697627 0.68370510 -0.51933522 -0.34745815 0.001956 1789528457.826505423 54.841 1.457 2.045 0.00000 -1 ACTUAL_TF
32.2489 0.2132419 -1.6812455 0.6725789 -0.37699234 0.68371221 -0.51931700 -0.34745394 0.002069 1789528457.882319927 54.958 1.340 1.989 0.00000 -1 ACTUAL_TF
32.3098 0.2133846 -1.6813115 0.6726311 -0.37699661 0.68371825 -0.51930663 -0.34745292 0.002325 1789528457.939011097 55.102 1.196 1.909 0.00000 -1 ACTUAL_TF
32.3600 0.2135070 -1.6813715 0.6726847 -0.37699293 0.68372061 -0.51930624 -0.34745285 0.002421 1789528457.994397879 55.226 1.073 1.831 0.00000 -1 ACTUAL_TF
32.4190 0.2136765 -1.6814376 0.6727442 -0.37699510 0.68372758 -0.51930301 -0.34744162 0.002719 1789528458.050461054 55.397 0.902 1.745 0.00000 -1 ACTUAL_TF
32.4731 0.2137814 -1.6814888 0.6727886 -0.37700960 0.68372168 -0.51928888 -0.34745862 0.002572 1789528458.106527567 55.503 0.795 1.680 0.00000 -1 ACTUAL_TF
32.5331 0.2139396 -1.6815466 0.6728522 -0.37700285 0.68372649 -0.51929247 -0.34745110 0.002767 1789528458.162408352 55.662 0.636 1.597 0.00000 -1 ACTUAL_TF
32.5806 0.2140807 -1.6816022 0.6729108 -0.37699327 0.68373070 -0.51930119 -0.34744017 0.002807 1789528458.218400717 55.805 0.493 1.518 0.00000 -1 ACTUAL_TF
32.6380 0.2142379 -1.6816554 0.6729664 -0.37701111 0.68372906 -0.51928914 -0.34744206 0.002903 1789528458.274379969 55.963 0.335 1.444 0.00000 -1 ACTUAL_TF
32.6994 0.2144067 -1.6817295 0.6730429 -0.37700249 0.68372476 -0.51929870 -0.34744559 0.003103 1789528458.330298662 56.134 0.164 1.341 0.00000 -1 ACTUAL_TF
32.7493 0.2145502 -1.6817811 0.6730980 -0.37701060 0.68372237 -0.51929687 -0.34744422 0.003039 1789528458.386410713 56.279 0.020 1.267 0.00000 -1 ACTUAL_TF
32.8063 0.2147146 -1.6818491 0.6731703 -0.37700970 0.68372014 -0.51929962 -0.34744548 0.003157 1789528458.442385674 56.445 -0.146 1.171 0.00000 -1 ACTUAL_TF
32.8628 0.2148471 -1.6818991 0.6732240 -0.37700885 0.68372076 -0.51929898 -0.34744614 0.003020 1789528458.498473883 56.578 -0.280 1.100 0.00000 -1 ACTUAL_TF
32.9186 0.2150150 -1.6819639 0.6732931 -0.37700312 0.68371827 -0.51930452 -0.34744898 0.003149 1789528458.554354668 56.748 -0.449 1.008 0.00000 -1 ACTUAL_TF
32.9745 0.2151578 -1.6820094 0.6733452 -0.37699722 0.68372008 -0.51931001 -0.34744361 0.003053 1789528458.610391378 56.892 -0.593 0.941 0.00000 -1 ACTUAL_TF
33.0290 0.2153329 -1.6820667 0.6734032 -0.37699253 0.68372082 -0.51931363 -0.34744184 0.003172 1789528458.666399479 57.068 -0.770 0.863 0.00000 -1 ACTUAL_TF
33.0850 0.2155250 -1.6821345 0.6734872 -0.37697424 0.68372374 -0.51933859 -0.34741862 0.003402 1789528458.722339630 57.262 -0.964 0.758 0.00000 -1 ACTUAL_TF
33.1435 0.2157167 -1.6821901 0.6735550 -0.37698008 0.68371304 -0.51934962 -0.34741686 0.003510 1789528458.778367758 57.455 -1.157 0.673 0.00000 -1 ACTUAL_TF
33.2004 0.2158593 -1.6822261 0.6735844 -0.37698475 0.68371444 -0.51934212 -0.34742024 0.003261 1789528458.834336996 57.598 -1.300 0.630 0.00000 -1 ACTUAL_TF
33.2583 0.2159780 -1.6822584 0.6736167 -0.37699278 0.68371062 -0.51933519 -0.34742940 0.002964 1789528458.890378714 57.718 -1.420 0.587 0.00000 -1 ACTUAL_TF
33.3165 0.2161259 -1.6823004 0.6736603 -0.37699132 0.68370634 -0.51933704 -0.34743664 0.002931 1789528458.946322680 57.867 -1.568 0.529 0.00000 -1 ACTUAL_TF
33.3657 0.2162538 -1.6823437 0.6737065 -0.37698824 0.68370288 -0.51934024 -0.34744200 0.002816 1789528459.002368450 57.996 -1.697 0.468 0.00000 -1 ACTUAL_TF
33.4248 0.2164031 -1.6823787 0.6737458 -0.37699954 0.68369782 -0.51933645 -0.34744538 0.002819 1789528459.058361530 58.146 -1.847 0.418 0.00000 -1 ACTUAL_TF
33.4816 0.2165328 -1.6824085 0.6737717 -0.37700619 0.68369735 -0.51933241 -0.34744512 0.002700 1789528459.114345074 58.276 -1.978 0.381 0.00000 -1 ACTUAL_TF
33.5405 0.2166652 -1.6824434 0.6738100 -0.37701202 0.68369017 -0.51933022 -0.34745620 0.002652 1789528459.170374155 58.409 -2.111 0.331 0.00000 -1 ACTUAL_TF
33.5904 0.2168023 -1.6824748 0.6738405 -0.37701158 0.68368698 -0.51933412 -0.34745713 0.002627 1789528459.226348877 58.547 -2.249 0.291 0.00000 -1 ACTUAL_TF
33.6492 0.2169067 -1.6824963 0.6738647 -0.37701686 0.68368194 -0.51933265 -0.34746351 0.002424 1789528459.282379627 58.652 -2.354 0.260 0.00000 -1 ACTUAL_TF
33.6996 0.2170331 -1.6825248 0.6738922 -0.37702084 0.68367873 -0.51932992 -0.34746959 0.002407 1789528459.338403940 58.779 -2.481 0.223 0.00000 -1 ACTUAL_TF
33.7560 0.2171394 -1.6825388 0.6739041 -0.37702834 0.68368585 -0.51931985 -0.34746249 0.002261 1789528459.394550562 58.886 -2.587 0.207 0.00000 -1 ACTUAL_TF
33.8130 0.2172596 -1.6825627 0.6739287 -0.37702680 0.68368512 -0.51931725 -0.34746950 0.002254 1789528459.450346947 59.006 -2.708 0.176 0.00000 -1 ACTUAL_TF
33.8704 0.2173704 -1.6825839 0.6739515 -0.37702740 0.68368390 -0.51931984 -0.34746736 0.002194 1789528459.506398201 59.118 -2.820 0.147 0.00000 -1 ACTUAL_TF
33.9248 0.2175023 -1.6825994 0.6739747 -0.37703341 0.68367994 -0.51931772 -0.34747180 0.002258 1789528459.562363386 59.250 -2.952 0.122 0.00000 -1 ACTUAL_TF
33.9837 0.2176098 -1.6826138 0.6739896 -0.37703044 0.68368154 -0.51931853 -0.34747066 0.002167 1789528459.618376732 59.358 -3.060 0.104 0.00000 -1 ACTUAL_TF
34.0418 0.2177548 -1.6826258 0.6740078 -0.37703839 0.68367521 -0.51931898 -0.34747383 0.002303 1789528459.674387932 59.503 -3.205 0.084 0.00000 -1 ACTUAL_TF
34.0991 0.2178898 -1.6826420 0.6740195 -0.37703346 0.68367880 -0.51931898 -0.34747211 0.002343 1789528459.730397940 59.639 -3.340 0.070 0.00000 -1 ACTUAL_TF
34.1570 0.2180084 -1.6826572 0.6740323 -0.37703059 0.68367683 -0.51932232 -0.34747411 0.002284 1789528459.786383152 59.757 -3.459 0.056 0.00000 -1 ACTUAL_TF
34.2032 0.2181484 -1.6826675 0.6740438 -0.37702736 0.68367661 -0.51932301 -0.34747699 0.002353 1789528459.842400074 59.898 -3.599 0.045 0.00000 -1 ACTUAL_TF
34.2600 0.2182773 -1.6826793 0.6740566 -0.37702308 0.68367544 -0.51932957 -0.34747416 0.002344 1789528459.898407459 60.027 -3.729 0.036 0.00000 -1 ACTUAL_TF
34.3186 0.2184296 -1.6826835 0.6740631 -0.37701523 0.68367932 -0.51933176 -0.34747176 0.002458 1789528459.954394579 60.179 -3.881 0.032 0.00000 -1 ACTUAL_TF
34.3766 0.2185484 -1.6826841 0.6740702 -0.37701430 0.68367758 -0.51933487 -0.34747153 0.002358 1789528460.010382891 60.298 -4.000 0.026 0.00000 -1 ACTUAL_TF
34.4366 0.2186976 -1.6827034 0.6740798 -0.37699515 0.68368545 -0.51934461 -0.34746227 0.002457 1789528460.066465378 60.448 -4.149 0.034 0.00000 -1 ACTUAL_TF
34.4948 0.2188426 -1.6826999 0.6740915 -0.37698934 0.68368542 -0.51935774 -0.34744902 0.002500 1789528460.122443438 60.593 -4.294 0.025 0.00000 -1 ACTUAL_TF
34.5411 0.2189669 -1.6827154 0.6741071 -0.37697856 0.68368259 -0.51936706 -0.34745236 0.002426 1789528460.178449869 60.717 -4.419 0.041 0.00000 -1 ACTUAL_TF
34.5963 0.2190716 -1.6827120 0.6741144 -0.37698396 0.68367676 -0.51936438 -0.34746198 0.002262 1789528460.234378576 60.822 -4.524 0.039 0.00000 -1 ACTUAL_TF
34.6547 0.2191676 -1.6827139 0.6741212 -0.37698335 0.68367429 -0.51936936 -0.34746005 0.002099 1789528460.290372372 60.918 -4.620 0.042 0.00000 -1 ACTUAL_TF
34.7111 0.2192704 -1.6827113 0.6741262 -0.37697905 0.68367537 -0.51937491 -0.34745430 0.002020 1789528460.346387148 61.021 -4.723 0.042 0.00000 -1 ACTUAL_TF
34.7693 0.2193405 -1.6827087 0.6741311 -0.37697726 0.68367417 -0.51937886 -0.34745269 0.001791 1789528460.402450562 61.091 -4.793 0.043 0.00000 -1 ACTUAL_TF
34.8274 0.2194076 -1.6827116 0.6741373 -0.37697271 0.68367357 -0.51938340 -0.34745203 0.001615 1789528460.458467484 61.158 -4.860 0.048 0.00000 -1 ACTUAL_TF
34.8840 0.2194612 -1.6827081 0.6741400 -0.37697489 0.68367146 -0.51938617 -0.34744966 0.001419 1789528460.514364004 61.212 -4.913 0.048 0.00000 -1 ACTUAL_TF
34.9403 0.2194988 -1.6827067 0.6741413 -0.37697294 0.68367265 -0.51938607 -0.34744959 0.001195 1789528460.570487976 61.249 -4.951 0.048 0.00000 -1 ACTUAL_TF
34.9918 0.2195302 -1.6827047 0.6741433 -0.37697474 0.68367075 -0.51938812 -0.34744831 0.001005 1789528460.626462460 61.281 -4.982 0.049 0.00000 -1 ACTUAL_TF
35.0494 0.2195534 -1.6827033 0.6741441 -0.37697773 0.68366904 -0.51938884 -0.34744735 0.000828 1789528460.682421446 61.304 -5.005 0.049 0.00000 -1 ACTUAL_TF
