WELD FEEDBACK LOG
result=completed
started=2026-09-16 12:02:31
ended=2026-09-16 12:03:06
elapsed_seconds=34.827

================ OPERATOR OVERVIEW ================
REQUESTED : 230 A / 26.5 V · FE-SOLID 1.2 mm · LSM · CO2 100%
RX ECHO   : 230 A / 26.5 V · MATCH=YES
CURRENT FB: avg 252.16 · min 1.00 · max 277.00 A
VOLTAGE FB: avg 25.62 · min 3.00 · max 61.20 V
WIRE FEED : avg 10.80 · min 10.80 · max 10.80 m/min
ARC ON    : 32.279 s
NET WELD  : 31.549 s
WIRE USED : 5681.094 mm (base 5681.094 + alpha 0.000)
WCR       : DETECTED
SAMPLES   : RX 870 / welding 792 / TCP 607
===================================================

[commanded]
current_a=230
voltage_tenths=265
voltage=26.5
material=FE-SOLID
diameter_mm=1.2
mode=LSM
gas=CO2 100%
synergic=False
correction=0.0
hot_start_enabled=True
hot_start_percent=10.0
hot_start_hold_adjustment=-1
crater_enabled=False
crater_percent=26.08695652173913
crater_current_a=60.0
crater_voltage_v=25.0
crater_seconds=1.0
wire_consumable_alpha_mm=0.0
hot_start_current_a=253

[rx_setting_echo]
current_a=230
voltage_v=26.5
hot_start_current_a=0
hot_start_hold_adjustment=-15

[rx_welding_setting_echo]
current_a=230
voltage_v=26.5
hot_start_current_a=0
hot_start_hold_adjustment=-15

[execution_conditions]
mode=sequence_execute
run_all=True
touch_io_backend=fastech_ethernet
touch_input_port=4
touch_sensing_output_port=0
fastech_ip=192.168.0.3
fastech_poll_target_hz=100.0
hicomm_source_ip=192.168.1.2
hicomm_welder_ip=192.168.1.10
hicomm_port=60000
gui_velocity_percent=36.95263157894737
gui_speed_mode=scale
gui_tcp_speed_mm_s=10.0
gui_interpolation_step_mm=5.0
seam_orientation_mode=Wait poses + fixed World-XYZ tilt
weld_fixed_tilt_x_deg=0.0
weld_fixed_tilt_y_deg=0.0
weld_fixed_tilt_z_deg=-0.0
weld_weave_enabled=True
weld_weave_pattern=sine
capping_width_mm=2.0
capping_pitch_mm=5.0
capping_left_dwell_s=0.2
capping_right_dwell_s=0.2
weld_weave_amplitude_mm=3.0
weld_weave_cycles=8
weld_weave_samples_per_cycle=8
weld_weave_axis=tool_x
weld_lead_in_mm=0.0
weld_lead_out_mm=5.0
weld_safe_approach_mm=31.0
weld_approach_mode=taught_wait
weld_pre_start_lead_mm=0.0
weld_tcp_speed_mm_s=3.5
weld_arc_off_delay_ms=500.0
tcp_tracking.parent_frame=World
tcp_tracking.child_frame=right_manipulator_ee_point
tcp_tracking.timestamp_source=TF_header_stamp
initial_fastech_di0=False
initial_fastech_do0=True
robot_connected.left=True
robot_connected.right=True
robot_connected.head=True
hicomm_connected=True
execution_allowed=True
steps[0].sequence_number=1
steps[0].type=named_pose
steps[0].parallel_slot=1
steps[0].duration=0.0
steps[0].planning_group=right_manipulator
steps[0].velocity_scale=0.3695263157894737
steps[0].tcp_speed_m_s=0.0
steps[0].pose_name=weld_start_wait
steps[0].pose_label=3 · Weld start wait pose
steps[0].touch_guard=False
steps[0].continue_after_touch=False
steps[0].weld_scenario_id=weld-10797944852952
steps[0].weld_scenario_stage=start_wait
steps[0].target_tcp.position_m.x=0.08098685954064838
steps[0].target_tcp.position_m.y=-1.6747422265354
steps[0].target_tcp.position_m.z=0.6789434037047843
steps[0].target_tcp.orientation_xyzw.x=-0.4088846865681994
steps[0].target_tcp.orientation_xyzw.y=0.6647882465744674
steps[0].target_tcp.orientation_xyzw.z=-0.5355884798279715
steps[0].target_tcp.orientation_xyzw.w=-0.3225133804697611
steps[0].joint_names[0]=right_manipulator_joint1
steps[0].joint_names[1]=right_manipulator_joint2
steps[0].joint_names[2]=right_manipulator_joint3
steps[0].joint_names[3]=right_manipulator_joint4
steps[0].joint_names[4]=right_manipulator_joint5
steps[0].joint_names[5]=right_manipulator_joint6
steps[0].joint_positions_rad[0]=5.200373302725359
steps[0].joint_positions_rad[1]=1.3032875210927808
steps[0].joint_positions_rad[2]=1.8723412633346066
steps[0].joint_positions_rad[3]=3.6169064544121925
steps[0].joint_positions_rad[4]=1.381000425914056
steps[0].joint_positions_rad[5]=1.5405192478359493
steps[1].sequence_number=2
steps[1].type=motion
steps[1].parallel_slot=2
steps[1].duration=0.0
steps[1].planning_group=right_manipulator
steps[1].velocity_scale=0.3695263157894737
steps[1].tcp_speed_m_s=0.0
steps[1].interpolation_step=0.005
steps[1].path_kind=taught_wait_align_weld_attitude
steps[1].touch_guard=False
steps[1].continue_after_touch=False
steps[1].accept_initial_touch=False
steps[1].weld_scenario_id=weld-10797944852952
steps[1].weld_scenario_stage=start_safe
steps[1].waypoint_count=1
steps[1].waypoints[0].position_m.x=0.08098685954064838
steps[1].waypoints[0].position_m.y=-1.6747422265354
steps[1].waypoints[0].position_m.z=0.6789434037047843
steps[1].waypoints[0].orientation_xyzw.x=-0.4088374022577407
steps[1].waypoints[0].orientation_xyzw.y=0.6647932156182271
steps[1].waypoints[0].orientation_xyzw.z=-0.5356340755596819
steps[1].waypoints[0].orientation_xyzw.w=-0.3224873580195739
steps[2].sequence_number=3
steps[2].type=motion
steps[2].parallel_slot=3
steps[2].duration=0.0
steps[2].planning_group=right_manipulator
steps[2].velocity_scale=0.3695263157894737
steps[2].tcp_speed_m_s=0.0
steps[2].interpolation_step=0.005
steps[2].path_kind=taught_wait_to_weld_start
steps[2].touch_guard=False
steps[2].continue_after_touch=True
steps[2].accept_initial_touch=False
steps[2].weld_scenario_id=weld-10797944852952
steps[2].weld_scenario_stage=start_contact
steps[2].waypoint_count=1
steps[2].waypoints[0].position_m.x=0.08102587176421505
steps[2].waypoints[0].position_m.y=-1.6776512905974912
steps[2].waypoints[0].position_m.z=0.6764859562873442
steps[2].waypoints[0].orientation_xyzw.x=-0.4088374022577407
steps[2].waypoints[0].orientation_xyzw.y=0.6647932156182271
steps[2].waypoints[0].orientation_xyzw.z=-0.5356340755596819
steps[2].waypoints[0].orientation_xyzw.w=-0.3224873580195739
steps[3].sequence_number=4
steps[3].type=digital_output
steps[3].parallel_slot=4
steps[3].duration=0.0
steps[3].port=0
steps[3].value=False
steps[3].weld_scenario_id=weld-10797944852952
steps[3].weld_scenario_stage=touch_output_off
steps[4].sequence_number=5
steps[4].type=digital_weld
steps[4].parallel_slot=5
steps[4].duration=0.0
steps[4].command=on
steps[4].weld_scenario_id=weld-10797944852952
steps[4].weld_scenario_stage=arc_on
steps[4].settings.current_a=230
steps[4].settings.voltage_tenths=265
steps[4].settings.voltage=26.5
steps[4].settings.material=FE-SOLID
steps[4].settings.diameter_mm=1.2
steps[4].settings.mode=LSM
steps[4].settings.gas=CO2 100%
steps[4].settings.synergic=False
steps[4].settings.correction=0.0
steps[4].settings.hot_start_enabled=True
steps[4].settings.hot_start_percent=10.0
steps[4].settings.hot_start_hold_adjustment=-1
steps[4].settings.crater_enabled=False
steps[4].settings.crater_percent=26.08695652173913
steps[4].settings.crater_current_a=60.0
steps[4].settings.crater_voltage_v=25.0
steps[4].settings.crater_seconds=1.0
steps[4].settings.wire_consumable_alpha_mm=0.0
steps[4].settings.hot_start_current_a=253
steps[5].sequence_number=6
steps[5].type=motion
steps[5].parallel_slot=5
steps[5].duration=0.0
steps[5].planning_group=right_manipulator
steps[5].velocity_scale=0.3695263157894737
steps[5].tcp_speed_m_s=0.0035
steps[5].interpolation_step=0.005
steps[5].path_kind=continuous_sine_weave_over_taught_goal_fastech_di0_ignored
steps[5].touch_guard=False
steps[5].weld_scenario_id=weld-10797944852952
steps[5].weld_scenario_stage=weld_motion
steps[5].lead_in_mm=0.0
steps[5].lead_out_mm=5.0
steps[5].linear_motion_profile=True
steps[5].capping_width_mm=2.0
steps[5].capping_pitch_mm=5.0
steps[5].capping_left_dwell_s=0.2
steps[5].capping_right_dwell_s=0.2
steps[5].waypoint_count=66
steps[5].waypoints[0].position_m.x=0.08102587176421505
steps[5].waypoints[0].position_m.y=-1.6776512905974912
steps[5].waypoints[0].position_m.z=0.6764859562873442
steps[5].waypoints[0].orientation_xyzw.x=-0.4088374022577407
steps[5].waypoints[0].orientation_xyzw.y=0.6647932156182271
steps[5].waypoints[0].orientation_xyzw.z=-0.5356340755596819
steps[5].waypoints[0].orientation_xyzw.w=-0.3224873580195739
steps[5].waypoints[1].position_m.x=0.0817609186299862
steps[5].waypoints[1].position_m.y=-1.6779813238009225
steps[5].waypoints[1].position_m.z=0.6785603019315479
steps[5].waypoints[1].orientation_xyzw.x=-0.40883712587668297
steps[5].waypoints[1].orientation_xyzw.y=0.6647935805550429
steps[5].waypoints[1].orientation_xyzw.z=-0.5356340289946196
steps[5].waypoints[1].orientation_xyzw.w=-0.3224870334458272
steps[5].waypoints[2].position_m.x=0.08245791021004042
steps[5].waypoints[2].position_m.y=-1.6780859475051906
steps[5].waypoints[2].position_m.z=0.6794132147162779
steps[5].waypoints[2].orientation_xyzw.x=-0.40883684949549565
steps[5].waypoints[2].orientation_xyzw.y=0.6647939454916477
steps[5].waypoints[2].orientation_xyzw.z=-0.5356339824293878
steps[5].waypoints[2].orientation_xyzw.w=-0.3224867088719782
steps[5].waypoints[3].position_m.x=0.08310108331276793
steps[5].waypoints[3].position_m.y=-1.6778717918011934
steps[5].waypoints[3].position_m.z=0.678538761004015
steps[5].waypoints[3].orientation_xyzw.x=-0.40883657311417865
steps[5].waypoints[3].orientation_xyzw.y=0.6647943104280418
steps[5].waypoints[3].orientation_xyzw.z=-0.5356339358639859
steps[5].waypoints[3].orientation_xyzw.w=-0.32248638429802695
steps[5].waypoints[4].position_m.x=0.08370620088067063
steps[5].waypoints[4].position_m.y=-1.677432223433785
steps[5].waypoints[4].position_m.z=0.6764428750239904
steps[5].waypoints[4].orientation_xyzw.x=-0.40883629673273203
steps[5].waypoints[4].orientation_xyzw.y=0.6647946753642251
steps[5].waypoints[4].orientation_xyzw.z=-0.5356338892984142
steps[5].waypoints[4].orientation_xyzw.w=-0.3224860597239735
steps[5].waypoints[5].position_m.x=0.08431131832401945
steps[5].waypoints[5].position_m.y=-1.6769926534842527
steps[5].waypoints[5].position_m.z=0.6743469893398231
steps[5].waypoints[5].orientation_xyzw.x=-0.4088360203511558
steps[5].waypoints[5].orientation_xyzw.y=0.6647950403001976
steps[5].waypoints[5].orientation_xyzw.z=-0.5356338427326727
steps[5].waypoints[5].orientation_xyzw.w=-0.32248573514981776
steps[5].waypoints[6].position_m.x=0.0849544911990092
steps[5].waypoints[6].position_m.y=-1.6767784948874576
steps[5].waypoints[6].position_m.z=0.6734725361685137
steps[5].waypoints[6].orientation_xyzw.x=-0.40883574396944994
steps[5].waypoints[6].orientation_xyzw.y=0.6647954052359595
steps[5].waypoints[6].orientation_xyzw.z=-0.5356337961667612
steps[5].waypoints[6].orientation_xyzw.w=-0.3224854105755598
steps[5].waypoints[7].position_m.x=0.08565148275769337
steps[5].waypoints[7].position_m.y=-1.6768831183202761
steps[5].waypoints[7].position_m.z=0.6743254490040046
steps[5].waypoints[7].orientation_xyzw.x=-0.4088354675876144
steps[5].waypoints[7].orientation_xyzw.y=0.6647957701715104
steps[5].waypoints[7].orientation_xyzw.z=-0.5356337496006801
steps[5].waypoints[7].orientation_xyzw.w=-0.3224850860011995
steps[5].waypoints[8].position_m.x=0.08638652999712622
steps[5].waypoints[8].position_m.y=-1.6772131562700787
steps[5].waypoints[8].position_m.z=0.6763997937606366
steps[5].waypoints[8].orientation_xyzw.x=-0.4088351912056493
steps[5].waypoints[8].orientation_xyzw.y=0.6647961351068505
steps[5].waypoints[8].orientation_xyzw.z=-0.535633703034429
steps[5].waypoints[8].orientation_xyzw.w=-0.3224847614267371
steps[5].waypoints[9].position_m.x=0.08712157736111283
steps[5].waypoints[9].position_m.y=-1.6775431958020046
steps[5].waypoints[9].position_m.z=0.6784741382214089
steps[5].waypoints[9].orientation_xyzw.x=-0.4088349148235545
steps[5].waypoints[9].orientation_xyzw.y=0.6647965000419799
steps[5].waypoints[9].orientation_xyzw.z=-0.5356336564680081
steps[5].waypoints[9].orientation_xyzw.w=-0.3224844368521722
steps[5].waypoints[10].position_m.x=0.08781856914753458
steps[5].waypoints[10].position_m.y=-1.6776478221276205
steps[5].waypoints[10].position_m.z=0.6793270505159421
steps[5].waypoints[10].orientation_xyzw.x=-0.40883463844133
steps[5].waypoints[10].orientation_xyzw.y=0.6647968649768985
steps[5].waypoints[10].orientation_xyzw.z=-0.5356336099014174
steps[5].waypoints[10].orientation_xyzw.w=-0.3224841122775052
steps[5].waypoints[11].position_m.x=0.08846174204389443
steps[5].waypoints[11].position_m.y=-1.6774336638022747
steps[5].waypoints[11].position_m.z=0.6784525972938711
steps[5].waypoints[11].orientation_xyzw.x=-0.40883436205897594
steps[5].waypoints[11].orientation_xyzw.y=0.6647972299116063
steps[5].waypoints[11].orientation_xyzw.z=-0.5356335633346567
steps[5].waypoints[11].orientation_xyzw.w=-0.32248378770273584
steps[5].waypoints[12].position_m.x=0.08906685911358181
steps[5].waypoints[12].position_m.y=-1.6769940891063726
steps[5].waypoints[12].position_m.z=0.6763567124972829
steps[5].waypoints[12].orientation_xyzw.x=-0.4088340856764922
steps[5].waypoints[12].orientation_xyzw.y=0.6647975948461033
steps[5].waypoints[12].orientation_xyzw.z=-0.5356335167677264
steps[5].waypoints[12].orientation_xyzw.w=-0.32248346312786436
steps[5].waypoints[13].position_m.x=0.08967197605871541
steps[5].waypoints[13].position_m.y=-1.6765545128283474
steps[5].waypoints[13].position_m.z=0.6742608279965568
steps[5].waypoints[13].orientation_xyzw.x=-0.4088338092938789
steps[5].waypoints[13].orientation_xyzw.y=0.6647979597803896
steps[5].waypoints[13].orientation_xyzw.z=-0.5356334702006261
steps[5].waypoints[13].orientation_xyzw.w=-0.32248313855289057
steps[5].waypoints[14].position_m.x=0.09031514872733779
steps[5].waypoints[14].position_m.y=-1.6763403516102051
steps[5].waypoints[14].position_m.z=0.6733863753154481
steps[5].waypoints[14].orientation_xyzw.x=-0.40883353291113594
steps[5].waypoints[14].orientation_xyzw.y=0.664798324714465
steps[5].waypoints[14].orientation_xyzw.z=-0.5356334236333561
steps[5].waypoints[14].orientation_xyzw.w=-0.32248281397781453
steps[5].waypoints[15].position_m.x=0.09101214049238941
steps[5].waypoints[15].position_m.y=-1.6764449776643717
steps[5].waypoints[15].position_m.z=0.6742392876607433
steps[5].waypoints[15].orientation_xyzw.x=-0.4088332565282633
steps[5].waypoints[15].orientation_xyzw.y=0.6647986896483296
steps[5].waypoints[15].orientation_xyzw.z=-0.5356333770659162
steps[5].waypoints[15].orientation_xyzw.w=-0.32248248940263624
steps[5].waypoints[16].position_m.x=0.09174718823003739
steps[5].waypoints[16].position_m.y=-1.6767750219426665
steps[5].waypoints[16].position_m.z=0.6763136312339292
steps[5].waypoints[16].orientation_xyzw.x=-0.40883298014526104
steps[5].waypoints[16].orientation_xyzw.y=0.6647990545819834
steps[5].waypoints[16].orientation_xyzw.z=-0.5356333304983063
steps[5].waypoints[16].orientation_xyzw.w=-0.32248216482735564
steps[5].waypoints[17].position_m.x=0.09248223609223906
steps[5].waypoints[17].position_m.y=-1.6771050678030839
steps[5].waypoints[17].position_m.z=0.6783879745112504
steps[5].waypoints[17].orientation_xyzw.x=-0.40883270376212916
steps[5].waypoints[17].orientation_xyzw.y=0.6647994195154264
steps[5].waypoints[17].orientation_xyzw.z=-0.5356332839305268
steps[5].waypoints[17].orientation_xyzw.w=-0.32248184025197274
steps[5].waypoints[18].position_m.x=0.09317922808502813
steps[5].waypoints[18].position_m.y=-1.6772096967500463
steps[5].waypoints[18].position_m.z=0.6792408863155789
steps[5].waypoints[18].orientation_xyzw.x=-0.4088324273788676
steps[5].waypoints[18].orientation_xyzw.y=0.6647997844486587
steps[5].waypoints[18].orientation_xyzw.z=-0.5356332373625773
steps[5].waypoints[18].orientation_xyzw.w=-0.3224815156764877
steps[5].waypoints[19].position_m.x=0.09382240077502052
steps[5].waypoints[19].position_m.y=-1.6769955358033533
steps[5].waypoints[19].position_m.z=0.6783664335837079
steps[5].waypoints[19].orientation_xyzw.x=-0.4088321509954764
steps[5].waypoints[19].orientation_xyzw.y=0.6648001493816802
steps[5].waypoints[19].orientation_xyzw.z=-0.535633190794458
steps[5].waypoints[19].orientation_xyzw.w=-0.3224811911009003
steps[5].waypoints[20].position_m.x=0.09442751734649296
steps[5].waypoints[20].position_m.y=-1.6765559547789604
steps[5].waypoints[20].position_m.z=0.6762705499705753
steps[5].waypoints[20].orientation_xyzw.x=-0.40883187461195564
steps[5].waypoints[20].orientation_xyzw.y=0.6648005143144908
steps[5].waypoints[20].orientation_xyzw.z=-0.5356331442261689
steps[5].waypoints[20].orientation_xyzw.w=-0.32248086652521074
steps[5].waypoints[21].position_m.x=0.0950326337934118
steps[5].waypoints[21].position_m.y=-1.676116372172445
steps[5].waypoints[21].position_m.z=0.6741746666533099
steps[5].waypoints[21].orientation_xyzw.x=-0.4088315982283052
steps[5].waypoints[21].orientation_xyzw.y=0.6648008792470907
steps[5].waypoints[21].orientation_xyzw.z=-0.53563309765771
steps[5].waypoints[21].orientation_xyzw.w=-0.3224805419494189
steps[5].waypoints[22].position_m.x=0.09567580625566695
steps[5].waypoints[22].position_m.y=-1.6759022083329567
steps[5].waypoints[22].position_m.z=0.6733002144624101
steps[5].waypoints[22].orientation_xyzw.x=-0.40883132184452514
steps[5].waypoints[22].orientation_xyzw.y=0.6648012441794798
steps[5].waypoints[22].orientation_xyzw.z=-0.5356330510890811
steps[5].waypoints[22].orientation_xyzw.w=-0.3224802173735248
steps[5].waypoints[23].position_m.x=0.096372798227086
steps[5].waypoints[23].position_m.y=-1.6760068370084698
steps[5].waypoints[23].position_m.z=0.6741531263175012
steps[5].waypoints[23].orientation_xyzw.x=-0.40883104546061544
steps[5].waypoints[23].orientation_xyzw.y=0.6648016091116581
steps[5].waypoints[23].orientation_xyzw.z=-0.5356330045202825
steps[5].waypoints[23].orientation_xyzw.w=-0.3224798927975284
steps[5].waypoints[24].position_m.x=0.09710784646294854
steps[5].waypoints[24].position_m.y=-1.676336887615254
steps[5].waypoints[24].position_m.z=0.6762274687072216
steps[5].waypoints[24].orientation_xyzw.x=-0.40883076907657606
steps[5].waypoints[24].orientation_xyzw.y=0.6648019740436256
steps[5].waypoints[24].orientation_xyzw.z=-0.5356329579513139
steps[5].waypoints[24].orientation_xyzw.w=-0.32247956822142976
steps[5].waypoints[25].position_m.x=0.09784289482336465
steps[5].waypoints[25].position_m.y=-1.67666693980416
steps[5].waypoints[25].position_m.z=0.6783018108010725
steps[5].waypoints[25].orientation_xyzw.x=-0.4088304926924071
steps[5].waypoints[25].orientation_xyzw.y=0.6648023389753823
steps[5].waypoints[25].orientation_xyzw.z=-0.5356329113821756
steps[5].waypoints[25].orientation_xyzw.w=-0.32247924364522895
steps[5].waypoints[26].position_m.x=0.09853988702252081
steps[5].waypoints[26].position_m.y=-1.6767715713724678
steps[5].waypoints[26].position_m.z=0.679154722115188
steps[5].waypoints[26].orientation_xyzw.x=-0.40883021630810856
steps[5].waypoints[26].orientation_xyzw.y=0.6648027039069283
steps[5].waypoints[26].orientation_xyzw.z=-0.5356328648128674
steps[5].waypoints[26].orientation_xyzw.w=-0.3224789190689258
steps[5].waypoints[27].position_m.x=0.09918305950614596
steps[5].waypoints[27].position_m.y=-1.6765574078044287
steps[5].waypoints[27].position_m.z=0.678280269873525
steps[5].waypoints[27].orientation_xyzw.x=-0.4088299399236803
steps[5].waypoints[27].orientation_xyzw.y=0.6648030688382633
steps[5].waypoints[27].orientation_xyzw.z=-0.5356328182433894
steps[5].waypoints[27].orientation_xyzw.w=-0.3224785944925204
steps[5].waypoints[28].position_m.x=0.09978817557940413
steps[5].waypoints[28].position_m.y=-1.676117820451548
steps[5].waypoints[28].position_m.z=0.6761843874438678
steps[5].waypoints[28].orientation_xyzw.x=-0.40882966353912237
steps[5].waypoints[28].orientation_xyzw.y=0.6648034337693877
steps[5].waypoints[28].orientation_xyzw.z=-0.5356327716737416
steps[5].waypoints[28].orientation_xyzw.w=-0.32247826991601275
steps[5].waypoints[29].position_m.x=0.10039329152810884
steps[5].waypoints[29].position_m.y=-1.6756782315165453
steps[5].waypoints[29].position_m.z=0.6740885053100825
steps[5].waypoints[29].orientation_xyzw.x=-0.4088293871544349
steps[5].waypoints[29].orientation_xyzw.y=0.6648037987003013
steps[5].waypoints[29].orientation_xyzw.z=-0.5356327251039239
steps[5].waypoints[29].orientation_xyzw.w=-0.3224779453394029
steps[5].waypoints[30].position_m.x=0.10103646378399705
steps[5].waypoints[30].position_m.y=-1.6754640650557122
steps[5].waypoints[30].position_m.z=0.6732140536093997
steps[5].waypoints[30].orientation_xyzw.x=-0.40882911076961775
steps[5].waypoints[30].orientation_xyzw.y=0.6648041636310039
steps[5].waypoints[30].orientation_xyzw.z=-0.5356326785339364
steps[5].waypoints[30].orientation_xyzw.w=-0.32247762076269076
steps[5].waypoints[31].position_m.x=0.1017334559617832
steps[5].waypoints[31].position_m.y=-1.6755686963525707
steps[5].waypoints[31].position_m.z=0.6740669649742785
steps[5].waypoints[31].orientation_xyzw.x=-0.40882883438467094
steps[5].waypoints[31].orientation_xyzw.y=0.6648045285614959
steps[5].waypoints[31].orientation_xyzw.z=-0.535632631963779
steps[5].waypoints[31].orientation_xyzw.w=-0.32247729618587634
steps[5].waypoints[32].position_m.x=0.10246850469585972
steps[5].waypoints[32].position_m.y=-1.6758987532878418
steps[5].waypoints[32].position_m.z=0.676141306180514
steps[5].waypoints[32].orientation_xyzw.x=-0.40882855799959456
steps[5].waypoints[32].orientation_xyzw.y=0.664804893491777
steps[5].waypoints[32].orientation_xyzw.z=-0.5356325853934519
steps[5].waypoints[32].orientation_xyzw.w=-0.3224769716089597
steps[5].waypoints[33].position_m.x=0.10320355355448965
steps[5].waypoints[33].position_m.y=-1.6762288118052338
steps[5].waypoints[33].position_m.z=0.6782156470908752
steps[5].waypoints[33].orientation_xyzw.x=-0.4088282816143885
steps[5].waypoints[33].orientation_xyzw.y=0.6648052584218472
steps[5].waypoints[33].orientation_xyzw.z=-0.5356325388229548
steps[5].waypoints[33].orientation_xyzw.w=-0.32247664703194084
steps[5].waypoints[34].position_m.x=0.10390054596001264
steps[5].waypoints[34].position_m.y=-1.6763334459948855
steps[5].waypoints[34].position_m.z=0.6790685579147697
steps[5].waypoints[34].orientation_xyzw.x=-0.4088280052290528
steps[5].waypoints[34].orientation_xyzw.y=0.6648056233517068
steps[5].waypoints[34].orientation_xyzw.z=-0.5356324922522879
steps[5].waypoints[34].orientation_xyzw.w=-0.32247632245481966
steps[5].waypoints[35].position_m.x=0.10454371823727084
steps[5].waypoints[35].position_m.y=-1.6761192798055016
steps[5].waypoints[35].position_m.z=0.6781941061633229
steps[5].waypoints[35].orientation_xyzw.x=-0.4088277288435875
steps[5].waypoints[35].orientation_xyzw.y=0.6648059882813555
steps[5].waypoints[35].orientation_xyzw.z=-0.5356324456814512
steps[5].waypoints[35].orientation_xyzw.w=-0.3224759978775963
steps[5].waypoints[36].position_m.x=0.10514883381231531
steps[5].waypoints[36].position_m.y=-1.6756796861241354
steps[5].waypoints[36].position_m.z=0.6760982249171603
steps[5].waypoints[36].orientation_xyzw.x=-0.4088274524579925
steps[5].waypoints[36].orientation_xyzw.y=0.6648063532107935
steps[5].waypoints[36].orientation_xyzw.z=-0.5356323991104447
steps[5].waypoints[36].orientation_xyzw.w=-0.32247567330027066
steps[5].waypoints[37].position_m.x=0.10575394926280635
steps[5].waypoints[37].position_m.y=-1.6752400908606486
steps[5].waypoints[37].position_m.z=0.6740023439668745
steps[5].waypoints[37].orientation_xyzw.x=-0.408827176072268
steps[5].waypoints[37].orientation_xyzw.y=0.6648067181400206
steps[5].waypoints[37].orientation_xyzw.z=-0.5356323525392682
steps[5].waypoints[37].orientation_xyzw.w=-0.3224753487228427
steps[5].waypoints[38].position_m.x=0.1063971213123278
steps[5].waypoints[38].position_m.y=-1.6750259217784722
steps[5].waypoints[38].position_m.z=0.6731278927564166
steps[5].waypoints[38].orientation_xyzw.x=-0.40882689968641384
steps[5].waypoints[38].orientation_xyzw.y=0.664807083069037
steps[5].waypoints[38].orientation_xyzw.z=-0.535632305967922
steps[5].waypoints[38].orientation_xyzw.w=-0.3224750241453126
steps[5].waypoints[39].position_m.x=0.10709411369648082
steps[5].waypoints[39].position_m.y=-1.675130555696675
steps[5].waypoints[39].position_m.z=0.6739808036310755
steps[5].waypoints[39].orientation_xyzw.x=-0.40882662330042996
steps[5].waypoints[39].orientation_xyzw.y=0.6648074479978425
steps[5].waypoints[39].orientation_xyzw.z=-0.5356322593964059
steps[5].waypoints[39].orientation_xyzw.w=-0.3224746995676802
steps[5].waypoints[40].position_m.x=0.10782916292877089
steps[5].waypoints[40].position_m.y=-1.6754606189604293
steps[5].waypoints[40].position_m.z=0.6760551436538065
steps[5].waypoints[40].orientation_xyzw.x=-0.40882634691431646
steps[5].waypoints[40].orientation_xyzw.y=0.6648078129264372
steps[5].waypoints[40].orientation_xyzw.z=-0.53563221282472
steps[5].waypoints[40].orientation_xyzw.w=-0.3224743749899455
steps[5].waypoints[41].position_m.x=0.10856421228561422
steps[5].waypoints[41].position_m.y=-1.6757906838063041
steps[5].waypoints[41].position_m.z=0.6781294833806584
steps[5].waypoints[41].orientation_xyzw.x=-0.4088260705280734
steps[5].waypoints[41].orientation_xyzw.y=0.6648081778548212
steps[5].waypoints[41].orientation_xyzw.z=-0.5356321662528644
steps[5].waypoints[41].orientation_xyzw.w=-0.32247405041210864
steps[5].waypoints[42].position_m.x=0.10926120489750385
steps[5].waypoints[42].position_m.y=-1.6758953206172988
steps[5].waypoints[42].position_m.z=0.6789823937143239
steps[5].waypoints[42].orientation_xyzw.x=-0.40882579414170067
steps[5].waypoints[42].orientation_xyzw.y=0.6648085427829943
steps[5].waypoints[42].orientation_xyzw.z=-0.5356321196808387
steps[5].waypoints[42].orientation_xyzw.w=-0.3224737258341695
steps[5].waypoints[43].position_m.x=0.10990437696839525
steps[5].waypoints[43].position_m.y=-1.6756811518065713
steps[5].waypoints[43].position_m.z=0.6781079424531011
steps[5].waypoints[43].orientation_xyzw.x=-0.4088255177551984
steps[5].waypoints[43].orientation_xyzw.y=0.6648089077109567
steps[5].waypoints[43].orientation_xyzw.z=-0.5356320731086432
steps[5].waypoints[43].orientation_xyzw.w=-0.3224734012561281
steps[5].waypoints[44].position_m.x=0.11050949204522646
steps[5].waypoints[44].position_m.y=-1.6752415517967232
steps[5].waypoints[44].position_m.z=0.6760120623904528
steps[5].waypoints[44].orientation_xyzw.x=-0.4088252413685664
steps[5].waypoints[44].orientation_xyzw.y=0.6648092726387083
steps[5].waypoints[44].orientation_xyzw.z=-0.535632026536278
steps[5].waypoints[44].orientation_xyzw.w=-0.32247307667798447
steps[5].waypoints[45].position_m.x=0.11111460699750446
steps[5].waypoints[45].position_m.y=-1.6748019502047549
steps[5].waypoints[45].position_m.z=0.6739161826236858
steps[5].waypoints[45].orientation_xyzw.x=-0.40882496498180476
steps[5].waypoints[45].orientation_xyzw.y=0.6648096375662489
steps[5].waypoints[45].orientation_xyzw.z=-0.5356319799637429
steps[5].waypoints[45].orientation_xyzw.w=-0.3224727520997386
steps[5].waypoints[46].position_m.x=0.11175777884065938
steps[5].waypoints[46].position_m.y=-1.674587778501236
steps[5].waypoints[46].position_m.z=0.6730417319034611
steps[5].waypoints[46].orientation_xyzw.x=-0.40882468859491355
steps[5].waypoints[46].orientation_xyzw.y=0.6648100024935789
steps[5].waypoints[46].orientation_xyzw.z=-0.535631933391038
steps[5].waypoints[46].orientation_xyzw.w=-0.3224724275213904
steps[5].waypoints[47].position_m.x=0.11245477143117905
steps[5].waypoints[47].position_m.y=-1.6746924150407818
steps[5].waypoints[47].position_m.z=0.6738946422878918
steps[5].waypoints[47].orientation_xyzw.x=-0.40882441220789273
steps[5].waypoints[47].orientation_xyzw.y=0.664810367420698
steps[5].waypoints[47].orientation_xyzw.z=-0.5356318868181631
steps[5].waypoints[47].orientation_xyzw.w=-0.32247210294294004
steps[5].waypoints[48].position_m.x=0.11318982116168204
steps[5].waypoints[48].position_m.y=-1.6750224846330168
steps[5].waypoints[48].position_m.z=0.6759689811270989
steps[5].waypoints[48].orientation_xyzw.x=-0.4088241358207423
steps[5].waypoints[48].orientation_xyzw.y=0.6648107323476063
steps[5].waypoints[48].orientation_xyzw.z=-0.5356318402451185
steps[5].waypoints[48].orientation_xyzw.w=-0.32247177836438745
steps[5].waypoints[49].position_m.x=0.11392487101673818
steps[5].waypoints[49].position_m.y=-1.6753525558073716
steps[5].waypoints[49].position_m.z=0.6780433196704222
steps[5].waypoints[49].orientation_xyzw.x=-0.4088238594334621
steps[5].waypoints[49].orientation_xyzw.y=0.6648110972743038
steps[5].waypoints[49].orientation_xyzw.z=-0.535631793671904
steps[5].waypoints[49].orientation_xyzw.w=-0.32247145378573255
steps[5].waypoints[50].position_m.x=0.1146218638349941
steps[5].waypoints[50].position_m.y=-1.6754571952397082
steps[5].waypoints[50].position_m.z=0.6788962295138505
steps[5].waypoints[50].orientation_xyzw.x=-0.4088235830460524
steps[5].waypoints[50].orientation_xyzw.y=0.6648114622007906
steps[5].waypoints[50].orientation_xyzw.z=-0.5356317470985197
steps[5].waypoints[50].orientation_xyzw.w=-0.32247112920697535
steps[5].waypoints[51].position_m.x=0.11526503569951901
steps[5].waypoints[51].position_m.y=-1.6752430238076381
steps[5].waypoints[51].position_m.z=0.67802177874286
steps[5].waypoints[51].orientation_xyzw.x=-0.408823306658513
steps[5].waypoints[51].orientation_xyzw.y=0.6648118271270665
steps[5].waypoints[51].orientation_xyzw.z=-0.5356317005249656
steps[5].waypoints[51].orientation_xyzw.w=-0.32247080462811606
steps[5].waypoints[52].position_m.x=0.11587015027813763
steps[5].waypoints[52].position_m.y=-1.6748034174693107
steps[5].waypoints[52].position_m.z=0.6759258998637452
steps[5].waypoints[52].orientation_xyzw.x=-0.40882303027084405
steps[5].waypoints[52].orientation_xyzw.y=0.6648121920531317
steps[5].waypoints[52].orientation_xyzw.z=-0.5356316539512416
steps[5].waypoints[52].orientation_xyzw.w=-0.3224704800491544
steps[5].waypoints[53].position_m.x=0.11647526473220317
steps[5].waypoints[53].position_m.y=-1.674363809548864
steps[5].waypoints[53].position_m.z=0.6738300212805168
steps[5].waypoints[53].orientation_xyzw.x=-0.4088227538830454
steps[5].waypoints[53].orientation_xyzw.y=0.6648125569789859
steps[5].waypoints[53].orientation_xyzw.z=-0.5356316073773478
steps[5].waypoints[53].orientation_xyzw.w=-0.32247015547009056
steps[5].waypoints[54].position_m.x=0.11711843636899186
steps[5].waypoints[54].position_m.y=-1.674149635224004
steps[5].waypoints[54].position_m.z=0.6729555710505332
steps[5].waypoints[54].orientation_xyzw.x=-0.4088224774951171
steps[5].waypoints[54].orientation_xyzw.y=0.6648129219046294
steps[5].waypoints[54].orientation_xyzw.z=-0.535631560803284
steps[5].waypoints[54].orientation_xyzw.w=-0.3224698308909244
steps[5].waypoints[55].position_m.x=0.11781542916587792
steps[5].waypoints[55].position_m.y=-1.6742542743848918
steps[5].waypoints[55].position_m.z=0.6738084809447276
steps[5].waypoints[55].orientation_xyzw.x=-0.4088222011070592
steps[5].waypoints[55].orientation_xyzw.y=0.6648132868300622
steps[5].waypoints[55].orientation_xyzw.z=-0.5356315142290505
steps[5].waypoints[55].orientation_xyzw.w=-0.3224695063116561
steps[5].waypoints[56].position_m.x=0.11855047939459322
steps[5].waypoints[56].position_m.y=-1.6745843503056046
steps[5].waypoints[56].position_m.z=0.6758828186003915
steps[5].waypoints[56].orientation_xyzw.x=-0.40882192471887174
steps[5].waypoints[56].orientation_xyzw.y=0.6648136517552841
steps[5].waypoints[56].orientation_xyzw.z=-0.5356314676546472
steps[5].waypoints[56].orientation_xyzw.w=-0.32246918173228545
steps[5].waypoints[57].position_m.x=0.1192855297478616
steps[5].waypoints[57].position_m.y=-1.6749144278084365
steps[5].waypoints[57].position_m.z=0.6779571559601666
steps[5].waypoints[57].orientation_xyzw.x=-0.40882164833055457
steps[5].waypoints[57].orientation_xyzw.y=0.6648140166802952
steps[5].waypoints[57].orientation_xyzw.z=-0.5356314210800741
steps[5].waypoints[57].orientation_xyzw.w=-0.3224688571528126
steps[5].waypoints[58].position_m.x=0.11998252277248378
steps[5].waypoints[58].position_m.y=-1.6750190698621135
steps[5].waypoints[58].position_m.z=0.6788100653133498
steps[5].waypoints[58].orientation_xyzw.x=-0.4088213719421078
steps[5].waypoints[58].orientation_xyzw.y=0.6648143816050954
steps[5].waypoints[58].orientation_xyzw.z=-0.535631374505331
steps[5].waypoints[58].orientation_xyzw.w=-0.32246853257323754
steps[5].waypoints[59].position_m.x=0.12062569443064236
steps[5].waypoints[59].position_m.y=-1.674804895808702
steps[5].waypoints[59].position_m.z=0.6779356150325996
steps[5].waypoints[59].orientation_xyzw.x=-0.40882109555353147
steps[5].waypoints[59].orientation_xyzw.y=0.6648147465296849
steps[5].waypoints[59].orientation_xyzw.z=-0.5356313279304182
steps[5].waypoints[59].orientation_xyzw.w=-0.32246820799356024
steps[5].waypoints[60].position_m.x=0.12123080851104881
steps[5].waypoints[60].position_m.y=-1.6743652831418983
steps[5].waypoints[60].position_m.z=0.6758397373370377
steps[5].waypoints[60].orientation_xyzw.x=-0.40882081916482543
steps[5].waypoints[60].orientation_xyzw.y=0.6648151114540635
steps[5].waypoints[60].orientation_xyzw.z=-0.5356312813553356
steps[5].waypoints[60].orientation_xyzw.w=-0.32246788341378063
steps[5].waypoints[61].position_m.x=0.12183592246690231
steps[5].waypoints[61].position_m.y=-1.673925668892976
steps[5].waypoints[61].position_m.z=0.6737438599373671
steps[5].waypoints[61].orientation_xyzw.x=-0.40882054277598984
steps[5].waypoints[61].orientation_xyzw.y=0.6648154763782314
steps[5].waypoints[61].orientation_xyzw.z=-0.535631234780083
steps[5].waypoints[61].orientation_xyzw.w=-0.3224675588338988
steps[5].waypoints[62].position_m.x=0.1224790938973249
steps[5].waypoints[62].position_m.y=-1.6737114919467762
steps[5].waypoints[62].position_m.z=0.6728694101976326
steps[5].waypoints[62].orientation_xyzw.x=-0.40882026638702457
steps[5].waypoints[62].orientation_xyzw.y=0.6648158413021885
steps[5].waypoints[62].orientation_xyzw.z=-0.5356311882046606
steps[5].waypoints[62].orientation_xyzw.w=-0.3224672342539148
steps[5].waypoints[63].position_m.x=0.1231760869005772
steps[5].waypoints[63].position_m.y=-1.6738161337290045
steps[5].waypoints[63].position_m.z=0.6737223196015827
steps[5].waypoints[63].orientation_xyzw.x=-0.4088199899979297
steps[5].waypoints[63].orientation_xyzw.y=0.6648162062259347
steps[5].waypoints[63].orientation_xyzw.z=-0.5356311416290683
steps[5].waypoints[63].orientation_xyzw.w=-0.32246690967382846
steps[5].waypoints[64].position_m.x=0.12391113762750439
steps[5].waypoints[64].position_m.y=-1.6741462159781921
steps[5].waypoints[64].position_m.z=0.6757966560736839
steps[5].waypoints[64].orientation_xyzw.x=-0.4088197136087051
steps[5].waypoints[64].orientation_xyzw.y=0.6648165711494701
steps[5].waypoints[64].orientation_xyzw.z=-0.5356310950533063
steps[5].waypoints[64].orientation_xyzw.w=-0.3224665850936399
steps[5].waypoints[65].position_m.x=0.12889388143833605
steps[5].waypoints[65].position_m.y=-1.6737389691414466
steps[5].waypoints[65].position_m.z=0.6757165678124996
steps[5].waypoints[65].orientation_xyzw.x=-0.4088197136087051
steps[5].waypoints[65].orientation_xyzw.y=0.6648165711494701
steps[5].waypoints[65].orientation_xyzw.z=-0.5356310950533063
steps[5].waypoints[65].orientation_xyzw.w=-0.3224665850936399
steps[5].lead_start.position_m.x=0.08102587176421505
steps[5].lead_start.position_m.y=-1.6776512905974912
steps[5].lead_start.position_m.z=0.6764859562873442
steps[5].lead_start.orientation_xyzw.x=-0.4088374022577407
steps[5].lead_start.orientation_xyzw.y=0.6647932156182271
steps[5].lead_start.orientation_xyzw.z=-0.5356340755596819
steps[5].lead_start.orientation_xyzw.w=-0.3224873580195739
steps[5].usable_seam_start.position_m.x=0.08102587176421505
steps[5].usable_seam_start.position_m.y=-1.6776512905974912
steps[5].usable_seam_start.position_m.z=0.6764859562873442
steps[5].usable_seam_start.orientation_xyzw.x=-0.4088374022577407
steps[5].usable_seam_start.orientation_xyzw.y=0.6647932156182271
steps[5].usable_seam_start.orientation_xyzw.z=-0.5356340755596819
steps[5].usable_seam_start.orientation_xyzw.w=-0.3224873580195739
steps[5].usable_seam_goal.position_m.x=0.12391113762750439
steps[5].usable_seam_goal.position_m.y=-1.6741462159781921
steps[5].usable_seam_goal.position_m.z=0.6757966560736839
steps[5].usable_seam_goal.orientation_xyzw.x=-0.4088197136087051
steps[5].usable_seam_goal.orientation_xyzw.y=0.6648165711494701
steps[5].usable_seam_goal.orientation_xyzw.z=-0.5356310950533063
steps[5].usable_seam_goal.orientation_xyzw.w=-0.3224665850936399
steps[5].lead_end.position_m.x=0.12889388143833605
steps[5].lead_end.position_m.y=-1.6737389691414466
steps[5].lead_end.position_m.z=0.6757165678124996
steps[5].lead_end.orientation_xyzw.x=-0.4088197136087051
steps[5].lead_end.orientation_xyzw.y=0.6648165711494701
steps[5].lead_end.orientation_xyzw.z=-0.5356310950533063
steps[5].lead_end.orientation_xyzw.w=-0.3224665850936399
steps[6].sequence_number=7
steps[6].type=digital_weld
steps[6].parallel_slot=5
steps[6].duration=0.0
steps[6].velocity_scale=0.3695263157894737
steps[6].tcp_speed_m_s=0.0035
steps[6].command=off
steps[6].weld_scenario_id=weld-10797944852952
steps[6].weld_scenario_stage=arc_off
steps[6].path_to_seam_speed_factor=0.40363049288152864
steps[6].trigger_before_goal=True
steps[6].arc_off_delay_s=0.5
steps[6].settings.current_a=230
steps[6].settings.voltage_tenths=265
steps[6].settings.voltage=26.5
steps[6].settings.material=FE-SOLID
steps[6].settings.diameter_mm=1.2
steps[6].settings.mode=LSM
steps[6].settings.gas=CO2 100%
steps[6].settings.synergic=False
steps[6].settings.correction=0.0
steps[6].settings.hot_start_enabled=True
steps[6].settings.hot_start_percent=10.0
steps[6].settings.hot_start_hold_adjustment=-1
steps[6].settings.crater_enabled=False
steps[6].settings.crater_percent=26.08695652173913
steps[6].settings.crater_current_a=60.0
steps[6].settings.crater_voltage_v=25.0
steps[6].settings.crater_seconds=1.0
steps[6].settings.wire_consumable_alpha_mm=0.0
steps[6].settings.hot_start_current_a=253
steps[7].sequence_number=8
steps[7].type=motion
steps[7].parallel_slot=6
steps[7].duration=0.0
steps[7].planning_group=right_manipulator
steps[7].velocity_scale=0.3695263157894737
steps[7].tcp_speed_m_s=0.0
steps[7].interpolation_step=0.005
steps[7].path_kind=weld_end_to_taught_wait_fixed_attitude
steps[7].pose_name=weld_goal_wait
steps[7].pose_label=5 · Weld goal wait pose
steps[7].touch_guard=False
steps[7].continue_after_touch=False
steps[7].weld_scenario_id=weld-10797944852952
steps[7].weld_scenario_stage=goal_wait
steps[7].waypoint_count=1
steps[7].waypoints[0].position_m.x=0.1238943051976682
steps[7].waypoints[0].position_m.y=-1.6726733967144134
steps[7].waypoints[0].position_m.z=0.6765914364218626
steps[7].waypoints[0].orientation_xyzw.x=-0.4088197136087051
steps[7].waypoints[0].orientation_xyzw.y=0.6648165711494701
steps[7].waypoints[0].orientation_xyzw.z=-0.5356310950533063
steps[7].waypoints[0].orientation_xyzw.w=-0.3224665850936399
steps[8].sequence_number=9
steps[8].type=named_pose
steps[8].parallel_slot=7
steps[8].duration=0.0
steps[8].planning_group=right_manipulator
steps[8].velocity_scale=0.3695263157894737
steps[8].tcp_speed_m_s=0.0
steps[8].pose_name=weld_finish
steps[8].pose_label=7 · Weld end pose
steps[8].touch_guard=False
steps[8].continue_after_touch=False
steps[8].weld_scenario_id=weld-10797944852952
steps[8].weld_scenario_stage=finish
steps[8].target_tcp.position_m.x=0.12387968203290473
steps[8].target_tcp.position_m.y=-1.5868731296657823
steps[8].target_tcp.position_m.z=0.7971850419730777
steps[8].target_tcp.orientation_xyzw.x=-0.40882885521403534
steps[8].target_tcp.orientation_xyzw.y=0.6647835722703547
steps[8].target_tcp.orientation_xyzw.z=-0.535638886747467
steps[8].target_tcp.orientation_xyzw.w=-0.32251008075373677
steps[8].joint_names[0]=right_manipulator_joint1
steps[8].joint_names[1]=right_manipulator_joint2
steps[8].joint_names[2]=right_manipulator_joint3
steps[8].joint_names[3]=right_manipulator_joint4
steps[8].joint_names[4]=right_manipulator_joint5
steps[8].joint_names[5]=right_manipulator_joint6
steps[8].joint_positions_rad[0]=5.303731117263553
steps[8].joint_positions_rad[1]=1.1626435870807152
steps[8].joint_positions_rad[2]=2.03459009168994
steps[8].joint_positions_rad[3]=3.717458096109769
steps[8].joint_positions_rad[4]=1.3974450461711319
steps[8].joint_positions_rad[5]=1.5556995323655098
steps[9].sequence_number=10
steps[9].type=digital_output
steps[9].parallel_slot=8
steps[9].duration=0.0
steps[9].port=0
steps[9].value=True
steps[9].weld_scenario_id=weld-10797944852952
steps[9].weld_scenario_stage=touch_output_on
hicomm_cyclic_period_ms=40.0
arc_wait_recognition=True
arc_wait_main_welding=True
arc_wait_established=True
arc_establishment_timeout_s=5.0

[summary]
rx_samples=870
welding_samples=792
wcr_seen=1
current_a.min=1.0
current_a.average=252.1566110397946
current_a.max=277.0
voltage_v.min=3.0
voltage_v.average=25.621012658227773
voltage_v.max=61.2
wire_feed_m_min.min=10.8
wire_feed_m_min.average=10.800000000000095
wire_feed_m_min.max=10.8

[production_metrics]
arc_started_elapsed_s=0.18456293599956552
arc_completed_elapsed_s=32.4634929799995
arc_on_time_s=32.278930043999935
main_weld_arc_time_s=31.399435802999506
crater_arc_time_s=0.0
weld_motion_start_elapsed_s=0.9146041860003606
weld_motion_complete_elapsed_s=34.05299727700003
weld_motion_duration_s=33.13839309099967
net_weld_arc_time_s=31.54888879399914
wire_feed_average_m_min=10.560004553191998
wire_consumable_base_mm=5681.094137280088
wire_consumable_alpha_mm=0.0
wire_consumable_mm=5681.094137280088
wire_consumable_formula=integral(WFS*1000/60*dt)+alpha
weld_motion_start_unix_time=1789527752.275429
weld_motion_start_wall_time=2026-09-16 12:02:32.275
weld_motion_complete_unix_time=1789527785.4138238
weld_motion_complete_wall_time=2026-09-16 12:03:05.413

[arc_off_control]
arc_established_elapsed_s=0.904999639999005
delay_s=0.5
speed_source=tcp_setpoint_projected_along_seam
trigger_speed_m_s=0.0014127067250853502
calculated_pre_off_distance_m=0.0007063533625426751
crater_source=disabled
seam_length_m=0.04303378569259758
trigger_along_m=0.042327432330054905
actual_along_m=0.04237281275981144
actual_remaining_to_goal_m=0.0006609729327861427
tcp_x_m=0.12317169684427826
tcp_y_m=-1.6736520953025997
tcp_z_m=0.6735697349566219
command_elapsed_s=31.463391502000377
sequence_clear_elapsed_s=34.819167323999864
extinction_current_threshold_a=10.0
feedback_current_extinguished_elapsed_s=32.01839909800037
feedback_extinction_delay_s=0.5550075959999958
feedback_recommended_pre_off_distance_m=0.0007840629633426472
wcr_clear_elapsed_s=32.4634929799995
wcr_clear_delay_s=1.0001014779991237

[teaching_snapshot_yaml]
robot_start:
  planning_group: right_manipulator
  joint_state:
    names:
    - right_manipulator_joint1
    - right_manipulator_joint2
    - right_manipulator_joint3
    - right_manipulator_joint4
    - right_manipulator_joint5
    - right_manipulator_joint6
    positions_rad:
    - 5.272090632984539
    - 1.1319069796756747
    - 2.106417676818249
    - 3.6901007738119302
    - 1.4686233526256796
    - 1.4680081624138712
  tcp_pose_world:
    position_m:
      x: 0.0593687026100857
      y: -1.566580876666292
      z: 0.8404797210507349
    orientation_xyzw:
      x: -0.435964943840794
      y: 0.633785310019272
      z: -0.5278153609885844
      w: -0.36008567487496485
weld_wait:
  planning_group: right_manipulator
  joint_state:
    names:
    - right_manipulator_joint1
    - right_manipulator_joint2
    - right_manipulator_joint3
    - right_manipulator_joint4
    - right_manipulator_joint5
    - right_manipulator_joint6
    positions_rad:
    - 5.162270391745159
    - 1.2839001078311674
    - 1.9253509522004157
    - 3.57737608908771
    - 1.4121090769233806
    - 1.5529732543575958
  tcp_pose_world:
    position_m:
      x: 0.036424554825288225
      y: -1.6556979706260309
      z: 0.6969945192387215
    orientation_xyzw:
      x: -0.40887151131936966
      y: 0.664764445724758
      z: -0.5353485269301721
      w: -0.32297720298089877
weld_start_wait:
  planning_group: right_manipulator
  joint_state:
    names:
    - right_manipulator_joint1
    - right_manipulator_joint2
    - right_manipulator_joint3
    - right_manipulator_joint4
    - right_manipulator_joint5
    - right_manipulator_joint6
    positions_rad:
    - 5.200373302725359
    - 1.3032875210927808
    - 1.8723412633346066
    - 3.6169064544121925
    - 1.381000425914056
    - 1.5405192478359493
  tcp_pose_world:
    position_m:
      x: 0.08098685954064838
      y: -1.6747422265354
      z: 0.6789434037047843
    orientation_xyzw:
      x: -0.4088846865681994
      y: 0.6647882465744674
      z: -0.5355884798279715
      w: -0.3225133804697611
weld_start:
  planning_group: right_manipulator
  joint_state:
    names:
    - right_manipulator_joint1
    - right_manipulator_joint2
    - right_manipulator_joint3
    - right_manipulator_joint4
    - right_manipulator_joint5
    - right_manipulator_joint6
    positions_rad:
    - 5.198744513402667
    - 1.306120059228189
    - 1.8672342524702161
    - 3.615471276900749
    - 1.3790677699109855
    - 1.5395396040289635
  tcp_pose_world:
    position_m:
      x: 0.08102587176421505
      y: -1.6776512905974912
      z: 0.6764859562873442
    orientation_xyzw:
      x: -0.4088374022577407
      y: 0.6647932156182271
      z: -0.5356340755596819
      w: -0.3224873580195739
weld_goal_wait:
  planning_group: right_manipulator
  joint_state:
    names:
    - right_manipulator_joint1
    - right_manipulator_joint2
    - right_manipulator_joint3
    - right_manipulator_joint4
    - right_manipulator_joint5
    - right_manipulator_joint6
    positions_rad:
    - 5.246586604489286
    - 1.3056303039037236
    - 1.8524413247212075
    - 3.6645701137057767
    - 1.3651251894980392
    - 1.5331606674279512
  tcp_pose_world:
    position_m:
      x: 0.1238943051976682
      y: -1.6726733967144134
      z: 0.6765914364218626
    orientation_xyzw:
      x: -0.4088188826173724
      y: 0.6647928928526936
      z: -0.535650478743716
      w: -0.32248425612680376
weld_end:
  planning_group: right_manipulator
  joint_state:
    names:
    - right_manipulator_joint1
    - right_manipulator_joint2
    - right_manipulator_joint3
    - right_manipulator_joint4
    - right_manipulator_joint5
    - right_manipulator_joint6
    positions_rad:
    - 5.245701902375162
    - 1.306507416008741
    - 1.8502693836941935
    - 3.6638294886066256
    - 1.363948072296224
    - 1.53251138875419
  tcp_pose_world:
    position_m:
      x: 0.12391113762750439
      y: -1.6741462159781921
      z: 0.6757966560736839
    orientation_xyzw:
      x: -0.4088197136087051
      y: 0.6648165711494701
      z: -0.5356310950533063
      w: -0.3224665850936399
weld_finish:
  planning_group: right_manipulator
  joint_state:
    names:
    - right_manipulator_joint1
    - right_manipulator_joint2
    - right_manipulator_joint3
    - right_manipulator_joint4
    - right_manipulator_joint5
    - right_manipulator_joint6
    positions_rad:
    - 5.303731117263553
    - 1.1626435870807152
    - 2.03459009168994
    - 3.717458096109769
    - 1.3974450461711319
    - 1.5556995323655098
  tcp_pose_world:
    position_m:
      x: 0.12387968203290473
      y: -1.5868731296657823
      z: 0.7971850419730777
    orientation_xyzw:
      x: -0.40882885521403534
      y: 0.6647835722703547
      z: -0.535638886747467
      w: -0.32251008075373677

[touch_snapshot_yaml]
{}

[samples]
elapsed_s raw0 state arc gas fwd wcr current_a voltage_v wire_feed_m_min set_current_a set_voltage_v error db collision
0.026 0x00 idle 0 0 0 0 0 0.0 0.0 230 26.5 0 0 0
0.059 0x00 idle 0 0 0 0 0 0.0 0.0 230 26.5 0 0 0
0.107 0x00 idle 0 0 0 0 0 0.0 0.0 230 26.5 0 0 0
0.145 0x00 idle 0 0 0 0 0 0.0 0.0 230 26.5 0 0 0
0.185 0x09 main_weld 1 1 0 0 0 0.0 0.0 230 26.5 0 0 0
0.220 0x09 main_weld 1 1 0 0 0 0.0 0.0 230 26.5 0 0 0
0.266 0x09 main_weld 1 1 0 0 0 0.0 0.0 230 26.5 0 0 0
0.304 0x09 main_weld 1 1 0 0 0 0.0 0.0 230 26.5 0 0 0
0.344 0x09 main_weld 1 1 0 0 0 0.0 0.0 230 26.5 0 0 0
0.381 0x09 main_weld 1 1 0 0 0 0.0 0.0 230 26.5 0 0 0
0.419 0x09 main_weld 1 1 0 0 0 0.0 0.0 230 26.5 0 0 0
0.459 0x09 main_weld 1 1 0 0 0 0.0 0.0 230 26.5 0 0 0
0.499 0x09 main_weld 1 1 0 0 0 0.0 0.0 230 26.5 0 0 0
0.541 0x09 main_weld 1 1 0 0 0 0.0 0.0 230 26.5 0 0 0
0.578 0x09 main_weld 1 1 0 0 0 0.0 0.0 230 26.5 0 0 0
0.618 0x09 main_weld 1 1 0 0 0 0.0 0.0 230 26.5 0 0 0
0.662 0x09 main_weld 1 1 0 0 0 0.0 0.0 230 26.5 0 0 0
0.699 0x09 main_weld 1 1 0 0 0 0.0 0.0 230 26.5 0 0 0
0.740 0x09 main_weld 1 1 0 0 0 0.0 0.0 230 26.5 0 0 0
0.785 0x09 main_weld 1 1 0 0 0 0.0 0.0 230 26.5 0 0 0
0.818 0x09 main_weld 1 1 0 0 0 0.0 0.0 230 26.5 0 0 0
0.861 0x2B main_weld 1 1 1 1 0 0.0 0.0 230 26.5 0 0 0
0.902 0x2B main_weld 1 1 1 1 0 0.0 10.8 230 26.5 0 0 0
0.947 0x2B main_weld 1 1 1 1 56 10.8 10.8 230 26.5 0 0 0
0.980 0x2B main_weld 1 1 1 1 56 10.8 10.8 230 26.5 0 0 0
1.022 0x2B main_weld 1 1 1 1 56 10.8 10.8 230 26.5 0 0 0
1.063 0x2B main_weld 1 1 1 1 56 10.8 10.8 230 26.5 0 0 0
1.115 0x2B main_weld 1 1 1 1 56 39.1 10.8 230 26.5 0 0 0
1.142 0x2B main_weld 1 1 1 1 134 39.1 10.8 230 26.5 0 0 0
1.182 0x2B main_weld 1 1 1 1 134 39.1 10.8 230 26.5 0 0 0
1.225 0x2B main_weld 1 1 1 1 134 39.1 10.8 230 26.5 0 0 0
1.261 0x2B main_weld 1 1 1 1 134 39.1 10.8 230 26.5 0 0 0
1.301 0x2B main_weld 1 1 1 1 134 25.9 10.8 230 26.5 0 0 0
1.342 0x2B main_weld 1 1 1 1 225 25.9 10.8 230 26.5 0 0 0
1.382 0x2B main_weld 1 1 1 1 225 25.9 10.8 230 26.5 0 0 0
1.422 0x2B main_weld 1 1 1 1 225 25.9 10.8 230 26.5 0 0 0
1.464 0x2B main_weld 1 1 1 1 225 26.1 10.8 230 26.5 0 0 0
1.500 0x2B main_weld 1 1 1 1 235 26.1 10.8 230 26.5 0 0 0
1.542 0x2B main_weld 1 1 1 1 235 26.1 10.8 230 26.5 0 0 0
1.582 0x2B main_weld 1 1 1 1 235 26.1 10.8 230 26.5 0 0 0
1.619 0x2B main_weld 1 1 1 1 235 26.1 10.8 230 26.5 0 0 0
1.659 0x2B main_weld 1 1 1 1 235 25.5 10.8 230 26.5 0 0 0
1.699 0x2B main_weld 1 1 1 1 236 25.5 10.8 230 26.5 0 0 0
1.740 0x2B main_weld 1 1 1 1 236 25.5 10.8 230 26.5 0 0 0
1.786 0x2B main_weld 1 1 1 1 236 25.5 10.8 230 26.5 0 0 0
1.823 0x2B main_weld 1 1 1 1 236 25.6 10.8 230 26.5 0 0 0
1.859 0x2B main_weld 1 1 1 1 235 25.6 10.8 230 26.5 0 0 0
1.900 0x2B main_weld 1 1 1 1 235 25.6 10.8 230 26.5 0 0 0
1.942 0x2B main_weld 1 1 1 1 235 25.6 10.8 230 26.5 0 0 0
1.981 0x2B main_weld 1 1 1 1 235 25.6 10.8 230 26.5 0 0 0
2.021 0x2B main_weld 1 1 1 1 235 25.6 10.8 230 26.5 0 0 0
2.063 0x2B main_weld 1 1 1 1 235 25.6 10.8 230 26.5 0 0 0
2.103 0x2B main_weld 1 1 1 1 235 25.6 10.8 230 26.5 0 0 0
2.142 0x2B main_weld 1 1 1 1 236 25.6 10.8 230 26.5 0 0 0
2.179 0x2B main_weld 1 1 1 1 236 25.5 10.8 230 26.5 0 0 0
2.222 0x2B main_weld 1 1 1 1 236 25.5 10.8 230 26.5 0 0 0
2.261 0x2B main_weld 1 1 1 1 236 25.5 10.8 230 26.5 0 0 0
2.299 0x2B main_weld 1 1 1 1 236 25.5 10.8 230 26.5 0 0 0
2.339 0x2B main_weld 1 1 1 1 236 25.5 10.8 230 26.5 0 0 0
2.379 0x2B main_weld 1 1 1 1 236 26.1 10.8 230 26.5 0 0 0
2.423 0x2B main_weld 1 1 1 1 236 26.1 10.8 230 26.5 0 0 0
2.458 0x2B main_weld 1 1 1 1 236 25.8 10.8 230 26.5 0 0 0
2.499 0x2B main_weld 1 1 1 1 237 25.8 10.8 230 26.5 0 0 0
2.537 0x2B main_weld 1 1 1 1 237 25.8 10.8 230 26.5 0 0 0
2.582 0x2B main_weld 1 1 1 1 237 25.8 10.8 230 26.5 0 0 0
2.621 0x2B main_weld 1 1 1 1 237 25.8 10.8 230 26.5 0 0 0
2.662 0x2B main_weld 1 1 1 1 238 25.8 10.8 230 26.5 0 0 0
2.698 0x2B main_weld 1 1 1 1 238 25.8 10.8 230 26.5 0 0 0
2.740 0x2B main_weld 1 1 1 1 238 25.8 10.8 230 26.5 0 0 0
2.779 0x2B main_weld 1 1 1 1 238 25.8 10.8 230 26.5 0 0 0
2.820 0x2B main_weld 1 1 1 1 238 25.8 10.8 230 26.5 0 0 0
2.862 0x2B main_weld 1 1 1 1 238 25.8 10.8 230 26.5 0 0 0
2.898 0x2B main_weld 1 1 1 1 238 25.8 10.8 230 26.5 0 0 0
2.940 0x2B main_weld 1 1 1 1 238 25.8 10.8 230 26.5 0 0 0
2.979 0x2B main_weld 1 1 1 1 238 25.8 10.8 230 26.5 0 0 0
3.019 0x2B main_weld 1 1 1 1 240 25.8 10.8 230 26.5 0 0 0
3.062 0x2B main_weld 1 1 1 1 240 25.8 10.8 230 26.5 0 0 0
3.103 0x2B main_weld 1 1 1 1 240 25.8 10.8 230 26.5 0 0 0
3.138 0x2B main_weld 1 1 1 1 240 25.8 10.8 230 26.5 0 0 0
3.187 0x2B main_weld 1 1 1 1 240 25.8 10.8 230 26.5 0 0 0
3.224 0x2B main_weld 1 1 1 1 242 25.8 10.8 230 26.5 0 0 0
3.260 0x2B main_weld 1 1 1 1 242 25.8 10.8 230 26.5 0 0 0
3.302 0x2B main_weld 1 1 1 1 246 25.8 10.8 230 26.5 0 0 0
3.338 0x2B main_weld 1 1 1 1 246 25.8 10.8 230 26.5 0 0 0
3.378 0x2B main_weld 1 1 1 1 246 25.5 10.8 230 26.5 0 0 0
3.421 0x2B main_weld 1 1 1 1 246 25.5 10.8 230 26.5 0 0 0
3.462 0x2B main_weld 1 1 1 1 246 25.5 10.8 230 26.5 0 0 0
3.501 0x2B main_weld 1 1 1 1 248 25.5 10.8 230 26.5 0 0 0
3.539 0x2B main_weld 1 1 1 1 248 25.7 10.8 230 26.5 0 0 0
3.582 0x2B main_weld 1 1 1 1 248 25.7 10.8 230 26.5 0 0 0
3.623 0x2B main_weld 1 1 1 1 248 25.7 10.8 230 26.5 0 0 0
3.664 0x2B main_weld 1 1 1 1 246 25.7 10.8 230 26.5 0 0 0
3.701 0x2B main_weld 1 1 1 1 246 25.7 10.8 230 26.5 0 0 0
3.744 0x2B main_weld 1 1 1 1 246 25.8 10.8 230 26.5 0 0 0
3.779 0x2B main_weld 1 1 1 1 246 25.8 10.8 230 26.5 0 0 0
3.819 0x2B main_weld 1 1 1 1 246 25.4 10.8 230 26.5 0 0 0
3.866 0x2B main_weld 1 1 1 1 247 25.4 10.8 230 26.5 0 0 0
3.900 0x2B main_weld 1 1 1 1 247 25.4 10.8 230 26.5 0 0 0
3.942 0x2B main_weld 1 1 1 1 247 25.4 10.8 230 26.5 0 0 0
3.984 0x2B main_weld 1 1 1 1 247 25.7 10.8 230 26.5 0 0 0
4.024 0x2B main_weld 1 1 1 1 249 25.7 10.8 230 26.5 0 0 0
4.060 0x2B main_weld 1 1 1 1 249 25.7 10.8 230 26.5 0 0 0
4.098 0x2B main_weld 1 1 1 1 249 25.7 10.8 230 26.5 0 0 0
4.143 0x2B main_weld 1 1 1 1 249 25.7 10.8 230 26.5 0 0 0
4.178 0x2B main_weld 1 1 1 1 249 25.4 10.8 230 26.5 0 0 0
4.223 0x2B main_weld 1 1 1 1 255 25.4 10.8 230 26.5 0 0 0
4.260 0x2B main_weld 1 1 1 1 255 25.4 10.8 230 26.5 0 0 0
4.305 0x2B main_weld 1 1 1 1 255 25.4 10.8 230 26.5 0 0 0
4.342 0x2B main_weld 1 1 1 1 255 25.4 10.8 230 26.5 0 0 0
4.383 0x2B main_weld 1 1 1 1 255 25.4 10.8 230 26.5 0 0 0
4.423 0x2B main_weld 1 1 1 1 255 25.4 10.8 230 26.5 0 0 0
4.460 0x2B main_weld 1 1 1 1 255 25.4 10.8 230 26.5 0 0 0
4.501 0x2B main_weld 1 1 1 1 255 25.4 10.8 230 26.5 0 0 0
4.541 0x2B main_weld 1 1 1 1 255 25.4 10.8 230 26.5 0 0 0
4.584 0x2B main_weld 1 1 1 1 256 25.4 10.8 230 26.5 0 0 0
4.622 0x2B main_weld 1 1 1 1 256 25.4 10.8 230 26.5 0 0 0
4.665 0x2B main_weld 1 1 1 1 256 25.4 10.8 230 26.5 0 0 0
4.702 0x2B main_weld 1 1 1 1 256 25.4 10.8 230 26.5 0 0 0
4.743 0x2B main_weld 1 1 1 1 258 25.4 10.8 230 26.5 0 0 0
4.782 0x2B main_weld 1 1 1 1 258 25.4 10.8 230 26.5 0 0 0
4.820 0x2B main_weld 1 1 1 1 256 25.4 10.8 230 26.5 0 0 0
4.864 0x2B main_weld 1 1 1 1 256 25.4 10.8 230 26.5 0 0 0
4.904 0x2B main_weld 1 1 1 1 256 25.7 10.8 230 26.5 0 0 0
4.939 0x2B main_weld 1 1 1 1 256 25.7 10.8 230 26.5 0 0 0
4.983 0x2B main_weld 1 1 1 1 256 25.7 10.8 230 26.5 0 0 0
5.020 0x2B main_weld 1 1 1 1 259 25.7 10.8 230 26.5 0 0 0
5.061 0x2B main_weld 1 1 1 1 259 25.4 10.8 230 26.5 0 0 0
5.102 0x2B main_weld 1 1 1 1 259 25.4 10.8 230 26.5 0 0 0
5.143 0x2B main_weld 1 1 1 1 259 25.4 10.8 230 26.5 0 0 0
5.180 0x2B main_weld 1 1 1 1 255 25.6 10.8 230 26.5 0 0 0
5.219 0x2B main_weld 1 1 1 1 255 25.6 10.8 230 26.5 0 0 0
5.259 0x2B main_weld 1 1 1 1 255 25.6 10.8 230 26.5 0 0 0
5.301 0x2B main_weld 1 1 1 1 255 25.6 10.8 230 26.5 0 0 0
5.342 0x2B main_weld 1 1 1 1 255 25.7 10.8 230 26.5 0 0 0
5.383 0x2B main_weld 1 1 1 1 255 25.7 10.8 230 26.5 0 0 0
5.426 0x2B main_weld 1 1 1 1 255 25.7 10.8 230 26.5 0 0 0
5.461 0x2B main_weld 1 1 1 1 255 25.7 10.8 230 26.5 0 0 0
5.499 0x2B main_weld 1 1 1 1 255 25.7 10.8 230 26.5 0 0 0
5.544 0x2B main_weld 1 1 1 1 255 25.7 10.8 230 26.5 0 0 0
5.583 0x2B main_weld 1 1 1 1 255 25.7 10.8 230 26.5 0 0 0
5.622 0x2B main_weld 1 1 1 1 255 25.7 10.8 230 26.5 0 0 0
5.667 0x2B main_weld 1 1 1 1 255 25.7 10.8 230 26.5 0 0 0
5.707 0x2B main_weld 1 1 1 1 255 25.6 10.8 230 26.5 0 0 0
5.742 0x2B main_weld 1 1 1 1 259 25.6 10.8 230 26.5 0 0 0
5.779 0x2B main_weld 1 1 1 1 259 25.6 10.8 230 26.5 0 0 0
5.821 0x2B main_weld 1 1 1 1 259 25.6 10.8 230 26.5 0 0 0
5.858 0x2B main_weld 1 1 1 1 259 25.6 10.8 230 26.5 0 0 0
5.903 0x2B main_weld 1 1 1 1 248 25.7 10.8 230 26.5 0 0 0
5.943 0x2B main_weld 1 1 1 1 248 25.7 10.8 230 26.5 0 0 0
5.984 0x2B main_weld 1 1 1 1 248 25.7 10.8 230 26.5 0 0 0
6.023 0x2B main_weld 1 1 1 1 248 25.7 10.8 230 26.5 0 0 0
6.064 0x2B main_weld 1 1 1 1 248 25.5 10.8 230 26.5 0 0 0
6.102 0x2B main_weld 1 1 1 1 247 25.5 10.8 230 26.5 0 0 0
6.140 0x2B main_weld 1 1 1 1 247 25.5 10.8 230 26.5 0 0 0
6.180 0x2B main_weld 1 1 1 1 247 25.5 10.8 230 26.5 0 0 0
6.220 0x2B main_weld 1 1 1 1 247 25.5 10.8 230 26.5 0 0 0
6.261 0x2B main_weld 1 1 1 1 247 26.1 10.8 230 26.5 0 0 0
6.298 0x2B main_weld 1 1 1 1 247 26.1 10.8 230 26.5 0 0 0
6.341 0x2B main_weld 1 1 1 1 247 26.1 10.8 230 26.5 0 0 0
6.382 0x2B main_weld 1 1 1 1 247 26.1 10.8 230 26.5 0 0 0
6.423 0x2B main_weld 1 1 1 1 247 26.1 10.8 230 26.5 0 0 0
6.461 0x2B main_weld 1 1 1 1 247 26.1 10.8 230 26.5 0 0 0
6.502 0x2B main_weld 1 1 1 1 247 26.0 10.8 230 26.5 0 0 0
6.549 0x2B main_weld 1 1 1 1 243 26.0 10.8 230 26.5 0 0 0
6.578 0x2B main_weld 1 1 1 1 243 26.0 10.8 230 26.5 0 0 0
6.623 0x2B main_weld 1 1 1 1 243 25.8 10.8 230 26.5 0 0 0
6.664 0x2B main_weld 1 1 1 1 243 25.8 10.8 230 26.5 0 0 0
6.700 0x2B main_weld 1 1 1 1 243 25.7 10.8 230 26.5 0 0 0
6.738 0x2B main_weld 1 1 1 1 247 25.7 10.8 230 26.5 0 0 0
6.785 0x2B main_weld 1 1 1 1 247 25.7 10.8 230 26.5 0 0 0
6.820 0x2B main_weld 1 1 1 1 247 25.7 10.8 230 26.5 0 0 0
6.861 0x2B main_weld 1 1 1 1 247 25.7 10.8 230 26.5 0 0 0
6.901 0x2B main_weld 1 1 1 1 247 25.7 10.8 230 26.5 0 0 0
6.938 0x2B main_weld 1 1 1 1 247 25.7 10.8 230 26.5 0 0 0
6.981 0x2B main_weld 1 1 1 1 247 25.7 10.8 230 26.5 0 0 0
7.022 0x2B main_weld 1 1 1 1 247 25.7 10.8 230 26.5 0 0 0
7.061 0x2B main_weld 1 1 1 1 247 25.7 10.8 230 26.5 0 0 0
7.103 0x2B main_weld 1 1 1 1 246 25.7 10.8 230 26.5 0 0 0
7.143 0x2B main_weld 1 1 1 1 246 25.7 10.8 230 26.5 0 0 0
7.180 0x2B main_weld 1 1 1 1 246 25.7 10.8 230 26.5 0 0 0
7.222 0x2B main_weld 1 1 1 1 246 26.0 10.8 230 26.5 0 0 0
7.259 0x2B main_weld 1 1 1 1 253 26.0 10.8 230 26.5 0 0 0
7.300 0x2B main_weld 1 1 1 1 253 26.0 10.8 230 26.5 0 0 0
7.338 0x2B main_weld 1 1 1 1 253 26.0 10.8 230 26.5 0 0 0
7.380 0x2B main_weld 1 1 1 1 253 26.0 10.8 230 26.5 0 0 0
7.423 0x2B main_weld 1 1 1 1 246 25.6 10.8 230 26.5 0 0 0
7.461 0x2B main_weld 1 1 1 1 246 25.6 10.8 230 26.5 0 0 0
7.501 0x2B main_weld 1 1 1 1 246 25.6 10.8 230 26.5 0 0 0
7.538 0x2B main_weld 1 1 1 1 252 25.6 10.8 230 26.5 0 0 0
7.580 0x2B main_weld 1 1 1 1 252 25.7 10.8 230 26.5 0 0 0
7.621 0x2B main_weld 1 1 1 1 252 25.7 10.8 230 26.5 0 0 0
7.661 0x2B main_weld 1 1 1 1 252 25.7 10.8 230 26.5 0 0 0
7.702 0x2B main_weld 1 1 1 1 259 25.7 10.8 230 26.5 0 0 0
7.739 0x2B main_weld 1 1 1 1 259 25.7 10.8 230 26.5 0 0 0
7.782 0x2B main_weld 1 1 1 1 259 25.7 10.8 230 26.5 0 0 0
7.821 0x2B main_weld 1 1 1 1 259 25.7 10.8 230 26.5 0 0 0
7.862 0x2B main_weld 1 1 1 1 259 25.4 10.8 230 26.5 0 0 0
7.900 0x2B main_weld 1 1 1 1 256 25.4 10.8 230 26.5 0 0 0
7.938 0x2B main_weld 1 1 1 1 256 25.4 10.8 230 26.5 0 0 0
7.980 0x2B main_weld 1 1 1 1 256 25.4 10.8 230 26.5 0 0 0
8.022 0x2B main_weld 1 1 1 1 256 25.4 10.8 230 26.5 0 0 0
8.059 0x2B main_weld 1 1 1 1 258 25.3 10.8 230 26.5 0 0 0
8.101 0x2B main_weld 1 1 1 1 258 25.3 10.8 230 26.5 0 0 0
8.141 0x2B main_weld 1 1 1 1 258 25.3 10.8 230 26.5 0 0 0
8.178 0x2B main_weld 1 1 1 1 258 25.3 10.8 230 26.5 0 0 0
8.222 0x2B main_weld 1 1 1 1 258 25.3 10.8 230 26.5 0 0 0
8.260 0x2B main_weld 1 1 1 1 261 25.3 10.8 230 26.5 0 0 0
8.303 0x2B main_weld 1 1 1 1 261 25.3 10.8 230 26.5 0 0 0
8.341 0x2B main_weld 1 1 1 1 261 25.3 10.8 230 26.5 0 0 0
8.385 0x2B main_weld 1 1 1 1 261 25.3 10.8 230 26.5 0 0 0
8.421 0x2B main_weld 1 1 1 1 264 25.4 10.8 230 26.5 0 0 0
8.460 0x2B main_weld 1 1 1 1 264 25.4 10.8 230 26.5 0 0 0
8.504 0x2B main_weld 1 1 1 1 264 25.4 10.8 230 26.5 0 0 0
8.542 0x2B main_weld 1 1 1 1 264 25.4 10.8 230 26.5 0 0 0
8.587 0x2B main_weld 1 1 1 1 264 25.7 10.8 230 26.5 0 0 0
8.622 0x2B main_weld 1 1 1 1 260 25.7 10.8 230 26.5 0 0 0
8.660 0x2B main_weld 1 1 1 1 260 25.7 10.8 230 26.5 0 0 0
8.699 0x2B main_weld 1 1 1 1 260 25.7 10.8 230 26.5 0 0 0
8.742 0x2B main_weld 1 1 1 1 260 25.7 10.8 230 26.5 0 0 0
8.779 0x2B main_weld 1 1 1 1 262 25.7 10.8 230 26.5 0 0 0
8.821 0x2B main_weld 1 1 1 1 262 25.7 10.8 230 26.5 0 0 0
8.858 0x2B main_weld 1 1 1 1 262 25.7 10.8 230 26.5 0 0 0
8.899 0x2B main_weld 1 1 1 1 262 25.7 10.8 230 26.5 0 0 0
8.941 0x2B main_weld 1 1 1 1 262 25.7 10.8 230 26.5 0 0 0
8.980 0x2B main_weld 1 1 1 1 262 25.7 10.8 230 26.5 0 0 0
9.022 0x2B main_weld 1 1 1 1 262 25.7 10.8 230 26.5 0 0 0
9.063 0x2B main_weld 1 1 1 1 264 25.7 10.8 230 26.5 0 0 0
9.100 0x2B main_weld 1 1 1 1 264 25.7 10.8 230 26.5 0 0 0
9.142 0x2B main_weld 1 1 1 1 264 25.9 10.8 230 26.5 0 0 0
9.182 0x2B main_weld 1 1 1 1 264 25.9 10.8 230 26.5 0 0 0
9.223 0x2B main_weld 1 1 1 1 264 25.9 10.8 230 26.5 0 0 0
9.262 0x2B main_weld 1 1 1 1 259 25.9 10.8 230 26.5 0 0 0
9.302 0x2B main_weld 1 1 1 1 259 25.6 10.8 230 26.5 0 0 0
9.346 0x2B main_weld 1 1 1 1 259 25.6 10.8 230 26.5 0 0 0
9.384 0x2B main_weld 1 1 1 1 259 25.6 10.8 230 26.5 0 0 0
9.419 0x2B main_weld 1 1 1 1 259 25.6 10.8 230 26.5 0 0 0
9.465 0x2B main_weld 1 1 1 1 259 25.6 10.8 230 26.5 0 0 0
9.505 0x2B main_weld 1 1 1 1 254 25.6 10.8 230 26.5 0 0 0
9.541 0x2B main_weld 1 1 1 1 254 25.6 10.8 230 26.5 0 0 0
9.583 0x2B main_weld 1 1 1 1 254 25.9 10.8 230 26.5 0 0 0
9.627 0x2B main_weld 1 1 1 1 255 25.9 10.8 230 26.5 0 0 0
9.659 0x2B main_weld 1 1 1 1 255 25.9 10.8 230 26.5 0 0 0
9.699 0x2B main_weld 1 1 1 1 255 25.9 10.8 230 26.5 0 0 0
9.741 0x2B main_weld 1 1 1 1 255 25.4 10.8 230 26.5 0 0 0
9.782 0x2B main_weld 1 1 1 1 250 25.4 10.8 230 26.5 0 0 0
9.819 0x2B main_weld 1 1 1 1 250 25.4 10.8 230 26.5 0 0 0
9.862 0x2B main_weld 1 1 1 1 250 25.4 10.8 230 26.5 0 0 0
9.906 0x2B main_weld 1 1 1 1 250 25.4 10.8 230 26.5 0 0 0
9.945 0x2B main_weld 1 1 1 1 250 25.4 10.8 230 26.5 0 0 0
9.983 0x2B main_weld 1 1 1 1 256 25.4 10.8 230 26.5 0 0 0
10.020 0x2B main_weld 1 1 1 1 256 25.4 10.8 230 26.5 0 0 0
10.061 0x2B main_weld 1 1 1 1 256 25.4 10.8 230 26.5 0 0 0
10.101 0x2B main_weld 1 1 1 1 256 25.4 10.8 230 26.5 0 0 0
10.143 0x2B main_weld 1 1 1 1 252 25.4 10.8 230 26.5 0 0 0
10.180 0x2B main_weld 1 1 1 1 252 25.4 10.8 230 26.5 0 0 0
10.222 0x2B main_weld 1 1 1 1 252 25.4 10.8 230 26.5 0 0 0
10.263 0x2B main_weld 1 1 1 1 252 25.4 10.8 230 26.5 0 0 0
10.302 0x2B main_weld 1 1 1 1 252 25.7 10.8 230 26.5 0 0 0
10.339 0x2B main_weld 1 1 1 1 246 25.7 10.8 230 26.5 0 0 0
10.381 0x2B main_weld 1 1 1 1 246 25.7 10.8 230 26.5 0 0 0
10.420 0x2B main_weld 1 1 1 1 246 25.7 10.8 230 26.5 0 0 0
10.466 0x2B main_weld 1 1 1 1 246 25.5 10.8 230 26.5 0 0 0
10.503 0x2B main_weld 1 1 1 1 248 25.5 10.8 230 26.5 0 0 0
10.542 0x2B main_weld 1 1 1 1 248 25.5 10.8 230 26.5 0 0 0
10.581 0x2B main_weld 1 1 1 1 247 25.5 10.8 230 26.5 0 0 0
10.624 0x2B main_weld 1 1 1 1 247 25.5 10.8 230 26.5 0 0 0
10.666 0x2B main_weld 1 1 1 1 247 25.8 10.8 230 26.5 0 0 0
10.701 0x2B main_weld 1 1 1 1 247 25.8 10.8 230 26.5 0 0 0
10.747 0x2B main_weld 1 1 1 1 247 25.8 10.8 230 26.5 0 0 0
10.779 0x2B main_weld 1 1 1 1 253 25.8 10.8 230 26.5 0 0 0
10.824 0x2B main_weld 1 1 1 1 253 25.5 10.8 230 26.5 0 0 0
10.868 0x2B main_weld 1 1 1 1 253 25.5 10.8 230 26.5 0 0 0
10.900 0x2B main_weld 1 1 1 1 253 25.5 10.8 230 26.5 0 0 0
10.941 0x2B main_weld 1 1 1 1 249 25.5 10.8 230 26.5 0 0 0
10.981 0x2B main_weld 1 1 1 1 249 25.5 10.8 230 26.5 0 0 0
11.019 0x2B main_weld 1 1 1 1 249 25.6 10.8 230 26.5 0 0 0
11.066 0x2B main_weld 1 1 1 1 249 25.6 10.8 230 26.5 0 0 0
11.104 0x2B main_weld 1 1 1 1 249 25.7 10.8 230 26.5 0 0 0
11.142 0x2B main_weld 1 1 1 1 259 25.7 10.8 230 26.5 0 0 0
11.179 0x2B main_weld 1 1 1 1 259 25.7 10.8 230 26.5 0 0 0
11.219 0x2B main_weld 1 1 1 1 259 25.7 10.8 230 26.5 0 0 0
11.266 0x2B main_weld 1 1 1 1 259 25.3 10.8 230 26.5 0 0 0
11.303 0x2B main_weld 1 1 1 1 259 25.3 10.8 230 26.5 0 0 0
11.343 0x2B main_weld 1 1 1 1 259 25.3 10.8 230 26.5 0 0 0
11.383 0x2B main_weld 1 1 1 1 259 25.3 10.8 230 26.5 0 0 0
11.425 0x2B main_weld 1 1 1 1 259 25.3 10.8 230 26.5 0 0 0
11.466 0x2B main_weld 1 1 1 1 259 25.4 10.8 230 26.5 0 0 0
11.506 0x2B main_weld 1 1 1 1 259 25.4 10.8 230 26.5 0 0 0
11.543 0x2B main_weld 1 1 1 1 259 25.4 10.8 230 26.5 0 0 0
11.579 0x2B main_weld 1 1 1 1 259 25.4 10.8 230 26.5 0 0 0
11.621 0x2B main_weld 1 1 1 1 259 25.4 10.8 230 26.5 0 0 0
11.668 0x2B main_weld 1 1 1 1 259 25.4 10.8 230 26.5 0 0 0
11.705 0x2B main_weld 1 1 1 1 259 25.4 10.8 230 26.5 0 0 0
11.744 0x2B main_weld 1 1 1 1 261 25.4 10.8 230 26.5 0 0 0
11.781 0x2B main_weld 1 1 1 1 261 25.4 10.8 230 26.5 0 0 0
11.819 0x2B main_weld 1 1 1 1 261 25.4 10.8 230 26.5 0 0 0
11.869 0x2B main_weld 1 1 1 1 261 25.4 10.8 230 26.5 0 0 0
11.902 0x2B main_weld 1 1 1 1 261 25.4 10.8 230 26.5 0 0 0
11.942 0x2B main_weld 1 1 1 1 264 25.4 10.8 230 26.5 0 0 0
11.980 0x2B main_weld 1 1 1 1 264 25.4 10.8 230 26.5 0 0 0
12.025 0x2B main_weld 1 1 1 1 264 25.4 10.8 230 26.5 0 0 0
12.065 0x2B main_weld 1 1 1 1 264 25.4 10.8 230 26.5 0 0 0
12.100 0x2B main_weld 1 1 1 1 264 25.7 10.8 230 26.5 0 0 0
12.145 0x2B main_weld 1 1 1 1 267 25.7 10.8 230 26.5 0 0 0
12.180 0x2B main_weld 1 1 1 1 267 25.7 10.8 230 26.5 0 0 0
12.225 0x2B main_weld 1 1 1 1 267 25.7 10.8 230 26.5 0 0 0
12.271 0x2B main_weld 1 1 1 1 267 25.4 10.8 230 26.5 0 0 0
12.302 0x2B main_weld 1 1 1 1 265 25.4 10.8 230 26.5 0 0 0
12.345 0x2B main_weld 1 1 1 1 265 25.4 10.8 230 26.5 0 0 0
12.378 0x2B main_weld 1 1 1 1 265 25.4 10.8 230 26.5 0 0 0
12.435 0x2B main_weld 1 1 1 1 265 25.4 10.8 230 26.5 0 0 0
12.461 0x2B main_weld 1 1 1 1 265 25.6 10.8 230 26.5 0 0 0
12.499 0x2B main_weld 1 1 1 1 265 25.6 10.8 230 26.5 0 0 0
12.541 0x2B main_weld 1 1 1 1 265 25.6 10.8 230 26.5 0 0 0
12.579 0x2B main_weld 1 1 1 1 265 25.6 10.8 230 26.5 0 0 0
12.621 0x2B main_weld 1 1 1 1 265 25.3 10.8 230 26.5 0 0 0
12.669 0x2B main_weld 1 1 1 1 266 25.3 10.8 230 26.5 0 0 0
12.706 0x2B main_weld 1 1 1 1 266 25.3 10.8 230 26.5 0 0 0
12.739 0x2B main_weld 1 1 1 1 266 25.3 10.8 230 26.5 0 0 0
12.782 0x2B main_weld 1 1 1 1 266 25.3 10.8 230 26.5 0 0 0
12.823 0x2B main_weld 1 1 1 1 264 25.6 10.8 230 26.5 0 0 0
12.865 0x2B main_weld 1 1 1 1 264 25.6 10.8 230 26.5 0 0 0
12.899 0x2B main_weld 1 1 1 1 264 25.6 10.8 230 26.5 0 0 0
12.943 0x2B main_weld 1 1 1 1 264 25.6 10.8 230 26.5 0 0 0
12.980 0x2B main_weld 1 1 1 1 264 25.7 10.8 230 26.5 0 0 0
13.024 0x2B main_weld 1 1 1 1 262 25.7 10.8 230 26.5 0 0 0
13.060 0x2B main_weld 1 1 1 1 262 25.7 10.8 230 26.5 0 0 0
13.102 0x2B main_weld 1 1 1 1 262 25.7 10.8 230 26.5 0 0 0
13.138 0x2B main_weld 1 1 1 1 262 25.7 10.8 230 26.5 0 0 0
13.183 0x2B main_weld 1 1 1 1 262 25.6 10.8 230 26.5 0 0 0
13.225 0x2B main_weld 1 1 1 1 259 25.6 10.8 230 26.5 0 0 0
13.260 0x2B main_weld 1 1 1 1 259 25.6 10.8 230 26.5 0 0 0
13.299 0x2B main_weld 1 1 1 1 254 25.6 10.8 230 26.5 0 0 0
13.339 0x2B main_weld 1 1 1 1 254 25.6 10.8 230 26.5 0 0 0
13.384 0x2B main_weld 1 1 1 1 254 25.6 10.8 230 26.5 0 0 0
13.423 0x2B main_weld 1 1 1 1 254 25.6 10.8 230 26.5 0 0 0
13.464 0x2B main_weld 1 1 1 1 256 25.6 10.8 230 26.5 0 0 0
13.500 0x2B main_weld 1 1 1 1 256 25.6 10.8 230 26.5 0 0 0
13.547 0x2B main_weld 1 1 1 1 256 25.7 10.8 230 26.5 0 0 0
13.583 0x2B main_weld 1 1 1 1 256 25.7 10.8 230 26.5 0 0 0
13.621 0x2B main_weld 1 1 1 1 256 25.4 10.8 230 26.5 0 0 0
13.661 0x2B main_weld 1 1 1 1 252 25.4 10.8 230 26.5 0 0 0
13.700 0x2B main_weld 1 1 1 1 252 25.4 10.8 230 26.5 0 0 0
13.740 0x2B main_weld 1 1 1 1 252 25.4 10.8 230 26.5 0 0 0
13.780 0x2B main_weld 1 1 1 1 252 25.4 10.8 230 26.5 0 0 0
13.825 0x2B main_weld 1 1 1 1 248 25.5 10.8 230 26.5 0 0 0
13.860 0x2B main_weld 1 1 1 1 248 25.5 10.8 230 26.5 0 0 0
13.903 0x2B main_weld 1 1 1 1 248 25.5 10.8 230 26.5 0 0 0
13.940 0x2B main_weld 1 1 1 1 248 25.5 10.8 230 26.5 0 0 0
13.982 0x2B main_weld 1 1 1 1 248 25.8 10.8 230 26.5 0 0 0
14.025 0x2B main_weld 1 1 1 1 246 25.8 10.8 230 26.5 0 0 0
14.061 0x2B main_weld 1 1 1 1 246 25.8 10.8 230 26.5 0 0 0
14.101 0x2B main_weld 1 1 1 1 246 25.8 10.8 230 26.5 0 0 0
14.139 0x2B main_weld 1 1 1 1 246 25.8 10.8 230 26.5 0 0 0
14.180 0x2B main_weld 1 1 1 1 248 25.4 10.8 230 26.5 0 0 0
14.222 0x2B main_weld 1 1 1 1 248 25.4 10.8 230 26.5 0 0 0
14.263 0x2B main_weld 1 1 1 1 248 25.4 10.8 230 26.5 0 0 0
14.305 0x2B main_weld 1 1 1 1 244 25.4 10.8 230 26.5 0 0 0
14.348 0x2B main_weld 1 1 1 1 244 25.5 10.8 230 26.5 0 0 0
14.382 0x2B main_weld 1 1 1 1 244 25.5 10.8 230 26.5 0 0 0
14.423 0x2B main_weld 1 1 1 1 244 25.5 10.8 230 26.5 0 0 0
14.460 0x2B main_weld 1 1 1 1 247 25.5 10.8 230 26.5 0 0 0
14.502 0x2B main_weld 1 1 1 1 247 25.5 10.8 230 26.5 0 0 0
14.544 0x2B main_weld 1 1 1 1 247 25.5 10.8 230 26.5 0 0 0
14.580 0x2B main_weld 1 1 1 1 247 25.5 10.8 230 26.5 0 0 0
14.623 0x2B main_weld 1 1 1 1 247 25.5 10.8 230 26.5 0 0 0
14.670 0x2B main_weld 1 1 1 1 248 25.5 10.8 230 26.5 0 0 0
14.704 0x2B main_weld 1 1 1 1 248 25.5 10.8 230 26.5 0 0 0
14.743 0x2B main_weld 1 1 1 1 248 25.5 10.8 230 26.5 0 0 0
14.782 0x2B main_weld 1 1 1 1 248 25.5 10.8 230 26.5 0 0 0
14.825 0x2B main_weld 1 1 1 1 260 25.5 10.8 230 26.5 0 0 0
14.861 0x2B main_weld 1 1 1 1 260 25.5 10.8 230 26.5 0 0 0
14.903 0x2B main_weld 1 1 1 1 260 25.9 10.8 230 26.5 0 0 0
14.938 0x2B main_weld 1 1 1 1 260 25.9 10.8 230 26.5 0 0 0
14.977 0x2B main_weld 1 1 1 1 260 25.9 10.8 230 26.5 0 0 0
15.025 0x2B main_weld 1 1 1 1 253 25.9 10.8 230 26.5 0 0 0
15.070 0x2B main_weld 1 1 1 1 253 25.5 10.8 230 26.5 0 0 0
15.101 0x2B main_weld 1 1 1 1 253 25.5 10.8 230 26.5 0 0 0
15.138 0x2B main_weld 1 1 1 1 253 25.4 10.8 230 26.5 0 0 0
15.184 0x2B main_weld 1 1 1 1 255 25.4 10.8 230 26.5 0 0 0
15.219 0x2B main_weld 1 1 1 1 255 25.4 10.8 230 26.5 0 0 0
15.259 0x2B main_weld 1 1 1 1 255 25.4 10.8 230 26.5 0 0 0
15.304 0x2B main_weld 1 1 1 1 255 25.4 10.8 230 26.5 0 0 0
15.340 0x2B main_weld 1 1 1 1 255 25.7 10.8 230 26.5 0 0 0
15.379 0x2B main_weld 1 1 1 1 261 25.7 10.8 230 26.5 0 0 0
15.421 0x2B main_weld 1 1 1 1 261 25.7 10.8 230 26.5 0 0 0
15.467 0x2B main_weld 1 1 1 1 261 25.7 10.8 230 26.5 0 0 0
15.507 0x2B main_weld 1 1 1 1 261 25.4 10.8 230 26.5 0 0 0
15.543 0x2B main_weld 1 1 1 1 261 25.4 10.8 230 26.5 0 0 0
15.581 0x2B main_weld 1 1 1 1 261 25.4 10.8 230 26.5 0 0 0
15.626 0x2B main_weld 1 1 1 1 261 25.4 10.8 230 26.5 0 0 0
15.662 0x2B main_weld 1 1 1 1 261 25.4 10.8 230 26.5 0 0 0
15.702 0x2B main_weld 1 1 1 1 261 25.6 10.8 230 26.5 0 0 0
15.742 0x2B main_weld 1 1 1 1 261 25.6 10.8 230 26.5 0 0 0
15.788 0x2B main_weld 1 1 1 1 261 25.6 10.8 230 26.5 0 0 0
15.820 0x2B main_weld 1 1 1 1 262 25.6 10.8 230 26.5 0 0 0
15.865 0x2B main_weld 1 1 1 1 262 25.5 10.8 230 26.5 0 0 0
15.900 0x2B main_weld 1 1 1 1 262 25.5 10.8 230 26.5 0 0 0
15.942 0x2B main_weld 1 1 1 1 262 25.5 10.8 230 26.5 0 0 0
15.986 0x2B main_weld 1 1 1 1 261 25.5 10.8 230 26.5 0 0 0
16.018 0x2B main_weld 1 1 1 1 261 25.5 10.8 230 26.5 0 0 0
16.060 0x2B main_weld 1 1 1 1 261 25.7 10.8 230 26.5 0 0 0
16.101 0x2B main_weld 1 1 1 1 261 25.7 10.8 230 26.5 0 0 0
16.142 0x2B main_weld 1 1 1 1 261 25.7 10.8 230 26.5 0 0 0
16.180 0x2B main_weld 1 1 1 1 261 25.7 10.8 230 26.5 0 0 0
16.220 0x2B main_weld 1 1 1 1 261 25.7 10.8 230 26.5 0 0 0
16.262 0x2B main_weld 1 1 1 1 261 25.7 10.8 230 26.5 0 0 0
16.306 0x2B main_weld 1 1 1 1 261 25.7 10.8 230 26.5 0 0 0
16.343 0x2B main_weld 1 1 1 1 262 25.7 10.8 230 26.5 0 0 0
16.381 0x2B main_weld 1 1 1 1 262 25.7 10.8 230 26.5 0 0 0
16.425 0x2B main_weld 1 1 1 1 262 25.7 10.8 230 26.5 0 0 0
16.466 0x2B main_weld 1 1 1 1 262 25.7 10.8 230 26.5 0 0 0
16.502 0x2B main_weld 1 1 1 1 262 25.6 10.8 230 26.5 0 0 0
16.539 0x2B main_weld 1 1 1 1 264 25.6 10.8 230 26.5 0 0 0
16.579 0x2B main_weld 1 1 1 1 264 25.6 10.8 230 26.5 0 0 0
16.618 0x2B main_weld 1 1 1 1 264 25.6 10.8 230 26.5 0 0 0
16.666 0x2B main_weld 1 1 1 1 264 25.4 10.8 230 26.5 0 0 0
16.705 0x2B main_weld 1 1 1 1 256 25.4 10.8 230 26.5 0 0 0
16.740 0x2B main_weld 1 1 1 1 256 25.4 10.8 230 26.5 0 0 0
16.781 0x2B main_weld 1 1 1 1 256 25.4 10.8 230 26.5 0 0 0
16.821 0x2B main_weld 1 1 1 1 256 25.4 10.8 230 26.5 0 0 0
16.866 0x2B main_weld 1 1 1 1 256 25.6 10.8 230 26.5 0 0 0
16.899 0x2B main_weld 1 1 1 1 259 25.6 10.8 230 26.5 0 0 0
16.944 0x2B main_weld 1 1 1 1 259 25.6 10.8 230 26.5 0 0 0
16.982 0x2B main_weld 1 1 1 1 259 25.6 10.8 230 26.5 0 0 0
17.020 0x2B main_weld 1 1 1 1 259 25.6 10.8 230 26.5 0 0 0
17.058 0x2B main_weld 1 1 1 1 254 26.0 10.8 230 26.5 0 0 0
17.101 0x2B main_weld 1 1 1 1 254 26.0 10.8 230 26.5 0 0 0
17.143 0x2B main_weld 1 1 1 1 254 26.0 10.8 230 26.5 0 0 0
17.179 0x2B main_weld 1 1 1 1 254 26.0 10.8 230 26.5 0 0 0
17.221 0x2B main_weld 1 1 1 1 254 25.7 10.8 230 26.5 0 0 0
17.265 0x2B main_weld 1 1 1 1 258 25.7 10.8 230 26.5 0 0 0
17.308 0x2B main_weld 1 1 1 1 258 25.7 10.8 230 26.5 0 0 0
17.342 0x2B main_weld 1 1 1 1 250 25.7 10.8 230 26.5 0 0 0
17.379 0x2B main_weld 1 1 1 1 250 25.7 10.8 230 26.5 0 0 0
17.426 0x2B main_weld 1 1 1 1 250 25.7 10.8 230 26.5 0 0 0
17.464 0x2B main_weld 1 1 1 1 250 25.7 10.8 230 26.5 0 0 0
17.504 0x2B main_weld 1 1 1 1 250 25.7 10.8 230 26.5 0 0 0
17.541 0x2B main_weld 1 1 1 1 252 25.7 10.8 230 26.5 0 0 0
17.582 0x2B main_weld 1 1 1 1 252 25.5 10.8 230 26.5 0 0 0
17.619 0x2B main_weld 1 1 1 1 252 25.5 10.8 230 26.5 0 0 0
17.664 0x2B main_weld 1 1 1 1 252 25.5 10.8 230 26.5 0 0 0
17.698 0x2B main_weld 1 1 1 1 241 25.5 10.8 230 26.5 0 0 0
17.741 0x2B main_weld 1 1 1 1 241 25.5 10.8 230 26.5 0 0 0
17.777 0x2B main_weld 1 1 1 1 241 25.4 10.8 230 26.5 0 0 0
17.822 0x2B main_weld 1 1 1 1 241 25.4 10.8 230 26.5 0 0 0
17.867 0x2B main_weld 1 1 1 1 241 25.5 10.8 230 26.5 0 0 0
17.899 0x2B main_weld 1 1 1 1 241 25.5 10.8 230 26.5 0 0 0
17.940 0x2B main_weld 1 1 1 1 241 25.5 10.8 230 26.5 0 0 0
17.979 0x2B main_weld 1 1 1 1 241 25.5 10.8 230 26.5 0 0 0
18.019 0x2B main_weld 1 1 1 1 241 25.8 10.8 230 26.5 0 0 0
18.059 0x2B main_weld 1 1 1 1 248 25.8 10.8 230 26.5 0 0 0
18.098 0x2B main_weld 1 1 1 1 248 25.8 10.8 230 26.5 0 0 0
18.139 0x2B main_weld 1 1 1 1 248 25.8 10.8 230 26.5 0 0 0
18.180 0x2B main_weld 1 1 1 1 248 25.8 10.8 230 26.5 0 0 0
18.221 0x2B main_weld 1 1 1 1 248 25.4 10.8 230 26.5 0 0 0
18.263 0x2B main_weld 1 1 1 1 247 25.4 10.8 230 26.5 0 0 0
18.300 0x2B main_weld 1 1 1 1 247 25.4 10.8 230 26.5 0 0 0
18.343 0x2B main_weld 1 1 1 1 247 25.4 10.8 230 26.5 0 0 0
18.385 0x2B main_weld 1 1 1 1 247 25.7 10.8 230 26.5 0 0 0
18.420 0x2B main_weld 1 1 1 1 247 25.7 10.8 230 26.5 0 0 0
18.461 0x2B main_weld 1 1 1 1 247 25.7 10.8 230 26.5 0 0 0
18.499 0x2B main_weld 1 1 1 1 252 25.7 10.8 230 26.5 0 0 0
18.543 0x2B main_weld 1 1 1 1 252 25.7 10.8 230 26.5 0 0 0
18.580 0x2B main_weld 1 1 1 1 252 25.5 10.8 230 26.5 0 0 0
18.622 0x2B main_weld 1 1 1 1 252 25.5 10.8 230 26.5 0 0 0
18.663 0x2B main_weld 1 1 1 1 252 25.5 10.8 230 26.5 0 0 0
18.701 0x2B main_weld 1 1 1 1 253 25.5 10.8 230 26.5 0 0 0
18.741 0x2B main_weld 1 1 1 1 253 25.9 10.8 230 26.5 0 0 0
18.783 0x2B main_weld 1 1 1 1 253 25.9 10.8 230 26.5 0 0 0
18.820 0x2B main_weld 1 1 1 1 253 25.9 10.8 230 26.5 0 0 0
18.864 0x2B main_weld 1 1 1 1 260 25.9 10.8 230 26.5 0 0 0
18.902 0x2B main_weld 1 1 1 1 260 25.9 10.8 230 26.5 0 0 0
18.942 0x2B main_weld 1 1 1 1 260 26.0 10.8 230 26.5 0 0 0
18.983 0x2B main_weld 1 1 1 1 260 26.0 10.8 230 26.5 0 0 0
19.021 0x2B main_weld 1 1 1 1 260 26.0 10.8 230 26.5 0 0 0
19.066 0x2B main_weld 1 1 1 1 261 26.0 10.8 230 26.5 0 0 0
19.099 0x2B main_weld 1 1 1 1 261 25.7 10.8 230 26.5 0 0 0
19.140 0x2B main_weld 1 1 1 1 261 25.7 10.8 230 26.5 0 0 0
19.187 0x2B main_weld 1 1 1 1 261 25.7 10.8 230 26.5 0 0 0
19.223 0x2B main_weld 1 1 1 1 261 25.7 10.8 230 26.5 0 0 0
19.262 0x2B main_weld 1 1 1 1 261 25.7 10.8 230 26.5 0 0 0
19.299 0x2B main_weld 1 1 1 1 261 25.9 10.8 230 26.5 0 0 0
19.342 0x2B main_weld 1 1 1 1 261 25.9 10.8 230 26.5 0 0 0
19.382 0x2B main_weld 1 1 1 1 261 25.8 10.8 230 26.5 0 0 0
19.424 0x2B main_weld 1 1 1 1 268 25.8 10.8 230 26.5 0 0 0
19.460 0x2B main_weld 1 1 1 1 268 25.8 10.8 230 26.5 0 0 0
19.502 0x2B main_weld 1 1 1 1 268 25.8 10.8 230 26.5 0 0 0
19.545 0x2B main_weld 1 1 1 1 268 25.8 10.8 230 26.5 0 0 0
19.579 0x2B main_weld 1 1 1 1 266 25.6 10.8 230 26.5 0 0 0
19.625 0x2B main_weld 1 1 1 1 266 25.6 10.8 230 26.5 0 0 0
19.671 0x2B main_weld 1 1 1 1 266 25.6 10.8 230 26.5 0 0 0
19.707 0x2B main_weld 1 1 1 1 266 25.6 10.8 230 26.5 0 0 0
19.748 0x2B main_weld 1 1 1 1 266 25.4 10.8 230 26.5 0 0 0
19.785 0x2B main_weld 1 1 1 1 265 25.4 10.8 230 26.5 0 0 0
19.821 0x2B main_weld 1 1 1 1 265 25.4 10.8 230 26.5 0 0 0
19.864 0x2B main_weld 1 1 1 1 265 25.4 10.8 230 26.5 0 0 0
19.900 0x2B main_weld 1 1 1 1 265 25.4 10.8 230 26.5 0 0 0
19.940 0x2B main_weld 1 1 1 1 268 25.4 10.8 230 26.5 0 0 0
19.985 0x2B main_weld 1 1 1 1 268 25.4 10.8 230 26.5 0 0 0
20.021 0x2B main_weld 1 1 1 1 268 25.5 10.8 230 26.5 0 0 0
20.060 0x2B main_weld 1 1 1 1 267 25.5 10.8 230 26.5 0 0 0
20.102 0x2B main_weld 1 1 1 1 267 25.7 10.8 230 26.5 0 0 0
20.139 0x2B main_weld 1 1 1 1 267 25.7 10.8 230 26.5 0 0 0
20.187 0x2B main_weld 1 1 1 1 267 25.7 10.8 230 26.5 0 0 0
20.226 0x2B main_weld 1 1 1 1 264 25.7 10.8 230 26.5 0 0 0
20.263 0x2B main_weld 1 1 1 1 264 25.7 10.8 230 26.5 0 0 0
20.299 0x2B main_weld 1 1 1 1 264 25.4 10.8 230 26.5 0 0 0
20.341 0x2B main_weld 1 1 1 1 264 25.4 10.8 230 26.5 0 0 0
20.379 0x2B main_weld 1 1 1 1 264 25.4 10.8 230 26.5 0 0 0
20.417 0x2B main_weld 1 1 1 1 266 25.4 10.8 230 26.5 0 0 0
20.465 0x2B main_weld 1 1 1 1 266 25.7 10.8 230 26.5 0 0 0
20.505 0x2B main_weld 1 1 1 1 266 25.7 10.8 230 26.5 0 0 0
20.543 0x2B main_weld 1 1 1 1 266 25.7 10.8 230 26.5 0 0 0
20.585 0x2B main_weld 1 1 1 1 256 25.7 10.8 230 26.5 0 0 0
20.620 0x2B main_weld 1 1 1 1 256 25.7 10.8 230 26.5 0 0 0
20.661 0x2B main_weld 1 1 1 1 256 25.7 10.8 230 26.5 0 0 0
20.707 0x2B main_weld 1 1 1 1 256 25.7 10.8 230 26.5 0 0 0
20.748 0x2B main_weld 1 1 1 1 255 25.4 10.8 230 26.5 0 0 0
20.783 0x2B main_weld 1 1 1 1 255 25.4 10.8 230 26.5 0 0 0
20.822 0x2B main_weld 1 1 1 1 255 25.4 10.8 230 26.5 0 0 0
20.862 0x2B main_weld 1 1 1 1 255 25.4 10.8 230 26.5 0 0 0
20.902 0x2B main_weld 1 1 1 1 255 25.5 10.8 230 26.5 0 0 0
20.940 0x2B main_weld 1 1 1 1 250 25.5 10.8 230 26.5 0 0 0
20.981 0x2B main_weld 1 1 1 1 250 25.5 10.8 230 26.5 0 0 0
21.021 0x2B main_weld 1 1 1 1 250 25.5 10.8 230 26.5 0 0 0
21.062 0x2B main_weld 1 1 1 1 250 25.5 10.8 230 26.5 0 0 0
21.101 0x2B main_weld 1 1 1 1 250 25.7 10.8 230 26.5 0 0 0
21.147 0x2B main_weld 1 1 1 1 253 25.7 10.8 230 26.5 0 0 0
21.185 0x2B main_weld 1 1 1 1 253 25.7 10.8 230 26.5 0 0 0
21.227 0x2B main_weld 1 1 1 1 253 25.7 10.8 230 26.5 0 0 0
21.265 0x2B main_weld 1 1 1 1 253 25.8 10.8 230 26.5 0 0 0
21.300 0x2B main_weld 1 1 1 1 246 25.8 10.8 230 26.5 0 0 0
21.340 0x2B main_weld 1 1 1 1 246 25.8 10.8 230 26.5 0 0 0
21.381 0x2B main_weld 1 1 1 1 246 25.8 10.8 230 26.5 0 0 0
21.426 0x2B main_weld 1 1 1 1 246 25.8 10.8 230 26.5 0 0 0
21.467 0x2B main_weld 1 1 1 1 246 25.5 10.8 230 26.5 0 0 0
21.499 0x2B main_weld 1 1 1 1 249 25.5 10.8 230 26.5 0 0 0
21.540 0x2B main_weld 1 1 1 1 249 25.5 10.8 230 26.5 0 0 0
21.580 0x2B main_weld 1 1 1 1 244 25.5 10.8 230 26.5 0 0 0
21.621 0x2B main_weld 1 1 1 1 244 25.5 10.8 230 26.5 0 0 0
21.668 0x2B main_weld 1 1 1 1 244 25.5 10.8 230 26.5 0 0 0
21.702 0x2B main_weld 1 1 1 1 244 25.5 10.8 230 26.5 0 0 0
21.744 0x2B main_weld 1 1 1 1 249 25.5 10.8 230 26.5 0 0 0
21.781 0x2B main_weld 1 1 1 1 249 25.5 10.8 230 26.5 0 0 0
21.823 0x2B main_weld 1 1 1 1 249 25.7 10.8 230 26.5 0 0 0
21.861 0x2B main_weld 1 1 1 1 249 25.7 10.8 230 26.5 0 0 0
21.903 0x2B main_weld 1 1 1 1 249 25.7 10.8 230 26.5 0 0 0
21.947 0x2B main_weld 1 1 1 1 250 25.7 10.8 230 26.5 0 0 0
21.984 0x2B main_weld 1 1 1 1 250 25.4 10.8 230 26.5 0 0 0
22.023 0x2B main_weld 1 1 1 1 250 25.4 10.8 230 26.5 0 0 0
22.060 0x2B main_weld 1 1 1 1 250 25.4 10.8 230 26.5 0 0 0
22.100 0x2B main_weld 1 1 1 1 243 25.5 10.8 230 26.5 0 0 0
22.143 0x2B main_weld 1 1 1 1 243 25.5 10.8 230 26.5 0 0 0
22.184 0x2B main_weld 1 1 1 1 243 25.5 10.8 230 26.5 0 0 0
22.230 0x2B main_weld 1 1 1 1 243 25.5 10.8 230 26.5 0 0 0
22.260 0x2B main_weld 1 1 1 1 243 25.4 10.8 230 26.5 0 0 0
22.303 0x2B main_weld 1 1 1 1 250 25.4 10.8 230 26.5 0 0 0
22.341 0x2B main_weld 1 1 1 1 250 25.4 10.8 230 26.5 0 0 0
22.380 0x2B main_weld 1 1 1 1 250 25.4 10.8 230 26.5 0 0 0
22.420 0x2B main_weld 1 1 1 1 250 25.4 10.8 230 26.5 0 0 0
22.467 0x2B main_weld 1 1 1 1 255 25.4 10.8 230 26.5 0 0 0
22.507 0x2B main_weld 1 1 1 1 255 25.4 10.8 230 26.5 0 0 0
22.541 0x2B main_weld 1 1 1 1 255 25.4 10.8 230 26.5 0 0 0
22.578 0x2B main_weld 1 1 1 1 255 25.4 10.8 230 26.5 0 0 0
22.622 0x2B main_weld 1 1 1 1 255 25.4 10.8 230 26.5 0 0 0
22.667 0x2B main_weld 1 1 1 1 253 25.4 10.8 230 26.5 0 0 0
22.705 0x2B main_weld 1 1 1 1 253 25.4 10.8 230 26.5 0 0 0
22.746 0x2B main_weld 1 1 1 1 256 25.4 10.8 230 26.5 0 0 0
22.788 0x2B main_weld 1 1 1 1 256 25.4 10.8 230 26.5 0 0 0
22.819 0x2B main_weld 1 1 1 1 256 25.4 10.8 230 26.5 0 0 0
22.863 0x2B main_weld 1 1 1 1 256 25.4 10.8 230 26.5 0 0 0
22.903 0x2B main_weld 1 1 1 1 256 25.4 10.8 230 26.5 0 0 0
22.948 0x2B main_weld 1 1 1 1 256 25.4 10.8 230 26.5 0 0 0
22.984 0x2B main_weld 1 1 1 1 256 25.7 10.8 230 26.5 0 0 0
23.020 0x2B main_weld 1 1 1 1 250 25.7 10.8 230 26.5 0 0 0
23.064 0x2B main_weld 1 1 1 1 250 25.7 10.8 230 26.5 0 0 0
23.100 0x2B main_weld 1 1 1 1 266 25.7 10.8 230 26.5 0 0 0
23.144 0x2B main_weld 1 1 1 1 266 25.7 10.8 230 26.5 0 0 0
23.189 0x2B main_weld 1 1 1 1 266 25.3 10.8 230 26.5 0 0 0
23.231 0x2B main_weld 1 1 1 1 266 25.3 10.8 230 26.5 0 0 0
23.261 0x2B main_weld 1 1 1 1 266 25.3 10.8 230 26.5 0 0 0
23.305 0x2B main_weld 1 1 1 1 268 25.3 10.8 230 26.5 0 0 0
23.343 0x2B main_weld 1 1 1 1 268 25.3 10.8 230 26.5 0 0 0
23.382 0x2B main_weld 1 1 1 1 268 25.3 10.8 230 26.5 0 0 0
23.426 0x2B main_weld 1 1 1 1 268 25.3 10.8 230 26.5 0 0 0
23.464 0x2B main_weld 1 1 1 1 273 25.3 10.8 230 26.5 0 0 0
23.500 0x2B main_weld 1 1 1 1 273 25.3 10.8 230 26.5 0 0 0
23.541 0x2B main_weld 1 1 1 1 273 25.6 10.8 230 26.5 0 0 0
23.586 0x2B main_weld 1 1 1 1 273 25.6 10.8 230 26.5 0 0 0
23.628 0x2B main_weld 1 1 1 1 273 25.6 10.8 230 26.5 0 0 0
23.664 0x2B main_weld 1 1 1 1 271 25.6 10.8 230 26.5 0 0 0
23.706 0x2B main_weld 1 1 1 1 271 25.6 10.8 230 26.5 0 0 0
23.740 0x2B main_weld 1 1 1 1 271 25.6 10.8 230 26.5 0 0 0
23.785 0x2B main_weld 1 1 1 1 271 25.6 10.8 230 26.5 0 0 0
23.818 0x2B main_weld 1 1 1 1 265 25.6 10.8 230 26.5 0 0 0
23.863 0x2B main_weld 1 1 1 1 265 25.6 10.8 230 26.5 0 0 0
23.903 0x2B main_weld 1 1 1 1 265 25.6 10.8 230 26.5 0 0 0
23.937 0x2B main_weld 1 1 1 1 265 25.6 10.8 230 26.5 0 0 0
23.978 0x2B main_weld 1 1 1 1 265 25.5 10.8 230 26.5 0 0 0
24.021 0x2B main_weld 1 1 1 1 267 25.5 10.8 230 26.5 0 0 0
24.065 0x2B main_weld 1 1 1 1 267 25.5 10.8 230 26.5 0 0 0
24.101 0x2B main_weld 1 1 1 1 267 25.5 10.8 230 26.5 0 0 0
24.141 0x2B main_weld 1 1 1 1 267 25.4 10.8 230 26.5 0 0 0
24.179 0x2B main_weld 1 1 1 1 262 25.4 10.8 230 26.5 0 0 0
24.222 0x2B main_weld 1 1 1 1 262 25.4 10.8 230 26.5 0 0 0
24.262 0x2B main_weld 1 1 1 1 260 25.4 10.8 230 26.5 0 0 0
24.305 0x2B main_weld 1 1 1 1 260 25.4 10.8 230 26.5 0 0 0
24.340 0x2B main_weld 1 1 1 1 260 25.4 10.8 230 26.5 0 0 0
24.381 0x2B main_weld 1 1 1 1 260 25.4 10.8 230 26.5 0 0 0
24.421 0x2B main_weld 1 1 1 1 260 25.4 10.8 230 26.5 0 0 0
24.463 0x2B main_weld 1 1 1 1 260 25.4 10.8 230 26.5 0 0 0
24.502 0x2B main_weld 1 1 1 1 260 25.5 10.8 230 26.5 0 0 0
24.541 0x2B main_weld 1 1 1 1 260 25.5 10.8 230 26.5 0 0 0
24.581 0x2B main_weld 1 1 1 1 260 25.5 10.8 230 26.5 0 0 0
24.624 0x2B main_weld 1 1 1 1 261 25.5 10.8 230 26.5 0 0 0
24.663 0x2B main_weld 1 1 1 1 261 25.5 10.8 230 26.5 0 0 0
24.701 0x2B main_weld 1 1 1 1 261 25.6 10.8 230 26.5 0 0 0
24.740 0x2B main_weld 1 1 1 1 261 25.6 10.8 230 26.5 0 0 0
24.788 0x2B main_weld 1 1 1 1 261 25.5 10.8 230 26.5 0 0 0
24.822 0x2B main_weld 1 1 1 1 250 25.5 10.8 230 26.5 0 0 0
24.864 0x2B main_weld 1 1 1 1 250 25.5 10.8 230 26.5 0 0 0
24.898 0x2B main_weld 1 1 1 1 250 25.5 10.8 230 26.5 0 0 0
24.941 0x2B main_weld 1 1 1 1 250 25.5 10.8 230 26.5 0 0 0
24.985 0x2B main_weld 1 1 1 1 256 25.4 10.8 230 26.5 0 0 0
25.021 0x2B main_weld 1 1 1 1 256 25.4 10.8 230 26.5 0 0 0
25.062 0x2B main_weld 1 1 1 1 256 25.4 10.8 230 26.5 0 0 0
25.100 0x2B main_weld 1 1 1 1 256 25.4 10.8 230 26.5 0 0 0
25.138 0x2B main_weld 1 1 1 1 256 25.7 10.8 230 26.5 0 0 0
25.179 0x2B main_weld 1 1 1 1 248 25.7 10.8 230 26.5 0 0 0
25.222 0x2B main_weld 1 1 1 1 248 25.7 10.8 230 26.5 0 0 0
25.265 0x2B main_weld 1 1 1 1 248 25.7 10.8 230 26.5 0 0 0
25.304 0x2B main_weld 1 1 1 1 248 25.7 10.8 230 26.5 0 0 0
25.345 0x2B main_weld 1 1 1 1 252 25.5 10.8 230 26.5 0 0 0
25.383 0x2B main_weld 1 1 1 1 252 25.5 10.8 230 26.5 0 0 0
25.420 0x2B main_weld 1 1 1 1 252 25.5 10.8 230 26.5 0 0 0
25.467 0x2B main_weld 1 1 1 1 252 25.5 10.8 230 26.5 0 0 0
25.502 0x2B main_weld 1 1 1 1 252 25.5 10.8 230 26.5 0 0 0
25.544 0x2B main_weld 1 1 1 1 247 25.5 10.8 230 26.5 0 0 0
25.581 0x2B main_weld 1 1 1 1 247 25.5 10.8 230 26.5 0 0 0
25.624 0x2B main_weld 1 1 1 1 247 25.5 10.8 230 26.5 0 0 0
25.660 0x2B main_weld 1 1 1 1 247 25.5 10.8 230 26.5 0 0 0
25.697 0x2B main_weld 1 1 1 1 248 25.5 10.8 230 26.5 0 0 0
25.742 0x2B main_weld 1 1 1 1 248 25.5 10.8 230 26.5 0 0 0
25.778 0x2B main_weld 1 1 1 1 248 25.5 10.8 230 26.5 0 0 0
25.821 0x2B main_weld 1 1 1 1 248 25.5 10.8 230 26.5 0 0 0
25.861 0x2B main_weld 1 1 1 1 248 25.4 10.8 230 26.5 0 0 0
25.902 0x2B main_weld 1 1 1 1 248 25.4 10.8 230 26.5 0 0 0
25.947 0x2B main_weld 1 1 1 1 248 25.4 10.8 230 26.5 0 0 0
25.981 0x2B main_weld 1 1 1 1 249 25.4 10.8 230 26.5 0 0 0
26.020 0x2B main_weld 1 1 1 1 249 25.4 10.8 230 26.5 0 0 0
26.063 0x2B main_weld 1 1 1 1 249 25.4 10.8 230 26.5 0 0 0
26.101 0x2B main_weld 1 1 1 1 249 25.4 10.8 230 26.5 0 0 0
26.141 0x2B main_weld 1 1 1 1 249 25.4 10.8 230 26.5 0 0 0
26.181 0x2B main_weld 1 1 1 1 256 25.4 10.8 230 26.5 0 0 0
26.221 0x2B main_weld 1 1 1 1 256 25.4 10.8 230 26.5 0 0 0
26.271 0x2B main_weld 1 1 1 1 256 25.4 10.8 230 26.5 0 0 0
26.304 0x2B main_weld 1 1 1 1 256 25.4 10.8 230 26.5 0 0 0
26.343 0x2B main_weld 1 1 1 1 256 25.4 10.8 230 26.5 0 0 0
26.382 0x2B main_weld 1 1 1 1 256 25.4 10.8 230 26.5 0 0 0
26.423 0x2B main_weld 1 1 1 1 256 25.4 10.8 230 26.5 0 0 0
26.463 0x2B main_weld 1 1 1 1 256 25.4 10.8 230 26.5 0 0 0
26.499 0x2B main_weld 1 1 1 1 256 25.4 10.8 230 26.5 0 0 0
26.542 0x2B main_weld 1 1 1 1 262 25.4 10.8 230 26.5 0 0 0
26.578 0x2B main_weld 1 1 1 1 262 25.4 10.8 230 26.5 0 0 0
26.621 0x2B main_weld 1 1 1 1 262 25.4 10.8 230 26.5 0 0 0
26.663 0x2B main_weld 1 1 1 1 262 25.3 10.8 230 26.5 0 0 0
26.706 0x2B main_weld 1 1 1 1 268 25.3 10.8 230 26.5 0 0 0
26.742 0x2B main_weld 1 1 1 1 268 25.3 10.8 230 26.5 0 0 0
26.783 0x2B main_weld 1 1 1 1 268 25.3 10.8 230 26.5 0 0 0
26.820 0x2B main_weld 1 1 1 1 268 25.3 10.8 230 26.5 0 0 0
26.865 0x2B main_weld 1 1 1 1 266 25.3 10.8 230 26.5 0 0 0
26.903 0x2B main_weld 1 1 1 1 266 25.3 10.8 230 26.5 0 0 0
26.944 0x2B main_weld 1 1 1 1 266 25.3 10.8 230 26.5 0 0 0
26.982 0x2B main_weld 1 1 1 1 276 25.3 10.8 230 26.5 0 0 0
27.020 0x2B main_weld 1 1 1 1 276 25.3 10.8 230 26.5 0 0 0
27.060 0x2B main_weld 1 1 1 1 276 25.3 10.8 230 26.5 0 0 0
27.101 0x2B main_weld 1 1 1 1 276 25.3 10.8 230 26.5 0 0 0
27.143 0x2B main_weld 1 1 1 1 272 25.3 10.8 230 26.5 0 0 0
27.183 0x2B main_weld 1 1 1 1 272 25.3 10.8 230 26.5 0 0 0
27.221 0x2B main_weld 1 1 1 1 272 25.3 10.8 230 26.5 0 0 0
27.266 0x2B main_weld 1 1 1 1 272 25.3 10.8 230 26.5 0 0 0
27.305 0x2B main_weld 1 1 1 1 272 25.3 10.8 230 26.5 0 0 0
27.341 0x2B main_weld 1 1 1 1 276 25.3 10.8 230 26.5 0 0 0
27.378 0x2B main_weld 1 1 1 1 276 25.3 10.8 230 26.5 0 0 0
27.428 0x2B main_weld 1 1 1 1 276 25.3 10.8 230 26.5 0 0 0
27.459 0x2B main_weld 1 1 1 1 276 25.3 10.8 230 26.5 0 0 0
27.503 0x2B main_weld 1 1 1 1 277 25.3 10.8 230 26.5 0 0 0
27.541 0x2B main_weld 1 1 1 1 277 25.3 10.8 230 26.5 0 0 0
27.582 0x2B main_weld 1 1 1 1 277 25.3 10.8 230 26.5 0 0 0
27.623 0x2B main_weld 1 1 1 1 277 25.3 10.8 230 26.5 0 0 0
27.663 0x2B main_weld 1 1 1 1 277 25.3 10.8 230 26.5 0 0 0
27.701 0x2B main_weld 1 1 1 1 276 25.3 10.8 230 26.5 0 0 0
27.743 0x2B main_weld 1 1 1 1 276 25.3 10.8 230 26.5 0 0 0
27.782 0x2B main_weld 1 1 1 1 276 25.3 10.8 230 26.5 0 0 0
27.822 0x2B main_weld 1 1 1 1 276 25.3 10.8 230 26.5 0 0 0
27.858 0x2B main_weld 1 1 1 1 270 25.3 10.8 230 26.5 0 0 0
27.899 0x2B main_weld 1 1 1 1 270 25.3 10.8 230 26.5 0 0 0
27.941 0x2B main_weld 1 1 1 1 270 25.3 10.8 230 26.5 0 0 0
27.982 0x2B main_weld 1 1 1 1 270 25.3 10.8 230 26.5 0 0 0
28.023 0x2B main_weld 1 1 1 1 270 25.3 10.8 230 26.5 0 0 0
28.061 0x2B main_weld 1 1 1 1 270 25.3 10.8 230 26.5 0 0 0
28.102 0x2B main_weld 1 1 1 1 270 25.3 10.8 230 26.5 0 0 0
28.142 0x2B main_weld 1 1 1 1 270 25.3 10.8 230 26.5 0 0 0
28.182 0x2B main_weld 1 1 1 1 270 25.3 10.8 230 26.5 0 0 0
28.223 0x2B main_weld 1 1 1 1 264 25.6 10.8 230 26.5 0 0 0
28.264 0x2B main_weld 1 1 1 1 264 25.6 10.8 230 26.5 0 0 0
28.304 0x2B main_weld 1 1 1 1 264 25.6 10.8 230 26.5 0 0 0
28.340 0x2B main_weld 1 1 1 1 264 25.6 10.8 230 26.5 0 0 0
28.379 0x2B main_weld 1 1 1 1 264 25.6 10.8 230 26.5 0 0 0
28.418 0x2B main_weld 1 1 1 1 262 25.6 10.8 230 26.5 0 0 0
28.466 0x2B main_weld 1 1 1 1 262 25.6 10.8 230 26.5 0 0 0
28.506 0x2B main_weld 1 1 1 1 256 25.6 10.8 230 26.5 0 0 0
28.542 0x2B main_weld 1 1 1 1 256 25.6 10.8 230 26.5 0 0 0
28.585 0x2B main_weld 1 1 1 1 256 25.8 10.8 230 26.5 0 0 0
28.620 0x2B main_weld 1 1 1 1 256 25.8 10.8 230 26.5 0 0 0
28.667 0x2B main_weld 1 1 1 1 256 25.8 10.8 230 26.5 0 0 0
28.701 0x2B main_weld 1 1 1 1 256 25.8 10.8 230 26.5 0 0 0
28.741 0x2B main_weld 1 1 1 1 256 25.7 10.8 230 26.5 0 0 0
28.782 0x2B main_weld 1 1 1 1 256 25.7 10.8 230 26.5 0 0 0
28.827 0x2B main_weld 1 1 1 1 256 25.7 10.8 230 26.5 0 0 0
28.859 0x2B main_weld 1 1 1 1 250 25.7 10.8 230 26.5 0 0 0
28.903 0x2B main_weld 1 1 1 1 250 25.7 10.8 230 26.5 0 0 0
28.938 0x2B main_weld 1 1 1 1 250 25.7 10.8 230 26.5 0 0 0
28.983 0x2B main_weld 1 1 1 1 250 25.7 10.8 230 26.5 0 0 0
29.020 0x2B main_weld 1 1 1 1 250 25.4 10.8 230 26.5 0 0 0
29.062 0x2B main_weld 1 1 1 1 255 25.4 10.8 230 26.5 0 0 0
29.099 0x2B main_weld 1 1 1 1 255 25.4 10.8 230 26.5 0 0 0
29.139 0x2B main_weld 1 1 1 1 255 25.4 10.8 230 26.5 0 0 0
29.180 0x2B main_weld 1 1 1 1 255 25.8 10.8 230 26.5 0 0 0
29.219 0x2B main_weld 1 1 1 1 249 25.8 10.8 230 26.5 0 0 0
29.264 0x2B main_weld 1 1 1 1 249 25.8 10.8 230 26.5 0 0 0
29.305 0x2B main_weld 1 1 1 1 249 25.8 10.8 230 26.5 0 0 0
29.341 0x2B main_weld 1 1 1 1 249 25.8 10.8 230 26.5 0 0 0
29.380 0x2B main_weld 1 1 1 1 249 25.4 10.8 230 26.5 0 0 0
29.423 0x2B main_weld 1 1 1 1 247 25.4 10.8 230 26.5 0 0 0
29.462 0x2B main_weld 1 1 1 1 247 25.4 10.8 230 26.5 0 0 0
29.498 0x2B main_weld 1 1 1 1 247 25.4 10.8 230 26.5 0 0 0
29.545 0x2B main_weld 1 1 1 1 247 25.4 10.8 230 26.5 0 0 0
29.582 0x2B main_weld 1 1 1 1 250 25.4 10.8 230 26.5 0 0 0
29.622 0x2B main_weld 1 1 1 1 250 25.4 10.8 230 26.5 0 0 0
29.658 0x2B main_weld 1 1 1 1 250 25.4 10.8 230 26.5 0 0 0
29.700 0x2B main_weld 1 1 1 1 250 25.4 10.8 230 26.5 0 0 0
29.741 0x2B main_weld 1 1 1 1 250 25.7 10.8 230 26.5 0 0 0
29.782 0x2B main_weld 1 1 1 1 256 25.7 10.8 230 26.5 0 0 0
29.824 0x2B main_weld 1 1 1 1 256 25.7 10.8 230 26.5 0 0 0
29.860 0x2B main_weld 1 1 1 1 256 25.7 10.8 230 26.5 0 0 0
29.899 0x2B main_weld 1 1 1 1 256 25.7 10.8 230 26.5 0 0 0
29.940 0x2B main_weld 1 1 1 1 256 25.7 10.8 230 26.5 0 0 0
29.980 0x2B main_weld 1 1 1 1 256 25.7 10.8 230 26.5 0 0 0
30.022 0x2B main_weld 1 1 1 1 258 25.7 10.8 230 26.5 0 0 0
30.063 0x2B main_weld 1 1 1 1 258 25.7 10.8 230 26.5 0 0 0
30.099 0x2B main_weld 1 1 1 1 258 25.7 10.8 230 26.5 0 0 0
30.142 0x2B main_weld 1 1 1 1 258 25.7 10.8 230 26.5 0 0 0
30.179 0x2B main_weld 1 1 1 1 258 25.7 10.8 230 26.5 0 0 0
30.218 0x2B main_weld 1 1 1 1 262 25.7 10.8 230 26.5 0 0 0
30.258 0x2B main_weld 1 1 1 1 262 25.3 10.8 230 26.5 0 0 0
30.304 0x2B main_weld 1 1 1 1 262 25.3 10.8 230 26.5 0 0 0
30.337 0x2B main_weld 1 1 1 1 262 25.3 10.8 230 26.5 0 0 0
30.386 0x2B main_weld 1 1 1 1 265 25.3 10.8 230 26.5 0 0 0
30.422 0x2B main_weld 1 1 1 1 265 25.3 10.8 230 26.5 0 0 0
30.461 0x2B main_weld 1 1 1 1 265 25.4 10.8 230 26.5 0 0 0
30.510 0x2B main_weld 1 1 1 1 265 25.4 10.8 230 26.5 0 0 0
30.545 0x2B main_weld 1 1 1 1 265 25.3 10.8 230 26.5 0 0 0
30.582 0x2B main_weld 1 1 1 1 268 25.3 10.8 230 26.5 0 0 0
30.627 0x2B main_weld 1 1 1 1 268 25.3 10.8 230 26.5 0 0 0
30.667 0x2B main_weld 1 1 1 1 268 25.3 10.8 230 26.5 0 0 0
30.704 0x2B main_weld 1 1 1 1 268 25.3 10.8 230 26.5 0 0 0
30.739 0x2B main_weld 1 1 1 1 267 25.3 10.8 230 26.5 0 0 0
30.789 0x2B main_weld 1 1 1 1 267 25.3 10.8 230 26.5 0 0 0
30.820 0x2B main_weld 1 1 1 1 267 25.3 10.8 230 26.5 0 0 0
30.866 0x2B main_weld 1 1 1 1 267 25.3 10.8 230 26.5 0 0 0
30.898 0x2B main_weld 1 1 1 1 267 25.3 10.8 230 26.5 0 0 0
30.939 0x2B main_weld 1 1 1 1 274 25.3 10.8 230 26.5 0 0 0
30.983 0x2B main_weld 1 1 1 1 274 25.3 10.8 230 26.5 0 0 0
31.020 0x2B main_weld 1 1 1 1 274 25.3 10.8 230 26.5 0 0 0
31.068 0x2B main_weld 1 1 1 1 274 25.3 10.8 230 26.5 0 0 0
31.105 0x2B main_weld 1 1 1 1 271 25.3 10.8 230 26.5 0 0 0
31.139 0x2B main_weld 1 1 1 1 271 25.3 10.8 230 26.5 0 0 0
31.187 0x2B main_weld 1 1 1 1 271 25.3 10.8 230 26.5 0 0 0
31.217 0x2B main_weld 1 1 1 1 271 25.3 10.8 230 26.5 0 0 0
31.261 0x2B main_weld 1 1 1 1 271 25.3 10.8 230 26.5 0 0 0
31.302 0x2B main_weld 1 1 1 1 271 25.3 10.8 230 26.5 0 0 0
31.342 0x2B main_weld 1 1 1 1 271 25.3 10.8 230 26.5 0 0 0
31.385 0x2B main_weld 1 1 1 1 272 25.3 10.8 230 26.5 0 0 0
31.425 0x2B main_weld 1 1 1 1 272 25.3 10.8 230 26.5 0 0 0
31.464 0x2B main_weld 1 1 1 1 272 25.3 10.8 230 26.5 0 0 0
31.499 0x2B main_weld 1 1 1 1 272 25.3 10.8 230 26.5 0 0 0
31.545 0x2A main_weld 0 1 1 1 272 25.3 10.8 230 26.5 0 0 0
31.584 0x28 idle 0 1 0 1 274 25.3 10.8 230 26.5 0 0 0
31.627 0x28 idle 0 1 0 1 274 25.6 10.8 230 26.5 0 0 0
31.668 0x28 idle 0 1 0 1 274 25.6 10.8 230 26.5 0 0 0
31.702 0x28 idle 0 1 0 1 274 27.1 10.8 230 26.5 0 0 0
31.739 0x28 idle 0 1 0 1 170 27.1 10.8 230 26.5 0 0 0
31.780 0x28 idle 0 1 0 1 170 27.1 10.8 230 26.5 0 0 0
31.822 0x28 idle 0 1 0 1 170 27.1 10.8 230 26.5 0 0 0
31.858 0x28 idle 0 1 0 1 170 27.1 10.8 230 26.5 0 0 0
31.901 0x28 idle 0 1 0 1 170 61.2 10.8 230 26.5 0 0 0
31.944 0x28 idle 0 1 0 1 170 61.2 10.8 230 26.5 0 0 0
31.982 0x28 idle 0 1 0 1 170 61.2 10.8 230 26.5 0 0 0
32.018 0x28 idle 0 1 0 1 1 61.2 10.8 230 26.5 0 0 0
32.061 0x28 idle 0 1 0 1 1 34.8 10.8 230 26.5 0 0 0
32.101 0x28 idle 0 1 0 1 0 34.8 10.8 230 26.5 0 0 0
32.140 0x28 idle 0 1 0 1 0 34.8 10.8 230 26.5 0 0 0
32.184 0x28 idle 0 1 0 1 0 34.8 10.8 230 26.5 0 0 0
32.222 0x28 idle 0 1 0 1 0 34.8 10.8 230 26.5 0 0 0
32.262 0x28 idle 0 1 0 1 0 3.0 10.8 230 26.5 0 0 0
32.301 0x28 idle 0 1 0 1 0 3.0 10.8 230 26.5 0 0 0
32.338 0x28 idle 0 1 0 1 0 3.0 10.8 230 26.5 0 0 0
32.380 0x28 idle 0 1 0 1 0 3.0 10.8 230 26.5 0 0 0
32.419 0x28 idle 0 1 0 1 0 3.0 10.8 230 26.5 0 0 0
32.463 0x08 idle 0 1 0 0 0 3.0 10.8 230 26.5 0 0 0
32.497 0x08 idle 0 1 0 0 0 3.0 0.0 230 26.5 0 0 0
32.542 0x08 idle 0 1 0 0 0 0.0 0.0 230 26.5 0 0 0
32.586 0x08 idle 0 1 0 0 0 0.0 0.0 230 26.5 0 0 0
32.619 0x08 idle 0 1 0 0 0 0.0 0.0 230 26.5 0 0 0
32.663 0x08 idle 0 1 0 0 0 0.0 0.0 230 26.5 0 0 0
32.702 0x08 idle 0 1 0 0 0 0.0 0.0 230 26.5 0 0 0
32.741 0x08 idle 0 1 0 0 0 0.0 0.0 230 26.5 0 0 0
32.781 0x08 idle 0 1 0 0 0 0.0 0.0 230 26.5 0 0 0
32.819 0x08 idle 0 1 0 0 0 0.0 0.0 230 26.5 0 0 0
32.864 0x08 idle 0 1 0 0 0 0.0 0.0 230 26.5 0 0 0
32.905 0x08 idle 0 1 0 0 0 0.0 0.0 230 26.5 0 0 0
32.939 0x08 idle 0 1 0 0 0 0.0 0.0 230 26.5 0 0 0
32.980 0x08 idle 0 1 0 0 0 0.0 0.0 230 26.5 0 0 0
33.020 0x08 idle 0 1 0 0 0 0.0 0.0 230 26.5 0 0 0
33.061 0x08 idle 0 1 0 0 0 0.0 0.0 230 26.5 0 0 0
33.102 0x08 idle 0 1 0 0 0 0.0 0.0 230 26.5 0 0 0
33.140 0x08 idle 0 1 0 0 0 0.0 0.0 230 26.5 0 0 0
33.178 0x08 idle 0 1 0 0 0 0.0 0.0 230 26.5 0 0 0
33.226 0x08 idle 0 1 0 0 0 0.0 0.0 230 26.5 0 0 0
33.258 0x08 idle 0 1 0 0 0 0.0 0.0 230 26.5 0 0 0
33.304 0x08 idle 0 1 0 0 0 0.0 0.0 230 26.5 0 0 0
33.342 0x08 idle 0 1 0 0 0 0.0 0.0 230 26.5 0 0 0
33.380 0x08 idle 0 1 0 0 0 0.0 0.0 230 26.5 0 0 0
33.419 0x08 idle 0 1 0 0 0 0.0 0.0 230 26.5 0 0 0
33.463 0x08 idle 0 1 0 0 0 0.0 0.0 230 26.5 0 0 0
33.502 0x08 idle 0 1 0 0 0 0.0 0.0 230 26.5 0 0 0
33.543 0x08 idle 0 1 0 0 0 0.0 0.0 230 26.5 0 0 0
33.593 0x08 idle 0 1 0 0 0 0.0 0.0 230 26.5 0 0 0
33.619 0x08 idle 0 1 0 0 0 0.0 0.0 230 26.5 0 0 0
33.668 0x08 idle 0 1 0 0 0 0.0 0.0 230 26.5 0 0 0
33.705 0x08 idle 0 1 0 0 0 0.0 0.0 230 26.5 0 0 0
33.742 0x08 idle 0 1 0 0 0 0.0 0.0 230 26.5 0 0 0
33.782 0x08 idle 0 1 0 0 0 0.0 0.0 230 26.5 0 0 0
33.819 0x08 idle 0 1 0 0 0 0.0 0.0 230 26.5 0 0 0
33.859 0x08 idle 0 1 0 0 0 0.0 0.0 230 26.5 0 0 0
33.899 0x08 idle 0 1 0 0 0 0.0 0.0 230 26.5 0 0 0
33.942 0x08 idle 0 1 0 0 0 0.0 0.0 230 26.5 0 0 0
33.983 0x08 idle 0 1 0 0 0 0.0 0.0 230 26.5 0 0 0
34.022 0x08 idle 0 1 0 0 0 0.0 0.0 230 26.5 0 0 0
34.065 0x08 idle 0 1 0 0 0 0.0 0.0 230 26.5 0 0 0
34.103 0x08 idle 0 1 0 0 0 0.0 0.0 230 26.5 0 0 0
34.141 0x08 idle 0 1 0 0 0 0.0 0.0 230 26.5 0 0 0
34.182 0x08 idle 0 1 0 0 0 0.0 0.0 230 26.5 0 0 0
34.226 0x08 idle 0 1 0 0 0 0.0 0.0 230 26.5 0 0 0
34.259 0x08 idle 0 1 0 0 0 0.0 0.0 230 26.5 0 0 0
34.302 0x08 idle 0 1 0 0 0 0.0 0.0 230 26.5 0 0 0
34.344 0x08 idle 0 1 0 0 0 0.0 0.0 230 26.5 0 0 0
34.382 0x08 idle 0 1 0 0 0 0.0 0.0 230 26.5 0 0 0
34.421 0x08 idle 0 1 0 0 0 0.0 0.0 230 26.5 0 0 0
34.465 0x08 idle 0 1 0 0 0 0.0 0.0 230 26.5 0 0 0
34.503 0x08 idle 0 1 0 0 0 0.0 0.0 230 26.5 0 0 0
34.542 0x08 idle 0 1 0 0 0 0.0 0.0 230 26.5 0 0 0
34.582 0x08 idle 0 1 0 0 0 0.0 0.0 230 26.5 0 0 0
34.620 0x08 idle 0 1 0 0 0 0.0 0.0 230 26.5 0 0 0
34.662 0x08 idle 0 1 0 0 0 0.0 0.0 230 26.5 0 0 0
34.706 0x08 idle 0 1 0 0 0 0.0 0.0 230 26.5 0 0 0
34.742 0x08 idle 0 1 0 0 0 0.0 0.0 230 26.5 0 0 0
34.780 0x08 idle 0 1 0 0 0 0.0 0.0 230 26.5 0 0 0

[tcp_trajectory]
elapsed_s x_m y_m z_m qx qy qz qw speed_m_s tf_stamp_s along_mm remaining_mm cross_track_mm progress waypoint phase
0.0016 0.0810776 -1.6773318 0.6767931 -0.40885629 0.66477405 -0.53565383 -0.32247011 0.000000 1789527751.346435308 0.073 42.961 0.440 0.00000 -1 ACTUAL_TF
0.0523 0.0810734 -1.6774824 0.6766810 -0.40884518 0.66478502 -0.53564902 -0.32246958 0.003356 1789527751.402388573 0.058 42.976 0.256 0.00000 -1 ACTUAL_TF
0.1146 0.0810636 -1.6775536 0.6766164 -0.40884158 0.66479404 -0.53564035 -0.32246994 0.002867 1789527751.458370924 0.043 42.990 0.162 0.00000 -1 ACTUAL_TF
0.1672 0.0810544 -1.6776032 0.6765793 -0.40883880 0.66479893 -0.53563579 -0.32247096 0.002343 1789527751.514360428 0.031 43.003 0.104 0.00000 -1 ACTUAL_TF
0.2239 0.0810487 -1.6776312 0.6765581 -0.40883510 0.66480218 -0.53563395 -0.32247200 0.001830 1789527751.570379257 0.023 43.011 0.075 0.00000 -1 ACTUAL_TF
0.2816 0.0810406 -1.6776400 0.6765432 -0.40883647 0.66480294 -0.53563098 -0.32247361 0.001383 1789527751.626597404 0.015 43.019 0.058 0.00000 -1 ACTUAL_TF
0.3310 0.0810396 -1.6776526 0.6765358 -0.40883526 0.66480418 -0.53563036 -0.32247364 0.001047 1789527751.682552099 0.013 43.021 0.050 0.00000 -1 ACTUAL_TF
0.3896 0.0810370 -1.6776575 0.6765322 -0.40883486 0.66480458 -0.53562935 -0.32247500 0.000768 1789527751.738742828 0.010 43.024 0.047 0.00000 -1 ACTUAL_TF
0.4486 0.0810394 -1.6776621 0.6765304 -0.40883383 0.66480395 -0.53563086 -0.32247510 0.000567 1789527751.794425964 0.012 43.022 0.046 0.00000 -1 ACTUAL_TF
0.4951 0.0810370 -1.6776639 0.6765270 -0.40883384 0.66480401 -0.53563081 -0.32247505 0.000422 1789527751.850420952 0.009 43.024 0.043 0.00000 -1 ACTUAL_TF
0.5587 0.0810348 -1.6776609 0.6765224 -0.40883616 0.66480384 -0.53562868 -0.32247599 0.000327 1789527751.906518221 0.008 43.026 0.038 0.00000 -1 ACTUAL_TF
0.6105 0.0810324 -1.6776650 0.6765221 -0.40883450 0.66480502 -0.53562828 -0.32247633 0.000255 1789527751.962514162 0.005 43.029 0.039 0.00000 -1 ACTUAL_TF
0.6701 0.0810319 -1.6776650 0.6765221 -0.40883574 0.66480426 -0.53562768 -0.32247732 0.000181 1789527752.018495083 0.004 43.030 0.039 0.00000 -1 ACTUAL_TF
0.7203 0.0810303 -1.6776621 0.6765176 -0.40883674 0.66480486 -0.53562623 -0.32247723 0.000157 1789527752.074550867 0.003 43.031 0.034 0.00000 -1 ACTUAL_TF
0.7831 0.0810320 -1.6776621 0.6765176 -0.40883805 0.66480408 -0.53562687 -0.32247611 0.000119 1789527752.130664587 0.005 43.029 0.034 0.00000 -1 ACTUAL_TF
0.8355 0.0810340 -1.6776658 0.6765189 -0.40883705 0.66480347 -0.53562833 -0.32247621 0.000107 1789527752.186525583 0.006 43.027 0.036 0.00000 -1 ACTUAL_TF
0.8980 0.0810358 -1.6776703 0.6765169 -0.40883733 0.66480208 -0.53562916 -0.32247733 0.000103 1789527752.242442369 0.008 43.026 0.037 0.00000 -1 ACTUAL_TF
0.9526 0.0810308 -1.6776717 0.6765169 -0.40883592 0.66480295 -0.53562847 -0.32247848 0.000100 1789527752.298558950 0.003 43.031 0.037 0.00000 -1 ACTUAL_TF
1.0046 0.0810292 -1.6776687 0.6765124 -0.40883692 0.66480356 -0.53562702 -0.32247838 0.000100 1789527752.354601622 0.001 43.032 0.032 0.00000 -1 ACTUAL_TF
1.0633 0.0810312 -1.6776726 0.6765137 -0.40883588 0.66480293 -0.53562852 -0.32247848 0.000094 1789527752.410608530 0.003 43.031 0.035 0.00000 -1 ACTUAL_TF
1.1723 0.0810296 -1.6776695 0.6765091 -0.40883692 0.66480356 -0.53562702 -0.32247838 0.000081 1789527752.522441387 0.002 43.032 0.030 0.00000 -1 ACTUAL_TF
1.2300 0.0810247 -1.6776708 0.6765091 -0.40883692 0.66480356 -0.53562581 -0.32248038 0.000084 1789527752.578436136 -0.003 43.037 0.030 0.00000 -1 ACTUAL_TF
1.3361 0.0810247 -1.6776699 0.6765076 -0.40883751 0.66480456 -0.53562456 -0.32247965 0.000064 1789527752.690373182 -0.003 43.037 0.028 0.00000 -1 ACTUAL_TF
1.3931 0.0810202 -1.6776702 0.6765059 -0.40883689 0.66480636 -0.53562265 -0.32247989 0.000070 1789527752.746350050 -0.007 43.041 0.027 0.00000 -1 ACTUAL_TF
1.4503 0.0810161 -1.6776599 0.6764986 -0.40884073 0.66481062 -0.53561588 -0.32247747 0.000120 1789527752.802380800 -0.011 43.044 0.015 0.00000 -1 ACTUAL_TF
1.5122 0.0810009 -1.6776297 0.6764832 -0.40885281 0.66481745 -0.53559917 -0.32247585 0.000283 1789527752.858475447 -0.023 43.057 0.024 0.00000 -1 ACTUAL_TF
1.5596 0.0809856 -1.6775978 0.6764647 -0.40886606 0.66482629 -0.53557994 -0.32247274 0.000412 1789527752.914397001 -0.035 43.069 0.061 0.00000 -1 ACTUAL_TF
1.6176 0.0809542 -1.6775415 0.6764302 -0.40888685 0.66484505 -0.53554250 -0.32246989 0.000680 1789527752.970376253 -0.062 43.095 0.128 0.00000 -1 ACTUAL_TF
1.6729 0.0809211 -1.6774808 0.6763928 -0.40890758 0.66486934 -0.53549998 -0.32246413 0.000896 1789527753.026511669 -0.089 43.123 0.202 0.00000 -1 ACTUAL_TF
1.7295 0.0808842 -1.6774249 0.6763806 -0.40892759 0.66488878 -0.53545928 -0.32246628 0.000994 1789527753.082250595 -0.121 43.155 0.260 0.00000 -1 ACTUAL_TF
1.7855 0.0808648 -1.6774348 0.6764635 -0.40895798 0.66487306 -0.53543507 -0.32250033 0.001154 1789527753.138409853 -0.143 43.176 0.230 0.00000 -1 ACTUAL_TF
1.8407 0.0808801 -1.6774773 0.6766184 -0.40894382 0.66487721 -0.53543687 -0.32250676 0.001671 1789527753.194493055 -0.133 43.167 0.227 0.00000 -1 ACTUAL_TF
1.9041 0.0809072 -1.6775025 0.6767488 -0.40893548 0.66488265 -0.53543811 -0.32250403 0.001894 1789527753.250609875 -0.110 43.144 0.305 0.00000 -1 ACTUAL_TF
1.9554 0.0809595 -1.6775545 0.6769307 -0.40892249 0.66488159 -0.53544825 -0.32250588 0.002382 1789527753.306352139 -0.065 43.099 0.455 0.00000 -1 ACTUAL_TF
2.0135 0.0810211 -1.6776006 0.6771193 -0.40891160 0.66487340 -0.53546480 -0.32250911 0.002749 1789527753.362866640 -0.011 43.045 0.635 0.00000 -1 ACTUAL_TF
2.0707 0.0810795 -1.6776482 0.6772827 -0.40890293 0.66486350 -0.53548055 -0.32251434 0.002895 1789527753.418471813 0.041 42.993 0.798 0.00000 -1 ACTUAL_TF
2.1175 0.0811336 -1.6776585 0.6774085 -0.40890772 0.66486487 -0.53547478 -0.32251502 0.002764 1789527753.474335194 0.092 42.942 0.924 0.00000 -1 ACTUAL_TF
2.1825 0.0811996 -1.6776941 0.6775502 -0.40890525 0.66485625 -0.53548600 -0.32251730 0.002791 1789527753.530508995 0.153 42.881 1.068 0.00000 -1 ACTUAL_TF
2.2312 0.0812783 -1.6777257 0.6777013 -0.40889930 0.66485272 -0.53549563 -0.32251613 0.002884 1789527753.586380243 0.226 42.808 1.223 0.00000 -1 ACTUAL_TF
2.2968 0.0813356 -1.6777470 0.6778124 -0.40889617 0.66485204 -0.53549878 -0.32251627 0.002697 1789527753.642444134 0.280 42.754 1.336 0.00000 -1 ACTUAL_TF
2.3433 0.0814464 -1.6777984 0.6779776 -0.40888438 0.66483913 -0.53552485 -0.32251455 0.002988 1789527753.698459864 0.383 42.651 1.509 0.00000 -1 ACTUAL_TF
2.3999 0.0815064 -1.6778001 0.6780532 -0.40889177 0.66483798 -0.53551909 -0.32251711 0.002609 1789527753.754472017 0.442 42.592 1.586 0.00000 -1 ACTUAL_TF
2.4563 0.0816580 -1.6778332 0.6782025 -0.40889358 0.66482496 -0.53553402 -0.32251686 0.002980 1789527753.810437918 0.588 42.446 1.742 0.00000 -1 ACTUAL_TF
2.5129 0.0818253 -1.6778622 0.6783530 -0.40888597 0.66482210 -0.53554312 -0.32251729 0.003303 1789527753.866395712 0.750 42.284 1.899 0.00000 -1 ACTUAL_TF
2.5668 0.0819836 -1.6778656 0.6784451 -0.40888495 0.66482476 -0.53554132 -0.32251608 0.003289 1789527753.922654629 0.906 42.128 1.995 0.00000 -1 ACTUAL_TF
2.6311 0.0822043 -1.6778687 0.6785580 -0.40888666 0.66481816 -0.53555007 -0.32251299 0.003637 1789527753.978397369 1.123 41.910 2.114 0.00000 -1 ACTUAL_TF
2.6791 0.0823432 -1.6778538 0.6785854 -0.40888796 0.66482041 -0.53554513 -0.32251493 0.003308 1789527754.034416676 1.263 41.771 2.142 0.00000 -1 ACTUAL_TF
2.7359 0.0824984 -1.6778444 0.6785916 -0.40888749 0.66481948 -0.53554655 -0.32251508 0.003149 1789527754.090402126 1.418 41.616 2.151 0.00000 -1 ACTUAL_TF
2.7905 0.0826181 -1.6778610 0.6786036 -0.40887797 0.66481331 -0.53556121 -0.32251551 0.002856 1789527754.146355629 1.536 41.498 2.169 0.00000 -1 ACTUAL_TF
2.8578 0.0827836 -1.6779145 0.6786347 -0.40885906 0.66479511 -0.53559896 -0.32251432 0.002945 1789527754.202409029 1.696 41.338 2.214 0.00000 -1 ACTUAL_TF
2.9024 0.0829015 -1.6779566 0.6786613 -0.40883931 0.66478201 -0.53562850 -0.32251730 0.002746 1789527754.258489847 1.809 41.224 2.252 0.00000 -1 ACTUAL_TF
2.9708 0.0830639 -1.6780378 0.6787036 -0.40881230 0.66475849 -0.53567822 -0.32251745 0.002921 1789527754.314500093 1.964 41.070 2.316 0.00000 -1 ACTUAL_TF
3.0158 0.0831606 -1.6780671 0.6786855 -0.40879949 0.66474984 -0.53569740 -0.32251966 0.002595 1789527754.370402813 2.058 40.976 2.309 0.00000 -1 ACTUAL_TF
3.0743 0.0832471 -1.6780517 0.6785654 -0.40880548 0.66474942 -0.53569408 -0.32251843 0.002613 1789527754.426470280 2.148 40.886 2.192 0.00000 -1 ACTUAL_TF
3.1308 0.0833144 -1.6780022 0.6783875 -0.40882507 0.66475552 -0.53567372 -0.32251485 0.002882 1789527754.482485056 2.222 40.812 2.010 0.00000 -1 ACTUAL_TF
3.1929 0.0833545 -1.6779526 0.6782134 -0.40884513 0.66476386 -0.53564978 -0.32251198 0.003012 1789527754.538421392 2.268 40.765 1.831 0.00000 -1 ACTUAL_TF
3.2453 0.0833949 -1.6778854 0.6779928 -0.40887068 0.66477329 -0.53561932 -0.32251076 0.003361 1789527754.594461441 2.318 40.716 1.602 0.00000 -1 ACTUAL_TF
3.3000 0.0834211 -1.6778101 0.6777763 -0.40889974 0.66478294 -0.53558627 -0.32250891 0.003588 1789527754.650505066 2.353 40.680 1.374 0.00000 -1 ACTUAL_TF
3.3561 0.0834433 -1.6777326 0.6775396 -0.40892695 0.66479182 -0.53555393 -0.32250980 0.003854 1789527754.706401348 2.386 40.648 1.127 0.00000 -1 ACTUAL_TF
3.4109 0.0834878 -1.6777439 0.6774331 -0.40891416 0.66476011 -0.53558809 -0.32253464 0.003319 1789527754.762409210 2.431 40.603 1.029 0.00000 -1 ACTUAL_TF
3.4688 0.0835123 -1.6776760 0.6772006 -0.40893614 0.66476834 -0.53556125 -0.32253438 0.003627 1789527754.818432331 2.464 40.569 0.788 0.00000 -1 ACTUAL_TF
3.5253 0.0835493 -1.6776289 0.6769908 -0.40894669 0.66476320 -0.53555609 -0.32254018 0.003709 1789527754.874359846 2.508 40.525 0.575 0.00000 -1 ACTUAL_TF
3.5814 0.0835768 -1.6775891 0.6768126 -0.40895088 0.66475968 -0.53555340 -0.32254659 0.003584 1789527754.930415154 2.542 40.492 0.395 0.00000 -1 ACTUAL_TF
3.6378 0.0836383 -1.6775425 0.6766123 -0.40889533 0.66479532 -0.53557774 -0.32250314 0.003660 1789527754.986382008 2.610 40.424 0.198 0.00000 -1 ACTUAL_TF
3.6863 0.0836724 -1.6774984 0.6764356 -0.40890645 0.66478895 -0.53557310 -0.32250989 0.003554 1789527755.042388201 2.651 40.383 0.064 0.00000 -1 ACTUAL_TF
3.7447 0.0837116 -1.6774484 0.6762449 -0.40891117 0.66479042 -0.53556641 -0.32251197 0.003565 1789527755.098382711 2.697 40.337 0.199 0.00000 -1 ACTUAL_TF
3.8021 0.0837622 -1.6774281 0.6761012 -0.40890739 0.66478621 -0.53557243 -0.32251544 0.003319 1789527755.154370785 2.751 40.283 0.341 0.00000 -1 ACTUAL_TF
3.8619 0.0838134 -1.6773783 0.6758945 -0.40890829 0.66478993 -0.53556757 -0.32251470 0.003493 1789527755.210481167 2.810 40.224 0.548 0.00000 -1 ACTUAL_TF
3.9183 0.0838705 -1.6773471 0.6757403 -0.40889507 0.66479239 -0.53557600 -0.32251241 0.003343 1789527755.266386032 2.872 40.162 0.703 0.00000 -1 ACTUAL_TF
3.9754 0.0839371 -1.6773020 0.6755551 -0.40889070 0.66479713 -0.53557568 -0.32250869 0.003423 1789527755.322300196 2.945 40.089 0.891 0.00000 -1 ACTUAL_TF
4.0318 0.0840119 -1.6772584 0.6753758 -0.40889093 0.66479650 -0.53557736 -0.32250690 0.003464 1789527755.378263950 3.025 40.008 1.072 0.00000 -1 ACTUAL_TF
4.0799 0.0840690 -1.6771941 0.6751918 -0.40890057 0.66480044 -0.53556671 -0.32250428 0.003510 1789527755.434375286 3.091 39.943 1.262 0.00000 -1 ACTUAL_TF
4.1383 0.0841626 -1.6771524 0.6750073 -0.40889568 0.66480169 -0.53557074 -0.32250119 0.003589 1789527755.490330696 3.190 39.844 1.448 0.00000 -1 ACTUAL_TF
4.1972 0.0842403 -1.6771104 0.6748228 -0.40889708 0.66480475 -0.53556662 -0.32249996 0.003601 1789527755.546702623 3.274 39.760 1.635 0.00000 -1 ACTUAL_TF
4.2586 0.0843628 -1.6770629 0.6745968 -0.40890195 0.66479959 -0.53557085 -0.32249738 0.003929 1789527755.602369785 3.404 39.630 1.862 0.00000 -1 ACTUAL_TF
4.3055 0.0844676 -1.6770314 0.6744433 -0.40888922 0.66479794 -0.53558581 -0.32249209 0.003761 1789527755.658359051 3.513 39.521 2.015 0.00000 -1 ACTUAL_TF
4.3687 0.0846172 -1.6770013 0.6742761 -0.40886176 0.66480289 -0.53561128 -0.32247440 0.003844 1789527755.714407921 3.667 39.367 2.181 0.00000 -1 ACTUAL_TF
4.4246 0.0847466 -1.6769660 0.6741268 -0.40886625 0.66479236 -0.53561945 -0.32247685 0.003762 1789527755.770610094 3.801 39.232 2.330 0.00000 -1 ACTUAL_TF
4.4785 0.0848467 -1.6769246 0.6740179 -0.40887319 0.66479044 -0.53561822 -0.32247404 0.003458 1789527755.826463699 3.906 39.127 2.441 0.00000 -1 ACTUAL_TF
4.5348 0.0849538 -1.6769193 0.6739571 -0.40886308 0.66478687 -0.53562792 -0.32247811 0.003082 1789527755.882417440 4.015 39.019 2.499 0.00000 -1 ACTUAL_TF
4.5926 0.0850392 -1.6769106 0.6739320 -0.40885638 0.66478414 -0.53563498 -0.32248051 0.002637 1789527755.938339710 4.101 38.933 2.522 0.00000 -1 ACTUAL_TF
4.6405 0.0851293 -1.6768970 0.6739295 -0.40885060 0.66478091 -0.53564172 -0.32248330 0.002334 1789527755.994342327 4.192 38.842 2.524 0.00000 -1 ACTUAL_TF
4.6976 0.0851879 -1.6768843 0.6739306 -0.40884421 0.66478069 -0.53564423 -0.32248768 0.001956 1789527756.050318956 4.251 38.783 2.524 0.00000 -1 ACTUAL_TF
4.7558 0.0852626 -1.6768558 0.6739325 -0.40884238 0.66478001 -0.53564502 -0.32249009 0.001797 1789527756.106350899 4.328 38.706 2.524 0.00000 -1 ACTUAL_TF
4.8130 0.0853228 -1.6768296 0.6739330 -0.40884279 0.66477933 -0.53564497 -0.32249106 0.001610 1789527756.162352324 4.390 38.644 2.527 0.00000 -1 ACTUAL_TF
4.8692 0.0853581 -1.6767640 0.6739174 -0.40885096 0.66478895 -0.53562576 -0.32249278 0.001535 1789527756.218317270 4.431 38.603 2.554 0.00000 -1 ACTUAL_TF
4.9273 0.0853867 -1.6766751 0.6738987 -0.40886623 0.66480604 -0.53559426 -0.32249048 0.001584 1789527756.274332762 4.467 38.567 2.591 0.00000 -1 ACTUAL_TF
4.9760 0.0854363 -1.6766346 0.6739469 -0.40887295 0.66482465 -0.53557404 -0.32247722 0.001538 1789527756.330390692 4.519 38.515 2.552 0.00000 -1 ACTUAL_TF
5.0349 0.0855167 -1.6766471 0.6740986 -0.40886112 0.66484722 -0.53556701 -0.32245735 0.001998 1789527756.386405230 4.595 38.438 2.400 0.00000 -1 ACTUAL_TF
5.0927 0.0855935 -1.6766922 0.6742889 -0.40883788 0.66484530 -0.53558826 -0.32245547 0.002524 1789527756.442410231 4.665 38.369 2.201 0.00000 -1 ACTUAL_TF
5.1515 0.0856863 -1.6767315 0.6745134 -0.40881854 0.66485307 -0.53560108 -0.32244266 0.003084 1789527756.498471022 4.751 38.283 1.971 0.00000 -1 ACTUAL_TF
5.2091 0.0857753 -1.6767839 0.6747263 -0.40879824 0.66485456 -0.53562143 -0.32243153 0.003428 1789527756.554421663 4.832 38.202 1.749 0.00000 -1 ACTUAL_TF
5.2629 0.0858618 -1.6768399 0.6750035 -0.40881560 0.66483556 -0.53561914 -0.32245250 0.003982 1789527756.610473871 4.909 38.125 1.464 0.00000 -1 ACTUAL_TF
5.3178 0.0859195 -1.6768793 0.6752081 -0.40884373 0.66481216 -0.53561107 -0.32247849 0.003948 1789527756.666371346 4.960 38.074 1.255 0.00000 -1 ACTUAL_TF
5.3767 0.0860259 -1.6769376 0.6754627 -0.40882592 0.66481471 -0.53562803 -0.32246764 0.004273 1789527756.722403765 5.057 37.977 0.990 0.00000 -1 ACTUAL_TF
5.4237 0.0861246 -1.6769978 0.6756966 -0.40881823 0.66481226 -0.53563817 -0.32246560 0.004388 1789527756.778438568 5.147 37.887 0.745 0.00000 -1 ACTUAL_TF
5.4831 0.0861941 -1.6770247 0.6758685 -0.40882577 0.66480785 -0.53563508 -0.32247028 0.004076 1789527756.834423304 5.211 37.822 0.572 0.00000 -1 ACTUAL_TF
5.5429 0.0862972 -1.6770761 0.6760886 -0.40881589 0.66480767 -0.53564624 -0.32246464 0.004182 1789527756.890485525 5.306 37.727 0.344 0.00000 -1 ACTUAL_TF
5.6070 0.0863610 -1.6771017 0.6762479 -0.40882016 0.66480787 -0.53564045 -0.32246842 0.003857 1789527756.946480274 5.365 37.668 0.190 0.00000 -1 ACTUAL_TF
5.6525 0.0864475 -1.6771350 0.6764394 -0.40881892 0.66480821 -0.53564149 -0.32246757 0.003840 1789527757.002462387 5.446 37.588 0.084 0.00000 -1 ACTUAL_TF
5.7132 0.0865246 -1.6771646 0.6766159 -0.40881655 0.66480866 -0.53564540 -0.32246314 0.003732 1789527757.058475256 5.517 37.517 0.222 0.00000 -1 ACTUAL_TF
5.7629 0.0865960 -1.6772037 0.6768355 -0.40884014 0.66479440 -0.53563188 -0.32248509 0.003868 1789527757.114434481 5.582 37.452 0.439 0.00000 -1 ACTUAL_TF
5.8205 0.0866649 -1.6772269 0.6770042 -0.40883378 0.66480415 -0.53562916 -0.32247758 0.003693 1789527757.170376778 5.646 37.388 0.610 0.00000 -1 ACTUAL_TF
5.8739 0.0867574 -1.6772731 0.6772457 -0.40883076 0.66480110 -0.53563487 -0.32247822 0.003990 1789527757.226461172 5.730 37.303 0.856 0.00000 -1 ACTUAL_TF
5.9293 0.0868372 -1.6773193 0.6774854 -0.40882850 0.66480184 -0.53563487 -0.32247954 0.004171 1789527757.282368422 5.802 37.231 1.102 0.00000 -1 ACTUAL_TF
5.9861 0.0868989 -1.6773394 0.6776672 -0.40883476 0.66480379 -0.53562607 -0.32248220 0.003954 1789527757.338391781 5.859 37.175 1.286 0.00000 -1 ACTUAL_TF
6.0589 0.0869888 -1.6773984 0.6779205 -0.40882809 0.66479796 -0.53563624 -0.32248578 0.004190 1789527757.396428585 5.940 37.094 1.548 0.00000 -1 ACTUAL_TF
6.0945 0.0870794 -1.6774591 0.6781454 -0.40881714 0.66478863 -0.53565516 -0.32248749 0.004322 1789527757.450399399 6.022 37.012 1.782 0.00000 -1 ACTUAL_TF
6.1527 0.0871580 -1.6774952 0.6783354 -0.40881644 0.66478723 -0.53565438 -0.32249256 0.004145 1789527757.506355762 6.094 36.940 1.977 0.00000 -1 ACTUAL_TF
6.2076 0.0872388 -1.6775263 0.6784925 -0.40881458 0.66478443 -0.53565880 -0.32249333 0.003855 1789527757.562811613 6.170 36.864 2.140 0.00000 -1 ACTUAL_TF
6.2637 0.0873160 -1.6775512 0.6786420 -0.40881265 0.66478565 -0.53565671 -0.32249672 0.003617 1789527757.618358135 6.242 36.792 2.294 0.00000 -1 ACTUAL_TF
6.3198 0.0873911 -1.6775578 0.6787312 -0.40881771 0.66478520 -0.53565310 -0.32249726 0.003156 1789527757.674476147 6.315 36.719 2.385 0.00000 -1 ACTUAL_TF
6.3799 0.0874742 -1.6775610 0.6788124 -0.40881724 0.66478946 -0.53564879 -0.32249623 0.002831 1789527757.730568409 6.396 36.638 2.468 0.00000 -1 ACTUAL_TF
6.4357 0.0875648 -1.6775569 0.6788639 -0.40881987 0.66479545 -0.53564256 -0.32249087 0.002541 1789527757.786441088 6.486 36.548 2.521 0.00000 -1 ACTUAL_TF
6.4918 0.0876406 -1.6775392 0.6788834 -0.40882507 0.66480010 -0.53563525 -0.32248685 0.002209 1789527757.842425108 6.563 36.471 2.539 0.00000 -1 ACTUAL_TF
6.5503 0.0877348 -1.6775175 0.6788885 -0.40882848 0.66480427 -0.53562737 -0.32248702 0.002064 1789527757.898485899 6.658 36.376 2.543 0.00000 -1 ACTUAL_TF
6.6069 0.0878330 -1.6775264 0.6788984 -0.40882179 0.66479865 -0.53563885 -0.32248802 0.001977 1789527757.954424858 6.755 36.279 2.557 0.00000 -1 ACTUAL_TF
6.6609 0.0879879 -1.6775737 0.6789269 -0.40880368 0.66478261 -0.53567304 -0.32248725 0.002265 1789527758.010417938 6.905 36.129 2.598 0.00000 -1 ACTUAL_TF
6.7218 0.0881214 -1.6776314 0.6789601 -0.40877989 0.66476588 -0.53570936 -0.32249156 0.002385 1789527758.066383600 7.033 36.001 2.647 0.00000 -1 ACTUAL_TF
6.7699 0.0882968 -1.6777130 0.6789877 -0.40874692 0.66474479 -0.53575813 -0.32249579 0.002716 1789527758.122385025 7.201 35.833 2.698 0.00000 -1 ACTUAL_TF
6.8289 0.0884483 -1.6777362 0.6788971 -0.40873890 0.66473430 -0.53577756 -0.32249530 0.002856 1789527758.178318501 7.351 35.683 2.621 0.00000 -1 ACTUAL_TF
6.8858 0.0885359 -1.6776918 0.6787168 -0.40875291 0.66473994 -0.53576036 -0.32249451 0.003098 1789527758.234372377 7.445 35.589 2.439 0.00000 -1 ACTUAL_TF
6.9413 0.0886190 -1.6776153 0.6784670 -0.40877962 0.66475130 -0.53572755 -0.32249173 0.003637 1789527758.290398359 7.538 35.496 2.181 0.00000 -1 ACTUAL_TF
6.9980 0.0886852 -1.6775560 0.6782564 -0.40880124 0.66475957 -0.53570184 -0.32248999 0.003771 1789527758.346368313 7.612 35.422 1.965 0.00000 -1 ACTUAL_TF
7.0592 0.0887469 -1.6774817 0.6780229 -0.40882453 0.66477014 -0.53567016 -0.32249131 0.003992 1789527758.402435780 7.684 35.350 1.723 0.00000 -1 ACTUAL_TF
7.1049 0.0887870 -1.6774271 0.6778396 -0.40883944 0.66477841 -0.53564590 -0.32249565 0.003843 1789527758.458355665 7.731 35.303 1.533 0.00000 -1 ACTUAL_TF
7.1608 0.0888444 -1.6773502 0.6776099 -0.40886457 0.66478474 -0.53561754 -0.32249785 0.004022 1789527758.514427662 7.798 35.236 1.294 0.00000 -1 ACTUAL_TF
7.2170 0.0889015 -1.6773217 0.6774703 -0.40886662 0.66476506 -0.53562999 -0.32251514 0.003637 1789527758.570478678 7.860 35.174 1.154 0.00000 -1 ACTUAL_TF
7.2726 0.0889731 -1.6772735 0.6772767 -0.40888374 0.66476376 -0.53561918 -0.32251407 0.003682 1789527758.626451492 7.938 35.096 0.957 0.00000 -1 ACTUAL_TF
7.3275 0.0890261 -1.6772236 0.6770662 -0.40889642 0.66476610 -0.53560463 -0.32251732 0.003772 1789527758.682384253 7.998 35.036 0.743 0.00000 -1 ACTUAL_TF
7.3858 0.0890670 -1.6771810 0.6768907 -0.40890729 0.66476145 -0.53559787 -0.32252435 0.003631 1789527758.738444805 8.045 34.989 0.565 0.00000 -1 ACTUAL_TF
7.4433 0.0891156 -1.6771382 0.6766928 -0.40891755 0.66475697 -0.53559159 -0.32253101 0.003652 1789527758.794701338 8.100 34.933 0.368 0.00000 -1 ACTUAL_TF
7.4992 0.0891484 -1.6770997 0.6765266 -0.40892433 0.66475508 -0.53558565 -0.32253617 0.003491 1789527758.850481510 8.139 34.895 0.204 0.00000 -1 ACTUAL_TF
7.5556 0.0891940 -1.6770422 0.6763156 -0.40893326 0.66475485 -0.53557936 -0.32253577 0.003637 1789527758.906669617 8.192 34.841 0.070 0.00000 -1 ACTUAL_TF
7.6103 0.0892541 -1.6770103 0.6761492 -0.40887522 0.66479014 -0.53560690 -0.32249090 0.003512 1789527758.962486744 8.257 34.776 0.207 0.00000 -1 ACTUAL_TF
7.6715 0.0892922 -1.6769614 0.6759346 -0.40889026 0.66478349 -0.53559862 -0.32249929 0.003655 1789527759.018487453 8.303 34.731 0.419 0.00000 -1 ACTUAL_TF
7.7217 0.0893257 -1.6769169 0.6757465 -0.40889952 0.66478240 -0.53559199 -0.32250079 0.003609 1789527759.074477196 8.343 34.691 0.608 0.00000 -1 ACTUAL_TF
7.7823 0.0893639 -1.6768626 0.6755323 -0.40890844 0.66478214 -0.53558454 -0.32250239 0.003728 1789527759.130462885 8.389 34.645 0.826 0.00000 -1 ACTUAL_TF
7.8392 0.0894003 -1.6768086 0.6753259 -0.40890942 0.66478545 -0.53558084 -0.32250048 0.003768 1789527759.186502695 8.433 34.601 1.037 0.00000 -1 ACTUAL_TF
7.8948 0.0894450 -1.6767619 0.6751430 -0.40890405 0.66479181 -0.53558232 -0.32249172 0.003679 1789527759.242399931 8.484 34.550 1.224 0.00000 -1 ACTUAL_TF
7.9515 0.0895030 -1.6767284 0.6749730 -0.40890016 0.66479109 -0.53558685 -0.32249060 0.003555 1789527759.298362494 8.547 34.487 1.395 0.00000 -1 ACTUAL_TF
8.0061 0.0895414 -1.6766919 0.6748209 -0.40889926 0.66479278 -0.53558445 -0.32249225 0.003336 1789527759.355398178 8.591 34.443 1.550 0.00000 -1 ACTUAL_TF
8.0623 0.0896049 -1.6766639 0.6746615 -0.40889395 0.66478908 -0.53559262 -0.32249304 0.003282 1789527759.410452843 8.659 34.375 1.710 0.00000 -1 ACTUAL_TF
8.1157 0.0896596 -1.6766308 0.6745199 -0.40889360 0.66478948 -0.53559328 -0.32249157 0.003130 1789527759.466428041 8.719 34.315 1.853 0.00000 -1 ACTUAL_TF
8.1710 0.0897436 -1.6766087 0.6743850 -0.40888597 0.66478806 -0.53560271 -0.32248852 0.003042 1789527759.523027658 8.806 34.228 1.988 0.00000 -1 ACTUAL_TF
8.2269 0.0898047 -1.6765793 0.6742747 -0.40888529 0.66478644 -0.53560423 -0.32249017 0.002830 1789527759.578443766 8.871 34.162 2.099 0.00000 -1 ACTUAL_TF
8.2866 0.0899005 -1.6765607 0.6741675 -0.40888188 0.66478323 -0.53561150 -0.32248906 0.002758 1789527759.634443521 8.970 34.064 2.205 0.00000 -1 ACTUAL_TF
8.3422 0.0899947 -1.6765411 0.6740778 -0.40887701 0.66478251 -0.53561484 -0.32249115 0.002634 1789527759.690519094 9.067 33.967 2.294 0.00000 -1 ACTUAL_TF
8.3998 0.0900983 -1.6765160 0.6740263 -0.40887221 0.66478210 -0.53561693 -0.32249462 0.002479 1789527759.746467829 9.173 33.861 2.346 0.00000 -1 ACTUAL_TF
8.4482 0.0902623 -1.6765028 0.6740266 -0.40885852 0.66477482 -0.53563335 -0.32249971 0.002618 1789527759.802359819 9.338 33.696 2.343 0.00000 -1 ACTUAL_TF
8.5034 0.0904076 -1.6764785 0.6740394 -0.40884639 0.66477024 -0.53564473 -0.32250562 0.002623 1789527759.858505487 9.484 33.550 2.330 0.00000 -1 ACTUAL_TF
8.5605 0.0905654 -1.6764267 0.6740457 -0.40884187 0.66476706 -0.53564985 -0.32250942 0.002727 1789527759.914448261 9.645 33.388 2.329 0.00000 -1 ACTUAL_TF
8.6193 0.0906863 -1.6763699 0.6740387 -0.40884829 0.66476935 -0.53564464 -0.32250521 0.002625 1789527759.970455170 9.771 33.263 2.343 0.00000 -1 ACTUAL_TF
8.6759 0.0907730 -1.6763097 0.6740307 -0.40884912 0.66478460 -0.53562531 -0.32250482 0.002402 1789527760.026688337 9.862 33.172 2.361 0.00000 -1 ACTUAL_TF
8.7327 0.0908799 -1.6762574 0.6740646 -0.40886125 0.66482042 -0.53558876 -0.32247630 0.002347 1789527760.082504988 9.972 33.061 2.337 0.00000 -1 ACTUAL_TF
8.7889 0.0909629 -1.6762750 0.6741771 -0.40884157 0.66482872 -0.53559611 -0.32247192 0.002398 1789527760.138494015 10.052 32.982 2.221 0.00000 -1 ACTUAL_TF
8.8428 0.0910706 -1.6762980 0.6743436 -0.40882638 0.66483720 -0.53560381 -0.32246090 0.002749 1789527760.194413900 10.155 32.879 2.050 0.00000 -1 ACTUAL_TF
8.9006 0.0911514 -1.6763208 0.6744843 -0.40881175 0.66484301 -0.53561245 -0.32245314 0.002798 1789527760.250687361 10.231 32.803 1.905 0.00000 -1 ACTUAL_TF
8.9583 0.0912442 -1.6763689 0.6746846 -0.40878942 0.66484568 -0.53563016 -0.32244653 0.003175 1789527760.306410551 10.316 32.717 1.696 0.00000 -1 ACTUAL_TF
9.0131 0.0913068 -1.6764035 0.6748434 -0.40880956 0.66483096 -0.53562413 -0.32246136 0.003154 1789527760.362462759 10.373 32.660 1.531 0.00000 -1 ACTUAL_TF
9.0729 0.0913842 -1.6764589 0.6750753 -0.40881119 0.66481660 -0.53563351 -0.32247333 0.003539 1789527760.419003487 10.442 32.591 1.290 0.00000 -1 ACTUAL_TF
9.1215 0.0914385 -1.6764903 0.6752347 -0.40880550 0.66482021 -0.53563558 -0.32246964 0.003405 1789527760.474375486 10.491 32.542 1.126 0.00000 -1 ACTUAL_TF
9.1808 0.0915144 -1.6765595 0.6754929 -0.40879212 0.66481166 -0.53565506 -0.32247190 0.003870 1789527760.530461550 10.557 32.477 0.857 0.00000 -1 ACTUAL_TF
9.2407 0.0915785 -1.6766054 0.6757049 -0.40878716 0.66481063 -0.53566204 -0.32246872 0.003921 1789527760.586428642 10.614 32.420 0.638 0.00000 -1 ACTUAL_TF
9.2915 0.0916207 -1.6766325 0.6758645 -0.40879023 0.66481731 -0.53565398 -0.32246441 0.003640 1789527760.642498970 10.651 32.383 0.476 0.00000 -1 ACTUAL_TF
9.3501 0.0916842 -1.6766976 0.6761027 -0.40877538 0.66481044 -0.53567328 -0.32246535 0.003914 1789527760.698488235 10.705 32.328 0.227 0.00000 -1 ACTUAL_TF
9.4043 0.0917224 -1.6767143 0.6762599 -0.40877573 0.66482110 -0.53566451 -0.32245749 0.003612 1789527760.754413605 10.740 32.294 0.083 0.00000 -1 ACTUAL_TF
9.4610 0.0917584 -1.6767440 0.6764446 -0.40881547 0.66480289 -0.53564189 -0.32248223 0.003548 1789527760.810459137 10.770 32.264 0.135 0.00000 -1 ACTUAL_TF
9.5239 0.0918119 -1.6767768 0.6766244 -0.40880072 0.66481392 -0.53564731 -0.32246920 0.003506 1789527760.866357088 10.818 32.216 0.312 0.00000 -1 ACTUAL_TF
9.5781 0.0918736 -1.6768040 0.6768089 -0.40879813 0.66482465 -0.53564310 -0.32245735 0.003506 1789527760.922402620 10.874 32.160 0.499 0.00000 -1 ACTUAL_TF
9.6295 0.0919150 -1.6768216 0.6769565 -0.40880416 0.66482602 -0.53563434 -0.32246143 0.003280 1789527760.978452921 10.912 32.122 0.648 0.00000 -1 ACTUAL_TF
9.6914 0.0919888 -1.6768520 0.6771500 -0.40880611 0.66482870 -0.53563193 -0.32245744 0.003418 1789527761.034416676 10.980 32.054 0.846 0.00000 -1 ACTUAL_TF
9.7429 0.0920642 -1.6768819 0.6773356 -0.40880367 0.66483534 -0.53562834 -0.32245280 0.003460 1789527761.091361046 11.049 31.984 1.035 0.00000 -1 ACTUAL_TF
9.7926 0.0921346 -1.6769019 0.6774906 -0.40880941 0.66483314 -0.53562657 -0.32245301 0.003356 1789527761.146421909 11.115 31.918 1.193 0.00000 -1 ACTUAL_TF
9.8491 0.0922204 -1.6769207 0.6776560 -0.40881382 0.66483643 -0.53561980 -0.32245186 0.003352 1789527761.202443361 11.197 31.837 1.362 0.00000 -1 ACTUAL_TF
9.9074 0.0923134 -1.6769675 0.6778294 -0.40880690 0.66483077 -0.53563293 -0.32245050 0.003430 1789527761.258465290 11.283 31.751 1.543 0.00000 -1 ACTUAL_TF
9.9681 0.0924311 -1.6770025 0.6780138 -0.40880545 0.66482897 -0.53563713 -0.32244908 0.003585 1789527761.314574718 11.394 31.640 1.734 0.00000 -1 ACTUAL_TF
10.0186 0.0925322 -1.6770166 0.6781524 -0.40880348 0.66482864 -0.53563496 -0.32245587 0.003434 1789527761.370450497 11.492 31.542 1.876 0.00000 -1 ACTUAL_TF
10.0791 0.0927171 -1.6770451 0.6783356 -0.40880647 0.66482194 -0.53564383 -0.32245114 0.003806 1789527761.426453352 11.671 31.363 2.066 0.00000 -1 ACTUAL_TF
10.1287 0.0928836 -1.6770569 0.6784631 -0.40881044 0.66482447 -0.53564103 -0.32244555 0.003785 1789527761.482671499 11.834 31.200 2.199 0.00000 -1 ACTUAL_TF
10.1856 0.0930668 -1.6770598 0.6785733 -0.40881224 0.66482359 -0.53563735 -0.32245121 0.003800 1789527761.538433313 12.014 31.020 2.313 0.00000 -1 ACTUAL_TF
10.2417 0.0932061 -1.6770270 0.6786077 -0.40882108 0.66482954 -0.53562146 -0.32245412 0.003448 1789527761.594440937 12.155 30.879 2.346 0.00000 -1 ACTUAL_TF
10.3046 0.0933256 -1.6770154 0.6786098 -0.40882572 0.66483239 -0.53561656 -0.32245049 0.003057 1789527761.650473356 12.275 30.759 2.350 0.00000 -1 ACTUAL_TF
10.3544 0.0934488 -1.6770276 0.6786185 -0.40881432 0.66483040 -0.53562519 -0.32245472 0.002804 1789527761.706474543 12.397 30.637 2.364 0.00000 -1 ACTUAL_TF
10.4184 0.0935596 -1.6770592 0.6786378 -0.40880080 0.66482032 -0.53564682 -0.32245672 0.002587 1789527761.762688398 12.504 30.530 2.392 0.00000 -1 ACTUAL_TF
10.4722 0.0936902 -1.6771198 0.6786724 -0.40877194 0.66480558 -0.53568268 -0.32246411 0.002608 1789527761.818399906 12.629 30.405 2.441 0.00000 -1 ACTUAL_TF
10.5200 0.0938128 -1.6771740 0.6787029 -0.40875138 0.66478956 -0.53571797 -0.32246459 0.002562 1789527761.874443054 12.746 30.288 2.487 0.00000 -1 ACTUAL_TF
10.5787 0.0939371 -1.6772383 0.6787088 -0.40872719 0.66477453 -0.53575342 -0.32246734 0.002543 1789527761.930467844 12.865 30.169 2.512 0.00000 -1 ACTUAL_TF
10.6373 0.0940116 -1.6772325 0.6786217 -0.40872988 0.66477256 -0.53575454 -0.32246613 0.002395 1789527761.986501932 12.941 30.093 2.429 0.00000 -1 ACTUAL_TF
10.6992 0.0940741 -1.6771938 0.6784573 -0.40874376 0.66477839 -0.53573736 -0.32246506 0.002641 1789527762.042507648 13.009 30.025 2.263 0.00000 -1 ACTUAL_TF
10.7511 0.0941178 -1.6771362 0.6782469 -0.40876467 0.66478974 -0.53570779 -0.32246428 0.003040 1789527762.098520279 13.060 29.973 2.046 0.00000 -1 ACTUAL_TF
10.8100 0.0941502 -1.6770743 0.6780465 -0.40878877 0.66479893 -0.53567893 -0.32246273 0.003267 1789527762.154454947 13.101 29.933 1.838 0.00000 -1 ACTUAL_TF
10.8615 0.0941897 -1.6769962 0.6777947 -0.40882018 0.66480658 -0.53564610 -0.32246166 0.003700 1789527762.211014271 13.151 29.883 1.576 0.00000 -1 ACTUAL_TF
10.9240 0.0942081 -1.6769372 0.6776065 -0.40883794 0.66480363 -0.53562997 -0.32247201 0.003663 1789527762.266413450 13.177 29.857 1.380 0.00000 -1 ACTUAL_TF
10.9732 0.0942486 -1.6768865 0.6773999 -0.40885618 0.66479360 -0.53562230 -0.32248233 0.003722 1789527762.322520256 13.225 29.809 1.169 0.00000 -1 ACTUAL_TF
11.0317 0.0942805 -1.6768347 0.6772104 -0.40887608 0.66479283 -0.53560561 -0.32248639 0.003673 1789527762.378424168 13.264 29.770 0.974 0.00000 -1 ACTUAL_TF
11.0853 0.0943193 -1.6767881 0.6770083 -0.40888954 0.66478452 -0.53560002 -0.32249573 0.003700 1789527762.434518337 13.309 29.724 0.769 0.00000 -1 ACTUAL_TF
11.1360 0.0943624 -1.6767390 0.6767842 -0.40890233 0.66477621 -0.53559455 -0.32250575 0.003841 1789527762.490514517 13.360 29.674 0.542 0.00000 -1 ACTUAL_TF
11.2000 0.0943976 -1.6766984 0.6766088 -0.40891369 0.66476826 -0.53559082 -0.32251392 0.003671 1789527762.546489954 13.401 29.633 0.365 0.00000 -1 ACTUAL_TF
11.2474 0.0944349 -1.6766427 0.6763993 -0.40892606 0.66476444 -0.53558161 -0.32252139 0.003749 1789527762.602485657 13.446 29.588 0.155 0.00000 -1 ACTUAL_TF
11.3169 0.0944737 -1.6766088 0.6762470 -0.40892896 0.66476094 -0.53558056 -0.32252668 0.003485 1789527762.658483505 13.490 29.544 0.061 0.00000 -1 ACTUAL_TF
11.3686 0.0945506 -1.6765665 0.6760504 -0.40887252 0.66479900 -0.53560437 -0.32248027 0.003596 1789527762.714360714 13.573 29.460 0.219 0.00000 -1 ACTUAL_TF
11.4206 0.0945934 -1.6765301 0.6759030 -0.40888237 0.66478983 -0.53560212 -0.32249040 0.003359 1789527762.770580530 13.621 29.412 0.365 0.00000 -1 ACTUAL_TF
11.4765 0.0946612 -1.6764883 0.6756999 -0.40889177 0.66478171 -0.53560055 -0.32249783 0.003523 1789527762.826461315 13.696 29.338 0.569 0.00000 -1 ACTUAL_TF
11.5372 0.0946995 -1.6764358 0.6755247 -0.40890061 0.66478363 -0.53558843 -0.32250278 0.003467 1789527762.882457495 13.741 29.293 0.748 0.00000 -1 ACTUAL_TF
11.5882 0.0947744 -1.6763948 0.6753467 -0.40890503 0.66477904 -0.53558928 -0.32250522 0.003484 1789527762.938477516 13.822 29.212 0.927 0.00000 -1 ACTUAL_TF
11.6425 0.0948167 -1.6763258 0.6751266 -0.40891254 0.66478192 -0.53557446 -0.32251439 0.003695 1789527762.994491577 13.873 29.161 1.154 0.00000 -1 ACTUAL_TF
11.7119 0.0948845 -1.6762952 0.6749623 -0.40890615 0.66478306 -0.53557778 -0.32251464 0.003553 1789527763.050481796 13.946 29.088 1.319 0.00000 -1 ACTUAL_TF
11.7657 0.0949660 -1.6762422 0.6747437 -0.40888478 0.66479902 -0.53558343 -0.32249942 0.003769 1789527763.106436968 14.035 28.999 1.541 0.00000 -1 ACTUAL_TF
11.8189 0.0950408 -1.6762049 0.6745625 -0.40888162 0.66479337 -0.53558690 -0.32250932 0.003708 1789527763.162437677 14.115 28.919 1.724 0.00000 -1 ACTUAL_TF
11.8682 0.0951401 -1.6761626 0.6743569 -0.40888429 0.66478835 -0.53558962 -0.32251177 0.003839 1789527763.218462944 14.221 28.813 1.931 0.00000 -1 ACTUAL_TF
11.9268 0.0952412 -1.6761320 0.6741933 -0.40888867 0.66478201 -0.53559595 -0.32250878 0.003732 1789527763.274402380 14.327 28.707 2.094 0.00000 -1 ACTUAL_TF
11.9851 0.0953553 -1.6761004 0.6740298 -0.40888561 0.66477450 -0.53560740 -0.32250910 0.003693 1789527763.330419302 14.446 28.588 2.257 0.00000 -1 ACTUAL_TF
12.0356 0.0954378 -1.6760670 0.6739128 -0.40888360 0.66477376 -0.53560987 -0.32250911 0.003373 1789527763.386452675 14.532 28.501 2.376 0.00000 -1 ACTUAL_TF
12.0963 0.0955303 -1.6760432 0.6738090 -0.40887388 0.66477712 -0.53561336 -0.32250870 0.003115 1789527763.442506552 14.628 28.406 2.479 0.00000 -1 ACTUAL_TF
12.1465 0.0956451 -1.6760285 0.6737533 -0.40886944 0.66477427 -0.53562452 -0.32250168 0.002870 1789527763.498397589 14.745 28.289 2.533 0.00000 -1 ACTUAL_TF
12.2138 0.0957152 -1.6760236 0.6737409 -0.40885840 0.66477443 -0.53563007 -0.32250612 0.002391 1789527763.554519176 14.815 28.219 2.544 0.00000 -1 ACTUAL_TF
12.2708 0.0957983 -1.6760112 0.6737382 -0.40884995 0.66477301 -0.53563674 -0.32250867 0.002124 1789527763.610435009 14.899 28.135 2.546 0.00000 -1 ACTUAL_TF
12.3248 0.0958779 -1.6759916 0.6737425 -0.40885093 0.66476832 -0.53564297 -0.32250674 0.001927 1789527763.666465998 14.980 28.054 2.543 0.00000 -1 ACTUAL_TF
12.3745 0.0959411 -1.6759657 0.6737443 -0.40884664 0.66476928 -0.53564258 -0.32251086 0.001715 1789527763.722385645 15.045 27.989 2.544 0.00000 -1 ACTUAL_TF
12.4300 0.0959877 -1.6759288 0.6737409 -0.40884637 0.66477269 -0.53563632 -0.32251457 0.001519 1789527763.778477430 15.094 27.939 2.553 0.00000 -1 ACTUAL_TF
12.4817 0.0960271 -1.6758537 0.6737242 -0.40885793 0.66478416 -0.53561367 -0.32251388 0.001527 1789527763.834397793 15.140 27.894 2.583 0.00000 -1 ACTUAL_TF
12.5401 0.0960670 -1.6758127 0.6737621 -0.40885878 0.66479308 -0.53560276 -0.32251255 0.001437 1789527763.890398979 15.183 27.851 2.554 0.00000 -1 ACTUAL_TF
12.5995 0.0961622 -1.6758061 0.6738838 -0.40885777 0.66482719 -0.53558026 -0.32248088 0.001835 1789527763.946365595 15.276 27.758 2.434 0.00000 -1 ACTUAL_TF
12.6511 0.0962609 -1.6758435 0.6740945 -0.40883577 0.66483233 -0.53559726 -0.32246994 0.002545 1789527764.002432585 15.368 27.666 2.218 0.00000 -1 ACTUAL_TF
12.7123 0.0963577 -1.6758855 0.6742952 -0.40881618 0.66483615 -0.53561531 -0.32245692 0.002996 1789527764.058452368 15.458 27.576 2.009 0.00000 -1 ACTUAL_TF
12.7699 0.0964478 -1.6759039 0.6744972 -0.40880721 0.66484970 -0.53561398 -0.32244254 0.003286 1789527764.114455938 15.543 27.491 1.806 0.00000 -1 ACTUAL_TF
12.8192 0.0965120 -1.6759473 0.6747106 -0.40882841 0.66483429 -0.53560355 -0.32246479 0.003515 1789527764.170513630 15.600 27.434 1.587 0.00000 -1 ACTUAL_TF
12.8820 0.0966281 -1.6760057 0.6749765 -0.40880691 0.66483540 -0.53562542 -0.32245342 0.004046 1789527764.226502657 15.707 27.327 1.311 0.00000 -1 ACTUAL_TF
12.9308 0.0967051 -1.6760257 0.6751406 -0.40880343 0.66484493 -0.53562154 -0.32244462 0.003810 1789527764.282478094 15.779 27.255 1.145 0.00000 -1 ACTUAL_TF
12.9860 0.0968129 -1.6760919 0.6753896 -0.40880262 0.66483658 -0.53563010 -0.32244865 0.004166 1789527764.338356972 15.877 27.157 0.884 0.00000 -1 ACTUAL_TF
13.0454 0.0969100 -1.6761282 0.6755937 -0.40879377 0.66483941 -0.53563782 -0.32244121 0.004142 1789527764.394405603 15.968 27.066 0.675 0.00000 -1 ACTUAL_TF
13.1068 0.0970021 -1.6761830 0.6758002 -0.40878124 0.66483085 -0.53565735 -0.32244230 0.004146 1789527764.450403452 16.052 26.982 0.458 0.00000 -1 ACTUAL_TF
13.1585 0.0970917 -1.6762140 0.6759870 -0.40877838 0.66483964 -0.53565534 -0.32243114 0.004021 1789527764.506572962 16.135 26.898 0.271 0.00000 -1 ACTUAL_TF
13.2207 0.0971700 -1.6762485 0.6761628 -0.40877835 0.66484218 -0.53565372 -0.32242863 0.003865 1789527764.562418699 16.208 26.826 0.105 0.00000 -1 ACTUAL_TF
13.2688 0.0972367 -1.6762803 0.6763545 -0.40880122 0.66482796 -0.53564167 -0.32244899 0.003806 1789527764.618448257 16.269 26.765 0.137 0.00000 -1 ACTUAL_TF
13.3287 0.0973044 -1.6763057 0.6765266 -0.40879712 0.66483379 -0.53564102 -0.32244324 0.003663 1789527764.674494267 16.331 26.703 0.303 0.00000 -1 ACTUAL_TF
13.3794 0.0973934 -1.6763515 0.6767570 -0.40879115 0.66483420 -0.53564717 -0.32243974 0.003911 1789527764.730429173 16.413 26.621 0.535 0.00000 -1 ACTUAL_TF
13.4428 0.0974513 -1.6763769 0.6769452 -0.40879353 0.66483327 -0.53564423 -0.32244353 0.003801 1789527764.786446095 16.465 26.569 0.726 0.00000 -1 ACTUAL_TF
13.4937 0.0975404 -1.6764373 0.6772033 -0.40878722 0.66482631 -0.53565760 -0.32244368 0.004157 1789527764.842525482 16.545 26.489 0.992 0.00000 -1 ACTUAL_TF
13.5447 0.0976013 -1.6764589 0.6774101 -0.40879668 0.66483003 -0.53564282 -0.32244856 0.004072 1789527764.898460627 16.601 26.433 1.201 0.00000 -1 ACTUAL_TF
13.6078 0.0976691 -1.6765003 0.6776099 -0.40879226 0.66482562 -0.53565009 -0.32245118 0.004002 1789527764.954472065 16.662 26.372 1.407 0.00000 -1 ACTUAL_TF
13.6583 0.0977483 -1.6765405 0.6778344 -0.40879086 0.66482569 -0.53565087 -0.32245152 0.004096 1789527765.010441303 16.734 26.300 1.637 0.00000 -1 ACTUAL_TF
13.7162 0.0978193 -1.6765838 0.6780134 -0.40878386 0.66482129 -0.53565926 -0.32245551 0.003926 1789527765.066355944 16.798 26.236 1.822 0.00000 -1 ACTUAL_TF
13.7692 0.0979146 -1.6766234 0.6782058 -0.40878803 0.66481779 -0.53565982 -0.32245653 0.003914 1789527765.122524023 16.887 26.147 2.021 0.00000 -1 ACTUAL_TF
13.8260 0.0979696 -1.6766383 0.6783282 -0.40878994 0.66481860 -0.53565516 -0.32246018 0.003466 1789527765.178324938 16.938 26.096 2.146 0.00000 -1 ACTUAL_TF
13.8844 0.0980469 -1.6766664 0.6784713 -0.40878509 0.66481905 -0.53565508 -0.32246554 0.003310 1789527765.234322309 17.011 26.023 2.294 0.00000 -1 ACTUAL_TF
13.9401 0.0981180 -1.6766790 0.6785633 -0.40878585 0.66481882 -0.53565428 -0.32246637 0.002944 1789527765.290303946 17.079 25.955 2.389 0.00000 -1 ACTUAL_TF
14.0001 0.0982044 -1.6766855 0.6786425 -0.40878931 0.66481969 -0.53565029 -0.32246682 0.002689 1789527765.346374035 17.163 25.870 2.471 0.00000 -1 ACTUAL_TF
14.0523 0.0982950 -1.6766773 0.6786878 -0.40879356 0.66482466 -0.53564215 -0.32246468 0.002426 1789527765.402416706 17.254 25.780 2.517 0.00000 -1 ACTUAL_TF
14.1128 0.0983761 -1.6766544 0.6787013 -0.40880328 0.66482353 -0.53563701 -0.32246325 0.002156 1789527765.458378077 17.336 25.698 2.528 0.00000 -1 ACTUAL_TF
14.1671 0.0984827 -1.6766549 0.6787143 -0.40879845 0.66481979 -0.53564173 -0.32246925 0.002085 1789527765.514385223 17.442 25.592 2.545 0.00000 -1 ACTUAL_TF
14.2284 0.0986085 -1.6766824 0.6787318 -0.40878616 0.66481057 -0.53566278 -0.32246886 0.002155 1789527765.570395231 17.565 25.469 2.570 0.00000 -1 ACTUAL_TF
14.2783 0.0987676 -1.6767539 0.6787714 -0.40874874 0.66479646 -0.53570324 -0.32247817 0.002467 1789527765.626379490 17.717 25.317 2.628 0.00000 -1 ACTUAL_TF
14.3289 0.0989436 -1.6768245 0.6788060 -0.40872492 0.66477263 -0.53575157 -0.32247720 0.002760 1789527765.682367563 17.886 25.148 2.683 0.00000 -1 ACTUAL_TF
14.3956 0.0991196 -1.6768648 0.6787663 -0.40870629 0.66475772 -0.53578376 -0.32247808 0.002922 1789527765.738369703 18.059 24.975 2.661 0.00000 -1 ACTUAL_TF
14.4489 0.0992381 -1.6768333 0.6786177 -0.40871700 0.66475673 -0.53577884 -0.32247472 0.003077 1789527765.794394732 18.182 24.852 2.514 0.00000 -1 ACTUAL_TF
14.4991 0.0993450 -1.6767745 0.6784073 -0.40873809 0.66476168 -0.53575901 -0.32247072 0.003455 1789527765.850465298 18.297 24.737 2.299 0.00000 -1 ACTUAL_TF
14.5655 0.0994199 -1.6766995 0.6781573 -0.40876344 0.66477378 -0.53572552 -0.32246928 0.003876 1789527765.906348705 18.381 24.653 2.041 0.00000 -1 ACTUAL_TF
14.6148 0.0994707 -1.6766398 0.6779770 -0.40878038 0.66478364 -0.53569947 -0.32247076 0.003768 1789527765.962316513 18.440 24.594 1.854 0.00000 -1 ACTUAL_TF
14.6851 0.0995167 -1.6765603 0.6777440 -0.40880434 0.66479610 -0.53566418 -0.32247332 0.003979 1789527766.018285751 18.496 24.538 1.610 0.00000 -1 ACTUAL_TF
14.7276 0.0995771 -1.6764982 0.6775495 -0.40882800 0.66480014 -0.53564220 -0.32247152 0.003924 1789527766.074396133 18.564 24.470 1.408 0.00000 -1 ACTUAL_TF
14.7760 0.0996241 -1.6764405 0.6773471 -0.40884254 0.66480536 -0.53562005 -0.32247911 0.003901 1789527766.130443096 18.619 24.415 1.200 0.00000 -1 ACTUAL_TF
14.8341 0.0996817 -1.6764204 0.6772209 -0.40884588 0.66478689 -0.53563197 -0.32249313 0.003482 1789527766.186456919 18.680 24.354 1.075 0.00000 -1 ACTUAL_TF
14.8918 0.0997245 -1.6763616 0.6770046 -0.40886356 0.66478835 -0.53561297 -0.32249929 0.003661 1789527766.242395163 18.731 24.303 0.853 0.00000 -1 ACTUAL_TF
14.9563 0.0997571 -1.6763155 0.6768195 -0.40887822 0.66478962 -0.53559736 -0.32250400 0.003601 1789527766.298340082 18.770 24.264 0.663 0.00000 -1 ACTUAL_TF
15.0063 0.0998070 -1.6762757 0.6766277 -0.40888734 0.66478017 -0.53559676 -0.32251290 0.003602 1789527766.354404926 18.826 24.208 0.471 0.00000 -1 ACTUAL_TF
15.0635 0.0998425 -1.6762295 0.6764237 -0.40889955 0.66477687 -0.53558748 -0.32251964 0.003656 1789527766.410472631 18.868 24.165 0.266 0.00000 -1 ACTUAL_TF
15.1234 0.0998666 -1.6761817 0.6762424 -0.40891188 0.66477360 -0.53557818 -0.32252622 0.003571 1789527766.466516256 18.899 24.135 0.092 0.00000 -1 ACTUAL_TF
15.1775 0.0999075 -1.6761373 0.6760415 -0.40892129 0.66477215 -0.53557166 -0.32252809 0.003623 1789527766.522551775 18.947 24.087 0.144 0.00000 -1 ACTUAL_TF
15.2261 0.0999450 -1.6761032 0.6758866 -0.40889248 0.66478489 -0.53558905 -0.32250947 0.003410 1789527766.578494310 18.990 24.044 0.295 0.00000 -1 ACTUAL_TF
15.2900 0.0999917 -1.6760398 0.6756503 -0.40888648 0.66479880 -0.53558754 -0.32249092 0.003722 1789527766.634457827 19.045 23.989 0.534 0.00000 -1 ACTUAL_TF
15.3368 0.1000198 -1.6759975 0.6754685 -0.40889782 0.66479641 -0.53557867 -0.32249621 0.003619 1789527766.690340757 19.079 23.954 0.719 0.00000 -1 ACTUAL_TF
15.3948 0.1000557 -1.6759517 0.6752662 -0.40890368 0.66479273 -0.53557537 -0.32250184 0.003659 1789527766.746440411 19.122 23.912 0.925 0.00000 -1 ACTUAL_TF
15.4531 0.1000903 -1.6759126 0.6751047 -0.40890868 0.66479035 -0.53557262 -0.32250495 0.003470 1789527766.802448273 19.162 23.871 1.089 0.00000 -1 ACTUAL_TF
15.5057 0.1001374 -1.6758557 0.6748996 -0.40891567 0.66479425 -0.53556422 -0.32250201 0.003597 1789527766.858465433 19.217 23.817 1.300 0.00000 -1 ACTUAL_TF
15.5688 0.1002027 -1.6758246 0.6747340 -0.40890556 0.66479606 -0.53557507 -0.32249308 0.003485 1789527766.914485693 19.287 23.746 1.466 0.00000 -1 ACTUAL_TF
15.6226 0.1002566 -1.6757901 0.6745876 -0.40890021 0.66479790 -0.53557810 -0.32249103 0.003295 1789527766.970545053 19.346 23.687 1.615 0.00000 -1 ACTUAL_TF
15.6720 0.1003238 -1.6757574 0.6744296 -0.40889759 0.66479676 -0.53558074 -0.32249233 0.003244 1789527767.026438951 19.419 23.615 1.774 0.00000 -1 ACTUAL_TF
15.7297 0.1003942 -1.6757313 0.6743013 -0.40889896 0.66479247 -0.53558492 -0.32249250 0.003068 1789527767.082370758 19.493 23.541 1.903 0.00000 -1 ACTUAL_TF
15.7923 0.1004668 -1.6756991 0.6741654 -0.40889761 0.66479099 -0.53558567 -0.32249602 0.002991 1789527767.138418198 19.570 23.464 2.040 0.00000 -1 ACTUAL_TF
15.8448 0.1005477 -1.6756894 0.6740770 -0.40888960 0.66478819 -0.53559480 -0.32249677 0.002737 1789527767.194494486 19.653 23.381 2.126 0.00000 -1 ACTUAL_TF
15.8990 0.1006611 -1.6756649 0.6739680 -0.40888756 0.66478562 -0.53560156 -0.32249343 0.002762 1789527767.250919819 19.770 23.264 2.234 0.00000 -1 ACTUAL_TF
15.9562 0.1008110 -1.6756411 0.6739055 -0.40887621 0.66478432 -0.53561072 -0.32249528 0.002819 1789527767.306497097 19.922 23.112 2.295 0.00000 -1 ACTUAL_TF
16.0122 0.1009733 -1.6756361 0.6739006 -0.40886604 0.66477393 -0.53563116 -0.32249564 0.002844 1789527767.362436056 20.084 22.950 2.296 0.00000 -1 ACTUAL_TF
16.0698 0.1011556 -1.6756200 0.6739180 -0.40884392 0.66476812 -0.53564960 -0.32250503 0.002976 1789527767.418421507 20.267 22.767 2.276 0.00000 -1 ACTUAL_TF
16.1267 0.1013079 -1.6755845 0.6739279 -0.40883999 0.66476124 -0.53566112 -0.32250508 0.002922 1789527767.474466324 20.421 22.612 2.268 0.00000 -1 ACTUAL_TF
16.1833 0.1014349 -1.6755307 0.6739251 -0.40883859 0.66476445 -0.53565770 -0.32250592 0.002785 1789527767.530422211 20.552 22.481 2.277 0.00000 -1 ACTUAL_TF
16.2393 0.1015137 -1.6754853 0.6739147 -0.40883814 0.66477388 -0.53564619 -0.32250616 0.002440 1789527767.586370707 20.635 22.399 2.294 0.00000 -1 ACTUAL_TF
16.2939 0.1015902 -1.6753995 0.6738718 -0.40886174 0.66482013 -0.53558806 -0.32247744 0.002366 1789527767.642341137 20.719 22.315 2.352 0.00000 -1 ACTUAL_TF
16.3515 0.1016678 -1.6753933 0.6739576 -0.40885178 0.66482399 -0.53559351 -0.32247306 0.002277 1789527767.698383331 20.795 22.239 2.268 0.00000 -1 ACTUAL_TF
16.4007 0.1017730 -1.6754160 0.6741068 -0.40883533 0.66483183 -0.53560286 -0.32246222 0.002579 1789527767.754390478 20.896 22.138 2.114 0.00000 -1 ACTUAL_TF
16.4629 0.1018618 -1.6754370 0.6742631 -0.40881914 0.66484218 -0.53560882 -0.32245152 0.002773 1789527767.810471296 20.980 22.054 1.955 0.00000 -1 ACTUAL_TF
16.5176 0.1019456 -1.6754707 0.6744267 -0.40880443 0.66484488 -0.53562268 -0.32244159 0.002945 1789527767.866356134 21.058 21.976 1.785 0.00000 -1 ACTUAL_TF
16.5750 0.1020253 -1.6755078 0.6746154 -0.40878720 0.66484970 -0.53563519 -0.32243269 0.003174 1789527767.922494888 21.132 21.902 1.590 0.00000 -1 ACTUAL_TF
16.6261 0.1020845 -1.6755413 0.6747857 -0.40878368 0.66485119 -0.53563715 -0.32243084 0.003204 1789527767.978475571 21.185 21.849 1.415 0.00000 -1 ACTUAL_TF
16.6848 0.1021332 -1.6755891 0.6749945 -0.40881340 0.66482920 -0.53562362 -0.32246096 0.003421 1789527768.034396172 21.226 21.807 1.200 0.00000 -1 ACTUAL_TF
16.7427 0.1021932 -1.6756233 0.6751776 -0.40880230 0.66483260 -0.53563241 -0.32245344 0.003442 1789527768.090455294 21.280 21.753 1.012 0.00000 -1 ACTUAL_TF
16.7959 0.1022547 -1.6756822 0.6754113 -0.40878641 0.66483365 -0.53564474 -0.32245093 0.003743 1789527768.146440506 21.333 21.701 0.769 0.00000 -1 ACTUAL_TF
16.8592 0.1023203 -1.6757310 0.6756264 -0.40878008 0.66483687 -0.53565023 -0.32244319 0.003821 1789527768.203913927 21.391 21.643 0.547 0.00000 -1 ACTUAL_TF
16.9076 0.1023669 -1.6757773 0.6758125 -0.40876793 0.66483261 -0.53566429 -0.32244403 0.003763 1789527768.258288860 21.431 21.603 0.355 0.00000 -1 ACTUAL_TF
16.9731 0.1024030 -1.6758238 0.6760248 -0.40879411 0.66481549 -0.53565042 -0.32246918 0.003814 1789527768.314337492 21.460 21.574 0.142 0.00000 -1 ACTUAL_TF
17.0200 0.1024522 -1.6758543 0.6761940 -0.40878567 0.66482113 -0.53565376 -0.32246270 0.003625 1789527768.370471001 21.503 21.530 0.069 0.00000 -1 ACTUAL_TF
17.0763 0.1025084 -1.6758815 0.6763961 -0.40878123 0.66482917 -0.53565220 -0.32245434 0.003671 1789527768.426463604 21.554 21.480 0.256 0.00000 -1 ACTUAL_TF
17.1337 0.1025563 -1.6759115 0.6765574 -0.40877967 0.66483188 -0.53564999 -0.32245440 0.003489 1789527768.482258081 21.597 21.437 0.418 0.00000 -1 ACTUAL_TF
17.1927 0.1026157 -1.6759417 0.6767515 -0.40877486 0.66483589 -0.53564928 -0.32245342 0.003538 1789527768.538443804 21.650 21.384 0.615 0.00000 -1 ACTUAL_TF
17.2432 0.1026701 -1.6759635 0.6769019 -0.40878230 0.66483413 -0.53564413 -0.32245618 0.003340 1789527768.594496012 21.700 21.333 0.768 0.00000 -1 ACTUAL_TF
17.3059 0.1027407 -1.6759991 0.6770971 -0.40877849 0.66483357 -0.53564586 -0.32245927 0.003467 1789527768.650477886 21.765 21.269 0.968 0.00000 -1 ACTUAL_TF
17.3568 0.1028194 -1.6760344 0.6772682 -0.40877624 0.66483047 -0.53565141 -0.32245930 0.003455 1789527768.706407070 21.837 21.196 1.144 0.00000 -1 ACTUAL_TF
17.4120 0.1029049 -1.6760591 0.6774528 -0.40878149 0.66482535 -0.53565149 -0.32246307 0.003516 1789527768.762415409 21.918 21.116 1.332 0.00000 -1 ACTUAL_TF
17.4703 0.1030052 -1.6760851 0.6776267 -0.40877791 0.66483180 -0.53564936 -0.32245784 0.003543 1789527768.818572044 22.013 21.021 1.511 0.00000 -1 ACTUAL_TF
17.5269 0.1031003 -1.6761198 0.6777912 -0.40877365 0.66483006 -0.53565231 -0.32246193 0.003515 1789527768.874541521 22.102 20.932 1.682 0.00000 -1 ACTUAL_TF
17.5799 0.1032422 -1.6761600 0.6779948 -0.40876947 0.66483295 -0.53565079 -0.32246378 0.003808 1789527768.930494070 22.237 20.797 1.893 0.00000 -1 ACTUAL_TF
17.6389 0.1033845 -1.6761774 0.6781480 -0.40877723 0.66482511 -0.53565306 -0.32246634 0.003790 1789527768.986496925 22.375 20.659 2.051 0.00000 -1 ACTUAL_TF
17.6891 0.1035539 -1.6762056 0.6783311 -0.40877243 0.66483234 -0.53564654 -0.32246837 0.003998 1789527769.042459249 22.538 20.495 2.241 0.00000 -1 ACTUAL_TF
17.7455 0.1037226 -1.6762113 0.6784381 -0.40878542 0.66483069 -0.53564438 -0.32245888 0.003860 1789527769.099002361 22.704 20.329 2.353 0.00000 -1 ACTUAL_TF
17.8030 0.1038821 -1.6761869 0.6784905 -0.40880211 0.66483011 -0.53563413 -0.32245595 0.003620 1789527769.154438972 22.865 20.169 2.405 0.00000 -1 ACTUAL_TF
17.8730 0.1040083 -1.6761562 0.6784981 -0.40881422 0.66483238 -0.53562245 -0.32245533 0.003231 1789527769.210366011 22.993 20.041 2.411 0.00000 -1 ACTUAL_TF
17.9213 0.1041071 -1.6761648 0.6785075 -0.40880630 0.66483085 -0.53562862 -0.32245825 0.002796 1789527769.266417265 23.090 19.943 2.425 0.00000 -1 ACTUAL_TF
17.9684 0.1042296 -1.6761952 0.6785264 -0.40879173 0.66482192 -0.53564812 -0.32246275 0.002640 1789527769.322431326 23.210 19.824 2.452 0.00000 -1 ACTUAL_TF
18.0254 0.1043469 -1.6762338 0.6785499 -0.40877501 0.66481016 -0.53567514 -0.32246330 0.002520 1789527769.378584385 23.323 19.711 2.486 0.00000 -1 ACTUAL_TF
18.0810 0.1044742 -1.6762962 0.6785844 -0.40874868 0.66479422 -0.53571240 -0.32246764 0.002547 1789527769.434460402 23.444 19.590 2.537 0.00000 -1 ACTUAL_TF
18.1418 0.1045951 -1.6763459 0.6785994 -0.40873231 0.66477835 -0.53574593 -0.32246543 0.002488 1789527769.490485907 23.560 19.473 2.567 0.00000 -1 ACTUAL_TF
18.1915 0.1046924 -1.6763647 0.6785403 -0.40872332 0.66477252 -0.53575924 -0.32246672 0.002359 1789527769.546471834 23.657 19.377 2.518 0.00000 -1 ACTUAL_TF
18.2500 0.1047573 -1.6763467 0.6784206 -0.40873111 0.66477359 -0.53575296 -0.32246507 0.002388 1789527769.602410555 23.725 19.309 2.400 0.00000 -1 ACTUAL_TF
18.3067 0.1048032 -1.6762810 0.6782007 -0.40875667 0.66478448 -0.53572158 -0.32246236 0.002925 1789527769.658445835 23.779 19.254 2.172 0.00000 -1 ACTUAL_TF
18.3723 0.1048515 -1.6762094 0.6779608 -0.40878652 0.66479355 -0.53568959 -0.32245896 0.003414 1789527769.714422226 23.837 19.197 1.924 0.00000 -1 ACTUAL_TF
18.4256 0.1048788 -1.6761513 0.6777699 -0.40880700 0.66479921 -0.53566528 -0.32246171 0.003467 1789527769.770504951 23.872 19.162 1.726 0.00000 -1 ACTUAL_TF
18.4777 0.1049019 -1.6760700 0.6775157 -0.40883532 0.66480233 -0.53563552 -0.32246882 0.003867 1789527769.826319695 23.906 19.128 1.460 0.00000 -1 ACTUAL_TF
18.5345 0.1049424 -1.6760242 0.6773422 -0.40885209 0.66478643 -0.53563579 -0.32247988 0.003692 1789527769.882340670 23.953 19.081 1.282 0.00000 -1 ACTUAL_TF
18.5863 0.1049769 -1.6759665 0.6771130 -0.40887407 0.66478789 -0.53561406 -0.32248509 0.003864 1789527769.938331366 23.996 19.038 1.047 0.00000 -1 ACTUAL_TF
18.6513 0.1050137 -1.6759322 0.6769384 -0.40888365 0.66478281 -0.53560781 -0.32249381 0.003678 1789527769.994343281 24.038 18.996 0.871 0.00000 -1 ACTUAL_TF
18.7021 0.1050572 -1.6758835 0.6767299 -0.40889553 0.66476938 -0.53560803 -0.32250604 0.003745 1789527770.050330400 24.088 18.945 0.660 0.00000 -1 ACTUAL_TF
18.7531 0.1051010 -1.6758444 0.6765476 -0.40890485 0.66476564 -0.53560215 -0.32251171 0.003645 1789527770.106492281 24.138 18.896 0.476 0.00000 -1 ACTUAL_TF
18.8113 0.1051464 -1.6758057 0.6763543 -0.40891015 0.66475412 -0.53560394 -0.32252577 0.003636 1789527770.162475109 24.190 18.844 0.285 0.00000 -1 ACTUAL_TF
18.8687 0.1052013 -1.6757564 0.6761515 -0.40891849 0.66475481 -0.53559556 -0.32252767 0.003703 1789527770.218409777 24.252 18.782 0.097 0.00000 -1 ACTUAL_TF
18.9246 0.1052544 -1.6757064 0.6759805 -0.40891450 0.66476628 -0.53559239 -0.32251436 0.003588 1789527770.274416208 24.311 18.722 0.121 0.00000 -1 ACTUAL_TF
18.9753 0.1053331 -1.6756783 0.6758163 -0.40887243 0.66478070 -0.53562004 -0.32249206 0.003501 1789527770.330268621 24.395 18.639 0.279 0.00000 -1 ACTUAL_TF
19.0359 0.1053773 -1.6756433 0.6756542 -0.40887935 0.66477460 -0.53561723 -0.32250054 0.003370 1789527770.386295795 24.444 18.589 0.441 0.00000 -1 ACTUAL_TF
19.0882 0.1054381 -1.6755839 0.6754327 -0.40889090 0.66477844 -0.53560335 -0.32250102 0.003628 1789527770.442375660 24.513 18.521 0.665 0.00000 -1 ACTUAL_TF
19.1491 0.1054934 -1.6755434 0.6752722 -0.40889538 0.66477817 -0.53559869 -0.32250365 0.003475 1789527770.498351336 24.574 18.460 0.827 0.00000 -1 ACTUAL_TF
19.2012 0.1055487 -1.6754851 0.6750494 -0.40890106 0.66477829 -0.53559015 -0.32251035 0.003701 1789527770.554358482 24.638 18.396 1.054 0.00000 -1 ACTUAL_TF
19.2643 0.1056264 -1.6754367 0.6748336 -0.40889500 0.66477924 -0.53559606 -0.32250628 0.003845 1789527770.610428572 24.722 18.311 1.273 0.00000 -1 ACTUAL_TF
19.3182 0.1057003 -1.6753909 0.6746493 -0.40887943 0.66479233 -0.53560127 -0.32249040 0.003785 1789527770.666357517 24.803 18.231 1.460 0.00000 -1 ACTUAL_TF
19.3755 0.1057715 -1.6753453 0.6744234 -0.40888515 0.66479189 -0.53559386 -0.32249635 0.003938 1789527770.722485542 24.881 18.153 1.688 0.00000 -1 ACTUAL_TF
19.4318 0.1058536 -1.6753081 0.6742303 -0.40888852 0.66478661 -0.53559491 -0.32250121 0.003901 1789527770.778365374 24.969 18.065 1.882 0.00000 -1 ACTUAL_TF
19.4812 0.1059496 -1.6752730 0.6740465 -0.40888974 0.66478015 -0.53560012 -0.32250432 0.003856 1789527770.834423542 25.070 17.963 2.066 0.00000 -1 ACTUAL_TF
19.5447 0.1060268 -1.6752488 0.6739128 -0.40888385 0.66477909 -0.53560627 -0.32250377 0.003537 1789527770.890341043 25.152 17.882 2.200 0.00000 -1 ACTUAL_TF
19.5960 0.1061163 -1.6751997 0.6737505 -0.40887174 0.66479333 -0.53560681 -0.32248886 0.003505 1789527770.946247816 25.247 17.786 2.365 0.00000 -1 ACTUAL_TF
19.6499 0.1062033 -1.6751758 0.6736626 -0.40886682 0.66479398 -0.53561388 -0.32248203 0.003127 1789527771.002370834 25.337 17.696 2.453 0.00000 -1 ACTUAL_TF
19.7153 0.1062951 -1.6751522 0.6735809 -0.40886369 0.66479368 -0.53561657 -0.32248215 0.002860 1789527771.058326721 25.432 17.602 2.535 0.00000 -1 ACTUAL_TF
19.7649 0.1063851 -1.6751421 0.6735459 -0.40885674 0.66479127 -0.53562369 -0.32248411 0.002522 1789527771.114354134 25.523 17.511 2.569 0.00000 -1 ACTUAL_TF
19.8195 0.1064625 -1.6751353 0.6735367 -0.40885318 0.66478701 -0.53563174 -0.32248403 0.002184 1789527771.170386314 25.601 17.433 2.577 0.00000 -1 ACTUAL_TF
19.8835 0.1065433 -1.6751214 0.6735403 -0.40884707 0.66478429 -0.53563844 -0.32248627 0.001968 1789527771.226367235 25.683 17.351 2.573 0.00000 -1 ACTUAL_TF
19.9351 0.1065986 -1.6751023 0.6735434 -0.40884038 0.66478558 -0.53563896 -0.32249119 0.001691 1789527771.282647610 25.739 17.295 2.572 0.00000 -1 ACTUAL_TF
19.9919 0.1066653 -1.6750692 0.6735439 -0.40883697 0.66478724 -0.53563709 -0.32249522 0.001584 1789527771.338412762 25.808 17.225 2.575 0.00000 -1 ACTUAL_TF
20.0422 0.1067071 -1.6750096 0.6735307 -0.40884552 0.66479417 -0.53562207 -0.32249505 0.001504 1789527771.394462824 25.855 17.179 2.598 0.00000 -1 ACTUAL_TF
20.0973 0.1067386 -1.6749486 0.6735541 -0.40884468 0.66480870 -0.53560205 -0.32249941 0.001442 1789527771.450412989 25.891 17.143 2.588 0.00000 -1 ACTUAL_TF
20.1580 0.1068189 -1.6749479 0.6736740 -0.40883576 0.66481871 -0.53560418 -0.32248653 0.001783 1789527771.506354332 25.969 17.065 2.469 0.00000 -1 ACTUAL_TF
20.2112 0.1069266 -1.6749869 0.6738805 -0.40881002 0.66483848 -0.53561137 -0.32246648 0.002513 1789527771.562387466 26.070 16.964 2.255 0.00000 -1 ACTUAL_TF
20.2751 0.1070407 -1.6750452 0.6741228 -0.40877968 0.66484366 -0.53563475 -0.32245541 0.003228 1789527771.618345737 26.175 16.859 2.002 0.00000 -1 ACTUAL_TF
20.3254 0.1071126 -1.6750620 0.6742953 -0.40876706 0.66485758 -0.53563381 -0.32244429 0.003265 1789527771.674376488 26.243 16.791 1.828 0.00000 -1 ACTUAL_TF
20.3763 0.1072028 -1.6751087 0.6745381 -0.40880248 0.66483054 -0.53562172 -0.32247521 0.003692 1789527771.730478764 26.325 16.709 1.578 0.00000 -1 ACTUAL_TF
20.4370 0.1072948 -1.6751445 0.6747326 -0.40878344 0.66484560 -0.53562813 -0.32245765 0.003753 1789527771.786488056 26.410 16.623 1.378 0.00000 -1 ACTUAL_TF
20.4900 0.1073933 -1.6751828 0.6749460 -0.40876978 0.66485209 -0.53563569 -0.32244902 0.003904 1789527771.842415094 26.502 16.532 1.159 0.00000 -1 ACTUAL_TF
20.5504 0.1074722 -1.6752195 0.6751298 -0.40878409 0.66483919 -0.53563437 -0.32245969 0.003823 1789527771.898368835 26.575 16.459 0.969 0.00000 -1 ACTUAL_TF
20.6002 0.1075759 -1.6752705 0.6753467 -0.40876912 0.66484873 -0.53564056 -0.32244869 0.003992 1789527771.954405546 26.671 16.363 0.742 0.00000 -1 ACTUAL_TF
20.6628 0.1076717 -1.6753151 0.6755549 -0.40876076 0.66485080 -0.53564651 -0.32244515 0.004046 1789527772.010390997 26.759 16.275 0.527 0.00000 -1 ACTUAL_TF
20.7263 0.1077458 -1.6753347 0.6757192 -0.40876013 0.66485599 -0.53564444 -0.32243868 0.003803 1789527772.066388130 26.829 16.205 0.362 0.00000 -1 ACTUAL_TF
20.7737 0.1078212 -1.6753851 0.6759540 -0.40879167 0.66483266 -0.53563220 -0.32246713 0.004012 1789527772.122370481 26.896 16.138 0.126 0.00000 -1 ACTUAL_TF
20.8236 0.1078851 -1.6754085 0.6761087 -0.40878204 0.66484618 -0.53562876 -0.32245718 0.003713 1789527772.178412199 26.955 16.079 0.072 0.00000 -1 ACTUAL_TF
20.8821 0.1079631 -1.6754341 0.6763120 -0.40878572 0.66485115 -0.53562354 -0.32245094 0.003774 1789527772.234397650 27.028 16.006 0.259 0.00000 -1 ACTUAL_TF
20.9414 0.1080329 -1.6754741 0.6765086 -0.40878444 0.66485087 -0.53562668 -0.32244792 0.003760 1789527772.291389704 27.091 15.943 0.458 0.00000 -1 ACTUAL_TF
20.9913 0.1081083 -1.6755146 0.6767317 -0.40878772 0.66484696 -0.53562855 -0.32244872 0.003929 1789527772.346634150 27.159 15.875 0.685 0.00000 -1 ACTUAL_TF
21.0499 0.1081622 -1.6755317 0.6769060 -0.40879358 0.66485083 -0.53561999 -0.32244753 0.003737 1789527772.402364731 27.209 15.825 0.862 0.00000 -1 ACTUAL_TF
21.1133 0.1082338 -1.6755705 0.6771275 -0.40879900 0.66485564 -0.53561161 -0.32244467 0.003878 1789527772.458480120 27.273 15.761 1.088 0.00000 -1 ACTUAL_TF
21.1640 0.1083161 -1.6756041 0.6773560 -0.40880499 0.66484546 -0.53561757 -0.32244817 0.004030 1789527772.514385462 27.349 15.685 1.321 0.00000 -1 ACTUAL_TF
21.2265 0.1083700 -1.6756171 0.6775020 -0.40881301 0.66485323 -0.53560422 -0.32244415 0.003654 1789527772.570618153 27.399 15.635 1.469 0.00000 -1 ACTUAL_TF
21.2751 0.1084602 -1.6756601 0.6777088 -0.40881070 0.66485286 -0.53560877 -0.32244028 0.003791 1789527772.626459599 27.482 15.552 1.682 0.00000 -1 ACTUAL_TF
21.3354 0.1085462 -1.6757019 0.6778828 -0.40880542 0.66484637 -0.53562212 -0.32243818 0.003718 1789527772.682472944 27.562 15.472 1.863 0.00000 -1 ACTUAL_TF
21.3863 0.1086269 -1.6757138 0.6780269 -0.40881281 0.66484468 -0.53561823 -0.32243877 0.003491 1789527772.738410711 27.639 15.395 2.009 0.00000 -1 ACTUAL_TF
21.4436 0.1087021 -1.6757431 0.6781575 -0.40880891 0.66484175 -0.53562234 -0.32244291 0.003265 1789527772.794479132 27.709 15.324 2.145 0.00000 -1 ACTUAL_TF
21.5037 0.1088036 -1.6757617 0.6782894 -0.40881208 0.66484180 -0.53562152 -0.32244015 0.003184 1789527772.850344658 27.807 15.227 2.281 0.00000 -1 ACTUAL_TF
21.5556 0.1088727 -1.6757686 0.6783676 -0.40881168 0.66484348 -0.53561791 -0.32244320 0.002788 1789527772.906507492 27.874 15.160 2.361 0.00000 -1 ACTUAL_TF
21.6114 0.1089658 -1.6757756 0.6784453 -0.40880918 0.66484395 -0.53561841 -0.32244457 0.002604 1789527772.962311983 27.965 15.069 2.442 0.00000 -1 ACTUAL_TF
21.6681 0.1090640 -1.6757529 0.6784708 -0.40881731 0.66484445 -0.53561176 -0.32244426 0.002378 1789527773.018502474 28.064 14.970 2.466 0.00000 -1 ACTUAL_TF
21.7276 0.1091727 -1.6757487 0.6784791 -0.40881585 0.66484013 -0.53561617 -0.32244771 0.002249 1789527773.074436903 28.173 14.861 2.477 0.00000 -1 ACTUAL_TF
21.7803 0.1093427 -1.6757812 0.6785031 -0.40880415 0.66482471 -0.53564304 -0.32244970 0.002511 1789527773.130450010 28.339 14.695 2.511 0.00000 -1 ACTUAL_TF
21.8382 0.1095126 -1.6758288 0.6785359 -0.40878416 0.66480644 -0.53568106 -0.32244954 0.002718 1789527773.186460733 28.504 14.530 2.557 0.00000 -1 ACTUAL_TF
21.8945 0.1097212 -1.6759213 0.6785827 -0.40874457 0.66478149 -0.53573972 -0.32245372 0.003150 1789527773.242511034 28.704 14.330 2.629 0.00000 -1 ACTUAL_TF
21.9453 0.1098633 -1.6759566 0.6785597 -0.40872144 0.66477207 -0.53576594 -0.32245889 0.002999 1789527773.298484087 28.843 14.191 2.621 0.00000 -1 ACTUAL_TF
22.0056 0.1100043 -1.6759360 0.6784143 -0.40872458 0.66476967 -0.53576714 -0.32245787 0.003191 1789527773.354441166 28.987 14.047 2.480 0.00000 -1 ACTUAL_TF
22.0623 0.1100936 -1.6758802 0.6782311 -0.40874321 0.66477486 -0.53574825 -0.32245494 0.003366 1789527773.410451412 29.084 13.950 2.292 0.00000 -1 ACTUAL_TF
22.1169 0.1101742 -1.6758090 0.6780108 -0.40876805 0.66478353 -0.53572047 -0.32245173 0.003671 1789527773.466388226 29.173 13.860 2.064 0.00000 -1 ACTUAL_TF
22.1729 0.1102389 -1.6757374 0.6777924 -0.40879011 0.66479511 -0.53568939 -0.32245154 0.003840 1789527773.522748709 29.247 13.787 1.837 0.00000 -1 ACTUAL_TF
22.2316 0.1102938 -1.6756749 0.6775961 -0.40881307 0.66480092 -0.53566537 -0.32245034 0.003838 1789527773.578380823 29.310 13.724 1.633 0.00000 -1 ACTUAL_TF
22.2883 0.1103427 -1.6756123 0.6773778 -0.40883297 0.66480813 -0.53563915 -0.32245381 0.003932 1789527773.634321690 29.367 13.666 1.408 0.00000 -1 ACTUAL_TF
22.3381 0.1103942 -1.6755597 0.6772065 -0.40885147 0.66480866 -0.53562328 -0.32245562 0.003751 1789527773.690329075 29.426 13.608 1.231 0.00000 -1 ACTUAL_TF
22.3959 0.1104476 -1.6755378 0.6770502 -0.40885162 0.66479015 -0.53563393 -0.32247590 0.003518 1789527773.746377468 29.483 13.551 1.076 0.00000 -1 ACTUAL_TF
22.4554 0.1104783 -1.6754883 0.6768602 -0.40886841 0.66479414 -0.53561336 -0.32248055 0.003526 1789527773.802413464 29.521 13.513 0.881 0.00000 -1 ACTUAL_TF
22.5151 0.1105230 -1.6754438 0.6766589 -0.40888358 0.66478922 -0.53560376 -0.32248740 0.003600 1789527773.858343363 29.572 13.461 0.678 0.00000 -1 ACTUAL_TF
22.5701 0.1105507 -1.6754011 0.6764883 -0.40889372 0.66478027 -0.53560048 -0.32249843 0.003472 1789527773.914461374 29.606 13.428 0.504 0.00000 -1 ACTUAL_TF
22.6215 0.1105829 -1.6753596 0.6762904 -0.40890303 0.66477601 -0.53559328 -0.32250737 0.003517 1789527773.970962763 29.645 13.389 0.305 0.00000 -1 ACTUAL_TF
22.6786 0.1106049 -1.6753042 0.6760823 -0.40891751 0.66477485 -0.53557901 -0.32251510 0.003634 1789527774.026384592 29.675 13.359 0.100 0.00000 -1 ACTUAL_TF
22.7310 0.1106279 -1.6752687 0.6759160 -0.40892469 0.66476953 -0.53557598 -0.32252200 0.003463 1789527774.082382917 29.703 13.331 0.101 0.00000 -1 ACTUAL_TF
22.7837 0.1106542 -1.6752369 0.6757556 -0.40892749 0.66476728 -0.53557401 -0.32252634 0.003397 1789527774.133425474 29.734 13.299 0.254 0.00000 -1 ACTUAL_TF
22.8393 0.1106884 -1.6751962 0.6755870 -0.40887409 0.66479865 -0.53559801 -0.32248954 0.003380 1789527774.186393738 29.775 13.259 0.423 0.00000 -1 ACTUAL_TF
22.8988 0.1107222 -1.6751462 0.6753654 -0.40889188 0.66479289 -0.53558639 -0.32249818 0.003595 1789527774.242408514 29.816 13.218 0.648 0.00000 -1 ACTUAL_TF
22.9469 0.1107525 -1.6751054 0.6751744 -0.40889465 0.66478383 -0.53558841 -0.32250997 0.003575 1789527774.298461914 29.852 13.181 0.842 0.00000 -1 ACTUAL_TF
23.0066 0.1107779 -1.6750499 0.6749836 -0.40890731 0.66478556 -0.53557496 -0.32251267 0.003576 1789527774.354423523 29.885 13.148 1.038 0.00000 -1 ACTUAL_TF
23.0644 0.1108291 -1.6750005 0.6747950 -0.40891646 0.66478438 -0.53556973 -0.32251220 0.003583 1789527774.410451174 29.943 13.090 1.230 0.00000 -1 ACTUAL_TF
23.1152 0.1108727 -1.6749717 0.6746515 -0.40891176 0.66478592 -0.53557109 -0.32251274 0.003326 1789527774.466452599 29.991 13.042 1.375 0.00000 -1 ACTUAL_TF
23.1765 0.1109419 -1.6749400 0.6744937 -0.40889253 0.66478911 -0.53558822 -0.32250209 0.003266 1789527774.522493124 30.065 12.968 1.534 0.00000 -1 ACTUAL_TF
23.2281 0.1110021 -1.6749000 0.6743474 -0.40889319 0.66478988 -0.53558867 -0.32249891 0.003162 1789527774.578426361 30.131 12.903 1.683 0.00000 -1 ACTUAL_TF
23.2886 0.1110769 -1.6748745 0.6741999 -0.40889016 0.66478525 -0.53559462 -0.32250241 0.003110 1789527774.634449005 30.210 12.824 1.831 0.00000 -1 ACTUAL_TF
23.3423 0.1111544 -1.6748559 0.6740863 -0.40888864 0.66478069 -0.53560079 -0.32250350 0.002921 1789527774.690359592 30.291 12.743 1.943 0.00000 -1 ACTUAL_TF
23.3985 0.1112364 -1.6748228 0.6739562 -0.40888639 0.66478004 -0.53560069 -0.32250785 0.002888 1789527774.746291161 30.377 12.657 2.075 0.00000 -1 ACTUAL_TF
23.4581 0.1113647 -1.6748026 0.6738574 -0.40887835 0.66477760 -0.53560851 -0.32251009 0.002890 1789527774.802659035 30.508 12.526 2.172 0.00000 -1 ACTUAL_TF
23.5065 0.1114982 -1.6747867 0.6737917 -0.40887196 0.66477346 -0.53561789 -0.32251116 0.002827 1789527774.858529329 30.644 12.390 2.235 0.00000 -1 ACTUAL_TF
23.5679 0.1116720 -1.6747700 0.6737596 -0.40884875 0.66477225 -0.53563124 -0.32252089 0.002933 1789527774.914349556 30.819 12.215 2.264 0.00000 -1 ACTUAL_TF
23.6287 0.1118414 -1.6747576 0.6737644 -0.40883979 0.66476131 -0.53565241 -0.32251964 0.002963 1789527774.970366716 30.988 12.045 2.257 0.00000 -1 ACTUAL_TF
23.6788 0.1119907 -1.6747417 0.6737807 -0.40881743 0.66475988 -0.53566539 -0.32252939 0.002883 1789527775.026374340 31.138 11.895 2.239 0.00000 -1 ACTUAL_TF
23.7382 0.1120985 -1.6747019 0.6737788 -0.40881844 0.66476071 -0.53566527 -0.32252657 0.002633 1789527775.082447767 31.249 11.785 2.244 0.00000 -1 ACTUAL_TF
23.7841 0.1121956 -1.6746472 0.6737668 -0.40882131 0.66476956 -0.53565383 -0.32252372 0.002444 1789527775.138393402 31.350 11.683 2.264 0.00000 -1 ACTUAL_TF
23.8396 0.1122535 -1.6745488 0.6736943 -0.40884942 0.66482493 -0.53558221 -0.32249288 0.002435 1789527775.194390774 31.417 11.617 2.353 0.00000 -1 ACTUAL_TF
23.8979 0.1123239 -1.6745252 0.6737460 -0.40884648 0.66483498 -0.53557641 -0.32248552 0.002189 1789527775.250412226 31.489 11.545 2.306 0.00000 -1 ACTUAL_TF
23.9569 0.1124322 -1.6745438 0.6738958 -0.40883003 0.66484294 -0.53558806 -0.32247062 0.002528 1789527775.306396961 31.593 11.441 2.153 0.00000 -1 ACTUAL_TF
24.0146 0.1125100 -1.6745699 0.6740282 -0.40881304 0.66484944 -0.53559848 -0.32246144 0.002604 1789527775.362391949 31.666 11.368 2.015 0.00000 -1 ACTUAL_TF
24.0706 0.1125959 -1.6745836 0.6741783 -0.40880391 0.66486690 -0.53559555 -0.32244190 0.002753 1789527775.418344498 31.748 11.286 1.864 0.00000 -1 ACTUAL_TF
24.1272 0.1126693 -1.6746025 0.6743206 -0.40879685 0.66487568 -0.53559906 -0.32242692 0.002791 1789527775.474368095 31.817 11.217 1.719 0.00000 -1 ACTUAL_TF
24.1825 0.1127603 -1.6746550 0.6745369 -0.40877690 0.66487799 -0.53561926 -0.32241388 0.003240 1789527775.530416012 31.900 11.134 1.493 0.00000 -1 ACTUAL_TF
24.2397 0.1128209 -1.6746887 0.6747137 -0.40877947 0.66487321 -0.53562262 -0.32241491 0.003287 1789527775.586369038 31.955 11.079 1.312 0.00000 -1 ACTUAL_TF
24.2955 0.1128728 -1.6747315 0.6749387 -0.40881348 0.66485194 -0.53560737 -0.32244096 0.003557 1789527775.642425060 32.000 11.034 1.082 0.00000 -1 ACTUAL_TF
24.3465 0.1129454 -1.6747818 0.6751650 -0.40879632 0.66485520 -0.53562296 -0.32243010 0.003793 1789527775.698374033 32.064 10.970 0.848 0.00000 -1 ACTUAL_TF
24.4062 0.1129972 -1.6748229 0.6753445 -0.40878667 0.66486113 -0.53562664 -0.32242400 0.003680 1789527775.754354477 32.110 10.924 0.663 0.00000 -1 ACTUAL_TF
24.4659 0.1130659 -1.6748729 0.6755710 -0.40877381 0.66485878 -0.53564212 -0.32241945 0.003872 1789527775.810364485 32.170 10.863 0.430 0.00000 -1 ACTUAL_TF
24.5118 0.1131088 -1.6749190 0.6757569 -0.40879829 0.66483534 -0.53563756 -0.32244431 0.003761 1789527775.866388559 32.206 10.827 0.240 0.00000 -1 ACTUAL_TF
24.5744 0.1131813 -1.6749690 0.6759942 -0.40878536 0.66483478 -0.53565105 -0.32243945 0.003989 1789527775.922393322 32.271 10.763 0.060 0.00000 -1 ACTUAL_TF
24.6241 0.1132334 -1.6749969 0.6761603 -0.40878558 0.66483532 -0.53565008 -0.32243965 0.003736 1789527775.978413343 32.318 10.716 0.193 0.00000 -1 ACTUAL_TF
24.6882 0.1132943 -1.6750183 0.6763487 -0.40878881 0.66483703 -0.53564595 -0.32243890 0.003682 1789527776.034415722 32.374 10.660 0.381 0.00000 -1 ACTUAL_TF
24.7413 0.1133535 -1.6750567 0.6765154 -0.40878217 0.66483814 -0.53564884 -0.32244024 0.003548 1789527776.090381622 32.427 10.607 0.551 0.00000 -1 ACTUAL_TF
24.8029 0.1134186 -1.6750727 0.6766930 -0.40878895 0.66483885 -0.53564072 -0.32244365 0.003500 1789527776.146368027 32.488 10.546 0.731 0.00000 -1 ACTUAL_TF
24.8523 0.1135052 -1.6751197 0.6769029 -0.40878542 0.66483381 -0.53564736 -0.32244752 0.003692 1789527776.202413559 32.567 10.467 0.947 0.00000 -1 ACTUAL_TF
24.9098 0.1135711 -1.6751396 0.6770451 -0.40879554 0.66483220 -0.53563998 -0.32245025 0.003431 1789527776.258413792 32.629 10.405 1.092 0.00000 -1 ACTUAL_TF
24.9722 0.1136672 -1.6751691 0.6772384 -0.40879646 0.66483076 -0.53563969 -0.32245254 0.003570 1789527776.314363241 32.719 10.315 1.290 0.00000 -1 ACTUAL_TF
25.0252 0.1137599 -1.6751902 0.6773960 -0.40879838 0.66482619 -0.53564465 -0.32245129 0.003486 1789527776.370289087 32.807 10.227 1.451 0.00000 -1 ACTUAL_TF
25.0772 0.1138906 -1.6752313 0.6776067 -0.40880154 0.66481619 -0.53565036 -0.32245840 0.003785 1789527776.426372528 32.931 10.103 1.670 0.00000 -1 ACTUAL_TF
25.1326 0.1140024 -1.6752622 0.6777897 -0.40879974 0.66481967 -0.53564560 -0.32246142 0.003810 1789527776.482352972 33.036 9.997 1.858 0.00000 -1 ACTUAL_TF
25.1917 0.1141663 -1.6752987 0.6780027 -0.40879743 0.66481647 -0.53565074 -0.32246243 0.004119 1789527776.538392305 33.193 9.840 2.079 0.00000 -1 ACTUAL_TF
25.2482 0.1142933 -1.6753190 0.6781480 -0.40880042 0.66481327 -0.53564813 -0.32246955 0.003924 1789527776.594347954 33.316 9.718 2.230 0.00000 -1 ACTUAL_TF
25.3051 0.1144729 -1.6753449 0.6783139 -0.40880032 0.66480773 -0.53565354 -0.32247211 0.004063 1789527776.650369644 33.490 9.544 2.403 0.00000 -1 ACTUAL_TF
25.3536 0.1146099 -1.6753306 0.6783754 -0.40881002 0.66480930 -0.53564471 -0.32247126 0.003653 1789527776.706304312 33.627 9.407 2.465 0.00000 -1 ACTUAL_TF
25.4109 0.1147178 -1.6753091 0.6783927 -0.40881990 0.66480742 -0.53564179 -0.32246744 0.003153 1789527776.762370110 33.736 9.298 2.482 0.00000 -1 ACTUAL_TF
25.4668 0.1148349 -1.6753029 0.6784009 -0.40882040 0.66480492 -0.53564579 -0.32246533 0.002837 1789527776.818387032 33.853 9.181 2.492 0.00000 -1 ACTUAL_TF
25.5217 0.1149270 -1.6753264 0.6784145 -0.40880587 0.66480107 -0.53565881 -0.32247006 0.002500 1789527776.874373674 33.943 9.091 2.512 0.00000 -1 ACTUAL_TF
25.5806 0.1150517 -1.6753654 0.6784393 -0.40879075 0.66478740 -0.53568737 -0.32246996 0.002461 1789527776.930485010 34.063 8.970 2.548 0.00000 -1 ACTUAL_TF
25.6365 0.1151636 -1.6754174 0.6784668 -0.40876577 0.66477733 -0.53571763 -0.32247212 0.002401 1789527776.986403942 34.170 8.864 2.589 0.00000 -1 ACTUAL_TF
25.6931 0.1152939 -1.6754850 0.6784962 -0.40873798 0.66476136 -0.53575760 -0.32247386 0.002483 1789527777.042399645 34.294 8.740 2.637 0.00000 -1 ACTUAL_TF
25.7515 0.1153948 -1.6755180 0.6784727 -0.40872743 0.66475065 -0.53578016 -0.32247183 0.002320 1789527777.098413706 34.392 8.642 2.626 0.00000 -1 ACTUAL_TF
25.8025 0.1154632 -1.6754907 0.6783375 -0.40873491 0.66475424 -0.53576981 -0.32247213 0.002449 1789527777.154445887 34.465 8.569 2.491 0.00000 -1 ACTUAL_TF
25.8601 0.1155133 -1.6754364 0.6781358 -0.40875497 0.66476349 -0.53574371 -0.32247101 0.002864 1789527777.210487843 34.522 8.511 2.284 0.00000 -1 ACTUAL_TF
25.9181 0.1155370 -1.6753789 0.6779301 -0.40877573 0.66477601 -0.53571199 -0.32247159 0.003156 1789527777.266476393 34.554 8.480 2.071 0.00000 -1 ACTUAL_TF
25.9727 0.1155706 -1.6752936 0.6776639 -0.40880890 0.66478604 -0.53567426 -0.32247153 0.003718 1789527777.322455883 34.599 8.435 1.793 0.00000 -1 ACTUAL_TF
26.0325 0.1155857 -1.6752336 0.6774622 -0.40882843 0.66479317 -0.53564708 -0.32247723 0.003734 1789527777.378404379 34.622 8.412 1.584 0.00000 -1 ACTUAL_TF
26.0815 0.1156177 -1.6751809 0.6772461 -0.40884313 0.66477885 -0.53564257 -0.32249560 0.003818 1789527777.434366465 34.661 8.372 1.363 0.00000 -1 ACTUAL_TF
26.1411 0.1156538 -1.6751287 0.6770497 -0.40886393 0.66478021 -0.53562345 -0.32249817 0.003778 1789527777.490411997 34.705 8.329 1.161 0.00000 -1 ACTUAL_TF
26.2002 0.1156869 -1.6750637 0.6768036 -0.40888660 0.66478186 -0.53560051 -0.32250414 0.004020 1789527777.546408653 34.747 8.287 0.908 0.00000 -1 ACTUAL_TF
26.2490 0.1157399 -1.6750261 0.6765921 -0.40889448 0.66477297 -0.53559922 -0.32251462 0.003999 1789527777.602408171 34.806 8.227 0.697 0.00000 -1 ACTUAL_TF
26.3090 0.1157808 -1.6749818 0.6764114 -0.40890493 0.66476971 -0.53559176 -0.32252048 0.003820 1789527777.658412218 34.854 8.180 0.513 0.00000 -1 ACTUAL_TF
26.3668 0.1158287 -1.6749193 0.6761934 -0.40892132 0.66477020 -0.53557686 -0.32252341 0.003917 1789527777.714346409 34.910 8.124 0.289 0.00000 -1 ACTUAL_TF
26.4240 0.1158768 -1.6748893 0.6760482 -0.40891985 0.66476833 -0.53557761 -0.32252790 0.003576 1789527777.770389318 34.963 8.071 0.150 0.00000 -1 ACTUAL_TF
26.4713 0.1159682 -1.6748456 0.6758656 -0.40886573 0.66479496 -0.53561103 -0.32248613 0.003624 1789527777.826294184 35.060 7.974 0.077 0.00000 -1 ACTUAL_TF
26.5287 0.1160153 -1.6747886 0.6756885 -0.40888482 0.66479466 -0.53559467 -0.32248971 0.003564 1789527777.882346869 35.115 7.919 0.235 0.00000 -1 ACTUAL_TF
26.5864 0.1160774 -1.6747452 0.6754845 -0.40889217 0.66479641 -0.53558573 -0.32249165 0.003660 1789527777.938358784 35.183 7.850 0.440 0.00000 -1 ACTUAL_TF
26.6477 0.1161332 -1.6747073 0.6753160 -0.40889632 0.66479185 -0.53558524 -0.32249660 0.003534 1789527777.994384527 35.245 7.789 0.610 0.00000 -1 ACTUAL_TF
26.6990 0.1161906 -1.6746611 0.6751162 -0.40889662 0.66478599 -0.53558631 -0.32250650 0.003613 1789527778.050486088 35.309 7.725 0.813 0.00000 -1 ACTUAL_TF
26.7539 0.1162503 -1.6745868 0.6748667 -0.40890786 0.66479461 -0.53556994 -0.32250167 0.003962 1789527778.106387138 35.378 7.655 1.069 0.00000 -1 ACTUAL_TF
26.8122 0.1163180 -1.6745501 0.6746914 -0.40888272 0.66481104 -0.53557936 -0.32248402 0.003798 1789527778.162433386 35.452 7.582 1.246 0.00000 -1 ACTUAL_TF
26.8703 0.1163952 -1.6744868 0.6744491 -0.40889029 0.66480975 -0.53557616 -0.32248242 0.004064 1789527778.218378544 35.538 7.496 1.493 0.00000 -1 ACTUAL_TF
26.9223 0.1164505 -1.6744618 0.6742764 -0.40888811 0.66480681 -0.53557701 -0.32248983 0.003826 1789527778.274359226 35.598 7.436 1.666 0.00000 -1 ACTUAL_TF
26.9854 0.1165359 -1.6744316 0.6740809 -0.40888682 0.66480044 -0.53558446 -0.32249221 0.003832 1789527778.330346107 35.688 7.346 1.861 0.00000 -1 ACTUAL_TF
27.0355 0.1166058 -1.6743999 0.6739179 -0.40888358 0.66479819 -0.53558958 -0.32249246 0.003647 1789527778.386411905 35.763 7.271 2.025 0.00000 -1 ACTUAL_TF
27.0934 0.1166877 -1.6743623 0.6737438 -0.40886261 0.66480805 -0.53559998 -0.32248144 0.003601 1789527778.442528248 35.851 7.183 2.200 0.00000 -1 ACTUAL_TF
27.1454 0.1167545 -1.6743353 0.6736249 -0.40885351 0.66481024 -0.53560437 -0.32248119 0.003266 1789527778.498472929 35.921 7.113 2.320 0.00000 -1 ACTUAL_TF
27.2119 0.1168382 -1.6743032 0.6734993 -0.40885396 0.66480957 -0.53560442 -0.32248190 0.003113 1789527778.554453373 36.009 7.025 2.446 0.00000 -1 ACTUAL_TF
27.2599 0.1169330 -1.6742813 0.6734220 -0.40885226 0.66480724 -0.53560867 -0.32248182 0.002844 1789527778.610488892 36.107 6.927 2.523 0.00000 -1 ACTUAL_TF
27.3148 0.1170106 -1.6742734 0.6733822 -0.40884878 0.66480416 -0.53561550 -0.32248123 0.002460 1789527778.666492462 36.185 6.848 2.562 0.00000 -1 ACTUAL_TF
27.3730 0.1170941 -1.6742611 0.6733523 -0.40883982 0.66480440 -0.53562023 -0.32248423 0.002203 1789527778.722428799 36.270 6.764 2.591 0.00000 -1 ACTUAL_TF
27.4334 0.1171770 -1.6742531 0.6733540 -0.40883639 0.66479897 -0.53563034 -0.32248298 0.001988 1789527778.778374195 36.353 6.680 2.588 0.00000 -1 ACTUAL_TF
27.4810 0.1172582 -1.6742324 0.6733596 -0.40883120 0.66479696 -0.53563561 -0.32248496 0.001841 1789527778.834454298 36.436 6.598 2.584 0.00000 -1 ACTUAL_TF
27.5399 0.1173224 -1.6742008 0.6733600 -0.40883014 0.66479729 -0.53563495 -0.32248671 0.001672 1789527778.890501976 36.502 6.531 2.587 0.00000 -1 ACTUAL_TF
27.5984 0.1173828 -1.6741410 0.6733494 -0.40883685 0.66480287 -0.53562298 -0.32248660 0.001629 1789527778.946550131 36.568 6.466 2.607 0.00000 -1 ACTUAL_TF
27.6550 0.1174288 -1.6740846 0.6733610 -0.40884115 0.66481309 -0.53560754 -0.32248572 0.001535 1789527779.002533674 36.618 6.416 2.606 0.00000 -1 ACTUAL_TF
27.7107 0.1175199 -1.6740389 0.6734340 -0.40885094 0.66485891 -0.53556488 -0.32244968 0.001747 1789527779.058488607 36.711 6.323 2.543 0.00000 -1 ACTUAL_TF
27.7693 0.1176489 -1.6740929 0.6736849 -0.40881476 0.66485223 -0.53560412 -0.32244416 0.002764 1789527779.114375114 36.831 6.202 2.282 0.00000 -1 ACTUAL_TF
27.8178 0.1177655 -1.6741277 0.6738936 -0.40879454 0.66485877 -0.53562151 -0.32242742 0.003226 1789527779.170508385 36.941 6.092 2.067 0.00000 -1 ACTUAL_TF
27.8735 0.1178721 -1.6741649 0.6741231 -0.40877027 0.66486659 -0.53563457 -0.32242036 0.003630 1789527779.226442814 37.041 5.993 1.832 0.00000 -1 ACTUAL_TF
27.9299 0.1179521 -1.6741968 0.6743005 -0.40880051 0.66484996 -0.53562050 -0.32243968 0.003598 1789527779.282393217 37.115 5.919 1.650 0.00000 -1 ACTUAL_TF
27.9875 0.1180421 -1.6742426 0.6745264 -0.40879260 0.66484510 -0.53562861 -0.32244627 0.003842 1789527779.338486671 37.197 5.836 1.416 0.00000 -1 ACTUAL_TF
28.0436 0.1181371 -1.6742825 0.6747097 -0.40878269 0.66485070 -0.53563462 -0.32243730 0.003818 1789527779.394375086 37.286 5.748 1.226 0.00000 -1 ACTUAL_TF
28.0997 0.1182260 -1.6743205 0.6749168 -0.40879718 0.66483730 -0.53563182 -0.32245122 0.003892 1789527779.450640917 37.368 5.666 1.013 0.00000 -1 ACTUAL_TF
28.1586 0.1183143 -1.6743618 0.6751037 -0.40878439 0.66483878 -0.53564434 -0.32244358 0.003859 1789527779.506322384 37.450 5.584 0.819 0.00000 -1 ACTUAL_TF
28.2154 0.1184102 -1.6744127 0.6753304 -0.40877465 0.66483988 -0.53565171 -0.32244142 0.004048 1789527779.562358618 37.538 5.496 0.584 0.00000 -1 ACTUAL_TF
28.2756 0.1185015 -1.6744515 0.6755443 -0.40876932 0.66483570 -0.53566170 -0.32244018 0.004096 1789527779.618370771 37.622 5.412 0.365 0.00000 -1 ACTUAL_TF
28.3234 0.1185594 -1.6744952 0.6757329 -0.40879542 0.66481175 -0.53565504 -0.32246756 0.003949 1789527779.674409866 37.673 5.361 0.174 0.00000 -1 ACTUAL_TF
28.3841 0.1186460 -1.6745425 0.6759796 -0.40878274 0.66481153 -0.53566830 -0.32246205 0.004189 1789527779.730346680 37.752 5.282 0.104 0.00000 -1 ACTUAL_TF
28.4404 0.1187026 -1.6745685 0.6761408 -0.40878318 0.66481639 -0.53566327 -0.32245983 0.003858 1789527779.786343336 37.803 5.231 0.260 0.00000 -1 ACTUAL_TF
28.4913 0.1187727 -1.6746019 0.6763681 -0.40878424 0.66481372 -0.53566478 -0.32246148 0.003986 1789527779.842403650 37.867 5.167 0.490 0.00000 -1 ACTUAL_TF
28.5490 0.1188309 -1.6746404 0.6765555 -0.40878378 0.66481289 -0.53566518 -0.32246312 0.003862 1789527779.898414850 37.919 5.115 0.682 0.00000 -1 ACTUAL_TF
28.6088 0.1188871 -1.6746735 0.6767719 -0.40877754 0.66481580 -0.53566560 -0.32246432 0.003913 1789527779.954416037 37.968 5.065 0.902 0.00000 -1 ACTUAL_TF
28.6565 0.1189322 -1.6747071 0.6769518 -0.40880859 0.66479668 -0.53565194 -0.32248708 0.003749 1789527780.010406494 38.008 5.026 1.086 0.00000 -1 ACTUAL_TF
28.7134 0.1190126 -1.6747463 0.6771717 -0.40879682 0.66481105 -0.53565283 -0.32247089 0.003898 1789527780.066361427 38.081 4.953 1.311 0.00000 -1 ACTUAL_TF
28.7724 0.1190775 -1.6747626 0.6773505 -0.40880118 0.66481786 -0.53564417 -0.32246570 0.003750 1789527780.122441292 38.142 4.892 1.492 0.00000 -1 ACTUAL_TF
28.8249 0.1191371 -1.6747867 0.6775083 -0.40881745 0.66481591 -0.53563067 -0.32247152 0.003538 1789527780.178398132 38.197 4.837 1.653 0.00000 -1 ACTUAL_TF
28.8847 0.1192265 -1.6748282 0.6776979 -0.40881138 0.66481647 -0.53563676 -0.32246794 0.003622 1789527780.234381437 38.279 4.755 1.850 0.00000 -1 ACTUAL_TF
28.9417 0.1192933 -1.6748439 0.6778261 -0.40881167 0.66482209 -0.53563204 -0.32246384 0.003314 1789527780.290390730 38.343 4.691 1.980 0.00000 -1 ACTUAL_TF
28.9899 0.1193834 -1.6748693 0.6779708 -0.40881155 0.66482180 -0.53563350 -0.32246214 0.003244 1789527780.346355915 38.428 4.606 2.130 0.00000 -1 ACTUAL_TF
29.0472 0.1194510 -1.6748748 0.6780567 -0.40881445 0.66482904 -0.53562454 -0.32245844 0.002856 1789527780.402425528 38.493 4.540 2.218 0.00000 -1 ACTUAL_TF
29.1058 0.1195703 -1.6749063 0.6781939 -0.40881849 0.66482123 -0.53563170 -0.32245752 0.002988 1789527780.458420515 38.608 4.426 2.361 0.00000 -1 ACTUAL_TF
29.1624 0.1196601 -1.6748971 0.6782500 -0.40882587 0.66482644 -0.53561965 -0.32245745 0.002661 1789527780.514402390 38.697 4.337 2.418 0.00000 -1 ACTUAL_TF
29.2225 0.1197525 -1.6748791 0.6782785 -0.40883218 0.66482844 -0.53561385 -0.32245496 0.002390 1789527780.570409298 38.790 4.244 2.446 0.00000 -1 ACTUAL_TF
29.2747 0.1198714 -1.6748720 0.6782831 -0.40882923 0.66483120 -0.53561019 -0.32245908 0.002312 1789527780.626353025 38.909 4.125 2.453 0.00000 -1 ACTUAL_TF
29.3311 0.1200136 -1.6749031 0.6783044 -0.40880815 0.66482427 -0.53563235 -0.32246328 0.002406 1789527780.682363749 39.048 3.986 2.483 0.00000 -1 ACTUAL_TF
29.3900 0.1202231 -1.6749650 0.6783448 -0.40877955 0.66480463 -0.53567905 -0.32246247 0.002876 1789527780.738302231 39.251 3.783 2.541 0.00000 -1 ACTUAL_TF
29.4485 0.1204198 -1.6750410 0.6783879 -0.40874550 0.66478299 -0.53573108 -0.32246381 0.003164 1789527780.794388533 39.440 3.594 2.606 0.00000 -1 ACTUAL_TF
29.4951 0.1206017 -1.6750915 0.6783645 -0.40871618 0.66476906 -0.53576709 -0.32246987 0.003233 1789527780.850432634 39.618 3.416 2.602 0.00000 -1 ACTUAL_TF
29.5534 0.1207105 -1.6750680 0.6782423 -0.40872232 0.66476739 -0.53576596 -0.32246738 0.003145 1789527780.906656742 39.730 3.304 2.482 0.00000 -1 ACTUAL_TF
29.6113 0.1207989 -1.6749957 0.6780374 -0.40874273 0.66477628 -0.53573989 -0.32246650 0.003462 1789527780.962503672 39.827 3.207 2.269 0.00000 -1 ACTUAL_TF
29.6701 0.1208834 -1.6749335 0.6778416 -0.40876214 0.66478336 -0.53571739 -0.32246466 0.003597 1789527781.019293070 39.920 3.114 2.067 0.00000 -1 ACTUAL_TF
29.7277 0.1209411 -1.6748750 0.6776542 -0.40878009 0.66479263 -0.53569219 -0.32246469 0.003631 1789527781.074445963 39.985 3.049 1.873 0.00000 -1 ACTUAL_TF
29.7837 0.1210087 -1.6747988 0.6774263 -0.40880811 0.66480016 -0.53566310 -0.32246197 0.003878 1789527781.130475760 40.062 2.972 1.635 0.00000 -1 ACTUAL_TF
29.8351 0.1210651 -1.6747546 0.6772509 -0.40882405 0.66480272 -0.53564720 -0.32246290 0.003730 1789527781.186436892 40.125 2.909 1.457 0.00000 -1 ACTUAL_TF
29.8944 0.1211217 -1.6747029 0.6770556 -0.40884106 0.66480240 -0.53563183 -0.32246753 0.003735 1789527781.242458344 40.188 2.845 1.257 0.00000 -1 ACTUAL_TF
29.9528 0.1211660 -1.6746618 0.6768971 -0.40885303 0.66478706 -0.53563390 -0.32248053 0.003523 1789527781.298435926 40.239 2.795 1.095 0.00000 -1 ACTUAL_TF
30.0046 0.1212085 -1.6746091 0.6766944 -0.40887061 0.66478449 -0.53561912 -0.32248809 0.003613 1789527781.354348421 40.288 2.745 0.887 0.00000 -1 ACTUAL_TF
30.0570 0.1212375 -1.6745660 0.6765152 -0.40888617 0.66478515 -0.53560433 -0.32249156 0.003528 1789527781.410364389 40.324 2.710 0.704 0.00000 -1 ACTUAL_TF
30.1138 0.1212756 -1.6745246 0.6763236 -0.40889386 0.66477320 -0.53560525 -0.32250493 0.003541 1789527781.466301680 40.368 2.666 0.511 0.00000 -1 ACTUAL_TF
30.1759 0.1213035 -1.6744732 0.6760974 -0.40890873 0.66477023 -0.53559274 -0.32251297 0.003729 1789527781.522362471 40.404 2.630 0.282 0.00000 -1 ACTUAL_TF
30.2266 0.1213346 -1.6744429 0.6759511 -0.40891560 0.66476140 -0.53559411 -0.32252017 0.003427 1789527781.578431845 40.439 2.594 0.142 0.00000 -1 ACTUAL_TF
30.2854 0.1213597 -1.6744052 0.6757562 -0.40892184 0.66475316 -0.53559248 -0.32253196 0.003471 1789527781.634409666 40.471 2.563 0.096 0.00000 -1 ACTUAL_TF
30.3425 0.1213860 -1.6743675 0.6755868 -0.40892148 0.66475509 -0.53559119 -0.32253057 0.003371 1789527781.690377235 40.503 2.531 0.251 0.00000 -1 ACTUAL_TF
30.3926 0.1214259 -1.6743177 0.6753798 -0.40887336 0.66478812 -0.53560876 -0.32249432 0.003520 1789527781.746357679 40.550 2.484 0.458 0.00000 -1 ACTUAL_TF
30.4508 0.1214482 -1.6742788 0.6752025 -0.40888314 0.66478222 -0.53560250 -0.32250448 0.003444 1789527781.802386999 40.578 2.456 0.637 0.00000 -1 ACTUAL_TF
30.5130 0.1214779 -1.6742242 0.6749878 -0.40889159 0.66477884 -0.53559604 -0.32251148 0.003607 1789527781.858405590 40.616 2.418 0.856 0.00000 -1 ACTUAL_TF
30.5672 0.1214988 -1.6741749 0.6748155 -0.40889807 0.66478473 -0.53558323 -0.32251238 0.003492 1789527781.914356232 40.643 2.391 1.033 0.00000 -1 ACTUAL_TF
30.6213 0.1215433 -1.6741510 0.6746527 -0.40888934 0.66477993 -0.53559121 -0.32252010 0.003358 1789527781.970360041 40.692 2.342 1.197 0.00000 -1 ACTUAL_TF
30.6796 0.1216086 -1.6741103 0.6744745 -0.40886008 0.66479857 -0.53560388 -0.32249773 0.003390 1789527782.026367903 40.763 2.271 1.377 0.00000 -1 ACTUAL_TF
30.7311 0.1216620 -1.6740851 0.6743413 -0.40885980 0.66479648 -0.53560524 -0.32250012 0.003154 1789527782.082302809 40.821 2.213 1.511 0.00000 -1 ACTUAL_TF
30.7865 0.1217286 -1.6740562 0.6741797 -0.40885996 0.66478796 -0.53561059 -0.32250862 0.003155 1789527782.138402700 40.892 2.142 1.673 0.00000 -1 ACTUAL_TF
30.8457 0.1217944 -1.6740318 0.6740543 -0.40886202 0.66478337 -0.53561301 -0.32251142 0.002978 1789527782.194446564 40.962 2.072 1.799 0.00000 -1 ACTUAL_TF
30.8965 0.1218833 -1.6740058 0.6739217 -0.40886354 0.66477947 -0.53561595 -0.32251267 0.002951 1789527782.250444889 41.054 1.979 1.931 0.00000 -1 ACTUAL_TF
30.9552 0.1219654 -1.6739731 0.6738134 -0.40886256 0.66478135 -0.53561344 -0.32251418 0.002815 1789527782.306422949 41.141 1.893 2.041 0.00000 -1 ACTUAL_TF
31.0141 0.1221035 -1.6739377 0.6737022 -0.40886271 0.66477921 -0.53561563 -0.32251478 0.002940 1789527782.362404823 41.283 1.751 2.152 0.00000 -1 ACTUAL_TF
31.0759 0.1222647 -1.6739151 0.6736503 -0.40886088 0.66477140 -0.53562972 -0.32250981 0.002974 1789527782.418360949 41.446 1.588 2.202 0.00000 -1 ACTUAL_TF
31.1245 0.1224641 -1.6739037 0.6736220 -0.40884580 0.66476193 -0.53565188 -0.32251164 0.003160 1789527782.474468946 41.646 1.387 2.226 0.00000 -1 ACTUAL_TF
31.1887 0.1226510 -1.6738942 0.6736321 -0.40882356 0.66475439 -0.53567460 -0.32251763 0.003217 1789527782.530440092 41.833 1.201 2.213 0.00000 -1 ACTUAL_TF
31.2338 0.1227969 -1.6738767 0.6736454 -0.40881678 0.66474624 -0.53569141 -0.32251511 0.003042 1789527782.586419582 41.980 1.054 2.198 0.00000 -1 ACTUAL_TF
31.2964 0.1229145 -1.6738371 0.6736462 -0.40881063 0.66474909 -0.53569182 -0.32251635 0.002795 1789527782.642395973 42.100 0.934 2.200 0.00000 -1 ACTUAL_TF
31.3482 0.1230011 -1.6737959 0.6736398 -0.40880751 0.66475654 -0.53568467 -0.32251681 0.002469 1789527782.698627234 42.190 0.844 2.212 0.00000 -1 ACTUAL_TF
31.4042 0.1230928 -1.6736960 0.6735502 -0.40883918 0.66481605 -0.53561019 -0.32247771 0.002603 1789527782.754338026 42.291 0.743 2.317 0.00000 -1 ACTUAL_TF
31.4668 0.1231717 -1.6736521 0.6735697 -0.40884292 0.66482509 -0.53560060 -0.32247024 0.002317 1789527782.810439825 42.373 0.661 2.305 0.00000 -1 ACTUAL_TF
31.5182 0.1232712 -1.6736495 0.6736822 -0.40882481 0.66484455 -0.53559677 -0.32245946 0.002423 1789527782.866682529 42.470 0.563 2.193 0.00000 -1 ACTUAL_TF
31.5806 0.1233811 -1.6736760 0.6738514 -0.40880571 0.66486269 -0.53559985 -0.32244115 0.002790 1789527782.922488689 42.575 0.459 2.019 0.00000 -1 ACTUAL_TF
31.6310 0.1234786 -1.6737066 0.6740245 -0.40878795 0.66487113 -0.53561186 -0.32242633 0.003030 1789527782.978495598 42.667 0.367 1.840 0.00000 -1 ACTUAL_TF
31.6844 0.1235877 -1.6737418 0.6742250 -0.40877109 0.66488590 -0.53561716 -0.32240845 0.003359 1789527783.034439087 42.770 0.264 1.634 0.00000 -1 ACTUAL_TF
31.7374 0.1236627 -1.6737687 0.6743984 -0.40876633 0.66489177 -0.53561522 -0.32240557 0.003374 1789527783.090409517 42.839 0.194 1.457 0.00000 -1 ACTUAL_TF
31.7998 0.1237561 -1.6738178 0.6746249 -0.40880354 0.66486731 -0.53560036 -0.32243352 0.003699 1789527783.146495104 42.925 0.109 1.222 0.00000 -1 ACTUAL_TF
31.8590 0.1238490 -1.6738359 0.6747792 -0.40879989 0.66488085 -0.53559444 -0.32242005 0.003561 1789527783.202343225 43.013 0.020 1.065 0.00000 -1 ACTUAL_TF
31.9089 0.1239796 -1.6738734 0.6749713 -0.40879009 0.66488150 -0.53560689 -0.32241047 0.003751 1789527783.258481741 43.137 -0.104 0.866 0.00000 -1 ACTUAL_TF
31.9683 0.1240942 -1.6739122 0.6751338 -0.40877795 0.66487851 -0.53562202 -0.32240690 0.003712 1789527783.314433813 43.246 -0.212 0.695 0.00000 -1 ACTUAL_TF
32.0149 0.1242170 -1.6739441 0.6752800 -0.40880960 0.66485150 -0.53561399 -0.32243581 0.003635 1789527783.370422602 43.363 -0.330 0.541 0.00000 -1 ACTUAL_TF
32.0741 0.1243403 -1.6739425 0.6753695 -0.40879811 0.66486718 -0.53560692 -0.32242978 0.003361 1789527783.426447392 43.485 -0.451 0.452 0.00000 -1 ACTUAL_TF
32.1311 0.1244638 -1.6739494 0.6754495 -0.40880006 0.66486590 -0.53560902 -0.32242648 0.003142 1789527783.482391357 43.606 -0.572 0.370 0.00000 -1 ACTUAL_TF
32.1930 0.1246159 -1.6739578 0.6755443 -0.40879620 0.66486633 -0.53561335 -0.32242327 0.003159 1789527783.538510323 43.755 -0.722 0.274 0.00000 -1 ACTUAL_TF
32.2437 0.1247257 -1.6739420 0.6755892 -0.40879843 0.66487036 -0.53560552 -0.32242515 0.002853 1789527783.594503641 43.866 -0.832 0.238 0.00000 -1 ACTUAL_TF
32.3042 0.1248683 -1.6739400 0.6756465 -0.40881572 0.66485961 -0.53559654 -0.32244030 0.002820 1789527783.650465727 44.007 -0.973 0.185 0.00000 -1 ACTUAL_TF
32.3551 0.1250124 -1.6739312 0.6756873 -0.40881675 0.66485939 -0.53560058 -0.32243276 0.002778 1789527783.706459761 44.150 -1.117 0.155 0.00000 -1 ACTUAL_TF
32.4146 0.1251777 -1.6739208 0.6757126 -0.40881121 0.66487090 -0.53559190 -0.32243045 0.002842 1789527783.762501717 44.316 -1.282 0.137 0.00000 -1 ACTUAL_TF
32.4632 0.1253290 -1.6739140 0.6757323 -0.40881664 0.66486656 -0.53559349 -0.32242987 0.002809 1789527783.818355799 44.467 -1.433 0.123 0.00000 -1 ACTUAL_TF
32.5243 0.1255295 -1.6738988 0.6757543 -0.40882979 0.66485234 -0.53559768 -0.32243556 0.003051 1789527783.874319553 44.667 -1.634 0.116 0.00000 -1 ACTUAL_TF
32.5763 0.1257210 -1.6738808 0.6757559 -0.40883249 0.66485405 -0.53559655 -0.32243050 0.003166 1789527783.930347681 44.860 -1.826 0.118 0.00000 -1 ACTUAL_TF
32.6322 0.1258672 -1.6738745 0.6757565 -0.40882326 0.66485847 -0.53559669 -0.32243285 0.003000 1789527783.986336470 45.006 -1.972 0.112 0.00000 -1 ACTUAL_TF
32.6927 0.1260641 -1.6738604 0.6757528 -0.40882582 0.66486205 -0.53559343 -0.32242764 0.003157 1789527784.042365313 45.203 -2.170 0.110 0.00000 -1 ACTUAL_TF
32.7490 0.1262265 -1.6738653 0.6757652 -0.40881423 0.66485734 -0.53560381 -0.32243481 0.003083 1789527784.098361254 45.365 -2.331 0.092 0.00000 -1 ACTUAL_TF
32.8089 0.1264185 -1.6738735 0.6757783 -0.40880663 0.66484944 -0.53561698 -0.32243885 0.003191 1789527784.154342175 45.555 -2.521 0.071 0.00000 -1 ACTUAL_TF
32.8567 0.1265779 -1.6738803 0.6757841 -0.40879943 0.66484783 -0.53562242 -0.32244226 0.003088 1789527784.210369587 45.713 -2.679 0.057 0.00000 -1 ACTUAL_TF
32.9186 0.1267710 -1.6738843 0.6757924 -0.40880261 0.66483752 -0.53562869 -0.32244907 0.003197 1789527784.266402483 45.905 -2.871 0.050 0.00000 -1 ACTUAL_TF
32.9748 0.1269195 -1.6738902 0.6758019 -0.40879252 0.66483451 -0.53563632 -0.32245540 0.003036 1789527784.322371721 46.053 -3.019 0.055 0.00000 -1 ACTUAL_TF
33.0302 0.1271082 -1.6738912 0.6758107 -0.40878391 0.66483114 -0.53564827 -0.32245341 0.003138 1789527784.378351450 46.240 -3.207 0.066 0.00000 -1 ACTUAL_TF
33.0896 0.1272958 -1.6738879 0.6758166 -0.40877797 0.66482871 -0.53565804 -0.32244973 0.003202 1789527784.434360504 46.427 -3.394 0.076 0.00000 -1 ACTUAL_TF
33.1394 0.1274298 -1.6738882 0.6758221 -0.40876852 0.66482893 -0.53566372 -0.32245180 0.002957 1789527784.490533113 46.561 -3.527 0.087 0.00000 -1 ACTUAL_TF
33.1972 0.1275974 -1.6738736 0.6758244 -0.40877176 0.66482422 -0.53566862 -0.32244928 0.002975 1789527784.546331167 46.729 -3.695 0.092 0.00000 -1 ACTUAL_TF
33.2473 0.1277310 -1.6738693 0.6758272 -0.40877560 0.66481883 -0.53567434 -0.32244601 0.002797 1789527784.602459192 46.863 -3.829 0.098 0.00000 -1 ACTUAL_TF
33.3036 0.1278643 -1.6738580 0.6758253 -0.40878269 0.66481553 -0.53567079 -0.32244973 0.002676 1789527784.658374548 46.996 -3.963 0.098 0.00000 -1 ACTUAL_TF
33.3643 0.1279683 -1.6738495 0.6758241 -0.40878097 0.66481718 -0.53566898 -0.32245151 0.002431 1789527784.714450121 47.101 -4.067 0.099 0.00000 -1 ACTUAL_TF
33.4217 0.1280973 -1.6738390 0.6758240 -0.40878040 0.66481706 -0.53567018 -0.32245050 0.002395 1789527784.770447016 47.230 -4.196 0.101 0.00000 -1 ACTUAL_TF
33.4810 0.1281897 -1.6738377 0.6758275 -0.40877795 0.66481498 -0.53567037 -0.32245758 0.002172 1789527784.826413870 47.322 -4.288 0.108 0.00000 -1 ACTUAL_TF
33.5379 0.1283063 -1.6738326 0.6758290 -0.40878914 0.66480625 -0.53566787 -0.32246552 0.002146 1789527784.882441759 47.439 -4.405 0.112 0.00000 -1 ACTUAL_TF
33.5876 0.1284088 -1.6738242 0.6758278 -0.40878612 0.66480866 -0.53566553 -0.32246830 0.002053 1789527784.938408136 47.542 -4.508 0.113 0.00000 -1 ACTUAL_TF
33.6507 0.1285041 -1.6738181 0.6758286 -0.40878574 0.66480779 -0.53567012 -0.32246294 0.001949 1789527784.994441509 47.637 -4.603 0.116 0.00000 -1 ACTUAL_TF
33.7032 0.1285916 -1.6738121 0.6758244 -0.40878201 0.66481333 -0.53566628 -0.32246261 0.001830 1789527785.051030874 47.725 -4.691 0.114 0.00000 -1 ACTUAL_TF
33.7541 0.1286658 -1.6738021 0.6758212 -0.40878466 0.66481428 -0.53566636 -0.32245717 0.001687 1789527785.106392622 47.800 -4.766 0.110 0.00000 -1 ACTUAL_TF
33.8111 0.1287441 -1.6737961 0.6758225 -0.40878398 0.66481325 -0.53566998 -0.32245414 0.001601 1789527785.162438393 47.878 -4.844 0.113 0.00000 -1 ACTUAL_TF
33.8681 0.1287986 -1.6737974 0.6758240 -0.40878241 0.66481259 -0.53567284 -0.32245274 0.001413 1789527785.218471766 47.932 -4.899 0.117 0.00000 -1 ACTUAL_TF
33.9236 0.1288485 -1.6737912 0.6758228 -0.40878291 0.66481315 -0.53567260 -0.32245135 0.001259 1789527785.274429321 47.983 -4.949 0.116 0.00000 -1 ACTUAL_TF
33.9847 0.1288851 -1.6737890 0.6758234 -0.40878180 0.66481313 -0.53567404 -0.32245041 0.001077 1789527785.330446243 48.019 -4.985 0.117 0.00000 -1 ACTUAL_TF
34.0353 0.1289101 -1.6737897 0.6758243 -0.40878252 0.66481180 -0.53567598 -0.32244902 0.000888 1789527785.386458158 48.044 -5.010 0.120 0.00000 -1 ACTUAL_TF
