WELD FEEDBACK LOG
result=completed
started=2026-09-14 11:38:24
ended=2026-09-14 11:39:21
elapsed_seconds=56.885

================ OPERATOR OVERVIEW ================
REQUESTED : 100 A / 10.0 V · FE-SOLID 1.2 mm · LSM · CO2 100%
RX ECHO   : 100 A / 10.0 V · MATCH=YES
CURRENT FB: avg 82.42 · min 3.00 · max 205.00 A
VOLTAGE FB: avg 15.03 · min 3.00 · max 57.10 V
WIRE FEED : avg 3.20 · min 3.20 · max 3.20 m/min
WCR       : DETECTED
SAMPLES   : RX 1423 / welding 1344 / TCP 998
===================================================

[commanded]
current_a=100
voltage_tenths=100
voltage=10.0
material=FE-SOLID
diameter_mm=1.2
mode=LSM
gas=CO2 100%
synergic=False
correction=0.0
pre_gas_s=0.0
post_gas_s=0.0
preflow_seconds=0.0

[rx_setting_echo]
current_a=100
voltage_v=10.0

[rx_welding_setting_echo]
current_a=100
voltage_v=10.0

[execution_conditions]
mode=sequence_execute
run_all=True
touch_io_backend=fastech_ethernet
touch_input_port=4
touch_sensing_output_port=0
fastech_ip=192.168.0.3
fastech_poll_target_hz=100.0
hicomm_source_ip=192.168.1.2
hicomm_welder_ip=192.168.1.10
hicomm_port=60000
gui_velocity_percent=36.95263157894737
gui_speed_mode=scale
gui_tcp_speed_mm_s=10.0
gui_interpolation_step_mm=5.0
seam_wall_offset_mm=0.0
seam_floor_offset_mm=0.0
seam_orientation_mode=Wait poses + fixed World-XYZ tilt
weld_fixed_tilt_x_deg=0.0
weld_fixed_tilt_y_deg=0.0
weld_fixed_tilt_z_deg=-0.0
weld_weave_enabled=False
weld_weave_pattern=sine
weld_weave_amplitude_mm=2.8
weld_weave_cycles=4
weld_weave_samples_per_cycle=8
weld_weave_axis=tool_x
weld_lead_in_mm=0.0
weld_lead_out_mm=5.0
weld_safe_approach_mm=30.0
weld_approach_mode=taught_wait
weld_pre_start_lead_mm=0.0
weld_tcp_speed_mm_s=3.5
weld_adaptive_line_energy=False
weld_adaptive_min_percent=85.0
weld_adaptive_max_percent=100.0
weld_adaptive_filter_tau_s=0.7
weld_adaptive_baseline_mm=6.0
weld_arc_off_delay_ms=500.0
weld_arc_stabilize_s=0.0
tcp_tracking.parent_frame=World
tcp_tracking.child_frame=right_manipulator_ee_point
tcp_tracking.timestamp_source=TF_header_stamp
initial_fastech_di0=False
initial_fastech_do0=True
robot_connected.left=True
robot_connected.right=True
robot_connected.head=True
hicomm_connected=True
execution_allowed=True
steps[0].sequence_number=1
steps[0].type=named_pose
steps[0].parallel_slot=1
steps[0].duration=0.0
steps[0].planning_group=right_manipulator
steps[0].velocity_scale=0.3695263157894737
steps[0].tcp_speed_m_s=0.0
steps[0].pose_name=weld_start_wait
steps[0].pose_label=3 · Weld start wait pose
steps[0].touch_guard=False
steps[0].continue_after_touch=False
steps[0].weld_scenario_id=weld-7948707519274
steps[0].weld_scenario_stage=start_wait
steps[0].target_tcp.position_m.x=0.03555377922684433
steps[0].target_tcp.position_m.y=-1.7629982231980013
steps[0].target_tcp.position_m.z=0.6634279946324684
steps[0].target_tcp.orientation_xyzw.x=-0.45144924746906906
steps[0].target_tcp.orientation_xyzw.y=0.7437969507722324
steps[0].target_tcp.orientation_xyzw.z=-0.43211738686962725
steps[0].target_tcp.orientation_xyzw.w=-0.23713759074955934
steps[0].joint_names[0]=right_manipulator_joint1
steps[0].joint_names[1]=right_manipulator_joint2
steps[0].joint_names[2]=right_manipulator_joint3
steps[0].joint_names[3]=right_manipulator_joint4
steps[0].joint_names[4]=right_manipulator_joint5
steps[0].joint_names[5]=right_manipulator_joint6
steps[0].joint_positions_rad[0]=5.0539883923514095
steps[0].joint_positions_rad[1]=1.1962923611377574
steps[0].joint_positions_rad[2]=1.7691810553492973
steps[0].joint_positions_rad[3]=3.479269761903044
steps[0].joint_positions_rad[4]=0.8634793168184542
steps[0].joint_positions_rad[5]=1.5028455052654157
steps[1].sequence_number=2
steps[1].type=motion
steps[1].parallel_slot=2
steps[1].duration=0.0
steps[1].planning_group=right_manipulator
steps[1].velocity_scale=0.3695263157894737
steps[1].tcp_speed_m_s=0.0
steps[1].interpolation_step=0.005
steps[1].path_kind=taught_wait_align_weld_attitude
steps[1].touch_guard=False
steps[1].continue_after_touch=False
steps[1].accept_initial_touch=False
steps[1].weld_scenario_id=weld-7948707519274
steps[1].weld_scenario_stage=start_safe
steps[1].waypoint_count=1
steps[1].waypoints[0].position_m.x=0.03555377922684433
steps[1].waypoints[0].position_m.y=-1.7629982231980013
steps[1].waypoints[0].position_m.z=0.6634279946324684
steps[1].waypoints[0].orientation_xyzw.x=-0.4514482126691748
steps[1].waypoints[0].orientation_xyzw.y=0.7437903121013001
steps[1].waypoints[0].orientation_xyzw.z=-0.43212868422881806
steps[1].waypoints[0].orientation_xyzw.w=-0.23713979667851745
steps[2].sequence_number=3
steps[2].type=motion
steps[2].parallel_slot=3
steps[2].duration=0.0
steps[2].planning_group=right_manipulator
steps[2].velocity_scale=0.3695263157894737
steps[2].tcp_speed_m_s=0.0
steps[2].interpolation_step=0.005
steps[2].path_kind=taught_wait_to_weld_start
steps[2].touch_guard=False
steps[2].continue_after_touch=True
steps[2].accept_initial_touch=False
steps[2].weld_scenario_id=weld-7948707519274
steps[2].weld_scenario_stage=start_contact
steps[2].lead_in_mm=0.0
steps[2].waypoint_count=1
steps[2].waypoints[0].position_m.x=0.035558048364724315
steps[2].waypoints[0].position_m.y=-1.7630072241246002
steps[2].waypoints[0].position_m.z=0.6585365274538237
steps[2].waypoints[0].orientation_xyzw.x=-0.4514482126691748
steps[2].waypoints[0].orientation_xyzw.y=0.7437903121013001
steps[2].waypoints[0].orientation_xyzw.z=-0.43212868422881806
steps[2].waypoints[0].orientation_xyzw.w=-0.23713979667851745
steps[3].sequence_number=4
steps[3].type=digital_output
steps[3].parallel_slot=4
steps[3].duration=0.0
steps[3].port=0
steps[3].value=False
steps[3].weld_scenario_id=weld-7948707519274
steps[3].weld_scenario_stage=touch_output_off
steps[4].sequence_number=5
steps[4].type=digital_weld
steps[4].parallel_slot=5
steps[4].duration=0.0
steps[4].command=on
steps[4].weld_scenario_id=weld-7948707519274
steps[4].weld_scenario_stage=arc_on
steps[4].arc_stabilize_s=0.0
steps[4].settings.current_a=100
steps[4].settings.voltage_tenths=100
steps[4].settings.voltage=10.0
steps[4].settings.material=FE-SOLID
steps[4].settings.diameter_mm=1.2
steps[4].settings.mode=LSM
steps[4].settings.gas=CO2 100%
steps[4].settings.synergic=False
steps[4].settings.correction=0.0
steps[4].settings.pre_gas_s=0.0
steps[4].settings.post_gas_s=0.0
steps[4].settings.preflow_seconds=0.0
steps[5].sequence_number=6
steps[5].type=motion
steps[5].parallel_slot=5
steps[5].duration=0.0
steps[5].planning_group=right_manipulator
steps[5].velocity_scale=0.3695263157894737
steps[5].tcp_speed_m_s=0.0035
steps[5].interpolation_step=0.005
steps[5].path_kind=continuous_lead_to_lead_over_taught_goal_fastech_di0_ignored
steps[5].touch_guard=False
steps[5].continue_after_touch=False
steps[5].weld_scenario_id=weld-7948707519274
steps[5].weld_scenario_stage=weld_motion
steps[5].lead_in_mm=0.0
steps[5].lead_out_mm=5.0
steps[5].linear_motion_profile=True
steps[5].adaptive_line_energy=False
steps[5].adaptive_min_factor=0.85
steps[5].adaptive_max_factor=1.0
steps[5].adaptive_filter_tau_s=0.7
steps[5].adaptive_baseline_mm=6.0
steps[5].adaptive_end_freeze_mm=10.0
steps[5].adaptive_current_deadband_a=8.0
steps[5].adaptive_power_deadband_ratio=0.05
steps[5].adaptive_slew_m_s2=0.00025
steps[5].adaptive_update_period_s=0.5
steps[5].arc_stabilize_s=0.0
steps[5].waypoint_count=2
steps[5].waypoints[0].position_m.x=0.035558048364724315
steps[5].waypoints[0].position_m.y=-1.7630072241246002
steps[5].waypoints[0].position_m.z=0.6585365274538237
steps[5].waypoints[0].orientation_xyzw.x=-0.4514482126691748
steps[5].waypoints[0].orientation_xyzw.y=0.7437903121013001
steps[5].waypoints[0].orientation_xyzw.z=-0.43212868422881806
steps[5].waypoints[0].orientation_xyzw.w=-0.23713979667851745
steps[5].waypoints[1].position_m.x=0.03036123736657022
steps[5].waypoints[1].position_m.y=-1.5745092968464816
steps[5].waypoints[1].position_m.z=0.6608967831339904
steps[5].waypoints[1].orientation_xyzw.x=-0.4514651561103493
steps[5].waypoints[1].orientation_xyzw.y=0.7437968015565868
steps[5].waypoints[1].orientation_xyzw.z=-0.4320924376795807
steps[5].waypoints[1].orientation_xyzw.w=-0.23715323340103767
steps[5].lead_start.position_m.x=0.035558048364724315
steps[5].lead_start.position_m.y=-1.7630072241246002
steps[5].lead_start.position_m.z=0.6585365274538237
steps[5].lead_start.orientation_xyzw.x=-0.4514482126691748
steps[5].lead_start.orientation_xyzw.y=0.7437903121013001
steps[5].lead_start.orientation_xyzw.z=-0.43212868422881806
steps[5].lead_start.orientation_xyzw.w=-0.23713979667851745
steps[5].usable_seam_start.position_m.x=0.035558048364724315
steps[5].usable_seam_start.position_m.y=-1.7630072241246002
steps[5].usable_seam_start.position_m.z=0.6585365274538237
steps[5].usable_seam_start.orientation_xyzw.x=-0.4514482126691748
steps[5].usable_seam_start.orientation_xyzw.y=0.7437903121013001
steps[5].usable_seam_start.orientation_xyzw.z=-0.43212868422881806
steps[5].usable_seam_start.orientation_xyzw.w=-0.23713979667851745
steps[5].usable_seam_goal.position_m.x=0.030499022177162494
steps[5].usable_seam_goal.position_m.y=-1.5795070062525531
steps[5].usable_seam_goal.position_m.z=0.6608342048755245
steps[5].usable_seam_goal.orientation_xyzw.x=-0.4514651561103493
steps[5].usable_seam_goal.orientation_xyzw.y=0.7437968015565868
steps[5].usable_seam_goal.orientation_xyzw.z=-0.4320924376795807
steps[5].usable_seam_goal.orientation_xyzw.w=-0.23715323340103767
steps[5].lead_end.position_m.x=0.03036123736657022
steps[5].lead_end.position_m.y=-1.5745092968464816
steps[5].lead_end.position_m.z=0.6608967831339904
steps[5].lead_end.orientation_xyzw.x=-0.4514651561103493
steps[5].lead_end.orientation_xyzw.y=0.7437968015565868
steps[5].lead_end.orientation_xyzw.z=-0.4320924376795807
steps[5].lead_end.orientation_xyzw.w=-0.23715323340103767
steps[6].sequence_number=7
steps[6].type=digital_weld
steps[6].parallel_slot=5
steps[6].duration=0.0
steps[6].velocity_scale=0.3695263157894737
steps[6].tcp_speed_m_s=0.0035
steps[6].command=off
steps[6].weld_scenario_id=weld-7948707519274
steps[6].weld_scenario_stage=arc_off
steps[6].lead_in_mm=0.0
steps[6].lead_out_mm=5.0
steps[6].adaptive_line_energy=False
steps[6].trigger_before_goal=True
steps[6].arc_off_delay_s=0.5
steps[6].settings.current_a=100
steps[6].settings.voltage_tenths=100
steps[6].settings.voltage=10.0
steps[6].settings.material=FE-SOLID
steps[6].settings.diameter_mm=1.2
steps[6].settings.mode=LSM
steps[6].settings.gas=CO2 100%
steps[6].settings.synergic=False
steps[6].settings.correction=0.0
steps[6].settings.pre_gas_s=0.0
steps[6].settings.post_gas_s=0.0
steps[6].settings.preflow_seconds=0.0
steps[7].sequence_number=8
steps[7].type=motion
steps[7].parallel_slot=6
steps[7].duration=0.0
steps[7].planning_group=right_manipulator
steps[7].velocity_scale=0.3695263157894737
steps[7].tcp_speed_m_s=0.0
steps[7].interpolation_step=0.005
steps[7].path_kind=weld_end_to_taught_wait_fixed_attitude
steps[7].pose_name=weld_goal_wait
steps[7].pose_label=5 · Weld goal wait pose
steps[7].touch_guard=False
steps[7].continue_after_touch=False
steps[7].weld_scenario_id=weld-7948707519274
steps[7].weld_scenario_stage=goal_wait
steps[7].waypoint_count=1
steps[7].waypoints[0].position_m.x=0.030482001445073292
steps[7].waypoints[0].position_m.y=-1.579495930128774
steps[7].waypoints[0].position_m.z=0.6652763717822316
steps[7].waypoints[0].orientation_xyzw.x=-0.4514651561103493
steps[7].waypoints[0].orientation_xyzw.y=0.7437968015565868
steps[7].waypoints[0].orientation_xyzw.z=-0.4320924376795807
steps[7].waypoints[0].orientation_xyzw.w=-0.23715323340103767
steps[8].sequence_number=9
steps[8].type=named_pose
steps[8].parallel_slot=7
steps[8].duration=0.0
steps[8].planning_group=right_manipulator
steps[8].velocity_scale=0.3695263157894737
steps[8].tcp_speed_m_s=0.0
steps[8].pose_name=weld_finish
steps[8].pose_label=7 · Weld end pose
steps[8].touch_guard=False
steps[8].continue_after_touch=False
steps[8].weld_scenario_id=weld-7948707519274
steps[8].weld_scenario_stage=finish
steps[8].target_tcp.position_m.x=0.030481985415025448
steps[8].target_tcp.position_m.y=-1.5794638403622467
steps[8].target_tcp.position_m.z=0.7023869455098894
steps[8].target_tcp.orientation_xyzw.x=-0.45147309409624453
steps[8].target_tcp.orientation_xyzw.y=0.7437978870162864
steps[8].target_tcp.orientation_xyzw.z=-0.4320835314365064
steps[8].target_tcp.orientation_xyzw.w=-0.23715094441858917
steps[8].joint_names[0]=right_manipulator_joint1
steps[8].joint_names[1]=right_manipulator_joint2
steps[8].joint_names[2]=right_manipulator_joint3
steps[8].joint_names[3]=right_manipulator_joint4
steps[8].joint_names[4]=right_manipulator_joint5
steps[8].joint_names[5]=right_manipulator_joint6
steps[8].joint_positions_rad[0]=5.124612228667003
steps[8].joint_positions_rad[1]=1.1314740828404823
steps[8].joint_positions_rad[2]=2.009594593804838
steps[8].joint_positions_rad[3]=3.5103403297087805
steps[8].joint_positions_rad[4]=1.0303149075192313
steps[8].joint_positions_rad[5]=1.5702723498504234
steps[9].sequence_number=10
steps[9].type=digital_output
steps[9].parallel_slot=8
steps[9].duration=0.0
steps[9].port=0
steps[9].value=True
steps[9].weld_scenario_id=weld-7948707519274
steps[9].weld_scenario_stage=touch_output_on
hicomm_cyclic_period_ms=40.0
arc_wait_recognition=True
arc_wait_main_welding=True
arc_wait_established=True
arc_establishment_timeout_s=5.0

[summary]
rx_samples=1423
welding_samples=1344
wcr_seen=1
current_a.min=3.0
current_a.average=82.42310577644412
current_a.max=205.0
voltage_v.min=3.0
voltage_v.average=15.02700892857138
voltage_v.max=57.1
wire_feed_m_min.min=3.2
wire_feed_m_min.average=3.1999999999999202
wire_feed_m_min.max=3.2

[arc_off_control]
arc_established_elapsed_s=0.8937579149996964
delay_s=0.5
speed_source=tcp_setpoint_projected_along_seam
trigger_speed_m_s=0.0034999999999999996
calculated_pre_off_distance_m=0.0017499999999999998
seam_length_m=0.18358432129838695
trigger_along_m=0.18183432129838695
actual_along_m=0.18189777380921926
actual_remaining_to_goal_m=0.001686547489167689
tcp_x_m=0.030560042222996908
tcp_y_m=-1.5811928480232995
tcp_z_m=0.6608504639477939
command_elapsed_s=53.624863764999645
sequence_clear_elapsed_s=56.88407297100002
extinction_current_threshold_a=10.0
feedback_current_extinguished_elapsed_s=54.04559817599966
feedback_extinction_delay_s=0.4207344110000122
feedback_recommended_pre_off_distance_m=0.0014725704385000426
wcr_clear_elapsed_s=54.566090980999434
wcr_clear_delay_s=0.9412272159997883

[adaptive_speed_control]
enabled=False

[adaptive_speed_samples]
elapsed_s event along_mm remaining_mm filtered_current_a filtered_voltage_v power_w line_energy_j_mm governed_speed_mm_s commanded_speed_mm_s

[teaching_snapshot_yaml]
robot_start:
  planning_group: right_manipulator
  joint_state:
    names:
    - right_manipulator_joint1
    - right_manipulator_joint2
    - right_manipulator_joint3
    - right_manipulator_joint4
    - right_manipulator_joint5
    - right_manipulator_joint6
    positions_rad:
    - 5.035029881183354
    - 1.2636964356954448
    - 1.9258673391357821
    - 3.3830883675542873
    - 1.500601525730915
    - 1.8136513181797673
  tcp_pose_world:
    position_m:
      x: 0.01556545751256777
      y: -1.7159808817302935
      z: 0.7627047053950697
    orientation_xyzw:
      x: -0.32362288768645114
      y: 0.6734378245853714
      z: -0.6201634640919881
      w: -0.2390543887667213
weld_wait:
  planning_group: right_manipulator
  joint_state:
    names:
    - right_manipulator_joint1
    - right_manipulator_joint2
    - right_manipulator_joint3
    - right_manipulator_joint4
    - right_manipulator_joint5
    - right_manipulator_joint6
    positions_rad:
    - 5.0539883923514095
    - 1.1589907953295624
    - 1.7920730554474003
    - 3.4834730290515163
    - 0.8498595115296255
    - 1.4963527185278027
  tcp_pose_world:
    position_m:
      x: 0.03548682596294217
      y: -1.762881729602661
      z: 0.6962272742564597
    orientation_xyzw:
      x: -0.4514898308016516
      y: 0.743783752703836
      z: -0.43208294921709756
      w: -0.23716447223888731
weld_start_wait:
  planning_group: right_manipulator
  joint_state:
    names:
    - right_manipulator_joint1
    - right_manipulator_joint2
    - right_manipulator_joint3
    - right_manipulator_joint4
    - right_manipulator_joint5
    - right_manipulator_joint6
    positions_rad:
    - 5.0539883923514095
    - 1.1962923611377574
    - 1.7691810553492973
    - 3.479269761903044
    - 0.8634793168184542
    - 1.5028455052654157
  tcp_pose_world:
    position_m:
      x: 0.03555377922684433
      y: -1.7629982231980013
      z: 0.6634279946324684
    orientation_xyzw:
      x: -0.45144924746906906
      y: 0.7437969507722324
      z: -0.43211738686962725
      w: -0.23713759074955934
weld_start:
  planning_group: right_manipulator
  joint_state:
    names:
    - right_manipulator_joint1
    - right_manipulator_joint2
    - right_manipulator_joint3
    - right_manipulator_joint4
    - right_manipulator_joint5
    - right_manipulator_joint6
    positions_rad:
    - 5.0539883923514095
    - 1.2018473156974991
    - 1.7656726069292268
    - 3.4786772085605016
    - 0.8654347428488449
    - 1.5037453873977535
  tcp_pose_world:
    position_m:
      x: 0.035558048364724315
      y: -1.7630072241246002
      z: 0.6585365274538237
    orientation_xyzw:
      x: -0.4514482126691748
      y: 0.7437903121013001
      z: -0.43212868422881806
      w: -0.23713979667851745
weld_goal_wait:
  planning_group: right_manipulator
  joint_state:
    names:
    - right_manipulator_joint1
    - right_manipulator_joint2
    - right_manipulator_joint3
    - right_manipulator_joint4
    - right_manipulator_joint5
    - right_manipulator_joint6
    positions_rad:
    - 5.124612228667003
    - 1.1775125480788455
    - 1.9821423298141376
    - 3.5064028460370986
    - 1.0476861080985727
    - 1.5778928521516307
  tcp_pose_world:
    position_m:
      x: 0.030482001445073292
      y: -1.579495930128774
      z: 0.6652763717822316
    orientation_xyzw:
      x: -0.4515182040924613
      y: 0.7437644293045492
      z: -0.43208015419862433
      w: -0.2371761485101099
weld_end:
  planning_group: right_manipulator
  joint_state:
    names:
    - right_manipulator_joint1
    - right_manipulator_joint2
    - right_manipulator_joint3
    - right_manipulator_joint4
    - right_manipulator_joint5
    - right_manipulator_joint6
    positions_rad:
    - 5.124612228667003
    - 1.1829840125384132
    - 1.9787402746796159
    - 3.5059967139708617
    - 1.0496187641016432
    - 1.5788687675330904
  tcp_pose_world:
    position_m:
      x: 0.030499022177162494
      y: -1.5795070062525531
      z: 0.6608342048755245
    orientation_xyzw:
      x: -0.4514651561103493
      y: 0.7437968015565868
      z: -0.4320924376795807
      w: -0.23715323340103767
weld_finish:
  planning_group: right_manipulator
  joint_state:
    names:
    - right_manipulator_joint1
    - right_manipulator_joint2
    - right_manipulator_joint3
    - right_manipulator_joint4
    - right_manipulator_joint5
    - right_manipulator_joint6
    positions_rad:
    - 5.124612228667003
    - 1.1314740828404823
    - 2.009594593804838
    - 3.5103403297087805
    - 1.0303149075192313
    - 1.5702723498504234
  tcp_pose_world:
    position_m:
      x: 0.030481985415025448
      y: -1.5794638403622467
      z: 0.7023869455098894
    orientation_xyzw:
      x: -0.45147309409624453
      y: 0.7437978870162864
      z: -0.4320835314365064
      w: -0.23715094441858917

[touch_snapshot_yaml]
{}

[samples]
elapsed_s raw0 state arc gas fwd wcr current_a voltage_v wire_feed_m_min set_current_a set_voltage_v error db collision
0.009 0x00 idle 0 0 0 0 0 0.0 0.0 100 10.0 0 0 0
0.048 0x00 idle 0 0 0 0 0 0.0 0.0 100 10.0 0 0 0
0.085 0x09 main_weld 1 1 0 0 0 0.0 0.0 100 10.0 0 0 0
0.126 0x09 main_weld 1 1 0 0 0 0.0 0.0 100 10.0 0 0 0
0.165 0x09 main_weld 1 1 0 0 0 0.0 0.0 100 10.0 0 0 0
0.209 0x09 main_weld 1 1 0 0 0 0.0 0.0 100 10.0 0 0 0
0.246 0x09 main_weld 1 1 0 0 0 0.0 0.0 100 10.0 0 0 0
0.286 0x09 main_weld 1 1 0 0 0 0.0 0.0 100 10.0 0 0 0
0.327 0x09 main_weld 1 1 0 0 0 0.0 0.0 100 10.0 0 0 0
0.364 0x09 main_weld 1 1 0 0 0 0.0 0.0 100 10.0 0 0 0
0.405 0x09 main_weld 1 1 0 0 0 0.0 0.0 100 10.0 0 0 0
0.446 0x09 main_weld 1 1 0 0 0 0.0 0.0 100 10.0 0 0 0
0.486 0x09 main_weld 1 1 0 0 0 0.0 0.0 100 10.0 0 0 0
0.530 0x09 main_weld 1 1 0 0 0 0.0 0.0 100 10.0 0 0 0
0.570 0x09 main_weld 1 1 0 0 0 0.0 0.0 100 10.0 0 0 0
0.609 0x09 main_weld 1 1 0 0 0 0.0 0.0 100 10.0 0 0 0
0.645 0x09 main_weld 1 1 0 0 0 0.0 0.0 100 10.0 0 0 0
0.687 0x09 main_weld 1 1 0 0 0 0.0 0.0 100 10.0 0 0 0
0.737 0x09 main_weld 1 1 0 0 0 0.0 0.0 100 10.0 0 0 0
0.766 0x0B main_weld 1 1 1 0 0 0.0 0.0 100 10.0 0 0 0
0.804 0x0B main_weld 1 1 1 0 0 0.0 0.0 100 10.0 0 0 0
0.845 0x0B main_weld 1 1 1 0 0 0.0 0.0 100 10.0 0 0 0
0.893 0x2B main_weld 1 1 1 1 0 24.2 3.2 100 10.0 0 0 0
0.932 0x2B main_weld 1 1 1 1 14 24.2 3.2 100 10.0 0 0 0
0.973 0x2B main_weld 1 1 1 1 14 24.2 3.2 100 10.0 0 0 0
1.010 0x2B main_weld 1 1 1 1 199 24.2 3.2 100 10.0 0 0 0
1.052 0x2B main_weld 1 1 1 1 199 24.2 3.2 100 10.0 0 0 0
1.088 0x2B main_weld 1 1 1 1 199 13.6 3.2 100 10.0 0 0 0
1.125 0x2B main_weld 1 1 1 1 199 13.6 3.2 100 10.0 0 0 0
1.168 0x2B main_weld 1 1 1 1 199 15.7 3.2 100 10.0 0 0 0
1.204 0x2B main_weld 1 1 1 1 28 15.7 3.2 100 10.0 0 0 0
1.251 0x2B main_weld 1 1 1 1 28 15.7 3.2 100 10.0 0 0 0
1.285 0x2B main_weld 1 1 1 1 28 15.7 3.2 100 10.0 0 0 0
1.326 0x2B main_weld 1 1 1 1 28 15.7 3.2 100 10.0 0 0 0
1.366 0x2B main_weld 1 1 1 1 19 19.7 3.2 100 10.0 0 0 0
1.411 0x2B main_weld 1 1 1 1 19 19.7 3.2 100 10.0 0 0 0
1.450 0x2B main_weld 1 1 1 1 19 19.7 3.2 100 10.0 0 0 0
1.492 0x2B main_weld 1 1 1 1 19 19.7 3.2 100 10.0 0 0 0
1.530 0x2B main_weld 1 1 1 1 19 12.4 3.2 100 10.0 0 0 0
1.569 0x2B main_weld 1 1 1 1 205 12.4 3.2 100 10.0 0 0 0
1.610 0x2B main_weld 1 1 1 1 205 12.4 3.2 100 10.0 0 0 0
1.649 0x2B main_weld 1 1 1 1 205 12.4 3.2 100 10.0 0 0 0
1.687 0x2B main_weld 1 1 1 1 205 12.4 3.2 100 10.0 0 0 0
1.726 0x2B main_weld 1 1 1 1 4 42.5 3.2 100 10.0 0 0 0
1.765 0x2B main_weld 1 1 1 1 4 42.5 3.2 100 10.0 0 0 0
1.812 0x2B main_weld 1 1 1 1 4 42.5 3.2 100 10.0 0 0 0
1.847 0x2B main_weld 1 1 1 1 46 42.5 3.2 100 10.0 0 0 0
1.890 0x2B main_weld 1 1 1 1 46 43.4 3.2 100 10.0 0 0 0
1.928 0x2B main_weld 1 1 1 1 46 43.4 3.2 100 10.0 0 0 0
1.975 0x2B main_weld 1 1 1 1 46 12.9 3.2 100 10.0 0 0 0
2.009 0x2B main_weld 1 1 1 1 187 12.9 3.2 100 10.0 0 0 0
2.063 0x2B main_weld 1 1 1 1 187 12.9 3.2 100 10.0 0 0 0
2.093 0x2B main_weld 1 1 1 1 187 12.9 3.2 100 10.0 0 0 0
2.133 0x2B main_weld 1 1 1 1 187 12.9 3.2 100 10.0 0 0 0
2.168 0x2B main_weld 1 1 1 1 187 16.4 3.2 100 10.0 0 0 0
2.211 0x2B main_weld 1 1 1 1 16 16.4 3.2 100 10.0 0 0 0
2.261 0x2B main_weld 1 1 1 1 16 16.4 3.2 100 10.0 0 0 0
2.294 0x2B main_weld 1 1 1 1 16 16.4 3.2 100 10.0 0 0 0
2.329 0x2B main_weld 1 1 1 1 16 16.4 3.2 100 10.0 0 0 0
2.369 0x2B main_weld 1 1 1 1 36 16.4 3.2 100 10.0 0 0 0
2.405 0x2B main_weld 1 1 1 1 36 16.4 3.2 100 10.0 0 0 0
2.445 0x2B main_weld 1 1 1 1 188 16.0 3.2 100 10.0 0 0 0
2.489 0x2B main_weld 1 1 1 1 188 16.0 3.2 100 10.0 0 0 0
2.531 0x2B main_weld 1 1 1 1 188 14.2 3.2 100 10.0 0 0 0
2.568 0x2B main_weld 1 1 1 1 188 14.2 3.2 100 10.0 0 0 0
2.604 0x2B main_weld 1 1 1 1 188 38.1 3.2 100 10.0 0 0 0
2.651 0x2B main_weld 1 1 1 1 30 38.1 3.2 100 10.0 0 0 0
2.687 0x2B main_weld 1 1 1 1 30 38.1 3.2 100 10.0 0 0 0
2.726 0x2B main_weld 1 1 1 1 30 38.1 3.2 100 10.0 0 0 0
2.767 0x2B main_weld 1 1 1 1 30 38.1 3.2 100 10.0 0 0 0
2.809 0x2B main_weld 1 1 1 1 58 29.2 3.2 100 10.0 0 0 0
2.849 0x2B main_weld 1 1 1 1 58 29.2 3.2 100 10.0 0 0 0
2.889 0x2B main_weld 1 1 1 1 58 29.2 3.2 100 10.0 0 0 0
2.927 0x2B main_weld 1 1 1 1 169 29.2 3.2 100 10.0 0 0 0
2.968 0x2B main_weld 1 1 1 1 169 12.1 3.2 100 10.0 0 0 0
3.012 0x2B main_weld 1 1 1 1 169 12.1 3.2 100 10.0 0 0 0
3.046 0x2B main_weld 1 1 1 1 169 14.3 3.2 100 10.0 0 0 0
3.089 0x2B main_weld 1 1 1 1 55 14.3 3.2 100 10.0 0 0 0
3.135 0x2B main_weld 1 1 1 1 55 14.3 3.2 100 10.0 0 0 0
3.168 0x2B main_weld 1 1 1 1 55 14.3 3.2 100 10.0 0 0 0
3.214 0x2B main_weld 1 1 1 1 55 14.3 3.2 100 10.0 0 0 0
3.251 0x2B main_weld 1 1 1 1 55 15.7 3.2 100 10.0 0 0 0
3.290 0x2B main_weld 1 1 1 1 31 15.7 3.2 100 10.0 0 0 0
3.329 0x2B main_weld 1 1 1 1 31 15.7 3.2 100 10.0 0 0 0
3.370 0x2B main_weld 1 1 1 1 31 15.7 3.2 100 10.0 0 0 0
3.416 0x2B main_weld 1 1 1 1 31 14.2 3.2 100 10.0 0 0 0
3.455 0x2B main_weld 1 1 1 1 141 14.2 3.2 100 10.0 0 0 0
3.494 0x2B main_weld 1 1 1 1 141 14.2 3.2 100 10.0 0 0 0
3.536 0x2B main_weld 1 1 1 1 141 14.2 3.2 100 10.0 0 0 0
3.566 0x2B main_weld 1 1 1 1 141 14.2 3.2 100 10.0 0 0 0
3.612 0x2B main_weld 1 1 1 1 141 14.6 3.2 100 10.0 0 0 0
3.647 0x2B main_weld 1 1 1 1 50 14.6 3.2 100 10.0 0 0 0
3.697 0x2B main_weld 1 1 1 1 50 14.6 3.2 100 10.0 0 0 0
3.736 0x2B main_weld 1 1 1 1 140 14.6 3.2 100 10.0 0 0 0
3.778 0x2B main_weld 1 1 1 1 140 11.9 3.2 100 10.0 0 0 0
3.807 0x2B main_weld 1 1 1 1 140 11.9 3.2 100 10.0 0 0 0
3.852 0x2B main_weld 1 1 1 1 140 11.9 3.2 100 10.0 0 0 0
3.891 0x2B main_weld 1 1 1 1 76 14.9 3.2 100 10.0 0 0 0
3.934 0x2B main_weld 1 1 1 1 76 14.9 3.2 100 10.0 0 0 0
3.970 0x2B main_weld 1 1 1 1 76 14.9 3.2 100 10.0 0 0 0
4.011 0x2B main_weld 1 1 1 1 76 14.9 3.2 100 10.0 0 0 0
4.052 0x2B main_weld 1 1 1 1 76 13.4 3.2 100 10.0 0 0 0
4.086 0x2B main_weld 1 1 1 1 64 13.4 3.2 100 10.0 0 0 0
4.129 0x2B main_weld 1 1 1 1 64 13.4 3.2 100 10.0 0 0 0
4.167 0x2B main_weld 1 1 1 1 64 13.4 3.2 100 10.0 0 0 0
4.209 0x2B main_weld 1 1 1 1 64 13.4 3.2 100 10.0 0 0 0
4.247 0x2B main_weld 1 1 1 1 157 27.0 3.2 100 10.0 0 0 0
4.289 0x2B main_weld 1 1 1 1 157 27.0 3.2 100 10.0 0 0 0
4.340 0x2B main_weld 1 1 1 1 157 27.0 3.2 100 10.0 0 0 0
4.370 0x2B main_weld 1 1 1 1 0 27.0 3.2 100 10.0 0 0 0
4.415 0x2B main_weld 1 1 1 1 0 57.1 3.2 100 10.0 0 0 0
4.453 0x2B main_weld 1 1 1 1 0 57.1 3.2 100 10.0 0 0 0
4.494 0x2B main_weld 1 1 1 1 0 20.2 3.2 100 10.0 0 0 0
4.538 0x2B main_weld 1 1 1 1 146 20.2 3.2 100 10.0 0 0 0
4.567 0x2B main_weld 1 1 1 1 146 20.2 3.2 100 10.0 0 0 0
4.606 0x2B main_weld 1 1 1 1 146 20.2 3.2 100 10.0 0 0 0
4.646 0x2B main_weld 1 1 1 1 146 20.2 3.2 100 10.0 0 0 0
4.689 0x2B main_weld 1 1 1 1 146 14.4 3.2 100 10.0 0 0 0
4.724 0x2B main_weld 1 1 1 1 72 14.4 3.2 100 10.0 0 0 0
4.783 0x2B main_weld 1 1 1 1 72 14.4 3.2 100 10.0 0 0 0
4.808 0x2B main_weld 1 1 1 1 72 14.4 3.2 100 10.0 0 0 0
4.850 0x2B main_weld 1 1 1 1 72 14.7 3.2 100 10.0 0 0 0
4.887 0x2B main_weld 1 1 1 1 52 14.7 3.2 100 10.0 0 0 0
4.927 0x2B main_weld 1 1 1 1 52 14.7 3.2 100 10.0 0 0 0
4.968 0x2B main_weld 1 1 1 1 132 14.7 3.2 100 10.0 0 0 0
5.010 0x2B main_weld 1 1 1 1 132 14.7 3.2 100 10.0 0 0 0
5.058 0x2B main_weld 1 1 1 1 132 12.3 3.2 100 10.0 0 0 0
5.094 0x2B main_weld 1 1 1 1 132 12.3 3.2 100 10.0 0 0 0
5.131 0x2B main_weld 1 1 1 1 132 16.1 3.2 100 10.0 0 0 0
5.166 0x2B main_weld 1 1 1 1 61 16.1 3.2 100 10.0 0 0 0
5.206 0x2B main_weld 1 1 1 1 61 16.1 3.2 100 10.0 0 0 0
5.246 0x2B main_weld 1 1 1 1 61 16.1 3.2 100 10.0 0 0 0
5.286 0x2B main_weld 1 1 1 1 61 16.1 3.2 100 10.0 0 0 0
5.333 0x2B main_weld 1 1 1 1 61 15.9 3.2 100 10.0 0 0 0
5.365 0x2B main_weld 1 1 1 1 61 15.9 3.2 100 10.0 0 0 0
5.407 0x2B main_weld 1 1 1 1 61 15.9 3.2 100 10.0 0 0 0
5.444 0x2B main_weld 1 1 1 1 55 15.9 3.2 100 10.0 0 0 0
5.489 0x2B main_weld 1 1 1 1 55 12.6 3.2 100 10.0 0 0 0
5.532 0x2B main_weld 1 1 1 1 159 12.6 3.2 100 10.0 0 0 0
5.579 0x2B main_weld 1 1 1 1 159 12.6 3.2 100 10.0 0 0 0
5.607 0x2B main_weld 1 1 1 1 30 12.6 3.2 100 10.0 0 0 0
5.650 0x2B main_weld 1 1 1 1 30 12.6 3.2 100 10.0 0 0 0
5.686 0x2B main_weld 1 1 1 1 30 36.0 3.2 100 10.0 0 0 0
5.727 0x2B main_weld 1 1 1 1 30 36.0 3.2 100 10.0 0 0 0
5.764 0x2B main_weld 1 1 1 1 30 36.0 3.2 100 10.0 0 0 0
5.807 0x2B main_weld 1 1 1 1 112 36.0 3.2 100 10.0 0 0 0
5.845 0x2B main_weld 1 1 1 1 112 15.0 3.2 100 10.0 0 0 0
5.888 0x2B main_weld 1 1 1 1 112 15.0 3.2 100 10.0 0 0 0
5.933 0x2B main_weld 1 1 1 1 112 28.9 3.2 100 10.0 0 0 0
5.969 0x2B main_weld 1 1 1 1 90 28.9 3.2 100 10.0 0 0 0
6.007 0x2B main_weld 1 1 1 1 90 28.9 3.2 100 10.0 0 0 0
6.047 0x2B main_weld 1 1 1 1 90 28.9 3.2 100 10.0 0 0 0
6.090 0x2B main_weld 1 1 1 1 90 28.9 3.2 100 10.0 0 0 0
6.132 0x2B main_weld 1 1 1 1 16 47.9 3.2 100 10.0 0 0 0
6.164 0x2B main_weld 1 1 1 1 16 47.9 3.2 100 10.0 0 0 0
6.209 0x2B main_weld 1 1 1 1 16 47.9 3.2 100 10.0 0 0 0
6.254 0x2B main_weld 1 1 1 1 145 47.9 3.2 100 10.0 0 0 0
6.293 0x2B main_weld 1 1 1 1 145 12.8 3.2 100 10.0 0 0 0
6.326 0x2B main_weld 1 1 1 1 145 12.8 3.2 100 10.0 0 0 0
6.367 0x2B main_weld 1 1 1 1 145 12.8 3.2 100 10.0 0 0 0
6.408 0x2B main_weld 1 1 1 1 92 14.5 3.2 100 10.0 0 0 0
6.452 0x2B main_weld 1 1 1 1 92 14.5 3.2 100 10.0 0 0 0
6.488 0x2B main_weld 1 1 1 1 92 14.5 3.2 100 10.0 0 0 0
6.532 0x2B main_weld 1 1 1 1 92 14.5 3.2 100 10.0 0 0 0
6.579 0x2B main_weld 1 1 1 1 92 14.8 3.2 100 10.0 0 0 0
6.611 0x2B main_weld 1 1 1 1 45 14.8 3.2 100 10.0 0 0 0
6.647 0x2B main_weld 1 1 1 1 45 14.8 3.2 100 10.0 0 0 0
6.692 0x2B main_weld 1 1 1 1 45 14.8 3.2 100 10.0 0 0 0
6.727 0x2B main_weld 1 1 1 1 45 14.8 3.2 100 10.0 0 0 0
6.770 0x2B main_weld 1 1 1 1 134 12.3 3.2 100 10.0 0 0 0
6.809 0x2B main_weld 1 1 1 1 134 12.3 3.2 100 10.0 0 0 0
6.848 0x2B main_weld 1 1 1 1 134 12.3 3.2 100 10.0 0 0 0
6.890 0x2B main_weld 1 1 1 1 33 12.3 3.2 100 10.0 0 0 0
6.927 0x2B main_weld 1 1 1 1 33 16.5 3.2 100 10.0 0 0 0
6.967 0x2B main_weld 1 1 1 1 33 16.5 3.2 100 10.0 0 0 0
7.009 0x2B main_weld 1 1 1 1 33 13.5 3.2 100 10.0 0 0 0
7.052 0x2B main_weld 1 1 1 1 93 13.5 3.2 100 10.0 0 0 0
7.095 0x2B main_weld 1 1 1 1 93 13.5 3.2 100 10.0 0 0 0
7.131 0x2B main_weld 1 1 1 1 93 13.5 3.2 100 10.0 0 0 0
7.169 0x2B main_weld 1 1 1 1 93 13.5 3.2 100 10.0 0 0 0
7.209 0x2B main_weld 1 1 1 1 93 13.1 3.2 100 10.0 0 0 0
7.246 0x2B main_weld 1 1 1 1 142 13.1 3.2 100 10.0 0 0 0
7.285 0x2B main_weld 1 1 1 1 142 13.1 3.2 100 10.0 0 0 0
7.328 0x2B main_weld 1 1 1 1 142 13.1 3.2 100 10.0 0 0 0
7.365 0x2B main_weld 1 1 1 1 142 18.5 3.2 100 10.0 0 0 0
7.405 0x2B main_weld 1 1 1 1 13 18.5 3.2 100 10.0 0 0 0
7.449 0x2B main_weld 1 1 1 1 13 18.5 3.2 100 10.0 0 0 0
7.487 0x2B main_weld 1 1 1 1 160 18.5 3.2 100 10.0 0 0 0
7.539 0x2B main_weld 1 1 1 1 160 18.5 3.2 100 10.0 0 0 0
7.570 0x2B main_weld 1 1 1 1 160 11.6 3.2 100 10.0 0 0 0
7.610 0x2B main_weld 1 1 1 1 160 11.6 3.2 100 10.0 0 0 0
7.647 0x2B main_weld 1 1 1 1 160 11.6 3.2 100 10.0 0 0 0
7.692 0x2B main_weld 1 1 1 1 72 11.6 3.2 100 10.0 0 0 0
7.728 0x2B main_weld 1 1 1 1 72 14.8 3.2 100 10.0 0 0 0
7.771 0x2B main_weld 1 1 1 1 72 14.8 3.2 100 10.0 0 0 0
7.807 0x2B main_weld 1 1 1 1 72 14.8 3.2 100 10.0 0 0 0
7.849 0x2B main_weld 1 1 1 1 58 13.8 3.2 100 10.0 0 0 0
7.892 0x2B main_weld 1 1 1 1 58 13.8 3.2 100 10.0 0 0 0
7.930 0x2B main_weld 1 1 1 1 58 13.8 3.2 100 10.0 0 0 0
7.969 0x2B main_weld 1 1 1 1 58 13.8 3.2 100 10.0 0 0 0
8.011 0x2B main_weld 1 1 1 1 58 11.8 3.2 100 10.0 0 0 0
8.064 0x2B main_weld 1 1 1 1 174 11.8 3.2 100 10.0 0 0 0
8.088 0x2B main_weld 1 1 1 1 174 11.8 3.2 100 10.0 0 0 0
8.137 0x2B main_weld 1 1 1 1 39 11.8 3.2 100 10.0 0 0 0
8.166 0x2B main_weld 1 1 1 1 39 11.8 3.2 100 10.0 0 0 0
8.207 0x2B main_weld 1 1 1 1 39 15.1 3.2 100 10.0 0 0 0
8.245 0x2B main_weld 1 1 1 1 39 15.1 3.2 100 10.0 0 0 0
8.287 0x2B main_weld 1 1 1 1 39 12.7 3.2 100 10.0 0 0 0
8.329 0x2B main_weld 1 1 1 1 93 12.7 3.2 100 10.0 0 0 0
8.367 0x2B main_weld 1 1 1 1 93 12.7 3.2 100 10.0 0 0 0
8.407 0x2B main_weld 1 1 1 1 93 12.7 3.2 100 10.0 0 0 0
8.448 0x2B main_weld 1 1 1 1 93 12.4 3.2 100 10.0 0 0 0
8.487 0x2B main_weld 1 1 1 1 148 12.4 3.2 100 10.0 0 0 0
8.533 0x2B main_weld 1 1 1 1 148 12.4 3.2 100 10.0 0 0 0
8.566 0x2B main_weld 1 1 1 1 148 12.4 3.2 100 10.0 0 0 0
8.608 0x2B main_weld 1 1 1 1 148 12.4 3.2 100 10.0 0 0 0
8.649 0x2B main_weld 1 1 1 1 148 15.5 3.2 100 10.0 0 0 0
8.693 0x2B main_weld 1 1 1 1 51 15.5 3.2 100 10.0 0 0 0
8.730 0x2B main_weld 1 1 1 1 51 15.5 3.2 100 10.0 0 0 0
8.766 0x2B main_weld 1 1 1 1 104 15.5 3.2 100 10.0 0 0 0
8.806 0x2B main_weld 1 1 1 1 104 13.2 3.2 100 10.0 0 0 0
8.845 0x2B main_weld 1 1 1 1 104 13.2 3.2 100 10.0 0 0 0
8.885 0x2B main_weld 1 1 1 1 104 13.2 3.2 100 10.0 0 0 0
8.930 0x2B main_weld 1 1 1 1 110 12.8 3.2 100 10.0 0 0 0
8.967 0x2B main_weld 1 1 1 1 110 12.8 3.2 100 10.0 0 0 0
9.010 0x2B main_weld 1 1 1 1 110 12.8 3.2 100 10.0 0 0 0
9.054 0x2B main_weld 1 1 1 1 110 12.8 3.2 100 10.0 0 0 0
9.088 0x2B main_weld 1 1 1 1 110 17.2 3.2 100 10.0 0 0 0
9.138 0x2B main_weld 1 1 1 1 19 17.2 3.2 100 10.0 0 0 0
9.171 0x2B main_weld 1 1 1 1 19 17.2 3.2 100 10.0 0 0 0
9.212 0x2B main_weld 1 1 1 1 19 17.2 3.2 100 10.0 0 0 0
9.250 0x2B main_weld 1 1 1 1 19 12.7 3.2 100 10.0 0 0 0
9.293 0x2B main_weld 1 1 1 1 139 12.7 3.2 100 10.0 0 0 0
9.328 0x2B main_weld 1 1 1 1 139 12.7 3.2 100 10.0 0 0 0
9.365 0x2B main_weld 1 1 1 1 139 12.7 3.2 100 10.0 0 0 0
9.405 0x2B main_weld 1 1 1 1 52 12.7 3.2 100 10.0 0 0 0
9.444 0x2B main_weld 1 1 1 1 52 14.6 3.2 100 10.0 0 0 0
9.492 0x2B main_weld 1 1 1 1 52 14.6 3.2 100 10.0 0 0 0
9.532 0x2B main_weld 1 1 1 1 52 14.6 3.2 100 10.0 0 0 0
9.569 0x2B main_weld 1 1 1 1 76 14.6 3.2 100 10.0 0 0 0
9.605 0x2B main_weld 1 1 1 1 76 14.6 3.2 100 10.0 0 0 0
9.651 0x2B main_weld 1 1 1 1 76 13.8 3.2 100 10.0 0 0 0
9.703 0x2B main_weld 1 1 1 1 76 13.8 3.2 100 10.0 0 0 0
9.729 0x2B main_weld 1 1 1 1 76 12.6 3.2 100 10.0 0 0 0
9.769 0x2B main_weld 1 1 1 1 122 12.6 3.2 100 10.0 0 0 0
9.816 0x2B main_weld 1 1 1 1 122 12.6 3.2 100 10.0 0 0 0
9.853 0x2B main_weld 1 1 1 1 122 12.6 3.2 100 10.0 0 0 0
9.890 0x2B main_weld 1 1 1 1 122 13.9 3.2 100 10.0 0 0 0
9.926 0x2B main_weld 1 1 1 1 60 13.9 3.2 100 10.0 0 0 0
9.966 0x2B main_weld 1 1 1 1 60 13.9 3.2 100 10.0 0 0 0
10.007 0x2B main_weld 1 1 1 1 88 13.9 3.2 100 10.0 0 0 0
10.054 0x2B main_weld 1 1 1 1 88 13.9 3.2 100 10.0 0 0 0
10.090 0x2B main_weld 1 1 1 1 88 12.7 3.2 100 10.0 0 0 0
10.133 0x2B main_weld 1 1 1 1 88 12.7 3.2 100 10.0 0 0 0
10.170 0x2B main_weld 1 1 1 1 88 13.5 3.2 100 10.0 0 0 0
10.209 0x2B main_weld 1 1 1 1 69 13.5 3.2 100 10.0 0 0 0
10.245 0x2B main_weld 1 1 1 1 69 13.5 3.2 100 10.0 0 0 0
10.287 0x2B main_weld 1 1 1 1 69 13.5 3.2 100 10.0 0 0 0
10.329 0x2B main_weld 1 1 1 1 69 13.5 3.2 100 10.0 0 0 0
10.372 0x2B main_weld 1 1 1 1 60 14.3 3.2 100 10.0 0 0 0
10.419 0x2B main_weld 1 1 1 1 60 14.3 3.2 100 10.0 0 0 0
10.450 0x2B main_weld 1 1 1 1 60 14.3 3.2 100 10.0 0 0 0
10.491 0x2B main_weld 1 1 1 1 60 14.3 3.2 100 10.0 0 0 0
10.535 0x2B main_weld 1 1 1 1 60 12.1 3.2 100 10.0 0 0 0
10.565 0x2B main_weld 1 1 1 1 133 12.1 3.2 100 10.0 0 0 0
10.609 0x2B main_weld 1 1 1 1 133 12.1 3.2 100 10.0 0 0 0
10.655 0x2B main_weld 1 1 1 1 80 12.1 3.2 100 10.0 0 0 0
10.685 0x2B main_weld 1 1 1 1 80 12.1 3.2 100 10.0 0 0 0
10.727 0x2B main_weld 1 1 1 1 80 14.1 3.2 100 10.0 0 0 0
10.766 0x2B main_weld 1 1 1 1 80 14.1 3.2 100 10.0 0 0 0
10.806 0x2B main_weld 1 1 1 1 80 15.0 3.2 100 10.0 0 0 0
10.848 0x2B main_weld 1 1 1 1 52 15.0 3.2 100 10.0 0 0 0
10.887 0x2B main_weld 1 1 1 1 52 15.0 3.2 100 10.0 0 0 0
10.927 0x2B main_weld 1 1 1 1 52 15.0 3.2 100 10.0 0 0 0
10.968 0x2B main_weld 1 1 1 1 52 12.1 3.2 100 10.0 0 0 0
11.006 0x2B main_weld 1 1 1 1 148 12.1 3.2 100 10.0 0 0 0
11.051 0x2B main_weld 1 1 1 1 148 12.1 3.2 100 10.0 0 0 0
11.086 0x2B main_weld 1 1 1 1 61 12.1 3.2 100 10.0 0 0 0
11.127 0x2B main_weld 1 1 1 1 61 12.1 3.2 100 10.0 0 0 0
11.171 0x2B main_weld 1 1 1 1 61 14.1 3.2 100 10.0 0 0 0
11.206 0x2B main_weld 1 1 1 1 61 14.1 3.2 100 10.0 0 0 0
11.248 0x2B main_weld 1 1 1 1 61 14.1 3.2 100 10.0 0 0 0
11.293 0x2B main_weld 1 1 1 1 63 14.1 3.2 100 10.0 0 0 0
11.326 0x2B main_weld 1 1 1 1 63 14.1 3.2 100 10.0 0 0 0
11.366 0x2B main_weld 1 1 1 1 63 14.1 3.2 100 10.0 0 0 0
11.407 0x2B main_weld 1 1 1 1 63 14.1 3.2 100 10.0 0 0 0
11.446 0x2B main_weld 1 1 1 1 120 12.1 3.2 100 10.0 0 0 0
11.487 0x2B main_weld 1 1 1 1 120 12.1 3.2 100 10.0 0 0 0
11.529 0x2B main_weld 1 1 1 1 120 12.1 3.2 100 10.0 0 0 0
11.567 0x2B main_weld 1 1 1 1 120 12.1 3.2 100 10.0 0 0 0
11.608 0x2B main_weld 1 1 1 1 120 18.0 3.2 100 10.0 0 0 0
11.646 0x2B main_weld 1 1 1 1 52 18.0 3.2 100 10.0 0 0 0
11.684 0x2B main_weld 1 1 1 1 52 18.0 3.2 100 10.0 0 0 0
11.725 0x2B main_weld 1 1 1 1 52 18.0 3.2 100 10.0 0 0 0
11.771 0x2B main_weld 1 1 1 1 52 13.8 3.2 100 10.0 0 0 0
11.806 0x2B main_weld 1 1 1 1 123 13.8 3.2 100 10.0 0 0 0
11.848 0x2B main_weld 1 1 1 1 123 13.8 3.2 100 10.0 0 0 0
11.889 0x2B main_weld 1 1 1 1 123 13.8 3.2 100 10.0 0 0 0
11.932 0x2B main_weld 1 1 1 1 70 13.8 3.2 100 10.0 0 0 0
11.968 0x2B main_weld 1 1 1 1 70 14.3 3.2 100 10.0 0 0 0
12.011 0x2B main_weld 1 1 1 1 70 14.3 3.2 100 10.0 0 0 0
12.049 0x2B main_weld 1 1 1 1 70 14.8 3.2 100 10.0 0 0 0
12.095 0x2B main_weld 1 1 1 1 43 14.8 3.2 100 10.0 0 0 0
12.139 0x2B main_weld 1 1 1 1 43 14.8 3.2 100 10.0 0 0 0
12.170 0x2B main_weld 1 1 1 1 43 14.8 3.2 100 10.0 0 0 0
12.209 0x2B main_weld 1 1 1 1 43 14.8 3.2 100 10.0 0 0 0
12.248 0x2B main_weld 1 1 1 1 43 12.4 3.2 100 10.0 0 0 0
12.288 0x2B main_weld 1 1 1 1 132 12.4 3.2 100 10.0 0 0 0
12.326 0x2B main_weld 1 1 1 1 132 12.4 3.2 100 10.0 0 0 0
12.371 0x2B main_weld 1 1 1 1 132 12.4 3.2 100 10.0 0 0 0
12.406 0x2B main_weld 1 1 1 1 132 13.6 3.2 100 10.0 0 0 0
12.449 0x2B main_weld 1 1 1 1 103 13.6 3.2 100 10.0 0 0 0
12.490 0x2B main_weld 1 1 1 1 103 13.6 3.2 100 10.0 0 0 0
12.540 0x2B main_weld 1 1 1 1 64 13.6 3.2 100 10.0 0 0 0
12.569 0x2B main_weld 1 1 1 1 64 13.6 3.2 100 10.0 0 0 0
12.607 0x2B main_weld 1 1 1 1 64 14.5 3.2 100 10.0 0 0 0
12.649 0x2B main_weld 1 1 1 1 64 14.5 3.2 100 10.0 0 0 0
12.698 0x2B main_weld 1 1 1 1 64 12.7 3.2 100 10.0 0 0 0
12.731 0x2B main_weld 1 1 1 1 110 12.7 3.2 100 10.0 0 0 0
12.767 0x2B main_weld 1 1 1 1 110 12.7 3.2 100 10.0 0 0 0
12.811 0x2B main_weld 1 1 1 1 110 12.7 3.2 100 10.0 0 0 0
12.845 0x2B main_weld 1 1 1 1 110 12.7 3.2 100 10.0 0 0 0
12.893 0x2B main_weld 1 1 1 1 75 13.7 3.2 100 10.0 0 0 0
12.930 0x2B main_weld 1 1 1 1 75 13.7 3.2 100 10.0 0 0 0
12.967 0x2B main_weld 1 1 1 1 75 13.7 3.2 100 10.0 0 0 0
13.006 0x2B main_weld 1 1 1 1 62 13.7 3.2 100 10.0 0 0 0
13.051 0x2B main_weld 1 1 1 1 62 13.3 3.2 100 10.0 0 0 0
13.088 0x2B main_weld 1 1 1 1 62 13.3 3.2 100 10.0 0 0 0
13.125 0x2B main_weld 1 1 1 1 62 13.3 3.2 100 10.0 0 0 0
13.169 0x2B main_weld 1 1 1 1 135 13.3 3.2 100 10.0 0 0 0
13.209 0x2B main_weld 1 1 1 1 135 13.3 3.2 100 10.0 0 0 0
13.246 0x2B main_weld 1 1 1 1 135 12.7 3.2 100 10.0 0 0 0
13.291 0x2B main_weld 1 1 1 1 135 12.7 3.2 100 10.0 0 0 0
13.329 0x2B main_weld 1 1 1 1 135 14.2 3.2 100 10.0 0 0 0
13.370 0x2B main_weld 1 1 1 1 58 14.2 3.2 100 10.0 0 0 0
13.411 0x2B main_weld 1 1 1 1 58 14.2 3.2 100 10.0 0 0 0
13.446 0x2B main_weld 1 1 1 1 58 14.2 3.2 100 10.0 0 0 0
13.486 0x2B main_weld 1 1 1 1 58 12.7 3.2 100 10.0 0 0 0
13.531 0x2B main_weld 1 1 1 1 96 12.7 3.2 100 10.0 0 0 0
13.570 0x2B main_weld 1 1 1 1 96 12.7 3.2 100 10.0 0 0 0
13.613 0x2B main_weld 1 1 1 1 96 12.7 3.2 100 10.0 0 0 0
13.653 0x2B main_weld 1 1 1 1 96 12.7 3.2 100 10.0 0 0 0
13.690 0x2B main_weld 1 1 1 1 96 12.8 3.2 100 10.0 0 0 0
13.734 0x2B main_weld 1 1 1 1 120 12.8 3.2 100 10.0 0 0 0
13.766 0x2B main_weld 1 1 1 1 120 12.8 3.2 100 10.0 0 0 0
13.812 0x2B main_weld 1 1 1 1 50 12.8 3.2 100 10.0 0 0 0
13.848 0x2B main_weld 1 1 1 1 50 14.5 3.2 100 10.0 0 0 0
13.890 0x2B main_weld 1 1 1 1 50 14.5 3.2 100 10.0 0 0 0
13.938 0x2B main_weld 1 1 1 1 50 14.5 3.2 100 10.0 0 0 0
13.969 0x2B main_weld 1 1 1 1 122 12.3 3.2 100 10.0 0 0 0
14.009 0x2B main_weld 1 1 1 1 122 12.3 3.2 100 10.0 0 0 0
14.048 0x2B main_weld 1 1 1 1 122 12.3 3.2 100 10.0 0 0 0
14.089 0x2B main_weld 1 1 1 1 122 12.3 3.2 100 10.0 0 0 0
14.125 0x2B main_weld 1 1 1 1 122 13.0 3.2 100 10.0 0 0 0
14.172 0x2B main_weld 1 1 1 1 91 13.0 3.2 100 10.0 0 0 0
14.216 0x2B main_weld 1 1 1 1 91 13.0 3.2 100 10.0 0 0 0
14.246 0x2B main_weld 1 1 1 1 91 13.0 3.2 100 10.0 0 0 0
14.292 0x2B main_weld 1 1 1 1 91 13.0 3.2 100 10.0 0 0 0
14.332 0x2B main_weld 1 1 1 1 91 14.1 3.2 100 10.0 0 0 0
14.368 0x2B main_weld 1 1 1 1 91 14.1 3.2 100 10.0 0 0 0
14.413 0x2B main_weld 1 1 1 1 91 14.1 3.2 100 10.0 0 0 0
14.447 0x2B main_weld 1 1 1 1 117 14.1 3.2 100 10.0 0 0 0
14.494 0x2B main_weld 1 1 1 1 117 12.5 3.2 100 10.0 0 0 0
14.527 0x2B main_weld 1 1 1 1 117 12.5 3.2 100 10.0 0 0 0
14.566 0x2B main_weld 1 1 1 1 117 13.5 3.2 100 10.0 0 0 0
14.607 0x2B main_weld 1 1 1 1 90 13.5 3.2 100 10.0 0 0 0
14.647 0x2B main_weld 1 1 1 1 90 13.5 3.2 100 10.0 0 0 0
14.689 0x2B main_weld 1 1 1 1 90 13.5 3.2 100 10.0 0 0 0
14.732 0x2B main_weld 1 1 1 1 90 13.5 3.2 100 10.0 0 0 0
14.772 0x2B main_weld 1 1 1 1 90 13.8 3.2 100 10.0 0 0 0
14.810 0x2B main_weld 1 1 1 1 63 13.8 3.2 100 10.0 0 0 0
14.845 0x2B main_weld 1 1 1 1 63 13.8 3.2 100 10.0 0 0 0
14.889 0x2B main_weld 1 1 1 1 123 13.8 3.2 100 10.0 0 0 0
14.926 0x2B main_weld 1 1 1 1 123 12.6 3.2 100 10.0 0 0 0
14.968 0x2B main_weld 1 1 1 1 123 12.6 3.2 100 10.0 0 0 0
15.008 0x2B main_weld 1 1 1 1 123 12.6 3.2 100 10.0 0 0 0
15.048 0x2B main_weld 1 1 1 1 105 12.6 3.2 100 10.0 0 0 0
15.089 0x2B main_weld 1 1 1 1 105 12.6 3.2 100 10.0 0 0 0
15.131 0x2B main_weld 1 1 1 1 105 14.7 3.2 100 10.0 0 0 0
15.169 0x2B main_weld 1 1 1 1 105 14.7 3.2 100 10.0 0 0 0
15.208 0x2B main_weld 1 1 1 1 105 15.1 3.2 100 10.0 0 0 0
15.250 0x2B main_weld 1 1 1 1 48 15.1 3.2 100 10.0 0 0 0
15.290 0x2B main_weld 1 1 1 1 48 15.1 3.2 100 10.0 0 0 0
15.329 0x2B main_weld 1 1 1 1 48 15.1 3.2 100 10.0 0 0 0
15.368 0x2B main_weld 1 1 1 1 48 15.1 3.2 100 10.0 0 0 0
15.403 0x2B main_weld 1 1 1 1 98 13.3 3.2 100 10.0 0 0 0
15.445 0x2B main_weld 1 1 1 1 98 13.3 3.2 100 10.0 0 0 0
15.488 0x2B main_weld 1 1 1 1 98 13.3 3.2 100 10.0 0 0 0
15.530 0x2B main_weld 1 1 1 1 98 13.3 3.2 100 10.0 0 0 0
15.567 0x2B main_weld 1 1 1 1 98 14.2 3.2 100 10.0 0 0 0
15.607 0x2B main_weld 1 1 1 1 75 14.2 3.2 100 10.0 0 0 0
15.646 0x2B main_weld 1 1 1 1 75 14.2 3.2 100 10.0 0 0 0
15.691 0x2B main_weld 1 1 1 1 85 14.2 3.2 100 10.0 0 0 0
15.724 0x2B main_weld 1 1 1 1 85 14.2 3.2 100 10.0 0 0 0
15.766 0x2B main_weld 1 1 1 1 85 13.5 3.2 100 10.0 0 0 0
15.806 0x2B main_weld 1 1 1 1 85 13.5 3.2 100 10.0 0 0 0
15.848 0x2B main_weld 1 1 1 1 85 13.5 3.2 100 10.0 0 0 0
15.891 0x2B main_weld 1 1 1 1 98 13.5 3.2 100 10.0 0 0 0
15.927 0x2B main_weld 1 1 1 1 98 13.7 3.2 100 10.0 0 0 0
15.968 0x2B main_weld 1 1 1 1 98 13.7 3.2 100 10.0 0 0 0
16.006 0x2B main_weld 1 1 1 1 98 14.7 3.2 100 10.0 0 0 0
16.049 0x2B main_weld 1 1 1 1 49 14.7 3.2 100 10.0 0 0 0
16.089 0x2B main_weld 1 1 1 1 49 14.7 3.2 100 10.0 0 0 0
16.127 0x2B main_weld 1 1 1 1 49 14.7 3.2 100 10.0 0 0 0
16.172 0x2B main_weld 1 1 1 1 49 14.7 3.2 100 10.0 0 0 0
16.206 0x2B main_weld 1 1 1 1 49 13.2 3.2 100 10.0 0 0 0
16.253 0x2B main_weld 1 1 1 1 97 13.2 3.2 100 10.0 0 0 0
16.292 0x2B main_weld 1 1 1 1 97 13.2 3.2 100 10.0 0 0 0
16.325 0x2B main_weld 1 1 1 1 122 13.2 3.2 100 10.0 0 0 0
16.371 0x2B main_weld 1 1 1 1 122 12.7 3.2 100 10.0 0 0 0
16.408 0x2B main_weld 1 1 1 1 122 12.7 3.2 100 10.0 0 0 0
16.456 0x2B main_weld 1 1 1 1 122 12.7 3.2 100 10.0 0 0 0
16.487 0x2B main_weld 1 1 1 1 91 13.9 3.2 100 10.0 0 0 0
16.528 0x2B main_weld 1 1 1 1 91 13.9 3.2 100 10.0 0 0 0
16.565 0x2B main_weld 1 1 1 1 91 13.9 3.2 100 10.0 0 0 0
16.609 0x2B main_weld 1 1 1 1 91 13.9 3.2 100 10.0 0 0 0
16.646 0x2B main_weld 1 1 1 1 91 13.5 3.2 100 10.0 0 0 0
16.688 0x2B main_weld 1 1 1 1 86 13.5 3.2 100 10.0 0 0 0
16.732 0x2B main_weld 1 1 1 1 86 13.5 3.2 100 10.0 0 0 0
16.765 0x2B main_weld 1 1 1 1 94 13.5 3.2 100 10.0 0 0 0
16.806 0x2B main_weld 1 1 1 1 94 13.5 3.2 100 10.0 0 0 0
16.847 0x2B main_weld 1 1 1 1 94 14.1 3.2 100 10.0 0 0 0
16.887 0x2B main_weld 1 1 1 1 94 14.1 3.2 100 10.0 0 0 0
16.928 0x2B main_weld 1 1 1 1 94 14.1 3.2 100 10.0 0 0 0
16.966 0x2B main_weld 1 1 1 1 58 14.1 3.2 100 10.0 0 0 0
17.008 0x2B main_weld 1 1 1 1 58 15.5 3.2 100 10.0 0 0 0
17.052 0x2B main_weld 1 1 1 1 58 15.5 3.2 100 10.0 0 0 0
17.088 0x2B main_weld 1 1 1 1 58 14.3 3.2 100 10.0 0 0 0
17.131 0x2B main_weld 1 1 1 1 60 14.3 3.2 100 10.0 0 0 0
17.166 0x2B main_weld 1 1 1 1 60 14.3 3.2 100 10.0 0 0 0
17.204 0x2B main_weld 1 1 1 1 60 14.3 3.2 100 10.0 0 0 0
17.248 0x2B main_weld 1 1 1 1 60 14.3 3.2 100 10.0 0 0 0
17.287 0x2B main_weld 1 1 1 1 60 12.8 3.2 100 10.0 0 0 0
17.327 0x2B main_weld 1 1 1 1 127 12.8 3.2 100 10.0 0 0 0
17.366 0x2B main_weld 1 1 1 1 127 12.8 3.2 100 10.0 0 0 0
17.406 0x2B main_weld 1 1 1 1 127 12.8 3.2 100 10.0 0 0 0
17.446 0x2B main_weld 1 1 1 1 127 14.4 3.2 100 10.0 0 0 0
17.489 0x2B main_weld 1 1 1 1 67 14.4 3.2 100 10.0 0 0 0
17.534 0x2B main_weld 1 1 1 1 67 14.4 3.2 100 10.0 0 0 0
17.571 0x2B main_weld 1 1 1 1 127 14.4 3.2 100 10.0 0 0 0
17.610 0x2B main_weld 1 1 1 1 127 14.4 3.2 100 10.0 0 0 0
17.650 0x2B main_weld 1 1 1 1 127 12.4 3.2 100 10.0 0 0 0
17.693 0x2B main_weld 1 1 1 1 127 12.4 3.2 100 10.0 0 0 0
17.727 0x2B main_weld 1 1 1 1 127 14.6 3.2 100 10.0 0 0 0
17.767 0x2B main_weld 1 1 1 1 76 14.6 3.2 100 10.0 0 0 0
17.806 0x2B main_weld 1 1 1 1 76 14.6 3.2 100 10.0 0 0 0
17.847 0x2B main_weld 1 1 1 1 76 14.6 3.2 100 10.0 0 0 0
17.889 0x2B main_weld 1 1 1 1 76 14.6 3.2 100 10.0 0 0 0
17.936 0x2B main_weld 1 1 1 1 45 15.1 3.2 100 10.0 0 0 0
17.965 0x2B main_weld 1 1 1 1 45 15.1 3.2 100 10.0 0 0 0
18.009 0x2B main_weld 1 1 1 1 45 15.1 3.2 100 10.0 0 0 0
18.048 0x2B main_weld 1 1 1 1 45 15.1 3.2 100 10.0 0 0 0
18.090 0x2B main_weld 1 1 1 1 45 12.5 3.2 100 10.0 0 0 0
18.136 0x2B main_weld 1 1 1 1 127 12.5 3.2 100 10.0 0 0 0
18.167 0x2B main_weld 1 1 1 1 127 12.5 3.2 100 10.0 0 0 0
18.208 0x2B main_weld 1 1 1 1 74 12.5 3.2 100 10.0 0 0 0
18.248 0x2B main_weld 1 1 1 1 74 12.5 3.2 100 10.0 0 0 0
18.288 0x2B main_weld 1 1 1 1 74 13.8 3.2 100 10.0 0 0 0
18.329 0x2B main_weld 1 1 1 1 74 13.8 3.2 100 10.0 0 0 0
18.370 0x2B main_weld 1 1 1 1 74 13.0 3.2 100 10.0 0 0 0
18.410 0x2B main_weld 1 1 1 1 81 13.0 3.2 100 10.0 0 0 0
18.449 0x2B main_weld 1 1 1 1 81 13.0 3.2 100 10.0 0 0 0
18.491 0x2B main_weld 1 1 1 1 81 13.0 3.2 100 10.0 0 0 0
18.525 0x2B main_weld 1 1 1 1 81 12.3 3.2 100 10.0 0 0 0
18.578 0x2B main_weld 1 1 1 1 145 12.3 3.2 100 10.0 0 0 0
18.613 0x2B main_weld 1 1 1 1 145 12.3 3.2 100 10.0 0 0 0
18.647 0x2B main_weld 1 1 1 1 52 12.3 3.2 100 10.0 0 0 0
18.691 0x2B main_weld 1 1 1 1 52 12.3 3.2 100 10.0 0 0 0
18.733 0x2B main_weld 1 1 1 1 52 14.5 3.2 100 10.0 0 0 0
18.768 0x2B main_weld 1 1 1 1 52 14.5 3.2 100 10.0 0 0 0
18.806 0x2B main_weld 1 1 1 1 52 14.5 3.2 100 10.0 0 0 0
18.855 0x2B main_weld 1 1 1 1 52 14.5 3.2 100 10.0 0 0 0
18.887 0x2B main_weld 1 1 1 1 52 12.4 3.2 100 10.0 0 0 0
18.927 0x2B main_weld 1 1 1 1 123 12.4 3.2 100 10.0 0 0 0
18.975 0x2B main_weld 1 1 1 1 123 12.4 3.2 100 10.0 0 0 0
19.005 0x2B main_weld 1 1 1 1 82 14.8 3.2 100 10.0 0 0 0
19.053 0x2B main_weld 1 1 1 1 82 14.8 3.2 100 10.0 0 0 0
19.090 0x2B main_weld 1 1 1 1 82 14.8 3.2 100 10.0 0 0 0
19.126 0x2B main_weld 1 1 1 1 82 14.8 3.2 100 10.0 0 0 0
19.167 0x2B main_weld 1 1 1 1 82 18.1 3.2 100 10.0 0 0 0
19.209 0x2B main_weld 1 1 1 1 6 18.1 3.2 100 10.0 0 0 0
19.268 0x2B main_weld 1 1 1 1 6 18.1 3.2 100 10.0 0 0 0
19.293 0x2B main_weld 1 1 1 1 6 18.1 3.2 100 10.0 0 0 0
19.327 0x2B main_weld 1 1 1 1 6 18.1 3.2 100 10.0 0 0 0
19.365 0x2B main_weld 1 1 1 1 158 12.2 3.2 100 10.0 0 0 0
19.404 0x2B main_weld 1 1 1 1 158 12.2 3.2 100 10.0 0 0 0
19.446 0x2B main_weld 1 1 1 1 158 12.2 3.2 100 10.0 0 0 0
19.487 0x2B main_weld 1 1 1 1 63 12.2 3.2 100 10.0 0 0 0
19.529 0x2B main_weld 1 1 1 1 63 16.9 3.2 100 10.0 0 0 0
19.569 0x2B main_weld 1 1 1 1 63 16.9 3.2 100 10.0 0 0 0
19.607 0x2B main_weld 1 1 1 1 63 16.9 3.2 100 10.0 0 0 0
19.646 0x2B main_weld 1 1 1 1 34 16.9 3.2 100 10.0 0 0 0
19.688 0x2B main_weld 1 1 1 1 34 16.9 3.2 100 10.0 0 0 0
19.726 0x2B main_weld 1 1 1 1 34 15.4 3.2 100 10.0 0 0 0
19.769 0x2B main_weld 1 1 1 1 34 15.4 3.2 100 10.0 0 0 0
19.806 0x2B main_weld 1 1 1 1 34 12.5 3.2 100 10.0 0 0 0
19.845 0x2B main_weld 1 1 1 1 153 12.5 3.2 100 10.0 0 0 0
19.886 0x2B main_weld 1 1 1 1 153 12.5 3.2 100 10.0 0 0 0
19.928 0x2B main_weld 1 1 1 1 153 12.5 3.2 100 10.0 0 0 0
19.965 0x2B main_weld 1 1 1 1 153 15.5 3.2 100 10.0 0 0 0
20.014 0x2B main_weld 1 1 1 1 45 15.5 3.2 100 10.0 0 0 0
20.054 0x2B main_weld 1 1 1 1 45 15.5 3.2 100 10.0 0 0 0
20.089 0x2B main_weld 1 1 1 1 48 15.5 3.2 100 10.0 0 0 0
20.132 0x2B main_weld 1 1 1 1 48 15.5 3.2 100 10.0 0 0 0
20.171 0x2B main_weld 1 1 1 1 48 14.7 3.2 100 10.0 0 0 0
20.209 0x2B main_weld 1 1 1 1 48 14.7 3.2 100 10.0 0 0 0
20.245 0x2B main_weld 1 1 1 1 48 14.7 3.2 100 10.0 0 0 0
20.293 0x2B main_weld 1 1 1 1 187 14.7 3.2 100 10.0 0 0 0
20.328 0x2B main_weld 1 1 1 1 187 14.7 3.2 100 10.0 0 0 0
20.369 0x2B main_weld 1 1 1 1 187 14.7 3.2 100 10.0 0 0 0
20.406 0x2B main_weld 1 1 1 1 187 14.7 3.2 100 10.0 0 0 0
20.444 0x2B main_weld 1 1 1 1 9 20.5 3.2 100 10.0 0 0 0
20.489 0x2B main_weld 1 1 1 1 9 20.5 3.2 100 10.0 0 0 0
20.532 0x2B main_weld 1 1 1 1 9 20.5 3.2 100 10.0 0 0 0
20.567 0x2B main_weld 1 1 1 1 9 20.5 3.2 100 10.0 0 0 0
20.610 0x2B main_weld 1 1 1 1 9 15.5 3.2 100 10.0 0 0 0
20.650 0x2B main_weld 1 1 1 1 40 15.5 3.2 100 10.0 0 0 0
20.688 0x2B main_weld 1 1 1 1 40 15.5 3.2 100 10.0 0 0 0
20.730 0x2B main_weld 1 1 1 1 186 15.5 3.2 100 10.0 0 0 0
20.769 0x2B main_weld 1 1 1 1 186 15.5 3.2 100 10.0 0 0 0
20.807 0x2B main_weld 1 1 1 1 186 11.8 3.2 100 10.0 0 0 0
20.850 0x2B main_weld 1 1 1 1 186 11.8 3.2 100 10.0 0 0 0
20.889 0x2B main_weld 1 1 1 1 186 11.8 3.2 100 10.0 0 0 0
20.934 0x2B main_weld 1 1 1 1 9 11.8 3.2 100 10.0 0 0 0
20.969 0x2B main_weld 1 1 1 1 9 17.2 3.2 100 10.0 0 0 0
21.006 0x2B main_weld 1 1 1 1 9 17.2 3.2 100 10.0 0 0 0
21.048 0x2B main_weld 1 1 1 1 9 17.0 3.2 100 10.0 0 0 0
21.089 0x2B main_weld 1 1 1 1 18 17.0 3.2 100 10.0 0 0 0
21.133 0x2B main_weld 1 1 1 1 18 17.0 3.2 100 10.0 0 0 0
21.166 0x2B main_weld 1 1 1 1 18 17.0 3.2 100 10.0 0 0 0
21.209 0x2B main_weld 1 1 1 1 18 17.0 3.2 100 10.0 0 0 0
21.247 0x2B main_weld 1 1 1 1 18 11.5 3.2 100 10.0 0 0 0
21.287 0x2B main_weld 1 1 1 1 193 11.5 3.2 100 10.0 0 0 0
21.329 0x2B main_weld 1 1 1 1 193 11.5 3.2 100 10.0 0 0 0
21.367 0x2B main_weld 1 1 1 1 193 11.5 3.2 100 10.0 0 0 0
21.410 0x2B main_weld 1 1 1 1 193 18.3 3.2 100 10.0 0 0 0
21.449 0x2B main_weld 1 1 1 1 28 18.3 3.2 100 10.0 0 0 0
21.489 0x2B main_weld 1 1 1 1 28 18.3 3.2 100 10.0 0 0 0
21.531 0x2B main_weld 1 1 1 1 28 18.3 3.2 100 10.0 0 0 0
21.565 0x2B main_weld 1 1 1 1 28 18.3 3.2 100 10.0 0 0 0
21.608 0x2B main_weld 1 1 1 1 28 17.6 3.2 100 10.0 0 0 0
21.646 0x2B main_weld 1 1 1 1 7 17.6 3.2 100 10.0 0 0 0
21.688 0x2B main_weld 1 1 1 1 7 17.6 3.2 100 10.0 0 0 0
21.734 0x2B main_weld 1 1 1 1 159 17.6 3.2 100 10.0 0 0 0
21.780 0x2B main_weld 1 1 1 1 159 12.1 3.2 100 10.0 0 0 0
21.811 0x2B main_weld 1 1 1 1 159 12.1 3.2 100 10.0 0 0 0
21.854 0x2B main_weld 1 1 1 1 159 12.1 3.2 100 10.0 0 0 0
21.888 0x2B main_weld 1 1 1 1 88 14.9 3.2 100 10.0 0 0 0
21.926 0x2B main_weld 1 1 1 1 88 14.9 3.2 100 10.0 0 0 0
21.966 0x2B main_weld 1 1 1 1 88 14.9 3.2 100 10.0 0 0 0
22.010 0x2B main_weld 1 1 1 1 88 14.9 3.2 100 10.0 0 0 0
22.049 0x2B main_weld 1 1 1 1 88 17.1 3.2 100 10.0 0 0 0
22.089 0x2B main_weld 1 1 1 1 12 17.1 3.2 100 10.0 0 0 0
22.128 0x2B main_weld 1 1 1 1 12 17.1 3.2 100 10.0 0 0 0
22.171 0x2B main_weld 1 1 1 1 112 17.1 3.2 100 10.0 0 0 0
22.206 0x2B main_weld 1 1 1 1 112 17.1 3.2 100 10.0 0 0 0
22.248 0x2B main_weld 1 1 1 1 112 13.3 3.2 100 10.0 0 0 0
22.292 0x2B main_weld 1 1 1 1 112 13.3 3.2 100 10.0 0 0 0
22.333 0x2B main_weld 1 1 1 1 112 13.3 3.2 100 10.0 0 0 0
22.365 0x2B main_weld 1 1 1 1 110 13.3 3.2 100 10.0 0 0 0
22.411 0x2B main_weld 1 1 1 1 110 18.1 3.2 100 10.0 0 0 0
22.452 0x2B main_weld 1 1 1 1 110 18.1 3.2 100 10.0 0 0 0
22.500 0x2B main_weld 1 1 1 1 110 15.0 3.2 100 10.0 0 0 0
22.534 0x2B main_weld 1 1 1 1 32 15.0 3.2 100 10.0 0 0 0
22.572 0x2B main_weld 1 1 1 1 32 15.0 3.2 100 10.0 0 0 0
22.614 0x2B main_weld 1 1 1 1 32 15.0 3.2 100 10.0 0 0 0
22.647 0x2B main_weld 1 1 1 1 32 15.0 3.2 100 10.0 0 0 0
22.685 0x2B main_weld 1 1 1 1 32 18.6 3.2 100 10.0 0 0 0
22.729 0x2B main_weld 1 1 1 1 30 18.6 3.2 100 10.0 0 0 0
22.777 0x2B main_weld 1 1 1 1 30 18.6 3.2 100 10.0 0 0 0
22.808 0x2B main_weld 1 1 1 1 174 18.6 3.2 100 10.0 0 0 0
22.848 0x2B main_weld 1 1 1 1 174 13.1 3.2 100 10.0 0 0 0
22.893 0x2B main_weld 1 1 1 1 174 13.1 3.2 100 10.0 0 0 0
22.926 0x2B main_weld 1 1 1 1 174 13.1 3.2 100 10.0 0 0 0
22.967 0x2B main_weld 1 1 1 1 25 16.4 3.2 100 10.0 0 0 0
23.012 0x2B main_weld 1 1 1 1 25 16.4 3.2 100 10.0 0 0 0
23.048 0x2B main_weld 1 1 1 1 25 16.4 3.2 100 10.0 0 0 0
23.088 0x2B main_weld 1 1 1 1 25 16.4 3.2 100 10.0 0 0 0
23.127 0x2B main_weld 1 1 1 1 25 17.8 3.2 100 10.0 0 0 0
23.167 0x2B main_weld 1 1 1 1 15 17.8 3.2 100 10.0 0 0 0
23.213 0x2B main_weld 1 1 1 1 15 17.8 3.2 100 10.0 0 0 0
23.246 0x2B main_weld 1 1 1 1 15 17.8 3.2 100 10.0 0 0 0
23.287 0x2B main_weld 1 1 1 1 15 17.8 3.2 100 10.0 0 0 0
23.325 0x2B main_weld 1 1 1 1 15 12.1 3.2 100 10.0 0 0 0
23.370 0x2B main_weld 1 1 1 1 15 12.1 3.2 100 10.0 0 0 0
23.408 0x2B main_weld 1 1 1 1 15 12.1 3.2 100 10.0 0 0 0
23.447 0x2B main_weld 1 1 1 1 199 12.1 3.2 100 10.0 0 0 0
23.494 0x2B main_weld 1 1 1 1 199 16.9 3.2 100 10.0 0 0 0
23.526 0x2B main_weld 1 1 1 1 19 16.9 3.2 100 10.0 0 0 0
23.568 0x2B main_weld 1 1 1 1 19 16.9 3.2 100 10.0 0 0 0
23.608 0x2B main_weld 1 1 1 1 10 16.9 3.2 100 10.0 0 0 0
23.645 0x2B main_weld 1 1 1 1 10 16.9 3.2 100 10.0 0 0 0
23.687 0x2B main_weld 1 1 1 1 10 17.5 3.2 100 10.0 0 0 0
23.729 0x2B main_weld 1 1 1 1 10 17.5 3.2 100 10.0 0 0 0
23.765 0x2B main_weld 1 1 1 1 10 17.5 3.2 100 10.0 0 0 0
23.806 0x2B main_weld 1 1 1 1 187 17.5 3.2 100 10.0 0 0 0
23.847 0x2B main_weld 1 1 1 1 187 11.8 3.2 100 10.0 0 0 0
23.890 0x2B main_weld 1 1 1 1 187 11.8 3.2 100 10.0 0 0 0
23.930 0x2B main_weld 1 1 1 1 187 14.7 3.2 100 10.0 0 0 0
23.970 0x2B main_weld 1 1 1 1 63 14.7 3.2 100 10.0 0 0 0
24.009 0x2B main_weld 1 1 1 1 63 14.7 3.2 100 10.0 0 0 0
24.047 0x2B main_weld 1 1 1 1 63 14.7 3.2 100 10.0 0 0 0
24.087 0x2B main_weld 1 1 1 1 63 14.7 3.2 100 10.0 0 0 0
24.138 0x2B main_weld 1 1 1 1 74 14.8 3.2 100 10.0 0 0 0
24.165 0x2B main_weld 1 1 1 1 74 14.8 3.2 100 10.0 0 0 0
24.206 0x2B main_weld 1 1 1 1 74 14.8 3.2 100 10.0 0 0 0
24.254 0x2B main_weld 1 1 1 1 135 14.8 3.2 100 10.0 0 0 0
24.286 0x2B main_weld 1 1 1 1 135 12.9 3.2 100 10.0 0 0 0
24.327 0x2B main_weld 1 1 1 1 135 12.9 3.2 100 10.0 0 0 0
24.367 0x2B main_weld 1 1 1 1 135 12.9 3.2 100 10.0 0 0 0
24.407 0x2B main_weld 1 1 1 1 38 18.9 3.2 100 10.0 0 0 0
24.446 0x2B main_weld 1 1 1 1 38 18.9 3.2 100 10.0 0 0 0
24.485 0x2B main_weld 1 1 1 1 38 18.9 3.2 100 10.0 0 0 0
24.528 0x2B main_weld 1 1 1 1 38 18.9 3.2 100 10.0 0 0 0
24.569 0x2B main_weld 1 1 1 1 38 13.8 3.2 100 10.0 0 0 0
24.607 0x2B main_weld 1 1 1 1 73 13.8 3.2 100 10.0 0 0 0
24.649 0x2B main_weld 1 1 1 1 73 13.8 3.2 100 10.0 0 0 0
24.691 0x2B main_weld 1 1 1 1 73 13.8 3.2 100 10.0 0 0 0
24.729 0x2B main_weld 1 1 1 1 73 13.8 3.2 100 10.0 0 0 0
24.765 0x2B main_weld 1 1 1 1 168 13.4 3.2 100 10.0 0 0 0
24.811 0x2B main_weld 1 1 1 1 168 13.4 3.2 100 10.0 0 0 0
24.849 0x2B main_weld 1 1 1 1 168 13.4 3.2 100 10.0 0 0 0
24.891 0x2B main_weld 1 1 1 1 40 13.4 3.2 100 10.0 0 0 0
24.930 0x2B main_weld 1 1 1 1 40 16.6 3.2 100 10.0 0 0 0
24.969 0x2B main_weld 1 1 1 1 40 16.6 3.2 100 10.0 0 0 0
25.006 0x2B main_weld 1 1 1 1 40 13.3 3.2 100 10.0 0 0 0
25.053 0x2B main_weld 1 1 1 1 76 13.3 3.2 100 10.0 0 0 0
25.085 0x2B main_weld 1 1 1 1 76 13.3 3.2 100 10.0 0 0 0
25.138 0x2B main_weld 1 1 1 1 76 13.3 3.2 100 10.0 0 0 0
25.166 0x2B main_weld 1 1 1 1 76 13.3 3.2 100 10.0 0 0 0
25.205 0x2B main_weld 1 1 1 1 76 15.1 3.2 100 10.0 0 0 0
25.246 0x2B main_weld 1 1 1 1 139 15.1 3.2 100 10.0 0 0 0
25.290 0x2B main_weld 1 1 1 1 139 15.1 3.2 100 10.0 0 0 0
25.325 0x2B main_weld 1 1 1 1 139 15.1 3.2 100 10.0 0 0 0
25.370 0x2B main_weld 1 1 1 1 139 17.7 3.2 100 10.0 0 0 0
25.412 0x2B main_weld 1 1 1 1 6 17.7 3.2 100 10.0 0 0 0
25.449 0x2B main_weld 1 1 1 1 6 17.7 3.2 100 10.0 0 0 0
25.490 0x2B main_weld 1 1 1 1 142 17.7 3.2 100 10.0 0 0 0
25.535 0x2B main_weld 1 1 1 1 142 17.7 3.2 100 10.0 0 0 0
25.569 0x2B main_weld 1 1 1 1 142 12.1 3.2 100 10.0 0 0 0
25.608 0x2B main_weld 1 1 1 1 142 12.1 3.2 100 10.0 0 0 0
25.645 0x2B main_weld 1 1 1 1 142 12.1 3.2 100 10.0 0 0 0
25.691 0x2B main_weld 1 1 1 1 61 12.1 3.2 100 10.0 0 0 0
25.731 0x2B main_weld 1 1 1 1 61 15.3 3.2 100 10.0 0 0 0
25.767 0x2B main_weld 1 1 1 1 61 15.3 3.2 100 10.0 0 0 0
25.809 0x2B main_weld 1 1 1 1 61 15.3 3.2 100 10.0 0 0 0
25.846 0x2B main_weld 1 1 1 1 42 14.2 3.2 100 10.0 0 0 0
25.890 0x2B main_weld 1 1 1 1 42 14.2 3.2 100 10.0 0 0 0
25.926 0x2B main_weld 1 1 1 1 42 14.2 3.2 100 10.0 0 0 0
25.966 0x2B main_weld 1 1 1 1 42 14.2 3.2 100 10.0 0 0 0
26.005 0x2B main_weld 1 1 1 1 42 12.0 3.2 100 10.0 0 0 0
26.045 0x2B main_weld 1 1 1 1 136 12.0 3.2 100 10.0 0 0 0
26.088 0x2B main_weld 1 1 1 1 136 12.0 3.2 100 10.0 0 0 0
26.129 0x2B main_weld 1 1 1 1 46 12.0 3.2 100 10.0 0 0 0
26.170 0x2B main_weld 1 1 1 1 46 12.0 3.2 100 10.0 0 0 0
26.209 0x2B main_weld 1 1 1 1 46 14.2 3.2 100 10.0 0 0 0
26.248 0x2B main_weld 1 1 1 1 46 14.2 3.2 100 10.0 0 0 0
26.288 0x2B main_weld 1 1 1 1 46 13.1 3.2 100 10.0 0 0 0
26.328 0x2B main_weld 1 1 1 1 87 13.1 3.2 100 10.0 0 0 0
26.366 0x2B main_weld 1 1 1 1 87 13.1 3.2 100 10.0 0 0 0
26.406 0x2B main_weld 1 1 1 1 87 13.1 3.2 100 10.0 0 0 0
26.447 0x2B main_weld 1 1 1 1 87 12.4 3.2 100 10.0 0 0 0
26.486 0x2B main_weld 1 1 1 1 142 12.4 3.2 100 10.0 0 0 0
26.532 0x2B main_weld 1 1 1 1 142 12.4 3.2 100 10.0 0 0 0
26.565 0x2B main_weld 1 1 1 1 142 12.4 3.2 100 10.0 0 0 0
26.612 0x2B main_weld 1 1 1 1 142 12.4 3.2 100 10.0 0 0 0
26.649 0x2B main_weld 1 1 1 1 142 15.2 3.2 100 10.0 0 0 0
26.687 0x2B main_weld 1 1 1 1 55 15.2 3.2 100 10.0 0 0 0
26.729 0x2B main_weld 1 1 1 1 55 15.2 3.2 100 10.0 0 0 0
26.767 0x2B main_weld 1 1 1 1 104 15.2 3.2 100 10.0 0 0 0
26.809 0x2B main_weld 1 1 1 1 104 13.0 3.2 100 10.0 0 0 0
26.850 0x2B main_weld 1 1 1 1 104 13.0 3.2 100 10.0 0 0 0
26.888 0x2B main_weld 1 1 1 1 104 13.0 3.2 100 10.0 0 0 0
26.927 0x2B main_weld 1 1 1 1 130 12.6 3.2 100 10.0 0 0 0
26.965 0x2B main_weld 1 1 1 1 130 12.6 3.2 100 10.0 0 0 0
27.005 0x2B main_weld 1 1 1 1 130 12.6 3.2 100 10.0 0 0 0
27.049 0x2B main_weld 1 1 1 1 130 12.6 3.2 100 10.0 0 0 0
27.087 0x2B main_weld 1 1 1 1 130 14.2 3.2 100 10.0 0 0 0
27.128 0x2B main_weld 1 1 1 1 55 14.2 3.2 100 10.0 0 0 0
27.168 0x2B main_weld 1 1 1 1 55 14.2 3.2 100 10.0 0 0 0
27.209 0x2B main_weld 1 1 1 1 55 14.2 3.2 100 10.0 0 0 0
27.250 0x2B main_weld 1 1 1 1 55 14.2 3.2 100 10.0 0 0 0
27.286 0x2B main_weld 1 1 1 1 43 15.2 3.2 100 10.0 0 0 0
27.331 0x2B main_weld 1 1 1 1 43 15.2 3.2 100 10.0 0 0 0
27.368 0x2B main_weld 1 1 1 1 43 15.2 3.2 100 10.0 0 0 0
27.405 0x2B main_weld 1 1 1 1 84 15.2 3.2 100 10.0 0 0 0
27.446 0x2B main_weld 1 1 1 1 84 14.1 3.2 100 10.0 0 0 0
27.485 0x2B main_weld 1 1 1 1 84 14.1 3.2 100 10.0 0 0 0
27.531 0x2B main_weld 1 1 1 1 84 14.1 3.2 100 10.0 0 0 0
27.566 0x2B main_weld 1 1 1 1 44 14.1 3.2 100 10.0 0 0 0
27.610 0x2B main_weld 1 1 1 1 44 14.1 3.2 100 10.0 0 0 0
27.647 0x2B main_weld 1 1 1 1 44 14.2 3.2 100 10.0 0 0 0
27.692 0x2B main_weld 1 1 1 1 44 14.2 3.2 100 10.0 0 0 0
27.727 0x2B main_weld 1 1 1 1 44 12.5 3.2 100 10.0 0 0 0
27.766 0x2B main_weld 1 1 1 1 133 12.5 3.2 100 10.0 0 0 0
27.809 0x2B main_weld 1 1 1 1 133 12.5 3.2 100 10.0 0 0 0
27.849 0x2B main_weld 1 1 1 1 133 12.5 3.2 100 10.0 0 0 0
27.889 0x2B main_weld 1 1 1 1 133 15.3 3.2 100 10.0 0 0 0
27.926 0x2B main_weld 1 1 1 1 66 15.3 3.2 100 10.0 0 0 0
27.967 0x2B main_weld 1 1 1 1 66 15.3 3.2 100 10.0 0 0 0
28.008 0x2B main_weld 1 1 1 1 60 15.3 3.2 100 10.0 0 0 0
28.049 0x2B main_weld 1 1 1 1 60 15.3 3.2 100 10.0 0 0 0
28.088 0x2B main_weld 1 1 1 1 60 14.7 3.2 100 10.0 0 0 0
28.128 0x2B main_weld 1 1 1 1 60 14.7 3.2 100 10.0 0 0 0
28.166 0x2B main_weld 1 1 1 1 60 14.7 3.2 100 10.0 0 0 0
28.206 0x2B main_weld 1 1 1 1 128 14.7 3.2 100 10.0 0 0 0
28.255 0x2B main_weld 1 1 1 1 128 12.4 3.2 100 10.0 0 0 0
28.284 0x2B main_weld 1 1 1 1 128 12.4 3.2 100 10.0 0 0 0
28.327 0x2B main_weld 1 1 1 1 128 12.4 3.2 100 10.0 0 0 0
28.368 0x2B main_weld 1 1 1 1 72 15.6 3.2 100 10.0 0 0 0
28.405 0x2B main_weld 1 1 1 1 72 15.6 3.2 100 10.0 0 0 0
28.448 0x2B main_weld 1 1 1 1 72 15.6 3.2 100 10.0 0 0 0
28.488 0x2B main_weld 1 1 1 1 72 15.6 3.2 100 10.0 0 0 0
28.527 0x2B main_weld 1 1 1 1 72 15.5 3.2 100 10.0 0 0 0
28.566 0x2B main_weld 1 1 1 1 61 15.5 3.2 100 10.0 0 0 0
28.611 0x2B main_weld 1 1 1 1 61 15.5 3.2 100 10.0 0 0 0
28.649 0x2B main_weld 1 1 1 1 133 15.5 3.2 100 10.0 0 0 0
28.685 0x2B main_weld 1 1 1 1 133 15.5 3.2 100 10.0 0 0 0
28.727 0x2B main_weld 1 1 1 1 133 12.7 3.2 100 10.0 0 0 0
28.769 0x2B main_weld 1 1 1 1 133 12.7 3.2 100 10.0 0 0 0
28.806 0x2B main_weld 1 1 1 1 133 14.7 3.2 100 10.0 0 0 0
28.846 0x2B main_weld 1 1 1 1 54 14.7 3.2 100 10.0 0 0 0
28.886 0x2B main_weld 1 1 1 1 54 14.7 3.2 100 10.0 0 0 0
28.933 0x2B main_weld 1 1 1 1 54 14.7 3.2 100 10.0 0 0 0
28.967 0x2B main_weld 1 1 1 1 54 14.5 3.2 100 10.0 0 0 0
29.007 0x2B main_weld 1 1 1 1 56 14.5 3.2 100 10.0 0 0 0
29.047 0x2B main_weld 1 1 1 1 56 14.5 3.2 100 10.0 0 0 0
29.087 0x2B main_weld 1 1 1 1 56 14.5 3.2 100 10.0 0 0 0
29.125 0x2B main_weld 1 1 1 1 56 14.5 3.2 100 10.0 0 0 0
29.167 0x2B main_weld 1 1 1 1 56 12.3 3.2 100 10.0 0 0 0
29.211 0x2B main_weld 1 1 1 1 166 12.3 3.2 100 10.0 0 0 0
29.247 0x2B main_weld 1 1 1 1 166 12.3 3.2 100 10.0 0 0 0
29.285 0x2B main_weld 1 1 1 1 46 12.3 3.2 100 10.0 0 0 0
29.329 0x2B main_weld 1 1 1 1 46 12.3 3.2 100 10.0 0 0 0
29.372 0x2B main_weld 1 1 1 1 46 12.3 3.2 100 10.0 0 0 0
29.406 0x2B main_weld 1 1 1 1 46 12.3 3.2 100 10.0 0 0 0
29.445 0x2B main_weld 1 1 1 1 50 29.4 3.2 100 10.0 0 0 0
29.490 0x2B main_weld 1 1 1 1 50 29.4 3.2 100 10.0 0 0 0
29.532 0x2B main_weld 1 1 1 1 50 33.6 3.2 100 10.0 0 0 0
29.570 0x2B main_weld 1 1 1 1 50 33.6 3.2 100 10.0 0 0 0
29.607 0x2B main_weld 1 1 1 1 50 13.1 3.2 100 10.0 0 0 0
29.648 0x2B main_weld 1 1 1 1 145 13.1 3.2 100 10.0 0 0 0
29.686 0x2B main_weld 1 1 1 1 145 13.1 3.2 100 10.0 0 0 0
29.725 0x2B main_weld 1 1 1 1 145 13.1 3.2 100 10.0 0 0 0
29.769 0x2B main_weld 1 1 1 1 145 13.1 3.2 100 10.0 0 0 0
29.807 0x2B main_weld 1 1 1 1 78 13.9 3.2 100 10.0 0 0 0
29.848 0x2B main_weld 1 1 1 1 78 13.9 3.2 100 10.0 0 0 0
29.888 0x2B main_weld 1 1 1 1 78 13.9 3.2 100 10.0 0 0 0
29.931 0x2B main_weld 1 1 1 1 73 13.9 3.2 100 10.0 0 0 0
29.968 0x2B main_weld 1 1 1 1 73 13.2 3.2 100 10.0 0 0 0
30.005 0x2B main_weld 1 1 1 1 73 13.2 3.2 100 10.0 0 0 0
30.047 0x2B main_weld 1 1 1 1 73 13.2 3.2 100 10.0 0 0 0
30.088 0x2B main_weld 1 1 1 1 96 13.2 3.2 100 10.0 0 0 0
30.125 0x2B main_weld 1 1 1 1 96 13.2 3.2 100 10.0 0 0 0
30.165 0x2B main_weld 1 1 1 1 96 12.9 3.2 100 10.0 0 0 0
30.206 0x2B main_weld 1 1 1 1 96 12.9 3.2 100 10.0 0 0 0
30.245 0x2B main_weld 1 1 1 1 96 13.8 3.2 100 10.0 0 0 0
30.286 0x2B main_weld 1 1 1 1 52 13.8 3.2 100 10.0 0 0 0
30.332 0x2B main_weld 1 1 1 1 52 13.8 3.2 100 10.0 0 0 0
30.365 0x2B main_weld 1 1 1 1 52 13.8 3.2 100 10.0 0 0 0
30.407 0x2B main_weld 1 1 1 1 52 12.5 3.2 100 10.0 0 0 0
30.448 0x2B main_weld 1 1 1 1 98 12.5 3.2 100 10.0 0 0 0
30.496 0x2B main_weld 1 1 1 1 98 12.5 3.2 100 10.0 0 0 0
30.530 0x2B main_weld 1 1 1 1 111 12.5 3.2 100 10.0 0 0 0
30.576 0x2B main_weld 1 1 1 1 111 12.5 3.2 100 10.0 0 0 0
30.608 0x2B main_weld 1 1 1 1 111 13.1 3.2 100 10.0 0 0 0
30.647 0x2B main_weld 1 1 1 1 111 13.1 3.2 100 10.0 0 0 0
30.687 0x2B main_weld 1 1 1 1 111 20.0 3.2 100 10.0 0 0 0
30.727 0x2B main_weld 1 1 1 1 19 20.0 3.2 100 10.0 0 0 0
30.767 0x2B main_weld 1 1 1 1 19 20.0 3.2 100 10.0 0 0 0
30.805 0x2B main_weld 1 1 1 1 19 20.0 3.2 100 10.0 0 0 0
30.848 0x2B main_weld 1 1 1 1 19 20.0 3.2 100 10.0 0 0 0
30.892 0x2B main_weld 1 1 1 1 146 12.9 3.2 100 10.0 0 0 0
30.930 0x2B main_weld 1 1 1 1 146 12.9 3.2 100 10.0 0 0 0
30.965 0x2B main_weld 1 1 1 1 146 12.9 3.2 100 10.0 0 0 0
31.007 0x2B main_weld 1 1 1 1 146 12.9 3.2 100 10.0 0 0 0
31.046 0x2B main_weld 1 1 1 1 146 17.9 3.2 100 10.0 0 0 0
31.086 0x2B main_weld 1 1 1 1 57 17.9 3.2 100 10.0 0 0 0
31.129 0x2B main_weld 1 1 1 1 57 17.9 3.2 100 10.0 0 0 0
31.172 0x2B main_weld 1 1 1 1 32 17.9 3.2 100 10.0 0 0 0
31.207 0x2B main_weld 1 1 1 1 32 17.9 3.2 100 10.0 0 0 0
31.247 0x2B main_weld 1 1 1 1 32 18.6 3.2 100 10.0 0 0 0
31.291 0x2B main_weld 1 1 1 1 32 18.6 3.2 100 10.0 0 0 0
31.327 0x2B main_weld 1 1 1 1 32 18.6 3.2 100 10.0 0 0 0
31.365 0x2B main_weld 1 1 1 1 165 18.6 3.2 100 10.0 0 0 0
31.404 0x2B main_weld 1 1 1 1 165 11.5 3.2 100 10.0 0 0 0
31.446 0x2B main_weld 1 1 1 1 165 11.5 3.2 100 10.0 0 0 0
31.486 0x2B main_weld 1 1 1 1 165 14.2 3.2 100 10.0 0 0 0
31.529 0x2B main_weld 1 1 1 1 88 14.2 3.2 100 10.0 0 0 0
31.567 0x2B main_weld 1 1 1 1 88 14.2 3.2 100 10.0 0 0 0
31.612 0x2B main_weld 1 1 1 1 88 14.2 3.2 100 10.0 0 0 0
31.645 0x2B main_weld 1 1 1 1 88 14.2 3.2 100 10.0 0 0 0
31.690 0x2B main_weld 1 1 1 1 88 15.8 3.2 100 10.0 0 0 0
31.727 0x2B main_weld 1 1 1 1 21 15.8 3.2 100 10.0 0 0 0
31.766 0x2B main_weld 1 1 1 1 21 15.8 3.2 100 10.0 0 0 0
31.806 0x2B main_weld 1 1 1 1 21 15.8 3.2 100 10.0 0 0 0
31.845 0x2B main_weld 1 1 1 1 21 12.0 3.2 100 10.0 0 0 0
31.891 0x2B main_weld 1 1 1 1 152 12.0 3.2 100 10.0 0 0 0
31.925 0x2B main_weld 1 1 1 1 152 12.0 3.2 100 10.0 0 0 0
31.965 0x2B main_weld 1 1 1 1 98 12.0 3.2 100 10.0 0 0 0
32.006 0x2B main_weld 1 1 1 1 98 12.0 3.2 100 10.0 0 0 0
32.047 0x2B main_weld 1 1 1 1 98 13.4 3.2 100 10.0 0 0 0
32.092 0x2B main_weld 1 1 1 1 98 13.4 3.2 100 10.0 0 0 0
32.129 0x2B main_weld 1 1 1 1 98 14.6 3.2 100 10.0 0 0 0
32.166 0x2B main_weld 1 1 1 1 44 14.6 3.2 100 10.0 0 0 0
32.205 0x2B main_weld 1 1 1 1 44 14.6 3.2 100 10.0 0 0 0
32.245 0x2B main_weld 1 1 1 1 44 14.6 3.2 100 10.0 0 0 0
32.294 0x2B main_weld 1 1 1 1 44 14.6 3.2 100 10.0 0 0 0
32.326 0x2B main_weld 1 1 1 1 44 12.4 3.2 100 10.0 0 0 0
32.365 0x2B main_weld 1 1 1 1 44 12.4 3.2 100 10.0 0 0 0
32.414 0x2B main_weld 1 1 1 1 44 12.4 3.2 100 10.0 0 0 0
32.452 0x2B main_weld 1 1 1 1 130 12.4 3.2 100 10.0 0 0 0
32.488 0x2B main_weld 1 1 1 1 130 14.1 3.2 100 10.0 0 0 0
32.528 0x2B main_weld 1 1 1 1 94 14.1 3.2 100 10.0 0 0 0
32.565 0x2B main_weld 1 1 1 1 94 14.1 3.2 100 10.0 0 0 0
32.610 0x2B main_weld 1 1 1 1 39 14.1 3.2 100 10.0 0 0 0
32.645 0x2B main_weld 1 1 1 1 39 14.1 3.2 100 10.0 0 0 0
32.692 0x2B main_weld 1 1 1 1 39 14.6 3.2 100 10.0 0 0 0
32.733 0x2B main_weld 1 1 1 1 39 14.6 3.2 100 10.0 0 0 0
32.768 0x2B main_weld 1 1 1 1 39 11.9 3.2 100 10.0 0 0 0
32.813 0x2B main_weld 1 1 1 1 165 11.9 3.2 100 10.0 0 0 0
32.848 0x2B main_weld 1 1 1 1 165 11.9 3.2 100 10.0 0 0 0
32.889 0x2B main_weld 1 1 1 1 165 11.9 3.2 100 10.0 0 0 0
32.926 0x2B main_weld 1 1 1 1 165 16.5 3.2 100 10.0 0 0 0
32.965 0x2B main_weld 1 1 1 1 37 16.5 3.2 100 10.0 0 0 0
33.006 0x2B main_weld 1 1 1 1 37 16.5 3.2 100 10.0 0 0 0
33.048 0x2B main_weld 1 1 1 1 128 16.5 3.2 100 10.0 0 0 0
33.086 0x2B main_weld 1 1 1 1 128 16.5 3.2 100 10.0 0 0 0
33.126 0x2B main_weld 1 1 1 1 128 12.5 3.2 100 10.0 0 0 0
33.166 0x2B main_weld 1 1 1 1 128 12.5 3.2 100 10.0 0 0 0
33.208 0x2B main_weld 1 1 1 1 128 12.5 3.2 100 10.0 0 0 0
33.248 0x2B main_weld 1 1 1 1 46 12.5 3.2 100 10.0 0 0 0
33.290 0x2B main_weld 1 1 1 1 46 16.0 3.2 100 10.0 0 0 0
33.330 0x2B main_weld 1 1 1 1 46 16.0 3.2 100 10.0 0 0 0
33.367 0x2B main_weld 1 1 1 1 46 16.0 3.2 100 10.0 0 0 0
33.411 0x2B main_weld 1 1 1 1 38 15.6 3.2 100 10.0 0 0 0
33.445 0x2B main_weld 1 1 1 1 38 15.6 3.2 100 10.0 0 0 0
33.489 0x2B main_weld 1 1 1 1 38 15.6 3.2 100 10.0 0 0 0
33.531 0x2B main_weld 1 1 1 1 38 15.6 3.2 100 10.0 0 0 0
33.567 0x2B main_weld 1 1 1 1 38 11.9 3.2 100 10.0 0 0 0
33.608 0x2B main_weld 1 1 1 1 145 11.9 3.2 100 10.0 0 0 0
33.648 0x2B main_weld 1 1 1 1 145 11.9 3.2 100 10.0 0 0 0
33.691 0x2B main_weld 1 1 1 1 145 11.9 3.2 100 10.0 0 0 0
33.733 0x2B main_weld 1 1 1 1 145 11.9 3.2 100 10.0 0 0 0
33.769 0x2B main_weld 1 1 1 1 62 13.7 3.2 100 10.0 0 0 0
33.806 0x2B main_weld 1 1 1 1 62 13.7 3.2 100 10.0 0 0 0
33.845 0x2B main_weld 1 1 1 1 62 13.7 3.2 100 10.0 0 0 0
33.889 0x2B main_weld 1 1 1 1 84 13.7 3.2 100 10.0 0 0 0
33.928 0x2B main_weld 1 1 1 1 84 13.0 3.2 100 10.0 0 0 0
33.968 0x2B main_weld 1 1 1 1 84 13.0 3.2 100 10.0 0 0 0
34.005 0x2B main_weld 1 1 1 1 84 12.5 3.2 100 10.0 0 0 0
34.053 0x2B main_weld 1 1 1 1 121 12.5 3.2 100 10.0 0 0 0
34.089 0x2B main_weld 1 1 1 1 121 12.5 3.2 100 10.0 0 0 0
34.130 0x2B main_weld 1 1 1 1 121 12.5 3.2 100 10.0 0 0 0
34.167 0x2B main_weld 1 1 1 1 121 12.5 3.2 100 10.0 0 0 0
34.208 0x2B main_weld 1 1 1 1 121 16.3 3.2 100 10.0 0 0 0
34.254 0x2B main_weld 1 1 1 1 79 16.3 3.2 100 10.0 0 0 0
34.289 0x2B main_weld 1 1 1 1 79 16.3 3.2 100 10.0 0 0 0
34.336 0x2B main_weld 1 1 1 1 79 16.3 3.2 100 10.0 0 0 0
34.368 0x2B main_weld 1 1 1 1 79 16.7 3.2 100 10.0 0 0 0
34.407 0x2B main_weld 1 1 1 1 33 16.7 3.2 100 10.0 0 0 0
34.447 0x2B main_weld 1 1 1 1 33 16.7 3.2 100 10.0 0 0 0
34.493 0x2B main_weld 1 1 1 1 116 16.7 3.2 100 10.0 0 0 0
34.532 0x2B main_weld 1 1 1 1 116 16.7 3.2 100 10.0 0 0 0
34.566 0x2B main_weld 1 1 1 1 116 13.1 3.2 100 10.0 0 0 0
34.606 0x2B main_weld 1 1 1 1 116 13.1 3.2 100 10.0 0 0 0
34.649 0x2B main_weld 1 1 1 1 116 14.1 3.2 100 10.0 0 0 0
34.688 0x2B main_weld 1 1 1 1 54 14.1 3.2 100 10.0 0 0 0
34.731 0x2B main_weld 1 1 1 1 54 14.1 3.2 100 10.0 0 0 0
34.777 0x2B main_weld 1 1 1 1 54 14.1 3.2 100 10.0 0 0 0
34.809 0x2B main_weld 1 1 1 1 54 14.1 3.2 100 10.0 0 0 0
34.851 0x2B main_weld 1 1 1 1 110 12.4 3.2 100 10.0 0 0 0
34.886 0x2B main_weld 1 1 1 1 110 12.4 3.2 100 10.0 0 0 0
34.925 0x2B main_weld 1 1 1 1 110 12.4 3.2 100 10.0 0 0 0
34.967 0x2B main_weld 1 1 1 1 102 12.4 3.2 100 10.0 0 0 0
35.014 0x2B main_weld 1 1 1 1 102 13.5 3.2 100 10.0 0 0 0
35.053 0x2B main_weld 1 1 1 1 102 13.5 3.2 100 10.0 0 0 0
35.089 0x2B main_weld 1 1 1 1 102 13.5 3.2 100 10.0 0 0 0
35.127 0x2B main_weld 1 1 1 1 44 13.5 3.2 100 10.0 0 0 0
35.167 0x2B main_weld 1 1 1 1 44 13.5 3.2 100 10.0 0 0 0
35.205 0x2B main_weld 1 1 1 1 44 14.7 3.2 100 10.0 0 0 0
35.250 0x2B main_weld 1 1 1 1 44 14.7 3.2 100 10.0 0 0 0
35.293 0x2B main_weld 1 1 1 1 44 12.5 3.2 100 10.0 0 0 0
35.328 0x2B main_weld 1 1 1 1 144 12.5 3.2 100 10.0 0 0 0
35.371 0x2B main_weld 1 1 1 1 144 12.5 3.2 100 10.0 0 0 0
35.404 0x2B main_weld 1 1 1 1 144 12.5 3.2 100 10.0 0 0 0
35.447 0x2B main_weld 1 1 1 1 144 14.5 3.2 100 10.0 0 0 0
35.491 0x2B main_weld 1 1 1 1 66 14.5 3.2 100 10.0 0 0 0
35.528 0x2B main_weld 1 1 1 1 66 14.5 3.2 100 10.0 0 0 0
35.570 0x2B main_weld 1 1 1 1 66 14.5 3.2 100 10.0 0 0 0
35.608 0x2B main_weld 1 1 1 1 66 14.5 3.2 100 10.0 0 0 0
35.650 0x2B main_weld 1 1 1 1 66 14.3 3.2 100 10.0 0 0 0
35.689 0x2B main_weld 1 1 1 1 61 14.3 3.2 100 10.0 0 0 0
35.729 0x2B main_weld 1 1 1 1 61 14.3 3.2 100 10.0 0 0 0
35.769 0x2B main_weld 1 1 1 1 120 14.3 3.2 100 10.0 0 0 0
35.810 0x2B main_weld 1 1 1 1 120 12.9 3.2 100 10.0 0 0 0
35.848 0x2B main_weld 1 1 1 1 120 12.9 3.2 100 10.0 0 0 0
35.900 0x2B main_weld 1 1 1 1 120 14.4 3.2 100 10.0 0 0 0
35.939 0x2B main_weld 1 1 1 1 46 14.4 3.2 100 10.0 0 0 0
35.965 0x2B main_weld 1 1 1 1 46 14.4 3.2 100 10.0 0 0 0
36.009 0x2B main_weld 1 1 1 1 46 14.4 3.2 100 10.0 0 0 0
36.055 0x2B main_weld 1 1 1 1 46 14.4 3.2 100 10.0 0 0 0
36.107 0x2B main_weld 1 1 1 1 46 12.5 3.2 100 10.0 0 0 0
36.135 0x2B main_weld 1 1 1 1 106 12.5 3.2 100 10.0 0 0 0
36.170 0x2B main_weld 1 1 1 1 106 12.5 3.2 100 10.0 0 0 0
36.208 0x2B main_weld 1 1 1 1 106 12.5 3.2 100 10.0 0 0 0
36.246 0x2B main_weld 1 1 1 1 106 12.5 3.2 100 10.0 0 0 0
36.287 0x2B main_weld 1 1 1 1 104 14.8 3.2 100 10.0 0 0 0
36.330 0x2B main_weld 1 1 1 1 104 14.8 3.2 100 10.0 0 0 0
36.371 0x2B main_weld 1 1 1 1 104 14.8 3.2 100 10.0 0 0 0
36.412 0x2B main_weld 1 1 1 1 54 14.8 3.2 100 10.0 0 0 0
36.450 0x2B main_weld 1 1 1 1 54 14.0 3.2 100 10.0 0 0 0
36.490 0x2B main_weld 1 1 1 1 54 14.0 3.2 100 10.0 0 0 0
36.532 0x2B main_weld 1 1 1 1 54 13.8 3.2 100 10.0 0 0 0
36.568 0x2B main_weld 1 1 1 1 98 13.8 3.2 100 10.0 0 0 0
36.605 0x2B main_weld 1 1 1 1 98 13.8 3.2 100 10.0 0 0 0
36.649 0x2B main_weld 1 1 1 1 98 13.8 3.2 100 10.0 0 0 0
36.691 0x2B main_weld 1 1 1 1 98 13.8 3.2 100 10.0 0 0 0
36.731 0x2B main_weld 1 1 1 1 98 14.2 3.2 100 10.0 0 0 0
36.766 0x2B main_weld 1 1 1 1 105 14.2 3.2 100 10.0 0 0 0
36.810 0x2B main_weld 1 1 1 1 105 14.2 3.2 100 10.0 0 0 0
36.851 0x2B main_weld 1 1 1 1 105 14.2 3.2 100 10.0 0 0 0
36.892 0x2B main_weld 1 1 1 1 105 14.8 3.2 100 10.0 0 0 0
36.931 0x2B main_weld 1 1 1 1 46 14.8 3.2 100 10.0 0 0 0
36.970 0x2B main_weld 1 1 1 1 46 14.8 3.2 100 10.0 0 0 0
37.013 0x2B main_weld 1 1 1 1 157 12.3 3.2 100 10.0 0 0 0
37.056 0x2B main_weld 1 1 1 1 157 12.3 3.2 100 10.0 0 0 0
37.089 0x2B main_weld 1 1 1 1 157 12.3 3.2 100 10.0 0 0 0
37.130 0x2B main_weld 1 1 1 1 157 12.3 3.2 100 10.0 0 0 0
37.175 0x2B main_weld 1 1 1 1 157 19.3 3.2 100 10.0 0 0 0
37.207 0x2B main_weld 1 1 1 1 43 19.3 3.2 100 10.0 0 0 0
37.252 0x2B main_weld 1 1 1 1 43 19.3 3.2 100 10.0 0 0 0
37.292 0x2B main_weld 1 1 1 1 43 19.3 3.2 100 10.0 0 0 0
37.332 0x2B main_weld 1 1 1 1 43 19.3 3.2 100 10.0 0 0 0
37.365 0x2B main_weld 1 1 1 1 69 13.9 3.2 100 10.0 0 0 0
37.406 0x2B main_weld 1 1 1 1 69 13.9 3.2 100 10.0 0 0 0
37.448 0x2B main_weld 1 1 1 1 69 13.9 3.2 100 10.0 0 0 0
37.493 0x2B main_weld 1 1 1 1 69 13.9 3.2 100 10.0 0 0 0
37.533 0x2B main_weld 1 1 1 1 69 12.6 3.2 100 10.0 0 0 0
37.568 0x2B main_weld 1 1 1 1 139 12.6 3.2 100 10.0 0 0 0
37.605 0x2B main_weld 1 1 1 1 139 12.6 3.2 100 10.0 0 0 0
37.647 0x2B main_weld 1 1 1 1 40 12.6 3.2 100 10.0 0 0 0
37.689 0x2B main_weld 1 1 1 1 40 12.6 3.2 100 10.0 0 0 0
37.729 0x2B main_weld 1 1 1 1 40 15.7 3.2 100 10.0 0 0 0
37.765 0x2B main_weld 1 1 1 1 40 15.7 3.2 100 10.0 0 0 0
37.806 0x2B main_weld 1 1 1 1 40 11.9 3.2 100 10.0 0 0 0
37.850 0x2B main_weld 1 1 1 1 130 11.9 3.2 100 10.0 0 0 0
37.887 0x2B main_weld 1 1 1 1 130 11.9 3.2 100 10.0 0 0 0
37.932 0x2B main_weld 1 1 1 1 130 11.9 3.2 100 10.0 0 0 0
37.969 0x2B main_weld 1 1 1 1 130 14.8 3.2 100 10.0 0 0 0
38.010 0x2B main_weld 1 1 1 1 100 14.8 3.2 100 10.0 0 0 0
38.058 0x2B main_weld 1 1 1 1 100 14.8 3.2 100 10.0 0 0 0
38.091 0x2B main_weld 1 1 1 1 100 14.8 3.2 100 10.0 0 0 0
38.129 0x2B main_weld 1 1 1 1 100 14.8 3.2 100 10.0 0 0 0
38.167 0x2B main_weld 1 1 1 1 100 14.6 3.2 100 10.0 0 0 0
38.206 0x2B main_weld 1 1 1 1 61 14.6 3.2 100 10.0 0 0 0
38.248 0x2B main_weld 1 1 1 1 61 14.6 3.2 100 10.0 0 0 0
38.289 0x2B main_weld 1 1 1 1 121 14.6 3.2 100 10.0 0 0 0
38.328 0x2B main_weld 1 1 1 1 121 14.6 3.2 100 10.0 0 0 0
38.366 0x2B main_weld 1 1 1 1 121 14.6 3.2 100 10.0 0 0 0
38.418 0x2B main_weld 1 1 1 1 121 14.6 3.2 100 10.0 0 0 0
38.449 0x2B main_weld 1 1 1 1 49 15.2 3.2 100 10.0 0 0 0
38.492 0x2B main_weld 1 1 1 1 49 15.2 3.2 100 10.0 0 0 0
38.537 0x2B main_weld 1 1 1 1 49 15.2 3.2 100 10.0 0 0 0
38.569 0x2B main_weld 1 1 1 1 49 15.2 3.2 100 10.0 0 0 0
38.610 0x2B main_weld 1 1 1 1 49 13.9 3.2 100 10.0 0 0 0
38.648 0x2B main_weld 1 1 1 1 56 13.9 3.2 100 10.0 0 0 0
38.687 0x2B main_weld 1 1 1 1 56 13.9 3.2 100 10.0 0 0 0
38.731 0x2B main_weld 1 1 1 1 138 13.9 3.2 100 10.0 0 0 0
38.767 0x2B main_weld 1 1 1 1 138 13.9 3.2 100 10.0 0 0 0
38.807 0x2B main_weld 1 1 1 1 138 12.5 3.2 100 10.0 0 0 0
38.849 0x2B main_weld 1 1 1 1 138 12.5 3.2 100 10.0 0 0 0
38.888 0x2B main_weld 1 1 1 1 138 14.7 3.2 100 10.0 0 0 0
38.928 0x2B main_weld 1 1 1 1 67 14.7 3.2 100 10.0 0 0 0
38.967 0x2B main_weld 1 1 1 1 67 14.7 3.2 100 10.0 0 0 0
39.010 0x2B main_weld 1 1 1 1 67 14.7 3.2 100 10.0 0 0 0
39.058 0x2B main_weld 1 1 1 1 67 15.9 3.2 100 10.0 0 0 0
39.090 0x2B main_weld 1 1 1 1 57 15.9 3.2 100 10.0 0 0 0
39.128 0x2B main_weld 1 1 1 1 57 15.9 3.2 100 10.0 0 0 0
39.171 0x2B main_weld 1 1 1 1 57 15.9 3.2 100 10.0 0 0 0
39.207 0x2B main_weld 1 1 1 1 57 15.9 3.2 100 10.0 0 0 0
39.250 0x2B main_weld 1 1 1 1 57 13.5 3.2 100 10.0 0 0 0
39.288 0x2B main_weld 1 1 1 1 115 13.5 3.2 100 10.0 0 0 0
39.329 0x2B main_weld 1 1 1 1 115 13.5 3.2 100 10.0 0 0 0
39.371 0x2B main_weld 1 1 1 1 38 13.5 3.2 100 10.0 0 0 0
39.405 0x2B main_weld 1 1 1 1 38 17.1 3.2 100 10.0 0 0 0
39.454 0x2B main_weld 1 1 1 1 38 17.1 3.2 100 10.0 0 0 0
39.485 0x2B main_weld 1 1 1 1 38 17.1 3.2 100 10.0 0 0 0
39.532 0x2B main_weld 1 1 1 1 171 17.1 3.2 100 10.0 0 0 0
39.572 0x2B main_weld 1 1 1 1 171 17.1 3.2 100 10.0 0 0 0
39.606 0x2B main_weld 1 1 1 1 171 11.7 3.2 100 10.0 0 0 0
39.653 0x2B main_weld 1 1 1 1 171 11.7 3.2 100 10.0 0 0 0
39.689 0x2B main_weld 1 1 1 1 171 14.6 3.2 100 10.0 0 0 0
39.736 0x2B main_weld 1 1 1 1 82 14.6 3.2 100 10.0 0 0 0
39.766 0x2B main_weld 1 1 1 1 82 14.6 3.2 100 10.0 0 0 0
39.810 0x2B main_weld 1 1 1 1 82 14.6 3.2 100 10.0 0 0 0
39.849 0x2B main_weld 1 1 1 1 82 14.6 3.2 100 10.0 0 0 0
39.885 0x2B main_weld 1 1 1 1 90 12.6 3.2 100 10.0 0 0 0
39.927 0x2B main_weld 1 1 1 1 90 12.6 3.2 100 10.0 0 0 0
39.973 0x2B main_weld 1 1 1 1 90 12.6 3.2 100 10.0 0 0 0
40.011 0x2B main_weld 1 1 1 1 135 12.6 3.2 100 10.0 0 0 0
40.054 0x2B main_weld 1 1 1 1 135 14.4 3.2 100 10.0 0 0 0
40.089 0x2B main_weld 1 1 1 1 135 14.4 3.2 100 10.0 0 0 0
40.133 0x2B main_weld 1 1 1 1 135 14.4 3.2 100 10.0 0 0 0
40.166 0x2B main_weld 1 1 1 1 18 14.4 3.2 100 10.0 0 0 0
40.209 0x2B main_weld 1 1 1 1 18 14.4 3.2 100 10.0 0 0 0
40.246 0x2B main_weld 1 1 1 1 18 17.1 3.2 100 10.0 0 0 0
40.289 0x2B main_weld 1 1 1 1 18 17.1 3.2 100 10.0 0 0 0
40.332 0x2B main_weld 1 1 1 1 18 13.2 3.2 100 10.0 0 0 0
40.369 0x2B main_weld 1 1 1 1 81 13.2 3.2 100 10.0 0 0 0
40.412 0x2B main_weld 1 1 1 1 81 13.2 3.2 100 10.0 0 0 0
40.454 0x2B main_weld 1 1 1 1 81 13.2 3.2 100 10.0 0 0 0
40.492 0x2B main_weld 1 1 1 1 81 16.1 3.2 100 10.0 0 0 0
40.533 0x2B main_weld 1 1 1 1 68 16.1 3.2 100 10.0 0 0 0
40.568 0x2B main_weld 1 1 1 1 68 16.1 3.2 100 10.0 0 0 0
40.607 0x2B main_weld 1 1 1 1 62 16.1 3.2 100 10.0 0 0 0
40.652 0x2B main_weld 1 1 1 1 62 16.1 3.2 100 10.0 0 0 0
40.688 0x2B main_weld 1 1 1 1 62 14.0 3.2 100 10.0 0 0 0
40.729 0x2B main_weld 1 1 1 1 62 14.0 3.2 100 10.0 0 0 0
40.769 0x2B main_weld 1 1 1 1 62 12.2 3.2 100 10.0 0 0 0
40.808 0x2B main_weld 1 1 1 1 148 12.2 3.2 100 10.0 0 0 0
40.847 0x2B main_weld 1 1 1 1 148 12.2 3.2 100 10.0 0 0 0
40.892 0x2B main_weld 1 1 1 1 148 12.2 3.2 100 10.0 0 0 0
40.928 0x2B main_weld 1 1 1 1 148 12.2 3.2 100 10.0 0 0 0
40.970 0x2B main_weld 1 1 1 1 42 14.4 3.2 100 10.0 0 0 0
41.006 0x2B main_weld 1 1 1 1 42 14.4 3.2 100 10.0 0 0 0
41.047 0x2B main_weld 1 1 1 1 42 14.4 3.2 100 10.0 0 0 0
41.094 0x2B main_weld 1 1 1 1 42 14.4 3.2 100 10.0 0 0 0
41.129 0x2B main_weld 1 1 1 1 42 12.5 3.2 100 10.0 0 0 0
41.167 0x2B main_weld 1 1 1 1 115 12.5 3.2 100 10.0 0 0 0
41.206 0x2B main_weld 1 1 1 1 115 12.5 3.2 100 10.0 0 0 0
41.246 0x2B main_weld 1 1 1 1 57 12.5 3.2 100 10.0 0 0 0
41.289 0x2B main_weld 1 1 1 1 57 12.5 3.2 100 10.0 0 0 0
41.328 0x2B main_weld 1 1 1 1 57 14.1 3.2 100 10.0 0 0 0
41.368 0x2B main_weld 1 1 1 1 57 14.1 3.2 100 10.0 0 0 0
41.414 0x2B main_weld 1 1 1 1 57 14.1 3.2 100 10.0 0 0 0
41.451 0x2B main_weld 1 1 1 1 51 14.1 3.2 100 10.0 0 0 0
41.489 0x2B main_weld 1 1 1 1 51 15.4 3.2 100 10.0 0 0 0
41.528 0x2B main_weld 1 1 1 1 51 15.4 3.2 100 10.0 0 0 0
41.571 0x2B main_weld 1 1 1 1 51 12.8 3.2 100 10.0 0 0 0
41.609 0x2B main_weld 1 1 1 1 110 12.8 3.2 100 10.0 0 0 0
41.648 0x2B main_weld 1 1 1 1 110 12.8 3.2 100 10.0 0 0 0
41.691 0x2B main_weld 1 1 1 1 110 12.8 3.2 100 10.0 0 0 0
41.728 0x2B main_weld 1 1 1 1 110 12.8 3.2 100 10.0 0 0 0
41.771 0x2B main_weld 1 1 1 1 110 14.3 3.2 100 10.0 0 0 0
41.809 0x2B main_weld 1 1 1 1 81 14.3 3.2 100 10.0 0 0 0
41.846 0x2B main_weld 1 1 1 1 81 14.3 3.2 100 10.0 0 0 0
41.887 0x2B main_weld 1 1 1 1 81 14.3 3.2 100 10.0 0 0 0
41.933 0x2B main_weld 1 1 1 1 81 13.4 3.2 100 10.0 0 0 0
41.967 0x2B main_weld 1 1 1 1 85 13.4 3.2 100 10.0 0 0 0
42.007 0x2B main_weld 1 1 1 1 85 13.4 3.2 100 10.0 0 0 0
42.051 0x2B main_weld 1 1 1 1 87 13.4 3.2 100 10.0 0 0 0
42.100 0x2B main_weld 1 1 1 1 87 13.4 3.2 100 10.0 0 0 0
42.133 0x2B main_weld 1 1 1 1 87 13.8 3.2 100 10.0 0 0 0
42.168 0x2B main_weld 1 1 1 1 87 13.8 3.2 100 10.0 0 0 0
42.212 0x2B main_weld 1 1 1 1 87 13.9 3.2 100 10.0 0 0 0
42.246 0x2B main_weld 1 1 1 1 92 13.9 3.2 100 10.0 0 0 0
42.290 0x2B main_weld 1 1 1 1 92 13.9 3.2 100 10.0 0 0 0
42.327 0x2B main_weld 1 1 1 1 92 13.9 3.2 100 10.0 0 0 0
42.369 0x2B main_weld 1 1 1 1 92 13.9 3.2 100 10.0 0 0 0
42.406 0x2B main_weld 1 1 1 1 88 13.6 3.2 100 10.0 0 0 0
42.450 0x2B main_weld 1 1 1 1 88 13.6 3.2 100 10.0 0 0 0
42.493 0x2B main_weld 1 1 1 1 88 13.6 3.2 100 10.0 0 0 0
42.527 0x2B main_weld 1 1 1 1 69 13.6 3.2 100 10.0 0 0 0
42.571 0x2B main_weld 1 1 1 1 69 14.0 3.2 100 10.0 0 0 0
42.608 0x2B main_weld 1 1 1 1 69 14.0 3.2 100 10.0 0 0 0
42.655 0x2B main_weld 1 1 1 1 69 13.4 3.2 100 10.0 0 0 0
42.690 0x2B main_weld 1 1 1 1 79 13.4 3.2 100 10.0 0 0 0
42.728 0x2B main_weld 1 1 1 1 79 13.4 3.2 100 10.0 0 0 0
42.773 0x2B main_weld 1 1 1 1 79 13.4 3.2 100 10.0 0 0 0
42.811 0x2B main_weld 1 1 1 1 79 13.4 3.2 100 10.0 0 0 0
42.844 0x2B main_weld 1 1 1 1 79 13.4 3.2 100 10.0 0 0 0
42.893 0x2B main_weld 1 1 1 1 70 13.4 3.2 100 10.0 0 0 0
42.935 0x2B main_weld 1 1 1 1 70 13.7 3.2 100 10.0 0 0 0
42.966 0x2B main_weld 1 1 1 1 70 13.7 3.2 100 10.0 0 0 0
43.008 0x2B main_weld 1 1 1 1 70 13.8 3.2 100 10.0 0 0 0
43.054 0x2B main_weld 1 1 1 1 67 13.8 3.2 100 10.0 0 0 0
43.089 0x2B main_weld 1 1 1 1 67 13.8 3.2 100 10.0 0 0 0
43.131 0x2B main_weld 1 1 1 1 58 13.8 3.2 100 10.0 0 0 0
43.171 0x2B main_weld 1 1 1 1 58 13.8 3.2 100 10.0 0 0 0
43.211 0x2B main_weld 1 1 1 1 58 14.7 3.2 100 10.0 0 0 0
43.249 0x2B main_weld 1 1 1 1 58 14.7 3.2 100 10.0 0 0 0
43.287 0x2B main_weld 1 1 1 1 58 13.8 3.2 100 10.0 0 0 0
43.328 0x2B main_weld 1 1 1 1 61 13.8 3.2 100 10.0 0 0 0
43.368 0x2B main_weld 1 1 1 1 61 13.8 3.2 100 10.0 0 0 0
43.405 0x2B main_weld 1 1 1 1 61 13.8 3.2 100 10.0 0 0 0
43.448 0x2B main_weld 1 1 1 1 61 13.8 3.2 100 10.0 0 0 0
43.491 0x2B main_weld 1 1 1 1 102 13.1 3.2 100 10.0 0 0 0
43.530 0x2B main_weld 1 1 1 1 102 13.1 3.2 100 10.0 0 0 0
43.565 0x2B main_weld 1 1 1 1 102 13.1 3.2 100 10.0 0 0 0
43.608 0x2B main_weld 1 1 1 1 102 13.1 3.2 100 10.0 0 0 0
43.652 0x2B main_weld 1 1 1 1 102 14.3 3.2 100 10.0 0 0 0
43.692 0x2B main_weld 1 1 1 1 93 14.3 3.2 100 10.0 0 0 0
43.726 0x2B main_weld 1 1 1 1 93 14.3 3.2 100 10.0 0 0 0
43.767 0x2B main_weld 1 1 1 1 67 14.3 3.2 100 10.0 0 0 0
43.811 0x2B main_weld 1 1 1 1 67 14.3 3.2 100 10.0 0 0 0
43.847 0x2B main_weld 1 1 1 1 67 15.2 3.2 100 10.0 0 0 0
43.892 0x2B main_weld 1 1 1 1 67 15.2 3.2 100 10.0 0 0 0
43.926 0x2B main_weld 1 1 1 1 67 15.2 3.2 100 10.0 0 0 0
43.973 0x2B main_weld 1 1 1 1 63 15.2 3.2 100 10.0 0 0 0
44.007 0x2B main_weld 1 1 1 1 63 13.6 3.2 100 10.0 0 0 0
44.055 0x2B main_weld 1 1 1 1 63 13.6 3.2 100 10.0 0 0 0
44.089 0x2B main_weld 1 1 1 1 63 13.3 3.2 100 10.0 0 0 0
44.129 0x2B main_weld 1 1 1 1 84 13.3 3.2 100 10.0 0 0 0
44.165 0x2B main_weld 1 1 1 1 84 13.3 3.2 100 10.0 0 0 0
44.206 0x2B main_weld 1 1 1 1 84 13.3 3.2 100 10.0 0 0 0
44.247 0x2B main_weld 1 1 1 1 84 13.3 3.2 100 10.0 0 0 0
44.291 0x2B main_weld 1 1 1 1 84 13.3 3.2 100 10.0 0 0 0
44.331 0x2B main_weld 1 1 1 1 82 13.3 3.2 100 10.0 0 0 0
44.369 0x2B main_weld 1 1 1 1 82 13.3 3.2 100 10.0 0 0 0
44.414 0x2B main_weld 1 1 1 1 68 13.3 3.2 100 10.0 0 0 0
44.450 0x2B main_weld 1 1 1 1 68 15.1 3.2 100 10.0 0 0 0
44.487 0x2B main_weld 1 1 1 1 68 15.1 3.2 100 10.0 0 0 0
44.527 0x2B main_weld 1 1 1 1 68 15.1 3.2 100 10.0 0 0 0
44.570 0x2B main_weld 1 1 1 1 98 14.1 3.2 100 10.0 0 0 0
44.607 0x2B main_weld 1 1 1 1 98 14.1 3.2 100 10.0 0 0 0
44.646 0x2B main_weld 1 1 1 1 98 14.1 3.2 100 10.0 0 0 0
44.690 0x2B main_weld 1 1 1 1 98 14.1 3.2 100 10.0 0 0 0
44.726 0x2B main_weld 1 1 1 1 98 14.9 3.2 100 10.0 0 0 0
44.768 0x2B main_weld 1 1 1 1 69 14.9 3.2 100 10.0 0 0 0
44.806 0x2B main_weld 1 1 1 1 69 14.9 3.2 100 10.0 0 0 0
44.855 0x2B main_weld 1 1 1 1 69 14.9 3.2 100 10.0 0 0 0
44.887 0x2B main_weld 1 1 1 1 69 14.9 3.2 100 10.0 0 0 0
44.933 0x2B main_weld 1 1 1 1 84 13.6 3.2 100 10.0 0 0 0
44.971 0x2B main_weld 1 1 1 1 84 13.6 3.2 100 10.0 0 0 0
45.007 0x2B main_weld 1 1 1 1 84 13.6 3.2 100 10.0 0 0 0
45.061 0x2B main_weld 1 1 1 1 98 13.6 3.2 100 10.0 0 0 0
45.090 0x2B main_weld 1 1 1 1 98 13.6 3.2 100 10.0 0 0 0
45.129 0x2B main_weld 1 1 1 1 98 13.6 3.2 100 10.0 0 0 0
45.172 0x2B main_weld 1 1 1 1 98 15.3 3.2 100 10.0 0 0 0
45.207 0x2B main_weld 1 1 1 1 13 15.3 3.2 100 10.0 0 0 0
45.247 0x2B main_weld 1 1 1 1 13 15.3 3.2 100 10.0 0 0 0
45.291 0x2B main_weld 1 1 1 1 13 15.3 3.2 100 10.0 0 0 0
45.326 0x2B main_weld 1 1 1 1 13 15.3 3.2 100 10.0 0 0 0
45.367 0x2B main_weld 1 1 1 1 13 13.8 3.2 100 10.0 0 0 0
45.409 0x2B main_weld 1 1 1 1 99 13.8 3.2 100 10.0 0 0 0
45.453 0x2B main_weld 1 1 1 1 99 13.8 3.2 100 10.0 0 0 0
45.488 0x2B main_weld 1 1 1 1 99 13.8 3.2 100 10.0 0 0 0
45.531 0x2B main_weld 1 1 1 1 99 14.5 3.2 100 10.0 0 0 0
45.569 0x2B main_weld 1 1 1 1 42 14.5 3.2 100 10.0 0 0 0
45.608 0x2B main_weld 1 1 1 1 42 14.5 3.2 100 10.0 0 0 0
45.649 0x2B main_weld 1 1 1 1 42 14.5 3.2 100 10.0 0 0 0
45.690 0x2B main_weld 1 1 1 1 42 14.5 3.2 100 10.0 0 0 0
45.731 0x2B main_weld 1 1 1 1 42 14.1 3.2 100 10.0 0 0 0
45.766 0x2B main_weld 1 1 1 1 40 14.1 3.2 100 10.0 0 0 0
45.806 0x2B main_weld 1 1 1 1 40 14.1 3.2 100 10.0 0 0 0
45.847 0x2B main_weld 1 1 1 1 40 14.1 3.2 100 10.0 0 0 0
45.889 0x2B main_weld 1 1 1 1 40 13.2 3.2 100 10.0 0 0 0
45.926 0x2B main_weld 1 1 1 1 112 13.2 3.2 100 10.0 0 0 0
45.969 0x2B main_weld 1 1 1 1 112 13.2 3.2 100 10.0 0 0 0
46.012 0x2B main_weld 1 1 1 1 80 14.9 3.2 100 10.0 0 0 0
46.046 0x2B main_weld 1 1 1 1 80 14.9 3.2 100 10.0 0 0 0
46.088 0x2B main_weld 1 1 1 1 80 14.9 3.2 100 10.0 0 0 0
46.128 0x2B main_weld 1 1 1 1 80 14.9 3.2 100 10.0 0 0 0
46.175 0x2B main_weld 1 1 1 1 80 13.8 3.2 100 10.0 0 0 0
46.210 0x2B main_weld 1 1 1 1 81 13.8 3.2 100 10.0 0 0 0
46.250 0x2B main_weld 1 1 1 1 81 13.8 3.2 100 10.0 0 0 0
46.292 0x2B main_weld 1 1 1 1 84 13.8 3.2 100 10.0 0 0 0
46.330 0x2B main_weld 1 1 1 1 84 13.8 3.2 100 10.0 0 0 0
46.369 0x2B main_weld 1 1 1 1 84 13.0 3.2 100 10.0 0 0 0
46.406 0x2B main_weld 1 1 1 1 84 13.0 3.2 100 10.0 0 0 0
46.446 0x2B main_weld 1 1 1 1 84 15.5 3.2 100 10.0 0 0 0
46.489 0x2B main_weld 1 1 1 1 49 15.5 3.2 100 10.0 0 0 0
46.531 0x2B main_weld 1 1 1 1 49 15.5 3.2 100 10.0 0 0 0
46.571 0x2B main_weld 1 1 1 1 49 15.5 3.2 100 10.0 0 0 0
46.605 0x2B main_weld 1 1 1 1 49 15.0 3.2 100 10.0 0 0 0
46.646 0x2B main_weld 1 1 1 1 48 15.0 3.2 100 10.0 0 0 0
46.691 0x2B main_weld 1 1 1 1 48 15.0 3.2 100 10.0 0 0 0
46.727 0x2B main_weld 1 1 1 1 48 15.0 3.2 100 10.0 0 0 0
46.766 0x2B main_weld 1 1 1 1 48 15.0 3.2 100 10.0 0 0 0
46.808 0x2B main_weld 1 1 1 1 48 12.5 3.2 100 10.0 0 0 0
46.847 0x2B main_weld 1 1 1 1 144 12.5 3.2 100 10.0 0 0 0
46.887 0x2B main_weld 1 1 1 1 144 12.5 3.2 100 10.0 0 0 0
46.931 0x2B main_weld 1 1 1 1 74 12.5 3.2 100 10.0 0 0 0
46.970 0x2B main_weld 1 1 1 1 74 15.8 3.2 100 10.0 0 0 0
47.007 0x2B main_weld 1 1 1 1 74 15.8 3.2 100 10.0 0 0 0
47.048 0x2B main_weld 1 1 1 1 74 15.8 3.2 100 10.0 0 0 0
47.094 0x2B main_weld 1 1 1 1 10 20.0 3.2 100 10.0 0 0 0
47.135 0x2B main_weld 1 1 1 1 10 20.0 3.2 100 10.0 0 0 0
47.167 0x2B main_weld 1 1 1 1 10 20.0 3.2 100 10.0 0 0 0
47.215 0x2B main_weld 1 1 1 1 10 20.0 3.2 100 10.0 0 0 0
47.248 0x2B main_weld 1 1 1 1 10 12.8 3.2 100 10.0 0 0 0
47.289 0x2B main_weld 1 1 1 1 108 12.8 3.2 100 10.0 0 0 0
47.327 0x2B main_weld 1 1 1 1 108 12.8 3.2 100 10.0 0 0 0
47.371 0x2B main_weld 1 1 1 1 108 12.8 3.2 100 10.0 0 0 0
47.408 0x2B main_weld 1 1 1 1 108 12.8 3.2 100 10.0 0 0 0
47.452 0x2B main_weld 1 1 1 1 86 16.4 3.2 100 10.0 0 0 0
47.488 0x2B main_weld 1 1 1 1 86 16.4 3.2 100 10.0 0 0 0
47.532 0x2B main_weld 1 1 1 1 86 16.4 3.2 100 10.0 0 0 0
47.577 0x2B main_weld 1 1 1 1 86 16.4 3.2 100 10.0 0 0 0
47.607 0x2B main_weld 1 1 1 1 86 14.1 3.2 100 10.0 0 0 0
47.652 0x2B main_weld 1 1 1 1 63 14.1 3.2 100 10.0 0 0 0
47.689 0x2B main_weld 1 1 1 1 63 14.1 3.2 100 10.0 0 0 0
47.730 0x2B main_weld 1 1 1 1 91 14.1 3.2 100 10.0 0 0 0
47.766 0x2B main_weld 1 1 1 1 91 14.1 3.2 100 10.0 0 0 0
47.809 0x2B main_weld 1 1 1 1 91 13.6 3.2 100 10.0 0 0 0
47.853 0x2B main_weld 1 1 1 1 91 13.6 3.2 100 10.0 0 0 0
47.886 0x2B main_weld 1 1 1 1 91 14.9 3.2 100 10.0 0 0 0
47.934 0x2B main_weld 1 1 1 1 46 14.9 3.2 100 10.0 0 0 0
47.971 0x2B main_weld 1 1 1 1 46 14.9 3.2 100 10.0 0 0 0
48.012 0x2B main_weld 1 1 1 1 46 14.9 3.2 100 10.0 0 0 0
48.052 0x2B main_weld 1 1 1 1 46 14.3 3.2 100 10.0 0 0 0
48.091 0x2B main_weld 1 1 1 1 48 14.3 3.2 100 10.0 0 0 0
48.140 0x2B main_weld 1 1 1 1 48 14.3 3.2 100 10.0 0 0 0
48.168 0x2B main_weld 1 1 1 1 48 14.3 3.2 100 10.0 0 0 0
48.212 0x2B main_weld 1 1 1 1 48 14.3 3.2 100 10.0 0 0 0
48.249 0x2B main_weld 1 1 1 1 48 12.7 3.2 100 10.0 0 0 0
48.289 0x2B main_weld 1 1 1 1 141 12.7 3.2 100 10.0 0 0 0
48.325 0x2B main_weld 1 1 1 1 141 12.7 3.2 100 10.0 0 0 0
48.366 0x2B main_weld 1 1 1 1 81 12.7 3.2 100 10.0 0 0 0
48.407 0x2B main_weld 1 1 1 1 81 14.5 3.2 100 10.0 0 0 0
48.450 0x2B main_weld 1 1 1 1 81 14.5 3.2 100 10.0 0 0 0
48.487 0x2B main_weld 1 1 1 1 81 14.5 3.2 100 10.0 0 0 0
48.534 0x2B main_weld 1 1 1 1 28 15.6 3.2 100 10.0 0 0 0
48.569 0x2B main_weld 1 1 1 1 28 15.6 3.2 100 10.0 0 0 0
48.611 0x2B main_weld 1 1 1 1 28 15.6 3.2 100 10.0 0 0 0
48.657 0x2B main_weld 1 1 1 1 28 15.6 3.2 100 10.0 0 0 0
48.697 0x2B main_weld 1 1 1 1 28 12.1 3.2 100 10.0 0 0 0
48.728 0x2B main_weld 1 1 1 1 145 12.1 3.2 100 10.0 0 0 0
48.766 0x2B main_weld 1 1 1 1 145 12.1 3.2 100 10.0 0 0 0
48.807 0x2B main_weld 1 1 1 1 49 12.1 3.2 100 10.0 0 0 0
48.854 0x2B main_weld 1 1 1 1 49 12.1 3.2 100 10.0 0 0 0
48.894 0x2B main_weld 1 1 1 1 49 16.5 3.2 100 10.0 0 0 0
48.930 0x2B main_weld 1 1 1 1 49 16.5 3.2 100 10.0 0 0 0
48.966 0x2B main_weld 1 1 1 1 49 16.5 3.2 100 10.0 0 0 0
49.006 0x2B main_weld 1 1 1 1 48 16.5 3.2 100 10.0 0 0 0
49.049 0x2B main_weld 1 1 1 1 48 14.2 3.2 100 10.0 0 0 0
49.093 0x2B main_weld 1 1 1 1 48 14.2 3.2 100 10.0 0 0 0
49.133 0x2B main_weld 1 1 1 1 48 16.6 3.2 100 10.0 0 0 0
49.171 0x2B main_weld 1 1 1 1 121 16.6 3.2 100 10.0 0 0 0
49.208 0x2B main_weld 1 1 1 1 121 16.6 3.2 100 10.0 0 0 0
49.251 0x2B main_weld 1 1 1 1 121 16.6 3.2 100 10.0 0 0 0
49.287 0x2B main_weld 1 1 1 1 121 16.6 3.2 100 10.0 0 0 0
49.324 0x2B main_weld 1 1 1 1 121 17.7 3.2 100 10.0 0 0 0
49.368 0x2B main_weld 1 1 1 1 7 17.7 3.2 100 10.0 0 0 0
49.408 0x2B main_weld 1 1 1 1 7 17.7 3.2 100 10.0 0 0 0
49.450 0x2B main_weld 1 1 1 1 7 17.7 3.2 100 10.0 0 0 0
49.491 0x2B main_weld 1 1 1 1 7 12.7 3.2 100 10.0 0 0 0
49.532 0x2B main_weld 1 1 1 1 145 12.7 3.2 100 10.0 0 0 0
49.569 0x2B main_weld 1 1 1 1 145 12.7 3.2 100 10.0 0 0 0
49.605 0x2B main_weld 1 1 1 1 33 12.7 3.2 100 10.0 0 0 0
49.650 0x2B main_weld 1 1 1 1 33 12.7 3.2 100 10.0 0 0 0
49.693 0x2B main_weld 1 1 1 1 33 16.4 3.2 100 10.0 0 0 0
49.731 0x2B main_weld 1 1 1 1 33 16.4 3.2 100 10.0 0 0 0
49.777 0x2B main_weld 1 1 1 1 33 13.3 3.2 100 10.0 0 0 0
49.811 0x2B main_weld 1 1 1 1 115 13.3 3.2 100 10.0 0 0 0
49.848 0x2B main_weld 1 1 1 1 115 13.3 3.2 100 10.0 0 0 0
49.891 0x2B main_weld 1 1 1 1 115 13.3 3.2 100 10.0 0 0 0
49.930 0x2B main_weld 1 1 1 1 115 13.3 3.2 100 10.0 0 0 0
49.968 0x2B main_weld 1 1 1 1 124 13.5 3.2 100 10.0 0 0 0
50.006 0x2B main_weld 1 1 1 1 124 13.5 3.2 100 10.0 0 0 0
50.051 0x2B main_weld 1 1 1 1 124 13.5 3.2 100 10.0 0 0 0
50.090 0x2B main_weld 1 1 1 1 124 13.5 3.2 100 10.0 0 0 0
50.134 0x2B main_weld 1 1 1 1 124 15.6 3.2 100 10.0 0 0 0
50.171 0x2B main_weld 1 1 1 1 14 15.6 3.2 100 10.0 0 0 0
50.209 0x2B main_weld 1 1 1 1 14 15.6 3.2 100 10.0 0 0 0
50.247 0x2B main_weld 1 1 1 1 138 15.6 3.2 100 10.0 0 0 0
50.285 0x2B main_weld 1 1 1 1 138 15.6 3.2 100 10.0 0 0 0
50.330 0x2B main_weld 1 1 1 1 138 11.9 3.2 100 10.0 0 0 0
50.365 0x2B main_weld 1 1 1 1 138 11.9 3.2 100 10.0 0 0 0
50.408 0x2B main_weld 1 1 1 1 138 17.2 3.2 100 10.0 0 0 0
50.454 0x2B main_weld 1 1 1 1 39 17.2 3.2 100 10.0 0 0 0
50.493 0x2B main_weld 1 1 1 1 39 17.2 3.2 100 10.0 0 0 0
50.526 0x2B main_weld 1 1 1 1 39 17.2 3.2 100 10.0 0 0 0
50.569 0x2B main_weld 1 1 1 1 39 16.5 3.2 100 10.0 0 0 0
50.609 0x2B main_weld 1 1 1 1 18 16.5 3.2 100 10.0 0 0 0
50.655 0x2B main_weld 1 1 1 1 18 16.5 3.2 100 10.0 0 0 0
50.696 0x2B main_weld 1 1 1 1 18 16.5 3.2 100 10.0 0 0 0
50.730 0x2B main_weld 1 1 1 1 18 16.5 3.2 100 10.0 0 0 0
50.771 0x2B main_weld 1 1 1 1 18 14.7 3.2 100 10.0 0 0 0
50.811 0x2B main_weld 1 1 1 1 127 14.7 3.2 100 10.0 0 0 0
50.846 0x2B main_weld 1 1 1 1 127 14.7 3.2 100 10.0 0 0 0
50.892 0x2B main_weld 1 1 1 1 49 14.7 3.2 100 10.0 0 0 0
50.930 0x2B main_weld 1 1 1 1 49 35.8 3.2 100 10.0 0 0 0
50.966 0x2B main_weld 1 1 1 1 49 35.8 3.2 100 10.0 0 0 0
51.008 0x2B main_weld 1 1 1 1 49 35.8 3.2 100 10.0 0 0 0
51.047 0x2B main_weld 1 1 1 1 70 12.8 3.2 100 10.0 0 0 0
51.086 0x2B main_weld 1 1 1 1 70 12.8 3.2 100 10.0 0 0 0
51.127 0x2B main_weld 1 1 1 1 70 12.8 3.2 100 10.0 0 0 0
51.165 0x2B main_weld 1 1 1 1 70 12.8 3.2 100 10.0 0 0 0
51.207 0x2B main_weld 1 1 1 1 70 12.4 3.2 100 10.0 0 0 0
51.246 0x2B main_weld 1 1 1 1 165 12.4 3.2 100 10.0 0 0 0
51.286 0x2B main_weld 1 1 1 1 165 12.4 3.2 100 10.0 0 0 0
51.329 0x2B main_weld 1 1 1 1 165 12.4 3.2 100 10.0 0 0 0
51.367 0x2B main_weld 1 1 1 1 165 12.4 3.2 100 10.0 0 0 0
51.408 0x2B main_weld 1 1 1 1 16 16.2 3.2 100 10.0 0 0 0
51.452 0x2B main_weld 1 1 1 1 16 16.2 3.2 100 10.0 0 0 0
51.486 0x2B main_weld 1 1 1 1 16 16.2 3.2 100 10.0 0 0 0
51.530 0x2B main_weld 1 1 1 1 43 16.2 3.2 100 10.0 0 0 0
51.573 0x2B main_weld 1 1 1 1 43 14.2 3.2 100 10.0 0 0 0
51.615 0x2B main_weld 1 1 1 1 43 14.2 3.2 100 10.0 0 0 0
51.650 0x2B main_weld 1 1 1 1 43 14.2 3.2 100 10.0 0 0 0
51.686 0x2B main_weld 1 1 1 1 116 14.2 3.2 100 10.0 0 0 0
51.729 0x2B main_weld 1 1 1 1 116 14.2 3.2 100 10.0 0 0 0
51.769 0x2B main_weld 1 1 1 1 116 13.1 3.2 100 10.0 0 0 0
51.811 0x2B main_weld 1 1 1 1 116 13.1 3.2 100 10.0 0 0 0
51.850 0x2B main_weld 1 1 1 1 116 13.1 3.2 100 10.0 0 0 0
51.895 0x2B main_weld 1 1 1 1 45 13.1 3.2 100 10.0 0 0 0
51.931 0x2B main_weld 1 1 1 1 45 14.5 3.2 100 10.0 0 0 0
51.966 0x2B main_weld 1 1 1 1 45 14.5 3.2 100 10.0 0 0 0
52.007 0x2B main_weld 1 1 1 1 45 12.5 3.2 100 10.0 0 0 0
52.046 0x2B main_weld 1 1 1 1 108 12.5 3.2 100 10.0 0 0 0
52.087 0x2B main_weld 1 1 1 1 108 12.5 3.2 100 10.0 0 0 0
52.133 0x2B main_weld 1 1 1 1 70 12.5 3.2 100 10.0 0 0 0
52.175 0x2B main_weld 1 1 1 1 70 12.5 3.2 100 10.0 0 0 0
52.208 0x2B main_weld 1 1 1 1 70 14.9 3.2 100 10.0 0 0 0
52.247 0x2B main_weld 1 1 1 1 70 14.9 3.2 100 10.0 0 0 0
52.290 0x2B main_weld 1 1 1 1 70 13.7 3.2 100 10.0 0 0 0
52.327 0x2B main_weld 1 1 1 1 62 13.7 3.2 100 10.0 0 0 0
52.368 0x2B main_weld 1 1 1 1 62 13.7 3.2 100 10.0 0 0 0
52.415 0x2B main_weld 1 1 1 1 62 13.7 3.2 100 10.0 0 0 0
52.447 0x2B main_weld 1 1 1 1 62 13.7 3.2 100 10.0 0 0 0
52.489 0x2B main_weld 1 1 1 1 134 12.6 3.2 100 10.0 0 0 0
52.528 0x2B main_weld 1 1 1 1 134 12.6 3.2 100 10.0 0 0 0
52.573 0x2B main_weld 1 1 1 1 134 12.6 3.2 100 10.0 0 0 0
52.609 0x2B main_weld 1 1 1 1 134 12.6 3.2 100 10.0 0 0 0
52.649 0x2B main_weld 1 1 1 1 134 14.6 3.2 100 10.0 0 0 0
52.689 0x2B main_weld 1 1 1 1 52 14.6 3.2 100 10.0 0 0 0
52.738 0x2B main_weld 1 1 1 1 52 14.6 3.2 100 10.0 0 0 0
52.772 0x2B main_weld 1 1 1 1 54 14.6 3.2 100 10.0 0 0 0
52.808 0x2B main_weld 1 1 1 1 54 14.6 3.2 100 10.0 0 0 0
52.850 0x2B main_weld 1 1 1 1 54 14.6 3.2 100 10.0 0 0 0
52.889 0x2B main_weld 1 1 1 1 54 14.6 3.2 100 10.0 0 0 0
52.931 0x2B main_weld 1 1 1 1 54 14.1 3.2 100 10.0 0 0 0
52.972 0x2B main_weld 1 1 1 1 48 14.1 3.2 100 10.0 0 0 0
53.006 0x2B main_weld 1 1 1 1 48 14.1 3.2 100 10.0 0 0 0
53.047 0x2B main_weld 1 1 1 1 48 14.1 3.2 100 10.0 0 0 0
53.088 0x2B main_weld 1 1 1 1 48 14.0 3.2 100 10.0 0 0 0
53.127 0x2B main_weld 1 1 1 1 54 14.0 3.2 100 10.0 0 0 0
53.179 0x2B main_weld 1 1 1 1 54 14.0 3.2 100 10.0 0 0 0
53.208 0x2B main_weld 1 1 1 1 54 14.0 3.2 100 10.0 0 0 0
53.245 0x2B main_weld 1 1 1 1 54 14.0 3.2 100 10.0 0 0 0
53.291 0x2B main_weld 1 1 1 1 54 13.0 3.2 100 10.0 0 0 0
53.330 0x2B main_weld 1 1 1 1 97 13.0 3.2 100 10.0 0 0 0
53.369 0x2B main_weld 1 1 1 1 97 13.0 3.2 100 10.0 0 0 0
53.410 0x2B main_weld 1 1 1 1 79 13.0 3.2 100 10.0 0 0 0
53.451 0x2B main_weld 1 1 1 1 79 15.6 3.2 100 10.0 0 0 0
53.493 0x2B main_weld 1 1 1 1 79 15.6 3.2 100 10.0 0 0 0
53.541 0x2B main_weld 1 1 1 1 79 15.6 3.2 100 10.0 0 0 0
53.567 0x2B main_weld 1 1 1 1 16 15.6 3.2 100 10.0 0 0 0
53.606 0x2B main_weld 1 1 1 1 16 15.6 3.2 100 10.0 0 0 0
53.649 0x2B main_weld 1 1 1 1 16 16.4 3.2 100 10.0 0 0 0
53.691 0x28 idle 0 1 0 1 16 16.4 3.2 100 10.0 0 0 0
53.729 0x28 idle 0 1 0 1 16 12.6 3.2 100 10.0 0 0 0
53.768 0x28 idle 0 1 0 1 178 12.6 3.2 100 10.0 0 0 0
53.808 0x28 idle 0 1 0 1 178 12.6 3.2 100 10.0 0 0 0
53.854 0x28 idle 0 1 0 1 178 12.6 3.2 100 10.0 0 0 0
53.886 0x28 idle 0 1 0 1 178 12.6 3.2 100 10.0 0 0 0
53.928 0x28 idle 0 1 0 1 57 22.0 3.2 100 10.0 0 0 0
53.967 0x28 idle 0 1 0 1 57 22.0 3.2 100 10.0 0 0 0
54.006 0x28 idle 0 1 0 1 57 22.0 3.2 100 10.0 0 0 0
54.046 0x28 idle 0 1 0 1 10 22.0 3.2 100 10.0 0 0 0
54.090 0x28 idle 0 1 0 1 10 30.1 3.2 100 10.0 0 0 0
54.131 0x28 idle 0 1 0 1 10 30.1 3.2 100 10.0 0 0 0
54.164 0x28 idle 0 1 0 1 10 30.1 3.2 100 10.0 0 0 0
54.212 0x28 idle 0 1 0 1 3 30.1 3.2 100 10.0 0 0 0
54.245 0x28 idle 0 1 0 1 3 30.1 3.2 100 10.0 0 0 0
54.288 0x28 idle 0 1 0 1 3 15.1 3.2 100 10.0 0 0 0
54.327 0x28 idle 0 1 0 1 3 15.1 3.2 100 10.0 0 0 0
54.367 0x28 idle 0 1 0 1 3 3.0 3.2 100 10.0 0 0 0
54.412 0x28 idle 0 1 0 1 0 3.0 3.2 100 10.0 0 0 0
54.445 0x28 idle 0 1 0 1 0 3.0 3.2 100 10.0 0 0 0
54.487 0x28 idle 0 1 0 1 0 3.0 3.2 100 10.0 0 0 0
54.538 0x28 idle 0 1 0 1 0 3.0 3.2 100 10.0 0 0 0
54.566 0x08 idle 0 1 0 0 0 3.0 3.2 100 10.0 0 0 0
54.605 0x08 idle 0 1 0 0 0 3.0 0.0 100 10.0 0 0 0
54.647 0x08 idle 0 1 0 0 0 0.0 0.0 100 10.0 0 0 0
54.686 0x08 idle 0 1 0 0 0 0.0 0.0 100 10.0 0 0 0
54.726 0x08 idle 0 1 0 0 0 0.0 0.0 100 10.0 0 0 0
54.771 0x08 idle 0 1 0 0 0 0.0 0.0 100 10.0 0 0 0
54.806 0x08 idle 0 1 0 0 0 0.0 0.0 100 10.0 0 0 0
54.846 0x08 idle 0 1 0 0 0 0.0 0.0 100 10.0 0 0 0
54.887 0x08 idle 0 1 0 0 0 0.0 0.0 100 10.0 0 0 0
54.929 0x08 idle 0 1 0 0 0 0.0 0.0 100 10.0 0 0 0
54.974 0x08 idle 0 1 0 0 0 0.0 0.0 100 10.0 0 0 0
55.011 0x08 idle 0 1 0 0 0 0.0 0.0 100 10.0 0 0 0
55.053 0x08 idle 0 1 0 0 0 0.0 0.0 100 10.0 0 0 0
55.087 0x08 idle 0 1 0 0 0 0.0 0.0 100 10.0 0 0 0
55.137 0x08 idle 0 1 0 0 0 0.0 0.0 100 10.0 0 0 0
55.168 0x08 idle 0 1 0 0 0 0.0 0.0 100 10.0 0 0 0
55.209 0x08 idle 0 1 0 0 0 0.0 0.0 100 10.0 0 0 0
55.250 0x08 idle 0 1 0 0 0 0.0 0.0 100 10.0 0 0 0
55.288 0x08 idle 0 1 0 0 0 0.0 0.0 100 10.0 0 0 0
55.326 0x08 idle 0 1 0 0 0 0.0 0.0 100 10.0 0 0 0
55.369 0x08 idle 0 1 0 0 0 0.0 0.0 100 10.0 0 0 0
55.407 0x08 idle 0 1 0 0 0 0.0 0.0 100 10.0 0 0 0
55.451 0x08 idle 0 1 0 0 0 0.0 0.0 100 10.0 0 0 0
55.488 0x08 idle 0 1 0 0 0 0.0 0.0 100 10.0 0 0 0
55.527 0x08 idle 0 1 0 0 0 0.0 0.0 100 10.0 0 0 0
55.566 0x08 idle 0 1 0 0 0 0.0 0.0 100 10.0 0 0 0
55.607 0x08 idle 0 1 0 0 0 0.0 0.0 100 10.0 0 0 0
55.648 0x08 idle 0 1 0 0 0 0.0 0.0 100 10.0 0 0 0
55.696 0x08 idle 0 1 0 0 0 0.0 0.0 100 10.0 0 0 0
55.725 0x08 idle 0 1 0 0 0 0.0 0.0 100 10.0 0 0 0
55.767 0x08 idle 0 1 0 0 0 0.0 0.0 100 10.0 0 0 0
55.809 0x08 idle 0 1 0 0 0 0.0 0.0 100 10.0 0 0 0
55.850 0x08 idle 0 1 0 0 0 0.0 0.0 100 10.0 0 0 0
55.901 0x08 idle 0 1 0 0 0 0.0 0.0 100 10.0 0 0 0
55.932 0x08 idle 0 1 0 0 0 0.0 0.0 100 10.0 0 0 0
55.966 0x08 idle 0 1 0 0 0 0.0 0.0 100 10.0 0 0 0
56.006 0x08 idle 0 1 0 0 0 0.0 0.0 100 10.0 0 0 0
56.045 0x08 idle 0 1 0 0 0 0.0 0.0 100 10.0 0 0 0
56.087 0x08 idle 0 1 0 0 0 0.0 0.0 100 10.0 0 0 0
56.127 0x08 idle 0 1 0 0 0 0.0 0.0 100 10.0 0 0 0
56.167 0x08 idle 0 1 0 0 0 0.0 0.0 100 10.0 0 0 0
56.206 0x08 idle 0 1 0 0 0 0.0 0.0 100 10.0 0 0 0
56.248 0x08 idle 0 1 0 0 0 0.0 0.0 100 10.0 0 0 0
56.285 0x08 idle 0 1 0 0 0 0.0 0.0 100 10.0 0 0 0
56.326 0x08 idle 0 1 0 0 0 0.0 0.0 100 10.0 0 0 0
56.368 0x08 idle 0 1 0 0 0 0.0 0.0 100 10.0 0 0 0
56.405 0x08 idle 0 1 0 0 0 0.0 0.0 100 10.0 0 0 0
56.448 0x08 idle 0 1 0 0 0 0.0 0.0 100 10.0 0 0 0
56.492 0x08 idle 0 1 0 0 0 0.0 0.0 100 10.0 0 0 0
56.529 0x08 idle 0 1 0 0 0 0.0 0.0 100 10.0 0 0 0
56.567 0x08 idle 0 1 0 0 0 0.0 0.0 100 10.0 0 0 0
56.605 0x08 idle 0 1 0 0 0 0.0 0.0 100 10.0 0 0 0
56.646 0x08 idle 0 1 0 0 0 0.0 0.0 100 10.0 0 0 0
56.685 0x08 idle 0 1 0 0 0 0.0 0.0 100 10.0 0 0 0
56.726 0x08 idle 0 1 0 0 0 0.0 0.0 100 10.0 0 0 0
56.764 0x08 idle 0 1 0 0 0 0.0 0.0 100 10.0 0 0 0
56.806 0x08 idle 0 1 0 0 0 0.0 0.0 100 10.0 0 0 0
56.849 0x08 idle 0 1 0 0 0 0.0 0.0 100 10.0 0 0 0
56.884 0x00 idle 0 0 0 0 0 0.0 0.0 100 10.0 0 0 0

[tcp_trajectory]
elapsed_s x_m y_m z_m qx qy qz qw speed_m_s tf_stamp_s along_mm remaining_mm cross_track_mm progress waypoint phase
0.0025 0.0357379 -1.7628565 0.6590726 -0.45150631 0.74380501 -0.43208068 -0.23707057 0.000000 1789353504.586411238 0.152 183.432 0.565 0.00000 -1 ACTUAL_TF
0.0473 0.0357224 -1.7629081 0.6588683 -0.45147851 0.74380851 -0.43210249 -0.23707277 0.003780 1789353504.642293453 0.099 183.486 0.370 0.00000 -1 ACTUAL_TF
0.1020 0.0357052 -1.7629291 0.6587640 -0.45147594 0.74380282 -0.43210882 -0.23708397 0.003222 1789353504.698515892 0.077 183.507 0.271 0.00000 -1 ACTUAL_TF
0.1609 0.0356877 -1.7629448 0.6586856 -0.45147270 0.74380105 -0.43211115 -0.23709147 0.002695 1789353504.754336119 0.061 183.524 0.198 0.00000 -1 ACTUAL_TF
0.2215 0.0356782 -1.7629647 0.6586611 -0.45146712 0.74379770 -0.43211920 -0.23709790 0.002062 1789353504.810441732 0.041 183.544 0.174 0.00000 -1 ACTUAL_TF
0.2678 0.0356702 -1.7629726 0.6586375 -0.45146363 0.74379749 -0.43212148 -0.23710105 0.001584 1789353504.866528034 0.033 183.552 0.151 0.00000 -1 ACTUAL_TF
0.3335 0.0356598 -1.7629760 0.6586220 -0.45146192 0.74379729 -0.43212185 -0.23710426 0.001211 1789353504.922417402 0.030 183.555 0.133 0.00000 -1 ACTUAL_TF
0.3859 0.0356555 -1.7629812 0.6586113 -0.45145824 0.74379732 -0.43212438 -0.23710658 0.000915 1789353504.978367805 0.024 183.560 0.123 0.00000 -1 ACTUAL_TF
0.4438 0.0356521 -1.7629862 0.6586106 -0.45145736 0.74379561 -0.43212712 -0.23710861 0.000673 1789353505.034541845 0.019 183.565 0.120 0.00000 -1 ACTUAL_TF
0.4925 0.0356466 -1.7629864 0.6586038 -0.45145613 0.74379631 -0.43212645 -0.23710998 0.000518 1789353505.090542078 0.019 183.565 0.111 0.00000 -1 ACTUAL_TF
0.5538 0.0356423 -1.7629901 0.6586020 -0.45145418 0.74379636 -0.43212746 -0.23711169 0.000395 1789353505.146420479 0.016 183.569 0.107 0.00000 -1 ACTUAL_TF
0.6162 0.0356410 -1.7629882 0.6585982 -0.45145436 0.74379623 -0.43212720 -0.23711224 0.000300 1789353505.202402592 0.018 183.567 0.104 0.00000 -1 ACTUAL_TF
0.6623 0.0356363 -1.7629906 0.6585994 -0.45145243 0.74379630 -0.43212815 -0.23711393 0.000239 1789353505.258728743 0.015 183.569 0.101 0.00000 -1 ACTUAL_TF
0.7226 0.0356319 -1.7629942 0.6585976 -0.45145051 0.74379638 -0.43212910 -0.23711563 0.000199 1789353505.314386129 0.012 183.573 0.096 0.00000 -1 ACTUAL_TF
0.7817 0.0356253 -1.7629935 0.6585938 -0.45144910 0.74379721 -0.43212834 -0.23711710 0.000181 1789353505.370437145 0.013 183.572 0.088 0.00000 -1 ACTUAL_TF
0.8304 0.0356194 -1.7629927 0.6585902 -0.45144786 0.74379790 -0.43212770 -0.23711846 0.000163 1789353505.426626682 0.014 183.571 0.082 0.00000 -1 ACTUAL_TF
0.8921 0.0356204 -1.7630050 0.6586012 -0.45144306 0.74379093 -0.43214106 -0.23712511 0.000203 1789353505.482387304 0.001 183.583 0.090 0.00000 -1 ACTUAL_TF
0.9561 0.0356203 -1.7630221 0.6586088 -0.45143849 0.74378837 -0.43214828 -0.23712870 0.000246 1789353505.536547661 -0.016 183.600 0.095 0.00000 -1 ACTUAL_TF
1.0014 0.0356179 -1.7630298 0.6586043 -0.45143641 0.74378860 -0.43214943 -0.23712984 0.000220 1789353505.594389915 -0.023 183.608 0.090 0.00000 -1 ACTUAL_TF
1.0593 0.0356105 -1.7630232 0.6585976 -0.45143642 0.74379068 -0.43214575 -0.23712998 0.000218 1789353505.650348902 -0.017 183.601 0.080 0.00000 -1 ACTUAL_TF
1.1651 0.0356089 -1.7630187 0.6585958 -0.45143714 0.74379132 -0.43214410 -0.23712964 0.000166 1789353505.762422562 -0.012 183.596 0.078 0.00000 -1 ACTUAL_TF
1.2255 0.0356058 -1.7630099 0.6585923 -0.45143853 0.74379256 -0.43214087 -0.23712897 0.000170 1789353505.818432093 -0.003 183.588 0.073 0.00000 -1 ACTUAL_TF
1.2832 0.0356000 -1.7629923 0.6585854 -0.45143994 0.74379589 -0.43213485 -0.23712682 0.000225 1789353505.874323368 0.014 183.570 0.065 0.00000 -1 ACTUAL_TF
1.3395 0.0355890 -1.7629613 0.6585731 -0.45144484 0.74380025 -0.43212350 -0.23712448 0.000345 1789353505.930344820 0.045 183.539 0.048 0.00000 -1 ACTUAL_TF
1.3902 0.0355685 -1.7629357 0.6585783 -0.45143872 0.74379242 -0.43213543 -0.23713896 0.000420 1789353505.986413479 0.072 183.513 0.043 0.00000 -1 ACTUAL_TF
1.4495 0.0355419 -1.7628700 0.6585590 -0.45144027 0.74379939 -0.43212204 -0.23713856 0.000687 1789353506.042442322 0.138 183.446 0.024 0.00000 -1 ACTUAL_TF
1.5097 0.0355153 -1.7628056 0.6585409 -0.45144126 0.74380564 -0.43211000 -0.23713900 0.000866 1789353506.098501682 0.203 183.382 0.037 0.00000 -1 ACTUAL_TF
1.5605 0.0354843 -1.7627044 0.6585188 -0.45144447 0.74380776 -0.43210032 -0.23714388 0.001186 1789353506.154429436 0.304 183.280 0.069 0.00000 -1 ACTUAL_TF
1.6172 0.0354636 -1.7625994 0.6584955 -0.45144251 0.74381425 -0.43209117 -0.23714393 0.001417 1789353506.210432291 0.410 183.175 0.095 0.00000 -1 ACTUAL_TF
1.6790 0.0354388 -1.7624698 0.6584732 -0.45142549 0.74382388 -0.43209301 -0.23714278 0.001710 1789353506.266356468 0.540 183.045 0.126 0.00000 -1 ACTUAL_TF
1.7260 0.0354316 -1.7623273 0.6584395 -0.45144159 0.74382450 -0.43207597 -0.23714123 0.001983 1789353506.322310448 0.682 182.902 0.151 0.00000 -1 ACTUAL_TF
1.7874 0.0354257 -1.7621750 0.6584143 -0.45144783 0.74381985 -0.43207492 -0.23714585 0.002215 1789353506.378376245 0.834 182.750 0.172 0.00000 -1 ACTUAL_TF
1.8359 0.0354133 -1.7619962 0.6583788 -0.45145129 0.74382316 -0.43206644 -0.23714432 0.002531 1789353506.434275150 1.013 182.572 0.207 0.00000 -1 ACTUAL_TF
1.8942 0.0353957 -1.7618580 0.6583514 -0.45145453 0.74382494 -0.43205865 -0.23714675 0.002531 1789353506.490379333 1.151 182.433 0.239 0.00000 -1 ACTUAL_TF
1.9527 0.0353855 -1.7616751 0.6583154 -0.45145935 0.74382738 -0.43205033 -0.23714509 0.002772 1789353506.546347857 1.333 182.251 0.274 0.00000 -1 ACTUAL_TF
2.0100 0.0353661 -1.7615022 0.6582766 -0.45146438 0.74383427 -0.43203436 -0.23714299 0.002890 1789353506.602694273 1.506 182.078 0.317 0.00000 -1 ACTUAL_TF
2.0744 0.0353485 -1.7613244 0.6582505 -0.45146344 0.74383367 -0.43203337 -0.23714849 0.002996 1789353506.658378601 1.684 181.900 0.348 0.00000 -1 ACTUAL_TF
2.1231 0.0353456 -1.7611761 0.6582371 -0.45146450 0.74383117 -0.43203545 -0.23715050 0.002895 1789353506.714380026 1.832 181.752 0.361 0.00000 -1 ACTUAL_TF
2.1741 0.0353327 -1.7609979 0.6582149 -0.45146345 0.74383394 -0.43203204 -0.23715004 0.002989 1789353506.770497561 2.011 181.574 0.386 0.00000 -1 ACTUAL_TF
2.2389 0.0353429 -1.7608500 0.6582015 -0.45146899 0.74383325 -0.43202938 -0.23714651 0.002890 1789353506.826454401 2.158 181.426 0.394 0.00000 -1 ACTUAL_TF
2.2921 0.0353320 -1.7606615 0.6581857 -0.45147068 0.74383650 -0.43202340 -0.23714398 0.003038 1789353506.882484913 2.346 181.238 0.413 0.00000 -1 ACTUAL_TF
2.3415 0.0353227 -1.7604872 0.6581882 -0.45146688 0.74383670 -0.43202603 -0.23714580 0.003062 1789353506.938446999 2.521 181.063 0.415 0.00000 -1 ACTUAL_TF
2.4045 0.0353209 -1.7603265 0.6581827 -0.45146596 0.74384314 -0.43201960 -0.23713904 0.003005 1789353506.994429588 2.682 180.903 0.420 0.00000 -1 ACTUAL_TF
2.4545 0.0353326 -1.7601544 0.6582044 -0.45146980 0.74384106 -0.43202192 -0.23713405 0.003032 1789353507.050578833 2.854 180.731 0.396 0.00000 -1 ACTUAL_TF
2.5161 0.0353299 -1.7600001 0.6582148 -0.45146883 0.74384214 -0.43202177 -0.23713278 0.002955 1789353507.106310606 3.008 180.576 0.388 0.00000 -1 ACTUAL_TF
2.5673 0.0353291 -1.7598006 0.6582212 -0.45147315 0.74384380 -0.43201678 -0.23712846 0.003137 1789353507.162379503 3.208 180.377 0.382 0.00000 -1 ACTUAL_TF
2.6269 0.0353342 -1.7596355 0.6582220 -0.45147923 0.74384599 -0.43200990 -0.23712253 0.003081 1789353507.218335629 3.372 180.212 0.380 0.00000 -1 ACTUAL_TF
2.6783 0.0353259 -1.7594335 0.6582297 -0.45148012 0.74384750 -0.43200721 -0.23712100 0.003239 1789353507.274433851 3.575 180.010 0.376 0.00000 -1 ACTUAL_TF
2.7352 0.0353184 -1.7592271 0.6582531 -0.45147792 0.74384758 -0.43200902 -0.23712163 0.003384 1789353507.330291510 3.781 179.803 0.357 0.00000 -1 ACTUAL_TF
2.7931 0.0353152 -1.7590667 0.6582615 -0.45147918 0.74384493 -0.43201106 -0.23712385 0.003229 1789353507.386304140 3.942 179.642 0.351 0.00000 -1 ACTUAL_TF
2.8471 0.0353160 -1.7588409 0.6582692 -0.45148672 0.74384214 -0.43200880 -0.23712235 0.003470 1789353507.442366838 4.168 179.417 0.344 0.00000 -1 ACTUAL_TF
2.9071 0.0353127 -1.7586853 0.6582880 -0.45148766 0.74383647 -0.43201476 -0.23712751 0.003267 1789353507.498481750 4.324 179.261 0.328 0.00000 -1 ACTUAL_TF
2.9610 0.0353101 -1.7584739 0.6582937 -0.45148917 0.74383860 -0.43201125 -0.23712435 0.003420 1789353507.554476261 4.535 179.049 0.324 0.00000 -1 ACTUAL_TF
3.0113 0.0353179 -1.7583110 0.6583114 -0.45148893 0.74383027 -0.43202331 -0.23712892 0.003274 1789353507.610375404 4.698 178.886 0.305 0.00000 -1 ACTUAL_TF
3.0738 0.0353174 -1.7580802 0.6583253 -0.45149388 0.74382891 -0.43202190 -0.23712634 0.003531 1789353507.666358471 4.929 178.656 0.292 0.00000 -1 ACTUAL_TF
3.1347 0.0353262 -1.7579239 0.6583498 -0.45148805 0.74382520 -0.43203420 -0.23712670 0.003319 1789353507.722444057 5.085 178.499 0.267 0.00000 -1 ACTUAL_TF
3.1954 0.0353253 -1.7577065 0.6583557 -0.45148939 0.74382627 -0.43203247 -0.23712392 0.003489 1789353507.778425217 5.302 178.282 0.262 0.00000 -1 ACTUAL_TF
3.2445 0.0353348 -1.7575033 0.6583842 -0.45149085 0.74381645 -0.43204517 -0.23712881 0.003542 1789353507.834427595 5.506 178.079 0.233 0.00000 -1 ACTUAL_TF
3.2926 0.0353313 -1.7573232 0.6584028 -0.45149008 0.74381146 -0.43205228 -0.23713296 0.003452 1789353507.890330553 5.686 177.898 0.217 0.00000 -1 ACTUAL_TF
3.3539 0.0353333 -1.7571188 0.6584160 -0.45148839 0.74380901 -0.43205799 -0.23713348 0.003512 1789353507.946403980 5.890 177.694 0.204 0.00000 -1 ACTUAL_TF
3.4216 0.0353388 -1.7569423 0.6584345 -0.45148642 0.74380595 -0.43206547 -0.23713320 0.003409 1789353508.002474785 6.067 177.517 0.185 0.00000 -1 ACTUAL_TF
3.4632 0.0353415 -1.7567440 0.6584593 -0.45148406 0.74379957 -0.43207659 -0.23713742 0.003458 1789353508.058411360 6.265 177.319 0.162 0.00000 -1 ACTUAL_TF
3.5223 0.0353371 -1.7565746 0.6584740 -0.45148108 0.74379494 -0.43208508 -0.23714216 0.003333 1789353508.114323139 6.435 177.149 0.150 0.00000 -1 ACTUAL_TF
3.5744 0.0353406 -1.7563715 0.6584885 -0.45147467 0.74379425 -0.43209353 -0.23714112 0.003424 1789353508.170325041 6.638 176.946 0.136 0.00000 -1 ACTUAL_TF
3.6347 0.0353429 -1.7561724 0.6585067 -0.45147551 0.74378585 -0.43210436 -0.23714615 0.003467 1789353508.226366043 6.837 176.747 0.118 0.00000 -1 ACTUAL_TF
3.7007 0.0353335 -1.7560031 0.6585184 -0.45147390 0.74378374 -0.43210722 -0.23715063 0.003338 1789353508.282368898 7.007 176.577 0.110 0.00000 -1 ACTUAL_TF
3.7439 0.0353305 -1.7558007 0.6585306 -0.45146717 0.74378208 -0.43211598 -0.23715268 0.003423 1789353508.338355064 7.209 176.375 0.100 0.00000 -1 ACTUAL_TF
3.7988 0.0353322 -1.7556253 0.6585430 -0.45146811 0.74378057 -0.43211818 -0.23715162 0.003337 1789353508.394430637 7.385 176.199 0.089 0.00000 -1 ACTUAL_TF
3.8602 0.0353250 -1.7554303 0.6585543 -0.45147188 0.74377487 -0.43212076 -0.23715759 0.003383 1789353508.450418472 7.580 176.004 0.081 0.00000 -1 ACTUAL_TF
3.9185 0.0353239 -1.7552724 0.6585657 -0.45146510 0.74377493 -0.43212783 -0.23715747 0.003217 1789353508.506357431 7.738 175.846 0.071 0.00000 -1 ACTUAL_TF
3.9730 0.0353150 -1.7550560 0.6585648 -0.45146711 0.74377999 -0.43211946 -0.23715302 0.003411 1789353508.562424898 7.955 175.630 0.075 0.00000 -1 ACTUAL_TF
4.0264 0.0353038 -1.7548718 0.6585596 -0.45147312 0.74378187 -0.43211058 -0.23715186 0.003371 1789353508.618742228 8.139 175.445 0.084 0.00000 -1 ACTUAL_TF
4.0795 0.0352933 -1.7546666 0.6585633 -0.45147182 0.74378575 -0.43210640 -0.23714976 0.003469 1789353508.674312830 8.344 175.240 0.085 0.00000 -1 ACTUAL_TF
4.1400 0.0352838 -1.7544657 0.6585751 -0.45146416 0.74378911 -0.43210916 -0.23714878 0.003507 1789353508.730368137 8.546 175.039 0.079 0.00000 -1 ACTUAL_TF
4.2010 0.0352741 -1.7542732 0.6585722 -0.45147042 0.74379076 -0.43210074 -0.23714705 0.003481 1789353508.786708117 8.738 174.846 0.085 0.00000 -1 ACTUAL_TF
4.2471 0.0352629 -1.7540661 0.6585755 -0.45147494 0.74378772 -0.43209895 -0.23715124 0.003554 1789353508.842370987 8.946 174.639 0.088 0.00000 -1 ACTUAL_TF
4.3067 0.0352662 -1.7539048 0.6585892 -0.45147019 0.74378758 -0.43210515 -0.23714940 0.003353 1789353508.898524046 9.107 174.477 0.074 0.00000 -1 ACTUAL_TF
4.3629 0.0352721 -1.7537000 0.6585923 -0.45146801 0.74378983 -0.43210647 -0.23714411 0.003447 1789353508.954416752 9.311 174.273 0.067 0.00000 -1 ACTUAL_TF
4.4162 0.0352594 -1.7535058 0.6585829 -0.45146578 0.74379991 -0.43209527 -0.23713712 0.003455 1789353509.010485649 9.506 174.078 0.081 0.00000 -1 ACTUAL_TF
4.4719 0.0352519 -1.7532960 0.6585871 -0.45147147 0.74379500 -0.43209521 -0.23714181 0.003545 1789353509.066409111 9.716 173.868 0.081 0.00000 -1 ACTUAL_TF
4.5332 0.0352488 -1.7530825 0.6585822 -0.45146264 0.74380111 -0.43209688 -0.23713641 0.003622 1789353509.122586966 9.929 173.655 0.086 0.00000 -1 ACTUAL_TF
4.5837 0.0352454 -1.7528909 0.6585738 -0.45146896 0.74380938 -0.43208171 -0.23712608 0.003567 1789353509.178406239 10.121 173.464 0.096 0.00000 -1 ACTUAL_TF
4.6366 0.0352515 -1.7527092 0.6585878 -0.45146218 0.74380692 -0.43209280 -0.23712650 0.003475 1789353509.234308958 10.302 173.282 0.081 0.00000 -1 ACTUAL_TF
4.6945 0.0352452 -1.7525278 0.6585887 -0.45146140 0.74380737 -0.43209301 -0.23712622 0.003397 1789353509.290745020 10.484 173.100 0.083 0.00000 -1 ACTUAL_TF
4.7518 0.0352370 -1.7523234 0.6585948 -0.45145640 0.74380794 -0.43209668 -0.23712724 0.003482 1789353509.346389771 10.689 172.896 0.080 0.00000 -1 ACTUAL_TF
4.8130 0.0352372 -1.7521494 0.6586011 -0.45145332 0.74380545 -0.43210358 -0.23712834 0.003367 1789353509.402570724 10.862 172.722 0.075 0.00000 -1 ACTUAL_TF
4.8590 0.0352374 -1.7519493 0.6586059 -0.45144639 0.74380615 -0.43211029 -0.23712711 0.003429 1789353509.458550692 11.063 172.522 0.071 0.00000 -1 ACTUAL_TF
4.9167 0.0352339 -1.7517653 0.6586013 -0.45145374 0.74380385 -0.43210632 -0.23712754 0.003391 1789353509.514330626 11.247 172.338 0.077 0.00000 -1 ACTUAL_TF
4.9770 0.0352391 -1.7515843 0.6586142 -0.45144473 0.74380055 -0.43212038 -0.23712947 0.003344 1789353509.570436001 11.427 172.157 0.065 0.00000 -1 ACTUAL_TF
5.0428 0.0352413 -1.7513648 0.6586104 -0.45144707 0.74380204 -0.43211725 -0.23712603 0.003501 1789353509.627214432 11.647 171.938 0.072 0.00000 -1 ACTUAL_TF
5.0960 0.0352347 -1.7512022 0.6586247 -0.45143768 0.74380021 -0.43212828 -0.23712955 0.003340 1789353509.682332516 11.810 171.775 0.060 0.00000 -1 ACTUAL_TF
5.1476 0.0352337 -1.7509760 0.6586253 -0.45144642 0.74379882 -0.43212255 -0.23712769 0.003547 1789353509.738466024 12.036 171.549 0.062 0.00000 -1 ACTUAL_TF
5.2067 0.0352317 -1.7508257 0.6586380 -0.45143530 0.74379485 -0.43213829 -0.23713265 0.003292 1789353509.794421911 12.186 171.398 0.052 0.00000 -1 ACTUAL_TF
5.2558 0.0352296 -1.7506216 0.6586424 -0.45144112 0.74378777 -0.43214153 -0.23713787 0.003398 1789353509.850390434 12.390 171.194 0.051 0.00000 -1 ACTUAL_TF
5.3180 0.0352316 -1.7504626 0.6586503 -0.45144070 0.74378496 -0.43214644 -0.23713854 0.003233 1789353509.906290531 12.549 171.035 0.047 0.00000 -1 ACTUAL_TF
5.3690 0.0352315 -1.7502637 0.6586644 -0.45143530 0.74378599 -0.43215085 -0.23713753 0.003329 1789353509.962439299 12.748 170.836 0.040 0.00000 -1 ACTUAL_TF
5.4258 0.0352174 -1.7500349 0.6586662 -0.45144079 0.74379202 -0.43213751 -0.23713246 0.003558 1789353510.018464804 12.977 170.607 0.037 0.00000 -1 ACTUAL_TF
5.4841 0.0352083 -1.7498606 0.6586685 -0.45144131 0.74379179 -0.43213682 -0.23713348 0.003425 1789353510.074499846 13.152 170.432 0.035 0.00000 -1 ACTUAL_TF
5.5485 0.0351977 -1.7496445 0.6586587 -0.45144508 0.74379569 -0.43212782 -0.23713049 0.003559 1789353510.130435228 13.368 170.216 0.046 0.00000 -1 ACTUAL_TF
5.5901 0.0351904 -1.7494756 0.6586553 -0.45144231 0.74379753 -0.43212740 -0.23713074 0.003397 1789353510.186431170 13.537 170.047 0.051 0.00000 -1 ACTUAL_TF
5.6507 0.0351741 -1.7492653 0.6586558 -0.45144721 0.74379755 -0.43212095 -0.23713310 0.003508 1789353510.242409945 13.748 169.837 0.053 0.00000 -1 ACTUAL_TF
5.7054 0.0351781 -1.7491013 0.6586709 -0.45144786 0.74379296 -0.43212745 -0.23713440 0.003338 1789353510.298449993 13.912 169.673 0.040 0.00000 -1 ACTUAL_TF
5.7616 0.0351695 -1.7489033 0.6586829 -0.45144915 0.74378866 -0.43213081 -0.23713933 0.003401 1789353510.354403973 14.110 169.474 0.030 0.00000 -1 ACTUAL_TF
5.8184 0.0351608 -1.7487181 0.6586895 -0.45145185 0.74378809 -0.43212870 -0.23713982 0.003372 1789353510.410519361 14.295 169.289 0.026 0.00000 -1 ACTUAL_TF
5.8715 0.0351561 -1.7485167 0.6586893 -0.45145288 0.74378614 -0.43212954 -0.23714244 0.003442 1789353510.466420889 14.497 169.087 0.029 0.00000 -1 ACTUAL_TF
5.9374 0.0351436 -1.7482978 0.6586836 -0.45145917 0.74378731 -0.43212166 -0.23714115 0.003582 1789353510.522534847 14.716 168.868 0.038 0.00000 -1 ACTUAL_TF
5.9908 0.0351398 -1.7481327 0.6586877 -0.45145343 0.74379103 -0.43212261 -0.23713866 0.003393 1789353510.578540087 14.881 168.703 0.036 0.00000 -1 ACTUAL_TF
6.0405 0.0351315 -1.7479326 0.6586964 -0.45145068 0.74378915 -0.43212708 -0.23714167 0.003450 1789353510.634431839 15.081 168.503 0.031 0.00000 -1 ACTUAL_TF
6.1006 0.0351294 -1.7477754 0.6587050 -0.45145149 0.74378906 -0.43212643 -0.23714160 0.003260 1789353510.690344572 15.239 168.346 0.024 0.00000 -1 ACTUAL_TF
6.1499 0.0351191 -1.7475515 0.6587065 -0.45145019 0.74379379 -0.43212116 -0.23713883 0.003484 1789353510.746318579 15.463 168.121 0.027 0.00000 -1 ACTUAL_TF
6.2098 0.0351193 -1.7473773 0.6587173 -0.45145419 0.74379032 -0.43212264 -0.23713940 0.003365 1789353510.802810907 15.637 167.947 0.017 0.00000 -1 ACTUAL_TF
6.2719 0.0351135 -1.7471747 0.6587216 -0.45144924 0.74379425 -0.43212228 -0.23713717 0.003450 1789353510.858387232 15.840 167.744 0.015 0.00000 -1 ACTUAL_TF
6.3259 0.0351141 -1.7469735 0.6587230 -0.45145270 0.74378969 -0.43212531 -0.23713935 0.003491 1789353510.914476633 16.041 167.543 0.014 0.00000 -1 ACTUAL_TF
6.3753 0.0351049 -1.7468117 0.6587304 -0.45144972 0.74378507 -0.43213245 -0.23714653 0.003314 1789353510.970402718 16.203 167.381 0.011 0.00000 -1 ACTUAL_TF
6.4436 0.0351026 -1.7466028 0.6587344 -0.45145202 0.74378783 -0.43212776 -0.23714203 0.003439 1789353511.026391745 16.412 167.172 0.008 0.00000 -1 ACTUAL_TF
6.4898 0.0351045 -1.7464259 0.6587460 -0.45145549 0.74378358 -0.43213044 -0.23714383 0.003357 1789353511.082416534 16.589 166.995 0.004 0.00000 -1 ACTUAL_TF
6.5547 0.0351060 -1.7462407 0.6587626 -0.45145124 0.74377726 -0.43214310 -0.23714871 0.003344 1789353511.138547182 16.774 166.810 0.019 0.00000 -1 ACTUAL_TF
6.6002 0.0350976 -1.7460645 0.6587650 -0.45144897 0.74377536 -0.43214668 -0.23715244 0.003288 1789353511.194433689 16.951 166.634 0.018 0.00000 -1 ACTUAL_TF
6.6610 0.0350905 -1.7458731 0.6587730 -0.45145110 0.74376950 -0.43215120 -0.23715855 0.003329 1789353511.250387430 17.142 166.442 0.022 0.00000 -1 ACTUAL_TF
6.7100 0.0350768 -1.7456993 0.6587725 -0.45145026 0.74376670 -0.43215350 -0.23716474 0.003265 1789353511.306322098 17.316 166.268 0.020 0.00000 -1 ACTUAL_TF
6.7700 0.0350754 -1.7454943 0.6587748 -0.45145474 0.74376372 -0.43215295 -0.23716654 0.003383 1789353511.362416267 17.521 166.063 0.019 0.00000 -1 ACTUAL_TF
6.8229 0.0350736 -1.7452930 0.6587839 -0.45144783 0.74376437 -0.43215964 -0.23716547 0.003448 1789353511.418351173 17.723 165.862 0.026 0.00000 -1 ACTUAL_TF
6.8908 0.0350567 -1.7451111 0.6587838 -0.45144268 0.74376964 -0.43215630 -0.23716483 0.003390 1789353511.474505424 17.905 165.679 0.024 0.00000 -1 ACTUAL_TF
6.9385 0.0350525 -1.7448958 0.6587816 -0.45145197 0.74376688 -0.43215107 -0.23716536 0.003526 1789353511.530534983 18.120 165.464 0.019 0.00000 -1 ACTUAL_TF
6.9909 0.0350488 -1.7447120 0.6587732 -0.45145195 0.74377463 -0.43214201 -0.23715759 0.003457 1789353511.586371183 18.304 165.280 0.009 0.00000 -1 ACTUAL_TF
7.0457 0.0350504 -1.7445158 0.6587697 -0.45145660 0.74377609 -0.43213640 -0.23715439 0.003471 1789353511.642379045 18.500 165.084 0.003 0.00000 -1 ACTUAL_TF
7.1067 0.0350397 -1.7443236 0.6587587 -0.45146201 0.74377815 -0.43212827 -0.23715244 0.003461 1789353511.698485613 18.692 164.892 0.012 0.00000 -1 ACTUAL_TF
7.1692 0.0350362 -1.7441000 0.6587529 -0.45145898 0.74378936 -0.43211878 -0.23714033 0.003622 1789353511.754399300 18.916 164.669 0.020 0.00000 -1 ACTUAL_TF
7.2177 0.0350297 -1.7439189 0.6587564 -0.45146053 0.74378738 -0.43211869 -0.23714377 0.003506 1789353511.810424089 19.097 164.487 0.019 0.00000 -1 ACTUAL_TF
7.2762 0.0350182 -1.7437117 0.6587617 -0.45146250 0.74378583 -0.43211787 -0.23714636 0.003570 1789353511.866257906 19.304 164.280 0.018 0.00000 -1 ACTUAL_TF
7.3259 0.0350208 -1.7435107 0.6587652 -0.45145295 0.74379131 -0.43212214 -0.23713954 0.003574 1789353511.922350168 19.505 164.079 0.015 0.00000 -1 ACTUAL_TF
7.3875 0.0350189 -1.7433382 0.6587614 -0.45146228 0.74378688 -0.43211854 -0.23714227 0.003425 1789353511.978412867 19.678 163.907 0.022 0.00000 -1 ACTUAL_TF
7.4396 0.0350093 -1.7431222 0.6587561 -0.45146473 0.74378825 -0.43211362 -0.23714228 0.003558 1789353512.034362793 19.894 163.691 0.029 0.00000 -1 ACTUAL_TF
7.4931 0.0350009 -1.7429337 0.6587483 -0.45146737 0.74379316 -0.43210466 -0.23713818 0.003501 1789353512.090439558 20.082 163.502 0.040 0.00000 -1 ACTUAL_TF
7.5552 0.0350013 -1.7427438 0.6587659 -0.45145432 0.74379097 -0.43212094 -0.23714020 0.003473 1789353512.146392822 20.272 163.312 0.024 0.00000 -1 ACTUAL_TF
7.6089 0.0350006 -1.7425595 0.6587696 -0.45146308 0.74378783 -0.43211691 -0.23714074 0.003419 1789353512.202378273 20.457 163.128 0.024 0.00000 -1 ACTUAL_TF
7.6663 0.0349959 -1.7423554 0.6587768 -0.45146171 0.74378734 -0.43211868 -0.23714164 0.003487 1789353512.258376360 20.661 162.923 0.020 0.00000 -1 ACTUAL_TF
7.7199 0.0349983 -1.7421577 0.6587841 -0.45146169 0.74378374 -0.43212441 -0.23714254 0.003501 1789353512.314417601 20.859 162.726 0.020 0.00000 -1 ACTUAL_TF
7.7811 0.0350065 -1.7419905 0.6587860 -0.45146447 0.74378225 -0.43212539 -0.23714012 0.003344 1789353512.370608330 21.025 162.559 0.031 0.00000 -1 ACTUAL_TF
7.8338 0.0350013 -1.7417932 0.6587951 -0.45146668 0.74377511 -0.43213188 -0.23714648 0.003404 1789353512.426374197 21.223 162.361 0.029 0.00000 -1 ACTUAL_TF
7.8908 0.0349915 -1.7416087 0.6587973 -0.45146342 0.74377702 -0.43213194 -0.23714661 0.003372 1789353512.482388735 21.408 162.177 0.024 0.00000 -1 ACTUAL_TF
7.9439 0.0349883 -1.7413791 0.6587911 -0.45147204 0.74377776 -0.43212369 -0.23714291 0.003590 1789353512.538448572 21.637 161.947 0.031 0.00000 -1 ACTUAL_TF
8.0016 0.0349822 -1.7412248 0.6588016 -0.45146700 0.74377335 -0.43213315 -0.23714911 0.003342 1789353512.594483614 21.792 161.793 0.026 0.00000 -1 ACTUAL_TF
8.0610 0.0349784 -1.7410153 0.6588000 -0.45146957 0.74377583 -0.43212833 -0.23714520 0.003463 1789353512.650415897 22.001 161.583 0.029 0.00000 -1 ACTUAL_TF
8.1215 0.0349765 -1.7408557 0.6588069 -0.45146891 0.74377206 -0.43213357 -0.23714875 0.003280 1789353512.706375837 22.161 161.424 0.030 0.00000 -1 ACTUAL_TF
8.1697 0.0349724 -1.7406456 0.6588094 -0.45146123 0.74377628 -0.43213663 -0.23714456 0.003421 1789353512.762447119 22.371 161.213 0.032 0.00000 -1 ACTUAL_TF
8.2212 0.0349604 -1.7404312 0.6588146 -0.45146656 0.74377257 -0.43213468 -0.23714958 0.003547 1789353512.818356276 22.586 160.999 0.025 0.00000 -1 ACTUAL_TF
8.2798 0.0349523 -1.7402769 0.6588220 -0.45146142 0.74377153 -0.43214046 -0.23715210 0.003312 1789353512.874356508 22.740 160.844 0.021 0.00000 -1 ACTUAL_TF
8.3377 0.0349502 -1.7400515 0.6588240 -0.45146105 0.74377338 -0.43213932 -0.23714910 0.003523 1789353512.930455685 22.966 160.619 0.025 0.00000 -1 ACTUAL_TF
8.3965 0.0349373 -1.7398865 0.6588290 -0.45145433 0.74377430 -0.43214313 -0.23715205 0.003356 1789353512.986301184 23.131 160.453 0.017 0.00000 -1 ACTUAL_TF
8.4467 0.0349249 -1.7396738 0.6588260 -0.45145759 0.74377741 -0.43213503 -0.23715085 0.003491 1789353513.042318106 23.344 160.240 0.011 0.00000 -1 ACTUAL_TF
8.5100 0.0349253 -1.7395062 0.6588303 -0.45145682 0.74377910 -0.43213503 -0.23714700 0.003339 1789353513.098470926 23.511 160.073 0.015 0.00000 -1 ACTUAL_TF
8.5629 0.0349091 -1.7393029 0.6588296 -0.45145080 0.74378685 -0.43212969 -0.23714391 0.003430 1789353513.154445887 23.715 159.869 0.006 0.00000 -1 ACTUAL_TF
8.6167 0.0348925 -1.7390726 0.6588244 -0.45145365 0.74379329 -0.43211816 -0.23713928 0.003640 1789353513.210382462 23.946 159.639 0.013 0.00000 -1 ACTUAL_TF
8.6725 0.0348864 -1.7389068 0.6588275 -0.45144773 0.74379594 -0.43212035 -0.23713826 0.003434 1789353513.266528845 24.111 159.473 0.013 0.00000 -1 ACTUAL_TF
8.7356 0.0348910 -1.7387012 0.6588401 -0.45144414 0.74379558 -0.43212583 -0.23713620 0.003511 1789353513.322396278 24.317 159.267 0.003 0.00000 -1 ACTUAL_TF
8.7818 0.0348773 -1.7385238 0.6588437 -0.45144499 0.74379508 -0.43212412 -0.23713928 0.003412 1789353513.378310204 24.495 159.090 0.006 0.00000 -1 ACTUAL_TF
8.8400 0.0348669 -1.7383109 0.6588411 -0.45144695 0.74379896 -0.43211726 -0.23713589 0.003530 1789353513.434351206 24.708 158.876 0.011 0.00000 -1 ACTUAL_TF
8.9001 0.0348647 -1.7381426 0.6588453 -0.45144356 0.74379882 -0.43212154 -0.23713498 0.003369 1789353513.490561008 24.876 158.708 0.008 0.00000 -1 ACTUAL_TF
8.9514 0.0348560 -1.7379168 0.6588421 -0.45144857 0.74379957 -0.43211537 -0.23713435 0.003570 1789353513.546526670 25.102 158.482 0.013 0.00000 -1 ACTUAL_TF
9.0161 0.0348500 -1.7377548 0.6588447 -0.45144169 0.74380064 -0.43212029 -0.23713511 0.003369 1789353513.602402687 25.264 158.320 0.014 0.00000 -1 ACTUAL_TF
9.0659 0.0348401 -1.7375280 0.6588447 -0.45144657 0.74380146 -0.43211405 -0.23713462 0.003574 1789353513.658447027 25.491 158.093 0.019 0.00000 -1 ACTUAL_TF
9.1428 0.0348448 -1.7373280 0.6588529 -0.45144391 0.74380276 -0.43211717 -0.23712992 0.003573 1789353513.714548588 25.691 157.893 0.007 0.00000 -1 ACTUAL_TF
9.1825 0.0348338 -1.7371507 0.6588506 -0.45144476 0.74380556 -0.43211198 -0.23712899 0.003451 1789353513.770622730 25.869 157.716 0.015 0.00000 -1 ACTUAL_TF
9.2349 0.0348292 -1.7369506 0.6588583 -0.45144093 0.74380430 -0.43211710 -0.23713091 0.003493 1789353513.826402903 26.069 157.516 0.011 0.00000 -1 ACTUAL_TF
9.2949 0.0348255 -1.7367779 0.6588641 -0.45144106 0.74379980 -0.43212240 -0.23713510 0.003369 1789353513.882542133 26.242 157.343 0.010 0.00000 -1 ACTUAL_TF
9.3428 0.0348122 -1.7365684 0.6588651 -0.45143878 0.74379954 -0.43212404 -0.23713727 0.003487 1789353513.938355923 26.451 157.133 0.017 0.00000 -1 ACTUAL_TF
9.3988 0.0348100 -1.7364122 0.6588739 -0.45143211 0.74379502 -0.43213596 -0.23714244 0.003279 1789353513.994328737 26.608 156.977 0.015 0.00000 -1 ACTUAL_TF
9.4598 0.0348090 -1.7362057 0.6588769 -0.45143314 0.74379515 -0.43213546 -0.23714098 0.003401 1789353514.050361395 26.814 156.770 0.011 0.00000 -1 ACTUAL_TF
9.5137 0.0348088 -1.7360114 0.6588866 -0.45143012 0.74378896 -0.43214628 -0.23714642 0.003424 1789353514.106294870 27.008 156.576 0.013 0.00000 -1 ACTUAL_TF
9.5653 0.0348013 -1.7358276 0.6588861 -0.45143026 0.74379320 -0.43214085 -0.23714274 0.003384 1789353514.162192822 27.192 156.392 0.012 0.00000 -1 ACTUAL_TF
9.6253 0.0348016 -1.7356305 0.6588963 -0.45143237 0.74378281 -0.43215180 -0.23715137 0.003422 1789353514.218396187 27.390 156.195 0.017 0.00000 -1 ACTUAL_TF
9.6920 0.0347962 -1.7354437 0.6588922 -0.45143682 0.74378441 -0.43214563 -0.23714913 0.003384 1789353514.275156021 27.576 156.008 0.011 0.00000 -1 ACTUAL_TF
9.7395 0.0347939 -1.7352366 0.6588931 -0.45143914 0.74378258 -0.43214596 -0.23714983 0.003493 1789353514.330409527 27.783 155.801 0.009 0.00000 -1 ACTUAL_TF
9.8013 0.0347979 -1.7350725 0.6588998 -0.45144051 0.74378193 -0.43214680 -0.23714773 0.003326 1789353514.386351347 27.947 155.637 0.017 0.00000 -1 ACTUAL_TF
9.8551 0.0347958 -1.7348709 0.6589054 -0.45143774 0.74377887 -0.43215351 -0.23715039 0.003407 1789353514.442417622 28.149 155.435 0.021 0.00000 -1 ACTUAL_TF
9.9048 0.0347803 -1.7346778 0.6588962 -0.45144042 0.74378583 -0.43214115 -0.23714598 0.003425 1789353514.498378277 28.342 155.242 0.006 0.00000 -1 ACTUAL_TF
9.9644 0.0347745 -1.7344725 0.6588997 -0.45144009 0.74378673 -0.43214028 -0.23714536 0.003498 1789353514.554356337 28.548 155.037 0.007 0.00000 -1 ACTUAL_TF
10.0158 0.0347656 -1.7342682 0.6589032 -0.45143406 0.74379115 -0.43214022 -0.23714308 0.003544 1789353514.610374212 28.752 154.832 0.007 0.00000 -1 ACTUAL_TF
10.0850 0.0347609 -1.7340705 0.6588939 -0.45144388 0.74379712 -0.43212461 -0.23713414 0.003541 1789353514.666413307 28.950 154.634 0.005 0.00000 -1 ACTUAL_TF
10.1335 0.0347520 -1.7338548 0.6588928 -0.45144283 0.74380171 -0.43211918 -0.23713162 0.003635 1789353514.722428799 29.166 154.419 0.009 0.00000 -1 ACTUAL_TF
10.1823 0.0347546 -1.7336856 0.6588958 -0.45144037 0.74380328 -0.43212093 -0.23712820 0.003452 1789353514.778347492 29.335 154.250 0.009 0.00000 -1 ACTUAL_TF
10.2424 0.0347462 -1.7334765 0.6588923 -0.45144044 0.74380386 -0.43211958 -0.23712868 0.003541 1789353514.834184647 29.544 154.040 0.014 0.00000 -1 ACTUAL_TF
10.3005 0.0347295 -1.7332969 0.6588909 -0.45143684 0.74380485 -0.43211941 -0.23713276 0.003442 1789353514.890390396 29.724 153.860 0.020 0.00000 -1 ACTUAL_TF
10.3563 0.0347243 -1.7330816 0.6588913 -0.45144081 0.74380525 -0.43211524 -0.23713153 0.003564 1789353514.946308374 29.939 153.645 0.022 0.00000 -1 ACTUAL_TF
10.4089 0.0347160 -1.7328684 0.6588886 -0.45144216 0.74380726 -0.43211113 -0.23713015 0.003637 1789353515.002345800 30.153 153.432 0.028 0.00000 -1 ACTUAL_TF
10.4693 0.0347185 -1.7327114 0.6588995 -0.45144891 0.74380010 -0.43211415 -0.23713425 0.003388 1789353515.058409691 30.310 153.275 0.017 0.00000 -1 ACTUAL_TF
10.5216 0.0347041 -1.7324849 0.6588939 -0.45144839 0.74380414 -0.43210857 -0.23713273 0.003591 1789353515.114303350 30.536 153.048 0.028 0.00000 -1 ACTUAL_TF
10.5792 0.0347034 -1.7323145 0.6588958 -0.45145066 0.74380394 -0.43210677 -0.23713231 0.003427 1789353515.170241117 30.707 152.878 0.026 0.00000 -1 ACTUAL_TF
10.6358 0.0346824 -1.7320959 0.6588868 -0.45145048 0.74380896 -0.43209848 -0.23713203 0.003574 1789353515.226348639 30.926 152.659 0.044 0.00000 -1 ACTUAL_TF
10.6873 0.0346844 -1.7319242 0.6588948 -0.45145563 0.74380370 -0.43210097 -0.23713420 0.003421 1789353515.282471418 31.097 152.487 0.035 0.00000 -1 ACTUAL_TF
10.7496 0.0346850 -1.7317248 0.6589028 -0.45145523 0.74380143 -0.43210500 -0.23713472 0.003465 1789353515.338375807 31.297 152.288 0.028 0.00000 -1 ACTUAL_TF
10.7988 0.0346810 -1.7315429 0.6589034 -0.45146234 0.74380148 -0.43209843 -0.23713301 0.003403 1789353515.394240618 31.479 152.106 0.029 0.00000 -1 ACTUAL_TF
10.8605 0.0346894 -1.7313622 0.6589201 -0.45145653 0.74379274 -0.43211634 -0.23713884 0.003354 1789353515.450335741 31.659 151.925 0.013 0.00000 -1 ACTUAL_TF
10.9092 0.0346793 -1.7311283 0.6589153 -0.45146446 0.74379714 -0.43210315 -0.23713395 0.003603 1789353515.506313086 31.893 151.691 0.020 0.00000 -1 ACTUAL_TF
10.9687 0.0346773 -1.7309799 0.6589314 -0.45145782 0.74379049 -0.43211715 -0.23714197 0.003321 1789353515.562316418 32.042 151.542 0.007 0.00000 -1 ACTUAL_TF
11.0321 0.0346868 -1.7307646 0.6589435 -0.45145972 0.74378772 -0.43212139 -0.23713930 0.003481 1789353515.618335247 32.257 151.327 0.018 0.00000 -1 ACTUAL_TF
11.0817 0.0346853 -1.7306152 0.6589628 -0.45145459 0.74378008 -0.43213579 -0.23714679 0.003243 1789353515.674367666 32.407 151.178 0.029 0.00000 -1 ACTUAL_TF
11.1395 0.0346799 -1.7304358 0.6589680 -0.45145835 0.74377772 -0.43213511 -0.23714830 0.003342 1789353515.724627256 32.586 150.998 0.031 0.00000 -1 ACTUAL_TF
11.1888 0.0346875 -1.7302624 0.6589902 -0.45144758 0.74377098 -0.43215536 -0.23715302 0.003315 1789353515.778425455 32.759 150.825 0.054 0.00000 -1 ACTUAL_TF
11.2406 0.0346768 -1.7300935 0.6589995 -0.45144539 0.74376571 -0.43216224 -0.23716117 0.003228 1789353515.834470987 32.929 150.656 0.057 0.00000 -1 ACTUAL_TF
11.2946 0.0346660 -1.7298794 0.6589928 -0.45144301 0.74376766 -0.43216136 -0.23716121 0.003412 1789353515.890317917 33.143 150.441 0.047 0.00000 -1 ACTUAL_TF
11.3550 0.0346571 -1.7296879 0.6589901 -0.45144614 0.74376882 -0.43215667 -0.23716015 0.003414 1789353515.946362019 33.335 150.250 0.040 0.00000 -1 ACTUAL_TF
11.4119 0.0346531 -1.7294828 0.6589955 -0.45144980 0.74376625 -0.43215597 -0.23716254 0.003489 1789353516.002387285 33.540 150.045 0.044 0.00000 -1 ACTUAL_TF
11.4708 0.0346518 -1.7292969 0.6589930 -0.45145150 0.74377280 -0.43214751 -0.23715416 0.003438 1789353516.058403254 33.726 149.859 0.041 0.00000 -1 ACTUAL_TF
11.5233 0.0346580 -1.7291056 0.6589995 -0.45145186 0.74377354 -0.43214814 -0.23715000 0.003431 1789353516.114504814 33.917 149.668 0.052 0.00000 -1 ACTUAL_TF
11.5750 0.0346507 -1.7288790 0.6589930 -0.45146078 0.74377741 -0.43213497 -0.23714487 0.003620 1789353516.170351744 34.143 149.441 0.044 0.00000 -1 ACTUAL_TF
11.6356 0.0346405 -1.7286873 0.6589831 -0.45146165 0.74378434 -0.43212539 -0.23713896 0.003552 1789353516.226978302 34.335 149.249 0.033 0.00000 -1 ACTUAL_TF
11.6924 0.0346295 -1.7284641 0.6589799 -0.45146769 0.74378331 -0.43212014 -0.23714025 0.003696 1789353516.282430649 34.558 149.026 0.026 0.00000 -1 ACTUAL_TF
11.7401 0.0346223 -1.7282983 0.6589806 -0.45145974 0.74378821 -0.43212110 -0.23713826 0.003476 1789353516.338421583 34.724 148.860 0.023 0.00000 -1 ACTUAL_TF
11.7999 0.0346098 -1.7280804 0.6589749 -0.45146129 0.74378994 -0.43211653 -0.23713821 0.003602 1789353516.394480944 34.942 148.642 0.015 0.00000 -1 ACTUAL_TF
11.8582 0.0346050 -1.7279082 0.6589749 -0.45146479 0.74379116 -0.43211184 -0.23713627 0.003446 1789353516.450366020 35.115 148.470 0.015 0.00000 -1 ACTUAL_TF
11.9186 0.0346038 -1.7276951 0.6589703 -0.45146065 0.74379644 -0.43211049 -0.23713007 0.003554 1789353516.506368160 35.328 148.257 0.021 0.00000 -1 ACTUAL_TF
11.9661 0.0345936 -1.7275215 0.6589755 -0.45147178 0.74379077 -0.43210570 -0.23713538 0.003418 1789353516.562477112 35.502 148.083 0.015 0.00000 -1 ACTUAL_TF
12.0329 0.0345869 -1.7273043 0.6589799 -0.45146334 0.74379532 -0.43210812 -0.23713276 0.003559 1789353516.618376017 35.719 147.865 0.014 0.00000 -1 ACTUAL_TF
12.0942 0.0345789 -1.7270852 0.6589744 -0.45146795 0.74379520 -0.43210359 -0.23713263 0.003665 1789353516.674450636 35.938 147.646 0.016 0.00000 -1 ACTUAL_TF
12.1438 0.0345741 -1.7269193 0.6589741 -0.45146458 0.74379503 -0.43210703 -0.23713329 0.003457 1789353516.730291843 36.104 147.480 0.018 0.00000 -1 ACTUAL_TF
12.1972 0.0345723 -1.7266961 0.6589620 -0.45146945 0.74379802 -0.43209966 -0.23712806 0.003591 1789353516.787540436 36.327 147.257 0.033 0.00000 -1 ACTUAL_TF
12.2511 0.0345750 -1.7265370 0.6589660 -0.45147280 0.74379394 -0.43210244 -0.23712941 0.003383 1789353516.842491150 36.486 147.098 0.035 0.00000 -1 ACTUAL_TF
12.3001 0.0345736 -1.7263401 0.6589796 -0.45146485 0.74379182 -0.43211287 -0.23713221 0.003430 1789353516.898234129 36.683 146.901 0.031 0.00000 -1 ACTUAL_TF
12.3610 0.0345670 -1.7261602 0.6589832 -0.45146699 0.74378926 -0.43211385 -0.23713438 0.003366 1789353516.954245806 36.863 146.721 0.029 0.00000 -1 ACTUAL_TF
12.4184 0.0345620 -1.7259406 0.6589866 -0.45146754 0.74378943 -0.43211308 -0.23713419 0.003533 1789353517.010251284 37.083 146.502 0.029 0.00000 -1 ACTUAL_TF
12.4826 0.0345629 -1.7257781 0.6589924 -0.45146601 0.74378604 -0.43211956 -0.23713594 0.003342 1789353517.066354275 37.245 146.339 0.033 0.00000 -1 ACTUAL_TF
12.5386 0.0345607 -1.7255738 0.6589977 -0.45146322 0.74378505 -0.43212412 -0.23713605 0.003436 1789353517.122284174 37.450 146.135 0.035 0.00000 -1 ACTUAL_TF
12.5865 0.0345468 -1.7253587 0.6589950 -0.45146251 0.74378601 -0.43212197 -0.23713832 0.003562 1789353517.178203583 37.665 145.919 0.030 0.00000 -1 ACTUAL_TF
12.6446 0.0345458 -1.7252003 0.6590014 -0.45145654 0.74378532 -0.43212920 -0.23713868 0.003340 1789353517.234351397 37.823 145.761 0.031 0.00000 -1 ACTUAL_TF
12.6952 0.0345434 -1.7250060 0.6590132 -0.45145369 0.74377896 -0.43214004 -0.23714429 0.003380 1789353517.290374756 38.018 145.567 0.033 0.00000 -1 ACTUAL_TF
12.7573 0.0345336 -1.7248328 0.6590156 -0.45145083 0.74377843 -0.43214223 -0.23714740 0.003296 1789353517.346368313 38.191 145.393 0.028 0.00000 -1 ACTUAL_TF
12.8071 0.0345242 -1.7246045 0.6590173 -0.45144829 0.74378476 -0.43213663 -0.23714256 0.003532 1789353517.402348518 38.420 145.165 0.025 0.00000 -1 ACTUAL_TF
12.8646 0.0345191 -1.7244426 0.6590253 -0.45144317 0.74378133 -0.43214569 -0.23714660 0.003342 1789353517.458276272 38.582 145.003 0.025 0.00000 -1 ACTUAL_TF
12.9247 0.0345094 -1.7242338 0.6590215 -0.45144425 0.74378352 -0.43214094 -0.23714632 0.003457 1789353517.514373302 38.791 144.794 0.020 0.00000 -1 ACTUAL_TF
12.9854 0.0344994 -1.7240168 0.6590171 -0.45144723 0.74378770 -0.43213269 -0.23714256 0.003584 1789353517.570362091 39.008 144.577 0.018 0.00000 -1 ACTUAL_TF
13.0370 0.0344888 -1.7238392 0.6590085 -0.45144669 0.74379343 -0.43212567 -0.23713842 0.003463 1789353517.626384735 39.185 144.399 0.021 0.00000 -1 ACTUAL_TF
13.0855 0.0344688 -1.7235996 0.6589937 -0.45145427 0.74379889 -0.43211004 -0.23713533 0.003716 1789353517.682347536 39.425 144.159 0.036 0.00000 -1 ACTUAL_TF
13.1384 0.0344607 -1.7234285 0.6590042 -0.45144790 0.74379942 -0.43211479 -0.23713714 0.003518 1789353517.738483191 39.597 143.988 0.029 0.00000 -1 ACTUAL_TF
13.2006 0.0344500 -1.7232093 0.6589963 -0.45145132 0.74380332 -0.43210633 -0.23713383 0.003632 1789353517.794816494 39.816 143.768 0.040 0.00000 -1 ACTUAL_TF
13.2597 0.0344408 -1.7230549 0.6590054 -0.45144558 0.74380035 -0.43211410 -0.23713990 0.003379 1789353517.850381613 39.971 143.614 0.035 0.00000 -1 ACTUAL_TF
13.3072 0.0344285 -1.7228393 0.6590066 -0.45144907 0.74380209 -0.43210736 -0.23714008 0.003523 1789353517.906325817 40.187 143.398 0.040 0.00000 -1 ACTUAL_TF
13.3670 0.0344190 -1.7226242 0.6590059 -0.45145331 0.74380556 -0.43209887 -0.23713658 0.003618 1789353517.962399960 40.402 143.183 0.044 0.00000 -1 ACTUAL_TF
13.4264 0.0344133 -1.7224419 0.6590057 -0.45145462 0.74380792 -0.43209455 -0.23713455 0.003511 1789353518.018339157 40.584 143.000 0.047 0.00000 -1 ACTUAL_TF
13.4818 0.0344027 -1.7222315 0.6590033 -0.45145691 0.74380818 -0.43209140 -0.23713515 0.003587 1789353518.074321032 40.795 142.790 0.054 0.00000 -1 ACTUAL_TF
13.5471 0.0344004 -1.7220493 0.6590043 -0.45146352 0.74380626 -0.43208759 -0.23713551 0.003485 1789353518.130430222 40.977 142.607 0.053 0.00000 -1 ACTUAL_TF
13.5977 0.0343994 -1.7218530 0.6590103 -0.45146343 0.74380489 -0.43208962 -0.23713630 0.003493 1789353518.186357260 41.173 142.411 0.048 0.00000 -1 ACTUAL_TF
13.6541 0.0343866 -1.7216597 0.6589959 -0.45147119 0.74380979 -0.43207541 -0.23713201 0.003485 1789353518.242415905 41.367 142.218 0.066 0.00000 -1 ACTUAL_TF
13.7098 0.0343793 -1.7214639 0.6590061 -0.45146810 0.74380570 -0.43208310 -0.23713673 0.003491 1789353518.298369884 41.563 142.022 0.061 0.00000 -1 ACTUAL_TF
13.7597 0.0343751 -1.7212862 0.6590120 -0.45146679 0.74380755 -0.43208222 -0.23713504 0.003395 1789353518.354448795 41.740 141.844 0.057 0.00000 -1 ACTUAL_TF
13.8208 0.0343650 -1.7210840 0.6590215 -0.45146429 0.74380302 -0.43208948 -0.23714074 0.003460 1789353518.410578489 41.943 141.641 0.055 0.00000 -1 ACTUAL_TF
13.8724 0.0343607 -1.7208790 0.6590287 -0.45146370 0.74380296 -0.43209011 -0.23714095 0.003516 1789353518.466826439 42.148 141.436 0.050 0.00000 -1 ACTUAL_TF
13.9378 0.0343623 -1.7207123 0.6590414 -0.45145682 0.74379944 -0.43210180 -0.23714378 0.003362 1789353518.522521734 42.315 141.270 0.039 0.00000 -1 ACTUAL_TF
13.9889 0.0343718 -1.7205224 0.6590539 -0.45145414 0.74379751 -0.43210931 -0.23714122 0.003375 1789353518.578467607 42.505 141.080 0.021 0.00000 -1 ACTUAL_TF
14.0437 0.0343618 -1.7203336 0.6590512 -0.45145409 0.74379944 -0.43210623 -0.23714090 0.003378 1789353518.634333134 42.693 140.891 0.028 0.00000 -1 ACTUAL_TF
14.0975 0.0343632 -1.7201419 0.6590696 -0.45144773 0.74378967 -0.43212532 -0.23714886 0.003396 1789353518.690381050 42.885 140.699 0.014 0.00000 -1 ACTUAL_TF
14.1562 0.0343637 -1.7199597 0.6590669 -0.45145051 0.74379108 -0.43212231 -0.23714463 0.003353 1789353518.746405125 43.067 140.517 0.011 0.00000 -1 ACTUAL_TF
14.2136 0.0343630 -1.7197614 0.6590794 -0.45144645 0.74378539 -0.43213349 -0.23714986 0.003410 1789353518.802470922 43.266 140.319 0.003 0.00000 -1 ACTUAL_TF
14.2630 0.0343647 -1.7195756 0.6590912 -0.45144171 0.74377916 -0.43214671 -0.23715432 0.003384 1789353518.858485699 43.452 140.133 0.012 0.00000 -1 ACTUAL_TF
14.3267 0.0343543 -1.7193832 0.6590871 -0.45144781 0.74378176 -0.43213688 -0.23715245 0.003402 1789353518.914433002 43.644 139.940 0.005 0.00000 -1 ACTUAL_TF
14.3735 0.0343439 -1.7191700 0.6590860 -0.45145262 0.74377937 -0.43213406 -0.23715593 0.003525 1789353518.970440388 43.857 139.727 0.006 0.00000 -1 ACTUAL_TF
14.4330 0.0343393 -1.7189921 0.6590849 -0.45145052 0.74378604 -0.43212868 -0.23714882 0.003424 1789353519.026238441 44.035 139.549 0.006 0.00000 -1 ACTUAL_TF
14.4948 0.0343330 -1.7187866 0.6590904 -0.45145281 0.74378303 -0.43212972 -0.23715199 0.003497 1789353519.082325220 44.241 139.343 0.006 0.00000 -1 ACTUAL_TF
14.5439 0.0343262 -1.7185897 0.6590785 -0.45145687 0.74379125 -0.43211639 -0.23714276 0.003507 1789353519.138260365 44.438 139.146 0.016 0.00000 -1 ACTUAL_TF
14.6016 0.0343155 -1.7183616 0.6590708 -0.45146606 0.74379477 -0.43210308 -0.23713849 0.003676 1789353519.194373846 44.666 138.918 0.027 0.00000 -1 ACTUAL_TF
14.6641 0.0343162 -1.7182079 0.6590875 -0.45145907 0.74378925 -0.43211694 -0.23714385 0.003398 1789353519.250601530 44.820 138.764 0.012 0.00000 -1 ACTUAL_TF
14.7163 0.0343102 -1.7179963 0.6590859 -0.45145875 0.74379107 -0.43211488 -0.23714252 0.003517 1789353519.306412935 45.032 138.553 0.016 0.00000 -1 ACTUAL_TF
14.7694 0.0343041 -1.7177905 0.6590937 -0.45145721 0.74378812 -0.43212019 -0.23714502 0.003563 1789353519.362510204 45.238 138.347 0.012 0.00000 -1 ACTUAL_TF
14.8316 0.0342978 -1.7176198 0.6591063 -0.45145334 0.74378603 -0.43212557 -0.23714914 0.003413 1789353519.418429375 45.408 138.176 0.009 0.00000 -1 ACTUAL_TF
14.8801 0.0342940 -1.7174114 0.6591096 -0.45145379 0.74378632 -0.43212550 -0.23714752 0.003508 1789353519.474340677 45.617 137.967 0.007 0.00000 -1 ACTUAL_TF
14.9401 0.0342910 -1.7172279 0.6591102 -0.45145947 0.74378603 -0.43212068 -0.23714636 0.003439 1789353519.530285597 45.800 137.784 0.005 0.00000 -1 ACTUAL_TF
14.9977 0.0342932 -1.7170374 0.6591201 -0.45145703 0.74378387 -0.43212711 -0.23714610 0.003429 1789353519.586339712 45.991 137.593 0.008 0.00000 -1 ACTUAL_TF
15.0471 0.0342884 -1.7168466 0.6591147 -0.45146117 0.74378653 -0.43212003 -0.23714275 0.003425 1789353519.642224312 46.182 137.403 0.003 0.00000 -1 ACTUAL_TF
15.1085 0.0342840 -1.7166450 0.6591241 -0.45145629 0.74378462 -0.43212707 -0.23714522 0.003456 1789353519.699427843 46.383 137.201 0.008 0.00000 -1 ACTUAL_TF
15.1557 0.0342831 -1.7164560 0.6591159 -0.45146460 0.74378812 -0.43211614 -0.23713832 0.003455 1789353519.754211903 46.572 137.012 0.009 0.00000 -1 ACTUAL_TF
15.2215 0.0342824 -1.7162548 0.6591266 -0.45146193 0.74378377 -0.43212455 -0.23714173 0.003496 1789353519.810322762 46.774 136.811 0.014 0.00000 -1 ACTUAL_TF
15.2739 0.0342792 -1.7160398 0.6591274 -0.45146492 0.74378467 -0.43212102 -0.23713965 0.003595 1789353519.866534948 46.989 136.596 0.016 0.00000 -1 ACTUAL_TF
15.3341 0.0342894 -1.7158949 0.6591521 -0.45146003 0.74377805 -0.43213579 -0.23714282 0.003306 1789353519.922488689 47.133 136.451 0.040 0.00000 -1 ACTUAL_TF
15.3868 0.0342766 -1.7156529 0.6591348 -0.45147125 0.74378238 -0.43211885 -0.23713873 0.003618 1789353519.978422642 47.375 136.209 0.025 0.00000 -1 ACTUAL_TF
15.4458 0.0342824 -1.7155037 0.6591502 -0.45146779 0.74377365 -0.43213392 -0.23714523 0.003337 1789353520.034348249 47.525 136.060 0.039 0.00000 -1 ACTUAL_TF
15.4947 0.0342680 -1.7152689 0.6591403 -0.45147164 0.74377918 -0.43212241 -0.23714156 0.003598 1789353520.090345144 47.760 135.825 0.027 0.00000 -1 ACTUAL_TF
15.5541 0.0342590 -1.7151050 0.6591485 -0.45146176 0.74377629 -0.43213448 -0.23714743 0.003398 1789353520.146393776 47.924 135.661 0.025 0.00000 -1 ACTUAL_TF
15.6136 0.0342525 -1.7148994 0.6591535 -0.45147001 0.74376741 -0.43213670 -0.23715552 0.003479 1789353520.202500582 48.129 135.455 0.025 0.00000 -1 ACTUAL_TF
15.6668 0.0342458 -1.7147165 0.6591716 -0.45146417 0.74375966 -0.43215099 -0.23716491 0.003424 1789353520.258320093 48.313 135.272 0.036 0.00000 -1 ACTUAL_TF
15.7172 0.0342507 -1.7145548 0.6591798 -0.45145566 0.74376379 -0.43215575 -0.23715947 0.003263 1789353520.314389467 48.474 135.110 0.046 0.00000 -1 ACTUAL_TF
15.7756 0.0342348 -1.7143299 0.6591762 -0.45146233 0.74376223 -0.43214958 -0.23716291 0.003494 1789353520.370309591 48.699 134.885 0.036 0.00000 -1 ACTUAL_TF
15.8296 0.0342261 -1.7141454 0.6591760 -0.45146033 0.74376428 -0.43214857 -0.23716213 0.003435 1789353520.426321268 48.884 134.700 0.032 0.00000 -1 ACTUAL_TF
15.8924 0.0342157 -1.7139197 0.6591674 -0.45146351 0.74377041 -0.43213756 -0.23715692 0.003618 1789353520.482239962 49.110 134.474 0.020 0.00000 -1 ACTUAL_TF
15.9427 0.0342108 -1.7137585 0.6591687 -0.45145937 0.74377189 -0.43213895 -0.23715763 0.003397 1789353520.538192511 49.271 134.313 0.019 0.00000 -1 ACTUAL_TF
15.9990 0.0342060 -1.7135461 0.6591693 -0.45146293 0.74377351 -0.43213427 -0.23715431 0.003516 1789353520.594205141 49.484 134.101 0.018 0.00000 -1 ACTUAL_TF
16.0607 0.0342097 -1.7133732 0.6591688 -0.45146386 0.74377618 -0.43213157 -0.23714907 0.003386 1789353520.650319338 49.656 133.928 0.023 0.00000 -1 ACTUAL_TF
16.1259 0.0341939 -1.7131331 0.6591586 -0.45146492 0.74378675 -0.43211619 -0.23714193 0.003661 1789353520.706293106 49.897 133.688 0.011 0.00000 -1 ACTUAL_TF
16.1740 0.0341866 -1.7129343 0.6591681 -0.45145771 0.74378734 -0.43212211 -0.23714302 0.003620 1789353520.762798786 50.096 133.489 0.010 0.00000 -1 ACTUAL_TF
16.2339 0.0341779 -1.7127430 0.6591623 -0.45145824 0.74379329 -0.43211407 -0.23713799 0.003570 1789353520.818257332 50.287 133.297 0.007 0.00000 -1 ACTUAL_TF
16.2871 0.0341695 -1.7125274 0.6591646 -0.45145542 0.74379654 -0.43211266 -0.23713575 0.003654 1789353520.874330997 50.503 133.081 0.005 0.00000 -1 ACTUAL_TF
16.3376 0.0341583 -1.7123558 0.6591639 -0.45145512 0.74379662 -0.43211108 -0.23713896 0.003478 1789353520.930352211 50.675 132.910 0.008 0.00000 -1 ACTUAL_TF
16.3910 0.0341612 -1.7121522 0.6591712 -0.45144888 0.74379880 -0.43211599 -0.23713506 0.003527 1789353520.986338854 50.878 132.706 0.006 0.00000 -1 ACTUAL_TF
16.4558 0.0341650 -1.7119816 0.6591689 -0.45144929 0.74380072 -0.43211460 -0.23713076 0.003378 1789353521.042619944 51.049 132.536 0.015 0.00000 -1 ACTUAL_TF
16.5086 0.0341573 -1.7117616 0.6591732 -0.45144588 0.74380203 -0.43211576 -0.23713103 0.003550 1789353521.098361492 51.269 132.316 0.013 0.00000 -1 ACTUAL_TF
16.5595 0.0341476 -1.7115445 0.6591702 -0.45144823 0.74380430 -0.43211020 -0.23712957 0.003649 1789353521.154352188 51.486 132.098 0.014 0.00000 -1 ACTUAL_TF
16.6199 0.0341520 -1.7113683 0.6591728 -0.45144950 0.74380344 -0.43211162 -0.23712725 0.003499 1789353521.210369110 51.662 131.922 0.020 0.00000 -1 ACTUAL_TF
16.6799 0.0341591 -1.7111838 0.6591877 -0.45144545 0.74379900 -0.43212266 -0.23712879 0.003442 1789353521.266299725 51.846 131.738 0.030 0.00000 -1 ACTUAL_TF
16.7316 0.0341466 -1.7110149 0.6591961 -0.45144432 0.74379400 -0.43212835 -0.23713623 0.003313 1789353521.322635651 52.016 131.569 0.024 0.00000 -1 ACTUAL_TF
16.7840 0.0341350 -1.7107859 0.6591834 -0.45144687 0.74380154 -0.43211618 -0.23712993 0.003554 1789353521.378443480 52.245 131.340 0.018 0.00000 -1 ACTUAL_TF
16.8391 0.0341346 -1.7106362 0.6592006 -0.45144043 0.74379342 -0.43213252 -0.23713787 0.003295 1789353521.434436321 52.395 131.190 0.022 0.00000 -1 ACTUAL_TF
16.8934 0.0341327 -1.7104192 0.6592023 -0.45144400 0.74379053 -0.43213334 -0.23713864 0.003472 1789353521.490304947 52.612 130.973 0.026 0.00000 -1 ACTUAL_TF
16.9537 0.0341249 -1.7102343 0.6591976 -0.45144562 0.74379589 -0.43212451 -0.23713485 0.003422 1789353521.546281338 52.797 130.788 0.022 0.00000 -1 ACTUAL_TF
17.0061 0.0341219 -1.7100217 0.6591977 -0.45144848 0.74379572 -0.43212251 -0.23713360 0.003533 1789353521.602366209 53.009 130.575 0.025 0.00000 -1 ACTUAL_TF
17.0702 0.0341201 -1.7098294 0.6592095 -0.45144440 0.74379343 -0.43212968 -0.23713546 0.003503 1789353521.658502579 53.202 130.383 0.029 0.00000 -1 ACTUAL_TF
17.1196 0.0341091 -1.7096575 0.6592146 -0.45144473 0.74378754 -0.43213472 -0.23714412 0.003376 1789353521.714428425 53.374 130.211 0.024 0.00000 -1 ACTUAL_TF
17.1804 0.0340973 -1.7094497 0.6592130 -0.45144429 0.74378824 -0.43213330 -0.23714536 0.003478 1789353521.770433903 53.582 130.003 0.017 0.00000 -1 ACTUAL_TF
17.2344 0.0340902 -1.7092796 0.6592218 -0.45144177 0.74378407 -0.43214035 -0.23715037 0.003348 1789353521.826421261 53.752 129.832 0.018 0.00000 -1 ACTUAL_TF
17.2936 0.0340748 -1.7090629 0.6592128 -0.45144301 0.74378696 -0.43213413 -0.23715030 0.003509 1789353521.882393122 53.969 129.615 0.004 0.00000 -1 ACTUAL_TF
17.3432 0.0340588 -1.7088781 0.6592123 -0.45144599 0.74378703 -0.43212950 -0.23715284 0.003453 1789353521.938211441 54.154 129.430 0.007 0.00000 -1 ACTUAL_TF
17.4036 0.0340553 -1.7086844 0.6592188 -0.45144436 0.74378546 -0.43213260 -0.23715524 0.003453 1789353521.994370222 54.348 129.236 0.005 0.00000 -1 ACTUAL_TF
17.4605 0.0340476 -1.7084820 0.6592235 -0.45144380 0.74378746 -0.43213039 -0.23715402 0.003489 1789353522.051067352 54.550 129.034 0.008 0.00000 -1 ACTUAL_TF
17.5064 0.0340237 -1.7082800 0.6592073 -0.45145074 0.74379594 -0.43211078 -0.23714997 0.003550 1789353522.106341362 54.753 128.832 0.029 0.00000 -1 ACTUAL_TF
17.5676 0.0340164 -1.7080728 0.6592159 -0.45144741 0.74379511 -0.43211489 -0.23715140 0.003589 1789353522.162708759 54.960 128.624 0.028 0.00000 -1 ACTUAL_TF
17.6305 0.0340081 -1.7078873 0.6592093 -0.45144590 0.74380124 -0.43210813 -0.23714736 0.003511 1789353522.218527079 55.146 128.439 0.035 0.00000 -1 ACTUAL_TF
17.6843 0.0340050 -1.7076850 0.6592206 -0.45144527 0.74379666 -0.43211471 -0.23715095 0.003548 1789353522.274317503 55.348 128.236 0.029 0.00000 -1 ACTUAL_TF
17.7367 0.0340048 -1.7075061 0.6592182 -0.45144917 0.74379968 -0.43210774 -0.23714676 0.003441 1789353522.330322504 55.527 128.057 0.027 0.00000 -1 ACTUAL_TF
17.7887 0.0339981 -1.7073071 0.6592298 -0.45144009 0.74379687 -0.43211974 -0.23715098 0.003474 1789353522.386511326 55.726 127.858 0.025 0.00000 -1 ACTUAL_TF
17.8469 0.0339883 -1.7071122 0.6592193 -0.45144898 0.74380320 -0.43210314 -0.23714445 0.003482 1789353522.442361593 55.921 127.663 0.033 0.00000 -1 ACTUAL_TF
17.9056 0.0339891 -1.7069108 0.6592277 -0.45144154 0.74380274 -0.43211209 -0.23714374 0.003516 1789353522.498387814 56.123 127.462 0.025 0.00000 -1 ACTUAL_TF
17.9611 0.0339815 -1.7066812 0.6592235 -0.45145078 0.74380173 -0.43210447 -0.23714321 0.003693 1789353522.554356098 56.352 127.232 0.030 0.00000 -1 ACTUAL_TF
18.0286 0.0339736 -1.7065200 0.6592326 -0.45144530 0.74380062 -0.43210994 -0.23714716 0.003451 1789353522.610355854 56.514 127.071 0.029 0.00000 -1 ACTUAL_TF
18.0781 0.0339666 -1.7062988 0.6592238 -0.45145246 0.74380327 -0.43209937 -0.23714448 0.003602 1789353522.666370869 56.735 126.849 0.036 0.00000 -1 ACTUAL_TF
18.1308 0.0339720 -1.7061401 0.6592324 -0.45145142 0.74380065 -0.43210508 -0.23714426 0.003373 1789353522.722386599 56.894 126.691 0.024 0.00000 -1 ACTUAL_TF
18.1838 0.0339746 -1.7059342 0.6592394 -0.45145720 0.74379659 -0.43210590 -0.23714452 0.003466 1789353522.778312683 57.099 126.485 0.015 0.00000 -1 ACTUAL_TF
18.2399 0.0339653 -1.7057667 0.6592534 -0.45145288 0.74378904 -0.43211845 -0.23715355 0.003320 1789353522.834827900 57.267 126.317 0.015 0.00000 -1 ACTUAL_TF
18.2927 0.0339637 -1.7055583 0.6592613 -0.45145140 0.74378489 -0.43212518 -0.23715713 0.003453 1789353522.890265942 57.476 126.109 0.012 0.00000 -1 ACTUAL_TF
18.3534 0.0339632 -1.7053801 0.6592636 -0.45145482 0.74378035 -0.43212819 -0.23715937 0.003369 1789353522.946388483 57.654 125.931 0.008 0.00000 -1 ACTUAL_TF
18.4147 0.0339701 -1.7051727 0.6592688 -0.45145457 0.74377879 -0.43213210 -0.23715760 0.003470 1789353523.002397776 57.861 125.723 0.010 0.00000 -1 ACTUAL_TF
18.4648 0.0339693 -1.7049660 0.6592717 -0.45145941 0.74377298 -0.43213526 -0.23716086 0.003537 1789353523.058412552 58.068 125.517 0.014 0.00000 -1 ACTUAL_TF
18.5219 0.0339775 -1.7047987 0.6592787 -0.45145816 0.74377145 -0.43214061 -0.23715829 0.003375 1789353523.114294767 58.235 125.350 0.028 0.00000 -1 ACTUAL_TF
18.5765 0.0339713 -1.7045805 0.6592868 -0.45145794 0.74376859 -0.43214405 -0.23716139 0.003533 1789353523.170277596 58.453 125.131 0.031 0.00000 -1 ACTUAL_TF
18.6344 0.0339663 -1.7044292 0.6593026 -0.45144554 0.74376629 -0.43215810 -0.23716664 0.003288 1789353523.226316690 58.605 124.980 0.040 0.00000 -1 ACTUAL_TF
18.6868 0.0339568 -1.7042018 0.6593003 -0.45144756 0.74376852 -0.43215340 -0.23716435 0.003519 1789353523.282407761 58.832 124.752 0.034 0.00000 -1 ACTUAL_TF
18.7456 0.0339535 -1.7040394 0.6593054 -0.45144411 0.74376726 -0.43215789 -0.23716668 0.003334 1789353523.338389158 58.995 124.590 0.037 0.00000 -1 ACTUAL_TF
18.8046 0.0339472 -1.7038225 0.6593053 -0.45144932 0.74376664 -0.43215386 -0.23716606 0.003492 1789353523.394601822 59.212 124.373 0.035 0.00000 -1 ACTUAL_TF
18.8577 0.0339409 -1.7035988 0.6592949 -0.45145302 0.74377351 -0.43214181 -0.23715941 0.003650 1789353523.450363398 59.435 124.149 0.025 0.00000 -1 ACTUAL_TF
18.9134 0.0339448 -1.7034384 0.6593015 -0.45144334 0.74377830 -0.43214701 -0.23715334 0.003417 1789353523.506237984 59.596 123.989 0.035 0.00000 -1 ACTUAL_TF
18.9703 0.0339375 -1.7032033 0.6592976 -0.45145302 0.74378027 -0.43213571 -0.23714934 0.003647 1789353523.562442064 59.831 123.754 0.031 0.00000 -1 ACTUAL_TF
19.0294 0.0339312 -1.7030045 0.6592918 -0.45145456 0.74378993 -0.43212260 -0.23713999 0.003622 1789353523.618294001 60.030 123.555 0.028 0.00000 -1 ACTUAL_TF
19.0782 0.0339252 -1.7027974 0.6592950 -0.45145263 0.74379156 -0.43212271 -0.23713837 0.003640 1789353523.674560070 60.237 123.348 0.027 0.00000 -1 ACTUAL_TF
19.1360 0.0339149 -1.7026291 0.6592964 -0.45145376 0.74379071 -0.43212176 -0.23714059 0.003450 1789353523.730660915 60.405 123.179 0.022 0.00000 -1 ACTUAL_TF
19.1973 0.0339095 -1.7024193 0.6592962 -0.45145615 0.74378964 -0.43212044 -0.23714180 0.003543 1789353523.786458492 60.615 122.969 0.022 0.00000 -1 ACTUAL_TF
19.2604 0.0339117 -1.7022461 0.6592997 -0.45145232 0.74379290 -0.43212174 -0.23713652 0.003407 1789353523.842558622 60.788 122.796 0.029 0.00000 -1 ACTUAL_TF
19.3034 0.0338924 -1.7020143 0.6592993 -0.45145646 0.74379492 -0.43211317 -0.23713791 0.003625 1789353523.898852825 61.020 122.564 0.016 0.00000 -1 ACTUAL_TF
19.3630 0.0338866 -1.7017998 0.6592933 -0.45146000 0.74379531 -0.43210950 -0.23713664 0.003699 1789353523.954282284 61.235 122.349 0.019 0.00000 -1 ACTUAL_TF
19.4176 0.0338826 -1.7016206 0.6592962 -0.45145933 0.74379656 -0.43210865 -0.23713556 0.003549 1789353524.010303974 61.414 122.170 0.019 0.00000 -1 ACTUAL_TF
19.4743 0.0338866 -1.7014320 0.6593049 -0.45145910 0.74379413 -0.43211280 -0.23713605 0.003495 1789353524.066342831 61.603 121.982 0.026 0.00000 -1 ACTUAL_TF
19.5313 0.0338758 -1.7012406 0.6592967 -0.45146345 0.74379877 -0.43210251 -0.23713196 0.003473 1789353524.122440815 61.794 121.790 0.024 0.00000 -1 ACTUAL_TF
19.5891 0.0338708 -1.7010199 0.6592914 -0.45147099 0.74380223 -0.43209164 -0.23712655 0.003615 1789353524.178393841 62.015 121.569 0.030 0.00000 -1 ACTUAL_TF
19.6380 0.0338682 -1.7008430 0.6592979 -0.45146904 0.74379757 -0.43209928 -0.23713096 0.003476 1789353524.234547615 62.192 121.392 0.029 0.00000 -1 ACTUAL_TF
19.6979 0.0338637 -1.7006439 0.6593078 -0.45146693 0.74379719 -0.43210218 -0.23713088 0.003503 1789353524.290476561 62.391 121.193 0.027 0.00000 -1 ACTUAL_TF
19.7481 0.0338731 -1.7004850 0.6593725 -0.45145052 0.74377738 -0.43214383 -0.23714837 0.003373 1789353524.346425295 62.550 121.034 0.066 0.00000 -1 ACTUAL_TF
19.8098 0.0338840 -1.7003473 0.6594098 -0.45144500 0.74378131 -0.43214727 -0.23714029 0.003129 1789353524.402371168 62.688 120.896 0.104 0.00000 -1 ACTUAL_TF
19.8708 0.0338672 -1.7001141 0.6593894 -0.45145425 0.74378115 -0.43213650 -0.23714278 0.003448 1789353524.458335161 62.922 120.663 0.078 0.00000 -1 ACTUAL_TF
19.9179 0.0338490 -1.6999268 0.6593763 -0.45145700 0.74378228 -0.43213055 -0.23714488 0.003425 1789353524.514328957 63.109 120.475 0.058 0.00000 -1 ACTUAL_TF
19.9755 0.0338408 -1.6997122 0.6593655 -0.45145058 0.74378418 -0.43213379 -0.23714523 0.003547 1789353524.570429087 63.324 120.261 0.046 0.00000 -1 ACTUAL_TF
20.0455 0.0338260 -1.6995097 0.6593480 -0.45145959 0.74378455 -0.43212350 -0.23714565 0.003576 1789353524.626332521 63.526 120.058 0.025 0.00000 -1 ACTUAL_TF
20.0914 0.0338191 -1.6992957 0.6593395 -0.45145940 0.74378376 -0.43212468 -0.23714634 0.003650 1789353524.682410955 63.740 119.844 0.018 0.00000 -1 ACTUAL_TF
20.1480 0.0338108 -1.6991215 0.6593377 -0.45145722 0.74377814 -0.43213257 -0.23715376 0.003486 1789353524.738621473 63.915 119.670 0.014 0.00000 -1 ACTUAL_TF
20.2029 0.0338057 -1.6989370 0.6593494 -0.45144624 0.74377658 -0.43214513 -0.23715665 0.003429 1789353524.794682503 64.099 119.485 0.018 0.00000 -1 ACTUAL_TF
20.2613 0.0337978 -1.6987264 0.6593498 -0.45144484 0.74377442 -0.43214849 -0.23715997 0.003535 1789353524.850418568 64.310 119.274 0.015 0.00000 -1 ACTUAL_TF
20.3104 0.0337856 -1.6985407 0.6593513 -0.45144381 0.74377689 -0.43214531 -0.23715997 0.003473 1789353524.906331301 64.496 119.088 0.009 0.00000 -1 ACTUAL_TF
20.3757 0.0337741 -1.6983398 0.6593614 -0.45143773 0.74377884 -0.43214767 -0.23716113 0.003510 1789353524.962372065 64.697 118.887 0.015 0.00000 -1 ACTUAL_TF
20.4231 0.0337728 -1.6981514 0.6593630 -0.45144086 0.74378546 -0.43213803 -0.23715199 0.003466 1789353525.018350363 64.886 118.699 0.015 0.00000 -1 ACTUAL_TF
20.4847 0.0337644 -1.6979305 0.6593560 -0.45144655 0.74378891 -0.43212789 -0.23714879 0.003612 1789353525.074331760 65.107 118.478 0.005 0.00000 -1 ACTUAL_TF
20.5444 0.0337559 -1.6977412 0.6593455 -0.45144921 0.74379796 -0.43211384 -0.23714095 0.003543 1789353525.130460978 65.296 118.288 0.009 0.00000 -1 ACTUAL_TF
20.6028 0.0337580 -1.6975316 0.6593477 -0.45145143 0.74379581 -0.43211655 -0.23713853 0.003595 1789353525.186838865 65.505 118.079 0.010 0.00000 -1 ACTUAL_TF
20.6533 0.0337412 -1.6972987 0.6593409 -0.45145314 0.74380366 -0.43210391 -0.23713368 0.003780 1789353525.242309093 65.739 117.846 0.019 0.00000 -1 ACTUAL_TF
20.7042 0.0337614 -1.6971799 0.6593990 -0.45144171 0.74379593 -0.43212794 -0.23713590 0.003360 1789353525.298518419 65.857 117.727 0.042 0.00000 -1 ACTUAL_TF
20.7671 0.0337511 -1.6969543 0.6593931 -0.45144307 0.74380077 -0.43212020 -0.23713225 0.003563 1789353525.354494333 66.083 117.501 0.033 0.00000 -1 ACTUAL_TF
20.8202 0.0337390 -1.6967555 0.6593829 -0.45145042 0.74380228 -0.43211073 -0.23713078 0.003565 1789353525.410372734 66.282 117.302 0.018 0.00000 -1 ACTUAL_TF
20.8748 0.0337312 -1.6965278 0.6593661 -0.45145548 0.74380596 -0.43210054 -0.23712819 0.003719 1789353525.466402054 66.510 117.075 0.007 0.00000 -1 ACTUAL_TF
20.9342 0.0337300 -1.6963578 0.6593590 -0.45145838 0.74380389 -0.43210086 -0.23712854 0.003506 1789353525.522951841 66.680 116.905 0.015 0.00000 -1 ACTUAL_TF
20.9856 0.0337167 -1.6961459 0.6593522 -0.45145462 0.74381092 -0.43209473 -0.23712484 0.003605 1789353525.578333855 66.892 116.693 0.022 0.00000 -1 ACTUAL_TF
21.0442 0.0337055 -1.6959593 0.6593466 -0.45145869 0.74380796 -0.43209313 -0.23712929 0.003523 1789353525.634447336 67.078 116.506 0.030 0.00000 -1 ACTUAL_TF
21.1003 0.0336952 -1.6957568 0.6593548 -0.45145803 0.74380547 -0.43209577 -0.23713355 0.003554 1789353525.690433502 67.281 116.303 0.025 0.00000 -1 ACTUAL_TF
21.1526 0.0337386 -1.6956551 0.6595101 -0.45143385 0.74378181 -0.43215570 -0.23714457 0.003510 1789353525.746342897 67.384 116.201 0.136 0.00000 -1 ACTUAL_TF
21.2152 0.0337363 -1.6954955 0.6595385 -0.45143472 0.74377915 -0.43215838 -0.23714637 0.003325 1789353525.802409410 67.544 116.041 0.162 0.00000 -1 ACTUAL_TF
21.2656 0.0337168 -1.6952662 0.6595107 -0.45144202 0.74378240 -0.43214493 -0.23714679 0.003570 1789353525.858376026 67.773 115.811 0.129 0.00000 -1 ACTUAL_TF
21.3313 0.0337107 -1.6950719 0.6594919 -0.45144676 0.74378213 -0.43214095 -0.23714587 0.003519 1789353525.915803432 67.967 115.617 0.108 0.00000 -1 ACTUAL_TF
21.3823 0.0336872 -1.6948409 0.6594717 -0.45144814 0.74378452 -0.43213323 -0.23714981 0.003747 1789353525.970293283 68.198 115.386 0.082 0.00000 -1 ACTUAL_TF
21.4347 0.0336755 -1.6946723 0.6594625 -0.45144378 0.74378580 -0.43213429 -0.23715218 0.003527 1789353526.026411295 68.367 115.217 0.070 0.00000 -1 ACTUAL_TF
21.4862 0.0336620 -1.6944461 0.6594431 -0.45144641 0.74378748 -0.43212837 -0.23715267 0.003688 1789353526.082416058 68.593 114.991 0.048 0.00000 -1 ACTUAL_TF
21.5461 0.0336504 -1.6942635 0.6594296 -0.45144853 0.74378786 -0.43212505 -0.23715350 0.003567 1789353526.138234854 68.776 114.808 0.035 0.00000 -1 ACTUAL_TF
21.6017 0.0336203 -1.6940378 0.6594283 -0.45144179 0.74378637 -0.43212889 -0.23716401 0.003716 1789353526.194265604 69.002 114.582 0.046 0.00000 -1 ACTUAL_TF
21.6655 0.0336163 -1.6938381 0.6594266 -0.45143881 0.74378974 -0.43212774 -0.23716119 0.003670 1789353526.250346899 69.202 114.382 0.042 0.00000 -1 ACTUAL_TF
21.7197 0.0336136 -1.6936690 0.6594330 -0.45143498 0.74378181 -0.43214110 -0.23716903 0.003475 1789353526.306360006 69.371 114.213 0.043 0.00000 -1 ACTUAL_TF
21.7684 0.0335868 -1.6934287 0.6594100 -0.45144184 0.74378962 -0.43212179 -0.23716664 0.003735 1789353526.362286806 69.612 113.972 0.053 0.00000 -1 ACTUAL_TF
21.8257 0.0335875 -1.6932746 0.6594167 -0.45143749 0.74378336 -0.43213388 -0.23717255 0.003439 1789353526.418451071 69.766 113.818 0.049 0.00000 -1 ACTUAL_TF
21.8803 0.0335801 -1.6930481 0.6594093 -0.45145000 0.74378366 -0.43212133 -0.23717066 0.003624 1789353526.474332333 69.992 113.592 0.049 0.00000 -1 ACTUAL_TF
21.9406 0.0335789 -1.6928680 0.6594147 -0.45144330 0.74379077 -0.43212009 -0.23716339 0.003501 1789353526.530433178 70.173 113.412 0.045 0.00000 -1 ACTUAL_TF
21.9922 0.0335840 -1.6926631 0.6594237 -0.45145103 0.74378654 -0.43211944 -0.23716311 0.003552 1789353526.586304665 70.377 113.207 0.035 0.00000 -1 ACTUAL_TF
22.0551 0.0335773 -1.6924497 0.6594307 -0.45145587 0.74378495 -0.43211720 -0.23716296 0.003630 1789353526.642343283 70.591 112.993 0.037 0.00000 -1 ACTUAL_TF
22.1032 0.0335736 -1.6922605 0.6594279 -0.45145870 0.74378719 -0.43211212 -0.23715980 0.003555 1789353526.698331356 70.780 112.804 0.034 0.00000 -1 ACTUAL_TF
22.1672 0.0335711 -1.6920446 0.6594294 -0.45146304 0.74378813 -0.43210749 -0.23715703 0.003646 1789353526.754314899 70.996 112.588 0.031 0.00000 -1 ACTUAL_TF
22.2151 0.0335675 -1.6918879 0.6594392 -0.45146022 0.74378429 -0.43211465 -0.23716140 0.003392 1789353526.810408831 71.153 112.431 0.032 0.00000 -1 ACTUAL_TF
22.2730 0.0335619 -1.6916601 0.6594267 -0.45146358 0.74379234 -0.43210150 -0.23715373 0.003602 1789353526.866194248 71.381 112.204 0.029 0.00000 -1 ACTUAL_TF
22.3326 0.0335607 -1.6914676 0.6594228 -0.45147024 0.74378990 -0.43209933 -0.23715266 0.003550 1789353526.922314405 71.573 112.011 0.027 0.00000 -1 ACTUAL_TF
22.3963 0.0335642 -1.6912571 0.6594262 -0.45147118 0.74378853 -0.43210173 -0.23715078 0.003611 1789353526.978399754 71.783 111.801 0.018 0.00000 -1 ACTUAL_TF
22.4494 0.0335648 -1.6910659 0.6594201 -0.45147678 0.74379245 -0.43209219 -0.23714520 0.003553 1789353527.034414291 71.974 111.610 0.020 0.00000 -1 ACTUAL_TF
22.4966 0.0335688 -1.6908514 0.6594201 -0.45147771 0.74379433 -0.43209083 -0.23714001 0.003636 1789353527.090397358 72.189 111.396 0.020 0.00000 -1 ACTUAL_TF
22.5511 0.0335699 -1.6906512 0.6594245 -0.45148366 0.74379009 -0.43209113 -0.23714144 0.003619 1789353527.146359444 72.389 111.196 0.019 0.00000 -1 ACTUAL_TF
22.6095 0.0335631 -1.6904615 0.6594164 -0.45148347 0.74379633 -0.43208372 -0.23713573 0.003552 1789353527.202344179 72.579 111.006 0.029 0.00000 -1 ACTUAL_TF
22.6689 0.0335807 -1.6902757 0.6594549 -0.45147576 0.74378403 -0.43210995 -0.23714119 0.003505 1789353527.258427858 72.764 110.820 0.029 0.00000 -1 ACTUAL_TF
22.7178 0.0335757 -1.6901066 0.6594680 -0.45147967 0.74378490 -0.43210506 -0.23713994 0.003365 1789353527.314292431 72.934 110.651 0.033 0.00000 -1 ACTUAL_TF
22.7773 0.0335709 -1.6899031 0.6594702 -0.45147174 0.74378445 -0.43211343 -0.23714118 0.003444 1789353527.370391607 73.137 110.447 0.034 0.00000 -1 ACTUAL_TF
22.8379 0.0335571 -1.6897069 0.6594595 -0.45147719 0.74378601 -0.43210498 -0.23714131 0.003467 1789353527.426336527 73.333 110.251 0.021 0.00000 -1 ACTUAL_TF
22.8879 0.0335443 -1.6894963 0.6594500 -0.45147546 0.74378949 -0.43210068 -0.23714154 0.003554 1789353527.482555389 73.544 110.040 0.015 0.00000 -1 ACTUAL_TF
22.9485 0.0335432 -1.6893030 0.6594498 -0.45147113 0.74378706 -0.43210824 -0.23714362 0.003526 1789353527.538407564 73.737 109.847 0.020 0.00000 -1 ACTUAL_TF
22.9970 0.0335279 -1.6891142 0.6594443 -0.45147437 0.74378891 -0.43210130 -0.23714429 0.003484 1789353527.594376326 73.926 109.658 0.019 0.00000 -1 ACTUAL_TF
23.0597 0.0335221 -1.6889045 0.6594450 -0.45146883 0.74378467 -0.43211180 -0.23714901 0.003563 1789353527.650380850 74.136 109.448 0.021 0.00000 -1 ACTUAL_TF
23.1164 0.0335134 -1.6887232 0.6594489 -0.45146355 0.74378639 -0.43211384 -0.23714995 0.003467 1789353527.706349850 74.318 109.267 0.018 0.00000 -1 ACTUAL_TF
23.1663 0.0335097 -1.6885418 0.6594759 -0.45145286 0.74377467 -0.43213837 -0.23716235 0.003409 1789353527.762390614 74.499 109.085 0.008 0.00000 -1 ACTUAL_TF
23.2258 0.0335308 -1.6884141 0.6595504 -0.45144861 0.74376582 -0.43215757 -0.23716321 0.003186 1789353527.818429947 74.628 108.957 0.085 0.00000 -1 ACTUAL_TF
23.2863 0.0335154 -1.6881931 0.6595370 -0.45145029 0.74377040 -0.43214897 -0.23716132 0.003421 1789353527.874336720 74.849 108.736 0.067 0.00000 -1 ACTUAL_TF
23.3321 0.0335035 -1.6880063 0.6595211 -0.45144416 0.74377912 -0.43214278 -0.23715693 0.003400 1789353527.930364370 75.035 108.549 0.047 0.00000 -1 ACTUAL_TF
23.3915 0.0334924 -1.6877768 0.6595052 -0.45145029 0.74377966 -0.43213557 -0.23715670 0.003615 1789353527.986305952 75.265 108.319 0.028 0.00000 -1 ACTUAL_TF
23.4483 0.0334821 -1.6875323 0.6594803 -0.45145452 0.74379235 -0.43211552 -0.23714536 0.003849 1789353528.042292118 75.509 108.075 0.005 0.00000 -1 ACTUAL_TF
23.5077 0.0334762 -1.6873560 0.6594698 -0.45145154 0.74379489 -0.43211452 -0.23714491 0.003638 1789353528.098465204 75.686 107.899 0.014 0.00000 -1 ACTUAL_TF
23.5562 0.0334666 -1.6871268 0.6594517 -0.45145267 0.74380079 -0.43210548 -0.23714072 0.003781 1789353528.154392719 75.915 107.670 0.035 0.00000 -1 ACTUAL_TF
23.6191 0.0334718 -1.6869606 0.6594597 -0.45145440 0.74379285 -0.43211493 -0.23714513 0.003539 1789353528.210390329 76.081 107.503 0.031 0.00000 -1 ACTUAL_TF
23.6785 0.0334647 -1.6867450 0.6594559 -0.45145191 0.74379786 -0.43211137 -0.23714065 0.003633 1789353528.266388655 76.296 107.288 0.037 0.00000 -1 ACTUAL_TF
23.7308 0.0334739 -1.6865812 0.6594813 -0.45144951 0.74379486 -0.43211927 -0.23714020 0.003431 1789353528.322478056 76.460 107.124 0.026 0.00000 -1 ACTUAL_TF
23.7839 0.0334606 -1.6863463 0.6594760 -0.45144834 0.74379876 -0.43211458 -0.23713876 0.003661 1789353528.378532410 76.695 106.889 0.026 0.00000 -1 ACTUAL_TF
23.8412 0.0334505 -1.6861133 0.6594589 -0.45145056 0.74380615 -0.43210273 -0.23713293 0.003817 1789353528.434470415 76.928 106.656 0.042 0.00000 -1 ACTUAL_TF
23.8972 0.0334527 -1.6859608 0.6594702 -0.45144502 0.74380064 -0.43211557 -0.23713739 0.003490 1789353528.490500450 77.081 106.504 0.036 0.00000 -1 ACTUAL_TF
23.9523 0.0334378 -1.6857420 0.6594608 -0.45144371 0.74380704 -0.43210730 -0.23713486 0.003621 1789353528.546418905 77.300 106.285 0.044 0.00000 -1 ACTUAL_TF
24.0129 0.0334360 -1.6855713 0.6594607 -0.45144311 0.74380824 -0.43210694 -0.23713289 0.003449 1789353528.602425814 77.470 106.114 0.047 0.00000 -1 ACTUAL_TF
24.0631 0.0334304 -1.6853444 0.6594488 -0.45144608 0.74381416 -0.43209740 -0.23712604 0.003633 1789353528.658381224 77.697 105.887 0.062 0.00000 -1 ACTUAL_TF
24.1207 0.0334163 -1.6851589 0.6594485 -0.45144299 0.74381884 -0.43209299 -0.23712531 0.003538 1789353528.714483738 77.883 105.701 0.063 0.00000 -1 ACTUAL_TF
24.1766 0.0334087 -1.6849365 0.6594532 -0.45144430 0.74381924 -0.43209146 -0.23712434 0.003671 1789353528.770355701 78.106 105.479 0.061 0.00000 -1 ACTUAL_TF
24.2374 0.0334037 -1.6847770 0.6594597 -0.45143665 0.74381928 -0.43209809 -0.23712670 0.003427 1789353528.826265335 78.265 105.319 0.056 0.00000 -1 ACTUAL_TF
24.2866 0.0333972 -1.6845807 0.6594741 -0.45143747 0.74381258 -0.43210524 -0.23713312 0.003452 1789353528.882377148 78.462 105.122 0.044 0.00000 -1 ACTUAL_TF
24.3461 0.0333861 -1.6843581 0.6594669 -0.45143972 0.74381793 -0.43209559 -0.23712966 0.003610 1789353528.938427925 78.685 104.900 0.055 0.00000 -1 ACTUAL_TF
24.4077 0.0333825 -1.6842070 0.6594785 -0.45143406 0.74381245 -0.43210751 -0.23713589 0.003341 1789353528.994334698 78.836 104.748 0.045 0.00000 -1 ACTUAL_TF
24.4541 0.0333751 -1.6839872 0.6594815 -0.45143488 0.74381202 -0.43210744 -0.23713580 0.003516 1789353529.050368309 79.056 104.529 0.045 0.00000 -1 ACTUAL_TF
24.5075 0.0333654 -1.6838147 0.6594913 -0.45143322 0.74380713 -0.43211369 -0.23714290 0.003389 1789353529.106328726 79.229 104.356 0.038 0.00000 -1 ACTUAL_TF
24.5681 0.0333553 -1.6836050 0.6594973 -0.45143390 0.74380470 -0.43211548 -0.23714598 0.003489 1789353529.162731171 79.439 104.146 0.036 0.00000 -1 ACTUAL_TF
24.6290 0.0333570 -1.6834619 0.6595239 -0.45141728 0.74380159 -0.43213624 -0.23714955 0.003228 1789353529.218311787 79.582 104.002 0.012 0.00000 -1 ACTUAL_TF
24.6822 0.0333492 -1.6832530 0.6595290 -0.45142688 0.74379487 -0.43213427 -0.23715591 0.003382 1789353529.274217367 79.791 103.793 0.012 0.00000 -1 ACTUAL_TF
24.7436 0.0333499 -1.6830993 0.6595394 -0.45142749 0.74378668 -0.43214474 -0.23716139 0.003192 1789353529.330247164 79.945 103.640 0.006 0.00000 -1 ACTUAL_TF
24.7937 0.0333441 -1.6828743 0.6595314 -0.45142892 0.74379359 -0.43213501 -0.23715470 0.003441 1789353529.386268854 80.170 103.415 0.010 0.00000 -1 ACTUAL_TF
24.8499 0.0333409 -1.6826481 0.6595331 -0.45143610 0.74379036 -0.43213245 -0.23715586 0.003620 1789353529.442277908 80.396 103.188 0.010 0.00000 -1 ACTUAL_TF
24.9040 0.0333335 -1.6824505 0.6595227 -0.45144054 0.74379696 -0.43211975 -0.23714985 0.003592 1789353529.498456240 80.594 102.991 0.023 0.00000 -1 ACTUAL_TF
24.9653 0.0333433 -1.6822579 0.6595273 -0.45144297 0.74379378 -0.43212377 -0.23714786 0.003544 1789353529.554621458 80.786 102.799 0.023 0.00000 -1 ACTUAL_TF
25.0247 0.0333267 -1.6820698 0.6595252 -0.45144665 0.74379652 -0.43211471 -0.23714876 0.003495 1789353529.610484123 80.974 102.610 0.025 0.00000 -1 ACTUAL_TF
25.0763 0.0333211 -1.6818568 0.6595322 -0.45144556 0.74380073 -0.43211128 -0.23714387 0.003591 1789353529.666390896 81.187 102.397 0.020 0.00000 -1 ACTUAL_TF
25.1364 0.0333195 -1.6816851 0.6595361 -0.45144217 0.74380358 -0.43211183 -0.23714038 0.003434 1789353529.722371340 81.359 102.225 0.019 0.00000 -1 ACTUAL_TF
25.1815 0.0333110 -1.6814554 0.6595323 -0.45144781 0.74380340 -0.43210624 -0.23714040 0.003635 1789353529.778401375 81.589 101.995 0.025 0.00000 -1 ACTUAL_TF
25.2414 0.0333093 -1.6812463 0.6595336 -0.45144080 0.74380784 -0.43210823 -0.23713620 0.003664 1789353529.834418774 81.798 101.786 0.027 0.00000 -1 ACTUAL_TF
25.3025 0.0333007 -1.6810496 0.6595269 -0.45144840 0.74380914 -0.43209917 -0.23713416 0.003622 1789353529.890306711 81.995 101.590 0.036 0.00000 -1 ACTUAL_TF
25.3547 0.0333008 -1.6808478 0.6595343 -0.45144446 0.74380968 -0.43210306 -0.23713290 0.003617 1789353529.946337223 82.196 101.388 0.032 0.00000 -1 ACTUAL_TF
25.4108 0.0332912 -1.6806628 0.6595295 -0.45144804 0.74381254 -0.43209512 -0.23713157 0.003523 1789353530.002432823 82.382 101.203 0.038 0.00000 -1 ACTUAL_TF
25.4647 0.0332888 -1.6804620 0.6595359 -0.45144875 0.74380799 -0.43210062 -0.23713445 0.003543 1789353530.058375835 82.582 101.002 0.035 0.00000 -1 ACTUAL_TF
25.5298 0.0332814 -1.6802785 0.6595368 -0.45144999 0.74381002 -0.43209693 -0.23713246 0.003463 1789353530.114446878 82.766 100.818 0.036 0.00000 -1 ACTUAL_TF
25.5848 0.0332699 -1.6800657 0.6595423 -0.45145297 0.74380389 -0.43210028 -0.23713990 0.003566 1789353530.170473337 82.979 100.605 0.033 0.00000 -1 ACTUAL_TF
25.6314 0.0332654 -1.6798911 0.6595463 -0.45145270 0.74380476 -0.43209981 -0.23713856 0.003435 1789353530.226294756 83.154 100.430 0.031 0.00000 -1 ACTUAL_TF
25.6946 0.0332592 -1.6797057 0.6595605 -0.45144859 0.74379671 -0.43211217 -0.23714911 0.003398 1789353530.282446623 83.339 100.245 0.019 0.00000 -1 ACTUAL_TF
25.7496 0.0332543 -1.6795109 0.6595706 -0.45144774 0.74379324 -0.43211685 -0.23715308 0.003426 1789353530.338384390 83.535 100.050 0.012 0.00000 -1 ACTUAL_TF
25.8013 0.0332462 -1.6793360 0.6595767 -0.45144658 0.74379244 -0.43211808 -0.23715553 0.003333 1789353530.394587278 83.710 99.875 0.009 0.00000 -1 ACTUAL_TF
25.8540 0.0332326 -1.6791193 0.6595798 -0.45144768 0.74379296 -0.43211506 -0.23715735 0.003498 1789353530.450492382 83.927 99.658 0.015 0.00000 -1 ACTUAL_TF
25.9124 0.0332320 -1.6789304 0.6595764 -0.45145396 0.74379296 -0.43211019 -0.23715424 0.003461 1789353530.506504774 84.115 99.469 0.015 0.00000 -1 ACTUAL_TF
25.9697 0.0332333 -1.6787282 0.6595855 -0.45144984 0.74378910 -0.43211981 -0.23715668 0.003509 1789353530.562377930 84.318 99.267 0.006 0.00000 -1 ACTUAL_TF
26.0280 0.0332308 -1.6785696 0.6595962 -0.45145343 0.74378233 -0.43212475 -0.23716207 0.003308 1789353530.618413448 84.476 99.108 0.002 0.00000 -1 ACTUAL_TF
26.0889 0.0332331 -1.6783576 0.6596034 -0.45144307 0.74378658 -0.43213118 -0.23715675 0.003453 1789353530.674325943 84.688 98.896 0.011 0.00000 -1 ACTUAL_TF
26.1404 0.0332223 -1.6781557 0.6596122 -0.45144722 0.74378101 -0.43213267 -0.23716360 0.003501 1789353530.730385065 84.891 98.694 0.014 0.00000 -1 ACTUAL_TF
26.1926 0.0332129 -1.6779740 0.6596125 -0.45145144 0.74378240 -0.43212593 -0.23716347 0.003425 1789353530.786403179 85.072 98.512 0.011 0.00000 -1 ACTUAL_TF
26.2547 0.0332098 -1.6777744 0.6596273 -0.45144356 0.74377862 -0.43213840 -0.23716762 0.003470 1789353530.842363596 85.272 98.312 0.024 0.00000 -1 ACTUAL_TF
26.3042 0.0332041 -1.6775774 0.6596200 -0.45144997 0.74378509 -0.43212497 -0.23715958 0.003485 1789353530.898426533 85.469 98.115 0.014 0.00000 -1 ACTUAL_TF
26.3579 0.0331974 -1.6773666 0.6596230 -0.45145148 0.74378319 -0.43212554 -0.23716165 0.003569 1789353530.954433680 85.680 97.904 0.014 0.00000 -1 ACTUAL_TF
26.4216 0.0332045 -1.6771926 0.6596209 -0.45145815 0.74378328 -0.43212114 -0.23715665 0.003431 1789353531.010457993 85.854 97.731 0.016 0.00000 -1 ACTUAL_TF
26.4712 0.0332021 -1.6769807 0.6596207 -0.45145236 0.74378918 -0.43212025 -0.23715082 0.003539 1789353531.066349268 86.066 97.519 0.017 0.00000 -1 ACTUAL_TF
26.5285 0.0332034 -1.6767824 0.6596127 -0.45146380 0.74379032 -0.43210954 -0.23714501 0.003541 1789353531.122337103 86.264 97.321 0.023 0.00000 -1 ACTUAL_TF
26.5890 0.0331949 -1.6765661 0.6596176 -0.45146450 0.74378993 -0.43210892 -0.23714600 0.003639 1789353531.178328276 86.480 97.104 0.020 0.00000 -1 ACTUAL_TF
26.6413 0.0331923 -1.6763474 0.6596147 -0.45146843 0.74379205 -0.43210316 -0.23714238 0.003717 1789353531.234403372 86.699 96.885 0.024 0.00000 -1 ACTUAL_TF
26.6962 0.0331876 -1.6761721 0.6596204 -0.45147250 0.74378579 -0.43210708 -0.23714711 0.003541 1789353531.290444613 86.874 96.710 0.024 0.00000 -1 ACTUAL_TF
26.7607 0.0331829 -1.6759576 0.6596179 -0.45147339 0.74378979 -0.43210157 -0.23714291 0.003629 1789353531.346412420 87.089 96.496 0.026 0.00000 -1 ACTUAL_TF
26.8098 0.0331832 -1.6757872 0.6596231 -0.45146893 0.74378991 -0.43210636 -0.23714231 0.003455 1789353531.402354717 87.259 96.325 0.030 0.00000 -1 ACTUAL_TF
26.8655 0.0331635 -1.6755471 0.6596176 -0.45147908 0.74378889 -0.43209641 -0.23714433 0.003705 1789353531.458514214 87.500 96.085 0.022 0.00000 -1 ACTUAL_TF
26.9238 0.0331622 -1.6753822 0.6596221 -0.45147480 0.74379013 -0.43209922 -0.23714342 0.003481 1789353531.514281273 87.664 95.920 0.023 0.00000 -1 ACTUAL_TF
26.9798 0.0331591 -1.6751790 0.6596273 -0.45147244 0.74378958 -0.43210248 -0.23714373 0.003525 1789353531.570317507 87.868 95.717 0.024 0.00000 -1 ACTUAL_TF
27.0382 0.0331542 -1.6749698 0.6596298 -0.45147296 0.74378941 -0.43210227 -0.23714363 0.003589 1789353531.626296043 88.077 95.507 0.025 0.00000 -1 ACTUAL_TF
27.0849 0.0331497 -1.6747889 0.6596331 -0.45147103 0.74378893 -0.43210533 -0.23714325 0.003482 1789353531.682326317 88.258 95.326 0.025 0.00000 -1 ACTUAL_TF
27.1486 0.0331409 -1.6745796 0.6596379 -0.45147202 0.74378624 -0.43210644 -0.23714776 0.003560 1789353531.738333464 88.468 95.117 0.022 0.00000 -1 ACTUAL_TF
27.1998 0.0331297 -1.6744009 0.6596449 -0.45146876 0.74378319 -0.43211272 -0.23715210 0.003452 1789353531.794313908 88.647 94.938 0.015 0.00000 -1 ACTUAL_TF
27.2588 0.0331299 -1.6742046 0.6596541 -0.45146214 0.74378202 -0.43212135 -0.23715264 0.003467 1789353531.850461006 88.843 94.741 0.021 0.00000 -1 ACTUAL_TF
27.3169 0.0331235 -1.6740480 0.6596649 -0.45145369 0.74378027 -0.43213088 -0.23715686 0.003269 1789353531.906389475 89.000 94.585 0.023 0.00000 -1 ACTUAL_TF
27.3658 0.0331135 -1.6738383 0.6596687 -0.45144973 0.74378166 -0.43213236 -0.23715734 0.003412 1789353531.962450266 89.210 94.375 0.021 0.00000 -1 ACTUAL_TF
27.4217 0.0331115 -1.6736605 0.6596759 -0.45145184 0.74377542 -0.43213877 -0.23716122 0.003343 1789353532.018352032 89.388 94.197 0.027 0.00000 -1 ACTUAL_TF
27.4780 0.0331124 -1.6734516 0.6596800 -0.45144903 0.74377617 -0.43214180 -0.23715871 0.003459 1789353532.074360609 89.596 93.988 0.032 0.00000 -1 ACTUAL_TF
27.5401 0.0331052 -1.6732478 0.6596868 -0.45143940 0.74377885 -0.43214766 -0.23715796 0.003516 1789353532.130307198 89.800 93.784 0.034 0.00000 -1 ACTUAL_TF
27.5892 0.0331014 -1.6730560 0.6596842 -0.45144314 0.74378031 -0.43214262 -0.23715543 0.003488 1789353532.186324835 89.992 93.592 0.032 0.00000 -1 ACTUAL_TF
27.6504 0.0330967 -1.6728464 0.6596895 -0.45143730 0.74378177 -0.43214682 -0.23715430 0.003565 1789353532.242345095 90.202 93.383 0.034 0.00000 -1 ACTUAL_TF
27.7045 0.0330963 -1.6726822 0.6596922 -0.45143375 0.74378476 -0.43214706 -0.23715124 0.003375 1789353532.298358917 90.366 93.218 0.038 0.00000 -1 ACTUAL_TF
27.7609 0.0330933 -1.6724790 0.6596980 -0.45143011 0.74378497 -0.43215076 -0.23715078 0.003451 1789353532.354382277 90.569 93.015 0.042 0.00000 -1 ACTUAL_TF
27.8213 0.0330794 -1.6722752 0.6596814 -0.45143153 0.74379763 -0.43213233 -0.23714196 0.003514 1789353532.410351038 90.773 92.811 0.024 0.00000 -1 ACTUAL_TF
27.8700 0.0330700 -1.6720502 0.6596779 -0.45143525 0.74380079 -0.43212522 -0.23713792 0.003668 1789353532.466291428 90.998 92.586 0.020 0.00000 -1 ACTUAL_TF
27.9201 0.0330668 -1.6718615 0.6596725 -0.45143452 0.74380833 -0.43211727 -0.23713013 0.003665 1789353532.517912626 91.187 92.397 0.022 0.00000 -1 ACTUAL_TF
27.9765 0.0330594 -1.6716979 0.6596774 -0.45143017 0.74380961 -0.43211914 -0.23713100 0.003503 1789353532.570371151 91.351 92.234 0.019 0.00000 -1 ACTUAL_TF
28.0339 0.0330545 -1.6714889 0.6596807 -0.45142780 0.74381118 -0.43211977 -0.23712943 0.003573 1789353532.626328707 91.560 92.025 0.020 0.00000 -1 ACTUAL_TF
28.0979 0.0330471 -1.6713183 0.6596854 -0.45142967 0.74380849 -0.43212049 -0.23713299 0.003414 1789353532.682425022 91.730 91.854 0.017 0.00000 -1 ACTUAL_TF
28.1462 0.0330338 -1.6710746 0.6596721 -0.45143379 0.74381669 -0.43210549 -0.23712677 0.003700 1789353532.738388777 91.974 91.610 0.019 0.00000 -1 ACTUAL_TF
28.1992 0.0330324 -1.6708759 0.6596840 -0.45143340 0.74381271 -0.43211189 -0.23712832 0.003657 1789353532.794374943 92.173 91.411 0.016 0.00000 -1 ACTUAL_TF
28.2612 0.0330241 -1.6706883 0.6596821 -0.45143562 0.74381516 -0.43210577 -0.23712758 0.003566 1789353532.850345373 92.361 91.224 0.015 0.00000 -1 ACTUAL_TF
28.3179 0.0330113 -1.6704788 0.6596866 -0.45143581 0.74381402 -0.43210584 -0.23713068 0.003623 1789353532.906245232 92.571 91.014 0.010 0.00000 -1 ACTUAL_TF
28.3669 0.0330096 -1.6703085 0.6596926 -0.45143278 0.74381325 -0.43211009 -0.23713110 0.003446 1789353532.962467432 92.741 90.843 0.009 0.00000 -1 ACTUAL_TF
28.4229 0.0329951 -1.6700917 0.6596891 -0.45143821 0.74381318 -0.43210352 -0.23713295 0.003578 1789353533.018357038 92.958 90.626 0.011 0.00000 -1 ACTUAL_TF
28.4824 0.0329908 -1.6699256 0.6596930 -0.45144299 0.74380999 -0.43210305 -0.23713474 0.003395 1789353533.074340820 93.124 90.460 0.009 0.00000 -1 ACTUAL_TF
28.5389 0.0329820 -1.6697021 0.6596946 -0.45144346 0.74381068 -0.43210110 -0.23713522 0.003576 1789353533.130307913 93.348 90.236 0.011 0.00000 -1 ACTUAL_TF
28.5990 0.0329735 -1.6695162 0.6596942 -0.45144785 0.74381065 -0.43209636 -0.23713562 0.003499 1789353533.186380148 93.534 90.050 0.015 0.00000 -1 ACTUAL_TF
28.6491 0.0329715 -1.6693085 0.6597027 -0.45144526 0.74380789 -0.43210302 -0.23713705 0.003566 1789353533.242252111 93.742 89.843 0.008 0.00000 -1 ACTUAL_TF
28.7103 0.0329710 -1.6690912 0.6597018 -0.45145105 0.74380540 -0.43210153 -0.23713654 0.003658 1789353533.298343182 93.959 89.625 0.011 0.00000 -1 ACTUAL_TF
28.7610 0.0329666 -1.6689320 0.6597078 -0.45145098 0.74380076 -0.43210683 -0.23714158 0.003415 1789353533.354320526 94.118 89.466 0.007 0.00000 -1 ACTUAL_TF
28.8152 0.0329716 -1.6687225 0.6597106 -0.45145327 0.74380062 -0.43210675 -0.23713780 0.003513 1789353533.410311222 94.328 89.257 0.015 0.00000 -1 ACTUAL_TF
28.8780 0.0329685 -1.6685448 0.6597188 -0.45145004 0.74379760 -0.43211336 -0.23714136 0.003409 1789353533.466526985 94.505 89.079 0.015 0.00000 -1 ACTUAL_TF
28.9279 0.0329658 -1.6683339 0.6597230 -0.45145117 0.74379357 -0.43211843 -0.23714263 0.003519 1789353533.522407532 94.716 88.868 0.018 0.00000 -1 ACTUAL_TF
28.9913 0.0329637 -1.6681609 0.6597328 -0.45144702 0.74379004 -0.43212666 -0.23714661 0.003392 1789353533.578388453 94.889 88.695 0.022 0.00000 -1 ACTUAL_TF
29.0393 0.0329619 -1.6679760 0.6597606 -0.45144454 0.74377310 -0.43214999 -0.23716194 0.003377 1789353533.634370327 95.075 88.510 0.042 0.00000 -1 ACTUAL_TF
29.0954 0.0329636 -1.6678136 0.6597674 -0.45143662 0.74377880 -0.43215172 -0.23715599 0.003236 1789353533.690281868 95.237 88.347 0.049 0.00000 -1 ACTUAL_TF
29.1521 0.0329579 -1.6676056 0.6597741 -0.45143946 0.74377152 -0.43215789 -0.23716217 0.003379 1789353533.746305704 95.445 88.139 0.053 0.00000 -1 ACTUAL_TF
29.2132 0.0329493 -1.6673767 0.6597648 -0.45145200 0.74377258 -0.43214435 -0.23715964 0.003593 1789353533.802318335 95.674 87.910 0.041 0.00000 -1 ACTUAL_TF
29.2612 0.0329420 -1.6671962 0.6597630 -0.45145711 0.74377109 -0.43214077 -0.23716113 0.003481 1789353533.858442545 95.855 87.730 0.037 0.00000 -1 ACTUAL_TF
29.3237 0.0329322 -1.6669728 0.6597553 -0.45145899 0.74377760 -0.43213023 -0.23715636 0.003638 1789353533.914333582 96.078 87.506 0.027 0.00000 -1 ACTUAL_TF
29.3841 0.0329243 -1.6667783 0.6597505 -0.45146292 0.74378209 -0.43212143 -0.23715079 0.003588 1789353533.970428228 96.273 87.312 0.021 0.00000 -1 ACTUAL_TF
29.4315 0.0329186 -1.6665625 0.6597379 -0.45146949 0.74378809 -0.43210738 -0.23714508 0.003672 1789353534.026322126 96.488 87.096 0.020 0.00000 -1 ACTUAL_TF
29.4869 0.0329022 -1.6663971 0.6597535 -0.45146571 0.74378226 -0.43211544 -0.23715586 0.003463 1789353534.082447529 96.654 86.930 0.011 0.00000 -1 ACTUAL_TF
29.5420 0.0328901 -1.6661710 0.6597400 -0.45146974 0.74379296 -0.43209792 -0.23714658 0.003642 1789353534.138292313 96.880 86.704 0.009 0.00000 -1 ACTUAL_TF
29.5996 0.0328829 -1.6659703 0.6597484 -0.45146319 0.74379376 -0.43210319 -0.23714693 0.003626 1789353534.194311142 97.081 86.503 0.003 0.00000 -1 ACTUAL_TF
29.6590 0.0328673 -1.6657820 0.6597508 -0.45146295 0.74379420 -0.43210139 -0.23714927 0.003550 1789353534.250356436 97.270 86.314 0.011 0.00000 -1 ACTUAL_TF
29.7162 0.0328647 -1.6655707 0.6597541 -0.45146273 0.74379551 -0.43210029 -0.23714761 0.003613 1789353534.306555986 97.481 86.103 0.008 0.00000 -1 ACTUAL_TF
29.7660 0.0328559 -1.6653787 0.6597475 -0.45146486 0.74380007 -0.43209241 -0.23714359 0.003563 1789353534.362378359 97.673 85.911 0.016 0.00000 -1 ACTUAL_TF
29.8314 0.0328587 -1.6651945 0.6597616 -0.45145531 0.74379856 -0.43210421 -0.23714501 0.003483 1789353534.418392897 97.858 85.727 0.003 0.00000 -1 ACTUAL_TF
29.8913 0.0328421 -1.6649941 0.6597465 -0.45146798 0.74380438 -0.43208319 -0.23714093 0.003518 1789353534.474428892 98.058 85.526 0.022 0.00000 -1 ACTUAL_TF
29.9409 0.0328310 -1.6647759 0.6597465 -0.45146999 0.74380411 -0.43208104 -0.23714185 0.003633 1789353534.530421734 98.277 85.308 0.028 0.00000 -1 ACTUAL_TF
29.9884 0.0328294 -1.6645970 0.6597542 -0.45146014 0.74380619 -0.43208843 -0.23714063 0.003505 1789353534.586286783 98.456 85.129 0.021 0.00000 -1 ACTUAL_TF
30.0523 0.0328200 -1.6643864 0.6597558 -0.45146120 0.74380553 -0.43208728 -0.23714279 0.003583 1789353534.642283440 98.666 84.918 0.025 0.00000 -1 ACTUAL_TF
30.1021 0.0328137 -1.6641846 0.6597711 -0.45145759 0.74380117 -0.43209621 -0.23714706 0.003592 1789353534.698316097 98.868 84.716 0.020 0.00000 -1 ACTUAL_TF
30.1582 0.0328192 -1.6640122 0.6597740 -0.45146085 0.74379760 -0.43209910 -0.23714678 0.003439 1789353534.754310608 99.041 84.544 0.010 0.00000 -1 ACTUAL_TF
30.2148 0.0328177 -1.6638095 0.6597827 -0.45145998 0.74379496 -0.43210350 -0.23714871 0.003494 1789353534.810286999 99.243 84.341 0.007 0.00000 -1 ACTUAL_TF
30.2759 0.0328110 -1.6636278 0.6597847 -0.45146101 0.74379594 -0.43210123 -0.23714782 0.003420 1789353534.866307735 99.425 84.159 0.008 0.00000 -1 ACTUAL_TF
30.3371 0.0328167 -1.6634097 0.6597928 -0.45146392 0.74379074 -0.43210669 -0.23714863 0.003562 1789353534.922362804 99.643 83.941 0.010 0.00000 -1 ACTUAL_TF
30.3842 0.0328173 -1.6632410 0.6598007 -0.45146114 0.74378636 -0.43211560 -0.23715142 0.003394 1789353534.978649378 99.812 83.772 0.018 0.00000 -1 ACTUAL_TF
30.4382 0.0328164 -1.6630378 0.6598109 -0.45146149 0.74377849 -0.43212526 -0.23715782 0.003473 1789353535.034276724 100.015 83.569 0.027 0.00000 -1 ACTUAL_TF
30.4964 0.0328191 -1.6628694 0.6598140 -0.45146320 0.74377595 -0.43212787 -0.23715779 0.003332 1789353535.090362549 100.183 83.401 0.032 0.00000 -1 ACTUAL_TF
30.5570 0.0328159 -1.6626632 0.6598209 -0.45145793 0.74377474 -0.43213465 -0.23715928 0.003440 1789353535.146249294 100.390 83.195 0.037 0.00000 -1 ACTUAL_TF
30.6064 0.0328008 -1.6624523 0.6598215 -0.45146524 0.74377132 -0.43213028 -0.23716403 0.003539 1789353535.202344179 100.601 82.983 0.030 0.00000 -1 ACTUAL_TF
30.6639 0.0327895 -1.6622486 0.6598161 -0.45146341 0.74377695 -0.43212438 -0.23716060 0.003569 1789353535.258424282 100.805 82.780 0.020 0.00000 -1 ACTUAL_TF
30.7264 0.0327825 -1.6620382 0.6598160 -0.45146679 0.74377710 -0.43212100 -0.23715988 0.003625 1789353535.314443350 101.015 82.569 0.017 0.00000 -1 ACTUAL_TF
30.7769 0.0327782 -1.6618792 0.6598232 -0.45145976 0.74377663 -0.43212771 -0.23716247 0.003393 1789353535.370297194 101.174 82.410 0.022 0.00000 -1 ACTUAL_TF
30.8357 0.0327743 -1.6616752 0.6598278 -0.45145795 0.74377894 -0.43212670 -0.23716054 0.003459 1789353535.426784515 101.378 82.206 0.025 0.00000 -1 ACTUAL_TF
30.8910 0.0327749 -1.6614912 0.6598224 -0.45146366 0.74378147 -0.43211982 -0.23715429 0.003416 1789353535.482297182 101.562 82.022 0.021 0.00000 -1 ACTUAL_TF
30.9431 0.0327581 -1.6612683 0.6598162 -0.45146047 0.74378756 -0.43211372 -0.23715236 0.003589 1789353535.538310289 101.786 81.799 0.008 0.00000 -1 ACTUAL_TF
31.0041 0.0327475 -1.6610492 0.6598135 -0.45146536 0.74378882 -0.43210711 -0.23715113 0.003687 1789353535.594336987 102.005 81.580 0.001 0.00000 -1 ACTUAL_TF
31.0530 0.0327359 -1.6608586 0.6598156 -0.45146141 0.74379262 -0.43210522 -0.23715018 0.003603 1789353535.650374174 102.196 81.389 0.006 0.00000 -1 ACTUAL_TF
31.1102 0.0327330 -1.6606469 0.6598180 -0.45146121 0.74379267 -0.43210629 -0.23714845 0.003657 1789353535.706348896 102.407 81.177 0.003 0.00000 -1 ACTUAL_TF
31.1749 0.0327202 -1.6604775 0.6598203 -0.45145667 0.74379492 -0.43210605 -0.23715048 0.003470 1789353535.762356281 102.577 81.007 0.011 0.00000 -1 ACTUAL_TF
31.2245 0.0327142 -1.6602520 0.6598130 -0.45145921 0.74380200 -0.43209509 -0.23714340 0.003637 1789353535.818399191 102.802 80.782 0.015 0.00000 -1 ACTUAL_TF
31.2848 0.0327133 -1.6600804 0.6598155 -0.45145333 0.74380504 -0.43209799 -0.23713980 0.003467 1789353535.874331713 102.974 80.610 0.012 0.00000 -1 ACTUAL_TF
31.3343 0.0327036 -1.6598698 0.6598179 -0.45145310 0.74380516 -0.43209721 -0.23714127 0.003555 1789353535.930379391 103.185 80.399 0.015 0.00000 -1 ACTUAL_TF
31.3902 0.0327024 -1.6596630 0.6598096 -0.45145541 0.74381156 -0.43208819 -0.23713325 0.003599 1789353535.986286879 103.391 80.193 0.022 0.00000 -1 ACTUAL_TF
31.4459 0.0326941 -1.6594372 0.6598046 -0.45145867 0.74381595 -0.43207945 -0.23712917 0.003731 1789353536.042257309 103.617 79.967 0.030 0.00000 -1 ACTUAL_TF
31.5053 0.0326968 -1.6592283 0.6598067 -0.45145609 0.74381527 -0.43208469 -0.23712669 0.003729 1789353536.098345280 103.826 79.758 0.029 0.00000 -1 ACTUAL_TF
31.5651 0.0326882 -1.6590647 0.6598152 -0.45145046 0.74381272 -0.43209201 -0.23713208 0.003489 1789353536.154376507 103.990 79.594 0.023 0.00000 -1 ACTUAL_TF
31.6141 0.0326888 -1.6588548 0.6598205 -0.45144783 0.74381204 -0.43209645 -0.23713113 0.003568 1789353536.210340023 104.200 79.384 0.020 0.00000 -1 ACTUAL_TF
31.6725 0.0326829 -1.6586843 0.6598232 -0.45144351 0.74381410 -0.43209808 -0.23712992 0.003412 1789353536.266315937 104.370 79.214 0.020 0.00000 -1 ACTUAL_TF
31.7311 0.0326718 -1.6584553 0.6598239 -0.45144463 0.74381420 -0.43209573 -0.23713175 0.003615 1789353536.322389364 104.600 78.985 0.022 0.00000 -1 ACTUAL_TF
31.7865 0.0326779 -1.6582966 0.6598481 -0.45143896 0.74380959 -0.43210882 -0.23713313 0.003394 1789353536.378201723 104.758 78.826 0.007 0.00000 -1 ACTUAL_TF
31.8372 0.0326650 -1.6580797 0.6598463 -0.45143978 0.74381003 -0.43210628 -0.23713484 0.003533 1789353536.434499264 104.976 78.609 0.004 0.00000 -1 ACTUAL_TF
31.8939 0.0326663 -1.6578926 0.6598565 -0.45143596 0.74380374 -0.43211824 -0.23714005 0.003480 1789353536.490364552 105.163 78.422 0.007 0.00000 -1 ACTUAL_TF
31.9536 0.0326531 -1.6577085 0.6598566 -0.45143786 0.74380064 -0.43211851 -0.23714566 0.003426 1789353536.546277523 105.347 78.237 0.002 0.00000 -1 ACTUAL_TF
32.0104 0.0326484 -1.6574964 0.6598576 -0.45143750 0.74379961 -0.43212081 -0.23714537 0.003534 1789353536.602325439 105.559 78.025 0.001 0.00000 -1 ACTUAL_TF
32.0613 0.0326414 -1.6573189 0.6598559 -0.45143530 0.74380134 -0.43212016 -0.23714530 0.003426 1789353536.658317566 105.737 77.847 0.005 0.00000 -1 ACTUAL_TF
32.1266 0.0326412 -1.6571203 0.6598689 -0.45143086 0.74379529 -0.43213198 -0.23715122 0.003462 1789353536.714409351 105.935 77.649 0.007 0.00000 -1 ACTUAL_TF
32.1753 0.0326312 -1.6569287 0.6598616 -0.45143815 0.74379890 -0.43212011 -0.23714765 0.003453 1789353536.770359755 106.127 77.457 0.004 0.00000 -1 ACTUAL_TF
32.2324 0.0326310 -1.6567233 0.6598585 -0.45144038 0.74380094 -0.43211618 -0.23714417 0.003518 1789353536.826356173 106.332 77.252 0.009 0.00000 -1 ACTUAL_TF
32.2911 0.0326221 -1.6565333 0.6598526 -0.45144432 0.74380543 -0.43210672 -0.23713982 0.003484 1789353536.882245302 106.523 77.062 0.017 0.00000 -1 ACTUAL_TF
32.3424 0.0326186 -1.6563208 0.6598525 -0.45144553 0.74380792 -0.43210291 -0.23713664 0.003576 1789353536.938293695 106.735 76.849 0.020 0.00000 -1 ACTUAL_TF
32.4032 0.0326154 -1.6561136 0.6598571 -0.45144328 0.74380819 -0.43210514 -0.23713602 0.003614 1789353536.994317770 106.942 76.642 0.018 0.00000 -1 ACTUAL_TF
32.4631 0.0326173 -1.6559198 0.6598560 -0.45144866 0.74380729 -0.43210289 -0.23713269 0.003565 1789353537.050463915 107.136 76.448 0.024 0.00000 -1 ACTUAL_TF
32.5127 0.0326173 -1.6557154 0.6598667 -0.45144405 0.74380344 -0.43211299 -0.23713516 0.003596 1789353537.106273890 107.340 76.244 0.022 0.00000 -1 ACTUAL_TF
32.5695 0.0326210 -1.6555432 0.6598711 -0.45144900 0.74379876 -0.43211549 -0.23713584 0.003439 1789353537.162322044 107.512 76.072 0.028 0.00000 -1 ACTUAL_TF
32.6275 0.0326185 -1.6553348 0.6598749 -0.45144590 0.74380058 -0.43211687 -0.23713353 0.003523 1789353537.218362808 107.721 75.863 0.031 0.00000 -1 ACTUAL_TF
32.6902 0.0326083 -1.6551488 0.6598728 -0.45145122 0.74380098 -0.43211074 -0.23713333 0.003466 1789353537.274240494 107.907 75.677 0.028 0.00000 -1 ACTUAL_TF
32.7424 0.0325993 -1.6549395 0.6598833 -0.45144863 0.74379579 -0.43211910 -0.23713930 0.003548 1789353537.330388069 108.117 75.468 0.022 0.00000 -1 ACTUAL_TF
32.7904 0.0325918 -1.6547454 0.6598776 -0.45145443 0.74379908 -0.43210910 -0.23713616 0.003526 1789353537.386260033 108.311 75.274 0.023 0.00000 -1 ACTUAL_TF
32.8535 0.0325887 -1.6545483 0.6598931 -0.45145191 0.74379299 -0.43211924 -0.23714157 0.003528 1789353537.442268133 108.508 75.076 0.021 0.00000 -1 ACTUAL_TF
32.9064 0.0325740 -1.6543282 0.6598864 -0.45146047 0.74379413 -0.43210802 -0.23714214 0.003651 1789353537.498295784 108.728 74.856 0.016 0.00000 -1 ACTUAL_TF
32.9639 0.0325788 -1.6541559 0.6598910 -0.45146433 0.74379012 -0.43211105 -0.23714183 0.003471 1789353537.554824591 108.901 74.684 0.023 0.00000 -1 ACTUAL_TF
33.0197 0.0325733 -1.6539386 0.6598914 -0.45146888 0.74378710 -0.43211046 -0.23714375 0.003604 1789353537.610333443 109.118 74.466 0.025 0.00000 -1 ACTUAL_TF
33.0695 0.0325633 -1.6537525 0.6598852 -0.45147051 0.74379085 -0.43210336 -0.23714180 0.003521 1789353537.666368484 109.304 74.280 0.026 0.00000 -1 ACTUAL_TF
33.1260 0.0325445 -1.6535496 0.6598931 -0.45146923 0.74378489 -0.43210887 -0.23715288 0.003557 1789353537.722368002 109.507 74.077 0.015 0.00000 -1 ACTUAL_TF
33.1939 0.0325285 -1.6533549 0.6598852 -0.45147451 0.74379069 -0.43209545 -0.23714910 0.003536 1789353537.778429031 109.702 73.882 0.025 0.00000 -1 ACTUAL_TF
33.2422 0.0325199 -1.6531509 0.6598933 -0.45145900 0.74379339 -0.43210631 -0.23715039 0.003572 1789353537.834324598 109.907 73.678 0.021 0.00000 -1 ACTUAL_TF
33.3010 0.0325049 -1.6529495 0.6599022 -0.45146651 0.74378435 -0.43210757 -0.23716212 0.003583 1789353537.890344858 110.109 73.476 0.023 0.00000 -1 ACTUAL_TF
33.3531 0.0325073 -1.6527939 0.6599124 -0.45146197 0.74378120 -0.43211699 -0.23716349 0.003343 1789353537.946397543 110.264 73.320 0.013 0.00000 -1 ACTUAL_TF
33.4134 0.0324949 -1.6525931 0.6599173 -0.45145162 0.74378416 -0.43212167 -0.23716539 0.003417 1789353538.002485275 110.465 73.119 0.019 0.00000 -1 ACTUAL_TF
33.4744 0.0324936 -1.6524131 0.6599230 -0.45145273 0.74378054 -0.43212555 -0.23716755 0.003356 1789353538.058511496 110.645 72.939 0.016 0.00000 -1 ACTUAL_TF
33.5265 0.0324836 -1.6521945 0.6599258 -0.45145517 0.74377986 -0.43212357 -0.23716863 0.003526 1789353538.114292383 110.864 72.720 0.019 0.00000 -1 ACTUAL_TF
33.5772 0.0324786 -1.6520162 0.6599294 -0.45145267 0.74378067 -0.43212437 -0.23716941 0.003424 1789353538.170268059 111.042 72.542 0.020 0.00000 -1 ACTUAL_TF
33.6291 0.0324755 -1.6517956 0.6599263 -0.45145992 0.74378272 -0.43211554 -0.23716528 0.003577 1789353538.226389170 111.263 72.321 0.017 0.00000 -1 ACTUAL_TF
33.6891 0.0324813 -1.6516323 0.6599307 -0.45145493 0.74378532 -0.43211867 -0.23716093 0.003381 1789353538.282299042 111.426 72.158 0.006 0.00000 -1 ACTUAL_TF
33.7441 0.0324664 -1.6514201 0.6599283 -0.45145518 0.74378832 -0.43211329 -0.23716082 0.003506 1789353538.338310480 111.639 71.946 0.016 0.00000 -1 ACTUAL_TF
33.8027 0.0324594 -1.6511780 0.6599201 -0.45146127 0.74379508 -0.43209922 -0.23715367 0.003753 1789353538.394283056 111.881 71.704 0.023 0.00000 -1 ACTUAL_TF
33.8524 0.0324519 -1.6510175 0.6599260 -0.45145617 0.74379326 -0.43210541 -0.23715781 0.003488 1789353538.450294733 112.041 71.543 0.023 0.00000 -1 ACTUAL_TF
33.9169 0.0324497 -1.6507964 0.6599213 -0.45145760 0.74379763 -0.43209971 -0.23715177 0.003624 1789353538.506394625 112.262 71.322 0.025 0.00000 -1 ACTUAL_TF
33.9637 0.0324406 -1.6506151 0.6599248 -0.45146260 0.74379382 -0.43209811 -0.23715710 0.003510 1789353538.562366247 112.444 71.140 0.027 0.00000 -1 ACTUAL_TF
34.0267 0.0324406 -1.6503985 0.6599258 -0.45145996 0.74379856 -0.43209629 -0.23715061 0.003618 1789353538.618328810 112.660 70.924 0.024 0.00000 -1 ACTUAL_TF
34.0811 0.0324393 -1.6502260 0.6599256 -0.45146179 0.74379795 -0.43209555 -0.23715037 0.003455 1789353538.674427032 112.833 70.751 0.025 0.00000 -1 ACTUAL_TF
34.1447 0.0324379 -1.6500024 0.6599264 -0.45146668 0.74379798 -0.43209202 -0.23714740 0.003612 1789353538.730640411 113.056 70.528 0.026 0.00000 -1 ACTUAL_TF
34.1939 0.0324322 -1.6497784 0.6599218 -0.45147262 0.74379954 -0.43208477 -0.23714441 0.003735 1789353538.786364079 113.280 70.304 0.033 0.00000 -1 ACTUAL_TF
34.2481 0.0324316 -1.6496157 0.6599346 -0.45146923 0.74379329 -0.43209606 -0.23714990 0.003488 1789353538.842394829 113.443 70.141 0.022 0.00000 -1 ACTUAL_TF
34.3107 0.0324269 -1.6493904 0.6599331 -0.45147084 0.74379749 -0.43209011 -0.23714450 0.003647 1789353538.898509741 113.668 69.916 0.026 0.00000 -1 ACTUAL_TF
34.3606 0.0324171 -1.6492122 0.6599336 -0.45147260 0.74379904 -0.43208501 -0.23714558 0.003512 1789353538.954341888 113.847 69.737 0.028 0.00000 -1 ACTUAL_TF
34.4209 0.0324098 -1.6490104 0.6599436 -0.45146916 0.74379661 -0.43209168 -0.23714760 0.003540 1789353539.010416269 114.049 69.535 0.021 0.00000 -1 ACTUAL_TF
34.4705 0.0324057 -1.6488266 0.6599488 -0.45147093 0.74379355 -0.43209394 -0.23714970 0.003462 1789353539.066506863 114.233 69.351 0.018 0.00000 -1 ACTUAL_TF
34.5368 0.0323925 -1.6486185 0.6599608 -0.45146427 0.74379073 -0.43210284 -0.23715501 0.003545 1789353539.122339964 114.441 69.143 0.014 0.00000 -1 ACTUAL_TF
34.5897 0.0323914 -1.6484474 0.6599622 -0.45146003 0.74379271 -0.43210446 -0.23715390 0.003397 1789353539.178404331 114.612 68.972 0.012 0.00000 -1 ACTUAL_TF
34.6383 0.0323882 -1.6482458 0.6599692 -0.45145520 0.74379113 -0.43211160 -0.23715505 0.003457 1789353539.234477282 114.814 68.770 0.007 0.00000 -1 ACTUAL_TF
34.7000 0.0323905 -1.6480310 0.6599688 -0.45145920 0.74379067 -0.43210998 -0.23715184 0.003574 1789353539.290356874 115.029 68.556 0.008 0.00000 -1 ACTUAL_TF
34.7556 0.0323798 -1.6478426 0.6599658 -0.45146001 0.74379592 -0.43210196 -0.23714844 0.003503 1789353539.346901417 115.217 68.367 0.013 0.00000 -1 ACTUAL_TF
34.8070 0.0323747 -1.6476380 0.6599728 -0.45145544 0.74379413 -0.43210887 -0.23715015 0.003559 1789353539.402414560 115.422 68.162 0.009 0.00000 -1 ACTUAL_TF
34.8651 0.0323678 -1.6474553 0.6599758 -0.45145825 0.74379269 -0.43210764 -0.23715155 0.003471 1789353539.458392143 115.605 67.979 0.009 0.00000 -1 ACTUAL_TF
34.9236 0.0323622 -1.6472485 0.6599826 -0.45145494 0.74379348 -0.43210963 -0.23715177 0.003541 1789353539.514280796 115.812 67.772 0.006 0.00000 -1 ACTUAL_TF
34.9720 0.0323634 -1.6471046 0.6600011 -0.45144711 0.74378579 -0.43212689 -0.23715934 0.003254 1789353539.570427418 115.956 67.628 0.013 0.00000 -1 ACTUAL_TF
35.0380 0.0323675 -1.6468945 0.6600110 -0.45144238 0.74378743 -0.43213111 -0.23715551 0.003406 1789353539.626376867 116.166 67.418 0.023 0.00000 -1 ACTUAL_TF
35.0924 0.0323660 -1.6466708 0.6600083 -0.45144790 0.74378813 -0.43212618 -0.23715179 0.003584 1789353539.682300568 116.390 67.195 0.021 0.00000 -1 ACTUAL_TF
35.1453 0.0323597 -1.6464926 0.6600094 -0.45144408 0.74379302 -0.43212379 -0.23714808 0.003463 1789353539.738368988 116.568 67.016 0.020 0.00000 -1 ACTUAL_TF
35.1995 0.0323607 -1.6462752 0.6600114 -0.45144732 0.74379411 -0.43212035 -0.23714475 0.003589 1789353539.794360876 116.785 66.799 0.025 0.00000 -1 ACTUAL_TF
35.2636 0.0323588 -1.6460885 0.6600079 -0.45145003 0.74379604 -0.43211608 -0.23714134 0.003510 1789353539.850475550 116.972 66.613 0.025 0.00000 -1 ACTUAL_TF
35.3160 0.0323541 -1.6458592 0.6600028 -0.45145534 0.74379901 -0.43210763 -0.23713733 0.003689 1789353539.906333208 117.201 66.383 0.026 0.00000 -1 ACTUAL_TF
35.3659 0.0323466 -1.6456965 0.6600049 -0.45145499 0.74379865 -0.43210749 -0.23713936 0.003452 1789353539.962544203 117.364 66.220 0.023 0.00000 -1 ACTUAL_TF
35.4224 0.0323533 -1.6454872 0.6600067 -0.45145584 0.74379575 -0.43211209 -0.23713846 0.003541 1789353540.018410206 117.573 66.011 0.035 0.00000 -1 ACTUAL_TF
35.4794 0.0323400 -1.6453030 0.6600078 -0.45145663 0.74379772 -0.43210705 -0.23713995 0.003468 1789353540.074405432 117.757 65.827 0.027 0.00000 -1 ACTUAL_TF
35.5388 0.0323353 -1.6450941 0.6600133 -0.45145490 0.74379292 -0.43211507 -0.23714369 0.003550 1789353540.130309343 117.966 65.618 0.028 0.00000 -1 ACTUAL_TF
35.5929 0.0323297 -1.6448719 0.6600086 -0.45145836 0.74379712 -0.43210660 -0.23713938 0.003670 1789353540.186556101 118.189 65.396 0.029 0.00000 -1 ACTUAL_TF
35.6476 0.0323295 -1.6447072 0.6600151 -0.45146177 0.74379341 -0.43210827 -0.23714146 0.003454 1789353540.242435217 118.353 65.231 0.033 0.00000 -1 ACTUAL_TF
35.7084 0.0323289 -1.6444908 0.6600166 -0.45146703 0.74379102 -0.43210742 -0.23714049 0.003582 1789353540.298203707 118.570 65.015 0.039 0.00000 -1 ACTUAL_TF
35.7630 0.0323203 -1.6443037 0.6600147 -0.45146692 0.74379343 -0.43210367 -0.23713997 0.003508 1789353540.354364634 118.757 64.827 0.036 0.00000 -1 ACTUAL_TF
35.8222 0.0323020 -1.6440806 0.6600125 -0.45146688 0.74379743 -0.43209672 -0.23714017 0.003658 1789353540.410226822 118.980 64.604 0.026 0.00000 -1 ACTUAL_TF
35.8777 0.0322971 -1.6439077 0.6600224 -0.45146565 0.74379300 -0.43210333 -0.23714437 0.003485 1789353540.466403008 119.153 64.431 0.023 0.00000 -1 ACTUAL_TF
35.9339 0.0322903 -1.6437064 0.6600303 -0.45146384 0.74378954 -0.43210873 -0.23714880 0.003508 1789353540.523030996 119.355 64.229 0.021 0.00000 -1 ACTUAL_TF
35.9882 0.0322839 -1.6435048 0.6600407 -0.45145552 0.74378780 -0.43211857 -0.23715221 0.003549 1789353540.578460217 119.557 64.028 0.022 0.00000 -1 ACTUAL_TF
36.0480 0.0322810 -1.6433335 0.6600452 -0.45145775 0.74378351 -0.43212240 -0.23715443 0.003403 1789353540.634423256 119.728 63.856 0.025 0.00000 -1 ACTUAL_TF
36.1057 0.0322778 -1.6431243 0.6600540 -0.45145430 0.74378315 -0.43212657 -0.23715451 0.003503 1789353540.690478086 119.937 63.647 0.030 0.00000 -1 ACTUAL_TF
36.1579 0.0322636 -1.6429380 0.6600547 -0.45145326 0.74378388 -0.43212539 -0.23715637 0.003455 1789353540.746335506 120.124 63.460 0.022 0.00000 -1 ACTUAL_TF
36.2100 0.0322613 -1.6427131 0.6600584 -0.45144816 0.74378872 -0.43212544 -0.23715081 0.003619 1789353540.802530527 120.349 63.235 0.025 0.00000 -1 ACTUAL_TF
36.2615 0.0322633 -1.6425606 0.6600762 -0.45144314 0.74378029 -0.43214140 -0.23715774 0.003351 1789353540.858887672 120.502 63.083 0.041 0.00000 -1 ACTUAL_TF
36.3324 0.0322600 -1.6423566 0.6600856 -0.45144384 0.74377409 -0.43214896 -0.23716202 0.003450 1789353540.914385557 120.706 62.879 0.048 0.00000 -1 ACTUAL_TF
36.3800 0.0322634 -1.6421847 0.6600881 -0.45144259 0.74377416 -0.43215153 -0.23715952 0.003338 1789353540.970270395 120.877 62.707 0.053 0.00000 -1 ACTUAL_TF
36.4428 0.0322545 -1.6419662 0.6600857 -0.45144866 0.74377232 -0.43214723 -0.23716159 0.003507 1789353541.026309013 121.096 62.488 0.047 0.00000 -1 ACTUAL_TF
36.4927 0.0322401 -1.6417406 0.6600827 -0.45145223 0.74377517 -0.43213894 -0.23716096 0.003663 1789353541.082462072 121.322 62.262 0.038 0.00000 -1 ACTUAL_TF
36.5433 0.0322358 -1.6415482 0.6600802 -0.45144867 0.74378067 -0.43213584 -0.23715613 0.003597 1789353541.138370752 121.514 62.070 0.035 0.00000 -1 ACTUAL_TF
36.5991 0.0322251 -1.6413222 0.6600726 -0.45146505 0.74378024 -0.43211952 -0.23715603 0.003733 1789353541.194245338 121.740 61.844 0.025 0.00000 -1 ACTUAL_TF
36.6583 0.0322220 -1.6411508 0.6600698 -0.45145781 0.74378614 -0.43211968 -0.23715102 0.003531 1789353541.250298262 121.912 61.673 0.025 0.00000 -1 ACTUAL_TF
36.7217 0.0322151 -1.6409401 0.6600674 -0.45146323 0.74378821 -0.43211146 -0.23714919 0.003600 1789353541.306337833 122.122 61.462 0.023 0.00000 -1 ACTUAL_TF
36.7726 0.0322170 -1.6407741 0.6600693 -0.45146209 0.74378937 -0.43211216 -0.23714643 0.003410 1789353541.362297773 122.288 61.296 0.029 0.00000 -1 ACTUAL_TF
36.8237 0.0321961 -1.6405545 0.6600659 -0.45145768 0.74379488 -0.43210720 -0.23714658 0.003566 1789353541.418442965 122.508 61.076 0.015 0.00000 -1 ACTUAL_TF
36.8976 0.0321805 -1.6403229 0.6600667 -0.45145765 0.74379646 -0.43210351 -0.23714840 0.003736 1789353541.474596977 122.740 60.844 0.008 0.00000 -1 ACTUAL_TF
36.9375 0.0321721 -1.6401434 0.6600736 -0.45145945 0.74379336 -0.43210518 -0.23715169 0.003584 1789353541.530294180 122.920 60.664 0.002 0.00000 -1 ACTUAL_TF
36.9959 0.0321625 -1.6399439 0.6600786 -0.45145307 0.74379938 -0.43210310 -0.23714873 0.003577 1789353541.586374998 123.120 60.465 0.003 0.00000 -1 ACTUAL_TF
37.0464 0.0321547 -1.6397756 0.6600827 -0.45144998 0.74379946 -0.43210486 -0.23715116 0.003406 1789353541.642452240 123.288 60.296 0.007 0.00000 -1 ACTUAL_TF
37.1124 0.0321437 -1.6395615 0.6600852 -0.45145548 0.74379686 -0.43210227 -0.23715356 0.003530 1789353541.698565245 123.503 60.082 0.011 0.00000 -1 ACTUAL_TF
37.1627 0.0321421 -1.6393807 0.6600778 -0.45145337 0.74380392 -0.43209651 -0.23714593 0.003444 1789353541.754406691 123.683 59.901 0.010 0.00000 -1 ACTUAL_TF
37.2350 0.0321259 -1.6391623 0.6600859 -0.45145258 0.74380283 -0.43209642 -0.23715099 0.003585 1789353541.810388088 123.902 59.682 0.018 0.00000 -1 ACTUAL_TF
37.2721 0.0321290 -1.6389765 0.6600828 -0.45145877 0.74380368 -0.43209109 -0.23714627 0.003504 1789353541.866441250 124.088 59.497 0.012 0.00000 -1 ACTUAL_TF
37.3347 0.0321224 -1.6387622 0.6600848 -0.45145652 0.74380354 -0.43209341 -0.23714677 0.003594 1789353541.922777414 124.302 59.282 0.013 0.00000 -1 ACTUAL_TF
37.3856 0.0321126 -1.6385582 0.6600879 -0.45145427 0.74380584 -0.43209186 -0.23714667 0.003618 1789353541.978400707 124.506 59.078 0.016 0.00000 -1 ACTUAL_TF
37.4424 0.0320984 -1.6383792 0.6600889 -0.45145640 0.74380244 -0.43209245 -0.23715218 0.003483 1789353542.035069704 124.686 58.899 0.025 0.00000 -1 ACTUAL_TF
37.4928 0.0320885 -1.6381636 0.6600863 -0.45145583 0.74380570 -0.43208835 -0.23715052 0.003606 1789353542.090518236 124.901 58.683 0.031 0.00000 -1 ACTUAL_TF
37.5545 0.0320842 -1.6380064 0.6600981 -0.45144963 0.74380117 -0.43209980 -0.23715567 0.003371 1789353542.146385670 125.059 58.525 0.028 0.00000 -1 ACTUAL_TF
37.6072 0.0320784 -1.6377755 0.6600977 -0.45145346 0.74379922 -0.43209898 -0.23715599 0.003597 1789353542.202395439 125.290 58.294 0.028 0.00000 -1 ACTUAL_TF
37.6735 0.0320743 -1.6375776 0.6600944 -0.45146061 0.74379922 -0.43209284 -0.23715354 0.003578 1789353542.258421898 125.488 58.097 0.029 0.00000 -1 ACTUAL_TF
37.7217 0.0320772 -1.6373686 0.6601006 -0.45146073 0.74379438 -0.43210015 -0.23715521 0.003624 1789353542.314465523 125.697 57.888 0.019 0.00000 -1 ACTUAL_TF
37.7793 0.0320750 -1.6372132 0.6601150 -0.45145795 0.74378553 -0.43211327 -0.23716432 0.003375 1789353542.370331049 125.852 57.732 0.015 0.00000 -1 ACTUAL_TF
37.8420 0.0320758 -1.6370000 0.6601183 -0.45146040 0.74378482 -0.43211354 -0.23716142 0.003506 1789353542.426283121 126.065 57.519 0.009 0.00000 -1 ACTUAL_TF
37.8905 0.0320733 -1.6367837 0.6601239 -0.45146235 0.74378207 -0.43211636 -0.23716118 0.003612 1789353542.482362270 126.282 57.303 0.008 0.00000 -1 ACTUAL_TF
37.9472 0.0320649 -1.6366122 0.6601344 -0.45145338 0.74378005 -0.43212610 -0.23716684 0.003450 1789353542.538325310 126.453 57.131 0.017 0.00000 -1 ACTUAL_TF
38.0028 0.0320695 -1.6364113 0.6601450 -0.45145223 0.74377839 -0.43213091 -0.23716548 0.003493 1789353542.594353199 126.654 56.930 0.023 0.00000 -1 ACTUAL_TF
38.0651 0.0320624 -1.6362231 0.6601410 -0.45145506 0.74378232 -0.43212346 -0.23716133 0.003454 1789353542.650352001 126.842 56.742 0.017 0.00000 -1 ACTUAL_TF
38.1148 0.0320635 -1.6360188 0.6601435 -0.45145317 0.74378552 -0.43212249 -0.23715670 0.003514 1789353542.706254005 127.047 56.538 0.018 0.00000 -1 ACTUAL_TF
38.1721 0.0320498 -1.6358254 0.6601380 -0.45145498 0.74379442 -0.43210843 -0.23715096 0.003498 1789353542.762322187 127.240 56.344 0.009 0.00000 -1 ACTUAL_TF
38.2231 0.0320522 -1.6356126 0.6601392 -0.45145835 0.74379538 -0.43210606 -0.23714583 0.003584 1789353542.818552732 127.453 56.131 0.010 0.00000 -1 ACTUAL_TF
38.2894 0.0320467 -1.6353833 0.6601348 -0.45145807 0.74380040 -0.43210081 -0.23714020 0.003741 1789353542.874398947 127.682 55.902 0.007 0.00000 -1 ACTUAL_TF
38.3406 0.0320444 -1.6352140 0.6601399 -0.45145392 0.74380105 -0.43210409 -0.23714007 0.003528 1789353542.930288553 127.852 55.733 0.010 0.00000 -1 ACTUAL_TF
38.3917 0.0320409 -1.6349968 0.6601423 -0.45145434 0.74380259 -0.43210190 -0.23713844 0.003632 1789353542.986368656 128.069 55.515 0.012 0.00000 -1 ACTUAL_TF
38.4468 0.0320437 -1.6348249 0.6601461 -0.45145192 0.74380334 -0.43210491 -0.23713521 0.003463 1789353543.042384863 128.241 55.344 0.020 0.00000 -1 ACTUAL_TF
38.5119 0.0320321 -1.6346095 0.6601400 -0.45145621 0.74380465 -0.43209811 -0.23713531 0.003584 1789353543.098199368 128.456 55.128 0.015 0.00000 -1 ACTUAL_TF
38.5672 0.0320325 -1.6344264 0.6601366 -0.45146000 0.74380808 -0.43209156 -0.23712929 0.003487 1789353543.154342890 128.639 54.945 0.022 0.00000 -1 ACTUAL_TF
38.6211 0.0320288 -1.6342266 0.6601471 -0.45145021 0.74380603 -0.43210341 -0.23713275 0.003513 1789353543.210344315 128.839 54.745 0.021 0.00000 -1 ACTUAL_TF
38.6710 0.0320236 -1.6340344 0.6601495 -0.45145261 0.74380454 -0.43210299 -0.23713362 0.003491 1789353543.266286373 129.031 54.553 0.021 0.00000 -1 ACTUAL_TF
38.7265 0.0320291 -1.6338279 0.6601669 -0.45145370 0.74380711 -0.43210102 -0.23712706 0.003554 1789353543.322266817 129.238 54.347 0.035 0.00000 -1 ACTUAL_TF
38.7878 0.0320258 -1.6336144 0.6601647 -0.45145506 0.74380696 -0.43209984 -0.23712709 0.003627 1789353543.378502369 129.451 54.133 0.036 0.00000 -1 ACTUAL_TF
38.8355 0.0320305 -1.6334414 0.6601670 -0.45145661 0.74380404 -0.43210377 -0.23712615 0.003467 1789353543.434470654 129.624 53.960 0.045 0.00000 -1 ACTUAL_TF
38.8974 0.0320185 -1.6332255 0.6601636 -0.45145592 0.74380616 -0.43210094 -0.23712596 0.003585 1789353543.490480423 129.840 53.744 0.038 0.00000 -1 ACTUAL_TF
38.9557 0.0320012 -1.6330462 0.6601678 -0.45145632 0.74380154 -0.43210384 -0.23713441 0.003477 1789353543.546341419 130.020 53.564 0.026 0.00000 -1 ACTUAL_TF
39.0056 0.0319937 -1.6328127 0.6601661 -0.45146267 0.74380022 -0.43209967 -0.23713406 0.003685 1789353543.602392912 130.254 53.331 0.025 0.00000 -1 ACTUAL_TF
39.0614 0.0319838 -1.6326453 0.6601665 -0.45146098 0.74379822 -0.43210234 -0.23713872 0.003478 1789353543.658376455 130.421 53.163 0.020 0.00000 -1 ACTUAL_TF
39.1265 0.0319762 -1.6324331 0.6601688 -0.45146335 0.74379633 -0.43210214 -0.23714049 0.003571 1789353543.714403868 130.633 52.951 0.018 0.00000 -1 ACTUAL_TF
39.1773 0.0319649 -1.6322591 0.6601777 -0.45146538 0.74378972 -0.43210684 -0.23714878 0.003434 1789353543.770477533 130.808 52.777 0.012 0.00000 -1 ACTUAL_TF
39.2364 0.0319631 -1.6320584 0.6601851 -0.45145963 0.74378853 -0.43211457 -0.23714938 0.003484 1789353543.826288462 131.009 52.576 0.018 0.00000 -1 ACTUAL_TF
39.2897 0.0319453 -1.6318281 0.6601805 -0.45146904 0.74378534 -0.43210774 -0.23715392 0.003672 1789353543.882448435 131.239 52.345 0.004 0.00000 -1 ACTUAL_TF
39.3521 0.0319407 -1.6316696 0.6601879 -0.45146141 0.74378375 -0.43211654 -0.23715738 0.003416 1789353543.938780785 131.398 52.187 0.008 0.00000 -1 ACTUAL_TF
39.4040 0.0319360 -1.6314448 0.6601916 -0.45146274 0.74378110 -0.43211931 -0.23715814 0.003606 1789353543.994341373 131.623 51.962 0.009 0.00000 -1 ACTUAL_TF
39.4531 0.0319176 -1.6312685 0.6601927 -0.45146124 0.74378105 -0.43211821 -0.23716313 0.003474 1789353544.050341129 131.799 51.785 0.011 0.00000 -1 ACTUAL_TF
39.5114 0.0319155 -1.6310514 0.6601893 -0.45146727 0.74378249 -0.43211145 -0.23715945 0.003596 1789353544.106312513 132.016 51.568 0.005 0.00000 -1 ACTUAL_TF
39.5684 0.0319173 -1.6308896 0.6601966 -0.45145953 0.74378430 -0.43211750 -0.23715750 0.003384 1789353544.162337780 132.178 51.406 0.006 0.00000 -1 ACTUAL_TF
39.6308 0.0319081 -1.6306539 0.6601914 -0.45146708 0.74378889 -0.43210472 -0.23715200 0.003631 1789353544.218400002 132.414 51.170 0.003 0.00000 -1 ACTUAL_TF
39.6812 0.0319047 -1.6304322 0.6601894 -0.45146752 0.74379244 -0.43210092 -0.23714696 0.003732 1789353544.274282217 132.636 50.949 0.007 0.00000 -1 ACTUAL_TF
39.7428 0.0318992 -1.6302402 0.6601858 -0.45147136 0.74379341 -0.43209550 -0.23714649 0.003623 1789353544.331303358 132.828 50.757 0.013 0.00000 -1 ACTUAL_TF
39.7936 0.0319041 -1.6300335 0.6601909 -0.45146519 0.74379794 -0.43209814 -0.23713922 0.003665 1789353544.386302471 133.034 50.550 0.016 0.00000 -1 ACTUAL_TF
39.8557 0.0318992 -1.6298801 0.6602052 -0.45146969 0.74378579 -0.43210771 -0.23715130 0.003388 1789353544.442518950 133.188 50.396 0.012 0.00000 -1 ACTUAL_TF
39.9054 0.0318992 -1.6296675 0.6602036 -0.45146946 0.74378996 -0.43210354 -0.23714626 0.003515 1789353544.498277903 133.400 50.184 0.017 0.00000 -1 ACTUAL_TF
39.9611 0.0318972 -1.6294982 0.6602095 -0.45146693 0.74378959 -0.43210724 -0.23714549 0.003365 1789353544.554504871 133.570 50.015 0.020 0.00000 -1 ACTUAL_TF
40.0176 0.0318838 -1.6292664 0.6602064 -0.45147557 0.74378905 -0.43209829 -0.23714706 0.003602 1789353544.610392332 133.802 49.783 0.014 0.00000 -1 ACTUAL_TF
40.0709 0.0318749 -1.6290896 0.6602033 -0.45147140 0.74379511 -0.43209410 -0.23714364 0.003464 1789353544.666723967 133.979 49.606 0.013 0.00000 -1 ACTUAL_TF
40.1308 0.0318727 -1.6288689 0.6602046 -0.45147865 0.74379460 -0.43208820 -0.23714219 0.003615 1789353544.722351789 134.199 49.385 0.017 0.00000 -1 ACTUAL_TF
40.1829 0.0318749 -1.6286744 0.6602062 -0.45147678 0.74379446 -0.43209138 -0.23714037 0.003576 1789353544.778198719 134.394 49.191 0.024 0.00000 -1 ACTUAL_TF
40.2481 0.0318602 -1.6284792 0.6601982 -0.45148124 0.74379935 -0.43207899 -0.23713913 0.003547 1789353544.834462166 134.589 48.995 0.025 0.00000 -1 ACTUAL_TF
40.2980 0.0318453 -1.6282640 0.6602002 -0.45148296 0.74379883 -0.43207674 -0.23714157 0.003639 1789353544.890439034 134.805 48.780 0.024 0.00000 -1 ACTUAL_TF
40.3510 0.0318380 -1.6280840 0.6602034 -0.45146863 0.74380535 -0.43208195 -0.23713891 0.003514 1789353544.946375608 134.985 48.600 0.023 0.00000 -1 ACTUAL_TF
40.4184 0.0318243 -1.6278757 0.6602090 -0.45147165 0.74380085 -0.43208327 -0.23714485 0.003577 1789353545.002440214 135.193 48.391 0.021 0.00000 -1 ACTUAL_TF
40.4711 0.0318131 -1.6276929 0.6602122 -0.45146168 0.74380466 -0.43208692 -0.23714525 0.003487 1789353545.058360100 135.376 48.208 0.024 0.00000 -1 ACTUAL_TF
40.5232 0.0318076 -1.6274982 0.6602195 -0.45146037 0.74380189 -0.43209149 -0.23714813 0.003482 1789353545.114522696 135.571 48.013 0.020 0.00000 -1 ACTUAL_TF
40.5783 0.0317941 -1.6272817 0.6602181 -0.45146077 0.74380555 -0.43208510 -0.23714751 0.003600 1789353545.170485258 135.788 47.796 0.028 0.00000 -1 ACTUAL_TF
40.6323 0.0317804 -1.6271030 0.6602214 -0.45145342 0.74380780 -0.43208807 -0.23714906 0.003481 1789353545.226425171 135.967 47.617 0.035 0.00000 -1 ACTUAL_TF
40.6918 0.0317780 -1.6268999 0.6602312 -0.45145040 0.74380369 -0.43209626 -0.23715275 0.003526 1789353545.282426119 136.170 47.414 0.029 0.00000 -1 ACTUAL_TF
40.7494 0.0317685 -1.6267115 0.6602331 -0.45145411 0.74380021 -0.43209691 -0.23715543 0.003480 1789353545.338354588 136.359 47.225 0.033 0.00000 -1 ACTUAL_TF
40.8038 0.0317630 -1.6265037 0.6602441 -0.45144549 0.74379832 -0.43210701 -0.23715936 0.003552 1789353545.394306660 136.567 47.017 0.032 0.00000 -1 ACTUAL_TF
40.8556 0.0317689 -1.6263322 0.6602464 -0.45144771 0.74379611 -0.43210977 -0.23715704 0.003405 1789353545.450355291 136.738 46.846 0.021 0.00000 -1 ACTUAL_TF
40.9112 0.0317656 -1.6261278 0.6602551 -0.45144672 0.74379188 -0.43211603 -0.23716078 0.003480 1789353545.506357193 136.943 46.642 0.019 0.00000 -1 ACTUAL_TF
40.9725 0.0317505 -1.6259426 0.6602501 -0.45144967 0.74379558 -0.43210689 -0.23716021 0.003431 1789353545.562379599 137.128 46.456 0.029 0.00000 -1 ACTUAL_TF
41.0312 0.0317415 -1.6257236 0.6602504 -0.45144976 0.74379820 -0.43210362 -0.23715777 0.003575 1789353545.618443251 137.347 46.237 0.032 0.00000 -1 ACTUAL_TF
41.0937 0.0317398 -1.6255126 0.6602507 -0.45145212 0.74379965 -0.43210005 -0.23715525 0.003633 1789353545.674438953 137.558 46.026 0.029 0.00000 -1 ACTUAL_TF
41.1369 0.0317370 -1.6253210 0.6602458 -0.45145679 0.74380228 -0.43209292 -0.23715111 0.003569 1789353545.730497122 137.750 45.834 0.029 0.00000 -1 ACTUAL_TF
41.1967 0.0317415 -1.6251270 0.6602597 -0.45145476 0.74379440 -0.43210581 -0.23715621 0.003542 1789353545.786405325 137.944 45.641 0.016 0.00000 -1 ACTUAL_TF
41.2481 0.0317527 -1.6249609 0.6602665 -0.45145749 0.74379093 -0.43210993 -0.23715439 0.003374 1789353545.842321157 138.110 45.475 0.002 0.00000 -1 ACTUAL_TF
41.3071 0.0317542 -1.6247371 0.6602614 -0.45146421 0.74379173 -0.43210375 -0.23715035 0.003558 1789353545.898449898 138.333 45.251 0.010 0.00000 -1 ACTUAL_TF
41.3681 0.0317490 -1.6245649 0.6602744 -0.45146147 0.74378574 -0.43211371 -0.23715620 0.003412 1789353545.954682589 138.506 45.079 0.009 0.00000 -1 ACTUAL_TF
41.4206 0.0317480 -1.6243414 0.6602700 -0.45146613 0.74379004 -0.43210486 -0.23714995 0.003592 1789353546.010384083 138.729 44.855 0.013 0.00000 -1 ACTUAL_TF
41.4708 0.0317492 -1.6241715 0.6602807 -0.45146814 0.74378348 -0.43211188 -0.23715390 0.003428 1789353546.066309214 138.899 44.685 0.020 0.00000 -1 ACTUAL_TF
41.5340 0.0317461 -1.6239657 0.6602886 -0.45146209 0.74378343 -0.43211760 -0.23715517 0.003500 1789353546.122444391 139.105 44.480 0.024 0.00000 -1 ACTUAL_TF
41.5935 0.0317388 -1.6237517 0.6602918 -0.45146381 0.74378290 -0.43211569 -0.23715703 0.003595 1789353546.178573847 139.319 44.265 0.023 0.00000 -1 ACTUAL_TF
41.6462 0.0317451 -1.6235721 0.6602873 -0.45146632 0.74378707 -0.43211071 -0.23714827 0.003485 1789353546.234274864 139.498 44.086 0.032 0.00000 -1 ACTUAL_TF
41.6922 0.0317345 -1.6233435 0.6602857 -0.45146938 0.74378990 -0.43210376 -0.23714620 0.003665 1789353546.290308237 139.727 43.857 0.027 0.00000 -1 ACTUAL_TF
41.7536 0.0317304 -1.6231800 0.6602935 -0.45145965 0.74379057 -0.43211177 -0.23714803 0.003442 1789353546.346358776 139.891 43.694 0.028 0.00000 -1 ACTUAL_TF
41.8129 0.0317270 -1.6229603 0.6602955 -0.45146357 0.74378976 -0.43210948 -0.23714728 0.003581 1789353546.402610779 140.110 43.474 0.030 0.00000 -1 ACTUAL_TF
41.8630 0.0317217 -1.6227812 0.6602983 -0.45146387 0.74378849 -0.43211080 -0.23714829 0.003471 1789353546.458374023 140.290 43.295 0.030 0.00000 -1 ACTUAL_TF
41.9241 0.0317146 -1.6225667 0.6602999 -0.45146118 0.74378948 -0.43211147 -0.23714910 0.003581 1789353546.514294624 140.504 43.080 0.029 0.00000 -1 ACTUAL_TF
41.9729 0.0317061 -1.6223520 0.6602978 -0.45145977 0.74379303 -0.43210798 -0.23714697 0.003656 1789353546.570380926 140.719 42.865 0.026 0.00000 -1 ACTUAL_TF
42.0325 0.0317019 -1.6221871 0.6603045 -0.45145490 0.74379183 -0.43211413 -0.23714883 0.003445 1789353546.626323700 140.884 42.700 0.027 0.00000 -1 ACTUAL_TF
42.0951 0.0316920 -1.6219467 0.6602976 -0.45145848 0.74379633 -0.43210512 -0.23714430 0.003700 1789353546.682359219 141.124 42.460 0.024 0.00000 -1 ACTUAL_TF
42.1492 0.0316870 -1.6217912 0.6603153 -0.45144796 0.74378861 -0.43212454 -0.23715319 0.003422 1789353546.738810301 141.280 42.304 0.025 0.00000 -1 ACTUAL_TF
42.2001 0.0316829 -1.6215878 0.6603243 -0.45144354 0.74378415 -0.43213443 -0.23715754 0.003493 1789353546.794447660 141.484 42.101 0.029 0.00000 -1 ACTUAL_TF
42.2596 0.0316857 -1.6214080 0.6603287 -0.45144606 0.74378041 -0.43213808 -0.23715784 0.003410 1789353546.850391626 141.663 41.921 0.037 0.00000 -1 ACTUAL_TF
42.3063 0.0316764 -1.6211795 0.6603208 -0.45145196 0.74378487 -0.43212657 -0.23715358 0.003614 1789353546.906329870 141.892 41.692 0.030 0.00000 -1 ACTUAL_TF
42.3652 0.0316760 -1.6210090 0.6603265 -0.45144652 0.74378502 -0.43213247 -0.23715272 0.003444 1789353546.962346554 142.063 41.522 0.035 0.00000 -1 ACTUAL_TF
42.4257 0.0316650 -1.6207777 0.6603231 -0.45145500 0.74378671 -0.43212224 -0.23714992 0.003653 1789353547.018265009 142.294 41.290 0.029 0.00000 -1 ACTUAL_TF
42.4863 0.0316605 -1.6205737 0.6603271 -0.45145340 0.74378837 -0.43212177 -0.23714861 0.003648 1789353547.074366093 142.498 41.086 0.030 0.00000 -1 ACTUAL_TF
42.5392 0.0316536 -1.6204023 0.6603280 -0.45145235 0.74379027 -0.43211942 -0.23714893 0.003473 1789353547.130342484 142.670 40.915 0.028 0.00000 -1 ACTUAL_TF
42.5988 0.0316425 -1.6201864 0.6603252 -0.45145726 0.74379106 -0.43211275 -0.23714927 0.003590 1789353547.186345339 142.886 40.699 0.022 0.00000 -1 ACTUAL_TF
42.6474 0.0316383 -1.6199951 0.6603255 -0.45146169 0.74379271 -0.43210703 -0.23714610 0.003535 1789353547.242491961 143.077 40.507 0.023 0.00000 -1 ACTUAL_TF
42.7089 0.0316327 -1.6197823 0.6603265 -0.45146791 0.74378937 -0.43210561 -0.23714732 0.003620 1789353547.298248291 143.290 40.294 0.024 0.00000 -1 ACTUAL_TF
42.7643 0.0316273 -1.6196024 0.6603263 -0.45146644 0.74379251 -0.43210273 -0.23714551 0.003496 1789353547.354393959 143.470 40.114 0.024 0.00000 -1 ACTUAL_TF
42.8145 0.0316198 -1.6193979 0.6603354 -0.45146616 0.74378881 -0.43210766 -0.23714863 0.003545 1789353547.410364866 143.675 39.910 0.021 0.00000 -1 ACTUAL_TF
42.8764 0.0316131 -1.6191765 0.6603316 -0.45146765 0.74379271 -0.43210156 -0.23714469 0.003666 1789353547.466480494 143.896 39.688 0.021 0.00000 -1 ACTUAL_TF
42.9391 0.0316003 -1.6190125 0.6603413 -0.45146365 0.74378868 -0.43210826 -0.23715275 0.003448 1789353547.522493839 144.060 39.524 0.012 0.00000 -1 ACTUAL_TF
42.9847 0.0316008 -1.6188003 0.6603413 -0.45146585 0.74378895 -0.43210689 -0.23715019 0.003552 1789353547.578404188 144.272 39.312 0.019 0.00000 -1 ACTUAL_TF
43.0494 0.0315915 -1.6186142 0.6603377 -0.45146343 0.74379588 -0.43210041 -0.23714488 0.003485 1789353547.634408474 144.459 39.126 0.016 0.00000 -1 ACTUAL_TF
43.1002 0.0315807 -1.6184040 0.6603402 -0.45146072 0.74379687 -0.43210044 -0.23714690 0.003567 1789353547.690415382 144.669 38.915 0.012 0.00000 -1 ACTUAL_TF
43.1547 0.0315769 -1.6182146 0.6603397 -0.45146399 0.74380034 -0.43209309 -0.23714315 0.003512 1789353547.746419430 144.859 38.726 0.015 0.00000 -1 ACTUAL_TF
43.2080 0.0315732 -1.6180018 0.6603447 -0.45146620 0.74379613 -0.43209659 -0.23714579 0.003596 1789353547.802566767 145.071 38.513 0.015 0.00000 -1 ACTUAL_TF
43.2658 0.0315716 -1.6178509 0.6603577 -0.45145372 0.74379185 -0.43211366 -0.23715184 0.003329 1789353547.858502150 145.222 38.362 0.016 0.00000 -1 ACTUAL_TF
43.3273 0.0315698 -1.6176403 0.6603633 -0.45145922 0.74378796 -0.43211379 -0.23715337 0.003463 1789353547.914318800 145.433 38.151 0.021 0.00000 -1 ACTUAL_TF
43.3725 0.0315589 -1.6174231 0.6603662 -0.45145980 0.74378680 -0.43211344 -0.23715653 0.003585 1789353547.970529079 145.651 37.934 0.016 0.00000 -1 ACTUAL_TF
43.4342 0.0315499 -1.6172398 0.6603688 -0.45146386 0.74378422 -0.43211226 -0.23715905 0.003497 1789353548.026280165 145.834 37.750 0.013 0.00000 -1 ACTUAL_TF
43.4888 0.0315401 -1.6170312 0.6603746 -0.45146523 0.74378283 -0.43211194 -0.23716140 0.003567 1789353548.082278967 146.043 37.541 0.012 0.00000 -1 ACTUAL_TF
43.5470 0.0315386 -1.6168516 0.6603762 -0.45146897 0.74378167 -0.43211051 -0.23716052 0.003457 1789353548.138364315 146.222 37.362 0.014 0.00000 -1 ACTUAL_TF
43.6045 0.0315326 -1.6166600 0.6603876 -0.45146357 0.74377682 -0.43212074 -0.23716735 0.003450 1789353548.194305420 146.414 37.170 0.021 0.00000 -1 ACTUAL_TF
43.6572 0.0315151 -1.6164719 0.6603904 -0.45146812 0.74377378 -0.43211832 -0.23717263 0.003427 1789353548.250315666 146.603 36.981 0.019 0.00000 -1 ACTUAL_TF
43.7162 0.0315149 -1.6162540 0.6603886 -0.45146741 0.74377794 -0.43211521 -0.23716660 0.003564 1789353548.306434631 146.821 36.764 0.015 0.00000 -1 ACTUAL_TF
43.7759 0.0315044 -1.6160749 0.6603915 -0.45146963 0.74377649 -0.43211466 -0.23716791 0.003457 1789353548.362343550 147.000 36.584 0.015 0.00000 -1 ACTUAL_TF
43.8236 0.0314941 -1.6158759 0.6604018 -0.45146670 0.74377113 -0.43212257 -0.23717590 0.003486 1789353548.418532610 147.199 36.385 0.024 0.00000 -1 ACTUAL_TF
43.8842 0.0314782 -1.6156542 0.6603965 -0.45146216 0.74378082 -0.43211321 -0.23717122 0.003634 1789353548.474379063 147.421 36.163 0.023 0.00000 -1 ACTUAL_TF
43.9455 0.0314696 -1.6154586 0.6603887 -0.45147210 0.74378449 -0.43209951 -0.23716575 0.003592 1789353548.530452490 147.617 35.967 0.021 0.00000 -1 ACTUAL_TF
43.9995 0.0314655 -1.6152593 0.6603951 -0.45146712 0.74378707 -0.43210079 -0.23716478 0.003585 1789353548.586364985 147.816 35.768 0.021 0.00000 -1 ACTUAL_TF
44.0514 0.0314526 -1.6150617 0.6603866 -0.45147357 0.74379058 -0.43208949 -0.23716210 0.003571 1789353548.642350197 148.014 35.570 0.027 0.00000 -1 ACTUAL_TF
44.1085 0.0314430 -1.6148614 0.6603924 -0.45146673 0.74379196 -0.43209371 -0.23716309 0.003573 1789353548.698416471 148.215 35.370 0.031 0.00000 -1 ACTUAL_TF
44.1614 0.0314383 -1.6146676 0.6603871 -0.45146856 0.74379837 -0.43208423 -0.23715678 0.003542 1789353548.754298449 148.408 35.176 0.031 0.00000 -1 ACTUAL_TF
44.2238 0.0314306 -1.6144588 0.6603954 -0.45146706 0.74379417 -0.43209068 -0.23716106 0.003598 1789353548.810429573 148.617 34.967 0.032 0.00000 -1 ACTUAL_TF
44.2737 0.0314294 -1.6142331 0.6603905 -0.45147235 0.74379783 -0.43208180 -0.23715569 0.003730 1789353548.866309404 148.843 34.741 0.028 0.00000 -1 ACTUAL_TF
44.3284 0.0314356 -1.6140750 0.6604011 -0.45147207 0.74379167 -0.43209136 -0.23715812 0.003459 1789353548.922386885 149.001 34.583 0.016 0.00000 -1 ACTUAL_TF
44.3879 0.0314268 -1.6138568 0.6604010 -0.45147124 0.74379470 -0.43208777 -0.23715675 0.003593 1789353548.978292704 149.219 34.365 0.019 0.00000 -1 ACTUAL_TF
44.4369 0.0314233 -1.6136751 0.6604025 -0.45146776 0.74379559 -0.43209025 -0.23715607 0.003487 1789353549.034448624 149.401 34.183 0.018 0.00000 -1 ACTUAL_TF
44.4978 0.0314135 -1.6134358 0.6603928 -0.45147581 0.74380178 -0.43207494 -0.23714920 0.003727 1789353549.090357065 149.640 33.944 0.027 0.00000 -1 ACTUAL_TF
44.5514 0.0314194 -1.6132762 0.6604048 -0.45147109 0.74379713 -0.43208713 -0.23715057 0.003467 1789353549.146368027 149.800 33.784 0.012 0.00000 -1 ACTUAL_TF
44.6097 0.0314233 -1.6130731 0.6604122 -0.45147222 0.74379260 -0.43209275 -0.23715241 0.003517 1789353549.202301025 150.003 33.581 0.002 0.00000 -1 ACTUAL_TF
44.6739 0.0314317 -1.6128931 0.6604133 -0.45147508 0.74379308 -0.43209153 -0.23714768 0.003426 1789353549.258326530 150.183 33.402 0.013 0.00000 -1 ACTUAL_TF
44.7251 0.0314363 -1.6126925 0.6604256 -0.45147316 0.74378592 -0.43210413 -0.23715083 0.003472 1789353549.314505339 150.383 33.201 0.023 0.00000 -1 ACTUAL_TF
44.7753 0.0314248 -1.6124652 0.6604296 -0.45147338 0.74378475 -0.43210455 -0.23715329 0.003653 1789353549.370364666 150.611 32.974 0.019 0.00000 -1 ACTUAL_TF
44.8375 0.0314230 -1.6122854 0.6604303 -0.45146869 0.74378749 -0.43210627 -0.23715053 0.003520 1789353549.426364660 150.790 32.794 0.021 0.00000 -1 ACTUAL_TF
44.8918 0.0314235 -1.6120950 0.6604502 -0.45146269 0.74378188 -0.43212000 -0.23715449 0.003489 1789353549.482407570 150.981 32.603 0.035 0.00000 -1 ACTUAL_TF
44.9456 0.0314152 -1.6119144 0.6604520 -0.45145944 0.74378263 -0.43212161 -0.23715542 0.003404 1789353549.538828850 151.162 32.423 0.033 0.00000 -1 ACTUAL_TF
44.9995 0.0314028 -1.6117112 0.6604620 -0.45145587 0.74377860 -0.43212839 -0.23716249 0.003483 1789353549.594396353 151.365 32.219 0.035 0.00000 -1 ACTUAL_TF
45.0549 0.0314053 -1.6115402 0.6604696 -0.45145222 0.74377752 -0.43213490 -0.23716095 0.003358 1789353549.650223494 151.536 32.048 0.043 0.00000 -1 ACTUAL_TF
45.1105 0.0313995 -1.6113217 0.6604721 -0.45144574 0.74377941 -0.43213899 -0.23715992 0.003518 1789353549.706389904 151.755 31.829 0.043 0.00000 -1 ACTUAL_TF
45.1788 0.0313930 -1.6111192 0.6604810 -0.45144393 0.74377547 -0.43214501 -0.23716477 0.003546 1789353549.762525320 151.958 31.627 0.048 0.00000 -1 ACTUAL_TF
45.2291 0.0313857 -1.6109163 0.6604723 -0.45144435 0.74378357 -0.43213536 -0.23715613 0.003572 1789353549.818471670 152.160 31.424 0.038 0.00000 -1 ACTUAL_TF
45.2909 0.0313789 -1.6107070 0.6604755 -0.45144505 0.74378357 -0.43213415 -0.23715700 0.003623 1789353549.874480724 152.370 31.214 0.038 0.00000 -1 ACTUAL_TF
45.3376 0.0313701 -1.6105300 0.6604715 -0.45144322 0.74378904 -0.43212825 -0.23715408 0.003485 1789353549.930486441 152.547 31.037 0.030 0.00000 -1 ACTUAL_TF
45.3971 0.0313642 -1.6103178 0.6604722 -0.45144207 0.74379238 -0.43212502 -0.23715169 0.003578 1789353549.986422062 152.759 30.825 0.029 0.00000 -1 ACTUAL_TF
45.4487 0.0313689 -1.6101349 0.6604660 -0.45144419 0.74379762 -0.43211810 -0.23714383 0.003484 1789353550.042495966 152.942 30.642 0.030 0.00000 -1 ACTUAL_TF
45.5027 0.0313555 -1.6099023 0.6604622 -0.45144617 0.74380305 -0.43210910 -0.23713944 0.003688 1789353550.098444700 153.175 30.410 0.020 0.00000 -1 ACTUAL_TF
45.5602 0.0313525 -1.6097072 0.6604560 -0.45145081 0.74380655 -0.43210090 -0.23713457 0.003628 1789353550.154458046 153.370 30.215 0.021 0.00000 -1 ACTUAL_TF
45.6170 0.0313507 -1.6094967 0.6604592 -0.45145435 0.74380481 -0.43210054 -0.23713390 0.003666 1789353550.210486889 153.580 30.004 0.025 0.00000 -1 ACTUAL_TF
45.6759 0.0313542 -1.6092964 0.6604620 -0.45144931 0.74380619 -0.43210492 -0.23713119 0.003643 1789353550.266320467 153.780 29.804 0.034 0.00000 -1 ACTUAL_TF
45.7258 0.0313426 -1.6091203 0.6604827 -0.45145006 0.74379337 -0.43211880 -0.23714467 0.003502 1789353550.322323799 153.957 29.627 0.033 0.00000 -1 ACTUAL_TF
45.7856 0.0313443 -1.6089037 0.6604871 -0.45145266 0.74380565 -0.43210311 -0.23712984 0.003604 1789353550.378693104 154.173 29.411 0.041 0.00000 -1 ACTUAL_TF
45.8450 0.0313388 -1.6087339 0.6605013 -0.45144421 0.74380185 -0.43211465 -0.23713680 0.003436 1789353550.434732676 154.344 29.241 0.047 0.00000 -1 ACTUAL_TF
45.9011 0.0313334 -1.6085277 0.6605048 -0.45144471 0.74380201 -0.43211366 -0.23713717 0.003515 1789353550.490509987 154.550 29.034 0.048 0.00000 -1 ACTUAL_TF
45.9670 0.0313253 -1.6083388 0.6604957 -0.45145202 0.74380391 -0.43210477 -0.23713348 0.003476 1789353550.546418190 154.739 28.846 0.039 0.00000 -1 ACTUAL_TF
46.0138 0.0313157 -1.6081266 0.6604994 -0.45145441 0.74380278 -0.43210296 -0.23713578 0.003570 1789353550.602488756 154.951 28.633 0.036 0.00000 -1 ACTUAL_TF
46.0638 0.0313061 -1.6079494 0.6604977 -0.45145264 0.74380369 -0.43210199 -0.23713805 0.003450 1789353550.658467293 155.129 28.456 0.030 0.00000 -1 ACTUAL_TF
46.1200 0.0312966 -1.6077328 0.6604933 -0.45145708 0.74380572 -0.43209434 -0.23713718 0.003576 1789353550.714479923 155.345 28.239 0.023 0.00000 -1 ACTUAL_TF
46.1793 0.0312883 -1.6075287 0.6605001 -0.45145986 0.74379884 -0.43209977 -0.23714354 0.003596 1789353550.770629883 155.550 28.035 0.024 0.00000 -1 ACTUAL_TF
46.2353 0.0312832 -1.6073568 0.6605079 -0.45144033 0.74380508 -0.43211014 -0.23714228 0.003442 1789353550.826444626 155.722 27.863 0.028 0.00000 -1 ACTUAL_TF
46.2900 0.0312680 -1.6071397 0.6605042 -0.45145087 0.74379994 -0.43210425 -0.23714907 0.003575 1789353550.882446289 155.939 27.645 0.018 0.00000 -1 ACTUAL_TF
46.3451 0.0312594 -1.6069527 0.6605012 -0.45145297 0.74380277 -0.43209879 -0.23714615 0.003509 1789353550.938253403 156.126 27.458 0.011 0.00000 -1 ACTUAL_TF
46.4050 0.0312647 -1.6067562 0.6605038 -0.45144703 0.74380248 -0.43210695 -0.23714350 0.003502 1789353550.994657755 156.322 27.262 0.018 0.00000 -1 ACTUAL_TF
46.4542 0.0312504 -1.6065829 0.6605090 -0.45144248 0.74380181 -0.43210983 -0.23714900 0.003389 1789353551.050353289 156.496 27.088 0.015 0.00000 -1 ACTUAL_TF
46.5177 0.0312511 -1.6063779 0.6605173 -0.45143800 0.74379826 -0.43211900 -0.23715197 0.003472 1789353551.106305838 156.701 26.883 0.023 0.00000 -1 ACTUAL_TF
46.5703 0.0312468 -1.6061543 0.6605233 -0.45143972 0.74379280 -0.43212468 -0.23715546 0.003627 1789353551.162405729 156.925 26.660 0.026 0.00000 -1 ACTUAL_TF
46.6316 0.0312431 -1.6059840 0.6605257 -0.45143650 0.74379132 -0.43213018 -0.23715620 0.003452 1789353551.218368769 157.095 26.489 0.027 0.00000 -1 ACTUAL_TF
46.6805 0.0312331 -1.6057757 0.6605354 -0.45143602 0.74378410 -0.43213809 -0.23716535 0.003535 1789353551.274366617 157.304 26.281 0.032 0.00000 -1 ACTUAL_TF
46.7384 0.0312366 -1.6055985 0.6605288 -0.45144122 0.74378865 -0.43212923 -0.23715730 0.003424 1789353551.330391407 157.481 26.104 0.028 0.00000 -1 ACTUAL_TF
46.7914 0.0312335 -1.6053896 0.6605298 -0.45144770 0.74378507 -0.43212807 -0.23715834 0.003518 1789353551.386287451 157.690 25.895 0.029 0.00000 -1 ACTUAL_TF
46.8509 0.0312178 -1.6051938 0.6605203 -0.45145441 0.74378826 -0.43211597 -0.23715762 0.003514 1789353551.442419529 157.886 25.699 0.013 0.00000 -1 ACTUAL_TF
46.9068 0.0312085 -1.6049452 0.6605098 -0.45146228 0.74379419 -0.43210074 -0.23715176 0.003787 1789353551.498689413 158.134 25.450 0.010 0.00000 -1 ACTUAL_TF
46.9684 0.0311967 -1.6047876 0.6605176 -0.45146015 0.74379012 -0.43210597 -0.23715907 0.003489 1789353551.555353642 158.292 25.292 0.001 0.00000 -1 ACTUAL_TF
47.0216 0.0311960 -1.6045560 0.6605039 -0.45146539 0.74379800 -0.43209300 -0.23714800 0.003708 1789353551.610349894 158.524 25.061 0.018 0.00000 -1 ACTUAL_TF
47.0757 0.0311855 -1.6043385 0.6605030 -0.45147331 0.74379556 -0.43208679 -0.23715190 0.003763 1789353551.666297913 158.741 24.843 0.020 0.00000 -1 ACTUAL_TF
47.1319 0.0311846 -1.6041565 0.6605003 -0.45147345 0.74379971 -0.43208294 -0.23714562 0.003604 1789353551.722574234 158.923 24.661 0.026 0.00000 -1 ACTUAL_TF
47.1831 0.0311695 -1.6039497 0.6605043 -0.45147224 0.74379848 -0.43208324 -0.23715124 0.003637 1789353551.778439999 159.130 24.454 0.024 0.00000 -1 ACTUAL_TF
47.2475 0.0311607 -1.6037639 0.6604987 -0.45147016 0.74380385 -0.43207817 -0.23714760 0.003544 1789353551.834383726 159.316 24.268 0.033 0.00000 -1 ACTUAL_TF
47.2987 0.0311539 -1.6035354 0.6604987 -0.45147545 0.74380507 -0.43207180 -0.23714530 0.003705 1789353551.890429974 159.545 24.040 0.035 0.00000 -1 ACTUAL_TF
47.3556 0.0311412 -1.6033569 0.6604973 -0.45147388 0.74380917 -0.43206632 -0.23714543 0.003551 1789353551.946448565 159.723 23.861 0.041 0.00000 -1 ACTUAL_TF
47.4131 0.0311330 -1.6031503 0.6605027 -0.45147078 0.74380797 -0.43207030 -0.23714783 0.003594 1789353552.002453804 159.930 23.654 0.040 0.00000 -1 ACTUAL_TF
47.4631 0.0311266 -1.6029302 0.6604971 -0.45147779 0.74381058 -0.43206021 -0.23714470 0.003690 1789353552.058728456 160.150 23.434 0.047 0.00000 -1 ACTUAL_TF
47.5293 0.0311289 -1.6027638 0.6605032 -0.45147270 0.74381034 -0.43206653 -0.23714363 0.003480 1789353552.114391327 160.317 23.268 0.041 0.00000 -1 ACTUAL_TF
47.5859 0.0311254 -1.6025353 0.6605027 -0.45147724 0.74380972 -0.43206380 -0.23714188 0.003660 1789353552.170399427 160.545 23.039 0.044 0.00000 -1 ACTUAL_TF
47.6359 0.0311216 -1.6023516 0.6605079 -0.45147821 0.74380655 -0.43206730 -0.23714361 0.003547 1789353552.226385593 160.729 22.855 0.041 0.00000 -1 ACTUAL_TF
47.6850 0.0311135 -1.6021355 0.6605086 -0.45147874 0.74380752 -0.43206472 -0.23714427 0.003641 1789353552.282431841 160.945 22.639 0.043 0.00000 -1 ACTUAL_TF
47.7467 0.0311114 -1.6019854 0.6605220 -0.45147179 0.74380195 -0.43207881 -0.23714929 0.003355 1789353552.338490248 161.095 22.489 0.032 0.00000 -1 ACTUAL_TF
47.8032 0.0311068 -1.6017840 0.6605318 -0.45147344 0.74379693 -0.43208276 -0.23715467 0.003430 1789353552.394426584 161.297 22.287 0.024 0.00000 -1 ACTUAL_TF
47.8521 0.0311154 -1.6016208 0.6605391 -0.45147191 0.74379355 -0.43209106 -0.23715308 0.003279 1789353552.450371742 161.460 22.124 0.019 0.00000 -1 ACTUAL_TF
47.9148 0.0311003 -1.6013944 0.6605458 -0.45147533 0.74379023 -0.43209074 -0.23715757 0.003508 1789353552.506484270 161.687 21.898 0.015 0.00000 -1 ACTUAL_TF
47.9669 0.0311037 -1.6011899 0.6605633 -0.45146653 0.74378479 -0.43210734 -0.23716113 0.003555 1789353552.562499523 161.891 21.693 0.007 0.00000 -1 ACTUAL_TF
48.0358 0.0311027 -1.6010086 0.6605667 -0.45147561 0.74378129 -0.43210416 -0.23716060 0.003460 1789353552.618499279 162.073 21.512 0.011 0.00000 -1 ACTUAL_TF
48.0886 0.0311153 -1.6008278 0.6605826 -0.45147094 0.74377496 -0.43211908 -0.23716219 0.003396 1789353552.674551964 162.253 21.331 0.032 0.00000 -1 ACTUAL_TF
48.1412 0.0311096 -1.6006516 0.6605923 -0.45146936 0.74377235 -0.43212387 -0.23716464 0.003325 1789353552.730441332 162.430 21.155 0.036 0.00000 -1 ACTUAL_TF
48.1903 0.0311001 -1.6004355 0.6605941 -0.45147093 0.74377491 -0.43211874 -0.23716300 0.003486 1789353552.786439180 162.646 20.939 0.033 0.00000 -1 ACTUAL_TF
48.2477 0.0310982 -1.6002779 0.6606086 -0.45146357 0.74377167 -0.43213015 -0.23716638 0.003289 1789353552.842414379 162.804 20.781 0.044 0.00000 -1 ACTUAL_TF
48.3077 0.0310891 -1.6000356 0.6605999 -0.45147171 0.74377979 -0.43211251 -0.23715754 0.003604 1789353552.898312569 163.046 20.538 0.033 0.00000 -1 ACTUAL_TF
48.3564 0.0310902 -1.5998592 0.6606066 -0.45146760 0.74377874 -0.43211915 -0.23715654 0.003468 1789353552.954337120 163.222 20.362 0.041 0.00000 -1 ACTUAL_TF
48.4189 0.0310782 -1.5996292 0.6606015 -0.45146677 0.74378916 -0.43210671 -0.23714812 0.003659 1789353553.010486841 163.453 20.132 0.031 0.00000 -1 ACTUAL_TF
48.4816 0.0310793 -1.5994291 0.6606064 -0.45146517 0.74378832 -0.43211032 -0.23714722 0.003635 1789353553.066413164 163.652 19.932 0.038 0.00000 -1 ACTUAL_TF
48.5405 0.0310668 -1.5992395 0.6606048 -0.45146337 0.74379341 -0.43210500 -0.23714440 0.003557 1789353553.122727633 163.842 19.742 0.030 0.00000 -1 ACTUAL_TF
48.5911 0.0310656 -1.5990394 0.6606123 -0.45146085 0.74379084 -0.43211128 -0.23714578 0.003567 1789353553.178498745 164.042 19.542 0.036 0.00000 -1 ACTUAL_TF
48.6457 0.0310577 -1.5988473 0.6606096 -0.45145687 0.74379834 -0.43210550 -0.23714039 0.003529 1789353553.234385729 164.235 19.350 0.031 0.00000 -1 ACTUAL_TF
48.7024 0.0310429 -1.5986265 0.6606115 -0.45145247 0.74380205 -0.43210360 -0.23714057 0.003652 1789353553.290545464 164.456 19.129 0.024 0.00000 -1 ACTUAL_TF
48.7508 0.0310394 -1.5984291 0.6606011 -0.45145602 0.74380931 -0.43209207 -0.23713206 0.003619 1789353553.346392632 164.653 18.931 0.019 0.00000 -1 ACTUAL_TF
48.8103 0.0310379 -1.5982345 0.6606072 -0.45145080 0.74380968 -0.43209718 -0.23713153 0.003576 1789353553.402392626 164.848 18.737 0.024 0.00000 -1 ACTUAL_TF
48.8648 0.0310328 -1.5980248 0.6606089 -0.45145100 0.74381085 -0.43209518 -0.23713112 0.003627 1789353553.458385944 165.057 18.527 0.024 0.00000 -1 ACTUAL_TF
48.9213 0.0310215 -1.5978238 0.6605999 -0.45145321 0.74381770 -0.43208425 -0.23712535 0.003618 1789353553.514436722 165.259 18.326 0.018 0.00000 -1 ACTUAL_TF
48.9781 0.0310203 -1.5976154 0.6606065 -0.45144901 0.74381715 -0.43208953 -0.23712547 0.003651 1789353553.570367575 165.467 18.117 0.022 0.00000 -1 ACTUAL_TF
49.0433 0.0310170 -1.5974265 0.6606010 -0.45145461 0.74381884 -0.43208263 -0.23712205 0.003566 1789353553.626475811 165.656 17.928 0.025 0.00000 -1 ACTUAL_TF
49.1061 0.0310088 -1.5972356 0.6606187 -0.45144158 0.74381383 -0.43209988 -0.23713117 0.003516 1789353553.682914734 165.847 17.737 0.022 0.00000 -1 ACTUAL_TF
49.1468 0.0310120 -1.5970751 0.6606211 -0.45144661 0.74380864 -0.43210285 -0.23713244 0.003329 1789353553.738418818 166.007 17.577 0.029 0.00000 -1 ACTUAL_TF
49.2032 0.0309998 -1.5968573 0.6606190 -0.45144528 0.74381161 -0.43209974 -0.23713133 0.003498 1789353553.794480085 166.225 17.359 0.023 0.00000 -1 ACTUAL_TF
49.2597 0.0309804 -1.5966772 0.6606226 -0.45144867 0.74380922 -0.43209642 -0.23713841 0.003420 1789353553.850426912 166.406 17.178 0.009 0.00000 -1 ACTUAL_TF
49.3093 0.0309721 -1.5964654 0.6606310 -0.45144588 0.74380650 -0.43210244 -0.23714130 0.003530 1789353553.906433105 166.618 16.966 0.011 0.00000 -1 ACTUAL_TF
49.3657 0.0309663 -1.5962619 0.6606372 -0.45144636 0.74380087 -0.43210887 -0.23714630 0.003564 1789353553.962325573 166.822 16.763 0.014 0.00000 -1 ACTUAL_TF
49.4243 0.0309605 -1.5960859 0.6606444 -0.45145360 0.74379291 -0.43211101 -0.23715361 0.003438 1789353554.018381357 166.998 16.586 0.018 0.00000 -1 ACTUAL_TF
49.4860 0.0309518 -1.5958876 0.6606545 -0.45144843 0.74378743 -0.43212225 -0.23716016 0.003471 1789353554.074420452 167.196 16.388 0.025 0.00000 -1 ACTUAL_TF
49.5422 0.0309546 -1.5957135 0.6606583 -0.45144821 0.74378734 -0.43212415 -0.23715740 0.003362 1789353554.130447865 167.370 16.214 0.028 0.00000 -1 ACTUAL_TF
49.5929 0.0309432 -1.5955058 0.6606599 -0.45145209 0.74378401 -0.43212346 -0.23716169 0.003469 1789353554.186410427 167.578 16.006 0.026 0.00000 -1 ACTUAL_TF
49.6533 0.0309295 -1.5953203 0.6606585 -0.45144802 0.74378821 -0.43212067 -0.23716136 0.003424 1789353554.242431164 167.764 15.820 0.023 0.00000 -1 ACTUAL_TF
49.7099 0.0309265 -1.5951051 0.6606596 -0.45145066 0.74378893 -0.43211743 -0.23715997 0.003549 1789353554.298495770 167.979 15.605 0.021 0.00000 -1 ACTUAL_TF
49.7695 0.0309149 -1.5948623 0.6606486 -0.45145572 0.74379650 -0.43210328 -0.23715240 0.003780 1789353554.354834080 168.222 15.362 0.010 0.00000 -1 ACTUAL_TF
49.8209 0.0309178 -1.5946969 0.6606547 -0.45145835 0.74379265 -0.43210616 -0.23715421 0.003541 1789353554.410321712 168.388 15.197 0.011 0.00000 -1 ACTUAL_TF
49.8722 0.0309200 -1.5944778 0.6606457 -0.45145775 0.74380193 -0.43209711 -0.23714274 0.003651 1789353554.466438293 168.606 14.978 0.008 0.00000 -1 ACTUAL_TF
49.9299 0.0309259 -1.5943125 0.6606556 -0.45145915 0.74379549 -0.43210502 -0.23714585 0.003441 1789353554.522572279 168.772 14.813 0.020 0.00000 -1 ACTUAL_TF
49.9844 0.0309147 -1.5940807 0.6606518 -0.45146694 0.74379491 -0.43209799 -0.23714566 0.003656 1789353554.578406572 169.004 14.581 0.014 0.00000 -1 ACTUAL_TF
50.0458 0.0309113 -1.5939119 0.6606589 -0.45146571 0.74378992 -0.43210452 -0.23715176 0.003464 1789353554.634414434 169.172 14.412 0.016 0.00000 -1 ACTUAL_TF
50.0991 0.0309069 -1.5936940 0.6606606 -0.45146727 0.74379113 -0.43210171 -0.23715011 0.003584 1789353554.690845251 169.390 14.194 0.017 0.00000 -1 ACTUAL_TF
50.1534 0.0308995 -1.5935064 0.6606595 -0.45147194 0.74379002 -0.43209803 -0.23715140 0.003521 1789353554.746484280 169.578 14.006 0.015 0.00000 -1 ACTUAL_TF
50.2161 0.0308958 -1.5932970 0.6606591 -0.45147940 0.74378673 -0.43209468 -0.23715362 0.003587 1789353554.802428722 169.787 13.797 0.017 0.00000 -1 ACTUAL_TF
50.2652 0.0308869 -1.5930759 0.6606571 -0.45148374 0.74378962 -0.43208687 -0.23715053 0.003698 1789353554.858368158 170.009 13.576 0.016 0.00000 -1 ACTUAL_TF
50.3226 0.0308849 -1.5929123 0.6606655 -0.45148207 0.74378382 -0.43209608 -0.23715510 0.003466 1789353554.914409161 170.172 13.412 0.016 0.00000 -1 ACTUAL_TF
50.3818 0.0308763 -1.5926774 0.6606641 -0.45148736 0.74378579 -0.43208851 -0.23715266 0.003684 1789353554.970462322 170.407 13.177 0.015 0.00000 -1 ACTUAL_TF
50.4339 0.0308711 -1.5925165 0.6606714 -0.45147755 0.74378613 -0.43209644 -0.23715582 0.003446 1789353555.026239634 170.569 13.016 0.013 0.00000 -1 ACTUAL_TF
50.4942 0.0308635 -1.5922979 0.6606740 -0.45148088 0.74378286 -0.43209748 -0.23715784 0.003581 1789353555.082379580 170.787 12.797 0.012 0.00000 -1 ACTUAL_TF
50.5412 0.0308536 -1.5921340 0.6606819 -0.45147490 0.74378310 -0.43210155 -0.23716105 0.003389 1789353555.138297081 170.951 12.633 0.009 0.00000 -1 ACTUAL_TF
50.6017 0.0308421 -1.5919181 0.6606797 -0.45146982 0.74378944 -0.43209766 -0.23715792 0.003531 1789353555.194251060 171.168 12.417 0.001 0.00000 -1 ACTUAL_TF
50.6577 0.0308304 -1.5917513 0.6606835 -0.45146861 0.74378775 -0.43209966 -0.23716189 0.003367 1789353555.250330925 171.335 12.250 0.007 0.00000 -1 ACTUAL_TF
50.7120 0.0308220 -1.5915214 0.6606792 -0.45146826 0.74379321 -0.43209324 -0.23715714 0.003589 1789353555.306322575 171.565 12.020 0.009 0.00000 -1 ACTUAL_TF
50.7694 0.0308254 -1.5913264 0.6606907 -0.45146627 0.74378811 -0.43210311 -0.23715893 0.003559 1789353555.362337828 171.760 11.825 0.005 0.00000 -1 ACTUAL_TF
50.8226 0.0308184 -1.5911655 0.6607007 -0.45145840 0.74378498 -0.43211372 -0.23716441 0.003357 1789353555.418251514 171.921 11.664 0.013 0.00000 -1 ACTUAL_TF
50.8782 0.0308225 -1.5909588 0.6607108 -0.45145847 0.74377727 -0.43212472 -0.23716839 0.003452 1789353555.474585772 172.127 11.457 0.021 0.00000 -1 ACTUAL_TF
50.9409 0.0308048 -1.5907638 0.6607044 -0.45145748 0.74378492 -0.43211372 -0.23716634 0.003471 1789353555.530317307 172.323 11.262 0.012 0.00000 -1 ACTUAL_TF
50.9913 0.0308081 -1.5905770 0.6607232 -0.45145822 0.74377161 -0.43213138 -0.23717450 0.003436 1789353555.586323261 172.510 11.075 0.028 0.00000 -1 ACTUAL_TF
51.0533 0.0307991 -1.5903771 0.6607145 -0.45146390 0.74377739 -0.43211839 -0.23716923 0.003474 1789353555.642524004 172.709 10.875 0.016 0.00000 -1 ACTUAL_TF
51.1127 0.0307981 -1.5901718 0.6607184 -0.45146151 0.74377680 -0.43212201 -0.23716903 0.003536 1789353555.698335886 172.915 10.670 0.018 0.00000 -1 ACTUAL_TF
51.1578 0.0307909 -1.5899468 0.6607131 -0.45146688 0.74377996 -0.43211276 -0.23716574 0.003679 1789353555.754456282 173.140 10.445 0.010 0.00000 -1 ACTUAL_TF
51.2219 0.0307947 -1.5897735 0.6607123 -0.45146877 0.74378082 -0.43211047 -0.23716362 0.003508 1789353555.810185671 173.313 10.271 0.014 0.00000 -1 ACTUAL_TF
51.2724 0.0307997 -1.5895538 0.6607125 -0.45147251 0.74378296 -0.43210621 -0.23715757 0.003628 1789353555.866440296 173.532 10.052 0.024 0.00000 -1 ACTUAL_TF
51.3319 0.0307981 -1.5893700 0.6607071 -0.45147988 0.74378469 -0.43209790 -0.23715324 0.003525 1789353555.922425508 173.716 9.868 0.027 0.00000 -1 ACTUAL_TF
51.3852 0.0307858 -1.5891447 0.6607071 -0.45147663 0.74378858 -0.43209440 -0.23715362 0.003678 1789353555.978317022 173.942 9.643 0.022 0.00000 -1 ACTUAL_TF
51.4407 0.0307783 -1.5889587 0.6607082 -0.45147950 0.74378740 -0.43209269 -0.23715496 0.003573 1789353556.034290075 174.128 9.457 0.020 0.00000 -1 ACTUAL_TF
51.5034 0.0307772 -1.5887511 0.6607144 -0.45147633 0.74378830 -0.43209543 -0.23715318 0.003612 1789353556.090354204 174.335 9.249 0.024 0.00000 -1 ACTUAL_TF
51.5539 0.0307684 -1.5885832 0.6607187 -0.45147546 0.74378639 -0.43209745 -0.23715712 0.003429 1789353556.146355391 174.503 9.081 0.019 0.00000 -1 ACTUAL_TF
51.6083 0.0307668 -1.5883710 0.6607197 -0.45147072 0.74379038 -0.43209798 -0.23715270 0.003539 1789353556.202253580 174.716 8.869 0.024 0.00000 -1 ACTUAL_TF
51.6701 0.0307567 -1.5881428 0.6607174 -0.45147277 0.74379323 -0.43209211 -0.23715055 0.003698 1789353556.258422613 174.944 8.640 0.021 0.00000 -1 ACTUAL_TF
51.7191 0.0307420 -1.5879592 0.6607188 -0.45146847 0.74379635 -0.43209086 -0.23715121 0.003569 1789353556.314804316 175.128 8.456 0.014 0.00000 -1 ACTUAL_TF
51.7788 0.0307350 -1.5877527 0.6607253 -0.45146822 0.74379546 -0.43209181 -0.23715274 0.003614 1789353556.370383263 175.335 8.250 0.010 0.00000 -1 ACTUAL_TF
51.8337 0.0307300 -1.5875627 0.6607231 -0.45146984 0.74379828 -0.43208764 -0.23714844 0.003548 1789353556.426377773 175.525 8.060 0.014 0.00000 -1 ACTUAL_TF
51.8935 0.0307241 -1.5873688 0.6607274 -0.45146406 0.74379987 -0.43209010 -0.23714994 0.003516 1789353556.482783079 175.719 7.866 0.012 0.00000 -1 ACTUAL_TF
51.9455 0.0307225 -1.5871806 0.6607278 -0.45146325 0.74380196 -0.43208924 -0.23714649 0.003475 1789353556.538473606 175.907 7.678 0.016 0.00000 -1 ACTUAL_TF
52.0001 0.0307021 -1.5869778 0.6607363 -0.45145743 0.74379996 -0.43209516 -0.23715307 0.003526 1789353556.594422340 176.110 7.474 0.005 0.00000 -1 ACTUAL_TF
52.0606 0.0306928 -1.5867440 0.6607359 -0.45145968 0.74380143 -0.43209130 -0.23715121 0.003723 1789353556.650376081 176.344 7.240 0.010 0.00000 -1 ACTUAL_TF
52.1173 0.0306906 -1.5865885 0.6607508 -0.45145239 0.74379693 -0.43210333 -0.23715728 0.003440 1789353556.706544161 176.500 7.085 0.006 0.00000 -1 ACTUAL_TF
52.1760 0.0306921 -1.5863753 0.6607522 -0.45145209 0.74379818 -0.43210344 -0.23715372 0.003551 1789353556.762507915 176.713 6.871 0.005 0.00000 -1 ACTUAL_TF
52.2195 0.0306880 -1.5861799 0.6607492 -0.45145872 0.74379898 -0.43209715 -0.23715006 0.003537 1789353556.818311930 176.908 6.676 0.005 0.00000 -1 ACTUAL_TF
52.2829 0.0306862 -1.5859719 0.6607606 -0.45144923 0.74379690 -0.43210937 -0.23715238 0.003590 1789353556.874390602 177.116 6.468 0.012 0.00000 -1 ACTUAL_TF
52.3350 0.0306912 -1.5858080 0.6607654 -0.45144929 0.74379449 -0.43211415 -0.23715112 0.003391 1789353556.930432320 177.280 6.304 0.021 0.00000 -1 ACTUAL_TF
52.3959 0.0306781 -1.5855884 0.6607716 -0.45145055 0.74379348 -0.43211377 -0.23715259 0.003555 1789353556.986360312 177.500 6.084 0.018 0.00000 -1 ACTUAL_TF
52.4480 0.0306704 -1.5854208 0.6607768 -0.45144125 0.74379658 -0.43211774 -0.23715332 0.003386 1789353557.042414904 177.668 5.917 0.019 0.00000 -1 ACTUAL_TF
52.5107 0.0306598 -1.5852110 0.6607821 -0.45144119 0.74379436 -0.43211972 -0.23715682 0.003497 1789353557.098398447 177.878 5.706 0.020 0.00000 -1 ACTUAL_TF
52.5653 0.0306582 -1.5849936 0.6607827 -0.45144455 0.74379437 -0.43211738 -0.23715464 0.003612 1789353557.154424667 178.095 5.489 0.019 0.00000 -1 ACTUAL_TF
52.6159 0.0306564 -1.5848132 0.6607781 -0.45144878 0.74379803 -0.43210917 -0.23715006 0.003495 1789353557.210463285 178.276 5.309 0.015 0.00000 -1 ACTUAL_TF
52.6707 0.0306437 -1.5845839 0.6607755 -0.45145153 0.74380149 -0.43210098 -0.23714892 0.003680 1789353557.266319275 178.505 5.079 0.007 0.00000 -1 ACTUAL_TF
52.7339 0.0306388 -1.5844118 0.6607789 -0.45145358 0.74380215 -0.43209790 -0.23714855 0.003497 1789353557.322383881 178.677 4.907 0.008 0.00000 -1 ACTUAL_TF
52.7853 0.0306352 -1.5841773 0.6607766 -0.45145666 0.74380534 -0.43209220 -0.23714304 0.003701 1789353557.378556728 178.912 4.673 0.007 0.00000 -1 ACTUAL_TF
52.8404 0.0306299 -1.5840129 0.6607855 -0.45145163 0.74380258 -0.43209960 -0.23714781 0.003473 1789353557.434519768 179.076 4.508 0.010 0.00000 -1 ACTUAL_TF
52.9107 0.0306268 -1.5837983 0.6607851 -0.45144944 0.74380713 -0.43209683 -0.23714277 0.003580 1789353557.490604401 179.291 4.293 0.011 0.00000 -1 ACTUAL_TF
52.9535 0.0306315 -1.5836262 0.6607894 -0.45144772 0.74380673 -0.43210064 -0.23714036 0.003432 1789353557.546338320 179.463 4.122 0.020 0.00000 -1 ACTUAL_TF
53.0137 0.0306238 -1.5833822 0.6607850 -0.45145506 0.74380936 -0.43208985 -0.23713779 0.003711 1789353557.602315903 179.707 3.878 0.018 0.00000 -1 ACTUAL_TF
53.0643 0.0306175 -1.5831606 0.6607875 -0.45145404 0.74381075 -0.43208898 -0.23713695 0.003785 1789353557.658351183 179.929 3.656 0.018 0.00000 -1 ACTUAL_TF
53.1189 0.0306222 -1.5829701 0.6607913 -0.45145563 0.74380908 -0.43209181 -0.23713400 0.003674 1789353557.714176893 180.119 3.465 0.028 0.00000 -1 ACTUAL_TF
53.1793 0.0306243 -1.5827547 0.6607949 -0.45145793 0.74380751 -0.43209322 -0.23713197 0.003720 1789353557.770457029 180.334 3.250 0.036 0.00000 -1 ACTUAL_TF
53.2325 0.0306190 -1.5825805 0.6608019 -0.45145585 0.74380501 -0.43209775 -0.23713552 0.003538 1789353557.826483965 180.509 3.076 0.036 0.00000 -1 ACTUAL_TF
53.2937 0.0306114 -1.5823591 0.6608020 -0.45146267 0.74380392 -0.43209187 -0.23713669 0.003665 1789353557.882378340 180.730 2.854 0.034 0.00000 -1 ACTUAL_TF
53.3481 0.0306151 -1.5821913 0.6608101 -0.45146243 0.74379930 -0.43209922 -0.23713823 0.003446 1789353557.939657211 180.898 2.687 0.043 0.00000 -1 ACTUAL_TF
53.4013 0.0305976 -1.5819628 0.6608170 -0.45146553 0.74379462 -0.43210067 -0.23714435 0.003665 1789353557.994543076 181.127 2.458 0.034 0.00000 -1 ACTUAL_TF
53.4597 0.0305924 -1.5817623 0.6608329 -0.45145745 0.74378841 -0.43211477 -0.23715352 0.003649 1789353558.050287247 181.327 2.257 0.041 0.00000 -1 ACTUAL_TF
53.5137 0.0305807 -1.5815726 0.6608344 -0.45146418 0.74378574 -0.43211069 -0.23715654 0.003573 1789353558.106258631 181.517 2.067 0.036 0.00000 -1 ACTUAL_TF
53.5678 0.0305721 -1.5813564 0.6608385 -0.45146544 0.74378472 -0.43211058 -0.23715752 0.003659 1789353558.162343979 181.734 1.850 0.035 0.00000 -1 ACTUAL_TF
53.6267 0.0305600 -1.5811928 0.6608505 -0.45145988 0.74377999 -0.43211980 -0.23716613 0.003441 1789353558.218389273 181.898 1.687 0.040 0.00000 -1 ACTUAL_TF
53.6875 0.0305507 -1.5809794 0.6608570 -0.45145734 0.74377908 -0.43212257 -0.23716879 0.003546 1789353558.274764061 182.111 1.473 0.043 0.00000 -1 ACTUAL_TF
53.7398 0.0305334 -1.5808003 0.6608635 -0.45145353 0.74377850 -0.43212449 -0.23717436 0.003454 1789353558.330381393 182.291 1.293 0.046 0.00000 -1 ACTUAL_TF
53.8015 0.0305239 -1.5805990 0.6608773 -0.45144233 0.74377636 -0.43213709 -0.23717943 0.003501 1789353558.386324644 182.493 1.092 0.057 0.00000 -1 ACTUAL_TF
53.8562 0.0305159 -1.5804067 0.6608742 -0.45144929 0.74377803 -0.43212870 -0.23717626 0.003478 1789353558.442522764 182.685 0.899 0.052 0.00000 -1 ACTUAL_TF
53.9020 0.0305110 -1.5802051 0.6608829 -0.45144785 0.74377445 -0.43213405 -0.23718047 0.003520 1789353558.498341084 182.887 0.697 0.058 0.00000 -1 ACTUAL_TF
53.9636 0.0305146 -1.5800081 0.6608851 -0.45144528 0.74377737 -0.43213379 -0.23717667 0.003519 1789353558.554355621 183.084 0.501 0.057 0.00000 -1 ACTUAL_TF
54.0204 0.0305034 -1.5798286 0.6608866 -0.45144548 0.74377888 -0.43213019 -0.23717812 0.003426 1789353558.610381603 183.263 0.321 0.057 0.00000 -1 ACTUAL_TF
54.0788 0.0305019 -1.5796103 0.6608811 -0.45144435 0.74378824 -0.43212086 -0.23716792 0.003570 1789353558.666316986 183.482 0.103 0.048 0.00000 -1 ACTUAL_TF
54.1288 0.0304886 -1.5794219 0.6608805 -0.45144616 0.74379085 -0.43211485 -0.23716723 0.003496 1789353558.723135471 183.670 -0.086 0.046 0.00000 -1 ACTUAL_TF
54.1922 0.0304883 -1.5792137 0.6608783 -0.45145007 0.74379401 -0.43210802 -0.23716231 0.003578 1789353558.778379679 183.878 -0.294 0.040 0.00000 -1 ACTUAL_TF
54.2386 0.0304855 -1.5790446 0.6608781 -0.45145545 0.74379377 -0.43210371 -0.23716068 0.003409 1789353558.834497452 184.047 -0.463 0.038 0.00000 -1 ACTUAL_TF
54.2984 0.0304805 -1.5788371 0.6608785 -0.45145454 0.74379762 -0.43210000 -0.23715709 0.003500 1789353558.890367031 184.255 -0.671 0.036 0.00000 -1 ACTUAL_TF
54.3586 0.0304794 -1.5786805 0.6608868 -0.45145771 0.74379113 -0.43210560 -0.23716119 0.003288 1789353558.946524858 184.412 -0.827 0.042 0.00000 -1 ACTUAL_TF
54.4104 0.0304820 -1.5784751 0.6608845 -0.45146294 0.74379360 -0.43209937 -0.23715485 0.003406 1789353559.002330542 184.617 -1.033 0.039 0.00000 -1 ACTUAL_TF
54.4660 0.0304784 -1.5782583 0.6608867 -0.45146631 0.74379350 -0.43209701 -0.23715308 0.003546 1789353559.058336258 184.834 -1.249 0.039 0.00000 -1 ACTUAL_TF
54.5272 0.0304790 -1.5781196 0.6608982 -0.45146018 0.74378967 -0.43210822 -0.23715629 0.003226 1789353559.114486694 184.972 -1.388 0.050 0.00000 -1 ACTUAL_TF
54.5762 0.0304831 -1.5779243 0.6609020 -0.45146256 0.74378843 -0.43210944 -0.23715345 0.003308 1789353559.170304060 185.168 -1.583 0.055 0.00000 -1 ACTUAL_TF
54.6355 0.0304752 -1.5777688 0.6609003 -0.45146314 0.74379247 -0.43210305 -0.23715130 0.003148 1789353559.226419449 185.323 -1.739 0.050 0.00000 -1 ACTUAL_TF
54.6933 0.0304679 -1.5775782 0.6609027 -0.45146438 0.74379312 -0.43210074 -0.23715113 0.003226 1789353559.282383680 185.514 -1.930 0.050 0.00000 -1 ACTUAL_TF
54.7432 0.0304538 -1.5774122 0.6609029 -0.45146436 0.74379613 -0.43209559 -0.23715110 0.003151 1789353559.338412285 185.680 -2.096 0.044 0.00000 -1 ACTUAL_TF
54.8049 0.0304476 -1.5772354 0.6609112 -0.45146109 0.74379418 -0.43210132 -0.23715301 0.003155 1789353559.394350290 185.857 -2.273 0.050 0.00000 -1 ACTUAL_TF
54.8529 0.0304403 -1.5770490 0.6609110 -0.45146430 0.74379597 -0.43209605 -0.23715091 0.003206 1789353559.450426102 186.044 -2.459 0.047 0.00000 -1 ACTUAL_TF
54.9142 0.0304415 -1.5769176 0.6609198 -0.45145832 0.74379444 -0.43210400 -0.23715260 0.002951 1789353559.506363630 186.175 -2.591 0.055 0.00000 -1 ACTUAL_TF
54.9791 0.0304324 -1.5767578 0.6609300 -0.45145590 0.74379003 -0.43211076 -0.23715873 0.002924 1789353559.562404156 186.335 -2.751 0.062 0.00000 -1 ACTUAL_TF
55.0352 0.0304357 -1.5766224 0.6609325 -0.45145759 0.74378942 -0.43211154 -0.23715600 0.002773 1789353559.618391752 186.471 -2.886 0.064 0.00000 -1 ACTUAL_TF
55.0861 0.0304317 -1.5764654 0.6609400 -0.45145302 0.74378870 -0.43211663 -0.23715767 0.002775 1789353559.674946785 186.628 -3.043 0.070 0.00000 -1 ACTUAL_TF
55.1426 0.0304233 -1.5763280 0.6609415 -0.45145268 0.74379031 -0.43211404 -0.23715799 0.002686 1789353559.730476379 186.765 -3.181 0.069 0.00000 -1 ACTUAL_TF
55.1898 0.0304187 -1.5761668 0.6609481 -0.45145022 0.74378930 -0.43211799 -0.23715862 0.002748 1789353559.786323071 186.927 -3.342 0.073 0.00000 -1 ACTUAL_TF
55.2490 0.0304160 -1.5760452 0.6609553 -0.45144250 0.74379011 -0.43212370 -0.23716037 0.002575 1789353559.842400074 187.048 -3.464 0.079 0.00000 -1 ACTUAL_TF
55.3096 0.0304142 -1.5758981 0.6609624 -0.45144125 0.74378763 -0.43212884 -0.23716117 0.002591 1789353559.898410559 187.195 -3.611 0.084 0.00000 -1 ACTUAL_TF
55.3615 0.0304064 -1.5757467 0.6609710 -0.45143882 0.74378455 -0.43213382 -0.23716638 0.002629 1789353559.954329729 187.347 -3.763 0.090 0.00000 -1 ACTUAL_TF
55.4237 0.0304135 -1.5756216 0.6609771 -0.45143850 0.74378198 -0.43213942 -0.23716485 0.002512 1789353560.010360479 187.472 -3.888 0.097 0.00000 -1 ACTUAL_TF
55.4742 0.0304141 -1.5754764 0.6609867 -0.45143764 0.74377702 -0.43214703 -0.23716817 0.002537 1789353560.066383839 187.617 -4.033 0.105 0.00000 -1 ACTUAL_TF
55.5390 0.0304145 -1.5753320 0.6609899 -0.45143468 0.74377902 -0.43214913 -0.23716372 0.002548 1789353560.122574091 187.762 -4.177 0.108 0.00000 -1 ACTUAL_TF
55.5908 0.0304155 -1.5751858 0.6609957 -0.45143776 0.74377501 -0.43215170 -0.23716575 0.002569 1789353560.178426027 187.908 -4.324 0.113 0.00000 -1 ACTUAL_TF
55.6423 0.0304132 -1.5750727 0.6610013 -0.45143959 0.74377136 -0.43215423 -0.23716908 0.002406 1789353560.234378815 188.021 -4.437 0.117 0.00000 -1 ACTUAL_TF
55.6963 0.0304162 -1.5749191 0.6610037 -0.45144046 0.74377193 -0.43215456 -0.23716507 0.002507 1789353560.290360451 188.174 -4.590 0.120 0.00000 -1 ACTUAL_TF
55.7544 0.0304144 -1.5747823 0.6610041 -0.45143896 0.74377541 -0.43215201 -0.23716163 0.002487 1789353560.346462727 188.311 -4.727 0.120 0.00000 -1 ACTUAL_TF
55.8136 0.0304080 -1.5746981 0.6610020 -0.45143906 0.74377906 -0.43214684 -0.23715943 0.002194 1789353560.402362823 188.396 -4.811 0.115 0.00000 -1 ACTUAL_TF
55.8622 0.0304081 -1.5746342 0.6610000 -0.45144116 0.74378084 -0.43214287 -0.23715708 0.001879 1789353560.458362818 188.460 -4.875 0.113 0.00000 -1 ACTUAL_TF
