WELD FEEDBACK LOG
result=completed
started=2026-09-16 15:15:44
ended=2026-09-16 15:16:48
elapsed_seconds=64.113

================ OPERATOR OVERVIEW ================
REQUESTED : 190 A / 23.5 V · FE-SOLID 1.2 mm · LSM · CO2 100%
RX ECHO   : 190 A / 23.5 V · MATCH=YES
CURRENT FB: avg 221.82 · min 1.00 · max 236.00 A
VOLTAGE FB: avg 23.26 · min 3.00 · max 39.20 V
WIRE FEED : avg 8.40 · min 8.40 · max 8.40 m/min
ARC ON    : 61.598 s
NET WELD  : 59.773 s
WIRE USED : 8506.010 mm (base 8506.010 + alpha 0.000)
WCR       : DETECTED
SAMPLES   : RX 1603 / welding 1523 / TCP 1081
===================================================

[commanded]
current_a=190
voltage_tenths=235
voltage=23.5
material=FE-SOLID
diameter_mm=1.2
mode=LSM
gas=CO2 100%
synergic=False
correction=0.0
hot_start_enabled=True
hot_start_percent=10.0
hot_start_hold_adjustment=-1
crater_enabled=False
crater_percent=31.57894736842105
crater_current_a=60.0
crater_voltage_v=25.0
crater_seconds=1.0
wire_consumable_alpha_mm=0.0
hot_start_current_a=209

[rx_setting_echo]
current_a=190
voltage_v=23.5
hot_start_current_a=0
hot_start_hold_adjustment=-15

[rx_welding_setting_echo]
current_a=190
voltage_v=23.5
hot_start_current_a=0
hot_start_hold_adjustment=-15

[execution_conditions]
mode=sequence_execute
run_all=True
touch_io_backend=fastech_ethernet
touch_input_port=4
touch_sensing_output_port=0
fastech_ip=192.168.0.3
fastech_poll_target_hz=100.0
hicomm_source_ip=192.168.1.2
hicomm_welder_ip=192.168.1.10
hicomm_port=60000
gui_velocity_percent=36.95263157894737
gui_speed_mode=scale
gui_tcp_speed_mm_s=10.0
gui_interpolation_step_mm=5.0
seam_orientation_mode=Wait poses + fixed World-XYZ tilt
weld_fixed_tilt_x_deg=0.0
weld_fixed_tilt_y_deg=0.0
weld_fixed_tilt_z_deg=-0.0
weld_weave_enabled=True
weld_weave_pattern=sine
capping_width_mm=2.0
capping_pitch_mm=5.0
capping_left_dwell_s=0.2
capping_right_dwell_s=0.2
weld_weave_amplitude_mm=3.0
weld_weave_cycles=16
weld_weave_samples_per_cycle=8
weld_weave_axis=tool_x
weld_lead_in_mm=0.0
weld_lead_out_mm=0.0
weld_safe_approach_mm=31.0
weld_approach_mode=taught_wait
weld_pre_start_lead_mm=0.0
weld_tcp_speed_mm_s=3.5
weld_arc_off_delay_ms=0.0
tcp_tracking.parent_frame=World
tcp_tracking.child_frame=right_manipulator_ee_point
tcp_tracking.timestamp_source=TF_header_stamp
initial_fastech_di0=False
initial_fastech_do0=True
robot_connected.left=True
robot_connected.right=True
robot_connected.head=True
hicomm_connected=True
execution_allowed=True
steps[0].sequence_number=1
steps[0].type=named_pose
steps[0].parallel_slot=1
steps[0].duration=0.0
steps[0].planning_group=right_manipulator
steps[0].velocity_scale=0.3695263157894737
steps[0].tcp_speed_m_s=0.0
steps[0].pose_name=weld_start_wait
steps[0].pose_label=3 · Weld start wait pose
steps[0].touch_guard=False
steps[0].continue_after_touch=False
steps[0].weld_scenario_id=weld-1466935602666
steps[0].weld_scenario_stage=start_wait
steps[0].target_tcp.position_m.x=0.1146667344188938
steps[0].target_tcp.position_m.y=-1.7128132677627812
steps[0].target_tcp.position_m.z=0.6853092936338476
steps[0].target_tcp.orientation_xyzw.x=0.47637215988198994
steps[0].target_tcp.orientation_xyzw.y=-0.516884306876517
steps[0].target_tcp.orientation_xyzw.z=0.7034903000421988
steps[0].target_tcp.orientation_xyzw.w=0.10488839945717375
steps[0].joint_names[0]=right_manipulator_joint1
steps[0].joint_names[1]=right_manipulator_joint2
steps[0].joint_names[2]=right_manipulator_joint3
steps[0].joint_names[3]=right_manipulator_joint4
steps[0].joint_names[4]=right_manipulator_joint5
steps[0].joint_names[5]=right_manipulator_joint6
steps[0].joint_positions_rad[0]=4.887000735152389
steps[0].joint_positions_rad[1]=1.4171324645295427
steps[0].joint_positions_rad[2]=1.7531312487238258
steps[0].joint_positions_rad[3]=2.7192696331894637
steps[0].joint_positions_rad[4]=1.6087433096932722
steps[0].joint_positions_rad[5]=1.7136046118248696
steps[1].sequence_number=2
steps[1].type=motion
steps[1].parallel_slot=2
steps[1].duration=0.0
steps[1].planning_group=right_manipulator
steps[1].velocity_scale=0.3695263157894737
steps[1].tcp_speed_m_s=0.0
steps[1].interpolation_step=0.005
steps[1].path_kind=taught_wait_align_weld_attitude
steps[1].touch_guard=False
steps[1].continue_after_touch=False
steps[1].accept_initial_touch=False
steps[1].weld_scenario_id=weld-1466935602666
steps[1].weld_scenario_stage=start_safe
steps[1].waypoint_count=1
steps[1].waypoints[0].position_m.x=0.1146667344188938
steps[1].waypoints[0].position_m.y=-1.7128132677627812
steps[1].waypoints[0].position_m.z=0.6853092936338476
steps[1].waypoints[0].orientation_xyzw.x=0.4797578372403144
steps[1].waypoints[0].orientation_xyzw.y=-0.5137433590931816
steps[1].waypoints[0].orientation_xyzw.z=0.7041642392493157
steps[1].waypoints[0].orientation_xyzw.w=0.10026416486752904
steps[2].sequence_number=3
steps[2].type=motion
steps[2].parallel_slot=3
steps[2].duration=0.0
steps[2].planning_group=right_manipulator
steps[2].velocity_scale=0.3695263157894737
steps[2].tcp_speed_m_s=0.0
steps[2].interpolation_step=0.005
steps[2].path_kind=taught_wait_to_weld_start
steps[2].touch_guard=False
steps[2].continue_after_touch=True
steps[2].accept_initial_touch=False
steps[2].weld_scenario_id=weld-1466935602666
steps[2].weld_scenario_stage=start_contact
steps[2].waypoint_count=1
steps[2].waypoints[0].position_m.x=0.11632152784109062
steps[2].waypoints[0].position_m.y=-1.7146563233044247
steps[2].waypoints[0].position_m.z=0.6825397954864776
steps[2].waypoints[0].orientation_xyzw.x=0.4797578372403144
steps[2].waypoints[0].orientation_xyzw.y=-0.5137433590931816
steps[2].waypoints[0].orientation_xyzw.z=0.7041642392493157
steps[2].waypoints[0].orientation_xyzw.w=0.10026416486752904
steps[3].sequence_number=4
steps[3].type=digital_output
steps[3].parallel_slot=4
steps[3].duration=0.0
steps[3].port=0
steps[3].value=False
steps[3].weld_scenario_id=weld-1466935602666
steps[3].weld_scenario_stage=touch_output_off
steps[4].sequence_number=5
steps[4].type=digital_weld
steps[4].parallel_slot=5
steps[4].duration=0.0
steps[4].command=on
steps[4].weld_scenario_id=weld-1466935602666
steps[4].weld_scenario_stage=arc_on
steps[4].settings.current_a=190
steps[4].settings.voltage_tenths=235
steps[4].settings.voltage=23.5
steps[4].settings.material=FE-SOLID
steps[4].settings.diameter_mm=1.2
steps[4].settings.mode=LSM
steps[4].settings.gas=CO2 100%
steps[4].settings.synergic=False
steps[4].settings.correction=0.0
steps[4].settings.hot_start_enabled=True
steps[4].settings.hot_start_percent=10.0
steps[4].settings.hot_start_hold_adjustment=-1
steps[4].settings.crater_enabled=False
steps[4].settings.crater_percent=31.57894736842105
steps[4].settings.crater_current_a=60.0
steps[4].settings.crater_voltage_v=25.0
steps[4].settings.crater_seconds=1.0
steps[4].settings.wire_consumable_alpha_mm=0.0
steps[4].settings.hot_start_current_a=209
steps[5].sequence_number=6
steps[5].type=motion
steps[5].parallel_slot=5
steps[5].duration=0.0
steps[5].planning_group=right_manipulator
steps[5].velocity_scale=0.3695263157894737
steps[5].tcp_speed_m_s=0.0035
steps[5].interpolation_step=0.005
steps[5].path_kind=continuous_sine_weave_over_sensed_goal_fastech_di0_ignored
steps[5].touch_guard=False
steps[5].weld_scenario_id=weld-1466935602666
steps[5].weld_scenario_stage=weld_motion
steps[5].lead_in_mm=0.0
steps[5].lead_out_mm=0.0
steps[5].linear_motion_profile=True
steps[5].capping_width_mm=2.0
steps[5].capping_pitch_mm=5.0
steps[5].capping_left_dwell_s=0.2
steps[5].capping_right_dwell_s=0.2
steps[5].waypoint_count=129
steps[5].waypoints[0].position_m.x=0.11632152784109062
steps[5].waypoints[0].position_m.y=-1.7146563233044247
steps[5].waypoints[0].position_m.z=0.6825397954864776
steps[5].waypoints[0].orientation_xyzw.x=0.4797578372403144
steps[5].waypoints[0].orientation_xyzw.y=-0.5137433590931816
steps[5].waypoints[0].orientation_xyzw.z=0.7041642392493157
steps[5].waypoints[0].orientation_xyzw.w=0.10026416486752904
steps[5].waypoints[1].position_m.x=0.11769246848170788
steps[5].waypoints[1].position_m.y=-1.7154443830645256
steps[5].waypoints[1].position_m.z=0.6840429788025221
steps[5].waypoints[1].orientation_xyzw.x=0.4797576487420926
steps[5].waypoints[1].orientation_xyzw.y=-0.5137436373574602
steps[5].waypoints[1].orientation_xyzw.z=0.7041642065911803
steps[5].waypoints[1].orientation_xyzw.w=0.100263870382102
steps[5].waypoints[2].position_m.x=0.11848375947271478
steps[5].waypoints[2].position_m.y=-1.7155725119550878
steps[5].waypoints[2].position_m.z=0.6846671550603349
steps[5].waypoints[2].orientation_xyzw.x=0.47975746024377447
steps[5].waypoints[2].orientation_xyzw.y=-0.5137439156216358
steps[5].waypoints[2].orientation_xyzw.z=0.7041641739329035
steps[5].waypoints[2].orientation_xyzw.w=0.10026357589665484
steps[5].waypoints[3].position_m.x=0.11845530206781796
steps[5].waypoints[3].position_m.y=-1.7147673576597198
steps[5].waypoints[3].position_m.z=0.6840482276149752
steps[5].waypoints[3].orientation_xyzw.x=0.47975727174536015
steps[5].waypoints[3].orientation_xyzw.y=-0.5137441938857082
steps[5].waypoints[3].orientation_xyzw.z=0.7041641412744855
steps[5].waypoints[3].orientation_xyzw.w=0.10026328141118755
steps[5].waypoints[4].position_m.x=0.1178471950133108
steps[5].waypoints[4].position_m.y=-1.713302272494813
steps[5].waypoints[4].position_m.z=0.6825502931113838
steps[5].waypoints[4].orientation_xyzw.x=0.4797570832468494
steps[5].waypoints[4].orientation_xyzw.y=-0.5137444721496777
steps[5].waypoints[4].orientation_xyzw.z=0.704164108615926
steps[5].waypoints[4].orientation_xyzw.w=0.10026298692570014
steps[5].waypoints[5].position_m.x=0.11723908795880363
steps[5].waypoints[5].position_m.y=-1.7118371873299063
steps[5].waypoints[5].position_m.z=0.6810523586077923
steps[5].waypoints[5].orientation_xyzw.x=0.4797568947482424
steps[5].waypoints[5].orientation_xyzw.y=-0.5137447504135437
steps[5].waypoints[5].orientation_xyzw.z=0.7041640759572252
steps[5].waypoints[5].orientation_xyzw.w=0.10026269244019259
steps[5].waypoints[6].position_m.x=0.1172106305539068
steps[5].waypoints[6].position_m.y=-1.7110320330345383
steps[5].waypoints[6].position_m.z=0.6804334311624326
steps[5].waypoints[6].orientation_xyzw.x=0.4797567062495391
steps[5].waypoints[6].orientation_xyzw.y=-0.5137450286773068
steps[5].waypoints[6].orientation_xyzw.z=0.7041640432983831
steps[5].waypoints[6].orientation_xyzw.w=0.10026239795466493
steps[5].waypoints[7].position_m.x=0.11800192154491372
steps[5].waypoints[7].position_m.y=-1.7111601619251002
steps[5].waypoints[7].position_m.z=0.6810576074202455
steps[5].waypoints[7].orientation_xyzw.x=0.47975651775073946
steps[5].waypoints[7].orientation_xyzw.y=-0.5137453069409668
steps[5].waypoints[7].orientation_xyzw.z=0.7041640106393995
steps[5].waypoints[7].orientation_xyzw.w=0.10026210346911713
steps[5].waypoints[8].position_m.x=0.11937286218553096
steps[5].waypoints[8].position_m.y=-1.711948221685201
steps[5].waypoints[8].position_m.z=0.68256079073629
steps[5].waypoints[8].orientation_xyzw.x=0.4797563292518436
steps[5].waypoints[8].orientation_xyzw.y=-0.5137455852045235
steps[5].waypoints[8].orientation_xyzw.z=0.7041639779802746
steps[5].waypoints[8].orientation_xyzw.w=0.10026180898354921
steps[5].waypoints[9].position_m.x=0.12074380282614822
steps[5].waypoints[9].position_m.y=-1.712736281445302
steps[5].waypoints[9].position_m.z=0.6840639740523344
steps[5].waypoints[9].orientation_xyzw.x=0.47975614075285133
steps[5].waypoints[9].orientation_xyzw.y=-0.5137458634679772
steps[5].waypoints[9].orientation_xyzw.z=0.7041639453210085
steps[5].waypoints[9].orientation_xyzw.w=0.10026151449796115
steps[5].waypoints[10].position_m.x=0.12153509381715513
steps[5].waypoints[10].position_m.y=-1.7128644103358641
steps[5].waypoints[10].position_m.z=0.6846881503101473
steps[5].waypoints[10].orientation_xyzw.x=0.47975595225376266
steps[5].waypoints[10].orientation_xyzw.y=-0.5137461417313276
steps[5].waypoints[10].orientation_xyzw.z=0.7041639126616007
steps[5].waypoints[10].orientation_xyzw.w=0.10026122001235296
steps[5].waypoints[11].position_m.x=0.12150663641225831
steps[5].waypoints[11].position_m.y=-1.7120592560404961
steps[5].waypoints[11].position_m.z=0.6840692228647876
steps[5].waypoints[11].orientation_xyzw.x=0.47975576375457785
steps[5].waypoints[11].orientation_xyzw.y=-0.5137464199945749
steps[5].waypoints[11].orientation_xyzw.z=0.7041638800020519
steps[5].waypoints[11].orientation_xyzw.w=0.10026092552672466
steps[5].waypoints[12].position_m.x=0.12089852935775114
steps[5].waypoints[12].position_m.y=-1.7105941708755894
steps[5].waypoints[12].position_m.z=0.6825712883611962
steps[5].waypoints[12].orientation_xyzw.x=0.4797555752552967
steps[5].waypoints[12].orientation_xyzw.y=-0.5137466982577192
steps[5].waypoints[12].orientation_xyzw.z=0.7041638473423615
steps[5].waypoints[12].orientation_xyzw.w=0.10026063104107624
steps[5].waypoints[13].position_m.x=0.12029042230324398
steps[5].waypoints[13].position_m.y=-1.7091290857106827
steps[5].waypoints[13].position_m.z=0.6810733538576048
steps[5].waypoints[13].orientation_xyzw.x=0.4797553867559191
steps[5].waypoints[13].orientation_xyzw.y=-0.5137469765207603
steps[5].waypoints[13].orientation_xyzw.z=0.7041638146825298
steps[5].waypoints[13].orientation_xyzw.w=0.10026033655540767
steps[5].waypoints[14].position_m.x=0.12026196489834716
steps[5].waypoints[14].position_m.y=-1.7083239314153147
steps[5].waypoints[14].position_m.z=0.6804544264122451
steps[5].waypoints[14].orientation_xyzw.x=0.4797551982564453
steps[5].waypoints[14].orientation_xyzw.y=-0.5137472547836983
steps[5].waypoints[14].orientation_xyzw.z=0.7041637820225567
steps[5].waypoints[14].orientation_xyzw.w=0.10026004206971897
steps[5].waypoints[15].position_m.x=0.12105325588935406
steps[5].waypoints[15].position_m.y=-1.7084520603058768
steps[5].waypoints[15].position_m.z=0.6810786026700578
steps[5].waypoints[15].orientation_xyzw.x=0.4797550097568752
steps[5].waypoints[15].orientation_xyzw.y=-0.5137475330465332
steps[5].waypoints[15].orientation_xyzw.z=0.7041637493624423
steps[5].waypoints[15].orientation_xyzw.w=0.1002597475840101
steps[5].waypoints[16].position_m.x=0.12242419652997132
steps[5].waypoints[16].position_m.y=-1.7092401200659777
steps[5].waypoints[16].position_m.z=0.6825817859861023
steps[5].waypoints[16].orientation_xyzw.x=0.4797548212572087
steps[5].waypoints[16].orientation_xyzw.y=-0.513747811309265
steps[5].waypoints[16].orientation_xyzw.z=0.7041637167021866
steps[5].waypoints[16].orientation_xyzw.w=0.10025945309828108
steps[5].waypoints[17].position_m.x=0.12379513717058857
steps[5].waypoints[17].position_m.y=-1.7100281798260786
steps[5].waypoints[17].position_m.z=0.6840849693021468
steps[5].waypoints[17].orientation_xyzw.x=0.4797546327574459
steps[5].waypoints[17].orientation_xyzw.y=-0.5137480895718936
steps[5].waypoints[17].orientation_xyzw.z=0.7041636840417894
steps[5].waypoints[17].orientation_xyzw.w=0.10025915861253192
steps[5].waypoints[18].position_m.x=0.12458642816159547
steps[5].waypoints[18].position_m.y=-1.7101563087166405
steps[5].waypoints[18].position_m.z=0.6847091455599597
steps[5].waypoints[18].orientation_xyzw.x=0.47975444425758684
steps[5].waypoints[18].orientation_xyzw.y=-0.513748367834419
steps[5].waypoints[18].orientation_xyzw.z=0.7041636513812509
steps[5].waypoints[18].orientation_xyzw.w=0.10025886412676263
steps[5].waypoints[19].position_m.x=0.12455797075669865
steps[5].waypoints[19].position_m.y=-1.7093511544212725
steps[5].waypoints[19].position_m.z=0.6840902181145999
steps[5].waypoints[19].orientation_xyzw.x=0.47975425575763136
steps[5].waypoints[19].orientation_xyzw.y=-0.5137486460968415
steps[5].waypoints[19].orientation_xyzw.z=0.704163618720571
steps[5].waypoints[19].orientation_xyzw.w=0.10025856964097322
steps[5].waypoints[20].position_m.x=0.12394986370219149
steps[5].waypoints[20].position_m.y=-1.7078860692563658
steps[5].waypoints[20].position_m.z=0.6825922836110085
steps[5].waypoints[20].orientation_xyzw.x=0.47975406725757963
steps[5].waypoints[20].orientation_xyzw.y=-0.5137489243591606
steps[5].waypoints[20].orientation_xyzw.z=0.7041635860597498
steps[5].waypoints[20].orientation_xyzw.w=0.10025827515516368
steps[5].waypoints[21].position_m.x=0.12334175664768432
steps[5].waypoints[21].position_m.y=-1.706420984091459
steps[5].waypoints[21].position_m.z=0.6810943491074172
steps[5].waypoints[21].orientation_xyzw.x=0.4797538787574316
steps[5].waypoints[21].orientation_xyzw.y=-0.5137492026213767
steps[5].waypoints[21].orientation_xyzw.z=0.7041635533987873
steps[5].waypoints[21].orientation_xyzw.w=0.10025798066933403
steps[5].waypoints[22].position_m.x=0.1233132992427875
steps[5].waypoints[22].position_m.y=-1.705615829796091
steps[5].waypoints[22].position_m.z=0.6804754216620574
steps[5].waypoints[22].orientation_xyzw.x=0.4797536902571873
steps[5].waypoints[22].orientation_xyzw.y=-0.5137494808834897
steps[5].waypoints[22].orientation_xyzw.z=0.7041635207376834
steps[5].waypoints[22].orientation_xyzw.w=0.10025768618348424
steps[5].waypoints[23].position_m.x=0.12410459023379442
steps[5].waypoints[23].position_m.y=-1.7057439586866532
steps[5].waypoints[23].position_m.z=0.6810995979198703
steps[5].waypoints[23].orientation_xyzw.x=0.47975350175684656
steps[5].waypoints[23].orientation_xyzw.y=-0.5137497591454996
steps[5].waypoints[23].orientation_xyzw.z=0.704163488076438
steps[5].waypoints[23].orientation_xyzw.w=0.10025739169761431
steps[5].waypoints[24].position_m.x=0.12547553087441166
steps[5].waypoints[24].position_m.y=-1.706532018446754
steps[5].waypoints[24].position_m.z=0.6826027812359148
steps[5].waypoints[24].orientation_xyzw.x=0.4797533132564096
steps[5].waypoints[24].orientation_xyzw.y=-0.5137500374074062
steps[5].waypoints[24].orientation_xyzw.z=0.7041634554150513
steps[5].waypoints[24].orientation_xyzw.w=0.10025709721172427
steps[5].waypoints[25].position_m.x=0.1268464715150289
steps[5].waypoints[25].position_m.y=-1.707320078206855
steps[5].waypoints[25].position_m.z=0.6841059645519592
steps[5].waypoints[25].orientation_xyzw.x=0.4797531247558763
steps[5].waypoints[25].orientation_xyzw.y=-0.5137503156692097
steps[5].waypoints[25].orientation_xyzw.z=0.7041634227535233
steps[5].waypoints[25].orientation_xyzw.w=0.10025680272581408
steps[5].waypoints[26].position_m.x=0.1276377625060358
steps[5].waypoints[26].position_m.y=-1.707448207097417
steps[5].waypoints[26].position_m.z=0.684730140809772
steps[5].waypoints[26].orientation_xyzw.x=0.47975293625524673
steps[5].waypoints[26].orientation_xyzw.y=-0.51375059393091
steps[5].waypoints[26].orientation_xyzw.z=0.7041633900918539
steps[5].waypoints[26].orientation_xyzw.w=0.1002565082398838
steps[5].waypoints[27].position_m.x=0.127609305101139
steps[5].waypoints[27].position_m.y=-1.706643052802049
steps[5].waypoints[27].position_m.z=0.6841112133644123
steps[5].waypoints[27].orientation_xyzw.x=0.4797527477545208
steps[5].waypoints[27].orientation_xyzw.y=-0.5137508721925075
steps[5].waypoints[27].orientation_xyzw.z=0.7041633574300431
steps[5].waypoints[27].orientation_xyzw.w=0.10025621375393338
steps[5].waypoints[28].position_m.x=0.12700119804663185
steps[5].waypoints[28].position_m.y=-1.7051779676371424
steps[5].waypoints[28].position_m.z=0.6826132788608209
steps[5].waypoints[28].orientation_xyzw.x=0.4797525592536986
steps[5].waypoints[28].orientation_xyzw.y=-0.5137511504540015
steps[5].waypoints[28].orientation_xyzw.z=0.704163324768091
steps[5].waypoints[28].orientation_xyzw.w=0.10025591926796282
steps[5].waypoints[29].position_m.x=0.12639309099212467
steps[5].waypoints[29].position_m.y=-1.7037128824722356
steps[5].waypoints[29].position_m.z=0.6811153443572295
steps[5].waypoints[29].orientation_xyzw.x=0.47975237075278004
steps[5].waypoints[29].orientation_xyzw.y=-0.5137514287153926
steps[5].waypoints[29].orientation_xyzw.z=0.7041632921059976
steps[5].waypoints[29].orientation_xyzw.w=0.10025562478197213
steps[5].waypoints[30].position_m.x=0.12636463358722785
steps[5].waypoints[30].position_m.y=-1.7029077281768676
steps[5].waypoints[30].position_m.z=0.6804964169118698
steps[5].waypoints[30].orientation_xyzw.x=0.4797521822517652
steps[5].waypoints[30].orientation_xyzw.y=-0.5137517069766805
steps[5].waypoints[30].orientation_xyzw.z=0.7041632594437627
steps[5].waypoints[30].orientation_xyzw.w=0.10025533029596126
steps[5].waypoints[31].position_m.x=0.12715592457823477
steps[5].waypoints[31].position_m.y=-1.7030358570674295
steps[5].waypoints[31].position_m.z=0.6811205931696827
steps[5].waypoints[31].orientation_xyzw.x=0.47975199375065397
steps[5].waypoints[31].orientation_xyzw.y=-0.5137519852378654
steps[5].waypoints[31].orientation_xyzw.z=0.7041632267813864
steps[5].waypoints[31].orientation_xyzw.w=0.10025503580993028
steps[5].waypoints[32].position_m.x=0.128526865218852
steps[5].waypoints[32].position_m.y=-1.7038239168275304
steps[5].waypoints[32].position_m.z=0.6826237764857271
steps[5].waypoints[32].orientation_xyzw.x=0.4797518052494465
steps[5].waypoints[32].orientation_xyzw.y=-0.513752263498947
steps[5].waypoints[32].orientation_xyzw.z=0.704163194118869
steps[5].waypoints[32].orientation_xyzw.w=0.10025474132387915
steps[5].waypoints[33].position_m.x=0.12989780585946925
steps[5].waypoints[33].position_m.y=-1.7046119765876313
steps[5].waypoints[33].position_m.z=0.6841269598017716
steps[5].waypoints[33].orientation_xyzw.x=0.4797516167481427
steps[5].waypoints[33].orientation_xyzw.y=-0.5137525417599256
steps[5].waypoints[33].orientation_xyzw.z=0.70416316145621
steps[5].waypoints[33].orientation_xyzw.w=0.1002544468378079
steps[5].waypoints[34].position_m.x=0.13068909685047617
steps[5].waypoints[34].position_m.y=-1.7047401054781934
steps[5].waypoints[34].position_m.z=0.6847511360595845
steps[5].waypoints[34].orientation_xyzw.x=0.47975142824674255
steps[5].waypoints[34].orientation_xyzw.y=-0.5137528200208009
steps[5].waypoints[34].orientation_xyzw.z=0.7041631287934096
steps[5].waypoints[34].orientation_xyzw.w=0.10025415235171654
steps[5].waypoints[35].position_m.x=0.13066063944557935
steps[5].waypoints[35].position_m.y=-1.7039349511828255
steps[5].waypoints[35].position_m.z=0.6841322086142246
steps[5].waypoints[35].orientation_xyzw.x=0.47975123974524614
steps[5].waypoints[35].orientation_xyzw.y=-0.5137530982815731
steps[5].waypoints[35].orientation_xyzw.z=0.7041630961304679
steps[5].waypoints[35].orientation_xyzw.w=0.10025385786560503
steps[5].waypoints[36].position_m.x=0.13005253239107217
steps[5].waypoints[36].position_m.y=-1.7024698660179187
steps[5].waypoints[36].position_m.z=0.6826342741106333
steps[5].waypoints[36].orientation_xyzw.x=0.47975105124365347
steps[5].waypoints[36].orientation_xyzw.y=-0.5137533765422423
steps[5].waypoints[36].orientation_xyzw.z=0.704163063467385
steps[5].waypoints[36].orientation_xyzw.w=0.10025356337947344
steps[5].waypoints[37].position_m.x=0.12944442533656503
steps[5].waypoints[37].position_m.y=-1.701004780853012
steps[5].waypoints[37].position_m.z=0.6811363396070419
steps[5].waypoints[37].orientation_xyzw.x=0.4797508627419644
steps[5].waypoints[37].orientation_xyzw.y=-0.5137536548028082
steps[5].waypoints[37].orientation_xyzw.z=0.7041630308041607
steps[5].waypoints[37].orientation_xyzw.w=0.10025326889332167
steps[5].waypoints[38].position_m.x=0.1294159679316682
steps[5].waypoints[38].position_m.y=-1.700199626557644
steps[5].waypoints[38].position_m.z=0.6805174121616822
steps[5].waypoints[38].orientation_xyzw.x=0.479750674240179
steps[5].waypoints[38].orientation_xyzw.y=-0.5137539330632711
steps[5].waypoints[38].orientation_xyzw.z=0.7041629981407949
steps[5].waypoints[38].orientation_xyzw.w=0.10025297440714981
steps[5].waypoints[39].position_m.x=0.1302072589226751
steps[5].waypoints[39].position_m.y=-1.7003277554482061
steps[5].waypoints[39].position_m.z=0.681141588419495
steps[5].waypoints[39].orientation_xyzw.x=0.47975048573829737
steps[5].waypoints[39].orientation_xyzw.y=-0.5137542113236307
steps[5].waypoints[39].orientation_xyzw.z=0.7041629654772877
steps[5].waypoints[39].orientation_xyzw.w=0.10025267992095781
steps[5].waypoints[40].position_m.x=0.13157819956329236
steps[5].waypoints[40].position_m.y=-1.701115815208307
steps[5].waypoints[40].position_m.z=0.6826447717355395
steps[5].waypoints[40].orientation_xyzw.x=0.47975029723631935
steps[5].waypoints[40].orientation_xyzw.y=-0.5137544895838874
steps[5].waypoints[40].orientation_xyzw.z=0.7041629328136392
steps[5].waypoints[40].orientation_xyzw.w=0.10025238543474568
steps[5].waypoints[41].position_m.x=0.1329491402039096
steps[5].waypoints[41].position_m.y=-1.701903874968408
steps[5].waypoints[41].position_m.z=0.684147955051584
steps[5].waypoints[41].orientation_xyzw.x=0.47975010873424506
steps[5].waypoints[41].orientation_xyzw.y=-0.5137547678440407
steps[5].waypoints[41].orientation_xyzw.z=0.7041629001498494
steps[5].waypoints[41].orientation_xyzw.w=0.10025209094851344
steps[5].waypoints[42].position_m.x=0.1337404311949165
steps[5].waypoints[42].position_m.y=-1.70203200385897
steps[5].waypoints[42].position_m.z=0.6847721313093968
steps[5].waypoints[42].orientation_xyzw.x=0.47974992023207447
steps[5].waypoints[42].orientation_xyzw.y=-0.5137550461040911
steps[5].waypoints[42].orientation_xyzw.z=0.7041628674859183
steps[5].waypoints[42].orientation_xyzw.w=0.10025179646226105
steps[5].waypoints[43].position_m.x=0.1337119737900197
steps[5].waypoints[43].position_m.y=-1.7012268495636018
steps[5].waypoints[43].position_m.z=0.6841532038640371
steps[5].waypoints[43].orientation_xyzw.x=0.47974973172980756
steps[5].waypoints[43].orientation_xyzw.y=-0.5137553243640383
steps[5].waypoints[43].orientation_xyzw.z=0.7041628348218457
steps[5].waypoints[43].orientation_xyzw.w=0.10025150197598855
steps[5].waypoints[44].position_m.x=0.13310386673551253
steps[5].waypoints[44].position_m.y=-1.699761764398695
steps[5].waypoints[44].position_m.z=0.6826552693604457
steps[5].waypoints[44].orientation_xyzw.x=0.47974954322744434
steps[5].waypoints[44].orientation_xyzw.y=-0.5137556026238823
steps[5].waypoints[44].orientation_xyzw.z=0.7041628021576318
steps[5].waypoints[44].orientation_xyzw.w=0.1002512074896959
steps[5].waypoints[45].position_m.x=0.13249575968100538
steps[5].waypoints[45].position_m.y=-1.6982966792337884
steps[5].waypoints[45].position_m.z=0.6811573348568543
steps[5].waypoints[45].orientation_xyzw.x=0.4797493547249847
steps[5].waypoints[45].orientation_xyzw.y=-0.5137558808836231
steps[5].waypoints[45].orientation_xyzw.z=0.7041627694932765
steps[5].waypoints[45].orientation_xyzw.w=0.1002509130033831
steps[5].waypoints[46].position_m.x=0.13246730227610856
steps[5].waypoints[46].position_m.y=-1.6974915249384204
steps[5].waypoints[46].position_m.z=0.6805384074114945
steps[5].waypoints[46].orientation_xyzw.x=0.4797491662224289
steps[5].waypoints[46].orientation_xyzw.y=-0.513756159143261
steps[5].waypoints[46].orientation_xyzw.z=0.7041627368287798
steps[5].waypoints[46].orientation_xyzw.w=0.1002506185170502
steps[5].waypoints[47].position_m.x=0.13325859326711545
steps[5].waypoints[47].position_m.y=-1.6976196538289825
steps[5].waypoints[47].position_m.z=0.6811625836693074
steps[5].waypoints[47].orientation_xyzw.x=0.4797489777197767
steps[5].waypoints[47].orientation_xyzw.y=-0.5137564374027956
steps[5].waypoints[47].orientation_xyzw.z=0.704162704164142
steps[5].waypoints[47].orientation_xyzw.w=0.10025032403069715
steps[5].waypoints[48].position_m.x=0.13462953390773272
steps[5].waypoints[48].position_m.y=-1.6984077135890834
steps[5].waypoints[48].position_m.z=0.6826657669853519
steps[5].waypoints[48].orientation_xyzw.x=0.4797487892170282
steps[5].waypoints[48].orientation_xyzw.y=-0.5137567156622271
steps[5].waypoints[48].orientation_xyzw.z=0.7041626714993625
steps[5].waypoints[48].orientation_xyzw.w=0.10025002954432399
steps[5].waypoints[49].position_m.x=0.13600047454834996
steps[5].waypoints[49].position_m.y=-1.6991957733491843
steps[5].waypoints[49].position_m.z=0.6841689503013964
steps[5].waypoints[49].orientation_xyzw.x=0.4797486007141834
steps[5].waypoints[49].orientation_xyzw.y=-0.5137569939215555
steps[5].waypoints[49].orientation_xyzw.z=0.7041626388344419
steps[5].waypoints[49].orientation_xyzw.w=0.1002497350579307
steps[5].waypoints[50].position_m.x=0.13679176553935685
steps[5].waypoints[50].position_m.y=-1.6993239022397464
steps[5].waypoints[50].position_m.z=0.6847931265592092
steps[5].waypoints[50].orientation_xyzw.x=0.4797484122112423
steps[5].waypoints[50].orientation_xyzw.y=-0.5137572721807807
steps[5].waypoints[50].orientation_xyzw.z=0.7041626061693798
steps[5].waypoints[50].orientation_xyzw.w=0.10024944057151729
steps[5].waypoints[51].position_m.x=0.13676330813446005
steps[5].waypoints[51].position_m.y=-1.6985187479443784
steps[5].waypoints[51].position_m.z=0.6841741991138495
steps[5].waypoints[51].orientation_xyzw.x=0.47974822370820486
steps[5].waypoints[51].orientation_xyzw.y=-0.5137575504399028
steps[5].waypoints[51].orientation_xyzw.z=0.7041625735041763
steps[5].waypoints[51].orientation_xyzw.w=0.10024914608508374
steps[5].waypoints[52].position_m.x=0.13615520107995288
steps[5].waypoints[52].position_m.y=-1.6970536627794717
steps[5].waypoints[52].position_m.z=0.6826762646102581
steps[5].waypoints[52].orientation_xyzw.x=0.4797480352050712
steps[5].waypoints[52].orientation_xyzw.y=-0.5137578286989218
steps[5].waypoints[52].orientation_xyzw.z=0.7041625408388317
steps[5].waypoints[52].orientation_xyzw.w=0.10024885159863008
steps[5].waypoints[53].position_m.x=0.1355470940254457
steps[5].waypoints[53].position_m.y=-1.695588577614565
steps[5].waypoints[53].position_m.z=0.6811783301066667
steps[5].waypoints[53].orientation_xyzw.x=0.4797478467018411
steps[5].waypoints[53].orientation_xyzw.y=-0.5137581069578375
steps[5].waypoints[53].orientation_xyzw.z=0.7041625081733454
steps[5].waypoints[53].orientation_xyzw.w=0.10024855711215629
steps[5].waypoints[54].position_m.x=0.13551863662054892
steps[5].waypoints[54].position_m.y=-1.694783423319197
steps[5].waypoints[54].position_m.z=0.680559402661307
steps[5].waypoints[54].orientation_xyzw.x=0.4797476581985148
steps[5].waypoints[54].orientation_xyzw.y=-0.5137583852166502
steps[5].waypoints[54].orientation_xyzw.z=0.7041624755077178
steps[5].waypoints[54].orientation_xyzw.w=0.10024826262566237
steps[5].waypoints[55].position_m.x=0.1363099276115558
steps[5].waypoints[55].position_m.y=-1.6949115522097589
steps[5].waypoints[55].position_m.z=0.6811835789191197
steps[5].waypoints[55].orientation_xyzw.x=0.47974746969509213
steps[5].waypoints[55].orientation_xyzw.y=-0.5137586634753598
steps[5].waypoints[55].orientation_xyzw.z=0.704162442841949
steps[5].waypoints[55].orientation_xyzw.w=0.10024796813914834
steps[5].waypoints[56].position_m.x=0.13768086825217304
steps[5].waypoints[56].position_m.y=-1.6956996119698597
steps[5].waypoints[56].position_m.z=0.6826867622351642
steps[5].waypoints[56].orientation_xyzw.x=0.4797472811915731
steps[5].waypoints[56].orientation_xyzw.y=-0.5137589417339661
steps[5].waypoints[56].orientation_xyzw.z=0.7041624101760386
steps[5].waypoints[56].orientation_xyzw.w=0.10024767365261415
steps[5].waypoints[57].position_m.x=0.13905180889279029
steps[5].waypoints[57].position_m.y=-1.6964876717299606
steps[5].waypoints[57].position_m.z=0.6841899455512087
steps[5].waypoints[57].orientation_xyzw.x=0.4797470926879579
steps[5].waypoints[57].orientation_xyzw.y=-0.5137592199924694
steps[5].waypoints[57].orientation_xyzw.z=0.7041623775099871
steps[5].waypoints[57].orientation_xyzw.w=0.10024737916605987
steps[5].waypoints[58].position_m.x=0.1398430998837972
steps[5].waypoints[58].position_m.y=-1.6966158006205228
steps[5].waypoints[58].position_m.z=0.6848141218090216
steps[5].waypoints[58].orientation_xyzw.x=0.4797469041842463
steps[5].waypoints[58].orientation_xyzw.y=-0.5137594982508695
steps[5].waypoints[58].orientation_xyzw.z=0.7041623448437941
steps[5].waypoints[58].orientation_xyzw.w=0.10024708467948545
steps[5].waypoints[59].position_m.x=0.1398146424789004
steps[5].waypoints[59].position_m.y=-1.6958106463251548
steps[5].waypoints[59].position_m.z=0.6841951943636618
steps[5].waypoints[59].orientation_xyzw.x=0.4797467156804384
steps[5].waypoints[59].orientation_xyzw.y=-0.5137597765091666
steps[5].waypoints[59].orientation_xyzw.z=0.7041623121774598
steps[5].waypoints[59].orientation_xyzw.w=0.10024679019289091
steps[5].waypoints[60].position_m.x=0.13920653542439326
steps[5].waypoints[60].position_m.y=-1.694345561160248
steps[5].waypoints[60].position_m.z=0.6826972598600705
steps[5].waypoints[60].orientation_xyzw.x=0.47974652717653415
steps[5].waypoints[60].orientation_xyzw.y=-0.5137600547673604
steps[5].waypoints[60].orientation_xyzw.z=0.7041622795109841
steps[5].waypoints[60].orientation_xyzw.w=0.10024649570627624
steps[5].waypoints[61].position_m.x=0.13859842836988612
steps[5].waypoints[61].position_m.y=-1.6928804759953413
steps[5].waypoints[61].position_m.z=0.6811993253564791
steps[5].waypoints[61].orientation_xyzw.x=0.47974633867253363
steps[5].waypoints[61].orientation_xyzw.y=-0.5137603330254512
steps[5].waypoints[61].orientation_xyzw.z=0.7041622468443671
steps[5].waypoints[61].orientation_xyzw.w=0.10024620121964144
steps[5].waypoints[62].position_m.x=0.1385699709649893
steps[5].waypoints[62].position_m.y=-1.6920753216999733
steps[5].waypoints[62].position_m.z=0.6805803979111192
steps[5].waypoints[62].orientation_xyzw.x=0.47974615016843686
steps[5].waypoints[62].orientation_xyzw.y=-0.5137606112834388
steps[5].waypoints[62].orientation_xyzw.z=0.7041622141776087
steps[5].waypoints[62].orientation_xyzw.w=0.10024590673298651
steps[5].waypoints[63].position_m.x=0.1393612619559962
steps[5].waypoints[63].position_m.y=-1.6922034505905355
steps[5].waypoints[63].position_m.z=0.6812045741689321
steps[5].waypoints[63].orientation_xyzw.x=0.47974596166424366
steps[5].waypoints[63].orientation_xyzw.y=-0.5137608895413233
steps[5].waypoints[63].orientation_xyzw.z=0.7041621815107089
steps[5].waypoints[63].orientation_xyzw.w=0.10024561224631147
steps[5].waypoints[64].position_m.x=0.14073220259661345
steps[5].waypoints[64].position_m.y=-1.6929915103506363
steps[5].waypoints[64].position_m.z=0.6827077574849766
steps[5].waypoints[64].orientation_xyzw.x=0.47974577315995415
steps[5].waypoints[64].orientation_xyzw.y=-0.5137611677991046
steps[5].waypoints[64].orientation_xyzw.z=0.7041621488436677
steps[5].waypoints[64].orientation_xyzw.w=0.10024531775961627
steps[5].waypoints[65].position_m.x=0.1421031432372307
steps[5].waypoints[65].position_m.y=-1.6937795701107372
steps[5].waypoints[65].position_m.z=0.6842109408010211
steps[5].waypoints[65].orientation_xyzw.x=0.47974558465556844
steps[5].waypoints[65].orientation_xyzw.y=-0.5137614460567828
steps[5].waypoints[65].orientation_xyzw.z=0.7041621161764853
steps[5].waypoints[65].orientation_xyzw.w=0.10024502327290098
steps[5].waypoints[66].position_m.x=0.1428944342282376
steps[5].waypoints[66].position_m.y=-1.6939076990012993
steps[5].waypoints[66].position_m.z=0.6848351170588339
steps[5].waypoints[66].orientation_xyzw.x=0.47974539615108636
steps[5].waypoints[66].orientation_xyzw.y=-0.5137617243143578
steps[5].waypoints[66].orientation_xyzw.z=0.7041620835091614
steps[5].waypoints[66].orientation_xyzw.w=0.10024472878616557
steps[5].waypoints[67].position_m.x=0.14286597682334082
steps[5].waypoints[67].position_m.y=-1.6931025447059314
steps[5].waypoints[67].position_m.z=0.6842161896134741
steps[5].waypoints[67].orientation_xyzw.x=0.479745207646508
steps[5].waypoints[67].orientation_xyzw.y=-0.5137620025718298
steps[5].waypoints[67].orientation_xyzw.z=0.7041620508416961
steps[5].waypoints[67].orientation_xyzw.w=0.10024443429941003
steps[5].waypoints[68].position_m.x=0.14225786976883364
steps[5].waypoints[68].position_m.y=-1.6916374595410246
steps[5].waypoints[68].position_m.z=0.6827182551098827
steps[5].waypoints[68].orientation_xyzw.x=0.47974501914183326
steps[5].waypoints[68].orientation_xyzw.y=-0.5137622808291985
steps[5].waypoints[68].orientation_xyzw.z=0.7041620181740895
steps[5].waypoints[68].orientation_xyzw.w=0.10024413981263436
steps[5].waypoints[69].position_m.x=0.14164976271432653
steps[5].waypoints[69].position_m.y=-1.690172374376118
steps[5].waypoints[69].position_m.z=0.6812203206062913
steps[5].waypoints[69].orientation_xyzw.x=0.4797448306370623
steps[5].waypoints[69].orientation_xyzw.y=-0.5137625590864642
steps[5].waypoints[69].orientation_xyzw.z=0.7041619855063417
steps[5].waypoints[69].orientation_xyzw.w=0.10024384532583856
steps[5].waypoints[70].position_m.x=0.1416213053094297
steps[5].waypoints[70].position_m.y=-1.68936722008075
steps[5].waypoints[70].position_m.z=0.6806013931609316
steps[5].waypoints[70].orientation_xyzw.x=0.4797446421321949
steps[5].waypoints[70].orientation_xyzw.y=-0.5137628373436266
steps[5].waypoints[70].orientation_xyzw.z=0.7041619528384524
steps[5].waypoints[70].orientation_xyzw.w=0.10024355083902266
steps[5].waypoints[71].position_m.x=0.14241259630043662
steps[5].waypoints[71].position_m.y=-1.689495348971312
steps[5].waypoints[71].position_m.z=0.6812255694187445
steps[5].waypoints[71].orientation_xyzw.x=0.47974445362723134
steps[5].waypoints[71].orientation_xyzw.y=-0.5137631156006859
steps[5].waypoints[71].orientation_xyzw.z=0.7041619201704217
steps[5].waypoints[71].orientation_xyzw.w=0.10024325635218662
steps[5].waypoints[72].position_m.x=0.14378353694105386
steps[5].waypoints[72].position_m.y=-1.690283408731413
steps[5].waypoints[72].position_m.z=0.682728752734789
steps[5].waypoints[72].orientation_xyzw.x=0.4797442651221714
steps[5].waypoints[72].orientation_xyzw.y=-0.5137633938576421
steps[5].waypoints[72].orientation_xyzw.z=0.7041618875022496
steps[5].waypoints[72].orientation_xyzw.w=0.10024296186533045
steps[5].waypoints[73].position_m.x=0.1451544775816711
steps[5].waypoints[73].position_m.y=-1.6910714684915138
steps[5].waypoints[73].position_m.z=0.6842319360508334
steps[5].waypoints[73].orientation_xyzw.x=0.4797440766170152
steps[5].waypoints[73].orientation_xyzw.y=-0.5137636721144951
steps[5].waypoints[73].orientation_xyzw.z=0.7041618548339362
steps[5].waypoints[73].orientation_xyzw.w=0.10024266737845418
steps[5].waypoints[74].position_m.x=0.145945768572678
steps[5].waypoints[74].position_m.y=-1.6911995973820757
steps[5].waypoints[74].position_m.z=0.6848561123086462
steps[5].waypoints[74].orientation_xyzw.x=0.47974388811176266
steps[5].waypoints[74].orientation_xyzw.y=-0.5137639503712451
steps[5].waypoints[74].orientation_xyzw.z=0.7041618221654815
steps[5].waypoints[74].orientation_xyzw.w=0.10024237289155777
steps[5].waypoints[75].position_m.x=0.1459173111677812
steps[5].waypoints[75].position_m.y=-1.6903944430867077
steps[5].waypoints[75].position_m.z=0.6842371848632864
steps[5].waypoints[75].orientation_xyzw.x=0.47974369960641383
steps[5].waypoints[75].orientation_xyzw.y=-0.513764228627892
steps[5].waypoints[75].orientation_xyzw.z=0.7041617894968855
steps[5].waypoints[75].orientation_xyzw.w=0.10024207840464125
steps[5].waypoints[76].position_m.x=0.14530920411327403
steps[5].waypoints[76].position_m.y=-1.688929357921801
steps[5].waypoints[76].position_m.z=0.6827392503596951
steps[5].waypoints[76].orientation_xyzw.x=0.4797435111009687
steps[5].waypoints[76].orientation_xyzw.y=-0.5137645068844355
steps[5].waypoints[76].orientation_xyzw.z=0.704161756828148
steps[5].waypoints[76].orientation_xyzw.w=0.10024178391770461
steps[5].waypoints[77].position_m.x=0.14470109705876685
steps[5].waypoints[77].position_m.y=-1.6874642727568943
steps[5].waypoints[77].position_m.z=0.6812413158561037
steps[5].waypoints[77].orientation_xyzw.x=0.4797433225954273
steps[5].waypoints[77].orientation_xyzw.y=-0.5137647851408761
steps[5].waypoints[77].orientation_xyzw.z=0.7041617241592691
steps[5].waypoints[77].orientation_xyzw.w=0.10024148943074784
steps[5].waypoints[78].position_m.x=0.14467263965387006
steps[5].waypoints[78].position_m.y=-1.6866591184615263
steps[5].waypoints[78].position_m.z=0.680622388410744
steps[5].waypoints[78].orientation_xyzw.x=0.4797431340897895
steps[5].waypoints[78].orientation_xyzw.y=-0.5137650633972135
steps[5].waypoints[78].orientation_xyzw.z=0.704161691490249
steps[5].waypoints[78].orientation_xyzw.w=0.10024119494377094
steps[5].waypoints[79].position_m.x=0.14546393064487695
steps[5].waypoints[79].position_m.y=-1.6867872473520884
steps[5].waypoints[79].position_m.z=0.6812465646685568
steps[5].waypoints[79].orientation_xyzw.x=0.4797429455840554
steps[5].waypoints[79].orientation_xyzw.y=-0.5137653416534476
steps[5].waypoints[79].orientation_xyzw.z=0.7041616588210874
steps[5].waypoints[79].orientation_xyzw.w=0.10024090045677392
steps[5].waypoints[80].position_m.x=0.1468348712854942
steps[5].waypoints[80].position_m.y=-1.6875753071121893
steps[5].waypoints[80].position_m.z=0.6827497479846013
steps[5].waypoints[80].orientation_xyzw.x=0.47974275707822506
steps[5].waypoints[80].orientation_xyzw.y=-0.5137656199095788
steps[5].waypoints[80].orientation_xyzw.z=0.7041616261517845
steps[5].waypoints[80].orientation_xyzw.w=0.10024060596975677
steps[5].waypoints[81].position_m.x=0.14820581192611146
steps[5].waypoints[81].position_m.y=-1.6883633668722902
steps[5].waypoints[81].position_m.z=0.6842529313006458
steps[5].waypoints[81].orientation_xyzw.x=0.47974256857229836
steps[5].waypoints[81].orientation_xyzw.y=-0.5137658981656067
steps[5].waypoints[81].orientation_xyzw.z=0.7041615934823402
steps[5].waypoints[81].orientation_xyzw.w=0.10024031148271952
steps[5].waypoints[82].position_m.x=0.14899710291711835
steps[5].waypoints[82].position_m.y=-1.6884914957628523
steps[5].waypoints[82].position_m.z=0.6848771075584587
steps[5].waypoints[82].orientation_xyzw.x=0.47974238006627534
steps[5].waypoints[82].orientation_xyzw.y=-0.5137661764215316
steps[5].waypoints[82].orientation_xyzw.z=0.7041615608127546
steps[5].waypoints[82].orientation_xyzw.w=0.10024001699566212
steps[5].waypoints[83].position_m.x=0.14896864551222153
steps[5].waypoints[83].position_m.y=-1.6876863414674843
steps[5].waypoints[83].position_m.z=0.6842581801130989
steps[5].waypoints[83].orientation_xyzw.x=0.479742191560156
steps[5].waypoints[83].orientation_xyzw.y=-0.513766454677353
steps[5].waypoints[83].orientation_xyzw.z=0.7041615281430276
steps[5].waypoints[83].orientation_xyzw.w=0.1002397225085846
steps[5].waypoints[84].position_m.x=0.14836053845771438
steps[5].waypoints[84].position_m.y=-1.6862212563025776
steps[5].waypoints[84].position_m.z=0.6827602456095074
steps[5].waypoints[84].orientation_xyzw.x=0.4797420030539404
steps[5].waypoints[84].orientation_xyzw.y=-0.5137667329330716
steps[5].waypoints[84].orientation_xyzw.z=0.7041614954731592
steps[5].waypoints[84].orientation_xyzw.w=0.10023942802148696
steps[5].waypoints[85].position_m.x=0.1477524314032072
steps[5].waypoints[85].position_m.y=-1.6847561711376708
steps[5].waypoints[85].position_m.z=0.6812623111059161
steps[5].waypoints[85].orientation_xyzw.x=0.4797418145476285
steps[5].waypoints[85].orientation_xyzw.y=-0.5137670111886871
steps[5].waypoints[85].orientation_xyzw.z=0.7041614628031496
steps[5].waypoints[85].orientation_xyzw.w=0.10023913353436921
steps[5].waypoints[86].position_m.x=0.1477239739983104
steps[5].waypoints[86].position_m.y=-1.6839510168423026
steps[5].waypoints[86].position_m.z=0.6806433836605563
steps[5].waypoints[86].orientation_xyzw.x=0.4797416260412202
steps[5].waypoints[86].orientation_xyzw.y=-0.5137672894441992
steps[5].waypoints[86].orientation_xyzw.z=0.7041614301329984
steps[5].waypoints[86].orientation_xyzw.w=0.10023883904723135
steps[5].waypoints[87].position_m.x=0.1485152649893173
steps[5].waypoints[87].position_m.y=-1.6840791457328648
steps[5].waypoints[87].position_m.z=0.6812675599183692
steps[5].waypoints[87].orientation_xyzw.x=0.4797414375347157
steps[5].waypoints[87].orientation_xyzw.y=-0.5137675676996084
steps[5].waypoints[87].orientation_xyzw.z=0.704161397462706
steps[5].waypoints[87].orientation_xyzw.w=0.10023854456007338
steps[5].waypoints[88].position_m.x=0.14988620562993454
steps[5].waypoints[88].position_m.y=-1.6848672054929656
steps[5].waypoints[88].position_m.z=0.6827707432344137
steps[5].waypoints[88].orientation_xyzw.x=0.4797412490281149
steps[5].waypoints[88].orientation_xyzw.y=-0.5137678459549144
steps[5].waypoints[88].orientation_xyzw.z=0.7041613647922722
steps[5].waypoints[88].orientation_xyzw.w=0.10023825007289529
steps[5].waypoints[89].position_m.x=0.1512571462705518
steps[5].waypoints[89].position_m.y=-1.6856552652530665
steps[5].waypoints[89].position_m.z=0.6842739265504582
steps[5].waypoints[89].orientation_xyzw.x=0.47974106052141774
steps[5].waypoints[89].orientation_xyzw.y=-0.5137681242101172
steps[5].waypoints[89].orientation_xyzw.z=0.7041613321216971
steps[5].waypoints[89].orientation_xyzw.w=0.10023795558569706
steps[5].waypoints[90].position_m.x=0.1520484372615587
steps[5].waypoints[90].position_m.y=-1.6857833941436287
steps[5].waypoints[90].position_m.z=0.684898102808271
steps[5].waypoints[90].orientation_xyzw.x=0.4797408720146243
steps[5].waypoints[90].orientation_xyzw.y=-0.5137684024652167
steps[5].waypoints[90].orientation_xyzw.z=0.7041612994509805
steps[5].waypoints[90].orientation_xyzw.w=0.10023766109847872
steps[5].waypoints[91].position_m.x=0.15201997985666188
steps[5].waypoints[91].position_m.y=-1.6849782398482607
steps[5].waypoints[91].position_m.z=0.6842791753629113
steps[5].waypoints[91].orientation_xyzw.x=0.4797406835077345
steps[5].waypoints[91].orientation_xyzw.y=-0.5137686807202133
steps[5].waypoints[91].orientation_xyzw.z=0.7041612667801227
steps[5].waypoints[91].orientation_xyzw.w=0.10023736661124028
steps[5].waypoints[92].position_m.x=0.15141187280215473
steps[5].waypoints[92].position_m.y=-1.683513154683354
steps[5].waypoints[92].position_m.z=0.6827812408593199
steps[5].waypoints[92].orientation_xyzw.x=0.4797404950007485
steps[5].waypoints[92].orientation_xyzw.y=-0.5137689589751067
steps[5].waypoints[92].orientation_xyzw.z=0.7041612341091235
steps[5].waypoints[92].orientation_xyzw.w=0.10023707212398168
steps[5].waypoints[93].position_m.x=0.1508037657476476
steps[5].waypoints[93].position_m.y=-1.6820480695184472
steps[5].waypoints[93].position_m.z=0.6812833063557285
steps[5].waypoints[93].orientation_xyzw.x=0.4797403064936661
steps[5].waypoints[93].orientation_xyzw.y=-0.5137692372298969
steps[5].waypoints[93].orientation_xyzw.z=0.7041612014379828
steps[5].waypoints[93].orientation_xyzw.w=0.10023677763670297
steps[5].waypoints[94].position_m.x=0.15077530834275074
steps[5].waypoints[94].position_m.y=-1.6812429152230792
steps[5].waypoints[94].position_m.z=0.6806643789103687
steps[5].waypoints[94].orientation_xyzw.x=0.4797401179864874
steps[5].waypoints[94].orientation_xyzw.y=-0.513769515484584
steps[5].waypoints[94].orientation_xyzw.z=0.7041611687667009
steps[5].waypoints[94].orientation_xyzw.w=0.10023648314940414
steps[5].waypoints[95].position_m.x=0.15156659933375766
steps[5].waypoints[95].position_m.y=-1.6813710441136414
steps[5].waypoints[95].position_m.z=0.6812885551681815
steps[5].waypoints[95].orientation_xyzw.x=0.47973992947921246
steps[5].waypoints[95].orientation_xyzw.y=-0.513769793739168
steps[5].waypoints[95].orientation_xyzw.z=0.7041611360952775
steps[5].waypoints[95].orientation_xyzw.w=0.10023618866208518
steps[5].waypoints[96].position_m.x=0.1529375399743749
steps[5].waypoints[96].position_m.y=-1.6821591038737422
steps[5].waypoints[96].position_m.z=0.682791738484226
steps[5].waypoints[96].orientation_xyzw.x=0.4797397409718412
steps[5].waypoints[96].orientation_xyzw.y=-0.5137700719936489
steps[5].waypoints[96].orientation_xyzw.z=0.7041611034237129
steps[5].waypoints[96].orientation_xyzw.w=0.10023589417474611
steps[5].waypoints[97].position_m.x=0.15430848061499217
steps[5].waypoints[97].position_m.y=-1.6829471636338431
steps[5].waypoints[97].position_m.z=0.6842949218002705
steps[5].waypoints[97].orientation_xyzw.x=0.4797395524643735
steps[5].waypoints[97].orientation_xyzw.y=-0.5137703502480265
steps[5].waypoints[97].orientation_xyzw.z=0.7041610707520068
steps[5].waypoints[97].orientation_xyzw.w=0.10023559968738692
steps[5].waypoints[98].position_m.x=0.15509977160599905
steps[5].waypoints[98].position_m.y=-1.683075292524405
steps[5].waypoints[98].position_m.z=0.6849190980580834
steps[5].waypoints[98].orientation_xyzw.x=0.4797393639568096
steps[5].waypoints[98].orientation_xyzw.y=-0.513770628502301
steps[5].waypoints[98].orientation_xyzw.z=0.7041610380801594
steps[5].waypoints[98].orientation_xyzw.w=0.1002353052000076
steps[5].waypoints[99].position_m.x=0.15507131420110223
steps[5].waypoints[99].position_m.y=-1.682270138229037
steps[5].waypoints[99].position_m.z=0.6843001706127236
steps[5].waypoints[99].orientation_xyzw.x=0.4797391754491494
steps[5].waypoints[99].orientation_xyzw.y=-0.5137709067564725
steps[5].waypoints[99].orientation_xyzw.z=0.7041610054081706
steps[5].waypoints[99].orientation_xyzw.w=0.10023501071260815
steps[5].waypoints[100].position_m.x=0.15446320714659506
steps[5].waypoints[100].position_m.y=-1.6808050530641303
steps[5].waypoints[100].position_m.z=0.6828022361091323
steps[5].waypoints[100].orientation_xyzw.x=0.4797389869413929
steps[5].waypoints[100].orientation_xyzw.y=-0.5137711850105408
steps[5].waypoints[100].orientation_xyzw.z=0.7041609727360405
steps[5].waypoints[100].orientation_xyzw.w=0.10023471622518862
steps[5].waypoints[101].position_m.x=0.15385510009208792
steps[5].waypoints[101].position_m.y=-1.6793399678992236
steps[5].waypoints[101].position_m.z=0.6813043016055409
steps[5].waypoints[101].orientation_xyzw.x=0.47973879843354006
steps[5].waypoints[101].orientation_xyzw.y=-0.5137714632645058
steps[5].waypoints[101].orientation_xyzw.z=0.7041609400637691
steps[5].waypoints[101].orientation_xyzw.w=0.10023442173774899
steps[5].waypoints[102].position_m.x=0.1538266426871911
steps[5].waypoints[102].position_m.y=-1.6785348136038556
steps[5].waypoints[102].position_m.z=0.6806853741601812
steps[5].waypoints[102].orientation_xyzw.x=0.4797386099255909
steps[5].waypoints[102].orientation_xyzw.y=-0.5137717415183676
steps[5].waypoints[102].orientation_xyzw.z=0.7041609073913562
steps[5].waypoints[102].orientation_xyzw.w=0.10023412725028924
steps[5].waypoints[103].position_m.x=0.15461793367819798
steps[5].waypoints[103].position_m.y=-1.6786629424944177
steps[5].waypoints[103].position_m.z=0.681309550417994
steps[5].waypoints[103].orientation_xyzw.x=0.4797384214175455
steps[5].waypoints[103].orientation_xyzw.y=-0.5137720197721265
steps[5].waypoints[103].orientation_xyzw.z=0.7041608747188021
steps[5].waypoints[103].orientation_xyzw.w=0.10023383276280938
steps[5].waypoints[104].position_m.x=0.15598887431881525
steps[5].waypoints[104].position_m.y=-1.6794510022545186
steps[5].waypoints[104].position_m.z=0.6828127337340384
steps[5].waypoints[104].orientation_xyzw.x=0.47973823290940387
steps[5].waypoints[104].orientation_xyzw.y=-0.5137722980257822
steps[5].waypoints[104].orientation_xyzw.z=0.7041608420461064
steps[5].waypoints[104].orientation_xyzw.w=0.10023353827530938
steps[5].waypoints[105].position_m.x=0.1573598149594325
steps[5].waypoints[105].position_m.y=-1.6802390620146195
steps[5].waypoints[105].position_m.z=0.6843159170500829
steps[5].waypoints[105].orientation_xyzw.x=0.4797380444011658
steps[5].waypoints[105].orientation_xyzw.y=-0.5137725762793347
steps[5].waypoints[105].orientation_xyzw.z=0.7041608093732695
steps[5].waypoints[105].orientation_xyzw.w=0.10023324378778926
steps[5].waypoints[106].position_m.x=0.15815110595043938
steps[5].waypoints[106].position_m.y=-1.6803671909051816
steps[5].waypoints[106].position_m.z=0.6849400933078957
steps[5].waypoints[106].orientation_xyzw.x=0.4797378558928315
steps[5].waypoints[106].orientation_xyzw.y=-0.5137728545327841
steps[5].waypoints[106].orientation_xyzw.z=0.7041607767002912
steps[5].waypoints[106].orientation_xyzw.w=0.10023294930024904
steps[5].waypoints[107].position_m.x=0.1581226485455426
steps[5].waypoints[107].position_m.y=-1.6795620366098136
steps[5].waypoints[107].position_m.z=0.684321165862536
steps[5].waypoints[107].orientation_xyzw.x=0.4797376673844007
steps[5].waypoints[107].orientation_xyzw.y=-0.5137731327861302
steps[5].waypoints[107].orientation_xyzw.z=0.7041607440271715
steps[5].waypoints[107].orientation_xyzw.w=0.10023265481268867
steps[5].waypoints[108].position_m.x=0.15751454149103541
steps[5].waypoints[108].position_m.y=-1.678096951444907
steps[5].waypoints[108].position_m.z=0.6828232313589446
steps[5].waypoints[108].orientation_xyzw.x=0.4797374788758738
steps[5].waypoints[108].orientation_xyzw.y=-0.5137734110393734
steps[5].waypoints[108].orientation_xyzw.z=0.7041607113539106
steps[5].waypoints[108].orientation_xyzw.w=0.1002323603251082
steps[5].waypoints[109].position_m.x=0.15690643443652824
steps[5].waypoints[109].position_m.y=-1.6766318662800002
steps[5].waypoints[109].position_m.z=0.6813252968553533
steps[5].waypoints[109].orientation_xyzw.x=0.4797372903672506
steps[5].waypoints[109].orientation_xyzw.y=-0.5137736892925133
steps[5].waypoints[109].orientation_xyzw.z=0.7041606786805082
steps[5].waypoints[109].orientation_xyzw.w=0.1002320658375076
steps[5].waypoints[110].position_m.x=0.15687797703163145
steps[5].waypoints[110].position_m.y=-1.675826711984632
steps[5].waypoints[110].position_m.z=0.6807063694099935
steps[5].waypoints[110].orientation_xyzw.x=0.47973710185853097
steps[5].waypoints[110].orientation_xyzw.y=-0.51377396754555
steps[5].waypoints[110].orientation_xyzw.z=0.7041606460069645
steps[5].waypoints[110].orientation_xyzw.w=0.10023177134988687
steps[5].waypoints[111].position_m.x=0.15766926802263834
steps[5].waypoints[111].position_m.y=-1.675954840875194
steps[5].waypoints[111].position_m.z=0.6813305456678064
steps[5].waypoints[111].orientation_xyzw.x=0.4797369133497151
steps[5].waypoints[111].orientation_xyzw.y=-0.5137742457984837
steps[5].waypoints[111].orientation_xyzw.z=0.7041606133332793
steps[5].waypoints[111].orientation_xyzw.w=0.10023147686224601
steps[5].waypoints[112].position_m.x=0.15904020866325558
steps[5].waypoints[112].position_m.y=-1.676742900635295
steps[5].waypoints[112].position_m.z=0.6828337289838509
steps[5].waypoints[112].orientation_xyzw.x=0.4797367248408029
steps[5].waypoints[112].orientation_xyzw.y=-0.5137745240513143
steps[5].waypoints[112].orientation_xyzw.z=0.7041605806594529
steps[5].waypoints[112].orientation_xyzw.w=0.10023118237458505
steps[5].waypoints[113].position_m.x=0.16041114930387285
steps[5].waypoints[113].position_m.y=-1.6775309603953958
steps[5].waypoints[113].position_m.z=0.6843369122998954
steps[5].waypoints[113].orientation_xyzw.x=0.4797365363317945
steps[5].waypoints[113].orientation_xyzw.y=-0.5137748023040417
steps[5].waypoints[113].orientation_xyzw.z=0.7041605479854852
steps[5].waypoints[113].orientation_xyzw.w=0.10023088788690397
steps[5].waypoints[114].position_m.x=0.16120244029487973
steps[5].waypoints[114].position_m.y=-1.677659089285958
steps[5].waypoints[114].position_m.z=0.6849610885577081
steps[5].waypoints[114].orientation_xyzw.x=0.4797363478226897
steps[5].waypoints[114].orientation_xyzw.y=-0.5137750805566659
steps[5].waypoints[114].orientation_xyzw.z=0.704160515311376
steps[5].waypoints[114].orientation_xyzw.w=0.10023059339920279
steps[5].waypoints[115].position_m.x=0.16117398288998291
steps[5].waypoints[115].position_m.y=-1.67685393499059
steps[5].waypoints[115].position_m.z=0.6843421611123484
steps[5].waypoints[115].orientation_xyzw.x=0.4797361593134886
steps[5].waypoints[115].orientation_xyzw.y=-0.5137753588091869
steps[5].waypoints[115].orientation_xyzw.z=0.7041604826371254
steps[5].waypoints[115].orientation_xyzw.w=0.10023029891148152
steps[5].waypoints[116].position_m.x=0.16056587583547577
steps[5].waypoints[116].position_m.y=-1.6753888498256833
steps[5].waypoints[116].position_m.z=0.682844226608757
steps[5].waypoints[116].orientation_xyzw.x=0.4797359708041913
steps[5].waypoints[116].orientation_xyzw.y=-0.5137756370616048
steps[5].waypoints[116].orientation_xyzw.z=0.7041604499627335
steps[5].waypoints[116].orientation_xyzw.w=0.10023000442374017
steps[5].waypoints[117].position_m.x=0.1599577687809686
steps[5].waypoints[117].position_m.y=-1.6739237646607765
steps[5].waypoints[117].position_m.z=0.6813462921051656
steps[5].waypoints[117].orientation_xyzw.x=0.4797357822947976
steps[5].waypoints[117].orientation_xyzw.y=-0.5137759153139195
steps[5].waypoints[117].orientation_xyzw.z=0.7041604172882003
steps[5].waypoints[117].orientation_xyzw.w=0.10022970993597868
steps[5].waypoints[118].position_m.x=0.15992931137607178
steps[5].waypoints[118].position_m.y=-1.6731186103654085
steps[5].waypoints[118].position_m.z=0.6807273646598059
steps[5].waypoints[118].orientation_xyzw.x=0.4797355937853076
steps[5].waypoints[118].orientation_xyzw.y=-0.5137761935661311
steps[5].waypoints[118].orientation_xyzw.z=0.7041603846135257
steps[5].waypoints[118].orientation_xyzw.w=0.10022941544819707
steps[5].waypoints[119].position_m.x=0.1607206023670787
steps[5].waypoints[119].position_m.y=-1.6732467392559707
steps[5].waypoints[119].position_m.z=0.6813515409176187
steps[5].waypoints[119].orientation_xyzw.x=0.4797354052757214
steps[5].waypoints[119].orientation_xyzw.y=-0.5137764718182397
steps[5].waypoints[119].orientation_xyzw.z=0.7041603519387097
steps[5].waypoints[119].orientation_xyzw.w=0.10022912096039534
steps[5].waypoints[120].position_m.x=0.1620915430076959
steps[5].waypoints[120].position_m.y=-1.6740347990160716
steps[5].waypoints[120].position_m.z=0.6828547242336632
steps[5].waypoints[120].orientation_xyzw.x=0.47973521676603875
steps[5].waypoints[120].orientation_xyzw.y=-0.5137767500702449
steps[5].waypoints[120].orientation_xyzw.z=0.7041603192637524
steps[5].waypoints[120].orientation_xyzw.w=0.10022882647257349
steps[5].waypoints[121].position_m.x=0.16346248364831317
steps[5].waypoints[121].position_m.y=-1.6748228587761724
steps[5].waypoints[121].position_m.z=0.6843579075497077
steps[5].waypoints[121].orientation_xyzw.x=0.4797350282562598
steps[5].waypoints[121].orientation_xyzw.y=-0.5137770283221471
steps[5].waypoints[121].orientation_xyzw.z=0.7041602865886537
steps[5].waypoints[121].orientation_xyzw.w=0.1002285319847315
steps[5].waypoints[122].position_m.x=0.1642537746393201
steps[5].waypoints[122].position_m.y=-1.6749509876667343
steps[5].waypoints[122].position_m.z=0.6849820838075206
steps[5].waypoints[122].orientation_xyzw.x=0.47973483974638464
steps[5].waypoints[122].orientation_xyzw.y=-0.5137773065739462
steps[5].waypoints[122].orientation_xyzw.z=0.7041602539134136
steps[5].waypoints[122].orientation_xyzw.w=0.10022823749686942
steps[5].waypoints[123].position_m.x=0.16422531723442327
steps[5].waypoints[123].position_m.y=-1.6741458333713664
steps[5].waypoints[123].position_m.z=0.6843631563621608
steps[5].waypoints[123].orientation_xyzw.x=0.47973465123641307
steps[5].waypoints[123].orientation_xyzw.y=-0.513777584825642
steps[5].waypoints[123].orientation_xyzw.z=0.7041602212380322
steps[5].waypoints[123].orientation_xyzw.w=0.10022794300898719
steps[5].waypoints[124].position_m.x=0.1636172101799161
steps[5].waypoints[124].position_m.y=-1.6726807482064596
steps[5].waypoints[124].position_m.z=0.6828652218585693
steps[5].waypoints[124].orientation_xyzw.x=0.4797344627263453
steps[5].waypoints[124].orientation_xyzw.y=-0.5137778630772348
steps[5].waypoints[124].orientation_xyzw.z=0.7041601885625095
steps[5].waypoints[124].orientation_xyzw.w=0.10022764852108486
steps[5].waypoints[125].position_m.x=0.16300910312540898
steps[5].waypoints[125].position_m.y=-1.671215663041553
steps[5].waypoints[125].position_m.z=0.681367287354978
steps[5].waypoints[125].orientation_xyzw.x=0.47973427421618114
steps[5].waypoints[125].orientation_xyzw.y=-0.5137781413287245
steps[5].waypoints[125].orientation_xyzw.z=0.7041601558868453
steps[5].waypoints[125].orientation_xyzw.w=0.1002273540331624
steps[5].waypoints[126].position_m.x=0.16298064572051213
steps[5].waypoints[126].position_m.y=-1.670410508746185
steps[5].waypoints[126].position_m.z=0.6807483599096182
steps[5].waypoints[126].orientation_xyzw.x=0.47973408570592074
steps[5].waypoints[126].orientation_xyzw.y=-0.5137784195801111
steps[5].waypoints[126].orientation_xyzw.z=0.7041601232110398
steps[5].waypoints[126].orientation_xyzw.w=0.10022705954521983
steps[5].waypoints[127].position_m.x=0.16377193671151902
steps[5].waypoints[127].position_m.y=-1.670538637636747
steps[5].waypoints[127].position_m.z=0.6813725361674311
steps[5].waypoints[127].orientation_xyzw.x=0.47973389719556403
steps[5].waypoints[127].orientation_xyzw.y=-0.5137786978313942
steps[5].waypoints[127].orientation_xyzw.z=0.704160090535093
steps[5].waypoints[127].orientation_xyzw.w=0.10022676505725713
steps[5].waypoints[128].position_m.x=0.16514287735213629
steps[5].waypoints[128].position_m.y=-1.671326697396848
steps[5].waypoints[128].position_m.z=0.6828757194834756
steps[5].waypoints[128].orientation_xyzw.x=0.479733708685111
steps[5].waypoints[128].orientation_xyzw.y=-0.5137789760825745
steps[5].waypoints[128].orientation_xyzw.z=0.7041600578590048
steps[5].waypoints[128].orientation_xyzw.w=0.10022647056927432
steps[5].lead_start.position_m.x=0.11632152784109062
steps[5].lead_start.position_m.y=-1.7146563233044247
steps[5].lead_start.position_m.z=0.6825397954864776
steps[5].lead_start.orientation_xyzw.x=0.4797578372403144
steps[5].lead_start.orientation_xyzw.y=-0.5137433590931816
steps[5].lead_start.orientation_xyzw.z=0.7041642392493157
steps[5].lead_start.orientation_xyzw.w=0.10026416486752904
steps[5].usable_seam_start.position_m.x=0.11632152784109062
steps[5].usable_seam_start.position_m.y=-1.7146563233044247
steps[5].usable_seam_start.position_m.z=0.6825397954864776
steps[5].usable_seam_start.orientation_xyzw.x=0.4797578372403144
steps[5].usable_seam_start.orientation_xyzw.y=-0.5137433590931816
steps[5].usable_seam_start.orientation_xyzw.z=0.7041642392493157
steps[5].usable_seam_start.orientation_xyzw.w=0.10026416486752904
steps[5].usable_seam_goal.position_m.x=0.16514287735213629
steps[5].usable_seam_goal.position_m.y=-1.671326697396848
steps[5].usable_seam_goal.position_m.z=0.6828757194834756
steps[5].usable_seam_goal.orientation_xyzw.x=0.479733708685111
steps[5].usable_seam_goal.orientation_xyzw.y=-0.5137789760825745
steps[5].usable_seam_goal.orientation_xyzw.z=0.7041600578590048
steps[5].usable_seam_goal.orientation_xyzw.w=0.10022647056927432
steps[5].lead_end.position_m.x=0.16514287735213629
steps[5].lead_end.position_m.y=-1.671326697396848
steps[5].lead_end.position_m.z=0.6828757194834756
steps[5].lead_end.orientation_xyzw.x=0.479733708685111
steps[5].lead_end.orientation_xyzw.y=-0.5137789760825745
steps[5].lead_end.orientation_xyzw.z=0.7041600578590048
steps[5].lead_end.orientation_xyzw.w=0.10022647056927432
steps[6].sequence_number=7
steps[6].type=digital_weld
steps[6].parallel_slot=5
steps[6].duration=0.0
steps[6].velocity_scale=0.3695263157894737
steps[6].tcp_speed_m_s=0.0035
steps[6].command=off
steps[6].weld_scenario_id=weld-1466935602666
steps[6].weld_scenario_stage=arc_off
steps[6].path_to_seam_speed_factor=0.3189638653273002
steps[6].trigger_before_goal=True
steps[6].arc_off_delay_s=0.0
steps[6].settings.current_a=190
steps[6].settings.voltage_tenths=235
steps[6].settings.voltage=23.5
steps[6].settings.material=FE-SOLID
steps[6].settings.diameter_mm=1.2
steps[6].settings.mode=LSM
steps[6].settings.gas=CO2 100%
steps[6].settings.synergic=False
steps[6].settings.correction=0.0
steps[6].settings.hot_start_enabled=True
steps[6].settings.hot_start_percent=10.0
steps[6].settings.hot_start_hold_adjustment=-1
steps[6].settings.crater_enabled=False
steps[6].settings.crater_percent=31.57894736842105
steps[6].settings.crater_current_a=60.0
steps[6].settings.crater_voltage_v=25.0
steps[6].settings.crater_seconds=1.0
steps[6].settings.wire_consumable_alpha_mm=0.0
steps[6].settings.hot_start_current_a=209
steps[7].sequence_number=8
steps[7].type=motion
steps[7].parallel_slot=6
steps[7].duration=0.0
steps[7].planning_group=right_manipulator
steps[7].velocity_scale=0.3695263157894737
steps[7].tcp_speed_m_s=0.0
steps[7].interpolation_step=0.005
steps[7].path_kind=weld_end_to_taught_wait_fixed_attitude
steps[7].pose_name=weld_goal_wait
steps[7].pose_label=5 · Weld goal wait pose
steps[7].touch_guard=False
steps[7].continue_after_touch=False
steps[7].weld_scenario_id=weld-1466935602666
steps[7].weld_scenario_stage=goal_wait
steps[7].waypoint_count=1
steps[7].waypoints[0].position_m.x=0.16405331082955926
steps[7].waypoints[0].position_m.y=-1.6701288021592045
steps[7].waypoints[0].position_m.z=0.6867151459675394
steps[7].waypoints[0].orientation_xyzw.x=0.479733708685111
steps[7].waypoints[0].orientation_xyzw.y=-0.5137789760825745
steps[7].waypoints[0].orientation_xyzw.z=0.7041600578590048
steps[7].waypoints[0].orientation_xyzw.w=0.10022647056927432
steps[8].sequence_number=9
steps[8].type=named_pose
steps[8].parallel_slot=7
steps[8].duration=0.0
steps[8].planning_group=right_manipulator
steps[8].velocity_scale=0.3695263157894737
steps[8].tcp_speed_m_s=0.0
steps[8].pose_name=weld_finish
steps[8].pose_label=7 · Weld end pose
steps[8].touch_guard=False
steps[8].continue_after_touch=False
steps[8].weld_scenario_id=weld-1466935602666
steps[8].weld_scenario_stage=finish
steps[8].target_tcp.position_m.x=0.16407272438421472
steps[8].target_tcp.position_m.y=-1.6210552154886684
steps[8].target_tcp.position_m.z=0.7096272396151648
steps[8].target_tcp.orientation_xyzw.x=0.47632359617911285
steps[8].target_tcp.orientation_xyzw.y=-0.5169260754341732
steps[8].target_tcp.orientation_xyzw.z=0.7035013702992345
steps[8].target_tcp.orientation_xyzw.w=0.1048288426260639
steps[8].joint_names[0]=right_manipulator_joint1
steps[8].joint_names[1]=right_manipulator_joint2
steps[8].joint_names[2]=right_manipulator_joint3
steps[8].joint_names[3]=right_manipulator_joint4
steps[8].joint_names[4]=right_manipulator_joint5
steps[8].joint_names[5]=right_manipulator_joint6
steps[8].joint_positions_rad[0]=4.971255695191444
steps[8].joint_positions_rad[1]=1.3963098737564856
steps[8].joint_positions_rad[2]=1.8665014836962808
steps[8].joint_positions_rad[3]=2.8010300102354413
steps[8].joint_positions_rad[4]=1.6969244349693764
steps[8].joint_positions_rad[5]=1.6851234355470173
steps[9].sequence_number=10
steps[9].type=digital_output
steps[9].parallel_slot=8
steps[9].duration=0.0
steps[9].port=0
steps[9].value=True
steps[9].weld_scenario_id=weld-1466935602666
steps[9].weld_scenario_stage=touch_output_on
hicomm_cyclic_period_ms=40.0
arc_wait_recognition=True
arc_wait_main_welding=True
arc_wait_established=True
arc_establishment_timeout_s=5.0

[summary]
rx_samples=1603
welding_samples=1523
wcr_seen=1
current_a.min=1.0
current_a.average=221.8223249669749
current_a.max=236.0
voltage_v.min=3.0
voltage_v.average=23.258777120315678
voltage_v.max=39.2
wire_feed_m_min.min=8.4
wire_feed_m_min.average=8.399999999999773
wire_feed_m_min.max=8.4

[production_metrics]
arc_started_elapsed_s=0.10408037999991393
arc_completed_elapsed_s=61.70163933200001
arc_on_time_s=61.5975589520001
main_weld_arc_time_s=60.67811087600012
crater_arc_time_s=0.0
weld_motion_start_elapsed_s=0.9446002829999998
weld_motion_complete_elapsed_s=60.717453514
weld_motion_duration_s=59.772853231
net_weld_arc_time_s=59.772853231
wire_feed_average_m_min=8.285403469655355
wire_consumable_base_mm=8506.010477720032
wire_consumable_alpha_mm=0.0
wire_consumable_mm=8506.010477720032
wire_consumable_formula=integral(WFS*1000/60*dt)+alpha
weld_motion_start_unix_time=1789539345.449199
weld_motion_start_wall_time=2026-09-16 15:15:45.449
weld_motion_complete_unix_time=1789539405.222053
weld_motion_complete_wall_time=2026-09-16 15:16:45.222

[arc_off_control]
arc_established_elapsed_s=0.9422624229998746
delay_s=0.0
speed_source=tcp_setpoint_projected_along_seam
trigger_speed_m_s=0.0011163735286455507
calculated_pre_off_distance_m=0.0
crater_source=disabled
seam_length_m=0.06527705181993126
trigger_along_m=0.06527705181993126
actual_along_m=0.06528917536798519
actual_remaining_to_goal_m=-1.212354805392446e-05
tcp_x_m=0.16499773554509728
tcp_y_m=-1.671142711132911
tcp_z_m=0.6825939663943983
command_elapsed_s=60.68451594099997
sequence_clear_elapsed_s=64.10237704499991
extinction_current_threshold_a=10.0
feedback_current_extinguished_elapsed_s=61.300806546999866
feedback_extinction_delay_s=0.6162906059998932
feedback_recommended_pre_off_distance_m=0.0006880105184912054
wcr_clear_elapsed_s=61.70163933200001
wcr_clear_delay_s=1.017123391000041

[teaching_snapshot_yaml]
robot_start:
  planning_group: right_manipulator
  joint_state:
    names:
    - right_manipulator_joint1
    - right_manipulator_joint2
    - right_manipulator_joint3
    - right_manipulator_joint4
    - right_manipulator_joint5
    - right_manipulator_joint6
    positions_rad:
    - 5.272090632984539
    - 1.1319069796756747
    - 2.106417676818249
    - 3.6901007738119302
    - 1.4686233526256796
    - 1.4680081624138712
  tcp_pose_world:
    position_m:
      x: 0.0593687026100857
      y: -1.566580876666292
      z: 0.8404797210507349
    orientation_xyzw:
      x: -0.435964943840794
      y: 0.633785310019272
      z: -0.5278153609885844
      w: -0.36008567487496485
weld_wait:
  planning_group: right_manipulator
  joint_state:
    names:
    - right_manipulator_joint1
    - right_manipulator_joint2
    - right_manipulator_joint3
    - right_manipulator_joint4
    - right_manipulator_joint5
    - right_manipulator_joint6
    positions_rad:
    - 4.8674802969943265
    - 1.389684062122423
    - 1.793758969575475
    - 2.699517500016564
    - 1.6204495005808244
    - 1.7075560403570818
  tcp_pose_world:
    position_m:
      x: 0.09568052556334827
      y: -1.6987405135198308
      z: 0.709687418880669
    orientation_xyzw:
      x: 0.4763326234165397
      y: -0.516907574573352
      z: 0.703503697898498
      w: 0.10486342670803019
weld_start_wait:
  planning_group: right_manipulator
  joint_state:
    names:
    - right_manipulator_joint1
    - right_manipulator_joint2
    - right_manipulator_joint3
    - right_manipulator_joint4
    - right_manipulator_joint5
    - right_manipulator_joint6
    positions_rad:
    - 4.887000735152389
    - 1.4171324645295427
    - 1.7531312487238258
    - 2.7192696331894637
    - 1.6087433096932722
    - 1.7136046118248696
  tcp_pose_world:
    position_m:
      x: 0.1146667344188938
      y: -1.7128132677627812
      z: 0.6853092936338476
    orientation_xyzw:
      x: 0.47637215988198994
      y: -0.516884306876517
      z: 0.7034903000421988
      w: 0.10488839945717375
weld_start:
  planning_group: right_manipulator
  joint_state:
    names:
    - right_manipulator_joint1
    - right_manipulator_joint2
    - right_manipulator_joint3
    - right_manipulator_joint4
    - right_manipulator_joint5
    - right_manipulator_joint6
    positions_rad:
    - 4.882272136838285
    - 1.4201538474272397
    - 1.7445932178074526
    - 2.7014734154664737
    - 1.60353830173748
    - 1.7154911308030663
  tcp_pose_world:
    position_m:
      x: 0.11632152784109062
      y: -1.7146563233044247
      z: 0.6825397954864776
    orientation_xyzw:
      x: 0.4797578372403144
      y: -0.5137433590931816
      z: 0.7041642392493157
      w: 0.10026416486752904
weld_goal_wait:
  planning_group: right_manipulator
  joint_state:
    names:
    - right_manipulator_joint1
    - right_manipulator_joint2
    - right_manipulator_joint3
    - right_manipulator_joint4
    - right_manipulator_joint5
    - right_manipulator_joint6
    positions_rad:
    - 4.955783261890302
    - 1.417546319762941
    - 1.7936184878279733
    - 2.787281174791798
    - 1.647829459747929
    - 1.701344217114472
  tcp_pose_world:
    position_m:
      x: 0.16405331082955926
      y: -1.6701288021592045
      z: 0.6867151459675394
    orientation_xyzw:
      x: 0.47634779784193393
      y: -0.5169197645712239
      z: 0.7034863663957914
      w: 0.10485067850050787
weld_end:
  planning_group: right_manipulator
  joint_state:
    names:
    - right_manipulator_joint1
    - right_manipulator_joint2
    - right_manipulator_joint3
    - right_manipulator_joint4
    - right_manipulator_joint5
    - right_manipulator_joint6
    positions_rad:
    - 4.949953605421429
    - 1.4216439237137262
    - 1.785258422943004
    - 2.7683779275238147
    - 1.6433909568585119
    - 1.70166718151184
  tcp_pose_world:
    position_m:
      x: 0.16514287735213629
      y: -1.671326697396848
      z: 0.6828757194834756
    orientation_xyzw:
      x: 0.479733708685111
      y: -0.5137789760825745
      z: 0.7041600578590048
      w: 0.10022647056927432
weld_finish:
  planning_group: right_manipulator
  joint_state:
    names:
    - right_manipulator_joint1
    - right_manipulator_joint2
    - right_manipulator_joint3
    - right_manipulator_joint4
    - right_manipulator_joint5
    - right_manipulator_joint6
    positions_rad:
    - 4.971255695191444
    - 1.3963098737564856
    - 1.8665014836962808
    - 2.8010300102354413
    - 1.6969244349693764
    - 1.6851234355470173
  tcp_pose_world:
    position_m:
      x: 0.16407272438421472
      y: -1.6210552154886684
      z: 0.7096272396151648
    orientation_xyzw:
      x: 0.47632359617911285
      y: -0.5169260754341732
      z: 0.7035013702992345
      w: 0.1048288426260639

[touch_snapshot_yaml]
start_floor:
  position_m:
    x: 0.1141953337923774
    y: -1.7118449541124494
    z: 0.682540652408834
  orientation_xyzw:
    x: 0.47643196198563437
    y: -0.5172137841750238
    z: 0.7032263156783514
    w: 0.10476276053695126
start_wall:
  position_m:
    x: 0.11662063818562901
    y: -1.7143899201518737
    z: 0.6836896037383065
  orientation_xyzw:
    x: 0.476534166257583
    y: -0.5172830557598558
    z: 0.7031104966204855
    w: 0.10473327148060678
goal_floor:
  position_m:
    x: 0.16392876957275937
    y: -1.6703997573627847
    z: 0.6828739726408415
  orientation_xyzw:
    x: 0.47637014116660764
    y: -0.5168734524946345
    z: 0.7034975845489367
    w: 0.10490219847550648
goal_wall:
  position_m:
    x: 0.16497067545722593
    y: -1.6714764014052235
    z: 0.6866991581720854
  orientation_xyzw:
    x: 0.4763897727140471
    y: -0.5168584835945975
    z: 0.7034941625905764
    w: 0.10490974974107656

[samples]
elapsed_s raw0 state arc gas fwd wcr current_a voltage_v wire_feed_m_min set_current_a set_voltage_v error db collision
0.021 0x00 idle 0 0 0 0 0 0.0 0.0 100 10.0 0 0 0
0.060 0x00 idle 0 0 0 0 0 0.0 0.0 100 10.0 0 0 0
0.104 0x09 main_weld 1 1 0 0 0 0.0 0.0 100 10.0 0 0 0
0.139 0x09 main_weld 1 1 0 0 0 0.0 0.0 100 10.0 0 0 0
0.182 0x09 main_weld 1 1 0 0 0 0.0 0.0 100 10.0 0 0 0
0.222 0x09 main_weld 1 1 0 0 0 0.0 0.0 100 23.5 0 0 0
0.259 0x09 main_weld 1 1 0 0 0 0.0 0.0 190 23.5 0 0 0
0.300 0x09 main_weld 1 1 0 0 0 0.0 0.0 190 23.5 0 0 0
0.340 0x09 main_weld 1 1 0 0 0 0.0 0.0 190 23.5 0 0 0
0.382 0x09 main_weld 1 1 0 0 0 0.0 0.0 190 23.5 0 0 0
0.421 0x09 main_weld 1 1 0 0 0 0.0 0.0 190 23.5 0 0 0
0.460 0x09 main_weld 1 1 0 0 0 0.0 0.0 190 23.5 0 0 0
0.500 0x09 main_weld 1 1 0 0 0 0.0 0.0 190 23.5 0 0 0
0.541 0x09 main_weld 1 1 0 0 0 0.0 0.0 190 23.5 0 0 0
0.584 0x09 main_weld 1 1 0 0 0 0.0 0.0 190 23.5 0 0 0
0.618 0x09 main_weld 1 1 0 0 0 0.0 0.0 190 23.5 0 0 0
0.663 0x09 main_weld 1 1 0 0 0 0.0 0.0 190 23.5 0 0 0
0.699 0x09 main_weld 1 1 0 0 0 0.0 0.0 190 23.5 0 0 0
0.742 0x09 main_weld 1 1 0 0 0 0.0 0.0 190 23.5 0 0 0
0.787 0x0B main_weld 1 1 1 0 0 0.0 0.0 190 23.5 0 0 0
0.822 0x0B main_weld 1 1 1 0 0 0.0 0.0 190 23.5 0 0 0
0.861 0x2B main_weld 1 1 1 1 0 3.1 0.0 190 23.5 0 0 0
0.904 0x2B main_weld 1 1 1 1 1 3.1 0.0 190 23.5 0 0 0
0.944 0x2B main_weld 1 1 1 1 1 3.1 8.4 190 23.5 0 0 0
0.992 0x2B main_weld 1 1 1 1 52 39.2 8.4 190 23.5 0 0 0
1.025 0x2B main_weld 1 1 1 1 52 39.2 8.4 190 23.5 0 0 0
1.060 0x2B main_weld 1 1 1 1 52 39.2 8.4 190 23.5 0 0 0
1.099 0x2B main_weld 1 1 1 1 151 39.2 8.4 190 23.5 0 0 0
1.140 0x2B main_weld 1 1 1 1 151 35.6 8.4 190 23.5 0 0 0
1.186 0x2B main_weld 1 1 1 1 151 35.6 8.4 190 23.5 0 0 0
1.227 0x2B main_weld 1 1 1 1 151 35.6 8.4 190 23.5 0 0 0
1.260 0x2B main_weld 1 1 1 1 198 35.6 8.4 190 23.5 0 0 0
1.299 0x2B main_weld 1 1 1 1 198 35.6 8.4 190 23.5 0 0 0
1.340 0x2B main_weld 1 1 1 1 198 23.8 8.4 190 23.5 0 0 0
1.379 0x2B main_weld 1 1 1 1 198 23.8 8.4 190 23.5 0 0 0
1.421 0x2B main_weld 1 1 1 1 198 23.8 8.4 190 23.5 0 0 0
1.463 0x2B main_weld 1 1 1 1 199 23.8 8.4 190 23.5 0 0 0
1.505 0x2B main_weld 1 1 1 1 199 23.8 8.4 190 23.5 0 0 0
1.539 0x2B main_weld 1 1 1 1 199 23.8 8.4 190 23.5 0 0 0
1.582 0x2B main_weld 1 1 1 1 199 23.6 8.4 190 23.5 0 0 0
1.620 0x2B main_weld 1 1 1 1 206 23.6 8.4 190 23.5 0 0 0
1.662 0x2B main_weld 1 1 1 1 206 23.6 8.4 190 23.5 0 0 0
1.700 0x2B main_weld 1 1 1 1 206 23.6 8.4 190 23.5 0 0 0
1.744 0x2B main_weld 1 1 1 1 206 23.6 8.4 190 23.5 0 0 0
1.783 0x2B main_weld 1 1 1 1 206 23.6 8.4 190 23.5 0 0 0
1.823 0x2B main_weld 1 1 1 1 201 23.6 8.4 190 23.5 0 0 0
1.860 0x2B main_weld 1 1 1 1 201 23.3 8.4 190 23.5 0 0 0
1.901 0x2B main_weld 1 1 1 1 201 23.3 8.4 190 23.5 0 0 0
1.938 0x2B main_weld 1 1 1 1 201 23.3 8.4 190 23.5 0 0 0
1.981 0x2B main_weld 1 1 1 1 204 23.7 8.4 190 23.5 0 0 0
2.023 0x2B main_weld 1 1 1 1 204 23.7 8.4 190 23.5 0 0 0
2.061 0x2B main_weld 1 1 1 1 204 23.7 8.4 190 23.5 0 0 0
2.099 0x2B main_weld 1 1 1 1 204 23.7 8.4 190 23.5 0 0 0
2.141 0x2B main_weld 1 1 1 1 204 23.5 8.4 190 23.5 0 0 0
2.180 0x2B main_weld 1 1 1 1 210 23.5 8.4 190 23.5 0 0 0
2.220 0x2B main_weld 1 1 1 1 210 23.5 8.4 190 23.5 0 0 0
2.259 0x2B main_weld 1 1 1 1 210 23.5 8.4 190 23.5 0 0 0
2.300 0x2B main_weld 1 1 1 1 210 23.5 8.4 190 23.5 0 0 0
2.341 0x2B main_weld 1 1 1 1 204 23.4 8.4 190 23.5 0 0 0
2.378 0x2B main_weld 1 1 1 1 204 23.4 8.4 190 23.5 0 0 0
2.418 0x2B main_weld 1 1 1 1 204 23.4 8.4 190 23.5 0 0 0
2.460 0x2B main_weld 1 1 1 1 204 23.4 8.4 190 23.5 0 0 0
2.500 0x2B main_weld 1 1 1 1 204 23.0 8.4 190 23.5 0 0 0
2.543 0x2B main_weld 1 1 1 1 206 23.0 8.4 190 23.5 0 0 0
2.585 0x2B main_weld 1 1 1 1 206 23.0 8.4 190 23.5 0 0 0
2.623 0x2B main_weld 1 1 1 1 200 23.0 8.4 190 23.5 0 0 0
2.659 0x2B main_weld 1 1 1 1 200 23.0 8.4 190 23.5 0 0 0
2.705 0x2B main_weld 1 1 1 1 200 23.2 8.4 190 23.5 0 0 0
2.740 0x2B main_weld 1 1 1 1 200 23.2 8.4 190 23.5 0 0 0
2.782 0x2B main_weld 1 1 1 1 206 23.2 8.4 190 23.5 0 0 0
2.822 0x2B main_weld 1 1 1 1 206 23.2 8.4 190 23.5 0 0 0
2.862 0x2B main_weld 1 1 1 1 206 23.1 8.4 190 23.5 0 0 0
2.904 0x2B main_weld 1 1 1 1 206 23.1 8.4 190 23.5 0 0 0
2.941 0x2B main_weld 1 1 1 1 206 23.5 8.4 190 23.5 0 0 0
2.982 0x2B main_weld 1 1 1 1 193 23.5 8.4 190 23.5 0 0 0
3.021 0x2B main_weld 1 1 1 1 193 23.5 8.4 190 23.5 0 0 0
3.062 0x2B main_weld 1 1 1 1 193 23.5 8.4 190 23.5 0 0 0
3.101 0x2B main_weld 1 1 1 1 193 23.5 8.4 190 23.5 0 0 0
3.142 0x2B main_weld 1 1 1 1 193 23.2 8.4 190 23.5 0 0 0
3.183 0x2B main_weld 1 1 1 1 190 23.2 8.4 190 23.5 0 0 0
3.221 0x2B main_weld 1 1 1 1 190 23.2 8.4 190 23.5 0 0 0
3.260 0x2B main_weld 1 1 1 1 190 23.2 8.4 190 23.5 0 0 0
3.301 0x2B main_weld 1 1 1 1 190 23.4 8.4 190 23.5 0 0 0
3.342 0x2B main_weld 1 1 1 1 211 23.4 8.4 190 23.5 0 0 0
3.383 0x2B main_weld 1 1 1 1 211 23.4 8.4 190 23.5 0 0 0
3.422 0x2B main_weld 1 1 1 1 211 23.4 8.4 190 23.5 0 0 0
3.462 0x2B main_weld 1 1 1 1 211 23.4 8.4 190 23.5 0 0 0
3.501 0x2B main_weld 1 1 1 1 211 23.2 8.4 190 23.5 0 0 0
3.540 0x2B main_weld 1 1 1 1 211 23.2 8.4 190 23.5 0 0 0
3.582 0x2B main_weld 1 1 1 1 211 23.2 8.4 190 23.5 0 0 0
3.621 0x2B main_weld 1 1 1 1 211 23.2 8.4 190 23.5 0 0 0
3.659 0x2B main_weld 1 1 1 1 211 22.8 8.4 190 23.5 0 0 0
3.701 0x2B main_weld 1 1 1 1 211 22.8 8.4 190 23.5 0 0 0
3.745 0x2B main_weld 1 1 1 1 211 22.8 8.4 190 23.5 0 0 0
3.780 0x2B main_weld 1 1 1 1 211 22.8 8.4 190 23.5 0 0 0
3.822 0x2B main_weld 1 1 1 1 211 22.8 8.4 190 23.5 0 0 0
3.861 0x2B main_weld 1 1 1 1 211 24.2 8.4 190 23.5 0 0 0
3.900 0x2B main_weld 1 1 1 1 212 24.2 8.4 190 23.5 0 0 0
3.942 0x2B main_weld 1 1 1 1 212 24.2 8.4 190 23.5 0 0 0
3.980 0x2B main_weld 1 1 1 1 212 24.2 8.4 190 23.5 0 0 0
4.024 0x2B main_weld 1 1 1 1 212 22.9 8.4 190 23.5 0 0 0
4.061 0x2B main_weld 1 1 1 1 222 22.9 8.4 190 23.5 0 0 0
4.103 0x2B main_weld 1 1 1 1 222 22.9 8.4 190 23.5 0 0 0
4.142 0x2B main_weld 1 1 1 1 198 22.9 8.4 190 23.5 0 0 0
4.181 0x2B main_weld 1 1 1 1 198 22.9 8.4 190 23.5 0 0 0
4.223 0x2B main_weld 1 1 1 1 198 23.6 8.4 190 23.5 0 0 0
4.261 0x2B main_weld 1 1 1 1 198 23.6 8.4 190 23.5 0 0 0
4.301 0x2B main_weld 1 1 1 1 198 23.6 8.4 190 23.5 0 0 0
4.340 0x2B main_weld 1 1 1 1 204 23.6 8.4 190 23.5 0 0 0
4.380 0x2B main_weld 1 1 1 1 204 22.8 8.4 190 23.5 0 0 0
4.421 0x2B main_weld 1 1 1 1 204 22.8 8.4 190 23.5 0 0 0
4.460 0x2B main_weld 1 1 1 1 204 22.8 8.4 190 23.5 0 0 0
4.501 0x2B main_weld 1 1 1 1 204 23.6 8.4 190 23.5 0 0 0
4.542 0x2B main_weld 1 1 1 1 204 23.6 8.4 190 23.5 0 0 0
4.586 0x2B main_weld 1 1 1 1 204 23.6 8.4 190 23.5 0 0 0
4.620 0x2B main_weld 1 1 1 1 211 23.6 8.4 190 23.5 0 0 0
4.661 0x2B main_weld 1 1 1 1 211 23.2 8.4 190 23.5 0 0 0
4.703 0x2B main_weld 1 1 1 1 216 23.2 8.4 190 23.5 0 0 0
4.739 0x2B main_weld 1 1 1 1 216 23.2 8.4 190 23.5 0 0 0
4.781 0x2B main_weld 1 1 1 1 216 23.2 8.4 190 23.5 0 0 0
4.820 0x2B main_weld 1 1 1 1 216 23.4 8.4 190 23.5 0 0 0
4.862 0x2B main_weld 1 1 1 1 214 23.4 8.4 190 23.5 0 0 0
4.900 0x2B main_weld 1 1 1 1 214 23.4 8.4 190 23.5 0 0 0
4.945 0x2B main_weld 1 1 1 1 214 23.4 8.4 190 23.5 0 0 0
4.982 0x2B main_weld 1 1 1 1 214 23.4 8.4 190 23.5 0 0 0
5.019 0x2B main_weld 1 1 1 1 214 23.2 8.4 190 23.5 0 0 0
5.060 0x2B main_weld 1 1 1 1 218 23.2 8.4 190 23.5 0 0 0
5.101 0x2B main_weld 1 1 1 1 218 23.2 8.4 190 23.5 0 0 0
5.143 0x2B main_weld 1 1 1 1 218 23.2 8.4 190 23.5 0 0 0
5.181 0x2B main_weld 1 1 1 1 218 23.3 8.4 190 23.5 0 0 0
5.221 0x2B main_weld 1 1 1 1 213 23.3 8.4 190 23.5 0 0 0
5.259 0x2B main_weld 1 1 1 1 213 23.3 8.4 190 23.5 0 0 0
5.304 0x2B main_weld 1 1 1 1 206 23.3 8.4 190 23.5 0 0 0
5.340 0x2B main_weld 1 1 1 1 206 23.3 8.4 190 23.5 0 0 0
5.383 0x2B main_weld 1 1 1 1 206 23.2 8.4 190 23.5 0 0 0
5.422 0x2B main_weld 1 1 1 1 206 23.2 8.4 190 23.5 0 0 0
5.460 0x2B main_weld 1 1 1 1 206 23.2 8.4 190 23.5 0 0 0
5.500 0x2B main_weld 1 1 1 1 219 23.2 8.4 190 23.5 0 0 0
5.538 0x2B main_weld 1 1 1 1 219 23.2 8.4 190 23.5 0 0 0
5.578 0x2B main_weld 1 1 1 1 219 23.3 8.4 190 23.5 0 0 0
5.620 0x2B main_weld 1 1 1 1 219 23.3 8.4 190 23.5 0 0 0
5.661 0x2B main_weld 1 1 1 1 217 23.3 8.4 190 23.5 0 0 0
5.702 0x2B main_weld 1 1 1 1 217 23.3 8.4 190 23.5 0 0 0
5.738 0x2B main_weld 1 1 1 1 217 23.4 8.4 190 23.5 0 0 0
5.779 0x2B main_weld 1 1 1 1 217 23.4 8.4 190 23.5 0 0 0
5.822 0x2B main_weld 1 1 1 1 217 23.4 8.4 190 23.5 0 0 0
5.862 0x2B main_weld 1 1 1 1 217 23.4 8.4 190 23.5 0 0 0
5.901 0x2B main_weld 1 1 1 1 217 23.3 8.4 190 23.5 0 0 0
5.943 0x2B main_weld 1 1 1 1 217 23.3 8.4 190 23.5 0 0 0
5.979 0x2B main_weld 1 1 1 1 217 23.3 8.4 190 23.5 0 0 0
6.020 0x2B main_weld 1 1 1 1 220 23.3 8.4 190 23.5 0 0 0
6.059 0x2B main_weld 1 1 1 1 220 23.3 8.4 190 23.5 0 0 0
6.102 0x2B main_weld 1 1 1 1 220 23.4 8.4 190 23.5 0 0 0
6.138 0x2B main_weld 1 1 1 1 220 23.4 8.4 190 23.5 0 0 0
6.182 0x2B main_weld 1 1 1 1 220 23.4 8.4 190 23.5 0 0 0
6.222 0x2B main_weld 1 1 1 1 214 23.4 8.4 190 23.5 0 0 0
6.262 0x2B main_weld 1 1 1 1 214 23.4 8.4 190 23.5 0 0 0
6.303 0x2B main_weld 1 1 1 1 214 23.4 8.4 190 23.5 0 0 0
6.341 0x2B main_weld 1 1 1 1 214 23.4 8.4 190 23.5 0 0 0
6.382 0x2B main_weld 1 1 1 1 218 23.2 8.4 190 23.5 0 0 0
6.421 0x2B main_weld 1 1 1 1 218 23.2 8.4 190 23.5 0 0 0
6.461 0x2B main_weld 1 1 1 1 218 23.2 8.4 190 23.5 0 0 0
6.501 0x2B main_weld 1 1 1 1 218 23.2 8.4 190 23.5 0 0 0
6.542 0x2B main_weld 1 1 1 1 218 23.4 8.4 190 23.5 0 0 0
6.581 0x2B main_weld 1 1 1 1 217 23.4 8.4 190 23.5 0 0 0
6.622 0x2B main_weld 1 1 1 1 217 23.4 8.4 190 23.5 0 0 0
6.659 0x2B main_weld 1 1 1 1 217 23.4 8.4 190 23.5 0 0 0
6.698 0x2B main_weld 1 1 1 1 217 23.4 8.4 190 23.5 0 0 0
6.741 0x2B main_weld 1 1 1 1 216 24.2 8.4 190 23.5 0 0 0
6.783 0x2B main_weld 1 1 1 1 216 24.2 8.4 190 23.5 0 0 0
6.820 0x2B main_weld 1 1 1 1 216 24.2 8.4 190 23.5 0 0 0
6.860 0x2B main_weld 1 1 1 1 216 24.2 8.4 190 23.5 0 0 0
6.899 0x2B main_weld 1 1 1 1 216 24.0 8.4 190 23.5 0 0 0
6.939 0x2B main_weld 1 1 1 1 216 24.0 8.4 190 23.5 0 0 0
6.979 0x2B main_weld 1 1 1 1 216 24.0 8.4 190 23.5 0 0 0
7.020 0x2B main_weld 1 1 1 1 222 24.0 8.4 190 23.5 0 0 0
7.060 0x2B main_weld 1 1 1 1 222 24.0 8.4 190 23.5 0 0 0
7.098 0x2B main_weld 1 1 1 1 222 22.8 8.4 190 23.5 0 0 0
7.138 0x2B main_weld 1 1 1 1 222 22.8 8.4 190 23.5 0 0 0
7.182 0x2B main_weld 1 1 1 1 222 23.3 8.4 190 23.5 0 0 0
7.221 0x2B main_weld 1 1 1 1 219 23.3 8.4 190 23.5 0 0 0
7.260 0x2B main_weld 1 1 1 1 219 23.3 8.4 190 23.5 0 0 0
7.298 0x2B main_weld 1 1 1 1 219 23.3 8.4 190 23.5 0 0 0
7.341 0x2B main_weld 1 1 1 1 219 23.4 8.4 190 23.5 0 0 0
7.383 0x2B main_weld 1 1 1 1 208 23.4 8.4 190 23.5 0 0 0
7.420 0x2B main_weld 1 1 1 1 208 23.4 8.4 190 23.5 0 0 0
7.460 0x2B main_weld 1 1 1 1 208 23.4 8.4 190 23.5 0 0 0
7.503 0x2B main_weld 1 1 1 1 208 23.4 8.4 190 23.5 0 0 0
7.543 0x2B main_weld 1 1 1 1 208 22.7 8.4 190 23.5 0 0 0
7.581 0x2B main_weld 1 1 1 1 218 22.7 8.4 190 23.5 0 0 0
7.621 0x2B main_weld 1 1 1 1 218 22.7 8.4 190 23.5 0 0 0
7.660 0x2B main_weld 1 1 1 1 218 22.7 8.4 190 23.5 0 0 0
7.701 0x2B main_weld 1 1 1 1 218 22.7 8.4 190 23.5 0 0 0
7.740 0x2B main_weld 1 1 1 1 224 23.1 8.4 190 23.5 0 0 0
7.781 0x2B main_weld 1 1 1 1 224 23.1 8.4 190 23.5 0 0 0
7.822 0x2B main_weld 1 1 1 1 224 23.1 8.4 190 23.5 0 0 0
7.860 0x2B main_weld 1 1 1 1 224 23.1 8.4 190 23.5 0 0 0
7.905 0x2B main_weld 1 1 1 1 224 23.5 8.4 190 23.5 0 0 0
7.947 0x2B main_weld 1 1 1 1 222 23.5 8.4 190 23.5 0 0 0
7.981 0x2B main_weld 1 1 1 1 222 23.5 8.4 190 23.5 0 0 0
8.022 0x2B main_weld 1 1 1 1 222 23.5 8.4 190 23.5 0 0 0
8.070 0x2B main_weld 1 1 1 1 222 23.3 8.4 190 23.5 0 0 0
8.104 0x2B main_weld 1 1 1 1 223 23.3 8.4 190 23.5 0 0 0
8.139 0x2B main_weld 1 1 1 1 223 23.3 8.4 190 23.5 0 0 0
8.181 0x2B main_weld 1 1 1 1 223 23.3 8.4 190 23.5 0 0 0
8.220 0x2B main_weld 1 1 1 1 223 23.3 8.4 190 23.5 0 0 0
8.261 0x2B main_weld 1 1 1 1 223 23.4 8.4 190 23.5 0 0 0
8.302 0x2B main_weld 1 1 1 1 214 23.4 8.4 190 23.5 0 0 0
8.344 0x2B main_weld 1 1 1 1 214 23.4 8.4 190 23.5 0 0 0
8.379 0x2B main_weld 1 1 1 1 218 23.4 8.4 190 23.5 0 0 0
8.420 0x2B main_weld 1 1 1 1 218 23.2 8.4 190 23.5 0 0 0
8.462 0x2B main_weld 1 1 1 1 218 23.2 8.4 190 23.5 0 0 0
8.501 0x2B main_weld 1 1 1 1 218 23.2 8.4 190 23.5 0 0 0
8.541 0x2B main_weld 1 1 1 1 218 23.2 8.4 190 23.5 0 0 0
8.579 0x2B main_weld 1 1 1 1 223 23.2 8.4 190 23.5 0 0 0
8.618 0x2B main_weld 1 1 1 1 223 23.2 8.4 190 23.5 0 0 0
8.658 0x2B main_weld 1 1 1 1 223 23.2 8.4 190 23.5 0 0 0
8.701 0x2B main_weld 1 1 1 1 223 23.4 8.4 190 23.5 0 0 0
8.742 0x2B main_weld 1 1 1 1 220 23.4 8.4 190 23.5 0 0 0
8.783 0x2B main_weld 1 1 1 1 220 23.4 8.4 190 23.5 0 0 0
8.821 0x2B main_weld 1 1 1 1 220 23.4 8.4 190 23.5 0 0 0
8.859 0x2B main_weld 1 1 1 1 220 23.4 8.4 190 23.5 0 0 0
8.900 0x2B main_weld 1 1 1 1 220 23.0 8.4 190 23.5 0 0 0
8.941 0x2B main_weld 1 1 1 1 220 23.0 8.4 190 23.5 0 0 0
8.980 0x2B main_weld 1 1 1 1 220 23.0 8.4 190 23.5 0 0 0
9.021 0x2B main_weld 1 1 1 1 220 23.0 8.4 190 23.5 0 0 0
9.059 0x2B main_weld 1 1 1 1 220 23.0 8.4 190 23.5 0 0 0
9.104 0x2B main_weld 1 1 1 1 220 23.0 8.4 190 23.5 0 0 0
9.139 0x2B main_weld 1 1 1 1 220 23.0 8.4 190 23.5 0 0 0
9.179 0x2B main_weld 1 1 1 1 220 23.0 8.4 190 23.5 0 0 0
9.221 0x2B main_weld 1 1 1 1 220 23.0 8.4 190 23.5 0 0 0
9.262 0x2B main_weld 1 1 1 1 219 23.1 8.4 190 23.5 0 0 0
9.302 0x2B main_weld 1 1 1 1 219 23.1 8.4 190 23.5 0 0 0
9.344 0x2B main_weld 1 1 1 1 219 23.1 8.4 190 23.5 0 0 0
9.380 0x2B main_weld 1 1 1 1 219 23.1 8.4 190 23.5 0 0 0
9.421 0x2B main_weld 1 1 1 1 219 22.7 8.4 190 23.5 0 0 0
9.461 0x2B main_weld 1 1 1 1 217 22.7 8.4 190 23.5 0 0 0
9.499 0x2B main_weld 1 1 1 1 217 22.7 8.4 190 23.5 0 0 0
9.540 0x2B main_weld 1 1 1 1 225 22.7 8.4 190 23.5 0 0 0
9.583 0x2B main_weld 1 1 1 1 225 22.7 8.4 190 23.5 0 0 0
9.622 0x2B main_weld 1 1 1 1 225 22.9 8.4 190 23.5 0 0 0
9.659 0x2B main_weld 1 1 1 1 225 22.9 8.4 190 23.5 0 0 0
9.701 0x2B main_weld 1 1 1 1 225 22.9 8.4 190 23.5 0 0 0
9.740 0x2B main_weld 1 1 1 1 220 22.9 8.4 190 23.5 0 0 0
9.783 0x2B main_weld 1 1 1 1 220 23.3 8.4 190 23.5 0 0 0
9.820 0x2B main_weld 1 1 1 1 220 23.3 8.4 190 23.5 0 0 0
9.862 0x2B main_weld 1 1 1 1 220 23.3 8.4 190 23.5 0 0 0
9.900 0x2B main_weld 1 1 1 1 224 23.3 8.4 190 23.5 0 0 0
9.943 0x2B main_weld 1 1 1 1 224 23.3 8.4 190 23.5 0 0 0
9.987 0x2B main_weld 1 1 1 1 224 23.0 8.4 190 23.5 0 0 0
10.021 0x2B main_weld 1 1 1 1 224 23.0 8.4 190 23.5 0 0 0
10.059 0x2B main_weld 1 1 1 1 224 23.0 8.4 190 23.5 0 0 0
10.101 0x2B main_weld 1 1 1 1 225 23.0 8.4 190 23.5 0 0 0
10.141 0x2B main_weld 1 1 1 1 225 23.2 8.4 190 23.5 0 0 0
10.182 0x2B main_weld 1 1 1 1 225 23.2 8.4 190 23.5 0 0 0
10.220 0x2B main_weld 1 1 1 1 225 23.3 8.4 190 23.5 0 0 0
10.261 0x2B main_weld 1 1 1 1 214 23.3 8.4 190 23.5 0 0 0
10.300 0x2B main_weld 1 1 1 1 214 23.3 8.4 190 23.5 0 0 0
10.342 0x2B main_weld 1 1 1 1 214 23.3 8.4 190 23.5 0 0 0
10.388 0x2B main_weld 1 1 1 1 214 23.3 8.4 190 23.5 0 0 0
10.421 0x2B main_weld 1 1 1 1 214 22.9 8.4 190 23.5 0 0 0
10.463 0x2B main_weld 1 1 1 1 222 22.9 8.4 190 23.5 0 0 0
10.503 0x2B main_weld 1 1 1 1 222 22.9 8.4 190 23.5 0 0 0
10.543 0x2B main_weld 1 1 1 1 222 22.9 8.4 190 23.5 0 0 0
10.581 0x2B main_weld 1 1 1 1 222 22.7 8.4 190 23.5 0 0 0
10.618 0x2B main_weld 1 1 1 1 224 22.7 8.4 190 23.5 0 0 0
10.660 0x2B main_weld 1 1 1 1 224 22.7 8.4 190 23.5 0 0 0
10.702 0x2B main_weld 1 1 1 1 224 22.7 8.4 190 23.5 0 0 0
10.747 0x2B main_weld 1 1 1 1 224 22.7 8.4 190 23.5 0 0 0
10.783 0x2B main_weld 1 1 1 1 224 23.1 8.4 190 23.5 0 0 0
10.821 0x2B main_weld 1 1 1 1 222 23.1 8.4 190 23.5 0 0 0
10.862 0x2B main_weld 1 1 1 1 222 23.1 8.4 190 23.5 0 0 0
10.902 0x2B main_weld 1 1 1 1 222 23.1 8.4 190 23.5 0 0 0
10.942 0x2B main_weld 1 1 1 1 222 23.1 8.4 190 23.5 0 0 0
10.980 0x2B main_weld 1 1 1 1 228 24.1 8.4 190 23.5 0 0 0
11.022 0x2B main_weld 1 1 1 1 228 24.1 8.4 190 23.5 0 0 0
11.062 0x2B main_weld 1 1 1 1 223 24.1 8.4 190 23.5 0 0 0
11.100 0x2B main_weld 1 1 1 1 223 24.1 8.4 190 23.5 0 0 0
11.140 0x2B main_weld 1 1 1 1 223 24.2 8.4 190 23.5 0 0 0
11.181 0x2B main_weld 1 1 1 1 223 24.2 8.4 190 23.5 0 0 0
11.223 0x2B main_weld 1 1 1 1 223 24.2 8.4 190 23.5 0 0 0
11.260 0x2B main_weld 1 1 1 1 225 24.2 8.4 190 23.5 0 0 0
11.302 0x2B main_weld 1 1 1 1 225 24.2 8.4 190 23.5 0 0 0
11.340 0x2B main_weld 1 1 1 1 225 24.2 8.4 190 23.5 0 0 0
11.381 0x2B main_weld 1 1 1 1 225 24.2 8.4 190 23.5 0 0 0
11.421 0x2B main_weld 1 1 1 1 226 23.6 8.4 190 23.5 0 0 0
11.461 0x2B main_weld 1 1 1 1 226 23.6 8.4 190 23.5 0 0 0
11.501 0x2B main_weld 1 1 1 1 226 23.6 8.4 190 23.5 0 0 0
11.547 0x2B main_weld 1 1 1 1 226 23.6 8.4 190 23.5 0 0 0
11.585 0x2B main_weld 1 1 1 1 226 23.3 8.4 190 23.5 0 0 0
11.622 0x2B main_weld 1 1 1 1 225 23.3 8.4 190 23.5 0 0 0
11.662 0x2B main_weld 1 1 1 1 225 23.3 8.4 190 23.5 0 0 0
11.703 0x2B main_weld 1 1 1 1 225 23.3 8.4 190 23.5 0 0 0
11.741 0x2B main_weld 1 1 1 1 225 23.3 8.4 190 23.5 0 0 0
11.782 0x2B main_weld 1 1 1 1 225 24.2 8.4 190 23.5 0 0 0
11.823 0x2B main_weld 1 1 1 1 226 24.2 8.4 190 23.5 0 0 0
11.861 0x2B main_weld 1 1 1 1 226 24.2 8.4 190 23.5 0 0 0
11.899 0x2B main_weld 1 1 1 1 226 24.2 8.4 190 23.5 0 0 0
11.940 0x2B main_weld 1 1 1 1 226 23.7 8.4 190 23.5 0 0 0
11.978 0x2B main_weld 1 1 1 1 219 23.7 8.4 190 23.5 0 0 0
12.019 0x2B main_weld 1 1 1 1 219 23.7 8.4 190 23.5 0 0 0
12.062 0x2B main_weld 1 1 1 1 219 23.7 8.4 190 23.5 0 0 0
12.100 0x2B main_weld 1 1 1 1 219 23.7 8.4 190 23.5 0 0 0
12.145 0x2B main_weld 1 1 1 1 224 23.3 8.4 190 23.5 0 0 0
12.181 0x2B main_weld 1 1 1 1 224 23.3 8.4 190 23.5 0 0 0
12.222 0x2B main_weld 1 1 1 1 224 23.3 8.4 190 23.5 0 0 0
12.264 0x2B main_weld 1 1 1 1 224 23.3 8.4 190 23.5 0 0 0
12.304 0x2B main_weld 1 1 1 1 224 23.5 8.4 190 23.5 0 0 0
12.342 0x2B main_weld 1 1 1 1 223 23.5 8.4 190 23.5 0 0 0
12.383 0x2B main_weld 1 1 1 1 223 23.5 8.4 190 23.5 0 0 0
12.422 0x2B main_weld 1 1 1 1 223 23.5 8.4 190 23.5 0 0 0
12.462 0x2B main_weld 1 1 1 1 223 23.5 8.4 190 23.5 0 0 0
12.497 0x2B main_weld 1 1 1 1 223 23.6 8.4 190 23.5 0 0 0
12.543 0x2B main_weld 1 1 1 1 217 23.6 8.4 190 23.5 0 0 0
12.580 0x2B main_weld 1 1 1 1 217 23.6 8.4 190 23.5 0 0 0
12.623 0x2B main_weld 1 1 1 1 225 23.6 8.4 190 23.5 0 0 0
12.662 0x2B main_weld 1 1 1 1 225 23.6 8.4 190 23.5 0 0 0
12.703 0x2B main_weld 1 1 1 1 225 23.6 8.4 190 23.5 0 0 0
12.744 0x2B main_weld 1 1 1 1 225 23.6 8.4 190 23.5 0 0 0
12.783 0x2B main_weld 1 1 1 1 219 23.6 8.4 190 23.5 0 0 0
12.819 0x2B main_weld 1 1 1 1 219 23.6 8.4 190 23.5 0 0 0
12.859 0x2B main_weld 1 1 1 1 219 23.3 8.4 190 23.5 0 0 0
12.900 0x2B main_weld 1 1 1 1 219 23.3 8.4 190 23.5 0 0 0
12.939 0x2B main_weld 1 1 1 1 219 23.4 8.4 190 23.5 0 0 0
12.978 0x2B main_weld 1 1 1 1 217 23.4 8.4 190 23.5 0 0 0
13.019 0x2B main_weld 1 1 1 1 217 23.4 8.4 190 23.5 0 0 0
13.059 0x2B main_weld 1 1 1 1 217 23.4 8.4 190 23.5 0 0 0
13.101 0x2B main_weld 1 1 1 1 217 23.4 8.4 190 23.5 0 0 0
13.141 0x2B main_weld 1 1 1 1 223 23.1 8.4 190 23.5 0 0 0
13.181 0x2B main_weld 1 1 1 1 223 23.1 8.4 190 23.5 0 0 0
13.222 0x2B main_weld 1 1 1 1 223 23.1 8.4 190 23.5 0 0 0
13.264 0x2B main_weld 1 1 1 1 223 23.1 8.4 190 23.5 0 0 0
13.301 0x2B main_weld 1 1 1 1 223 23.0 8.4 190 23.5 0 0 0
13.342 0x2B main_weld 1 1 1 1 219 23.0 8.4 190 23.5 0 0 0
13.382 0x2B main_weld 1 1 1 1 219 23.0 8.4 190 23.5 0 0 0
13.418 0x2B main_weld 1 1 1 1 219 23.0 8.4 190 23.5 0 0 0
13.460 0x2B main_weld 1 1 1 1 219 23.1 8.4 190 23.5 0 0 0
13.501 0x2B main_weld 1 1 1 1 219 23.1 8.4 190 23.5 0 0 0
13.541 0x2B main_weld 1 1 1 1 219 23.1 8.4 190 23.5 0 0 0
13.581 0x2B main_weld 1 1 1 1 220 23.1 8.4 190 23.5 0 0 0
13.621 0x2B main_weld 1 1 1 1 220 23.1 8.4 190 23.5 0 0 0
13.662 0x2B main_weld 1 1 1 1 220 23.3 8.4 190 23.5 0 0 0
13.699 0x2B main_weld 1 1 1 1 218 23.3 8.4 190 23.5 0 0 0
13.741 0x2B main_weld 1 1 1 1 218 23.3 8.4 190 23.5 0 0 0
13.788 0x2B main_weld 1 1 1 1 214 23.3 8.4 190 23.5 0 0 0
13.823 0x2B main_weld 1 1 1 1 214 22.8 8.4 190 23.5 0 0 0
13.860 0x2B main_weld 1 1 1 1 214 22.8 8.4 190 23.5 0 0 0
13.901 0x2B main_weld 1 1 1 1 214 22.8 8.4 190 23.5 0 0 0
13.940 0x2B main_weld 1 1 1 1 214 22.8 8.4 190 23.5 0 0 0
13.979 0x2B main_weld 1 1 1 1 214 22.8 8.4 190 23.5 0 0 0
14.021 0x2B main_weld 1 1 1 1 214 23.0 8.4 190 23.5 0 0 0
14.062 0x2B main_weld 1 1 1 1 214 23.0 8.4 190 23.5 0 0 0
14.100 0x2B main_weld 1 1 1 1 214 23.0 8.4 190 23.5 0 0 0
14.142 0x2B main_weld 1 1 1 1 219 23.0 8.4 190 23.5 0 0 0
14.179 0x2B main_weld 1 1 1 1 219 23.0 8.4 190 23.5 0 0 0
14.220 0x2B main_weld 1 1 1 1 219 22.9 8.4 190 23.5 0 0 0
14.261 0x2B main_weld 1 1 1 1 219 22.9 8.4 190 23.5 0 0 0
14.302 0x2B main_weld 1 1 1 1 222 22.9 8.4 190 23.5 0 0 0
14.342 0x2B main_weld 1 1 1 1 222 22.9 8.4 190 23.5 0 0 0
14.383 0x2B main_weld 1 1 1 1 222 22.9 8.4 190 23.5 0 0 0
14.419 0x2B main_weld 1 1 1 1 222 22.9 8.4 190 23.5 0 0 0
14.460 0x2B main_weld 1 1 1 1 222 23.5 8.4 190 23.5 0 0 0
14.500 0x2B main_weld 1 1 1 1 223 23.5 8.4 190 23.5 0 0 0
14.541 0x2B main_weld 1 1 1 1 223 23.5 8.4 190 23.5 0 0 0
14.583 0x2B main_weld 1 1 1 1 223 23.5 8.4 190 23.5 0 0 0
14.622 0x2B main_weld 1 1 1 1 223 23.5 8.4 190 23.5 0 0 0
14.663 0x2B main_weld 1 1 1 1 229 24.2 8.4 190 23.5 0 0 0
14.700 0x2B main_weld 1 1 1 1 229 24.2 8.4 190 23.5 0 0 0
14.741 0x2B main_weld 1 1 1 1 229 24.2 8.4 190 23.5 0 0 0
14.779 0x2B main_weld 1 1 1 1 229 24.2 8.4 190 23.5 0 0 0
14.821 0x2B main_weld 1 1 1 1 229 24.0 8.4 190 23.5 0 0 0
14.860 0x2B main_weld 1 1 1 1 223 24.0 8.4 190 23.5 0 0 0
14.900 0x2B main_weld 1 1 1 1 223 24.0 8.4 190 23.5 0 0 0
14.942 0x2B main_weld 1 1 1 1 223 24.0 8.4 190 23.5 0 0 0
14.984 0x2B main_weld 1 1 1 1 223 24.0 8.4 190 23.5 0 0 0
15.023 0x2B main_weld 1 1 1 1 223 24.0 8.4 190 23.5 0 0 0
15.062 0x2B main_weld 1 1 1 1 228 24.0 8.4 190 23.5 0 0 0
15.099 0x2B main_weld 1 1 1 1 228 23.1 8.4 190 23.5 0 0 0
15.140 0x2B main_weld 1 1 1 1 228 23.1 8.4 190 23.5 0 0 0
15.181 0x2B main_weld 1 1 1 1 228 23.1 8.4 190 23.5 0 0 0
15.222 0x2B main_weld 1 1 1 1 229 23.1 8.4 190 23.5 0 0 0
15.259 0x2B main_weld 1 1 1 1 229 23.1 8.4 190 23.5 0 0 0
15.300 0x2B main_weld 1 1 1 1 225 23.1 8.4 190 23.5 0 0 0
15.341 0x2B main_weld 1 1 1 1 225 23.1 8.4 190 23.5 0 0 0
15.381 0x2B main_weld 1 1 1 1 225 24.0 8.4 190 23.5 0 0 0
15.421 0x2B main_weld 1 1 1 1 225 24.0 8.4 190 23.5 0 0 0
15.461 0x2B main_weld 1 1 1 1 225 24.0 8.4 190 23.5 0 0 0
15.499 0x2B main_weld 1 1 1 1 223 24.0 8.4 190 23.5 0 0 0
15.540 0x2B main_weld 1 1 1 1 223 23.7 8.4 190 23.5 0 0 0
15.579 0x2B main_weld 1 1 1 1 223 23.7 8.4 190 23.5 0 0 0
15.623 0x2B main_weld 1 1 1 1 223 23.4 8.4 190 23.5 0 0 0
15.663 0x2B main_weld 1 1 1 1 228 23.4 8.4 190 23.5 0 0 0
15.705 0x2B main_weld 1 1 1 1 228 23.4 8.4 190 23.5 0 0 0
15.753 0x2B main_weld 1 1 1 1 228 23.4 8.4 190 23.5 0 0 0
15.788 0x2B main_weld 1 1 1 1 228 23.4 8.4 190 23.5 0 0 0
15.819 0x2B main_weld 1 1 1 1 228 23.5 8.4 190 23.5 0 0 0
15.859 0x2B main_weld 1 1 1 1 222 23.5 8.4 190 23.5 0 0 0
15.901 0x2B main_weld 1 1 1 1 222 23.5 8.4 190 23.5 0 0 0
15.940 0x2B main_weld 1 1 1 1 222 23.5 8.4 190 23.5 0 0 0
15.982 0x2B main_weld 1 1 1 1 222 23.5 8.4 190 23.5 0 0 0
16.023 0x2B main_weld 1 1 1 1 224 23.0 8.4 190 23.5 0 0 0
16.063 0x2B main_weld 1 1 1 1 224 23.0 8.4 190 23.5 0 0 0
16.101 0x2B main_weld 1 1 1 1 224 23.0 8.4 190 23.5 0 0 0
16.139 0x2B main_weld 1 1 1 1 224 23.0 8.4 190 23.5 0 0 0
16.184 0x2B main_weld 1 1 1 1 224 23.4 8.4 190 23.5 0 0 0
16.222 0x2B main_weld 1 1 1 1 225 23.4 8.4 190 23.5 0 0 0
16.261 0x2B main_weld 1 1 1 1 225 23.4 8.4 190 23.5 0 0 0
16.302 0x2B main_weld 1 1 1 1 225 23.4 8.4 190 23.5 0 0 0
16.344 0x2B main_weld 1 1 1 1 225 23.4 8.4 190 23.5 0 0 0
16.382 0x2B main_weld 1 1 1 1 223 22.9 8.4 190 23.5 0 0 0
16.420 0x2B main_weld 1 1 1 1 223 22.9 8.4 190 23.5 0 0 0
16.460 0x2B main_weld 1 1 1 1 223 22.9 8.4 190 23.5 0 0 0
16.501 0x2B main_weld 1 1 1 1 223 22.9 8.4 190 23.5 0 0 0
16.540 0x2B main_weld 1 1 1 1 223 22.9 8.4 190 23.5 0 0 0
16.581 0x2B main_weld 1 1 1 1 220 22.9 8.4 190 23.5 0 0 0
16.622 0x2B main_weld 1 1 1 1 220 22.9 8.4 190 23.5 0 0 0
16.658 0x2B main_weld 1 1 1 1 220 22.9 8.4 190 23.5 0 0 0
16.705 0x2B main_weld 1 1 1 1 220 23.5 8.4 190 23.5 0 0 0
16.739 0x2B main_weld 1 1 1 1 226 23.5 8.4 190 23.5 0 0 0
16.779 0x2B main_weld 1 1 1 1 226 23.5 8.4 190 23.5 0 0 0
16.820 0x2B main_weld 1 1 1 1 226 23.5 8.4 190 23.5 0 0 0
16.861 0x2B main_weld 1 1 1 1 225 23.5 8.4 190 23.5 0 0 0
16.906 0x2B main_weld 1 1 1 1 225 23.2 8.4 190 23.5 0 0 0
16.947 0x2B main_weld 1 1 1 1 225 23.2 8.4 190 23.5 0 0 0
16.979 0x2B main_weld 1 1 1 1 225 23.2 8.4 190 23.5 0 0 0
17.020 0x2B main_weld 1 1 1 1 224 23.2 8.4 190 23.5 0 0 0
17.060 0x2B main_weld 1 1 1 1 224 23.2 8.4 190 23.5 0 0 0
17.100 0x2B main_weld 1 1 1 1 224 22.9 8.4 190 23.5 0 0 0
17.136 0x2B main_weld 1 1 1 1 224 22.9 8.4 190 23.5 0 0 0
17.191 0x2B main_weld 1 1 1 1 225 23.1 8.4 190 23.5 0 0 0
17.220 0x2B main_weld 1 1 1 1 225 23.1 8.4 190 23.5 0 0 0
17.260 0x2B main_weld 1 1 1 1 225 23.1 8.4 190 23.5 0 0 0
17.296 0x2B main_weld 1 1 1 1 225 23.1 8.4 190 23.5 0 0 0
17.340 0x2B main_weld 1 1 1 1 225 23.0 8.4 190 23.5 0 0 0
17.381 0x2B main_weld 1 1 1 1 222 23.0 8.4 190 23.5 0 0 0
17.423 0x2B main_weld 1 1 1 1 222 23.0 8.4 190 23.5 0 0 0
17.462 0x2B main_weld 1 1 1 1 222 23.0 8.4 190 23.5 0 0 0
17.502 0x2B main_weld 1 1 1 1 222 23.0 8.4 190 23.5 0 0 0
17.541 0x2B main_weld 1 1 1 1 229 23.9 8.4 190 23.5 0 0 0
17.578 0x2B main_weld 1 1 1 1 229 23.9 8.4 190 23.5 0 0 0
17.620 0x2B main_weld 1 1 1 1 229 23.9 8.4 190 23.5 0 0 0
17.660 0x2B main_weld 1 1 1 1 229 23.9 8.4 190 23.5 0 0 0
17.700 0x2B main_weld 1 1 1 1 229 24.2 8.4 190 23.5 0 0 0
17.742 0x2B main_weld 1 1 1 1 224 24.2 8.4 190 23.5 0 0 0
17.781 0x2B main_weld 1 1 1 1 224 24.2 8.4 190 23.5 0 0 0
17.822 0x2B main_weld 1 1 1 1 224 24.2 8.4 190 23.5 0 0 0
17.859 0x2B main_weld 1 1 1 1 224 24.2 8.4 190 23.5 0 0 0
17.901 0x2B main_weld 1 1 1 1 230 24.1 8.4 190 23.5 0 0 0
17.941 0x2B main_weld 1 1 1 1 230 24.1 8.4 190 23.5 0 0 0
17.981 0x2B main_weld 1 1 1 1 230 24.1 8.4 190 23.5 0 0 0
18.019 0x2B main_weld 1 1 1 1 230 24.1 8.4 190 23.5 0 0 0
18.060 0x2B main_weld 1 1 1 1 230 24.2 8.4 190 23.5 0 0 0
18.099 0x2B main_weld 1 1 1 1 225 24.2 8.4 190 23.5 0 0 0
18.139 0x2B main_weld 1 1 1 1 225 24.2 8.4 190 23.5 0 0 0
18.180 0x2B main_weld 1 1 1 1 222 24.2 8.4 190 23.5 0 0 0
18.222 0x2B main_weld 1 1 1 1 222 24.2 8.4 190 23.5 0 0 0
18.261 0x2B main_weld 1 1 1 1 222 24.0 8.4 190 23.5 0 0 0
18.302 0x2B main_weld 1 1 1 1 222 24.0 8.4 190 23.5 0 0 0
18.340 0x2B main_weld 1 1 1 1 222 23.7 8.4 190 23.5 0 0 0
18.383 0x2B main_weld 1 1 1 1 230 23.7 8.4 190 23.5 0 0 0
18.420 0x2B main_weld 1 1 1 1 230 23.7 8.4 190 23.5 0 0 0
18.459 0x2B main_weld 1 1 1 1 230 23.7 8.4 190 23.5 0 0 0
18.498 0x2B main_weld 1 1 1 1 230 24.0 8.4 190 23.5 0 0 0
18.540 0x2B main_weld 1 1 1 1 225 24.0 8.4 190 23.5 0 0 0
18.581 0x2B main_weld 1 1 1 1 225 24.0 8.4 190 23.5 0 0 0
18.622 0x2B main_weld 1 1 1 1 225 24.0 8.4 190 23.5 0 0 0
18.660 0x2B main_weld 1 1 1 1 225 24.0 8.4 190 23.5 0 0 0
18.701 0x2B main_weld 1 1 1 1 225 23.0 8.4 190 23.5 0 0 0
18.739 0x2B main_weld 1 1 1 1 225 23.0 8.4 190 23.5 0 0 0
18.784 0x2B main_weld 1 1 1 1 225 23.0 8.4 190 23.5 0 0 0
18.822 0x2B main_weld 1 1 1 1 225 23.0 8.4 190 23.5 0 0 0
18.860 0x2B main_weld 1 1 1 1 225 23.0 8.4 190 23.5 0 0 0
18.900 0x2B main_weld 1 1 1 1 226 22.9 8.4 190 23.5 0 0 0
18.941 0x2B main_weld 1 1 1 1 226 22.9 8.4 190 23.5 0 0 0
18.983 0x2B main_weld 1 1 1 1 226 22.9 8.4 190 23.5 0 0 0
19.021 0x2B main_weld 1 1 1 1 226 22.9 8.4 190 23.5 0 0 0
19.060 0x2B main_weld 1 1 1 1 226 23.2 8.4 190 23.5 0 0 0
19.102 0x2B main_weld 1 1 1 1 224 23.2 8.4 190 23.5 0 0 0
19.140 0x2B main_weld 1 1 1 1 224 23.2 8.4 190 23.5 0 0 0
19.183 0x2B main_weld 1 1 1 1 224 23.2 8.4 190 23.5 0 0 0
19.221 0x2B main_weld 1 1 1 1 224 23.8 8.4 190 23.5 0 0 0
19.259 0x2B main_weld 1 1 1 1 222 23.8 8.4 190 23.5 0 0 0
19.301 0x2B main_weld 1 1 1 1 222 23.8 8.4 190 23.5 0 0 0
19.340 0x2B main_weld 1 1 1 1 222 23.8 8.4 190 23.5 0 0 0
19.384 0x2B main_weld 1 1 1 1 222 23.8 8.4 190 23.5 0 0 0
19.424 0x2B main_weld 1 1 1 1 222 23.5 8.4 190 23.5 0 0 0
19.459 0x2B main_weld 1 1 1 1 229 23.5 8.4 190 23.5 0 0 0
19.499 0x2B main_weld 1 1 1 1 229 23.5 8.4 190 23.5 0 0 0
19.540 0x2B main_weld 1 1 1 1 226 23.5 8.4 190 23.5 0 0 0
19.580 0x2B main_weld 1 1 1 1 226 23.9 8.4 190 23.5 0 0 0
19.622 0x2B main_weld 1 1 1 1 226 23.9 8.4 190 23.5 0 0 0
19.660 0x2B main_weld 1 1 1 1 226 23.9 8.4 190 23.5 0 0 0
19.700 0x2B main_weld 1 1 1 1 226 23.9 8.4 190 23.5 0 0 0
19.746 0x2B main_weld 1 1 1 1 223 23.9 8.4 190 23.5 0 0 0
19.786 0x2B main_weld 1 1 1 1 223 24.2 8.4 190 23.5 0 0 0
19.824 0x2B main_weld 1 1 1 1 223 24.2 8.4 190 23.5 0 0 0
19.861 0x2B main_weld 1 1 1 1 223 23.9 8.4 190 23.5 0 0 0
19.901 0x2B main_weld 1 1 1 1 223 23.9 8.4 190 23.5 0 0 0
19.941 0x2B main_weld 1 1 1 1 223 23.9 8.4 190 23.5 0 0 0
19.983 0x2B main_weld 1 1 1 1 223 23.9 8.4 190 23.5 0 0 0
20.023 0x2B main_weld 1 1 1 1 223 23.9 8.4 190 23.5 0 0 0
20.061 0x2B main_weld 1 1 1 1 224 22.9 8.4 190 23.5 0 0 0
20.101 0x2B main_weld 1 1 1 1 224 22.9 8.4 190 23.5 0 0 0
20.142 0x2B main_weld 1 1 1 1 224 22.9 8.4 190 23.5 0 0 0
20.179 0x2B main_weld 1 1 1 1 224 22.9 8.4 190 23.5 0 0 0
20.224 0x2B main_weld 1 1 1 1 224 23.3 8.4 190 23.5 0 0 0
20.263 0x2B main_weld 1 1 1 1 220 23.3 8.4 190 23.5 0 0 0
20.300 0x2B main_weld 1 1 1 1 220 23.3 8.4 190 23.5 0 0 0
20.342 0x2B main_weld 1 1 1 1 220 23.3 8.4 190 23.5 0 0 0
20.378 0x2B main_weld 1 1 1 1 220 23.3 8.4 190 23.5 0 0 0
20.422 0x2B main_weld 1 1 1 1 219 22.8 8.4 190 23.5 0 0 0
20.461 0x2B main_weld 1 1 1 1 219 22.8 8.4 190 23.5 0 0 0
20.500 0x2B main_weld 1 1 1 1 219 22.8 8.4 190 23.5 0 0 0
20.541 0x2B main_weld 1 1 1 1 219 22.8 8.4 190 23.5 0 0 0
20.579 0x2B main_weld 1 1 1 1 219 23.1 8.4 190 23.5 0 0 0
20.622 0x2B main_weld 1 1 1 1 219 23.1 8.4 190 23.5 0 0 0
20.659 0x2B main_weld 1 1 1 1 219 23.1 8.4 190 23.5 0 0 0
20.702 0x2B main_weld 1 1 1 1 219 23.1 8.4 190 23.5 0 0 0
20.741 0x2B main_weld 1 1 1 1 219 23.1 8.4 190 23.5 0 0 0
20.782 0x2B main_weld 1 1 1 1 223 23.0 8.4 190 23.5 0 0 0
20.822 0x2B main_weld 1 1 1 1 223 23.0 8.4 190 23.5 0 0 0
20.860 0x2B main_weld 1 1 1 1 223 23.0 8.4 190 23.5 0 0 0
20.898 0x2B main_weld 1 1 1 1 223 23.0 8.4 190 23.5 0 0 0
20.939 0x2B main_weld 1 1 1 1 223 22.8 8.4 190 23.5 0 0 0
20.981 0x2B main_weld 1 1 1 1 219 22.8 8.4 190 23.5 0 0 0
21.021 0x2B main_weld 1 1 1 1 219 22.8 8.4 190 23.5 0 0 0
21.060 0x2B main_weld 1 1 1 1 218 22.8 8.4 190 23.5 0 0 0
21.101 0x2B main_weld 1 1 1 1 218 22.8 8.4 190 23.5 0 0 0
21.140 0x2B main_weld 1 1 1 1 218 22.7 8.4 190 23.5 0 0 0
21.183 0x2B main_weld 1 1 1 1 218 22.7 8.4 190 23.5 0 0 0
21.218 0x2B main_weld 1 1 1 1 218 22.7 8.4 190 23.5 0 0 0
21.258 0x2B main_weld 1 1 1 1 220 22.7 8.4 190 23.5 0 0 0
21.300 0x2B main_weld 1 1 1 1 220 23.1 8.4 190 23.5 0 0 0
21.341 0x2B main_weld 1 1 1 1 220 23.1 8.4 190 23.5 0 0 0
21.383 0x2B main_weld 1 1 1 1 220 23.9 8.4 190 23.5 0 0 0
21.420 0x2B main_weld 1 1 1 1 218 23.9 8.4 190 23.5 0 0 0
21.461 0x2B main_weld 1 1 1 1 218 23.9 8.4 190 23.5 0 0 0
21.501 0x2B main_weld 1 1 1 1 218 23.9 8.4 190 23.5 0 0 0
21.541 0x2B main_weld 1 1 1 1 218 23.9 8.4 190 23.5 0 0 0
21.579 0x2B main_weld 1 1 1 1 218 23.1 8.4 190 23.5 0 0 0
21.620 0x2B main_weld 1 1 1 1 228 23.1 8.4 190 23.5 0 0 0
21.660 0x2B main_weld 1 1 1 1 228 23.1 8.4 190 23.5 0 0 0
21.700 0x2B main_weld 1 1 1 1 228 23.1 8.4 190 23.5 0 0 0
21.739 0x2B main_weld 1 1 1 1 228 23.1 8.4 190 23.5 0 0 0
21.785 0x2B main_weld 1 1 1 1 225 23.1 8.4 190 23.5 0 0 0
21.820 0x2B main_weld 1 1 1 1 225 23.1 8.4 190 23.5 0 0 0
21.861 0x2B main_weld 1 1 1 1 225 23.1 8.4 190 23.5 0 0 0
21.900 0x2B main_weld 1 1 1 1 225 23.1 8.4 190 23.5 0 0 0
21.940 0x2B main_weld 1 1 1 1 225 23.5 8.4 190 23.5 0 0 0
21.980 0x2B main_weld 1 1 1 1 226 23.5 8.4 190 23.5 0 0 0
22.019 0x2B main_weld 1 1 1 1 226 23.5 8.4 190 23.5 0 0 0
22.060 0x2B main_weld 1 1 1 1 225 23.5 8.4 190 23.5 0 0 0
22.102 0x2B main_weld 1 1 1 1 225 23.2 8.4 190 23.5 0 0 0
22.142 0x2B main_weld 1 1 1 1 225 23.2 8.4 190 23.5 0 0 0
22.183 0x2B main_weld 1 1 1 1 225 23.2 8.4 190 23.5 0 0 0
22.221 0x2B main_weld 1 1 1 1 228 23.2 8.4 190 23.5 0 0 0
22.260 0x2B main_weld 1 1 1 1 228 23.2 8.4 190 23.5 0 0 0
22.301 0x2B main_weld 1 1 1 1 228 22.9 8.4 190 23.5 0 0 0
22.339 0x2B main_weld 1 1 1 1 228 22.9 8.4 190 23.5 0 0 0
22.381 0x2B main_weld 1 1 1 1 228 22.9 8.4 190 23.5 0 0 0
22.421 0x2B main_weld 1 1 1 1 219 22.9 8.4 190 23.5 0 0 0
22.460 0x2B main_weld 1 1 1 1 219 23.0 8.4 190 23.5 0 0 0
22.504 0x2B main_weld 1 1 1 1 219 23.0 8.4 190 23.5 0 0 0
22.540 0x2B main_weld 1 1 1 1 219 23.0 8.4 190 23.5 0 0 0
22.584 0x2B main_weld 1 1 1 1 231 23.4 8.4 190 23.5 0 0 0
22.623 0x2B main_weld 1 1 1 1 231 23.4 8.4 190 23.5 0 0 0
22.661 0x2B main_weld 1 1 1 1 231 23.4 8.4 190 23.5 0 0 0
22.699 0x2B main_weld 1 1 1 1 231 23.4 8.4 190 23.5 0 0 0
22.742 0x2B main_weld 1 1 1 1 231 22.9 8.4 190 23.5 0 0 0
22.781 0x2B main_weld 1 1 1 1 230 22.9 8.4 190 23.5 0 0 0
22.821 0x2B main_weld 1 1 1 1 230 22.9 8.4 190 23.5 0 0 0
22.860 0x2B main_weld 1 1 1 1 230 22.9 8.4 190 23.5 0 0 0
22.899 0x2B main_weld 1 1 1 1 230 22.9 8.4 190 23.5 0 0 0
22.941 0x2B main_weld 1 1 1 1 225 23.0 8.4 190 23.5 0 0 0
22.980 0x2B main_weld 1 1 1 1 225 23.0 8.4 190 23.5 0 0 0
23.022 0x2B main_weld 1 1 1 1 225 23.0 8.4 190 23.5 0 0 0
23.064 0x2B main_weld 1 1 1 1 225 23.0 8.4 190 23.5 0 0 0
23.100 0x2B main_weld 1 1 1 1 225 23.1 8.4 190 23.5 0 0 0
23.140 0x2B main_weld 1 1 1 1 234 23.1 8.4 190 23.5 0 0 0
23.179 0x2B main_weld 1 1 1 1 234 23.1 8.4 190 23.5 0 0 0
23.218 0x2B main_weld 1 1 1 1 234 23.1 8.4 190 23.5 0 0 0
23.259 0x2B main_weld 1 1 1 1 234 23.1 8.4 190 23.5 0 0 0
23.299 0x2B main_weld 1 1 1 1 220 23.3 8.4 190 23.5 0 0 0
23.341 0x2B main_weld 1 1 1 1 220 23.3 8.4 190 23.5 0 0 0
23.381 0x2B main_weld 1 1 1 1 220 23.3 8.4 190 23.5 0 0 0
23.419 0x2B main_weld 1 1 1 1 220 23.3 8.4 190 23.5 0 0 0
23.461 0x2B main_weld 1 1 1 1 220 23.2 8.4 190 23.5 0 0 0
23.500 0x2B main_weld 1 1 1 1 229 23.2 8.4 190 23.5 0 0 0
23.541 0x2B main_weld 1 1 1 1 229 23.2 8.4 190 23.5 0 0 0
23.581 0x2B main_weld 1 1 1 1 229 23.2 8.4 190 23.5 0 0 0
23.619 0x2B main_weld 1 1 1 1 229 23.2 8.4 190 23.5 0 0 0
23.659 0x2B main_weld 1 1 1 1 226 23.0 8.4 190 23.5 0 0 0
23.697 0x2B main_weld 1 1 1 1 226 23.0 8.4 190 23.5 0 0 0
23.739 0x2B main_weld 1 1 1 1 226 23.0 8.4 190 23.5 0 0 0
23.780 0x2B main_weld 1 1 1 1 225 23.0 8.4 190 23.5 0 0 0
23.821 0x2B main_weld 1 1 1 1 225 23.2 8.4 190 23.5 0 0 0
23.860 0x2B main_weld 1 1 1 1 225 23.2 8.4 190 23.5 0 0 0
23.901 0x2B main_weld 1 1 1 1 225 23.2 8.4 190 23.5 0 0 0
23.938 0x2B main_weld 1 1 1 1 229 23.2 8.4 190 23.5 0 0 0
23.980 0x2B main_weld 1 1 1 1 229 23.2 8.4 190 23.5 0 0 0
24.019 0x2B main_weld 1 1 1 1 229 23.2 8.4 190 23.5 0 0 0
24.058 0x2B main_weld 1 1 1 1 229 23.2 8.4 190 23.5 0 0 0
24.100 0x2B main_weld 1 1 1 1 229 23.0 8.4 190 23.5 0 0 0
24.144 0x2B main_weld 1 1 1 1 219 23.0 8.4 190 23.5 0 0 0
24.181 0x2B main_weld 1 1 1 1 219 23.0 8.4 190 23.5 0 0 0
24.220 0x2B main_weld 1 1 1 1 219 23.0 8.4 190 23.5 0 0 0
24.260 0x2B main_weld 1 1 1 1 219 23.1 8.4 190 23.5 0 0 0
24.303 0x2B main_weld 1 1 1 1 223 23.1 8.4 190 23.5 0 0 0
24.343 0x2B main_weld 1 1 1 1 223 23.1 8.4 190 23.5 0 0 0
24.380 0x2B main_weld 1 1 1 1 223 23.1 8.4 190 23.5 0 0 0
24.422 0x2B main_weld 1 1 1 1 223 23.1 8.4 190 23.5 0 0 0
24.462 0x2B main_weld 1 1 1 1 223 23.3 8.4 190 23.5 0 0 0
24.502 0x2B main_weld 1 1 1 1 222 23.3 8.4 190 23.5 0 0 0
24.542 0x2B main_weld 1 1 1 1 222 23.3 8.4 190 23.5 0 0 0
24.581 0x2B main_weld 1 1 1 1 222 23.3 8.4 190 23.5 0 0 0
24.623 0x2B main_weld 1 1 1 1 222 23.2 8.4 190 23.5 0 0 0
24.659 0x2B main_weld 1 1 1 1 224 23.2 8.4 190 23.5 0 0 0
24.701 0x2B main_weld 1 1 1 1 224 23.2 8.4 190 23.5 0 0 0
24.750 0x2B main_weld 1 1 1 1 224 23.2 8.4 190 23.5 0 0 0
24.785 0x2B main_weld 1 1 1 1 224 23.2 8.4 190 23.5 0 0 0
24.823 0x2B main_weld 1 1 1 1 224 23.0 8.4 190 23.5 0 0 0
24.860 0x2B main_weld 1 1 1 1 225 23.0 8.4 190 23.5 0 0 0
24.899 0x2B main_weld 1 1 1 1 225 23.0 8.4 190 23.5 0 0 0
24.940 0x2B main_weld 1 1 1 1 225 23.0 8.4 190 23.5 0 0 0
24.980 0x2B main_weld 1 1 1 1 225 23.1 8.4 190 23.5 0 0 0
25.021 0x2B main_weld 1 1 1 1 216 23.1 8.4 190 23.5 0 0 0
25.060 0x2B main_weld 1 1 1 1 216 23.1 8.4 190 23.5 0 0 0
25.100 0x2B main_weld 1 1 1 1 216 23.1 8.4 190 23.5 0 0 0
25.140 0x2B main_weld 1 1 1 1 216 23.1 8.4 190 23.5 0 0 0
25.178 0x2B main_weld 1 1 1 1 216 23.2 8.4 190 23.5 0 0 0
25.221 0x2B main_weld 1 1 1 1 230 23.2 8.4 190 23.5 0 0 0
25.260 0x2B main_weld 1 1 1 1 230 23.2 8.4 190 23.5 0 0 0
25.303 0x2B main_weld 1 1 1 1 222 23.2 8.4 190 23.5 0 0 0
25.341 0x2B main_weld 1 1 1 1 222 23.1 8.4 190 23.5 0 0 0
25.380 0x2B main_weld 1 1 1 1 222 23.1 8.4 190 23.5 0 0 0
25.420 0x2B main_weld 1 1 1 1 222 23.1 8.4 190 23.5 0 0 0
25.460 0x2B main_weld 1 1 1 1 219 23.1 8.4 190 23.5 0 0 0
25.500 0x2B main_weld 1 1 1 1 219 23.1 8.4 190 23.5 0 0 0
25.544 0x2B main_weld 1 1 1 1 219 22.9 8.4 190 23.5 0 0 0
25.584 0x2B main_weld 1 1 1 1 219 22.9 8.4 190 23.5 0 0 0
25.620 0x2B main_weld 1 1 1 1 219 22.9 8.4 190 23.5 0 0 0
25.660 0x2B main_weld 1 1 1 1 228 22.9 8.4 190 23.5 0 0 0
25.700 0x2B main_weld 1 1 1 1 228 22.9 8.4 190 23.5 0 0 0
25.739 0x2B main_weld 1 1 1 1 228 22.9 8.4 190 23.5 0 0 0
25.782 0x2B main_weld 1 1 1 1 228 22.9 8.4 190 23.5 0 0 0
25.821 0x2B main_weld 1 1 1 1 229 23.6 8.4 190 23.5 0 0 0
25.861 0x2B main_weld 1 1 1 1 229 23.6 8.4 190 23.5 0 0 0
25.901 0x2B main_weld 1 1 1 1 229 23.6 8.4 190 23.5 0 0 0
25.940 0x2B main_weld 1 1 1 1 229 23.6 8.4 190 23.5 0 0 0
25.979 0x2B main_weld 1 1 1 1 229 23.2 8.4 190 23.5 0 0 0
26.022 0x2B main_weld 1 1 1 1 229 23.2 8.4 190 23.5 0 0 0
26.060 0x2B main_weld 1 1 1 1 229 23.2 8.4 190 23.5 0 0 0
26.102 0x2B main_weld 1 1 1 1 229 23.2 8.4 190 23.5 0 0 0
26.143 0x2B main_weld 1 1 1 1 229 23.2 8.4 190 23.5 0 0 0
26.179 0x2B main_weld 1 1 1 1 231 22.9 8.4 190 23.5 0 0 0
26.221 0x2B main_weld 1 1 1 1 231 22.9 8.4 190 23.5 0 0 0
26.261 0x2B main_weld 1 1 1 1 231 22.9 8.4 190 23.5 0 0 0
26.302 0x2B main_weld 1 1 1 1 224 22.9 8.4 190 23.5 0 0 0
26.340 0x2B main_weld 1 1 1 1 224 23.7 8.4 190 23.5 0 0 0
26.385 0x2B main_weld 1 1 1 1 224 23.7 8.4 190 23.5 0 0 0
26.418 0x2B main_weld 1 1 1 1 224 23.7 8.4 190 23.5 0 0 0
26.461 0x2B main_weld 1 1 1 1 226 23.7 8.4 190 23.5 0 0 0
26.500 0x2B main_weld 1 1 1 1 226 23.7 8.4 190 23.5 0 0 0
26.544 0x2B main_weld 1 1 1 1 226 23.2 8.4 190 23.5 0 0 0
26.580 0x2B main_weld 1 1 1 1 226 23.2 8.4 190 23.5 0 0 0
26.620 0x2B main_weld 1 1 1 1 226 23.2 8.4 190 23.5 0 0 0
26.659 0x2B main_weld 1 1 1 1 225 23.2 8.4 190 23.5 0 0 0
26.703 0x2B main_weld 1 1 1 1 225 23.1 8.4 190 23.5 0 0 0
26.739 0x2B main_weld 1 1 1 1 225 23.1 8.4 190 23.5 0 0 0
26.782 0x2B main_weld 1 1 1 1 225 22.9 8.4 190 23.5 0 0 0
26.820 0x2B main_weld 1 1 1 1 225 22.9 8.4 190 23.5 0 0 0
26.862 0x2B main_weld 1 1 1 1 225 22.9 8.4 190 23.5 0 0 0
26.902 0x2B main_weld 1 1 1 1 225 22.9 8.4 190 23.5 0 0 0
26.941 0x2B main_weld 1 1 1 1 225 22.9 8.4 190 23.5 0 0 0
26.980 0x2B main_weld 1 1 1 1 225 23.6 8.4 190 23.5 0 0 0
27.018 0x2B main_weld 1 1 1 1 225 23.6 8.4 190 23.5 0 0 0
27.058 0x2B main_weld 1 1 1 1 225 23.6 8.4 190 23.5 0 0 0
27.100 0x2B main_weld 1 1 1 1 225 23.6 8.4 190 23.5 0 0 0
27.140 0x2B main_weld 1 1 1 1 225 23.6 8.4 190 23.5 0 0 0
27.180 0x2B main_weld 1 1 1 1 220 23.6 8.4 190 23.5 0 0 0
27.222 0x2B main_weld 1 1 1 1 220 23.6 8.4 190 23.5 0 0 0
27.262 0x2B main_weld 1 1 1 1 220 23.6 8.4 190 23.5 0 0 0
27.298 0x2B main_weld 1 1 1 1 220 23.6 8.4 190 23.5 0 0 0
27.339 0x2B main_weld 1 1 1 1 220 22.9 8.4 190 23.5 0 0 0
27.379 0x2B main_weld 1 1 1 1 223 22.9 8.4 190 23.5 0 0 0
27.421 0x2B main_weld 1 1 1 1 223 22.9 8.4 190 23.5 0 0 0
27.459 0x2B main_weld 1 1 1 1 223 22.9 8.4 190 23.5 0 0 0
27.500 0x2B main_weld 1 1 1 1 223 23.1 8.4 190 23.5 0 0 0
27.539 0x2B main_weld 1 1 1 1 223 23.1 8.4 190 23.5 0 0 0
27.580 0x2B main_weld 1 1 1 1 223 23.1 8.4 190 23.5 0 0 0
27.619 0x2B main_weld 1 1 1 1 223 23.1 8.4 190 23.5 0 0 0
27.663 0x2B main_weld 1 1 1 1 223 23.1 8.4 190 23.5 0 0 0
27.701 0x2B main_weld 1 1 1 1 223 23.4 8.4 190 23.5 0 0 0
27.740 0x2B main_weld 1 1 1 1 208 23.4 8.4 190 23.5 0 0 0
27.780 0x2B main_weld 1 1 1 1 208 23.4 8.4 190 23.5 0 0 0
27.820 0x2B main_weld 1 1 1 1 220 23.4 8.4 190 23.5 0 0 0
27.859 0x2B main_weld 1 1 1 1 220 23.0 8.4 190 23.5 0 0 0
27.899 0x2B main_weld 1 1 1 1 220 23.0 8.4 190 23.5 0 0 0
27.939 0x2B main_weld 1 1 1 1 220 23.0 8.4 190 23.5 0 0 0
27.982 0x2B main_weld 1 1 1 1 222 23.0 8.4 190 23.5 0 0 0
28.020 0x2B main_weld 1 1 1 1 222 23.0 8.4 190 23.5 0 0 0
28.059 0x2B main_weld 1 1 1 1 222 22.7 8.4 190 23.5 0 0 0
28.100 0x2B main_weld 1 1 1 1 222 22.7 8.4 190 23.5 0 0 0
28.139 0x2B main_weld 1 1 1 1 222 22.7 8.4 190 23.5 0 0 0
28.181 0x2B main_weld 1 1 1 1 224 22.7 8.4 190 23.5 0 0 0
28.225 0x2B main_weld 1 1 1 1 224 23.2 8.4 190 23.5 0 0 0
28.261 0x2B main_weld 1 1 1 1 224 23.2 8.4 190 23.5 0 0 0
28.301 0x2B main_weld 1 1 1 1 224 23.2 8.4 190 23.5 0 0 0
28.343 0x2B main_weld 1 1 1 1 220 23.2 8.4 190 23.5 0 0 0
28.380 0x2B main_weld 1 1 1 1 220 23.2 8.4 190 23.5 0 0 0
28.420 0x2B main_weld 1 1 1 1 220 23.2 8.4 190 23.5 0 0 0
28.460 0x2B main_weld 1 1 1 1 220 23.2 8.4 190 23.5 0 0 0
28.499 0x2B main_weld 1 1 1 1 220 23.2 8.4 190 23.5 0 0 0
28.544 0x2B main_weld 1 1 1 1 220 23.2 8.4 190 23.5 0 0 0
28.583 0x2B main_weld 1 1 1 1 220 23.2 8.4 190 23.5 0 0 0
28.622 0x2B main_weld 1 1 1 1 220 22.6 8.4 190 23.5 0 0 0
28.663 0x2B main_weld 1 1 1 1 220 22.6 8.4 190 23.5 0 0 0
28.702 0x2B main_weld 1 1 1 1 223 22.8 8.4 190 23.5 0 0 0
28.738 0x2B main_weld 1 1 1 1 223 22.8 8.4 190 23.5 0 0 0
28.784 0x2B main_weld 1 1 1 1 223 22.8 8.4 190 23.5 0 0 0
28.821 0x2B main_weld 1 1 1 1 223 22.8 8.4 190 23.5 0 0 0
28.859 0x2B main_weld 1 1 1 1 223 22.7 8.4 190 23.5 0 0 0
28.900 0x2B main_weld 1 1 1 1 223 22.7 8.4 190 23.5 0 0 0
28.940 0x2B main_weld 1 1 1 1 223 22.7 8.4 190 23.5 0 0 0
28.981 0x2B main_weld 1 1 1 1 222 22.7 8.4 190 23.5 0 0 0
29.022 0x2B main_weld 1 1 1 1 222 22.7 8.4 190 23.5 0 0 0
29.063 0x2B main_weld 1 1 1 1 222 22.9 8.4 190 23.5 0 0 0
29.102 0x2B main_weld 1 1 1 1 222 22.9 8.4 190 23.5 0 0 0
29.140 0x2B main_weld 1 1 1 1 222 22.9 8.4 190 23.5 0 0 0
29.183 0x2B main_weld 1 1 1 1 229 22.9 8.4 190 23.5 0 0 0
29.222 0x2B main_weld 1 1 1 1 229 22.9 8.4 190 23.5 0 0 0
29.260 0x2B main_weld 1 1 1 1 229 22.9 8.4 190 23.5 0 0 0
29.301 0x2B main_weld 1 1 1 1 229 22.9 8.4 190 23.5 0 0 0
29.342 0x2B main_weld 1 1 1 1 232 22.9 8.4 190 23.5 0 0 0
29.382 0x2B main_weld 1 1 1 1 232 22.9 8.4 190 23.5 0 0 0
29.421 0x2B main_weld 1 1 1 1 232 23.0 8.4 190 23.5 0 0 0
29.461 0x2B main_weld 1 1 1 1 232 23.0 8.4 190 23.5 0 0 0
29.503 0x2B main_weld 1 1 1 1 232 23.0 8.4 190 23.5 0 0 0
29.542 0x2B main_weld 1 1 1 1 225 23.0 8.4 190 23.5 0 0 0
29.585 0x2B main_weld 1 1 1 1 225 23.3 8.4 190 23.5 0 0 0
29.622 0x2B main_weld 1 1 1 1 225 23.3 8.4 190 23.5 0 0 0
29.661 0x2B main_weld 1 1 1 1 225 23.3 8.4 190 23.5 0 0 0
29.704 0x2B main_weld 1 1 1 1 235 23.3 8.4 190 23.5 0 0 0
29.742 0x2B main_weld 1 1 1 1 235 23.3 8.4 190 23.5 0 0 0
29.784 0x2B main_weld 1 1 1 1 235 23.1 8.4 190 23.5 0 0 0
29.821 0x2B main_weld 1 1 1 1 235 23.1 8.4 190 23.5 0 0 0
29.861 0x2B main_weld 1 1 1 1 235 23.6 8.4 190 23.5 0 0 0
29.900 0x2B main_weld 1 1 1 1 231 23.6 8.4 190 23.5 0 0 0
29.941 0x2B main_weld 1 1 1 1 231 23.6 8.4 190 23.5 0 0 0
29.981 0x2B main_weld 1 1 1 1 231 23.6 8.4 190 23.5 0 0 0
30.021 0x2B main_weld 1 1 1 1 231 23.8 8.4 190 23.5 0 0 0
30.061 0x2B main_weld 1 1 1 1 226 23.8 8.4 190 23.5 0 0 0
30.099 0x2B main_weld 1 1 1 1 226 23.8 8.4 190 23.5 0 0 0
30.140 0x2B main_weld 1 1 1 1 226 23.8 8.4 190 23.5 0 0 0
30.180 0x2B main_weld 1 1 1 1 226 23.8 8.4 190 23.5 0 0 0
30.219 0x2B main_weld 1 1 1 1 226 23.5 8.4 190 23.5 0 0 0
30.260 0x2B main_weld 1 1 1 1 229 23.5 8.4 190 23.5 0 0 0
30.300 0x2B main_weld 1 1 1 1 229 23.5 8.4 190 23.5 0 0 0
30.340 0x2B main_weld 1 1 1 1 229 23.5 8.4 190 23.5 0 0 0
30.384 0x2B main_weld 1 1 1 1 229 23.0 8.4 190 23.5 0 0 0
30.420 0x2B main_weld 1 1 1 1 222 23.0 8.4 190 23.5 0 0 0
30.459 0x2B main_weld 1 1 1 1 222 23.0 8.4 190 23.5 0 0 0
30.499 0x2B main_weld 1 1 1 1 229 23.0 8.4 190 23.5 0 0 0
30.537 0x2B main_weld 1 1 1 1 229 23.0 8.4 190 23.5 0 0 0
30.583 0x2B main_weld 1 1 1 1 229 22.8 8.4 190 23.5 0 0 0
30.622 0x2B main_weld 1 1 1 1 229 22.8 8.4 190 23.5 0 0 0
30.658 0x2B main_weld 1 1 1 1 229 22.8 8.4 190 23.5 0 0 0
30.702 0x2B main_weld 1 1 1 1 224 22.8 8.4 190 23.5 0 0 0
30.741 0x2B main_weld 1 1 1 1 224 23.2 8.4 190 23.5 0 0 0
30.782 0x2B main_weld 1 1 1 1 224 23.2 8.4 190 23.5 0 0 0
30.820 0x2B main_weld 1 1 1 1 224 23.2 8.4 190 23.5 0 0 0
30.860 0x2B main_weld 1 1 1 1 222 22.9 8.4 190 23.5 0 0 0
30.898 0x2B main_weld 1 1 1 1 222 22.9 8.4 190 23.5 0 0 0
30.941 0x2B main_weld 1 1 1 1 222 22.9 8.4 190 23.5 0 0 0
30.980 0x2B main_weld 1 1 1 1 222 22.9 8.4 190 23.5 0 0 0
31.020 0x2B main_weld 1 1 1 1 222 23.1 8.4 190 23.5 0 0 0
31.062 0x2B main_weld 1 1 1 1 224 23.1 8.4 190 23.5 0 0 0
31.098 0x2B main_weld 1 1 1 1 224 23.1 8.4 190 23.5 0 0 0
31.139 0x2B main_weld 1 1 1 1 224 23.1 8.4 190 23.5 0 0 0
31.183 0x2B main_weld 1 1 1 1 224 23.1 8.4 190 23.5 0 0 0
31.224 0x2B main_weld 1 1 1 1 225 22.8 8.4 190 23.5 0 0 0
31.262 0x2B main_weld 1 1 1 1 225 22.8 8.4 190 23.5 0 0 0
31.299 0x2B main_weld 1 1 1 1 225 22.8 8.4 190 23.5 0 0 0
31.341 0x2B main_weld 1 1 1 1 225 22.8 8.4 190 23.5 0 0 0
31.381 0x2B main_weld 1 1 1 1 225 24.1 8.4 190 23.5 0 0 0
31.419 0x2B main_weld 1 1 1 1 230 24.1 8.4 190 23.5 0 0 0
31.460 0x2B main_weld 1 1 1 1 230 24.1 8.4 190 23.5 0 0 0
31.504 0x2B main_weld 1 1 1 1 230 24.1 8.4 190 23.5 0 0 0
31.540 0x2B main_weld 1 1 1 1 230 24.1 8.4 190 23.5 0 0 0
31.584 0x2B main_weld 1 1 1 1 225 23.7 8.4 190 23.5 0 0 0
31.620 0x2B main_weld 1 1 1 1 225 23.7 8.4 190 23.5 0 0 0
31.660 0x2B main_weld 1 1 1 1 225 23.7 8.4 190 23.5 0 0 0
31.702 0x2B main_weld 1 1 1 1 225 23.7 8.4 190 23.5 0 0 0
31.741 0x2B main_weld 1 1 1 1 225 22.9 8.4 190 23.5 0 0 0
31.781 0x2B main_weld 1 1 1 1 224 22.9 8.4 190 23.5 0 0 0
31.821 0x2B main_weld 1 1 1 1 224 22.9 8.4 190 23.5 0 0 0
31.863 0x2B main_weld 1 1 1 1 224 22.9 8.4 190 23.5 0 0 0
31.898 0x2B main_weld 1 1 1 1 224 22.9 8.4 190 23.5 0 0 0
31.942 0x2B main_weld 1 1 1 1 224 22.9 8.4 190 23.5 0 0 0
31.983 0x2B main_weld 1 1 1 1 224 22.9 8.4 190 23.5 0 0 0
32.021 0x2B main_weld 1 1 1 1 224 22.9 8.4 190 23.5 0 0 0
32.066 0x2B main_weld 1 1 1 1 229 22.9 8.4 190 23.5 0 0 0
32.102 0x2B main_weld 1 1 1 1 229 23.2 8.4 190 23.5 0 0 0
32.145 0x2B main_weld 1 1 1 1 229 23.2 8.4 190 23.5 0 0 0
32.180 0x2B main_weld 1 1 1 1 229 23.2 8.4 190 23.5 0 0 0
32.221 0x2B main_weld 1 1 1 1 224 23.2 8.4 190 23.5 0 0 0
32.260 0x2B main_weld 1 1 1 1 224 23.2 8.4 190 23.5 0 0 0
32.301 0x2B main_weld 1 1 1 1 224 22.8 8.4 190 23.5 0 0 0
32.343 0x2B main_weld 1 1 1 1 224 22.8 8.4 190 23.5 0 0 0
32.390 0x2B main_weld 1 1 1 1 224 23.2 8.4 190 23.5 0 0 0
32.422 0x2B main_weld 1 1 1 1 225 23.2 8.4 190 23.5 0 0 0
32.464 0x2B main_weld 1 1 1 1 225 23.2 8.4 190 23.5 0 0 0
32.500 0x2B main_weld 1 1 1 1 225 23.2 8.4 190 23.5 0 0 0
32.540 0x2B main_weld 1 1 1 1 225 23.3 8.4 190 23.5 0 0 0
32.580 0x2B main_weld 1 1 1 1 229 23.3 8.4 190 23.5 0 0 0
32.628 0x2B main_weld 1 1 1 1 229 23.3 8.4 190 23.5 0 0 0
32.660 0x2B main_weld 1 1 1 1 229 23.3 8.4 190 23.5 0 0 0
32.703 0x2B main_weld 1 1 1 1 229 23.3 8.4 190 23.5 0 0 0
32.742 0x2B main_weld 1 1 1 1 229 24.2 8.4 190 23.5 0 0 0
32.779 0x2B main_weld 1 1 1 1 229 24.2 8.4 190 23.5 0 0 0
32.819 0x2B main_weld 1 1 1 1 229 24.2 8.4 190 23.5 0 0 0
32.861 0x2B main_weld 1 1 1 1 229 24.2 8.4 190 23.5 0 0 0
32.905 0x2B main_weld 1 1 1 1 229 24.2 8.4 190 23.5 0 0 0
32.942 0x2B main_weld 1 1 1 1 230 24.2 8.4 190 23.5 0 0 0
32.983 0x2B main_weld 1 1 1 1 230 24.2 8.4 190 23.5 0 0 0
33.026 0x2B main_weld 1 1 1 1 230 24.2 8.4 190 23.5 0 0 0
33.064 0x2B main_weld 1 1 1 1 230 24.2 8.4 190 23.5 0 0 0
33.105 0x2B main_weld 1 1 1 1 230 23.5 8.4 190 23.5 0 0 0
33.141 0x2B main_weld 1 1 1 1 229 23.5 8.4 190 23.5 0 0 0
33.180 0x2B main_weld 1 1 1 1 229 23.5 8.4 190 23.5 0 0 0
33.219 0x2B main_weld 1 1 1 1 231 23.5 8.4 190 23.5 0 0 0
33.262 0x2B main_weld 1 1 1 1 231 22.9 8.4 190 23.5 0 0 0
33.299 0x2B main_weld 1 1 1 1 231 22.9 8.4 190 23.5 0 0 0
33.347 0x2B main_weld 1 1 1 1 231 22.9 8.4 190 23.5 0 0 0
33.379 0x2B main_weld 1 1 1 1 235 22.9 8.4 190 23.5 0 0 0
33.422 0x2B main_weld 1 1 1 1 235 22.9 8.4 190 23.5 0 0 0
33.461 0x2B main_weld 1 1 1 1 235 23.1 8.4 190 23.5 0 0 0
33.500 0x2B main_weld 1 1 1 1 235 23.1 8.4 190 23.5 0 0 0
33.538 0x2B main_weld 1 1 1 1 235 23.1 8.4 190 23.5 0 0 0
33.582 0x2B main_weld 1 1 1 1 229 23.1 8.4 190 23.5 0 0 0
33.618 0x2B main_weld 1 1 1 1 229 22.6 8.4 190 23.5 0 0 0
33.660 0x2B main_weld 1 1 1 1 229 22.6 8.4 190 23.5 0 0 0
33.701 0x2B main_weld 1 1 1 1 229 22.6 8.4 190 23.5 0 0 0
33.744 0x2B main_weld 1 1 1 1 229 22.6 8.4 190 23.5 0 0 0
33.781 0x2B main_weld 1 1 1 1 229 22.6 8.4 190 23.5 0 0 0
33.820 0x2B main_weld 1 1 1 1 229 23.1 8.4 190 23.5 0 0 0
33.860 0x2B main_weld 1 1 1 1 229 23.1 8.4 190 23.5 0 0 0
33.901 0x2B main_weld 1 1 1 1 229 23.1 8.4 190 23.5 0 0 0
33.943 0x2B main_weld 1 1 1 1 231 23.1 8.4 190 23.5 0 0 0
33.978 0x2B main_weld 1 1 1 1 231 23.1 8.4 190 23.5 0 0 0
34.020 0x2B main_weld 1 1 1 1 231 23.1 8.4 190 23.5 0 0 0
34.061 0x2B main_weld 1 1 1 1 231 23.1 8.4 190 23.5 0 0 0
34.103 0x2B main_weld 1 1 1 1 226 22.9 8.4 190 23.5 0 0 0
34.140 0x2B main_weld 1 1 1 1 226 22.9 8.4 190 23.5 0 0 0
34.180 0x2B main_weld 1 1 1 1 226 22.9 8.4 190 23.5 0 0 0
34.222 0x2B main_weld 1 1 1 1 226 22.9 8.4 190 23.5 0 0 0
34.261 0x2B main_weld 1 1 1 1 226 23.2 8.4 190 23.5 0 0 0
34.304 0x2B main_weld 1 1 1 1 226 23.2 8.4 190 23.5 0 0 0
34.342 0x2B main_weld 1 1 1 1 226 23.2 8.4 190 23.5 0 0 0
34.379 0x2B main_weld 1 1 1 1 226 23.2 8.4 190 23.5 0 0 0
34.422 0x2B main_weld 1 1 1 1 226 23.2 8.4 190 23.5 0 0 0
34.462 0x2B main_weld 1 1 1 1 225 23.4 8.4 190 23.5 0 0 0
34.501 0x2B main_weld 1 1 1 1 225 23.4 8.4 190 23.5 0 0 0
34.540 0x2B main_weld 1 1 1 1 225 23.4 8.4 190 23.5 0 0 0
34.582 0x2B main_weld 1 1 1 1 225 23.4 8.4 190 23.5 0 0 0
34.621 0x2B main_weld 1 1 1 1 225 23.2 8.4 190 23.5 0 0 0
34.661 0x2B main_weld 1 1 1 1 228 23.2 8.4 190 23.5 0 0 0
34.700 0x2B main_weld 1 1 1 1 228 23.2 8.4 190 23.5 0 0 0
34.741 0x2B main_weld 1 1 1 1 222 23.2 8.4 190 23.5 0 0 0
34.783 0x2B main_weld 1 1 1 1 222 23.2 8.4 190 23.5 0 0 0
34.820 0x2B main_weld 1 1 1 1 222 23.3 8.4 190 23.5 0 0 0
34.864 0x2B main_weld 1 1 1 1 222 23.3 8.4 190 23.5 0 0 0
34.902 0x2B main_weld 1 1 1 1 222 23.3 8.4 190 23.5 0 0 0
34.941 0x2B main_weld 1 1 1 1 228 23.3 8.4 190 23.5 0 0 0
34.982 0x2B main_weld 1 1 1 1 228 23.3 8.4 190 23.5 0 0 0
35.021 0x2B main_weld 1 1 1 1 228 23.3 8.4 190 23.5 0 0 0
35.059 0x2B main_weld 1 1 1 1 228 23.0 8.4 190 23.5 0 0 0
35.101 0x2B main_weld 1 1 1 1 226 23.0 8.4 190 23.5 0 0 0
35.138 0x2B main_weld 1 1 1 1 226 23.0 8.4 190 23.5 0 0 0
35.182 0x2B main_weld 1 1 1 1 226 23.0 8.4 190 23.5 0 0 0
35.220 0x2B main_weld 1 1 1 1 226 23.0 8.4 190 23.5 0 0 0
35.260 0x2B main_weld 1 1 1 1 226 23.2 8.4 190 23.5 0 0 0
35.301 0x2B main_weld 1 1 1 1 226 23.2 8.4 190 23.5 0 0 0
35.342 0x2B main_weld 1 1 1 1 226 23.2 8.4 190 23.5 0 0 0
35.383 0x2B main_weld 1 1 1 1 226 23.2 8.4 190 23.5 0 0 0
35.431 0x2B main_weld 1 1 1 1 226 22.6 8.4 190 23.5 0 0 0
35.462 0x2B main_weld 1 1 1 1 225 22.6 8.4 190 23.5 0 0 0
35.505 0x2B main_weld 1 1 1 1 225 22.6 8.4 190 23.5 0 0 0
35.546 0x2B main_weld 1 1 1 1 225 22.6 8.4 190 23.5 0 0 0
35.579 0x2B main_weld 1 1 1 1 225 22.6 8.4 190 23.5 0 0 0
35.623 0x2B main_weld 1 1 1 1 225 23.3 8.4 190 23.5 0 0 0
35.661 0x2B main_weld 1 1 1 1 228 23.3 8.4 190 23.5 0 0 0
35.701 0x2B main_weld 1 1 1 1 228 23.3 8.4 190 23.5 0 0 0
35.738 0x2B main_weld 1 1 1 1 228 23.3 8.4 190 23.5 0 0 0
35.782 0x2B main_weld 1 1 1 1 228 24.1 8.4 190 23.5 0 0 0
35.819 0x2B main_weld 1 1 1 1 230 24.1 8.4 190 23.5 0 0 0
35.859 0x2B main_weld 1 1 1 1 230 24.1 8.4 190 23.5 0 0 0
35.904 0x2B main_weld 1 1 1 1 230 24.1 8.4 190 23.5 0 0 0
35.941 0x2B main_weld 1 1 1 1 230 24.1 8.4 190 23.5 0 0 0
35.979 0x2B main_weld 1 1 1 1 230 24.2 8.4 190 23.5 0 0 0
36.021 0x2B main_weld 1 1 1 1 230 24.2 8.4 190 23.5 0 0 0
36.061 0x2B main_weld 1 1 1 1 230 24.2 8.4 190 23.5 0 0 0
36.102 0x2B main_weld 1 1 1 1 229 24.2 8.4 190 23.5 0 0 0
36.143 0x2B main_weld 1 1 1 1 229 23.7 8.4 190 23.5 0 0 0
36.193 0x2B main_weld 1 1 1 1 228 23.7 8.4 190 23.5 0 0 0
36.221 0x2B main_weld 1 1 1 1 228 23.7 8.4 190 23.5 0 0 0
36.264 0x2B main_weld 1 1 1 1 229 23.7 8.4 190 23.5 0 0 0
36.300 0x2B main_weld 1 1 1 1 229 23.7 8.4 190 23.5 0 0 0
36.342 0x2B main_weld 1 1 1 1 229 23.3 8.4 190 23.5 0 0 0
36.379 0x2B main_weld 1 1 1 1 229 23.3 8.4 190 23.5 0 0 0
36.424 0x2B main_weld 1 1 1 1 229 23.3 8.4 190 23.5 0 0 0
36.464 0x2B main_weld 1 1 1 1 223 23.3 8.4 190 23.5 0 0 0
36.500 0x2B main_weld 1 1 1 1 223 23.7 8.4 190 23.5 0 0 0
36.542 0x2B main_weld 1 1 1 1 223 23.7 8.4 190 23.5 0 0 0
36.581 0x2B main_weld 1 1 1 1 223 23.7 8.4 190 23.5 0 0 0
36.621 0x2B main_weld 1 1 1 1 232 23.8 8.4 190 23.5 0 0 0
36.660 0x2B main_weld 1 1 1 1 232 23.8 8.4 190 23.5 0 0 0
36.699 0x2B main_weld 1 1 1 1 232 23.8 8.4 190 23.5 0 0 0
36.739 0x2B main_weld 1 1 1 1 232 23.8 8.4 190 23.5 0 0 0
36.781 0x2B main_weld 1 1 1 1 232 23.9 8.4 190 23.5 0 0 0
36.819 0x2B main_weld 1 1 1 1 224 23.9 8.4 190 23.5 0 0 0
36.860 0x2B main_weld 1 1 1 1 224 23.9 8.4 190 23.5 0 0 0
36.901 0x2B main_weld 1 1 1 1 224 23.9 8.4 190 23.5 0 0 0
36.941 0x2B main_weld 1 1 1 1 224 23.9 8.4 190 23.5 0 0 0
36.978 0x2B main_weld 1 1 1 1 226 23.3 8.4 190 23.5 0 0 0
37.018 0x2B main_weld 1 1 1 1 226 23.3 8.4 190 23.5 0 0 0
37.059 0x2B main_weld 1 1 1 1 226 23.3 8.4 190 23.5 0 0 0
37.103 0x2B main_weld 1 1 1 1 226 23.3 8.4 190 23.5 0 0 0
37.140 0x2B main_weld 1 1 1 1 226 23.3 8.4 190 23.5 0 0 0
37.179 0x2B main_weld 1 1 1 1 226 23.3 8.4 190 23.5 0 0 0
37.218 0x2B main_weld 1 1 1 1 226 23.3 8.4 190 23.5 0 0 0
37.260 0x2B main_weld 1 1 1 1 226 23.3 8.4 190 23.5 0 0 0
37.299 0x2B main_weld 1 1 1 1 226 23.3 8.4 190 23.5 0 0 0
37.340 0x2B main_weld 1 1 1 1 229 23.6 8.4 190 23.5 0 0 0
37.381 0x2B main_weld 1 1 1 1 229 23.6 8.4 190 23.5 0 0 0
37.421 0x2B main_weld 1 1 1 1 229 23.6 8.4 190 23.5 0 0 0
37.459 0x2B main_weld 1 1 1 1 224 23.6 8.4 190 23.5 0 0 0
37.500 0x2B main_weld 1 1 1 1 224 23.6 8.4 190 23.5 0 0 0
37.540 0x2B main_weld 1 1 1 1 224 23.6 8.4 190 23.5 0 0 0
37.580 0x2B main_weld 1 1 1 1 224 23.1 8.4 190 23.5 0 0 0
37.622 0x2B main_weld 1 1 1 1 224 23.1 8.4 190 23.5 0 0 0
37.664 0x2B main_weld 1 1 1 1 224 23.1 8.4 190 23.5 0 0 0
37.702 0x2B main_weld 1 1 1 1 224 23.1 8.4 190 23.5 0 0 0
37.741 0x2B main_weld 1 1 1 1 224 23.1 8.4 190 23.5 0 0 0
37.780 0x2B main_weld 1 1 1 1 224 23.1 8.4 190 23.5 0 0 0
37.820 0x2B main_weld 1 1 1 1 225 23.1 8.4 190 23.5 0 0 0
37.860 0x2B main_weld 1 1 1 1 225 23.2 8.4 190 23.5 0 0 0
37.904 0x2B main_weld 1 1 1 1 225 23.2 8.4 190 23.5 0 0 0
37.942 0x2B main_weld 1 1 1 1 225 23.2 8.4 190 23.5 0 0 0
37.978 0x2B main_weld 1 1 1 1 224 23.2 8.4 190 23.5 0 0 0
38.021 0x2B main_weld 1 1 1 1 224 23.2 8.4 190 23.5 0 0 0
38.061 0x2B main_weld 1 1 1 1 224 23.2 8.4 190 23.5 0 0 0
38.100 0x2B main_weld 1 1 1 1 224 23.2 8.4 190 23.5 0 0 0
38.142 0x2B main_weld 1 1 1 1 224 23.2 8.4 190 23.5 0 0 0
38.180 0x2B main_weld 1 1 1 1 229 23.2 8.4 190 23.5 0 0 0
38.223 0x2B main_weld 1 1 1 1 229 23.2 8.4 190 23.5 0 0 0
38.262 0x2B main_weld 1 1 1 1 229 23.2 8.4 190 23.5 0 0 0
38.299 0x2B main_weld 1 1 1 1 229 23.2 8.4 190 23.5 0 0 0
38.339 0x2B main_weld 1 1 1 1 223 23.2 8.4 190 23.5 0 0 0
38.380 0x2B main_weld 1 1 1 1 223 23.2 8.4 190 23.5 0 0 0
38.421 0x2B main_weld 1 1 1 1 223 23.2 8.4 190 23.5 0 0 0
38.460 0x2B main_weld 1 1 1 1 223 23.2 8.4 190 23.5 0 0 0
38.499 0x2B main_weld 1 1 1 1 223 22.9 8.4 190 23.5 0 0 0
38.544 0x2B main_weld 1 1 1 1 220 22.9 8.4 190 23.5 0 0 0
38.579 0x2B main_weld 1 1 1 1 220 22.9 8.4 190 23.5 0 0 0
38.620 0x2B main_weld 1 1 1 1 220 22.9 8.4 190 23.5 0 0 0
38.660 0x2B main_weld 1 1 1 1 220 22.9 8.4 190 23.5 0 0 0
38.699 0x2B main_weld 1 1 1 1 229 22.9 8.4 190 23.5 0 0 0
38.741 0x2B main_weld 1 1 1 1 229 22.9 8.4 190 23.5 0 0 0
38.786 0x2B main_weld 1 1 1 1 229 22.9 8.4 190 23.5 0 0 0
38.819 0x2B main_weld 1 1 1 1 229 22.9 8.4 190 23.5 0 0 0
38.861 0x2B main_weld 1 1 1 1 229 22.6 8.4 190 23.5 0 0 0
38.905 0x2B main_weld 1 1 1 1 219 22.6 8.4 190 23.5 0 0 0
38.940 0x2B main_weld 1 1 1 1 219 22.6 8.4 190 23.5 0 0 0
38.980 0x2B main_weld 1 1 1 1 224 22.6 8.4 190 23.5 0 0 0
39.024 0x2B main_weld 1 1 1 1 224 22.9 8.4 190 23.5 0 0 0
39.059 0x2B main_weld 1 1 1 1 224 22.9 8.4 190 23.5 0 0 0
39.102 0x2B main_weld 1 1 1 1 224 22.9 8.4 190 23.5 0 0 0
39.141 0x2B main_weld 1 1 1 1 223 22.9 8.4 190 23.5 0 0 0
39.180 0x2B main_weld 1 1 1 1 223 22.9 8.4 190 23.5 0 0 0
39.222 0x2B main_weld 1 1 1 1 223 22.7 8.4 190 23.5 0 0 0
39.260 0x2B main_weld 1 1 1 1 223 22.7 8.4 190 23.5 0 0 0
39.300 0x2B main_weld 1 1 1 1 223 23.2 8.4 190 23.5 0 0 0
39.340 0x2B main_weld 1 1 1 1 225 23.2 8.4 190 23.5 0 0 0
39.380 0x2B main_weld 1 1 1 1 225 23.2 8.4 190 23.5 0 0 0
39.422 0x2B main_weld 1 1 1 1 225 23.2 8.4 190 23.5 0 0 0
39.462 0x2B main_weld 1 1 1 1 225 23.2 8.4 190 23.5 0 0 0
39.501 0x2B main_weld 1 1 1 1 224 22.9 8.4 190 23.5 0 0 0
39.542 0x2B main_weld 1 1 1 1 224 22.9 8.4 190 23.5 0 0 0
39.584 0x2B main_weld 1 1 1 1 224 22.9 8.4 190 23.5 0 0 0
39.622 0x2B main_weld 1 1 1 1 224 22.9 8.4 190 23.5 0 0 0
39.661 0x2B main_weld 1 1 1 1 224 23.8 8.4 190 23.5 0 0 0
39.702 0x2B main_weld 1 1 1 1 229 23.8 8.4 190 23.5 0 0 0
39.741 0x2B main_weld 1 1 1 1 229 23.8 8.4 190 23.5 0 0 0
39.780 0x2B main_weld 1 1 1 1 229 23.8 8.4 190 23.5 0 0 0
39.819 0x2B main_weld 1 1 1 1 229 23.8 8.4 190 23.5 0 0 0
39.861 0x2B main_weld 1 1 1 1 228 24.1 8.4 190 23.5 0 0 0
39.906 0x2B main_weld 1 1 1 1 228 24.1 8.4 190 23.5 0 0 0
39.941 0x2B main_weld 1 1 1 1 228 24.1 8.4 190 23.5 0 0 0
39.980 0x2B main_weld 1 1 1 1 228 24.1 8.4 190 23.5 0 0 0
40.018 0x2B main_weld 1 1 1 1 228 24.1 8.4 190 23.5 0 0 0
40.060 0x2B main_weld 1 1 1 1 231 24.1 8.4 190 23.5 0 0 0
40.099 0x2B main_weld 1 1 1 1 231 24.1 8.4 190 23.5 0 0 0
40.142 0x2B main_weld 1 1 1 1 231 24.1 8.4 190 23.5 0 0 0
40.184 0x2B main_weld 1 1 1 1 231 24.1 8.4 190 23.5 0 0 0
40.221 0x2B main_weld 1 1 1 1 228 23.7 8.4 190 23.5 0 0 0
40.261 0x2B main_weld 1 1 1 1 228 23.7 8.4 190 23.5 0 0 0
40.300 0x2B main_weld 1 1 1 1 228 23.7 8.4 190 23.5 0 0 0
40.340 0x2B main_weld 1 1 1 1 228 23.7 8.4 190 23.5 0 0 0
40.384 0x2B main_weld 1 1 1 1 228 23.0 8.4 190 23.5 0 0 0
40.421 0x2B main_weld 1 1 1 1 235 23.0 8.4 190 23.5 0 0 0
40.464 0x2B main_weld 1 1 1 1 235 23.0 8.4 190 23.5 0 0 0
40.499 0x2B main_weld 1 1 1 1 235 23.0 8.4 190 23.5 0 0 0
40.546 0x2B main_weld 1 1 1 1 235 23.0 8.4 190 23.5 0 0 0
40.585 0x2B main_weld 1 1 1 1 229 22.9 8.4 190 23.5 0 0 0
40.626 0x2B main_weld 1 1 1 1 229 22.9 8.4 190 23.5 0 0 0
40.661 0x2B main_weld 1 1 1 1 229 22.9 8.4 190 23.5 0 0 0
40.703 0x2B main_weld 1 1 1 1 231 22.9 8.4 190 23.5 0 0 0
40.742 0x2B main_weld 1 1 1 1 231 22.9 8.4 190 23.5 0 0 0
40.779 0x2B main_weld 1 1 1 1 231 22.9 8.4 190 23.5 0 0 0
40.821 0x2B main_weld 1 1 1 1 231 22.9 8.4 190 23.5 0 0 0
40.860 0x2B main_weld 1 1 1 1 234 22.9 8.4 190 23.5 0 0 0
40.901 0x2B main_weld 1 1 1 1 234 22.9 8.4 190 23.5 0 0 0
40.945 0x2B main_weld 1 1 1 1 234 22.9 8.4 190 23.5 0 0 0
40.989 0x2B main_weld 1 1 1 1 234 22.9 8.4 190 23.5 0 0 0
41.021 0x2B main_weld 1 1 1 1 234 22.8 8.4 190 23.5 0 0 0
41.059 0x2B main_weld 1 1 1 1 231 22.8 8.4 190 23.5 0 0 0
41.099 0x2B main_weld 1 1 1 1 231 22.8 8.4 190 23.5 0 0 0
41.138 0x2B main_weld 1 1 1 1 231 22.8 8.4 190 23.5 0 0 0
41.179 0x2B main_weld 1 1 1 1 231 23.6 8.4 190 23.5 0 0 0
41.220 0x2B main_weld 1 1 1 1 229 23.6 8.4 190 23.5 0 0 0
41.260 0x2B main_weld 1 1 1 1 229 23.6 8.4 190 23.5 0 0 0
41.304 0x2B main_weld 1 1 1 1 229 23.6 8.4 190 23.5 0 0 0
41.340 0x2B main_weld 1 1 1 1 229 23.6 8.4 190 23.5 0 0 0
41.385 0x2B main_weld 1 1 1 1 229 23.4 8.4 190 23.5 0 0 0
41.421 0x2B main_weld 1 1 1 1 231 23.4 8.4 190 23.5 0 0 0
41.464 0x2B main_weld 1 1 1 1 231 23.4 8.4 190 23.5 0 0 0
41.513 0x2B main_weld 1 1 1 1 226 23.4 8.4 190 23.5 0 0 0
41.539 0x2B main_weld 1 1 1 1 226 22.9 8.4 190 23.5 0 0 0
41.582 0x2B main_weld 1 1 1 1 226 22.9 8.4 190 23.5 0 0 0
41.620 0x2B main_weld 1 1 1 1 226 22.9 8.4 190 23.5 0 0 0
41.662 0x2B main_weld 1 1 1 1 224 22.9 8.4 190 23.5 0 0 0
41.701 0x2B main_weld 1 1 1 1 224 22.9 8.4 190 23.5 0 0 0
41.739 0x2B main_weld 1 1 1 1 224 22.9 8.4 190 23.5 0 0 0
41.784 0x2B main_weld 1 1 1 1 224 22.9 8.4 190 23.5 0 0 0
41.824 0x2B main_weld 1 1 1 1 224 22.9 8.4 190 23.5 0 0 0
41.865 0x2B main_weld 1 1 1 1 226 22.9 8.4 190 23.5 0 0 0
41.902 0x2B main_weld 1 1 1 1 226 22.9 8.4 190 23.5 0 0 0
41.940 0x2B main_weld 1 1 1 1 226 22.9 8.4 190 23.5 0 0 0
41.979 0x2B main_weld 1 1 1 1 226 22.9 8.4 190 23.5 0 0 0
42.024 0x2B main_weld 1 1 1 1 232 22.9 8.4 190 23.5 0 0 0
42.059 0x2B main_weld 1 1 1 1 232 22.9 8.4 190 23.5 0 0 0
42.101 0x2B main_weld 1 1 1 1 232 23.0 8.4 190 23.5 0 0 0
42.145 0x2B main_weld 1 1 1 1 232 23.0 8.4 190 23.5 0 0 0
42.182 0x2B main_weld 1 1 1 1 232 22.9 8.4 190 23.5 0 0 0
42.229 0x2B main_weld 1 1 1 1 228 22.9 8.4 190 23.5 0 0 0
42.262 0x2B main_weld 1 1 1 1 228 22.9 8.4 190 23.5 0 0 0
42.305 0x2B main_weld 1 1 1 1 228 22.9 8.4 190 23.5 0 0 0
42.338 0x2B main_weld 1 1 1 1 228 22.9 8.4 190 23.5 0 0 0
42.389 0x2B main_weld 1 1 1 1 223 22.6 8.4 190 23.5 0 0 0
42.428 0x2B main_weld 1 1 1 1 223 22.6 8.4 190 23.5 0 0 0
42.462 0x2B main_weld 1 1 1 1 223 22.6 8.4 190 23.5 0 0 0
42.502 0x2B main_weld 1 1 1 1 223 22.6 8.4 190 23.5 0 0 0
42.547 0x2B main_weld 1 1 1 1 223 23.7 8.4 190 23.5 0 0 0
42.586 0x2B main_weld 1 1 1 1 228 23.7 8.4 190 23.5 0 0 0
42.623 0x2B main_weld 1 1 1 1 228 23.7 8.4 190 23.5 0 0 0
42.665 0x2B main_weld 1 1 1 1 228 23.7 8.4 190 23.5 0 0 0
42.707 0x2B main_weld 1 1 1 1 228 23.7 8.4 190 23.5 0 0 0
42.743 0x2B main_weld 1 1 1 1 226 24.1 8.4 190 23.5 0 0 0
42.779 0x2B main_weld 1 1 1 1 226 24.1 8.4 190 23.5 0 0 0
42.820 0x2B main_weld 1 1 1 1 226 24.1 8.4 190 23.5 0 0 0
42.861 0x2B main_weld 1 1 1 1 226 24.1 8.4 190 23.5 0 0 0
42.903 0x2B main_weld 1 1 1 1 226 24.1 8.4 190 23.5 0 0 0
42.942 0x2B main_weld 1 1 1 1 228 24.1 8.4 190 23.5 0 0 0
42.984 0x2B main_weld 1 1 1 1 228 24.1 8.4 190 23.5 0 0 0
43.020 0x2B main_weld 1 1 1 1 231 24.1 8.4 190 23.5 0 0 0
43.062 0x2B main_weld 1 1 1 1 231 24.1 8.4 190 23.5 0 0 0
43.102 0x2B main_weld 1 1 1 1 231 24.1 8.4 190 23.5 0 0 0
43.138 0x2B main_weld 1 1 1 1 231 24.1 8.4 190 23.5 0 0 0
43.187 0x2B main_weld 1 1 1 1 231 24.1 8.4 190 23.5 0 0 0
43.221 0x2B main_weld 1 1 1 1 226 24.1 8.4 190 23.5 0 0 0
43.267 0x2B main_weld 1 1 1 1 226 24.2 8.4 190 23.5 0 0 0
43.300 0x2B main_weld 1 1 1 1 226 24.2 8.4 190 23.5 0 0 0
43.340 0x2B main_weld 1 1 1 1 226 24.2 8.4 190 23.5 0 0 0
43.381 0x2B main_weld 1 1 1 1 231 24.2 8.4 190 23.5 0 0 0
43.421 0x2B main_weld 1 1 1 1 231 24.2 8.4 190 23.5 0 0 0
43.459 0x2B main_weld 1 1 1 1 231 24.1 8.4 190 23.5 0 0 0
43.501 0x2B main_weld 1 1 1 1 231 24.1 8.4 190 23.5 0 0 0
43.544 0x2B main_weld 1 1 1 1 231 24.1 8.4 190 23.5 0 0 0
43.579 0x2B main_weld 1 1 1 1 230 24.1 8.4 190 23.5 0 0 0
43.620 0x2B main_weld 1 1 1 1 230 24.1 8.4 190 23.5 0 0 0
43.663 0x2B main_weld 1 1 1 1 230 24.1 8.4 190 23.5 0 0 0
43.701 0x2B main_weld 1 1 1 1 230 24.1 8.4 190 23.5 0 0 0
43.741 0x2B main_weld 1 1 1 1 232 24.1 8.4 190 23.5 0 0 0
43.787 0x2B main_weld 1 1 1 1 232 24.1 8.4 190 23.5 0 0 0
43.823 0x2B main_weld 1 1 1 1 232 24.1 8.4 190 23.5 0 0 0
43.860 0x2B main_weld 1 1 1 1 232 24.1 8.4 190 23.5 0 0 0
43.901 0x2B main_weld 1 1 1 1 232 24.1 8.4 190 23.5 0 0 0
43.944 0x2B main_weld 1 1 1 1 236 24.1 8.4 190 23.5 0 0 0
43.979 0x2B main_weld 1 1 1 1 236 24.1 8.4 190 23.5 0 0 0
44.023 0x2B main_weld 1 1 1 1 236 24.1 8.4 190 23.5 0 0 0
44.068 0x2B main_weld 1 1 1 1 236 24.1 8.4 190 23.5 0 0 0
44.100 0x2B main_weld 1 1 1 1 235 24.1 8.4 190 23.5 0 0 0
44.142 0x2B main_weld 1 1 1 1 235 24.1 8.4 190 23.5 0 0 0
44.181 0x2B main_weld 1 1 1 1 235 24.1 8.4 190 23.5 0 0 0
44.221 0x2B main_weld 1 1 1 1 235 24.1 8.4 190 23.5 0 0 0
44.259 0x2B main_weld 1 1 1 1 235 24.1 8.4 190 23.5 0 0 0
44.298 0x2B main_weld 1 1 1 1 236 24.1 8.4 190 23.5 0 0 0
44.341 0x2B main_weld 1 1 1 1 236 24.1 8.4 190 23.5 0 0 0
44.383 0x2B main_weld 1 1 1 1 236 24.1 8.4 190 23.5 0 0 0
44.421 0x2B main_weld 1 1 1 1 236 24.1 8.4 190 23.5 0 0 0
44.459 0x2B main_weld 1 1 1 1 234 24.1 8.4 190 23.5 0 0 0
44.503 0x2B main_weld 1 1 1 1 234 24.1 8.4 190 23.5 0 0 0
44.537 0x2B main_weld 1 1 1 1 228 24.1 8.4 190 23.5 0 0 0
44.584 0x2B main_weld 1 1 1 1 228 24.1 8.4 190 23.5 0 0 0
44.624 0x2B main_weld 1 1 1 1 228 23.4 8.4 190 23.5 0 0 0
44.664 0x2B main_weld 1 1 1 1 228 23.4 8.4 190 23.5 0 0 0
44.700 0x2B main_weld 1 1 1 1 228 23.4 8.4 190 23.5 0 0 0
44.739 0x2B main_weld 1 1 1 1 228 23.4 8.4 190 23.5 0 0 0
44.780 0x2B main_weld 1 1 1 1 228 22.6 8.4 190 23.5 0 0 0
44.821 0x2B main_weld 1 1 1 1 228 22.6 8.4 190 23.5 0 0 0
44.862 0x2B main_weld 1 1 1 1 228 22.6 8.4 190 23.5 0 0 0
44.902 0x2B main_weld 1 1 1 1 231 22.6 8.4 190 23.5 0 0 0
44.941 0x2B main_weld 1 1 1 1 231 22.6 8.4 190 23.5 0 0 0
44.983 0x2B main_weld 1 1 1 1 231 22.9 8.4 190 23.5 0 0 0
45.020 0x2B main_weld 1 1 1 1 231 22.9 8.4 190 23.5 0 0 0
45.060 0x2B main_weld 1 1 1 1 231 22.8 8.4 190 23.5 0 0 0
45.101 0x2B main_weld 1 1 1 1 231 22.8 8.4 190 23.5 0 0 0
45.143 0x2B main_weld 1 1 1 1 231 22.8 8.4 190 23.5 0 0 0
45.184 0x2B main_weld 1 1 1 1 231 22.8 8.4 190 23.5 0 0 0
45.219 0x2B main_weld 1 1 1 1 231 22.8 8.4 190 23.5 0 0 0
45.260 0x2B main_weld 1 1 1 1 226 22.9 8.4 190 23.5 0 0 0
45.299 0x2B main_weld 1 1 1 1 226 22.9 8.4 190 23.5 0 0 0
45.342 0x2B main_weld 1 1 1 1 226 22.9 8.4 190 23.5 0 0 0
45.384 0x2B main_weld 1 1 1 1 226 22.9 8.4 190 23.5 0 0 0
45.418 0x2B main_weld 1 1 1 1 226 22.8 8.4 190 23.5 0 0 0
45.461 0x2B main_weld 1 1 1 1 228 22.8 8.4 190 23.5 0 0 0
45.503 0x2B main_weld 1 1 1 1 228 22.8 8.4 190 23.5 0 0 0
45.542 0x2B main_weld 1 1 1 1 228 22.8 8.4 190 23.5 0 0 0
45.584 0x2B main_weld 1 1 1 1 228 22.8 8.4 190 23.5 0 0 0
45.623 0x2B main_weld 1 1 1 1 224 22.9 8.4 190 23.5 0 0 0
45.662 0x2B main_weld 1 1 1 1 224 22.9 8.4 190 23.5 0 0 0
45.705 0x2B main_weld 1 1 1 1 224 22.9 8.4 190 23.5 0 0 0
45.747 0x2B main_weld 1 1 1 1 225 22.9 8.4 190 23.5 0 0 0
45.787 0x2B main_weld 1 1 1 1 225 22.8 8.4 190 23.5 0 0 0
45.822 0x2B main_weld 1 1 1 1 225 22.8 8.4 190 23.5 0 0 0
45.860 0x2B main_weld 1 1 1 1 225 22.8 8.4 190 23.5 0 0 0
45.900 0x2B main_weld 1 1 1 1 228 22.8 8.4 190 23.5 0 0 0
45.941 0x2B main_weld 1 1 1 1 228 22.8 8.4 190 23.5 0 0 0
45.983 0x2B main_weld 1 1 1 1 228 22.9 8.4 190 23.5 0 0 0
46.024 0x2B main_weld 1 1 1 1 228 22.9 8.4 190 23.5 0 0 0
46.074 0x2B main_weld 1 1 1 1 228 22.9 8.4 190 23.5 0 0 0
46.103 0x2B main_weld 1 1 1 1 226 22.9 8.4 190 23.5 0 0 0
46.143 0x2B main_weld 1 1 1 1 226 22.9 8.4 190 23.5 0 0 0
46.181 0x2B main_weld 1 1 1 1 226 22.9 8.4 190 23.5 0 0 0
46.221 0x2B main_weld 1 1 1 1 226 23.3 8.4 190 23.5 0 0 0
46.259 0x2B main_weld 1 1 1 1 223 23.3 8.4 190 23.5 0 0 0
46.303 0x2B main_weld 1 1 1 1 223 23.3 8.4 190 23.5 0 0 0
46.346 0x2B main_weld 1 1 1 1 223 23.3 8.4 190 23.5 0 0 0
46.382 0x2B main_weld 1 1 1 1 223 23.3 8.4 190 23.5 0 0 0
46.419 0x2B main_weld 1 1 1 1 223 22.9 8.4 190 23.5 0 0 0
46.460 0x2B main_weld 1 1 1 1 223 22.9 8.4 190 23.5 0 0 0
46.500 0x2B main_weld 1 1 1 1 223 22.9 8.4 190 23.5 0 0 0
46.541 0x2B main_weld 1 1 1 1 223 22.9 8.4 190 23.5 0 0 0
46.588 0x2B main_weld 1 1 1 1 223 23.7 8.4 190 23.5 0 0 0
46.627 0x2B main_weld 1 1 1 1 232 23.7 8.4 190 23.5 0 0 0
46.660 0x2B main_weld 1 1 1 1 232 23.7 8.4 190 23.5 0 0 0
46.705 0x2B main_weld 1 1 1 1 232 23.7 8.4 190 23.5 0 0 0
46.742 0x2B main_weld 1 1 1 1 232 23.7 8.4 190 23.5 0 0 0
46.789 0x2B main_weld 1 1 1 1 232 24.1 8.4 190 23.5 0 0 0
46.821 0x2B main_weld 1 1 1 1 228 24.1 8.4 190 23.5 0 0 0
46.863 0x2B main_weld 1 1 1 1 228 24.1 8.4 190 23.5 0 0 0
46.908 0x2B main_weld 1 1 1 1 228 24.1 8.4 190 23.5 0 0 0
46.944 0x2B main_weld 1 1 1 1 228 24.1 8.4 190 23.5 0 0 0
46.982 0x2B main_weld 1 1 1 1 228 24.1 8.4 190 23.5 0 0 0
47.023 0x2B main_weld 1 1 1 1 228 24.1 8.4 190 23.5 0 0 0
47.064 0x2B main_weld 1 1 1 1 228 24.1 8.4 190 23.5 0 0 0
47.101 0x2B main_weld 1 1 1 1 228 24.1 8.4 190 23.5 0 0 0
47.142 0x2B main_weld 1 1 1 1 228 23.9 8.4 190 23.5 0 0 0
47.187 0x2B main_weld 1 1 1 1 228 23.9 8.4 190 23.5 0 0 0
47.222 0x2B main_weld 1 1 1 1 228 23.9 8.4 190 23.5 0 0 0
47.262 0x2B main_weld 1 1 1 1 228 23.9 8.4 190 23.5 0 0 0
47.301 0x2B main_weld 1 1 1 1 228 22.7 8.4 190 23.5 0 0 0
47.342 0x2B main_weld 1 1 1 1 228 22.7 8.4 190 23.5 0 0 0
47.382 0x2B main_weld 1 1 1 1 228 22.7 8.4 190 23.5 0 0 0
47.422 0x2B main_weld 1 1 1 1 229 22.7 8.4 190 23.5 0 0 0
47.463 0x2B main_weld 1 1 1 1 229 22.7 8.4 190 23.5 0 0 0
47.503 0x2B main_weld 1 1 1 1 229 23.0 8.4 190 23.5 0 0 0
47.542 0x2B main_weld 1 1 1 1 229 23.0 8.4 190 23.5 0 0 0
47.584 0x2B main_weld 1 1 1 1 229 23.0 8.4 190 23.5 0 0 0
47.620 0x2B main_weld 1 1 1 1 229 23.0 8.4 190 23.5 0 0 0
47.660 0x2B main_weld 1 1 1 1 229 23.3 8.4 190 23.5 0 0 0
47.703 0x2B main_weld 1 1 1 1 229 23.3 8.4 190 23.5 0 0 0
47.741 0x2B main_weld 1 1 1 1 229 23.3 8.4 190 23.5 0 0 0
47.781 0x2B main_weld 1 1 1 1 225 22.9 8.4 190 23.5 0 0 0
47.821 0x2B main_weld 1 1 1 1 225 22.9 8.4 190 23.5 0 0 0
47.858 0x2B main_weld 1 1 1 1 225 22.9 8.4 190 23.5 0 0 0
47.901 0x2B main_weld 1 1 1 1 225 22.9 8.4 190 23.5 0 0 0
47.940 0x2B main_weld 1 1 1 1 225 23.0 8.4 190 23.5 0 0 0
47.982 0x2B main_weld 1 1 1 1 230 23.0 8.4 190 23.5 0 0 0
48.020 0x2B main_weld 1 1 1 1 230 23.0 8.4 190 23.5 0 0 0
48.065 0x2B main_weld 1 1 1 1 230 23.0 8.4 190 23.5 0 0 0
48.102 0x2B main_weld 1 1 1 1 230 23.0 8.4 190 23.5 0 0 0
48.139 0x2B main_weld 1 1 1 1 230 23.2 8.4 190 23.5 0 0 0
48.180 0x2B main_weld 1 1 1 1 230 23.2 8.4 190 23.5 0 0 0
48.221 0x2B main_weld 1 1 1 1 230 23.2 8.4 190 23.5 0 0 0
48.261 0x2B main_weld 1 1 1 1 230 23.2 8.4 190 23.5 0 0 0
48.301 0x2B main_weld 1 1 1 1 230 23.1 8.4 190 23.5 0 0 0
48.340 0x2B main_weld 1 1 1 1 226 23.1 8.4 190 23.5 0 0 0
48.378 0x2B main_weld 1 1 1 1 226 23.1 8.4 190 23.5 0 0 0
48.421 0x2B main_weld 1 1 1 1 226 23.1 8.4 190 23.5 0 0 0
48.460 0x2B main_weld 1 1 1 1 226 23.1 8.4 190 23.5 0 0 0
48.499 0x2B main_weld 1 1 1 1 232 23.2 8.4 190 23.5 0 0 0
48.545 0x2B main_weld 1 1 1 1 232 23.2 8.4 190 23.5 0 0 0
48.579 0x2B main_weld 1 1 1 1 232 23.2 8.4 190 23.5 0 0 0
48.622 0x2B main_weld 1 1 1 1 232 23.2 8.4 190 23.5 0 0 0
48.660 0x2B main_weld 1 1 1 1 232 23.0 8.4 190 23.5 0 0 0
48.699 0x2B main_weld 1 1 1 1 231 23.0 8.4 190 23.5 0 0 0
48.739 0x2B main_weld 1 1 1 1 231 23.0 8.4 190 23.5 0 0 0
48.781 0x2B main_weld 1 1 1 1 226 23.0 8.4 190 23.5 0 0 0
48.822 0x2B main_weld 1 1 1 1 226 23.0 8.4 190 23.5 0 0 0
48.859 0x2B main_weld 1 1 1 1 226 23.2 8.4 190 23.5 0 0 0
48.903 0x2B main_weld 1 1 1 1 226 23.2 8.4 190 23.5 0 0 0
48.942 0x2B main_weld 1 1 1 1 226 23.2 8.4 190 23.5 0 0 0
48.986 0x2B main_weld 1 1 1 1 226 23.2 8.4 190 23.5 0 0 0
49.021 0x2B main_weld 1 1 1 1 226 23.1 8.4 190 23.5 0 0 0
49.061 0x2B main_weld 1 1 1 1 226 23.1 8.4 190 23.5 0 0 0
49.100 0x2B main_weld 1 1 1 1 226 23.1 8.4 190 23.5 0 0 0
49.143 0x2B main_weld 1 1 1 1 225 23.1 8.4 190 23.5 0 0 0
49.181 0x2B main_weld 1 1 1 1 225 23.1 8.4 190 23.5 0 0 0
49.221 0x2B main_weld 1 1 1 1 225 23.2 8.4 190 23.5 0 0 0
49.260 0x2B main_weld 1 1 1 1 225 23.2 8.4 190 23.5 0 0 0
49.299 0x2B main_weld 1 1 1 1 225 22.6 8.4 190 23.5 0 0 0
49.341 0x2B main_weld 1 1 1 1 225 22.6 8.4 190 23.5 0 0 0
49.383 0x2B main_weld 1 1 1 1 225 22.6 8.4 190 23.5 0 0 0
49.425 0x2B main_weld 1 1 1 1 225 22.6 8.4 190 23.5 0 0 0
49.460 0x2B main_weld 1 1 1 1 225 24.0 8.4 190 23.5 0 0 0
49.499 0x2B main_weld 1 1 1 1 225 24.0 8.4 190 23.5 0 0 0
49.540 0x2B main_weld 1 1 1 1 225 24.0 8.4 190 23.5 0 0 0
49.580 0x2B main_weld 1 1 1 1 231 24.0 8.4 190 23.5 0 0 0
49.623 0x2B main_weld 1 1 1 1 231 24.0 8.4 190 23.5 0 0 0
49.661 0x2B main_weld 1 1 1 1 231 24.2 8.4 190 23.5 0 0 0
49.704 0x2B main_weld 1 1 1 1 226 24.2 8.4 190 23.5 0 0 0
49.739 0x2B main_weld 1 1 1 1 226 24.2 8.4 190 23.5 0 0 0
49.779 0x2B main_weld 1 1 1 1 226 24.2 8.4 190 23.5 0 0 0
49.819 0x2B main_weld 1 1 1 1 226 24.2 8.4 190 23.5 0 0 0
49.860 0x2B main_weld 1 1 1 1 224 24.2 8.4 190 23.5 0 0 0
49.899 0x2B main_weld 1 1 1 1 224 24.2 8.4 190 23.5 0 0 0
49.941 0x2B main_weld 1 1 1 1 225 24.2 8.4 190 23.5 0 0 0
49.979 0x2B main_weld 1 1 1 1 225 24.2 8.4 190 23.5 0 0 0
50.019 0x2B main_weld 1 1 1 1 225 24.2 8.4 190 23.5 0 0 0
50.060 0x2B main_weld 1 1 1 1 225 24.2 8.4 190 23.5 0 0 0
50.101 0x2B main_weld 1 1 1 1 225 24.2 8.4 190 23.5 0 0 0
50.141 0x2B main_weld 1 1 1 1 219 24.2 8.4 190 23.5 0 0 0
50.181 0x2B main_weld 1 1 1 1 219 23.2 8.4 190 23.5 0 0 0
50.221 0x2B main_weld 1 1 1 1 219 23.2 8.4 190 23.5 0 0 0
50.264 0x2B main_weld 1 1 1 1 219 23.2 8.4 190 23.5 0 0 0
50.299 0x2B main_weld 1 1 1 1 226 22.8 8.4 190 23.5 0 0 0
50.338 0x2B main_weld 1 1 1 1 226 22.8 8.4 190 23.5 0 0 0
50.380 0x2B main_weld 1 1 1 1 226 22.8 8.4 190 23.5 0 0 0
50.420 0x2B main_weld 1 1 1 1 226 22.8 8.4 190 23.5 0 0 0
50.459 0x2B main_weld 1 1 1 1 226 22.7 8.4 190 23.5 0 0 0
50.499 0x2B main_weld 1 1 1 1 222 22.7 8.4 190 23.5 0 0 0
50.539 0x2B main_weld 1 1 1 1 222 22.7 8.4 190 23.5 0 0 0
50.581 0x2B main_weld 1 1 1 1 222 22.7 8.4 190 23.5 0 0 0
50.621 0x2B main_weld 1 1 1 1 222 22.7 8.4 190 23.5 0 0 0
50.658 0x2B main_weld 1 1 1 1 229 23.1 8.4 190 23.5 0 0 0
50.699 0x2B main_weld 1 1 1 1 229 23.1 8.4 190 23.5 0 0 0
50.743 0x2B main_weld 1 1 1 1 229 23.1 8.4 190 23.5 0 0 0
50.783 0x2B main_weld 1 1 1 1 229 23.1 8.4 190 23.5 0 0 0
50.822 0x2B main_weld 1 1 1 1 229 22.9 8.4 190 23.5 0 0 0
50.863 0x2B main_weld 1 1 1 1 223 22.9 8.4 190 23.5 0 0 0
50.900 0x2B main_weld 1 1 1 1 223 22.9 8.4 190 23.5 0 0 0
50.940 0x2B main_weld 1 1 1 1 223 22.9 8.4 190 23.5 0 0 0
50.980 0x2B main_weld 1 1 1 1 223 22.9 8.4 190 23.5 0 0 0
51.018 0x2B main_weld 1 1 1 1 222 22.9 8.4 190 23.5 0 0 0
51.062 0x2B main_weld 1 1 1 1 222 22.9 8.4 190 23.5 0 0 0
51.102 0x2B main_weld 1 1 1 1 222 23.3 8.4 190 23.5 0 0 0
51.139 0x2B main_weld 1 1 1 1 222 23.3 8.4 190 23.5 0 0 0
51.180 0x2B main_weld 1 1 1 1 222 23.3 8.4 190 23.5 0 0 0
51.220 0x2B main_weld 1 1 1 1 232 23.3 8.4 190 23.5 0 0 0
51.261 0x2B main_weld 1 1 1 1 232 23.3 8.4 190 23.5 0 0 0
51.302 0x2B main_weld 1 1 1 1 232 23.3 8.4 190 23.5 0 0 0
51.341 0x2B main_weld 1 1 1 1 232 23.3 8.4 190 23.5 0 0 0
51.380 0x2B main_weld 1 1 1 1 230 23.2 8.4 190 23.5 0 0 0
51.422 0x2B main_weld 1 1 1 1 230 23.2 8.4 190 23.5 0 0 0
51.462 0x2B main_weld 1 1 1 1 230 23.2 8.4 190 23.5 0 0 0
51.500 0x2B main_weld 1 1 1 1 231 23.2 8.4 190 23.5 0 0 0
51.539 0x2B main_weld 1 1 1 1 231 22.7 8.4 190 23.5 0 0 0
51.586 0x2B main_weld 1 1 1 1 231 22.7 8.4 190 23.5 0 0 0
51.629 0x2B main_weld 1 1 1 1 231 22.7 8.4 190 23.5 0 0 0
51.666 0x2B main_weld 1 1 1 1 232 22.7 8.4 190 23.5 0 0 0
51.700 0x2B main_weld 1 1 1 1 232 22.7 8.4 190 23.5 0 0 0
51.740 0x2B main_weld 1 1 1 1 232 22.9 8.4 190 23.5 0 0 0
51.784 0x2B main_weld 1 1 1 1 232 22.9 8.4 190 23.5 0 0 0
51.821 0x2B main_weld 1 1 1 1 232 22.7 8.4 190 23.5 0 0 0
51.861 0x2B main_weld 1 1 1 1 225 22.7 8.4 190 23.5 0 0 0
51.902 0x2B main_weld 1 1 1 1 225 22.7 8.4 190 23.5 0 0 0
51.941 0x2B main_weld 1 1 1 1 225 22.7 8.4 190 23.5 0 0 0
51.982 0x2B main_weld 1 1 1 1 225 23.5 8.4 190 23.5 0 0 0
52.022 0x2B main_weld 1 1 1 1 232 23.5 8.4 190 23.5 0 0 0
52.060 0x2B main_weld 1 1 1 1 232 23.5 8.4 190 23.5 0 0 0
52.100 0x2B main_weld 1 1 1 1 232 23.5 8.4 190 23.5 0 0 0
52.141 0x2B main_weld 1 1 1 1 232 23.5 8.4 190 23.5 0 0 0
52.182 0x2B main_weld 1 1 1 1 232 23.6 8.4 190 23.5 0 0 0
52.225 0x2B main_weld 1 1 1 1 231 23.6 8.4 190 23.5 0 0 0
52.261 0x2B main_weld 1 1 1 1 231 23.6 8.4 190 23.5 0 0 0
52.302 0x2B main_weld 1 1 1 1 231 23.6 8.4 190 23.5 0 0 0
52.339 0x2B main_weld 1 1 1 1 231 22.9 8.4 190 23.5 0 0 0
52.380 0x2B main_weld 1 1 1 1 231 22.9 8.4 190 23.5 0 0 0
52.422 0x2B main_weld 1 1 1 1 231 22.9 8.4 190 23.5 0 0 0
52.465 0x2B main_weld 1 1 1 1 231 22.9 8.4 190 23.5 0 0 0
52.504 0x2B main_weld 1 1 1 1 231 22.9 8.4 190 23.5 0 0 0
52.546 0x2B main_weld 1 1 1 1 231 23.2 8.4 190 23.5 0 0 0
52.585 0x2B main_weld 1 1 1 1 230 23.2 8.4 190 23.5 0 0 0
52.621 0x2B main_weld 1 1 1 1 230 23.2 8.4 190 23.5 0 0 0
52.661 0x2B main_weld 1 1 1 1 223 23.2 8.4 190 23.5 0 0 0
52.700 0x2B main_weld 1 1 1 1 223 23.1 8.4 190 23.5 0 0 0
52.741 0x2B main_weld 1 1 1 1 223 23.1 8.4 190 23.5 0 0 0
52.784 0x2B main_weld 1 1 1 1 223 23.1 8.4 190 23.5 0 0 0
52.818 0x2B main_weld 1 1 1 1 234 23.1 8.4 190 23.5 0 0 0
52.861 0x2B main_weld 1 1 1 1 234 23.1 8.4 190 23.5 0 0 0
52.900 0x2B main_weld 1 1 1 1 234 23.3 8.4 190 23.5 0 0 0
52.941 0x2B main_weld 1 1 1 1 234 23.3 8.4 190 23.5 0 0 0
52.984 0x2B main_weld 1 1 1 1 234 23.3 8.4 190 23.5 0 0 0
53.020 0x2B main_weld 1 1 1 1 226 23.3 8.4 190 23.5 0 0 0
53.064 0x2B main_weld 1 1 1 1 226 22.6 8.4 190 23.5 0 0 0
53.099 0x2B main_weld 1 1 1 1 226 22.6 8.4 190 23.5 0 0 0
53.139 0x2B main_weld 1 1 1 1 226 22.6 8.4 190 23.5 0 0 0
53.179 0x2B main_weld 1 1 1 1 230 22.6 8.4 190 23.5 0 0 0
53.218 0x2B main_weld 1 1 1 1 230 22.6 8.4 190 23.5 0 0 0
53.260 0x2B main_weld 1 1 1 1 230 23.2 8.4 190 23.5 0 0 0
53.303 0x2B main_weld 1 1 1 1 230 23.2 8.4 190 23.5 0 0 0
53.343 0x2B main_weld 1 1 1 1 230 23.2 8.4 190 23.5 0 0 0
53.384 0x2B main_weld 1 1 1 1 228 23.2 8.4 190 23.5 0 0 0
53.420 0x2B main_weld 1 1 1 1 228 23.2 8.4 190 23.5 0 0 0
53.461 0x2B main_weld 1 1 1 1 228 23.2 8.4 190 23.5 0 0 0
53.501 0x2B main_weld 1 1 1 1 228 23.2 8.4 190 23.5 0 0 0
53.548 0x2B main_weld 1 1 1 1 224 22.9 8.4 190 23.5 0 0 0
53.583 0x2B main_weld 1 1 1 1 224 22.9 8.4 190 23.5 0 0 0
53.623 0x2B main_weld 1 1 1 1 224 22.9 8.4 190 23.5 0 0 0
53.661 0x2B main_weld 1 1 1 1 224 22.9 8.4 190 23.5 0 0 0
53.704 0x2B main_weld 1 1 1 1 224 23.0 8.4 190 23.5 0 0 0
53.743 0x2B main_weld 1 1 1 1 229 23.0 8.4 190 23.5 0 0 0
53.785 0x2B main_weld 1 1 1 1 229 23.0 8.4 190 23.5 0 0 0
53.824 0x2B main_weld 1 1 1 1 229 23.0 8.4 190 23.5 0 0 0
53.869 0x2B main_weld 1 1 1 1 229 23.9 8.4 190 23.5 0 0 0
53.906 0x2B main_weld 1 1 1 1 232 23.9 8.4 190 23.5 0 0 0
53.943 0x2B main_weld 1 1 1 1 232 23.9 8.4 190 23.5 0 0 0
53.983 0x2B main_weld 1 1 1 1 232 23.9 8.4 190 23.5 0 0 0
54.025 0x2B main_weld 1 1 1 1 232 23.9 8.4 190 23.5 0 0 0
54.062 0x2B main_weld 1 1 1 1 232 24.1 8.4 190 23.5 0 0 0
54.104 0x2B main_weld 1 1 1 1 228 24.1 8.4 190 23.5 0 0 0
54.143 0x2B main_weld 1 1 1 1 228 24.1 8.4 190 23.5 0 0 0
54.187 0x2B main_weld 1 1 1 1 228 24.1 8.4 190 23.5 0 0 0
54.219 0x2B main_weld 1 1 1 1 228 24.1 8.4 190 23.5 0 0 0
54.259 0x2B main_weld 1 1 1 1 228 23.7 8.4 190 23.5 0 0 0
54.299 0x2B main_weld 1 1 1 1 228 23.7 8.4 190 23.5 0 0 0
54.338 0x2B main_weld 1 1 1 1 228 23.7 8.4 190 23.5 0 0 0
54.382 0x2B main_weld 1 1 1 1 225 23.7 8.4 190 23.5 0 0 0
54.420 0x2B main_weld 1 1 1 1 225 23.2 8.4 190 23.5 0 0 0
54.462 0x2B main_weld 1 1 1 1 225 23.2 8.4 190 23.5 0 0 0
54.499 0x2B main_weld 1 1 1 1 225 22.9 8.4 190 23.5 0 0 0
54.540 0x2B main_weld 1 1 1 1 229 22.9 8.4 190 23.5 0 0 0
54.578 0x2B main_weld 1 1 1 1 229 22.9 8.4 190 23.5 0 0 0
54.622 0x2B main_weld 1 1 1 1 229 22.9 8.4 190 23.5 0 0 0
54.660 0x2B main_weld 1 1 1 1 229 22.9 8.4 190 23.5 0 0 0
54.702 0x2B main_weld 1 1 1 1 229 23.2 8.4 190 23.5 0 0 0
54.743 0x2B main_weld 1 1 1 1 229 23.2 8.4 190 23.5 0 0 0
54.783 0x2B main_weld 1 1 1 1 229 23.2 8.4 190 23.5 0 0 0
54.821 0x2B main_weld 1 1 1 1 229 23.2 8.4 190 23.5 0 0 0
54.862 0x2B main_weld 1 1 1 1 229 23.2 8.4 190 23.5 0 0 0
54.900 0x2B main_weld 1 1 1 1 229 23.2 8.4 190 23.5 0 0 0
54.940 0x2B main_weld 1 1 1 1 229 23.2 8.4 190 23.5 0 0 0
54.982 0x2B main_weld 1 1 1 1 229 23.2 8.4 190 23.5 0 0 0
55.022 0x2B main_weld 1 1 1 1 229 23.2 8.4 190 23.5 0 0 0
55.062 0x2B main_weld 1 1 1 1 229 23.5 8.4 190 23.5 0 0 0
55.099 0x2B main_weld 1 1 1 1 225 23.5 8.4 190 23.5 0 0 0
55.141 0x2B main_weld 1 1 1 1 225 23.5 8.4 190 23.5 0 0 0
55.179 0x2B main_weld 1 1 1 1 225 23.5 8.4 190 23.5 0 0 0
55.222 0x2B main_weld 1 1 1 1 225 23.4 8.4 190 23.5 0 0 0
55.264 0x2B main_weld 1 1 1 1 234 23.4 8.4 190 23.5 0 0 0
55.304 0x2B main_weld 1 1 1 1 234 23.4 8.4 190 23.5 0 0 0
55.343 0x2B main_weld 1 1 1 1 234 23.4 8.4 190 23.5 0 0 0
55.383 0x2B main_weld 1 1 1 1 234 23.4 8.4 190 23.5 0 0 0
55.422 0x2B main_weld 1 1 1 1 234 23.7 8.4 190 23.5 0 0 0
55.463 0x2B main_weld 1 1 1 1 235 23.7 8.4 190 23.5 0 0 0
55.503 0x2B main_weld 1 1 1 1 235 23.7 8.4 190 23.5 0 0 0
55.542 0x2B main_weld 1 1 1 1 235 23.7 8.4 190 23.5 0 0 0
55.588 0x2B main_weld 1 1 1 1 235 22.7 8.4 190 23.5 0 0 0
55.620 0x2B main_weld 1 1 1 1 220 22.7 8.4 190 23.5 0 0 0
55.660 0x2B main_weld 1 1 1 1 220 22.7 8.4 190 23.5 0 0 0
55.701 0x2B main_weld 1 1 1 1 230 22.7 8.4 190 23.5 0 0 0
55.741 0x2B main_weld 1 1 1 1 230 22.7 8.4 190 23.5 0 0 0
55.781 0x2B main_weld 1 1 1 1 230 22.8 8.4 190 23.5 0 0 0
55.820 0x2B main_weld 1 1 1 1 230 22.8 8.4 190 23.5 0 0 0
55.858 0x2B main_weld 1 1 1 1 230 22.8 8.4 190 23.5 0 0 0
55.904 0x2B main_weld 1 1 1 1 228 22.8 8.4 190 23.5 0 0 0
55.945 0x2B main_weld 1 1 1 1 228 22.9 8.4 190 23.5 0 0 0
55.984 0x2B main_weld 1 1 1 1 228 22.9 8.4 190 23.5 0 0 0
56.025 0x2B main_weld 1 1 1 1 228 22.9 8.4 190 23.5 0 0 0
56.060 0x2B main_weld 1 1 1 1 230 23.2 8.4 190 23.5 0 0 0
56.102 0x2B main_weld 1 1 1 1 230 23.2 8.4 190 23.5 0 0 0
56.149 0x2B main_weld 1 1 1 1 230 23.2 8.4 190 23.5 0 0 0
56.182 0x2B main_weld 1 1 1 1 230 23.2 8.4 190 23.5 0 0 0
56.221 0x2B main_weld 1 1 1 1 230 23.8 8.4 190 23.5 0 0 0
56.260 0x2B main_weld 1 1 1 1 229 23.8 8.4 190 23.5 0 0 0
56.300 0x2B main_weld 1 1 1 1 229 23.8 8.4 190 23.5 0 0 0
56.339 0x2B main_weld 1 1 1 1 229 23.8 8.4 190 23.5 0 0 0
56.383 0x2B main_weld 1 1 1 1 229 23.8 8.4 190 23.5 0 0 0
56.426 0x2B main_weld 1 1 1 1 228 22.9 8.4 190 23.5 0 0 0
56.459 0x2B main_weld 1 1 1 1 228 22.9 8.4 190 23.5 0 0 0
56.500 0x2B main_weld 1 1 1 1 228 22.9 8.4 190 23.5 0 0 0
56.541 0x2B main_weld 1 1 1 1 228 22.9 8.4 190 23.5 0 0 0
56.580 0x2B main_weld 1 1 1 1 228 23.2 8.4 190 23.5 0 0 0
56.620 0x2B main_weld 1 1 1 1 231 23.2 8.4 190 23.5 0 0 0
56.661 0x2B main_weld 1 1 1 1 231 23.2 8.4 190 23.5 0 0 0
56.696 0x2B main_weld 1 1 1 1 231 23.2 8.4 190 23.5 0 0 0
56.741 0x2B main_weld 1 1 1 1 231 23.2 8.4 190 23.5 0 0 0
56.782 0x2B main_weld 1 1 1 1 225 22.6 8.4 190 23.5 0 0 0
56.821 0x2B main_weld 1 1 1 1 225 22.6 8.4 190 23.5 0 0 0
56.861 0x2B main_weld 1 1 1 1 225 22.6 8.4 190 23.5 0 0 0
56.901 0x2B main_weld 1 1 1 1 225 22.6 8.4 190 23.5 0 0 0
56.940 0x2B main_weld 1 1 1 1 225 22.9 8.4 190 23.5 0 0 0
56.981 0x2B main_weld 1 1 1 1 225 22.9 8.4 190 23.5 0 0 0
57.021 0x2B main_weld 1 1 1 1 225 22.9 8.4 190 23.5 0 0 0
57.059 0x2B main_weld 1 1 1 1 224 22.9 8.4 190 23.5 0 0 0
57.099 0x2B main_weld 1 1 1 1 224 22.9 8.4 190 23.5 0 0 0
57.138 0x2B main_weld 1 1 1 1 224 22.9 8.4 190 23.5 0 0 0
57.180 0x2B main_weld 1 1 1 1 224 22.9 8.4 190 23.5 0 0 0
57.220 0x2B main_weld 1 1 1 1 224 22.9 8.4 190 23.5 0 0 0
57.262 0x2B main_weld 1 1 1 1 224 22.9 8.4 190 23.5 0 0 0
57.299 0x2B main_weld 1 1 1 1 224 22.9 8.4 190 23.5 0 0 0
57.340 0x2B main_weld 1 1 1 1 224 22.9 8.4 190 23.5 0 0 0
57.380 0x2B main_weld 1 1 1 1 224 22.9 8.4 190 23.5 0 0 0
57.420 0x2B main_weld 1 1 1 1 224 22.9 8.4 190 23.5 0 0 0
57.460 0x2B main_weld 1 1 1 1 224 22.9 8.4 190 23.5 0 0 0
57.500 0x2B main_weld 1 1 1 1 224 22.6 8.4 190 23.5 0 0 0
57.543 0x2B main_weld 1 1 1 1 224 22.6 8.4 190 23.5 0 0 0
57.583 0x2B main_weld 1 1 1 1 224 23.0 8.4 190 23.5 0 0 0
57.623 0x2B main_weld 1 1 1 1 225 23.0 8.4 190 23.5 0 0 0
57.664 0x2B main_weld 1 1 1 1 225 23.0 8.4 190 23.5 0 0 0
57.701 0x2B main_weld 1 1 1 1 225 23.0 8.4 190 23.5 0 0 0
57.742 0x2B main_weld 1 1 1 1 225 23.5 8.4 190 23.5 0 0 0
57.781 0x2B main_weld 1 1 1 1 228 23.5 8.4 190 23.5 0 0 0
57.821 0x2B main_weld 1 1 1 1 228 23.5 8.4 190 23.5 0 0 0
57.862 0x2B main_weld 1 1 1 1 228 23.5 8.4 190 23.5 0 0 0
57.900 0x2B main_weld 1 1 1 1 228 23.5 8.4 190 23.5 0 0 0
57.942 0x2B main_weld 1 1 1 1 228 24.1 8.4 190 23.5 0 0 0
57.981 0x2B main_weld 1 1 1 1 229 24.1 8.4 190 23.5 0 0 0
58.016 0x2B main_weld 1 1 1 1 229 24.1 8.4 190 23.5 0 0 0
58.062 0x2B main_weld 1 1 1 1 229 24.1 8.4 190 23.5 0 0 0
58.099 0x2B main_weld 1 1 1 1 229 23.8 8.4 190 23.5 0 0 0
58.141 0x2B main_weld 1 1 1 1 226 23.8 8.4 190 23.5 0 0 0
58.182 0x2B main_weld 1 1 1 1 226 23.8 8.4 190 23.5 0 0 0
58.222 0x2B main_weld 1 1 1 1 226 23.8 8.4 190 23.5 0 0 0
58.259 0x2B main_weld 1 1 1 1 226 23.8 8.4 190 23.5 0 0 0
58.299 0x2B main_weld 1 1 1 1 226 22.8 8.4 190 23.5 0 0 0
58.341 0x2B main_weld 1 1 1 1 225 22.8 8.4 190 23.5 0 0 0
58.381 0x2B main_weld 1 1 1 1 225 22.8 8.4 190 23.5 0 0 0
58.421 0x2B main_weld 1 1 1 1 230 22.8 8.4 190 23.5 0 0 0
58.460 0x2B main_weld 1 1 1 1 230 23.0 8.4 190 23.5 0 0 0
58.500 0x2B main_weld 1 1 1 1 230 23.0 8.4 190 23.5 0 0 0
58.540 0x2B main_weld 1 1 1 1 230 23.0 8.4 190 23.5 0 0 0
58.581 0x2B main_weld 1 1 1 1 231 23.0 8.4 190 23.5 0 0 0
58.620 0x2B main_weld 1 1 1 1 231 23.0 8.4 190 23.5 0 0 0
58.661 0x2B main_weld 1 1 1 1 231 22.9 8.4 190 23.5 0 0 0
58.700 0x2B main_weld 1 1 1 1 231 22.9 8.4 190 23.5 0 0 0
58.741 0x2B main_weld 1 1 1 1 231 23.0 8.4 190 23.5 0 0 0
58.782 0x2B main_weld 1 1 1 1 231 23.0 8.4 190 23.5 0 0 0
58.820 0x2B main_weld 1 1 1 1 231 23.0 8.4 190 23.5 0 0 0
58.861 0x2B main_weld 1 1 1 1 231 23.0 8.4 190 23.5 0 0 0
58.904 0x2B main_weld 1 1 1 1 231 23.0 8.4 190 23.5 0 0 0
58.942 0x2B main_weld 1 1 1 1 225 22.8 8.4 190 23.5 0 0 0
58.981 0x2B main_weld 1 1 1 1 225 22.8 8.4 190 23.5 0 0 0
59.021 0x2B main_weld 1 1 1 1 225 22.8 8.4 190 23.5 0 0 0
59.061 0x2B main_weld 1 1 1 1 225 22.8 8.4 190 23.5 0 0 0
59.106 0x2B main_weld 1 1 1 1 225 23.0 8.4 190 23.5 0 0 0
59.142 0x2B main_weld 1 1 1 1 229 23.0 8.4 190 23.5 0 0 0
59.187 0x2B main_weld 1 1 1 1 229 23.0 8.4 190 23.5 0 0 0
59.221 0x2B main_weld 1 1 1 1 229 23.0 8.4 190 23.5 0 0 0
59.264 0x2B main_weld 1 1 1 1 229 23.0 8.4 190 23.5 0 0 0
59.302 0x2B main_weld 1 1 1 1 228 23.1 8.4 190 23.5 0 0 0
59.342 0x2B main_weld 1 1 1 1 228 23.1 8.4 190 23.5 0 0 0
59.380 0x2B main_weld 1 1 1 1 228 23.1 8.4 190 23.5 0 0 0
59.423 0x2B main_weld 1 1 1 1 228 23.1 8.4 190 23.5 0 0 0
59.461 0x2B main_weld 1 1 1 1 228 23.7 8.4 190 23.5 0 0 0
59.507 0x2B main_weld 1 1 1 1 232 23.7 8.4 190 23.5 0 0 0
59.540 0x2B main_weld 1 1 1 1 232 23.7 8.4 190 23.5 0 0 0
59.579 0x2B main_weld 1 1 1 1 232 23.7 8.4 190 23.5 0 0 0
59.620 0x2B main_weld 1 1 1 1 232 23.7 8.4 190 23.5 0 0 0
59.662 0x2B main_weld 1 1 1 1 231 24.1 8.4 190 23.5 0 0 0
59.700 0x2B main_weld 1 1 1 1 231 24.1 8.4 190 23.5 0 0 0
59.741 0x2B main_weld 1 1 1 1 231 24.1 8.4 190 23.5 0 0 0
59.784 0x2B main_weld 1 1 1 1 231 24.1 8.4 190 23.5 0 0 0
59.820 0x2B main_weld 1 1 1 1 231 23.8 8.4 190 23.5 0 0 0
59.860 0x2B main_weld 1 1 1 1 228 23.8 8.4 190 23.5 0 0 0
59.898 0x2B main_weld 1 1 1 1 228 23.8 8.4 190 23.5 0 0 0
59.938 0x2B main_weld 1 1 1 1 220 23.8 8.4 190 23.5 0 0 0
59.984 0x2B main_weld 1 1 1 1 220 23.8 8.4 190 23.5 0 0 0
60.021 0x2B main_weld 1 1 1 1 220 23.8 8.4 190 23.5 0 0 0
60.059 0x2B main_weld 1 1 1 1 220 23.8 8.4 190 23.5 0 0 0
60.102 0x2B main_weld 1 1 1 1 220 23.7 8.4 190 23.5 0 0 0
60.141 0x2B main_weld 1 1 1 1 226 23.7 8.4 190 23.5 0 0 0
60.182 0x2B main_weld 1 1 1 1 226 22.8 8.4 190 23.5 0 0 0
60.220 0x2B main_weld 1 1 1 1 226 22.8 8.4 190 23.5 0 0 0
60.258 0x2B main_weld 1 1 1 1 226 22.9 8.4 190 23.5 0 0 0
60.302 0x2B main_weld 1 1 1 1 224 22.9 8.4 190 23.5 0 0 0
60.342 0x2B main_weld 1 1 1 1 224 22.9 8.4 190 23.5 0 0 0
60.381 0x2B main_weld 1 1 1 1 224 22.9 8.4 190 23.5 0 0 0
60.421 0x2B main_weld 1 1 1 1 224 22.9 8.4 190 23.5 0 0 0
60.462 0x2B main_weld 1 1 1 1 224 22.9 8.4 190 23.5 0 0 0
60.501 0x2B main_weld 1 1 1 1 228 22.9 8.4 190 23.5 0 0 0
60.540 0x2B main_weld 1 1 1 1 228 22.9 8.4 190 23.5 0 0 0
60.581 0x2B main_weld 1 1 1 1 228 22.9 8.4 190 23.5 0 0 0
60.622 0x2B main_weld 1 1 1 1 228 22.6 8.4 190 23.5 0 0 0
60.661 0x2B main_weld 1 1 1 1 222 22.6 8.4 190 23.5 0 0 0
60.705 0x2B main_weld 1 1 1 1 222 22.6 8.4 190 23.5 0 0 0
60.747 0x2B main_weld 1 1 1 1 222 22.6 8.4 190 23.5 0 0 0
60.782 0x28 idle 0 1 0 1 222 22.6 8.4 190 23.5 0 0 0
60.819 0x28 idle 0 1 0 1 222 22.9 8.4 190 23.5 0 0 0
60.862 0x28 idle 0 1 0 1 226 22.9 8.4 190 23.5 0 0 0
60.903 0x28 idle 0 1 0 1 226 22.9 8.4 190 23.5 0 0 0
60.942 0x28 idle 0 1 0 1 156 22.9 8.4 190 23.5 0 0 0
60.981 0x28 idle 0 1 0 1 156 22.8 8.4 190 23.5 0 0 0
61.021 0x28 idle 0 1 0 1 156 22.8 8.4 190 23.5 0 0 0
61.062 0x28 idle 0 1 0 1 156 22.8 8.4 190 23.5 0 0 0
61.102 0x28 idle 0 1 0 1 14 28.4 8.4 190 23.5 0 0 0
61.137 0x28 idle 0 1 0 1 14 28.4 8.4 190 23.5 0 0 0
61.179 0x28 idle 0 1 0 1 14 28.4 8.4 190 23.5 0 0 0
61.221 0x28 idle 0 1 0 1 14 28.4 8.4 190 23.5 0 0 0
61.261 0x28 idle 0 1 0 1 14 22.2 8.4 190 23.5 0 0 0
61.301 0x28 idle 0 1 0 1 6 22.2 8.4 190 23.5 0 0 0
61.341 0x28 idle 0 1 0 1 6 22.2 8.4 190 23.5 0 0 0
61.383 0x28 idle 0 1 0 1 6 22.2 8.4 190 23.5 0 0 0
61.424 0x28 idle 0 1 0 1 6 22.2 8.4 190 23.5 0 0 0
61.466 0x28 idle 0 1 0 1 0 3.0 8.4 190 23.5 0 0 0
61.500 0x28 idle 0 1 0 1 0 3.0 8.4 190 23.5 0 0 0
61.540 0x28 idle 0 1 0 1 0 3.0 8.4 190 23.5 0 0 0
61.579 0x28 idle 0 1 0 1 0 3.0 8.4 190 23.5 0 0 0
61.622 0x28 idle 0 1 0 1 0 3.0 8.4 190 23.5 0 0 0
61.662 0x28 idle 0 1 0 1 0 3.0 8.4 190 23.5 0 0 0
61.702 0x08 idle 0 1 0 0 0 0.0 8.4 190 23.5 0 0 0
61.744 0x08 idle 0 1 0 0 0 0.0 8.4 190 23.5 0 0 0
61.782 0x08 idle 0 1 0 0 0 0.0 0.0 190 23.5 0 0 0
61.819 0x08 idle 0 1 0 0 0 0.0 0.0 190 23.5 0 0 0
61.861 0x08 idle 0 1 0 0 0 0.0 0.0 190 23.5 0 0 0
61.900 0x08 idle 0 1 0 0 0 0.0 0.0 190 23.5 0 0 0
61.940 0x08 idle 0 1 0 0 0 0.0 0.0 190 23.5 0 0 0
61.981 0x08 idle 0 1 0 0 0 0.0 0.0 190 23.5 0 0 0
62.021 0x08 idle 0 1 0 0 0 0.0 0.0 190 23.5 0 0 0
62.060 0x08 idle 0 1 0 0 0 0.0 0.0 190 23.5 0 0 0
62.100 0x08 idle 0 1 0 0 0 0.0 0.0 190 23.5 0 0 0
62.141 0x08 idle 0 1 0 0 0 0.0 0.0 190 23.5 0 0 0
62.181 0x08 idle 0 1 0 0 0 0.0 0.0 190 23.5 0 0 0
62.219 0x08 idle 0 1 0 0 0 0.0 0.0 190 23.5 0 0 0
62.262 0x08 idle 0 1 0 0 0 0.0 0.0 190 23.5 0 0 0
62.303 0x08 idle 0 1 0 0 0 0.0 0.0 190 23.5 0 0 0
62.341 0x08 idle 0 1 0 0 0 0.0 0.0 190 23.5 0 0 0
62.379 0x08 idle 0 1 0 0 0 0.0 0.0 190 23.5 0 0 0
62.420 0x08 idle 0 1 0 0 0 0.0 0.0 190 23.5 0 0 0
62.460 0x08 idle 0 1 0 0 0 0.0 0.0 190 23.5 0 0 0
62.503 0x08 idle 0 1 0 0 0 0.0 0.0 190 23.5 0 0 0
62.543 0x08 idle 0 1 0 0 0 0.0 0.0 190 23.5 0 0 0
62.584 0x08 idle 0 1 0 0 0 0.0 0.0 190 23.5 0 0 0
62.621 0x08 idle 0 1 0 0 0 0.0 0.0 190 23.5 0 0 0
62.663 0x08 idle 0 1 0 0 0 0.0 0.0 190 23.5 0 0 0
62.702 0x08 idle 0 1 0 0 0 0.0 0.0 190 23.5 0 0 0
62.741 0x08 idle 0 1 0 0 0 0.0 0.0 190 23.5 0 0 0
62.784 0x08 idle 0 1 0 0 0 0.0 0.0 190 23.5 0 0 0
62.823 0x08 idle 0 1 0 0 0 0.0 0.0 190 23.5 0 0 0
62.864 0x08 idle 0 1 0 0 0 0.0 0.0 190 23.5 0 0 0
62.901 0x08 idle 0 1 0 0 0 0.0 0.0 190 23.5 0 0 0
62.939 0x08 idle 0 1 0 0 0 0.0 0.0 190 23.5 0 0 0
62.982 0x08 idle 0 1 0 0 0 0.0 0.0 190 23.5 0 0 0
63.021 0x08 idle 0 1 0 0 0 0.0 0.0 190 23.5 0 0 0
63.061 0x08 idle 0 1 0 0 0 0.0 0.0 190 23.5 0 0 0
63.101 0x08 idle 0 1 0 0 0 0.0 0.0 190 23.5 0 0 0
63.139 0x08 idle 0 1 0 0 0 0.0 0.0 190 23.5 0 0 0
63.181 0x08 idle 0 1 0 0 0 0.0 0.0 190 23.5 0 0 0
63.219 0x08 idle 0 1 0 0 0 0.0 0.0 190 23.5 0 0 0
63.261 0x08 idle 0 1 0 0 0 0.0 0.0 190 23.5 0 0 0
63.302 0x08 idle 0 1 0 0 0 0.0 0.0 190 23.5 0 0 0
63.341 0x08 idle 0 1 0 0 0 0.0 0.0 190 23.5 0 0 0
63.381 0x08 idle 0 1 0 0 0 0.0 0.0 190 23.5 0 0 0
63.420 0x08 idle 0 1 0 0 0 0.0 0.0 190 23.5 0 0 0
63.462 0x08 idle 0 1 0 0 0 0.0 0.0 190 23.5 0 0 0
63.501 0x08 idle 0 1 0 0 0 0.0 0.0 190 23.5 0 0 0
63.544 0x08 idle 0 1 0 0 0 0.0 0.0 190 23.5 0 0 0
63.584 0x08 idle 0 1 0 0 0 0.0 0.0 190 23.5 0 0 0
63.621 0x08 idle 0 1 0 0 0 0.0 0.0 190 23.5 0 0 0
63.661 0x08 idle 0 1 0 0 0 0.0 0.0 190 23.5 0 0 0
63.702 0x08 idle 0 1 0 0 0 0.0 0.0 190 23.5 0 0 0
63.741 0x08 idle 0 1 0 0 0 0.0 0.0 190 23.5 0 0 0
63.780 0x08 idle 0 1 0 0 0 0.0 0.0 190 23.5 0 0 0
63.820 0x08 idle 0 1 0 0 0 0.0 0.0 190 23.5 0 0 0
63.860 0x08 idle 0 1 0 0 0 0.0 0.0 190 23.5 0 0 0
63.901 0x08 idle 0 1 0 0 0 0.0 0.0 190 23.5 0 0 0
63.942 0x08 idle 0 1 0 0 0 0.0 0.0 190 23.5 0 0 0
63.980 0x08 idle 0 1 0 0 0 0.0 0.0 190 23.5 0 0 0
64.020 0x08 idle 0 1 0 0 0 0.0 0.0 190 23.5 0 0 0
64.057 0x08 idle 0 1 0 0 0 0.0 0.0 190 23.5 0 0 0
64.101 0x00 idle 0 0 0 0 0 0.0 0.0 190 23.5 0 0 0

[tcp_trajectory]
elapsed_s x_m y_m z_m qx qy qz qw speed_m_s tf_stamp_s along_mm remaining_mm cross_track_mm progress waypoint phase
0.0011 0.1160595 -1.7145081 0.6828399 0.47970781 -0.51376414 0.70417540 0.10031864 0.000000 1789539344.489124060 -0.096 65.373 0.414 0.00000 -1 ACTUAL_TF
0.0501 0.1161285 -1.7145819 0.6827465 0.47971741 -0.51375355 0.70417804 0.10030846 0.002459 1789539344.545048714 -0.094 65.371 0.277 0.00000 -1 ACTUAL_TF
0.1090 0.1161761 -1.7146265 0.6826682 0.47972578 -0.51375382 0.70417385 0.10029643 0.002265 1789539344.601222754 -0.088 65.365 0.175 0.00000 -1 ACTUAL_TF
0.1652 0.1162077 -1.7146507 0.6826349 0.47972982 -0.51374959 0.70417523 0.10028910 0.001864 1789539344.657121420 -0.081 65.358 0.124 0.00000 -1 ACTUAL_TF
0.2217 0.1162335 -1.7146678 0.6826151 0.47973406 -0.51374489 0.70417644 0.10028440 0.001502 1789539344.713060141 -0.073 65.350 0.091 0.00000 -1 ACTUAL_TF
0.2790 0.1162425 -1.7146743 0.6825997 0.47973599 -0.51374521 0.70417514 0.10028264 0.001153 1789539344.769083738 -0.071 65.348 0.072 0.00000 -1 ACTUAL_TF
0.3337 0.1162584 -1.7146779 0.6825943 0.47973816 -0.51374172 0.70417680 0.10027846 0.000899 1789539344.825242281 -0.061 65.338 0.061 0.00000 -1 ACTUAL_TF
0.3876 0.1162624 -1.7146811 0.6825907 0.47973771 -0.51374234 0.70417678 0.10027765 0.000663 1789539344.881271362 -0.060 65.337 0.055 0.00000 -1 ACTUAL_TF
0.4439 0.1162720 -1.7146823 0.6825872 0.47974015 -0.51374023 0.70417695 0.10027557 0.000519 1789539344.937109947 -0.054 65.331 0.050 0.00000 -1 ACTUAL_TF
0.4993 0.1162767 -1.7146806 0.6825821 0.47974105 -0.51374127 0.70417599 0.10027267 0.000402 1789539344.993088722 -0.049 65.326 0.044 0.00000 -1 ACTUAL_TF
0.5543 0.1162764 -1.7146802 0.6825803 0.47974199 -0.51374227 0.70417465 0.10027247 0.000291 1789539345.049121857 -0.049 65.326 0.043 0.00000 -1 ACTUAL_TF
0.6122 0.1162804 -1.7146755 0.6825757 0.47974336 -0.51374263 0.70417374 0.10027043 0.000245 1789539345.105227470 -0.043 65.320 0.038 0.00000 -1 ACTUAL_TF
0.6693 0.1162856 -1.7146781 0.6825771 0.47974389 -0.51374043 0.70417506 0.10026987 0.000203 1789539345.161057711 -0.041 65.318 0.038 0.00000 -1 ACTUAL_TF
0.7242 0.1162908 -1.7146765 0.6825771 0.47974499 -0.51373941 0.70417528 0.10026837 0.000171 1789539345.217162609 -0.036 65.313 0.038 0.00000 -1 ACTUAL_TF
0.7814 0.1162905 -1.7146761 0.6825754 0.47974590 -0.51374037 0.70417398 0.10026817 0.000130 1789539345.273182631 -0.036 65.313 0.036 0.00000 -1 ACTUAL_TF
0.8323 0.1162949 -1.7146710 0.6825707 0.47974632 -0.51374168 0.70417322 0.10026480 0.000135 1789539345.329169750 -0.030 65.307 0.032 0.00000 -1 ACTUAL_TF
0.8919 0.1162980 -1.7146708 0.6825706 0.47974629 -0.51374173 0.70417319 0.10026492 0.000111 1789539345.385151625 -0.027 65.304 0.031 0.00000 -1 ACTUAL_TF
1.0070 0.1163020 -1.7146714 0.6825651 0.47975056 -0.51374348 0.70416920 0.10026352 0.000096 1789539345.497049570 -0.025 65.302 0.025 0.00000 -1 ACTUAL_TF
1.0555 0.1163017 -1.7146710 0.6825633 0.47975151 -0.51374448 0.70416786 0.10026332 0.000077 1789539345.553109407 -0.024 65.301 0.024 0.00000 -1 ACTUAL_TF
1.1097 0.1163062 -1.7146696 0.6825633 0.47975247 -0.51374358 0.70416804 0.10026200 0.000079 1789539345.609158039 -0.020 65.297 0.024 0.00000 -1 ACTUAL_TF
1.1681 0.1163057 -1.7146664 0.6825586 0.47975287 -0.51374485 0.70416695 0.10026128 0.000086 1789539345.665071011 -0.018 65.295 0.019 0.00000 -1 ACTUAL_TF
1.2297 0.1163103 -1.7146680 0.6825566 0.47975527 -0.51374460 0.70416563 0.10026032 0.000089 1789539345.721097708 -0.016 65.293 0.017 0.00000 -1 ACTUAL_TF
1.3952 0.1163108 -1.7146677 0.6825567 0.47975428 -0.51374552 0.70416582 0.10025896 0.000063 1789539345.889013767 -0.016 65.293 0.017 0.00000 -1 ACTUAL_TF
1.5057 0.1163139 -1.7146674 0.6825567 0.47975431 -0.51374552 0.70416581 0.10025898 0.000053 1789539346.001169443 -0.013 65.290 0.017 0.00000 -1 ACTUAL_TF
1.5602 0.1163183 -1.7146681 0.6825550 0.47975254 -0.51374906 0.70416427 0.10026010 0.000062 1789539346.057059050 -0.010 65.287 0.017 0.00000 -1 ACTUAL_TF
1.6152 0.1163286 -1.7146671 0.6825444 0.47975439 -0.51375861 0.70415578 0.10026186 0.000123 1789539346.113076210 -0.002 65.279 0.014 0.00000 -1 ACTUAL_TF
1.6738 0.1163494 -1.7146577 0.6825256 0.47975953 -0.51377416 0.70414148 0.10025809 0.000245 1789539346.169061422 0.020 65.257 0.024 0.00000 -1 ACTUAL_TF
1.7280 0.1163980 -1.7146293 0.6824864 0.47977788 -0.51379919 0.70411269 0.10024418 0.000538 1789539346.225061655 0.075 65.202 0.062 0.00000 -1 ACTUAL_TF
1.7881 0.1164444 -1.7146065 0.6824578 0.47978676 -0.51382211 0.70409133 0.10023429 0.000694 1789539346.281079769 0.125 65.153 0.094 0.00000 -1 ACTUAL_TF
1.8454 0.1164906 -1.7145874 0.6824387 0.47979578 -0.51384519 0.70407018 0.10022129 0.000772 1789539346.337095499 0.172 65.105 0.119 0.00000 -1 ACTUAL_TF
1.9003 0.1165799 -1.7145773 0.6824587 0.47978270 -0.51388856 0.70405433 0.10017293 0.001033 1789539346.393151999 0.245 65.032 0.139 0.00000 -1 ACTUAL_TF
1.9579 0.1166556 -1.7146327 0.6825469 0.47979004 -0.51388044 0.70405382 0.10018298 0.001408 1789539346.449546814 0.266 65.011 0.204 0.00000 -1 ACTUAL_TF
2.0145 0.1167567 -1.7146971 0.6826560 0.47979603 -0.51387265 0.70405487 0.10018686 0.001860 1789539346.505188704 0.299 64.978 0.339 0.00000 -1 ACTUAL_TF
2.0611 0.1168360 -1.7147545 0.6827512 0.47979899 -0.51386877 0.70405474 0.10019357 0.002035 1789539346.561090946 0.321 64.956 0.465 0.00000 -1 ACTUAL_TF
2.1267 0.1169495 -1.7148141 0.6828696 0.47979797 -0.51386182 0.70406071 0.10019207 0.002358 1789539346.617145300 0.367 64.910 0.627 0.00000 -1 ACTUAL_TF
2.1814 0.1170356 -1.7148616 0.6829674 0.47979796 -0.51385858 0.70406320 0.10019124 0.002395 1789539346.673056841 0.400 64.877 0.758 0.00000 -1 ACTUAL_TF
2.2361 0.1171493 -1.7149352 0.6831029 0.47979623 -0.51384750 0.70407192 0.10019509 0.002702 1789539346.729115248 0.437 64.840 0.943 0.00000 -1 ACTUAL_TF
2.2943 0.1172469 -1.7149878 0.6832084 0.47979725 -0.51384543 0.70407251 0.10019670 0.002709 1789539346.785272837 0.476 64.802 1.090 0.00000 -1 ACTUAL_TF
2.3504 0.1173240 -1.7150312 0.6833037 0.47979491 -0.51383642 0.70407998 0.10020157 0.002594 1789539346.841125250 0.505 64.772 1.214 0.00000 -1 ACTUAL_TF
2.4070 0.1174101 -1.7150698 0.6833977 0.47979193 -0.51382964 0.70408651 0.10020468 0.002531 1789539346.897063017 0.544 64.733 1.340 0.00000 -1 ACTUAL_TF
2.4630 0.1174717 -1.7150868 0.6834551 0.47979053 -0.51382916 0.70408762 0.10020610 0.002231 1789539346.953145981 0.579 64.698 1.418 0.00000 -1 ACTUAL_TF
2.5094 0.1175432 -1.7151017 0.6835159 0.47978989 -0.51382801 0.70408882 0.10020664 0.002069 1789539347.009388447 0.623 64.654 1.502 0.00000 -1 ACTUAL_TF
2.5689 0.1176018 -1.7150984 0.6835514 0.47979182 -0.51382699 0.70408872 0.10020329 0.001817 1789539347.065125704 0.669 64.608 1.552 0.00000 -1 ACTUAL_TF
2.6238 0.1176548 -1.7150887 0.6835825 0.47979247 -0.51382858 0.70408693 0.10020466 0.001605 1789539347.121102571 0.716 64.562 1.594 0.00000 -1 ACTUAL_TF
2.6805 0.1177071 -1.7150843 0.6836171 0.47978965 -0.51382984 0.70408756 0.10020727 0.001460 1789539347.177180767 0.758 64.519 1.640 0.00000 -1 ACTUAL_TF
2.7394 0.1177564 -1.7150670 0.6836338 0.47979277 -0.51383050 0.70408549 0.10020351 0.001317 1789539347.233106136 0.806 64.471 1.666 0.00000 -1 ACTUAL_TF
2.7981 0.1178024 -1.7150383 0.6836380 0.47979480 -0.51383893 0.70407833 0.10020085 0.001213 1789539347.289157867 0.860 64.417 1.675 0.00000 -1 ACTUAL_TF
2.8470 0.1178309 -1.7149861 0.6836187 0.47979955 -0.51385648 0.70406339 0.10019306 0.001184 1789539347.345120192 0.916 64.362 1.647 0.00000 -1 ACTUAL_TF
2.9051 0.1178688 -1.7149354 0.6836047 0.47980065 -0.51387189 0.70405221 0.10018732 0.001176 1789539347.401116133 0.977 64.300 1.628 0.00000 -1 ACTUAL_TF
2.9641 0.1179099 -1.7148788 0.6835980 0.47980137 -0.51388012 0.70404729 0.10017625 0.001197 1789539347.457466364 1.046 64.231 1.612 0.00000 -1 ACTUAL_TF
3.0234 0.1179531 -1.7148243 0.6836503 0.47976502 -0.51386116 0.70408613 0.10017463 0.001308 1789539347.513113260 1.114 64.163 1.637 0.00000 -1 ACTUAL_TF
3.0717 0.1179978 -1.7147822 0.6836852 0.47974483 -0.51384470 0.70411252 0.10017021 0.001294 1789539347.569049358 1.176 64.101 1.660 0.00000 -1 ACTUAL_TF
3.1265 0.1180366 -1.7147150 0.6837227 0.47971914 -0.51382439 0.70414506 0.10016876 0.001367 1789539347.625117302 1.250 64.027 1.668 0.00000 -1 ACTUAL_TF
3.1851 0.1180624 -1.7146074 0.6837006 0.47968968 -0.51380878 0.70417719 0.10016401 0.001561 1789539347.681103468 1.340 63.937 1.607 0.00000 -1 ACTUAL_TF
3.2418 0.1180567 -1.7144867 0.6836216 0.47971517 -0.51377001 0.70418159 0.10020990 0.001866 1789539347.737144232 1.416 63.861 1.485 0.00000 -1 ACTUAL_TF
3.3012 0.1180767 -1.7143326 0.6835287 0.47969860 -0.51376959 0.70419547 0.10019386 0.002259 1789539347.794156551 1.533 63.744 1.347 0.00000 -1 ACTUAL_TF
3.3566 0.1180798 -1.7141898 0.6834228 0.47969005 -0.51377493 0.70419890 0.10018319 0.002551 1789539347.849182367 1.629 63.648 1.198 0.00000 -1 ACTUAL_TF
3.4152 0.1180712 -1.7140519 0.6833164 0.47970310 -0.51375069 0.70420390 0.10020993 0.002720 1789539347.905148506 1.714 63.563 1.045 0.00000 -1 ACTUAL_TF
3.4617 0.1180692 -1.7139261 0.6832114 0.47970427 -0.51375547 0.70420061 0.10020294 0.002783 1789539347.961062908 1.795 63.482 0.903 0.00000 -1 ACTUAL_TF
3.5220 0.1180641 -1.7137932 0.6831076 0.47970447 -0.51374933 0.70420475 0.10020443 0.002852 1789539348.017104864 1.879 63.398 0.757 0.00000 -1 ACTUAL_TF
3.5815 0.1180484 -1.7136338 0.6829633 0.47971189 -0.51375538 0.70419542 0.10020341 0.003147 1789539348.073308229 1.972 63.305 0.563 0.00000 -1 ACTUAL_TF
3.6372 0.1180307 -1.7135193 0.6828696 0.47971371 -0.51374672 0.70419951 0.10021038 0.003004 1789539348.129113913 2.035 63.242 0.427 0.00000 -1 ACTUAL_TF
3.6931 0.1180051 -1.7133627 0.6827208 0.47971869 -0.51374556 0.70419646 0.10021387 0.003268 1789539348.185104370 2.119 63.158 0.227 0.00000 -1 ACTUAL_TF
3.7507 0.1179792 -1.7132251 0.6825868 0.47972623 -0.51374697 0.70418991 0.10021662 0.003325 1789539348.241137505 2.190 63.087 0.047 0.00000 -1 ACTUAL_TF
3.8076 0.1179585 -1.7130569 0.6824400 0.47972392 -0.51374098 0.70419695 0.10020888 0.003529 1789539348.297125816 2.285 62.992 0.156 0.00000 -1 ACTUAL_TF
3.8555 0.1179404 -1.7129188 0.6823110 0.47973490 -0.51373367 0.70419503 0.10020725 0.003482 1789539348.353425264 2.363 62.914 0.330 0.00000 -1 ACTUAL_TF
3.9110 0.1179201 -1.7127443 0.6821492 0.47974213 -0.51372019 0.70420048 0.10020349 0.003724 1789539348.409101248 2.463 62.814 0.547 0.00000 -1 ACTUAL_TF
3.9690 0.1178778 -1.7125714 0.6819803 0.47974935 -0.51372531 0.70419293 0.10019568 0.003922 1789539348.465090275 2.545 62.732 0.778 0.00000 -1 ACTUAL_TF
4.0275 0.1178283 -1.7124194 0.6818218 0.47975365 -0.51372850 0.70418779 0.10019491 0.003949 1789539348.521184444 2.608 62.669 0.994 0.00000 -1 ACTUAL_TF
4.0907 0.1177790 -1.7122540 0.6816541 0.47975863 -0.51373418 0.70418051 0.10019312 0.004041 1789539348.577746153 2.680 62.597 1.223 0.00000 -1 ACTUAL_TF
4.1394 0.1177365 -1.7121543 0.6815600 0.47975694 -0.51372923 0.70418387 0.10020296 0.003606 1789539348.633082867 2.714 62.563 1.362 0.00000 -1 ACTUAL_TF
4.1967 0.1177047 -1.7120313 0.6814440 0.47975825 -0.51373534 0.70417889 0.10020038 0.003446 1789539348.689101934 2.771 62.506 1.525 0.00000 -1 ACTUAL_TF
4.2548 0.1176766 -1.7119415 0.6813565 0.47976379 -0.51373377 0.70417498 0.10020938 0.003101 1789539348.745085239 2.809 62.468 1.647 0.00000 -1 ACTUAL_TF
4.3117 0.1176536 -1.7118448 0.6812845 0.47976417 -0.51373511 0.70417330 0.10021250 0.002828 1789539348.801122427 2.856 62.421 1.760 0.00000 -1 ACTUAL_TF
4.3637 0.1176393 -1.7117963 0.6812543 0.47975701 -0.51373693 0.70417606 0.10021800 0.002294 1789539348.857205391 2.877 62.400 1.814 0.00000 -1 ACTUAL_TF
4.4199 0.1176155 -1.7117498 0.6812290 0.47974562 -0.51374447 0.70417630 0.10023226 0.001916 1789539348.913422346 2.890 62.387 1.867 0.00000 -1 ACTUAL_TF
4.4802 0.1175974 -1.7117043 0.6812049 0.47973473 -0.51375727 0.70417253 0.10024519 0.001635 1789539348.969134331 2.907 62.370 1.917 0.00000 -1 ACTUAL_TF
4.5267 0.1176068 -1.7116719 0.6811989 0.47973219 -0.51375984 0.70417127 0.10025305 0.001328 1789539349.025177479 2.935 62.342 1.934 0.00000 -1 ACTUAL_TF
4.5885 0.1176379 -1.7116264 0.6811917 0.47973274 -0.51376470 0.70416706 0.10025507 0.001228 1789539349.081149101 2.989 62.288 1.949 0.00000 -1 ACTUAL_TF
4.6480 0.1176824 -1.7115836 0.6811822 0.47973517 -0.51377012 0.70416177 0.10025284 0.001194 1789539349.137027264 3.050 62.227 1.957 0.00000 -1 ACTUAL_TF
4.6962 0.1177475 -1.7115347 0.6811689 0.47974446 -0.51377659 0.70415135 0.10024842 0.001277 1789539349.193149805 3.131 62.146 1.962 0.00000 -1 ACTUAL_TF
4.7546 0.1178043 -1.7114955 0.6811552 0.47974902 -0.51378786 0.70414051 0.10024499 0.001271 1789539349.249180317 3.200 62.077 1.966 0.00000 -1 ACTUAL_TF
4.8133 0.1178789 -1.7114366 0.6811376 0.47975622 -0.51380151 0.70412723 0.10023377 0.001408 1789539349.305101395 3.295 61.982 1.975 0.00000 -1 ACTUAL_TF
4.8694 0.1179532 -1.7113946 0.6811240 0.47976085 -0.51381280 0.70411668 0.10022792 0.001449 1789539349.361101151 3.378 61.899 1.973 0.00000 -1 ACTUAL_TF
4.9268 0.1180381 -1.7113462 0.6811123 0.47976698 -0.51382437 0.70410518 0.10022002 0.001541 1789539349.417154312 3.474 61.803 1.968 0.00000 -1 ACTUAL_TF
4.9848 0.1181248 -1.7113240 0.6811352 0.47976816 -0.51383448 0.70409646 0.10022378 0.001574 1789539349.473072052 3.553 61.724 1.924 0.00000 -1 ACTUAL_TF
5.0317 0.1182251 -1.7113623 0.6812385 0.47976955 -0.51381634 0.70410744 0.10023302 0.001900 1789539349.529094458 3.603 61.674 1.784 0.00000 -1 ACTUAL_TF
5.0873 0.1183404 -1.7114260 0.6813627 0.47978181 -0.51380668 0.70410371 0.10025006 0.002300 1789539349.585023880 3.648 61.629 1.609 0.00000 -1 ACTUAL_TF
5.1449 0.1184282 -1.7114830 0.6814791 0.47978386 -0.51379435 0.70410876 0.10026797 0.002448 1789539349.641101360 3.677 61.601 1.455 0.00000 -1 ACTUAL_TF
5.1998 0.1185464 -1.7115715 0.6816384 0.47979126 -0.51377568 0.70411396 0.10029175 0.002877 1789539349.697101355 3.707 61.570 1.240 0.00000 -1 ACTUAL_TF
5.2557 0.1186391 -1.7116224 0.6817431 0.47979650 -0.51376950 0.70411273 0.10030694 0.002812 1789539349.753039122 3.743 61.534 1.095 0.00000 -1 ACTUAL_TF
5.3144 0.1187657 -1.7117223 0.6819185 0.47980025 -0.51374746 0.70412323 0.10032819 0.003245 1789539349.809072256 3.772 61.505 0.859 0.00000 -1 ACTUAL_TF
5.3728 0.1188868 -1.7117938 0.6820679 0.47980426 -0.51373290 0.70412855 0.10034619 0.003371 1789539349.865007401 3.816 61.461 0.658 0.00000 -1 ACTUAL_TF
5.4298 0.1190036 -1.7118471 0.6821907 0.47981005 -0.51371746 0.70413486 0.10035330 0.003311 1789539349.921042681 3.869 61.408 0.489 0.00000 -1 ACTUAL_TF
5.4873 0.1191312 -1.7119069 0.6823182 0.47981230 -0.51370757 0.70413940 0.10036135 0.003335 1789539349.977062702 3.925 61.352 0.308 0.00000 -1 ACTUAL_TF
5.5347 0.1192534 -1.7119192 0.6824133 0.47977022 -0.51374825 0.70414680 0.10030230 0.003169 1789539350.032952785 4.009 61.268 0.178 0.00000 -1 ACTUAL_TF
5.5923 0.1193673 -1.7119504 0.6825055 0.47978014 -0.51374449 0.70414161 0.10031058 0.003001 1789539350.090328217 4.074 61.203 0.055 0.00000 -1 ACTUAL_TF
5.6484 0.1194582 -1.7119739 0.6825879 0.47978391 -0.51374006 0.70414151 0.10031592 0.002774 1789539350.146006346 4.127 61.150 0.080 0.00000 -1 ACTUAL_TF
5.7045 0.1195888 -1.7120015 0.6826926 0.47978810 -0.51373238 0.70414426 0.10031590 0.002865 1789539350.201130629 4.207 61.070 0.225 0.00000 -1 ACTUAL_TF
5.7599 0.1196989 -1.7120152 0.6827755 0.47979329 -0.51372645 0.70414551 0.10031269 0.002748 1789539350.257094622 4.280 60.997 0.342 0.00000 -1 ACTUAL_TF
5.8178 0.1198355 -1.7120387 0.6828805 0.47979701 -0.51371906 0.70414844 0.10031218 0.002853 1789539350.313217402 4.367 60.910 0.492 0.00000 -1 ACTUAL_TF
5.8732 0.1199666 -1.7120467 0.6829683 0.47979897 -0.51372546 0.70414266 0.10031059 0.002844 1789539350.369169712 4.461 60.816 0.619 0.00000 -1 ACTUAL_TF
5.9297 0.1200881 -1.7120687 0.6830676 0.47979630 -0.51372379 0.70414664 0.10030401 0.002842 1789539350.425041676 4.537 60.740 0.757 0.00000 -1 ACTUAL_TF
5.9857 0.1202271 -1.7120927 0.6831870 0.47978358 -0.51373190 0.70415036 0.10029716 0.002980 1789539350.480984211 4.626 60.651 0.919 0.00000 -1 ACTUAL_TF
6.0402 0.1203631 -1.7120956 0.6832769 0.47978513 -0.51373293 0.70414937 0.10029142 0.002958 1789539350.537077904 4.726 60.551 1.048 0.00000 -1 ACTUAL_TF
6.0966 0.1205084 -1.7121412 0.6834237 0.47978160 -0.51372242 0.70415789 0.10030235 0.003201 1789539350.593204975 4.805 60.472 1.243 0.00000 -1 ACTUAL_TF
6.1519 0.1206424 -1.7121393 0.6835070 0.47978936 -0.51372110 0.70415435 0.10029678 0.003087 1789539350.649168968 4.907 60.370 1.363 0.00000 -1 ACTUAL_TF
6.2128 0.1207760 -1.7121507 0.6836032 0.47978770 -0.51372170 0.70415456 0.10030022 0.003046 1789539350.705103397 5.000 60.277 1.500 0.00000 -1 ACTUAL_TF
6.2613 0.1208952 -1.7121394 0.6836714 0.47978977 -0.51372112 0.70415407 0.10029670 0.002870 1789539350.761162996 5.097 60.180 1.598 0.00000 -1 ACTUAL_TF
6.3189 0.1210087 -1.7121347 0.6837495 0.47978778 -0.51372079 0.70415550 0.10029793 0.002747 1789539350.817129850 5.186 60.091 1.703 0.00000 -1 ACTUAL_TF
6.3770 0.1211125 -1.7121154 0.6837989 0.47978781 -0.51372137 0.70415550 0.10029481 0.002548 1789539350.873112679 5.276 60.001 1.776 0.00000 -1 ACTUAL_TF
6.4326 0.1211715 -1.7120659 0.6837924 0.47979125 -0.51373705 0.70414276 0.10028743 0.002197 1789539350.929245472 5.353 59.924 1.773 0.00000 -1 ACTUAL_TF
6.4868 0.1212265 -1.7120177 0.6837826 0.47979556 -0.51375190 0.70412985 0.10028143 0.001934 1789539350.985075235 5.426 59.851 1.767 0.00000 -1 ACTUAL_TF
6.5531 0.1212709 -1.7119726 0.6837678 0.47980218 -0.51376273 0.70411880 0.10027181 0.001702 1789539351.041072130 5.489 59.788 1.753 0.00000 -1 ACTUAL_TF
6.5972 0.1213078 -1.7119223 0.6837500 0.47980770 -0.51377796 0.70410511 0.10026350 0.001538 1789539351.097155571 5.550 59.727 1.731 0.00000 -1 ACTUAL_TF
6.6569 0.1213373 -1.7118926 0.6837448 0.47980914 -0.51378305 0.70410121 0.10025795 0.001303 1789539351.153154135 5.592 59.685 1.725 0.00000 -1 ACTUAL_TF
6.7116 0.1213580 -1.7118487 0.6837356 0.47981124 -0.51379229 0.70409421 0.10024965 0.001177 1789539351.209115267 5.637 59.640 1.705 0.00000 -1 ACTUAL_TF
6.7686 0.1213749 -1.7118257 0.6837606 0.47979527 -0.51378191 0.70411289 0.10024815 0.001027 1789539351.265120983 5.665 59.612 1.718 0.00000 -1 ACTUAL_TF
6.8248 0.1213894 -1.7118182 0.6838201 0.47976237 -0.51375066 0.70415777 0.10025050 0.001049 1789539351.321238041 5.681 59.596 1.762 0.00000 -1 ACTUAL_TF
6.8808 0.1213961 -1.7118012 0.6838487 0.47974388 -0.51373525 0.70418182 0.10024898 0.000916 1789539351.377103806 5.697 59.580 1.777 0.00000 -1 ACTUAL_TF
6.9350 0.1214000 -1.7117658 0.6838505 0.47972613 -0.51372000 0.70420595 0.10024260 0.000833 1789539351.433037996 5.724 59.553 1.762 0.00000 -1 ACTUAL_TF
6.9896 0.1213986 -1.7116528 0.6837565 0.47971729 -0.51372007 0.70421555 0.10021709 0.001366 1789539351.489364862 5.797 59.480 1.634 0.00000 -1 ACTUAL_TF
7.0532 0.1213984 -1.7115440 0.6836564 0.47971321 -0.51372165 0.70422094 0.10019065 0.001752 1789539351.545067787 5.869 59.408 1.506 0.00000 -1 ACTUAL_TF
7.1098 0.1213658 -1.7113988 0.6835068 0.47970746 -0.51372961 0.70422286 0.10016387 0.002355 1789539351.601165771 5.940 59.337 1.307 0.00000 -1 ACTUAL_TF
7.1631 0.1213000 -1.7112963 0.6833765 0.47974943 -0.51368681 0.70421820 0.10021508 0.002604 1789539351.657179117 5.958 59.319 1.130 0.00000 -1 ACTUAL_TF
7.2194 0.1212304 -1.7111555 0.6832196 0.47973477 -0.51370082 0.70422096 0.10019414 0.003014 1789539351.713114738 5.999 59.278 0.911 0.00000 -1 ACTUAL_TF
7.2739 0.1211572 -1.7110100 0.6830540 0.47972587 -0.51371103 0.70422160 0.10017992 0.003352 1789539351.769200325 6.040 59.237 0.683 0.00000 -1 ACTUAL_TF
7.3278 0.1210800 -1.7108913 0.6829231 0.47971698 -0.51371499 0.70422461 0.10018094 0.003382 1789539351.825048923 6.060 59.217 0.491 0.00000 -1 ACTUAL_TF
7.3831 0.1210014 -1.7107593 0.6827753 0.47972552 -0.51369426 0.70423087 0.10020236 0.003507 1789539351.881148815 6.088 59.189 0.280 0.00000 -1 ACTUAL_TF
7.4460 0.1209446 -1.7106322 0.6826408 0.47972048 -0.51370218 0.70422964 0.10019456 0.003493 1789539351.937119961 6.129 59.148 0.091 0.00000 -1 ACTUAL_TF
7.5025 0.1208769 -1.7105034 0.6825102 0.47971394 -0.51370352 0.70423239 0.10019966 0.003491 1789539351.993164062 6.164 59.114 0.103 0.00000 -1 ACTUAL_TF
7.5517 0.1208401 -1.7103967 0.6824105 0.47970986 -0.51370073 0.70423739 0.10019832 0.003251 1789539352.049151659 6.206 59.071 0.247 0.00000 -1 ACTUAL_TF
7.6066 0.1207894 -1.7102628 0.6822807 0.47971132 -0.51370398 0.70423289 0.10020631 0.003312 1789539352.105092049 6.257 59.020 0.433 0.00000 -1 ACTUAL_TF
7.6640 0.1207560 -1.7101282 0.6821574 0.47971318 -0.51370343 0.70423147 0.10021026 0.003312 1789539352.161125422 6.320 58.957 0.607 0.00000 -1 ACTUAL_TF
7.7198 0.1207304 -1.7100182 0.6820620 0.47971303 -0.51370632 0.70422920 0.10021206 0.003111 1789539352.217111588 6.374 58.903 0.745 0.00000 -1 ACTUAL_TF
7.7763 0.1207036 -1.7099006 0.6819689 0.47971597 -0.51369640 0.70423241 0.10022624 0.002992 1789539352.273191929 6.431 58.846 0.886 0.00000 -1 ACTUAL_TF
7.8325 0.1206778 -1.7097910 0.6818823 0.47970719 -0.51370929 0.70422912 0.10022536 0.002857 1789539352.329056501 6.484 58.793 1.018 0.00000 -1 ACTUAL_TF
7.8891 0.1206360 -1.7096735 0.6817968 0.47969268 -0.51372293 0.70422667 0.10024213 0.002809 1789539352.385175467 6.531 58.747 1.161 0.00000 -1 ACTUAL_TF
7.9475 0.1206100 -1.7095812 0.6817349 0.47968470 -0.51372839 0.70422392 0.10027161 0.002578 1789539352.441133022 6.572 58.705 1.267 0.00000 -1 ACTUAL_TF
8.0026 0.1206626 -1.7094245 0.6816511 0.47969087 -0.51373161 0.70421728 0.10027224 0.002798 1789539352.497136116 6.715 58.562 1.384 0.00000 -1 ACTUAL_TF
8.0650 0.1207247 -1.7092951 0.6815921 0.47969304 -0.51373268 0.70421509 0.10027174 0.002790 1789539352.553109884 6.847 58.430 1.465 0.00000 -1 ACTUAL_TF
8.1129 0.1207925 -1.7091639 0.6815448 0.47969075 -0.51373601 0.70421264 0.10028286 0.002775 1789539352.609694719 6.985 58.292 1.537 0.00000 -1 ACTUAL_TF
8.1722 0.1208815 -1.7090441 0.6815117 0.47970074 -0.51373651 0.70420447 0.10028988 0.002765 1789539352.665428877 7.130 58.147 1.582 0.00000 -1 ACTUAL_TF
8.2337 0.1209738 -1.7089458 0.6814888 0.47970911 -0.51374159 0.70419628 0.10028134 0.002672 1789539352.721187592 7.265 58.012 1.607 0.00000 -1 ACTUAL_TF
8.2821 0.1210802 -1.7088597 0.6814782 0.47971598 -0.51374530 0.70418976 0.10027523 0.002606 1789539352.777145863 7.401 57.876 1.611 0.00000 -1 ACTUAL_TF
8.3397 0.1211454 -1.7087983 0.6814662 0.47971824 -0.51375775 0.70417912 0.10027534 0.002309 1789539352.833061218 7.491 57.786 1.621 0.00000 -1 ACTUAL_TF
8.3961 0.1212337 -1.7087294 0.6814474 0.47972532 -0.51377310 0.70416414 0.10026804 0.002224 1789539352.889098883 7.602 57.675 1.629 0.00000 -1 ACTUAL_TF
8.4504 0.1213039 -1.7086776 0.6814311 0.47973040 -0.51378719 0.70415110 0.10026317 0.002032 1789539352.945156574 7.689 57.588 1.635 0.00000 -1 ACTUAL_TF
8.5056 0.1213860 -1.7086159 0.6814101 0.47973653 -0.51380568 0.70413455 0.10025529 0.001984 1789539353.001099348 7.791 57.486 1.645 0.00000 -1 ACTUAL_TF
8.5599 0.1214806 -1.7085533 0.6813907 0.47974603 -0.51381921 0.70411998 0.10024277 0.002002 1789539353.057445526 7.904 57.373 1.648 0.00000 -1 ACTUAL_TF
8.6157 0.1215583 -1.7085154 0.6813867 0.47975180 -0.51382612 0.70411200 0.10023581 0.001867 1789539353.113162041 7.987 57.290 1.635 0.00000 -1 ACTUAL_TF
8.6711 0.1216522 -1.7084933 0.6814163 0.47975380 -0.51382829 0.70410912 0.10023534 0.001848 1789539353.169105530 8.072 57.205 1.583 0.00000 -1 ACTUAL_TF
8.7293 0.1217354 -1.7085246 0.6815071 0.47975349 -0.51381117 0.70412076 0.10024283 0.001974 1789539353.225132942 8.114 57.163 1.463 0.00000 -1 ACTUAL_TF
8.7845 0.1218419 -1.7086083 0.6816653 0.47974844 -0.51378098 0.70414304 0.10026523 0.002498 1789539353.281126022 8.139 57.138 1.256 0.00000 -1 ACTUAL_TF
8.8434 0.1219142 -1.7086570 0.6817448 0.47975937 -0.51377841 0.70413554 0.10027880 0.002381 1789539353.337122917 8.161 57.116 1.140 0.00000 -1 ACTUAL_TF
8.8986 0.1220124 -1.7087406 0.6818869 0.47976324 -0.51375672 0.70414575 0.10029969 0.002687 1789539353.393539429 8.180 57.097 0.950 0.00000 -1 ACTUAL_TF
8.9532 0.1221095 -1.7088268 0.6820218 0.47977351 -0.51373294 0.70415380 0.10031584 0.002890 1789539353.449187279 8.196 57.081 0.763 0.00000 -1 ACTUAL_TF
9.0126 0.1222191 -1.7089263 0.6821768 0.47978366 -0.51371201 0.70415951 0.10033446 0.003171 1789539353.505193472 8.212 57.065 0.549 0.00000 -1 ACTUAL_TF
9.0690 0.1223226 -1.7090218 0.6823153 0.47979585 -0.51370008 0.70415767 0.10035017 0.003279 1789539353.561150789 8.227 57.050 0.353 0.00000 -1 ACTUAL_TF
9.1260 0.1224082 -1.7091116 0.6824464 0.47980448 -0.51368910 0.70415758 0.10036567 0.003230 1789539353.619082451 8.232 57.045 0.173 0.00000 -1 ACTUAL_TF
9.1854 0.1225194 -1.7091967 0.6825860 0.47977681 -0.51371440 0.70416323 0.10032881 0.003357 1789539353.673180580 8.260 57.017 0.031 0.00000 -1 ACTUAL_TF
9.2314 0.1225994 -1.7092627 0.6826867 0.47977413 -0.51372772 0.70415647 0.10032087 0.003126 1789539353.729093552 8.276 57.001 0.169 0.00000 -1 ACTUAL_TF
9.2911 0.1226941 -1.7093613 0.6828269 0.47978392 -0.51372001 0.70415356 0.10033393 0.003235 1789539353.785206556 8.282 56.995 0.364 0.00000 -1 ACTUAL_TF
9.3486 0.1227747 -1.7094266 0.6829275 0.47978573 -0.51372159 0.70415134 0.10033281 0.003034 1789539353.841529369 8.300 56.977 0.507 0.00000 -1 ACTUAL_TF
9.4050 0.1228694 -1.7094941 0.6830330 0.47978314 -0.51374063 0.70414103 0.10032006 0.002971 1789539353.897134304 8.326 56.951 0.662 0.00000 -1 ACTUAL_TF
9.4623 0.1229805 -1.7095712 0.6831636 0.47978642 -0.51374006 0.70413946 0.10031832 0.003087 1789539353.953126192 8.359 56.918 0.847 0.00000 -1 ACTUAL_TF
9.5188 0.1230672 -1.7096263 0.6832638 0.47978748 -0.51373241 0.70414387 0.10032150 0.002929 1789539354.009186983 8.388 56.889 0.988 0.00000 -1 ACTUAL_TF
9.5668 0.1231605 -1.7096724 0.6833603 0.47979273 -0.51373547 0.70413810 0.10032117 0.002812 1789539354.065073252 8.427 56.850 1.124 0.00000 -1 ACTUAL_TF
9.6259 0.1232391 -1.7097047 0.6834311 0.47978883 -0.51374412 0.70413545 0.10031411 0.002560 1789539354.121145725 8.465 56.812 1.228 0.00000 -1 ACTUAL_TF
9.6818 0.1233376 -1.7097399 0.6835298 0.47978262 -0.51374615 0.70413912 0.10030765 0.002564 1789539354.177053452 8.516 56.761 1.362 0.00000 -1 ACTUAL_TF
9.7361 0.1234241 -1.7097521 0.6835885 0.47978463 -0.51374460 0.70413974 0.10030163 0.002359 1789539354.233077288 8.573 56.704 1.451 0.00000 -1 ACTUAL_TF
9.7971 0.1235118 -1.7097649 0.6836636 0.47978476 -0.51374491 0.70413949 0.10030120 0.002273 1789539354.289073944 8.630 56.647 1.551 0.00000 -1 ACTUAL_TF
9.8528 0.1235942 -1.7097692 0.6837179 0.47978814 -0.51374333 0.70413868 0.10029882 0.002121 1789539354.345046282 8.689 56.588 1.631 0.00000 -1 ACTUAL_TF
9.9095 0.1236869 -1.7097614 0.6837745 0.47979013 -0.51374090 0.70413981 0.10029374 0.002068 1789539354.401063919 8.764 56.513 1.710 0.00000 -1 ACTUAL_TF
9.9672 0.1237827 -1.7097376 0.6838141 0.47979441 -0.51374092 0.70413768 0.10028814 0.002017 1789539354.457061768 8.852 56.425 1.770 0.00000 -1 ACTUAL_TF
10.0160 0.1238428 -1.7096762 0.6838000 0.47980103 -0.51375871 0.70412151 0.10027889 0.001878 1789539354.513103485 8.937 56.340 1.755 0.00000 -1 ACTUAL_TF
10.0754 0.1239256 -1.7095920 0.6837717 0.47981208 -0.51378088 0.70410002 0.10026328 0.001966 1789539354.569056749 9.055 56.222 1.730 0.00000 -1 ACTUAL_TF
10.1261 0.1239886 -1.7095169 0.6837574 0.47981595 -0.51379502 0.70408902 0.10024961 0.001907 1789539354.625031948 9.152 56.125 1.709 0.00000 -1 ACTUAL_TF
10.1922 0.1240739 -1.7094379 0.6838112 0.47978041 -0.51377485 0.70412901 0.10024223 0.002020 1789539354.681118011 9.269 56.009 1.744 0.00000 -1 ACTUAL_TF
10.2384 0.1241362 -1.7093693 0.6838340 0.47976414 -0.51376871 0.70414600 0.10023219 0.001925 1789539354.737087727 9.361 55.916 1.753 0.00000 -1 ACTUAL_TF
10.2940 0.1241951 -1.7092831 0.6838599 0.47973360 -0.51375620 0.70417708 0.10022415 0.001925 1789539354.793018579 9.462 55.815 1.754 0.00000 -1 ACTUAL_TF
10.3500 0.1242399 -1.7091776 0.6838411 0.47970354 -0.51374553 0.70420655 0.10021566 0.001970 1789539354.849033833 9.566 55.711 1.706 0.00000 -1 ACTUAL_TF
10.4104 0.1242622 -1.7090722 0.6837964 0.47968588 -0.51374729 0.70421883 0.10020487 0.002003 1789539354.905068398 9.652 55.625 1.629 0.00000 -1 ACTUAL_TF
10.4671 0.1242596 -1.7089483 0.6837074 0.47971633 -0.51370789 0.70421979 0.10025430 0.002220 1789539354.961030006 9.732 55.545 1.500 0.00000 -1 ACTUAL_TF
10.5240 0.1242714 -1.7088275 0.6836240 0.47970164 -0.51371698 0.70422565 0.10023689 0.002343 1789539355.017004251 9.820 55.457 1.382 0.00000 -1 ACTUAL_TF
10.5843 0.1242640 -1.7086777 0.6835037 0.47969759 -0.51372359 0.70422435 0.10023156 0.002670 1789539355.073040485 9.914 55.363 1.214 0.00000 -1 ACTUAL_TF
10.6375 0.1242550 -1.7085615 0.6834031 0.47970319 -0.51372302 0.70422058 0.10023415 0.002693 1789539355.129070997 9.984 55.293 1.077 0.00000 -1 ACTUAL_TF
10.6959 0.1242406 -1.7084137 0.6832659 0.47970517 -0.51373139 0.70421433 0.10022569 0.002969 1789539355.185028553 10.070 55.207 0.894 0.00000 -1 ACTUAL_TF
10.7516 0.1242204 -1.7083001 0.6831629 0.47970184 -0.51373540 0.70421418 0.10022208 0.002907 1789539355.241057396 10.130 55.147 0.752 0.00000 -1 ACTUAL_TF
10.7996 0.1241953 -1.7081520 0.6830210 0.47970150 -0.51374396 0.70420927 0.10021433 0.003142 1789539355.297034025 10.209 55.068 0.561 0.00000 -1 ACTUAL_TF
10.8578 0.1241655 -1.7079967 0.6828611 0.47973009 -0.51372095 0.70420374 0.10023434 0.003404 1789539355.353031158 10.289 54.988 0.351 0.00000 -1 ACTUAL_TF
10.9162 0.1241531 -1.7078486 0.6827212 0.47973149 -0.51372248 0.70420446 0.10021471 0.003476 1789539355.409036636 10.377 54.900 0.167 0.00000 -1 ACTUAL_TF
10.9716 0.1241314 -1.7076718 0.6825442 0.47974559 -0.51372360 0.70419638 0.10019825 0.003779 1789539355.465032101 10.477 54.800 0.064 0.00000 -1 ACTUAL_TF
11.0249 0.1240952 -1.7075467 0.6824195 0.47974816 -0.51371350 0.70420223 0.10019660 0.003610 1789539355.521082401 10.533 54.744 0.235 0.00000 -1 ACTUAL_TF
11.0853 0.1240309 -1.7073948 0.6822624 0.47974839 -0.51371316 0.70420273 0.10019379 0.003747 1789539355.577079296 10.585 54.693 0.457 0.00000 -1 ACTUAL_TF
11.1446 0.1239750 -1.7072535 0.6821038 0.47975189 -0.51372172 0.70419523 0.10018583 0.003801 1789539355.633025408 10.636 54.641 0.670 0.00000 -1 ACTUAL_TF
11.1924 0.1239036 -1.7071130 0.6819530 0.47974923 -0.51372071 0.70419717 0.10019013 0.003828 1789539355.689075470 10.675 54.602 0.885 0.00000 -1 ACTUAL_TF
11.2533 0.1238500 -1.7069949 0.6818223 0.47975063 -0.51372880 0.70419047 0.10018901 0.003667 1789539355.745053530 10.712 54.565 1.065 0.00000 -1 ACTUAL_TF
11.3041 0.1237913 -1.7068716 0.6816994 0.47974864 -0.51372846 0.70419149 0.10019308 0.003550 1789539355.801073551 10.750 54.527 1.245 0.00000 -1 ACTUAL_TF
11.3613 0.1237470 -1.7067525 0.6815724 0.47974734 -0.51373911 0.70418495 0.10019067 0.003449 1789539355.857008696 10.795 54.482 1.418 0.00000 -1 ACTUAL_TF
11.4241 0.1237193 -1.7066745 0.6815031 0.47974750 -0.51373785 0.70418503 0.10019586 0.002992 1789539355.913066387 10.826 54.451 1.522 0.00000 -1 ACTUAL_TF
11.4740 0.1236974 -1.7065889 0.6814291 0.47974779 -0.51373811 0.70418408 0.10019981 0.002712 1789539355.969060898 10.866 54.411 1.630 0.00000 -1 ACTUAL_TF
11.5275 0.1236809 -1.7065113 0.6813708 0.47974809 -0.51374275 0.70418045 0.10020006 0.002426 1789539356.025023937 10.905 54.372 1.720 0.00000 -1 ACTUAL_TF
11.5894 0.1236595 -1.7064531 0.6813313 0.47974297 -0.51374586 0.70418004 0.10021151 0.002092 1789539356.081110716 10.927 54.350 1.788 0.00000 -1 ACTUAL_TF
11.6407 0.1236397 -1.7064212 0.6813181 0.47973525 -0.51374716 0.70418205 0.10022768 0.001677 1789539356.137045622 10.933 54.344 1.824 0.00000 -1 ACTUAL_TF
11.7018 0.1236171 -1.7063808 0.6812952 0.47972511 -0.51376159 0.70417590 0.10024542 0.001451 1789539356.193012953 10.943 54.334 1.872 0.00000 -1 ACTUAL_TF
11.7595 0.1236292 -1.7063369 0.6812781 0.47972627 -0.51376958 0.70416817 0.10025326 0.001276 1789539356.249049187 10.981 54.296 1.902 0.00000 -1 ACTUAL_TF
11.8074 0.1236740 -1.7062930 0.6812686 0.47973081 -0.51377306 0.70416284 0.10025112 0.001233 1789539356.305067301 11.044 54.233 1.911 0.00000 -1 ACTUAL_TF
11.8644 0.1237271 -1.7062412 0.6812577 0.47973443 -0.51378285 0.70415352 0.10024903 0.001265 1789539356.361062288 11.118 54.159 1.922 0.00000 -1 ACTUAL_TF
11.9189 0.1237671 -1.7062045 0.6812460 0.47973484 -0.51379611 0.70414310 0.10025234 0.001183 1789539356.417072296 11.172 54.105 1.931 0.00000 -1 ACTUAL_TF
11.9739 0.1238503 -1.7061421 0.6812269 0.47974107 -0.51381264 0.70412806 0.10024349 0.001394 1789539356.473114491 11.276 54.001 1.938 0.00000 -1 ACTUAL_TF
12.0285 0.1239240 -1.7060928 0.6812104 0.47974588 -0.51382732 0.70411487 0.10023791 0.001460 1789539356.529071808 11.363 53.914 1.942 0.00000 -1 ACTUAL_TF
12.0904 0.1240153 -1.7060280 0.6811879 0.47975097 -0.51384860 0.70409667 0.10023224 0.001633 1789539356.585092783 11.475 53.802 1.950 0.00000 -1 ACTUAL_TF
12.1465 0.1241200 -1.7059803 0.6811889 0.47975945 -0.51385490 0.70408772 0.10022224 0.001749 1789539356.642084122 11.585 53.692 1.927 0.00000 -1 ACTUAL_TF
12.2020 0.1242416 -1.7059801 0.6812661 0.47975943 -0.51384950 0.70409073 0.10022885 0.002010 1789539356.697071075 11.676 53.601 1.816 0.00000 -1 ACTUAL_TF
12.2616 0.1243896 -1.7060413 0.6814315 0.47975657 -0.51382054 0.70411130 0.10024650 0.002640 1789539356.753092527 11.747 53.530 1.597 0.00000 -1 ACTUAL_TF
12.3228 0.1245041 -1.7060777 0.6815407 0.47975737 -0.51380692 0.70411884 0.10025956 0.002718 1789539356.809100389 11.809 53.468 1.447 0.00000 -1 ACTUAL_TF
12.3739 0.1246544 -1.7061379 0.6816872 0.47977282 -0.51379086 0.70411814 0.10027278 0.003071 1789539356.865148306 11.882 53.395 1.241 0.00000 -1 ACTUAL_TF
12.4316 0.1247505 -1.7061747 0.6817881 0.47977286 -0.51378332 0.70412134 0.10028877 0.002922 1789539356.921100616 11.930 53.347 1.105 0.00000 -1 ACTUAL_TF
12.4885 0.1248828 -1.7062196 0.6819173 0.47977997 -0.51376640 0.70412721 0.10030029 0.003065 1789539356.977124929 12.000 53.277 0.928 0.00000 -1 ACTUAL_TF
12.5437 0.1249739 -1.7062550 0.6820059 0.47978883 -0.51376356 0.70412150 0.10031249 0.002851 1789539357.033166170 12.045 53.232 0.804 0.00000 -1 ACTUAL_TF
12.5920 0.1251084 -1.7062992 0.6821388 0.47979289 -0.51374576 0.70413057 0.10032058 0.003039 1789539357.089052200 12.117 53.160 0.624 0.00000 -1 ACTUAL_TF
12.6532 0.1251986 -1.7063317 0.6822338 0.47979219 -0.51373853 0.70413490 0.10033049 0.002849 1789539357.145160198 12.163 53.114 0.497 0.00000 -1 ACTUAL_TF
12.7111 0.1253077 -1.7063772 0.6823471 0.47979327 -0.51373064 0.70413791 0.10034461 0.002872 1789539357.201086760 12.215 53.062 0.342 0.00000 -1 ACTUAL_TF
12.7569 0.1254278 -1.7063950 0.6824382 0.47980272 -0.51372869 0.70413235 0.10034852 0.002824 1789539357.257077694 12.294 52.983 0.213 0.00000 -1 ACTUAL_TF
12.8128 0.1255193 -1.7064229 0.6825248 0.47980423 -0.51372487 0.70413282 0.10035748 0.002668 1789539357.313058376 12.344 52.933 0.094 0.00000 -1 ACTUAL_TF
12.8771 0.1256514 -1.7064443 0.6826295 0.47981088 -0.51371464 0.70413603 0.10035555 0.002778 1789539357.369058609 12.429 52.848 0.057 0.00000 -1 ACTUAL_TF
12.9322 0.1257727 -1.7064722 0.6827312 0.47981029 -0.51371140 0.70413940 0.10035135 0.002805 1789539357.425081730 12.502 52.775 0.199 0.00000 -1 ACTUAL_TF
12.9875 0.1259286 -1.7065008 0.6828571 0.47976791 -0.51375391 0.70414602 0.10028982 0.003047 1789539357.481138468 12.600 52.677 0.375 0.00000 -1 ACTUAL_TF
13.0442 0.1260352 -1.7065373 0.6829574 0.47977445 -0.51374782 0.70414446 0.10030072 0.002942 1789539357.537062883 12.656 52.621 0.515 0.00000 -1 ACTUAL_TF
13.0967 0.1261874 -1.7065876 0.6830990 0.47978157 -0.51373541 0.70414791 0.10030601 0.003204 1789539357.593100548 12.738 52.539 0.713 0.00000 -1 ACTUAL_TF
13.1595 0.1263262 -1.7066246 0.6832099 0.47978880 -0.51373493 0.70414276 0.10031007 0.003215 1789539357.649148464 12.817 52.460 0.876 0.00000 -1 ACTUAL_TF
13.2100 0.1264413 -1.7066744 0.6833366 0.47978654 -0.51372683 0.70414968 0.10031372 0.003207 1789539357.705031157 12.871 52.406 1.045 0.00000 -1 ACTUAL_TF
13.2687 0.1265763 -1.7067188 0.6834652 0.47977745 -0.51373455 0.70415094 0.10030886 0.003271 1789539357.761083126 12.943 52.334 1.223 0.00000 -1 ACTUAL_TF
13.3172 0.1266861 -1.7067589 0.6835727 0.47977623 -0.51373227 0.70415341 0.10030901 0.003140 1789539357.817111254 12.999 52.278 1.371 0.00000 -1 ACTUAL_TF
13.3739 0.1268112 -1.7067917 0.6836799 0.47977842 -0.51373055 0.70415326 0.10030841 0.003097 1789539357.873190641 13.072 52.205 1.523 0.00000 -1 ACTUAL_TF
13.4285 0.1269061 -1.7068073 0.6837512 0.47977929 -0.51373033 0.70415283 0.10030841 0.002810 1789539357.929083586 13.133 52.144 1.626 0.00000 -1 ACTUAL_TF
13.4950 0.1270133 -1.7068189 0.6838308 0.47978122 -0.51372739 0.70415400 0.10030600 0.002686 1789539357.985020399 13.205 52.072 1.738 0.00000 -1 ACTUAL_TF
13.5432 0.1271036 -1.7068269 0.6839049 0.47977860 -0.51372440 0.70415789 0.10030657 0.002507 1789539358.041027069 13.268 52.009 1.837 0.00000 -1 ACTUAL_TF
13.6013 0.1271614 -1.7068097 0.6839233 0.47977931 -0.51372932 0.70415396 0.10030555 0.002092 1789539358.097123861 13.323 51.954 1.868 0.00000 -1 ACTUAL_TF
13.6598 0.1272236 -1.7067682 0.6839228 0.47978442 -0.51374041 0.70414351 0.10029768 0.001865 1789539358.153109312 13.397 51.880 1.875 0.00000 -1 ACTUAL_TF
13.7160 0.1272720 -1.7067253 0.6839128 0.47978996 -0.51375072 0.70413364 0.10028757 0.001656 1789539358.209095716 13.461 51.816 1.867 0.00000 -1 ACTUAL_TF
13.7703 0.1273122 -1.7066906 0.6839042 0.47979294 -0.51376171 0.70412412 0.10028390 0.001448 1789539358.265057802 13.515 51.763 1.862 0.00000 -1 ACTUAL_TF
13.8294 0.1273413 -1.7066524 0.6838909 0.47979734 -0.51377303 0.70411374 0.10027772 0.001279 1789539358.321422100 13.562 51.715 1.846 0.00000 -1 ACTUAL_TF
13.8854 0.1273669 -1.7066152 0.6838794 0.47980062 -0.51378349 0.70410471 0.10027190 0.001146 1789539358.377118826 13.605 51.672 1.830 0.00000 -1 ACTUAL_TF
13.9410 0.1273883 -1.7065857 0.6838762 0.47980208 -0.51378660 0.70410240 0.10026517 0.000997 1789539358.433318377 13.641 51.636 1.822 0.00000 -1 ACTUAL_TF
13.9959 0.1274024 -1.7065559 0.6838785 0.47979926 -0.51378802 0.70410405 0.10025981 0.000876 1789539358.489228725 13.671 51.606 1.814 0.00000 -1 ACTUAL_TF
14.0523 0.1274178 -1.7065448 0.6839509 0.47975890 -0.51375056 0.70415848 0.10026263 0.001014 1789539358.545142174 13.691 51.586 1.867 0.00000 -1 ACTUAL_TF
14.1101 0.1274182 -1.7065300 0.6839636 0.47974652 -0.51374260 0.70417286 0.10026162 0.000815 1789539358.601196289 13.701 51.576 1.868 0.00000 -1 ACTUAL_TF
14.1660 0.1274214 -1.7064628 0.6839388 0.47972470 -0.51372959 0.70419941 0.10024627 0.000955 1789539358.657073736 13.748 51.529 1.817 0.00000 -1 ACTUAL_TF
14.2215 0.1274185 -1.7063699 0.6838649 0.47971633 -0.51372864 0.70420854 0.10022706 0.001303 1789539358.713154316 13.807 51.470 1.714 0.00000 -1 ACTUAL_TF
14.2776 0.1274143 -1.7062203 0.6837242 0.47971153 -0.51373439 0.70421256 0.10019232 0.002010 1789539358.769290209 13.902 51.375 1.533 0.00000 -1 ACTUAL_TF
14.3340 0.1273928 -1.7060909 0.6836023 0.47970404 -0.51373586 0.70421978 0.10016986 0.002369 1789539358.825154543 13.971 51.306 1.368 0.00000 -1 ACTUAL_TF
14.3877 0.1273236 -1.7059459 0.6834321 0.47973656 -0.51370916 0.70421238 0.10020305 0.002912 1789539358.881147385 14.015 51.262 1.138 0.00000 -1 ACTUAL_TF
14.4430 0.1272671 -1.7057835 0.6832639 0.47972326 -0.51372501 0.70421328 0.10017918 0.003329 1789539358.937085629 14.080 51.197 0.906 0.00000 -1 ACTUAL_TF
14.4931 0.1272168 -1.7056506 0.6831274 0.47971667 -0.51373056 0.70421503 0.10016996 0.003385 1789539358.993131876 14.130 51.148 0.715 0.00000 -1 ACTUAL_TF
14.5516 0.1271556 -1.7055027 0.6829826 0.47970599 -0.51373529 0.70421996 0.10016216 0.003524 1789539359.049215078 14.181 51.096 0.506 0.00000 -1 ACTUAL_TF
14.6094 0.1270951 -1.7053953 0.6828646 0.47973088 -0.51370482 0.70421888 0.10020688 0.003384 1789539359.105063915 14.207 51.070 0.337 0.00000 -1 ACTUAL_TF
14.6706 0.1270473 -1.7052279 0.6827082 0.47971620 -0.51372367 0.70421820 0.10018524 0.003619 1789539359.161185741 14.281 50.996 0.117 0.00000 -1 ACTUAL_TF
14.7270 0.1270164 -1.7051237 0.6826205 0.47970990 -0.51371773 0.70422610 0.10019032 0.003283 1789539359.217121601 14.327 50.950 0.031 0.00000 -1 ACTUAL_TF
14.7734 0.1269848 -1.7049870 0.6825022 0.47970414 -0.51371697 0.70423068 0.10018959 0.003281 1789539359.273106813 14.393 50.884 0.190 0.00000 -1 ACTUAL_TF
14.8316 0.1269564 -1.7048724 0.6823960 0.47970622 -0.51371953 0.70422688 0.10019330 0.003149 1789539359.329027653 14.448 50.829 0.338 0.00000 -1 ACTUAL_TF
14.8912 0.1269264 -1.7047257 0.6822688 0.47971002 -0.51372257 0.70422175 0.10019553 0.003256 1789539359.385041952 14.522 50.755 0.520 0.00000 -1 ACTUAL_TF
14.9496 0.1268912 -1.7045829 0.6821452 0.47970904 -0.51373006 0.70421605 0.10020190 0.003308 1789539359.441076040 14.590 50.687 0.699 0.00000 -1 ACTUAL_TF
15.0064 0.1268589 -1.7044643 0.6820606 0.47969709 -0.51372681 0.70422465 0.10021531 0.003115 1789539359.497071505 14.644 50.633 0.838 0.00000 -1 ACTUAL_TF
15.0613 0.1268094 -1.7043115 0.6819375 0.47968056 -0.51373876 0.70422470 0.10023282 0.003264 1789539359.553088188 14.708 50.569 1.030 0.00000 -1 ACTUAL_TF
15.1166 0.1267958 -1.7041878 0.6818580 0.47967022 -0.51373573 0.70423152 0.10024990 0.003075 1789539359.609202623 14.779 50.498 1.159 0.00000 -1 ACTUAL_TF
15.1693 0.1268117 -1.7040060 0.6817374 0.47966320 -0.51374032 0.70423297 0.10024975 0.003327 1789539359.665092230 14.911 50.366 1.333 0.00000 -1 ACTUAL_TF
15.2238 0.1268441 -1.7038630 0.6816489 0.47966830 -0.51373960 0.70422994 0.10025035 0.003247 1789539359.721012354 15.030 50.247 1.456 0.00000 -1 ACTUAL_TF
15.2794 0.1268825 -1.7037016 0.6815568 0.47966874 -0.51374436 0.70422596 0.10025181 0.003289 1789539359.777060270 15.165 50.112 1.589 0.00000 -1 ACTUAL_TF
15.3497 0.1269352 -1.7035668 0.6814906 0.47966906 -0.51374529 0.70422447 0.10025603 0.003155 1789539359.833050489 15.294 49.983 1.683 0.00000 -1 ACTUAL_TF
15.3959 0.1269993 -1.7034757 0.6814548 0.47967666 -0.51374755 0.70421822 0.10025200 0.002835 1789539359.889096975 15.402 49.875 1.726 0.00000 -1 ACTUAL_TF
15.4531 0.1270732 -1.7033982 0.6814372 0.47968491 -0.51375017 0.70421085 0.10025083 0.002561 1789539359.945601702 15.509 49.768 1.745 0.00000 -1 ACTUAL_TF
15.5080 0.1271367 -1.7033524 0.6814326 0.47968993 -0.51375156 0.70420646 0.10025049 0.002215 1789539360.001202822 15.586 49.691 1.743 0.00000 -1 ACTUAL_TF
15.5628 0.1272149 -1.7032905 0.6814183 0.47969931 -0.51375970 0.70419493 0.10024491 0.002092 1789539360.057037830 15.686 49.591 1.749 0.00000 -1 ACTUAL_TF
15.6214 0.1272850 -1.7032421 0.6814051 0.47970753 -0.51376757 0.70418486 0.10023601 0.001926 1789539360.113060474 15.770 49.507 1.751 0.00000 -1 ACTUAL_TF
15.6748 0.1273550 -1.7031864 0.6813856 0.47971343 -0.51378465 0.70416896 0.10023188 0.001839 1789539360.169057846 15.860 49.417 1.761 0.00000 -1 ACTUAL_TF
15.7379 0.1274265 -1.7031360 0.6813707 0.47972253 -0.51379354 0.70415795 0.10022010 0.001763 1789539360.225040674 15.947 49.331 1.765 0.00000 -1 ACTUAL_TF
15.7930 0.1274960 -1.7030916 0.6813556 0.47972611 -0.51380775 0.70414563 0.10021671 0.001683 1789539360.281046391 16.028 49.249 1.767 0.00000 -1 ACTUAL_TF
15.8389 0.1275790 -1.7030564 0.6813596 0.47973099 -0.51381399 0.70413844 0.10021193 0.001660 1789539360.337149382 16.113 49.164 1.745 0.00000 -1 ACTUAL_TF
15.8959 0.1276440 -1.7030630 0.6814041 0.47973060 -0.51381203 0.70413918 0.10021860 0.001587 1789539360.393012047 16.158 49.119 1.679 0.00000 -1 ACTUAL_TF
15.9516 0.1277426 -1.7031187 0.6815222 0.47972984 -0.51378937 0.70415426 0.10023248 0.001987 1789539360.449043036 16.195 49.082 1.520 0.00000 -1 ACTUAL_TF
16.0137 0.1278174 -1.7031740 0.6816144 0.47973818 -0.51378212 0.70415171 0.10024762 0.002092 1789539360.505089283 16.215 49.062 1.391 0.00000 -1 ACTUAL_TF
16.0723 0.1279088 -1.7032603 0.6817523 0.47974410 -0.51376218 0.70415924 0.10026857 0.002463 1789539360.561142683 16.227 49.050 1.204 0.00000 -1 ACTUAL_TF
16.1172 0.1279906 -1.7033311 0.6818629 0.47975636 -0.51374842 0.70415887 0.10028304 0.002553 1789539360.617177248 16.241 49.036 1.050 0.00000 -1 ACTUAL_TF
16.1753 0.1280908 -1.7034237 0.6819991 0.47977180 -0.51373136 0.70415808 0.10030212 0.002821 1789539360.673086643 16.256 49.021 0.858 0.00000 -1 ACTUAL_TF
16.2339 0.1281893 -1.7035215 0.6821399 0.47978447 -0.51371909 0.70415616 0.10031779 0.003034 1789539360.729064226 16.265 49.012 0.661 0.00000 -1 ACTUAL_TF
16.2892 0.1282637 -1.7036064 0.6822576 0.47979468 -0.51371352 0.70415077 0.10033527 0.002998 1789539360.785033703 16.265 49.012 0.498 0.00000 -1 ACTUAL_TF
16.3462 0.1283835 -1.7037163 0.6824155 0.47980739 -0.51370027 0.70415059 0.10034360 0.003313 1789539360.841014147 16.282 48.995 0.272 0.00000 -1 ACTUAL_TF
16.4016 0.1284845 -1.7037791 0.6825247 0.47978057 -0.51373271 0.70415112 0.10030204 0.003184 1789539360.897006035 16.317 48.960 0.117 0.00000 -1 ACTUAL_TF
16.4554 0.1285775 -1.7038677 0.6826462 0.47979432 -0.51372999 0.70414168 0.10031646 0.003175 1789539360.953070641 16.328 48.949 0.070 0.00000 -1 ACTUAL_TF
16.5136 0.1286699 -1.7039322 0.6827508 0.47980353 -0.51372646 0.70413776 0.10031802 0.003046 1789539361.009080410 16.355 48.922 0.217 0.00000 -1 ACTUAL_TF
16.5704 0.1287702 -1.7040161 0.6828804 0.47980529 -0.51372747 0.70413525 0.10032209 0.003120 1789539361.065018177 16.375 48.902 0.399 0.00000 -1 ACTUAL_TF
16.6277 0.1288521 -1.7040663 0.6829686 0.47980503 -0.51373756 0.70412904 0.10031530 0.002881 1789539361.121112108 16.403 48.874 0.526 0.00000 -1 ACTUAL_TF
16.6873 0.1289526 -1.7041225 0.6830773 0.47980834 -0.51373942 0.70412587 0.10031215 0.002866 1789539361.177079201 16.442 48.835 0.679 0.00000 -1 ACTUAL_TF
16.7441 0.1290620 -1.7041778 0.6831900 0.47980766 -0.51373743 0.70412779 0.10031212 0.002897 1789539361.233159304 16.488 48.790 0.839 0.00000 -1 ACTUAL_TF
16.7908 0.1291426 -1.7042097 0.6832684 0.47980696 -0.51374130 0.70412569 0.10031040 0.002654 1789539361.289131403 16.527 48.750 0.949 0.00000 -1 ACTUAL_TF
16.8462 0.1292409 -1.7042404 0.6833563 0.47980792 -0.51374387 0.70412351 0.10030790 0.002584 1789539361.345055342 16.581 48.696 1.073 0.00000 -1 ACTUAL_TF
16.9057 0.1293267 -1.7042627 0.6834308 0.47980578 -0.51374305 0.70412613 0.10030396 0.002429 1789539361.401098251 16.630 48.647 1.178 0.00000 -1 ACTUAL_TF
16.9564 0.1294239 -1.7042798 0.6835125 0.47980033 -0.51374522 0.70412904 0.10029843 0.002386 1789539361.457082987 16.692 48.585 1.290 0.00000 -1 ACTUAL_TF
17.0213 0.1294957 -1.7042906 0.6835798 0.47979671 -0.51374681 0.70413016 0.10029975 0.002201 1789539361.513072014 16.739 48.538 1.376 0.00000 -1 ACTUAL_TF
17.0756 0.1296057 -1.7042713 0.6836334 0.47979672 -0.51375345 0.70412572 0.10029691 0.002204 1789539361.569099903 16.834 48.443 1.455 0.00000 -1 ACTUAL_TF
17.1327 0.1297102 -1.7042362 0.6836716 0.47979892 -0.51376086 0.70411945 0.10029243 0.002168 1789539361.625139952 16.936 48.341 1.513 0.00000 -1 ACTUAL_TF
17.1891 0.1298062 -1.7041779 0.6836749 0.47980693 -0.51377269 0.70410670 0.10028305 0.002119 1789539361.681124926 17.047 48.231 1.529 0.00000 -1 ACTUAL_TF
17.2470 0.1299252 -1.7040833 0.6836585 0.47981937 -0.51379568 0.70408366 0.10026745 0.002299 1789539361.737366438 17.198 48.079 1.523 0.00000 -1 ACTUAL_TF
17.3036 0.1300347 -1.7039927 0.6836389 0.47983190 -0.51381121 0.70406660 0.10024776 0.002381 1789539361.793139219 17.340 47.937 1.513 0.00000 -1 ACTUAL_TF
17.3596 0.1301324 -1.7038868 0.6836196 0.47983371 -0.51383403 0.70405065 0.10023407 0.002446 1789539361.849124908 17.483 47.794 1.489 0.00000 -1 ACTUAL_TF
17.4164 0.1302276 -1.7038107 0.6836677 0.47980344 -0.51381509 0.70408622 0.10022631 0.002414 1789539361.905128717 17.605 47.672 1.526 0.00000 -1 ACTUAL_TF
17.4626 0.1303161 -1.7037185 0.6836797 0.47979188 -0.51381715 0.70409447 0.10021312 0.002378 1789539361.961086273 17.733 47.544 1.526 0.00000 -1 ACTUAL_TF
17.5250 0.1303761 -1.7036744 0.6837220 0.47976509 -0.51379977 0.70412565 0.10021136 0.002123 1789539362.017092466 17.807 47.470 1.560 0.00000 -1 ACTUAL_TF
17.5834 0.1304213 -1.7036268 0.6837666 0.47973632 -0.51378197 0.70415827 0.10021124 0.001911 1789539362.073137522 17.873 47.404 1.588 0.00000 -1 ACTUAL_TF
17.6292 0.1304570 -1.7035804 0.6838028 0.47971120 -0.51376253 0.70418941 0.10021227 0.001707 1789539362.129033566 17.931 47.347 1.606 0.00000 -1 ACTUAL_TF
17.6867 0.1304761 -1.7035331 0.6838157 0.47968912 -0.51374734 0.70421562 0.10021163 0.001477 1789539362.185037851 17.976 47.301 1.600 0.00000 -1 ACTUAL_TF
17.7487 0.1304834 -1.7034313 0.6837613 0.47967560 -0.51374163 0.70423008 0.10020402 0.001653 1789539362.241068602 18.049 47.228 1.511 0.00000 -1 ACTUAL_TF
17.7976 0.1304599 -1.7033430 0.6836804 0.47970635 -0.51369994 0.70423226 0.10025527 0.001811 1789539362.297066450 18.090 47.187 1.396 0.00000 -1 ACTUAL_TF
17.8546 0.1304453 -1.7032143 0.6835717 0.47969359 -0.51371048 0.70423567 0.10023830 0.002173 1789539362.353095055 18.164 47.113 1.245 0.00000 -1 ACTUAL_TF
17.9117 0.1304315 -1.7031045 0.6834730 0.47968536 -0.51371198 0.70424120 0.10023118 0.002316 1789539362.409045219 18.226 47.051 1.110 0.00000 -1 ACTUAL_TF
17.9667 0.1304152 -1.7029625 0.6833378 0.47968973 -0.51370940 0.70424177 0.10021946 0.002675 1789539362.465039253 18.307 46.970 0.931 0.00000 -1 ACTUAL_TF
18.0221 0.1304061 -1.7028381 0.6832174 0.47969553 -0.51370656 0.70424220 0.10020326 0.002801 1789539362.521068096 18.382 46.895 0.775 0.00000 -1 ACTUAL_TF
18.0796 0.1303885 -1.7026720 0.6830440 0.47970707 -0.51371089 0.70423449 0.10018002 0.003251 1789539362.577049732 18.478 46.799 0.554 0.00000 -1 ACTUAL_TF
18.1339 0.1303343 -1.7025224 0.6828788 0.47972848 -0.51369122 0.70423279 0.10019032 0.003500 1789539362.633237600 18.536 46.741 0.333 0.00000 -1 ACTUAL_TF
18.1894 0.1302689 -1.7023978 0.6827315 0.47972789 -0.51370641 0.70422359 0.10017986 0.003543 1789539362.689170837 18.569 46.708 0.131 0.00000 -1 ACTUAL_TF
18.2486 0.1301885 -1.7022535 0.6825608 0.47973293 -0.51371320 0.70421555 0.10017743 0.003753 1789539362.745149612 18.604 46.673 0.103 0.00000 -1 ACTUAL_TF
18.3036 0.1301243 -1.7021474 0.6824443 0.47972790 -0.51370916 0.70422200 0.10017694 0.003540 1789539362.801064014 18.626 46.651 0.272 0.00000 -1 ACTUAL_TF
18.3585 0.1300440 -1.7019990 0.6822582 0.47974009 -0.51371838 0.70420695 0.10017702 0.003821 1789539362.857195139 18.663 46.614 0.520 0.00000 -1 ACTUAL_TF
18.4138 0.1299703 -1.7019026 0.6821419 0.47973998 -0.51371940 0.70420463 0.10018870 0.003576 1789539362.913137674 18.672 46.605 0.688 0.00000 -1 ACTUAL_TF
18.4700 0.1299010 -1.7017780 0.6820014 0.47974069 -0.51372206 0.70420177 0.10019172 0.003577 1789539362.969070435 18.702 46.575 0.886 0.00000 -1 ACTUAL_TF
18.5254 0.1298498 -1.7016592 0.6818750 0.47974301 -0.51372192 0.70419977 0.10019540 0.003473 1789539363.025096178 18.742 46.535 1.062 0.00000 -1 ACTUAL_TF
18.5818 0.1298068 -1.7015721 0.6817801 0.47974328 -0.51372761 0.70419469 0.10020063 0.003158 1789539363.081115246 18.767 46.510 1.196 0.00000 -1 ACTUAL_TF
18.6390 0.1297713 -1.7014630 0.6816717 0.47974809 -0.51373352 0.70418667 0.10020372 0.003057 1789539363.137040615 18.812 46.465 1.347 0.00000 -1 ACTUAL_TF
18.6947 0.1297454 -1.7013863 0.6816039 0.47974908 -0.51373742 0.70418256 0.10020777 0.002705 1789539363.193129778 18.843 46.434 1.448 0.00000 -1 ACTUAL_TF
18.7597 0.1297256 -1.7013075 0.6815521 0.47974461 -0.51372952 0.70418991 0.10021808 0.002410 1789539363.249053240 18.881 46.396 1.535 0.00000 -1 ACTUAL_TF
18.8068 0.1297024 -1.7012238 0.6814756 0.47974979 -0.51374246 0.70417663 0.10022028 0.002307 1789539363.305096388 18.918 46.359 1.645 0.00000 -1 ACTUAL_TF
18.8624 0.1296773 -1.7011845 0.6814586 0.47973855 -0.51374112 0.70418215 0.10024213 0.001881 1789539363.361058235 18.926 46.351 1.689 0.00000 -1 ACTUAL_TF
18.9184 0.1296535 -1.7011440 0.6814396 0.47972672 -0.51375348 0.70417897 0.10025774 0.001588 1789539363.417122126 18.935 46.342 1.736 0.00000 -1 ACTUAL_TF
18.9756 0.1296736 -1.7010965 0.6814301 0.47972058 -0.51375714 0.70417907 0.10026770 0.001393 1789539363.473051786 18.981 46.296 1.759 0.00000 -1 ACTUAL_TF
19.0337 0.1297480 -1.7010293 0.6814166 0.47972991 -0.51376126 0.70417037 0.10026300 0.001517 1789539363.529083729 19.081 46.196 1.769 0.00000 -1 ACTUAL_TF
19.0921 0.1298043 -1.7009735 0.6814024 0.47973543 -0.51377299 0.70415808 0.10026282 0.001493 1789539363.585119963 19.160 46.117 1.782 0.00000 -1 ACTUAL_TF
19.1475 0.1298835 -1.7008996 0.6813826 0.47973798 -0.51379453 0.70414046 0.10026399 0.001635 1789539363.641080379 19.269 46.008 1.798 0.00000 -1 ACTUAL_TF
19.2040 0.1299697 -1.7008245 0.6813591 0.47974597 -0.51381474 0.70412178 0.10025338 0.001770 1789539363.697052240 19.383 45.894 1.814 0.00000 -1 ACTUAL_TF
19.2606 0.1300752 -1.7007439 0.6813305 0.47975261 -0.51384186 0.70409798 0.10024973 0.001989 1789539363.751413107 19.515 45.762 1.828 0.00000 -1 ACTUAL_TF
19.3173 0.1301889 -1.7006614 0.6813053 0.47976561 -0.51385936 0.70407863 0.10023369 0.002134 1789539363.809101105 19.655 45.622 1.838 0.00000 -1 ACTUAL_TF
19.3729 0.1303170 -1.7005942 0.6813087 0.47977253 -0.51387606 0.70406259 0.10022764 0.002269 1789539363.865086794 19.795 45.482 1.812 0.00000 -1 ACTUAL_TF
19.4284 0.1304447 -1.7005861 0.6813895 0.47977089 -0.51387207 0.70406558 0.10023499 0.002400 1789539363.921073675 19.897 45.381 1.700 0.00000 -1 ACTUAL_TF
19.4855 0.1305587 -1.7006046 0.6814938 0.47976601 -0.51385910 0.70407667 0.10024689 0.002512 1789539363.977139473 19.970 45.307 1.562 0.00000 -1 ACTUAL_TF
19.5410 0.1306953 -1.7006172 0.6816013 0.47976410 -0.51384350 0.70408820 0.10025503 0.002694 1789539364.033030510 20.064 45.213 1.416 0.00000 -1 ACTUAL_TF
19.5954 0.1308029 -1.7006414 0.6817051 0.47976175 -0.51382835 0.70409940 0.10026528 0.002692 1789539364.089427233 20.129 45.148 1.279 0.00000 -1 ACTUAL_TF
19.6542 0.1309388 -1.7006610 0.6818151 0.47976403 -0.51380918 0.70411106 0.10027070 0.002831 1789539364.145135403 20.218 45.059 1.128 0.00000 -1 ACTUAL_TF
19.7090 0.1310536 -1.7006725 0.6819012 0.47976912 -0.51379208 0.70412004 0.10027091 0.002753 1789539364.201130390 20.297 44.980 1.007 0.00000 -1 ACTUAL_TF
19.7624 0.1311795 -1.7007004 0.6820139 0.47977133 -0.51377323 0.70413120 0.10027856 0.002839 1789539364.257465839 20.373 44.904 0.854 0.00000 -1 ACTUAL_TF
19.8199 0.1313025 -1.7007346 0.6821268 0.47978052 -0.51376126 0.70413235 0.10028780 0.002902 1789539364.313376427 20.443 44.834 0.698 0.00000 -1 ACTUAL_TF
19.8772 0.1313891 -1.7007712 0.6822117 0.47978853 -0.51375916 0.70412652 0.10030120 0.002713 1789539364.369132042 20.484 44.793 0.579 0.00000 -1 ACTUAL_TF
19.9332 0.1314993 -1.7008269 0.6823459 0.47978547 -0.51374261 0.70413845 0.10031690 0.002877 1789539364.425053596 20.530 44.747 0.402 0.00000 -1 ACTUAL_TF
19.9871 0.1316152 -1.7008841 0.6824710 0.47978989 -0.51372485 0.70414690 0.10032740 0.002977 1789539364.481105089 20.580 44.697 0.229 0.00000 -1 ACTUAL_TF
20.0468 0.1317361 -1.7009502 0.6826115 0.47979330 -0.51371239 0.70415142 0.10034316 0.003138 1789539364.537095308 20.627 44.650 0.039 0.00000 -1 ACTUAL_TF
20.1059 0.1318300 -1.7009910 0.6826973 0.47980335 -0.51371438 0.70414219 0.10034969 0.002913 1789539364.593087673 20.671 44.606 0.090 0.00000 -1 ACTUAL_TF
20.1534 0.1319632 -1.7010683 0.6828555 0.47980431 -0.51369938 0.70415131 0.10035787 0.003220 1789539364.649168730 20.720 44.557 0.303 0.00000 -1 ACTUAL_TF
20.2078 0.1320769 -1.7011048 0.6829611 0.47976334 -0.51374392 0.70415485 0.10030089 0.003104 1789539364.705389023 20.781 44.496 0.451 0.00000 -1 ACTUAL_TF
20.2687 0.1322024 -1.7011834 0.6831082 0.47977192 -0.51372923 0.70415755 0.10031615 0.003296 1789539364.761145830 20.823 44.454 0.655 0.00000 -1 ACTUAL_TF
20.3250 0.1323420 -1.7012563 0.6832526 0.47977846 -0.51372017 0.70415908 0.10032054 0.003454 1789539364.817049026 20.880 44.397 0.861 0.00000 -1 ACTUAL_TF
20.3806 0.1324415 -1.7012986 0.6833491 0.47978035 -0.51372251 0.70415631 0.10031893 0.003192 1789539364.873202324 20.927 44.350 0.998 0.00000 -1 ACTUAL_TF
20.4303 0.1325667 -1.7013658 0.6834877 0.47976792 -0.51372504 0.70416419 0.10031011 0.003301 1789539364.929069757 20.977 44.300 1.190 0.00000 -1 ACTUAL_TF
20.4852 0.1326718 -1.7014074 0.6835843 0.47977113 -0.51372621 0.70416228 0.10030215 0.003108 1789539364.984973907 21.028 44.249 1.330 0.00000 -1 ACTUAL_TF
20.5536 0.1327736 -1.7014562 0.6836959 0.47976807 -0.51372415 0.70416532 0.10030603 0.003024 1789539365.041065216 21.073 44.204 1.482 0.00000 -1 ACTUAL_TF
20.5981 0.1328495 -1.7014967 0.6837783 0.47976937 -0.51372456 0.70416345 0.10031083 0.002757 1789539365.096977234 21.103 44.174 1.597 0.00000 -1 ACTUAL_TF
20.6556 0.1329449 -1.7015184 0.6838504 0.47977246 -0.51372457 0.70416189 0.10030692 0.002581 1789539365.152967691 21.160 44.117 1.704 0.00000 -1 ACTUAL_TF
20.7166 0.1330371 -1.7015169 0.6839065 0.47977218 -0.51372844 0.70416096 0.10029499 0.002381 1789539365.209351540 21.231 44.047 1.786 0.00000 -1 ACTUAL_TF
20.7731 0.1330946 -1.7015178 0.6839486 0.47976723 -0.51373417 0.70416050 0.10029251 0.002050 1789539365.265125513 21.273 44.004 1.843 0.00000 -1 ACTUAL_TF
20.8272 0.1331712 -1.7015090 0.6839924 0.47976671 -0.51373382 0.70416229 0.10028423 0.001910 1789539365.321116447 21.336 43.941 1.905 0.00000 -1 ACTUAL_TF
20.8833 0.1332223 -1.7015009 0.6840250 0.47976602 -0.51373512 0.70416204 0.10028267 0.001665 1789539365.377115250 21.380 43.897 1.948 0.00000 -1 ACTUAL_TF
20.9388 0.1332788 -1.7014893 0.6840580 0.47976585 -0.51373571 0.70416182 0.10028205 0.001522 1789539365.433064699 21.430 43.847 1.991 0.00000 -1 ACTUAL_TF
20.9971 0.1333232 -1.7014589 0.6840556 0.47977011 -0.51374223 0.70415487 0.10027705 0.001353 1789539365.489094019 21.484 43.793 1.994 0.00000 -1 ACTUAL_TF
21.0538 0.1333603 -1.7014158 0.6840409 0.47977518 -0.51375475 0.70414320 0.10027054 0.001262 1789539365.545029640 21.540 43.737 1.978 0.00000 -1 ACTUAL_TF
21.1095 0.1333859 -1.7013816 0.6840291 0.47977920 -0.51376483 0.70413386 0.10026525 0.001121 1789539365.601077557 21.582 43.695 1.964 0.00000 -1 ACTUAL_TF
21.1654 0.1334116 -1.7013380 0.6840180 0.47978490 -0.51377286 0.70412560 0.10025490 0.001059 1789539365.657673120 21.630 43.647 1.945 0.00000 -1 ACTUAL_TF
21.2226 0.1334224 -1.7013098 0.6840187 0.47978127 -0.51377696 0.70412547 0.10025215 0.000905 1789539365.713133812 21.657 43.620 1.935 0.00000 -1 ACTUAL_TF
21.2697 0.1334424 -1.7012983 0.6840947 0.47973996 -0.51373668 0.70418270 0.10025428 0.001059 1789539365.769098759 21.680 43.597 1.993 0.00000 -1 ACTUAL_TF
21.3278 0.1334345 -1.7012350 0.6840615 0.47972776 -0.51374112 0.70418921 0.10024418 0.001126 1789539365.825118780 21.716 43.561 1.932 0.00000 -1 ACTUAL_TF
21.3869 0.1334285 -1.7011563 0.6840142 0.47970977 -0.51373882 0.70420502 0.10023100 0.001280 1789539365.881215334 21.763 43.514 1.855 0.00000 -1 ACTUAL_TF
21.4449 0.1334132 -1.7010120 0.6838910 0.47969560 -0.51374616 0.70421259 0.10020800 0.001917 1789539365.937151194 21.847 43.430 1.684 0.00000 -1 ACTUAL_TF
21.4991 0.1333915 -1.7008521 0.6837342 0.47969841 -0.51375914 0.70420398 0.10018851 0.002549 1789539365.993104935 21.936 43.341 1.477 0.00000 -1 ACTUAL_TF
21.5579 0.1333600 -1.7006888 0.6835803 0.47971826 -0.51372942 0.70420925 0.10020886 0.002998 1789539366.049083233 22.020 43.257 1.267 0.00000 -1 ACTUAL_TF
21.6140 0.1333354 -1.7005101 0.6834154 0.47972073 -0.51373425 0.70420625 0.10019329 0.003406 1789539366.105159044 22.119 43.158 1.044 0.00000 -1 ACTUAL_TF
21.6614 0.1333132 -1.7003599 0.6832780 0.47972091 -0.51373900 0.70420436 0.10018137 0.003483 1789539366.161080837 22.202 43.075 0.856 0.00000 -1 ACTUAL_TF
21.7195 0.1332820 -1.7002077 0.6831379 0.47972085 -0.51373610 0.70420659 0.10018089 0.003557 1789539366.217170954 22.279 42.998 0.662 0.00000 -1 ACTUAL_TF
21.7740 0.1332496 -1.7000690 0.6830091 0.47972698 -0.51373561 0.70420220 0.10018485 0.003517 1789539366.273262024 22.346 42.931 0.482 0.00000 -1 ACTUAL_TF
21.8322 0.1332129 -1.6999365 0.6828931 0.47973251 -0.51372478 0.70420389 0.10020204 0.003429 1789539366.329103708 22.406 42.871 0.313 0.00000 -1 ACTUAL_TF
21.8873 0.1331899 -1.6998195 0.6827983 0.47972783 -0.51372260 0.70420854 0.10020299 0.003215 1789539366.385178566 22.466 42.811 0.175 0.00000 -1 ACTUAL_TF
21.9432 0.1331625 -1.6996823 0.6826836 0.47972360 -0.51372083 0.70421253 0.10020423 0.003219 1789539366.441194057 22.536 42.741 0.035 0.00000 -1 ACTUAL_TF
22.0017 0.1331329 -1.6995561 0.6825724 0.47972319 -0.51372538 0.70420899 0.10020779 0.003169 1789539366.497170925 22.597 42.680 0.158 0.00000 -1 ACTUAL_TF
22.0563 0.1330986 -1.6993960 0.6824301 0.47971684 -0.51373170 0.70420880 0.10020705 0.003380 1789539366.553192854 22.677 42.600 0.358 0.00000 -1 ACTUAL_TF
22.1151 0.1330533 -1.6992343 0.6822863 0.47972802 -0.51372512 0.70420268 0.10023029 0.003552 1789539366.609134674 22.749 42.528 0.566 0.00000 -1 ACTUAL_TF
22.1709 0.1330217 -1.6990890 0.6821629 0.47971747 -0.51373256 0.70420471 0.10022845 0.003523 1789539366.665026665 22.822 42.455 0.745 0.00000 -1 ACTUAL_TF
22.2271 0.1329746 -1.6989043 0.6819971 0.47972024 -0.51373826 0.70419707 0.10023958 0.003808 1789539366.721495152 22.908 42.369 0.982 0.00000 -1 ACTUAL_TF
22.2864 0.1329383 -1.6987659 0.6818867 0.47971003 -0.51373430 0.70420509 0.10025244 0.003640 1789539366.777125359 22.972 42.305 1.151 0.00000 -1 ACTUAL_TF
22.3423 0.1329081 -1.6985909 0.6817441 0.47970339 -0.51373841 0.70420607 0.10025626 0.003766 1789539366.833217859 23.065 42.212 1.359 0.00000 -1 ACTUAL_TF
22.3902 0.1329002 -1.6984399 0.6816245 0.47970408 -0.51374489 0.70420118 0.10025403 0.003671 1789539366.889124393 23.159 42.118 1.527 0.00000 -1 ACTUAL_TF
22.4481 0.1329152 -1.6983121 0.6815376 0.47970628 -0.51373837 0.70420396 0.10025740 0.003397 1789539366.945426464 23.254 42.023 1.650 0.00000 -1 ACTUAL_TF
22.5081 0.1329451 -1.6982039 0.6814843 0.47970346 -0.51372842 0.70421277 0.10026008 0.003047 1789539367.001157522 23.348 41.929 1.731 0.00000 -1 ACTUAL_TF
22.5644 0.1329724 -1.6981186 0.6814343 0.47970555 -0.51373384 0.70420758 0.10025869 0.002683 1789539367.057099104 23.425 41.852 1.799 0.00000 -1 ACTUAL_TF
22.6231 0.1330199 -1.6980506 0.6814107 0.47970968 -0.51373298 0.70420560 0.10025726 0.002339 1789539367.113178015 23.506 41.771 1.829 0.00000 -1 ACTUAL_TF
22.6779 0.1330639 -1.6980023 0.6813968 0.47971373 -0.51373504 0.70420113 0.10025872 0.001996 1789539367.169089794 23.571 41.707 1.844 0.00000 -1 ACTUAL_TF
22.7352 0.1331223 -1.6979572 0.6813923 0.47971706 -0.51373827 0.70419651 0.10025868 0.001793 1789539367.225125790 23.644 41.633 1.844 0.00000 -1 ACTUAL_TF
22.7834 0.1331832 -1.6979096 0.6813826 0.47972528 -0.51374240 0.70418909 0.10025038 0.001672 1789539367.281102419 23.721 41.556 1.847 0.00000 -1 ACTUAL_TF
22.8401 0.1332443 -1.6978612 0.6813695 0.47973145 -0.51375221 0.70417826 0.10024658 0.001593 1789539367.337205887 23.799 41.478 1.854 0.00000 -1 ACTUAL_TF
22.8955 0.1332965 -1.6978212 0.6813561 0.47973552 -0.51376418 0.70416734 0.10024244 0.001476 1789539367.393094063 23.864 41.413 1.860 0.00000 -1 ACTUAL_TF
22.9537 0.1333699 -1.6977681 0.6813397 0.47974359 -0.51377594 0.70415461 0.10023297 0.001526 1789539367.449198246 23.955 41.322 1.865 0.00000 -1 ACTUAL_TF
23.0079 0.1334367 -1.6977225 0.6813247 0.47974831 -0.51378918 0.70414238 0.10022843 0.001509 1789539367.505099058 24.035 41.242 1.869 0.00000 -1 ACTUAL_TF
23.0655 0.1334915 -1.6976909 0.6813141 0.47975053 -0.51379963 0.70413341 0.10022728 0.001399 1789539367.561149120 24.097 41.180 1.868 0.00000 -1 ACTUAL_TF
23.1194 0.1335726 -1.6976762 0.6813397 0.47975389 -0.51380091 0.70413011 0.10022786 0.001443 1789539367.617090225 24.167 41.110 1.820 0.00000 -1 ACTUAL_TF
23.1764 0.1336473 -1.6977014 0.6814069 0.47975629 -0.51379202 0.70413382 0.10023584 0.001542 1789539367.675478935 24.207 41.070 1.725 0.00000 -1 ACTUAL_TF
23.2311 0.1337404 -1.6977866 0.6815458 0.47976219 -0.51377393 0.70413988 0.10025778 0.002129 1789539367.729140043 24.220 41.057 1.537 0.00000 -1 ACTUAL_TF
23.2856 0.1338165 -1.6978451 0.6816493 0.47976817 -0.51376342 0.70414117 0.10027395 0.002246 1789539367.785150528 24.239 41.038 1.398 0.00000 -1 ACTUAL_TF
23.3411 0.1339164 -1.6979302 0.6817810 0.47977925 -0.51374806 0.70414192 0.10029437 0.002567 1789539367.841206312 24.258 41.019 1.213 0.00000 -1 ACTUAL_TF
23.3976 0.1340194 -1.6980143 0.6819099 0.47979793 -0.51373880 0.70413391 0.10030865 0.002791 1789539367.897143841 24.280 40.997 1.029 0.00000 -1 ACTUAL_TF
23.4538 0.1340911 -1.6981000 0.6820292 0.47980210 -0.51373320 0.70413212 0.10033000 0.002830 1789539367.953088522 24.277 41.000 0.866 0.00000 -1 ACTUAL_TF
23.5206 0.1341939 -1.6981830 0.6821609 0.47981347 -0.51372499 0.70412865 0.10034197 0.002979 1789539368.009162188 24.300 40.977 0.680 0.00000 -1 ACTUAL_TF
23.5667 0.1342943 -1.6982498 0.6822672 0.47982650 -0.51372197 0.70412189 0.10034257 0.002947 1789539368.065099955 24.331 40.946 0.524 0.00000 -1 ACTUAL_TF
23.6214 0.1344279 -1.6983548 0.6824508 0.47978986 -0.51374188 0.70413703 0.10030962 0.003401 1789539368.121194839 24.362 40.915 0.276 0.00000 -1 ACTUAL_TF
23.6764 0.1345301 -1.6984169 0.6825645 0.47980006 -0.51373388 0.70413543 0.10031298 0.003267 1789539368.177075624 24.398 40.879 0.117 0.00000 -1 ACTUAL_TF
23.7409 0.1346345 -1.6984880 0.6826882 0.47980282 -0.51373310 0.70413328 0.10031893 0.003234 1789539368.233061075 24.429 40.848 0.067 0.00000 -1 ACTUAL_TF
23.7972 0.1347144 -1.6985368 0.6827742 0.47980190 -0.51374185 0.70412687 0.10032346 0.002945 1789539368.289091825 24.457 40.820 0.188 0.00000 -1 ACTUAL_TF
23.8525 0.1348347 -1.6985841 0.6828890 0.47979685 -0.51374194 0.70413164 0.10031372 0.002988 1789539368.345064640 24.516 40.761 0.349 0.00000 -1 ACTUAL_TF
23.9087 0.1349550 -1.6986204 0.6829900 0.47980219 -0.51374689 0.70412578 0.10030393 0.002955 1789539368.401059151 24.583 40.694 0.495 0.00000 -1 ACTUAL_TF
23.9630 0.1350532 -1.6986512 0.6830746 0.47979939 -0.51375295 0.70412400 0.10029881 0.002780 1789539368.457210064 24.636 40.641 0.617 0.00000 -1 ACTUAL_TF
24.0155 0.1351662 -1.6986762 0.6831681 0.47979621 -0.51375375 0.70412645 0.10029268 0.002746 1789539368.513037443 24.705 40.572 0.749 0.00000 -1 ACTUAL_TF
24.0716 0.1352580 -1.6986967 0.6832506 0.47979322 -0.51375198 0.70413029 0.10028911 0.002592 1789539368.569071531 24.760 40.517 0.861 0.00000 -1 ACTUAL_TF
24.1284 0.1353649 -1.6987042 0.6833220 0.47979283 -0.51375657 0.70412785 0.10028457 0.002503 1789539368.625187159 24.835 40.442 0.966 0.00000 -1 ACTUAL_TF
24.1882 0.1354469 -1.6987130 0.6833887 0.47979150 -0.51375990 0.70412580 0.10028827 0.002321 1789539368.681135416 24.891 40.386 1.055 0.00000 -1 ACTUAL_TF
24.2459 0.1355615 -1.6987189 0.6834749 0.47979002 -0.51376015 0.70412606 0.10029223 0.002394 1789539368.737115145 24.974 40.304 1.173 0.00000 -1 ACTUAL_TF
24.2959 0.1356903 -1.6986845 0.6835321 0.47979206 -0.51376844 0.70411905 0.10028923 0.002448 1789539368.793476343 25.093 40.184 1.255 0.00000 -1 ACTUAL_TF
24.3543 0.1358135 -1.6986669 0.6836037 0.47979216 -0.51376608 0.70412045 0.10029099 0.002487 1789539368.849100828 25.197 40.080 1.354 0.00000 -1 ACTUAL_TF
24.4127 0.1359465 -1.6986089 0.6836428 0.47979654 -0.51377851 0.70410903 0.10028661 0.002546 1789539368.905140400 25.335 39.942 1.413 0.00000 -1 ACTUAL_TF
24.4712 0.1360738 -1.6985638 0.6836777 0.47980353 -0.51378151 0.70410331 0.10027797 0.002530 1789539368.961092710 25.461 39.816 1.473 0.00000 -1 ACTUAL_TF
24.5198 0.1361977 -1.6984815 0.6836835 0.47981368 -0.51380029 0.70408420 0.10026732 0.002568 1789539369.017094374 25.608 39.669 1.492 0.00000 -1 ACTUAL_TF
24.5764 0.1362889 -1.6984078 0.6836747 0.47982071 -0.51381989 0.70406630 0.10025897 0.002427 1789539369.073124886 25.725 39.552 1.489 0.00000 -1 ACTUAL_TF
24.6350 0.1363908 -1.6983243 0.6836633 0.47982856 -0.51383471 0.70405215 0.10024479 0.002409 1789539369.129090071 25.857 39.420 1.485 0.00000 -1 ACTUAL_TF
24.6932 0.1364559 -1.6982635 0.6836564 0.47983128 -0.51384540 0.70404376 0.10023585 0.002164 1789539369.185067654 25.946 39.331 1.479 0.00000 -1 ACTUAL_TF
24.7466 0.1365226 -1.6982191 0.6837183 0.47979505 -0.51381657 0.70408965 0.10023474 0.002057 1789539369.241126776 26.025 39.252 1.528 0.00000 -1 ACTUAL_TF
24.8048 0.1365620 -1.6981759 0.6837305 0.47978512 -0.51381512 0.70409807 0.10023057 0.001760 1789539369.297117949 26.084 39.194 1.532 0.00000 -1 ACTUAL_TF
24.8598 0.1365972 -1.6981471 0.6837629 0.47976724 -0.51379924 0.70412232 0.10022721 0.001531 1789539369.353141785 26.129 39.148 1.556 0.00000 -1 ACTUAL_TF
24.9143 0.1366231 -1.6981161 0.6837921 0.47974964 -0.51378667 0.70414389 0.10022439 0.001339 1789539369.409059286 26.169 39.108 1.572 0.00000 -1 ACTUAL_TF
24.9705 0.1366384 -1.6980969 0.6838280 0.47972805 -0.51376688 0.70417294 0.10022506 0.001170 1789539369.465067863 26.194 39.083 1.595 0.00000 -1 ACTUAL_TF
25.0245 0.1366408 -1.6980615 0.6838480 0.47970022 -0.51374620 0.70420694 0.10022541 0.001038 1789539369.521042585 26.219 39.058 1.592 0.00000 -1 ACTUAL_TF
25.0788 0.1366377 -1.6979946 0.6838066 0.47968313 -0.51373991 0.70422420 0.10021820 0.001149 1789539369.577002048 26.261 39.016 1.526 0.00000 -1 ACTUAL_TF
25.1344 0.1366286 -1.6978703 0.6837034 0.47967064 -0.51374141 0.70423484 0.10019548 0.001671 1789539369.632983208 26.336 38.941 1.383 0.00000 -1 ACTUAL_TF
25.1897 0.1366050 -1.6977746 0.6835988 0.47970381 -0.51370661 0.70423312 0.10022713 0.001933 1789539369.689452887 26.381 38.896 1.247 0.00000 -1 ACTUAL_TF
25.2454 0.1365982 -1.6976334 0.6834729 0.47970809 -0.51369141 0.70424379 0.10020960 0.002375 1789539369.745015621 26.469 38.808 1.079 0.00000 -1 ACTUAL_TF
25.3030 0.1365461 -1.6974901 0.6833107 0.47971307 -0.51369722 0.70423827 0.10019481 0.002853 1789539369.801151752 26.525 38.752 0.864 0.00000 -1 ACTUAL_TF
25.3598 0.1364965 -1.6973821 0.6831929 0.47970986 -0.51369372 0.70424413 0.10018687 0.002895 1789539369.857059717 26.559 38.718 0.700 0.00000 -1 ACTUAL_TF
25.4148 0.1364100 -1.6972303 0.6830078 0.47970880 -0.51370590 0.70423742 0.10017668 0.003389 1789539369.913075924 26.594 38.683 0.448 0.00000 -1 ACTUAL_TF
25.4691 0.1363375 -1.6971329 0.6828889 0.47970717 -0.51370858 0.70423672 0.10017568 0.003283 1789539369.969023228 26.604 38.673 0.278 0.00000 -1 ACTUAL_TF
25.5247 0.1362379 -1.6970024 0.6827169 0.47972481 -0.51370030 0.70422748 0.10019861 0.003571 1789539370.025072575 26.615 38.662 0.043 0.00000 -1 ACTUAL_TF
25.5824 0.1361676 -1.6969014 0.6825921 0.47971801 -0.51371143 0.70422483 0.10019271 0.003439 1789539370.081046820 26.629 38.648 0.135 0.00000 -1 ACTUAL_TF
25.6374 0.1360951 -1.6967672 0.6824334 0.47971629 -0.51371978 0.70422062 0.10018773 0.003587 1789539370.137048960 26.663 38.614 0.352 0.00000 -1 ACTUAL_TF
25.6928 0.1360215 -1.6966336 0.6822776 0.47971776 -0.51372894 0.70421278 0.10018892 0.003679 1789539370.193061113 26.696 38.581 0.567 0.00000 -1 ACTUAL_TF
25.7586 0.1359688 -1.6965452 0.6821877 0.47971139 -0.51372941 0.70421594 0.10019472 0.003307 1789539370.249067545 26.714 38.563 0.703 0.00000 -1 ACTUAL_TF
25.8101 0.1359207 -1.6964180 0.6820554 0.47971417 -0.51373632 0.70420887 0.10019569 0.003330 1789539370.305114746 26.762 38.515 0.886 0.00000 -1 ACTUAL_TF
25.8668 0.1358924 -1.6963291 0.6819746 0.47971382 -0.51373528 0.70420911 0.10020104 0.002993 1789539370.361076117 26.800 38.477 1.004 0.00000 -1 ACTUAL_TF
25.9238 0.1358652 -1.6962234 0.6818819 0.47971310 -0.51373759 0.70420758 0.10020335 0.002862 1789539370.417067528 26.849 38.428 1.138 0.00000 -1 ACTUAL_TF
25.9801 0.1358458 -1.6961332 0.6818034 0.47971662 -0.51374448 0.70420042 0.10020155 0.002653 1789539370.473037720 26.894 38.383 1.251 0.00000 -1 ACTUAL_TF
26.0361 0.1358188 -1.6960378 0.6817266 0.47970984 -0.51375307 0.70419820 0.10020557 0.002528 1789539370.529063940 26.937 38.340 1.368 0.00000 -1 ACTUAL_TF
26.0927 0.1357897 -1.6959703 0.6816753 0.47970239 -0.51376184 0.70419492 0.10021928 0.002250 1789539370.585096836 26.959 38.318 1.454 0.00000 -1 ACTUAL_TF
26.1476 0.1357726 -1.6958907 0.6816331 0.47969057 -0.51377620 0.70418962 0.10023946 0.002066 1789539370.641103268 26.999 38.278 1.535 0.00000 -1 ACTUAL_TF
26.2030 0.1358374 -1.6958055 0.6816142 0.47969080 -0.51377489 0.70419045 0.10023928 0.002029 1789539370.697096825 27.104 38.173 1.563 0.00000 -1 ACTUAL_TF
26.2598 0.1358922 -1.6957281 0.6815928 0.47970761 -0.51377328 0.70417764 0.10025708 0.001941 1789539370.753062248 27.196 38.081 1.594 0.00000 -1 ACTUAL_TF
26.3220 0.1359864 -1.6956336 0.6815835 0.47970972 -0.51377780 0.70417263 0.10025898 0.002075 1789539370.809091806 27.330 37.947 1.607 0.00000 -1 ACTUAL_TF
26.3676 0.1360879 -1.6955522 0.6815817 0.47970867 -0.51378421 0.70416939 0.10025394 0.002150 1789539370.865039349 27.460 37.818 1.604 0.00000 -1 ACTUAL_TF
26.4264 0.1362160 -1.6954433 0.6815584 0.47971883 -0.51380369 0.70414984 0.10024282 0.002413 1789539370.921109915 27.627 37.650 1.618 0.00000 -1 ACTUAL_TF
26.4840 0.1363236 -1.6953596 0.6815423 0.47972573 -0.51381763 0.70413621 0.10023406 0.002425 1789539370.977094412 27.763 37.514 1.623 0.00000 -1 ACTUAL_TF
26.5409 0.1364627 -1.6952591 0.6815179 0.47974054 -0.51383330 0.70411694 0.10021817 0.002627 1789539371.033024073 27.934 37.343 1.629 0.00000 -1 ACTUAL_TF
26.5957 0.1365724 -1.6951726 0.6814931 0.47975121 -0.51385297 0.70409690 0.10020708 0.002599 1789539371.089037180 28.073 37.204 1.642 0.00000 -1 ACTUAL_TF
26.6511 0.1366521 -1.6951112 0.6814721 0.47975647 -0.51387285 0.70407942 0.10020275 0.002369 1789539371.145055056 28.174 37.104 1.653 0.00000 -1 ACTUAL_TF
26.7070 0.1367488 -1.6950596 0.6814732 0.47976287 -0.51388490 0.70406663 0.10020017 0.002246 1789539371.201043129 28.280 36.997 1.635 0.00000 -1 ACTUAL_TF
26.7617 0.1368412 -1.6950297 0.6814981 0.47976860 -0.51388543 0.70406304 0.10019529 0.002109 1789539371.257086515 28.369 36.908 1.591 0.00000 -1 ACTUAL_TF
26.8199 0.1369515 -1.6950424 0.6815908 0.47976686 -0.51387121 0.70407358 0.10020248 0.002251 1789539371.313071489 28.444 36.833 1.467 0.00000 -1 ACTUAL_TF
26.8761 0.1370539 -1.6950704 0.6816928 0.47976404 -0.51385095 0.70408909 0.10021088 0.002365 1789539371.369053125 28.502 36.775 1.332 0.00000 -1 ACTUAL_TF
26.9327 0.1371609 -1.6951058 0.6818075 0.47975857 -0.51382997 0.70410632 0.10022356 0.002516 1789539371.425106525 28.559 36.718 1.182 0.00000 -1 ACTUAL_TF
26.9866 0.1372501 -1.6951521 0.6819215 0.47975192 -0.51381030 0.70412290 0.10023979 0.002575 1789539371.481122017 28.596 36.681 1.034 0.00000 -1 ACTUAL_TF
27.0409 0.1373695 -1.6952150 0.6820698 0.47975031 -0.51377973 0.70414425 0.10025419 0.002878 1789539371.537067413 28.644 36.633 0.840 0.00000 -1 ACTUAL_TF
27.0944 0.1374727 -1.6952814 0.6821949 0.47975678 -0.51376595 0.70414721 0.10027303 0.002953 1789539371.593060493 28.678 36.599 0.668 0.00000 -1 ACTUAL_TF
27.1508 0.1375761 -1.6953345 0.6823023 0.47977239 -0.51375227 0.70414537 0.10028139 0.002915 1789539371.649054766 28.721 36.556 0.516 0.00000 -1 ACTUAL_TF
27.2080 0.1376869 -1.6954329 0.6824706 0.47976893 -0.51372510 0.70416420 0.10030486 0.003241 1789539371.705077648 28.739 36.538 0.292 0.00000 -1 ACTUAL_TF
27.2653 0.1377841 -1.6955162 0.6826076 0.47977796 -0.51370953 0.70416712 0.10032097 0.003272 1789539371.761176348 28.757 36.520 0.106 0.00000 -1 ACTUAL_TF
27.3116 0.1378672 -1.6955849 0.6827213 0.47978395 -0.51370153 0.70416649 0.10033765 0.003227 1789539371.811365843 28.774 36.503 0.051 0.00000 -1 ACTUAL_TF
27.3687 0.1379738 -1.6956818 0.6828717 0.47979261 -0.51368537 0.70417009 0.10035375 0.003417 1789539371.865331173 28.791 36.487 0.258 0.00000 -1 ACTUAL_TF
27.4223 0.1380583 -1.6957467 0.6829736 0.47980129 -0.51368414 0.70416361 0.10036400 0.003185 1789539371.921058655 28.811 36.466 0.404 0.00000 -1 ACTUAL_TF
27.4851 0.1381874 -1.6958140 0.6831151 0.47975031 -0.51372671 0.70417653 0.10029910 0.003318 1789539371.977031708 28.864 36.413 0.600 0.00000 -1 ACTUAL_TF
27.5388 0.1382675 -1.6958870 0.6832193 0.47976474 -0.51372033 0.70416882 0.10031696 0.003128 1789539372.033028603 28.876 36.401 0.750 0.00000 -1 ACTUAL_TF
27.5922 0.1383730 -1.6959697 0.6833563 0.47977131 -0.51371099 0.70416980 0.10032648 0.003216 1789539372.089031696 28.901 36.377 0.940 0.00000 -1 ACTUAL_TF
27.6477 0.1384573 -1.6960187 0.6834439 0.47977450 -0.51371026 0.70416797 0.10032779 0.002954 1789539372.145013571 28.932 36.346 1.067 0.00000 -1 ACTUAL_TF
27.7034 0.1385499 -1.6960724 0.6835477 0.47977342 -0.51371771 0.70416406 0.10032232 0.002866 1789539372.201049089 28.966 36.311 1.212 0.00000 -1 ACTUAL_TF
27.7572 0.1386427 -1.6961246 0.6836485 0.47976893 -0.51372832 0.70416000 0.10031787 0.002790 1789539372.257173538 29.001 36.276 1.355 0.00000 -1 ACTUAL_TF
27.8129 0.1387277 -1.6961575 0.6837263 0.47977158 -0.51372533 0.70416072 0.10031553 0.002596 1789539372.313024282 29.043 36.234 1.467 0.00000 -1 ACTUAL_TF
27.8683 0.1388111 -1.6961917 0.6838138 0.47977145 -0.51372517 0.70416065 0.10031742 0.002487 1789539372.369353056 29.083 36.194 1.586 0.00000 -1 ACTUAL_TF
27.9257 0.1388844 -1.6962151 0.6838799 0.47977079 -0.51372081 0.70416396 0.10031966 0.002287 1789539372.425073385 29.123 36.154 1.679 0.00000 -1 ACTUAL_TF
27.9821 0.1389794 -1.6961991 0.6839163 0.47977729 -0.51372519 0.70415786 0.10030902 0.002152 1789539372.481064320 29.205 36.072 1.741 0.00000 -1 ACTUAL_TF
28.0389 0.1390475 -1.6962024 0.6839622 0.47978013 -0.51372218 0.70415829 0.10030778 0.001946 1789539372.537198305 29.254 36.023 1.807 0.00000 -1 ACTUAL_TF
28.0928 0.1391207 -1.6961925 0.6840026 0.47978037 -0.51372483 0.70415650 0.10030560 0.001814 1789539372.593060493 29.315 35.962 1.864 0.00000 -1 ACTUAL_TF
28.1533 0.1391776 -1.6961723 0.6840210 0.47978222 -0.51372876 0.70415309 0.10030062 0.001608 1789539372.649089575 29.371 35.906 1.893 0.00000 -1 ACTUAL_TF
28.2089 0.1392414 -1.6961365 0.6840285 0.47978682 -0.51373526 0.70414624 0.10029339 0.001519 1789539372.705142021 29.443 35.834 1.909 0.00000 -1 ACTUAL_TF
28.2679 0.1392848 -1.6960889 0.6840156 0.47979172 -0.51374984 0.70413304 0.10028795 0.001416 1789539372.761102438 29.507 35.770 1.895 0.00000 -1 ACTUAL_TF
28.3241 0.1393183 -1.6960459 0.6840010 0.47979701 -0.51376223 0.70412132 0.10028147 0.001293 1789539372.817112207 29.560 35.717 1.878 0.00000 -1 ACTUAL_TF
28.3784 0.1393514 -1.6959888 0.6839895 0.47980031 -0.51377397 0.70411187 0.10027189 0.001264 1789539372.873129606 29.623 35.654 1.854 0.00000 -1 ACTUAL_TF
28.4341 0.1393784 -1.6959473 0.6840035 0.47978935 -0.51377166 0.70412160 0.10026782 0.001161 1789539372.929013252 29.671 35.606 1.855 0.00000 -1 ACTUAL_TF
28.4827 0.1394118 -1.6959128 0.6840601 0.47975535 -0.51374257 0.70416627 0.10026588 0.001258 1789539372.979059458 29.719 35.558 1.892 0.00000 -1 ACTUAL_TF
28.5399 0.1394352 -1.6958275 0.6840572 0.47972725 -0.51373152 0.70419522 0.10025358 0.001371 1789539373.033083677 29.793 35.484 1.857 0.00000 -1 ACTUAL_TF
28.5967 0.1394330 -1.6957049 0.6839741 0.47970870 -0.51373900 0.70420458 0.10023828 0.001755 1789539373.089028358 29.872 35.405 1.733 0.00000 -1 ACTUAL_TF
28.6535 0.1394350 -1.6955253 0.6838393 0.47969145 -0.51375383 0.70420944 0.10021068 0.002431 1789539373.145046473 29.992 35.285 1.543 0.00000 -1 ACTUAL_TF
28.7012 0.1394251 -1.6953679 0.6837077 0.47968801 -0.51376790 0.70420382 0.10019446 0.002802 1789539373.201053143 30.089 35.188 1.362 0.00000 -1 ACTUAL_TF
28.7589 0.1394025 -1.6952157 0.6835743 0.47970774 -0.51374882 0.70420032 0.10022249 0.003052 1789539373.257047653 30.172 35.105 1.176 0.00000 -1 ACTUAL_TF
28.8146 0.1393956 -1.6950739 0.6834582 0.47970382 -0.51376029 0.70419671 0.10020782 0.003119 1789539373.313071251 30.261 35.017 1.015 0.00000 -1 ACTUAL_TF
28.8704 0.1393849 -1.6949330 0.6833476 0.47969551 -0.51376277 0.70420123 0.10020310 0.003145 1789539373.369046926 30.345 34.932 0.858 0.00000 -1 ACTUAL_TF
28.9264 0.1393753 -1.6947778 0.6832072 0.47969889 -0.51377228 0.70419318 0.10019479 0.003323 1789539373.425061941 30.441 34.837 0.671 0.00000 -1 ACTUAL_TF
28.9898 0.1393626 -1.6946563 0.6831129 0.47969358 -0.51377476 0.70419576 0.10018931 0.003153 1789539373.481050968 30.511 34.766 0.535 0.00000 -1 ACTUAL_TF
29.0491 0.1393319 -1.6945177 0.6829741 0.47972026 -0.51376098 0.70418371 0.10021690 0.003270 1789539373.537075043 30.580 34.698 0.349 0.00000 -1 ACTUAL_TF
29.0951 0.1393171 -1.6943809 0.6828622 0.47970781 -0.51376934 0.70418822 0.10020200 0.003240 1789539373.593061447 30.659 34.618 0.193 0.00000 -1 ACTUAL_TF
29.1513 0.1392821 -1.6942227 0.6827222 0.47970462 -0.51375996 0.70419598 0.10021077 0.003415 1789539373.649070978 30.737 34.540 0.048 0.00000 -1 ACTUAL_TF
29.2082 0.1392538 -1.6940672 0.6825676 0.47970610 -0.51377278 0.70418731 0.10019891 0.003572 1789539373.705206394 30.818 34.459 0.220 0.00000 -1 ACTUAL_TF
29.2635 0.1392212 -1.6938941 0.6824106 0.47970849 -0.51375933 0.70419477 0.10020399 0.003768 1789539373.761066437 30.908 34.369 0.437 0.00000 -1 ACTUAL_TF
29.3207 0.1392024 -1.6937516 0.6822838 0.47970725 -0.51375481 0.70420041 0.10019344 0.003664 1789539373.817050457 30.988 34.289 0.610 0.00000 -1 ACTUAL_TF
29.3756 0.1391731 -1.6935765 0.6821177 0.47971597 -0.51375228 0.70419706 0.10018822 0.003866 1789539373.873106241 31.081 34.196 0.834 0.00000 -1 ACTUAL_TF
29.4323 0.1391445 -1.6933989 0.6819572 0.47972051 -0.51374799 0.70419802 0.10018173 0.003998 1789539373.929073811 31.177 34.100 1.055 0.00000 -1 ACTUAL_TF
29.4884 0.1391220 -1.6932662 0.6818329 0.47971844 -0.51374471 0.70420241 0.10017765 0.003781 1789539373.985034227 31.247 34.030 1.224 0.00000 -1 ACTUAL_TF
29.5483 0.1390908 -1.6931303 0.6817138 0.47971916 -0.51373664 0.70420712 0.10018248 0.003628 1789539374.041064501 31.314 33.963 1.395 0.00000 -1 ACTUAL_TF
29.5980 0.1390691 -1.6930296 0.6816313 0.47971476 -0.51373536 0.70421140 0.10017999 0.003247 1789539374.097041845 31.364 33.913 1.517 0.00000 -1 ACTUAL_TF
29.6545 0.1390457 -1.6929258 0.6815419 0.47971663 -0.51373547 0.70420961 0.10018309 0.003017 1789539374.153091669 31.415 33.862 1.646 0.00000 -1 ACTUAL_TF
29.7126 0.1390232 -1.6928688 0.6815027 0.47971945 -0.51372024 0.70421546 0.10020654 0.002502 1789539374.209066868 31.436 33.841 1.715 0.00000 -1 ACTUAL_TF
29.7688 0.1389978 -1.6928008 0.6814535 0.47970861 -0.51373421 0.70421197 0.10021134 0.002221 1789539374.265039444 31.461 33.816 1.798 0.00000 -1 ACTUAL_TF
29.8308 0.1389703 -1.6927574 0.6814324 0.47969235 -0.51374321 0.70421422 0.10022718 0.001852 1789539374.321049929 31.470 33.807 1.849 0.00000 -1 ACTUAL_TF
29.8798 0.1389703 -1.6927240 0.6814193 0.47968297 -0.51375047 0.70421383 0.10023762 0.001489 1789539374.377047777 31.492 33.785 1.876 0.00000 -1 ACTUAL_TF
29.9369 0.1390075 -1.6926787 0.6814069 0.47968856 -0.51375313 0.70420782 0.10023952 0.001364 1789539374.433032036 31.550 33.727 1.892 0.00000 -1 ACTUAL_TF
29.9968 0.1390618 -1.6926366 0.6813968 0.47969752 -0.51375318 0.70420235 0.10023475 0.001326 1789539374.489066362 31.618 33.659 1.896 0.00000 -1 ACTUAL_TF
30.0525 0.1391125 -1.6925919 0.6813853 0.47970295 -0.51376189 0.70419201 0.10023682 0.001296 1789539374.544984818 31.686 33.591 1.904 0.00000 -1 ACTUAL_TF
30.1082 0.1391556 -1.6925499 0.6813720 0.47970957 -0.51377144 0.70418061 0.10023626 0.001237 1789539374.601061821 31.746 33.531 1.915 0.00000 -1 ACTUAL_TF
30.1636 0.1392292 -1.6924975 0.6813555 0.47971793 -0.51378314 0.70416727 0.10022999 0.001358 1789539374.657104492 31.835 33.442 1.920 0.00000 -1 ACTUAL_TF
30.2193 0.1392846 -1.6924604 0.6813435 0.47972191 -0.51379369 0.70415733 0.10022669 0.001313 1789539374.713066101 31.901 33.376 1.922 0.00000 -1 ACTUAL_TF
30.2726 0.1393648 -1.6924117 0.6813284 0.47972811 -0.51380579 0.70414507 0.10022115 0.001429 1789539374.769038200 31.994 33.283 1.922 0.00000 -1 ACTUAL_TF
30.3261 0.1394493 -1.6923640 0.6813247 0.47973473 -0.51381577 0.70413414 0.10021509 0.001520 1789539374.825060606 32.088 33.189 1.910 0.00000 -1 ACTUAL_TF
30.3834 0.1395422 -1.6923468 0.6813549 0.47974155 -0.51381223 0.70413263 0.10021113 0.001595 1789539374.881096601 32.169 33.108 1.855 0.00000 -1 ACTUAL_TF
30.4376 0.1396481 -1.6924072 0.6814917 0.47973812 -0.51378876 0.70414953 0.10022924 0.002099 1789539374.937043190 32.209 33.068 1.677 0.00000 -1 ACTUAL_TF
30.4927 0.1397454 -1.6924807 0.6816194 0.47974529 -0.51377443 0.70415226 0.10024913 0.002416 1789539374.993013859 32.234 33.043 1.502 0.00000 -1 ACTUAL_TF
30.5601 0.1398626 -1.6925372 0.6817407 0.47975723 -0.51376289 0.70415044 0.10026386 0.002643 1789539375.049058914 32.285 32.992 1.331 0.00000 -1 ACTUAL_TF
30.6066 0.1399493 -1.6925990 0.6818426 0.47976615 -0.51376116 0.70414292 0.10028289 0.002639 1789539375.105104923 32.309 32.968 1.186 0.00000 -1 ACTUAL_TF
30.6617 0.1400717 -1.6926656 0.6819743 0.47977899 -0.51375123 0.70413943 0.10029682 0.002875 1789539375.161080599 32.357 32.920 1.001 0.00000 -1 ACTUAL_TF
30.7191 0.1401979 -1.6927418 0.6821191 0.47978933 -0.51373654 0.70414117 0.10031048 0.003119 1789539375.217082977 32.402 32.875 0.799 0.00000 -1 ACTUAL_TF
30.7749 0.1403057 -1.6927935 0.6822263 0.47980107 -0.51373026 0.70413695 0.10031602 0.003043 1789539375.273123741 32.448 32.829 0.646 0.00000 -1 ACTUAL_TF
30.8335 0.1404137 -1.6928485 0.6823362 0.47981258 -0.51373194 0.70412655 0.10032539 0.003008 1789539375.329062462 32.493 32.784 0.489 0.00000 -1 ACTUAL_TF
30.8891 0.1405250 -1.6929029 0.6824580 0.47980852 -0.51373325 0.70412909 0.10032029 0.003036 1789539375.385067701 32.541 32.736 0.322 0.00000 -1 ACTUAL_TF
30.9459 0.1406696 -1.6929530 0.6825985 0.47977856 -0.51375182 0.70414136 0.10028237 0.003238 1789539375.441066265 32.617 32.660 0.130 0.00000 -1 ACTUAL_TF
31.0008 0.1407635 -1.6929839 0.6826770 0.47978501 -0.51375103 0.70413622 0.10029160 0.002943 1789539375.497056484 32.667 32.610 0.034 0.00000 -1 ACTUAL_TF
31.0575 0.1408778 -1.6930248 0.6827842 0.47978941 -0.51374564 0.70413635 0.10029721 0.002926 1789539375.553137779 32.726 32.551 0.143 0.00000 -1 ACTUAL_TF
31.1151 0.1409833 -1.6930405 0.6828575 0.47979344 -0.51374296 0.70413617 0.10029298 0.002743 1789539375.609051228 32.795 32.482 0.252 0.00000 -1 ACTUAL_TF
31.1709 0.1410844 -1.6930590 0.6829424 0.47979381 -0.51374557 0.70413365 0.10029551 0.002634 1789539375.665048361 32.858 32.419 0.368 0.00000 -1 ACTUAL_TF
31.2285 0.1412093 -1.6930800 0.6830399 0.47979377 -0.51374922 0.70413153 0.10029190 0.002700 1789539375.721063614 32.938 32.339 0.506 0.00000 -1 ACTUAL_TF
31.2813 0.1413199 -1.6930936 0.6831222 0.47979296 -0.51374914 0.70413347 0.10028260 0.002632 1789539375.777067184 33.012 32.265 0.623 0.00000 -1 ACTUAL_TF
31.3414 0.1414539 -1.6931209 0.6832427 0.47978848 -0.51374620 0.70413887 0.10028112 0.002819 1789539375.833035946 33.095 32.182 0.784 0.00000 -1 ACTUAL_TF
31.3963 0.1415548 -1.6931348 0.6833250 0.47978509 -0.51375212 0.70413642 0.10028420 0.002674 1789539375.889078617 33.162 32.115 0.897 0.00000 -1 ACTUAL_TF
31.4515 0.1416922 -1.6931553 0.6834334 0.47978574 -0.51375357 0.70413445 0.10028747 0.002817 1789539375.945072889 33.252 32.025 1.048 0.00000 -1 ACTUAL_TF
31.5087 0.1418028 -1.6931610 0.6835039 0.47978939 -0.51376199 0.70412577 0.10028784 0.002674 1789539376.001073122 33.331 31.946 1.153 0.00000 -1 ACTUAL_TF
31.5656 0.1419394 -1.6931723 0.6836220 0.47978577 -0.51376141 0.70412832 0.10029030 0.002841 1789539376.057123184 33.426 31.851 1.306 0.00000 -1 ACTUAL_TF
31.6217 0.1420797 -1.6931813 0.6837275 0.47977853 -0.51376397 0.70413162 0.10028861 0.002931 1789539376.113085270 33.526 31.751 1.451 0.00000 -1 ACTUAL_TF
31.6793 0.1421926 -1.6931667 0.6837922 0.47977750 -0.51376661 0.70413164 0.10027990 0.002753 1789539376.169104576 33.620 31.657 1.541 0.00000 -1 ACTUAL_TF
31.7271 0.1423130 -1.6931608 0.6838681 0.47977269 -0.51376761 0.70413473 0.10027607 0.002690 1789539376.225114584 33.714 31.563 1.648 0.00000 -1 ACTUAL_TF
31.7861 0.1423891 -1.6931454 0.6839106 0.47976949 -0.51377153 0.70413407 0.10027591 0.002357 1789539376.281130552 33.782 31.495 1.706 0.00000 -1 ACTUAL_TF
31.8422 0.1424712 -1.6930989 0.6839200 0.47977556 -0.51378206 0.70412326 0.10026883 0.002158 1789539376.337127209 33.874 31.403 1.726 0.00000 -1 ACTUAL_TF
31.8938 0.1425295 -1.6930530 0.6839166 0.47978270 -0.51379127 0.70411282 0.10026075 0.001908 1789539376.393190145 33.948 31.329 1.726 0.00000 -1 ACTUAL_TF
31.9499 0.1425794 -1.6929999 0.6838988 0.47978924 -0.51380621 0.70409851 0.10025343 0.001738 1789539376.449115276 34.021 31.256 1.709 0.00000 -1 ACTUAL_TF
32.0090 0.1426192 -1.6929662 0.6838919 0.47979420 -0.51381384 0.70409036 0.10024783 0.001499 1789539376.505070925 34.073 31.204 1.705 0.00000 -1 ACTUAL_TF
32.0664 0.1426590 -1.6929218 0.6838825 0.47979866 -0.51382153 0.70408291 0.10023940 0.001372 1789539376.561023474 34.132 31.145 1.693 0.00000 -1 ACTUAL_TF
32.1256 0.1426893 -1.6928879 0.6838778 0.47980004 -0.51382676 0.70407892 0.10023398 0.001206 1789539376.617063999 34.177 31.100 1.686 0.00000 -1 ACTUAL_TF
32.1775 0.1427127 -1.6928622 0.6838815 0.47979938 -0.51382474 0.70408178 0.10022747 0.001031 1789539376.673115730 34.212 31.065 1.686 0.00000 -1 ACTUAL_TF
32.2363 0.1427337 -1.6928558 0.6839732 0.47974883 -0.51377663 0.70415053 0.10023308 0.001227 1789539376.729101419 34.232 31.045 1.757 0.00000 -1 ACTUAL_TF
32.2893 0.1427366 -1.6928349 0.6839811 0.47973987 -0.51377106 0.70416115 0.10022986 0.000980 1789539376.785069227 34.248 31.029 1.753 0.00000 -1 ACTUAL_TF
32.3447 0.1427346 -1.6927895 0.6839738 0.47971628 -0.51375521 0.70418928 0.10022643 0.000932 1789539376.841068745 34.277 31.000 1.723 0.00000 -1 ACTUAL_TF
32.4028 0.1427296 -1.6926970 0.6838958 0.47970839 -0.51375610 0.70419682 0.10020661 0.001302 1789539376.897065401 34.334 30.943 1.616 0.00000 -1 ACTUAL_TF
32.4585 0.1427272 -1.6925800 0.6837975 0.47969858 -0.51375002 0.70421161 0.10018085 0.001731 1789539376.953003883 34.409 30.868 1.484 0.00000 -1 ACTUAL_TF
32.5190 0.1427010 -1.6924511 0.6836618 0.47973623 -0.51370394 0.70421554 0.10020924 0.002223 1789539377.009038210 34.475 30.802 1.307 0.00000 -1 ACTUAL_TF
32.5747 0.1426634 -1.6923254 0.6835384 0.47972358 -0.51371074 0.70422266 0.10018492 0.002521 1789539377.065030098 34.529 30.748 1.135 0.00000 -1 ACTUAL_TF
32.6263 0.1425910 -1.6921918 0.6833932 0.47971234 -0.51371144 0.70423082 0.10017769 0.002890 1789539377.121076345 34.563 30.714 0.928 0.00000 -1 ACTUAL_TF
32.6904 0.1425253 -1.6920691 0.6832579 0.47970596 -0.51371004 0.70423659 0.10017493 0.003063 1789539377.177048922 34.595 30.682 0.736 0.00000 -1 ACTUAL_TF
32.7404 0.1424443 -1.6919378 0.6831015 0.47970268 -0.51371826 0.70423326 0.10017188 0.003322 1789539377.232986689 34.620 30.657 0.518 0.00000 -1 ACTUAL_TF
32.7956 0.1423751 -1.6918203 0.6829669 0.47969628 -0.51372657 0.70423193 0.10016920 0.003351 1789539377.289063692 34.646 30.631 0.329 0.00000 -1 ACTUAL_TF
32.8537 0.1422976 -1.6916948 0.6828196 0.47971677 -0.51370707 0.70422779 0.10020022 0.003461 1789539377.345101357 34.671 30.606 0.123 0.00000 -1 ACTUAL_TF
32.9123 0.1422489 -1.6915603 0.6826760 0.47971132 -0.51372534 0.70422078 0.10018190 0.003509 1789539377.401067495 34.723 30.554 0.077 0.00000 -1 ACTUAL_TF
32.9628 0.1421940 -1.6914240 0.6825305 0.47971244 -0.51373163 0.70421526 0.10018312 0.003564 1789539377.457073927 34.771 30.506 0.276 0.00000 -1 ACTUAL_TF
33.0211 0.1421530 -1.6912948 0.6824042 0.47971262 -0.51373933 0.70421000 0.10017976 0.003488 1789539377.513059855 34.826 30.451 0.453 0.00000 -1 ACTUAL_TF
33.0739 0.1421154 -1.6911850 0.6823023 0.47971311 -0.51374410 0.70420562 0.10018369 0.003270 1789539377.569023132 34.870 30.407 0.601 0.00000 -1 ACTUAL_TF
33.1333 0.1420887 -1.6910568 0.6821907 0.47971029 -0.51374944 0.70420415 0.10018016 0.003209 1789539377.625119209 34.935 30.342 0.761 0.00000 -1 ACTUAL_TF
33.1935 0.1420612 -1.6909570 0.6820984 0.47971867 -0.51374939 0.70419708 0.10018998 0.002991 1789539377.680997133 34.980 30.297 0.892 0.00000 -1 ACTUAL_TF
33.2421 0.1420279 -1.6908417 0.6820060 0.47971137 -0.51375193 0.70419889 0.10019919 0.002904 1789539377.737047672 35.031 30.246 1.034 0.00000 -1 ACTUAL_TF
33.3038 0.1419891 -1.6907353 0.6819189 0.47970176 -0.51376845 0.70419200 0.10020895 0.002799 1789539377.793000937 35.072 30.205 1.170 0.00000 -1 ACTUAL_TF
33.3528 0.1419540 -1.6906202 0.6818392 0.47969502 -0.51377052 0.70418986 0.10024563 0.002732 1789539377.849066973 35.122 30.155 1.305 0.00000 -1 ACTUAL_TF
33.4098 0.1419983 -1.6904756 0.6817633 0.47969420 -0.51377477 0.70418711 0.10024703 0.002817 1789539377.905172586 35.251 30.026 1.415 0.00000 -1 ACTUAL_TF
33.4656 0.1420454 -1.6903455 0.6817044 0.47969391 -0.51377728 0.70418510 0.10024969 0.002779 1789539377.961087465 35.372 29.905 1.504 0.00000 -1 ACTUAL_TF
33.5201 0.1421201 -1.6902109 0.6816564 0.47969807 -0.51377417 0.70418350 0.10025701 0.002809 1789539378.017077446 35.517 29.760 1.574 0.00000 -1 ACTUAL_TF
33.5777 0.1421936 -1.6901042 0.6816223 0.47970374 -0.51377462 0.70417900 0.10025914 0.002683 1789539378.073107719 35.642 29.635 1.621 0.00000 -1 ACTUAL_TF
33.6327 0.1423127 -1.6899765 0.6815921 0.47971338 -0.51377127 0.70417566 0.10025364 0.002828 1789539378.129069090 35.816 29.461 1.654 0.00000 -1 ACTUAL_TF
33.6874 0.1423916 -1.6899114 0.6815898 0.47971001 -0.51377294 0.70417672 0.10025374 0.002528 1789539378.185045004 35.918 29.359 1.653 0.00000 -1 ACTUAL_TF
33.7449 0.1424888 -1.6898329 0.6815823 0.47971392 -0.51378063 0.70416966 0.10024520 0.002440 1789539378.241126537 36.043 29.234 1.655 0.00000 -1 ACTUAL_TF
33.7991 0.1425693 -1.6897729 0.6815717 0.47971968 -0.51378907 0.70416068 0.10023748 0.002249 1789539378.297037125 36.143 29.134 1.656 0.00000 -1 ACTUAL_TF
33.8544 0.1426514 -1.6897140 0.6815556 0.47972572 -0.51380293 0.70414707 0.10023319 0.002123 1789539378.353061199 36.244 29.033 1.660 0.00000 -1 ACTUAL_TF
33.9162 0.1427391 -1.6896494 0.6815364 0.47973633 -0.51381607 0.70413190 0.10022160 0.002075 1789539378.409363508 36.352 28.925 1.667 0.00000 -1 ACTUAL_TF
33.9720 0.1428131 -1.6896004 0.6815213 0.47974444 -0.51382636 0.70411965 0.10021607 0.001937 1789539378.465083838 36.440 28.837 1.670 0.00000 -1 ACTUAL_TF
34.0266 0.1428950 -1.6895473 0.6815048 0.47975131 -0.51383961 0.70410616 0.10021004 0.001887 1789539378.521092892 36.536 28.741 1.672 0.00000 -1 ACTUAL_TF
34.0869 0.1429582 -1.6895346 0.6815257 0.47975045 -0.51384296 0.70410365 0.10021464 0.001683 1789539378.577186823 36.592 28.685 1.635 0.00000 -1 ACTUAL_TF
34.1415 0.1430595 -1.6895584 0.6816226 0.47974815 -0.51382401 0.70411795 0.10022234 0.001942 1789539378.633062363 36.652 28.625 1.506 0.00000 -1 ACTUAL_TF
34.1972 0.1431370 -1.6896129 0.6817325 0.47974215 -0.51380387 0.70413430 0.10023941 0.002136 1789539378.689086437 36.675 28.602 1.363 0.00000 -1 ACTUAL_TF
34.2494 0.1432361 -1.6896720 0.6818542 0.47974313 -0.51378150 0.70414790 0.10025387 0.002393 1789539378.745114088 36.710 28.567 1.199 0.00000 -1 ACTUAL_TF
34.3054 0.1433339 -1.6897425 0.6819713 0.47975491 -0.51377023 0.70414560 0.10027143 0.002576 1789539378.801075697 36.737 28.540 1.033 0.00000 -1 ACTUAL_TF
34.3636 0.1434299 -1.6898137 0.6820979 0.47976280 -0.51374567 0.70415643 0.10028338 0.002735 1789539378.857152700 36.762 28.515 0.861 0.00000 -1 ACTUAL_TF
34.4186 0.1435256 -1.6899098 0.6822409 0.47977270 -0.51373184 0.70415687 0.10030385 0.002972 1789539378.913033962 36.771 28.506 0.664 0.00000 -1 ACTUAL_TF
34.4748 0.1436029 -1.6899909 0.6823511 0.47978230 -0.51372274 0.70415460 0.10032047 0.002923 1789539378.969013453 36.775 28.502 0.507 0.00000 -1 ACTUAL_TF
34.5321 0.1437072 -1.6900882 0.6824990 0.47979482 -0.51370836 0.70415448 0.10033501 0.003146 1789539379.025060654 36.790 28.487 0.303 0.00000 -1 ACTUAL_TF
34.5857 0.1437817 -1.6901736 0.6826146 0.47979715 -0.51370427 0.70415398 0.10034831 0.003070 1789539379.081036091 36.789 28.488 0.142 0.00000 -1 ACTUAL_TF
34.6454 0.1439122 -1.6902730 0.6827865 0.47975774 -0.51372817 0.70417036 0.10029951 0.003422 1789539379.137016535 36.822 28.455 0.096 0.00000 -1 ACTUAL_TF
34.6941 0.1440026 -1.6903575 0.6829111 0.47976771 -0.51371729 0.70417004 0.10030977 0.003336 1789539379.193058729 36.834 28.443 0.271 0.00000 -1 ACTUAL_TF
34.7506 0.1440937 -1.6904444 0.6830374 0.47977333 -0.51371620 0.70416591 0.10031742 0.003290 1789539379.249045610 36.845 28.432 0.449 0.00000 -1 ACTUAL_TF
34.8087 0.1442019 -1.6905138 0.6831574 0.47977074 -0.51372421 0.70416366 0.10030459 0.003245 1789539379.305063963 36.880 28.397 0.621 0.00000 -1 ACTUAL_TF
34.8659 0.1442883 -1.6905563 0.6832392 0.47976669 -0.51373745 0.70415919 0.10028758 0.002949 1789539379.361016989 36.917 28.360 0.742 0.00000 -1 ACTUAL_TF
34.9231 0.1443813 -1.6906273 0.6833536 0.47977296 -0.51373506 0.70415574 0.10029399 0.002940 1789539379.417040110 36.940 28.337 0.904 0.00000 -1 ACTUAL_TF
34.9791 0.1444521 -1.6906796 0.6834443 0.47977216 -0.51373800 0.70415357 0.10029802 0.002735 1789539379.473068476 36.959 28.318 1.029 0.00000 -1 ACTUAL_TF
35.0349 0.1445478 -1.6907171 0.6835395 0.47976876 -0.51374311 0.70415328 0.10029018 0.002666 1789539379.528995991 37.006 28.271 1.160 0.00000 -1 ACTUAL_TF
35.0895 0.1446347 -1.6907532 0.6836258 0.47976322 -0.51374239 0.70415850 0.10028364 0.002549 1789539379.585067749 37.048 28.229 1.281 0.00000 -1 ACTUAL_TF
35.1452 0.1447249 -1.6907652 0.6836914 0.47976511 -0.51374690 0.70415435 0.10028061 0.002385 1789539379.641064882 37.108 28.170 1.376 0.00000 -1 ACTUAL_TF
35.2033 0.1448197 -1.6907989 0.6837854 0.47976435 -0.51373987 0.70415943 0.10028461 0.002407 1789539379.697074413 37.157 28.120 1.505 0.00000 -1 ACTUAL_TF
35.2577 0.1448941 -1.6908007 0.6838311 0.47976551 -0.51374232 0.70415705 0.10028328 0.002153 1789539379.753082514 37.211 28.066 1.573 0.00000 -1 ACTUAL_TF
35.3178 0.1449715 -1.6907967 0.6838804 0.47976523 -0.51374595 0.70415436 0.10028491 0.001999 1789539379.809104204 37.272 28.005 1.641 0.00000 -1 ACTUAL_TF
35.3765 0.1450436 -1.6907873 0.6839223 0.47976656 -0.51374576 0.70415347 0.10028569 0.001849 1789539379.865105391 37.332 27.945 1.700 0.00000 -1 ACTUAL_TF
35.4265 0.1451208 -1.6907350 0.6839287 0.47977183 -0.51376063 0.70413983 0.10028013 0.001795 1789539379.921151876 37.425 27.852 1.713 0.00000 -1 ACTUAL_TF
35.4818 0.1451932 -1.6906751 0.6839175 0.47978160 -0.51377271 0.70412594 0.10026905 0.001764 1789539379.977084875 37.519 27.758 1.707 0.00000 -1 ACTUAL_TF
35.5439 0.1452813 -1.6905872 0.6838930 0.47979431 -0.51379411 0.70410372 0.10025462 0.001914 1789539380.033125401 37.643 27.634 1.684 0.00000 -1 ACTUAL_TF
35.6013 0.1453440 -1.6905084 0.6838740 0.47979894 -0.51381372 0.70408757 0.10024534 0.001889 1789539380.089122772 37.742 27.535 1.658 0.00000 -1 ACTUAL_TF
35.6492 0.1454252 -1.6904378 0.6839095 0.47977507 -0.51380262 0.70411256 0.10024097 0.001929 1789539380.145153522 37.850 27.427 1.683 0.00000 -1 ACTUAL_TF
35.7036 0.1455001 -1.6903524 0.6839339 0.47975818 -0.51379739 0.70412936 0.10023067 0.001973 1789539380.201067686 37.963 27.315 1.690 0.00000 -1 ACTUAL_TF
35.7612 0.1455460 -1.6902920 0.6839683 0.47972726 -0.51378343 0.70416079 0.10022940 0.001828 1789539380.257100582 38.037 27.240 1.704 0.00000 -1 ACTUAL_TF
35.8225 0.1455961 -1.6902041 0.6839667 0.47970289 -0.51377128 0.70418709 0.10022344 0.001822 1789539380.313064814 38.133 27.144 1.680 0.00000 -1 ACTUAL_TF
35.8822 0.1456149 -1.6900841 0.6838866 0.47969648 -0.51378509 0.70418365 0.10020758 0.002055 1789539380.369034767 38.226 27.051 1.569 0.00000 -1 ACTUAL_TF
35.9290 0.1456266 -1.6899639 0.6838249 0.47967737 -0.51378460 0.70419831 0.10019854 0.002164 1789539380.425094843 38.315 26.963 1.467 0.00000 -1 ACTUAL_TF
35.9871 0.1456180 -1.6898662 0.6837382 0.47971420 -0.51374884 0.70419242 0.10024694 0.002216 1789539380.481145620 38.372 26.905 1.350 0.00000 -1 ACTUAL_TF
36.0474 0.1456204 -1.6897266 0.6836349 0.47969979 -0.51376147 0.70419611 0.10022520 0.002482 1789539380.537092686 38.466 26.811 1.204 0.00000 -1 ACTUAL_TF
36.0982 0.1456045 -1.6895805 0.6835139 0.47969026 -0.51377069 0.70419780 0.10021172 0.002756 1789539380.593145609 38.551 26.726 1.034 0.00000 -1 ACTUAL_TF
36.1602 0.1455791 -1.6894722 0.6834054 0.47970861 -0.51375711 0.70419209 0.10023362 0.002762 1789539380.649135113 38.603 26.674 0.887 0.00000 -1 ACTUAL_TF
36.2119 0.1455574 -1.6893282 0.6832853 0.47969365 -0.51376011 0.70420171 0.10022233 0.002944 1789539380.705185413 38.682 26.595 0.716 0.00000 -1 ACTUAL_TF
36.2692 0.1455356 -1.6892109 0.6831674 0.47969759 -0.51376157 0.70419856 0.10021803 0.002959 1789539380.761183977 38.743 26.534 0.560 0.00000 -1 ACTUAL_TF
36.3212 0.1455121 -1.6890405 0.6829978 0.47970810 -0.51376175 0.70419335 0.10020344 0.003366 1789539380.817133427 38.838 26.440 0.338 0.00000 -1 ACTUAL_TF
36.3783 0.1454858 -1.6889012 0.6828559 0.47973044 -0.51374288 0.70419040 0.10021393 0.003431 1789539380.873136997 38.910 26.367 0.151 0.00000 -1 ACTUAL_TF
36.4384 0.1454618 -1.6887202 0.6826698 0.47973473 -0.51375400 0.70418398 0.10018155 0.003789 1789539380.929516315 39.011 26.266 0.090 0.00000 -1 ACTUAL_TF
36.4869 0.1454250 -1.6885956 0.6825463 0.47974514 -0.51373745 0.70418841 0.10018546 0.003620 1789539380.985074997 39.065 26.212 0.260 0.00000 -1 ACTUAL_TF
36.5417 0.1453573 -1.6884622 0.6824067 0.47973132 -0.51373891 0.70419769 0.10017884 0.003630 1789539381.041079521 39.103 26.174 0.461 0.00000 -1 ACTUAL_TF
36.5967 0.1452962 -1.6883070 0.6822388 0.47973615 -0.51373883 0.70419507 0.10017451 0.003809 1789539381.097079277 39.159 26.118 0.691 0.00000 -1 ACTUAL_TF
36.6528 0.1452338 -1.6881938 0.6821086 0.47973587 -0.51374369 0.70419160 0.10017538 0.003649 1789539381.153079033 39.187 26.090 0.872 0.00000 -1 ACTUAL_TF
36.7094 0.1451783 -1.6880596 0.6819688 0.47973651 -0.51374490 0.70419072 0.10017227 0.003634 1789539381.209089756 39.234 26.043 1.068 0.00000 -1 ACTUAL_TF
36.7656 0.1451315 -1.6879728 0.6818752 0.47973979 -0.51374050 0.70419022 0.10018267 0.003272 1789539381.265048265 39.256 26.021 1.202 0.00000 -1 ACTUAL_TF
36.8217 0.1450914 -1.6878686 0.6817758 0.47973399 -0.51374211 0.70419296 0.10018295 0.003091 1789539381.321089745 39.295 25.983 1.347 0.00000 -1 ACTUAL_TF
36.8809 0.1450673 -1.6877839 0.6817060 0.47972707 -0.51373654 0.70420146 0.10018494 0.002765 1789539381.377172947 39.332 25.945 1.452 0.00000 -1 ACTUAL_TF
36.9394 0.1450417 -1.6876907 0.6816257 0.47972725 -0.51374283 0.70419680 0.10018450 0.002609 1789539381.433116674 39.375 25.902 1.570 0.00000 -1 ACTUAL_TF
36.9913 0.1450224 -1.6876241 0.6815795 0.47972564 -0.51374091 0.70419824 0.10019197 0.002272 1789539381.489222765 39.404 25.873 1.647 0.00000 -1 ACTUAL_TF
37.0461 0.1450015 -1.6875763 0.6815468 0.47971900 -0.51374268 0.70419982 0.10020354 0.001922 1789539381.544994116 39.420 25.857 1.706 0.00000 -1 ACTUAL_TF
37.1114 0.1449735 -1.6875301 0.6815194 0.47970537 -0.51374925 0.70420190 0.10022049 0.001669 1789539381.601026773 39.430 25.847 1.763 0.00000 -1 ACTUAL_TF
37.1640 0.1449492 -1.6874889 0.6814906 0.47969691 -0.51376249 0.70419594 0.10023498 0.001467 1789539381.657106161 39.439 25.838 1.817 0.00000 -1 ACTUAL_TF
37.2159 0.1449620 -1.6874507 0.6814975 0.47967940 -0.51375687 0.70421042 0.10024585 0.001246 1789539381.713069201 39.474 25.803 1.827 0.00000 -1 ACTUAL_TF
37.2701 0.1449933 -1.6874136 0.6814861 0.47968136 -0.51376528 0.70420253 0.10024881 0.001139 1789539381.769010067 39.522 25.755 1.840 0.00000 -1 ACTUAL_TF
37.3354 0.1450481 -1.6873598 0.6814719 0.47968715 -0.51377731 0.70418985 0.10024851 0.001215 1789539381.825135946 39.598 25.679 1.853 0.00000 -1 ACTUAL_TF
37.3826 0.1450931 -1.6873144 0.6814554 0.47969271 -0.51379166 0.70417554 0.10024887 0.001205 1789539381.881102324 39.662 25.615 1.867 0.00000 -1 ACTUAL_TF
37.4386 0.1451822 -1.6872454 0.6814331 0.47970087 -0.51381076 0.70415704 0.10024189 0.001459 1789539381.937036753 39.774 25.503 1.878 0.00000 -1 ACTUAL_TF
37.4942 0.1452785 -1.6871703 0.6814093 0.47971068 -0.51383015 0.70413751 0.10023275 0.001687 1789539381.993087769 39.896 25.381 1.889 0.00000 -1 ACTUAL_TF
37.5495 0.1453813 -1.6870988 0.6813885 0.47972305 -0.51384355 0.70412117 0.10021963 0.001862 1789539382.049042225 40.020 25.257 1.894 0.00000 -1 ACTUAL_TF
37.6075 0.1455093 -1.6870518 0.6814118 0.47973052 -0.51384824 0.70411333 0.10021495 0.002044 1789539382.105101347 40.147 25.130 1.843 0.00000 -1 ACTUAL_TF
37.6652 0.1456109 -1.6870572 0.6814966 0.47972662 -0.51384127 0.70411951 0.10022593 0.002139 1789539382.161167383 40.220 25.057 1.733 0.00000 -1 ACTUAL_TF
37.7233 0.1457674 -1.6871016 0.6816515 0.47972537 -0.51381037 0.70414121 0.10023788 0.002701 1789539382.217139721 40.309 24.968 1.527 0.00000 -1 ACTUAL_TF
37.7819 0.1458971 -1.6871291 0.6817666 0.47972515 -0.51379392 0.70415164 0.10025002 0.002833 1789539382.273076296 40.388 24.889 1.370 0.00000 -1 ACTUAL_TF
37.8292 0.1460402 -1.6871541 0.6818547 0.47975376 -0.51379570 0.70413026 0.10025411 0.002892 1789539382.329127550 40.479 24.798 1.228 0.00000 -1 ACTUAL_TF
37.8877 0.1461809 -1.6871832 0.6819707 0.47975826 -0.51377702 0.70413957 0.10026295 0.003012 1789539382.385219574 40.565 24.712 1.065 0.00000 -1 ACTUAL_TF
37.9439 0.1462799 -1.6872058 0.6820596 0.47976403 -0.51376917 0.70414009 0.10027189 0.002833 1789539382.441103697 40.625 24.652 0.944 0.00000 -1 ACTUAL_TF
37.9992 0.1463909 -1.6872350 0.6821570 0.47977257 -0.51376311 0.70413707 0.10028331 0.002790 1789539382.497117758 40.689 24.588 0.808 0.00000 -1 ACTUAL_TF
38.0564 0.1464877 -1.6872603 0.6822494 0.47977759 -0.51375227 0.70414076 0.10028894 0.002682 1789539382.553135633 40.745 24.532 0.684 0.00000 -1 ACTUAL_TF
38.1134 0.1465981 -1.6872957 0.6823519 0.47977994 -0.51374662 0.70414147 0.10030163 0.002707 1789539382.609118938 40.805 24.472 0.541 0.00000 -1 ACTUAL_TF
38.1690 0.1466912 -1.6873287 0.6824415 0.47978505 -0.51374171 0.70414031 0.10031041 0.002610 1789539382.665060759 40.853 24.424 0.417 0.00000 -1 ACTUAL_TF
38.2265 0.1468204 -1.6873671 0.6825585 0.47978973 -0.51372861 0.70414573 0.10031709 0.002781 1789539382.721157312 40.925 24.352 0.253 0.00000 -1 ACTUAL_TF
38.2821 0.1469196 -1.6874026 0.6826513 0.47979444 -0.51372052 0.70414724 0.10032536 0.002699 1789539382.777117491 40.976 24.301 0.123 0.00000 -1 ACTUAL_TF
38.3375 0.1470501 -1.6874539 0.6827723 0.47980752 -0.51371527 0.70414144 0.10033043 0.002884 1789539382.833029747 41.040 24.237 0.056 0.00000 -1 ACTUAL_TF
38.3948 0.1471930 -1.6874913 0.6829054 0.47975751 -0.51375576 0.70415448 0.10027074 0.003083 1789539382.889045715 41.123 24.154 0.233 0.00000 -1 ACTUAL_TF
38.4522 0.1473175 -1.6875429 0.6830219 0.47976817 -0.51374709 0.70415262 0.10027718 0.003112 1789539382.945092678 41.182 24.095 0.401 0.00000 -1 ACTUAL_TF
38.5072 0.1474612 -1.6876000 0.6831588 0.47978056 -0.51373551 0.70415123 0.10028704 0.003285 1789539383.001093149 41.252 24.025 0.595 0.00000 -1 ACTUAL_TF
38.5660 0.1475618 -1.6876435 0.6832541 0.47978289 -0.51373752 0.70414728 0.10029332 0.003077 1789539383.057095289 41.299 23.978 0.732 0.00000 -1 ACTUAL_TF
38.6203 0.1476923 -1.6876952 0.6833777 0.47978236 -0.51374330 0.70414396 0.10028956 0.003157 1789539383.113062620 41.363 23.914 0.908 0.00000 -1 ACTUAL_TF
38.6756 0.1477965 -1.6877426 0.6834851 0.47977585 -0.51374821 0.70414541 0.10028535 0.003050 1789539383.169107437 41.410 23.867 1.058 0.00000 -1 ACTUAL_TF
38.7264 0.1479238 -1.6877970 0.6836136 0.47978027 -0.51374359 0.70414512 0.10028989 0.003146 1789539383.225171804 41.470 23.807 1.237 0.00000 -1 ACTUAL_TF
38.7865 0.1480420 -1.6878399 0.6837265 0.47978452 -0.51374236 0.70414280 0.10029218 0.003108 1789539383.281134605 41.530 23.747 1.395 0.00000 -1 ACTUAL_TF
38.8444 0.1481198 -1.6878603 0.6837897 0.47978536 -0.51375359 0.70413424 0.10029075 0.002723 1789539383.337150812 41.575 23.702 1.486 0.00000 -1 ACTUAL_TF
38.9012 0.1482350 -1.6878942 0.6838999 0.47978214 -0.51374930 0.70414067 0.10028293 0.002781 1789539383.393056154 41.640 23.637 1.636 0.00000 -1 ACTUAL_TF
38.9593 0.1482959 -1.6879068 0.6839516 0.47977677 -0.51375828 0.70413747 0.10028510 0.002380 1789539383.449120998 41.677 23.600 1.708 0.00000 -1 ACTUAL_TF
39.0183 0.1483798 -1.6879155 0.6840179 0.47977868 -0.51375494 0.70413852 0.10028574 0.002240 1789539383.505166292 41.734 23.543 1.798 0.00000 -1 ACTUAL_TF
39.0623 0.1484446 -1.6879058 0.6840465 0.47978082 -0.51375758 0.70413568 0.10028190 0.001951 1789539383.561083555 41.789 23.488 1.844 0.00000 -1 ACTUAL_TF
39.1215 0.1485076 -1.6878841 0.6840714 0.47978199 -0.51376244 0.70413176 0.10027889 0.001745 1789539383.617448092 41.851 23.426 1.879 0.00000 -1 ACTUAL_TF
39.1797 0.1485540 -1.6878595 0.6840818 0.47978389 -0.51376804 0.70412684 0.10027567 0.001510 1789539383.673132658 41.902 23.375 1.895 0.00000 -1 ACTUAL_TF
39.2391 0.1486089 -1.6878224 0.6840813 0.47978933 -0.51377549 0.70411844 0.10027048 0.001410 1789539383.729419231 41.968 23.309 1.901 0.00000 -1 ACTUAL_TF
39.2945 0.1486548 -1.6877826 0.6840727 0.47979597 -0.51378346 0.70410916 0.10026303 0.001317 1789539383.785156965 42.029 23.249 1.895 0.00000 -1 ACTUAL_TF
39.3494 0.1486770 -1.6877454 0.6840596 0.47979987 -0.51379557 0.70409826 0.10025888 0.001165 1789539383.841103315 42.070 23.207 1.877 0.00000 -1 ACTUAL_TF
39.4068 0.1487038 -1.6877142 0.6840512 0.47980369 -0.51380240 0.70409142 0.10025360 0.001040 1789539383.897145510 42.110 23.167 1.867 0.00000 -1 ACTUAL_TF
39.4621 0.1487150 -1.6876873 0.6840481 0.47980361 -0.51380722 0.70408850 0.10024984 0.000885 1789539383.953265667 42.137 23.140 1.855 0.00000 -1 ACTUAL_TF
39.5177 0.1487273 -1.6876609 0.6840540 0.47980059 -0.51380536 0.70409270 0.10024429 0.000779 1789539384.009290218 42.163 23.114 1.851 0.00000 -1 ACTUAL_TF
39.5740 0.1487464 -1.6876626 0.6841396 0.47975504 -0.51375856 0.70415714 0.10024953 0.001017 1789539384.065101862 42.177 23.100 1.921 0.00000 -1 ACTUAL_TF
39.6291 0.1487394 -1.6876068 0.6841158 0.47973715 -0.51375576 0.70417243 0.10024206 0.001039 1789539384.121088505 42.209 23.068 1.872 0.00000 -1 ACTUAL_TF
39.6860 0.1487284 -1.6874866 0.6840185 0.47972105 -0.51375941 0.70418412 0.10021832 0.001556 1789539384.177225590 42.280 22.997 1.734 0.00000 -1 ACTUAL_TF
39.7429 0.1487183 -1.6873701 0.6839169 0.47971145 -0.51376455 0.70419028 0.10019462 0.001920 1789539384.233179569 42.349 22.928 1.596 0.00000 -1 ACTUAL_TF
39.7881 0.1487025 -1.6872095 0.6837737 0.47970057 -0.51376868 0.70419869 0.10016642 0.002501 1789539384.289117336 42.443 22.834 1.402 0.00000 -1 ACTUAL_TF
39.8545 0.1486730 -1.6870772 0.6836444 0.47973019 -0.51372828 0.70420376 0.10019610 0.002754 1789539384.345102310 42.508 22.769 1.226 0.00000 -1 ACTUAL_TF
39.9040 0.1486382 -1.6869040 0.6834827 0.47971853 -0.51373980 0.70420739 0.10016737 0.003210 1789539384.401141405 42.596 22.681 1.003 0.00000 -1 ACTUAL_TF
39.9620 0.1485995 -1.6867629 0.6833488 0.47971506 -0.51373564 0.70421335 0.10016342 0.003309 1789539384.457143307 42.660 22.617 0.816 0.00000 -1 ACTUAL_TF
40.0193 0.1485509 -1.6866223 0.6832122 0.47970529 -0.51373733 0.70421937 0.10015919 0.003397 1789539384.513218880 42.717 22.560 0.622 0.00000 -1 ACTUAL_TF
40.0725 0.1485175 -1.6864982 0.6831051 0.47969702 -0.51373675 0.70422610 0.10015448 0.003278 1789539384.569014311 42.773 22.504 0.465 0.00000 -1 ACTUAL_TF
40.1299 0.1484729 -1.6863413 0.6829544 0.47969011 -0.51374817 0.70422349 0.10014732 0.003481 1789539384.625138521 42.843 22.434 0.254 0.00000 -1 ACTUAL_TF
40.1849 0.1484207 -1.6862012 0.6828145 0.47971217 -0.51373126 0.70421611 0.10018037 0.003534 1789539384.681114197 42.897 22.380 0.059 0.00000 -1 ACTUAL_TF
40.2409 0.1483959 -1.6860763 0.6827016 0.47970667 -0.51374511 0.70421147 0.10016830 0.003385 1789539384.737184286 42.960 22.317 0.104 0.00000 -1 ACTUAL_TF
40.2960 0.1483645 -1.6859420 0.6825772 0.47971003 -0.51375204 0.70420422 0.10016753 0.003367 1789539384.793053865 43.026 22.252 0.276 0.00000 -1 ACTUAL_TF
40.3574 0.1483328 -1.6858236 0.6824718 0.47970688 -0.51375830 0.70420132 0.10017095 0.003220 1789539384.849226236 43.080 22.197 0.429 0.00000 -1 ACTUAL_TF
40.4055 0.1482929 -1.6856840 0.6823521 0.47970096 -0.51376614 0.70419870 0.10017752 0.003262 1789539384.905208588 43.142 22.135 0.606 0.00000 -1 ACTUAL_TF
40.4649 0.1482427 -1.6855472 0.6822184 0.47971644 -0.51376699 0.70418359 0.10020527 0.003338 1789539384.961514235 43.195 22.082 0.797 0.00000 -1 ACTUAL_TF
40.5204 0.1481942 -1.6853874 0.6820910 0.47969408 -0.51377976 0.70418859 0.10021167 0.003471 1789539385.017019272 43.264 22.013 0.995 0.00000 -1 ACTUAL_TF
40.5796 0.1481664 -1.6852405 0.6819655 0.47970061 -0.51378525 0.70417827 0.10022481 0.003475 1789539385.073068142 43.340 21.937 1.175 0.00000 -1 ACTUAL_TF
40.6411 0.1481582 -1.6850594 0.6818328 0.47969491 -0.51379156 0.70417746 0.10022539 0.003637 1789539385.129027367 43.453 21.824 1.368 0.00000 -1 ACTUAL_TF
40.6894 0.1481635 -1.6848840 0.6817049 0.47969671 -0.51379516 0.70417299 0.10022973 0.003708 1789539385.185052633 43.573 21.704 1.549 0.00000 -1 ACTUAL_TF
40.7477 0.1481938 -1.6847652 0.6816341 0.47970405 -0.51378157 0.70417685 0.10023712 0.003354 1789539385.241114378 43.674 21.603 1.648 0.00000 -1 ACTUAL_TF
40.8022 0.1482330 -1.6846321 0.6815634 0.47970157 -0.51378242 0.70417868 0.10023179 0.003181 1789539385.297144413 43.791 21.486 1.751 0.00000 -1 ACTUAL_TF
40.8613 0.1482616 -1.6845590 0.6815333 0.47970224 -0.51377531 0.70418156 0.10024486 0.002678 1789539385.353101254 43.861 21.416 1.798 0.00000 -1 ACTUAL_TF
40.9165 0.1483188 -1.6844828 0.6815100 0.47971029 -0.51377116 0.70417851 0.10024895 0.002401 1789539385.409006119 43.954 21.323 1.828 0.00000 -1 ACTUAL_TF
40.9701 0.1483736 -1.6844299 0.6815015 0.47971399 -0.51377212 0.70417570 0.10024610 0.002091 1789539385.465006351 44.030 21.247 1.836 0.00000 -1 ACTUAL_TF
41.0306 0.1484387 -1.6843777 0.6814942 0.47971837 -0.51377450 0.70417152 0.10024225 0.001912 1789539385.521059990 44.114 21.163 1.839 0.00000 -1 ACTUAL_TF
41.0852 0.1485032 -1.6843243 0.6814816 0.47972478 -0.51378431 0.70416049 0.10023881 0.001792 1789539385.577065706 44.197 21.080 1.846 0.00000 -1 ACTUAL_TF
41.1361 0.1485548 -1.6842828 0.6814699 0.47973047 -0.51379327 0.70415058 0.10023527 0.001615 1789539385.633022308 44.263 21.014 1.852 0.00000 -1 ACTUAL_TF
41.1949 0.1486253 -1.6842335 0.6814550 0.47973779 -0.51380439 0.70413843 0.10022856 0.001598 1789539385.689038515 44.349 20.928 1.855 0.00000 -1 ACTUAL_TF
41.2506 0.1486738 -1.6841984 0.6814429 0.47974027 -0.51381655 0.70412792 0.10022826 0.001446 1789539385.745064735 44.408 20.869 1.860 0.00000 -1 ACTUAL_TF
41.3074 0.1487379 -1.6841564 0.6814293 0.47974433 -0.51382912 0.70411624 0.10022638 0.001429 1789539385.801072359 44.484 20.793 1.862 0.00000 -1 ACTUAL_TF
41.3651 0.1488047 -1.6841286 0.6814329 0.47974945 -0.51383192 0.70411129 0.10022232 0.001389 1789539385.857055664 44.553 20.725 1.844 0.00000 -1 ACTUAL_TF
41.4212 0.1488854 -1.6841315 0.6814835 0.47974810 -0.51382751 0.70411437 0.10022973 0.001482 1789539385.913037539 44.611 20.666 1.769 0.00000 -1 ACTUAL_TF
41.4743 0.1489639 -1.6841950 0.6815990 0.47974256 -0.51380356 0.70413318 0.10024696 0.001859 1789539385.969072819 44.628 20.649 1.617 0.00000 -1 ACTUAL_TF
41.5273 0.1490571 -1.6842698 0.6817300 0.47974562 -0.51378173 0.70414447 0.10026487 0.002250 1789539386.025130033 44.649 20.628 1.441 0.00000 -1 ACTUAL_TF
41.5873 0.1491623 -1.6843472 0.6818662 0.47975592 -0.51376105 0.70415030 0.10028063 0.002491 1789539386.086941481 44.677 20.600 1.254 0.00000 -1 ACTUAL_TF
41.6430 0.1492475 -1.6844265 0.6819826 0.47976547 -0.51374816 0.70415078 0.10029755 0.002728 1789539386.137129307 44.689 20.588 1.090 0.00000 -1 ACTUAL_TF
41.6987 0.1493345 -1.6844909 0.6820829 0.47978044 -0.51374837 0.70413870 0.10030968 0.002699 1789539386.193192482 44.712 20.565 0.944 0.00000 -1 ACTUAL_TF
41.7592 0.1494279 -1.6845793 0.6822190 0.47978471 -0.51372982 0.70414710 0.10032537 0.002892 1789539386.249184132 44.724 20.554 0.757 0.00000 -1 ACTUAL_TF
41.8099 0.1495302 -1.6846739 0.6823616 0.47979380 -0.51372030 0.70414590 0.10033900 0.003094 1789539386.305108786 44.738 20.539 0.558 0.00000 -1 ACTUAL_TF
41.8715 0.1496427 -1.6847266 0.6824711 0.47975635 -0.51375842 0.70415193 0.10028057 0.003053 1789539386.361098528 44.788 20.489 0.401 0.00000 -1 ACTUAL_TF
41.9190 0.1497559 -1.6848320 0.6826322 0.47976855 -0.51373923 0.70415512 0.10029811 0.003335 1789539386.417049885 44.803 20.474 0.178 0.00000 -1 ACTUAL_TF
41.9771 0.1498718 -1.6849023 0.6827554 0.47977588 -0.51373621 0.70415202 0.10030030 0.003302 1789539386.473856211 44.844 20.433 0.023 0.00000 -1 ACTUAL_TF
42.0428 0.1499727 -1.6849740 0.6828846 0.47976469 -0.51373148 0.70416379 0.10029538 0.003284 1789539386.529057026 44.872 20.405 0.178 0.00000 -1 ACTUAL_TF
42.0915 0.1500887 -1.6850496 0.6830212 0.47976707 -0.51372956 0.70416383 0.10029355 0.003340 1789539386.585062265 44.910 20.367 0.369 0.00000 -1 ACTUAL_TF
42.1486 0.1501767 -1.6850994 0.6831197 0.47976597 -0.51373112 0.70416356 0.10029271 0.003094 1789539386.641092777 44.943 20.334 0.506 0.00000 -1 ACTUAL_TF
42.2009 0.1502854 -1.6851474 0.6832281 0.47976182 -0.51373583 0.70416371 0.10028736 0.003029 1789539386.697042465 44.993 20.284 0.659 0.00000 -1 ACTUAL_TF
42.2634 0.1503808 -1.6851732 0.6833054 0.47976632 -0.51373851 0.70415990 0.10027891 0.002791 1789539386.753120899 45.047 20.230 0.772 0.00000 -1 ACTUAL_TF
42.3173 0.1504784 -1.6852025 0.6833901 0.47977043 -0.51374004 0.70415559 0.10028163 0.002664 1789539386.809112072 45.101 20.176 0.893 0.00000 -1 ACTUAL_TF
42.3729 0.1505597 -1.6852262 0.6834652 0.47976861 -0.51373710 0.70415855 0.10028465 0.002471 1789539386.865160942 45.147 20.130 0.996 0.00000 -1 ACTUAL_TF
42.4276 0.1506675 -1.6852460 0.6835513 0.47976861 -0.51373474 0.70416014 0.10028558 0.002476 1789539386.921177626 45.215 20.062 1.118 0.00000 -1 ACTUAL_TF
42.4847 0.1507855 -1.6852465 0.6836293 0.47974654 -0.51375803 0.70416329 0.10024972 0.002488 1789539386.977336407 45.303 19.974 1.228 0.00000 -1 ACTUAL_TF
42.5470 0.1508727 -1.6852476 0.6836927 0.47974876 -0.51375787 0.70416178 0.10025049 0.002322 1789539387.033071041 45.368 19.909 1.314 0.00000 -1 ACTUAL_TF
42.5953 0.1509797 -1.6852244 0.6837423 0.47975034 -0.51376710 0.70415341 0.10025446 0.002269 1789539387.089123487 45.464 19.813 1.387 0.00000 -1 ACTUAL_TF
42.6527 0.1510876 -1.6851910 0.6837896 0.47975539 -0.51376894 0.70414915 0.10025078 0.002243 1789539387.145201445 45.567 19.710 1.453 0.00000 -1 ACTUAL_TF
42.7077 0.1512271 -1.6851123 0.6838029 0.47976832 -0.51378064 0.70413346 0.10023908 0.002433 1789539387.201058865 45.723 19.554 1.486 0.00000 -1 ACTUAL_TF
42.7658 0.1513153 -1.6850544 0.6838079 0.47977181 -0.51379923 0.70411743 0.10023977 0.002268 1789539387.257212162 45.828 19.449 1.500 0.00000 -1 ACTUAL_TF
42.8227 0.1514539 -1.6849584 0.6838008 0.47978714 -0.51381730 0.70409592 0.10022483 0.002491 1789539387.313272476 45.995 19.282 1.510 0.00000 -1 ACTUAL_TF
42.8704 0.1515475 -1.6848620 0.6837753 0.47979625 -0.51384407 0.70407152 0.10021541 0.002478 1789539387.369099140 46.129 19.148 1.484 0.00000 -1 ACTUAL_TF
42.9303 0.1516233 -1.6847879 0.6837623 0.47980073 -0.51386076 0.70405735 0.10020790 0.002307 1789539387.425119400 46.235 19.042 1.472 0.00000 -1 ACTUAL_TF
42.9922 0.1516975 -1.6847133 0.6837606 0.47979888 -0.51386832 0.70405439 0.10019879 0.002178 1789539387.481172323 46.340 18.937 1.465 0.00000 -1 ACTUAL_TF
43.0480 0.1517536 -1.6846720 0.6838064 0.47977228 -0.51384767 0.70408775 0.10019767 0.001972 1789539387.537062168 46.410 18.868 1.501 0.00000 -1 ACTUAL_TF
43.0963 0.1518047 -1.6846265 0.6838257 0.47976120 -0.51384024 0.70410150 0.10019219 0.001759 1789539387.593420982 46.478 18.799 1.514 0.00000 -1 ACTUAL_TF
43.1556 0.1518314 -1.6846027 0.6838634 0.47973784 -0.51382425 0.70412879 0.10019429 0.001511 1789539387.649163723 46.514 18.763 1.540 0.00000 -1 ACTUAL_TF
43.2162 0.1518612 -1.6845726 0.6839015 0.47971775 -0.51380495 0.70415673 0.10019308 0.001363 1789539387.705205202 46.556 18.721 1.565 0.00000 -1 ACTUAL_TF
43.2650 0.1518759 -1.6845387 0.6839202 0.47969933 -0.51379102 0.70417973 0.10019110 0.001176 1789539387.761148214 46.590 18.687 1.567 0.00000 -1 ACTUAL_TF
43.3203 0.1518794 -1.6844754 0.6838986 0.47968286 -0.51378122 0.70419900 0.10018475 0.001180 1789539387.817372561 46.635 18.642 1.521 0.00000 -1 ACTUAL_TF
43.3777 0.1518639 -1.6843692 0.6838130 0.47967059 -0.51378200 0.70420799 0.10017629 0.001564 1789539387.873204470 46.693 18.584 1.397 0.00000 -1 ACTUAL_TF
43.4334 0.1518178 -1.6842911 0.6837111 0.47972196 -0.51373298 0.70419831 0.10024967 0.001826 1789539387.929143429 46.710 18.567 1.261 0.00000 -1 ACTUAL_TF
43.4919 0.1518054 -1.6841420 0.6835750 0.47971442 -0.51374032 0.70420259 0.10021809 0.002362 1789539387.985142708 46.799 18.478 1.080 0.00000 -1 ACTUAL_TF
43.5499 0.1517969 -1.6840234 0.6834629 0.47971738 -0.51373745 0.70420555 0.10019783 0.002529 1789539388.041152477 46.871 18.406 0.933 0.00000 -1 ACTUAL_TF
43.5994 0.1517687 -1.6838731 0.6833093 0.47972663 -0.51372493 0.70420981 0.10018784 0.002931 1789539388.097169638 46.948 18.329 0.731 0.00000 -1 ACTUAL_TF
43.6591 0.1517275 -1.6837678 0.6831973 0.47972563 -0.51371820 0.70421628 0.10018165 0.002905 1789539388.153115511 46.987 18.290 0.577 0.00000 -1 ACTUAL_TF
43.7171 0.1516477 -1.6836163 0.6830186 0.47972767 -0.51372644 0.70420991 0.10017444 0.003360 1789539388.209118843 47.027 18.250 0.333 0.00000 -1 ACTUAL_TF
43.7758 0.1515703 -1.6834752 0.6828565 0.47972058 -0.51373250 0.70421193 0.10016310 0.003575 1789539388.265148163 47.062 18.215 0.107 0.00000 -1 ACTUAL_TF
43.8232 0.1514817 -1.6833719 0.6827104 0.47974934 -0.51371771 0.70419813 0.10019820 0.003571 1789539388.321187735 47.064 18.214 0.093 0.00000 -1 ACTUAL_TF
43.8831 0.1514081 -1.6832517 0.6825838 0.47973184 -0.51371969 0.70420996 0.10018871 0.003514 1789539388.377211332 47.088 18.189 0.280 0.00000 -1 ACTUAL_TF
43.9406 0.1513459 -1.6831343 0.6824450 0.47972922 -0.51372671 0.70420767 0.10018136 0.003491 1789539388.433107138 47.118 18.159 0.470 0.00000 -1 ACTUAL_TF
43.9988 0.1512826 -1.6830069 0.6823094 0.47972285 -0.51373111 0.70420940 0.10017712 0.003495 1789539388.489192247 47.155 18.122 0.663 0.00000 -1 ACTUAL_TF
44.0501 0.1512345 -1.6829269 0.6822266 0.47971639 -0.51372512 0.70421697 0.10018557 0.003115 1789539388.545190334 47.172 18.106 0.786 0.00000 -1 ACTUAL_TF
44.1076 0.1511831 -1.6828331 0.6821273 0.47972416 -0.51371254 0.70421761 0.10020838 0.002963 1789539388.601159096 47.195 18.082 0.930 0.00000 -1 ACTUAL_TF
44.1669 0.1511559 -1.6827344 0.6820370 0.47972068 -0.51372015 0.70421532 0.10020205 0.002806 1789539388.657144070 47.240 18.037 1.059 0.00000 -1 ACTUAL_TF
44.2176 0.1511271 -1.6826348 0.6819461 0.47972172 -0.51372356 0.70421175 0.10020478 0.002702 1789539388.713181257 47.284 17.993 1.190 0.00000 -1 ACTUAL_TF
44.2757 0.1511000 -1.6825336 0.6818643 0.47971858 -0.51372523 0.70421203 0.10020925 0.002606 1789539388.769016504 47.330 17.947 1.314 0.00000 -1 ACTUAL_TF
44.3315 0.1510745 -1.6824543 0.6817995 0.47971724 -0.51373373 0.70420606 0.10021397 0.002388 1789539388.825096846 47.363 17.914 1.414 0.00000 -1 ACTUAL_TF
44.3887 0.1510417 -1.6823854 0.6817516 0.47970113 -0.51374167 0.70420913 0.10022888 0.002156 1789539388.880969763 47.384 17.893 1.501 0.00000 -1 ACTUAL_TF
44.4463 0.1510168 -1.6823283 0.6817133 0.47968844 -0.51375650 0.70420461 0.10024534 0.001900 1789539388.937042475 47.403 17.874 1.570 0.00000 -1 ACTUAL_TF
44.4971 0.1510451 -1.6822493 0.6816765 0.47968841 -0.51376873 0.70419508 0.10024974 0.001816 1789539388.993541956 47.477 17.800 1.625 0.00000 -1 ACTUAL_TF
44.5544 0.1511226 -1.6821789 0.6816801 0.47968662 -0.51375959 0.70420340 0.10024667 0.001837 1789539389.049056768 47.581 17.696 1.624 0.00000 -1 ACTUAL_TF
44.6109 0.1511972 -1.6820987 0.6816647 0.47968982 -0.51377359 0.70419026 0.10025188 0.001878 1789539389.105135202 47.690 17.587 1.642 0.00000 -1 ACTUAL_TF
44.6684 0.1512931 -1.6820062 0.6816495 0.47969542 -0.51378900 0.70417481 0.10025468 0.002033 1789539389.161125660 47.824 17.454 1.657 0.00000 -1 ACTUAL_TF
44.7175 0.1513979 -1.6819149 0.6816303 0.47970863 -0.51380110 0.70415823 0.10024591 0.002174 1789539389.217180967 47.962 17.315 1.670 0.00000 -1 ACTUAL_TF
44.7766 0.1515258 -1.6818145 0.6816079 0.47972161 -0.51381727 0.70413854 0.10023920 0.002397 1789539389.273484945 48.125 17.152 1.679 0.00000 -1 ACTUAL_TF
44.8332 0.1516277 -1.6817361 0.6815860 0.47973067 -0.51383571 0.70411977 0.10023321 0.002380 1789539389.329138279 48.253 17.024 1.689 0.00000 -1 ACTUAL_TF
44.8926 0.1517547 -1.6816400 0.6815581 0.47974350 -0.51385776 0.70409663 0.10022128 0.002533 1789539389.385144949 48.411 16.866 1.701 0.00000 -1 ACTUAL_TF
44.9481 0.1518522 -1.6815804 0.6815512 0.47975389 -0.51386820 0.70408289 0.10021458 0.002385 1789539389.441205502 48.524 16.753 1.692 0.00000 -1 ACTUAL_TF
45.0065 0.1519736 -1.6815361 0.6815825 0.47976112 -0.51387144 0.70407615 0.10021067 0.002383 1789539389.497171164 48.644 16.633 1.637 0.00000 -1 ACTUAL_TF
45.0638 0.1520795 -1.6815389 0.6816590 0.47976317 -0.51385694 0.70408509 0.10021242 0.002368 1789539389.553142309 48.722 16.555 1.532 0.00000 -1 ACTUAL_TF
45.1120 0.1521974 -1.6815546 0.6817606 0.47976169 -0.51383913 0.70409801 0.10022007 0.002496 1789539389.609133959 48.800 16.477 1.397 0.00000 -1 ACTUAL_TF
45.1716 0.1523059 -1.6815844 0.6818698 0.47975685 -0.51381927 0.70411407 0.10023222 0.002587 1789539389.665151358 48.862 16.415 1.253 0.00000 -1 ACTUAL_TF
45.2225 0.1523872 -1.6816144 0.6819663 0.47974974 -0.51380484 0.70412737 0.10024677 0.002506 1789539389.721086025 48.903 16.374 1.131 0.00000 -1 ACTUAL_TF
45.2774 0.1524966 -1.6816583 0.6820922 0.47974707 -0.51378168 0.70414421 0.10026000 0.002679 1789539389.777073383 48.957 16.320 0.967 0.00000 -1 ACTUAL_TF
45.3438 0.1525858 -1.6816965 0.6821939 0.47974570 -0.51376610 0.70415465 0.10027310 0.002628 1789539389.833099365 48.999 16.278 0.833 0.00000 -1 ACTUAL_TF
45.3930 0.1526767 -1.6817559 0.6823012 0.47975483 -0.51376427 0.70414668 0.10029469 0.002656 1789539389.889167547 49.028 16.249 0.683 0.00000 -1 ACTUAL_TF
45.4499 0.1527765 -1.6818122 0.6824241 0.47975468 -0.51374471 0.70415943 0.10030608 0.002759 1789539389.945224047 49.066 16.211 0.519 0.00000 -1 ACTUAL_TF
45.5066 0.1528947 -1.6818919 0.6825611 0.47976507 -0.51372977 0.70416132 0.10031965 0.002991 1789539390.001170874 49.102 16.175 0.325 0.00000 -1 ACTUAL_TF
45.5665 0.1530260 -1.6819884 0.6827321 0.47976745 -0.51370275 0.70417719 0.10033525 0.003360 1789539390.057163954 49.137 16.140 0.092 0.00000 -1 ACTUAL_TF
45.6146 0.1531179 -1.6820458 0.6828314 0.47977858 -0.51370080 0.70416974 0.10034427 0.003137 1789539390.113268614 49.168 16.109 0.052 0.00000 -1 ACTUAL_TF
45.6754 0.1532442 -1.6821168 0.6829729 0.47974539 -0.51373034 0.70417708 0.10030022 0.003284 1789539390.169101238 49.216 16.061 0.249 0.00000 -1 ACTUAL_TF
45.7328 0.1533440 -1.6821975 0.6831017 0.47975616 -0.51372036 0.70417563 0.10031002 0.003272 1789539390.225153446 49.238 16.039 0.429 0.00000 -1 ACTUAL_TF
45.7936 0.1534555 -1.6822836 0.6832418 0.47975968 -0.51371587 0.70417528 0.10031863 0.003355 1789539390.281140089 49.265 16.012 0.626 0.00000 -1 ACTUAL_TF
45.8439 0.1535623 -1.6823389 0.6833516 0.47976928 -0.51371167 0.70417262 0.10031290 0.003221 1789539390.337180853 49.309 15.968 0.783 0.00000 -1 ACTUAL_TF
45.9020 0.1536780 -1.6824122 0.6834735 0.47976821 -0.51371466 0.70417192 0.10030759 0.003238 1789539390.393142939 49.347 15.930 0.962 0.00000 -1 ACTUAL_TF
45.9500 0.1537741 -1.6824531 0.6835565 0.47976059 -0.51372945 0.70416892 0.10028938 0.002982 1789539390.449088335 49.392 15.885 1.087 0.00000 -1 ACTUAL_TF
46.0091 0.1538694 -1.6825050 0.6836533 0.47976940 -0.51373680 0.70415792 0.10028681 0.002865 1789539390.505147934 49.430 15.847 1.228 0.00000 -1 ACTUAL_TF
46.0703 0.1539716 -1.6825635 0.6837675 0.47976705 -0.51373259 0.70416216 0.10028986 0.002885 1789539390.561138391 49.468 15.809 1.387 0.00000 -1 ACTUAL_TF
46.1280 0.1540478 -1.6825948 0.6838320 0.47977631 -0.51373638 0.70415289 0.10029125 0.002579 1789539390.617175341 49.504 15.773 1.485 0.00000 -1 ACTUAL_TF
46.1741 0.1541329 -1.6826337 0.6839235 0.47977525 -0.51373535 0.70415414 0.10029276 0.002504 1789539390.673380613 49.543 15.734 1.610 0.00000 -1 ACTUAL_TF
46.2299 0.1542136 -1.6826477 0.6839846 0.47977493 -0.51373231 0.70415752 0.10028620 0.002303 1789539390.729104757 49.594 15.683 1.699 0.00000 -1 ACTUAL_TF
46.2877 0.1542693 -1.6826311 0.6840034 0.47977538 -0.51375133 0.70414402 0.10028137 0.001939 1789539390.785289049 49.647 15.630 1.729 0.00000 -1 ACTUAL_TF
46.3459 0.1543347 -1.6826410 0.6840553 0.47977449 -0.51374842 0.70414692 0.10028019 0.001808 1789539390.841132402 49.689 15.588 1.802 0.00000 -1 ACTUAL_TF
46.4005 0.1544015 -1.6826358 0.6840951 0.47977366 -0.51375233 0.70414445 0.10028145 0.001683 1789539390.897122145 49.743 15.534 1.858 0.00000 -1 ACTUAL_TF
46.4545 0.1544568 -1.6826184 0.6841179 0.47977617 -0.51375419 0.70414173 0.10027901 0.001512 1789539390.953068256 49.796 15.481 1.891 0.00000 -1 ACTUAL_TF
46.5111 0.1545143 -1.6825919 0.6841316 0.47977672 -0.51376131 0.70413657 0.10027613 0.001406 1789539391.009108305 49.857 15.420 1.913 0.00000 -1 ACTUAL_TF
46.5711 0.1545566 -1.6825467 0.6841235 0.47978176 -0.51377444 0.70412417 0.10027187 0.001319 1789539391.065067768 49.918 15.359 1.903 0.00000 -1 ACTUAL_TF
46.6237 0.1545952 -1.6825043 0.6841104 0.47978889 -0.51378359 0.70411378 0.10026383 0.001237 1789539391.121162176 49.975 15.302 1.890 0.00000 -1 ACTUAL_TF
46.6809 0.1546214 -1.6824591 0.6840963 0.47979310 -0.51379710 0.70410176 0.10025882 0.001157 1789539391.177121162 50.025 15.252 1.868 0.00000 -1 ACTUAL_TF
46.7420 0.1546467 -1.6824149 0.6840928 0.47979354 -0.51380298 0.70409815 0.10025194 0.001083 1789539391.233152866 50.073 15.204 1.854 0.00000 -1 ACTUAL_TF
46.8033 0.1546788 -1.6823841 0.6841653 0.47975231 -0.51376791 0.70415160 0.10025357 0.001213 1789539391.289218903 50.118 15.159 1.904 0.00000 -1 ACTUAL_TF
46.8498 0.1547026 -1.6823310 0.6841742 0.47973353 -0.51375553 0.70417459 0.10024540 0.001165 1789539391.345170498 50.171 15.106 1.893 0.00000 -1 ACTUAL_TF
46.9082 0.1547092 -1.6822070 0.6841134 0.47970431 -0.51375148 0.70419992 0.10022808 0.001556 1789539391.401138544 50.258 15.019 1.788 0.00000 -1 ACTUAL_TF
46.9684 0.1546982 -1.6820381 0.6839846 0.47968641 -0.51376623 0.70420445 0.10020622 0.002229 1789539391.457145452 50.361 14.916 1.603 0.00000 -1 ACTUAL_TF
47.0193 0.1546916 -1.6818964 0.6838775 0.47967461 -0.51377091 0.70421137 0.10019012 0.002511 1789539391.513208389 50.450 14.827 1.449 0.00000 -1 ACTUAL_TF
47.0726 0.1546600 -1.6817197 0.6837184 0.47969287 -0.51375664 0.70420632 0.10021138 0.003044 1789539391.569175243 50.542 14.735 1.228 0.00000 -1 ACTUAL_TF
47.1330 0.1546456 -1.6815850 0.6836142 0.47967962 -0.51376282 0.70421226 0.10020138 0.003046 1789539391.625171423 50.621 14.657 1.076 0.00000 -1 ACTUAL_TF
47.1849 0.1546319 -1.6814366 0.6834916 0.47968464 -0.51375317 0.70421504 0.10020731 0.003166 1789539391.681185722 50.708 14.569 0.905 0.00000 -1 ACTUAL_TF
47.2462 0.1546231 -1.6813180 0.6834034 0.47967784 -0.51374856 0.70422312 0.10020673 0.003010 1789539391.737143278 50.780 14.497 0.776 0.00000 -1 ACTUAL_TF
47.3025 0.1546072 -1.6811714 0.6832709 0.47967752 -0.51375885 0.70421695 0.10019883 0.003164 1789539391.793429375 50.865 14.412 0.597 0.00000 -1 ACTUAL_TF
47.3579 0.1545936 -1.6810456 0.6831649 0.47967348 -0.51376056 0.70421901 0.10019491 0.003104 1789539391.849117756 50.937 14.340 0.450 0.00000 -1 ACTUAL_TF
47.4140 0.1545698 -1.6808776 0.6830149 0.47967050 -0.51376876 0.70421610 0.10018765 0.003385 1789539391.905136347 51.030 14.247 0.247 0.00000 -1 ACTUAL_TF
47.4684 0.1545361 -1.6807293 0.6828736 0.47968689 -0.51375354 0.70421316 0.10020786 0.003482 1789539391.961144686 51.103 14.174 0.071 0.00000 -1 ACTUAL_TF
47.5229 0.1545111 -1.6805947 0.6827594 0.47967981 -0.51375373 0.70421841 0.10020383 0.003392 1789539392.017162323 51.173 14.104 0.133 0.00000 -1 ACTUAL_TF
47.5763 0.1544677 -1.6804117 0.6825728 0.47968339 -0.51376764 0.70420655 0.10019875 0.003793 1789539392.073205709 51.261 14.016 0.372 0.00000 -1 ACTUAL_TF
47.6325 0.1544351 -1.6802625 0.6824272 0.47969149 -0.51376958 0.70419981 0.10019738 0.003788 1789539392.129060268 51.335 13.942 0.568 0.00000 -1 ACTUAL_TF
47.6889 0.1543992 -1.6800883 0.6822626 0.47969871 -0.51377315 0.70419305 0.10019205 0.003947 1789539392.185171366 51.423 13.854 0.793 0.00000 -1 ACTUAL_TF
47.7448 0.1543763 -1.6799734 0.6821580 0.47969717 -0.51376330 0.70420104 0.10019382 0.003605 1789539392.241167545 51.481 13.796 0.938 0.00000 -1 ACTUAL_TF
47.7997 0.1543335 -1.6797766 0.6819585 0.47971163 -0.51377392 0.70418432 0.10018761 0.004041 1789539392.297186613 51.579 13.698 1.204 0.00000 -1 ACTUAL_TF
47.8546 0.1543052 -1.6796378 0.6818327 0.47971245 -0.51377199 0.70418554 0.10018499 0.003845 1789539392.353147984 51.649 13.628 1.379 0.00000 -1 ACTUAL_TF
47.9119 0.1542770 -1.6795162 0.6817199 0.47971136 -0.51377835 0.70418208 0.10018191 0.003592 1789539392.409164190 51.708 13.569 1.537 0.00000 -1 ACTUAL_TF
47.9658 0.1542542 -1.6794229 0.6816529 0.47970650 -0.51376899 0.70419123 0.10018888 0.003143 1789539392.465099335 51.753 13.524 1.645 0.00000 -1 ACTUAL_TF
48.0306 0.1542260 -1.6793532 0.6815930 0.47971709 -0.51376311 0.70418534 0.10020970 0.002714 1789539392.521174669 51.778 13.499 1.737 0.00000 -1 ACTUAL_TF
48.0788 0.1542050 -1.6792806 0.6815457 0.47970221 -0.51376992 0.70419004 0.10021300 0.002377 1789539392.577212572 51.810 13.467 1.819 0.00000 -1 ACTUAL_TF
48.1338 0.1542164 -1.6792254 0.6815142 0.47970173 -0.51377580 0.70418628 0.10021161 0.002011 1789539392.633084774 51.855 13.422 1.866 0.00000 -1 ACTUAL_TF
48.1984 0.1542566 -1.6791656 0.6814925 0.47970184 -0.51377770 0.70418485 0.10021136 0.001811 1789539392.689138651 51.925 13.352 1.894 0.00000 -1 ACTUAL_TF
48.2545 0.1542940 -1.6791288 0.6814884 0.47970221 -0.51377289 0.70418783 0.10021331 0.001549 1789539392.745198965 51.977 13.300 1.899 0.00000 -1 ACTUAL_TF
48.3093 0.1543449 -1.6790792 0.6814779 0.47970846 -0.51377350 0.70418328 0.10021225 0.001469 1789539392.801119328 52.048 13.229 1.909 0.00000 -1 ACTUAL_TF
48.3654 0.1543928 -1.6790366 0.6814680 0.47971494 -0.51377979 0.70417401 0.10021405 0.001376 1789539392.857172966 52.112 13.165 1.916 0.00000 -1 ACTUAL_TF
48.4203 0.1544422 -1.6789989 0.6814595 0.47972109 -0.51378473 0.70416657 0.10021157 0.001299 1789539392.913145781 52.174 13.103 1.919 0.00000 -1 ACTUAL_TF
48.4755 0.1544930 -1.6789516 0.6814431 0.47972632 -0.51379967 0.70415219 0.10021103 0.001292 1789539392.969105482 52.243 13.034 1.932 0.00000 -1 ACTUAL_TF
48.5308 0.1545509 -1.6789075 0.6814298 0.47973304 -0.51380957 0.70414123 0.10020508 0.001301 1789539393.025114775 52.316 12.961 1.938 0.00000 -1 ACTUAL_TF
48.5899 0.1546169 -1.6788606 0.6814147 0.47973807 -0.51382315 0.70412825 0.10020263 0.001351 1789539393.081171036 52.396 12.881 1.943 0.00000 -1 ACTUAL_TF
48.6458 0.1546853 -1.6788188 0.6814027 0.47974462 -0.51383165 0.70411832 0.10019744 0.001380 1789539393.137139082 52.475 12.802 1.942 0.00000 -1 ACTUAL_TF
48.6944 0.1547698 -1.6787954 0.6814234 0.47974772 -0.51383528 0.70411329 0.10019934 0.001448 1789539393.193185091 52.554 12.723 1.901 0.00000 -1 ACTUAL_TF
48.7498 0.1548642 -1.6788447 0.6815389 0.47974321 -0.51381757 0.70412670 0.10021747 0.001857 1789539393.249148130 52.592 12.685 1.748 0.00000 -1 ACTUAL_TF
48.8074 0.1549540 -1.6788996 0.6816438 0.47975249 -0.51380777 0.70412544 0.10023220 0.002095 1789539393.305151701 52.624 12.653 1.603 0.00000 -1 ACTUAL_TF
48.8646 0.1550598 -1.6789599 0.6817680 0.47975845 -0.51379412 0.70412876 0.10025033 0.002401 1789539393.361041307 52.663 12.614 1.434 0.00000 -1 ACTUAL_TF
48.9222 0.1551740 -1.6790418 0.6819185 0.47976671 -0.51376618 0.70414140 0.10026511 0.002781 1789539393.417127132 52.695 12.582 1.230 0.00000 -1 ACTUAL_TF
48.9795 0.1552909 -1.6790927 0.6820251 0.47978425 -0.51376406 0.70412917 0.10027803 0.002838 1789539393.473122358 52.749 12.528 1.074 0.00000 -1 ACTUAL_TF
49.0371 0.1554096 -1.6791596 0.6821571 0.47979164 -0.51374379 0.70413775 0.10028628 0.003004 1789539393.529043674 52.794 12.483 0.889 0.00000 -1 ACTUAL_TF
49.0952 0.1555277 -1.6792257 0.6822847 0.47980224 -0.51373568 0.70413449 0.10029999 0.003096 1789539393.585245132 52.840 12.438 0.709 0.00000 -1 ACTUAL_TF
49.1491 0.1556368 -1.6792669 0.6823787 0.47981354 -0.51372927 0.70413071 0.10030525 0.002970 1789539393.641200781 52.894 12.383 0.571 0.00000 -1 ACTUAL_TF
49.2048 0.1557595 -1.6793423 0.6825243 0.47981688 -0.51371913 0.70413430 0.10031604 0.003177 1789539393.697146177 52.937 12.340 0.371 0.00000 -1 ACTUAL_TF
49.2604 0.1559004 -1.6793760 0.6826471 0.47976841 -0.51375797 0.70414760 0.10025554 0.003242 1789539393.753105402 53.020 12.257 0.202 0.00000 -1 ACTUAL_TF
49.3152 0.1560163 -1.6794326 0.6827737 0.47977496 -0.51373429 0.70415888 0.10026634 0.003236 1789539393.809178114 53.070 12.207 0.039 0.00000 -1 ACTUAL_TF
49.3732 0.1561074 -1.6794625 0.6828573 0.47978132 -0.51374497 0.70414536 0.10027612 0.002948 1789539393.865122795 53.119 12.158 0.098 0.00000 -1 ACTUAL_TF
49.4323 0.1562053 -1.6794860 0.6829364 0.47978426 -0.51373972 0.70414720 0.10027603 0.002749 1789539393.921137810 53.177 12.100 0.210 0.00000 -1 ACTUAL_TF
49.4800 0.1563134 -1.6795290 0.6830584 0.47978007 -0.51372935 0.70415663 0.10028305 0.002827 1789539393.977199078 53.230 12.047 0.367 0.00000 -1 ACTUAL_TF
49.5350 0.1563919 -1.6795503 0.6831281 0.47977804 -0.51373220 0.70415504 0.10028925 0.002552 1789539394.033189774 53.275 12.002 0.464 0.00000 -1 ACTUAL_TF
49.5912 0.1565061 -1.6795874 0.6832462 0.47976679 -0.51373381 0.70416181 0.10028730 0.002691 1789539394.089035749 53.336 11.941 0.620 0.00000 -1 ACTUAL_TF
49.6463 0.1566219 -1.6796163 0.6833476 0.47975833 -0.51374388 0.70416075 0.10028364 0.002724 1789539394.144996405 53.404 11.873 0.761 0.00000 -1 ACTUAL_TF
49.7024 0.1567379 -1.6796304 0.6834315 0.47976242 -0.51374696 0.70415590 0.10028234 0.002676 1789539394.201086044 53.482 11.795 0.882 0.00000 -1 ACTUAL_TF
49.7561 0.1568745 -1.6796450 0.6835382 0.47976360 -0.51374213 0.70415850 0.10028321 0.002806 1789539394.257056713 53.575 11.702 1.029 0.00000 -1 ACTUAL_TF
49.8200 0.1570054 -1.6796550 0.6836325 0.47976564 -0.51373605 0.70416158 0.10028295 0.002824 1789539394.313446283 53.667 11.610 1.162 0.00000 -1 ACTUAL_TF
49.8729 0.1571458 -1.6796587 0.6837282 0.47976853 -0.51373856 0.70415759 0.10028429 0.002894 1789539394.369017363 53.770 11.507 1.298 0.00000 -1 ACTUAL_TF
49.9263 0.1572583 -1.6796642 0.6838100 0.47976616 -0.51374366 0.70415523 0.10028610 0.002771 1789539394.425071716 53.851 11.426 1.411 0.00000 -1 ACTUAL_TF
49.9892 0.1574112 -1.6796578 0.6839066 0.47975175 -0.51375286 0.70416117 0.10026615 0.002909 1789539394.481071949 53.970 11.307 1.547 0.00000 -1 ACTUAL_TF
50.0442 0.1575310 -1.6796399 0.6839697 0.47974920 -0.51375521 0.70416290 0.10025420 0.002769 1789539394.537039280 54.072 11.205 1.638 0.00000 -1 ACTUAL_TF
50.0991 0.1576422 -1.6796174 0.6840293 0.47975033 -0.51375759 0.70416017 0.10025570 0.002623 1789539394.593125105 54.170 11.107 1.720 0.00000 -1 ACTUAL_TF
50.1547 0.1577289 -1.6795887 0.6840606 0.47975026 -0.51376403 0.70415553 0.10025569 0.002354 1789539394.649089813 54.254 11.023 1.768 0.00000 -1 ACTUAL_TF
50.2098 0.1577995 -1.6795483 0.6840714 0.47975847 -0.51376739 0.70414864 0.10024755 0.002087 1789539394.705136061 54.334 10.943 1.787 0.00000 -1 ACTUAL_TF
50.2645 0.1578459 -1.6794995 0.6840584 0.47976353 -0.51378242 0.70413473 0.10024403 0.001828 1789539394.761129618 54.401 10.876 1.773 0.00000 -1 ACTUAL_TF
50.3185 0.1578799 -1.6794604 0.6840453 0.47976804 -0.51379418 0.70412360 0.10024030 0.001566 1789539394.817139149 54.452 10.825 1.759 0.00000 -1 ACTUAL_TF
50.3736 0.1579182 -1.6794150 0.6840308 0.47977474 -0.51380560 0.70411169 0.10023339 0.001425 1789539394.873021126 54.511 10.766 1.743 0.00000 -1 ACTUAL_TF
50.4292 0.1579497 -1.6793821 0.6840241 0.47977898 -0.51381032 0.70410628 0.10022690 0.001244 1789539394.928975821 54.556 10.721 1.735 0.00000 -1 ACTUAL_TF
50.4930 0.1579772 -1.6793470 0.6840197 0.47978160 -0.51381451 0.70410238 0.10022030 0.001110 1789539394.985140800 54.600 10.677 1.726 0.00000 -1 ACTUAL_TF
50.5472 0.1579851 -1.6793209 0.6840185 0.47978065 -0.51381831 0.70410074 0.10021686 0.000924 1789539395.041083574 54.623 10.654 1.715 0.00000 -1 ACTUAL_TF
50.6054 0.1580097 -1.6793195 0.6841080 0.47973287 -0.51376990 0.70416782 0.10022247 0.001143 1789539395.097177744 54.643 10.634 1.789 0.00000 -1 ACTUAL_TF
50.6611 0.1580035 -1.6792850 0.6841001 0.47971843 -0.51376686 0.70418025 0.10021981 0.000993 1789539395.153091908 54.661 10.616 1.763 0.00000 -1 ACTUAL_TF
50.7183 0.1579992 -1.6792320 0.6840663 0.47970310 -0.51376192 0.70419565 0.10021033 0.001032 1789539395.209102631 54.693 10.584 1.709 0.00000 -1 ACTUAL_TF
50.7732 0.1579879 -1.6791090 0.6839536 0.47970106 -0.51376938 0.70419532 0.10018420 0.001618 1789539395.265113831 54.766 10.511 1.558 0.00000 -1 ACTUAL_TF
50.8216 0.1579775 -1.6789883 0.6838345 0.47969717 -0.51377488 0.70419761 0.10015855 0.002042 1789539395.321162224 54.837 10.440 1.405 0.00000 -1 ACTUAL_TF
50.8794 0.1579511 -1.6788514 0.6836940 0.47971758 -0.51375093 0.70420074 0.10016160 0.002490 1789539395.377155781 54.908 10.369 1.220 0.00000 -1 ACTUAL_TF
50.9340 0.1578920 -1.6787434 0.6835646 0.47973297 -0.51373978 0.70419614 0.10017737 0.002698 1789539395.433264494 54.934 10.343 1.044 0.00000 -1 ACTUAL_TF
50.9979 0.1578280 -1.6785938 0.6834037 0.47972299 -0.51375257 0.70419658 0.10015654 0.003117 1789539395.489168167 54.985 10.292 0.821 0.00000 -1 ACTUAL_TF
51.0549 0.1577528 -1.6784513 0.6832327 0.47972970 -0.51375151 0.70419237 0.10015943 0.003440 1789539395.545171261 55.023 10.254 0.589 0.00000 -1 ACTUAL_TF
51.1100 0.1576883 -1.6783292 0.6830988 0.47972068 -0.51376082 0.70419312 0.10014957 0.003439 1789539395.601137400 55.055 10.222 0.399 0.00000 -1 ACTUAL_TF
51.1647 0.1576163 -1.6781940 0.6829532 0.47971484 -0.51375890 0.70419867 0.10014842 0.003539 1789539395.657181263 55.090 10.187 0.191 0.00000 -1 ACTUAL_TF
51.2198 0.1575596 -1.6780787 0.6828313 0.47970816 -0.51376282 0.70420060 0.10014669 0.003427 1789539395.713109016 55.123 10.154 0.018 0.00000 -1 ACTUAL_TF
51.2794 0.1574964 -1.6779381 0.6826677 0.47973244 -0.51375694 0.70418583 0.10016444 0.003603 1789539395.769140720 55.169 10.108 0.204 0.00000 -1 ACTUAL_TF
51.3368 0.1574527 -1.6778252 0.6825515 0.47972894 -0.51376194 0.70418470 0.10016342 0.003421 1789539395.825136423 55.210 10.067 0.366 0.00000 -1 ACTUAL_TF
51.3869 0.1574109 -1.6776946 0.6824302 0.47972508 -0.51377046 0.70418161 0.10016002 0.003375 1789539395.881176710 55.265 10.012 0.540 0.00000 -1 ACTUAL_TF
51.4472 0.1573839 -1.6776048 0.6823546 0.47972077 -0.51376638 0.70418673 0.10016558 0.003008 1789539395.937116385 55.304 9.973 0.654 0.00000 -1 ACTUAL_TF
51.4966 0.1573554 -1.6774853 0.6822570 0.47971710 -0.51376600 0.70418937 0.10016649 0.002946 1789539395.993143082 55.362 9.915 0.800 0.00000 -1 ACTUAL_TF
51.5594 0.1573212 -1.6773627 0.6821499 0.47971168 -0.51377083 0.70418901 0.10017026 0.002954 1789539396.049094439 55.417 9.860 0.956 0.00000 -1 ACTUAL_TF
51.6118 0.1572833 -1.6772685 0.6820758 0.47970937 -0.51377033 0.70418807 0.10019042 0.002741 1789539396.105135441 55.451 9.826 1.077 0.00000 -1 ACTUAL_TF
51.6649 0.1572305 -1.6771634 0.6819948 0.47968811 -0.51378328 0.70418960 0.10021513 0.002683 1789539396.161184072 55.480 9.797 1.215 0.00000 -1 ACTUAL_TF
51.7183 0.1572264 -1.6770484 0.6819102 0.47968390 -0.51379376 0.70418411 0.10022007 0.002645 1789539396.217098713 55.553 9.724 1.338 0.00000 -1 ACTUAL_TF
51.7762 0.1572698 -1.6769088 0.6818468 0.47968339 -0.51378945 0.70418639 0.10022859 0.002704 1789539396.273154020 55.678 9.599 1.437 0.00000 -1 ACTUAL_TF
51.8312 0.1573138 -1.6767933 0.6817995 0.47967873 -0.51379188 0.70418700 0.10023413 0.002602 1789539396.329128265 55.787 9.490 1.511 0.00000 -1 ACTUAL_TF
51.8906 0.1573970 -1.6766363 0.6817415 0.47967812 -0.51379340 0.70418725 0.10022754 0.002823 1789539396.385117054 55.954 9.323 1.597 0.00000 -1 ACTUAL_TF
51.9480 0.1574926 -1.6765104 0.6817154 0.47967471 -0.51378974 0.70419254 0.10022542 0.002834 1789539396.441130161 56.109 9.169 1.638 0.00000 -1 ACTUAL_TF
52.0073 0.1575560 -1.6764308 0.6816952 0.47968706 -0.51378203 0.70418685 0.10024588 0.002540 1789539396.497098684 56.209 9.068 1.665 0.00000 -1 ACTUAL_TF
52.0540 0.1576469 -1.6763488 0.6816832 0.47969211 -0.51378720 0.70417960 0.10024608 0.002437 1789539396.553107738 56.331 8.946 1.674 0.00000 -1 ACTUAL_TF
52.1110 0.1577290 -1.6762833 0.6816748 0.47969931 -0.51379261 0.70417182 0.10023858 0.002271 1789539396.609090567 56.436 8.841 1.676 0.00000 -1 ACTUAL_TF
52.1696 0.1578162 -1.6762226 0.6816639 0.47970542 -0.51380136 0.70416167 0.10023584 0.002161 1789539396.665128469 56.541 8.736 1.675 0.00000 -1 ACTUAL_TF
52.2264 0.1578932 -1.6761622 0.6816480 0.47971514 -0.51381198 0.70414874 0.10022567 0.002043 1789539396.721161366 56.639 8.638 1.682 0.00000 -1 ACTUAL_TF
52.2868 0.1579792 -1.6761017 0.6816301 0.47972437 -0.51382518 0.70413387 0.10021831 0.002002 1789539396.777152538 56.743 8.534 1.687 0.00000 -1 ACTUAL_TF
52.3347 0.1580448 -1.6760569 0.6816166 0.47973060 -0.51383583 0.70412246 0.10021404 0.001833 1789539396.833062649 56.822 8.455 1.690 0.00000 -1 ACTUAL_TF
52.3958 0.1581273 -1.6760081 0.6816062 0.47973823 -0.51384534 0.70411111 0.10020854 0.001799 1789539396.889108896 56.916 8.361 1.685 0.00000 -1 ACTUAL_TF
52.4554 0.1582138 -1.6759930 0.6816429 0.47974076 -0.51384237 0.70411136 0.10020984 0.001770 1789539396.945105076 56.991 8.286 1.627 0.00000 -1 ACTUAL_TF
52.5063 0.1583000 -1.6760244 0.6817303 0.47974002 -0.51382388 0.70412420 0.10021795 0.001917 1789539397.001142740 57.035 8.242 1.508 0.00000 -1 ACTUAL_TF
52.5629 0.1583929 -1.6760822 0.6818546 0.47973677 -0.51380532 0.70413720 0.10023731 0.002229 1789539397.057171106 57.067 8.210 1.346 0.00000 -1 ACTUAL_TF
52.6224 0.1584838 -1.6761460 0.6819655 0.47974615 -0.51378818 0.70414154 0.10024982 0.002401 1789539397.113143206 57.093 8.184 1.191 0.00000 -1 ACTUAL_TF
52.6689 0.1585741 -1.6762228 0.6820920 0.47975143 -0.51377164 0.70414717 0.10026980 0.002611 1789539397.169047117 57.110 8.167 1.019 0.00000 -1 ACTUAL_TF
52.7256 0.1586480 -1.6762882 0.6821819 0.47976648 -0.51376770 0.70413757 0.10028543 0.002543 1789539397.225074530 57.122 8.155 0.886 0.00000 -1 ACTUAL_TF
52.7836 0.1587427 -1.6763840 0.6823183 0.47978106 -0.51375461 0.70413441 0.10030489 0.002805 1789539397.281171799 57.130 8.147 0.695 0.00000 -1 ACTUAL_TF
52.8412 0.1588342 -1.6764717 0.6824495 0.47979027 -0.51374248 0.70413473 0.10032071 0.002938 1789539397.337321520 57.141 8.136 0.513 0.00000 -1 ACTUAL_TF
52.8961 0.1589119 -1.6765440 0.6825543 0.47980166 -0.51373663 0.70412990 0.10033007 0.002856 1789539397.393322468 57.152 8.125 0.365 0.00000 -1 ACTUAL_TF
52.9543 0.1590568 -1.6766411 0.6827240 0.47976358 -0.51376654 0.70414204 0.10027382 0.003307 1789539397.449127436 57.197 8.080 0.128 0.00000 -1 ACTUAL_TF
53.0119 0.1591397 -1.6767246 0.6828478 0.47977535 -0.51374958 0.70414408 0.10029006 0.003230 1789539397.505144358 57.204 8.073 0.054 0.00000 -1 ACTUAL_TF
53.0681 0.1592458 -1.6768141 0.6829819 0.47978496 -0.51374110 0.70414308 0.10029451 0.003296 1789539397.561083317 57.225 8.052 0.240 0.00000 -1 ACTUAL_TF
53.1261 0.1593244 -1.6768829 0.6830806 0.47979096 -0.51374396 0.70413622 0.10029938 0.003074 1789539397.617281437 57.238 8.039 0.383 0.00000 -1 ACTUAL_TF
53.1843 0.1594300 -1.6769638 0.6832171 0.47978383 -0.51374708 0.70413979 0.10029245 0.003174 1789539397.673237324 57.264 8.013 0.571 0.00000 -1 ACTUAL_TF
53.2317 0.1595308 -1.6770248 0.6833207 0.47978107 -0.51375065 0.70414113 0.10027793 0.003063 1789539397.729154587 57.300 7.977 0.724 0.00000 -1 ACTUAL_TF
53.2889 0.1596222 -1.6770962 0.6834460 0.47978136 -0.51374815 0.70414160 0.10028606 0.003060 1789539397.785070658 57.321 7.956 0.893 0.00000 -1 ACTUAL_TF
53.3490 0.1597200 -1.6771527 0.6835526 0.47978363 -0.51374690 0.70414049 0.10028940 0.002973 1789539397.841139793 57.357 7.920 1.044 0.00000 -1 ACTUAL_TF
53.4100 0.1597944 -1.6771787 0.6836218 0.47978518 -0.51375010 0.70413750 0.10028662 0.002643 1789539397.897173166 57.396 7.881 1.141 0.00000 -1 ACTUAL_TF
53.4585 0.1599015 -1.6772150 0.6837162 0.47978310 -0.51375025 0.70414039 0.10027545 0.002639 1789539397.953150988 57.453 7.824 1.277 0.00000 -1 ACTUAL_TF
53.5188 0.1599672 -1.6772245 0.6837679 0.47977514 -0.51376543 0.70413612 0.10026576 0.002296 1789539398.009384394 57.496 7.781 1.349 0.00000 -1 ACTUAL_TF
53.5707 0.1600606 -1.6772423 0.6838443 0.47977536 -0.51376242 0.70413834 0.10026453 0.002265 1789539398.065078259 57.554 7.723 1.456 0.00000 -1 ACTUAL_TF
53.6307 0.1601345 -1.6772519 0.6839070 0.47977820 -0.51375804 0.70413934 0.10026632 0.002106 1789539398.121176958 57.603 7.674 1.540 0.00000 -1 ACTUAL_TF
53.6811 0.1602192 -1.6772594 0.6839715 0.47977633 -0.51375651 0.70414104 0.10027120 0.002046 1789539398.177210093 57.662 7.615 1.629 0.00000 -1 ACTUAL_TF
53.7391 0.1602845 -1.6772357 0.6839995 0.47977796 -0.51376112 0.70413696 0.10026844 0.001835 1789539398.233037472 57.727 7.550 1.667 0.00000 -1 ACTUAL_TF
53.8002 0.1603623 -1.6771985 0.6840133 0.47978029 -0.51377046 0.70412866 0.10026771 0.001749 1789539398.289335012 57.810 7.467 1.693 0.00000 -1 ACTUAL_TF
53.8501 0.1604401 -1.6771169 0.6839902 0.47979059 -0.51379301 0.70410640 0.10025919 0.001841 1789539398.345319033 57.922 7.355 1.670 0.00000 -1 ACTUAL_TF
53.9064 0.1604982 -1.6770478 0.6839702 0.47979763 -0.51381501 0.70408622 0.10025446 0.001786 1789539398.401161671 58.011 7.266 1.647 0.00000 -1 ACTUAL_TF
53.9618 0.1605964 -1.6769587 0.6839602 0.47980154 -0.51382678 0.70407656 0.10024330 0.001962 1789539398.457171679 58.144 7.133 1.638 0.00000 -1 ACTUAL_TF
54.0254 0.1606730 -1.6768871 0.6840086 0.47977155 -0.51380883 0.70411045 0.10024084 0.001992 1789539398.513184309 58.249 7.028 1.669 0.00000 -1 ACTUAL_TF
54.0736 0.1607462 -1.6768133 0.6840339 0.47975413 -0.51380325 0.70412705 0.10023620 0.001968 1789539398.569156170 58.353 6.924 1.682 0.00000 -1 ACTUAL_TF
54.1366 0.1608092 -1.6767576 0.6840705 0.47973148 -0.51378616 0.70415556 0.10023194 0.001861 1789539398.626022577 58.437 6.840 1.708 0.00000 -1 ACTUAL_TF
54.1984 0.1608693 -1.6766701 0.6840775 0.47970801 -0.51377209 0.70418352 0.10021995 0.001882 1789539398.681145430 58.540 6.737 1.695 0.00000 -1 ACTUAL_TF
54.2426 0.1608997 -1.6765640 0.6840401 0.47968722 -0.51376923 0.70420129 0.10020925 0.001943 1789539398.737064600 58.633 6.644 1.627 0.00000 -1 ACTUAL_TF
54.2961 0.1609121 -1.6764550 0.6839742 0.47967405 -0.51377545 0.70420763 0.10019582 0.002044 1789539398.793146133 58.714 6.563 1.529 0.00000 -1 ACTUAL_TF
54.3509 0.1609210 -1.6763112 0.6838703 0.47966355 -0.51378701 0.70420892 0.10017779 0.002383 1789539398.849117041 58.816 6.461 1.383 0.00000 -1 ACTUAL_TF
54.4058 0.1609182 -1.6762134 0.6837984 0.47965844 -0.51378017 0.70421708 0.10017992 0.002319 1789539398.905072689 58.878 6.399 1.279 0.00000 -1 ACTUAL_TF
54.4612 0.1608915 -1.6760901 0.6836798 0.47968897 -0.51375330 0.70421047 0.10021800 0.002549 1789539398.961178303 58.940 6.337 1.117 0.00000 -1 ACTUAL_TF
54.5271 0.1608787 -1.6759789 0.6835904 0.47967668 -0.51375614 0.70421855 0.10020554 0.002553 1789539399.017079353 59.003 6.274 0.989 0.00000 -1 ACTUAL_TF
54.5730 0.1608490 -1.6758297 0.6834532 0.47967061 -0.51376059 0.70422035 0.10019911 0.002883 1789539399.073185444 59.080 6.197 0.800 0.00000 -1 ACTUAL_TF
54.6395 0.1608203 -1.6756992 0.6833192 0.47968103 -0.51375778 0.70421519 0.10019992 0.003032 1789539399.129163504 59.144 6.133 0.622 0.00000 -1 ACTUAL_TF
54.6880 0.1607935 -1.6755229 0.6831516 0.47967988 -0.51376009 0.70421712 0.10018003 0.003433 1789539399.185157776 59.240 6.037 0.397 0.00000 -1 ACTUAL_TF
54.7444 0.1607743 -1.6753743 0.6830126 0.47968276 -0.51375040 0.70422414 0.10016653 0.003498 1789539399.241178751 59.324 5.953 0.211 0.00000 -1 ACTUAL_TF
54.8008 0.1607531 -1.6752403 0.6828857 0.47968109 -0.51374563 0.70423134 0.10014838 0.003446 1789539399.297052622 59.396 5.881 0.042 0.00000 -1 ACTUAL_TF
54.8580 0.1606808 -1.6750841 0.6827023 0.47971334 -0.51372970 0.70421771 0.10017146 0.003761 1789539399.353030443 59.445 5.832 0.209 0.00000 -1 ACTUAL_TF
54.9122 0.1606257 -1.6749860 0.6825930 0.47970047 -0.51373643 0.70422304 0.10016113 0.003471 1789539399.409078598 59.468 5.809 0.364 0.00000 -1 ACTUAL_TF
54.9677 0.1605537 -1.6748474 0.6824337 0.47970445 -0.51374021 0.70421758 0.10016103 0.003626 1789539399.465047598 59.506 5.772 0.584 0.00000 -1 ACTUAL_TF
55.0268 0.1604977 -1.6747331 0.6823064 0.47970594 -0.51374217 0.70421519 0.10016066 0.003500 1789539399.521202087 59.539 5.738 0.761 0.00000 -1 ACTUAL_TF
55.0839 0.1604254 -1.6745902 0.6821352 0.47971070 -0.51376200 0.70419847 0.10015370 0.003706 1789539399.577186346 59.579 5.698 0.991 0.00000 -1 ACTUAL_TF
55.1424 0.1603888 -1.6744996 0.6820396 0.47971472 -0.51375733 0.70419872 0.10015666 0.003329 1789539399.633003712 59.611 5.666 1.124 0.00000 -1 ACTUAL_TF
55.1959 0.1603368 -1.6743943 0.6819270 0.47971988 -0.51376020 0.70419184 0.10016562 0.003201 1789539399.689048052 59.641 5.636 1.284 0.00000 -1 ACTUAL_TF
55.2525 0.1603055 -1.6742902 0.6818225 0.47972071 -0.51376940 0.70418519 0.10016110 0.003049 1789539399.745005131 59.687 5.590 1.428 0.00000 -1 ACTUAL_TF
55.3085 0.1602829 -1.6742185 0.6817666 0.47971569 -0.51376889 0.70418869 0.10016329 0.002637 1789539399.801013470 59.717 5.560 1.516 0.00000 -1 ACTUAL_TF
55.3665 0.1602600 -1.6741466 0.6817133 0.47971574 -0.51376735 0.70418859 0.10017163 0.002340 1789539399.857050657 59.747 5.530 1.602 0.00000 -1 ACTUAL_TF
55.4140 0.1602354 -1.6740852 0.6816673 0.47971243 -0.51377134 0.70418653 0.10018144 0.002070 1789539399.913029671 59.769 5.508 1.679 0.00000 -1 ACTUAL_TF
55.4786 0.1602050 -1.6740279 0.6816195 0.47970278 -0.51378334 0.70418257 0.10019395 0.001881 1789539399.969005585 59.785 5.493 1.758 0.00000 -1 ACTUAL_TF
55.5277 0.1601823 -1.6739999 0.6816040 0.47968892 -0.51379127 0.70418371 0.10021166 0.001527 1789539400.025058985 59.786 5.491 1.794 0.00000 -1 ACTUAL_TF
55.5882 0.1601883 -1.6739458 0.6815811 0.47968284 -0.51380081 0.70418006 0.10021746 0.001385 1789539400.081009626 59.826 5.451 1.837 0.00000 -1 ACTUAL_TF
55.6434 0.1602420 -1.6738897 0.6815675 0.47969074 -0.51380362 0.70417325 0.10021307 0.001391 1789539400.137063265 59.904 5.373 1.851 0.00000 -1 ACTUAL_TF
55.6950 0.1602941 -1.6738385 0.6815567 0.47969667 -0.51381224 0.70416297 0.10021275 0.001370 1789539400.193060160 59.977 5.301 1.861 0.00000 -1 ACTUAL_TF
55.7555 0.1603652 -1.6737802 0.6815407 0.47970367 -0.51382565 0.70414853 0.10021198 0.001459 1789539400.249039412 60.068 5.209 1.870 0.00000 -1 ACTUAL_TF
55.8152 0.1604510 -1.6737156 0.6815232 0.47971438 -0.51383731 0.70413380 0.10020440 0.001605 1789539400.304972172 60.175 5.102 1.877 0.00000 -1 ACTUAL_TF
55.8644 0.1605591 -1.6736435 0.6815022 0.47972541 -0.51385274 0.70411617 0.10019639 0.001827 1789539400.361091375 60.304 4.973 1.880 0.00000 -1 ACTUAL_TF
55.9235 0.1606466 -1.6735736 0.6814799 0.47973368 -0.51387229 0.70409691 0.10019184 0.001891 1789539400.417026043 60.416 4.861 1.892 0.00000 -1 ACTUAL_TF
55.9866 0.1607555 -1.6735070 0.6814733 0.47974075 -0.51388993 0.70407942 0.10019038 0.002008 1789539400.473049879 60.541 4.736 1.882 0.00000 -1 ACTUAL_TF
56.0351 0.1608742 -1.6734925 0.6815403 0.47974452 -0.51388103 0.70408321 0.10019142 0.002141 1789539400.529012918 60.640 4.637 1.787 0.00000 -1 ACTUAL_TF
56.0902 0.1610167 -1.6735345 0.6816901 0.47973756 -0.51385329 0.70410578 0.10020841 0.002629 1789539400.585003138 60.720 4.558 1.592 0.00000 -1 ACTUAL_TF
56.1476 0.1611556 -1.6735619 0.6818154 0.47973577 -0.51383702 0.70411661 0.10022427 0.002853 1789539400.640986443 60.806 4.471 1.424 0.00000 -1 ACTUAL_TF
56.2008 0.1612756 -1.6735838 0.6819207 0.47973762 -0.51381823 0.70412801 0.10023168 0.002860 1789539400.697023392 60.882 4.396 1.281 0.00000 -1 ACTUAL_TF
56.2562 0.1614017 -1.6736143 0.6820341 0.47974035 -0.51380306 0.70413542 0.10024429 0.002924 1789539400.753088474 60.956 4.321 1.126 0.00000 -1 ACTUAL_TF
56.3126 0.1614935 -1.6736291 0.6820985 0.47975541 -0.51380865 0.70411985 0.10025299 0.002653 1789539400.809033871 61.015 4.262 1.030 0.00000 -1 ACTUAL_TF
56.3676 0.1616191 -1.6736555 0.6822058 0.47975943 -0.51379202 0.70412793 0.10026222 0.002754 1789539400.865020275 61.092 4.185 0.882 0.00000 -1 ACTUAL_TF
56.4251 0.1617265 -1.6736785 0.6822992 0.47976379 -0.51377632 0.70413550 0.10026864 0.002700 1789539400.921044588 61.158 4.119 0.753 0.00000 -1 ACTUAL_TF
56.4803 0.1618464 -1.6737099 0.6824125 0.47976937 -0.51376209 0.70414090 0.10027691 0.002789 1789539400.977051735 61.227 4.050 0.600 0.00000 -1 ACTUAL_TF
56.5331 0.1619537 -1.6737431 0.6825035 0.47977884 -0.51376083 0.70413390 0.10028722 0.002727 1789539401.033035755 61.286 3.991 0.469 0.00000 -1 ACTUAL_TF
56.5878 0.1620619 -1.6737791 0.6826059 0.47978114 -0.51374383 0.70414391 0.10029301 0.002730 1789539401.089037180 61.344 3.934 0.327 0.00000 -1 ACTUAL_TF
56.6530 0.1621817 -1.6738247 0.6827245 0.47978570 -0.51373109 0.70414845 0.10030459 0.002847 1789539401.145027876 61.404 3.874 0.163 0.00000 -1 ACTUAL_TF
56.7064 0.1622671 -1.6738680 0.6828183 0.47979355 -0.51373145 0.70414128 0.10031550 0.002710 1789539401.201078176 61.439 3.838 0.039 0.00000 -1 ACTUAL_TF
56.7614 0.1623959 -1.6739385 0.6829607 0.47979720 -0.51371700 0.70414691 0.10033262 0.002993 1789539401.257063627 61.489 3.788 0.167 0.00000 -1 ACTUAL_TF
56.8217 0.1625143 -1.6740005 0.6830970 0.47979155 -0.51370881 0.70415697 0.10033091 0.003117 1789539401.313085318 61.537 3.740 0.351 0.00000 -1 ACTUAL_TF
56.8723 0.1626469 -1.6740437 0.6832185 0.47975232 -0.51375252 0.70415872 0.10028240 0.003174 1789539401.369015217 61.609 3.668 0.521 0.00000 -1 ACTUAL_TF
56.9308 0.1627561 -1.6741163 0.6833584 0.47975501 -0.51373478 0.70416818 0.10029401 0.003248 1789539401.425091028 61.643 3.634 0.710 0.00000 -1 ACTUAL_TF
56.9878 0.1628749 -1.6741819 0.6834934 0.47975398 -0.51372999 0.70417150 0.10030012 0.003299 1789539401.481111288 61.689 3.588 0.895 0.00000 -1 ACTUAL_TF
57.0433 0.1630076 -1.6742496 0.6836327 0.47975569 -0.51372109 0.70417633 0.10030361 0.003403 1789539401.537028790 61.744 3.533 1.092 0.00000 -1 ACTUAL_TF
57.0984 0.1631181 -1.6742999 0.6837392 0.47975998 -0.51372163 0.70417338 0.10030101 0.003247 1789539401.593054295 61.794 3.483 1.245 0.00000 -1 ACTUAL_TF
57.1507 0.1632411 -1.6743388 0.6838474 0.47975734 -0.51372468 0.70417417 0.10029253 0.003175 1789539401.649024248 61.860 3.417 1.400 0.00000 -1 ACTUAL_TF
57.2054 0.1633427 -1.6743698 0.6839338 0.47975252 -0.51373286 0.70417306 0.10028146 0.002956 1789539401.705059290 61.916 3.361 1.525 0.00000 -1 ACTUAL_TF
57.2701 0.1634330 -1.6744015 0.6840200 0.47975272 -0.51373237 0.70417262 0.10028610 0.002759 1789539401.761075020 61.963 3.314 1.645 0.00000 -1 ACTUAL_TF
57.3230 0.1635174 -1.6744175 0.6840851 0.47975606 -0.51372795 0.70417370 0.10028517 0.002509 1789539401.817061901 62.016 3.261 1.739 0.00000 -1 ACTUAL_TF
57.3766 0.1635916 -1.6744373 0.6841546 0.47975767 -0.51372722 0.70417230 0.10029104 0.002311 1789539401.873056650 62.059 3.218 1.833 0.00000 -1 ACTUAL_TF
57.4300 0.1636486 -1.6744393 0.6841918 0.47975944 -0.51373072 0.70416807 0.10029442 0.001983 1789539401.928992987 62.100 3.177 1.887 0.00000 -1 ACTUAL_TF
57.4852 0.1637159 -1.6744126 0.6842079 0.47976584 -0.51373645 0.70416040 0.10028820 0.001785 1789539401.985069990 62.168 3.109 1.916 0.00000 -1 ACTUAL_TF
57.5517 0.1637710 -1.6743916 0.6842240 0.47976917 -0.51374127 0.70415486 0.10028649 0.001577 1789539402.041049242 62.224 3.053 1.942 0.00000 -1 ACTUAL_TF
57.6019 0.1638177 -1.6743656 0.6842312 0.47977235 -0.51374580 0.70414999 0.10028228 0.001393 1789539402.097076893 62.276 3.001 1.955 0.00000 -1 ACTUAL_TF
57.6623 0.1638489 -1.6743305 0.6842294 0.47977480 -0.51375797 0.70413947 0.10028212 0.001227 1789539402.153039455 62.322 2.955 1.949 0.00000 -1 ACTUAL_TF
57.7181 0.1638880 -1.6742981 0.6842208 0.47978052 -0.51376335 0.70413287 0.10027348 0.001135 1789539402.209038973 62.373 2.904 1.944 0.00000 -1 ACTUAL_TF
57.7670 0.1639119 -1.6742601 0.6842078 0.47978493 -0.51377524 0.70412172 0.10026978 0.001044 1789539402.265065670 62.416 2.861 1.926 0.00000 -1 ACTUAL_TF
57.8213 0.1639247 -1.6742318 0.6842014 0.47978705 -0.51378181 0.70411602 0.10026594 0.000901 1789539402.321056128 62.444 2.833 1.912 0.00000 -1 ACTUAL_TF
57.8847 0.1639390 -1.6742003 0.6842006 0.47978679 -0.51378494 0.70411463 0.10026092 0.000816 1789539402.377043724 62.476 2.801 1.902 0.00000 -1 ACTUAL_TF
57.9423 0.1639617 -1.6741943 0.6842853 0.47974131 -0.51373980 0.70417788 0.10026570 0.001042 1789539402.433027983 62.497 2.780 1.970 0.00000 -1 ACTUAL_TF
57.9991 0.1639605 -1.6741601 0.6842779 0.47973453 -0.51373922 0.70418370 0.10026019 0.000917 1789539402.489045620 62.519 2.758 1.946 0.00000 -1 ACTUAL_TF
58.0544 0.1639459 -1.6740736 0.6842170 0.47971313 -0.51374049 0.70419905 0.10024829 0.001214 1789539402.545047760 62.565 2.712 1.850 0.00000 -1 ACTUAL_TF
58.1094 0.1639250 -1.6739423 0.6840962 0.47970415 -0.51375803 0.70419592 0.10022338 0.001812 1789539402.601074219 62.636 2.641 1.685 0.00000 -1 ACTUAL_TF
58.1660 0.1639013 -1.6737782 0.6839394 0.47969581 -0.51377339 0.70419464 0.10019354 0.002492 1789539402.657034397 62.727 2.550 1.476 0.00000 -1 ACTUAL_TF
58.2133 0.1638823 -1.6736414 0.6838196 0.47968593 -0.51378405 0.70419716 0.10016844 0.002724 1789539402.713004112 62.803 2.474 1.310 0.00000 -1 ACTUAL_TF
58.2780 0.1638554 -1.6734646 0.6836613 0.47967451 -0.51379437 0.70420128 0.10014123 0.003186 1789539402.769033194 62.899 2.378 1.091 0.00000 -1 ACTUAL_TF
58.3368 0.1638068 -1.6733210 0.6835018 0.47971462 -0.51376483 0.70418961 0.10018273 0.003408 1789539402.825075865 62.957 2.320 0.879 0.00000 -1 ACTUAL_TF
58.3824 0.1637758 -1.6731470 0.6833412 0.47970377 -0.51378408 0.70418671 0.10015636 0.003665 1789539402.881072998 63.049 2.228 0.658 0.00000 -1 ACTUAL_TF
58.4401 0.1637440 -1.6729998 0.6832113 0.47969693 -0.51378181 0.70419361 0.10015226 0.003631 1789539402.937060595 63.122 2.155 0.474 0.00000 -1 ACTUAL_TF
58.4953 0.1637114 -1.6728601 0.6830770 0.47969981 -0.51379529 0.70418303 0.10014361 0.003594 1789539402.993062735 63.190 2.087 0.289 0.00000 -1 ACTUAL_TF
58.5511 0.1636815 -1.6727283 0.6829690 0.47968765 -0.51379515 0.70419199 0.10013965 0.003443 1789539403.049037933 63.254 2.023 0.130 0.00000 -1 ACTUAL_TF
58.6070 0.1636515 -1.6726011 0.6828504 0.47968663 -0.51380908 0.70418380 0.10013063 0.003356 1789539403.105002642 63.316 1.961 0.040 0.00000 -1 ACTUAL_TF
58.6630 0.1635989 -1.6724712 0.6827261 0.47970542 -0.51379084 0.70417855 0.10017112 0.003352 1789539403.161040545 63.362 1.915 0.219 0.00000 -1 ACTUAL_TF
58.7204 0.1635709 -1.6723633 0.6826349 0.47969342 -0.51380283 0.70417888 0.10016474 0.003118 1789539403.217048645 63.412 1.865 0.354 0.00000 -1 ACTUAL_TF
58.7773 0.1635260 -1.6722223 0.6825140 0.47968713 -0.51380417 0.70418048 0.10017679 0.003205 1789539403.273148775 63.471 1.806 0.536 0.00000 -1 ACTUAL_TF
58.8366 0.1634804 -1.6720597 0.6823721 0.47967819 -0.51381832 0.70417584 0.10017958 0.003428 1789539403.329012394 63.545 1.732 0.744 0.00000 -1 ACTUAL_TF
58.8950 0.1634632 -1.6719086 0.6822418 0.47968474 -0.51382081 0.70416911 0.10018283 0.003472 1789539403.384996653 63.631 1.646 0.924 0.00000 -1 ACTUAL_TF
58.9428 0.1634527 -1.6717463 0.6821225 0.47968080 -0.51380845 0.70417918 0.10019419 0.003509 1789539403.441082239 63.731 1.546 1.099 0.00000 -1 ACTUAL_TF
58.9980 0.1634561 -1.6716088 0.6820266 0.47967844 -0.51380332 0.70418440 0.10019512 0.003355 1789539403.497062683 63.824 1.453 1.239 0.00000 -1 ACTUAL_TF
59.0581 0.1634576 -1.6714452 0.6819023 0.47968791 -0.51379352 0.70418338 0.10020729 0.003450 1789539403.553061247 63.933 1.344 1.413 0.00000 -1 ACTUAL_TF
59.1208 0.1634615 -1.6713176 0.6818114 0.47968456 -0.51379735 0.70418318 0.10020506 0.003256 1789539403.608973742 64.020 1.257 1.543 0.00000 -1 ACTUAL_TF
59.1696 0.1634828 -1.6711879 0.6817310 0.47968025 -0.51378727 0.70419299 0.10020847 0.003103 1789539403.665047169 64.122 1.155 1.659 0.00000 -1 ACTUAL_TF
59.2361 0.1635035 -1.6711006 0.6816719 0.47969437 -0.51378226 0.70418573 0.10021755 0.002748 1789539403.721057177 64.195 1.082 1.737 0.00000 -1 ACTUAL_TF
59.2841 0.1635323 -1.6710169 0.6816331 0.47969485 -0.51377928 0.70418694 0.10022205 0.002441 1789539403.777042150 64.272 1.005 1.795 0.00000 -1 ACTUAL_TF
59.3412 0.1635738 -1.6709540 0.6816164 0.47968783 -0.51377300 0.70419637 0.10022160 0.002122 1789539403.832993746 64.344 0.933 1.821 0.00000 -1 ACTUAL_TF
59.3938 0.1636115 -1.6709056 0.6816020 0.47968806 -0.51377363 0.70419606 0.10021944 0.001823 1789539403.888995886 64.405 0.872 1.839 0.00000 -1 ACTUAL_TF
59.4511 0.1636444 -1.6708618 0.6815935 0.47968894 -0.51377755 0.70419212 0.10022276 0.001573 1789539403.945067883 64.458 0.819 1.853 0.00000 -1 ACTUAL_TF
59.5058 0.1636880 -1.6708268 0.6815887 0.47969144 -0.51377857 0.70418989 0.10022129 0.001402 1789539404.001029015 64.514 0.763 1.855 0.00000 -1 ACTUAL_TF
59.5598 0.1637303 -1.6707842 0.6815761 0.47969517 -0.51378751 0.70418111 0.10021925 0.001310 1789539404.057073116 64.574 0.703 1.867 0.00000 -1 ACTUAL_TF
59.6168 0.1637755 -1.6707492 0.6815692 0.47970094 -0.51379112 0.70417519 0.10021476 0.001225 1789539404.113078594 64.631 0.646 1.869 0.00000 -1 ACTUAL_TF
59.6776 0.1638263 -1.6707143 0.6815586 0.47970692 -0.51379838 0.70416606 0.10021299 0.001193 1789539404.169047832 64.692 0.585 1.871 0.00000 -1 ACTUAL_TF
59.7347 0.1638686 -1.6706803 0.6815483 0.47971178 -0.51380663 0.70415722 0.10020956 0.001130 1789539404.225208282 64.746 0.531 1.877 0.00000 -1 ACTUAL_TF
59.7820 0.1639291 -1.6706418 0.6815378 0.47971887 -0.51381287 0.70414868 0.10020367 0.001180 1789539404.281069994 64.817 0.460 1.876 0.00000 -1 ACTUAL_TF
59.8379 0.1639823 -1.6706024 0.6815259 0.47972443 -0.51382233 0.70413850 0.10020009 0.001187 1789539404.337040186 64.883 0.394 1.881 0.00000 -1 ACTUAL_TF
59.8928 0.1640317 -1.6705822 0.6815242 0.47972754 -0.51382543 0.70413425 0.10019916 0.001117 1789539404.393064976 64.933 0.344 1.870 0.00000 -1 ACTUAL_TF
59.9503 0.1640980 -1.6705662 0.6815412 0.47973306 -0.51382673 0.70412959 0.10019886 0.001158 1789539404.449028015 64.993 0.284 1.836 0.00000 -1 ACTUAL_TF
60.0076 0.1641699 -1.6705844 0.6816032 0.47973671 -0.51381440 0.70413561 0.10020222 0.001329 1789539404.505037069 65.036 0.241 1.749 0.00000 -1 ACTUAL_TF
60.0640 0.1642464 -1.6706363 0.6816921 0.47974368 -0.51380242 0.70413788 0.10021437 0.001616 1789539404.561115026 65.059 0.218 1.623 0.00000 -1 ACTUAL_TF
60.1194 0.1643083 -1.6706902 0.6817812 0.47975118 -0.51379343 0.70413747 0.10022739 0.001781 1789539404.617041588 65.070 0.207 1.502 0.00000 -1 ACTUAL_TF
60.1852 0.1643899 -1.6707434 0.6818722 0.47976480 -0.51378660 0.70413148 0.10023937 0.001961 1789539404.673048496 65.096 0.181 1.372 0.00000 -1 ACTUAL_TF
60.2337 0.1644679 -1.6708020 0.6819706 0.47977076 -0.51377210 0.70413608 0.10025283 0.002115 1789539404.729059458 65.116 0.161 1.235 0.00000 -1 ACTUAL_TF
60.2930 0.1645238 -1.6708541 0.6820589 0.47977269 -0.51376259 0.70413949 0.10026831 0.002107 1789539404.784997225 65.124 0.153 1.118 0.00000 -1 ACTUAL_TF
60.3404 0.1646031 -1.6709009 0.6821360 0.47978511 -0.51375840 0.70413312 0.10027512 0.002117 1789539404.841098070 65.152 0.125 1.002 0.00000 -1 ACTUAL_TF
60.3980 0.1646660 -1.6709471 0.6822125 0.47979364 -0.51375184 0.70413084 0.10028393 0.002067 1789539404.897074699 65.169 0.108 0.894 0.00000 -1 ACTUAL_TF
60.4609 0.1647420 -1.6709967 0.6823049 0.47980039 -0.51374374 0.70413084 0.10029315 0.002141 1789539404.953075171 65.193 0.084 0.767 0.00000 -1 ACTUAL_TF
60.5177 0.1648055 -1.6710312 0.6823691 0.47981043 -0.51374281 0.70412392 0.10029848 0.002017 1789539405.009064674 65.218 0.059 0.674 0.00000 -1 ACTUAL_TF
60.5740 0.1648832 -1.6710810 0.6824659 0.47981004 -0.51373010 0.70413221 0.10030722 0.002128 1789539405.065081596 65.244 0.033 0.543 0.00000 -1 ACTUAL_TF
60.6206 0.1649596 -1.6711261 0.6825631 0.47980921 -0.51371771 0.70414106 0.10031254 0.002194 1789539405.121105909 65.272 0.005 0.414 0.00000 -1 ACTUAL_TF
60.6880 0.1649977 -1.6711427 0.6825940 0.47981316 -0.51372497 0.70413288 0.10031387 0.001813 1789539405.177134991 65.289 -0.012 0.366 0.00000 -1 ACTUAL_TF
